chart,channel,step,normalized_step,group_id,expert_id,mean_routing_mass
steady,u,1,0.017857142857142856,0,0,0.017203714698553085
steady,u,1,0.017857142857142856,0,1,0.11134100146591663
steady,u,1,0.017857142857142856,0,2,0.008737574021021524
steady,u,1,0.017857142857142856,0,3,0.08335170956949393
steady,u,1,0.017857142857142856,0,4,0.0
steady,u,1,0.017857142857142856,0,5,0.009095731501777967
steady,u,1,0.017857142857142856,1,0,0.05686390896638235
steady,u,1,0.017857142857142856,1,1,0.0
steady,u,1,0.017857142857142856,1,2,0.0
steady,u,1,0.017857142857142856,1,3,0.0
steady,u,1,0.017857142857142856,1,4,0.05800095510979494
steady,u,1,0.017857142857142856,1,5,0.0
steady,u,1,0.017857142857142856,2,0,0.0
steady,u,1,0.017857142857142856,2,1,0.019639541084567707
steady,u,1,0.017857142857142856,2,2,0.028393733004728954
steady,u,1,0.017857142857142856,2,3,0.0
steady,u,1,0.017857142857142856,2,4,0.028856323411067326
steady,u,1,0.017857142857142856,2,5,0.03797526409228643
steady,u,2,0.03571428571428571,0,0,0.0
steady,u,2,0.03571428571428571,0,1,0.0
steady,u,2,0.03571428571428571,0,2,0.0
steady,u,2,0.03571428571428571,0,3,0.08118939523895581
steady,u,2,0.03571428571428571,0,4,0.12466853422423203
steady,u,2,0.03571428571428571,0,5,0.02387179620563984
steady,u,2,0.03571428571428571,1,0,0.0
steady,u,2,0.03571428571428571,1,1,0.007658538098136584
steady,u,2,0.03571428571428571,1,2,0.0
steady,u,2,0.03571428571428571,1,3,0.045437525336941086
steady,u,2,0.03571428571428571,1,4,0.0809129426876704
steady,u,2,0.03571428571428571,1,5,0.0
steady,u,2,0.03571428571428571,2,0,0.018130581825971603
steady,u,2,0.03571428571428571,2,1,0.027606579785545666
steady,u,2,0.03571428571428571,2,2,0.0
steady,u,2,0.03571428571428571,2,3,0.0
steady,u,2,0.03571428571428571,2,4,0.049983556692798935
steady,u,2,0.03571428571428571,2,5,0.0
steady,u,3,0.05357142857142857,0,0,0.0
steady,u,3,0.05357142857142857,0,1,0.0
steady,u,3,0.05357142857142857,0,2,0.0
steady,u,3,0.05357142857142857,0,3,0.11428091923395793
steady,u,3,0.05357142857142857,0,4,0.09667852396766345
steady,u,3,0.05357142857142857,0,5,0.018770281846324604
steady,u,3,0.05357142857142857,1,0,0.007533250376582146
steady,u,3,0.05357142857142857,1,1,0.037943324695030846
steady,u,3,0.05357142857142857,1,2,0.0
steady,u,3,0.05357142857142857,1,3,0.01821980873743693
steady,u,3,0.05357142857142857,1,4,0.08945676560203235
steady,u,3,0.05357142857142857,1,5,0.0
steady,u,3,0.05357142857142857,2,0,0.0
steady,u,3,0.05357142857142857,2,1,0.04372844472527504
steady,u,3,0.05357142857142857,2,2,0.0
steady,u,3,0.05357142857142857,2,3,0.008671519036094347
steady,u,3,0.05357142857142857,2,4,0.024176609391967457
steady,u,3,0.05357142857142857,2,5,0.0
steady,u,4,0.07142857142857142,0,0,0.0
steady,u,4,0.07142857142857142,0,1,0.12215846093992393
steady,u,4,0.07142857142857142,0,2,0.0
steady,u,4,0.07142857142857142,0,3,0.0
steady,u,4,0.07142857142857142,0,4,0.10757126659154892
steady,u,4,0.07142857142857142,0,5,0.0
steady,u,4,0.07142857142857142,1,0,0.0
steady,u,4,0.07142857142857142,1,1,0.0
steady,u,4,0.07142857142857142,1,2,0.0
steady,u,4,0.07142857142857142,1,3,0.04420888361831506
steady,u,4,0.07142857142857142,1,4,0.027365726108352344
steady,u,4,0.07142857142857142,1,5,0.062434399500489235
steady,u,4,0.07142857142857142,2,0,0.01969481197496255
steady,u,4,0.07142857142857142,2,1,0.029815758888920147
steady,u,4,0.07142857142857142,2,2,0.0
steady,u,4,0.07142857142857142,2,3,0.0
steady,u,4,0.07142857142857142,2,4,0.0
steady,u,4,0.07142857142857142,2,5,0.046210149923960366
steady,u,5,0.08928571428571429,0,0,0.0
steady,u,5,0.08928571428571429,0,1,0.06423589463035266
steady,u,5,0.08928571428571429,0,2,0.0
steady,u,5,0.08928571428571429,0,3,0.05062896944582462
steady,u,5,0.08928571428571429,0,4,0.0
steady,u,5,0.08928571428571429,0,5,0.0
steady,u,5,0.08928571428571429,1,0,0.018719250957171123
steady,u,5,0.08928571428571429,1,1,0.0
steady,u,5,0.08928571428571429,1,2,0.0
steady,u,5,0.08928571428571429,1,3,0.03599430434405804
steady,u,5,0.08928571428571429,1,4,0.11363708103696506
steady,u,5,0.08928571428571429,1,5,0.0613790899515152
steady,u,5,0.08928571428571429,2,0,0.0
steady,u,5,0.08928571428571429,2,1,0.059002405032515526
steady,u,5,0.08928571428571429,2,2,0.0
steady,u,5,0.08928571428571429,2,3,0.05586245842278004
steady,u,5,0.08928571428571429,2,4,0.0
steady,u,5,0.08928571428571429,2,5,0.0
steady,u,6,0.10714285714285714,0,0,0.0
steady,u,6,0.10714285714285714,0,1,0.0
steady,u,6,0.10714285714285714,0,2,0.0
steady,u,6,0.10714285714285714,0,3,0.0
steady,u,6,0.10714285714285714,0,4,0.0
steady,u,6,0.10714285714285714,0,5,0.0
steady,u,6,0.10714285714285714,1,0,0.02896353540321191
steady,u,6,0.10714285714285714,1,1,0.0
steady,u,6,0.10714285714285714,1,2,0.0
steady,u,6,0.10714285714285714,1,3,0.09086470181743304
steady,u,6,0.10714285714285714,1,4,0.1099014872064193
steady,u,6,0.10714285714285714,1,5,0.0
steady,u,6,0.10714285714285714,2,0,0.0
steady,u,6,0.10714285714285714,2,1,0.11728946181635062
steady,u,6,0.10714285714285714,2,2,0.0
steady,u,6,0.10714285714285714,2,3,0.0
steady,u,6,0.10714285714285714,2,4,0.11244026261071365
steady,u,6,0.10714285714285714,2,5,0.0
steady,u,7,0.125,0,0,0.0
steady,u,7,0.125,0,1,0.0
steady,u,7,0.125,0,2,0.0
steady,u,7,0.125,0,3,0.0
steady,u,7,0.125,0,4,0.0
steady,u,7,0.125,0,5,0.0
steady,u,7,0.125,1,0,0.009768346945444742
steady,u,7,0.125,1,1,0.0
steady,u,7,0.125,1,2,0.0
steady,u,7,0.125,1,3,0.0993130827943484
steady,u,7,0.125,1,4,0.12064829654991627
steady,u,7,0.125,1,5,0.0
steady,u,7,0.125,2,0,0.0
steady,u,7,0.125,2,1,0.11771386054654916
steady,u,7,0.125,2,2,0.0
steady,u,7,0.125,2,3,0.0
steady,u,7,0.125,2,4,0.11201586822668712
steady,u,7,0.125,2,5,0.0
steady,u,8,0.14285714285714285,0,0,0.0
steady,u,8,0.14285714285714285,0,1,0.0
steady,u,8,0.14285714285714285,0,2,0.0
steady,u,8,0.14285714285714285,0,3,0.0
steady,u,8,0.14285714285714285,0,4,0.0
steady,u,8,0.14285714285714285,0,5,0.0
steady,u,8,0.14285714285714285,1,0,0.0
steady,u,8,0.14285714285714285,1,1,0.0
steady,u,8,0.14285714285714285,1,2,0.0
steady,u,8,0.14285714285714285,1,3,0.11392474298675855
steady,u,8,0.14285714285714285,1,4,0.11580498206118743
steady,u,8,0.14285714285714285,1,5,0.0
steady,u,8,0.14285714285714285,2,0,0.0
steady,u,8,0.14285714285714285,2,1,0.1184427198022604
steady,u,8,0.14285714285714285,2,2,0.0
steady,u,8,0.14285714285714285,2,3,0.0
steady,u,8,0.14285714285714285,2,4,0.11128701145450275
steady,u,8,0.14285714285714285,2,5,0.0
steady,u,9,0.16071428571428573,0,0,0.0
steady,u,9,0.16071428571428573,0,1,0.0
steady,u,9,0.16071428571428573,0,2,0.0
steady,u,9,0.16071428571428573,0,3,0.0
steady,u,9,0.16071428571428573,0,4,0.0
steady,u,9,0.16071428571428573,0,5,0.0
steady,u,9,0.16071428571428573,1,0,0.0
steady,u,9,0.16071428571428573,1,1,0.0
steady,u,9,0.16071428571428573,1,2,0.0
steady,u,9,0.16071428571428573,1,3,0.10939389591415723
steady,u,9,0.16071428571428573,1,4,0.1203358353426059
steady,u,9,0.16071428571428573,1,5,0.0
steady,u,9,0.16071428571428573,2,0,0.0
steady,u,9,0.16071428571428573,2,1,0.11747627332806587
steady,u,9,0.16071428571428573,2,2,0.0
steady,u,9,0.16071428571428573,2,3,0.009109720587730408
steady,u,9,0.16071428571428573,2,4,0.10314373485744
steady,u,9,0.16071428571428573,2,5,0.0
steady,u,10,0.17857142857142858,0,0,0.0
steady,u,10,0.17857142857142858,0,1,0.0
steady,u,10,0.17857142857142858,0,2,0.0
steady,u,10,0.17857142857142858,0,3,0.0
steady,u,10,0.17857142857142858,0,4,0.0
steady,u,10,0.17857142857142858,0,5,0.0
steady,u,10,0.17857142857142858,1,0,0.0
steady,u,10,0.17857142857142858,1,1,0.0
steady,u,10,0.17857142857142858,1,2,0.0
steady,u,10,0.17857142857142858,1,3,0.10869481104115646
steady,u,10,0.17857142857142858,1,4,0.12103491835296154
steady,u,10,0.17857142857142858,1,5,0.0
steady,u,10,0.17857142857142858,2,0,0.08607153035700321
steady,u,10,0.17857142857142858,2,1,0.08683917112648487
steady,u,10,0.17857142857142858,2,2,0.0
steady,u,10,0.17857142857142858,2,3,0.028328318148851395
steady,u,10,0.17857142857142858,2,4,0.028490709140896797
steady,u,10,0.17857142857142858,2,5,0.0
steady,u,11,0.19642857142857142,0,0,0.0
steady,u,11,0.19642857142857142,0,1,0.020208675414323807
steady,u,11,0.19642857142857142,0,2,0.0
steady,u,11,0.19642857142857142,0,3,0.018079612404108047
steady,u,11,0.19642857142857142,0,4,0.0
steady,u,11,0.19642857142857142,0,5,0.0
steady,u,11,0.19642857142857142,1,0,0.0
steady,u,11,0.19642857142857142,1,1,0.0
steady,u,11,0.19642857142857142,1,2,0.0
steady,u,11,0.19642857142857142,1,3,0.10538976329068343
steady,u,11,0.19642857142857142,1,4,0.12433996113638084
steady,u,11,0.19642857142857142,1,5,0.0
steady,u,11,0.19642857142857142,2,0,0.09666592441499233
steady,u,11,0.19642857142857142,2,1,0.0
steady,u,11,0.19642857142857142,2,2,0.0
steady,u,11,0.19642857142857142,2,3,0.056664807721972466
steady,u,11,0.19642857142857142,2,4,0.0
steady,u,11,0.19642857142857142,2,5,0.03811070260902246
steady,u,12,0.21428571428571427,0,0,0.0
steady,u,12,0.21428571428571427,0,1,0.10160807271798451
steady,u,12,0.21428571428571427,0,2,0.0
steady,u,12,0.21428571428571427,0,3,0.08983336947858334
steady,u,12,0.21428571428571427,0,4,0.0
steady,u,12,0.21428571428571427,0,5,0.0
steady,u,12,0.21428571428571427,1,0,0.0
steady,u,12,0.21428571428571427,1,1,0.0
steady,u,12,0.21428571428571427,1,2,0.0
steady,u,12,0.21428571428571427,1,3,0.10612194053828716
steady,u,12,0.21428571428571427,1,4,0.12360778761406739
steady,u,12,0.21428571428571427,1,5,0.0
steady,u,12,0.21428571428571427,2,0,0.019433900713920593
steady,u,12,0.21428571428571427,2,1,0.0
steady,u,12,0.21428571428571427,2,2,0.0
steady,u,12,0.21428571428571427,2,3,0.0
steady,u,12,0.21428571428571427,2,4,0.0
steady,u,12,0.21428571428571427,2,5,0.01885438772539298
steady,u,13,0.23214285714285715,0,0,0.0
steady,u,13,0.23214285714285715,0,1,0.1220899410545826
steady,u,13,0.23214285714285715,0,2,0.0
steady,u,13,0.23214285714285715,0,3,0.10763978275159995
steady,u,13,0.23214285714285715,0,4,0.0
steady,u,13,0.23214285714285715,0,5,0.0
steady,u,13,0.23214285714285715,1,0,0.0
steady,u,13,0.23214285714285715,1,1,0.0
steady,u,13,0.23214285714285715,1,2,0.0
steady,u,13,0.23214285714285715,1,3,0.10340993044277032
steady,u,13,0.23214285714285715,1,4,0.12631979833046594
steady,u,13,0.23214285714285715,1,5,0.0
steady,u,13,0.23214285714285715,2,0,0.0
steady,u,13,0.23214285714285715,2,1,0.0
steady,u,13,0.23214285714285715,2,2,0.0
steady,u,13,0.23214285714285715,2,3,0.0
steady,u,13,0.23214285714285715,2,4,0.0
steady,u,13,0.23214285714285715,2,5,0.0
steady,u,14,0.25,0,0,0.0
steady,u,14,0.25,0,1,0.12337410201629002
steady,u,14,0.25,0,2,0.0
steady,u,14,0.25,0,3,0.10635562241077423
steady,u,14,0.25,0,4,0.0
steady,u,14,0.25,0,5,0.0
steady,u,14,0.25,1,0,0.0
steady,u,14,0.25,1,1,0.0
steady,u,14,0.25,1,2,0.0
steady,u,14,0.25,1,3,0.10213588116069634
steady,u,14,0.25,1,4,0.12759384761253992
steady,u,14,0.25,1,5,0.0
steady,u,14,0.25,2,0,0.0
steady,u,14,0.25,2,1,0.0
steady,u,14,0.25,2,2,0.0
steady,u,14,0.25,2,3,0.0
steady,u,14,0.25,2,4,0.0
steady,u,14,0.25,2,5,0.0
steady,u,15,0.26785714285714285,0,0,0.0
steady,u,15,0.26785714285714285,0,1,0.12468843720853329
steady,u,15,0.26785714285714285,0,2,0.0
steady,u,15,0.26785714285714285,0,3,0.10504129094382127
steady,u,15,0.26785714285714285,0,4,0.0
steady,u,15,0.26785714285714285,0,5,0.0
steady,u,15,0.26785714285714285,1,0,0.0
steady,u,15,0.26785714285714285,1,1,0.0
steady,u,15,0.26785714285714285,1,2,0.0
steady,u,15,0.26785714285714285,1,3,0.09169676092763741
steady,u,15,0.26785714285714285,1,4,0.13034075126051903
steady,u,15,0.26785714285714285,1,5,0.007692215343316396
steady,u,15,0.26785714285714285,2,0,0.0
steady,u,15,0.26785714285714285,2,1,0.0
steady,u,15,0.26785714285714285,2,2,0.0
steady,u,15,0.26785714285714285,2,3,0.0
steady,u,15,0.26785714285714285,2,4,0.0
steady,u,15,0.26785714285714285,2,5,0.0
steady,u,16,0.2857142857142857,0,0,0.0
steady,u,16,0.2857142857142857,0,1,0.12255747057497501
steady,u,16,0.2857142857142857,0,2,0.0
steady,u,16,0.2857142857142857,0,3,0.10717225757737954
steady,u,16,0.2857142857142857,0,4,0.0
steady,u,16,0.2857142857142857,0,5,0.0
steady,u,16,0.2857142857142857,1,0,0.0
steady,u,16,0.2857142857142857,1,1,0.0
steady,u,16,0.2857142857142857,1,2,0.0
steady,u,16,0.2857142857142857,1,3,0.09890064783394337
steady,u,16,0.2857142857142857,1,4,0.13082907969752947
steady,u,16,0.2857142857142857,1,5,0.0
steady,u,16,0.2857142857142857,2,0,0.0
steady,u,16,0.2857142857142857,2,1,0.0
steady,u,16,0.2857142857142857,2,2,0.0
steady,u,16,0.2857142857142857,2,3,0.0
steady,u,16,0.2857142857142857,2,4,0.0
steady,u,16,0.2857142857142857,2,5,0.0
steady,u,17,0.30357142857142855,0,0,0.0
steady,u,17,0.30357142857142855,0,1,0.019050670166810352
steady,u,17,0.30357142857142855,0,2,0.0
steady,u,17,0.30357142857142855,0,3,0.019237617651621502
steady,u,17,0.30357142857142855,0,4,0.0
steady,u,17,0.30357142857142855,0,5,0.0
steady,u,17,0.30357142857142855,1,0,0.0
steady,u,17,0.30357142857142855,1,1,0.0
steady,u,17,0.30357142857142855,1,2,0.0
steady,u,17,0.30357142857142855,1,3,0.09860817653437455
steady,u,17,0.30357142857142855,1,4,0.1311215435465177
steady,u,17,0.30357142857142855,1,5,0.0
steady,u,17,0.30357142857142855,2,0,0.0
steady,u,17,0.30357142857142855,2,1,0.09574876166880131
steady,u,17,0.30357142857142855,2,2,0.0
steady,u,17,0.30357142857142855,2,3,0.09569267680247624
steady,u,17,0.30357142857142855,2,4,0.0
steady,u,17,0.30357142857142855,2,5,0.0
steady,u,18,0.32142857142857145,0,0,0.0
steady,u,18,0.32142857142857145,0,1,0.0
steady,u,18,0.32142857142857145,0,2,0.0
steady,u,18,0.32142857142857145,0,3,0.0
steady,u,18,0.32142857142857145,0,4,0.0
steady,u,18,0.32142857142857145,0,5,0.0
steady,u,18,0.32142857142857145,1,0,0.10021202266216278
steady,u,18,0.32142857142857145,1,1,0.0
steady,u,18,0.32142857142857145,1,2,0.0
steady,u,18,0.32142857142857145,1,3,0.11576374433934689
steady,u,18,0.32142857142857145,1,4,0.13183610265453657
steady,u,18,0.32142857142857145,1,5,0.07335929448405902
steady,u,18,0.32142857142857145,2,0,0.019232947379350662
steady,u,18,0.32142857142857145,2,1,0.0
steady,u,18,0.32142857142857145,2,2,0.0
steady,u,18,0.32142857142857145,2,3,0.0
steady,u,18,0.32142857142857145,2,4,0.0
steady,u,18,0.32142857142857145,2,5,0.019055341680844624
steady,u,19,0.3392857142857143,0,0,0.0
steady,u,19,0.3392857142857143,0,1,0.0
steady,u,19,0.3392857142857143,0,2,0.0
steady,u,19,0.3392857142857143,0,3,0.0
steady,u,19,0.3392857142857143,0,4,0.0
steady,u,19,0.3392857142857143,0,5,0.0
steady,u,19,0.3392857142857143,1,0,0.11948650268216927
steady,u,19,0.3392857142857143,1,1,0.0
steady,u,19,0.3392857142857143,1,2,0.0
steady,u,19,0.3392857142857143,1,3,0.09911975326637427
steady,u,19,0.3392857142857143,1,4,0.16937610569099584
steady,u,19,0.3392857142857143,1,5,0.07147708597282569
steady,u,19,0.3392857142857143,2,0,0.0
steady,u,19,0.3392857142857143,2,1,0.0
steady,u,19,0.3392857142857143,2,2,0.0
steady,u,19,0.3392857142857143,2,3,0.0
steady,u,19,0.3392857142857143,2,4,0.0
steady,u,19,0.3392857142857143,2,5,0.0
steady,u,20,0.35714285714285715,0,0,0.0
steady,u,20,0.35714285714285715,0,1,0.1133258305490017
steady,u,20,0.35714285714285715,0,2,0.0
steady,u,20,0.35714285714285715,0,3,0.07795670131842296
steady,u,20,0.35714285714285715,0,4,0.0
steady,u,20,0.35714285714285715,0,5,0.01930304989218712
steady,u,20,0.35714285714285715,1,0,0.0
steady,u,20,0.35714285714285715,1,1,0.009850087886055311
steady,u,20,0.35714285714285715,1,2,0.01745684693257014
steady,u,20,0.35714285714285715,1,3,0.08142833163340886
steady,u,20,0.35714285714285715,1,4,0.14013859940071902
steady,u,20,0.35714285714285715,1,5,0.0
steady,u,20,0.35714285714285715,2,0,0.0
steady,u,20,0.35714285714285715,2,1,0.0
steady,u,20,0.35714285714285715,2,2,0.0
steady,u,20,0.35714285714285715,2,3,0.0
steady,u,20,0.35714285714285715,2,4,0.0
steady,u,20,0.35714285714285715,2,5,0.0
steady,u,21,0.375,0,0,0.0
steady,u,21,0.375,0,1,0.06458926759660244
steady,u,21,0.375,0,2,0.0
steady,u,21,0.375,0,3,0.07921144490440686
steady,u,21,0.375,0,4,0.0
steady,u,21,0.375,0,5,0.009352440014481544
steady,u,21,0.375,1,0,0.019509678706526756
steady,u,21,0.375,1,1,0.020594920963048935
steady,u,21,0.375,1,2,0.01748929979900519
steady,u,21,0.375,1,3,0.06734213170905907
steady,u,21,0.375,1,4,0.16397839784622192
steady,u,21,0.375,1,5,0.017391874144474666
steady,u,21,0.375,2,0,0.0
steady,u,21,0.375,2,1,0.0
steady,u,21,0.375,2,2,0.0
steady,u,21,0.375,2,3,0.0
steady,u,21,0.375,2,4,0.0
steady,u,21,0.375,2,5,0.0
steady,u,22,0.39285714285714285,0,0,0.0
steady,u,22,0.39285714285714285,0,1,0.0
steady,u,22,0.39285714285714285,0,2,0.0
steady,u,22,0.39285714285714285,0,3,0.0
steady,u,22,0.39285714285714285,0,4,0.0
steady,u,22,0.39285714285714285,0,5,0.0
steady,u,22,0.39285714285714285,1,0,0.0
steady,u,22,0.39285714285714285,1,1,0.09204086288809776
steady,u,22,0.39285714285714285,1,2,0.018390894557038944
steady,u,22,0.39285714285714285,1,3,0.1814829638848702
steady,u,22,0.39285714285714285,1,4,0.16754473249117532
steady,u,22,0.39285714285714285,1,5,0.0
steady,u,22,0.39285714285714285,2,0,0.0
steady,u,22,0.39285714285714285,2,1,0.0
steady,u,22,0.39285714285714285,2,2,0.0
steady,u,22,0.39285714285714285,2,3,0.0
steady,u,22,0.39285714285714285,2,4,0.0
steady,u,22,0.39285714285714285,2,5,0.0
steady,u,23,0.4107142857142857,0,0,0.0
steady,u,23,0.4107142857142857,0,1,0.0
steady,u,23,0.4107142857142857,0,2,0.0
steady,u,23,0.4107142857142857,0,3,0.0
steady,u,23,0.4107142857142857,0,4,0.0
steady,u,23,0.4107142857142857,0,5,0.0
steady,u,23,0.4107142857142857,1,0,0.009461071963111559
steady,u,23,0.4107142857142857,1,1,0.09673483669757843
steady,u,23,0.4107142857142857,1,2,0.0
steady,u,23,0.4107142857142857,1,3,0.12735736245910326
steady,u,23,0.4107142857142857,1,4,0.22590618270138899
steady,u,23,0.4107142857142857,1,5,0.0
steady,u,23,0.4107142857142857,2,0,0.0
steady,u,23,0.4107142857142857,2,1,0.0
steady,u,23,0.4107142857142857,2,2,0.0
steady,u,23,0.4107142857142857,2,3,0.0
steady,u,23,0.4107142857142857,2,4,0.0
steady,u,23,0.4107142857142857,2,5,0.0
steady,u,24,0.42857142857142855,0,0,0.0
steady,u,24,0.42857142857142855,0,1,0.009086407721042633
steady,u,24,0.42857142857142855,0,2,0.0
steady,u,24,0.42857142857142855,0,3,0.04119817167520523
steady,u,24,0.42857142857142855,0,4,0.0
steady,u,24,0.42857142857142855,0,5,0.026291996240615845
steady,u,24,0.42857142857142855,1,0,0.07645195722579956
steady,u,24,0.42857142857142855,1,1,0.07660242977241676
steady,u,24,0.42857142857142855,1,2,0.026528445382912953
steady,u,24,0.42857142857142855,1,3,0.06801780872046947
steady,u,24,0.42857142857142855,1,4,0.13528223584095636
steady,u,24,0.42857142857142855,1,5,0.0
steady,u,24,0.42857142857142855,2,0,0.0
steady,u,24,0.42857142857142855,2,1,0.0
steady,u,24,0.42857142857142855,2,2,0.0
steady,u,24,0.42857142857142855,2,3,0.0
steady,u,24,0.42857142857142855,2,4,0.0
steady,u,24,0.42857142857142855,2,5,0.0
steady,u,25,0.44642857142857145,0,0,0.0
steady,u,25,0.44642857142857145,0,1,0.0
steady,u,25,0.44642857142857145,0,2,0.0
steady,u,25,0.44642857142857145,0,3,0.010688692331314087
steady,u,25,0.44642857142857145,0,4,0.0
steady,u,25,0.44642857142857145,0,5,0.00845545157790184
steady,u,25,0.44642857142857145,1,0,0.00932441217203935
steady,u,25,0.44642857142857145,1,1,0.11022601773341496
steady,u,25,0.44642857142857145,1,2,0.0
steady,u,25,0.44642857142857145,1,3,0.11629515141248703
steady,u,25,0.44642857142857145,1,4,0.20446972673137984
steady,u,25,0.44642857142857145,1,5,0.0
steady,u,25,0.44642857142857145,2,0,0.0
steady,u,25,0.44642857142857145,2,1,0.0
steady,u,25,0.44642857142857145,2,2,0.0
steady,u,25,0.44642857142857145,2,3,0.0
steady,u,25,0.44642857142857145,2,4,0.0
steady,u,25,0.44642857142857145,2,5,0.0
steady,u,26,0.4642857142857143,0,0,0.0
steady,u,26,0.4642857142857143,0,1,0.0353523138910532
steady,u,26,0.4642857142857143,0,2,0.0
steady,u,26,0.4642857142857143,0,3,0.041224262987573944
steady,u,26,0.4642857142857143,0,4,0.0
steady,u,26,0.4642857142857143,0,5,0.0
steady,u,26,0.4642857142857143,1,0,0.05164379874865214
steady,u,26,0.4642857142857143,1,1,0.08338930706183116
steady,u,26,0.4642857142857143,1,2,0.0
steady,u,26,0.4642857142857143,1,3,0.09997366058329742
steady,u,26,0.4642857142857143,1,4,0.14787611303230128
steady,u,26,0.4642857142857143,1,5,0.0
steady,u,26,0.4642857142857143,2,0,0.0
steady,u,26,0.4642857142857143,2,1,0.0
steady,u,26,0.4642857142857143,2,2,0.0
steady,u,26,0.4642857142857143,2,3,0.0
steady,u,26,0.4642857142857143,2,4,0.0
steady,u,26,0.4642857142857143,2,5,0.0
steady,u,27,0.48214285714285715,0,0,0.0
steady,u,27,0.48214285714285715,0,1,0.05905843464036783
steady,u,27,0.48214285714285715,0,2,0.0
steady,u,27,0.48214285714285715,0,3,0.07599105189243953
steady,u,27,0.48214285714285715,0,4,0.0
steady,u,27,0.48214285714285715,0,5,0.018103663499156635
steady,u,27,0.48214285714285715,1,0,0.03820888760189215
steady,u,27,0.48214285714285715,1,1,0.03836768803497156
steady,u,27,0.48214285714285715,1,2,0.0
steady,u,27,0.48214285714285715,1,3,0.09236120867232482
steady,u,27,0.48214285714285715,1,4,0.11822437060376008
steady,u,27,0.48214285714285715,1,5,0.0
steady,u,27,0.48214285714285715,2,0,0.0
steady,u,27,0.48214285714285715,2,1,0.0
steady,u,27,0.48214285714285715,2,2,0.0
steady,u,27,0.48214285714285715,2,3,0.009869204834103584
steady,u,27,0.48214285714285715,2,4,0.0
steady,u,27,0.48214285714285715,2,5,0.009274939075112343
steady,u,28,0.5,0,0,0.0
steady,u,28,0.5,0,1,0.03679343747595946
steady,u,28,0.5,0,2,0.0
steady,u,28,0.5,0,3,0.03978313754002253
steady,u,28,0.5,0,4,0.0
steady,u,28,0.5,0,5,0.0
steady,u,28,0.5,1,0,0.06370638621350129
steady,u,28,0.5,1,1,0.08081084738175075
steady,u,28,0.5,1,2,0.0
steady,u,28,0.5,1,3,0.10056478654344876
steady,u,28,0.5,1,4,0.12875639895598093
steady,u,28,0.5,1,5,0.009044460331400236
steady,u,28,0.5,2,0,0.0
steady,u,28,0.5,2,1,0.0
steady,u,28,0.5,2,2,0.0
steady,u,28,0.5,2,3,0.0
steady,u,28,0.5,2,4,0.0
steady,u,28,0.5,2,5,0.0
steady,u,29,0.5178571428571429,0,0,0.0
steady,u,29,0.5178571428571429,0,1,0.07731242726246516
steady,u,29,0.5178571428571429,0,2,0.0
steady,u,29,0.5178571428571429,0,3,0.07584072649478912
steady,u,29,0.5178571428571429,0,4,0.0
steady,u,29,0.5178571428571429,0,5,0.0
steady,u,29,0.5178571428571429,1,0,0.03740798309445381
steady,u,29,0.5178571428571429,1,1,0.04794793017208576
steady,u,29,0.5178571428571429,1,2,0.0
steady,u,29,0.5178571428571429,1,3,0.0661873525629441
steady,u,29,0.5178571428571429,1,4,0.11808806161085765
steady,u,29,0.5178571428571429,1,5,0.01753083181877931
steady,u,29,0.5178571428571429,2,0,0.0
steady,u,29,0.5178571428571429,2,1,0.009326747308174769
steady,u,29,0.5178571428571429,2,2,0.0
steady,u,29,0.5178571428571429,2,3,0.009817395980159441
steady,u,29,0.5178571428571429,2,4,0.0
steady,u,29,0.5178571428571429,2,5,0.0
steady,u,30,0.5357142857142857,0,0,0.0
steady,u,30,0.5357142857142857,0,1,0.04774367498854796
steady,u,30,0.5357142857142857,0,2,0.0
steady,u,30,0.5357142857142857,0,3,0.03802658679584662
steady,u,30,0.5357142857142857,0,4,0.009950457761685053
steady,u,30,0.5357142857142857,0,5,0.0
steady,u,30,0.5357142857142857,1,0,0.0817750059068203
steady,u,30,0.5357142857142857,1,1,0.08072124669949214
steady,u,30,0.5357142857142857,1,2,0.0
steady,u,30,0.5357142857142857,1,3,0.07102844429512818
steady,u,30,0.5357142857142857,1,4,0.10137167510886987
steady,u,30,0.5357142857142857,1,5,0.028842369715372723
steady,u,30,0.5357142857142857,2,0,0.0
steady,u,30,0.5357142857142857,2,1,0.0
steady,u,30,0.5357142857142857,2,2,0.0
steady,u,30,0.5357142857142857,2,3,0.0
steady,u,30,0.5357142857142857,2,4,0.0
steady,u,30,0.5357142857142857,2,5,0.0
steady,u,31,0.5535714285714286,0,0,0.0
steady,u,31,0.5535714285714286,0,1,0.07925812217096488
steady,u,31,0.5535714285714286,0,2,0.0
steady,u,31,0.5535714285714286,0,3,0.07389502724011739
steady,u,31,0.5535714285714286,0,4,0.0
steady,u,31,0.5535714285714286,0,5,0.0
steady,u,31,0.5535714285714286,1,0,0.03646602543691794
steady,u,31,0.5535714285714286,1,1,0.040110548958182335
steady,u,31,0.5535714285714286,1,2,0.0
steady,u,31,0.5535714285714286,1,3,0.09306258459885915
steady,u,31,0.5535714285714286,1,4,0.11752299902339776
steady,u,31,0.5535714285714286,1,5,0.0
steady,u,31,0.5535714285714286,2,0,0.0
steady,u,31,0.5535714285714286,2,1,0.010182350253065428
steady,u,31,0.5535714285714286,2,2,0.0
steady,u,31,0.5535714285714286,2,3,0.008961793035268784
steady,u,31,0.5535714285714286,2,4,0.0
steady,u,31,0.5535714285714286,2,5,0.0
steady,u,32,0.5714285714285714,0,0,0.0
steady,u,32,0.5714285714285714,0,1,0.03952153647939364
steady,u,32,0.5714285714285714,0,2,0.0
steady,u,32,0.5714285714285714,0,3,0.03705503853658835
steady,u,32,0.5714285714285714,0,4,0.0
steady,u,32,0.5714285714285714,0,5,0.0
steady,u,32,0.5714285714285714,1,0,0.07118771784007549
steady,u,32,0.5714285714285714,1,1,0.09084232710301876
steady,u,32,0.5714285714285714,1,2,0.007271680360039075
steady,u,32,0.5714285714285714,1,3,0.07893331659336884
steady,u,32,0.5714285714285714,1,4,0.1257337393860022
steady,u,32,0.5714285714285714,1,5,0.008914096901814142
steady,u,32,0.5714285714285714,2,0,0.0
steady,u,32,0.5714285714285714,2,1,0.0
steady,u,32,0.5714285714285714,2,2,0.0
steady,u,32,0.5714285714285714,2,3,0.0
steady,u,32,0.5714285714285714,2,4,0.0
steady,u,32,0.5714285714285714,2,5,0.0
steady,u,33,0.5892857142857143,0,0,0.0
steady,u,33,0.5892857142857143,0,1,0.07972946700950463
steady,u,33,0.5892857142857143,0,2,0.0
steady,u,33,0.5892857142857143,0,3,0.0548915925125281
steady,u,33,0.5892857142857143,0,4,0.0
steady,u,33,0.5892857142857143,0,5,0.018532090509931248
steady,u,33,0.5892857142857143,1,0,0.009653278936942419
steady,u,33,0.5892857142857143,1,1,0.04220832015077273
steady,u,33,0.5892857142857143,1,2,0.009254366780320803
steady,u,33,0.5892857142857143,1,3,0.07834436682363351
steady,u,33,0.5892857142857143,1,4,0.1577176017065843
steady,u,33,0.5892857142857143,1,5,0.00912837249537309
steady,u,33,0.5892857142857143,2,0,0.0
steady,u,33,0.5892857142857143,2,1,0.0
steady,u,33,0.5892857142857143,2,2,0.0
steady,u,33,0.5892857142857143,2,3,0.0
steady,u,33,0.5892857142857143,2,4,0.0
steady,u,33,0.5892857142857143,2,5,0.0
steady,u,34,0.6071428571428571,0,0,0.0
steady,u,34,0.6071428571428571,0,1,0.038694887732466064
steady,u,34,0.6071428571428571,0,2,0.0
steady,u,34,0.6071428571428571,0,3,0.009441211819648743
steady,u,34,0.6071428571428571,0,4,0.0
steady,u,34,0.6071428571428571,0,5,0.028440476084748905
steady,u,34,0.6071428571428571,1,0,0.00876145934065183
steady,u,34,0.6071428571428571,1,1,0.0837224330753088
steady,u,34,0.6071428571428571,1,2,0.018364572276671726
steady,u,34,0.6071428571428571,1,3,0.07933130860328674
steady,u,34,0.6071428571428571,1,4,0.1726081439604362
steady,u,34,0.6071428571428571,1,5,0.020094961548844974
steady,u,34,0.6071428571428571,2,0,0.0
steady,u,34,0.6071428571428571,2,1,0.0
steady,u,34,0.6071428571428571,2,2,0.0
steady,u,34,0.6071428571428571,2,3,0.0
steady,u,34,0.6071428571428571,2,4,0.0
steady,u,34,0.6071428571428571,2,5,0.0
steady,u,35,0.625,0,0,0.0
steady,u,35,0.625,0,1,0.01893383078277111
steady,u,35,0.625,0,2,0.0
steady,u,35,0.625,0,3,0.0
steady,u,35,0.625,0,4,0.0
steady,u,35,0.625,0,5,0.01935445765654246
steady,u,35,0.625,1,0,0.0
steady,u,35,0.625,1,1,0.050314297899603844
steady,u,35,0.625,1,2,0.03801714939375719
steady,u,35,0.625,1,3,0.11667514219880104
steady,u,35,0.625,1,4,0.2161645715435346
steady,u,35,0.625,1,5,0.0
steady,u,35,0.625,2,0,0.0
steady,u,35,0.625,2,1,0.0
steady,u,35,0.625,2,2,0.0
steady,u,35,0.625,2,3,0.0
steady,u,35,0.625,2,4,0.0
steady,u,35,0.625,2,5,0.0
steady,u,36,0.6428571428571429,0,0,0.0
steady,u,36,0.6428571428571429,0,1,0.0
steady,u,36,0.6428571428571429,0,2,0.0
steady,u,36,0.6428571428571429,0,3,0.019312397266427677
steady,u,36,0.6428571428571429,0,4,0.0
steady,u,36,0.6428571428571429,0,5,0.018975888689359028
steady,u,36,0.6428571428571429,1,0,0.0
steady,u,36,0.6428571428571429,1,1,0.08169603844483693
steady,u,36,0.6428571428571429,1,2,0.038624112183849015
steady,u,36,0.6428571428571429,1,3,0.09366512360672156
steady,u,36,0.6428571428571429,1,4,0.20718589425086975
steady,u,36,0.6428571428571429,1,5,0.0
steady,u,36,0.6428571428571429,2,0,0.0
steady,u,36,0.6428571428571429,2,1,0.0
steady,u,36,0.6428571428571429,2,2,0.0
steady,u,36,0.6428571428571429,2,3,0.0
steady,u,36,0.6428571428571429,2,4,0.0
steady,u,36,0.6428571428571429,2,5,0.0
steady,u,37,0.6607142857142857,0,0,0.0
steady,u,37,0.6607142857142857,0,1,0.0
steady,u,37,0.6607142857142857,0,2,0.0
steady,u,37,0.6607142857142857,0,3,0.0
steady,u,37,0.6607142857142857,0,4,0.0
steady,u,37,0.6607142857142857,0,5,0.0
steady,u,37,0.6607142857142857,1,0,0.0
steady,u,37,0.6607142857142857,1,1,0.06843243042627971
steady,u,37,0.6607142857142857,1,2,0.05017378367483616
steady,u,37,0.6607142857142857,1,3,0.11231799237430096
steady,u,37,0.6607142857142857,1,4,0.21090329376359782
steady,u,37,0.6607142857142857,1,5,0.017631953582167625
steady,u,37,0.6607142857142857,2,0,0.0
steady,u,37,0.6607142857142857,2,1,0.0
steady,u,37,0.6607142857142857,2,2,0.0
steady,u,37,0.6607142857142857,2,3,0.0
steady,u,37,0.6607142857142857,2,4,0.0
steady,u,37,0.6607142857142857,2,5,0.0
steady,u,38,0.6785714285714286,0,0,0.0
steady,u,38,0.6785714285714286,0,1,0.0
steady,u,38,0.6785714285714286,0,2,0.0
steady,u,38,0.6785714285714286,0,3,0.019751517723004024
steady,u,38,0.6785714285714286,0,4,0.0
steady,u,38,0.6785714285714286,0,5,0.018536771337191265
steady,u,38,0.6785714285714286,1,0,0.0
steady,u,38,0.6785714285714286,1,1,0.08915273596843083
steady,u,38,0.6785714285714286,1,2,0.056298909708857536
steady,u,38,0.6785714285714286,1,3,0.07504945993423462
steady,u,38,0.6785714285714286,1,4,0.18137884326279163
steady,u,38,0.6785714285714286,1,5,0.019291214024027187
steady,u,38,0.6785714285714286,2,0,0.0
steady,u,38,0.6785714285714286,2,1,0.0
steady,u,38,0.6785714285714286,2,2,0.0
steady,u,38,0.6785714285714286,2,3,0.0
steady,u,38,0.6785714285714286,2,4,0.0
steady,u,38,0.6785714285714286,2,5,0.0
steady,u,39,0.6964285714285714,0,0,0.0
steady,u,39,0.6964285714285714,0,1,0.0
steady,u,39,0.6964285714285714,0,2,0.0
steady,u,39,0.6964285714285714,0,3,0.01996623103817304
steady,u,39,0.6964285714285714,0,4,0.0
steady,u,39,0.6964285714285714,0,5,0.01832205740114053
steady,u,39,0.6964285714285714,1,0,0.027364420394102733
steady,u,39,0.6964285714285714,1,1,0.10440061427652836
steady,u,39,0.6964285714285714,1,2,0.038176083316405617
steady,u,39,0.6964285714285714,1,3,0.05479061417281628
steady,u,39,0.6964285714285714,1,4,0.18689072877168655
steady,u,39,0.6964285714285714,1,5,0.009548701966802279
steady,u,39,0.6964285714285714,2,0,0.0
steady,u,39,0.6964285714285714,2,1,0.0
steady,u,39,0.6964285714285714,2,2,0.0
steady,u,39,0.6964285714285714,2,3,0.0
steady,u,39,0.6964285714285714,2,4,0.0
steady,u,39,0.6964285714285714,2,5,0.0
steady,u,40,0.7142857142857143,0,0,0.0
steady,u,40,0.7142857142857143,0,1,0.0
steady,u,40,0.7142857142857143,0,2,0.0
steady,u,40,0.7142857142857143,0,3,0.01981689843038718
steady,u,40,0.7142857142857143,0,4,0.0
steady,u,40,0.7142857142857143,0,5,0.018471391250689823
steady,u,40,0.7142857142857143,1,0,0.07193946155409019
steady,u,40,0.7142857142857143,1,1,0.08969958747426669
steady,u,40,0.7142857142857143,1,2,0.07615980381766956
steady,u,40,0.7142857142857143,1,3,0.04722585342824459
steady,u,40,0.7142857142857143,1,4,0.12649493229885897
steady,u,40,0.7142857142857143,1,5,0.009651526187856993
steady,u,40,0.7142857142857143,2,0,0.0
steady,u,40,0.7142857142857143,2,1,0.0
steady,u,40,0.7142857142857143,2,2,0.0
steady,u,40,0.7142857142857143,2,3,0.0
steady,u,40,0.7142857142857143,2,4,0.0
steady,u,40,0.7142857142857143,2,5,0.0
steady,u,41,0.7321428571428571,0,0,0.0
steady,u,41,0.7321428571428571,0,1,0.0
steady,u,41,0.7321428571428571,0,2,0.0
steady,u,41,0.7321428571428571,0,3,0.011064776529868444
steady,u,41,0.7321428571428571,0,4,0.0
steady,u,41,0.7321428571428571,0,5,0.008079367379347483
steady,u,41,0.7321428571428571,1,0,0.02897770827015241
steady,u,41,0.7321428571428571,1,1,0.1320034588376681
steady,u,41,0.7321428571428571,1,2,0.056951320419708885
steady,u,41,0.7321428571428571,1,3,0.02900592175622781
steady,u,41,0.7321428571428571,1,4,0.19337690186997256
steady,u,41,0.7321428571428571,1,5,0.0
steady,u,41,0.7321428571428571,2,0,0.0
steady,u,41,0.7321428571428571,2,1,0.0
steady,u,41,0.7321428571428571,2,2,0.0
steady,u,41,0.7321428571428571,2,3,0.0
steady,u,41,0.7321428571428571,2,4,0.0
steady,u,41,0.7321428571428571,2,5,0.0
steady,u,42,0.75,0,0,0.0
steady,u,42,0.75,0,1,0.0
steady,u,42,0.75,0,2,0.0
steady,u,42,0.75,0,3,0.02210415278871854
steady,u,42,0.75,0,4,0.0
steady,u,42,0.75,0,5,0.016184133167068165
steady,u,42,0.75,1,0,0.06522182437280814
steady,u,42,0.75,1,1,0.09439620189368725
steady,u,42,0.75,1,2,0.03629877294103304
steady,u,42,0.75,1,3,0.04592301013569037
steady,u,42,0.75,1,4,0.13140089251101017
steady,u,42,0.75,1,5,0.009642178813616434
steady,u,42,0.75,2,0,0.019654591257373493
steady,u,42,0.75,2,1,0.0
steady,u,42,0.75,2,2,0.0
steady,u,42,0.75,2,3,0.0
steady,u,42,0.75,2,4,0.0
steady,u,42,0.75,2,5,0.01863369718194008
steady,u,43,0.7678571428571429,0,0,0.0
steady,u,43,0.7678571428571429,0,1,0.016344972575704258
steady,u,43,0.7678571428571429,0,2,0.0
steady,u,43,0.7678571428571429,0,3,0.021928418427705765
steady,u,43,0.7678571428571429,0,4,0.0
steady,u,43,0.7678571428571429,0,5,0.01915904072423776
steady,u,43,0.7678571428571429,1,0,0.01955946410695712
steady,u,43,0.7678571428571429,1,1,0.12966361145178476
steady,u,43,0.7678571428571429,1,2,0.027630332857370377
steady,u,43,0.7678571428571429,1,3,0.019353372355302174
steady,u,43,0.7678571428571429,1,4,0.20582024132212004
steady,u,43,0.7678571428571429,1,5,0.0
steady,u,43,0.7678571428571429,2,0,0.0
steady,u,43,0.7678571428571429,2,1,0.0
steady,u,43,0.7678571428571429,2,2,0.0
steady,u,43,0.7678571428571429,2,3,0.0
steady,u,43,0.7678571428571429,2,4,0.0
steady,u,43,0.7678571428571429,2,5,0.0
steady,u,44,0.7857142857142857,0,0,0.0
steady,u,44,0.7857142857142857,0,1,0.07525173760950565
steady,u,44,0.7857142857142857,0,2,0.0
steady,u,44,0.7857142857142857,0,3,0.04037231020629406
steady,u,44,0.7857142857142857,0,4,0.009773018459479014
steady,u,44,0.7857142857142857,0,5,0.08518851734697819
steady,u,44,0.7857142857142857,1,0,0.019266804680228233
steady,u,44,0.7857142857142857,1,1,0.03586025846501192
steady,u,44,0.7857142857142857,1,2,0.034170085564255714
steady,u,44,0.7857142857142857,1,3,0.017845014110207558
steady,u,44,0.7857142857142857,1,4,0.11321643988291423
steady,u,44,0.7857142857142857,1,5,0.00937112607061863
steady,u,44,0.7857142857142857,2,0,0.0
steady,u,44,0.7857142857142857,2,1,0.0
steady,u,44,0.7857142857142857,2,2,0.0
steady,u,44,0.7857142857142857,2,3,0.010642563303311666
steady,u,44,0.7857142857142857,2,4,0.0
steady,u,44,0.7857142857142857,2,5,0.008501579985022545
steady,u,45,0.8035714285714286,0,0,0.0
steady,u,45,0.8035714285714286,0,1,0.029721301048994064
steady,u,45,0.8035714285714286,0,2,0.0
steady,u,45,0.8035714285714286,0,3,0.027711129436890285
steady,u,45,0.8035714285714286,0,4,0.0
steady,u,45,0.8035714285714286,0,5,0.0
steady,u,45,0.8035714285714286,1,0,0.0
steady,u,45,0.8035714285714286,1,1,0.10049939590195815
steady,u,45,0.8035714285714286,1,2,0.024705541630585987
steady,u,45,0.8035714285714286,1,3,0.06264535399774711
steady,u,45,0.8035714285714286,1,4,0.20493636839091778
steady,u,45,0.8035714285714286,1,5,0.009240360309680304
steady,u,45,0.8035714285714286,2,0,0.0
steady,u,45,0.8035714285714286,2,1,0.0
steady,u,45,0.8035714285714286,2,2,0.0
steady,u,45,0.8035714285714286,2,3,0.0
steady,u,45,0.8035714285714286,2,4,0.0
steady,u,45,0.8035714285714286,2,5,0.0
steady,u,46,0.8214285714285714,0,0,0.0
steady,u,46,0.8214285714285714,0,1,0.07943247196575005
steady,u,46,0.8214285714285714,0,2,0.0
steady,u,46,0.8214285714285714,0,3,0.03768401903410753
steady,u,46,0.8214285714285714,0,4,0.0
steady,u,46,0.8214285714285714,0,5,0.07432494685053825
steady,u,46,0.8214285714285714,1,0,0.0
steady,u,46,0.8214285714285714,1,1,0.040325857078035675
steady,u,46,0.8214285714285714,1,2,0.024498494962851208
steady,u,46,0.8214285714285714,1,3,0.061167435720562935
steady,u,46,0.8214285714285714,1,4,0.13212593955298266
steady,u,46,0.8214285714285714,1,5,0.00990028182665507
steady,u,46,0.8214285714285714,2,0,0.0
steady,u,46,0.8214285714285714,2,1,0.0
steady,u,46,0.8214285714285714,2,2,0.0
steady,u,46,0.8214285714285714,2,3,0.0
steady,u,46,0.8214285714285714,2,4,0.0
steady,u,46,0.8214285714285714,2,5,0.0
steady,u,47,0.8392857142857143,0,0,0.0
steady,u,47,0.8392857142857143,0,1,0.09555056753257911
steady,u,47,0.8392857142857143,0,2,0.0
steady,u,47,0.8392857142857143,0,3,0.03508466047545274
steady,u,47,0.8392857142857143,0,4,0.0
steady,u,47,0.8392857142857143,0,5,0.04166206779579321
steady,u,47,0.8392857142857143,1,0,0.0
steady,u,47,0.8392857142857143,1,1,0.033117540180683136
steady,u,47,0.8392857142857143,1,2,0.00836450420320034
steady,u,47,0.8392857142857143,1,3,0.07384935145576794
steady,u,47,0.8392857142857143,1,4,0.12410126067698002
steady,u,47,0.8392857142857143,1,5,0.009441211819648743
steady,u,47,0.8392857142857143,2,0,0.0
steady,u,47,0.8392857142857143,2,1,0.0
steady,u,47,0.8392857142857143,2,2,0.0
steady,u,47,0.8392857142857143,2,3,0.0193076574554046
steady,u,47,0.8392857142857143,2,4,0.0
steady,u,47,0.8392857142857143,2,5,0.01898062974214554
steady,u,48,0.8571428571428571,0,0,0.0
steady,u,48,0.8571428571428571,0,1,0.09717605387171109
steady,u,48,0.8571428571428571,0,2,0.0
steady,u,48,0.8571428571428571,0,3,0.019550667454799015
steady,u,48,0.8571428571428571,0,4,0.0
steady,u,48,0.8571428571428571,0,5,0.11300300620496273
steady,u,48,0.8571428571428571,1,0,0.0
steady,u,48,0.8571428571428571,1,1,0.0
steady,u,48,0.8571428571428571,1,2,0.0
steady,u,48,0.8571428571428571,1,3,0.09622998846073945
steady,u,48,0.8571428571428571,1,4,0.11428682940701644
steady,u,48,0.8571428571428571,1,5,0.019212907801071804
steady,u,48,0.8571428571428571,2,0,0.0
steady,u,48,0.8571428571428571,2,1,0.0
steady,u,48,0.8571428571428571,2,2,0.0
steady,u,48,0.8571428571428571,2,3,0.0
steady,u,48,0.8571428571428571,2,4,0.0
steady,u,48,0.8571428571428571,2,5,0.0
steady,u,49,0.875,0,0,0.0
steady,u,49,0.875,0,1,0.08685078161458175
steady,u,49,0.875,0,2,0.0
steady,u,49,0.875,0,3,0.0
steady,u,49,0.875,0,4,0.0
steady,u,49,0.875,0,5,0.085446506117781
steady,u,49,0.875,1,0,0.0
steady,u,49,0.875,1,1,0.04891025088727474
steady,u,49,0.875,1,2,0.01830871154864629
steady,u,49,0.875,1,3,0.04538397987683614
steady,u,49,0.875,1,4,0.13685464238127074
steady,u,49,0.875,1,5,0.03770457704861959
steady,u,49,0.875,2,0,0.0
steady,u,49,0.875,2,1,0.0
steady,u,49,0.875,2,2,0.0
steady,u,49,0.875,2,3,0.0
steady,u,49,0.875,2,4,0.0
steady,u,49,0.875,2,5,0.0
steady,u,50,0.8928571428571429,0,0,0.0
steady,u,50,0.8928571428571429,0,1,0.11369323295851548
steady,u,50,0.8928571428571429,0,2,0.0
steady,u,50,0.8928571428571429,0,3,0.0
steady,u,50,0.8928571428571429,0,4,0.0
steady,u,50,0.8928571428571429,0,5,0.11603649395207564
steady,u,50,0.8928571428571429,1,0,0.0
steady,u,50,0.8928571428571429,1,1,0.0
steady,u,50,0.8928571428571429,1,2,0.036644358187913895
steady,u,50,0.8928571428571429,1,3,0.07572891501088937
steady,u,50,0.8928571428571429,1,4,0.03923381119966507
steady,u,50,0.8928571428571429,1,5,0.07812264002859592
steady,u,50,0.8928571428571429,2,0,0.0
steady,u,50,0.8928571428571429,2,1,0.0
steady,u,50,0.8928571428571429,2,2,0.0
steady,u,50,0.8928571428571429,2,3,0.0
steady,u,50,0.8928571428571429,2,4,0.0
steady,u,50,0.8928571428571429,2,5,0.0
steady,u,51,0.9107142857142857,0,0,0.0
steady,u,51,0.9107142857142857,0,1,0.07897580601274967
steady,u,51,0.9107142857142857,0,2,0.0
steady,u,51,0.9107142857142857,0,3,0.009100540230671564
steady,u,51,0.9107142857142857,0,4,0.0
steady,u,51,0.9107142857142857,0,5,0.0842209489395221
steady,u,51,0.9107142857142857,1,0,0.0
steady,u,51,0.9107142857142857,1,1,0.030857421457767487
steady,u,51,0.9107142857142857,1,2,0.04679622625311216
steady,u,51,0.9107142857142857,1,3,0.04840197724600633
steady,u,51,0.9107142857142857,1,4,0.12326444871723652
steady,u,51,0.9107142857142857,1,5,0.03784208744764328
steady,u,51,0.9107142857142857,2,0,0.0
steady,u,51,0.9107142857142857,2,1,0.0
steady,u,51,0.9107142857142857,2,2,0.0
steady,u,51,0.9107142857142857,2,3,0.0
steady,u,51,0.9107142857142857,2,4,0.0
steady,u,51,0.9107142857142857,2,5,0.0
steady,u,52,0.9285714285714286,0,0,0.0
steady,u,52,0.9285714285714286,0,1,0.05598064512014389
steady,u,52,0.9285714285714286,0,2,0.0
steady,u,52,0.9285714285714286,0,3,0.009221688533822695
steady,u,52,0.9285714285714286,0,4,0.0
steady,u,52,0.9285714285714286,0,5,0.0688066737105449
steady,u,52,0.9285714285714286,1,0,0.0
steady,u,52,0.9285714285714286,1,1,0.056877078488469124
steady,u,52,0.9285714285714286,1,2,0.05031721293926239
steady,u,52,0.9285714285714286,1,3,0.07844624854624271
steady,u,52,0.9285714285714286,1,4,0.13980991393327713
steady,u,52,0.9285714285714286,1,5,0.0
steady,u,52,0.9285714285714286,2,0,0.0
steady,u,52,0.9285714285714286,2,1,0.0
steady,u,52,0.9285714285714286,2,2,0.0
steady,u,52,0.9285714285714286,2,3,0.0
steady,u,52,0.9285714285714286,2,4,0.0
steady,u,52,0.9285714285714286,2,5,0.0
steady,u,53,0.9464285714285714,0,0,0.0
steady,u,53,0.9464285714285714,0,1,0.009973788013060888
steady,u,53,0.9464285714285714,0,2,0.0
steady,u,53,0.9464285714285714,0,3,0.0
steady,u,53,0.9464285714285714,0,4,0.0
steady,u,53,0.9464285714285714,0,5,0.009170355275273323
steady,u,53,0.9464285714285714,1,0,0.0
steady,u,53,0.9464285714285714,1,1,0.11522800599535306
steady,u,53,0.9464285714285714,1,2,0.06661088267962138
steady,u,53,0.9464285714285714,1,3,0.04908295969168345
steady,u,53,0.9464285714285714,1,4,0.18908247165381908
steady,u,53,0.9464285714285714,1,5,0.020310986787080765
steady,u,53,0.9464285714285714,2,0,0.0
steady,u,53,0.9464285714285714,2,1,0.0
steady,u,53,0.9464285714285714,2,2,0.0
steady,u,53,0.9464285714285714,2,3,0.0
steady,u,53,0.9464285714285714,2,4,0.0
steady,u,53,0.9464285714285714,2,5,0.0
steady,u,54,0.9642857142857143,0,0,0.0
steady,u,54,0.9642857142857143,0,1,0.0
steady,u,54,0.9642857142857143,0,2,0.0
steady,u,54,0.9642857142857143,0,3,0.02799661209185918
steady,u,54,0.9642857142857143,0,4,0.0
steady,u,54,0.9642857142857143,0,5,0.029435819014906883
steady,u,54,0.9642857142857143,1,0,0.0
steady,u,54,0.9642857142857143,1,1,0.13461662828922272
steady,u,54,0.9642857142857143,1,2,0.028114601348837216
steady,u,54,0.9642857142857143,1,3,0.04935933028658231
steady,u,54,0.9642857142857143,1,4,0.1705726614842812
steady,u,54,0.9642857142857143,1,5,0.019363805030783016
steady,u,54,0.9642857142857143,2,0,0.0
steady,u,54,0.9642857142857143,2,1,0.0
steady,u,54,0.9642857142857143,2,2,0.0
steady,u,54,0.9642857142857143,2,3,0.0
steady,u,54,0.9642857142857143,2,4,0.0
steady,u,54,0.9642857142857143,2,5,0.0
steady,u,55,0.9821428571428571,0,0,0.0
steady,u,55,0.9821428571428571,0,1,0.03698038806517919
steady,u,55,0.9821428571428571,0,2,0.0
steady,u,55,0.9821428571428571,0,3,0.05036777692536513
steady,u,55,0.9821428571428571,0,4,0.0
steady,u,55,0.9821428571428571,0,5,0.008372554555535316
steady,u,55,0.9821428571428571,1,0,0.0
steady,u,55,0.9821428571428571,1,1,0.13472101837396622
steady,u,55,0.9821428571428571,1,2,0.039524744575222336
steady,u,55,0.9821428571428571,1,3,0.038502974435687065
steady,u,55,0.9821428571428571,1,4,0.14185229316353798
steady,u,55,0.9821428571428571,1,5,0.009137701864043871
steady,u,55,0.9821428571428571,2,0,0.0
steady,u,55,0.9821428571428571,2,1,0.0
steady,u,55,0.9821428571428571,2,2,0.0
steady,u,55,0.9821428571428571,2,3,0.0
steady,u,55,0.9821428571428571,2,4,0.0
steady,u,55,0.9821428571428571,2,5,0.0
steady,u,56,1.0,0,0,0.0
steady,u,56,1.0,0,1,0.018060976018508274
steady,u,56,1.0,0,2,0.0
steady,u,56,1.0,0,3,0.06005213409662247
steady,u,56,1.0,0,4,0.0
steady,u,56,1.0,0,5,0.03675175147751967
steady,u,56,1.0,1,0,0.01948743375639121
steady,u,56,1.0,1,1,0.11596475976208846
steady,u,56,1.0,1,2,0.056953608989715576
steady,u,56,1.0,1,3,0.029005611936251324
steady,u,56,1.0,1,4,0.10486112721264362
steady,u,56,1.0,1,5,0.01832205057144165
steady,u,56,1.0,2,0,0.0
steady,u,56,1.0,2,1,0.0
steady,u,56,1.0,2,2,0.0
steady,u,56,1.0,2,3,0.0
steady,u,56,1.0,2,4,0.0
steady,u,56,1.0,2,5,0.0
steady,p,1,0.017857142857142856,0,0,0.0
steady,p,1,0.017857142857142856,0,1,0.010584051255136728
steady,p,1,0.017857142857142856,0,2,0.0
steady,p,1,0.017857142857142856,0,3,0.0
steady,p,1,0.017857142857142856,0,4,0.14493808367600045
steady,p,1,0.017857142857142856,0,5,0.07420759011680882
steady,p,1,0.017857142857142856,1,0,0.0
steady,p,1,0.017857142857142856,1,1,0.01737929694354534
steady,p,1,0.017857142857142856,1,2,0.08884298677245776
steady,p,1,0.017857142857142856,1,3,0.0
steady,p,1,0.017857142857142856,1,4,0.0
steady,p,1,0.017857142857142856,1,5,0.008642580981055895
steady,p,1,0.017857142857142856,2,0,0.0
steady,p,1,0.017857142857142856,2,1,0.0
steady,p,1,0.017857142857142856,2,2,0.008900142585237822
steady,p,1,0.017857142857142856,2,3,0.021902877526978653
steady,p,1,0.017857142857142856,2,4,0.0840618417908748
steady,p,1,0.017857142857142856,2,5,0.0
steady,p,2,0.03571428571428571,0,0,0.0
steady,p,2,0.03571428571428571,0,1,0.0
steady,p,2,0.03571428571428571,0,2,0.0
steady,p,2,0.03571428571428571,0,3,0.0
steady,p,2,0.03571428571428571,0,4,0.1735040582716465
steady,p,2,0.03571428571428571,0,5,0.05622566770762205
steady,p,2,0.03571428571428571,1,0,0.011101235946019491
steady,p,2,0.03571428571428571,1,1,0.027003020669023197
steady,p,2,0.03571428571428571,1,2,0.0
steady,p,2,0.03571428571428571,1,3,0.02232748456299305
steady,p,2,0.03571428571428571,1,4,0.0
steady,p,2,0.03571428571428571,1,5,0.07357726618647575
steady,p,2,0.03571428571428571,2,0,0.0
steady,p,2,0.03571428571428571,2,1,0.0
steady,p,2,0.03571428571428571,2,2,0.034087155014276505
steady,p,2,0.03571428571428571,2,3,0.0
steady,p,2,0.03571428571428571,2,4,0.06163356453180313
steady,p,2,0.03571428571428571,2,5,0.0
steady,p,3,0.05357142857142857,0,0,0.07567725237458944
steady,p,3,0.05357142857142857,0,1,0.0
steady,p,3,0.05357142857142857,0,2,0.008386858738958836
steady,p,3,0.05357142857142857,0,3,0.0
steady,p,3,0.05357142857142857,0,4,0.14566561269263426
steady,p,3,0.05357142857142857,0,5,0.0
steady,p,3,0.05357142857142857,1,0,0.020387721558411915
steady,p,3,0.05357142857142857,1,1,0.06934125969807307
steady,p,3,0.05357142857142857,1,2,0.045523603757222496
steady,p,3,0.05357142857142857,1,3,0.017900565639138222
steady,p,3,0.05357142857142857,1,4,0.0
steady,p,3,0.05357142857142857,1,5,0.0
steady,p,3,0.05357142857142857,2,0,0.0
steady,p,3,0.05357142857142857,2,1,0.0
steady,p,3,0.05357142857142857,2,2,0.024677765866120655
steady,p,3,0.05357142857142857,2,3,0.008377154668172201
steady,p,3,0.05357142857142857,2,4,0.04352165634433428
steady,p,3,0.05357142857142857,2,5,0.0
steady,p,4,0.07142857142857142,0,0,0.0
steady,p,4,0.07142857142857142,0,1,0.0
steady,p,4,0.07142857142857142,0,2,0.07380304982264836
steady,p,4,0.07142857142857142,0,3,0.0
steady,p,4,0.07142857142857142,0,4,0.15592667584617934
steady,p,4,0.07142857142857142,0,5,0.0
steady,p,4,0.07142857142857142,1,0,0.03680221922695637
steady,p,4,0.07142857142857142,1,1,0.0834989237288634
steady,p,4,0.07142857142857142,1,2,0.0
steady,p,4,0.07142857142857142,1,3,0.0
steady,p,4,0.07142857142857142,1,4,0.0
steady,p,4,0.07142857142857142,1,5,0.013707861304283142
steady,p,4,0.07142857142857142,2,0,0.0
steady,p,4,0.07142857142857142,2,1,0.0
steady,p,4,0.07142857142857142,2,2,0.05065676259497801
steady,p,4,0.07142857142857142,2,3,0.009413174663980802
steady,p,4,0.07142857142857142,2,4,0.035650783528884254
steady,p,4,0.07142857142857142,2,5,0.0
steady,p,5,0.08928571428571429,0,0,0.0
steady,p,5,0.08928571428571429,0,1,0.0
steady,p,5,0.08928571428571429,0,2,0.06637327124675114
steady,p,5,0.08928571428571429,0,3,0.0
steady,p,5,0.08928571428571429,0,4,0.04849158972501755
steady,p,5,0.08928571428571429,0,5,0.0
steady,p,5,0.08928571428571429,1,0,0.07172657983998458
steady,p,5,0.08928571428571429,1,1,0.041201320166389145
steady,p,5,0.08928571428571429,1,2,0.054127722357710205
steady,p,5,0.08928571428571429,1,3,0.009091069921851158
steady,p,5,0.08928571428571429,1,4,0.0
steady,p,5,0.08928571428571429,1,5,0.053583034624656044
steady,p,5,0.08928571428571429,2,0,0.06662998845179875
steady,p,5,0.08928571428571429,2,1,0.0
steady,p,5,0.08928571428571429,2,2,0.0
steady,p,5,0.08928571428571429,2,3,0.0
steady,p,5,0.08928571428571429,2,4,0.0
steady,p,5,0.08928571428571429,2,5,0.048234873761733375
steady,p,6,0.10714285714285714,0,0,0.0
steady,p,6,0.10714285714285714,0,1,0.0
steady,p,6,0.10714285714285714,0,2,0.0
steady,p,6,0.10714285714285714,0,3,0.0
steady,p,6,0.10714285714285714,0,4,0.0
steady,p,6,0.10714285714285714,0,5,0.0
steady,p,6,0.10714285714285714,1,0,0.09820846406122048
steady,p,6,0.10714285714285714,1,1,0.009352438772718111
steady,p,6,0.10714285714285714,1,2,0.06113604580362638
steady,p,6,0.10714285714285714,1,3,0.0
steady,p,6,0.10714285714285714,1,4,0.0
steady,p,6,0.10714285714285714,1,5,0.06103277765214443
steady,p,6,0.10714285714285714,2,0,0.1326360652844111
steady,p,6,0.10714285714285714,2,1,0.0
steady,p,6,0.10714285714285714,2,2,0.09709365665912628
steady,p,6,0.10714285714285714,2,3,0.0
steady,p,6,0.10714285714285714,2,4,0.0
steady,p,6,0.10714285714285714,2,5,0.0
steady,p,7,0.125,0,0,0.0
steady,p,7,0.125,0,1,0.0
steady,p,7,0.125,0,2,0.0
steady,p,7,0.125,0,3,0.0
steady,p,7,0.125,0,4,0.0
steady,p,7,0.125,0,5,0.0
steady,p,7,0.125,1,0,0.05174094686905543
steady,p,7,0.125,1,1,0.0
steady,p,7,0.125,1,2,0.09185033415754636
steady,p,7,0.125,1,3,0.01812319519619147
steady,p,7,0.125,1,4,0.0
steady,p,7,0.125,1,5,0.06801525068779786
steady,p,7,0.125,2,0,0.12669304882486662
steady,p,7,0.125,2,1,0.0
steady,p,7,0.125,2,2,0.1030366774648428
steady,p,7,0.125,2,3,0.0
steady,p,7,0.125,2,4,0.0
steady,p,7,0.125,2,5,0.0
steady,p,8,0.14285714285714285,0,0,0.0
steady,p,8,0.14285714285714285,0,1,0.0
steady,p,8,0.14285714285714285,0,2,0.0
steady,p,8,0.14285714285714285,0,3,0.0
steady,p,8,0.14285714285714285,0,4,0.0
steady,p,8,0.14285714285714285,0,5,0.0
steady,p,8,0.14285714285714285,1,0,0.07356153801083565
steady,p,8,0.14285714285714285,1,1,0.007276634996136029
steady,p,8,0.14285714285714285,1,2,0.09846122624973457
steady,p,8,0.14285714285714285,1,3,0.008584737156828245
steady,p,8,0.14285714285714285,1,4,0.0
steady,p,8,0.14285714285714285,1,5,0.04184559298058351
steady,p,8,0.14285714285714285,2,0,0.1231572770824035
steady,p,8,0.14285714285714285,2,1,0.0
steady,p,8,0.14285714285714285,2,2,0.10657244858642419
steady,p,8,0.14285714285714285,2,3,0.0
steady,p,8,0.14285714285714285,2,4,0.0
steady,p,8,0.14285714285714285,2,5,0.0
steady,p,9,0.16071428571428573,0,0,0.0
steady,p,9,0.16071428571428573,0,1,0.0
steady,p,9,0.16071428571428573,0,2,0.0
steady,p,9,0.16071428571428573,0,3,0.0
steady,p,9,0.16071428571428573,0,4,0.0
steady,p,9,0.16071428571428573,0,5,0.0
steady,p,9,0.16071428571428573,1,0,0.0673557228098313
steady,p,9,0.16071428571428573,1,1,0.0
steady,p,9,0.16071428571428573,1,2,0.11147803937395413
steady,p,9,0.16071428571428573,1,3,0.0
steady,p,9,0.16071428571428573,1,4,0.0
steady,p,9,0.16071428571428573,1,5,0.05089596472680569
steady,p,9,0.16071428571428573,2,0,0.1258791796863079
steady,p,9,0.16071428571428573,2,1,0.0
steady,p,9,0.16071428571428573,2,2,0.10385054474075635
steady,p,9,0.16071428571428573,2,3,0.0
steady,p,9,0.16071428571428573,2,4,0.0
steady,p,9,0.16071428571428573,2,5,0.0
steady,p,10,0.17857142857142858,0,0,0.0
steady,p,10,0.17857142857142858,0,1,0.0
steady,p,10,0.17857142857142858,0,2,0.0
steady,p,10,0.17857142857142858,0,3,0.0
steady,p,10,0.17857142857142858,0,4,0.0
steady,p,10,0.17857142857142858,0,5,0.0
steady,p,10,0.17857142857142858,1,0,0.0638770405203104
steady,p,10,0.17857142857142858,1,1,0.0
steady,p,10,0.17857142857142858,1,2,0.11389151463905971
steady,p,10,0.17857142857142858,1,3,0.0
steady,p,10,0.17857142857142858,1,4,0.0
steady,p,10,0.17857142857142858,1,5,0.05196117237210274
steady,p,10,0.17857142857142858,2,0,0.131534273425738
steady,p,10,0.17857142857142858,2,1,0.0
steady,p,10,0.17857142857142858,2,2,0.0981954528639714
steady,p,10,0.17857142857142858,2,3,0.0
steady,p,10,0.17857142857142858,2,4,0.0
steady,p,10,0.17857142857142858,2,5,0.0
steady,p,11,0.19642857142857142,0,0,0.0
steady,p,11,0.19642857142857142,0,1,0.007809477547804515
steady,p,11,0.19642857142857142,0,2,0.030478809028863907
steady,p,11,0.19642857142857142,0,3,0.0
steady,p,11,0.19642857142857142,0,4,0.0
steady,p,11,0.19642857142857142,0,5,0.0
steady,p,11,0.19642857142857142,1,0,0.06156496206919352
steady,p,11,0.19642857142857142,1,1,0.0
steady,p,11,0.19642857142857142,1,2,0.11438605934381485
steady,p,11,0.19642857142857142,1,3,0.0
steady,p,11,0.19642857142857142,1,4,0.0
steady,p,11,0.19642857142857142,1,5,0.05377870425581932
steady,p,11,0.19642857142857142,2,0,0.11500194172064464
steady,p,11,0.19642857142857142,2,1,0.0
steady,p,11,0.19642857142857142,2,2,0.0764394961297512
steady,p,11,0.19642857142857142,2,3,0.0
steady,p,11,0.19642857142857142,2,4,0.0
steady,p,11,0.19642857142857142,2,5,0.0
steady,p,12,0.21428571428571427,0,0,0.0
steady,p,12,0.21428571428571427,0,1,0.0383309011037151
steady,p,12,0.21428571428571427,0,2,0.15311053891976675
steady,p,12,0.21428571428571427,0,3,0.0
steady,p,12,0.21428571428571427,0,4,0.0
steady,p,12,0.21428571428571427,0,5,0.0
steady,p,12,0.21428571428571427,1,0,0.05999684023360411
steady,p,12,0.21428571428571427,1,1,0.0
steady,p,12,0.21428571428571427,1,2,0.11577757075428963
steady,p,12,0.21428571428571427,1,3,0.0
steady,p,12,0.21428571428571427,1,4,0.0
steady,p,12,0.21428571428571427,1,5,0.05395531592269739
steady,p,12,0.21428571428571427,2,0,0.02368939792116483
steady,p,12,0.21428571428571427,2,1,0.0
steady,p,12,0.21428571428571427,2,2,0.014598889897267023
steady,p,12,0.21428571428571427,2,3,0.0
steady,p,12,0.21428571428571427,2,4,0.0
steady,p,12,0.21428571428571427,2,5,0.0
steady,p,13,0.23214285714285715,0,0,0.0
steady,p,13,0.23214285714285715,0,1,0.04695501768340667
steady,p,13,0.23214285714285715,0,2,0.18277470394968987
steady,p,13,0.23214285714285715,0,3,0.0
steady,p,13,0.23214285714285715,0,4,0.0
steady,p,13,0.23214285714285715,0,5,0.0
steady,p,13,0.23214285714285715,1,0,0.04798187191287676
steady,p,13,0.23214285714285715,1,1,0.0
steady,p,13,0.23214285714285715,1,2,0.11854139342904091
steady,p,13,0.23214285714285715,1,3,0.0
steady,p,13,0.23214285714285715,1,4,0.0
steady,p,13,0.23214285714285715,1,5,0.06320646405220032
steady,p,13,0.23214285714285715,2,0,0.0
steady,p,13,0.23214285714285715,2,1,0.0
steady,p,13,0.23214285714285715,2,2,0.0
steady,p,13,0.23214285714285715,2,3,0.0
steady,p,13,0.23214285714285715,2,4,0.0
steady,p,13,0.23214285714285715,2,5,0.0
steady,p,14,0.25,0,0,0.0
steady,p,14,0.25,0,1,0.047206515135864414
steady,p,14,0.25,0,2,0.18252321208516756
steady,p,14,0.25,0,3,0.0
steady,p,14,0.25,0,4,0.0
steady,p,14,0.25,0,5,0.0
steady,p,14,0.25,1,0,0.037302556758125625
steady,p,14,0.25,1,1,0.0
steady,p,14,0.25,1,2,0.12081734215219815
steady,p,14,0.25,1,3,0.0
steady,p,14,0.25,1,4,0.0
steady,p,14,0.25,1,5,0.07160982675850391
steady,p,14,0.25,2,0,0.0
steady,p,14,0.25,2,1,0.0
steady,p,14,0.25,2,2,0.0
steady,p,14,0.25,2,3,0.0
steady,p,14,0.25,2,4,0.0
steady,p,14,0.25,2,5,0.0
steady,p,15,0.26785714285714285,0,0,0.0
steady,p,15,0.26785714285714285,0,1,0.047716763180991016
steady,p,15,0.26785714285714285,0,2,0.18201296279827753
steady,p,15,0.26785714285714285,0,3,0.0
steady,p,15,0.26785714285714285,0,4,0.0
steady,p,15,0.26785714285714285,0,5,0.0
steady,p,15,0.26785714285714285,1,0,0.036448437720537186
steady,p,15,0.26785714285714285,1,1,0.0
steady,p,15,0.26785714285714285,1,2,0.12302614127596219
steady,p,15,0.26785714285714285,1,3,0.0
steady,p,15,0.26785714285714285,1,4,0.0
steady,p,15,0.26785714285714285,1,5,0.07025514543056488
steady,p,15,0.26785714285714285,2,0,0.0
steady,p,15,0.26785714285714285,2,1,0.0
steady,p,15,0.26785714285714285,2,2,0.0
steady,p,15,0.26785714285714285,2,3,0.0
steady,p,15,0.26785714285714285,2,4,0.0
steady,p,15,0.26785714285714285,2,5,0.0
steady,p,16,0.2857142857142857,0,0,0.0
steady,p,16,0.2857142857142857,0,1,0.047652026638388634
steady,p,16,0.2857142857142857,0,2,0.18207770337661108
steady,p,16,0.2857142857142857,0,3,0.0
steady,p,16,0.2857142857142857,0,4,0.0
steady,p,16,0.2857142857142857,0,5,0.0
steady,p,16,0.2857142857142857,1,0,0.05464935054381689
steady,p,16,0.2857142857142857,1,1,0.0
steady,p,16,0.2857142857142857,1,2,0.1252354650447766
steady,p,16,0.2857142857142857,1,3,0.0
steady,p,16,0.2857142857142857,1,4,0.0
steady,p,16,0.2857142857142857,1,5,0.049844907596707344
steady,p,16,0.2857142857142857,2,0,0.0
steady,p,16,0.2857142857142857,2,1,0.0
steady,p,16,0.2857142857142857,2,2,0.0
steady,p,16,0.2857142857142857,2,3,0.0
steady,p,16,0.2857142857142857,2,4,0.0
steady,p,16,0.2857142857142857,2,5,0.0
steady,p,17,0.30357142857142855,0,0,0.008527854767938456
steady,p,17,0.30357142857142855,0,1,0.0
steady,p,17,0.30357142857142855,0,2,0.029760435223579407
steady,p,17,0.30357142857142855,0,3,0.0
steady,p,17,0.30357142857142855,0,4,0.0
steady,p,17,0.30357142857142855,0,5,0.0
steady,p,17,0.30357142857142855,1,0,0.054258123661080994
steady,p,17,0.30357142857142855,1,1,0.0
steady,p,17,0.30357142857142855,1,2,0.12630531564354897
steady,p,17,0.30357142857142855,1,3,0.0
steady,p,17,0.30357142857142855,1,4,0.0
steady,p,17,0.30357142857142855,1,5,0.049166286985079445
steady,p,17,0.30357142857142855,2,0,0.09616402412454288
steady,p,17,0.30357142857142855,2,1,0.0
steady,p,17,0.30357142857142855,2,2,0.09527741372585297
steady,p,17,0.30357142857142855,2,3,0.0
steady,p,17,0.30357142857142855,2,4,0.0
steady,p,17,0.30357142857142855,2,5,0.0
steady,p,18,0.32142857142857145,0,0,0.0
steady,p,18,0.32142857142857145,0,1,0.0
steady,p,18,0.32142857142857145,0,2,0.0
steady,p,18,0.32142857142857145,0,3,0.0
steady,p,18,0.32142857142857145,0,4,0.0
steady,p,18,0.32142857142857145,0,5,0.0
steady,p,18,0.32142857142857145,1,0,0.06773129912714164
steady,p,18,0.32142857142857145,1,1,0.1031899278362592
steady,p,18,0.32142857142857145,1,2,0.13079698383808136
steady,p,18,0.32142857142857145,1,3,0.0
steady,p,18,0.32142857142857145,1,4,0.0
steady,p,18,0.32142857142857145,1,5,0.1194529552012682
steady,p,18,0.32142857142857145,2,0,0.019237620135148365
steady,p,18,0.32142857142857145,2,1,0.0
steady,p,18,0.32142857142857145,2,2,0.0
steady,p,18,0.32142857142857145,2,3,0.0
steady,p,18,0.32142857142857145,2,4,0.01905066892504692
steady,p,18,0.32142857142857145,2,5,0.0
steady,p,19,0.3392857142857143,0,0,0.0
steady,p,19,0.3392857142857143,0,1,0.0
steady,p,19,0.3392857142857143,0,2,0.0
steady,p,19,0.3392857142857143,0,3,0.0
steady,p,19,0.3392857142857143,0,4,0.0
steady,p,19,0.3392857142857143,0,5,0.0
steady,p,19,0.3392857142857143,1,0,0.10838089262445767
steady,p,19,0.3392857142857143,1,1,0.0892613735049963
steady,p,19,0.3392857142857143,1,2,0.12920336611568928
steady,p,19,0.3392857142857143,1,3,0.0
steady,p,19,0.3392857142857143,1,4,0.0
steady,p,19,0.3392857142857143,1,5,0.13261382654309273
steady,p,19,0.3392857142857143,2,0,0.0
steady,p,19,0.3392857142857143,2,1,0.0
steady,p,19,0.3392857142857143,2,2,0.0
steady,p,19,0.3392857142857143,2,3,0.0
steady,p,19,0.3392857142857143,2,4,0.0
steady,p,19,0.3392857142857143,2,5,0.0
steady,p,20,0.35714285714285715,0,0,0.016423978532354038
steady,p,20,0.35714285714285715,0,1,0.0
steady,p,20,0.35714285714285715,0,2,0.13520982364813486
steady,p,20,0.35714285714285715,0,3,0.0
steady,p,20,0.35714285714285715,0,4,0.0524208831290404
steady,p,20,0.35714285714285715,0,5,0.006530897691845894
steady,p,20,0.35714285714285715,1,0,0.051703699554006256
steady,p,20,0.35714285714285715,1,1,0.06211277532080809
steady,p,20,0.35714285714285715,1,2,0.12527970472971597
steady,p,20,0.35714285714285715,1,3,0.0
steady,p,20,0.35714285714285715,1,4,0.0
steady,p,20,0.35714285714285715,1,5,0.009777689973513285
steady,p,20,0.35714285714285715,2,0,0.0
steady,p,20,0.35714285714285715,2,1,0.0
steady,p,20,0.35714285714285715,2,2,0.0
steady,p,20,0.35714285714285715,2,3,0.0
steady,p,20,0.35714285714285715,2,4,0.0
steady,p,20,0.35714285714285715,2,5,0.0
steady,p,21,0.375,0,0,0.0543379628409942
steady,p,21,0.375,0,1,0.0
steady,p,21,0.375,0,2,0.09881519029537837
steady,p,21,0.375,0,3,0.0
steady,p,21,0.375,0,4,0.0
steady,p,21,0.375,0,5,0.0
steady,p,21,0.375,1,0,0.10857778663436572
steady,p,21,0.375,1,1,0.08497525565326214
steady,p,21,0.375,1,2,0.08285897846023242
steady,p,21,0.375,1,3,0.0
steady,p,21,0.375,1,4,0.014564361423254013
steady,p,21,0.375,1,5,0.015329921618103981
steady,p,21,0.375,2,0,0.0
steady,p,21,0.375,2,1,0.0
steady,p,21,0.375,2,2,0.0
steady,p,21,0.375,2,3,0.0
steady,p,21,0.375,2,4,0.0
steady,p,21,0.375,2,5,0.0
steady,p,22,0.39285714285714285,0,0,0.0
steady,p,22,0.39285714285714285,0,1,0.0
steady,p,22,0.39285714285714285,0,2,0.0
steady,p,22,0.39285714285714285,0,3,0.0
steady,p,22,0.39285714285714285,0,4,0.0
steady,p,22,0.39285714285714285,0,5,0.0
steady,p,22,0.39285714285714285,1,0,0.19013653509318829
steady,p,22,0.39285714285714285,1,1,0.09974459124108155
steady,p,22,0.39285714285714285,1,2,0.1266343096892039
steady,p,22,0.39285714285714285,1,3,0.01586325652897358
steady,p,22,0.39285714285714285,1,4,0.0
steady,p,22,0.39285714285714285,1,5,0.02708075816432635
steady,p,22,0.39285714285714285,2,0,0.0
steady,p,22,0.39285714285714285,2,1,0.0
steady,p,22,0.39285714285714285,2,2,0.0
steady,p,22,0.39285714285714285,2,3,0.0
steady,p,22,0.39285714285714285,2,4,0.0
steady,p,22,0.39285714285714285,2,5,0.0
steady,p,23,0.4107142857142857,0,0,0.0
steady,p,23,0.4107142857142857,0,1,0.0
steady,p,23,0.4107142857142857,0,2,0.0
steady,p,23,0.4107142857142857,0,3,0.0
steady,p,23,0.4107142857142857,0,4,0.0
steady,p,23,0.4107142857142857,0,5,0.0
steady,p,23,0.4107142857142857,1,0,0.1722206020106872
steady,p,23,0.4107142857142857,1,1,0.03700778943796953
steady,p,23,0.4107142857142857,1,2,0.12753647565841675
steady,p,23,0.4107142857142857,1,3,0.0
steady,p,23,0.4107142857142857,1,4,0.0
steady,p,23,0.4107142857142857,1,5,0.12269458857675393
steady,p,23,0.4107142857142857,2,0,0.0
steady,p,23,0.4107142857142857,2,1,0.0
steady,p,23,0.4107142857142857,2,2,0.0
steady,p,23,0.4107142857142857,2,3,0.0
steady,p,23,0.4107142857142857,2,4,0.0
steady,p,23,0.4107142857142857,2,5,0.0
steady,p,24,0.42857142857142855,0,0,0.040527610729138054
steady,p,24,0.42857142857142855,0,1,0.0
steady,p,24,0.42857142857142855,0,2,0.036048963045080505
steady,p,24,0.42857142857142855,0,3,0.0
steady,p,24,0.42857142857142855,0,4,0.0
steady,p,24,0.42857142857142855,0,5,0.0
steady,p,24,0.42857142857142855,1,0,0.051024078081051506
steady,p,24,0.42857142857142855,1,1,0.07778683366874854
steady,p,24,0.42857142857142855,1,2,0.12390467338263988
steady,p,24,0.42857142857142855,1,3,0.01631171504656474
steady,p,24,0.42857142857142855,1,4,0.0
steady,p,24,0.42857142857142855,1,5,0.1138555786261956
steady,p,24,0.42857142857142855,2,0,0.0
steady,p,24,0.42857142857142855,2,1,0.0
steady,p,24,0.42857142857142855,2,2,0.0
steady,p,24,0.42857142857142855,2,3,0.0
steady,p,24,0.42857142857142855,2,4,0.0
steady,p,24,0.42857142857142855,2,5,0.0
steady,p,25,0.44642857142857145,0,0,0.010169549534718195
steady,p,25,0.44642857142857145,0,1,0.0
steady,p,25,0.44642857142857145,0,2,0.008974595616261164
steady,p,25,0.44642857142857145,0,3,0.0
steady,p,25,0.44642857142857145,0,4,0.0
steady,p,25,0.44642857142857145,0,5,0.0
steady,p,25,0.44642857142857145,1,0,0.1069272452344497
steady,p,25,0.44642857142857145,1,1,0.11240071368714173
steady,p,25,0.44642857142857145,1,2,0.12560009645919004
steady,p,25,0.44642857142857145,1,3,0.035206000631054245
steady,p,25,0.44642857142857145,1,4,0.00857317882279555
steady,p,25,0.44642857142857145,1,5,0.05160807942350706
steady,p,25,0.44642857142857145,2,0,0.0
steady,p,25,0.44642857142857145,2,1,0.0
steady,p,25,0.44642857142857145,2,2,0.0
steady,p,25,0.44642857142857145,2,3,0.0
steady,p,25,0.44642857142857145,2,4,0.0
steady,p,25,0.44642857142857145,2,5,0.0
steady,p,26,0.4642857142857143,0,0,0.03521436328689257
steady,p,26,0.4642857142857143,0,1,0.0
steady,p,26,0.4642857142857143,0,2,0.04136221172908942
steady,p,26,0.4642857142857143,0,3,0.0
steady,p,26,0.4642857142857143,0,4,0.0
steady,p,26,0.4642857142857143,0,5,0.0
steady,p,26,0.4642857142857143,1,0,0.13332520984113216
steady,p,26,0.4642857142857143,1,1,0.06024850718677044
steady,p,26,0.4642857142857143,1,2,0.12588775902986526
steady,p,26,0.4642857142857143,1,3,0.02714858514567216
steady,p,26,0.4642857142857143,1,4,0.0
steady,p,26,0.4642857142857143,1,5,0.03627281325558821
steady,p,26,0.4642857142857143,2,0,0.0
steady,p,26,0.4642857142857143,2,1,0.0
steady,p,26,0.4642857142857143,2,2,0.0
steady,p,26,0.4642857142857143,2,3,0.0
steady,p,26,0.4642857142857143,2,4,0.0
steady,p,26,0.4642857142857143,2,5,0.0
steady,p,27,0.48214285714285715,0,0,0.06436608048776786
steady,p,27,0.48214285714285715,0,1,0.0
steady,p,27,0.48214285714285715,0,2,0.08878707140684128
steady,p,27,0.48214285714285715,0,3,0.0
steady,p,27,0.48214285714285715,0,4,0.0
steady,p,27,0.48214285714285715,0,5,0.0
steady,p,27,0.48214285714285715,1,0,0.07896422532697518
steady,p,27,0.48214285714285715,1,1,0.05694254922370116
steady,p,27,0.48214285714285715,1,2,0.11682490011056264
steady,p,27,0.48214285714285715,1,3,0.0
steady,p,27,0.48214285714285715,1,4,0.0
steady,p,27,0.48214285714285715,1,5,0.03443048025170962
steady,p,27,0.48214285714285715,2,0,0.0
steady,p,27,0.48214285714285715,2,1,0.0
steady,p,27,0.48214285714285715,2,2,0.010598694284756979
steady,p,27,0.48214285714285715,2,3,0.008545449003577232
steady,p,27,0.48214285714285715,2,4,0.0
steady,p,27,0.48214285714285715,2,5,0.0
steady,p,28,0.5,0,0,0.0334184356033802
steady,p,28,0.5,0,1,0.0
steady,p,28,0.5,0,2,0.043158140033483505
steady,p,28,0.5,0,3,0.0
steady,p,28,0.5,0,4,0.0
steady,p,28,0.5,0,5,0.0
steady,p,28,0.5,1,0,0.09863721330960591
steady,p,28,0.5,1,1,0.08500989588598411
steady,p,28,0.5,1,2,0.12239530061682065
steady,p,28,0.5,1,3,0.042044829577207565
steady,p,28,0.5,1,4,0.0
steady,p,28,0.5,1,5,0.03479564189910889
steady,p,28,0.5,2,0,0.0
steady,p,28,0.5,2,1,0.0
steady,p,28,0.5,2,2,0.0
steady,p,28,0.5,2,3,0.0
steady,p,28,0.5,2,4,0.0
steady,p,28,0.5,2,5,0.0
steady,p,29,0.5178571428571429,0,0,0.05952071460584799
steady,p,29,0.5178571428571429,0,1,0.0
steady,p,29,0.5178571428571429,0,2,0.09363243604699771
steady,p,29,0.5178571428571429,0,3,0.0
steady,p,29,0.5178571428571429,0,4,0.0
steady,p,29,0.5178571428571429,0,5,0.0
steady,p,29,0.5178571428571429,1,0,0.07490404074390729
steady,p,29,0.5178571428571429,1,1,0.039264856527249016
steady,p,29,0.5178571428571429,1,2,0.11043255465726058
steady,p,29,0.5178571428571429,1,3,0.008075378214319548
steady,p,29,0.5178571428571429,1,4,0.0
steady,p,29,0.5178571428571429,1,5,0.054485330979029335
steady,p,29,0.5178571428571429,2,0,0.0
steady,p,29,0.5178571428571429,2,1,0.0
steady,p,29,0.5178571428571429,2,2,0.009749658405780792
steady,p,29,0.5178571428571429,2,3,0.009394485503435135
steady,p,29,0.5178571428571429,2,4,0.0
steady,p,29,0.5178571428571429,2,5,0.0
steady,p,30,0.5357142857142857,0,0,0.0441886472205321
steady,p,30,0.5357142857142857,0,1,0.008317389835913977
steady,p,30,0.5357142857142857,0,2,0.043214681247870125
steady,p,30,0.5357142857142857,0,3,0.0
steady,p,30,0.5357142857142857,0,4,0.0
steady,p,30,0.5357142857142857,0,5,0.0
steady,p,30,0.5357142857142857,1,0,0.081163273503383
steady,p,30,0.5357142857142857,1,1,0.08094585190216701
steady,p,30,0.5357142857142857,1,2,0.11452616875370343
steady,p,30,0.5357142857142857,1,3,0.017098752160867054
steady,p,30,0.5357142857142857,1,4,0.0
steady,p,30,0.5357142857142857,1,5,0.07000468671321869
steady,p,30,0.5357142857142857,2,0,0.0
steady,p,30,0.5357142857142857,2,1,0.0
steady,p,30,0.5357142857142857,2,2,0.0
steady,p,30,0.5357142857142857,2,3,0.0
steady,p,30,0.5357142857142857,2,4,0.0
steady,p,30,0.5357142857142857,2,5,0.0
steady,p,31,0.5535714285714286,0,0,0.06156252262492975
steady,p,31,0.5535714285714286,0,1,0.0
steady,p,31,0.5535714285714286,0,2,0.09159062802791595
steady,p,31,0.5535714285714286,0,3,0.0
steady,p,31,0.5535714285714286,0,4,0.0
steady,p,31,0.5535714285714286,0,5,0.0
steady,p,31,0.5535714285714286,1,0,0.054219103107849755
steady,p,31,0.5535714285714286,1,1,0.04839498549699783
steady,p,31,0.5535714285714286,1,2,0.11513415724039078
steady,p,31,0.5535714285714286,1,3,0.0
steady,p,31,0.5535714285714286,1,4,0.0
steady,p,31,0.5535714285714286,1,5,0.06941391776005428
steady,p,31,0.5535714285714286,2,0,0.0
steady,p,31,0.5535714285714286,2,1,0.0
steady,p,31,0.5535714285714286,2,2,0.009366453314820925
steady,p,31,0.5535714285714286,2,3,0.009777691215276718
steady,p,31,0.5535714285714286,2,4,0.0
steady,p,31,0.5535714285714286,2,5,0.0
steady,p,32,0.5714285714285714,0,0,0.035861253117521606
steady,p,32,0.5714285714285714,0,1,0.0
steady,p,32,0.5714285714285714,0,2,0.0407153225193421
steady,p,32,0.5714285714285714,0,3,0.0
steady,p,32,0.5714285714285714,0,4,0.0
steady,p,32,0.5714285714285714,0,5,0.0
steady,p,32,0.5714285714285714,1,0,0.09131969511508942
steady,p,32,0.5714285714285714,1,1,0.08178898754219215
steady,p,32,0.5714285714285714,1,2,0.12066369876265526
steady,p,32,0.5714285714285714,1,3,0.015770219266414642
steady,p,32,0.5714285714285714,1,4,0.0
steady,p,32,0.5714285714285714,1,5,0.07334027687708537
steady,p,32,0.5714285714285714,2,0,0.0
steady,p,32,0.5714285714285714,2,1,0.0
steady,p,32,0.5714285714285714,2,2,0.0
steady,p,32,0.5714285714285714,2,3,0.0
steady,p,32,0.5714285714285714,2,4,0.0
steady,p,32,0.5714285714285714,2,5,0.0
steady,p,33,0.5892857142857143,0,0,0.06758848018944263
steady,p,33,0.5892857142857143,0,1,0.0
steady,p,33,0.5892857142857143,0,2,0.08556467480957508
steady,p,33,0.5892857142857143,0,3,0.0
steady,p,33,0.5892857142857143,0,4,0.0
steady,p,33,0.5892857142857143,0,5,0.0
steady,p,33,0.5892857142857143,1,0,0.03628039049605528
steady,p,33,0.5892857142857143,1,1,0.06823725253343582
steady,p,33,0.5892857142857143,1,2,0.12339028467734654
steady,p,33,0.5892857142857143,1,3,0.0
steady,p,33,0.5892857142857143,1,4,0.0
steady,p,33,0.5892857142857143,1,5,0.07839837235709031
steady,p,33,0.5892857142857143,2,0,0.0
steady,p,33,0.5892857142857143,2,1,0.0
steady,p,33,0.5892857142857143,2,2,0.0
steady,p,33,0.5892857142857143,2,3,0.0
steady,p,33,0.5892857142857143,2,4,0.0
steady,p,33,0.5892857142857143,2,5,0.0
steady,p,34,0.6071428571428571,0,0,0.039091965183615685
steady,p,34,0.6071428571428571,0,1,0.0
steady,p,34,0.6071428571428571,0,2,0.037484608590602875
steady,p,34,0.6071428571428571,0,3,0.0
steady,p,34,0.6071428571428571,0,4,0.0
steady,p,34,0.6071428571428571,0,5,0.0
steady,p,34,0.6071428571428571,1,0,0.07967773514489333
steady,p,34,0.6071428571428571,1,1,0.11032980990906556
steady,p,34,0.6071428571428571,1,2,0.1253006545205911
steady,p,34,0.6071428571428571,1,3,0.008033800249298414
steady,p,34,0.6071428571428571,1,4,0.0
steady,p,34,0.6071428571428571,1,5,0.05954087649782499
steady,p,34,0.6071428571428571,2,0,0.0
steady,p,34,0.6071428571428571,2,1,0.0
steady,p,34,0.6071428571428571,2,2,0.0
steady,p,34,0.6071428571428571,2,3,0.0
steady,p,34,0.6071428571428571,2,4,0.0
steady,p,34,0.6071428571428571,2,5,0.0
steady,p,35,0.625,0,0,0.02045074664056301
steady,p,35,0.625,0,1,0.0
steady,p,35,0.625,0,2,0.01783754179875056
steady,p,35,0.625,0,3,0.0
steady,p,35,0.625,0,4,0.0
steady,p,35,0.625,0,5,0.0
steady,p,35,0.625,1,0,0.05382699581484
steady,p,35,0.625,1,1,0.11411050769189994
steady,p,35,0.625,1,2,0.12927386723458767
steady,p,35,0.625,1,3,0.008081647877891859
steady,p,35,0.625,1,4,0.007430322468280792
steady,p,35,0.625,1,5,0.10844782305260499
steady,p,35,0.625,2,0,0.0
steady,p,35,0.625,2,1,0.0
steady,p,35,0.625,2,2,0.0
steady,p,35,0.625,2,3,0.0
steady,p,35,0.625,2,4,0.0
steady,p,35,0.625,2,5,0.0
steady,p,36,0.6428571428571429,0,0,0.020525182286898296
steady,p,36,0.6428571428571429,0,1,0.0
steady,p,36,0.6428571428571429,0,2,0.017763105531533558
steady,p,36,0.6428571428571429,0,3,0.0
steady,p,36,0.6428571428571429,0,4,0.0
steady,p,36,0.6428571428571429,0,5,0.0
steady,p,36,0.6428571428571429,1,0,0.09386327241857846
steady,p,36,0.6428571428571429,1,1,0.12333633005619049
steady,p,36,0.6428571428571429,1,2,0.12980799625317255
steady,p,36,0.6428571428571429,1,3,0.015534279868006706
steady,p,36,0.6428571428571429,1,4,0.018128689999381702
steady,p,36,0.6428571428571429,1,5,0.04050059802830219
steady,p,36,0.6428571428571429,2,0,0.0
steady,p,36,0.6428571428571429,2,1,0.0
steady,p,36,0.6428571428571429,2,2,0.0
steady,p,36,0.6428571428571429,2,3,0.0
steady,p,36,0.6428571428571429,2,4,0.0
steady,p,36,0.6428571428571429,2,5,0.0
steady,p,37,0.6607142857142857,0,0,0.0
steady,p,37,0.6607142857142857,0,1,0.0
steady,p,37,0.6607142857142857,0,2,0.0
steady,p,37,0.6607142857142857,0,3,0.0
steady,p,37,0.6607142857142857,0,4,0.0
steady,p,37,0.6607142857142857,0,5,0.0
steady,p,37,0.6607142857142857,1,0,0.0665139090269804
steady,p,37,0.6607142857142857,1,1,0.11802038674553235
steady,p,37,0.6607142857142857,1,2,0.12503838477035364
steady,p,37,0.6607142857142857,1,3,0.015600760777791342
steady,p,37,0.6607142857142857,1,4,0.01788053723673026
steady,p,37,0.6607142857142857,1,5,0.11640546719233195
steady,p,37,0.6607142857142857,2,0,0.0
steady,p,37,0.6607142857142857,2,1,0.0
steady,p,37,0.6607142857142857,2,2,0.0
steady,p,37,0.6607142857142857,2,3,0.0
steady,p,37,0.6607142857142857,2,4,0.0
steady,p,37,0.6607142857142857,2,5,0.0
steady,p,38,0.6785714285714286,0,0,0.019891479363044102
steady,p,38,0.6785714285714286,0,1,0.0
steady,p,38,0.6785714285714286,0,2,0.018396809697151184
steady,p,38,0.6785714285714286,0,3,0.0
steady,p,38,0.6785714285714286,0,4,0.0
steady,p,38,0.6785714285714286,0,5,0.0
steady,p,38,0.6785714285714286,1,0,0.08923673381408055
steady,p,38,0.6785714285714286,1,1,0.10263101508220036
steady,p,38,0.6785714285714286,1,2,0.11853558197617531
steady,p,38,0.6785714285714286,1,3,0.024402453874548275
steady,p,38,0.6785714285714286,1,4,0.025912125284473102
steady,p,38,0.6785714285714286,1,5,0.06045325535039107
steady,p,38,0.6785714285714286,2,0,0.0
steady,p,38,0.6785714285714286,2,1,0.0
steady,p,38,0.6785714285714286,2,2,0.0
steady,p,38,0.6785714285714286,2,3,0.0
steady,p,38,0.6785714285714286,2,4,0.0
steady,p,38,0.6785714285714286,2,5,0.0
steady,p,39,0.6964285714285714,0,0,0.020413526023427647
steady,p,39,0.6964285714285714,0,1,0.0
steady,p,39,0.6964285714285714,0,2,0.017874761174122494
steady,p,39,0.6964285714285714,0,3,0.0
steady,p,39,0.6964285714285714,0,4,0.0
steady,p,39,0.6964285714285714,0,5,0.0
steady,p,39,0.6964285714285714,1,0,0.04604850088556608
steady,p,39,0.6964285714285714,1,1,0.0936821245898803
steady,p,39,0.6964285714285714,1,2,0.12971367004017034
steady,p,39,0.6964285714285714,1,3,0.015870851775010426
steady,p,39,0.6964285714285714,1,4,0.00849234995742639
steady,p,39,0.6964285714285714,1,5,0.12736367247998714
steady,p,39,0.6964285714285714,2,0,0.0
steady,p,39,0.6964285714285714,2,1,0.0
steady,p,39,0.6964285714285714,2,2,0.0
steady,p,39,0.6964285714285714,2,3,0.0
steady,p,39,0.6964285714285714,2,4,0.0
steady,p,39,0.6964285714285714,2,5,0.0
steady,p,40,0.7142857142857143,0,0,0.02039494551718235
steady,p,40,0.7142857142857143,0,1,0.0
steady,p,40,0.7142857142857143,0,2,0.01789334478477637
steady,p,40,0.7142857142857143,0,3,0.0
steady,p,40,0.7142857142857143,0,4,0.0
steady,p,40,0.7142857142857143,0,5,0.0
steady,p,40,0.7142857142857143,1,0,0.10687437281012535
steady,p,40,0.7142857142857143,1,1,0.12972023524343967
steady,p,40,0.7142857142857143,1,2,0.10724567249417305
steady,p,40,0.7142857142857143,1,3,0.0
steady,p,40,0.7142857142857143,1,4,0.007957637310028076
steady,p,40,0.7142857142857143,1,5,0.06937324814498425
steady,p,40,0.7142857142857143,2,0,0.0
steady,p,40,0.7142857142857143,2,1,0.0
steady,p,40,0.7142857142857143,2,2,0.0
steady,p,40,0.7142857142857143,2,3,0.0
steady,p,40,0.7142857142857143,2,4,0.0
steady,p,40,0.7142857142857143,2,5,0.0
steady,p,41,0.7321428571428571,0,0,0.009030483663082123
steady,p,41,0.7321428571428571,0,1,0.0
steady,p,41,0.7321428571428571,0,2,0.010113661487897238
steady,p,41,0.7321428571428571,0,3,0.0
steady,p,41,0.7321428571428571,0,4,0.0
steady,p,41,0.7321428571428571,0,5,0.0
steady,p,41,0.7321428571428571,1,0,0.04513960642119249
steady,p,41,0.7321428571428571,1,1,0.05574510929485162
steady,p,41,0.7321428571428571,1,2,0.11638771556317806
steady,p,41,0.7321428571428571,1,3,0.017479223509629566
steady,p,41,0.7321428571428571,1,4,0.0743464616437753
steady,p,41,0.7321428571428571,1,5,0.131217194100221
steady,p,41,0.7321428571428571,2,0,0.0
steady,p,41,0.7321428571428571,2,1,0.0
steady,p,41,0.7321428571428571,2,2,0.0
steady,p,41,0.7321428571428571,2,3,0.0
steady,p,41,0.7321428571428571,2,4,0.0
steady,p,41,0.7321428571428571,2,5,0.0
steady,p,42,0.75,0,0,0.017744646097222965
steady,p,42,0.75,0,1,0.0
steady,p,42,0.75,0,2,0.02054363985856374
steady,p,42,0.75,0,3,0.0
steady,p,42,0.75,0,4,0.0
steady,p,42,0.75,0,5,0.0
steady,p,42,0.75,1,0,0.10398997304340203
steady,p,42,0.75,1,1,0.07683159659306209
steady,p,42,0.75,1,2,0.11094736183683078
steady,p,42,0.75,1,3,0.008942012364665667
steady,p,42,0.75,1,4,0.009350103015700975
steady,p,42,0.75,1,5,0.07282182946801186
steady,p,42,0.75,2,0,0.0
steady,p,42,0.75,2,1,0.0
steady,p,42,0.75,2,2,0.0
steady,p,42,0.75,2,3,0.0
steady,p,42,0.75,2,4,0.0186208076775074
steady,p,42,0.75,2,5,0.019667480140924454
steady,p,43,0.7678571428571429,0,0,0.02757337937752406
steady,p,43,0.7678571428571429,0,1,0.0
steady,p,43,0.7678571428571429,0,2,0.020230896150072415
steady,p,43,0.7678571428571429,0,3,0.0
steady,p,43,0.7678571428571429,0,4,0.0
steady,p,43,0.7678571428571429,0,5,0.009628157441814741
steady,p,43,0.7678571428571429,1,0,0.010195150350530943
steady,p,43,0.7678571428571429,1,1,0.03495315524439017
steady,p,43,0.7678571428571429,1,2,0.09853657397131126
steady,p,43,0.7678571428571429,1,3,0.0
steady,p,43,0.7678571428571429,1,4,0.06561687278250854
steady,p,43,0.7678571428571429,1,5,0.1927252598106861
steady,p,43,0.7678571428571429,2,0,0.0
steady,p,43,0.7678571428571429,2,1,0.0
steady,p,43,0.7678571428571429,2,2,0.0
steady,p,43,0.7678571428571429,2,3,0.0
steady,p,43,0.7678571428571429,2,4,0.0
steady,p,43,0.7678571428571429,2,5,0.0
steady,p,44,0.7857142857142857,0,0,0.10125408880412579
steady,p,44,0.7857142857142857,0,1,0.007951962451140085
steady,p,44,0.7857142857142857,0,2,0.10137953671316306
steady,p,44,0.7857142857142857,0,3,0.0
steady,p,44,0.7857142857142857,0,4,0.0
steady,p,44,0.7857142857142857,0,5,0.0
steady,p,44,0.7857142857142857,1,0,0.036242399364709854
steady,p,44,0.7857142857142857,1,1,0.010349720095594725
steady,p,44,0.7857142857142857,1,2,0.08825935485462348
steady,p,44,0.7857142857142857,1,3,0.0
steady,p,44,0.7857142857142857,1,4,0.0
steady,p,44,0.7857142857142857,1,5,0.09487825321654479
steady,p,44,0.7857142857142857,2,0,0.0
steady,p,44,0.7857142857142857,2,1,0.0
steady,p,44,0.7857142857142857,2,2,0.01003908614317576
steady,p,44,0.7857142857142857,2,3,0.0
steady,p,44,0.7857142857142857,2,4,0.009105056524276733
steady,p,44,0.7857142857142857,2,5,0.0
steady,p,45,0.8035714285714286,0,0,0.02036615088582039
steady,p,45,0.8035714285714286,0,1,0.0
steady,p,45,0.8035714285714286,0,2,0.029974273095528286
steady,p,45,0.8035714285714286,0,3,0.0
steady,p,45,0.8035714285714286,0,4,0.007092007746299108
steady,p,45,0.8035714285714286,0,5,0.0
steady,p,45,0.8035714285714286,1,0,0.04705642287929853
steady,p,45,0.8035714285714286,1,1,0.09824568033218384
steady,p,45,0.8035714285714286,1,2,0.09636569209396839
steady,p,45,0.8035714285714286,1,3,0.0
steady,p,45,0.8035714285714286,1,4,0.0
steady,p,45,0.8035714285714286,1,5,0.16035922740896544
steady,p,45,0.8035714285714286,2,0,0.0
steady,p,45,0.8035714285714286,2,1,0.0
steady,p,45,0.8035714285714286,2,2,0.0
steady,p,45,0.8035714285714286,2,3,0.0
steady,p,45,0.8035714285714286,2,4,0.0
steady,p,45,0.8035714285714286,2,5,0.0
steady,p,46,0.8214285714285714,0,0,0.07308727316558361
steady,p,46,0.8214285714285714,0,1,0.0
steady,p,46,0.8214285714285714,0,2,0.11153459238509338
steady,p,46,0.8214285714285714,0,3,0.0
steady,p,46,0.8214285714285714,0,4,0.006819578508536021
steady,p,46,0.8214285714285714,0,5,0.0
steady,p,46,0.8214285714285714,1,0,0.02886919428904851
steady,p,46,0.8214285714285714,1,1,0.06579774742325147
steady,p,46,0.8214285714285714,1,2,0.057509901002049446
steady,p,46,0.8214285714285714,1,3,0.009338424851497015
steady,p,46,0.8214285714285714,1,4,0.0
steady,p,46,0.8214285714285714,1,5,0.10650275026758511
steady,p,46,0.8214285714285714,2,0,0.0
steady,p,46,0.8214285714285714,2,1,0.0
steady,p,46,0.8214285714285714,2,2,0.0
steady,p,46,0.8214285714285714,2,3,0.0
steady,p,46,0.8214285714285714,2,4,0.0
steady,p,46,0.8214285714285714,2,5,0.0
steady,p,47,0.8392857142857143,0,0,0.029684120789170265
steady,p,47,0.8392857142857143,0,1,0.0
steady,p,47,0.8392857142857143,0,2,0.10977835829059283
steady,p,47,0.8392857142857143,0,3,0.0
steady,p,47,0.8392857142857143,0,4,0.03283481734494368
steady,p,47,0.8392857142857143,0,5,0.0
steady,p,47,0.8392857142857143,1,0,0.037966652462879814
steady,p,47,0.8392857142857143,1,1,0.0664446031053861
steady,p,47,0.8392857142857143,1,2,0.06686319162448247
steady,p,47,0.8392857142857143,1,3,0.0
steady,p,47,0.8392857142857143,1,4,0.0
steady,p,47,0.8392857142857143,1,5,0.07759942424794038
steady,p,47,0.8392857142857143,2,0,0.0
steady,p,47,0.8392857142857143,2,1,0.0
steady,p,47,0.8392857142857143,2,2,0.018728530034422874
steady,p,47,0.8392857142857143,2,3,0.010034423942367235
steady,p,47,0.8392857142857143,2,4,0.009525333220760027
steady,p,47,0.8392857142857143,2,5,0.0
steady,p,48,0.8571428571428571,0,0,0.0664855136225621
steady,p,48,0.8571428571428571,0,1,0.0
steady,p,48,0.8571428571428571,0,2,0.1396165695041418
steady,p,48,0.8571428571428571,0,3,0.0
steady,p,48,0.8571428571428571,0,4,0.023627643783887226
steady,p,48,0.8571428571428571,0,5,0.0
steady,p,48,0.8571428571428571,1,0,0.04933366427818934
steady,p,48,0.8571428571428571,1,1,0.029009811580181122
steady,p,48,0.8571428571428571,1,2,0.09478360041975975
steady,p,48,0.8571428571428571,1,3,0.00909456672767798
steady,p,48,0.8571428571428571,1,4,0.0
steady,p,48,0.8571428571428571,1,5,0.04750808452566465
steady,p,48,0.8571428571428571,2,0,0.0
steady,p,48,0.8571428571428571,2,1,0.0
steady,p,48,0.8571428571428571,2,2,0.0
steady,p,48,0.8571428571428571,2,3,0.0
steady,p,48,0.8571428571428571,2,4,0.0
steady,p,48,0.8571428571428571,2,5,0.0
steady,p,49,0.875,0,0,0.03599547718962034
steady,p,49,0.875,0,1,0.0
steady,p,49,0.875,0,2,0.10900111744801204
steady,p,49,0.875,0,3,0.0
steady,p,49,0.875,0,4,0.027300699924429257
steady,p,49,0.875,0,5,0.0
steady,p,49,0.875,1,0,0.0181720486531655
steady,p,49,0.875,1,1,0.047683230911691986
steady,p,49,0.875,1,2,0.0843161332110564
steady,p,49,0.875,1,3,0.0
steady,p,49,0.875,1,4,0.0
steady,p,49,0.875,1,5,0.13699074586232504
steady,p,49,0.875,2,0,0.0
steady,p,49,0.875,2,1,0.0
steady,p,49,0.875,2,2,0.0
steady,p,49,0.875,2,3,0.0
steady,p,49,0.875,2,4,0.0
steady,p,49,0.875,2,5,0.0
steady,p,50,0.8928571428571429,0,0,0.0829502089569966
steady,p,50,0.8928571428571429,0,1,0.0
steady,p,50,0.8928571428571429,0,2,0.13235706153015295
steady,p,50,0.8928571428571429,0,3,0.0
steady,p,50,0.8928571428571429,0,4,0.007369919990499814
steady,p,50,0.8928571428571429,0,5,0.007052539537350337
steady,p,50,0.8928571428571429,1,0,0.027929363772273064
steady,p,50,0.8928571428571429,1,1,0.010011980930964151
steady,p,50,0.8928571428571429,1,2,0.10436845508714516
steady,p,50,0.8928571428571429,1,3,0.008981579293807348
steady,p,50,0.8928571428571429,1,4,0.0
steady,p,50,0.8928571428571429,1,5,0.0784383478264014
steady,p,50,0.8928571428571429,2,0,0.0
steady,p,50,0.8928571428571429,2,1,0.0
steady,p,50,0.8928571428571429,2,2,0.0
steady,p,50,0.8928571428571429,2,3,0.0
steady,p,50,0.8928571428571429,2,4,0.0
steady,p,50,0.8928571428571429,2,5,0.0
steady,p,51,0.9107142857142857,0,0,0.07241002966960271
steady,p,51,0.9107142857142857,0,1,0.0
steady,p,51,0.9107142857142857,0,2,0.09988726675510406
steady,p,51,0.9107142857142857,0,3,0.0
steady,p,51,0.9107142857142857,0,4,0.0
steady,p,51,0.9107142857142857,0,5,0.0
steady,p,51,0.9107142857142857,1,0,0.027101999148726463
steady,p,51,0.9107142857142857,1,1,0.039395724112788834
steady,p,51,0.9107142857142857,1,2,0.10686454176902771
steady,p,51,0.9107142857142857,1,3,0.0
steady,p,51,0.9107142857142857,1,4,0.008109023794531822
steady,p,51,0.9107142857142857,1,5,0.10569086919228236
steady,p,51,0.9107142857142857,2,0,0.0
steady,p,51,0.9107142857142857,2,1,0.0
steady,p,51,0.9107142857142857,2,2,0.0
steady,p,51,0.9107142857142857,2,3,0.0
steady,p,51,0.9107142857142857,2,4,0.0
steady,p,51,0.9107142857142857,2,5,0.0
steady,p,52,0.9285714285714286,0,0,0.0648484118282795
steady,p,52,0.9285714285714286,0,1,0.0
steady,p,52,0.9285714285714286,0,2,0.06916059429446857
steady,p,52,0.9285714285714286,0,3,0.0
steady,p,52,0.9285714285714286,0,4,0.0
steady,p,52,0.9285714285714286,0,5,0.0
steady,p,52,0.9285714285714286,1,0,0.02838270242015521
steady,p,52,0.9285714285714286,1,1,0.057349770019451775
steady,p,52,0.9285714285714286,1,2,0.11090944272776444
steady,p,52,0.9285714285714286,1,3,0.03314176698525747
steady,p,52,0.9285714285714286,1,4,0.0
steady,p,52,0.9285714285714286,1,5,0.09566676244139671
steady,p,52,0.9285714285714286,2,0,0.0
steady,p,52,0.9285714285714286,2,1,0.0
steady,p,52,0.9285714285714286,2,2,0.0
steady,p,52,0.9285714285714286,2,3,0.0
steady,p,52,0.9285714285714286,2,4,0.0
steady,p,52,0.9285714285714286,2,5,0.0
steady,p,53,0.9464285714285714,0,0,0.008381756022572517
steady,p,53,0.9464285714285714,0,1,0.0
steady,p,53,0.9464285714285714,0,2,0.010762387265761694
steady,p,53,0.9464285714285714,0,3,0.0
steady,p,53,0.9464285714285714,0,4,0.0
steady,p,53,0.9464285714285714,0,5,0.0
steady,p,53,0.9464285714285714,1,0,0.07994845447440942
steady,p,53,0.9464285714285714,1,1,0.09533416107296944
steady,p,53,0.9464285714285714,1,2,0.10800013691186905
steady,p,53,0.9464285714285714,1,3,0.008221058174967766
steady,p,53,0.9464285714285714,1,4,0.008786298955480257
steady,p,53,0.9464285714285714,1,5,0.14002520218491554
steady,p,53,0.9464285714285714,2,0,0.0
steady,p,53,0.9464285714285714,2,1,0.0
steady,p,53,0.9464285714285714,2,2,0.0
steady,p,53,0.9464285714285714,2,3,0.0
steady,p,53,0.9464285714285714,2,4,0.0
steady,p,53,0.9464285714285714,2,5,0.0
steady,p,54,0.9642857142857143,0,0,0.033925555646419525
steady,p,54,0.9642857142857143,0,1,0.0
steady,p,54,0.9642857142857143,0,2,0.02350687546034654
steady,p,54,0.9642857142857143,0,3,0.0
steady,p,54,0.9642857142857143,0,4,0.0
steady,p,54,0.9642857142857143,0,5,0.0
steady,p,54,0.9642857142857143,1,0,0.10034028999507427
steady,p,54,0.9642857142857143,1,1,0.05755778526266416
steady,p,54,0.9642857142857143,1,2,0.10725358811517556
steady,p,54,0.9642857142857143,1,3,0.008520045628150305
steady,p,54,0.9642857142857143,1,4,0.0
steady,p,54,0.9642857142857143,1,5,0.12835531122982502
steady,p,54,0.9642857142857143,2,0,0.0
steady,p,54,0.9642857142857143,2,1,0.0
steady,p,54,0.9642857142857143,2,2,0.0
steady,p,54,0.9642857142857143,2,3,0.0
steady,p,54,0.9642857142857143,2,4,0.0
steady,p,54,0.9642857142857143,2,5,0.0
steady,p,55,0.9821428571428571,0,0,0.05243361617128054
steady,p,55,0.9821428571428571,0,1,0.0
steady,p,55,0.9821428571428571,0,2,0.043287105237444244
steady,p,55,0.9821428571428571,0,3,0.0
steady,p,55,0.9821428571428571,0,4,0.0
steady,p,55,0.9821428571428571,0,5,0.0
steady,p,55,0.9821428571428571,1,0,0.057069805140296616
steady,p,55,0.9821428571428571,1,1,0.07163986749947071
steady,p,55,0.9821428571428571,1,2,0.11998549848794937
steady,p,55,0.9821428571428571,1,3,0.007716943820317586
steady,p,55,0.9821428571428571,1,4,0.0
steady,p,55,0.9821428571428571,1,5,0.10732661622265975
steady,p,55,0.9821428571428571,2,0,0.0
steady,p,55,0.9821428571428571,2,1,0.0
steady,p,55,0.9821428571428571,2,2,0.0
steady,p,55,0.9821428571428571,2,3,0.0
steady,p,55,0.9821428571428571,2,4,0.0
steady,p,55,0.9821428571428571,2,5,0.0
steady,p,56,1.0,0,0,0.06335020810365677
steady,p,56,1.0,0,1,0.0
steady,p,56,1.0,0,2,0.05151465721428394
steady,p,56,1.0,0,3,0.0
steady,p,56,1.0,0,4,0.0
steady,p,56,1.0,0,5,0.0
steady,p,56,1.0,1,0,0.04576889735956987
steady,p,56,1.0,1,1,0.08840971998870373
steady,p,56,1.0,1,2,0.10212870749334495
steady,p,56,1.0,1,3,0.008732935413718224
steady,p,56,1.0,1,4,0.0
steady,p,56,1.0,1,5,0.09955433011054993
steady,p,56,1.0,2,0,0.0
steady,p,56,1.0,2,1,0.0
steady,p,56,1.0,2,2,0.0
steady,p,56,1.0,2,3,0.0
steady,p,56,1.0,2,4,0.0
steady,p,56,1.0,2,5,0.0
hopf,u,1,0.017857142857142856,0,0,0.0
hopf,u,1,0.017857142857142856,0,1,1.1758448822736985e-05
hopf,u,1,0.017857142857142856,0,2,0.0
hopf,u,1,0.017857142857142856,0,3,0.428559672832489
hopf,u,1,0.017857142857142856,0,4,0.0
hopf,u,1,0.017857142857142856,0,5,0.0
hopf,u,2,0.03571428571428571,0,0,0.0
hopf,u,2,0.03571428571428571,0,1,0.00028887988871512484
hopf,u,2,0.03571428571428571,0,2,0.0
hopf,u,2,0.03571428571428571,0,3,0.4282825529575348
hopf,u,2,0.03571428571428571,0,4,0.0
hopf,u,2,0.03571428571428571,0,5,0.0
hopf,u,3,0.05357142857142857,0,0,0.0
hopf,u,3,0.05357142857142857,0,1,0.00031676762369746333
hopf,u,3,0.05357142857142857,0,2,0.0
hopf,u,3,0.05357142857142857,0,3,0.42825466990470884
hopf,u,3,0.05357142857142857,0,4,0.0
hopf,u,3,0.05357142857142857,0,5,0.0
hopf,u,4,0.07142857142857142,0,0,0.0
hopf,u,4,0.07142857142857142,0,1,0.00014425127081381107
hopf,u,4,0.07142857142857142,0,2,0.0
hopf,u,4,0.07142857142857142,0,3,0.4284271856149038
hopf,u,4,0.07142857142857142,0,4,0.0
hopf,u,4,0.07142857142857142,0,5,0.0
hopf,u,5,0.08928571428571429,0,0,0.0
hopf,u,5,0.08928571428571429,0,1,0.0006283079952481785
hopf,u,5,0.08928571428571429,0,2,0.0
hopf,u,5,0.08928571428571429,0,3,0.4279431323210398
hopf,u,5,0.08928571428571429,0,4,0.0
hopf,u,5,0.08928571428571429,0,5,0.0
hopf,u,6,0.10714285714285714,0,0,0.0
hopf,u,6,0.10714285714285714,0,1,0.0006345535154736126
hopf,u,6,0.10714285714285714,0,2,0.0
hopf,u,6,0.10714285714285714,0,3,0.42793688774108884
hopf,u,6,0.10714285714285714,0,4,0.0
hopf,u,6,0.10714285714285714,0,5,0.0
hopf,u,7,0.125,0,0,0.0
hopf,u,7,0.125,0,1,0.0003000923626416352
hopf,u,7,0.125,0,2,0.0
hopf,u,7,0.125,0,3,0.4282713452974955
hopf,u,7,0.125,0,4,0.0
hopf,u,7,0.125,0,5,0.0
hopf,u,8,0.14285714285714285,0,0,0.0
hopf,u,8,0.14285714285714285,0,1,0.0005802099879891405
hopf,u,8,0.14285714285714285,0,2,0.0
hopf,u,8,0.14285714285714285,0,3,0.4279912233352661
hopf,u,8,0.14285714285714285,0,4,0.0
hopf,u,8,0.14285714285714285,0,5,0.0
hopf,u,9,0.16071428571428573,0,0,0.0
hopf,u,9,0.16071428571428573,0,1,0.0014859164443644583
hopf,u,9,0.16071428571428573,0,2,0.0
hopf,u,9,0.16071428571428573,0,3,0.4270855208237966
hopf,u,9,0.16071428571428573,0,4,0.0
hopf,u,9,0.16071428571428573,0,5,0.0
hopf,u,10,0.17857142857142858,0,0,0.0
hopf,u,10,0.17857142857142858,0,1,0.0004771594128177033
hopf,u,10,0.17857142857142858,0,2,0.0
hopf,u,10,0.17857142857142858,0,3,0.4280942718187968
hopf,u,10,0.17857142857142858,0,4,0.0
hopf,u,10,0.17857142857142858,0,5,0.0
hopf,u,11,0.19642857142857142,0,0,0.0
hopf,u,11,0.19642857142857142,0,1,0.0005429693185021733
hopf,u,11,0.19642857142857142,0,2,0.0
hopf,u,11,0.19642857142857142,0,3,0.42802846630414326
hopf,u,11,0.19642857142857142,0,4,0.0
hopf,u,11,0.19642857142857142,0,5,0.0
hopf,u,12,0.21428571428571427,0,0,0.0
hopf,u,12,0.21428571428571427,0,1,0.0037398364601481642
hopf,u,12,0.21428571428571427,0,2,0.0
hopf,u,12,0.21428571428571427,0,3,0.4248315989971161
hopf,u,12,0.21428571428571427,0,4,0.0
hopf,u,12,0.21428571428571427,0,5,0.0
hopf,u,13,0.23214285714285715,0,0,0.0
hopf,u,13,0.23214285714285715,0,1,0.0016502437364692923
hopf,u,13,0.23214285714285715,0,2,0.0
hopf,u,13,0.23214285714285715,0,3,0.42692119081815083
hopf,u,13,0.23214285714285715,0,4,0.0
hopf,u,13,0.23214285714285715,0,5,0.0
hopf,u,14,0.25,0,0,0.0
hopf,u,14,0.25,0,1,0.0001624332089827855
hopf,u,14,0.25,0,2,0.0
hopf,u,14,0.25,0,3,0.4284090042114258
hopf,u,14,0.25,0,4,0.0
hopf,u,14,0.25,0,5,0.0
hopf,u,15,0.26785714285714285,0,0,0.0
hopf,u,15,0.26785714285714285,0,1,0.0001076027965874952
hopf,u,15,0.26785714285714285,0,2,0.0
hopf,u,15,0.26785714285714285,0,3,0.42846383651097614
hopf,u,15,0.26785714285714285,0,4,0.0
hopf,u,15,0.26785714285714285,0,5,0.0
hopf,u,16,0.2857142857142857,0,0,0.0
hopf,u,16,0.2857142857142857,0,1,0.0026804775707717
hopf,u,16,0.2857142857142857,0,2,0.0
hopf,u,16,0.2857142857142857,0,3,0.4258909543355306
hopf,u,16,0.2857142857142857,0,4,0.0
hopf,u,16,0.2857142857142857,0,5,0.0
hopf,u,17,0.30357142857142855,0,0,0.0
hopf,u,17,0.30357142857142855,0,1,0.0005662225760270682
hopf,u,17,0.30357142857142855,0,2,0.0
hopf,u,17,0.30357142857142855,0,3,0.4280052125453949
hopf,u,17,0.30357142857142855,0,4,0.0
hopf,u,17,0.30357142857142855,0,5,0.0
hopf,u,18,0.32142857142857145,0,0,0.0
hopf,u,18,0.32142857142857145,0,1,0.0002672686672279193
hopf,u,18,0.32142857142857145,0,2,0.0
hopf,u,18,0.32142857142857145,0,3,0.42830417354901634
hopf,u,18,0.32142857142857145,0,4,0.0
hopf,u,18,0.32142857142857145,0,5,0.0
hopf,u,19,0.3392857142857143,0,0,0.0
hopf,u,19,0.3392857142857143,0,1,0.00017334145863780274
hopf,u,19,0.3392857142857143,0,2,0.0
hopf,u,19,0.3392857142857143,0,3,0.4283980965614319
hopf,u,19,0.3392857142857143,0,4,0.0
hopf,u,19,0.3392857142857143,0,5,0.0
hopf,u,20,0.35714285714285715,0,0,0.0
hopf,u,20,0.35714285714285715,0,1,1.4666500791804538e-05
hopf,u,20,0.35714285714285715,0,2,0.0
hopf,u,20,0.35714285714285715,0,3,0.42855677207310994
hopf,u,20,0.35714285714285715,0,4,0.0
hopf,u,20,0.35714285714285715,0,5,0.0
hopf,u,21,0.375,0,0,0.0
hopf,u,21,0.375,0,1,5.217102512915517e-05
hopf,u,21,0.375,0,2,0.0
hopf,u,21,0.375,0,3,0.4285192588965098
hopf,u,21,0.375,0,4,0.0
hopf,u,21,0.375,0,5,0.0
hopf,u,22,0.39285714285714285,0,0,0.0
hopf,u,22,0.39285714285714285,0,1,8.822299314867147e-05
hopf,u,22,0.39285714285714285,0,2,0.0
hopf,u,22,0.39285714285714285,0,3,0.42848321398099265
hopf,u,22,0.39285714285714285,0,4,0.0
hopf,u,22,0.39285714285714285,0,5,0.0
hopf,u,23,0.4107142857142857,0,0,0.0
hopf,u,23,0.4107142857142857,0,1,0.0003859363036411878
hopf,u,23,0.4107142857142857,0,2,0.0
hopf,u,23,0.4107142857142857,0,3,0.42818549275398254
hopf,u,23,0.4107142857142857,0,4,0.0
hopf,u,23,0.4107142857142857,0,5,0.0
hopf,u,24,0.42857142857142855,0,0,0.0
hopf,u,24,0.42857142857142855,0,1,5.1015095449239806e-05
hopf,u,24,0.42857142857142855,0,2,0.0
hopf,u,24,0.42857142857142855,0,3,0.42852041522661843
hopf,u,24,0.42857142857142855,0,4,0.0
hopf,u,24,0.42857142857142855,0,5,0.0
hopf,u,25,0.44642857142857145,0,0,0.0
hopf,u,25,0.44642857142857145,0,1,0.0001429869755099844
hopf,u,25,0.44642857142857145,0,2,0.0
hopf,u,25,0.44642857142857145,0,3,0.42842844923337303
hopf,u,25,0.44642857142857145,0,4,0.0
hopf,u,25,0.44642857142857145,0,5,0.0
hopf,u,26,0.4642857142857143,0,0,0.0
hopf,u,26,0.4642857142857143,0,1,0.00011628727366144175
hopf,u,26,0.4642857142857143,0,2,0.0
hopf,u,26,0.4642857142857143,0,3,0.4284551441669464
hopf,u,26,0.4642857142857143,0,4,0.0
hopf,u,26,0.4642857142857143,0,5,0.0
hopf,u,27,0.48214285714285715,0,0,0.0
hopf,u,27,0.48214285714285715,0,1,1.0436160853070457e-05
hopf,u,27,0.48214285714285715,0,2,0.0
hopf,u,27,0.48214285714285715,0,3,0.428561000029246
hopf,u,27,0.48214285714285715,0,4,0.0
hopf,u,27,0.48214285714285715,0,5,0.0
hopf,u,28,0.5,0,0,0.0
hopf,u,28,0.5,0,1,5.0568192952482606e-05
hopf,u,28,0.5,0,2,0.0
hopf,u,28,0.5,0,3,0.42852086822191876
hopf,u,28,0.5,0,4,0.0
hopf,u,28,0.5,0,5,0.0
hopf,u,29,0.5178571428571429,0,0,0.0
hopf,u,29,0.5178571428571429,0,1,3.393462924350388e-06
hopf,u,29,0.5178571428571429,0,2,0.0
hopf,u,29,0.5178571428571429,0,3,0.4285680373509725
hopf,u,29,0.5178571428571429,0,4,0.0
hopf,u,29,0.5178571428571429,0,5,0.0
hopf,u,30,0.5357142857142857,0,0,0.0
hopf,u,30,0.5357142857142857,0,1,2.3184422663765264e-06
hopf,u,30,0.5357142857142857,0,2,0.0
hopf,u,30,0.5357142857142857,0,3,0.4285691142082214
hopf,u,30,0.5357142857142857,0,4,0.0
hopf,u,30,0.5357142857142857,0,5,0.0
hopf,u,31,0.5535714285714286,0,0,0.0
hopf,u,31,0.5535714285714286,0,1,2.752202389425899e-06
hopf,u,31,0.5535714285714286,0,2,0.0
hopf,u,31,0.5535714285714286,0,3,0.4285686751206716
hopf,u,31,0.5535714285714286,0,4,0.0
hopf,u,31,0.5535714285714286,0,5,0.0
hopf,u,32,0.5714285714285714,0,0,0.0
hopf,u,32,0.5714285714285714,0,1,2.2088933282778574e-06
hopf,u,32,0.5714285714285714,0,2,0.0
hopf,u,32,0.5714285714285714,0,3,0.42856922149658205
hopf,u,32,0.5714285714285714,0,4,0.0
hopf,u,32,0.5714285714285714,0,5,0.0
hopf,u,33,0.5892857142857143,0,0,0.0
hopf,u,33,0.5892857142857143,0,1,2.265215834048225e-06
hopf,u,33,0.5892857142857143,0,2,0.0
hopf,u,33,0.5892857142857143,0,3,0.42856916586558025
hopf,u,33,0.5892857142857143,0,4,0.0
hopf,u,33,0.5892857142857143,0,5,0.0
hopf,u,34,0.6071428571428571,0,0,0.0
hopf,u,34,0.6071428571428571,0,1,2.307239752970721e-06
hopf,u,34,0.6071428571428571,0,2,0.0
hopf,u,34,0.6071428571428571,0,3,0.42856913010279335
hopf,u,34,0.6071428571428571,0,4,0.0
hopf,u,34,0.6071428571428571,0,5,0.0
hopf,u,35,0.625,0,0,0.0
hopf,u,35,0.625,0,1,2.2446067229490535e-06
hopf,u,35,0.625,0,2,0.0
hopf,u,35,0.625,0,3,0.42856919368108115
hopf,u,35,0.625,0,4,0.0
hopf,u,35,0.625,0,5,0.0
hopf,u,36,0.6428571428571429,0,0,0.0
hopf,u,36,0.6428571428571429,0,1,2.1808526308101744e-06
hopf,u,36,0.6428571428571429,0,2,0.0
hopf,u,36,0.6428571428571429,0,3,0.4285692532857259
hopf,u,36,0.6428571428571429,0,4,0.0
hopf,u,36,0.6428571428571429,0,5,0.0
hopf,u,37,0.6607142857142857,0,0,0.0
hopf,u,37,0.6607142857142857,0,1,2.144443604379376e-06
hopf,u,37,0.6607142857142857,0,2,0.0
hopf,u,37,0.6607142857142857,0,3,0.42856929103533425
hopf,u,37,0.6607142857142857,0,4,0.0
hopf,u,37,0.6607142857142857,0,5,0.0
hopf,u,38,0.6785714285714286,0,0,0.0
hopf,u,38,0.6785714285714286,0,1,2.1135249985112145e-06
hopf,u,38,0.6785714285714286,0,2,0.0
hopf,u,38,0.6785714285714286,0,3,0.42856931885083516
hopf,u,38,0.6785714285714286,0,4,0.0
hopf,u,38,0.6785714285714286,0,5,0.0
hopf,u,39,0.6964285714285714,0,0,0.0
hopf,u,39,0.6964285714285714,0,1,2.164947501152407e-06
hopf,u,39,0.6964285714285714,0,2,0.0
hopf,u,39,0.6964285714285714,0,3,0.4285692652066549
hopf,u,39,0.6964285714285714,0,4,0.0
hopf,u,39,0.6964285714285714,0,5,0.0
hopf,u,40,0.7142857142857143,0,0,0.0
hopf,u,40,0.7142857142857143,0,1,2.2299050073115723e-06
hopf,u,40,0.7142857142857143,0,2,0.0
hopf,u,40,0.7142857142857143,0,3,0.4285692036151886
hopf,u,40,0.7142857142857143,0,4,0.0
hopf,u,40,0.7142857142857143,0,5,0.0
hopf,u,41,0.7321428571428571,0,0,0.0
hopf,u,41,0.7321428571428571,0,1,2.2857936803196327e-06
hopf,u,41,0.7321428571428571,0,2,0.0
hopf,u,41,0.7321428571428571,0,3,0.42856914599736534
hopf,u,41,0.7321428571428571,0,4,0.0
hopf,u,41,0.7321428571428571,0,5,0.0
hopf,u,42,0.75,0,0,0.0
hopf,u,42,0.75,0,1,2.2999144742167727e-06
hopf,u,42,0.75,0,2,0.0
hopf,u,42,0.75,0,3,0.4285691340764364
hopf,u,42,0.75,0,4,0.0
hopf,u,42,0.75,0,5,0.0
hopf,u,43,0.7678571428571429,0,0,0.0
hopf,u,43,0.7678571428571429,0,1,2.262680792834241e-06
hopf,u,43,0.7678571428571429,0,2,0.0
hopf,u,43,0.7678571428571429,0,3,0.4285691718260447
hopf,u,43,0.7678571428571429,0,4,0.0
hopf,u,43,0.7678571428571429,0,5,0.0
hopf,u,44,0.7857142857142857,0,0,0.0
hopf,u,44,0.7857142857142857,0,1,2.1886713597041307e-06
hopf,u,44,0.7857142857142857,0,2,0.0
hopf,u,44,0.7857142857142857,0,3,0.42856924533843993
hopf,u,44,0.7857142857142857,0,4,0.0
hopf,u,44,0.7857142857142857,0,5,0.0
hopf,u,45,0.8035714285714286,0,0,0.0
hopf,u,45,0.8035714285714286,0,1,2.128615126177162e-06
hopf,u,45,0.8035714285714286,0,2,0.0
hopf,u,45,0.8035714285714286,0,3,0.4285693109035492
hopf,u,45,0.8035714285714286,0,4,0.0
hopf,u,45,0.8035714285714286,0,5,0.0
hopf,u,46,0.8214285714285714,0,0,0.0
hopf,u,46,0.8214285714285714,0,1,2.118919640755242e-06
hopf,u,46,0.8214285714285714,0,2,0.0
hopf,u,46,0.8214285714285714,0,3,0.4285693069299062
hopf,u,46,0.8214285714285714,0,4,0.0
hopf,u,46,0.8214285714285714,0,5,0.0
hopf,u,47,0.8392857142857143,0,0,0.0
hopf,u,47,0.8392857142857143,0,1,2.165754233374173e-06
hopf,u,47,0.8392857142857143,0,2,0.0
hopf,u,47,0.8392857142857143,0,3,0.4285692652066549
hopf,u,47,0.8392857142857143,0,4,0.0
hopf,u,47,0.8392857142857143,0,5,0.0
hopf,u,48,0.8571428571428571,0,0,0.0
hopf,u,48,0.8571428571428571,0,1,2.2356376736828072e-06
hopf,u,48,0.8571428571428571,0,2,0.0
hopf,u,48,0.8571428571428571,0,3,0.42856919169425967
hopf,u,48,0.8571428571428571,0,4,0.0
hopf,u,48,0.8571428571428571,0,5,0.0
hopf,u,49,0.875,0,0,0.0
hopf,u,49,0.875,0,1,2.2977004486316824e-06
hopf,u,49,0.875,0,2,0.0
hopf,u,49,0.875,0,3,0.4285691340764364
hopf,u,49,0.875,0,4,0.0
hopf,u,49,0.875,0,5,0.0
hopf,u,50,0.8928571428571429,0,0,0.0
hopf,u,50,0.8928571428571429,0,1,2.3197578997269373e-06
hopf,u,50,0.8928571428571429,0,2,0.0
hopf,u,50,0.8928571428571429,0,3,0.42856911222139993
hopf,u,50,0.8928571428571429,0,4,0.0
hopf,u,50,0.8928571428571429,0,5,0.0
hopf,u,51,0.9107142857142857,0,0,0.0
hopf,u,51,0.9107142857142857,0,1,2.2855519271539986e-06
hopf,u,51,0.9107142857142857,0,2,0.0
hopf,u,51,0.9107142857142857,0,3,0.4285691479841868
hopf,u,51,0.9107142857142857,0,4,0.0
hopf,u,51,0.9107142857142857,0,5,0.0
hopf,u,52,0.9285714285714286,0,0,0.0
hopf,u,52,0.9285714285714286,0,1,2.2134831785554828e-06
hopf,u,52,0.9285714285714286,0,2,0.0
hopf,u,52,0.9285714285714286,0,3,0.42856922348340354
hopf,u,52,0.9285714285714286,0,4,0.0
hopf,u,52,0.9285714285714286,0,5,0.0
hopf,u,53,0.9464285714285714,0,0,0.0
hopf,u,53,0.9464285714285714,0,1,2.145876700865301e-06
hopf,u,53,0.9464285714285714,0,2,0.0
hopf,u,53,0.9464285714285714,0,3,0.42856929103533425
hopf,u,53,0.9464285714285714,0,4,0.0
hopf,u,53,0.9464285714285714,0,5,0.0
hopf,u,54,0.9642857142857143,0,0,0.0
hopf,u,54,0.9642857142857143,0,1,2.1231916851623585e-06
hopf,u,54,0.9642857142857143,0,2,0.0
hopf,u,54,0.9642857142857143,0,3,0.4285693089167277
hopf,u,54,0.9642857142857143,0,4,0.0
hopf,u,54,0.9642857142857143,0,5,0.0
hopf,u,55,0.9821428571428571,0,0,0.0
hopf,u,55,0.9821428571428571,0,1,2.1622828474695173e-06
hopf,u,55,0.9821428571428571,0,2,0.0
hopf,u,55,0.9821428571428571,0,3,0.42856927315394083
hopf,u,55,0.9821428571428571,0,4,0.0
hopf,u,55,0.9821428571428571,0,5,0.0
hopf,u,56,1.0,0,0,0.0
hopf,u,56,1.0,0,1,2.228500078634473e-06
hopf,u,56,1.0,0,2,0.0
hopf,u,56,1.0,0,3,0.4285692016283671
hopf,u,56,1.0,0,4,0.0
hopf,u,56,1.0,0,5,0.0
hopf,p,1,0.017857142857142856,0,0,0.0
hopf,p,1,0.017857142857142856,0,1,0.0
hopf,p,1,0.017857142857142856,0,2,0.36041320363680523
hopf,p,1,0.017857142857142856,0,3,0.0
hopf,p,1,0.017857142857142856,0,4,0.06815822647331515
hopf,p,1,0.017857142857142856,0,5,0.0
hopf,p,2,0.03571428571428571,0,0,0.0
hopf,p,2,0.03571428571428571,0,1,0.0
hopf,p,2,0.03571428571428571,0,2,0.3592351714769999
hopf,p,2,0.03571428571428571,0,3,0.0
hopf,p,2,0.03571428571428571,0,4,0.06933625955231643
hopf,p,2,0.03571428571428571,0,5,0.0
hopf,p,3,0.05357142857142857,0,0,0.0
hopf,p,3,0.05357142857142857,0,1,0.0
hopf,p,3,0.05357142857142857,0,2,0.35531206528345743
hopf,p,3,0.05357142857142857,0,3,0.0
hopf,p,3,0.05357142857142857,0,4,0.07325936787577424
hopf,p,3,0.05357142857142857,0,5,0.0
hopf,p,4,0.07142857142857142,0,0,0.0
hopf,p,4,0.07142857142857142,0,1,0.0
hopf,p,4,0.07142857142857142,0,2,0.36316556433836616
hopf,p,4,0.07142857142857142,0,3,0.0
hopf,p,4,0.07142857142857142,0,4,0.06540586209205988
hopf,p,4,0.07142857142857142,0,5,0.0
hopf,p,5,0.08928571428571429,0,0,0.0
hopf,p,5,0.08928571428571429,0,1,0.0
hopf,p,5,0.08928571428571429,0,2,0.3556953658660253
hopf,p,5,0.08928571428571429,0,3,0.0
hopf,p,5,0.08928571428571429,0,4,0.07287606593890814
hopf,p,5,0.08928571428571429,0,5,0.0
hopf,p,6,0.10714285714285714,0,0,0.0
hopf,p,6,0.10714285714285714,0,1,0.0
hopf,p,6,0.10714285714285714,0,2,0.355013116200765
hopf,p,6,0.10714285714285714,0,3,0.0
hopf,p,6,0.10714285714285714,0,4,0.07355831736349501
hopf,p,6,0.10714285714285714,0,5,0.0
hopf,p,7,0.125,0,0,0.0
hopf,p,7,0.125,0,1,0.0
hopf,p,7,0.125,0,2,0.3616544485092163
hopf,p,7,0.125,0,3,0.0
hopf,p,7,0.125,0,4,0.06691698580495237
hopf,p,7,0.125,0,5,0.0
hopf,p,8,0.14285714285714285,0,0,0.0
hopf,p,8,0.14285714285714285,0,1,0.0
hopf,p,8,0.14285714285714285,0,2,0.35088167985280355
hopf,p,8,0.14285714285714285,0,3,0.0
hopf,p,8,0.14285714285714285,0,4,0.07768975133027804
hopf,p,8,0.14285714285714285,0,5,0.0
hopf,p,9,0.16071428571428573,0,0,0.0
hopf,p,9,0.16071428571428573,0,1,0.0
hopf,p,9,0.16071428571428573,0,2,0.3497956017653147
hopf,p,9,0.16071428571428573,0,3,0.0
hopf,p,9,0.16071428571428573,0,4,0.0787758353651346
hopf,p,9,0.16071428571428573,0,5,0.0
hopf,p,10,0.17857142857142858,0,0,0.0
hopf,p,10,0.17857142857142858,0,1,0.0
hopf,p,10,0.17857142857142858,0,2,0.36123917400836947
hopf,p,10,0.17857142857142858,0,3,0.0
hopf,p,10,0.17857142857142858,0,4,0.0673322528207791
hopf,p,10,0.17857142857142858,0,5,0.0
hopf,p,11,0.19642857142857142,0,0,0.0
hopf,p,11,0.19642857142857142,0,1,0.0
hopf,p,11,0.19642857142857142,0,2,0.34382003744443257
hopf,p,11,0.19642857142857142,0,3,0.0
hopf,p,11,0.19642857142857142,0,4,0.08475139452396736
hopf,p,11,0.19642857142857142,0,5,0.0
hopf,p,12,0.21428571428571427,0,0,0.0
hopf,p,12,0.21428571428571427,0,1,0.0
hopf,p,12,0.21428571428571427,0,2,0.34900115728378295
hopf,p,12,0.21428571428571427,0,3,0.0
hopf,p,12,0.21428571428571427,0,4,0.0795702719289693
hopf,p,12,0.21428571428571427,0,5,0.0
hopf,p,13,0.23214285714285715,0,0,0.0
hopf,p,13,0.23214285714285715,0,1,0.0
hopf,p,13,0.23214285714285715,0,2,0.35555689334869384
hopf,p,13,0.23214285714285715,0,3,0.0
hopf,p,13,0.23214285714285715,0,4,0.0730145380749794
hopf,p,13,0.23214285714285715,0,5,0.0
hopf,p,14,0.25,0,0,0.0
hopf,p,14,0.25,0,1,0.0
hopf,p,14,0.25,0,2,0.35627281665802
hopf,p,14,0.25,0,3,0.0
hopf,p,14,0.25,0,4,0.07229861626935113
hopf,p,14,0.25,0,5,0.0
hopf,p,15,0.26785714285714285,0,0,0.0
hopf,p,15,0.26785714285714285,0,1,0.0
hopf,p,15,0.26785714285714285,0,2,0.3625833431879679
hopf,p,15,0.26785714285714285,0,3,0.0
hopf,p,15,0.26785714285714285,0,4,0.06598809118828891
hopf,p,15,0.26785714285714285,0,5,0.0
hopf,p,16,0.2857142857142857,0,0,0.0
hopf,p,16,0.2857142857142857,0,1,0.0
hopf,p,16,0.2857142857142857,0,2,0.35705814758936566
hopf,p,16,0.2857142857142857,0,3,0.0
hopf,p,16,0.2857142857142857,0,4,0.07151329041322849
hopf,p,16,0.2857142857142857,0,5,0.0
hopf,p,17,0.30357142857142855,0,0,0.0
hopf,p,17,0.30357142857142855,0,1,0.0
hopf,p,17,0.30357142857142855,0,2,0.36080208818117776
hopf,p,17,0.30357142857142855,0,3,0.0
hopf,p,17,0.30357142857142855,0,4,0.06776934709196211
hopf,p,17,0.30357142857142855,0,5,0.0
hopf,p,18,0.32142857142857145,0,0,0.0
hopf,p,18,0.32142857142857145,0,1,0.0
hopf,p,18,0.32142857142857145,0,2,0.3610635499159495
hopf,p,18,0.32142857142857145,0,3,0.0
hopf,p,18,0.32142857142857145,0,4,0.06750789061916293
hopf,p,18,0.32142857142857145,0,5,0.0
hopf,p,19,0.3392857142857143,0,0,0.0
hopf,p,19,0.3392857142857143,0,1,0.0
hopf,p,19,0.3392857142857143,0,2,0.3588185767332713
hopf,p,19,0.3392857142857143,0,3,0.0
hopf,p,19,0.3392857142857143,0,4,0.06975285400403664
hopf,p,19,0.3392857142857143,0,5,0.0
hopf,p,20,0.35714285714285715,0,0,0.0
hopf,p,20,0.35714285714285715,0,1,0.0
hopf,p,20,0.35714285714285715,0,2,0.36284387707710264
hopf,p,20,0.35714285714285715,0,3,0.0
hopf,p,20,0.35714285714285715,0,4,0.0657275515171932
hopf,p,20,0.35714285714285715,0,5,0.0
hopf,p,21,0.375,0,0,0.0
hopf,p,21,0.375,0,1,0.0
hopf,p,21,0.375,0,2,0.36315137445926665
hopf,p,21,0.375,0,3,0.0
hopf,p,21,0.375,0,4,0.06542006264062365
hopf,p,21,0.375,0,5,0.0
hopf,p,22,0.39285714285714285,0,0,0.0
hopf,p,22,0.39285714285714285,0,1,0.0
hopf,p,22,0.39285714285714285,0,2,0.35715439120928444
hopf,p,22,0.39285714285714285,0,3,0.0
hopf,p,22,0.39285714285714285,0,4,0.07141704082168872
hopf,p,22,0.39285714285714285,0,5,0.0
hopf,p,23,0.4107142857142857,0,0,0.0
hopf,p,23,0.4107142857142857,0,1,0.0
hopf,p,23,0.4107142857142857,0,2,0.3600241869688034
hopf,p,23,0.4107142857142857,0,3,0.0
hopf,p,23,0.4107142857142857,0,4,0.06854724230409677
hopf,p,23,0.4107142857142857,0,5,0.0
hopf,p,24,0.42857142857142855,0,0,0.0
hopf,p,24,0.42857142857142855,0,1,0.0
hopf,p,24,0.42857142857142855,0,2,0.36317977011203767
hopf,p,24,0.42857142857142855,0,3,0.0
hopf,p,24,0.42857142857142855,0,4,0.06539166164487445
hopf,p,24,0.42857142857142855,0,5,0.0
hopf,p,25,0.44642857142857145,0,0,0.0
hopf,p,25,0.44642857142857145,0,1,0.0
hopf,p,25,0.44642857142857145,0,2,0.3565033107995987
hopf,p,25,0.44642857142857145,0,3,0.0
hopf,p,25,0.44642857142857145,0,4,0.07206811915627137
hopf,p,25,0.44642857142857145,0,5,0.0
hopf,p,26,0.4642857142857143,0,0,0.0
hopf,p,26,0.4642857142857143,0,1,0.0
hopf,p,26,0.4642857142857143,0,2,0.36000345448652904
hopf,p,26,0.4642857142857143,0,3,0.0
hopf,p,26,0.4642857142857143,0,4,0.06856797733489657
hopf,p,26,0.4642857142857143,0,5,0.0
hopf,p,27,0.48214285714285715,0,0,0.0
hopf,p,27,0.48214285714285715,0,1,0.0
hopf,p,27,0.48214285714285715,0,2,0.3625950743754705
hopf,p,27,0.48214285714285715,0,3,0.0
hopf,p,27,0.48214285714285715,0,4,0.06597636475247176
hopf,p,27,0.48214285714285715,0,5,0.0
hopf,p,28,0.5,0,0,0.0
hopf,p,28,0.5,0,1,0.0
hopf,p,28,0.5,0,2,0.3605399151643117
hopf,p,28,0.5,0,3,0.0
hopf,p,28,0.5,0,4,0.06803151689333996
hopf,p,28,0.5,0,5,0.0
hopf,p,29,0.5178571428571429,0,0,0.0
hopf,p,29,0.5178571428571429,0,1,0.0
hopf,p,29,0.5178571428571429,0,2,0.3628911008437475
hopf,p,29,0.5178571428571429,0,3,0.0
hopf,p,29,0.5178571428571429,0,4,0.065680334494391
hopf,p,29,0.5178571428571429,0,5,0.0
hopf,p,30,0.5357142857142857,0,0,0.0
hopf,p,30,0.5357142857142857,0,1,0.0
hopf,p,30,0.5357142857142857,0,2,0.3636826127767563
hopf,p,30,0.5357142857142857,0,3,0.0
hopf,p,30,0.5357142857142857,0,4,0.06488882128323895
hopf,p,30,0.5357142857142857,0,5,0.0
hopf,p,31,0.5535714285714286,0,0,0.0
hopf,p,31,0.5535714285714286,0,1,0.0
hopf,p,31,0.5535714285714286,0,2,0.3632529854774475
hopf,p,31,0.5535714285714286,0,3,0.0
hopf,p,31,0.5535714285714286,0,4,0.06531845064552423
hopf,p,31,0.5535714285714286,0,5,0.0
hopf,p,32,0.5714285714285714,0,0,0.0
hopf,p,32,0.5714285714285714,0,1,0.0
hopf,p,32,0.5714285714285714,0,2,0.36341779232025145
hopf,p,32,0.5714285714285714,0,3,0.0
hopf,p,32,0.5714285714285714,0,4,0.06515364064835012
hopf,p,32,0.5714285714285714,0,5,0.0
hopf,p,33,0.5892857142857143,0,0,0.0
hopf,p,33,0.5892857142857143,0,1,0.0
hopf,p,33,0.5892857142857143,0,2,0.3631830334663391
hopf,p,33,0.5892857142857143,0,3,0.0
hopf,p,33,0.5892857142857143,0,4,0.06538840373929512
hopf,p,33,0.5892857142857143,0,5,0.0
hopf,p,34,0.6071428571428571,0,0,0.0
hopf,p,34,0.6071428571428571,0,1,0.0
hopf,p,34,0.6071428571428571,0,2,0.36283776064713796
hopf,p,34,0.6071428571428571,0,3,0.0
hopf,p,34,0.6071428571428571,0,4,0.0657336710995878
hopf,p,34,0.6071428571428571,0,5,0.0
hopf,p,35,0.625,0,0,0.0
hopf,p,35,0.625,0,1,0.0
hopf,p,35,0.625,0,2,0.36301481127738955
hopf,p,35,0.625,0,3,0.0
hopf,p,35,0.625,0,4,0.0655566254616133
hopf,p,35,0.625,0,5,0.0
hopf,p,36,0.6428571428571429,0,0,0.0
hopf,p,36,0.6428571428571429,0,1,0.0
hopf,p,36,0.6428571428571429,0,2,0.36337002118428546
hopf,p,36,0.6428571428571429,0,3,0.0
hopf,p,36,0.6428571428571429,0,4,0.06520142002555077
hopf,p,36,0.6428571428571429,0,5,0.0
hopf,p,37,0.6607142857142857,0,0,0.0
hopf,p,37,0.6607142857142857,0,1,0.0
hopf,p,37,0.6607142857142857,0,2,0.36354299386342365
hopf,p,37,0.6607142857142857,0,3,0.0
hopf,p,37,0.6607142857142857,0,4,0.0650284460905823
hopf,p,37,0.6607142857142857,0,5,0.0
hopf,p,38,0.6785714285714286,0,0,0.0
hopf,p,38,0.6785714285714286,0,1,0.0
hopf,p,38,0.6785714285714286,0,2,0.3637522906064987
hopf,p,38,0.6785714285714286,0,3,0.0
hopf,p,38,0.6785714285714286,0,4,0.06481914199102903
hopf,p,38,0.6785714285714286,0,5,0.0
hopf,p,39,0.6964285714285714,0,0,0.0
hopf,p,39,0.6964285714285714,0,1,0.0
hopf,p,39,0.6964285714285714,0,2,0.3637177675962448
hopf,p,39,0.6964285714285714,0,3,0.0
hopf,p,39,0.6964285714285714,0,4,0.06485366926402397
hopf,p,39,0.6964285714285714,0,5,0.0
hopf,p,40,0.7142857142857143,0,0,0.0
hopf,p,40,0.7142857142857143,0,1,0.0
hopf,p,40,0.7142857142857143,0,2,0.36350244084994
hopf,p,40,0.7142857142857143,0,3,0.0
hopf,p,40,0.7142857142857143,0,4,0.06506899183732458
hopf,p,40,0.7142857142857143,0,5,0.0
hopf,p,41,0.7321428571428571,0,0,0.0
hopf,p,41,0.7321428571428571,0,1,0.0
hopf,p,41,0.7321428571428571,0,2,0.36317037244637806
hopf,p,41,0.7321428571428571,0,3,0.0
hopf,p,41,0.7321428571428571,0,4,0.06540106517107537
hopf,p,41,0.7321428571428571,0,5,0.0
hopf,p,42,0.75,0,0,0.0
hopf,p,42,0.75,0,1,0.0
hopf,p,42,0.75,0,2,0.36301429172356925
hopf,p,42,0.75,0,3,0.0
hopf,p,42,0.75,0,4,0.06555714549904224
hopf,p,42,0.75,0,5,0.0
hopf,p,43,0.7678571428571429,0,0,0.0
hopf,p,43,0.7678571428571429,0,1,0.0
hopf,p,43,0.7678571428571429,0,2,0.36308696766694387
hopf,p,43,0.7678571428571429,0,3,0.0
hopf,p,43,0.7678571428571429,0,4,0.0654844726236964
hopf,p,43,0.7678571428571429,0,5,0.0
hopf,p,44,0.7857142857142857,0,0,0.0
hopf,p,44,0.7857142857142857,0,1,0.0
hopf,p,44,0.7857142857142857,0,2,0.36336546540260317
hopf,p,44,0.7857142857142857,0,3,0.0
hopf,p,44,0.7857142857142857,0,4,0.06520597152799988
hopf,p,44,0.7857142857142857,0,5,0.0
hopf,p,45,0.8035714285714286,0,0,0.0
hopf,p,45,0.8035714285714286,0,1,0.0
hopf,p,45,0.8035714285714286,0,2,0.36365809639294944
hopf,p,45,0.8035714285714286,0,3,0.0
hopf,p,45,0.8035714285714286,0,4,0.06491333778394619
hopf,p,45,0.8035714285714286,0,5,0.0
hopf,p,46,0.8214285714285714,0,0,0.0
hopf,p,46,0.8214285714285714,0,1,0.0
hopf,p,46,0.8214285714285714,0,2,0.3638587782780329
hopf,p,46,0.8214285714285714,0,3,0.0
hopf,p,46,0.8214285714285714,0,4,0.06471265084061693
hopf,p,46,0.8214285714285714,0,5,0.0
hopf,p,47,0.8392857142857143,0,0,0.0
hopf,p,47,0.8392857142857143,0,1,0.0
hopf,p,47,0.8392857142857143,0,2,0.3638466348250707
hopf,p,47,0.8392857142857143,0,3,0.0
hopf,p,47,0.8392857142857143,0,4,0.06472479806592067
hopf,p,47,0.8392857142857143,0,5,0.0
hopf,p,48,0.8571428571428571,0,0,0.0
hopf,p,48,0.8571428571428571,0,1,0.0
hopf,p,48,0.8571428571428571,0,2,0.3636357247829437
hopf,p,48,0.8571428571428571,0,3,0.0
hopf,p,48,0.8571428571428571,0,4,0.0649357098096516
hopf,p,48,0.8571428571428571,0,5,0.0
hopf,p,49,0.875,0,0,0.0
hopf,p,49,0.875,0,1,0.0
hopf,p,49,0.875,0,2,0.3633220463991165
hopf,p,49,0.875,0,3,0.0
hopf,p,49,0.875,0,4,0.06524938611789063
hopf,p,49,0.875,0,5,0.0
hopf,p,50,0.8928571428571429,0,0,0.0
hopf,p,50,0.8928571428571429,0,1,0.0
hopf,p,50,0.8928571428571429,0,2,0.36312469045321144
hopf,p,50,0.8928571428571429,0,3,0.0
hopf,p,50,0.8928571428571429,0,4,0.0654467432910072
hopf,p,50,0.8928571428571429,0,5,0.0
hopf,p,51,0.9107142857142857,0,0,0.0
hopf,p,51,0.9107142857142857,0,1,0.0
hopf,p,51,0.9107142857142857,0,2,0.36315733393033345
hopf,p,51,0.9107142857142857,0,3,0.0
hopf,p,51,0.9107142857142857,0,4,0.06541409762527715
hopf,p,51,0.9107142857142857,0,5,0.0
hopf,p,52,0.9285714285714286,0,0,0.0
hopf,p,52,0.9285714285714286,0,1,0.0
hopf,p,52,0.9285714285714286,0,2,0.3633883774280548
hopf,p,52,0.9285714285714286,0,3,0.0
hopf,p,52,0.9285714285714286,0,4,0.06518306180951186
hopf,p,52,0.9285714285714286,0,5,0.0
hopf,p,53,0.9464285714285714,0,0,0.0
hopf,p,53,0.9464285714285714,0,1,0.0
hopf,p,53,0.9464285714285714,0,2,0.36366425653298695
hopf,p,53,0.9464285714285714,0,3,0.0
hopf,p,53,0.9464285714285714,0,4,0.06490717996008849
hopf,p,53,0.9464285714285714,0,5,0.0
hopf,p,54,0.9642857142857143,0,0,0.0
hopf,p,54,0.9642857142857143,0,1,0.0
hopf,p,54,0.9642857142857143,0,2,0.3638497680425644
hopf,p,54,0.9642857142857143,0,3,0.0
hopf,p,54,0.9642857142857143,0,4,0.0647216607016162
hopf,p,54,0.9642857142857143,0,5,0.0
hopf,p,55,0.9821428571428571,0,0,0.0
hopf,p,55,0.9821428571428571,0,1,0.0
hopf,p,55,0.9821428571428571,0,2,0.3638243983189265
hopf,p,55,0.9821428571428571,0,3,0.0
hopf,p,55,0.9821428571428571,0,4,0.06474704058782663
hopf,p,55,0.9821428571428571,0,5,0.0
hopf,p,56,1.0,0,0,0.0
hopf,p,56,1.0,0,1,0.0
hopf,p,56,1.0,0,2,0.363608130812645
hopf,p,56,1.0,0,3,0.0
hopf,p,56,1.0,0,4,0.06496329880319536
hopf,p,56,1.0,0,5,0.0
periodic,u,1,0.020833333333333332,0,0,0.03396212295270883
periodic,u,1,0.020833333333333332,0,1,0.0
periodic,u,1,0.020833333333333332,0,2,0.018139919695945885
periodic,u,1,0.020833333333333332,0,3,0.0
periodic,u,1,0.020833333333333332,0,4,0.02395741007505701
periodic,u,1,0.020833333333333332,0,5,0.12174274686437386
periodic,u,1,0.020833333333333332,1,0,0.006073625615009895
periodic,u,1,0.020833333333333332,1,1,0.006573622616437765
periodic,u,1,0.020833333333333332,1,2,0.012767439134992085
periodic,u,1,0.020833333333333332,1,3,0.021163213711518507
periodic,u,1,0.020833333333333332,1,4,0.006796203840237398
periodic,u,1,0.020833333333333332,1,5,0.004318204242736101
periodic,u,1,0.020833333333333332,2,0,0.009300783726547916
periodic,u,1,0.020833333333333332,2,1,0.020751272686398946
periodic,u,1,0.020833333333333332,2,2,0.029850084379387017
periodic,u,1,0.020833333333333332,2,3,0.05320631238954285
periodic,u,1,0.020833333333333332,2,4,0.0
periodic,u,1,0.020833333333333332,2,5,0.05996847152709961
periodic,u,2,0.041666666666666664,0,0,0.04868424583513003
periodic,u,2,0.041666666666666664,0,1,0.0
periodic,u,2,0.041666666666666664,0,2,0.00930581263338144
periodic,u,2,0.041666666666666664,0,3,0.0
periodic,u,2,0.041666666666666664,0,4,0.0030884229076596405
periodic,u,2,0.041666666666666664,0,5,0.06254789276191822
periodic,u,2,0.041666666666666664,1,0,0.022901776067626018
periodic,u,2,0.041666666666666664,1,1,0.09323103783222345
periodic,u,2,0.041666666666666664,1,2,0.020570011666187875
periodic,u,2,0.041666666666666664,1,3,0.010610919159192305
periodic,u,2,0.041666666666666664,1,4,0.0
periodic,u,2,0.041666666666666664,1,5,0.009279663101411782
periodic,u,2,0.041666666666666664,2,0,0.0007062693453358057
periodic,u,2,0.041666666666666664,2,1,0.042232194888548784
periodic,u,2,0.041666666666666664,2,2,0.03199090851614109
periodic,u,2,0.041666666666666664,2,3,0.040804582549473986
periodic,u,2,0.041666666666666664,2,4,0.0
periodic,u,2,0.041666666666666664,2,5,0.03261769454379996
periodic,u,3,0.0625,0,0,0.06640505629520004
periodic,u,3,0.0625,0,1,0.0
periodic,u,3,0.0625,0,2,0.08009140074360542
periodic,u,3,0.0625,0,3,0.00999929139820429
periodic,u,3,0.0625,0,4,0.0
periodic,u,3,0.0625,0,5,0.01658117749656622
periodic,u,3,0.0625,1,0,0.03939130092756106
periodic,u,3,0.0625,1,1,0.0034968102923952616
periodic,u,3,0.0625,1,2,0.030891214927228596
periodic,u,3,0.0625,1,3,0.0
periodic,u,3,0.0625,1,4,0.010186263288442906
periodic,u,3,0.0625,1,5,0.04790254349175554
periodic,u,3,0.0625,2,0,0.005125706029223063
periodic,u,3,0.0625,2,1,0.029620895269685067
periodic,u,3,0.0625,2,2,0.0041721549171667835
periodic,u,3,0.0625,2,3,0.019407005900015626
periodic,u,3,0.0625,2,4,6.147174057192527e-05
periodic,u,3,0.0625,2,5,0.06523914090715922
periodic,u,4,0.08333333333333333,0,0,0.0468840621984922
periodic,u,4,0.08333333333333333,0,1,0.0019784200076873484
periodic,u,4,0.08333333333333333,0,2,0.011379207484424114
periodic,u,4,0.08333333333333333,0,3,0.021442438547427837
periodic,u,4,0.08333333333333333,0,4,0.000700373059281936
periodic,u,4,0.08333333333333333,0,5,0.05772539063428457
periodic,u,4,0.08333333333333333,1,0,0.04330088054904571
periodic,u,4,0.08333333333333333,1,1,0.006357629281970171
periodic,u,4,0.08333333333333333,1,2,0.005276394005005176
periodic,u,4,0.08333333333333333,1,3,0.012910352016870793
periodic,u,4,0.08333333333333333,1,4,0.004698355467273639
periodic,u,4,0.08333333333333333,1,5,0.03459924602737793
periodic,u,4,0.08333333333333333,2,0,0.03014323607651302
periodic,u,4,0.08333333333333333,2,1,0.06846728913772565
periodic,u,4,0.08333333333333333,2,2,0.0
periodic,u,4,0.08333333333333333,2,3,0.0055299727828241885
periodic,u,4,0.08333333333333333,2,4,0.0004546099628966588
periodic,u,4,0.08333333333333333,2,5,0.0767235758786018
periodic,u,5,0.10416666666666667,0,0,0.05101629002736165
periodic,u,5,0.10416666666666667,0,1,0.0
periodic,u,5,0.10416666666666667,0,2,0.00211633974686265
periodic,u,5,0.10416666666666667,0,3,0.015215228383357707
periodic,u,5,0.10416666666666667,0,4,0.043703530270319715
periodic,u,5,0.10416666666666667,0,5,0.06926729472783896
periodic,u,5,0.10416666666666667,1,0,0.020950900247463815
periodic,u,5,0.10416666666666667,1,1,0.019326822975507148
periodic,u,5,0.10416666666666667,1,2,0.004840079981547136
periodic,u,5,0.10416666666666667,1,3,0.02279034170966882
periodic,u,5,0.10416666666666667,1,4,0.008971027170236293
periodic,u,5,0.10416666666666667,1,5,0.022021927870810032
periodic,u,5,0.10416666666666667,2,0,0.03576694596603584
periodic,u,5,0.10416666666666667,2,1,0.041672092074385055
periodic,u,5,0.10416666666666667,2,2,0.0
periodic,u,5,0.10416666666666667,2,3,0.013452407689048694
periodic,u,5,0.10416666666666667,2,4,0.0004269480167959745
periodic,u,5,0.10416666666666667,2,5,0.05703325626941828
periodic,u,6,0.125,0,0,0.04033707927625913
periodic,u,6,0.125,0,1,0.0016180335615689938
periodic,u,6,0.125,0,2,0.011405974590721039
periodic,u,6,0.125,0,3,0.021839231252670288
periodic,u,6,0.125,0,4,0.017215128271625593
periodic,u,6,0.125,0,5,0.0394526869058609
periodic,u,6,0.125,1,0,0.019949836011689443
periodic,u,6,0.125,1,1,0.018179011459533986
periodic,u,6,0.125,1,2,0.009832031165178005
periodic,u,6,0.125,1,3,0.049707005803401656
periodic,u,6,0.125,1,4,0.010917158940663705
periodic,u,6,0.125,1,5,0.006799574511555525
periodic,u,6,0.125,2,0,0.08529879508848982
periodic,u,6,0.125,2,1,0.02233077664501392
periodic,u,6,0.125,2,2,0.0
periodic,u,6,0.125,2,3,0.008160902187228203
periodic,u,6,0.125,2,4,0.0
periodic,u,6,0.125,2,5,0.06552820881971946
periodic,u,7,0.14583333333333334,0,0,0.040863811396635495
periodic,u,7,0.14583333333333334,0,1,0.004035687790467189
periodic,u,7,0.14583333333333334,0,2,0.014460966277580995
periodic,u,7,0.14583333333333334,0,3,0.03225642958512673
periodic,u,7,0.14583333333333334,0,4,0.0006619282066822052
periodic,u,7,0.14583333333333334,0,5,0.03134754987863394
periodic,u,7,0.14583333333333334,1,0,0.04252895039434616
periodic,u,7,0.14583333333333334,1,1,0.005682520568370819
periodic,u,7,0.14583333333333334,1,2,0.021309392526745796
periodic,u,7,0.14583333333333334,1,3,0.06724813838417713
periodic,u,7,0.14583333333333334,1,4,0.007938316091895103
periodic,u,7,0.14583333333333334,1,5,0.06957840095632352
periodic,u,7,0.14583333333333334,2,0,0.026764731172499105
periodic,u,7,0.14583333333333334,2,1,0.0
periodic,u,7,0.14583333333333334,2,2,0.01914042406357252
periodic,u,7,0.14583333333333334,2,3,0.010533121342842396
periodic,u,7,0.14583333333333334,2,4,0.0
periodic,u,7,0.14583333333333334,2,5,0.03422106587542938
periodic,u,8,0.16666666666666666,0,0,0.05941997131762596
periodic,u,8,0.16666666666666666,0,1,0.0
periodic,u,8,0.16666666666666666,0,2,0.0
periodic,u,8,0.16666666666666666,0,3,0.010531212561405622
periodic,u,8,0.16666666666666666,0,4,0.00537144485861063
periodic,u,8,0.16666666666666666,0,5,0.0977542969899682
periodic,u,8,0.16666666666666666,1,0,0.030798352466752894
periodic,u,8,0.16666666666666666,1,1,0.0
periodic,u,8,0.16666666666666666,1,2,0.019372119639928524
periodic,u,8,0.16666666666666666,1,3,0.056665120574717336
periodic,u,8,0.16666666666666666,1,4,0.01109395520045207
periodic,u,8,0.16666666666666666,1,5,0.0386638601238911
periodic,u,8,0.16666666666666666,2,0,0.006086931289666189
periodic,u,8,0.16666666666666666,2,1,0.0
periodic,u,8,0.16666666666666666,2,2,0.03111049296477666
periodic,u,8,0.16666666666666666,2,3,0.03191387767975147
periodic,u,8,0.16666666666666666,2,4,0.0
periodic,u,8,0.16666666666666666,2,5,0.02978979968107664
periodic,u,9,0.1875,0,0,0.05124593712389469
periodic,u,9,0.1875,0,1,0.0
periodic,u,9,0.1875,0,2,0.0020703902611365686
periodic,u,9,0.1875,0,3,0.004781351066552675
periodic,u,9,0.1875,0,4,0.012489976934515513
periodic,u,9,0.1875,0,5,0.07776399615865487
periodic,u,9,0.1875,1,0,0.01783887755412322
periodic,u,9,0.1875,1,1,0.0
periodic,u,9,0.1875,1,2,0.022733368122806914
periodic,u,9,0.1875,1,3,0.024131021104179896
periodic,u,9,0.1875,1,4,0.001713782405624023
periodic,u,9,0.1875,1,5,0.03248405306098553
periodic,u,9,0.1875,2,0,0.013278702629927116
periodic,u,9,0.1875,2,1,0.026038996875286102
periodic,u,9,0.1875,2,2,0.036471572561332814
periodic,u,9,0.1875,2,3,0.04621524392412259
periodic,u,9,0.1875,2,4,0.0
periodic,u,9,0.1875,2,5,0.05931416798669558
periodic,u,10,0.20833333333333334,0,0,0.05723685541978249
periodic,u,10,0.20833333333333334,0,1,0.004748683136243086
periodic,u,10,0.20833333333333334,0,2,0.03040815144777298
periodic,u,10,0.20833333333333334,0,3,0.0
periodic,u,10,0.20833333333333334,0,4,0.00851300430412476
periodic,u,10,0.20833333333333334,0,5,0.047444955087625064
periodic,u,10,0.20833333333333334,1,0,0.015363669166198144
periodic,u,10,0.20833333333333334,1,1,0.03393377764866902
periodic,u,10,0.20833333333333334,1,2,0.03680682468872804
periodic,u,10,0.20833333333333334,1,3,0.010077236076960197
periodic,u,10,0.20833333333333334,1,4,0.0
periodic,u,10,0.20833333333333334,1,5,0.04392838664352894
periodic,u,10,0.20833333333333334,2,0,0.004035440295970498
periodic,u,10,0.20833333333333334,2,1,0.0459560826420784
periodic,u,10,0.20833333333333334,2,2,0.010680875526024746
periodic,u,10,0.20833333333333334,2,3,0.031231384724378586
periodic,u,10,0.20833333333333334,2,4,0.0003316855917756374
periodic,u,10,0.20833333333333334,2,5,0.04787442249317582
periodic,u,11,0.22916666666666666,0,0,0.042063069744752005
periodic,u,11,0.22916666666666666,0,1,0.004750718720830404
periodic,u,11,0.22916666666666666,0,2,0.0007170823474343007
periodic,u,11,0.22916666666666666,0,3,0.019257474404114943
periodic,u,11,0.22916666666666666,0,4,0.0
periodic,u,11,0.22916666666666666,0,5,0.015629237231153708
periodic,u,11,0.22916666666666666,1,0,0.05951928805846434
periodic,u,11,0.22916666666666666,1,1,0.02004519713899264
periodic,u,11,0.22916666666666666,1,2,0.020939002816493694
periodic,u,11,0.22916666666666666,1,3,0.0
periodic,u,11,0.22916666666666666,1,4,0.0
periodic,u,11,0.22916666666666666,1,5,0.04784816302932226
periodic,u,11,0.22916666666666666,2,0,0.005047441034828528
periodic,u,11,0.22916666666666666,2,1,0.07567038501684482
periodic,u,11,0.22916666666666666,2,2,0.004287783772899554
periodic,u,11,0.22916666666666666,2,3,0.033952181943907186
periodic,u,11,0.22916666666666666,2,4,0.0005771794374315784
periodic,u,11,0.22916666666666666,2,5,0.07826722647923116
periodic,u,12,0.25,0,0,0.03284104454975862
periodic,u,12,0.25,0,1,0.006549837067723274
periodic,u,12,0.25,0,2,0.00423248208915958
periodic,u,12,0.25,0,3,0.017633853336939447
periodic,u,12,0.25,0,4,0.0
periodic,u,12,0.25,0,5,0.012918606830330996
periodic,u,12,0.25,1,0,0.07131627746499501
periodic,u,12,0.25,1,1,0.011297671697460689
periodic,u,12,0.25,1,2,0.01227975722688895
periodic,u,12,0.25,1,3,0.026830783686958827
periodic,u,12,0.25,1,4,0.005975056439638138
periodic,u,12,0.25,1,5,0.03713561866718989
periodic,u,12,0.25,2,0,0.04500970486417198
periodic,u,12,0.25,2,1,0.06204267863470774
periodic,u,12,0.25,2,2,0.0
periodic,u,12,0.25,2,3,0.012012687726662708
periodic,u,12,0.25,2,4,0.0005366380433910168
periodic,u,12,0.25,2,5,0.06995873497082637
periodic,u,13,0.2708333333333333,0,0,0.04497220947478826
periodic,u,13,0.2708333333333333,0,1,0.0
periodic,u,13,0.2708333333333333,0,2,0.0026026095192019758
periodic,u,13,0.2708333333333333,0,3,0.014987843540998606
periodic,u,13,0.2708333333333333,0,4,0.03897963937085409
periodic,u,13,0.2708333333333333,0,5,0.06329286578469552
periodic,u,13,0.2708333333333333,1,0,0.04511285243699184
periodic,u,13,0.2708333333333333,1,1,0.021311520957029782
periodic,u,13,0.2708333333333333,1,2,0.004828165356929486
periodic,u,13,0.2708333333333333,1,3,0.0317441990169195
periodic,u,13,0.2708333333333333,1,4,0.011100389923040684
periodic,u,13,0.2708333333333333,1,5,0.026012765530210275
periodic,u,13,0.2708333333333333,2,0,0.03592139099055203
periodic,u,13,0.2708333333333333,2,1,0.036136722478729025
periodic,u,13,0.2708333333333333,2,2,0.0
periodic,u,13,0.2708333333333333,2,3,0.008635984232219366
periodic,u,13,0.2708333333333333,2,4,0.00013378187297628476
periodic,u,13,0.2708333333333333,2,5,0.0427984963529385
periodic,u,14,0.2916666666666667,0,0,0.03909256051366146
periodic,u,14,0.2916666666666667,0,1,0.0
periodic,u,14,0.2916666666666667,0,2,0.01030163298575924
periodic,u,14,0.2916666666666667,0,3,0.016665464267134666
periodic,u,14,0.2916666666666667,0,4,0.022747979141198672
periodic,u,14,0.2916666666666667,0,5,0.0430604971658725
periodic,u,14,0.2916666666666667,1,0,0.028947982292335767
periodic,u,14,0.2916666666666667,1,1,0.007852243402829537
periodic,u,14,0.2916666666666667,1,2,0.01832523956321753
periodic,u,14,0.2916666666666667,1,3,0.056705719576432154
periodic,u,14,0.2916666666666667,1,4,0.013240041067967048
periodic,u,14,0.2916666666666667,1,5,0.006796908206664599
periodic,u,14,0.2916666666666667,2,0,0.08365110167785762
periodic,u,14,0.2916666666666667,2,1,0.024651900506936587
periodic,u,14,0.2916666666666667,2,2,0.0
periodic,u,14,0.2916666666666667,2,3,0.009294651377086457
periodic,u,14,0.2916666666666667,2,4,0.0
periodic,u,14,0.2916666666666667,2,5,0.04723751373015917
periodic,u,15,0.3125,0,0,0.047549319811738454
periodic,u,15,0.3125,0,1,0.004468102294665117
periodic,u,15,0.3125,0,2,0.0077237793459342076
periodic,u,15,0.3125,0,3,0.029248312975351628
periodic,u,15,0.3125,0,4,0.0025105161162523124
periodic,u,15,0.3125,0,5,0.03212634474039078
periodic,u,15,0.3125,1,0,0.042152693351873986
periodic,u,15,0.3125,1,1,0.0
periodic,u,15,0.3125,1,2,0.021830934672974624
periodic,u,15,0.3125,1,3,0.060432957055476993
periodic,u,15,0.3125,1,4,0.00810586904677061
periodic,u,15,0.3125,1,5,0.07352150482340501
periodic,u,15,0.3125,2,0,0.03219685367814516
periodic,u,15,0.3125,2,1,0.0
periodic,u,15,0.3125,2,2,0.026686742686881468
periodic,u,15,0.3125,2,3,0.014588815446656484
periodic,u,15,0.3125,2,4,0.0
periodic,u,15,0.3125,2,5,0.02542868793870394
periodic,u,16,0.3333333333333333,0,0,0.052227083450326554
periodic,u,16,0.3333333333333333,0,1,0.0
periodic,u,16,0.3333333333333333,0,2,0.0
periodic,u,16,0.3333333333333333,0,3,0.004488859039086562
periodic,u,16,0.3333333333333333,0,4,0.00632127972606283
periodic,u,16,0.3333333333333333,0,5,0.08531442778901412
periodic,u,16,0.3333333333333333,1,0,0.03626922410554611
periodic,u,16,0.3333333333333333,1,1,0.0
periodic,u,16,0.3333333333333333,1,2,0.01930194075864095
periodic,u,16,0.3333333333333333,1,3,0.045027339401153416
periodic,u,16,0.3333333333333333,1,4,0.006679257951103724
periodic,u,16,0.3333333333333333,1,5,0.04931564801014387
periodic,u,16,0.3333333333333333,2,0,0.011143237305357335
periodic,u,16,0.3333333333333333,2,1,0.0
periodic,u,16,0.3333333333333333,2,2,0.0373349034299071
periodic,u,16,0.3333333333333333,2,3,0.03771516723701587
periodic,u,16,0.3333333333333333,2,4,0.0
periodic,u,16,0.3333333333333333,2,5,0.0374330674799589
periodic,u,17,0.3541666666666667,0,0,0.04863695639113967
periodic,u,17,0.3541666666666667,0,1,0.0
periodic,u,17,0.3541666666666667,0,2,0.0
periodic,u,17,0.3541666666666667,0,3,0.0
periodic,u,17,0.3541666666666667,0,4,0.012457056257587213
periodic,u,17,0.3541666666666667,0,5,0.0790158795336118
periodic,u,17,0.3541666666666667,1,0,0.017089886734118827
periodic,u,17,0.3541666666666667,1,1,0.0006805901200725482
periodic,u,17,0.3541666666666667,1,2,0.025169301706437882
periodic,u,17,0.3541666666666667,1,3,0.013519310679000158
periodic,u,17,0.3541666666666667,1,4,0.002565040897864562
periodic,u,17,0.3541666666666667,1,5,0.04811872857121321
periodic,u,17,0.3541666666666667,2,0,0.012930173543281853
periodic,u,17,0.3541666666666667,2,1,0.021513535999334775
periodic,u,17,0.3541666666666667,2,2,0.03652317427958433
periodic,u,17,0.3541666666666667,2,3,0.04498359303061779
periodic,u,17,0.3541666666666667,2,4,0.0
periodic,u,17,0.3541666666666667,2,5,0.06536820645515735
periodic,u,18,0.375,0,0,0.04568376306157846
periodic,u,18,0.375,0,1,0.0020705793912594137
periodic,u,18,0.375,0,2,0.020502536915815793
periodic,u,18,0.375,0,3,0.007489528363713851
periodic,u,18,0.375,0,4,0.008769684399549778
periodic,u,18,0.375,0,5,0.0555938000862415
periodic,u,18,0.375,1,0,0.02290043471237788
periodic,u,18,0.375,1,1,0.028057666925283577
periodic,u,18,0.375,1,2,0.021978510185503043
periodic,u,18,0.375,1,3,0.002950263997683158
periodic,u,18,0.375,1,4,0.0
periodic,u,18,0.375,1,5,0.039497740710010894
periodic,u,18,0.375,2,0,0.0033448160572264055
periodic,u,18,0.375,2,1,0.07467753841326787
periodic,u,18,0.375,2,2,0.0032093645288394047
periodic,u,18,0.375,2,3,0.031611534766852856
periodic,u,18,0.375,2,4,0.0005749581524958977
periodic,u,18,0.375,2,5,0.05965871242089914
periodic,u,19,0.3958333333333333,0,0,0.044582666256106816
periodic,u,19,0.3958333333333333,0,1,0.004852919696042171
periodic,u,19,0.3958333333333333,0,2,0.00785568650238789
periodic,u,19,0.3958333333333333,0,3,0.018947439411511786
periodic,u,19,0.3958333333333333,0,4,0.0
periodic,u,19,0.3958333333333333,0,5,0.02266238644146002
periodic,u,19,0.3958333333333333,1,0,0.0468520732739797
periodic,u,19,0.3958333333333333,1,1,0.018762366129801825
periodic,u,19,0.3958333333333333,1,2,0.01485001825942443
periodic,u,19,0.3958333333333333,1,3,0.006328958731431227
periodic,u,19,0.3958333333333333,1,4,0.0019127998787623185
periodic,u,19,0.3958333333333333,1,5,0.043161915185359806
periodic,u,19,0.3958333333333333,2,0,0.002363612579826552
periodic,u,19,0.3958333333333333,2,1,0.09021830916977845
periodic,u,19,0.3958333333333333,2,2,0.0020112892469534506
periodic,u,19,0.3958333333333333,2,3,0.028964682835906457
periodic,u,19,0.3958333333333333,2,4,0.0005489936761128214
periodic,u,19,0.3958333333333333,2,5,0.07369531579136562
periodic,u,20,0.4166666666666667,0,0,0.04478996992111206
periodic,u,20,0.4166666666666667,0,1,0.006652704654977872
periodic,u,20,0.4166666666666667,0,2,0.0037470578144376096
periodic,u,20,0.4166666666666667,0,3,0.014325512716403374
periodic,u,20,0.4166666666666667,0,4,0.0
periodic,u,20,0.4166666666666667,0,5,0.012902338774158405
periodic,u,20,0.4166666666666667,1,0,0.07264259944741543
periodic,u,20,0.4166666666666667,1,1,0.0052819257028974016
periodic,u,20,0.4166666666666667,1,2,0.012367845441286381
periodic,u,20,0.4166666666666667,1,3,0.0302282187801141
periodic,u,20,0.4166666666666667,1,4,0.005847697217877095
periodic,u,20,0.4166666666666667,1,5,0.03846688124422844
periodic,u,20,0.4166666666666667,2,0,0.04523729920709649
periodic,u,20,0.4166666666666667,2,1,0.059937819408682674
periodic,u,20,0.4166666666666667,2,2,0.0
periodic,u,20,0.4166666666666667,2,3,0.008637681030310117
periodic,u,20,0.4166666666666667,2,4,0.00030625881985403027
periodic,u,20,0.4166666666666667,2,5,0.0671996246271122
periodic,u,21,0.4375,0,0,0.044572242750571325
periodic,u,21,0.4375,0,1,0.0
periodic,u,21,0.4375,0,2,0.0024650327574748257
periodic,u,21,0.4375,0,3,0.014991845649022322
periodic,u,21,0.4375,0,4,0.03407059645710083
periodic,u,21,0.4375,0,5,0.0687354477838828
periodic,u,21,0.4375,1,0,0.03784536992987761
periodic,u,21,0.4375,1,1,0.01951621214930828
periodic,u,21,0.4375,1,2,0.011504288762807846
periodic,u,21,0.4375,1,3,0.039074841170356825
periodic,u,21,0.4375,1,4,0.012128022427742299
periodic,u,21,0.4375,1,5,0.028282916316619285
periodic,u,21,0.4375,2,0,0.04323348402081487
periodic,u,21,0.4375,2,1,0.020411041708519824
periodic,u,21,0.4375,2,2,0.0
periodic,u,21,0.4375,2,3,0.008914814688838445
periodic,u,21,0.4375,2,4,0.0
periodic,u,21,0.4375,2,5,0.042825274706746526
periodic,u,22,0.4583333333333333,0,0,0.025371471849771645
periodic,u,22,0.4583333333333333,0,1,0.0046124696158445794
periodic,u,22,0.4583333333333333,0,2,0.006805994512083439
periodic,u,22,0.4583333333333333,0,3,0.020670706406235695
periodic,u,22,0.4583333333333333,0,4,0.03810325268512735
periodic,u,22,0.4583333333333333,0,5,0.04454599478496955
periodic,u,22,0.4583333333333333,1,0,0.03167109191417694
periodic,u,22,0.4583333333333333,1,1,0.004545979774915255
periodic,u,22,0.4583333333333333,1,2,0.01631784704155647
periodic,u,22,0.4583333333333333,1,3,0.05666596872302202
periodic,u,22,0.4583333333333333,1,4,0.002839716437917489
periodic,u,22,0.4583333333333333,1,5,0.0033440133556723595
periodic,u,22,0.4583333333333333,2,0,0.07652457773600382
periodic,u,22,0.4583333333333333,2,1,0.017578209248872902
periodic,u,22,0.4583333333333333,2,2,0.006469715100068312
periodic,u,22,0.4583333333333333,2,3,0.018226162458841618
periodic,u,22,0.4583333333333333,2,4,0.0
periodic,u,22,0.4583333333333333,2,5,0.054278260383468405
periodic,u,23,0.4791666666666667,0,0,0.050998993074664704
periodic,u,23,0.4791666666666667,0,1,0.0
periodic,u,23,0.4791666666666667,0,2,0.004469843581318855
periodic,u,23,0.4791666666666667,0,3,0.013461169715111073
periodic,u,23,0.4791666666666667,0,4,0.008724260215575878
periodic,u,23,0.4791666666666667,0,5,0.03773034944270666
periodic,u,23,0.4791666666666667,1,0,0.04580336164396543
periodic,u,23,0.4791666666666667,1,1,0.0
periodic,u,23,0.4791666666666667,1,2,0.02246868911270912
periodic,u,23,0.4791666666666667,1,3,0.0639648801432206
periodic,u,23,0.4791666666666667,1,4,0.007364670387827433
periodic,u,23,0.4791666666666667,1,5,0.06644235658817567
periodic,u,23,0.4791666666666667,2,0,0.03869649722764734
periodic,u,23,0.4791666666666667,2,1,0.0
periodic,u,23,0.4791666666666667,2,2,0.02604928655693164
periodic,u,23,0.4791666666666667,2,3,0.014053254746473752
periodic,u,23,0.4791666666666667,2,4,0.0
periodic,u,23,0.4791666666666667,2,5,0.02834382216231181
periodic,u,24,0.5,0,0,0.05782287066372541
periodic,u,24,0.5,0,1,0.0
periodic,u,24,0.5,0,2,0.0
periodic,u,24,0.5,0,3,0.0
periodic,u,24,0.5,0,4,0.005774699438076753
periodic,u,24,0.5,0,5,0.07651232182979584
periodic,u,24,0.5,1,0,0.032080199426183335
periodic,u,24,0.5,1,1,0.0
periodic,u,24,0.5,1,2,0.03098715841770172
periodic,u,24,0.5,1,3,0.04225836379023699
periodic,u,24,0.5,1,4,0.005024162622598501
periodic,u,24,0.5,1,5,0.06272704168581046
periodic,u,24,0.5,2,0,0.010143226983088355
periodic,u,24,0.5,2,1,0.0
periodic,u,24,0.5,2,2,0.03899817784818319
periodic,u,24,0.5,2,3,0.04536837296417126
periodic,u,24,0.5,2,4,0.0
periodic,u,24,0.5,2,5,0.020874836697028235
periodic,u,25,0.5208333333333334,0,0,0.04443427372293977
periodic,u,25,0.5208333333333334,0,1,0.0
periodic,u,25,0.5208333333333334,0,2,0.0
periodic,u,25,0.5208333333333334,0,3,0.0
periodic,u,25,0.5208333333333334,0,4,0.008084120515447397
periodic,u,25,0.5208333333333334,0,5,0.07934974105312274
periodic,u,25,0.5208333333333334,1,0,0.02118629990861966
periodic,u,25,0.5208333333333334,1,1,0.0016112434319578684
periodic,u,25,0.5208333333333334,1,2,0.027565297169181015
periodic,u,25,0.5208333333333334,1,3,0.006487892224238469
periodic,u,25,0.5208333333333334,1,4,0.0
periodic,u,25,0.5208333333333334,1,5,0.05029212654783176
periodic,u,25,0.5208333333333334,2,0,0.01188530727813486
periodic,u,25,0.5208333333333334,2,1,0.022502683819486544
periodic,u,25,0.5208333333333334,2,2,0.036506045394792005
periodic,u,25,0.5208333333333334,2,3,0.049706326654324166
periodic,u,25,0.5208333333333334,2,4,0.0
periodic,u,25,0.5208333333333334,2,5,0.06896008028147313
periodic,u,26,0.5416666666666666,0,0,0.03569820838478895
periodic,u,26,0.5416666666666666,0,1,0.007505938267478576
periodic,u,26,0.5416666666666666,0,2,0.012968215661553236
periodic,u,26,0.5416666666666666,0,3,0.01340022453894982
periodic,u,26,0.5416666666666666,0,4,0.00535471780368915
periodic,u,26,0.5416666666666666,0,5,0.04869907120099434
periodic,u,26,0.5416666666666666,1,0,0.03665004434207311
periodic,u,26,0.5416666666666666,1,1,0.028220579028129578
periodic,u,26,0.5416666666666666,1,2,0.020274941451274432
periodic,u,26,0.5416666666666666,1,3,0.0026327744126319885
periodic,u,26,0.5416666666666666,1,4,0.0
periodic,u,26,0.5416666666666666,1,5,0.03584803683826557
periodic,u,26,0.5416666666666666,2,0,0.003297926316288515
periodic,u,26,0.5416666666666666,2,1,0.08073665112113723
periodic,u,26,0.5416666666666666,2,2,0.0020343297376082493
periodic,u,26,0.5416666666666666,2,3,0.023706350941210985
periodic,u,26,0.5416666666666666,2,4,0.0006758826337038324
periodic,u,26,0.5416666666666666,2,5,0.07086754389680348
periodic,u,27,0.5625,0,0,0.04250289456775555
periodic,u,27,0.5625,0,1,0.0047275418988787215
periodic,u,27,0.5625,0,2,0.021416161567545854
periodic,u,27,0.5625,0,3,0.027119062267816983
periodic,u,27,0.5625,0,4,0.0
periodic,u,27,0.5625,0,5,0.019618958234786987
periodic,u,27,0.5625,1,0,0.04155762178393511
periodic,u,27,0.5625,1,1,0.017964742361352995
periodic,u,27,0.5625,1,2,0.009576360766704265
periodic,u,27,0.5625,1,3,0.006854894642646496
periodic,u,27,0.5625,1,4,0.0013868633944254655
periodic,u,27,0.5625,1,5,0.038044134011635415
periodic,u,27,0.5625,2,0,0.004930111131845758
periodic,u,27,0.5625,2,1,0.08804566097947267
periodic,u,27,0.5625,2,2,0.0
periodic,u,27,0.5625,2,3,0.015325485048099207
periodic,u,27,0.5625,2,4,0.0006231424139024547
periodic,u,27,0.5625,2,5,0.0888778000461081
periodic,u,28,0.5833333333333334,0,0,0.04920983228545923
periodic,u,28,0.5833333333333334,0,1,0.006729318115573663
periodic,u,28,0.5833333333333334,0,2,0.0013176673450149023
periodic,u,28,0.5833333333333334,0,3,0.026950294725023784
periodic,u,28,0.5833333333333334,0,4,0.0
periodic,u,28,0.5833333333333334,0,5,0.02293574559287383
periodic,u,28,0.5833333333333334,1,0,0.06370845164817113
periodic,u,28,0.5833333333333334,1,1,0.00674265486976275
periodic,u,28,0.5833333333333334,1,2,0.009387747169687198
periodic,u,28,0.5833333333333334,1,3,0.021796355453821328
periodic,u,28,0.5833333333333334,1,4,0.0034875981509685516
periodic,u,28,0.5833333333333334,1,5,0.02674532366486696
periodic,u,28,0.5833333333333334,2,0,0.051339718101259604
periodic,u,28,0.5833333333333334,2,1,0.057629217250415914
periodic,u,28,0.5833333333333334,2,2,0.0
periodic,u,28,0.5833333333333334,2,3,0.004623729449052077
periodic,u,28,0.5833333333333334,2,4,0.0003184373177086505
periodic,u,28,0.5833333333333334,2,5,0.07564933963406545
periodic,u,29,0.6041666666666666,0,0,0.049669739396239705
periodic,u,29,0.6041666666666666,0,1,0.007750035191957767
periodic,u,29,0.6041666666666666,0,2,0.0033759064972400665
periodic,u,29,0.6041666666666666,0,3,0.02045494318008423
periodic,u,29,0.6041666666666666,0,4,0.02713992683073649
periodic,u,29,0.6041666666666666,0,5,0.056444614265973754
periodic,u,29,0.6041666666666666,1,0,0.056859977901555024
periodic,u,29,0.6041666666666666,1,1,0.015683953578655537
periodic,u,29,0.6041666666666666,1,2,0.017567527695344046
periodic,u,29,0.6041666666666666,1,3,0.05295283032151369
periodic,u,29,0.6041666666666666,1,4,0.0033935165176024805
periodic,u,29,0.6041666666666666,1,5,0.0183773603863441
periodic,u,29,0.6041666666666666,2,0,0.04288766565374457
periodic,u,29,0.6041666666666666,2,1,0.01670169531224439
periodic,u,29,0.6041666666666666,2,2,0.0
periodic,u,29,0.6041666666666666,2,3,0.00882593929194487
periodic,u,29,0.6041666666666666,2,4,0.0
periodic,u,29,0.6041666666666666,2,5,0.03048579957192907
periodic,u,30,0.625,0,0,0.034995172172784805
periodic,u,30,0.625,0,1,0.0057380474530733545
periodic,u,30,0.625,0,2,0.003579302762563412
periodic,u,30,0.625,0,3,0.0016288460733798833
periodic,u,30,0.625,0,4,0.04219369196261351
periodic,u,30,0.625,0,5,0.05197483200866442
periodic,u,30,0.625,1,0,0.027795034532363597
periodic,u,30,0.625,1,1,0.0019171705039647908
periodic,u,30,0.625,1,2,0.015276328660547733
periodic,u,30,0.625,1,3,0.05929813963862566
periodic,u,30,0.625,1,4,0.007869159086392475
periodic,u,30,0.625,1,5,0.003228784897006475
periodic,u,30,0.625,2,0,0.0823608309102173
periodic,u,30,0.625,2,1,0.006037616958984962
periodic,u,30,0.625,2,2,0.01304200327453705
periodic,u,30,0.625,2,3,0.026162473628154166
periodic,u,30,0.625,2,4,0.0
periodic,u,30,0.625,2,5,0.04547399905725168
periodic,u,31,0.6458333333333334,0,0,0.039546809159219265
periodic,u,31,0.6458333333333334,0,1,0.0
periodic,u,31,0.6458333333333334,0,2,0.0024094957715043654
periodic,u,31,0.6458333333333334,0,3,0.0
periodic,u,31,0.6458333333333334,0,4,0.005830034900170106
periodic,u,31,0.6458333333333334,0,5,0.04287300301859012
periodic,u,31,0.6458333333333334,1,0,0.044122093715346776
periodic,u,31,0.6458333333333334,1,1,0.0023050209364065756
periodic,u,31,0.6458333333333334,1,2,0.027406720372919854
periodic,u,31,0.6458333333333334,1,3,0.06061627314640926
periodic,u,31,0.6458333333333334,1,4,0.009888965923052568
periodic,u,31,0.6458333333333334,1,5,0.061704883638482824
periodic,u,31,0.6458333333333334,2,0,0.052560112210742846
periodic,u,31,0.6458333333333334,2,1,0.0
periodic,u,31,0.6458333333333334,2,2,0.025669525019251384
periodic,u,31,0.6458333333333334,2,3,0.01503730507997366
periodic,u,31,0.6458333333333334,2,4,0.0
periodic,u,31,0.6458333333333334,2,5,0.03860119164276581
periodic,u,32,0.6666666666666666,0,0,0.05305091735835259
periodic,u,32,0.6666666666666666,0,1,0.0
periodic,u,32,0.6666666666666666,0,2,0.0011573350057005882
periodic,u,32,0.6666666666666666,0,3,0.0
periodic,u,32,0.6666666666666666,0,4,0.005539243467725241
periodic,u,32,0.6666666666666666,0,5,0.07212063856422901
periodic,u,32,0.6666666666666666,1,0,0.033479637251450464
periodic,u,32,0.6666666666666666,1,1,0.0
periodic,u,32,0.6666666666666666,1,2,0.023734423976678114
periodic,u,32,0.6666666666666666,1,3,0.028599760566766445
periodic,u,32,0.6666666666666666,1,4,0.0029689448957259837
periodic,u,32,0.6666666666666666,1,5,0.06781064153004152
periodic,u,32,0.6666666666666666,2,0,0.011801515468575347
periodic,u,32,0.6666666666666666,2,1,0.0027417067724924823
periodic,u,32,0.6666666666666666,2,2,0.04642419488384174
periodic,u,32,0.6666666666666666,2,3,0.04194481040422733
periodic,u,32,0.6666666666666666,2,4,0.0
periodic,u,32,0.6666666666666666,2,5,0.03719766101298424
periodic,u,33,0.6875,0,0,0.04016088851942466
periodic,u,33,0.6875,0,1,0.0
periodic,u,33,0.6875,0,2,0.0
periodic,u,33,0.6875,0,3,0.0
periodic,u,33,0.6875,0,4,0.008167962901867352
periodic,u,33,0.6875,0,5,0.0752975232182787
periodic,u,33,0.6875,1,0,0.030634028693804376
periodic,u,33,0.6875,1,1,0.0023379924062352916
periodic,u,33,0.6875,1,2,0.019469431744745143
periodic,u,33,0.6875,1,3,0.004919833002182154
periodic,u,33,0.6875,1,4,0.0049455595704225395
periodic,u,33,0.6875,1,5,0.06956128747417377
periodic,u,33,0.6875,2,0,0.009439277243263159
periodic,u,33,0.6875,2,1,0.020681309513747692
periodic,u,33,0.6875,2,2,0.028452750725241806
periodic,u,33,0.6875,2,3,0.043442968207483106
periodic,u,33,0.6875,2,4,0.0
periodic,u,33,0.6875,2,5,0.07106061924535495
periodic,u,34,0.7083333333333334,0,0,0.0306109432847454
periodic,u,34,0.7083333333333334,0,1,0.007292286421243961
periodic,u,34,0.7083333333333334,0,2,0.019710594000151523
periodic,u,34,0.7083333333333334,0,3,0.021498901339677665
periodic,u,34,0.7083333333333334,0,4,0.001831561613541383
periodic,u,34,0.7083333333333334,0,5,0.04268208604592543
periodic,u,34,0.7083333333333334,1,0,0.030243484948117
periodic,u,34,0.7083333333333334,1,1,0.023002269319616832
periodic,u,34,0.7083333333333334,1,2,0.012384273326740814
periodic,u,34,0.7083333333333334,1,3,0.0
periodic,u,34,0.7083333333333334,1,4,0.0
periodic,u,34,0.7083333333333334,1,5,0.03327107372192236
periodic,u,34,0.7083333333333334,2,0,0.0034428277599195447
periodic,u,34,0.7083333333333334,2,1,0.08491747665147369
periodic,u,34,0.7083333333333334,2,2,0.004000525348461592
periodic,u,34,0.7083333333333334,2,3,0.030200491945904035
periodic,u,34,0.7083333333333334,2,4,0.0007595235544543427
periodic,u,34,0.7083333333333334,2,5,0.08272311206047352
periodic,u,35,0.7291666666666666,0,0,0.03632348116773825
periodic,u,35,0.7291666666666666,0,1,0.004498882362475762
periodic,u,35,0.7291666666666666,0,2,0.02089075042078128
periodic,u,35,0.7291666666666666,0,3,0.019529400536647208
periodic,u,35,0.7291666666666666,0,4,0.0
periodic,u,35,0.7291666666666666,0,5,0.0176585867571143
periodic,u,35,0.7291666666666666,1,0,0.03212005974581608
periodic,u,35,0.7291666666666666,1,1,0.02308386077101414
periodic,u,35,0.7291666666666666,1,2,0.007530412421776698
periodic,u,35,0.7291666666666666,1,3,0.018800643774179313
periodic,u,35,0.7291666666666666,1,4,0.0036908833739849236
periodic,u,35,0.7291666666666666,1,5,0.030158756157526605
periodic,u,35,0.7291666666666666,2,0,0.00807571060095842
periodic,u,35,0.7291666666666666,2,1,0.0901764202146576
periodic,u,35,0.7291666666666666,2,2,0.0
periodic,u,35,0.7291666666666666,2,3,0.007579995314769734
periodic,u,35,0.7291666666666666,2,4,0.0006893606399759077
periodic,u,35,0.7291666666666666,2,5,0.10776423175747578
periodic,u,36,0.75,0,0,0.05407808147943937
periodic,u,36,0.75,0,1,0.0013882328684513385
periodic,u,36,0.75,0,2,0.0012481676128048163
periodic,u,36,0.75,0,3,0.022088873844880324
periodic,u,36,0.75,0,4,0.0005122713314799162
periodic,u,36,0.75,0,5,0.02782722985228667
periodic,u,36,0.75,1,0,0.06013168000544493
periodic,u,36,0.75,1,1,0.010417152769290484
periodic,u,36,0.75,1,2,0.012281231582164764
periodic,u,36,0.75,1,3,0.022176288354855318
periodic,u,36,0.75,1,4,0.007816832799177904
periodic,u,36,0.75,1,5,0.027286707065426387
periodic,u,36,0.75,2,0,0.057489171400308035
periodic,u,36,0.75,2,1,0.06306308740749955
periodic,u,36,0.75,2,2,0.0
periodic,u,36,0.75,2,3,0.006185590791014524
periodic,u,36,0.75,2,4,0.0005813414150347504
periodic,u,36,0.75,2,5,0.05399949352543514
periodic,u,37,0.7708333333333334,0,0,0.04966233907124171
periodic,u,37,0.7708333333333334,0,1,0.005639910697937012
periodic,u,37,0.7708333333333334,0,2,0.004244265934595695
periodic,u,37,0.7708333333333334,0,3,0.014628573679007016
periodic,u,37,0.7708333333333334,0,4,0.021597638081472654
periodic,u,37,0.7708333333333334,0,5,0.0525789252983836
periodic,u,37,0.7708333333333334,1,0,0.067209803356001
periodic,u,37,0.7708333333333334,1,1,0.010752601692309747
periodic,u,37,0.7708333333333334,1,2,0.018831042716136344
periodic,u,37,0.7708333333333334,1,3,0.06366597531506649
periodic,u,37,0.7708333333333334,1,4,0.008751315852770438
periodic,u,37,0.7708333333333334,1,5,0.020349702726189908
periodic,u,37,0.7708333333333334,2,0,0.04245374552332438
periodic,u,37,0.7708333333333334,2,1,0.017393611622257873
periodic,u,37,0.7708333333333334,2,2,0.0
periodic,u,37,0.7708333333333334,2,3,0.00886465164904411
periodic,u,37,0.7708333333333334,2,4,0.0
periodic,u,37,0.7708333333333334,2,5,0.021947333195175115
periodic,u,38,0.7916666666666666,0,0,0.04762085871054576
periodic,u,38,0.7916666666666666,0,1,0.0
periodic,u,38,0.7916666666666666,0,2,0.0024866584258583877
periodic,u,38,0.7916666666666666,0,3,0.001782766328408168
periodic,u,38,0.7916666666666666,0,4,0.04632650355163675
periodic,u,38,0.7916666666666666,0,5,0.05013486334624199
periodic,u,38,0.7916666666666666,1,0,0.03500314723127163
periodic,u,38,0.7916666666666666,1,1,0.002021135475773078
periodic,u,38,0.7916666666666666,1,2,0.016886554586772736
periodic,u,38,0.7916666666666666,1,3,0.0626570857488192
periodic,u,38,0.7916666666666666,1,4,0.010832290809888106
periodic,u,38,0.7916666666666666,1,5,0.004467919612160096
periodic,u,38,0.7916666666666666,2,0,0.06892898420874889
periodic,u,38,0.7916666666666666,2,1,0.0
periodic,u,38,0.7916666666666666,2,2,0.018596059284531154
periodic,u,38,0.7916666666666666,2,3,0.03193387475151282
periodic,u,38,0.7916666666666666,2,4,0.0
periodic,u,38,0.7916666666666666,2,5,0.028892731867157496
periodic,u,39,0.8125,0,0,0.040071077788105376
periodic,u,39,0.8125,0,1,0.0
periodic,u,39,0.8125,0,2,0.0009724989246863585
periodic,u,39,0.8125,0,3,0.0
periodic,u,39,0.8125,0,4,0.007931089207816582
periodic,u,39,0.8125,0,5,0.049926434070445024
periodic,u,39,0.8125,1,0,0.03841710434510158
periodic,u,39,0.8125,1,1,0.0018118078318926005
periodic,u,39,0.8125,1,2,0.031207259601125352
periodic,u,39,0.8125,1,3,0.04620370899255459
periodic,u,39,0.8125,1,4,0.007885374128818512
periodic,u,39,0.8125,1,5,0.05579342506825924
periodic,u,39,0.8125,2,0,0.05684610642492771
periodic,u,39,0.8125,2,1,0.00021165994425805716
periodic,u,39,0.8125,2,2,0.029379849178859822
periodic,u,39,0.8125,2,3,0.01588081969664647
periodic,u,39,0.8125,2,4,0.0
periodic,u,39,0.8125,2,5,0.04603321606723162
periodic,u,40,0.8333333333333334,0,0,0.054249353921757296
periodic,u,40,0.8333333333333334,0,1,0.0
periodic,u,40,0.8333333333333334,0,2,0.0025478432384821083
periodic,u,40,0.8333333333333334,0,3,0.0
periodic,u,40,0.8333333333333334,0,4,0.007220169063657522
periodic,u,40,0.8333333333333334,0,5,0.07609252531367999
periodic,u,40,0.8333333333333334,1,0,0.038576193082217984
periodic,u,40,0.8333333333333334,1,1,0.0
periodic,u,40,0.8333333333333334,1,2,0.024905801822359745
periodic,u,40,0.8333333333333334,1,3,0.013392405727734933
periodic,u,40,0.8333333333333334,1,4,0.0
periodic,u,40,0.8333333333333334,1,5,0.07147724990947889
periodic,u,40,0.8333333333333334,2,0,0.011785391910682218
periodic,u,40,0.8333333333333334,2,1,0.011020855978131294
periodic,u,40,0.8333333333333334,2,2,0.04369921910648163
periodic,u,40,0.8333333333333334,2,3,0.03620611081043115
periodic,u,40,0.8333333333333334,2,4,0.0
periodic,u,40,0.8333333333333334,2,5,0.03739831546464792
periodic,u,41,0.8541666666666666,0,0,0.04941265578739918
periodic,u,41,0.8541666666666666,0,1,0.0009486660934411562
periodic,u,41,0.8541666666666666,0,2,0.0
periodic,u,41,0.8541666666666666,0,3,0.00729309251675239
periodic,u,41,0.8541666666666666,0,4,0.008016487010396443
periodic,u,41,0.8541666666666666,0,5,0.09092250810219692
periodic,u,41,0.8541666666666666,1,0,0.031043305419958554
periodic,u,41,0.8541666666666666,1,1,0.002256259393806641
periodic,u,41,0.8541666666666666,1,2,0.01827060803771019
periodic,u,41,0.8541666666666666,1,3,0.0046564185848602885
periodic,u,41,0.8541666666666666,1,4,0.006360221510896316
periodic,u,41,0.8541666666666666,1,5,0.06928132080401365
periodic,u,41,0.8541666666666666,2,0,0.006721925225484973
periodic,u,41,0.8541666666666666,2,1,0.01766616589604662
periodic,u,41,0.8541666666666666,2,2,0.013449942979675073
periodic,u,41,0.8541666666666666,2,3,0.0406763544306159
periodic,u,41,0.8541666666666666,2,4,0.0
periodic,u,41,0.8541666666666666,2,5,0.06159550180801979
periodic,u,42,0.875,0,0,0.03012755885720253
periodic,u,42,0.875,0,1,0.006762570916460111
periodic,u,42,0.875,0,2,0.001358607246612127
periodic,u,42,0.875,0,3,0.024845854594157293
periodic,u,42,0.875,0,4,0.0
periodic,u,42,0.875,0,5,0.027564748763464965
periodic,u,42,0.875,1,0,0.017497464656256713
periodic,u,42,0.875,1,1,0.02616737661166833
periodic,u,42,0.875,1,2,0.005844416455007517
periodic,u,42,0.875,1,3,0.0067383755858127885
periodic,u,42,0.875,1,4,0.0015033821646983807
periodic,u,42,0.875,1,5,0.04115008462506991
periodic,u,42,0.875,2,0,0.010970238076809507
periodic,u,42,0.875,2,1,0.09533815587369296
periodic,u,42,0.875,2,2,0.004033095848101836
periodic,u,42,0.875,2,3,0.028634329832409725
periodic,u,42,0.875,2,4,0.000767253460183453
periodic,u,42,0.875,2,5,0.09926792033589803
periodic,u,43,0.8958333333333334,0,0,0.032026527592769034
periodic,u,43,0.8958333333333334,0,1,0.0011680156995470708
periodic,u,43,0.8958333333333334,0,2,0.027951952786399767
periodic,u,43,0.8958333333333334,0,3,0.014618554940590492
periodic,u,43,0.8958333333333334,0,4,0.0
periodic,u,43,0.8958333333333334,0,5,0.014894292116738282
periodic,u,43,0.8958333333333334,1,0,0.02605990621332939
periodic,u,43,0.8958333333333334,1,1,0.02671832562639163
periodic,u,43,0.8958333333333334,1,2,0.01516813226044178
periodic,u,43,0.8958333333333334,1,3,0.02134836235871682
periodic,u,43,0.8958333333333334,1,4,0.00914735490312943
periodic,u,43,0.8958333333333334,1,5,0.03342605167283462
periodic,u,43,0.8958333333333334,2,0,0.013575409409196045
periodic,u,43,0.8958333333333334,2,1,0.08212037723009977
periodic,u,43,0.8958333333333334,2,2,0.0
periodic,u,43,0.8958333333333334,2,3,0.0019429308505585561
periodic,u,43,0.8958333333333334,2,4,0.0006750170186233635
periodic,u,43,0.8958333333333334,2,5,0.10773022236445776
periodic,u,44,0.9166666666666666,0,0,0.05477838977598227
periodic,u,44,0.9166666666666666,0,1,0.010745692854890456
periodic,u,44,0.9166666666666666,0,2,0.0031213115502256327
periodic,u,44,0.9166666666666666,0,3,0.026457028893324044
periodic,u,44,0.9166666666666666,0,4,0.0014038197338007963
periodic,u,44,0.9166666666666666,0,5,0.035361893045214504
periodic,u,44,0.9166666666666666,1,0,0.04644254895930107
periodic,u,44,0.9166666666666666,1,1,0.013246384520943347
periodic,u,44,0.9166666666666666,1,2,0.014206644434195299
periodic,u,44,0.9166666666666666,1,3,0.024797798206026737
periodic,u,44,0.9166666666666666,1,4,0.0032800275545853833
periodic,u,44,0.9166666666666666,1,5,0.013411214145330282
periodic,u,44,0.9166666666666666,2,0,0.06859014799388555
periodic,u,44,0.9166666666666666,2,1,0.06332676735921548
periodic,u,44,0.9166666666666666,2,2,0.0
periodic,u,44,0.9166666666666666,2,3,0.006398463191894384
periodic,u,44,0.9166666666666666,2,4,0.0005669392994605005
periodic,u,44,0.9166666666666666,2,5,0.04243636582619869
periodic,u,45,0.9375,0,0,0.057079738579117335
periodic,u,45,0.9375,0,1,0.005544915222204649
periodic,u,45,0.9375,0,2,0.003494982822583272
periodic,u,45,0.9375,0,3,0.0
periodic,u,45,0.9375,0,4,0.01443310884328989
periodic,u,45,0.9375,0,5,0.04307363124994131
periodic,u,45,0.9375,1,0,0.07985499472572254
periodic,u,45,0.9375,1,1,0.005434921154609093
periodic,u,45,0.9375,1,2,0.02010413660452916
periodic,u,45,0.9375,1,3,0.07909627588322529
periodic,u,45,0.9375,1,4,0.01691714903483024
periodic,u,45,0.9375,1,5,0.021120000200775955
periodic,u,45,0.9375,2,0,0.04225199583631296
periodic,u,45,0.9375,2,1,0.015197684845099082
periodic,u,45,0.9375,2,2,0.000968686448266873
periodic,u,45,0.9375,2,3,0.01644952394641363
periodic,u,45,0.9375,2,4,0.0
periodic,u,45,0.9375,2,5,0.007549692876636982
periodic,u,46,0.9583333333333334,0,0,0.03595119772049097
periodic,u,46,0.9583333333333334,0,1,0.0
periodic,u,46,0.9583333333333334,0,2,0.001398591181406608
periodic,u,46,0.9583333333333334,0,3,0.0009256698764287508
periodic,u,46,0.9583333333333334,0,4,0.045573450839863375
periodic,u,46,0.9583333333333334,0,5,0.05626098202684751
periodic,u,46,0.9583333333333334,1,0,0.03405205654696776
periodic,u,46,0.9583333333333334,1,1,0.0018772534452951872
periodic,u,46,0.9583333333333334,1,2,0.02413840018785917
periodic,u,46,0.9583333333333334,1,3,0.055658407795887724
periodic,u,46,0.9583333333333334,1,4,0.014274599173894295
periodic,u,46,0.9583333333333334,1,5,0.010109173993651684
periodic,u,46,0.9583333333333334,2,0,0.05878942381017483
periodic,u,46,0.9583333333333334,2,1,0.0009041127677147205
periodic,u,46,0.9583333333333334,2,2,0.0248477511251202
periodic,u,46,0.9583333333333334,2,3,0.02699390282997718
periodic,u,46,0.9583333333333334,2,4,0.0
periodic,u,46,0.9583333333333334,2,5,0.03681646179980957
periodic,u,47,0.9791666666666666,0,0,0.053268915901963525
periodic,u,47,0.9791666666666666,0,1,0.0
periodic,u,47,0.9791666666666666,0,2,0.0011072415285385572
periodic,u,47,0.9791666666666666,0,3,0.0
periodic,u,47,0.9791666666666666,0,4,0.007698936961018122
periodic,u,47,0.9791666666666666,0,5,0.04506776209634084
periodic,u,47,0.9791666666666666,1,0,0.03796459218630424
periodic,u,47,0.9791666666666666,1,1,0.0
periodic,u,47,0.9791666666666666,1,2,0.02729745381153547
periodic,u,47,0.9791666666666666,1,3,0.04840672274048512
periodic,u,47,0.9791666666666666,1,4,0.004862914864833538
periodic,u,47,0.9791666666666666,1,5,0.046303483514258496
periodic,u,47,0.9791666666666666,2,0,0.051696597741773494
periodic,u,47,0.9791666666666666,2,1,0.0018653145704704982
periodic,u,47,0.9791666666666666,2,2,0.035052040233634986
periodic,u,47,0.9791666666666666,2,3,0.019507228755033933
periodic,u,47,0.9791666666666666,2,4,0.0
periodic,u,47,0.9791666666666666,2,5,0.04847222795853248
periodic,u,48,1.0,0,0,0.048181475641635746
periodic,u,48,1.0,0,1,0.0051288535961738
periodic,u,48,1.0,0,2,0.005827391520142555
periodic,u,48,1.0,0,3,0.0
periodic,u,48,1.0,0,4,0.007415798349449268
periodic,u,48,1.0,0,5,0.06531461528860606
periodic,u,48,1.0,1,0,0.04547381171813378
periodic,u,48,1.0,1,1,0.0
periodic,u,48,1.0,1,2,0.01247037316744144
periodic,u,48,1.0,1,3,0.0038868607236788822
periodic,u,48,1.0,1,4,0.0
periodic,u,48,1.0,1,5,0.08652060357137369
periodic,u,48,1.0,2,0,0.014493548329203175
periodic,u,48,1.0,2,1,0.00986747001297772
periodic,u,48,1.0,2,2,0.04282191667992335
periodic,u,48,1.0,2,3,0.02872736193239689
periodic,u,48,1.0,2,4,0.0
periodic,u,48,1.0,2,5,0.05244135283506834
periodic,p,1,0.020833333333333332,0,0,0.0642324576440912
periodic,p,1,0.020833333333333332,0,1,0.0
periodic,p,1,0.020833333333333332,0,2,0.10336800066467661
periodic,p,1,0.020833333333333332,0,3,0.030201741924079564
periodic,p,1,0.020833333333333332,0,4,0.0
periodic,p,1,0.020833333333333332,0,5,0.0
periodic,p,1,0.020833333333333332,1,0,0.023906462682554357
periodic,p,1,0.020833333333333332,1,1,0.0
periodic,p,1,0.020833333333333332,1,2,0.01628300927292842
periodic,p,1,0.020833333333333332,1,3,0.0014740069253513445
periodic,p,1,0.020833333333333332,1,4,0.0
periodic,p,1,0.020833333333333332,1,5,0.01602882891893387
periodic,p,1,0.020833333333333332,2,0,0.1466646403647386
periodic,p,1,0.020833333333333332,2,1,0.0062810247047589375
periodic,p,1,0.020833333333333332,2,2,0.020131262144646965
periodic,p,1,0.020833333333333332,2,3,0.0
periodic,p,1,0.020833333333333332,2,4,0.0
periodic,p,1,0.020833333333333332,2,5,0.0
periodic,p,2,0.041666666666666664,0,0,0.03065786653986344
periodic,p,2,0.041666666666666664,0,1,0.0
periodic,p,2,0.041666666666666664,0,2,0.06636061820273216
periodic,p,2,0.041666666666666664,0,3,0.019796789838717535
periodic,p,2,0.041666666666666664,0,4,0.006811101705982135
periodic,p,2,0.041666666666666664,0,5,0.0
periodic,p,2,0.041666666666666664,1,0,0.011189790872427134
periodic,p,2,0.041666666666666664,1,1,0.0
periodic,p,2,0.041666666666666664,1,2,0.086772514328074
periodic,p,2,0.041666666666666664,1,3,0.02702024939040152
periodic,p,2,0.041666666666666664,1,4,0.0
periodic,p,2,0.041666666666666664,1,5,0.03161085397005081
periodic,p,2,0.041666666666666664,2,0,0.11222039736234225
periodic,p,2,0.041666666666666664,2,1,0.003225463514144604
periodic,p,2,0.041666666666666664,2,2,0.03290578782952462
periodic,p,2,0.041666666666666664,2,3,0.0
periodic,p,2,0.041666666666666664,2,4,0.0
periodic,p,2,0.041666666666666664,2,5,0.0
periodic,p,3,0.0625,0,0,0.0036679555017214557
periodic,p,3,0.0625,0,1,0.0004671341023192956
periodic,p,3,0.0625,0,2,0.08254601419545136
periodic,p,3,0.0625,0,3,0.0844134669034527
periodic,p,3,0.0625,0,4,0.001982352911279752
periodic,p,3,0.0625,0,5,0.0
periodic,p,3,0.0625,1,0,0.0
periodic,p,3,0.0625,1,1,0.0
periodic,p,3,0.0625,1,2,0.024782157252327755
periodic,p,3,0.0625,1,3,0.05228400346823037
periodic,p,3,0.0625,1,4,0.0
periodic,p,3,0.0625,1,5,0.05480197423066084
periodic,p,3,0.0625,2,0,0.09447427953665073
periodic,p,3,0.0625,2,1,0.0
periodic,p,3,0.0625,2,2,0.02915209549694107
periodic,p,3,0.0625,2,3,0.0
periodic,p,3,0.0625,2,4,0.0
periodic,p,3,0.0625,2,5,0.0
periodic,p,4,0.08333333333333333,0,0,0.006667994535886324
periodic,p,4,0.08333333333333333,0,1,0.0016639352632829775
periodic,p,4,0.08333333333333333,0,2,0.051166076213121414
periodic,p,4,0.08333333333333333,0,3,0.077990008231539
periodic,p,4,0.08333333333333333,0,4,0.0026218763624246302
periodic,p,4,0.08333333333333333,0,5,0.0
periodic,p,4,0.08333333333333333,1,0,0.0059628125566702625
periodic,p,4,0.08333333333333333,1,1,0.0
periodic,p,4,0.08333333333333333,1,2,0.05133888899133755
periodic,p,4,0.08333333333333333,1,3,0.038596435951498836
periodic,p,4,0.08333333333333333,1,4,0.0039960118727042125
periodic,p,4,0.08333333333333333,1,5,0.007248706685808988
periodic,p,4,0.08333333333333333,2,0,0.13199604016083938
periodic,p,4,0.08333333333333333,2,1,0.0
periodic,p,4,0.08333333333333333,2,2,0.035186168643681764
periodic,p,4,0.08333333333333333,2,3,0.0
periodic,p,4,0.08333333333333333,2,4,0.0
periodic,p,4,0.08333333333333333,2,5,0.014136470281160794
periodic,p,5,0.10416666666666667,0,0,0.04182778664219838
periodic,p,5,0.10416666666666667,0,1,0.0014293997620160764
periodic,p,5,0.10416666666666667,0,2,0.04198475225040546
periodic,p,5,0.10416666666666667,0,3,0.09607674654286641
periodic,p,5,0.10416666666666667,0,4,0.0
periodic,p,5,0.10416666666666667,0,5,0.0
periodic,p,5,0.10416666666666667,1,0,0.0242816312954976
periodic,p,5,0.10416666666666667,1,1,0.0
periodic,p,5,0.10416666666666667,1,2,0.03296008534156359
periodic,p,5,0.10416666666666667,1,3,0.03719060939665024
periodic,p,5,0.10416666666666667,1,4,0.001484240906742903
periodic,p,5,0.10416666666666667,1,5,0.002984535163984849
periodic,p,5,0.10416666666666667,2,0,0.10631465166807175
periodic,p,5,0.10416666666666667,2,1,0.002344433218240738
periodic,p,5,0.10416666666666667,2,2,0.027229714395406727
periodic,p,5,0.10416666666666667,2,3,0.0
periodic,p,5,0.10416666666666667,2,4,0.0
periodic,p,5,0.10416666666666667,2,5,0.012462848940720925
periodic,p,6,0.125,0,0,0.028033532488804597
periodic,p,6,0.125,0,1,0.007597898849501059
periodic,p,6,0.125,0,2,0.03298891027672933
periodic,p,6,0.125,0,3,0.060756937529032044
periodic,p,6,0.125,0,4,0.002490853747496238
periodic,p,6,0.125,0,5,0.0
periodic,p,6,0.125,1,0,0.02693696305728876
periodic,p,6,0.125,1,1,0.0
periodic,p,6,0.125,1,2,0.05841959712023918
periodic,p,6,0.125,1,3,0.028539512449732192
periodic,p,6,0.125,1,4,0.0
periodic,p,6,0.125,1,5,0.001488542900635646
periodic,p,6,0.125,2,0,0.14188770605967596
periodic,p,6,0.125,2,1,0.002457834493655425
periodic,p,6,0.125,2,2,0.029743798721868258
periodic,p,6,0.125,2,3,0.0
periodic,p,6,0.125,2,4,0.0
periodic,p,6,0.125,2,5,0.007229343629800356
periodic,p,7,0.14583333333333334,0,0,0.010279330424964428
periodic,p,7,0.14583333333333334,0,1,0.01061788803109756
periodic,p,7,0.14583333333333334,0,2,0.03692911816044496
periodic,p,7,0.14583333333333334,0,3,0.06580003730666178
periodic,p,7,0.14583333333333334,0,4,0.0
periodic,p,7,0.14583333333333334,0,5,0.0
periodic,p,7,0.14583333333333334,1,0,0.03687895447588884
periodic,p,7,0.14583333333333334,1,1,0.0
periodic,p,7,0.14583333333333334,1,2,0.12932044783463845
periodic,p,7,0.14583333333333334,1,3,0.04234132213661304
periodic,p,7,0.14583333333333334,1,4,0.0
periodic,p,7,0.14583333333333334,1,5,0.005744992182231867
periodic,p,7,0.14583333333333334,2,0,0.07907594167269193
periodic,p,7,0.14583333333333334,2,1,0.001472271835574737
periodic,p,7,0.14583333333333334,2,2,0.010111128732275505
periodic,p,7,0.14583333333333334,2,3,0.0
periodic,p,7,0.14583333333333334,2,4,0.0
periodic,p,7,0.14583333333333334,2,5,0.0
periodic,p,8,0.16666666666666666,0,0,0.049677428090944886
periodic,p,8,0.16666666666666666,0,1,0.0
periodic,p,8,0.16666666666666666,0,2,0.0821812258890042
periodic,p,8,0.16666666666666666,0,3,0.04121827205213217
periodic,p,8,0.16666666666666666,0,4,0.0
periodic,p,8,0.16666666666666666,0,5,0.0
periodic,p,8,0.16666666666666666,1,0,0.032128928372493155
periodic,p,8,0.16666666666666666,1,1,0.0
periodic,p,8,0.16666666666666666,1,2,0.08009228038673218
periodic,p,8,0.16666666666666666,1,3,0.03282981623823826
periodic,p,8,0.16666666666666666,1,4,0.0
periodic,p,8,0.16666666666666666,1,5,0.011542384906743582
periodic,p,8,0.16666666666666666,2,0,0.08741388011437196
periodic,p,8,0.16666666666666666,2,1,0.0
periodic,p,8,0.16666666666666666,2,2,0.011487219572210541
periodic,p,8,0.16666666666666666,2,3,0.0
periodic,p,8,0.16666666666666666,2,4,0.0
periodic,p,8,0.16666666666666666,2,5,0.0
periodic,p,9,0.1875,0,0,0.03669427381828427
periodic,p,9,0.1875,0,1,0.0
periodic,p,9,0.1875,0,2,0.08890353300823615
periodic,p,9,0.1875,0,3,0.022753842604848053
periodic,p,9,0.1875,0,4,0.0
periodic,p,9,0.1875,0,5,0.0
periodic,p,9,0.1875,1,0,0.0187745072807257
periodic,p,9,0.1875,1,1,0.0
periodic,p,9,0.1875,1,2,0.03743285578317367
periodic,p,9,0.1875,1,3,0.014070438525567833
periodic,p,9,0.1875,1,4,0.0
periodic,p,9,0.1875,1,5,0.02862329838367609
periodic,p,9,0.1875,2,0,0.15588051023391578
periodic,p,9,0.1875,2,1,0.0015177480303324186
periodic,p,9,0.1875,2,2,0.02392042550043418
periodic,p,9,0.1875,2,3,0.0
periodic,p,9,0.1875,2,4,0.0
periodic,p,9,0.1875,2,5,0.0
periodic,p,10,0.20833333333333334,0,0,0.03173467896592159
periodic,p,10,0.20833333333333334,0,1,0.003800256034502616
periodic,p,10,0.20833333333333334,0,2,0.07616015982169372
periodic,p,10,0.20833333333333334,0,3,0.03665655364210789
periodic,p,10,0.20833333333333334,0,4,0.0
periodic,p,10,0.20833333333333334,0,5,0.0
periodic,p,10,0.20833333333333334,1,0,0.014802338555455208
periodic,p,10,0.20833333333333334,1,1,0.0
periodic,p,10,0.20833333333333334,1,2,0.0561447380325542
periodic,p,10,0.20833333333333334,1,3,0.03479500962063097
periodic,p,10,0.20833333333333334,1,4,0.0
periodic,p,10,0.20833333333333334,1,5,0.03436780577668777
periodic,p,10,0.20833333333333334,2,0,0.11202033652135959
periodic,p,10,0.20833333333333334,2,1,0.0
periodic,p,10,0.20833333333333334,2,2,0.0280895558042595
periodic,p,10,0.20833333333333334,2,3,0.0
periodic,p,10,0.20833333333333334,2,4,0.0
periodic,p,10,0.20833333333333334,2,5,0.0
periodic,p,11,0.22916666666666666,0,0,0.006105088270627535
periodic,p,11,0.22916666666666666,0,1,0.003546265455392691
periodic,p,11,0.22916666666666666,0,2,0.03308815681017362
periodic,p,11,0.22916666666666666,0,3,0.039678071840451315
periodic,p,11,0.22916666666666666,0,4,0.0
periodic,p,11,0.22916666666666666,0,5,0.0
periodic,p,11,0.22916666666666666,1,0,0.0
periodic,p,11,0.22916666666666666,1,1,0.0
periodic,p,11,0.22916666666666666,1,2,0.058246742360866986
periodic,p,11,0.22916666666666666,1,3,0.05409230877502033
periodic,p,11,0.22916666666666666,1,4,0.0028987002487366018
periodic,p,11,0.22916666666666666,1,5,0.033113900428781144
periodic,p,11,0.22916666666666666,2,0,0.14951452397956297
periodic,p,11,0.22916666666666666,2,1,0.0
periodic,p,11,0.22916666666666666,2,2,0.04245003821471563
periodic,p,11,0.22916666666666666,2,3,0.0
periodic,p,11,0.22916666666666666,2,4,0.0
periodic,p,11,0.22916666666666666,2,5,0.005837638217669267
periodic,p,12,0.25,0,0,0.0
periodic,p,12,0.25,0,1,0.004471675134622133
periodic,p,12,0.25,0,2,0.029332680484423272
periodic,p,12,0.25,0,3,0.03822670131921768
periodic,p,12,0.25,0,4,0.0021447672580297175
periodic,p,12,0.25,0,5,0.0
periodic,p,12,0.25,1,0,0.012281286601836864
periodic,p,12,0.25,1,1,0.0
periodic,p,12,0.25,1,2,0.07124943694529626
periodic,p,12,0.25,1,3,0.06787936196017724
periodic,p,12,0.25,1,4,0.005593051130955036
periodic,p,12,0.25,1,5,0.007832028544866122
periodic,p,12,0.25,2,0,0.13786219117733148
periodic,p,12,0.25,2,1,0.0
periodic,p,12,0.25,2,2,0.03378034380372041
periodic,p,12,0.25,2,3,0.0
periodic,p,12,0.25,2,4,0.0
periodic,p,12,0.25,2,5,0.017917906722197167
periodic,p,13,0.2708333333333333,0,0,0.042750840146954246
periodic,p,13,0.2708333333333333,0,1,0.0014941753246463262
periodic,p,13,0.2708333333333333,0,2,0.03549600822421221
periodic,p,13,0.2708333333333333,0,3,0.08509414370816487
periodic,p,13,0.2708333333333333,0,4,0.0
periodic,p,13,0.2708333333333333,0,5,0.0
periodic,p,13,0.2708333333333333,1,0,0.024755912331434395
periodic,p,13,0.2708333333333333,1,1,0.0
periodic,p,13,0.2708333333333333,1,2,0.05881993701824775
periodic,p,13,0.2708333333333333,1,3,0.050379403007145114
periodic,p,13,0.2708333333333333,1,4,0.003241775557398796
periodic,p,13,0.2708333333333333,1,5,0.002912864017371948
periodic,p,13,0.2708333333333333,2,0,0.08554173805392705
periodic,p,13,0.2708333333333333,2,1,0.0027211655217867633
periodic,p,13,0.2708333333333333,2,2,0.024203501534290038
periodic,p,13,0.2708333333333333,2,3,0.0
periodic,p,13,0.2708333333333333,2,4,0.0
periodic,p,13,0.2708333333333333,2,5,0.011159972502635075
periodic,p,14,0.2916666666666667,0,0,0.03238297855624786
periodic,p,14,0.2916666666666667,0,1,0.005710700455193336
periodic,p,14,0.2916666666666667,0,2,0.03301832789125351
periodic,p,14,0.2916666666666667,0,3,0.057440500563153855
periodic,p,14,0.2916666666666667,0,4,0.0033156290077246153
periodic,p,14,0.2916666666666667,0,5,0.0
periodic,p,14,0.2916666666666667,1,0,0.028425273557121936
periodic,p,14,0.2916666666666667,1,1,0.0
periodic,p,14,0.2916666666666667,1,2,0.06923239047710712
periodic,p,14,0.2916666666666667,1,3,0.028238458988758233
periodic,p,14,0.2916666666666667,1,4,0.0012734318868472027
periodic,p,14,0.2916666666666667,1,5,0.0046985774086071895
periodic,p,14,0.2916666666666667,2,0,0.12514603023345655
periodic,p,14,0.2916666666666667,2,1,0.0013250328886967439
periodic,p,14,0.2916666666666667,2,2,0.02571627891694124
periodic,p,14,0.2916666666666667,2,3,0.0
periodic,p,14,0.2916666666666667,2,4,0.0
periodic,p,14,0.2916666666666667,2,5,0.012647823645518376
periodic,p,15,0.3125,0,0,0.010224948278986491
periodic,p,15,0.3125,0,1,0.004551002863221443
periodic,p,15,0.3125,0,2,0.04179720007456266
periodic,p,15,0.3125,0,3,0.0670532239601016
periodic,p,15,0.3125,0,4,0.0
periodic,p,15,0.3125,0,5,0.0
periodic,p,15,0.3125,1,0,0.03717375833254594
periodic,p,15,0.3125,1,1,0.0
periodic,p,15,0.3125,1,2,0.12562463289270034
periodic,p,15,0.3125,1,3,0.037086537680946864
periodic,p,15,0.3125,1,4,0.0
periodic,p,15,0.3125,1,5,0.006159028898064907
periodic,p,15,0.3125,2,0,0.08645076075425515
periodic,p,15,0.3125,2,1,0.0013543830181543643
periodic,p,15,0.3125,2,2,0.011095955573882047
periodic,p,15,0.3125,2,3,0.0
periodic,p,15,0.3125,2,4,0.0
periodic,p,15,0.3125,2,5,0.0
periodic,p,16,0.3333333333333333,0,0,0.04413638489607435
periodic,p,16,0.3333333333333333,0,1,0.0
periodic,p,16,0.3333333333333333,0,2,0.07049429158751781
periodic,p,16,0.3333333333333333,0,3,0.033720974380580276
periodic,p,16,0.3333333333333333,0,4,0.0
periodic,p,16,0.3333333333333333,0,5,0.0
periodic,p,16,0.3333333333333333,1,0,0.03135539018190824
periodic,p,16,0.3333333333333333,1,1,0.0
periodic,p,16,0.3333333333333333,1,2,0.07864969130605459
periodic,p,16,0.3333333333333333,1,3,0.027639971705726706
periodic,p,16,0.3333333333333333,1,4,0.0
periodic,p,16,0.3333333333333333,1,5,0.01894835440012125
periodic,p,16,0.3333333333333333,2,0,0.10856778633136016
periodic,p,16,0.3333333333333333,2,1,0.0
periodic,p,16,0.3333333333333333,2,2,0.015058588988792438
periodic,p,16,0.3333333333333333,2,3,0.0
periodic,p,16,0.3333333333333333,2,4,0.0
periodic,p,16,0.3333333333333333,2,5,0.0
periodic,p,17,0.3541666666666667,0,0,0.03189627116975876
periodic,p,17,0.3541666666666667,0,1,0.0
periodic,p,17,0.3541666666666667,0,2,0.08580434852494644
periodic,p,17,0.3541666666666667,0,3,0.020890390070585105
periodic,p,17,0.3541666666666667,0,4,0.0015188832409106768
periodic,p,17,0.3541666666666667,0,5,0.0
periodic,p,17,0.3541666666666667,1,0,0.017630459310916755
periodic,p,17,0.3541666666666667,1,1,0.0
periodic,p,17,0.3541666666666667,1,2,0.04284105768713813
periodic,p,17,0.3541666666666667,1,3,0.020704326792978324
periodic,p,17,0.3541666666666667,1,4,0.0
periodic,p,17,0.3541666666666667,1,5,0.025967015096774466
periodic,p,17,0.3541666666666667,2,0,0.15154937712045816
periodic,p,17,0.3541666666666667,2,1,0.0018971351763376822
periodic,p,17,0.3541666666666667,2,2,0.027872169784341868
periodic,p,17,0.3541666666666667,2,3,0.0
periodic,p,17,0.3541666666666667,2,4,0.0
periodic,p,17,0.3541666666666667,2,5,0.0
periodic,p,18,0.375,0,0,0.04230950299936991
periodic,p,18,0.375,0,1,0.0012621353738583052
periodic,p,18,0.375,0,2,0.06575576559855388
periodic,p,18,0.375,0,3,0.030782488747858085
periodic,p,18,0.375,0,4,0.0
periodic,p,18,0.375,0,5,0.0
periodic,p,18,0.375,1,0,0.002073074189516214
periodic,p,18,0.375,1,1,0.0
periodic,p,18,0.375,1,2,0.048345912247896194
periodic,p,18,0.375,1,3,0.03019777945099542
periodic,p,18,0.375,1,4,0.0
periodic,p,18,0.375,1,5,0.03476785152004315
periodic,p,18,0.375,2,0,0.1295654114622336
periodic,p,18,0.375,2,1,0.0
periodic,p,18,0.375,2,2,0.03748134835265004
periodic,p,18,0.375,2,3,0.0
periodic,p,18,0.375,2,4,0.0
periodic,p,18,0.375,2,5,0.006030168241033187
periodic,p,19,0.3958333333333333,0,0,0.010372506311306586
periodic,p,19,0.3958333333333333,0,1,0.0032374849542975426
periodic,p,19,0.3958333333333333,0,2,0.04170582099602772
periodic,p,19,0.3958333333333333,0,3,0.04358528669063862
periodic,p,19,0.3958333333333333,0,4,0.0
periodic,p,19,0.3958333333333333,0,5,0.0
periodic,p,19,0.3958333333333333,1,0,0.004457614169670985
periodic,p,19,0.3958333333333333,1,1,0.0
periodic,p,19,0.3958333333333333,1,2,0.05241720894208321
periodic,p,19,0.3958333333333333,1,3,0.05243323028732378
periodic,p,19,0.3958333333333333,1,4,0.002934623079804274
periodic,p,19,0.3958333333333333,1,5,0.019625456000749882
periodic,p,19,0.3958333333333333,2,0,0.1464020496664139
periodic,p,19,0.3958333333333333,2,1,0.0
periodic,p,19,0.3958333333333333,2,2,0.04174266078581031
periodic,p,19,0.3958333333333333,2,3,0.0
periodic,p,19,0.3958333333333333,2,4,0.0
periodic,p,19,0.3958333333333333,2,5,0.009657490998506546
periodic,p,20,0.4166666666666667,0,0,0.004858927371410223
periodic,p,20,0.4166666666666667,0,1,0.004657082546215791
periodic,p,20,0.4166666666666667,0,2,0.03456215732372724
periodic,p,20,0.4166666666666667,0,3,0.038339415851693884
periodic,p,20,0.4166666666666667,0,4,0.0
periodic,p,20,0.4166666666666667,0,5,0.0
periodic,p,20,0.4166666666666667,1,0,0.0196166903926776
periodic,p,20,0.4166666666666667,1,1,0.0
periodic,p,20,0.4166666666666667,1,2,0.07042167736933781
periodic,p,20,0.4166666666666667,1,3,0.06899162123982723
periodic,p,20,0.4166666666666667,1,4,0.005805174891765301
periodic,p,20,0.4166666666666667,1,5,0.0
periodic,p,20,0.4166666666666667,2,0,0.12807008595420763
periodic,p,20,0.4166666666666667,2,1,0.0
periodic,p,20,0.4166666666666667,2,2,0.03554507245560391
periodic,p,20,0.4166666666666667,2,3,0.0
periodic,p,20,0.4166666666666667,2,4,0.0
periodic,p,20,0.4166666666666667,2,5,0.017703526008587617
periodic,p,21,0.4375,0,0,0.03984321395938213
periodic,p,21,0.4375,0,1,0.0014466189134579438
periodic,p,21,0.4375,0,2,0.034445505445966355
periodic,p,21,0.4375,0,3,0.08909982743744667
periodic,p,21,0.4375,0,4,0.0
periodic,p,21,0.4375,0,5,0.0
periodic,p,21,0.4375,1,0,0.029479994940070007
periodic,p,21,0.4375,1,1,0.0
periodic,p,21,0.4375,1,2,0.0658456777723936
periodic,p,21,0.4375,1,3,0.04564217535349039
periodic,p,21,0.4375,1,4,0.004606716764660982
periodic,p,21,0.4375,1,5,0.002777084994774598
periodic,p,21,0.4375,2,0,0.07980796035665733
periodic,p,21,0.4375,2,1,0.002623526809307245
periodic,p,21,0.4375,2,2,0.02172588728941404
periodic,p,21,0.4375,2,3,0.0
periodic,p,21,0.4375,2,4,0.0
periodic,p,21,0.4375,2,5,0.011227242935162324
periodic,p,22,0.4583333333333333,0,0,0.04236015734764246
periodic,p,22,0.4583333333333333,0,1,0.010034825294636764
periodic,p,22,0.4583333333333333,0,2,0.016803102711072333
periodic,p,22,0.4583333333333333,0,3,0.06656327650237542
periodic,p,22,0.4583333333333333,0,4,0.004348531365394592
periodic,p,22,0.4583333333333333,0,5,0.0
periodic,p,22,0.4583333333333333,1,0,0.028648613593899287
periodic,p,22,0.4583333333333333,1,1,0.0
periodic,p,22,0.4583333333333333,1,2,0.07633304581619225
periodic,p,22,0.4583333333333333,1,3,0.005308767995582177
periodic,p,22,0.4583333333333333,1,4,0.00266870827629016
periodic,p,22,0.4583333333333333,1,5,0.002425481493656452
periodic,p,22,0.4583333333333333,2,0,0.13687078282237053
periodic,p,22,0.4583333333333333,2,1,0.0022183633051239527
periodic,p,22,0.4583333333333333,2,2,0.021254648382847127
periodic,p,22,0.4583333333333333,2,3,0.0
periodic,p,22,0.4583333333333333,2,4,0.0
periodic,p,22,0.4583333333333333,2,5,0.012733129068062855
periodic,p,23,0.4791666666666667,0,0,0.016650601791647766
periodic,p,23,0.4791666666666667,0,1,0.002089703169006568
periodic,p,23,0.4791666666666667,0,2,0.042751297497978576
periodic,p,23,0.4791666666666667,0,3,0.05389301324836337
periodic,p,23,0.4791666666666667,0,4,0.0
periodic,p,23,0.4791666666666667,0,5,0.0
periodic,p,23,0.4791666666666667,1,0,0.03849976538465573
periodic,p,23,0.4791666666666667,1,1,0.0
periodic,p,23,0.4791666666666667,1,2,0.11925446227766
periodic,p,23,0.4791666666666667,1,3,0.03491441776546148
periodic,p,23,0.4791666666666667,1,4,0.0
periodic,p,23,0.4791666666666667,1,5,0.013375310943676876
periodic,p,23,0.4791666666666667,2,0,0.09334189043595241
periodic,p,23,0.4791666666666667,2,1,0.0013787918365918673
periodic,p,23,0.4791666666666667,2,2,0.012422177116744794
periodic,p,23,0.4791666666666667,2,3,0.0
periodic,p,23,0.4791666666666667,2,4,0.0
periodic,p,23,0.4791666666666667,2,5,0.0
periodic,p,24,0.5,0,0,0.033000107299393185
periodic,p,24,0.5,0,1,0.0
periodic,p,24,0.5,0,2,0.0727251240840325
periodic,p,24,0.5,0,3,0.03438465999296078
periodic,p,24,0.5,0,4,0.0
periodic,p,24,0.5,0,5,0.0
periodic,p,24,0.5,1,0,0.03406211561881579
periodic,p,24,0.5,1,1,0.0
periodic,p,24,0.5,1,2,0.08913481203266062
periodic,p,24,0.5,1,3,0.023504488008956496
periodic,p,24,0.5,1,4,0.0
periodic,p,24,0.5,1,5,0.02637550807916201
periodic,p,24,0.5,2,0,0.10222202252883178
periodic,p,24,0.5,2,1,0.0
periodic,p,24,0.5,2,2,0.013162592730413262
periodic,p,24,0.5,2,3,0.0
periodic,p,24,0.5,2,4,0.0
periodic,p,24,0.5,2,5,0.0
periodic,p,25,0.5208333333333334,0,0,0.02478536977790869
periodic,p,25,0.5208333333333334,0,1,0.0
periodic,p,25,0.5208333333333334,0,2,0.08348562195897102
periodic,p,25,0.5208333333333334,0,3,0.022159991284402516
periodic,p,25,0.5208333333333334,0,4,0.0014371515180055911
periodic,p,25,0.5208333333333334,0,5,0.0
periodic,p,25,0.5208333333333334,1,0,0.00997055135667324
periodic,p,25,0.5208333333333334,1,1,0.0
periodic,p,25,0.5208333333333334,1,2,0.04440985498233484
periodic,p,25,0.5208333333333334,1,3,0.026540131737979557
periodic,p,25,0.5208333333333334,1,4,0.0
periodic,p,25,0.5208333333333334,1,5,0.026222320273518562
periodic,p,25,0.5208333333333334,2,0,0.1515949789721232
periodic,p,25,0.5208333333333334,2,1,0.0017884092835279612
periodic,p,25,0.5208333333333334,2,2,0.03354122715357404
periodic,p,25,0.5208333333333334,2,3,0.0
periodic,p,25,0.5208333333333334,2,4,0.0
periodic,p,25,0.5208333333333334,2,5,0.0026358245657040523
periodic,p,26,0.5416666666666666,0,0,0.023857879165846568
periodic,p,26,0.5416666666666666,0,1,0.005449107454086726
periodic,p,26,0.5416666666666666,0,2,0.060428217913095765
periodic,p,26,0.5416666666666666,0,3,0.03389117315125007
periodic,p,26,0.5416666666666666,0,4,0.0
periodic,p,26,0.5416666666666666,0,5,0.0
periodic,p,26,0.5416666666666666,1,0,0.002384789574604768
periodic,p,26,0.5416666666666666,1,1,0.0
periodic,p,26,0.5416666666666666,1,2,0.05579135624262003
periodic,p,26,0.5416666666666666,1,3,0.032265392741045125
periodic,p,26,0.5416666666666666,1,4,0.0
periodic,p,26,0.5416666666666666,1,5,0.03318483497087772
periodic,p,26,0.5416666666666666,2,0,0.14131108198601466
periodic,p,26,0.5416666666666666,2,1,0.0
periodic,p,26,0.5416666666666666,2,2,0.04000760063242454
periodic,p,26,0.5416666666666666,2,3,0.0
periodic,p,26,0.5416666666666666,2,4,0.0
periodic,p,26,0.5416666666666666,2,5,0.0
periodic,p,27,0.5625,0,0,0.009692976394524941
periodic,p,27,0.5625,0,1,0.0034892840597492
periodic,p,27,0.5625,0,2,0.0477591182750005
periodic,p,27,0.5625,0,3,0.05444323873290649
periodic,p,27,0.5625,0,4,0.0
periodic,p,27,0.5625,0,5,0.0
periodic,p,27,0.5625,1,0,0.006387146619650034
periodic,p,27,0.5625,1,1,0.0
periodic,p,27,0.5625,1,2,0.04904673148233157
periodic,p,27,0.5625,1,3,0.04362439822692137
periodic,p,27,0.5625,1,4,0.002805128263739439
periodic,p,27,0.5625,1,5,0.013521212224776927
periodic,p,27,0.5625,2,0,0.1416021455079317
periodic,p,27,0.5625,2,1,0.0
periodic,p,27,0.5625,2,2,0.042415370913938835
periodic,p,27,0.5625,2,3,0.0
periodic,p,27,0.5625,2,4,0.0
periodic,p,27,0.5625,2,5,0.013784683381135646
periodic,p,28,0.5833333333333334,0,0,0.013929496590907756
periodic,p,28,0.5833333333333334,0,1,0.004863987175317911
periodic,p,28,0.5833333333333334,0,2,0.04039697513843958
periodic,p,28,0.5833333333333334,0,3,0.04795239923092035
periodic,p,28,0.5833333333333334,0,4,0.0
periodic,p,28,0.5833333333333334,0,5,0.0
periodic,p,28,0.5833333333333334,1,0,0.020286053992234744
periodic,p,28,0.5833333333333334,1,1,0.0
periodic,p,28,0.5833333333333334,1,2,0.052355953850425206
periodic,p,28,0.5833333333333334,1,3,0.056181216755738624
periodic,p,28,0.5833333333333334,1,4,0.003044907863323505
periodic,p,28,0.5833333333333334,1,5,0.0
periodic,p,28,0.5833333333333334,2,0,0.13373101875185966
periodic,p,28,0.5833333333333334,2,1,0.0
periodic,p,28,0.5833333333333334,2,2,0.03757403898411072
periodic,p,28,0.5833333333333334,2,3,0.0
periodic,p,28,0.5833333333333334,2,4,0.0
periodic,p,28,0.5833333333333334,2,5,0.018255383922503546
periodic,p,29,0.6041666666666666,0,0,0.03355618222401692
periodic,p,29,0.6041666666666666,0,1,0.007258962839841843
periodic,p,29,0.6041666666666666,0,2,0.04008310173566525
periodic,p,29,0.6041666666666666,0,3,0.08393692139249581
periodic,p,29,0.6041666666666666,0,4,0.0
periodic,p,29,0.6041666666666666,0,5,0.0
periodic,p,29,0.6041666666666666,1,0,0.03192145205461062
periodic,p,29,0.6041666666666666,1,1,0.0
periodic,p,29,0.6041666666666666,1,2,0.08561801165342331
periodic,p,29,0.6041666666666666,1,3,0.04131365409837319
periodic,p,29,0.6041666666666666,1,4,0.004668486806062551
periodic,p,29,0.6041666666666666,1,5,0.001313561716905007
periodic,p,29,0.6041666666666666,2,0,0.0671400582561126
periodic,p,29,0.6041666666666666,2,1,0.0025772962432641247
periodic,p,29,0.6041666666666666,2,2,0.016662300707629092
periodic,p,29,0.6041666666666666,2,3,0.0
periodic,p,29,0.6041666666666666,2,4,0.0
periodic,p,29,0.6041666666666666,2,5,0.01252144374526464
periodic,p,30,0.625,0,0,0.04671531815368395
periodic,p,30,0.625,0,1,0.0064184477982612755
periodic,p,30,0.625,0,2,0.02653697906778409
periodic,p,30,0.625,0,3,0.06043914906107462
periodic,p,30,0.625,0,4,0.0
periodic,p,30,0.625,0,5,0.0
periodic,p,30,0.625,1,0,0.03393101119078123
periodic,p,30,0.625,1,1,0.0
periodic,p,30,0.625,1,2,0.062047875844515286
periodic,p,30,0.625,1,3,0.012344924016640736
periodic,p,30,0.625,1,4,0.0026638719898003796
periodic,p,30,0.625,1,5,0.0043969354950464685
periodic,p,30,0.625,2,0,0.14158847756110704
periodic,p,30,0.625,2,1,0.003553660299915534
periodic,p,30,0.625,2,2,0.0208223879767152
periodic,p,30,0.625,2,3,0.0
periodic,p,30,0.625,2,4,0.0
periodic,p,30,0.625,2,5,0.007112400749555001
periodic,p,31,0.6458333333333334,0,0,0.019659221172332764
periodic,p,31,0.6458333333333334,0,1,0.0
periodic,p,31,0.6458333333333334,0,2,0.038269733723539576
periodic,p,31,0.6458333333333334,0,3,0.03273038709392914
periodic,p,31,0.6458333333333334,0,4,0.0
periodic,p,31,0.6458333333333334,0,5,0.0
periodic,p,31,0.6458333333333334,1,0,0.04187261270215878
periodic,p,31,0.6458333333333334,1,1,0.0
periodic,p,31,0.6458333333333334,1,2,0.11321826171703063
periodic,p,31,0.6458333333333334,1,3,0.02930014141691992
periodic,p,31,0.6458333333333334,1,4,0.0
periodic,p,31,0.6458333333333334,1,5,0.02165294524568778
periodic,p,31,0.6458333333333334,2,0,0.11365103893555127
periodic,p,31,0.6458333333333334,2,1,0.002949791458936838
periodic,p,31,0.6458333333333334,2,2,0.015267302407524906
periodic,p,31,0.6458333333333334,2,3,0.0
periodic,p,31,0.6458333333333334,2,4,0.0
periodic,p,31,0.6458333333333334,2,5,0.0
periodic,p,32,0.6666666666666666,0,0,0.028044556769040916
periodic,p,32,0.6666666666666666,0,1,0.0
periodic,p,32,0.6666666666666666,0,2,0.07391798754151051
periodic,p,32,0.6666666666666666,0,3,0.029905591661540363
periodic,p,32,0.6666666666666666,0,4,0.0
periodic,p,32,0.6666666666666666,0,5,0.0
periodic,p,32,0.6666666666666666,1,0,0.023231204312581282
periodic,p,32,0.6666666666666666,1,1,0.0
periodic,p,32,0.6666666666666666,1,2,0.08958460954734339
periodic,p,32,0.6666666666666666,1,3,0.023735436216856424
periodic,p,32,0.6666666666666666,1,4,0.0
periodic,p,32,0.6666666666666666,1,5,0.02004215894983365
periodic,p,32,0.6666666666666666,2,0,0.11792280582281259
periodic,p,32,0.6666666666666666,2,1,0.002191733425626388
periodic,p,32,0.6666666666666666,2,2,0.019995351124984715
periodic,p,32,0.6666666666666666,2,3,0.0
periodic,p,32,0.6666666666666666,2,4,0.0
periodic,p,32,0.6666666666666666,2,5,0.0
periodic,p,33,0.6875,0,0,0.02956730958360892
periodic,p,33,0.6875,0,1,0.0
periodic,p,33,0.6875,0,2,0.07218017572393784
periodic,p,33,0.6875,0,3,0.020541047319196738
periodic,p,33,0.6875,0,4,0.001337841726266421
periodic,p,33,0.6875,0,5,0.0
periodic,p,33,0.6875,1,0,0.002089091361715243
periodic,p,33,0.6875,1,1,0.0
periodic,p,33,0.6875,1,2,0.06102957175328182
periodic,p,33,0.6875,1,3,0.03590530903938298
periodic,p,33,0.6875,1,4,0.0
periodic,p,33,0.6875,1,5,0.0328441601819717
periodic,p,33,0.6875,2,0,0.1351833973939602
periodic,p,33,0.6875,2,1,0.002118485621534861
periodic,p,33,0.6875,2,2,0.03315898100845516
periodic,p,33,0.6875,2,3,0.0
periodic,p,33,0.6875,2,4,0.0
periodic,p,33,0.6875,2,5,0.0026160641931570494
periodic,p,34,0.7083333333333334,0,0,0.013919419394089626
periodic,p,34,0.7083333333333334,0,1,0.005137538823943872
periodic,p,34,0.7083333333333334,0,2,0.056838530187423415
periodic,p,34,0.7083333333333334,0,3,0.04773088666395499
periodic,p,34,0.7083333333333334,0,4,0.0
periodic,p,34,0.7083333333333334,0,5,0.0
periodic,p,34,0.7083333333333334,1,0,0.0
periodic,p,34,0.7083333333333334,1,1,0.0
periodic,p,34,0.7083333333333334,1,2,0.051472730934619904
periodic,p,34,0.7083333333333334,1,3,0.030727924635777108
periodic,p,34,0.7083333333333334,1,4,0.0
periodic,p,34,0.7083333333333334,1,5,0.01670044488631762
periodic,p,34,0.7083333333333334,2,0,0.16293128450902608
periodic,p,34,0.7083333333333334,2,1,0.0
periodic,p,34,0.7083333333333334,2,2,0.04311267393999375
periodic,p,34,0.7083333333333334,2,3,0.0
periodic,p,34,0.7083333333333334,2,4,0.0
periodic,p,34,0.7083333333333334,2,5,0.0
periodic,p,35,0.7291666666666666,0,0,0.009632245852397038
periodic,p,35,0.7291666666666666,0,1,0.003355074029129285
periodic,p,35,0.7291666666666666,0,2,0.043341903015971184
periodic,p,35,0.7291666666666666,0,3,0.04257187619805336
periodic,p,35,0.7291666666666666,0,4,0.0
periodic,p,35,0.7291666666666666,0,5,0.0
periodic,p,35,0.7291666666666666,1,0,0.018538237191163577
periodic,p,35,0.7291666666666666,1,1,0.0
periodic,p,35,0.7291666666666666,1,2,0.0485208653486692
periodic,p,35,0.7291666666666666,1,3,0.04300235068568817
periodic,p,35,0.7291666666666666,1,4,0.0027585185777682522
periodic,p,35,0.7291666666666666,1,5,0.002564647449896886
periodic,p,35,0.7291666666666666,2,0,0.1498977503237816
periodic,p,35,0.7291666666666666,2,1,0.0
periodic,p,35,0.7291666666666666,2,2,0.04982222923829865
periodic,p,35,0.7291666666666666,2,3,0.0
periodic,p,35,0.7291666666666666,2,4,0.0
periodic,p,35,0.7291666666666666,2,5,0.014565735195691768
periodic,p,36,0.75,0,0,0.019999336308011643
periodic,p,36,0.75,0,1,0.0017015314302765406
periodic,p,36,0.75,0,2,0.0493621750949667
periodic,p,36,0.75,0,3,0.03607981687841507
periodic,p,36,0.75,0,4,0.0
periodic,p,36,0.75,0,5,0.0
periodic,p,36,0.75,1,0,0.027430705726146698
periodic,p,36,0.75,1,1,0.0
periodic,p,36,0.75,1,2,0.04726672136726288
periodic,p,36,0.75,1,3,0.06056025839195801
periodic,p,36,0.75,1,4,0.0013248649640725208
periodic,p,36,0.75,1,5,0.003527340550835316
periodic,p,36,0.75,2,0,0.13158321351959154
periodic,p,36,0.75,2,1,0.001112879110643497
periodic,p,36,0.75,2,2,0.032761854907641046
periodic,p,36,0.75,2,3,0.0
periodic,p,36,0.75,2,4,0.0
periodic,p,36,0.75,2,5,0.01586073379103954
periodic,p,37,0.7708333333333334,0,0,0.031016484189492006
periodic,p,37,0.7708333333333334,0,1,0.006213799548836855
periodic,p,37,0.7708333333333334,0,2,0.03894484988771952
periodic,p,37,0.7708333333333334,0,3,0.0721765156262196
periodic,p,37,0.7708333333333334,0,4,0.0
periodic,p,37,0.7708333333333334,0,5,0.0
periodic,p,37,0.7708333333333334,1,0,0.033926551015331194
periodic,p,37,0.7708333333333334,1,1,0.0
periodic,p,37,0.7708333333333334,1,2,0.09560620842071679
periodic,p,37,0.7708333333333334,1,3,0.04884042748464988
periodic,p,37,0.7708333333333334,1,4,0.004858996862402329
periodic,p,37,0.7708333333333334,1,5,0.0063282590932570975
periodic,p,37,0.7708333333333334,2,0,0.06424458496845685
periodic,p,37,0.7708333333333334,2,1,0.002530332224873396
periodic,p,37,0.7708333333333334,2,2,0.01278582509033955
periodic,p,37,0.7708333333333334,2,3,0.0
periodic,p,37,0.7708333333333334,2,4,0.0
periodic,p,37,0.7708333333333334,2,5,0.011098599777771877
periodic,p,38,0.7916666666666666,0,0,0.05158295503889139
periodic,p,38,0.7916666666666666,0,1,0.0021428318264392707
periodic,p,38,0.7916666666666666,0,2,0.03762470200084723
periodic,p,38,0.7916666666666666,0,3,0.05700116124577247
periodic,p,38,0.7916666666666666,0,4,0.0
periodic,p,38,0.7916666666666666,0,5,0.0
periodic,p,38,0.7916666666666666,1,0,0.038444241508841515
periodic,p,38,0.7916666666666666,1,1,0.0
periodic,p,38,0.7916666666666666,1,2,0.07269826395293841
periodic,p,38,0.7916666666666666,1,3,0.01500394854408044
periodic,p,38,0.7916666666666666,1,4,0.002661068279009599
periodic,p,38,0.7916666666666666,1,5,0.00306060967537073
periodic,p,38,0.7916666666666666,2,0,0.1258126955765944
periodic,p,38,0.7916666666666666,2,1,0.0022200233517931057
periodic,p,38,0.7916666666666666,2,2,0.017645846532944303
periodic,p,38,0.7916666666666666,2,3,0.0
periodic,p,38,0.7916666666666666,2,4,0.0
periodic,p,38,0.7916666666666666,2,5,0.0026730837730260994
periodic,p,39,0.8125,0,0,0.026297893518438704
periodic,p,39,0.8125,0,1,0.0
periodic,p,39,0.8125,0,2,0.043284266613996945
periodic,p,39,0.8125,0,3,0.02931894068247997
periodic,p,39,0.8125,0,4,0.0
periodic,p,39,0.8125,0,5,0.0
periodic,p,39,0.8125,1,0,0.03923414633251154
periodic,p,39,0.8125,1,1,0.0
periodic,p,39,0.8125,1,2,0.09935919704058996
periodic,p,39,0.8125,1,3,0.019818115746602416
periodic,p,39,0.8125,1,4,0.001213603294812716
periodic,p,39,0.8125,1,5,0.021693620114372328
periodic,p,39,0.8125,2,0,0.12778213505561536
periodic,p,39,0.8125,2,1,0.0015052293355648334
periodic,p,39,0.8125,2,2,0.01906428484317775
periodic,p,39,0.8125,2,3,0.0
periodic,p,39,0.8125,2,4,0.0
periodic,p,39,0.8125,2,5,0.0
periodic,p,40,0.8333333333333334,0,0,0.035982460070114866
periodic,p,40,0.8333333333333334,0,1,0.0
periodic,p,40,0.8333333333333334,0,2,0.0750679445381348
periodic,p,40,0.8333333333333334,0,3,0.029059488899432696
periodic,p,40,0.8333333333333334,0,4,0.0
periodic,p,40,0.8333333333333334,0,5,0.0
periodic,p,40,0.8333333333333334,1,0,0.012174392119050026
periodic,p,40,0.8333333333333334,1,1,0.0
periodic,p,40,0.8333333333333334,1,2,0.0894416554723508
periodic,p,40,0.8333333333333334,1,3,0.02512008770225713
periodic,p,40,0.8333333333333334,1,4,0.0
periodic,p,40,0.8333333333333334,1,5,0.021615515391413983
periodic,p,40,0.8333333333333334,2,0,0.11057021325597396
periodic,p,40,0.8333333333333334,2,1,0.002117243523781116
periodic,p,40,0.8333333333333334,2,2,0.027422433307107825
periodic,p,40,0.8333333333333334,2,3,0.0
periodic,p,40,0.8333333333333334,2,4,0.0
periodic,p,40,0.8333333333333334,2,5,0.0
periodic,p,41,0.8541666666666666,0,0,0.030568946726047076
periodic,p,41,0.8541666666666666,0,1,0.0008765092979256923
periodic,p,41,0.8541666666666666,0,2,0.08782088985809913
periodic,p,41,0.8541666666666666,0,3,0.0373270633415534
periodic,p,41,0.8541666666666666,0,4,0.0
periodic,p,41,0.8541666666666666,0,5,0.0
periodic,p,41,0.8541666666666666,1,0,0.0023120899613086996
periodic,p,41,0.8541666666666666,1,1,0.0
periodic,p,41,0.8541666666666666,1,2,0.05334685026453091
periodic,p,41,0.8541666666666666,1,3,0.040482316667643875
periodic,p,41,0.8541666666666666,1,4,0.0
periodic,p,41,0.8541666666666666,1,5,0.035726876284640566
periodic,p,41,0.8541666666666666,2,0,0.11386010165397938
periodic,p,41,0.8541666666666666,2,1,0.0
periodic,p,41,0.8541666666666666,2,2,0.02624979095820051
periodic,p,41,0.8541666666666666,2,3,0.0
periodic,p,41,0.8541666666666666,2,4,0.0
periodic,p,41,0.8541666666666666,2,5,0.0
periodic,p,42,0.875,0,0,0.009316847301446475
periodic,p,42,0.875,0,1,0.004997127331220186
periodic,p,42,0.875,0,2,0.03461438675339405
periodic,p,42,0.875,0,3,0.041730981320142746
periodic,p,42,0.875,0,4,0.0
periodic,p,42,0.875,0,5,0.0
periodic,p,42,0.875,1,0,0.006110382194702442
periodic,p,42,0.875,1,1,0.0
periodic,p,42,0.875,1,2,0.05652072194677133
periodic,p,42,0.875,1,3,0.031013480459268276
periodic,p,42,0.875,1,4,0.0
periodic,p,42,0.875,1,5,0.0052565164290941675
periodic,p,42,0.875,2,0,0.1858804956651651
periodic,p,42,0.875,2,1,0.0
periodic,p,42,0.875,2,2,0.05094996251416607
periodic,p,42,0.875,2,3,0.0
periodic,p,42,0.875,2,4,0.0
periodic,p,42,0.875,2,5,0.002180532767222478
periodic,p,43,0.8958333333333334,0,0,0.008173318149951788
periodic,p,43,0.8958333333333334,0,1,0.0014446333337288636
periodic,p,43,0.8958333333333334,0,2,0.04493738796848517
periodic,p,43,0.8958333333333334,0,3,0.036104002537635654
periodic,p,43,0.8958333333333334,0,4,0.0
periodic,p,43,0.8958333333333334,0,5,0.0
periodic,p,43,0.8958333333333334,1,0,0.026665164301028617
periodic,p,43,0.8958333333333334,1,1,0.0
periodic,p,43,0.8958333333333334,1,2,0.05172870394129019
periodic,p,43,0.8958333333333334,1,3,0.04868226412397165
periodic,p,43,0.8958333333333334,1,4,0.0011272431852725835
periodic,p,43,0.8958333333333334,1,5,0.0036647583429629984
periodic,p,43,0.8958333333333334,2,0,0.1396403077703256
periodic,p,43,0.8958333333333334,2,1,0.0
periodic,p,43,0.8958333333333334,2,2,0.048911398670707755
periodic,p,43,0.8958333333333334,2,3,0.0
periodic,p,43,0.8958333333333334,2,4,0.0
periodic,p,43,0.8958333333333334,2,5,0.017492251757245798
periodic,p,44,0.9166666666666666,0,0,0.018756079129301585
periodic,p,44,0.9166666666666666,0,1,0.012067284291753402
periodic,p,44,0.9166666666666666,0,2,0.044761369577967204
periodic,p,44,0.9166666666666666,0,3,0.05167340458585666
periodic,p,44,0.9166666666666666,0,4,0.004609995163404024
periodic,p,44,0.9166666666666666,0,5,0.0
periodic,p,44,0.9166666666666666,1,0,0.02904165693773673
periodic,p,44,0.9166666666666666,1,1,0.0
periodic,p,44,0.9166666666666666,1,2,0.05164261635106344
periodic,p,44,0.9166666666666666,1,3,0.030084387614176825
periodic,p,44,0.9166666666666666,1,4,0.004615955484601168
periodic,p,44,0.9166666666666666,1,5,0.0
periodic,p,44,0.9166666666666666,2,0,0.1359621140246208
periodic,p,44,0.9166666666666666,2,1,0.0024355553233852754
periodic,p,44,0.9166666666666666,2,2,0.02645727010587087
periodic,p,44,0.9166666666666666,2,3,0.0
periodic,p,44,0.9166666666666666,2,4,0.0
periodic,p,44,0.9166666666666666,2,5,0.01646374251980048
periodic,p,45,0.9375,0,0,0.02806039168857611
periodic,p,45,0.9375,0,1,0.005089579866482661
periodic,p,45,0.9375,0,2,0.04865323336651692
periodic,p,45,0.9375,0,3,0.041823169646354824
periodic,p,45,0.9375,0,4,0.0
periodic,p,45,0.9375,0,5,0.0
periodic,p,45,0.9375,1,0,0.04203287125206911
periodic,p,45,0.9375,1,1,0.0
periodic,p,45,0.9375,1,2,0.10336595300871593
periodic,p,45,0.9375,1,3,0.06310099979432729
periodic,p,45,0.9375,1,4,0.004860209874235666
periodic,p,45,0.9375,1,5,0.009167439949053984
periodic,p,45,0.9375,2,0,0.06311180700476353
periodic,p,45,0.9375,2,1,0.002444869767014797
periodic,p,45,0.9375,2,2,0.004370301746978209
periodic,p,45,0.9375,2,3,0.0
periodic,p,45,0.9375,2,4,0.0
periodic,p,45,0.9375,2,5,0.012490603499687634
periodic,p,46,0.9583333333333334,0,0,0.05696323492492621
periodic,p,46,0.9583333333333334,0,1,0.0
periodic,p,46,0.9583333333333334,0,2,0.03133846246279203
periodic,p,46,0.9583333333333334,0,3,0.05180819511700135
periodic,p,46,0.9583333333333334,0,4,0.0
periodic,p,46,0.9583333333333334,0,5,0.0
periodic,p,46,0.9583333333333334,1,0,0.038311151715998464
periodic,p,46,0.9583333333333334,1,1,0.0
periodic,p,46,0.9583333333333334,1,2,0.07133835883667836
periodic,p,46,0.9583333333333334,1,3,0.014783572405576706
periodic,p,46,0.9583333333333334,1,4,0.002697044123823826
periodic,p,46,0.9583333333333334,1,5,0.012979764634600053
periodic,p,46,0.9583333333333334,2,0,0.12649252666876867
periodic,p,46,0.9583333333333334,2,1,0.0022851427157337847
periodic,p,46,0.9583333333333334,2,2,0.01957398196324133
periodic,p,46,0.9583333333333334,2,3,0.0
periodic,p,46,0.9583333333333334,2,4,0.0
periodic,p,46,0.9583333333333334,2,5,0.0
periodic,p,47,0.9791666666666666,0,0,0.020493377573215045
periodic,p,47,0.9791666666666666,0,1,0.0
periodic,p,47,0.9791666666666666,0,2,0.054802293387743145
periodic,p,47,0.9791666666666666,0,3,0.031847186386585236
periodic,p,47,0.9791666666666666,0,4,0.0
periodic,p,47,0.9791666666666666,0,5,0.0
periodic,p,47,0.9791666666666666,1,0,0.02982724945132549
periodic,p,47,0.9791666666666666,1,1,0.0
periodic,p,47,0.9791666666666666,1,2,0.09644479639470004
periodic,p,47,0.9791666666666666,1,3,0.01619440709384015
periodic,p,47,0.9791666666666666,1,4,0.0
periodic,p,47,0.9791666666666666,1,5,0.02236871263728692
periodic,p,47,0.9791666666666666,2,0,0.12991201447752806
periodic,p,47,0.9791666666666666,2,1,0.0026666691096929405
periodic,p,47,0.9791666666666666,2,2,0.024014724812542017
periodic,p,47,0.9791666666666666,2,3,0.0
periodic,p,47,0.9791666666666666,2,4,0.0
periodic,p,47,0.9791666666666666,2,5,0.0
periodic,p,48,1.0,0,0,0.03001003325558626
periodic,p,48,1.0,0,1,0.003626206459907385
periodic,p,48,1.0,0,2,0.06468238051121052
periodic,p,48,1.0,0,3,0.03354951452750426
periodic,p,48,1.0,0,4,0.0
periodic,p,48,1.0,0,5,0.0
periodic,p,48,1.0,1,0,0.0017772967425676493
periodic,p,48,1.0,1,1,0.0
periodic,p,48,1.0,1,2,0.09448024143393223
periodic,p,48,1.0,1,3,0.031168042341820322
periodic,p,48,1.0,1,4,0.0
periodic,p,48,1.0,1,5,0.02092607032794219
periodic,p,48,1.0,2,0,0.11730702808843209
periodic,p,48,1.0,2,1,0.0022658764456327143
periodic,p,48,1.0,2,2,0.02877874658084833
periodic,p,48,1.0,2,3,0.0
periodic,p,48,1.0,2,4,0.0
periodic,p,48,1.0,2,5,0.0
