window,Re,step,time,finite,Eu,Ep,native_Eu,native_Ep
976,70.3146353337,1,1396.9688720703125,True,0.3619411289691925,3.010965585708618,0.35708311200141907,2.998469829559326
976,70.3146353337,2,1409.4417724609375,True,0.6589111089706421,5.637367248535156,0.6539252996444702,5.6219162940979
976,70.3146353337,3,1421.914794921875,True,0.8809146285057068,7.5933942794799805,0.8754958510398865,7.577159881591797
976,70.3146353337,4,1434.3876953125,True,1.0417757034301758,8.841817855834961,1.0361695289611816,8.826242446899414
976,70.3146353337,5,1446.860595703125,True,1.1647741794586182,9.675607681274414,1.159062385559082,9.660927772521973
976,70.3146353337,6,1459.3336181640625,True,1.250234842300415,10.274323463439941,1.2445216178894043,10.2605562210083
976,70.3146353337,7,1471.8065185546875,True,1.2961944341659546,10.76449203491211,1.290795922279358,10.751848220825195
976,70.3146353337,8,1484.2794189453125,True,1.3126208782196045,11.357133865356445,1.3078809976577759,11.345000267028809
976,70.3146353337,9,1496.7523193359375,True,1.3308165073394775,12.248851776123047,1.326600432395935,12.235209465026855
976,70.3146353337,10,1509.225341796875,True,1.4023864269256592,13.408562660217285,1.3979049921035767,13.39139461517334
976,70.3146353337,11,1521.6982421875,True,1.5481407642364502,14.595696449279785,1.5427335500717163,14.574670791625977
976,70.3146353337,12,1534.171142578125,True,1.7259339094161987,15.60328483581543,1.7196800708770752,15.579784393310547
976,70.3146353337,13,1546.6441650390625,True,1.8851711750030518,16.422086715698242,1.8784371614456177,16.39776039123535
976,70.3146353337,14,1559.1170654296875,True,2.01346492767334,17.087621688842773,2.0063509941101074,17.062978744506836
976,70.3146353337,15,1571.5899658203125,True,2.1262521743774414,17.561073303222656,2.1187384128570557,17.535646438598633
976,70.3146353337,16,1584.06298828125,True,2.2370307445526123,17.881710052490234,2.2292063236236572,17.854990005493164
976,70.3146353337,17,1596.535888671875,True,2.338590145111084,18.260305404663086,2.330740451812744,18.23193359375
976,70.3146353337,18,1609.0087890625,True,2.4148380756378174,18.928674697875977,2.4073030948638916,18.897926330566406
976,70.3146353337,19,1621.481689453125,True,2.4871013164520264,19.862266540527344,2.4796218872070312,19.828414916992188
976,70.3146353337,20,1633.9547119140625,True,2.6069841384887695,20.83517837524414,2.5987772941589355,20.798126220703125
976,70.3146353337,21,1646.4276123046875,True,2.785148859024048,21.700937271118164,2.775967597961426,21.66189193725586
976,70.3146353337,22,1658.9005126953125,True,2.974992513656616,22.488147735595703,2.9652419090270996,22.448869705200195
976,70.3146353337,23,1671.37353515625,True,3.136927604675293,23.158166885375977,3.126908779144287,23.118749618530273
976,70.3146353337,24,1683.846435546875,True,3.2828402519226074,23.488981246948242,3.272411346435547,23.448131561279297
976,70.3146353337,25,1696.3193359375,True,3.438042402267456,23.54065704345703,3.4269955158233643,23.496742248535156
976,70.3146353337,26,1708.792236328125,True,3.6043026447296143,23.70708656311035,3.5925283432006836,23.659605026245117
976,70.3146353337,27,1721.2652587890625,True,3.74979567527771,24.342527389526367,3.737935781478882,24.29107666015625
976,70.3146353337,28,1733.7381591796875,True,3.86191987991333,25.337791442871094,3.850311756134033,25.28253173828125
976,70.3146353337,29,1746.2110595703125,True,3.977078914642334,26.18413543701172,3.965252637863159,26.126623153686523
976,70.3146353337,30,1758.68408203125,True,4.127351760864258,26.7816162109375,4.114650249481201,26.723798751831055
976,70.3146353337,31,1771.156982421875,True,4.313718795776367,27.423507690429688,4.3003010749816895,27.367591857910156
976,70.3146353337,32,1783.6298828125,True,4.488885402679443,28.109859466552734,4.475372314453125,28.05519676208496
976,70.3146353337,33,1796.1029052734375,True,4.63946008682251,28.392288208007812,4.625884532928467,28.337013244628906
976,70.3146353337,34,1808.5758056640625,True,4.771368503570557,28.18657684326172,4.757600784301758,28.1280460357666
976,70.3146353337,35,1821.0487060546875,True,4.893868446350098,28.12212371826172,4.879217147827148,28.059301376342773
976,70.3146353337,36,1833.5216064453125,True,5.005885124206543,28.790164947509766,4.991007328033447,28.722492218017578
976,70.3146353337,37,1845.99462890625,True,5.098708629608154,29.85449981689453,5.084239959716797,29.783021926879883
976,70.3146353337,38,1858.467529296875,True,5.182064056396484,30.5184268951416,5.167842388153076,30.4465389251709
976,70.3146353337,39,1870.9404296875,True,5.25654411315918,30.672529220581055,5.241940021514893,30.60283088684082
976,70.3146353337,40,1883.4134521484375,True,5.366286277770996,30.9783935546875,5.350866317749023,30.913284301757812
976,70.3146353337,41,1895.8863525390625,True,5.48807430267334,31.535158157348633,5.472745895385742,31.47307586669922
976,70.3146353337,42,1908.3592529296875,True,5.585636615753174,31.761720657348633,5.570724010467529,31.70071029663086
976,70.3146353337,43,1920.832275390625,True,5.632722854614258,31.412691116333008,5.6183624267578125,31.349092483520508
976,70.3146353337,44,1933.30517578125,True,5.635385036468506,31.272857666015625,5.6204915046691895,31.204151153564453
976,70.3146353337,45,1945.778076171875,True,5.647095680236816,31.995986938476562,5.632123947143555,31.92229652404785
976,70.3146353337,46,1958.2509765625,True,5.691693305969238,33.012081146240234,5.677146911621094,32.93581771850586
976,70.3146353337,47,1970.7239990234375,True,5.7426676750183105,33.40119171142578,5.7285685539245605,33.32734680175781
976,70.3146353337,48,1983.1968994140625,True,5.748566627502441,33.206729888916016,5.734516143798828,33.137699127197266
984,70.3146353337,1,1496.7523193359375,True,0.47969329357147217,3.678806781768799,0.4742608964443207,3.6602091789245605
984,70.3146353337,2,1509.225341796875,True,0.8901101350784302,6.941646575927734,0.8831498026847839,6.913134574890137
984,70.3146353337,3,1521.6982421875,True,1.1996127367019653,9.339577674865723,1.1915315389633179,9.304227828979492
984,70.3146353337,4,1534.171142578125,True,1.4017137289047241,10.6060791015625,1.3933037519454956,10.568961143493652
984,70.3146353337,5,1546.6441650390625,True,1.5036120414733887,11.069436073303223,1.495335340499878,11.0359468460083
984,70.3146353337,6,1559.1170654296875,True,1.517717957496643,11.10639762878418,1.5097284317016602,11.079668045043945
984,70.3146353337,7,1571.5899658203125,True,1.4805923700332642,10.979684829711914,1.473136305809021,10.95947265625
984,70.3146353337,8,1584.06298828125,True,1.4361473321914673,10.914709091186523,1.42970609664917,10.897701263427734
984,70.3146353337,9,1596.535888671875,True,1.429539680480957,11.274218559265137,1.4242323637008667,11.25521469116211
984,70.3146353337,10,1609.0087890625,True,1.507408857345581,12.354787826538086,1.5021262168884277,12.328585624694824
984,70.3146353337,11,1621.481689453125,True,1.6816613674163818,13.907713890075684,1.6747345924377441,13.872225761413574
984,70.3146353337,12,1633.9547119140625,True,1.913978934288025,15.42416763305664,1.905077338218689,15.38095760345459
984,70.3146353337,13,1646.4276123046875,True,2.1356308460235596,16.530946731567383,2.1256675720214844,16.484142303466797
984,70.3146353337,14,1658.9005126953125,True,2.2901766300201416,17.187240600585938,2.279982805252075,17.14171600341797
984,70.3146353337,15,1671.37353515625,True,2.3713624477386475,17.54690170288086,2.3611977100372314,17.505029678344727
984,70.3146353337,16,1683.846435546875,True,2.4253273010253906,17.545146942138672,2.415107250213623,17.506404876708984
984,70.3146353337,17,1696.3193359375,True,2.4966561794281006,17.269744873046875,2.486538887023926,17.231794357299805
984,70.3146353337,18,1708.792236328125,True,2.59790301322937,17.173095703125,2.5880320072174072,17.13332748413086
984,70.3146353337,19,1721.2652587890625,True,2.7169060707092285,17.822059631347656,2.7074472904205322,17.777172088623047
984,70.3146353337,20,1733.7381591796875,True,2.844783306121826,19.175968170166016,2.8350937366485596,19.123516082763672
984,70.3146353337,21,1746.2110595703125,True,2.992647886276245,20.56321144104004,2.981920003890991,20.50425910949707
984,70.3146353337,22,1758.68408203125,True,3.1556711196899414,21.61711311340332,3.143876075744629,21.555225372314453
984,70.3146353337,23,1771.156982421875,True,3.3157546520233154,22.386003494262695,3.3033554553985596,22.32608413696289
984,70.3146353337,24,1783.6298828125,True,3.4479153156280518,22.970752716064453,3.4353814125061035,22.91455078125
984,70.3146353337,25,1796.1029052734375,True,3.5701897144317627,23.04515266418457,3.557405710220337,22.991735458374023
984,70.3146353337,26,1808.5758056640625,True,3.7016000747680664,22.544713973999023,3.688662528991699,22.491369247436523
984,70.3146353337,27,1821.0487060546875,True,3.8302230834960938,22.114761352539062,3.816927671432495,22.058900833129883
984,70.3146353337,28,1833.5216064453125,True,3.9393022060394287,22.597135543823242,3.9262425899505615,22.53605079650879
984,70.3146353337,29,1845.99462890625,True,4.024716854095459,23.875009536743164,4.012113571166992,23.807313919067383
984,70.3146353337,30,1858.467529296875,True,4.102456092834473,25.07093620300293,4.08980131149292,24.999229431152344
984,70.3146353337,31,1870.9404296875,True,4.167808532714844,25.784666061401367,4.154812335968018,25.712862014770508
984,70.3146353337,32,1883.4134521484375,True,4.249531269073486,26.30991554260254,4.235775947570801,26.242633819580078
984,70.3146353337,33,1895.8863525390625,True,4.349183082580566,26.825130462646484,4.335235595703125,26.76297950744629
984,70.3146353337,34,1908.3592529296875,True,4.456406593322754,26.89940071105957,4.442403316497803,26.841310501098633
984,70.3146353337,35,1920.832275390625,True,4.5517096519470215,26.335668563842773,4.537951946258545,26.27841567993164
984,70.3146353337,36,1933.30517578125,True,4.601464748382568,25.859399795532227,4.587524890899658,25.79818344116211
984,70.3146353337,37,1945.778076171875,True,4.623200416564941,26.366823196411133,4.609519004821777,26.299482345581055
984,70.3146353337,38,1958.2509765625,True,4.6503496170043945,27.540679931640625,4.6372389793396,27.46776580810547
984,70.3146353337,39,1970.7239990234375,True,4.68014669418335,28.430070877075195,4.667403221130371,28.356525421142578
984,70.3146353337,40,1983.1968994140625,True,4.670416831970215,28.742895126342773,4.657989978790283,28.672630310058594
984,70.3146353337,41,1995.6697998046875,True,4.672606468200684,28.98569107055664,4.659586429595947,28.9212646484375
984,70.3146353337,42,2008.142822265625,True,4.724516868591309,29.385238647460938,4.711449146270752,29.32644271850586
984,70.3146353337,43,2020.61572265625,True,4.802800178527832,29.47450828552246,4.789806842803955,29.42146110534668
984,70.3146353337,44,2033.088623046875,True,4.851953506469727,29.120019912719727,4.839644908905029,29.068437576293945
984,70.3146353337,45,2045.5615234375,True,4.8237762451171875,29.001432418823242,4.8117451667785645,28.94342613220215
984,70.3146353337,46,2058.034423828125,True,4.7921366691589355,29.726139068603516,4.7803826332092285,29.660686492919922
984,70.3146353337,47,2070.507568359375,True,4.822316646575928,30.676586151123047,4.81068754196167,30.60795021057129
984,70.3146353337,48,2082.98046875,True,4.860011100769043,31.199546813964844,4.848916053771973,31.134525299072266
1000,70.3146353337,1,1696.3193359375,True,0.6974877119064331,5.178826332092285,0.6880782842636108,5.1434006690979
1000,70.3146353337,2,1708.792236328125,True,1.1211929321289062,9.248347282409668,1.1083332300186157,9.195329666137695
1000,70.3146353337,3,1721.2652587890625,True,1.3542364835739136,11.876389503479004,1.340359091758728,11.812551498413086
1000,70.3146353337,4,1733.7381591796875,True,1.532570242881775,13.237274169921875,1.5183905363082886,13.165921211242676
1000,70.3146353337,5,1746.2110595703125,True,1.6483134031295776,13.597210884094238,1.6341673135757446,13.523162841796875
1000,70.3146353337,6,1758.68408203125,True,1.673781156539917,13.072887420654297,1.6598634719848633,13.00245475769043
1000,70.3146353337,7,1771.156982421875,True,1.6310265064239502,11.660433769226074,1.6171375513076782,11.600971221923828
1000,70.3146353337,8,1783.6298828125,True,1.5372273921966553,10.21164321899414,1.5245364904403687,10.16993236541748
1000,70.3146353337,9,1796.1029052734375,True,1.481303334236145,9.770319938659668,1.471158742904663,9.737873077392578
1000,70.3146353337,10,1808.5758056640625,True,1.6253938674926758,10.725061416625977,1.6150153875350952,10.682012557983398
1000,70.3146353337,11,1821.0487060546875,True,1.8638570308685303,12.223015785217285,1.851048469543457,12.162296295166016
1000,70.3146353337,12,1833.5216064453125,True,2.042180299758911,13.77122974395752,2.028485059738159,13.69919204711914
1000,70.3146353337,13,1845.99462890625,True,2.1492908000946045,15.194336891174316,2.13556170463562,15.116934776306152
1000,70.3146353337,14,1858.467529296875,True,2.224853515625,16.11421775817871,2.210827350616455,16.035945892333984
1000,70.3146353337,15,1870.9404296875,True,2.2811243534088135,16.35433006286621,2.26674485206604,16.27927017211914
1000,70.3146353337,16,1883.4134521484375,True,2.336514472961426,15.826566696166992,2.3214473724365234,15.759303092956543
1000,70.3146353337,17,1895.8863525390625,True,2.390629529953003,15.227264404296875,2.37591814994812,15.172828674316406
1000,70.3146353337,18,1908.3592529296875,True,2.456515073776245,15.06766128540039,2.4435882568359375,15.021551132202148
1000,70.3146353337,19,1920.832275390625,True,2.570176601409912,15.378083229064941,2.5580666065216064,15.328147888183594
1000,70.3146353337,20,1933.30517578125,True,2.6765730381011963,15.963313102722168,2.6637356281280518,15.901541709899902
1000,70.3146353337,21,1945.778076171875,True,2.720551013946533,17.011259078979492,2.707659959793091,16.93980598449707
1000,70.3146353337,22,1958.2509765625,True,2.737459182739258,18.319488525390625,2.724701404571533,18.242813110351562
1000,70.3146353337,23,1970.7239990234375,True,2.7702879905700684,19.182538986206055,2.7571070194244385,19.10774803161621
1000,70.3146353337,24,1983.1968994140625,True,2.8045756816864014,19.297943115234375,2.7912211418151855,19.228973388671875
1000,70.3146353337,25,1995.6697998046875,True,2.8541135787963867,18.83352279663086,2.8399927616119385,18.77165412902832
1000,70.3146353337,26,2008.142822265625,True,2.928776264190674,18.56277084350586,2.914846420288086,18.510446548461914
1000,70.3146353337,27,2020.61572265625,True,3.0132250785827637,18.64776039123535,3.0004642009735107,18.601646423339844
1000,70.3146353337,28,2033.088623046875,True,3.0882983207702637,18.93674087524414,3.07658314704895,18.888011932373047
1000,70.3146353337,29,2045.5615234375,True,3.097592353820801,19.352083206176758,3.086272716522217,19.2929630279541
1000,70.3146353337,30,2058.034423828125,True,3.066540002822876,20.241674423217773,3.055739164352417,20.173622131347656
1000,70.3146353337,31,2070.507568359375,True,3.076096773147583,21.15848731994629,3.065147638320923,21.08834457397461
1000,70.3146353337,32,2082.98046875,True,3.117436647415161,21.603408813476562,3.106257677078247,21.540435791015625
1000,70.3146353337,33,2095.453369140625,True,3.1528637409210205,21.463205337524414,3.1417787075042725,21.407684326171875
1000,70.3146353337,34,2107.92626953125,True,3.20267391204834,21.12042236328125,3.1911823749542236,21.069360733032227
1000,70.3146353337,35,2120.399169921875,True,3.284789562225342,21.209505081176758,3.2733983993530273,21.16483497619629
1000,70.3146353337,36,2132.8720703125,True,3.371978521347046,21.675935745239258,3.3612799644470215,21.635669708251953
1000,70.3146353337,37,2145.344970703125,True,3.421720027923584,22.209266662597656,3.4121084213256836,22.166839599609375
1000,70.3146353337,38,2157.818115234375,True,3.4104971885681152,22.778493881225586,3.4018709659576416,22.72561264038086
1000,70.3146353337,39,2170.291015625,True,3.4309511184692383,23.46843719482422,3.422739267349243,23.407861709594727
1000,70.3146353337,40,2182.763916015625,True,3.5149030685424805,23.840457916259766,3.5061020851135254,23.78276252746582
1000,70.3146353337,41,2195.23681640625,True,3.590376377105713,24.011390686035156,3.581707239151001,23.964933395385742
1000,70.3146353337,42,2207.709716796875,True,3.6551666259765625,23.876792907714844,3.646538019180298,23.834760665893555
1000,70.3146353337,43,2220.1826171875,True,3.746307611465454,23.844181060791016,3.737471342086792,23.803285598754883
1000,70.3146353337,44,2232.655517578125,True,3.8535385131835938,24.316343307495117,3.8444888591766357,24.279504776000977
1000,70.3146353337,45,2245.128662109375,True,3.934833526611328,25.21611785888672,3.926281213760376,25.184309005737305
1000,70.3146353337,46,2257.6015625,True,3.977680206298828,25.990394592285156,3.970017194747925,25.9549503326416
1000,70.3146353337,47,2270.074462890625,True,4.042866230010986,26.626380920410156,4.036083221435547,26.579402923583984
1000,70.3146353337,48,2282.54736328125,True,4.190001487731934,26.838375091552734,4.182848930358887,26.78781509399414
1016,70.3146353337,1,1895.8863525390625,True,0.6697428226470947,4.674251079559326,0.6595159769058228,4.645709991455078
1016,70.3146353337,2,1908.3592529296875,True,1.0034390687942505,7.782081604003906,0.9928673505783081,7.730314254760742
1016,70.3146353337,3,1920.832275390625,True,1.207701325416565,9.646249771118164,1.198221206665039,9.573351860046387
1016,70.3146353337,4,1933.30517578125,True,1.3599790334701538,10.273775100708008,1.3489452600479126,10.188535690307617
1016,70.3146353337,5,1945.778076171875,True,1.3778254985809326,10.133024215698242,1.3658767938613892,10.053057670593262
1016,70.3146353337,6,1958.2509765625,True,1.2997037172317505,9.561673164367676,1.2860509157180786,9.492596626281738
1016,70.3146353337,7,1970.7239990234375,True,1.220977783203125,8.710444450378418,1.2047449350357056,8.655508041381836
1016,70.3146353337,8,1983.1968994140625,True,1.1299031972885132,8.040534019470215,1.1156624555587769,8.00114631652832
1016,70.3146353337,9,1995.6697998046875,True,1.1384598016738892,7.865503311157227,1.1280226707458496,7.827419281005859
1016,70.3146353337,10,2008.142822265625,True,1.3452800512313843,9.031560897827148,1.334707260131836,8.990753173828125
1016,70.3146353337,11,2020.61572265625,True,1.5380017757415771,10.398616790771484,1.5281018018722534,10.347286224365234
1016,70.3146353337,12,2033.088623046875,True,1.672055721282959,11.372275352478027,1.6632733345031738,11.313286781311035
1016,70.3146353337,13,2045.5615234375,True,1.7393536567687988,11.516300201416016,1.7299803495407104,11.455780029296875
1016,70.3146353337,14,2058.034423828125,True,1.7269959449768066,11.540767669677734,1.716485857963562,11.483665466308594
1016,70.3146353337,15,2070.507568359375,True,1.705636978149414,11.661847114562988,1.6928991079330444,11.606675148010254
1016,70.3146353337,16,2082.98046875,True,1.7055164575576782,11.738506317138672,1.6917550563812256,11.695128440856934
1016,70.3146353337,17,2095.453369140625,True,1.69129478931427,11.589672088623047,1.6809245347976685,11.553972244262695
1016,70.3146353337,18,2107.92626953125,True,1.7551213502883911,11.624167442321777,1.7467422485351562,11.584418296813965
1016,70.3146353337,19,2120.399169921875,True,1.9084380865097046,12.415180206298828,1.8999302387237549,12.371749877929688
1016,70.3146353337,20,2132.8720703125,True,2.035057306289673,13.403624534606934,2.0277669429779053,13.356871604919434
1016,70.3146353337,21,2145.344970703125,True,2.1227304935455322,13.957730293273926,2.116486072540283,13.91273307800293
1016,70.3146353337,22,2157.818115234375,True,2.1487555503845215,13.947259902954102,2.1420154571533203,13.904720306396484
1016,70.3146353337,23,2170.291015625,True,2.1505162715911865,14.114994049072266,2.1423802375793457,14.071589469909668
1016,70.3146353337,24,2182.763916015625,True,2.170931816101074,14.331254005432129,2.160853862762451,14.292783737182617
1016,70.3146353337,25,2195.23681640625,True,2.178280830383301,14.559713363647461,2.1692118644714355,14.535506248474121
1016,70.3146353337,26,2207.709716796875,True,2.19657564163208,14.488734245300293,2.190110206604004,14.461305618286133
1016,70.3146353337,27,2220.1826171875,True,2.3092257976531982,14.761762619018555,2.302898645401001,14.725253105163574
1016,70.3146353337,28,2232.655517578125,True,2.4544923305511475,15.529136657714844,2.4484705924987793,15.49052906036377
1016,70.3146353337,29,2245.128662109375,True,2.5670485496520996,16.37748908996582,2.5626237392425537,16.34461784362793
1016,70.3146353337,30,2257.6015625,True,2.650099992752075,16.700641632080078,2.646122932434082,16.673463821411133
1016,70.3146353337,31,2270.074462890625,True,2.7041268348693848,16.866817474365234,2.699430465698242,16.837844848632812
1016,70.3146353337,32,2282.54736328125,True,2.7593564987182617,17.004819869995117,2.7530078887939453,16.97468376159668
1016,70.3146353337,33,2295.020263671875,True,2.7809054851531982,17.238136291503906,2.7740797996520996,17.220212936401367
1016,70.3146353337,34,2307.4931640625,True,2.783092975616455,17.592782974243164,2.777930736541748,17.581693649291992
1016,70.3146353337,35,2319.966064453125,True,2.870633363723755,17.734973907470703,2.8660874366760254,17.710206985473633
1016,70.3146353337,36,2332.439208984375,True,3.0399796962738037,18.1704044342041,3.0348477363586426,18.139225006103516
1016,70.3146353337,37,2344.912109375,True,3.1834802627563477,18.91277313232422,3.1793599128723145,18.88628578186035
1016,70.3146353337,38,2357.385009765625,True,3.2919023036956787,19.633440017700195,3.288980484008789,19.618528366088867
1016,70.3146353337,39,2369.85791015625,True,3.3953089714050293,20.015243530273438,3.3920631408691406,20.000181198120117
1016,70.3146353337,40,2382.330810546875,True,3.5053462982177734,20.251588821411133,3.500938892364502,20.230594635009766
1016,70.3146353337,41,2394.8037109375,True,3.5655970573425293,20.215612411499023,3.5601742267608643,20.199235916137695
1016,70.3146353337,42,2407.27685546875,True,3.551624298095703,20.754961013793945,3.547175168991089,20.75259780883789
1016,70.3146353337,43,2419.749755859375,True,3.595716953277588,21.232437133789062,3.5918467044830322,21.222122192382812
1016,70.3146353337,44,2432.22265625,True,3.773883819580078,21.497453689575195,3.7690646648406982,21.472885131835938
1016,70.3146353337,45,2444.695556640625,True,3.961887836456299,21.908906936645508,3.9570577144622803,21.885028839111328
1016,70.3146353337,46,2457.16845703125,True,4.08336877822876,22.69808006286621,4.08005428314209,22.68733787536621
1016,70.3146353337,47,2469.641357421875,True,4.190675735473633,23.385971069335938,4.187567710876465,23.382728576660156
1016,70.3146353337,48,2482.1142578125,True,4.337407112121582,23.87240219116211,4.3334221839904785,23.860261917114258
1024,70.3146353337,1,1995.6697998046875,True,0.6217942833900452,3.9775092601776123,0.6115333437919617,3.9587323665618896
1024,70.3146353337,2,2008.142822265625,True,0.8990620970726013,6.516726970672607,0.888475239276886,6.489090442657471
1024,70.3146353337,3,2020.61572265625,True,1.0541776418685913,7.727260112762451,1.0461698770523071,7.683450698852539
1024,70.3146353337,4,2033.088623046875,True,1.1751670837402344,8.486943244934082,1.1663461923599243,8.430976867675781
1024,70.3146353337,5,2045.5615234375,True,1.2034679651260376,8.467543601989746,1.193522334098816,8.409122467041016
1024,70.3146353337,6,2058.034423828125,True,1.1481812000274658,7.9695000648498535,1.1366240978240967,7.923235893249512
1024,70.3146353337,7,2070.507568359375,True,1.059125304222107,7.1831254959106445,1.0454951524734497,7.150247573852539
1024,70.3146353337,8,2082.98046875,True,0.9239152073860168,6.7200446128845215,0.9125245809555054,6.692112445831299
1024,70.3146353337,9,2095.453369140625,True,0.9555673003196716,7.2865447998046875,0.9476215839385986,7.257500171661377
1024,70.3146353337,10,2107.92626953125,True,1.1666553020477295,8.178176879882812,1.1573395729064941,8.147684097290039
1024,70.3146353337,11,2120.399169921875,True,1.3253426551818848,9.12137222290039,1.3174153566360474,9.088311195373535
1024,70.3146353337,12,2132.8720703125,True,1.4459917545318604,10.004868507385254,1.4395629167556763,9.96902847290039
1024,70.3146353337,13,2145.344970703125,True,1.5304515361785889,10.556496620178223,1.5239592790603638,10.52282428741455
1024,70.3146353337,14,2157.818115234375,True,1.537104845046997,10.462868690490723,1.5295928716659546,10.430230140686035
1024,70.3146353337,15,2170.291015625,True,1.5101752281188965,10.390959739685059,1.5009244680404663,10.361030578613281
1024,70.3146353337,16,2182.763916015625,True,1.4780704975128174,10.395017623901367,1.4683551788330078,10.369473457336426
1024,70.3146353337,17,2195.23681640625,True,1.4552991390228271,10.746009826660156,1.4491653442382812,10.723422050476074
1024,70.3146353337,18,2207.709716796875,True,1.567803144454956,11.110705375671387,1.5618999004364014,11.084577560424805
1024,70.3146353337,19,2220.1826171875,True,1.7190032005310059,11.622109413146973,1.7128503322601318,11.593048095703125
1024,70.3146353337,20,2232.655517578125,True,1.843896508216858,12.357463836669922,1.8391015529632568,12.327740669250488
1024,70.3146353337,21,2245.128662109375,True,1.9497792720794678,13.162079811096191,1.9457215070724487,13.138339042663574
1024,70.3146353337,22,2257.6015625,True,2.014302968978882,13.425573348999023,2.009941339492798,13.406412124633789
1024,70.3146353337,23,2270.074462890625,True,2.0308291912078857,13.484477996826172,2.0256378650665283,13.464612007141113
1024,70.3146353337,24,2282.54736328125,True,2.0431509017944336,13.570673942565918,2.036807060241699,13.552613258361816
1024,70.3146353337,25,2295.020263671875,True,2.0307400226593018,13.827882766723633,2.0257368087768555,13.814351081848145
1024,70.3146353337,26,2307.4931640625,True,2.076277732849121,14.249507904052734,2.072519302368164,14.234912872314453
1024,70.3146353337,27,2319.966064453125,True,2.2229933738708496,14.560243606567383,2.218445062637329,14.537814140319824
1024,70.3146353337,28,2332.439208984375,True,2.376343011856079,15.058043479919434,2.372445583343506,15.03390121459961
1024,70.3146353337,29,2344.912109375,True,2.5012106895446777,15.76427936553955,2.4983205795288086,15.745491027832031
1024,70.3146353337,30,2357.385009765625,True,2.594855546951294,16.404630661010742,2.592148542404175,16.396486282348633
1024,70.3146353337,31,2369.85791015625,True,2.660461187362671,16.700986862182617,2.6573047637939453,16.692134857177734
1024,70.3146353337,32,2382.330810546875,True,2.7151577472686768,16.913532257080078,2.7111496925354004,16.90229606628418
1024,70.3146353337,33,2394.8037109375,True,2.7325339317321777,16.98400115966797,2.7285237312316895,16.97564125061035
1024,70.3146353337,34,2407.27685546875,True,2.7337241172790527,17.48358154296875,2.7310519218444824,17.478952407836914
1024,70.3146353337,35,2419.749755859375,True,2.8444266319274902,17.90785026550293,2.840827226638794,17.895679473876953
1024,70.3146353337,36,2432.22265625,True,3.0284018516540527,18.24851417541504,3.024585723876953,18.2293643951416
1024,70.3146353337,37,2444.695556640625,True,3.1897921562194824,18.667512893676758,3.1868581771850586,18.651397705078125
1024,70.3146353337,38,2457.16845703125,True,3.296043634414673,19.38515853881836,3.2937917709350586,19.381437301635742
1024,70.3146353337,39,2469.641357421875,True,3.3769402503967285,19.985698699951172,3.374366044998169,19.986833572387695
1024,70.3146353337,40,2482.1142578125,True,3.467092990875244,20.429946899414062,3.4639735221862793,20.424421310424805
1024,70.3146353337,41,2494.58740234375,True,3.528503656387329,20.469058990478516,3.524890184402466,20.463150024414062
1024,70.3146353337,42,2507.060302734375,True,3.519294023513794,20.776212692260742,3.5167653560638428,20.77541732788086
1024,70.3146353337,43,2519.533203125,True,3.563593626022339,21.451879501342773,3.5605759620666504,21.449365615844727
1024,70.3146353337,44,2532.006103515625,True,3.7473044395446777,21.84986686706543,3.7431890964508057,21.836748123168945
1024,70.3146353337,45,2544.47900390625,True,3.9573001861572266,22.049148559570312,3.953580617904663,22.034425735473633
1024,70.3146353337,46,2556.951904296875,True,4.092108249664307,22.48967170715332,4.089244842529297,22.485437393188477
1024,70.3146353337,47,2569.4248046875,True,4.170185565948486,23.29798698425293,4.167519569396973,23.305500030517578
1024,70.3146353337,48,2581.89794921875,True,4.267038345336914,24.053020477294922,4.263763904571533,24.054899215698242
1040,70.3146353337,1,2195.23681640625,True,0.6130672097206116,3.6667401790618896,0.6027978658676147,3.6721761226654053
1040,70.3146353337,2,2207.709716796875,True,0.8896620869636536,5.2929534912109375,0.880169689655304,5.3046159744262695
1040,70.3146353337,3,2220.1826171875,True,0.9817290902137756,5.896477699279785,0.975408673286438,5.915647029876709
1040,70.3146353337,4,2232.655517578125,True,1.0298099517822266,6.5848002433776855,1.0231305360794067,6.598252773284912
1040,70.3146353337,5,2245.128662109375,True,1.0258996486663818,7.409947395324707,1.0188392400741577,7.414988994598389
1040,70.3146353337,6,2257.6015625,True,0.9919914603233337,7.364054203033447,0.9827608466148376,7.365486145019531
1040,70.3146353337,7,2270.074462890625,True,0.8927005529403687,6.656874656677246,0.8832686543464661,6.66485071182251
1040,70.3146353337,8,2282.54736328125,True,0.7474520206451416,6.123868942260742,0.7433000206947327,6.12433385848999
1040,70.3146353337,9,2295.020263671875,True,0.8536378741264343,6.759189605712891,0.8500441908836365,6.748597145080566
1040,70.3146353337,10,2307.4931640625,True,1.1156505346298218,8.014349937438965,1.109873652458191,8.009551048278809
1040,70.3146353337,11,2319.966064453125,True,1.2533079385757446,8.487157821655273,1.2489935159683228,8.487380981445312
1040,70.3146353337,12,2332.439208984375,True,1.3359347581863403,9.036433219909668,1.3327540159225464,9.042434692382812
1040,70.3146353337,13,2344.912109375,True,1.3883891105651855,9.872949600219727,1.3848060369491577,9.87738037109375
1040,70.3146353337,14,2357.385009765625,True,1.4132944345474243,10.524710655212402,1.4087291955947876,10.530162811279297
1040,70.3146353337,15,2369.85791015625,True,1.4031503200531006,10.488616943359375,1.397707462310791,10.495549201965332
1040,70.3146353337,16,2382.330810546875,True,1.3530302047729492,10.406641960144043,1.350061297416687,10.412278175354004
1040,70.3146353337,17,2394.8037109375,True,1.3768819570541382,10.47307014465332,1.3754761219024658,10.463977813720703
1040,70.3146353337,18,2407.27685546875,True,1.554506540298462,11.306655883789062,1.5506235361099243,11.299356460571289
1040,70.3146353337,19,2419.749755859375,True,1.7212635278701782,11.85456657409668,1.71762216091156,11.851115226745605
1040,70.3146353337,20,2432.22265625,True,1.8370952606201172,12.243912696838379,1.8350028991699219,12.243242263793945
1040,70.3146353337,21,2444.695556640625,True,1.9299285411834717,12.865376472473145,1.9277485609054565,12.866422653198242
1040,70.3146353337,22,2457.16845703125,True,1.9795619249343872,13.677899360656738,1.976966142654419,13.68294620513916
1040,70.3146353337,23,2469.641357421875,True,2.0060296058654785,14.041738510131836,2.0026628971099854,14.051032066345215
1040,70.3146353337,24,2482.1142578125,True,2.007777452468872,14.199156761169434,2.0053951740264893,14.208147048950195
1040,70.3146353337,25,2494.58740234375,True,2.024362087249756,14.217247009277344,2.023475170135498,14.215567588806152
1040,70.3146353337,26,2507.060302734375,True,2.127556085586548,14.608405113220215,2.1250195503234863,14.601707458496094
1040,70.3146353337,27,2519.533203125,True,2.2837302684783936,15.271546363830566,2.280033588409424,15.270230293273926
1040,70.3146353337,28,2532.006103515625,True,2.4292185306549072,15.635196685791016,2.427013397216797,15.633720397949219
1040,70.3146353337,29,2544.47900390625,True,2.560964345932007,16.04084014892578,2.559276819229126,16.04090690612793
1040,70.3146353337,30,2556.951904296875,True,2.636773109436035,16.71133804321289,2.6347384452819824,16.715124130249023
1040,70.3146353337,31,2569.4248046875,True,2.672858238220215,17.375019073486328,2.670375347137451,17.386449813842773
1040,70.3146353337,32,2581.89794921875,True,2.7001523971557617,17.80030059814453,2.6978378295898438,17.8123779296875
1040,70.3146353337,33,2594.370849609375,True,2.730964422225952,17.988914489746094,2.7299249172210693,17.99370765686035
1040,70.3146353337,34,2606.84375,True,2.7945470809936523,18.046499252319336,2.792769432067871,18.042097091674805
1040,70.3146353337,35,2619.316650390625,True,2.9109489917755127,18.655662536621094,2.9073421955108643,18.656370162963867
1040,70.3146353337,36,2631.78955078125,True,3.062708854675293,19.14586067199707,3.0597760677337646,19.146892547607422
1040,70.3146353337,37,2644.262451171875,True,3.231461763381958,19.446975708007812,3.229551076889038,19.447311401367188
1040,70.3146353337,38,2656.7353515625,True,3.347559690475464,19.830812454223633,3.345472812652588,19.833751678466797
1040,70.3146353337,39,2669.20849609375,True,3.39115309715271,20.574209213256836,3.3889119625091553,20.58526039123535
1040,70.3146353337,40,2681.681396484375,True,3.4194345474243164,21.24569320678711,3.4169487953186035,21.26060676574707
1040,70.3146353337,41,2694.154296875,True,3.4651904106140137,21.756248474121094,3.463672399520874,21.76582145690918
1040,70.3146353337,42,2706.627197265625,True,3.519929885864258,21.711524963378906,3.518432378768921,21.710607528686523
1040,70.3146353337,43,2719.10009765625,True,3.596132516860962,22.051559448242188,3.5928568840026855,22.0518856048584
1040,70.3146353337,44,2731.572998046875,True,3.721750259399414,22.713912963867188,3.718008041381836,22.71807098388672
1040,70.3146353337,45,2744.046142578125,True,3.9108169078826904,23.05205535888672,3.908234119415283,23.052879333496094
1040,70.3146353337,46,2756.51904296875,True,4.078848361968994,23.203609466552734,4.076488971710205,23.205467224121094
1040,70.3146353337,47,2768.991943359375,True,4.148685932159424,23.746910095214844,4.1462082862854,23.755521774291992
1040,70.3146353337,48,2781.46484375,True,4.170526027679443,24.606279373168945,4.1678643226623535,24.622934341430664
1056,70.3146353337,1,2394.8037109375,True,0.5996816754341125,3.3715665340423584,0.5879937410354614,3.3868603706359863
1056,70.3146353337,2,2407.27685546875,True,0.8900153636932373,5.727294921875,0.8809764981269836,5.756288528442383
1056,70.3146353337,3,2419.749755859375,True,1.014552354812622,6.301766395568848,1.0092447996139526,6.342372417449951
1056,70.3146353337,4,2432.22265625,True,1.0593699216842651,6.472354412078857,1.0543227195739746,6.520643711090088
1056,70.3146353337,5,2444.695556640625,True,1.0480194091796875,6.995431900024414,1.0427988767623901,7.032431125640869
1056,70.3146353337,6,2457.16845703125,True,1.0046957731246948,7.348788738250732,0.9977143406867981,7.370636463165283
1056,70.3146353337,7,2469.641357421875,True,0.915252149105072,6.957679271697998,0.9077152013778687,6.974002838134766
1056,70.3146353337,8,2482.1142578125,True,0.7688150405883789,6.485787868499756,0.7673931121826172,6.496873378753662
1056,70.3146353337,9,2494.58740234375,True,0.8989824652671814,6.766294479370117,0.8965998888015747,6.764393329620361
1056,70.3146353337,10,2507.060302734375,True,1.1520442962646484,7.8752593994140625,1.1469286680221558,7.875497817993164
1056,70.3146353337,11,2519.533203125,True,1.3119521141052246,8.76740550994873,1.308639407157898,8.77719783782959
1056,70.3146353337,12,2532.006103515625,True,1.400414228439331,9.116546630859375,1.398417592048645,9.135187149047852
1056,70.3146353337,13,2544.47900390625,True,1.4538912773132324,9.719499588012695,1.4516544342041016,9.738757133483887
1056,70.3146353337,14,2556.951904296875,True,1.4684693813323975,10.406481742858887,1.4651449918746948,10.420184135437012
1056,70.3146353337,15,2569.4248046875,True,1.4534640312194824,10.765278816223145,1.449257254600525,10.781214714050293
1056,70.3146353337,16,2581.89794921875,True,1.3989582061767578,10.798637390136719,1.3975180387496948,10.812480926513672
1056,70.3146353337,17,2594.370849609375,True,1.4487502574920654,10.903366088867188,1.4482396841049194,10.901942253112793
1056,70.3146353337,18,2606.84375,True,1.6386592388153076,11.310750961303711,1.6344847679138184,11.303044319152832
1056,70.3146353337,19,2619.316650390625,True,1.7935374975204468,12.083033561706543,1.789820909500122,12.084375381469727
1056,70.3146353337,20,2631.78955078125,True,1.9096972942352295,12.5089111328125,1.907861590385437,12.516196250915527
1056,70.3146353337,21,2644.262451171875,True,2.0083436965942383,13.015359878540039,2.0067739486694336,13.024775505065918
1056,70.3146353337,22,2656.7353515625,True,2.068051815032959,13.635489463806152,2.065741539001465,13.643017768859863
1056,70.3146353337,23,2669.20849609375,True,2.078946113586426,14.241308212280273,2.0761055946350098,14.254450798034668
1056,70.3146353337,24,2681.681396484375,True,2.0607447624206543,14.5753812789917,2.0588080883026123,14.592194557189941
1056,70.3146353337,25,2694.154296875,True,2.085761070251465,14.873476028442383,2.085498094558716,14.878645896911621
1056,70.3146353337,26,2706.627197265625,True,2.2254445552825928,14.961380004882812,2.2222471237182617,14.95383358001709
1056,70.3146353337,27,2719.10009765625,True,2.3663547039031982,15.451891899108887,2.3620967864990234,15.450233459472656
1056,70.3146353337,28,2731.572998046875,True,2.482907772064209,15.980024337768555,2.4802749156951904,15.985098838806152
1056,70.3146353337,29,2744.046142578125,True,2.610079526901245,16.399709701538086,2.608445167541504,16.405113220214844
1056,70.3146353337,30,2756.51904296875,True,2.713836669921875,16.886131286621094,2.7117581367492676,16.89019775390625
1056,70.3146353337,31,2768.991943359375,True,2.7499825954437256,17.485307693481445,2.747468948364258,17.49431037902832
1056,70.3146353337,32,2781.46484375,True,2.742670774459839,18.033733367919922,2.7404048442840576,18.05178451538086
1056,70.3146353337,33,2793.937744140625,True,2.7548317909240723,18.55182456970215,2.7541463375091553,18.563209533691406
1056,70.3146353337,34,2806.41064453125,True,2.8588454723358154,18.702335357666016,2.856581687927246,18.69890785217285
1056,70.3146353337,35,2818.883544921875,True,2.9879801273345947,18.861549377441406,2.983474016189575,18.857925415039062
1056,70.3146353337,36,2831.356689453125,True,3.0911877155303955,19.424762725830078,3.0875821113586426,19.430212020874023
1056,70.3146353337,37,2843.82958984375,True,3.227607250213623,19.866424560546875,3.225492238998413,19.871871948242188
1056,70.3146353337,38,2856.302490234375,True,3.373539447784424,20.247278213500977,3.37138032913208,20.250133514404297
1056,70.3146353337,39,2868.775390625,True,3.448296308517456,20.687679290771484,3.445624828338623,20.693063735961914
1056,70.3146353337,40,2881.248291015625,True,3.449671745300293,21.330886840820312,3.4471848011016846,21.34755516052246
1056,70.3146353337,41,2893.72119140625,True,3.4483835697174072,22.048940658569336,3.4469411373138428,22.065702438354492
1056,70.3146353337,42,2906.194091796875,True,3.52642822265625,22.486230850219727,3.524826765060425,22.488422393798828
1056,70.3146353337,43,2918.667236328125,True,3.647883892059326,22.441076278686523,3.6435327529907227,22.436546325683594
1056,70.3146353337,44,2931.14013671875,True,3.7355504035949707,22.854934692382812,3.7311244010925293,22.859418869018555
1056,70.3146353337,45,2943.613037109375,True,3.8554086685180664,23.40494155883789,3.85247540473938,23.411968231201172
1056,70.3146353337,46,2956.0859375,True,4.0334086418151855,23.77396583557129,4.030979156494141,23.777223587036133
1056,70.3146353337,47,2968.558837890625,True,4.160540580749512,24.021167755126953,4.15763521194458,24.023630142211914
1056,70.3146353337,48,2981.03173828125,True,4.186268329620361,24.584686279296875,4.183453559875488,24.597280502319336
1072,70.3146353337,1,2594.370849609375,True,0.5951999425888062,3.416581392288208,0.5819992423057556,3.4357950687408447
1072,70.3146353337,2,2606.84375,True,0.8639718294143677,5.602916717529297,0.8537335991859436,5.63268518447876
1072,70.3146353337,3,2619.316650390625,True,1.0017623901367188,6.659987449645996,0.9968658685684204,6.697671890258789
1072,70.3146353337,4,2631.78955078125,True,1.0743844509124756,6.646414756774902,1.0701180696487427,6.693180561065674
1072,70.3146353337,5,2644.262451171875,True,1.0699948072433472,6.918304443359375,1.066158652305603,6.965353488922119
1072,70.3146353337,6,2656.7353515625,True,1.0311882495880127,7.106575965881348,1.0253312587738037,7.136499881744385
1072,70.3146353337,7,2669.20849609375,True,0.9402858018875122,6.992074012756348,0.9341329336166382,7.00919246673584
1072,70.3146353337,8,2681.681396484375,True,0.7971424460411072,6.7481369972229,0.7960079312324524,6.759291648864746
1072,70.3146353337,9,2694.154296875,True,0.9112705588340759,7.226532936096191,0.9089643955230713,7.231063365936279
1072,70.3146353337,10,2706.627197265625,True,1.1629265546798706,7.931039333343506,1.1572176218032837,7.9325385093688965
1072,70.3146353337,11,2719.10009765625,True,1.3130024671554565,8.715021133422852,1.3095546960830688,8.722478866577148
1072,70.3146353337,12,2731.572998046875,True,1.4191792011260986,9.178719520568848,1.417487621307373,9.195832252502441
1072,70.3146353337,13,2744.046142578125,True,1.479633092880249,9.63330364227295,1.4781498908996582,9.653351783752441
1072,70.3146353337,14,2756.51904296875,True,1.5097228288650513,10.208635330200195,1.5071680545806885,10.224609375
1072,70.3146353337,15,2768.991943359375,True,1.4926412105560303,10.628034591674805,1.4892429113388062,10.641521453857422
1072,70.3146353337,16,2781.46484375,True,1.4307650327682495,10.892443656921387,1.4297313690185547,10.907195091247559
1072,70.3146353337,17,2793.937744140625,True,1.4681276082992554,11.259306907653809,1.4677571058273315,11.26176929473877
1072,70.3146353337,18,2806.41064453125,True,1.6680396795272827,11.651137351989746,1.6634875535964966,11.645367622375488
1072,70.3146353337,19,2818.883544921875,True,1.8177669048309326,12.037313461303711,1.813389778137207,12.033550262451172
1072,70.3146353337,20,2831.356689453125,True,1.9200623035430908,12.563715934753418,1.91785728931427,12.57027530670166
1072,70.3146353337,21,2843.82958984375,True,2.0165810585021973,12.998035430908203,2.015300989151001,13.00636100769043
1072,70.3146353337,22,2856.302490234375,True,2.0973801612854004,13.579036712646484,2.0956358909606934,13.585630416870117
1072,70.3146353337,23,2868.775390625,True,2.126213312149048,14.056632041931152,2.123523235321045,14.064661026000977
1072,70.3146353337,24,2881.248291015625,True,2.09491229057312,14.524349212646484,2.09333872795105,14.540128707885742
1072,70.3146353337,25,2893.72119140625,True,2.0975255966186523,15.014283180236816,2.0972681045532227,15.02258014678955
1072,70.3146353337,26,2906.194091796875,True,2.24527645111084,15.447022438049316,2.241892099380493,15.442435264587402
1072,70.3146353337,27,2918.667236328125,True,2.400766372680664,15.582649230957031,2.39565110206604,15.575687408447266
1072,70.3146353337,28,2931.14013671875,True,2.492119550704956,15.986352920532227,2.4888594150543213,15.989030838012695
1072,70.3146353337,29,2943.613037109375,True,2.5935373306274414,16.442113876342773,2.5917086601257324,16.448036193847656
1072,70.3146353337,30,2956.0859375,True,2.711777925491333,16.981203079223633,2.709982395172119,16.983610153198242
1072,70.3146353337,31,2968.558837890625,True,2.7876627445220947,17.395084381103516,2.785052537918091,17.397964477539062
1072,70.3146353337,32,2981.03173828125,True,2.781219482421875,17.880250930786133,2.7790770530700684,17.89304542541504
1072,70.3146353337,33,2993.504638671875,True,2.760291337966919,18.490013122558594,2.759565830230713,18.50453758239746
1072,70.3146353337,34,3005.977783203125,True,2.8565428256988525,19.113422393798828,2.8542394638061523,19.1135311126709
1072,70.3146353337,35,3018.45068359375,True,3.014841318130493,19.240665435791016,3.0095748901367188,19.23406219482422
1072,70.3146353337,36,3030.923583984375,True,3.106069564819336,19.40814971923828,3.1016616821289062,19.407779693603516
1072,70.3146353337,37,3043.396484375,True,3.1914737224578857,19.89801788330078,3.188800096511841,19.904918670654297
1072,70.3146353337,38,3055.869384765625,True,3.326913833618164,20.40167999267578,3.324831962585449,20.403486251831055
1072,70.3146353337,39,3068.34228515625,True,3.452115058898926,20.783987045288086,3.449444532394409,20.783231735229492
1072,70.3146353337,40,3080.8154296875,True,3.484163522720337,21.152931213378906,3.4814178943634033,21.160707473754883
1072,70.3146353337,41,3093.288330078125,True,3.454587697982788,21.818675994873047,3.453204393386841,21.83629608154297
1072,70.3146353337,42,3105.76123046875,True,3.5015780925750732,22.65166473388672,3.4999325275421143,22.658626556396484
1072,70.3146353337,43,3118.234130859375,True,3.6523706912994385,23.001941680908203,3.6475629806518555,22.99742317199707
1072,70.3146353337,44,3130.70703125,True,3.757270336151123,22.955007553100586,3.7518467903137207,22.95194435119629
1072,70.3146353337,45,3143.179931640625,True,3.8190226554870605,23.368715286254883,3.8153934478759766,23.37565040588379
1072,70.3146353337,46,3155.65283203125,True,3.9466445446014404,23.910478591918945,3.944077730178833,23.91476821899414
1072,70.3146353337,47,3168.1259765625,True,4.115597248077393,24.309829711914062,4.112742900848389,24.30767059326172
1072,70.3146353337,48,3180.598876953125,True,4.2034687995910645,24.520475387573242,4.200178146362305,24.52284049987793
3874,100.352251335,1,876.6906127929688,True,0.6992108821868896,4.285231113433838,0.6829881072044373,4.2016472816467285
3874,100.352251335,2,884.5181884765625,True,0.9598774909973145,6.860250949859619,0.9461234211921692,6.735498428344727
3874,100.352251335,3,892.3457641601562,True,1.0618129968643188,8.321538925170898,1.0513056516647339,8.179112434387207
3874,100.352251335,4,900.1734008789062,True,1.1082663536071777,9.274341583251953,1.0978338718414307,9.134902954101562
3874,100.352251335,5,908.0009765625,True,1.1535252332687378,9.027715682983398,1.1388194561004639,8.90406322479248
3874,100.352251335,6,915.8285522460938,True,1.195344090461731,7.935166358947754,1.175806999206543,7.833745956420898
3874,100.352251335,7,923.6561889648438,True,1.1763912439346313,6.4432902336120605,1.1549381017684937,6.3687028884887695
3874,100.352251335,8,931.4837646484375,True,1.1226814985275269,5.656024932861328,1.1071449518203735,5.62173318862915
3874,100.352251335,9,939.3113403320312,True,1.2271180152893066,5.913949489593506,1.2130917310714722,5.883383274078369
3874,100.352251335,10,947.1389770507812,True,1.394490361213684,6.572166919708252,1.3804842233657837,6.502825736999512
3874,100.352251335,11,954.966552734375,True,1.4961191415786743,7.369659900665283,1.485625147819519,7.278022766113281
3874,100.352251335,12,962.7941284179688,True,1.561855673789978,8.296387672424316,1.5544179677963257,8.211894989013672
3874,100.352251335,13,970.6217651367188,True,1.575150489807129,8.659542083740234,1.5669187307357788,8.597160339355469
3874,100.352251335,14,978.4493408203125,True,1.5672365427017212,8.417823791503906,1.555372714996338,8.365777015686035
3874,100.352251335,15,986.2769165039062,True,1.5737407207489014,7.945569038391113,1.5595101118087769,7.89315128326416
3874,100.352251335,16,994.1044921875,True,1.5699784755706787,7.556384086608887,1.55925452709198,7.524526119232178
3874,100.352251335,17,1001.93212890625,True,1.6242263317108154,7.612890720367432,1.6159255504608154,7.602550029754639
3874,100.352251335,18,1009.7597045898438,True,1.7297483682632446,7.785223484039307,1.7204397916793823,7.749774932861328
3874,100.352251335,19,1017.5872802734375,True,1.8032166957855225,8.260929107666016,1.7958812713623047,8.2041654586792
3874,100.352251335,20,1025.4149169921875,True,1.8584777116775513,8.8950777053833,1.854223370552063,8.847076416015625
3874,100.352251335,21,1033.2425537109375,True,1.8643018007278442,9.24441146850586,1.8609278202056885,9.21922779083252
3874,100.352251335,22,1041.070068359375,True,1.8250247240066528,9.136754035949707,1.8192923069000244,9.115615844726562
3874,100.352251335,23,1048.897705078125,True,1.8051481246948242,8.976508140563965,1.7970329523086548,8.9500093460083
3874,100.352251335,24,1056.7252197265625,True,1.7954375743865967,8.849577903747559,1.7888156175613403,8.833942413330078
3874,100.352251335,25,1064.5528564453125,True,1.831035852432251,8.939970970153809,1.826309084892273,8.94393253326416
3874,100.352251335,26,1072.3804931640625,True,1.918576717376709,8.97414493560791,1.9127057790756226,8.960214614868164
3874,100.352251335,27,1080.2080078125,True,1.9778177738189697,9.315933227539062,1.9732567071914673,9.285213470458984
3874,100.352251335,28,1088.03564453125,True,2.0312697887420654,9.808310508728027,2.029816150665283,9.78842830657959
3874,100.352251335,29,1095.86328125,True,2.0564470291137695,10.087052345275879,2.056861400604248,10.088860511779785
3874,100.352251335,30,1103.6907958984375,True,2.029928684234619,9.97851848602295,2.029322862625122,9.98022747039795
3874,100.352251335,31,1111.5184326171875,True,2.002826690673828,9.919352531433105,2.0004169940948486,9.914366722106934
3874,100.352251335,32,1119.3460693359375,True,1.9887855052947998,9.941051483154297,1.9865509271621704,9.942956924438477
3874,100.352251335,33,1127.173583984375,True,2.019029140472412,10.132150650024414,2.0174343585968018,10.149728775024414
3874,100.352251335,34,1135.001220703125,True,2.110013484954834,10.156096458435059,2.1069979667663574,10.159585952758789
3874,100.352251335,35,1142.828857421875,True,2.1676244735717773,10.454530715942383,2.1654934883117676,10.444339752197266
3874,100.352251335,36,1150.6563720703125,True,2.222801685333252,10.899415969848633,2.2237157821655273,10.900452613830566
3874,100.352251335,37,1158.4840087890625,True,2.268481731414795,11.178474426269531,2.2717974185943604,11.19958782196045
3874,100.352251335,38,1166.3116455078125,True,2.2693636417388916,11.046874046325684,2.2726070880889893,11.064403533935547
3874,100.352251335,39,1174.13916015625,True,2.2499890327453613,10.994730949401855,2.2520692348480225,11.004834175109863
3874,100.352251335,40,1181.966796875,True,2.2387938499450684,11.087385177612305,2.2403481006622314,11.102864265441895
3874,100.352251335,41,1189.79443359375,True,2.2648561000823975,11.35612678527832,2.265916347503662,11.384947776794434
3874,100.352251335,42,1197.6219482421875,True,2.359013795852661,11.423376083374023,2.358253002166748,11.440840721130371
3874,100.352251335,43,1205.4495849609375,True,2.418975591659546,11.713377952575684,2.418715238571167,11.718547821044922
3874,100.352251335,44,1213.2772216796875,True,2.475015163421631,12.154568672180176,2.4776127338409424,12.170821189880371
3874,100.352251335,45,1221.104736328125,True,2.533022880554199,12.4401216506958,2.5383782386779785,12.474900245666504
3874,100.352251335,46,1228.932373046875,True,2.555971384048462,12.296589851379395,2.561901807785034,12.325982093811035
3874,100.352251335,47,1236.760009765625,True,2.548356294631958,12.217293739318848,2.5536088943481445,12.23781967163086
3874,100.352251335,48,1244.5875244140625,True,2.5439612865448,12.332996368408203,2.548363208770752,12.358077049255371
3882,100.352251335,1,939.3113403320312,True,0.5517053604125977,2.93625807762146,0.5352004170417786,2.8545897006988525
3882,100.352251335,2,947.1389770507812,True,0.76438307762146,4.702538013458252,0.749144971370697,4.587451934814453
3882,100.352251335,3,954.966552734375,True,0.8296767473220825,5.361352920532227,0.818239688873291,5.2242231369018555
3882,100.352251335,4,962.7941284179688,True,0.8581017255783081,5.815457344055176,0.8478960990905762,5.6730170249938965
3882,100.352251335,5,970.6217651367188,True,0.8832626938819885,5.769238471984863,0.8712917566299438,5.651618480682373
3882,100.352251335,6,978.4493408203125,True,0.8684964179992676,5.064361095428467,0.8514818549156189,4.974583148956299
3882,100.352251335,7,986.2769165039062,True,0.7850279808044434,4.209517955780029,0.7660634517669678,4.159011363983154
3882,100.352251335,8,994.1044921875,True,0.6593548059463501,3.766934633255005,0.6470962166786194,3.7443325519561768
3882,100.352251335,9,1001.93212890625,True,0.7926700711250305,4.456827640533447,0.7790685892105103,4.422934532165527
3882,100.352251335,10,1009.7597045898438,True,0.954611599445343,4.956294059753418,0.9400553703308105,4.892552852630615
3882,100.352251335,11,1017.5872802734375,True,1.0297421216964722,5.478619575500488,1.018672227859497,5.401150703430176
3882,100.352251335,12,1025.4149169921875,True,1.0828070640563965,6.0187506675720215,1.0750484466552734,5.948245525360107
3882,100.352251335,13,1033.2425537109375,True,1.127318024635315,6.275549411773682,1.1202384233474731,6.230905055999756
3882,100.352251335,14,1041.070068359375,True,1.1148736476898193,6.003006935119629,1.105297565460205,5.96643590927124
3882,100.352251335,15,1048.897705078125,True,1.0660960674285889,5.7921061515808105,1.0553430318832397,5.7656755447387695
3882,100.352251335,16,1056.7252197265625,True,0.9934543371200562,5.713166236877441,0.9877306222915649,5.699049472808838
3882,100.352251335,17,1064.5528564453125,True,1.0772719383239746,6.13120698928833,1.0703593492507935,6.1194748878479
3882,100.352251335,18,1072.3804931640625,True,1.2129555940628052,6.3453898429870605,1.2035610675811768,6.314541339874268
3882,100.352251335,19,1080.2080078125,True,1.2822208404541016,6.708163738250732,1.2748026847839355,6.6678242683410645
3882,100.352251335,20,1088.03564453125,True,1.3344305753707886,7.153127193450928,1.3301496505737305,7.123271465301514
3882,100.352251335,21,1095.86328125,True,1.3877785205841064,7.441840171813965,1.385034441947937,7.434971809387207
3882,100.352251335,22,1103.6907958984375,True,1.390200138092041,7.279078483581543,1.3865139484405518,7.271614074707031
3882,100.352251335,23,1111.5184326171875,True,1.3576284646987915,7.214609622955322,1.3532878160476685,7.207447052001953
3882,100.352251335,24,1119.3460693359375,True,1.309596300125122,7.256751537322998,1.3084216117858887,7.2561869621276855
3882,100.352251335,25,1127.173583984375,True,1.3733245134353638,7.611547946929932,1.3706154823303223,7.6157546043396
3882,100.352251335,26,1135.001220703125,True,1.5025153160095215,7.738285541534424,1.4969027042388916,7.728508949279785
3882,100.352251335,27,1142.828857421875,True,1.569927453994751,8.031570434570312,1.5654566287994385,8.014892578125
3882,100.352251335,28,1150.6563720703125,True,1.6182578802108765,8.437687873840332,1.6166737079620361,8.433037757873535
3882,100.352251335,29,1158.4840087890625,True,1.6759815216064453,8.74673843383789,1.6763335466384888,8.763069152832031
3882,100.352251335,30,1166.3116455078125,True,1.69680655002594,8.610132217407227,1.6971803903579712,8.621068000793457
3882,100.352251335,31,1174.13916015625,True,1.6798121929168701,8.561624526977539,1.6799566745758057,8.568404197692871
3882,100.352251335,32,1181.966796875,True,1.6499743461608887,8.637858390808105,1.6520404815673828,8.649125099182129
3882,100.352251335,33,1189.79443359375,True,1.7011232376098633,8.960190773010254,1.7013221979141235,8.977285385131836
3882,100.352251335,34,1197.6219482421875,True,1.8255499601364136,9.072243690490723,1.8226170539855957,9.078466415405273
3882,100.352251335,35,1205.4495849609375,True,1.893230676651001,9.339452743530273,1.8908779621124268,9.339171409606934
3882,100.352251335,36,1213.2772216796875,True,1.938010334968567,9.74000358581543,1.9382210969924927,9.752049446105957
3882,100.352251335,37,1221.104736328125,True,1.9952946901321411,10.060925483703613,1.9977003335952759,10.092217445373535
3882,100.352251335,38,1228.932373046875,True,2.028289556503296,9.94131088256836,2.031332492828369,9.965367317199707
3882,100.352251335,39,1236.760009765625,True,2.0234146118164062,9.873061180114746,2.0265259742736816,9.889531135559082
3882,100.352251335,40,1244.5875244140625,True,2.007953643798828,9.949597358703613,2.012232542037964,9.969633102416992
3882,100.352251335,41,1252.4151611328125,True,2.050574779510498,10.247069358825684,2.0528502464294434,10.274221420288086
3882,100.352251335,42,1260.2427978515625,True,2.1691231727600098,10.375967979431152,2.168124198913574,10.395245552062988
3882,100.352251335,43,1268.0703125,True,2.237959384918213,10.625442504882812,2.237112283706665,10.63763427734375
3882,100.352251335,44,1275.89794921875,True,2.280384063720703,11.037395477294922,2.2817773818969727,11.06136417388916
3882,100.352251335,45,1283.7254638671875,True,2.3355672359466553,11.370991706848145,2.339343786239624,11.41299057006836
3882,100.352251335,46,1291.5531005859375,True,2.375856637954712,11.271686553955078,2.380702495574951,11.305582046508789
3882,100.352251335,47,1299.3807373046875,True,2.379657030105591,11.179078102111816,2.384756326675415,11.202659606933594
3882,100.352251335,48,1307.208251953125,True,2.3753910064697266,11.230412483215332,2.381230115890503,11.256800651550293
3898,100.352251335,1,1064.5528564453125,True,0.5013101696968079,2.384136199951172,0.4833097457885742,2.3257031440734863
3898,100.352251335,2,1072.3804931640625,True,0.6984624862670898,3.5169947147369385,0.6810137033462524,3.4387176036834717
3898,100.352251335,3,1080.2080078125,True,0.7543676495552063,4.074216365814209,0.7403208613395691,4.000088691711426
3898,100.352251335,4,1088.03564453125,True,0.7585773468017578,4.176111698150635,0.7469333410263062,4.086784839630127
3898,100.352251335,5,1095.86328125,True,0.7838586568832397,4.301417827606201,0.7730775475502014,4.230680465698242
3898,100.352251335,6,1103.6907958984375,True,0.7665363550186157,3.841728687286377,0.7528819441795349,3.7861413955688477
3898,100.352251335,7,1111.5184326171875,True,0.6592029929161072,3.5033199787139893,0.6451247930526733,3.4866113662719727
3898,100.352251335,8,1119.3460693359375,True,0.49831488728523254,3.2704286575317383,0.4924982190132141,3.2606887817382812
3898,100.352251335,9,1127.173583984375,True,0.682698667049408,4.082504749298096,0.6708261370658875,4.0496954917907715
3898,100.352251335,10,1135.001220703125,True,0.8716773986816406,4.621912956237793,0.8574275970458984,4.576327800750732
3898,100.352251335,11,1142.828857421875,True,0.9413918256759644,5.094919681549072,0.9292482137680054,5.0516862869262695
3898,100.352251335,12,1150.6563720703125,True,0.9615339040756226,5.371799468994141,0.9523756504058838,5.33368444442749
3898,100.352251335,13,1158.4840087890625,True,1.0060839653015137,5.646064281463623,0.9983164072036743,5.62903356552124
3898,100.352251335,14,1166.3116455078125,True,1.0167839527130127,5.471747398376465,1.0082929134368896,5.454672336578369
3898,100.352251335,15,1174.13916015625,True,0.9608358144760132,5.412397861480713,0.953170657157898,5.404962062835693
3898,100.352251335,16,1181.966796875,True,0.8733140230178833,5.390135765075684,0.8719032406806946,5.383927345275879
3898,100.352251335,17,1189.79443359375,True,0.9933918714523315,5.862234115600586,0.9870956540107727,5.846863269805908
3898,100.352251335,18,1197.6219482421875,True,1.1628309488296509,6.173023700714111,1.1528294086456299,6.149613380432129
3898,100.352251335,19,1205.4495849609375,True,1.2352005243301392,6.529385566711426,1.2262282371520996,6.506830215454102
3898,100.352251335,20,1213.2772216796875,True,1.257667064666748,6.831439018249512,1.251283049583435,6.818820476531982
3898,100.352251335,21,1221.104736328125,True,1.3018343448638916,7.134424686431885,1.2972570657730103,7.141636848449707
3898,100.352251335,22,1228.932373046875,True,1.3265676498413086,7.043803691864014,1.3223317861557007,7.045938014984131
3898,100.352251335,23,1236.760009765625,True,1.2990931272506714,7.018496036529541,1.2959074974060059,7.019212245941162
3898,100.352251335,24,1244.5875244140625,True,1.2493783235549927,7.0398688316345215,1.2506729364395142,7.041316986083984
3898,100.352251335,25,1252.4151611328125,True,1.338090419769287,7.37399959564209,1.335466742515564,7.372690677642822
3898,100.352251335,26,1260.2427978515625,True,1.4921846389770508,7.588122844696045,1.4855002164840698,7.581789016723633
3898,100.352251335,27,1268.0703125,True,1.5659445524215698,7.865572929382324,1.5596214532852173,7.858199119567871
3898,100.352251335,28,1275.89794921875,True,1.5889770984649658,8.190285682678223,1.5848424434661865,8.194084167480469
3898,100.352251335,29,1283.7254638671875,True,1.6300851106643677,8.503926277160645,1.627881646156311,8.526531219482422
3898,100.352251335,30,1291.5531005859375,True,1.6614634990692139,8.449098587036133,1.6601704359054565,8.464287757873535
3898,100.352251335,31,1299.3807373046875,True,1.6501059532165527,8.424700736999512,1.6498308181762695,8.432710647583008
3898,100.352251335,32,1307.208251953125,True,1.6226537227630615,8.450203895568848,1.6257500648498535,8.458929061889648
3898,100.352251335,33,1315.035888671875,True,1.6932817697525024,8.704469680786133,1.69318687915802,8.714567184448242
3898,100.352251335,34,1322.863525390625,True,1.8351476192474365,8.883842468261719,1.830930471420288,8.890542030334473
3898,100.352251335,35,1330.6910400390625,True,1.9109116792678833,9.128865242004395,1.9065884351730347,9.132918357849121
3898,100.352251335,36,1338.5186767578125,True,1.9356317520141602,9.463574409484863,1.9331014156341553,9.478766441345215
3898,100.352251335,37,1346.3463134765625,True,1.9746763706207275,9.775014877319336,1.9741307497024536,9.808573722839355
3898,100.352251335,38,1354.173828125,True,2.0098657608032227,9.745980262756348,2.0105984210968018,9.771544456481934
3898,100.352251335,39,1362.00146484375,True,2.0081331729888916,9.715266227722168,2.0098464488983154,9.729938507080078
3898,100.352251335,40,1369.8291015625,True,1.9951509237289429,9.744592666625977,1.9995099306106567,9.759556770324707
3898,100.352251335,41,1377.6566162109375,True,2.0539393424987793,9.946467399597168,2.0556931495666504,9.965668678283691
3898,100.352251335,42,1385.4842529296875,True,2.1860411167144775,10.123680114746094,2.183706283569336,10.141090393066406
3898,100.352251335,43,1393.3118896484375,True,2.2649641036987305,10.35354995727539,2.2621548175811768,10.366848945617676
3898,100.352251335,44,1401.139404296875,True,2.293069362640381,10.70461368560791,2.2916994094848633,10.728604316711426
3898,100.352251335,45,1408.967041015625,True,2.3319249153137207,10.99464225769043,2.3325488567352295,11.036816596984863
3898,100.352251335,46,1416.794677734375,True,2.3700790405273438,10.989521980285645,2.372218370437622,11.024160385131836
3898,100.352251335,47,1424.6221923828125,True,2.3746047019958496,10.956133842468262,2.377673864364624,10.976615905761719
3898,100.352251335,48,1432.4498291015625,True,2.371419668197632,10.99384593963623,2.3766369819641113,11.01392650604248
3914,100.352251335,1,1189.79443359375,True,0.49922284483909607,2.4089438915252686,0.4800248444080353,2.3569259643554688
3914,100.352251335,2,1197.6219482421875,True,0.7024549841880798,3.500094175338745,0.684161901473999,3.439943552017212
3914,100.352251335,3,1205.4495849609375,True,0.7661545276641846,4.095624923706055,0.7509137988090515,4.0536980628967285
3914,100.352251335,4,1213.2772216796875,True,0.7603198885917664,4.175161361694336,0.7475939393043518,4.1182475090026855
3914,100.352251335,5,1221.104736328125,True,0.7787270545959473,4.297916889190674,0.7674847841262817,4.247611999511719
3914,100.352251335,6,1228.932373046875,True,0.7651273608207703,3.8793158531188965,0.751622200012207,3.836090087890625
3914,100.352251335,7,1236.760009765625,True,0.6607168316841125,3.5420212745666504,0.6472055315971375,3.530928611755371
3914,100.352251335,8,1244.5875244140625,True,0.5070141553878784,3.287858486175537,0.5021446347236633,3.282991886138916
3914,100.352251335,9,1252.4151611328125,True,0.6910993456840515,4.02248477935791,0.6796786785125732,3.990438461303711
3914,100.352251335,10,1260.2427978515625,True,0.8888112306594849,4.643459320068359,0.8746261596679688,4.605903625488281
3914,100.352251335,11,1268.0703125,True,0.9677915573120117,5.151148319244385,0.9550819396972656,5.120218753814697
3914,100.352251335,12,1275.89794921875,True,0.9775565266609192,5.416069030761719,0.9675244688987732,5.387889862060547
3914,100.352251335,13,1283.7254638671875,True,1.0103447437286377,5.65968656539917,1.0017954111099243,5.648359298706055
3914,100.352251335,14,1291.5531005859375,True,1.023537278175354,5.529384136199951,1.0146844387054443,5.5182647705078125
3914,100.352251335,15,1299.3807373046875,True,0.9703794717788696,5.4716901779174805,0.9626895189285278,5.467075824737549
3914,100.352251335,16,1307.208251953125,True,0.8885644674301147,5.4190754890441895,0.8875353336334229,5.41519021987915
3914,100.352251335,17,1315.035888671875,True,1.008147120475769,5.812963962554932,1.0020796060562134,5.797101020812988
3914,100.352251335,18,1322.863525390625,True,1.1826776266098022,6.182332515716553,1.172603726387024,6.163038730621338
3914,100.352251335,19,1330.6910400390625,True,1.2647427320480347,6.551346778869629,1.2551816701889038,6.534435749053955
3914,100.352251335,20,1338.5186767578125,True,1.2802934646606445,6.8478474617004395,1.272915005683899,6.838344097137451
3914,100.352251335,21,1346.3463134765625,True,1.3134444952011108,7.121694087982178,1.3078606128692627,7.130600452423096
3914,100.352251335,22,1354.173828125,True,1.3384664058685303,7.078210830688477,1.33356511592865,7.084053039550781
3914,100.352251335,23,1362.00146484375,True,1.3122793436050415,7.063452243804932,1.3086782693862915,7.065881729125977
3914,100.352251335,24,1369.8291015625,True,1.265861988067627,7.066708564758301,1.2672418355941772,7.068980693817139
3914,100.352251335,25,1377.6566162109375,True,1.3544833660125732,7.319141387939453,1.3519519567489624,7.316523551940918
3914,100.352251335,26,1385.4842529296875,True,1.5104386806488037,7.581658840179443,1.5035665035247803,7.577477931976318
3914,100.352251335,27,1393.3118896484375,True,1.5943418741226196,7.860541343688965,1.5873816013336182,7.856097221374512
3914,100.352251335,28,1401.139404296875,True,1.6141003370285034,8.181894302368164,1.6088926792144775,8.18624210357666
3914,100.352251335,29,1408.967041015625,True,1.6464946269989014,8.455159187316895,1.643113613128662,8.477852821350098
3914,100.352251335,30,1416.794677734375,True,1.6775153875350952,8.45508098602295,1.6753103733062744,8.473360061645508
3914,100.352251335,31,1424.6221923828125,True,1.6663217544555664,8.446335792541504,1.6653101444244385,8.455020904541016
3914,100.352251335,32,1432.4498291015625,True,1.6400864124298096,8.475892066955566,1.6429957151412964,8.484310150146484
3914,100.352251335,33,1440.2774658203125,True,1.7105320692062378,8.649312973022461,1.710450291633606,8.657340049743652
3914,100.352251335,34,1448.10498046875,True,1.8525736331939697,8.867633819580078,1.8480910062789917,8.87528133392334
3914,100.352251335,35,1455.9326171875,True,1.9391067028045654,9.10716438293457,1.9340935945510864,9.11181640625
3914,100.352251335,36,1463.76025390625,True,1.9637949466705322,9.444360733032227,1.9601444005966187,9.458829879760742
3914,100.352251335,37,1471.5877685546875,True,1.9966336488723755,9.704216957092285,1.9947841167449951,9.73702621459961
3914,100.352251335,38,1479.4154052734375,True,2.031644582748413,9.725759506225586,2.0312681198120117,9.754014015197754
3914,100.352251335,39,1487.2430419921875,True,2.0296943187713623,9.731075286865234,2.030411720275879,9.745495796203613
3914,100.352251335,40,1495.070556640625,True,2.016294479370117,9.775851249694824,2.0202181339263916,9.789437294006348
3914,100.352251335,41,1502.898193359375,True,2.0744619369506836,9.905261039733887,2.076152801513672,9.921627044677734
3914,100.352251335,42,1510.7257080078125,True,2.205263614654541,10.109457015991211,2.2026236057281494,10.126276016235352
3914,100.352251335,43,1518.5533447265625,True,2.2955431938171387,10.332887649536133,2.2920103073120117,10.345287322998047
3914,100.352251335,44,1526.3809814453125,True,2.326491594314575,10.691014289855957,2.3239846229553223,10.712942123413086
3914,100.352251335,45,1534.20849609375,True,2.361664295196533,10.92700481414795,2.3609001636505127,10.967391014099121
3914,100.352251335,46,1542.0361328125,True,2.4003100395202637,10.951204299926758,2.4011826515197754,10.987710952758789
3914,100.352251335,47,1549.86376953125,True,2.404798984527588,10.975152015686035,2.406669855117798,10.994963645935059
3914,100.352251335,48,1557.6912841796875,True,2.4000091552734375,11.039156913757324,2.404552936553955,11.057188034057617
3922,100.352251335,1,1252.4151611328125,True,0.49936026334762573,2.4328083992004395,0.4799714684486389,2.382030963897705
3922,100.352251335,2,1260.2427978515625,True,0.7055398225784302,3.536229133605957,0.6870397925376892,3.4804389476776123
3922,100.352251335,3,1268.0703125,True,0.7743536233901978,4.112321376800537,0.7587659358978271,4.077550888061523
3922,100.352251335,4,1275.89794921875,True,0.7656533122062683,4.216331958770752,0.7525436282157898,4.166584491729736
3922,100.352251335,5,1283.7254638671875,True,0.7797740697860718,4.334915637969971,0.7683207988739014,4.287841320037842
3922,100.352251335,6,1291.5531005859375,True,0.7668060064315796,3.927443504333496,0.7532517313957214,3.8863348960876465
3922,100.352251335,7,1299.3807373046875,True,0.6626263856887817,3.554872751235962,0.6490855813026428,3.5447983741760254
3922,100.352251335,8,1307.208251953125,True,0.5113686323165894,3.3060665130615234,0.5064131021499634,3.3031582832336426
3922,100.352251335,9,1315.035888671875,True,0.6927921772003174,4.017538547515869,0.6813775300979614,3.9856505393981934
3922,100.352251335,10,1322.863525390625,True,0.8921130299568176,4.653721809387207,0.8779215812683105,4.61821985244751
3922,100.352251335,11,1330.6910400390625,True,0.9768797755241394,5.159221172332764,0.9639697074890137,5.131555557250977
3922,100.352251335,12,1338.5186767578125,True,0.9849452376365662,5.437988758087158,0.9745795130729675,5.4115166664123535
3922,100.352251335,13,1346.3463134765625,True,1.0130149126052856,5.677852153778076,1.0041828155517578,5.666826248168945
3922,100.352251335,14,1354.173828125,True,1.026695728302002,5.563706398010254,1.0176937580108643,5.55427360534668
3922,100.352251335,15,1362.00146484375,True,0.9739970564842224,5.481942176818848,0.9661614894866943,5.478715896606445
3922,100.352251335,16,1369.8291015625,True,0.8933851718902588,5.4387030601501465,0.8922927975654602,5.436233997344971
3922,100.352251335,17,1377.6566162109375,True,1.0106996297836304,5.805712699890137,1.0046874284744263,5.789860248565674
3922,100.352251335,18,1385.4842529296875,True,1.1854326725006104,6.194565296173096,1.175361156463623,6.176868438720703
3922,100.352251335,19,1393.3118896484375,True,1.2732304334640503,6.5439677238464355,1.263481855392456,6.529050827026367
3922,100.352251335,20,1401.139404296875,True,1.2884279489517212,6.857752799987793,1.2806891202926636,6.84885311126709
3922,100.352251335,21,1408.967041015625,True,1.317484736442566,7.1221137046813965,1.3115379810333252,7.1308770179748535
3922,100.352251335,22,1416.794677734375,True,1.3427660465240479,7.101934432983398,1.3376343250274658,7.109699249267578
3922,100.352251335,23,1424.6221923828125,True,1.3169337511062622,7.070588111877441,1.3131062984466553,7.073803424835205
3922,100.352251335,24,1432.4498291015625,True,1.2708141803741455,7.083696365356445,1.2721120119094849,7.086834907531738
3922,100.352251335,25,1440.2774658203125,True,1.3576399087905884,7.311298847198486,1.3551907539367676,7.308431148529053
3922,100.352251335,26,1448.10498046875,True,1.512854814529419,7.588543891906738,1.5059796571731567,7.585263252258301
3922,100.352251335,27,1455.9326171875,True,1.6023292541503906,7.851853847503662,1.595186471939087,7.847553253173828
3922,100.352251335,28,1463.76025390625,True,1.6228082180023193,8.182076454162598,1.6172521114349365,8.186211585998535
3922,100.352251335,29,1471.5877685546875,True,1.6518222093582153,8.447671890258789,1.6480499505996704,8.469866752624512
3922,100.352251335,30,1479.4154052734375,True,1.6830964088439941,8.46761417388916,1.68060302734375,8.487569808959961
3922,100.352251335,31,1487.2430419921875,True,1.672240138053894,8.457547187805176,1.6709508895874023,8.46671199798584
3922,100.352251335,32,1495.070556640625,True,1.6456143856048584,8.492719650268555,1.648413062095642,8.501354217529297
3922,100.352251335,33,1502.898193359375,True,1.714611291885376,8.646206855773926,1.714611291885376,8.65364933013916
3922,100.352251335,34,1510.7257080078125,True,1.855159878730774,8.873610496520996,1.8506852388381958,8.881370544433594
3922,100.352251335,35,1518.5533447265625,True,1.9470434188842773,9.094504356384277,1.9418680667877197,9.099447250366211
3922,100.352251335,36,1526.3809814453125,True,1.9733136892318726,9.446632385253906,1.9693357944488525,9.460289001464844
3922,100.352251335,37,1534.20849609375,True,2.003476619720459,9.699110984802246,2.0012242794036865,9.730905532836914
3922,100.352251335,38,1542.0361328125,True,2.0388026237487793,9.734317779541016,2.038092613220215,9.763872146606445
3922,100.352251335,39,1549.86376953125,True,2.0372862815856934,9.740567207336426,2.03769850730896,9.755575180053711
3922,100.352251335,40,1557.6912841796875,True,2.023029088973999,9.79421615600586,2.026803493499756,9.80795955657959
3922,100.352251335,41,1565.5189208984375,True,2.0799765586853027,9.909148216247559,2.0817272663116455,9.92462158203125
3922,100.352251335,42,1573.3465576171875,True,2.2086353302001953,10.1218843460083,2.2060048580169678,10.138628959655762
3922,100.352251335,43,1581.174072265625,True,2.30399227142334,10.331402778625488,2.300297260284424,10.343552589416504
3922,100.352251335,44,1589.001708984375,True,2.3372347354888916,10.69403076171875,2.334394693374634,10.714849472045898
3922,100.352251335,45,1596.829345703125,True,2.3704349994659424,10.924605369567871,2.3692476749420166,10.963691711425781
3922,100.352251335,46,1604.6568603515625,True,2.409543991088867,10.967917442321777,2.4100418090820312,11.005638122558594
3922,100.352251335,47,1612.4844970703125,True,2.4146766662597656,10.98538589477539,2.416215181350708,11.005961418151855
3922,100.352251335,48,1620.3121337890625,True,2.4087507724761963,11.058748245239258,2.4130911827087402,11.076851844787598
3938,100.352251335,1,1377.6566162109375,True,0.4982604682445526,2.4503941535949707,0.47894287109375,2.400362968444824
3938,100.352251335,2,1385.4842529296875,True,0.7073827385902405,3.5805015563964844,0.688920795917511,3.5280532836914062
3938,100.352251335,3,1393.3118896484375,True,0.7864117622375488,4.107494831085205,0.770565927028656,4.0809526443481445
3938,100.352251335,4,1401.139404296875,True,0.7753461599349976,4.2605156898498535,0.7617717385292053,4.219820976257324
3938,100.352251335,5,1408.967041015625,True,0.7796944975852966,4.382293224334717,0.7679256796836853,4.337587356567383
3938,100.352251335,6,1416.794677734375,True,0.7673629522323608,4.0279364585876465,0.7537686228752136,3.988234758377075
3938,100.352251335,7,1424.6221923828125,True,0.663329541683197,3.542844295501709,0.6497134566307068,3.531137466430664
3938,100.352251335,8,1432.4498291015625,True,0.5153729915618896,3.3250932693481445,0.5101877450942993,3.325259208679199
3938,100.352251335,9,1440.2774658203125,True,0.6908842325210571,3.99397349357605,0.6796243190765381,3.9627020359039307
3938,100.352251335,10,1448.10498046875,True,0.8910505175590515,4.664968013763428,0.8770354986190796,4.632383346557617
3938,100.352251335,11,1455.9326171875,True,0.9871943593025208,5.120187282562256,0.9740594625473022,5.095654010772705
3938,100.352251335,12,1463.76025390625,True,0.9953676462173462,5.456869602203369,0.984481930732727,5.432982444763184
3938,100.352251335,13,1471.5877685546875,True,1.0140588283538818,5.692086219787598,1.0047671794891357,5.680570602416992
3938,100.352251335,14,1479.4154052734375,True,1.0281753540039062,5.621593952178955,1.0189577341079712,5.615248680114746
3938,100.352251335,15,1487.2430419921875,True,0.9766207933425903,5.482542991638184,0.9685368537902832,5.479945182800293
3938,100.352251335,16,1495.070556640625,True,0.8973714113235474,5.4611077308654785,0.8961347937583923,5.460842132568359
3938,100.352251335,17,1502.898193359375,True,1.0097535848617554,5.792529582977295,1.0039842128753662,5.777105808258057
3938,100.352251335,18,1510.7257080078125,True,1.1828900575637817,6.204591274261475,1.173012137413025,6.188669681549072
3938,100.352251335,19,1518.5533447265625,True,1.2818496227264404,6.506700038909912,1.2719403505325317,6.4932780265808105
3938,100.352251335,20,1526.3809814453125,True,1.2992264032363892,6.862893581390381,1.2910048961639404,6.854321002960205
3938,100.352251335,21,1534.20849609375,True,1.3203320503234863,7.123078346252441,1.3138586282730103,7.130409240722656
3938,100.352251335,22,1542.0361328125,True,1.3457196950912476,7.143219470977783,1.3402459621429443,7.1541428565979
3938,100.352251335,23,1549.86376953125,True,1.3212168216705322,7.076413154602051,1.3170806169509888,7.081204414367676
3938,100.352251335,24,1557.6912841796875,True,1.2749775648117065,7.1057329177856445,1.2761549949645996,7.110651016235352
3938,100.352251335,25,1565.5189208984375,True,1.358081340789795,7.3041558265686035,1.3559010028839111,7.301355838775635
3938,100.352251335,26,1573.3465576171875,True,1.5100231170654297,7.606081008911133,1.5033656358718872,7.604066848754883
3938,100.352251335,27,1581.174072265625,True,1.6099821329116821,7.8194098472595215,1.6027188301086426,7.816624641418457
3938,100.352251335,28,1589.001708984375,True,1.6342166662216187,8.181169509887695,1.628209114074707,8.18482780456543
3938,100.352251335,29,1596.829345703125,True,1.6565749645233154,8.443305969238281,1.652245044708252,8.463619232177734
3938,100.352251335,30,1604.6568603515625,True,1.6877474784851074,8.5068998336792,1.6848212480545044,8.530145645141602
3938,100.352251335,31,1612.4844970703125,True,1.6783826351165771,8.464093208312988,1.676744818687439,8.475689888000488
3938,100.352251335,32,1620.3121337890625,True,1.6505893468856812,8.512421607971191,1.6532398462295532,8.522835731506348
3938,100.352251335,33,1628.1396484375,True,1.7167335748672485,8.644866943359375,1.7169933319091797,8.652441024780273
3938,100.352251335,34,1635.96728515625,True,1.8528302907943726,8.892849922180176,1.8485705852508545,8.901731491088867
3938,100.352251335,35,1643.794921875,True,1.954376459121704,9.074764251708984,1.9490857124328613,9.08116340637207
3938,100.352251335,36,1651.6224365234375,True,1.9855769872665405,9.453202247619629,1.9811508655548096,9.466850280761719
3938,100.352251335,37,1659.4500732421875,True,2.0103025436401367,9.693188667297363,2.0074496269226074,9.723254203796387
3938,100.352251335,38,1667.2777099609375,True,2.045515298843384,9.771726608276367,2.044297456741333,9.80466079711914
3938,100.352251335,39,1675.105224609375,True,2.0457987785339355,9.752320289611816,2.0458014011383057,9.770285606384277
3938,100.352251335,40,1682.932861328125,True,2.0297157764434814,9.829267501831055,2.0332744121551514,9.843896865844727
3938,100.352251335,41,1690.760498046875,True,2.0842490196228027,9.91690731048584,2.0862395763397217,9.932686805725098
3938,100.352251335,42,1698.5880126953125,True,2.2074575424194336,10.138845443725586,2.205028533935547,10.156408309936523
3938,100.352251335,43,1706.4156494140625,True,2.311565637588501,10.323981285095215,2.307746410369873,10.337654113769531
3938,100.352251335,44,1714.2432861328125,True,2.3508191108703613,10.69418716430664,2.34753155708313,10.71318244934082
3938,100.352251335,45,1722.07080078125,True,2.380128860473633,10.931360244750977,2.3782947063446045,10.968801498413086
3938,100.352251335,46,1729.8984375,True,2.419499158859253,10.998597145080566,2.419414758682251,11.039478302001953
3938,100.352251335,47,1737.7259521484375,True,2.426926374435425,11.004179000854492,2.4279584884643555,11.027732849121094
3938,100.352251335,48,1745.5535888671875,True,2.41894793510437,11.102500915527344,2.4229726791381836,11.121325492858887
3954,100.352251335,1,1502.898193359375,True,0.49609872698783875,2.424912214279175,0.47706812620162964,2.3756375312805176
3954,100.352251335,2,1510.7257080078125,True,0.7061485052108765,3.613306999206543,0.6880037784576416,3.5627615451812744
3954,100.352251335,3,1518.5533447265625,True,0.7949186563491821,4.063114166259766,0.7789966464042664,4.039027690887451
3954,100.352251335,4,1526.3809814453125,True,0.7864174246788025,4.288409233093262,0.7724876403808594,4.254745006561279
3954,100.352251335,5,1534.20849609375,True,0.779535174369812,4.401085376739502,0.7674925327301025,4.356895446777344
3954,100.352251335,6,1542.0361328125,True,0.7666147351264954,4.126125812530518,0.7529402375221252,4.086917400360107
3954,100.352251335,7,1549.86376953125,True,0.6631253957748413,3.538999319076538,0.6495070457458496,3.524350643157959
3954,100.352251335,8,1557.6912841796875,True,0.5182582139968872,3.3370606899261475,0.5128464698791504,3.3397138118743896
3954,100.352251335,9,1565.5189208984375,True,0.6879380345344543,3.968825578689575,0.6768367290496826,3.9386582374572754
3954,100.352251335,10,1573.3465576171875,True,0.8864482641220093,4.679317951202393,0.8727438449859619,4.648566722869873
3954,100.352251335,11,1581.174072265625,True,0.9933139085769653,5.062069892883301,0.9800984263420105,5.040719032287598
3954,100.352251335,12,1589.001708984375,True,1.0057059526443481,5.463595867156982,0.994372546672821,5.442529201507568
3954,100.352251335,13,1596.829345703125,True,1.0143672227859497,5.697629451751709,1.004677414894104,5.684431076049805
3954,100.352251335,14,1604.6568603515625,True,1.0274995565414429,5.689301013946533,1.0180318355560303,5.685197353363037
3954,100.352251335,15,1612.4844970703125,True,0.9777563810348511,5.481389045715332,0.9695018529891968,5.480490684509277
3954,100.352251335,16,1620.3121337890625,True,0.8996109366416931,5.477718353271484,0.898199737071991,5.480436325073242
3954,100.352251335,17,1628.1396484375,True,1.0075767040252686,5.785126686096191,1.0020185708999634,5.771028995513916
3954,100.352251335,18,1635.96728515625,True,1.1769728660583496,6.225110054016113,1.167382001876831,6.210948467254639
3954,100.352251335,19,1643.794921875,True,1.2861446142196655,6.47197151184082,1.2761815786361694,6.461347579956055
3954,100.352251335,20,1651.6224365234375,True,1.3090509176254272,6.869337558746338,1.3003798723220825,6.863202095031738
3954,100.352251335,21,1659.4500732421875,True,1.3219906091690063,7.119297981262207,1.3150098323822021,7.12492561340332
3954,100.352251335,22,1667.2777099609375,True,1.3459075689315796,7.197294235229492,1.3400522470474243,7.211197853088379
3954,100.352251335,23,1675.105224609375,True,1.323555827140808,7.08402156829834,1.3191416263580322,7.091760635375977
3954,100.352251335,24,1682.932861328125,True,1.2766412496566772,7.129772186279297,1.2776310443878174,7.136532783508301
3954,100.352251335,25,1690.760498046875,True,1.3563748598098755,7.304950714111328,1.3544495105743408,7.303608417510986
3954,100.352251335,26,1698.5880126953125,True,1.5034810304641724,7.621731758117676,1.4970959424972534,7.620877265930176
3954,100.352251335,27,1706.4156494140625,True,1.6126772165298462,7.799158096313477,1.6053749322891235,7.798781394958496
3954,100.352251335,28,1714.2432861328125,True,1.6431686878204346,8.168453216552734,1.6367422342300415,8.171300888061523
3954,100.352251335,29,1722.07080078125,True,1.659191370010376,8.437671661376953,1.6543043851852417,8.456356048583984
3954,100.352251335,30,1729.8984375,True,1.688851237297058,8.545530319213867,1.6854398250579834,8.571640968322754
3954,100.352251335,31,1737.7259521484375,True,1.681911587715149,8.473697662353516,1.6798834800720215,8.488280296325684
3954,100.352251335,32,1745.5535888671875,True,1.6525499820709229,8.537188529968262,1.6549633741378784,8.548937797546387
3954,100.352251335,33,1753.3812255859375,True,1.7158169746398926,8.653761863708496,1.7163468599319458,8.662245750427246
3954,100.352251335,34,1761.208740234375,True,1.8463456630706787,8.908658981323242,1.8423653841018677,8.9180908203125
3954,100.352251335,35,1769.036376953125,True,1.9559582471847534,9.058831214904785,1.9506443738937378,9.066457748413086
3954,100.352251335,36,1776.864013671875,True,1.9944591522216797,9.428529739379883,1.9896377325057983,9.439841270446777
3954,100.352251335,37,1784.6915283203125,True,2.014481544494629,9.696693420410156,2.011047840118408,9.7244873046875
3954,100.352251335,38,1792.5191650390625,True,2.048429489135742,9.806042671203613,2.0466511249542236,9.841399192810059
3954,100.352251335,39,1800.3468017578125,True,2.051511287689209,9.75995922088623,2.0510447025299072,9.78066635131836
3954,100.352251335,40,1808.17431640625,True,2.033418655395508,9.849117279052734,2.036675214767456,9.865198135375977
3954,100.352251335,41,1816.001953125,True,2.085484504699707,9.932677268981934,2.087719440460205,9.948705673217773
3954,100.352251335,42,1823.82958984375,True,2.2025482654571533,10.157712936401367,2.2003934383392334,10.175325393676758
3954,100.352251335,43,1831.6571044921875,True,2.313340425491333,10.316211700439453,2.309502363204956,10.330326080322266
3954,100.352251335,44,1839.4847412109375,True,2.360729932785034,10.684864044189453,2.3570516109466553,10.702247619628906
3954,100.352251335,45,1847.3123779296875,True,2.386613607406616,10.945202827453613,2.3841934204101562,10.979941368103027
3954,100.352251335,46,1855.139892578125,True,2.425044059753418,11.039350509643555,2.424363851547241,11.082229614257812
3954,100.352251335,47,1862.967529296875,True,2.4357450008392334,11.022647857666016,2.4362869262695312,11.048868179321289
3954,100.352251335,48,1870.795166015625,True,2.4256279468536377,11.132469177246094,2.42929744720459,11.15241813659668
3970,100.352251335,1,1628.1396484375,True,0.49359509348869324,2.3790979385375977,0.47474467754364014,2.330716848373413
3970,100.352251335,2,1635.96728515625,True,0.7032257318496704,3.6599583625793457,0.6854187846183777,3.611015558242798
3970,100.352251335,3,1643.794921875,True,0.8005229830741882,4.02623987197876,0.7845605611801147,4.005268096923828
3970,100.352251335,4,1651.6224365234375,True,0.7991735935211182,4.3194966316223145,0.7848204374313354,4.295831203460693
3970,100.352251335,5,1659.4500732421875,True,0.780860960483551,4.399200439453125,0.7684453129768372,4.355587005615234
3970,100.352251335,6,1667.2777099609375,True,0.7651981711387634,4.217321872711182,0.7512809634208679,4.177970886230469
3970,100.352251335,7,1675.105224609375,True,0.6626768112182617,3.549203634262085,0.6490342617034912,3.531432628631592
3970,100.352251335,8,1682.932861328125,True,0.5203091502189636,3.353567123413086,0.514645516872406,3.3565540313720703
3970,100.352251335,9,1690.760498046875,True,0.6845680475234985,3.946552038192749,0.6735690832138062,3.9183013439178467
3970,100.352251335,10,1698.5880126953125,True,0.8795981407165527,4.683836460113525,0.8661750555038452,4.653437614440918
3970,100.352251335,11,1706.4156494140625,True,0.9959123134613037,5.019016742706299,0.9826894998550415,5.000176429748535
3970,100.352251335,12,1714.2432861328125,True,1.0158718824386597,5.45197868347168,1.0040619373321533,5.431540489196777
3970,100.352251335,13,1722.07080078125,True,1.015114665031433,5.689659118652344,1.004903793334961,5.6747894287109375
3970,100.352251335,14,1729.8984375,True,1.0252503156661987,5.7426676750183105,1.0153518915176392,5.739479064941406
3970,100.352251335,15,1737.7259521484375,True,0.9776753187179565,5.486982345581055,0.9691554307937622,5.486605167388916
3970,100.352251335,16,1745.5535888671875,True,0.8997732996940613,5.494159698486328,0.8981260657310486,5.497803211212158
3970,100.352251335,17,1753.3812255859375,True,1.003443717956543,5.781004905700684,0.9980971813201904,5.768634796142578
3970,100.352251335,18,1761.208740234375,True,1.1677604913711548,6.234716415405273,1.1584711074829102,6.22084379196167
3970,100.352251335,19,1769.036376953125,True,1.2856248617172241,6.439357280731201,1.2757073640823364,6.429991245269775
3970,100.352251335,20,1776.864013671875,True,1.3168632984161377,6.838070392608643,1.3077678680419922,6.829892158508301
3970,100.352251335,21,1784.6915283203125,True,1.3229056596755981,7.111590385437012,1.3153529167175293,7.114717960357666
3970,100.352251335,22,1792.5191650390625,True,1.3438668251037598,7.2349042892456055,1.3374736309051514,7.250136852264404
3970,100.352251335,23,1800.3468017578125,True,1.3240638971328735,7.0882649421691895,1.319277048110962,7.0976667404174805
3970,100.352251335,24,1808.17431640625,True,1.2764781713485718,7.142444133758545,1.2772152423858643,7.150790214538574
3970,100.352251335,25,1816.001953125,True,1.352744698524475,7.308372974395752,1.3510812520980835,7.308377265930176
3970,100.352251335,26,1823.82958984375,True,1.4941027164459229,7.632205486297607,1.4880388975143433,7.631699562072754
3970,100.352251335,27,1831.6571044921875,True,1.6106568574905396,7.780733108520508,1.6034221649169922,7.78124475479126
3970,100.352251335,28,1839.4847412109375,True,1.6506092548370361,8.145750045776367,1.6437994241714478,8.147987365722656
3970,100.352251335,29,1847.3123779296875,True,1.6615798473358154,8.432798385620117,1.656139612197876,8.448884010314941
3970,100.352251335,30,1855.139892578125,True,1.6884115934371948,8.579392433166504,1.6844375133514404,8.607185363769531
3970,100.352251335,31,1862.967529296875,True,1.68434476852417,8.4879789352417,1.6819218397140503,8.505125045776367
3970,100.352251335,32,1870.795166015625,True,1.6536719799041748,8.558884620666504,1.6558136940002441,8.572251319885254
3970,100.352251335,33,1878.6226806640625,True,1.7140824794769287,8.667744636535645,1.714879035949707,8.67732048034668
3970,100.352251335,34,1886.4503173828125,True,1.8386093378067017,8.920634269714355,1.8349330425262451,8.9307222366333
3970,100.352251335,35,1894.2779541015625,True,1.954050898551941,9.060898780822754,1.9488062858581543,9.069722175598145
3970,100.352251335,36,1902.10546875,True,2.002466917037964,9.411103248596191,1.9973028898239136,9.42175006866455
3970,100.352251335,37,1909.93310546875,True,2.0190396308898926,9.701637268066406,2.015068531036377,9.727023124694824
3970,100.352251335,38,1917.7607421875,True,2.0504791736602783,9.842159271240234,2.048123359680176,9.879268646240234
3970,100.352251335,39,1925.5882568359375,True,2.0567731857299805,9.784354209899902,2.0558927059173584,9.808259010314941
3970,100.352251335,40,1933.4158935546875,True,2.0369908809661865,9.874693870544434,2.039940595626831,9.89269733428955
3970,100.352251335,41,1941.2435302734375,True,2.0865283012390137,9.966423034667969,2.089006185531616,9.983288764953613
3970,100.352251335,42,1949.071044921875,True,2.197465181350708,10.178945541381836,2.1955859661102295,10.197036743164062
3970,100.352251335,43,1956.898681640625,True,2.3122076988220215,10.329821586608887,2.308418035507202,10.345669746398926
3970,100.352251335,44,1964.726318359375,True,2.3694679737091064,10.675856590270996,2.3654627799987793,10.692625045776367
3970,100.352251335,45,1972.5538330078125,True,2.3930461406707764,10.964970588684082,2.3900890350341797,10.997320175170898
3970,100.352251335,46,1980.3814697265625,True,2.429348945617676,11.082221984863281,2.4280683994293213,11.12657642364502
3970,100.352251335,47,1988.208984375,True,2.4431045055389404,11.049589157104492,2.4432289600372314,11.079673767089844
3970,100.352251335,48,1996.03662109375,True,2.431114673614502,11.160555839538574,2.4344482421875,11.182347297668457
7258,149.059229449,1,527.073486328125,True,0.6324058771133423,3.3007781505584717,0.6182586550712585,3.2550876140594482
7258,149.059229449,2,531.9537963867188,True,0.8829491138458252,5.449557304382324,0.8718992471694946,5.342592716217041
7258,149.059229449,3,536.8341064453125,True,0.9685296416282654,6.854063034057617,0.962273895740509,6.7101826667785645
7258,149.059229449,4,541.7144165039062,True,0.9910472631454468,7.370947360992432,0.9821878671646118,7.228274822235107
7258,149.059229449,5,546.5947265625,True,1.0475502014160156,7.077296733856201,1.0335067510604858,6.962681770324707
7258,149.059229449,6,551.4750366210938,True,1.115622878074646,6.202622890472412,1.097013235092163,6.114820957183838
7258,149.059229449,7,556.3553466796875,True,1.0983673334121704,5.315771102905273,1.08208429813385,5.250566482543945
7258,149.059229449,8,561.2356567382812,True,1.0793224573135376,4.5297675132751465,1.0670616626739502,4.485871315002441
7258,149.059229449,9,566.115966796875,True,1.2298400402069092,4.785608291625977,1.2134664058685303,4.740164279937744
7258,149.059229449,10,570.9962768554688,True,1.3691145181655884,5.6329240798950195,1.357757568359375,5.555988311767578
7258,149.059229449,11,575.8765869140625,True,1.4384211301803589,6.451405048370361,1.4340581893920898,6.357320308685303
7258,149.059229449,12,580.7568969726562,True,1.4218273162841797,6.621766090393066,1.416079044342041,6.5307698249816895
7258,149.059229449,13,585.63720703125,True,1.4177019596099854,6.3328094482421875,1.4078960418701172,6.255392074584961
7258,149.059229449,14,590.5175170898438,True,1.449544906616211,5.9792256355285645,1.434980869293213,5.916996002197266
7258,149.059229449,15,595.3978271484375,True,1.4306954145431519,5.772177696228027,1.418503761291504,5.724642276763916
7258,149.059229449,16,600.2781372070312,True,1.4097468852996826,5.499200344085693,1.3965460062026978,5.460295677185059
7258,149.059229449,17,605.158447265625,True,1.4638876914978027,5.48944616317749,1.4482543468475342,5.437216281890869
7258,149.059229449,18,610.0387573242188,True,1.5518841743469238,5.984400272369385,1.5419702529907227,5.907076835632324
7258,149.059229449,19,614.9190673828125,True,1.6081156730651855,6.474984645843506,1.603193759918213,6.393245697021484
7258,149.059229449,20,619.7993774414062,True,1.634549856185913,6.3486151695251465,1.6265839338302612,6.272307872772217
7258,149.059229449,21,624.6796875,True,1.6594949960708618,6.005183696746826,1.6488579511642456,5.934415340423584
7258,149.059229449,22,629.5599975585938,True,1.7003039121627808,6.065221309661865,1.6854742765426636,6.006671905517578
7258,149.059229449,23,634.4403076171875,True,1.6878187656402588,6.271257400512695,1.6744574308395386,6.2320404052734375
7258,149.059229449,24,639.3206176757812,True,1.6908652782440186,6.280383586883545,1.6737127304077148,6.246395111083984
7258,149.059229449,25,644.200927734375,True,1.7255045175552368,6.320766448974609,1.709621787071228,6.265983581542969
7258,149.059229449,26,649.0812377929688,True,1.8184797763824463,6.810253143310547,1.8083816766738892,6.738902568817139
7258,149.059229449,27,653.9615478515625,True,1.9137332439422607,7.0037713050842285,1.9058579206466675,6.934292793273926
7258,149.059229449,28,658.8418579101562,True,2.0135421752929688,6.730836868286133,2.0031936168670654,6.6674604415893555
7258,149.059229449,29,663.72216796875,True,2.0774154663085938,6.541132926940918,2.0657472610473633,6.480051040649414
7258,149.059229449,30,668.6024780273438,True,2.1245174407958984,6.941782474517822,2.1092028617858887,6.89328145980835
7258,149.059229449,31,673.4827880859375,True,2.119274616241455,7.363583087921143,2.103849411010742,7.3310866355896
7258,149.059229449,32,678.3630981445312,True,2.1231689453125,7.558309078216553,2.104048252105713,7.526449680328369
7258,149.059229449,33,683.243408203125,True,2.165435552597046,7.688357830047607,2.150441884994507,7.634732246398926
7258,149.059229449,34,688.1237182617188,True,2.2789995670318604,8.15142822265625,2.2681162357330322,8.087446212768555
7258,149.059229449,35,693.0040283203125,True,2.4235169887542725,8.092757225036621,2.4123716354370117,8.031587600708008
7258,149.059229449,36,697.8843383789062,True,2.549567699432373,7.856379985809326,2.537275552749634,7.796622276306152
7258,149.059229449,37,702.7646484375,True,2.62890362739563,7.843172550201416,2.6153316497802734,7.782247543334961
7258,149.059229449,38,707.6449584960938,True,2.6671040058135986,8.443845748901367,2.650665521621704,8.396745681762695
7258,149.059229449,39,712.5252685546875,True,2.6551167964935303,8.936212539672852,2.6368255615234375,8.905549049377441
7258,149.059229449,40,717.4055786132812,True,2.648510456085205,9.23393440246582,2.628418445587158,9.2012357711792
7258,149.059229449,41,722.285888671875,True,2.7164111137390137,9.377593040466309,2.7015256881713867,9.322111129760742
7258,149.059229449,42,727.1661987304688,True,2.847896099090576,9.757352828979492,2.835510015487671,9.69660758972168
7258,149.059229449,43,732.0465087890625,True,3.0219337940216064,9.545027732849121,3.0080652236938477,9.48796558380127
7258,149.059229449,44,736.9268188476562,True,3.1376519203186035,9.399327278137207,3.1240251064300537,9.341737747192383
7258,149.059229449,45,741.80712890625,True,3.2200324535369873,9.521639823913574,3.2043163776397705,9.464617729187012
7258,149.059229449,46,746.6874389648438,True,3.2436091899871826,10.22598934173584,3.22599196434021,10.18401050567627
7258,149.059229449,47,751.5677490234375,True,3.2182905673980713,10.7814359664917,3.197558641433716,10.75182819366455
7258,149.059229449,48,756.4480590820312,True,3.2091219425201416,11.03841495513916,3.1885225772857666,11.001251220703125
7266,149.059229449,1,566.115966796875,True,0.5479499697685242,2.6136560440063477,0.5287959575653076,2.6169638633728027
7266,149.059229449,2,570.9962768554688,True,0.7683019638061523,3.987720489501953,0.7536162734031677,3.9414315223693848
7266,149.059229449,3,575.8765869140625,True,0.8236811757087708,4.8773369789123535,0.8150915503501892,4.780303955078125
7266,149.059229449,4,580.7568969726562,True,0.8564483523368835,5.221229553222656,0.8487289547920227,5.113319396972656
7266,149.059229449,5,585.63720703125,True,0.898413896560669,4.996287822723389,0.8884114027023315,4.92524528503418
7266,149.059229449,6,590.5175170898438,True,0.9272541999816895,4.437106609344482,0.9137492775917053,4.408059120178223
7266,149.059229449,7,595.3978271484375,True,0.8492251634597778,3.921121835708618,0.8375187516212463,3.9106507301330566
7266,149.059229449,8,600.2781372070312,True,0.7885341644287109,3.4898698329925537,0.7799772620201111,3.4688525199890137
7266,149.059229449,9,605.158447265625,True,0.9190608859062195,3.747886896133423,0.9030290842056274,3.7217140197753906
7266,149.059229449,10,610.0387573242188,True,1.0381555557250977,4.295409679412842,1.026726484298706,4.252176761627197
7266,149.059229449,11,614.9190673828125,True,1.1028798818588257,4.805787563323975,1.098435640335083,4.7552289962768555
7266,149.059229449,12,619.7993774414062,True,1.158658504486084,4.821970462799072,1.1536282300949097,4.76106071472168
7266,149.059229449,13,624.6796875,True,1.1982536315917969,4.62310791015625,1.1914247274398804,4.57926082611084
7266,149.059229449,14,629.5599975585938,True,1.2212244272232056,4.624751567840576,1.2100930213928223,4.602994441986084
7266,149.059229449,15,634.4403076171875,True,1.1710865497589111,4.714906215667725,1.16163969039917,4.706249713897705
7266,149.059229449,16,639.3206176757812,True,1.1695212125778198,4.659908294677734,1.15773606300354,4.6372456550598145
7266,149.059229449,17,644.200927734375,True,1.256787657737732,4.749424457550049,1.2417056560516357,4.711833477020264
7266,149.059229449,18,649.0812377929688,True,1.353602647781372,5.177648544311523,1.3436778783798218,5.134271621704102
7266,149.059229449,19,653.9615478515625,True,1.4330459833145142,5.388906955718994,1.4266462326049805,5.348081111907959
7266,149.059229449,20,658.8418579101562,True,1.530371904373169,5.236103057861328,1.522680640220642,5.189497470855713
7266,149.059229449,21,663.72216796875,True,1.5908952951431274,5.163610935211182,1.582659363746643,5.124156951904297
7266,149.059229449,22,668.6024780273438,True,1.620652198791504,5.497680187225342,1.6087031364440918,5.471664905548096
7266,149.059229449,23,673.4827880859375,True,1.5932072401046753,5.76892614364624,1.5823794603347778,5.7554402351379395
7266,149.059229449,24,678.3630981445312,True,1.6177644729614258,5.881504535675049,1.6028556823730469,5.856223106384277
7266,149.059229449,25,683.243408203125,True,1.6946548223495483,6.019223213195801,1.6806092262268066,5.9788432121276855
7266,149.059229449,26,688.1237182617188,True,1.7895100116729736,6.432506561279297,1.77949857711792,6.390076160430908
7266,149.059229449,27,693.0040283203125,True,1.898995041847229,6.4008660316467285,1.8896560668945312,6.362621307373047
7266,149.059229449,28,697.8843383789062,True,2.0089030265808105,6.282843112945557,1.999188780784607,6.235052108764648
7266,149.059229449,29,702.7646484375,True,2.077610492706299,6.354178428649902,2.06722092628479,6.306607246398926
7266,149.059229449,30,707.6449584960938,True,2.103984832763672,6.8386688232421875,2.090545654296875,6.805364608764648
7266,149.059229449,31,712.5252685546875,True,2.0847244262695312,7.1451544761657715,2.071284294128418,7.127769470214844
7266,149.059229449,32,717.4055786132812,True,2.1139028072357178,7.3788323402404785,2.0972073078155518,7.351316452026367
7266,149.059229449,33,722.285888671875,True,2.199738025665283,7.529959201812744,2.1860158443450928,7.486207008361816
7266,149.059229449,34,727.1661987304688,True,2.2984347343444824,7.871434688568115,2.2874670028686523,7.829557418823242
7266,149.059229449,35,732.0465087890625,True,2.4304869174957275,7.703248977661133,2.418625831604004,7.6640448570251465
7266,149.059229449,36,736.9268188476562,True,2.5266520977020264,7.683879852294922,2.515467643737793,7.635483741760254
7266,149.059229449,37,741.80712890625,True,2.597072124481201,7.86135721206665,2.58429217338562,7.813512325286865
7266,149.059229449,38,746.6874389648438,True,2.6155757904052734,8.401074409484863,2.6007885932922363,8.370711326599121
7266,149.059229449,39,751.5677490234375,True,2.598111152648926,8.7702054977417,2.5818495750427246,8.749067306518555
7266,149.059229449,40,756.4480590820312,True,2.6310276985168457,8.989561080932617,2.613060712814331,8.956414222717285
7266,149.059229449,41,761.328369140625,True,2.7368626594543457,9.154057502746582,2.72261905670166,9.106501579284668
7266,149.059229449,42,766.2086791992188,True,2.8453176021575928,9.391919136047363,2.8326056003570557,9.349337577819824
7266,149.059229449,43,771.0889892578125,True,2.9852054119110107,9.208742141723633,2.9711194038391113,9.16711139678955
7266,149.059229449,44,775.9692993164062,True,3.0670108795166016,9.249673843383789,3.054128885269165,9.198919296264648
7266,149.059229449,45,780.849609375,True,3.1390602588653564,9.549748420715332,3.1240053176879883,9.500528335571289
7266,149.059229449,46,785.7299194335938,True,3.146411895751953,10.094213485717773,3.130039691925049,10.061370849609375
7266,149.059229449,47,790.6102294921875,True,3.127561569213867,10.543596267700195,3.1089274883270264,10.518482208251953
7266,149.059229449,48,795.4905395507812,True,3.1748340129852295,10.665058135986328,3.1563174724578857,10.627464294433594
7282,149.059229449,1,644.200927734375,True,0.48442748188972473,1.856128454208374,0.45804885029792786,1.861055612564087
7282,149.059229449,2,649.0812377929688,True,0.6306278705596924,2.605759859085083,0.6098505854606628,2.605816602706909
7282,149.059229449,3,653.9615478515625,True,0.6615175008773804,3.0302255153656006,0.6469652056694031,3.0092904567718506
7282,149.059229449,4,658.8418579101562,True,0.7323482632637024,3.095310926437378,0.7194392085075378,3.047056198120117
7282,149.059229449,5,663.72216796875,True,0.7796141505241394,3.1320176124572754,0.7689370512962341,3.0887584686279297
7282,149.059229449,6,668.6024780273438,True,0.7504035234451294,3.0668506622314453,0.7364450097084045,3.0421504974365234
7282,149.059229449,7,673.4827880859375,True,0.6535152792930603,2.7770650386810303,0.6406299471855164,2.7881500720977783
7282,149.059229449,8,678.3630981445312,True,0.5958141088485718,2.5812783241271973,0.5851250886917114,2.5603461265563965
7282,149.059229449,9,683.243408203125,True,0.7789903879165649,2.940675735473633,0.7593578696250916,2.8913700580596924
7282,149.059229449,10,688.1237182617188,True,0.8720149993896484,3.415255546569824,0.8577088117599487,3.3847756385803223
7282,149.059229449,11,693.0040283203125,True,0.9344075918197632,3.535693407058716,0.9234554767608643,3.527167797088623
7282,149.059229449,12,697.8843383789062,True,1.0306326150894165,3.7174627780914307,1.0202103853225708,3.676081418991089
7282,149.059229449,13,702.7646484375,True,1.0785514116287231,3.8432159423828125,1.0685330629348755,3.795560359954834
7282,149.059229449,14,707.6449584960938,True,1.07855224609375,4.001176834106445,1.0652706623077393,3.9737324714660645
7282,149.059229449,15,712.5252685546875,True,1.0264939069747925,3.9301950931549072,1.0161212682724,3.9356842041015625
7282,149.059229449,16,717.4055786132812,True,1.0460498332977295,4.086301803588867,1.0335677862167358,4.051836967468262
7282,149.059229449,17,722.285888671875,True,1.180763840675354,4.274909973144531,1.1637238264083862,4.221668243408203
7282,149.059229449,18,727.1661987304688,True,1.2472420930862427,4.580472946166992,1.2345036268234253,4.548882484436035
7282,149.059229449,19,732.0465087890625,True,1.336397647857666,4.570168495178223,1.3240242004394531,4.552227020263672
7282,149.059229449,20,736.9268188476562,True,1.418630599975586,4.818400859832764,1.4071757793426514,4.7692999839782715
7282,149.059229449,21,741.80712890625,True,1.4627759456634521,4.957758903503418,1.4511842727661133,4.902540683746338
7282,149.059229449,22,746.6874389648438,True,1.4751334190368652,5.159554958343506,1.4610941410064697,5.132289409637451
7282,149.059229449,23,751.5677490234375,True,1.441301703453064,5.233776569366455,1.4301133155822754,5.230401515960693
7282,149.059229449,24,756.4480590820312,True,1.4914259910583496,5.443527698516846,1.4769625663757324,5.40226936340332
7282,149.059229449,25,761.328369140625,True,1.6111500263214111,5.607992649078369,1.5957305431365967,5.559460639953613
7282,149.059229449,26,766.2086791992188,True,1.6734428405761719,5.792290687561035,1.6608394384384155,5.76353120803833
7282,149.059229449,27,771.0889892578125,True,1.7763230800628662,5.791706085205078,1.763026237487793,5.770387172698975
7282,149.059229449,28,775.9692993164062,True,1.8380690813064575,6.05173397064209,1.826270341873169,6.004632472991943
7282,149.059229449,29,780.849609375,True,1.8859260082244873,6.258278846740723,1.873181939125061,6.2037434577941895
7282,149.059229449,30,785.7299194335938,True,1.899863362312317,6.47108268737793,1.8856303691864014,6.4438910484313965
7282,149.059229449,31,790.6102294921875,True,1.875733733177185,6.684794902801514,1.8634928464889526,6.669554233551025
7282,149.059229449,32,795.4905395507812,True,1.952409029006958,6.838773727416992,1.9367350339889526,6.795174598693848
7282,149.059229449,33,800.370849609375,True,2.0680763721466064,7.009105205535889,2.052799701690674,6.959542751312256
7282,149.059229449,34,805.2511596679688,True,2.141016960144043,7.095946311950684,2.126946210861206,7.0649566650390625
7282,149.059229449,35,810.1314697265625,True,2.243088483810425,7.200135231018066,2.2284295558929443,7.167366981506348
7282,149.059229449,36,815.0117797851562,True,2.291295051574707,7.42647123336792,2.278290271759033,7.369907379150391
7282,149.059229449,37,819.89208984375,True,2.3432629108428955,7.686727523803711,2.328822374343872,7.627626419067383
7282,149.059229449,38,824.7723999023438,True,2.3538641929626465,7.950010299682617,2.338932752609253,7.924026966094971
7282,149.059229449,39,829.6527099609375,True,2.3436145782470703,8.256669998168945,2.3294005393981934,8.232366561889648
7282,149.059229449,40,834.5330200195312,True,2.444716453552246,8.28485107421875,2.4278838634490967,8.234920501708984
7282,149.059229449,41,839.413330078125,True,2.5551443099975586,8.503190994262695,2.539383888244629,8.453742027282715
7282,149.059229449,42,844.2936401367188,True,2.6478047370910645,8.527275085449219,2.6321218013763428,8.494906425476074
7282,149.059229449,43,849.1739501953125,True,2.7345385551452637,8.72900676727295,2.7189383506774902,8.690853118896484
7282,149.059229449,44,854.0542602539062,True,2.7796196937561035,8.895472526550293,2.7653145790100098,8.83353328704834
7282,149.059229449,45,858.9345703125,True,2.8346519470214844,9.223068237304688,2.81856107711792,9.165121078491211
7282,149.059229449,46,863.8148803710938,True,2.838038682937622,9.592718124389648,2.822223663330078,9.565534591674805
7282,149.059229449,47,868.6951904296875,True,2.8461461067199707,9.891561508178711,2.829768419265747,9.85724925994873
7282,149.059229449,48,873.5755004882812,True,2.9657819271087646,9.816328048706055,2.9482364654541016,9.761759757995605
7298,149.059229449,1,722.285888671875,True,0.4789785146713257,1.6994396448135376,0.45158952474594116,1.6756709814071655
7298,149.059229449,2,727.1661987304688,True,0.6000475287437439,2.547039747238159,0.5794254541397095,2.5461370944976807
7298,149.059229449,3,732.0465087890625,True,0.6697933077812195,2.579381227493286,0.6529828906059265,2.5943667888641357
7298,149.059229449,4,736.9268188476562,True,0.7647630572319031,2.8369524478912354,0.748845100402832,2.8074533939361572
7298,149.059229449,5,741.80712890625,True,0.7631151676177979,2.9809577465057373,0.7484222054481506,2.9018266201019287
7298,149.059229449,6,746.6874389648438,True,0.712070643901825,3.0057125091552734,0.6928331255912781,2.956892251968384
7298,149.059229449,7,751.5677490234375,True,0.6152124404907227,2.489636182785034,0.5982028841972351,2.50724196434021
7298,149.059229449,8,756.4480590820312,True,0.5493119955062866,2.479341983795166,0.5354474186897278,2.439690113067627
7298,149.059229449,9,761.328369140625,True,0.7645383477210999,2.897428512573242,0.7433297038078308,2.8156933784484863
7298,149.059229449,10,766.2086791992188,True,0.8444562554359436,3.238792657852173,0.8281248807907104,3.2009456157684326
7298,149.059229449,11,771.0889892578125,True,0.9502639174461365,3.351569175720215,0.9346330761909485,3.3374552726745605
7298,149.059229449,12,775.9692993164062,True,1.0307260751724243,3.77390456199646,1.0160197019577026,3.71712589263916
7298,149.059229449,13,780.849609375,True,1.0412684679031372,3.945967674255371,1.0263177156448364,3.8654732704162598
7298,149.059229449,14,785.7299194335938,True,1.0337605476379395,3.9325389862060547,1.016505479812622,3.8952083587646484
7298,149.059229449,15,790.6102294921875,True,0.9677833914756775,3.8478002548217773,0.9554634690284729,3.84786057472229
7298,149.059229449,16,795.4905395507812,True,0.9947744011878967,4.005930423736572,0.9816161394119263,3.9462685585021973
7298,149.059229449,17,800.370849609375,True,1.1571770906448364,4.2521467208862305,1.138806939125061,4.17993688583374
7298,149.059229449,18,805.2511596679688,True,1.2220386266708374,4.363019943237305,1.2066876888275146,4.327392578125
7298,149.059229449,19,810.1314697265625,True,1.3339513540267944,4.5855889320373535,1.318268060684204,4.557733058929443
7298,149.059229449,20,815.0117797851562,True,1.386692762374878,4.911811828613281,1.3724286556243896,4.84967565536499
7298,149.059229449,21,819.89208984375,True,1.406519889831543,5.085395336151123,1.3914978504180908,5.010908126831055
7298,149.059229449,22,824.7723999023438,True,1.4121252298355103,5.099925994873047,1.3962602615356445,5.071124076843262
7298,149.059229449,23,829.6527099609375,True,1.3607383966445923,5.244421005249023,1.3496763706207275,5.2294111251831055
7298,149.059229449,24,834.5330200195312,True,1.4412692785263062,5.3465800285339355,1.4270720481872559,5.280288219451904
7298,149.059229449,25,839.413330078125,True,1.5721800327301025,5.576070785522461,1.5554672479629517,5.5134735107421875
7298,149.059229449,26,844.2936401367188,True,1.649269700050354,5.591483116149902,1.6334757804870605,5.558680057525635
7298,149.059229449,27,849.1739501953125,True,1.7468901872634888,5.914620876312256,1.7307666540145874,5.877070903778076
7298,149.059229449,28,854.0542602539062,True,1.7833808660507202,6.147931098937988,1.7686071395874023,6.076082706451416
7298,149.059229449,29,858.9345703125,True,1.8149468898773193,6.35363245010376,1.7990437746047974,6.280051231384277
7298,149.059229449,30,863.8148803710938,True,1.8189383745193481,6.470830917358398,1.8032586574554443,6.445999622344971
7298,149.059229449,31,868.6951904296875,True,1.7855803966522217,6.694139003753662,1.7738958597183228,6.664426803588867
7298,149.059229449,32,873.5755004882812,True,1.9063853025436401,6.723353385925293,1.8907476663589478,6.656412601470947
7298,149.059229449,33,878.455810546875,True,2.015472650527954,6.934886455535889,1.9991867542266846,6.87703800201416
7298,149.059229449,34,883.3361206054688,True,2.1135547161102295,6.957376956939697,2.096680164337158,6.927535533905029
7298,149.059229449,35,888.2164306640625,True,2.18379545211792,7.31575870513916,2.167595863342285,7.272456645965576
7298,149.059229449,36,893.0967407226562,True,2.2168092727661133,7.511078357696533,2.201273202896118,7.438971996307373
7298,149.059229449,37,897.97705078125,True,2.2610762119293213,7.754448890686035,2.2441914081573486,7.691373825073242
7298,149.059229449,38,902.8573608398438,True,2.2563254833221436,8.010597229003906,2.24094820022583,7.9906463623046875
7298,149.059229449,39,907.7376708984375,True,2.2511537075042725,8.182730674743652,2.2378122806549072,8.142597198486328
7298,149.059229449,40,912.6179809570312,True,2.3962583541870117,8.166459083557129,2.379182815551758,8.098733901977539
7298,149.059229449,41,917.498291015625,True,2.4941720962524414,8.357782363891602,2.4773261547088623,8.304086685180664
7298,149.059229449,42,922.3786010742188,True,2.6057381629943848,8.451516151428223,2.5877130031585693,8.42143440246582
7298,149.059229449,43,927.2589111328125,True,2.651338577270508,8.793400764465332,2.6346535682678223,8.742743492126465
7298,149.059229449,44,932.1392211914062,True,2.69161319732666,9.011453628540039,2.6750614643096924,8.937604904174805
7298,149.059229449,45,937.01953125,True,2.7408852577209473,9.285797119140625,2.7227838039398193,9.231561660766602
7298,149.059229449,46,941.8998413085938,True,2.7228710651397705,9.669264793395996,2.7075705528259277,9.649621963500977
7298,149.059229449,47,946.7801513671875,True,2.7570877075195312,9.714936256408691,2.7420971393585205,9.666854858398438
7298,149.059229449,48,951.6604614257812,True,2.9112236499786377,9.704816818237305,2.893019199371338,9.64051628112793
7306,149.059229449,1,761.328369140625,True,0.48294201493263245,1.790757417678833,0.4555290937423706,1.7676512002944946
7306,149.059229449,2,766.2086791992188,True,0.6053365468978882,2.553206205368042,0.5854108333587646,2.553575038909912
7306,149.059229449,3,771.0889892578125,True,0.700472891330719,2.5883002281188965,0.6835034489631653,2.5991501808166504
7306,149.059229449,4,775.9692993164062,True,0.786771833896637,2.926740884780884,0.7700657248497009,2.8849635124206543
7306,149.059229449,5,780.849609375,True,0.755979597568512,3.080796241760254,0.7392171025276184,2.983383893966675
7306,149.059229449,6,785.7299194335938,True,0.7114474177360535,2.9675893783569336,0.6907862424850464,2.9197165966033936
7306,149.059229449,7,790.6102294921875,True,0.6112082600593567,2.510377883911133,0.5933162569999695,2.5293307304382324
7306,149.059229449,8,795.4905395507812,True,0.5490714311599731,2.496638774871826,0.534352719783783,2.443561553955078
7306,149.059229449,9,800.370849609375,True,0.7709701657295227,2.951375961303711,0.7499983310699463,2.8658316135406494
7306,149.059229449,10,805.2511596679688,True,0.85591059923172,3.185041666030884,0.8391130566596985,3.147692918777466
7306,149.059229449,11,810.1314697265625,True,0.9770523905754089,3.4644949436187744,0.9604278802871704,3.4431424140930176
7306,149.059229449,12,815.0117797851562,True,1.0392115116119385,3.843229293823242,1.023529052734375,3.783412218093872
7306,149.059229449,13,819.89208984375,True,1.0340380668640137,3.9981796741485596,1.0176303386688232,3.9147403240203857
7306,149.059229449,14,824.7723999023438,True,1.0285662412643433,3.8815340995788574,1.0108124017715454,3.8508951663970947
7306,149.059229449,15,829.6527099609375,True,0.9553316235542297,3.889925479888916,0.9430272579193115,3.887543201446533
7306,149.059229449,16,834.5330200195312,True,0.9962710738182068,3.987534761428833,0.9833173751831055,3.9177768230438232
7306,149.059229449,17,839.413330078125,True,1.1596029996871948,4.283263683319092,1.141545057296753,4.210986137390137
7306,149.059229449,18,844.2936401367188,True,1.2390236854553223,4.330124855041504,1.2227085828781128,4.296602249145508
7306,149.059229449,19,849.1739501953125,True,1.349594235420227,4.707435131072998,1.3330479860305786,4.670452117919922
7306,149.059229449,20,854.0542602539062,True,1.3875210285186768,4.961662769317627,1.3719226121902466,4.886480808258057
7306,149.059229449,21,858.9345703125,True,1.4013144969940186,5.1282124519348145,1.3846685886383057,5.047492980957031
7306,149.059229449,22,863.8148803710938,True,1.4038796424865723,5.104513645172119,1.3874107599258423,5.082159996032715
7306,149.059229449,23,868.6951904296875,True,1.3472402095794678,5.2748589515686035,1.3365015983581543,5.254138469696045
7306,149.059229449,24,873.5755004882812,True,1.4479008913040161,5.343018054962158,1.4336881637573242,5.269871711730957
7306,149.059229449,25,878.455810546875,True,1.572401762008667,5.567019939422607,1.5557161569595337,5.504368305206299
7306,149.059229449,26,883.3361206054688,True,1.667185664176941,5.59633207321167,1.650357961654663,5.565992832183838
7306,149.059229449,27,888.2164306640625,True,1.7492083311080933,5.996594429016113,1.7328813076019287,5.953263759613037
7306,149.059229449,28,893.0967407226562,True,1.7768548727035522,6.1978654861450195,1.7609158754348755,6.121997356414795
7306,149.059229449,29,897.97705078125,True,1.808297872543335,6.3865437507629395,1.7912577390670776,6.319503307342529
7306,149.059229449,30,902.8573608398438,True,1.8043835163116455,6.512744903564453,1.7887556552886963,6.495588302612305
7306,149.059229449,31,907.7376708984375,True,1.7727110385894775,6.677606582641602,1.7614474296569824,6.641184329986572
7306,149.059229449,32,912.6179809570312,True,1.9125474691390991,6.712464332580566,1.8966864347457886,6.639777183532715
7306,149.059229449,33,917.498291015625,True,2.0164554119110107,6.891260147094727,1.9997302293777466,6.836184024810791
7306,149.059229449,34,922.3786010742188,True,2.1258370876312256,6.988622188568115,2.1079840660095215,6.960179805755615
7306,149.059229449,35,927.2589111328125,True,2.180111885070801,7.36155891418457,2.1634361743927,7.313238620758057
7306,149.059229449,36,932.1392211914062,True,2.2113046646118164,7.583166122436523,2.194685459136963,7.507168292999268
7306,149.059229449,37,937.01953125,True,2.2536356449127197,7.792786598205566,2.235705852508545,7.734891891479492
7306,149.059229449,38,941.8998413085938,True,2.236175775527954,8.067956924438477,2.2211532592773438,8.051297187805176
7306,149.059229449,39,946.7801513671875,True,2.2456955909729004,8.136614799499512,2.232883930206299,8.089942932128906
7306,149.059229449,40,951.6604614257812,True,2.405082941055298,8.17681884765625,2.38749623298645,8.108007431030273
7306,149.059229449,41,956.540771484375,True,2.502284288406372,8.301065444946289,2.4844558238983154,8.2510347366333
7306,149.059229449,42,961.4210815429688,True,2.6096019744873047,8.499841690063477,2.590811252593994,8.47121810913086
7306,149.059229449,43,966.3013916015625,True,2.6437275409698486,8.817731857299805,2.626460313796997,8.762052536010742
7306,149.059229449,44,971.1817016601562,True,2.6828396320343018,9.05932903289795,2.665196657180786,8.98096752166748
7306,149.059229449,45,976.06201171875,True,2.7263195514678955,9.34164047241211,2.707610607147217,9.292474746704102
7306,149.059229449,46,980.9423217773438,True,2.699367046356201,9.708735466003418,2.684607982635498,9.687566757202148
7306,149.059229449,47,985.8226318359375,True,2.7571961879730225,9.638542175292969,2.742583751678467,9.58160400390625
7306,149.059229449,48,990.7029418945312,True,2.9133663177490234,9.714133262634277,2.89463472366333,9.645554542541504
7322,149.059229449,1,839.413330078125,True,0.4940924644470215,1.8941173553466797,0.4669609069824219,1.8792195320129395
7322,149.059229449,2,844.2936401367188,True,0.6327589750289917,2.386420726776123,0.6127566695213318,2.3802413940429688
7322,149.059229449,3,849.1739501953125,True,0.7490065097808838,2.7870984077453613,0.729830265045166,2.772312879562378
7322,149.059229449,4,854.0542602539062,True,0.7794398665428162,3.0189671516418457,0.75867760181427,2.94909930229187
7322,149.059229449,5,858.9345703125,True,0.7338851690292358,3.170999526977539,0.7119086384773254,3.061000347137451
7322,149.059229449,6,863.8148803710938,True,0.7100797295570374,2.7723886966705322,0.6869093775749207,2.7490415573120117
7322,149.059229449,7,868.6951904296875,True,0.5991708636283875,2.575444459915161,0.5795011520385742,2.598480701446533
7322,149.059229449,8,873.5755004882812,True,0.5577499866485596,2.4632835388183594,0.5425309538841248,2.396655321121216
7322,149.059229449,9,878.455810546875,True,0.77837735414505,2.961897134780884,0.7571396231651306,2.884287118911743
7322,149.059229449,10,883.3361206054688,True,0.8940801024436951,3.130523443222046,0.8746885657310486,3.096832275390625
7322,149.059229449,11,888.2164306640625,True,1.0048904418945312,3.6691486835479736,0.9856172800064087,3.629544258117676
7322,149.059229449,12,893.0967407226562,True,1.0221431255340576,3.889645576477051,1.0021147727966309,3.810537338256836
7322,149.059229449,13,897.97705078125,True,1.019466757774353,4.005688667297363,0.9987925291061401,3.9257612228393555
7322,149.059229449,14,902.8573608398438,True,1.0153086185455322,3.813678741455078,0.9957098364830017,3.8037328720092773
7322,149.059229449,15,907.7376708984375,True,0.932655930519104,3.8851466178894043,0.9204359650611877,3.8721587657928467
7322,149.059229449,16,912.6179809570312,True,1.0103737115859985,3.955901861190796,0.9969214797019958,3.8760178089141846
7322,149.059229449,17,917.498291015625,True,1.1621966361999512,4.194241046905518,1.1436868906021118,4.131026268005371
7322,149.059229449,18,922.3786010742188,True,1.2754238843917847,4.3377485275268555,1.2567253112792969,4.311526298522949
7322,149.059229449,19,927.2589111328125,True,1.3537302017211914,4.792616844177246,1.3357053995132446,4.7523064613342285
7322,149.059229449,20,932.1392211914062,True,1.368315577507019,5.00372838973999,1.3499516248703003,4.92570161819458
7322,149.059229449,21,937.01953125,True,1.388552188873291,5.104282855987549,1.369679570198059,5.038721561431885
7322,149.059229449,22,941.8998413085938,True,1.3780783414840698,5.118657112121582,1.3615202903747559,5.107985019683838
7322,149.059229449,23,946.7801513671875,True,1.3287286758422852,5.195819854736328,1.3191217184066772,5.161558628082275
7322,149.059229449,24,951.6604614257812,True,1.4657632112503052,5.31213903427124,1.4507620334625244,5.2321600914001465
7322,149.059229449,25,956.540771484375,True,1.5826804637908936,5.42058801651001,1.564624547958374,5.364654064178467
7322,149.059229449,26,961.4210815429688,True,1.6923413276672363,5.649594783782959,1.67337167263031,5.618799686431885
7322,149.059229449,27,966.3013916015625,True,1.7412195205688477,6.01956844329834,1.7234342098236084,5.9669365882873535
7322,149.059229449,28,971.1817016601562,True,1.7609732151031494,6.2320075035095215,1.7427904605865479,6.148510932922363
7322,149.059229449,29,976.06201171875,True,1.7921885251998901,6.367349624633789,1.7735034227371216,6.31321382522583
7322,149.059229449,30,980.9423217773438,True,1.7696536779403687,6.543090343475342,1.754560112953186,6.528830528259277
7322,149.059229449,31,985.8226318359375,True,1.7680264711380005,6.548740863800049,1.7577141523361206,6.496915817260742
7322,149.059229449,32,990.7029418945312,True,1.9281420707702637,6.685416221618652,1.91114342212677,6.610004425048828
7322,149.059229449,33,995.583251953125,True,2.0367746353149414,6.735642433166504,2.0178654193878174,6.68702507019043
7322,149.059229449,34,1000.4635620117188,True,2.1339242458343506,7.069931983947754,2.1144938468933105,7.039710998535156
7322,149.059229449,35,1005.3438720703125,True,2.1657347679138184,7.315422534942627,2.147576093673706,7.255685329437256
7322,149.059229449,36,1010.2241821289062,True,2.195466995239258,7.586342811584473,2.176701784133911,7.50423526763916
7322,149.059229449,37,1015.1044921875,True,2.227726459503174,7.814293384552002,2.2086803913116455,7.768880367279053
7322,149.059229449,38,1019.9848022460938,True,2.1983227729797363,8.056015968322754,2.184108257293701,8.0336275100708
7322,149.059229449,39,1024.8651123046875,True,2.2533276081085205,7.970695972442627,2.2411434650421143,7.90784215927124
7322,149.059229449,40,1029.745361328125,True,2.411008358001709,8.121045112609863,2.3924243450164795,8.0489501953125
7322,149.059229449,41,1034.625732421875,True,2.5251920223236084,8.176910400390625,2.5048463344573975,8.135610580444336
7322,149.059229449,42,1039.5059814453125,True,2.5996077060699463,8.568581581115723,2.579937219619751,8.533586502075195
7322,149.059229449,43,1044.3863525390625,True,2.626251220703125,8.749691009521484,2.607330322265625,8.681084632873535
7322,149.059229449,44,1049.2666015625,True,2.6659882068634033,9.064729690551758,2.6462676525115967,8.984089851379395
7322,149.059229449,45,1054.14697265625,True,2.6889493465423584,9.408001899719238,2.6698405742645264,9.372963905334473
7322,149.059229449,46,1059.0272216796875,True,2.662593364715576,9.601445198059082,2.649003267288208,9.572749137878418
7322,149.059229449,47,1063.9075927734375,True,2.7699058055877686,9.44775676727295,2.7551991939544678,9.37902545928955
7322,149.059229449,48,1068.787841796875,True,2.9145419597625732,9.611162185668945,2.8947484493255615,9.54378604888916
7338,149.059229449,1,917.498291015625,True,0.5017562508583069,1.7086766958236694,0.47599998116493225,1.6915878057479858
7338,149.059229449,2,922.3786010742188,True,0.6511729955673218,2.453854560852051,0.630268394947052,2.4339969158172607
7338,149.059229449,3,927.2589111328125,True,0.7482100129127502,3.0078070163726807,0.7260821461677551,2.967458486557007
7338,149.059229449,4,932.1392211914062,True,0.7447563409805298,3.046373128890991,0.7185095548629761,2.9478702545166016
7338,149.059229449,5,937.01953125,True,0.7236869931221008,3.048142910003662,0.6992896795272827,2.9458413124084473
7338,149.059229449,6,941.8998413085938,True,0.6948069930076599,2.7624683380126953,0.671999454498291,2.7646827697753906
7338,149.059229449,7,946.7801513671875,True,0.5842452645301819,2.5579090118408203,0.5649628639221191,2.5748648643493652
7338,149.059229449,8,951.6604614257812,True,0.5628703236579895,2.4793338775634766,0.5487213134765625,2.401430130004883
7338,149.059229449,9,956.540771484375,True,0.7776098251342773,2.852220058441162,0.7564482092857361,2.774505615234375
7338,149.059229449,10,961.4210815429688,True,0.9119581580162048,3.3090054988861084,0.8907569646835327,3.2630057334899902
7338,149.059229449,11,966.3013916015625,True,0.9852725267410278,3.7402260303497314,0.9643365740776062,3.6931731700897217
7338,149.059229449,12,971.1817016601562,True,0.9923468232154846,3.868103504180908,0.9698089957237244,3.7819862365722656
7338,149.059229449,13,976.06201171875,True,1.0002013444900513,3.871953010559082,0.9791883826255798,3.806257724761963
7338,149.059229449,14,980.9423217773438,True,0.9830659031867981,3.840799570083618,0.9648047685623169,3.8337371349334717
7338,149.059229449,15,985.8226318359375,True,0.9174984693527222,3.8133633136749268,0.9066765904426575,3.7853505611419678
7338,149.059229449,16,990.7029418945312,True,1.014504313468933,3.9624226093292236,1.001036524772644,3.878026008605957
7338,149.059229449,17,995.583251953125,True,1.1670877933502197,4.083072185516357,1.1472837924957275,4.019789695739746
7338,149.059229449,18,1000.4635620117188,True,1.2786637544631958,4.506245136260986,1.2581849098205566,4.463819980621338
7338,149.059229449,19,1005.3438720703125,True,1.3259949684143066,4.766015529632568,1.3062320947647095,4.708062648773193
7338,149.059229449,20,1010.2241821289062,True,1.3441331386566162,4.96717643737793,1.323496699333191,4.879308223724365
7338,149.059229449,21,1015.1044921875,True,1.3608189821243286,5.018076419830322,1.3417112827301025,4.967434406280518
7338,149.059229449,22,1019.9848022460938,True,1.3386695384979248,5.122526168823242,1.3232133388519287,5.105654239654541
7338,149.059229449,23,1024.8651123046875,True,1.3231394290924072,5.096057415008545,1.3142685890197754,5.046106338500977
7338,149.059229449,24,1029.745361328125,True,1.4601548910140991,5.266580104827881,1.4449915885925293,5.186775207519531
7338,149.059229449,25,1034.625732421875,True,1.5910923480987549,5.3287224769592285,1.571264624595642,5.279674530029297
7338,149.059229449,26,1039.5059814453125,True,1.6762213706970215,5.763921737670898,1.6568368673324585,5.72532844543457
7338,149.059229449,27,1044.3863525390625,True,1.710522174835205,5.948278903961182,1.6912288665771484,5.885709762573242
7338,149.059229449,28,1049.2666015625,True,1.7383379936218262,6.189164638519287,1.7182685136795044,6.108028888702393
7338,149.059229449,29,1054.14697265625,True,1.7547955513000488,6.3425116539001465,1.7365339994430542,6.30421781539917
7338,149.059229449,30,1059.0272216796875,True,1.7291862964630127,6.478998184204102,1.7153379917144775,6.454618453979492
7338,149.059229449,31,1063.9075927734375,True,1.7687026262283325,6.425233364105225,1.7586939334869385,6.3606276512146
7338,149.059229449,32,1068.787841796875,True,1.91636323928833,6.575580596923828,1.8990709781646729,6.5022358894348145
7338,149.059229449,33,1073.668212890625,True,2.0406432151794434,6.687281131744385,2.019869089126587,6.6467366218566895
7338,149.059229449,34,1078.5484619140625,True,2.098872661590576,7.088009357452393,2.079399585723877,7.047814846038818
7338,149.059229449,35,1083.4288330078125,True,2.1328368186950684,7.285863876342773,2.11311411857605,7.218705654144287
7338,149.059229449,36,1088.30908203125,True,2.1692752838134766,7.565516948699951,2.14892840385437,7.4931135177612305
7338,149.059229449,37,1093.189453125,True,2.178222417831421,7.822484493255615,2.1602330207824707,7.793380260467529
7338,149.059229449,38,1098.0697021484375,True,2.1637468338012695,7.898125648498535,2.1511170864105225,7.866884231567383
7338,149.059229449,39,1102.9500732421875,True,2.2569825649261475,7.854321479797363,2.2445616722106934,7.785544395446777
7338,149.059229449,40,1107.830322265625,True,2.4011740684509277,7.955947399139404,2.381885528564453,7.890976905822754
7338,149.059229449,41,1112.710693359375,True,2.5140879154205322,8.159533500671387,2.492509126663208,8.127565383911133
7338,149.059229449,42,1117.5909423828125,True,2.554018259048462,8.48836898803711,2.5343575477600098,8.449193000793457
7338,149.059229449,43,1122.4713134765625,True,2.5919957160949707,8.715499877929688,2.5717074871063232,8.643792152404785
7338,149.059229449,44,1127.3515625,True,2.6299633979797363,9.069372177124023,2.6094141006469727,9.004895210266113
7338,149.059229449,45,1132.23193359375,True,2.6298084259033203,9.40963077545166,2.612203598022461,9.382464408874512
7338,149.059229449,46,1137.1121826171875,True,2.640061616897583,9.367528915405273,2.6280441284179688,9.3279390335083
7338,149.059229449,47,1141.9925537109375,True,2.7706563472747803,9.35297679901123,2.7552366256713867,9.279500961303711
7338,149.059229449,48,1146.872802734375,True,2.9105069637298584,9.431306838989258,2.889171838760376,9.373392105102539
7354,149.059229449,1,995.583251953125,True,0.4969138503074646,1.6725142002105713,0.4710322618484497,1.6528712511062622
7354,149.059229449,2,1000.4635620117188,True,0.6502635478973389,2.7877213954925537,0.6263841986656189,2.7537620067596436
7354,149.059229449,3,1005.3438720703125,True,0.7301216721534729,3.0157458782196045,0.7037473917007446,2.962348699569702
7354,149.059229449,4,1010.2241821289062,True,0.7372236847877502,2.974274158477783,0.7074103951454163,2.875493288040161
7354,149.059229449,5,1015.1044921875,True,0.7022932767868042,2.860591411590576,0.6783491373062134,2.7941155433654785
7354,149.059229449,6,1019.9848022460938,True,0.671658992767334,2.811685085296631,0.6496403217315674,2.8190231323242188
7354,149.059229449,7,1024.8651123046875,True,0.588019073009491,2.479694366455078,0.5698615312576294,2.479887008666992
7354,149.059229449,8,1029.745361328125,True,0.5594215393066406,2.477257490158081,0.5464485883712769,2.402311325073242
7354,149.059229449,9,1034.625732421875,True,0.7824506759643555,2.863774061203003,0.7596719264984131,2.7893645763397217
7354,149.059229449,10,1039.5059814453125,True,0.9048951864242554,3.5320942401885986,0.8813048005104065,3.4730224609375
7354,149.059229449,11,1044.3863525390625,True,0.9618154764175415,3.6712698936462402,0.9378312826156616,3.6128554344177246
7354,149.059229449,12,1049.2666015625,True,0.9793728590011597,3.8256890773773193,0.9546558260917664,3.747436046600342
7354,149.059229449,13,1054.14697265625,True,0.9693946838378906,3.803165912628174,0.9490609169006348,3.758647918701172
7354,149.059229449,14,1059.0272216796875,True,0.9522073864936829,3.840317964553833,0.9351826906204224,3.8198463916778564
7354,149.059229449,15,1063.9075927734375,True,0.9229587316513062,3.7516427040100098,0.9126495718955994,3.7093567848205566
7354,149.059229449,16,1068.787841796875,True,1.0032097101211548,3.8974523544311523,0.9901232719421387,3.8228540420532227
7354,149.059229449,17,1073.668212890625,True,1.1705902814865112,4.126102447509766,1.1493595838546753,4.071889877319336
7354,149.059229449,18,1078.5484619140625,True,1.2524127960205078,4.581055641174316,1.2317765951156616,4.534880638122559
7354,149.059229449,19,1083.4288330078125,True,1.300424575805664,4.735315799713135,1.2794718742370605,4.678649425506592
7354,149.059229449,20,1088.30908203125,True,1.3245625495910645,4.939530849456787,1.3033168315887451,4.868176460266113
7354,149.059229449,21,1093.189453125,True,1.3200467824935913,5.013453483581543,1.3028680086135864,4.979772567749023
7354,149.059229449,22,1098.0697021484375,True,1.309373378753662,5.045391082763672,1.2959996461868286,5.016229152679443
7354,149.059229449,23,1102.9500732421875,True,1.329630732536316,5.045881748199463,1.3211653232574463,4.988109111785889
7354,149.059229449,24,1107.830322265625,True,1.4501988887786865,5.141548156738281,1.434740424156189,5.0701398849487305
7354,149.059229449,25,1112.710693359375,True,1.5847938060760498,5.395780086517334,1.5637352466583252,5.350386142730713
7354,149.059229449,26,1117.5909423828125,True,1.639352798461914,5.736441612243652,1.6200155019760132,5.689851760864258
7354,149.059229449,27,1122.4713134765625,True,1.6841679811477661,5.921105861663818,1.6641987562179565,5.854274272918701
7354,149.059229449,28,1127.3515625,True,1.709244728088379,6.166575908660889,1.6893823146820068,6.102190017700195
7354,149.059229449,29,1132.23193359375,True,1.7058571577072144,6.350606918334961,1.689885139465332,6.319700241088867
7354,149.059229449,30,1137.1121826171875,True,1.7097406387329102,6.343748569488525,1.6979172229766846,6.305697441101074
7354,149.059229449,31,1141.9925537109375,True,1.7706893682479858,6.3795976638793945,1.7608433961868286,6.312032222747803
7354,149.059229449,32,1146.872802734375,True,1.9108176231384277,6.436105728149414,1.8926652669906616,6.371565341949463
7354,149.059229449,33,1151.753173828125,True,2.0178773403167725,6.762649059295654,1.9966477155685425,6.724030494689941
7354,149.059229449,34,1156.6334228515625,True,2.0603747367858887,6.986654758453369,2.041194438934326,6.940206050872803
7354,149.059229449,35,1161.5137939453125,True,2.1054322719573975,7.241885185241699,2.085253953933716,7.17305326461792
7354,149.059229449,36,1166.39404296875,True,2.1281070709228516,7.556371212005615,2.1086130142211914,7.499518871307373
7354,149.059229449,37,1171.2744140625,True,2.125828266143799,7.792426109313965,2.110189437866211,7.760430335998535
7354,149.059229449,38,1176.1546630859375,True,2.15483021736145,7.707695007324219,2.143887519836426,7.6611809730529785
7354,149.059229449,39,1181.0350341796875,True,2.247756242752075,7.7853875160217285,2.235264539718628,7.713545799255371
7354,149.059229449,40,1185.915283203125,True,2.3964035511016846,7.8486247062683105,2.37569260597229,7.792712211608887
7354,149.059229449,41,1190.795654296875,True,2.4740989208221436,8.21981430053711,2.4526314735412598,8.181550025939941
7354,149.059229449,42,1195.6759033203125,True,2.5158727169036865,8.367509841918945,2.495946168899536,8.314611434936523
7354,149.059229449,43,1200.5562744140625,True,2.561229944229126,8.687264442443848,2.5402297973632812,8.613487243652344
7354,149.059229449,44,1205.4365234375,True,2.577536106109619,9.094285011291504,2.557844400405884,9.045242309570312
7354,149.059229449,45,1210.31689453125,True,2.5773186683654785,9.280712127685547,2.561898946762085,9.247715950012207
7354,149.059229449,46,1215.1971435546875,True,2.6360924243927,9.138650894165039,2.6250805854797363,9.086620330810547
7354,149.059229449,47,1220.0775146484375,True,2.753506898880005,9.249406814575195,2.7380197048187256,9.177658081054688
7354,149.059229449,48,1224.957763671875,True,2.89912748336792,9.359925270080566,2.8764097690582275,9.312407493591309
9513,189.86227838,1,396.9769592285156,True,0.8185881972312927,3.9195809364318848,0.8027099967002869,3.872537612915039
9513,189.86227838,2,400.6870422363281,True,1.2134976387023926,6.4362568855285645,1.2081321477890015,6.354815483093262
9513,189.86227838,3,404.3970947265625,True,1.4085934162139893,7.21224308013916,1.401334524154663,7.067173004150391
9513,189.86227838,4,408.1071472167969,True,1.426361083984375,7.296786308288574,1.4167793989181519,7.121854305267334
9513,189.86227838,5,411.8172302246094,True,1.4832392930984497,7.246901035308838,1.4735077619552612,7.112708568572998
9513,189.86227838,6,415.52728271484375,True,1.5553932189941406,6.875369548797607,1.544390320777893,6.790579795837402
9513,189.86227838,7,419.23736572265625,True,1.4627931118011475,5.905965805053711,1.4486629962921143,5.843348026275635
9513,189.86227838,8,422.9474182128906,True,1.4426660537719727,5.490638256072998,1.4279392957687378,5.4012908935546875
9513,189.86227838,9,426.6575012207031,True,1.626020073890686,6.072648048400879,1.6157994270324707,6.004044532775879
9513,189.86227838,10,430.3675537109375,True,1.7585545778274536,6.541464328765869,1.7564475536346436,6.465475082397461
9513,189.86227838,11,434.0776062011719,True,1.7816500663757324,6.499432563781738,1.774420976638794,6.383405685424805
9513,189.86227838,12,437.7876892089844,True,1.7409833669662476,6.398227691650391,1.7342699766159058,6.274281978607178
9513,189.86227838,13,441.49774169921875,True,1.7882188558578491,6.382392406463623,1.7851365804672241,6.280418395996094
9513,189.86227838,14,445.20782470703125,True,1.796226978302002,6.0881266593933105,1.7883217334747314,6.011839866638184
9513,189.86227838,15,448.9178771972656,True,1.6334341764450073,5.637499809265137,1.6208175420761108,5.564751625061035
9513,189.86227838,16,452.6279296875,True,1.6600910425186157,5.66737699508667,1.6454119682312012,5.577828407287598
9513,189.86227838,17,456.3380126953125,True,1.7596251964569092,5.863056659698486,1.7537789344787598,5.783726692199707
9513,189.86227838,18,460.0480651855469,True,1.8878026008605957,5.887902736663818,1.8849114179611206,5.7786946296691895
9513,189.86227838,19,463.7581481933594,True,1.8884897232055664,5.794165134429932,1.8819525241851807,5.675443172454834
9513,189.86227838,20,467.46820068359375,True,1.9105024337768555,5.878405570983887,1.9072798490524292,5.778611183166504
9513,189.86227838,21,471.1782531738281,True,2.013650417327881,6.040197849273682,2.0109729766845703,5.956413745880127
9513,189.86227838,22,474.8883361816406,True,2.009615898132324,5.792159557342529,1.9992166757583618,5.72116756439209
9513,189.86227838,23,478.598388671875,True,1.8875452280044556,5.735424995422363,1.874453067779541,5.655844688415527
9513,189.86227838,24,482.3084716796875,True,1.9397077560424805,5.9767866134643555,1.9275000095367432,5.90880823135376
9513,189.86227838,25,486.0185241699219,True,2.0556108951568604,6.002945423126221,2.0516304969787598,5.930327415466309
9513,189.86227838,26,489.7286071777344,True,2.197488307952881,5.920724391937256,2.190641403198242,5.821583271026611
9513,189.86227838,27,493.43865966796875,True,2.1841444969177246,5.976222038269043,2.180061101913452,5.877898693084717
9513,189.86227838,28,497.1487121582031,True,2.2952864170074463,6.14425802230835,2.294079303741455,6.068446636199951
9513,189.86227838,29,500.8587951660156,True,2.443485975265503,6.183195114135742,2.439223527908325,6.117591857910156
9513,189.86227838,30,504.56884765625,True,2.390658378601074,6.164237022399902,2.3800981044769287,6.104405403137207
9513,189.86227838,31,508.2789306640625,True,2.344529867172241,6.450822353363037,2.331545352935791,6.385236740112305
9513,189.86227838,32,511.9889831542969,True,2.3985798358917236,6.625336647033691,2.389615535736084,6.5735907554626465
9513,189.86227838,33,515.6990356445312,True,2.551741600036621,6.540534496307373,2.547569513320923,6.461345195770264
9513,189.86227838,34,519.4091186523438,True,2.6192777156829834,6.695304870605469,2.611363410949707,6.611812114715576
9513,189.86227838,35,523.1192016601562,True,2.6519649028778076,6.82050085067749,2.64862060546875,6.746819496154785
9513,189.86227838,36,526.8292236328125,True,2.8066933155059814,6.963560581207275,2.8048477172851562,6.896413326263428
9513,189.86227838,37,530.539306640625,True,2.92655348777771,6.789836406707764,2.9185733795166016,6.735330104827881
9513,189.86227838,38,534.2493896484375,True,2.821748971939087,7.103610992431641,2.810826063156128,7.055588245391846
9513,189.86227838,39,537.9594116210938,True,2.828524351119995,7.50344705581665,2.815324306488037,7.455517292022705
9513,189.86227838,40,541.6694946289062,True,2.909050464630127,7.454782009124756,2.9018707275390625,7.404937744140625
9513,189.86227838,41,545.3795776367188,True,3.0672202110290527,7.462721347808838,3.0596201419830322,7.3923444747924805
9513,189.86227838,42,549.0896606445312,True,3.058964967727661,7.751698017120361,3.053406238555908,7.684832572937012
9513,189.86227838,43,552.7996826171875,True,3.1736667156219482,7.868509769439697,3.1709678173065186,7.808310508728027
9513,189.86227838,44,556.509765625,True,3.3532063961029053,7.817180633544922,3.350318670272827,7.756897926330566
9513,189.86227838,45,560.2198486328125,True,3.3873612880706787,7.779243469238281,3.3778076171875,7.739301681518555
9513,189.86227838,46,563.9298706054688,True,3.307835817337036,8.205340385437012,3.2957499027252197,8.161664009094238
9513,189.86227838,47,567.6399536132812,True,3.3310775756835938,8.50517749786377,3.319896697998047,8.466082572937012
9513,189.86227838,48,571.3500366210938,True,3.4463324546813965,8.343644142150879,3.440603733062744,8.2872953414917
9521,189.86227838,1,426.6575012207031,True,0.7216784358024597,3.2657856941223145,0.6977993249893188,3.2196502685546875
9521,189.86227838,2,430.3675537109375,True,1.0493199825286865,5.365644454956055,1.0360904932022095,5.285992622375488
9521,189.86227838,3,434.0776062011719,True,1.1469591856002808,5.735195636749268,1.131516933441162,5.619756698608398
9521,189.86227838,4,437.7876892089844,True,1.1028571128845215,5.5724101066589355,1.090484619140625,5.436605930328369
9521,189.86227838,5,441.49774169921875,True,1.1411939859390259,5.398049831390381,1.1326266527175903,5.256739139556885
9521,189.86227838,6,445.20782470703125,True,1.19999098777771,5.043454647064209,1.188289999961853,4.952177047729492
9521,189.86227838,7,448.9178771972656,True,1.0239988565444946,4.181655406951904,1.0077139139175415,4.131557464599609
9521,189.86227838,8,452.6279296875,True,0.9846892952919006,3.9434096813201904,0.9715386629104614,3.8640506267547607
9521,189.86227838,9,456.3380126953125,True,1.19930100440979,4.5344743728637695,1.1883282661437988,4.460305213928223
9521,189.86227838,10,460.0480651855469,True,1.3794773817062378,4.955295085906982,1.371584177017212,4.864861488342285
9521,189.86227838,11,463.7581481933594,True,1.3637020587921143,4.895319938659668,1.3548170328140259,4.801005840301514
9521,189.86227838,12,467.46820068359375,True,1.363095998764038,4.892649173736572,1.3589242696762085,4.790006160736084
9521,189.86227838,13,471.1782531738281,True,1.474226474761963,5.086831569671631,1.4723281860351562,4.987558841705322
9521,189.86227838,14,474.8883361816406,True,1.4811971187591553,4.818672180175781,1.4714230298995972,4.741823673248291
9521,189.86227838,15,478.598388671875,True,1.3011051416397095,4.514623165130615,1.2914849519729614,4.447600364685059
9521,189.86227838,16,482.3084716796875,True,1.3735023736953735,4.697384357452393,1.3632630109786987,4.621893405914307
9521,189.86227838,17,486.0185241699219,True,1.5427782535552979,4.906096935272217,1.5366694927215576,4.831141471862793
9521,189.86227838,18,489.7286071777344,True,1.68056058883667,4.94097375869751,1.6717891693115234,4.8509111404418945
9521,189.86227838,19,493.43865966796875,True,1.6397316455841064,4.942490577697754,1.6351613998413086,4.858704090118408
9521,189.86227838,20,497.1487121582031,True,1.7339104413986206,5.078488349914551,1.7329847812652588,4.994706630706787
9521,189.86227838,21,500.8587951660156,True,1.8757247924804688,5.245800495147705,1.8733967542648315,5.166841983795166
9521,189.86227838,22,504.56884765625,True,1.8122096061706543,5.160136699676514,1.802593469619751,5.101589202880859
9521,189.86227838,23,508.2789306640625,True,1.7231721878051758,5.248335361480713,1.7149063348770142,5.1904144287109375
9521,189.86227838,24,511.9889831542969,True,1.8344722986221313,5.409270286560059,1.8262485265731812,5.353414058685303
9521,189.86227838,25,515.6990356445312,True,2.0130646228790283,5.439604759216309,2.0075910091400146,5.36717414855957
9521,189.86227838,26,519.4091186523438,True,2.0687079429626465,5.607774257659912,2.0612359046936035,5.540204048156738
9521,189.86227838,27,523.1192016601562,True,2.0841336250305176,5.662024021148682,2.0824968814849854,5.5974202156066895
9521,189.86227838,28,526.8292236328125,True,2.237517833709717,5.866760730743408,2.238309860229492,5.79016637802124
9521,189.86227838,29,530.539306640625,True,2.355978488922119,5.817030906677246,2.35088849067688,5.7578229904174805
9521,189.86227838,30,534.2493896484375,True,2.235724687576294,6.005031108856201,2.2287790775299072,5.967113971710205
9521,189.86227838,31,537.9594116210938,True,2.238607883453369,6.249262809753418,2.230478525161743,6.200496673583984
9521,189.86227838,32,541.6694946289062,True,2.3522446155548096,6.244771480560303,2.3462767601013184,6.189252853393555
9521,189.86227838,33,545.3795776367188,True,2.5098438262939453,6.325949668884277,2.502021312713623,6.262819290161133
9521,189.86227838,34,549.0896606445312,True,2.4800143241882324,6.5502753257751465,2.476318359375,6.49819278717041
9521,189.86227838,35,552.7996826171875,True,2.577824115753174,6.620814800262451,2.5774319171905518,6.561742782592773
9521,189.86227838,36,556.509765625,True,2.7493984699249268,6.729800224304199,2.750033378601074,6.661370277404785
9521,189.86227838,37,560.2198486328125,True,2.7794792652130127,6.73203182220459,2.7730026245117188,6.692796230316162
9521,189.86227838,38,563.9298706054688,True,2.676339864730835,6.983513355255127,2.6699230670928955,6.949191570281982
9521,189.86227838,39,567.6399536132812,True,2.7298600673675537,7.184611797332764,2.7222821712493896,7.141138076782227
9521,189.86227838,40,571.3500366210938,True,2.865114212036133,7.104944229125977,2.8601431846618652,7.050353050231934
9521,189.86227838,41,575.0601196289062,True,2.957625389099121,7.370845794677734,2.9492223262786865,7.320459365844727
9521,189.86227838,42,578.7701416015625,True,2.9389870166778564,7.521488666534424,2.937225341796875,7.469060897827148
9521,189.86227838,43,582.480224609375,True,3.092463254928589,7.607053279876709,3.092764377593994,7.549439430236816
9521,189.86227838,44,586.1903076171875,True,3.260150909423828,7.530943870544434,3.2575693130493164,7.484096527099609
9521,189.86227838,45,589.9003295898438,True,3.1938300132751465,7.771925449371338,3.1871824264526367,7.740374565124512
9521,189.86227838,46,593.6104125976562,True,3.158123731613159,8.053215026855469,3.1503095626831055,8.0153226852417
9521,189.86227838,47,597.3204956054688,True,3.23555064201355,8.052257537841797,3.2292115688323975,8.012810707092285
9521,189.86227838,48,601.030517578125,True,3.3874897956848145,8.06458854675293,3.3814339637756348,8.023194313049316
9537,189.86227838,1,486.0185241699219,True,0.6555049419403076,2.447477102279663,0.6254774332046509,2.312516689300537
9537,189.86227838,2,489.7286071777344,True,0.8368687033653259,3.1867926120758057,0.8157039284706116,3.03090763092041
9537,189.86227838,3,493.43865966796875,True,0.8505695462226868,3.1326358318328857,0.8360968828201294,3.0178558826446533
9537,189.86227838,4,497.1487121582031,True,0.9295662045478821,3.1589205265045166,0.9193910360336304,3.0209546089172363
9537,189.86227838,5,500.8587951660156,True,1.0304672718048096,3.6685972213745117,1.0230754613876343,3.4953250885009766
9537,189.86227838,6,504.56884765625,True,0.9635436534881592,3.539438486099243,0.9488230347633362,3.3987135887145996
9537,189.86227838,7,508.2789306640625,True,0.7561118602752686,2.9919607639312744,0.741780698299408,2.92836332321167
9537,189.86227838,8,511.9889831542969,True,0.7364819049835205,2.9066362380981445,0.7270994186401367,2.8447418212890625
9537,189.86227838,9,515.6990356445312,True,1.0147655010223389,3.4523956775665283,0.9968551993370056,3.3450658321380615
9537,189.86227838,10,519.4091186523438,True,1.069759726524353,3.758725881576538,1.055436372756958,3.655019760131836
9537,189.86227838,11,523.1192016601562,True,1.0974136590957642,3.560373306274414,1.091909646987915,3.4782156944274902
9537,189.86227838,12,526.8292236328125,True,1.2471851110458374,3.9356799125671387,1.2448389530181885,3.8155291080474854
9537,189.86227838,13,530.539306640625,True,1.344238042831421,4.213764667510986,1.3386656045913696,4.102560520172119
9537,189.86227838,14,534.2493896484375,True,1.228865385055542,4.167533874511719,1.2169773578643799,4.09207010269165
9537,189.86227838,15,537.9594116210938,True,1.0990625619888306,3.904567241668701,1.0929237604141235,3.8430933952331543
9537,189.86227838,16,541.6694946289062,True,1.2393736839294434,4.087437629699707,1.2312287092208862,3.999098062515259
9537,189.86227838,17,545.3795776367188,True,1.4335414171218872,4.470982074737549,1.419274926185608,4.375053405761719
9537,189.86227838,18,549.0896606445312,True,1.411650538444519,4.568769931793213,1.404557228088379,4.493509292602539
9537,189.86227838,19,552.7996826171875,True,1.5218626260757446,4.49425745010376,1.5178381204605103,4.416306495666504
9537,189.86227838,20,556.509765625,True,1.6884528398513794,4.981357574462891,1.686172604560852,4.878551006317139
9537,189.86227838,21,560.2198486328125,True,1.7160401344299316,5.1204328536987305,1.707387924194336,5.045954704284668
9537,189.86227838,22,563.9298706054688,True,1.604739785194397,5.04171085357666,1.59391188621521,4.991366863250732
9537,189.86227838,23,567.6399536132812,True,1.5751315355300903,4.978868007659912,1.5694608688354492,4.920374393463135
9537,189.86227838,24,571.3500366210938,True,1.7675052881240845,5.177141189575195,1.756845235824585,5.102372169494629
9537,189.86227838,25,575.0601196289062,True,1.8671367168426514,5.543956279754639,1.8549667596817017,5.474425315856934
9537,189.86227838,26,578.7701416015625,True,1.861452341079712,5.4834747314453125,1.8573920726776123,5.424337863922119
9537,189.86227838,27,582.480224609375,True,2.021440029144287,5.643040180206299,2.0199408531188965,5.5679216384887695
9537,189.86227838,28,586.1903076171875,True,2.175412654876709,5.939077854156494,2.1729166507720947,5.864607334136963
9537,189.86227838,29,589.9003295898438,True,2.1281394958496094,6.107319355010986,2.120084524154663,6.051666736602783
9537,189.86227838,30,593.6104125976562,True,2.054183006286621,6.069267749786377,2.048177719116211,6.019239902496338
9537,189.86227838,31,597.3204956054688,True,2.1132242679595947,6.067727565765381,2.1088366508483887,6.006418704986572
9537,189.86227838,32,601.030517578125,True,2.2943472862243652,6.3039937019348145,2.2841954231262207,6.239532947540283
9537,189.86227838,33,604.7406005859375,True,2.2907466888427734,6.591219425201416,2.282158136367798,6.536332607269287
9537,189.86227838,34,608.45068359375,True,2.3630154132843018,6.534217834472656,2.3586556911468506,6.478160858154297
9537,189.86227838,35,612.1607666015625,True,2.5337512493133545,6.822507858276367,2.5321905612945557,6.756303310394287
9537,189.86227838,36,615.8707885742188,True,2.630073308944702,6.957633972167969,2.624518871307373,6.9058051109313965
9537,189.86227838,37,619.5808715820312,True,2.5494704246520996,7.072482109069824,2.5407700538635254,7.026914596557617
9537,189.86227838,38,623.2909545898438,True,2.51253342628479,7.097671985626221,2.5078327655792236,7.052931785583496
9537,189.86227838,39,627.0009765625,True,2.6445136070251465,7.104030132293701,2.63777494430542,7.05571985244751
9537,189.86227838,40,630.7110595703125,True,2.7765867710113525,7.429912567138672,2.7660937309265137,7.379648208618164
9537,189.86227838,41,634.421142578125,True,2.7386271953582764,7.575478553771973,2.733170509338379,7.531438827514648
9537,189.86227838,42,638.1312255859375,True,2.8802640438079834,7.641170024871826,2.877215623855591,7.593059539794922
9537,189.86227838,43,641.8412475585938,True,3.055884599685669,7.85813570022583,3.0542478561401367,7.808602809906006
9537,189.86227838,44,645.5513305664062,True,3.070056438446045,8.01035213470459,3.0626301765441895,7.976596832275391
9537,189.86227838,45,649.2614135742188,True,3.007629156112671,8.084997177124023,3.000192403793335,8.054741859436035
9537,189.86227838,46,652.971435546875,True,3.0258612632751465,8.114620208740234,3.0213308334350586,8.076990127563477
9537,189.86227838,47,656.6815185546875,True,3.1925034523010254,8.190860748291016,3.184229850769043,8.142216682434082
9537,189.86227838,48,660.3916015625,True,3.2296464443206787,8.559246063232422,3.219909191131592,8.519678115844727
9553,189.86227838,1,545.3795776367188,True,0.6286898255348206,2.3551807403564453,0.5991550087928772,2.177297830581665
9553,189.86227838,2,549.0896606445312,True,0.7890932559967041,2.999501943588257,0.7767203450202942,2.8046164512634277
9553,189.86227838,3,552.7996826171875,True,0.9285315871238708,2.9245638847351074,0.9206964373588562,2.7693283557891846
9553,189.86227838,4,556.509765625,True,1.0439850091934204,3.4863638877868652,1.0332798957824707,3.3379569053649902
9553,189.86227838,5,560.2198486328125,True,1.02937650680542,3.7905256748199463,1.0163888931274414,3.612338066101074
9553,189.86227838,6,563.9298706054688,True,0.9197395443916321,3.496985912322998,0.9007006883621216,3.349985122680664
9553,189.86227838,7,567.6399536132812,True,0.7429959774017334,2.8424887657165527,0.7246522903442383,2.769592761993408
9553,189.86227838,8,571.3500366210938,True,0.7378541231155396,2.9992713928222656,0.7222405672073364,2.908051013946533
9553,189.86227838,9,575.0601196289062,True,0.9762734174728394,3.7177581787109375,0.9543465375900269,3.5726263523101807
9553,189.86227838,10,578.7701416015625,True,1.052718997001648,3.6029205322265625,1.0440442562103271,3.4724667072296143
9553,189.86227838,11,582.480224609375,True,1.2235276699066162,3.7267260551452637,1.2171826362609863,3.6117944717407227
9553,189.86227838,12,586.1903076171875,True,1.344907283782959,4.26102876663208,1.3358964920043945,4.140172481536865
9553,189.86227838,13,589.9003295898438,True,1.2828010320663452,4.452871799468994,1.2692724466323853,4.335982799530029
9553,189.86227838,14,593.6104125976562,True,1.2004523277282715,4.171392917633057,1.1840769052505493,4.073482990264893
9553,189.86227838,15,597.3204956054688,True,1.0780560970306396,3.954463005065918,1.0701854228973389,3.8889098167419434
9553,189.86227838,16,601.030517578125,True,1.2620395421981812,4.354776382446289,1.247083306312561,4.2497029304504395
9553,189.86227838,17,604.7406005859375,True,1.3518238067626953,4.679113388061523,1.338050365447998,4.576031684875488
9553,189.86227838,18,608.45068359375,True,1.4734019041061401,4.520427703857422,1.465822458267212,4.4288105964660645
9553,189.86227838,19,612.1607666015625,True,1.6473671197891235,4.958436489105225,1.6408708095550537,4.870368003845215
9553,189.86227838,20,615.8707885742188,True,1.7184796333312988,5.259519100189209,1.7089096307754517,5.164954662322998
9553,189.86227838,21,619.5808715820312,True,1.6453357934951782,5.314394474029541,1.632643461227417,5.2222113609313965
9553,189.86227838,22,623.2909545898438,True,1.5821003913879395,5.148721694946289,1.5711454153060913,5.08483362197876
9553,189.86227838,23,627.0009765625,True,1.5740437507629395,5.165595054626465,1.5671532154083252,5.103481769561768
9553,189.86227838,24,630.7110595703125,True,1.7700728178024292,5.563889026641846,1.7541275024414062,5.476452350616455
9553,189.86227838,25,634.421142578125,True,1.7946876287460327,5.636092662811279,1.786110758781433,5.556535720825195
9553,189.86227838,26,638.1312255859375,True,1.9654810428619385,5.680731296539307,1.9606759548187256,5.608258247375488
9553,189.86227838,27,641.8412475585938,True,2.1322174072265625,6.089834690093994,2.127657175064087,6.015533447265625
9553,189.86227838,28,645.5513305664062,True,2.1350388526916504,6.320129871368408,2.125800132751465,6.2459306716918945
9553,189.86227838,29,649.2614135742188,True,2.0905966758728027,6.295970916748047,2.0797717571258545,6.232123851776123
9553,189.86227838,30,652.971435546875,True,2.0413856506347656,6.224865913391113,2.0356106758117676,6.1769819259643555
9553,189.86227838,31,656.6815185546875,True,2.15333890914917,6.369598388671875,2.1450345516204834,6.297701835632324
9553,189.86227838,32,660.3916015625,True,2.248134136199951,6.710321426391602,2.2349965572357178,6.639544486999512
9553,189.86227838,33,664.1016235351562,True,2.306464195251465,6.662527561187744,2.300032615661621,6.604250431060791
9553,189.86227838,34,667.8117065429688,True,2.481064796447754,6.912766456604004,2.477189064025879,6.851543426513672
9553,189.86227838,35,671.5217895507812,True,2.6116719245910645,7.145966053009033,2.6052939891815186,7.083252906799316
9553,189.86227838,36,675.2318725585938,True,2.5636210441589355,7.316465854644775,2.5542988777160645,7.263594627380371
9553,189.86227838,37,678.94189453125,True,2.5331764221191406,7.326128959655762,2.523678779602051,7.282942771911621
9553,189.86227838,38,682.6519775390625,True,2.5231356620788574,7.278887748718262,2.5186169147491455,7.235535144805908
9553,189.86227838,39,686.362060546875,True,2.693429708480835,7.505484580993652,2.6812233924865723,7.444855690002441
9553,189.86227838,40,690.0720825195312,True,2.6967594623565674,7.747355937957764,2.687833786010742,7.695163726806641
9553,189.86227838,41,693.7821655273438,True,2.8299694061279297,7.781562805175781,2.824944257736206,7.734971523284912
9553,189.86227838,42,697.4922485351562,True,3.0047144889831543,8.0853853225708,3.0018725395202637,8.029540061950684
9553,189.86227838,43,701.2023315429688,True,3.0695037841796875,8.236212730407715,3.062654495239258,8.177696228027344
9553,189.86227838,44,704.912353515625,True,3.0274462699890137,8.342253684997559,3.01922345161438,8.291236877441406
9553,189.86227838,45,708.6224365234375,True,3.0003015995025635,8.38467025756836,2.994677782058716,8.345690727233887
9553,189.86227838,46,712.33251953125,True,3.071953058242798,8.370746612548828,3.0666916370391846,8.319672584533691
9553,189.86227838,47,716.0425415039062,True,3.195859432220459,8.666694641113281,3.1826019287109375,8.611248970031738
9553,189.86227838,48,719.7526245117188,True,3.197253942489624,8.778599739074707,3.1915273666381836,8.729660034179688
9561,189.86227838,1,575.0601196289062,True,0.6259978413581848,2.33374285697937,0.5997610092163086,2.17236328125
9561,189.86227838,2,578.7701416015625,True,0.8233243823051453,2.909731388092041,0.8133848309516907,2.6981682777404785
9561,189.86227838,3,582.480224609375,True,0.9823166728019714,3.2054224014282227,0.9737333059310913,3.027282476425171
9561,189.86227838,4,586.1903076171875,True,1.0625289678573608,3.6312150955200195,1.0491750240325928,3.4716148376464844
9561,189.86227838,5,589.9003295898438,True,1.0079066753387451,3.8052759170532227,0.9922811985015869,3.624784469604492
9561,189.86227838,6,593.6104125976562,True,0.9133440256118774,3.3812615871429443,0.8931218385696411,3.2203376293182373
9561,189.86227838,7,597.3204956054688,True,0.7288991212844849,2.8697450160980225,0.7106724977493286,2.800014019012451
9561,189.86227838,8,601.030517578125,True,0.7455395460128784,3.086477041244507,0.7284437417984009,2.981537103652954
9561,189.86227838,9,604.7406005859375,True,0.9522529244422913,3.650071382522583,0.9349230527877808,3.4927639961242676
9561,189.86227838,10,608.45068359375,True,1.108100414276123,3.532078742980957,1.0998868942260742,3.3897056579589844
9561,189.86227838,11,612.1607666015625,True,1.276658058166504,4.052326679229736,1.268136739730835,3.9342689514160156
9561,189.86227838,12,615.8707885742188,True,1.3311359882354736,4.336921215057373,1.3190956115722656,4.212061405181885
9561,189.86227838,13,619.5808715820312,True,1.2603296041488647,4.381652355194092,1.245073914527893,4.248463153839111
9561,189.86227838,14,623.2909545898438,True,1.1912869215011597,4.117642879486084,1.1741185188293457,4.020134449005127
9561,189.86227838,15,627.0009765625,True,1.0803842544555664,3.9984657764434814,1.07025945186615,3.9336111545562744
9561,189.86227838,16,630.7110595703125,True,1.2592198848724365,4.424406051635742,1.241347312927246,4.314527988433838
9561,189.86227838,17,634.421142578125,True,1.3466063737869263,4.531338214874268,1.3350149393081665,4.419091701507568
9561,189.86227838,18,638.1312255859375,True,1.5288649797439575,4.603666305541992,1.5220602750778198,4.502387523651123
9561,189.86227838,19,641.8412475585938,True,1.6833465099334717,5.074627876281738,1.676330327987671,4.982169151306152
9561,189.86227838,20,645.5513305664062,True,1.678480625152588,5.303530693054199,1.667005181312561,5.203287124633789
9561,189.86227838,21,649.2614135742188,True,1.6289445161819458,5.252556324005127,1.6160752773284912,5.16145658493042
9561,189.86227838,22,652.971435546875,True,1.5731818675994873,5.1204729080200195,1.5624635219573975,5.057460308074951
9561,189.86227838,23,656.6815185546875,True,1.5931622982025146,5.209662914276123,1.5848981142044067,5.12908411026001
9561,189.86227838,24,660.3916015625,True,1.7350540161132812,5.5687174797058105,1.7194507122039795,5.4759721755981445
9561,189.86227838,25,664.1016235351562,True,1.8303073644638062,5.530582427978516,1.8226020336151123,5.449141502380371
9561,189.86227838,26,667.8117065429688,True,2.0173912048339844,5.851532459259033,2.012162685394287,5.769067764282227
9561,189.86227838,27,671.5217895507812,True,2.141605854034424,6.114149570465088,2.1335880756378174,6.034052848815918
9561,189.86227838,28,675.2318725585938,True,2.097254514694214,6.2904953956604,2.0866541862487793,6.218531131744385
9561,189.86227838,29,678.94189453125,True,2.0738790035247803,6.282942771911621,2.0625083446502686,6.219583511352539
9561,189.86227838,30,682.6519775390625,True,2.0392112731933594,6.2168474197387695,2.0327868461608887,6.162439346313477
9561,189.86227838,31,686.362060546875,True,2.1641619205474854,6.416336536407471,2.151775360107422,6.341495990753174
9561,189.86227838,32,690.0720825195312,True,2.2072508335113525,6.638664722442627,2.1969552040100098,6.567662239074707
9561,189.86227838,33,693.7821655273438,True,2.353881597518921,6.676677703857422,2.347930669784546,6.612022876739502
9561,189.86227838,34,697.4922485351562,True,2.5277600288391113,7.043817043304443,2.5236496925354004,6.972052097320557
9561,189.86227838,35,701.2023315429688,True,2.586479425430298,7.193812847137451,2.5781290531158447,7.121793270111084
9561,189.86227838,36,704.912353515625,True,2.543320417404175,7.300962448120117,2.533905506134033,7.234142780303955
9561,189.86227838,37,708.6224365234375,True,2.522439956665039,7.3154754638671875,2.5137174129486084,7.262934684753418
9561,189.86227838,38,712.33251953125,True,2.541337728500366,7.282720565795898,2.5358200073242188,7.223514556884766
9561,189.86227838,39,716.0425415039062,True,2.6720309257507324,7.562658309936523,2.6577529907226562,7.493293285369873
9561,189.86227838,40,719.7526245117188,True,2.7011373043060303,7.661437034606934,2.6940078735351562,7.597105979919434
9561,189.86227838,41,723.4627075195312,True,2.8779919147491455,7.856999397277832,2.872922420501709,7.797034740447998
9561,189.86227838,42,727.1727905273438,True,3.0387260913848877,8.06295108795166,3.0333003997802734,8.002218246459961
9561,189.86227838,43,730.8828125,True,3.027566432952881,8.262407302856445,3.019122838973999,8.197502136230469
9561,189.86227838,44,734.5928955078125,True,3.0100839138031006,8.356792449951172,3.0007851123809814,8.301962852478027
9561,189.86227838,45,738.302978515625,True,2.9965925216674805,8.307366371154785,2.9909908771514893,8.266129493713379
9561,189.86227838,46,742.0130004882812,True,3.094099760055542,8.360847473144531,3.0861542224884033,8.31306266784668
9561,189.86227838,47,745.7230834960938,True,3.142970323562622,8.671948432922363,3.1315970420837402,8.619440078735352
9561,189.86227838,48,749.4331665039062,True,3.238619565963745,8.742199897766113,3.2318387031555176,8.692706108093262
9577,189.86227838,1,634.421142578125,True,0.6293298006057739,2.2264561653137207,0.6095709800720215,2.0524251461029053
9577,189.86227838,2,638.1312255859375,True,0.8475586771965027,3.27079701423645,0.8365315198898315,3.058708906173706
9577,189.86227838,3,641.8412475585938,True,0.999325156211853,3.7245233058929443,0.9857581257820129,3.5419623851776123
9577,189.86227838,4,645.5513305664062,True,1.0286272764205933,3.530700206756592,1.007063865661621,3.3947925567626953
9577,189.86227838,5,649.2614135742188,True,0.9484206438064575,3.47981858253479,0.9310394525527954,3.3269572257995605
9577,189.86227838,6,652.971435546875,True,0.8738161325454712,3.237316370010376,0.8552199006080627,3.1132357120513916
9577,189.86227838,7,656.6815185546875,True,0.7298142910003662,2.932976484298706,0.7130292057991028,2.861710548400879
9577,189.86227838,8,660.3916015625,True,0.7261372804641724,3.162874221801758,0.7093129754066467,3.0396389961242676
9577,189.86227838,9,664.1016235351562,True,0.960008978843689,3.3747599124908447,0.9492021799087524,3.2143309116363525
9577,189.86227838,10,667.8117065429688,True,1.1524420976638794,3.9297635555267334,1.1453112363815308,3.7766575813293457
9577,189.86227838,11,671.5217895507812,True,1.2872213125228882,4.120283603668213,1.274072527885437,4.00264835357666
9577,189.86227838,12,675.2318725585938,True,1.2593657970428467,4.26196813583374,1.2424023151397705,4.1589555740356445
9577,189.86227838,13,678.94189453125,True,1.203216552734375,4.239992618560791,1.1890732049942017,4.124211311340332
9577,189.86227838,14,682.6519775390625,True,1.1576950550079346,4.11250114440918,1.1438912153244019,4.015093803405762
9577,189.86227838,15,686.362060546875,True,1.1046377420425415,4.127942085266113,1.0920265913009644,4.027955055236816
9577,189.86227838,16,690.0720825195312,True,1.1928057670593262,4.304561138153076,1.1803631782531738,4.186651229858398
9577,189.86227838,17,693.7821655273438,True,1.3951503038406372,4.462762355804443,1.386788249015808,4.346421241760254
9577,189.86227838,18,697.4922485351562,True,1.5779211521148682,4.980933666229248,1.571163296699524,4.861670017242432
9577,189.86227838,19,701.2023315429688,True,1.656070351600647,5.075680255889893,1.6416841745376587,4.9811882972717285
9577,189.86227838,20,704.912353515625,True,1.607254147529602,5.206319332122803,1.5930781364440918,5.1126708984375
9577,189.86227838,21,708.6224365234375,True,1.5880260467529297,5.197198390960693,1.5765043497085571,5.108593463897705
9577,189.86227838,22,712.33251953125,True,1.5720927715301514,5.144838809967041,1.5620625019073486,5.062264442443848
9577,189.86227838,23,716.0425415039062,True,1.5833864212036133,5.2973127365112305,1.5707314014434814,5.201450824737549
9577,189.86227838,24,719.7526245117188,True,1.6857597827911377,5.3788533210754395,1.6763126850128174,5.2784810066223145
9577,189.86227838,25,723.4627075195312,True,1.8842861652374268,5.674415588378906,1.877512812614441,5.577769756317139
9577,189.86227838,26,727.1727905273438,True,2.0597856044769287,5.949062347412109,2.0513851642608643,5.860381603240967
9577,189.86227838,27,730.8828125,True,2.0659334659576416,6.135623455047607,2.0528199672698975,6.053957939147949
9577,189.86227838,28,734.5928955078125,True,2.03741717338562,6.263952732086182,2.026155471801758,6.178905487060547
9577,189.86227838,29,738.302978515625,True,2.042631149291992,6.204953193664551,2.03385066986084,6.132000923156738
9577,189.86227838,30,742.0130004882812,True,2.0677077770233154,6.2271318435668945,2.059213161468506,6.157962799072266
9577,189.86227838,31,745.7230834960938,True,2.0927200317382812,6.429653644561768,2.081237554550171,6.348320007324219
9577,189.86227838,32,749.4331665039062,True,2.228842258453369,6.523719310760498,2.2199339866638184,6.441129684448242
9577,189.86227838,33,753.1431884765625,True,2.4106504917144775,6.894263744354248,2.40514874458313,6.81293249130249
9577,189.86227838,34,756.853271484375,True,2.5405807495117188,6.958364486694336,2.5301930904388428,6.896764755249023
9577,189.86227838,35,760.5633544921875,True,2.5032167434692383,7.171142101287842,2.4911410808563232,7.101717472076416
9577,189.86227838,36,764.2734375,True,2.4919028282165527,7.306774616241455,2.482541561126709,7.237699508666992
9577,189.86227838,37,767.9834594726562,True,2.511763095855713,7.21157693862915,2.504337787628174,7.152634143829346
9577,189.86227838,38,771.6935424804688,True,2.5546622276306152,7.325762748718262,2.5450148582458496,7.257274627685547
9577,189.86227838,39,775.4036254882812,True,2.5821754932403564,7.4973464012146,2.572972059249878,7.422913074493408
9577,189.86227838,40,779.1136474609375,True,2.7558107376098633,7.688496112823486,2.748464584350586,7.622971534729004
9577,189.86227838,41,782.82373046875,True,2.9400577545166016,7.944127082824707,2.9341657161712646,7.885542392730713
9577,189.86227838,42,786.5338134765625,True,2.9943103790283203,8.023255348205566,2.9826316833496094,7.977859020233154
9577,189.86227838,43,790.243896484375,True,2.963937520980835,8.234145164489746,2.9524037837982178,8.180061340332031
9577,189.86227838,44,793.9539184570312,True,2.9730870723724365,8.28542423248291,2.9648499488830566,8.235718727111816
9577,189.86227838,45,797.6640014648438,True,3.0204339027404785,8.248912811279297,3.0134737491607666,8.198826789855957
9577,189.86227838,46,801.3740844726562,True,3.0448122024536133,8.437201499938965,3.033841609954834,8.378653526306152
9577,189.86227838,47,805.0841064453125,True,3.115112066268921,8.565256118774414,3.1065948009490967,8.508102416992188
9577,189.86227838,48,808.794189453125,True,3.291496753692627,8.84646224975586,3.286119222640991,8.794893264770508
9593,189.86227838,1,693.7821655273438,True,0.6021245718002319,2.488273859024048,0.5788353085517883,2.3350064754486084
9593,189.86227838,2,697.4922485351562,True,0.873619794845581,3.5808894634246826,0.8560075163841248,3.3721766471862793
9593,189.86227838,3,701.2023315429688,True,1.0117603540420532,3.419721841812134,0.9901397824287415,3.292741537094116
9593,189.86227838,4,704.912353515625,True,0.939322829246521,3.2814574241638184,0.9151215553283691,3.2197580337524414
9593,189.86227838,5,708.6224365234375,True,0.8908735513687134,3.2864465713500977,0.8756930828094482,3.1626322269439697
9593,189.86227838,6,712.33251953125,True,0.8916523456573486,3.266627311706543,0.8767372965812683,3.1347367763519287
9593,189.86227838,7,716.0425415039062,True,0.7713865637779236,3.2139792442321777,0.7521917223930359,3.1085662841796875
9593,189.86227838,8,719.7526245117188,True,0.7316415309906006,2.961270809173584,0.7205063700675964,2.8333659172058105
9593,189.86227838,9,723.4627075195312,True,1.0000505447387695,3.5675292015075684,0.9861837029457092,3.405543088912964
9593,189.86227838,10,727.1727905273438,True,1.2247318029403687,4.047407627105713,1.2113655805587769,3.902874231338501
9593,189.86227838,11,730.8828125,True,1.2607790231704712,4.202107906341553,1.2411456108093262,4.105881214141846
9593,189.86227838,12,734.5928955078125,True,1.1978000402450562,4.170469760894775,1.1800577640533447,4.067732810974121
9593,189.86227838,13,738.302978515625,True,1.193939208984375,4.129401206970215,1.1840615272521973,4.018176555633545
9593,189.86227838,14,742.0130004882812,True,1.2215003967285156,4.2184224128723145,1.2061673402786255,4.110367774963379
9593,189.86227838,15,745.7230834960938,True,1.0941907167434692,4.215859889984131,1.0815328359603882,4.1159868240356445
9593,189.86227838,16,749.4331665039062,True,1.2448763847351074,4.208540916442871,1.2309837341308594,4.089807033538818
9593,189.86227838,17,753.1431884765625,True,1.4684339761734009,4.765142440795898,1.4559705257415771,4.645982265472412
9593,189.86227838,18,756.853271484375,True,1.6362839937210083,4.97408390045166,1.6208467483520508,4.881779670715332
9593,189.86227838,19,760.5633544921875,True,1.6009200811386108,5.134552955627441,1.5812546014785767,5.053812026977539
9593,189.86227838,20,764.2734375,True,1.575058102607727,5.154837608337402,1.5612354278564453,5.065806865692139
9593,189.86227838,21,767.9834594726562,True,1.612376093864441,5.156345844268799,1.6023709774017334,5.07309103012085
9593,189.86227838,22,771.6935424804688,True,1.6335718631744385,5.318892002105713,1.6193814277648926,5.230820655822754
9593,189.86227838,23,775.4036254882812,True,1.5512369871139526,5.26325798034668,1.5416898727416992,5.170931816101074
9593,189.86227838,24,779.1136474609375,True,1.7612531185150146,5.458004474639893,1.749295949935913,5.361782550811768
9593,189.86227838,25,782.82373046875,True,1.9761327505111694,5.870535850524902,1.9663214683532715,5.786044120788574
9593,189.86227838,26,786.5338134765625,True,2.0589771270751953,6.03389835357666,2.043059825897217,5.9724626541137695
9593,189.86227838,27,790.243896484375,True,2.019437313079834,6.161866664886475,2.003246307373047,6.095686435699463
9593,189.86227838,28,793.9539184570312,True,2.0311641693115234,6.180601119995117,2.021799325942993,6.106542110443115
9593,189.86227838,29,797.6640014648438,True,2.1028177738189697,6.259395122528076,2.092550754547119,6.181000709533691
9593,189.86227838,30,801.3740844726562,True,2.0730056762695312,6.404293537139893,2.061006546020508,6.328691005706787
9593,189.86227838,31,805.0841064453125,True,2.112220525741577,6.363595962524414,2.102405071258545,6.286523342132568
9593,189.86227838,32,808.794189453125,True,2.308526039123535,6.699699401855469,2.2991678714752197,6.621831893920898
9593,189.86227838,33,812.5042724609375,True,2.49796724319458,6.874680519104004,2.4871175289154053,6.811867713928223
9593,189.86227838,34,816.2142944335938,True,2.4923388957977295,7.080359935760498,2.477003335952759,7.032717227935791
9593,189.86227838,35,819.9243774414062,True,2.4700334072113037,7.221580982208252,2.457522392272949,7.160075664520264
9593,189.86227838,36,823.6344604492188,True,2.5086522102355957,7.188922882080078,2.500875234603882,7.127789497375488
9593,189.86227838,37,827.3445434570312,True,2.58247971534729,7.304596900939941,2.5708346366882324,7.239536285400391
9593,189.86227838,38,831.0545654296875,True,2.5048868656158447,7.414834022521973,2.495598077774048,7.351423740386963
9593,189.86227838,39,834.7646484375,True,2.6528964042663574,7.526941776275635,2.642223358154297,7.461967468261719
9593,189.86227838,40,838.4747314453125,True,2.8476269245147705,7.841124534606934,2.839561700820923,7.779349327087402
9593,189.86227838,41,842.1847534179688,True,2.9766530990600586,7.93247652053833,2.9642372131347656,7.879615783691406
9593,189.86227838,42,845.8948364257812,True,2.9405007362365723,8.140317916870117,2.926821708679199,8.084065437316895
9593,189.86227838,43,849.6049194335938,True,2.943324565887451,8.267379760742188,2.934279203414917,8.2088623046875
9593,189.86227838,44,853.3150024414062,True,3.0165340900421143,8.23414134979248,3.009042978286743,8.177597999572754
9593,189.86227838,45,857.0250244140625,True,3.0490286350250244,8.400391578674316,3.0373432636260986,8.342090606689453
9593,189.86227838,46,860.735107421875,True,3.0137786865234375,8.463358879089355,3.006293773651123,8.400693893432617
9593,189.86227838,47,864.4451904296875,True,3.1964030265808105,8.69867992401123,3.1877939701080322,8.639305114746094
9593,189.86227838,48,868.1552124023438,True,3.3956494331359863,8.844086647033691,3.3881869316101074,8.79401969909668
9609,189.86227838,1,753.1431884765625,True,0.6708291172981262,2.618010997772217,0.642040491104126,2.4317235946655273
9609,189.86227838,2,756.853271484375,True,0.9186838865280151,3.395540714263916,0.8973178267478943,3.1970996856689453
9609,189.86227838,3,760.5633544921875,True,0.898284375667572,3.4253530502319336,0.8766798973083496,3.3196163177490234
9609,189.86227838,4,764.2734375,True,0.8752647042274475,3.063685178756714,0.8572651147842407,3.002408027648926
9609,189.86227838,5,767.9834594726562,True,0.9354975819587708,3.306561231613159,0.9244202375411987,3.180692434310913
9609,189.86227838,6,771.6935424804688,True,0.925017774105072,3.6229710578918457,0.9067540168762207,3.468050003051758
9609,189.86227838,7,775.4036254882812,True,0.7259745597839355,3.1353280544281006,0.7071274518966675,3.0268752574920654
9609,189.86227838,8,779.1136474609375,True,0.7648767232894897,2.9211347103118896,0.7513303160667419,2.8068277835845947
9609,189.86227838,9,782.82373046875,True,1.0956507921218872,3.8073153495788574,1.077638864517212,3.66445255279541
9609,189.86227838,10,786.5338134765625,True,1.1962389945983887,4.21032190322876,1.1765235662460327,4.086207866668701
9609,189.86227838,11,790.243896484375,True,1.1521763801574707,4.059908866882324,1.1313793659210205,3.97259783744812
9609,189.86227838,12,793.9539184570312,True,1.1822996139526367,3.9247829914093018,1.168331503868103,3.8357739448547363
9609,189.86227838,13,797.6640014648438,True,1.2452226877212524,4.260491371154785,1.2345634698867798,4.139972686767578
9609,189.86227838,14,801.3740844726562,True,1.194094181060791,4.435777187347412,1.1756271123886108,4.320759296417236
9609,189.86227838,15,805.0841064453125,True,1.0770989656448364,4.015859603881836,1.0672684907913208,3.929670810699463
9609,189.86227838,16,808.794189453125,True,1.2912850379943848,4.372817039489746,1.2788573503494263,4.2593231201171875
9609,189.86227838,17,812.5042724609375,True,1.5301241874694824,4.844731330871582,1.5152642726898193,4.740548133850098
9609,189.86227838,18,816.2142944335938,True,1.5308709144592285,5.095615386962891,1.513528823852539,5.020452976226807
9609,189.86227838,19,819.9243774414062,True,1.5177767276763916,4.965682506561279,1.5021828413009644,4.8980302810668945
9609,189.86227838,20,823.6344604492188,True,1.579160213470459,5.01655912399292,1.5694737434387207,4.935169696807861
9609,189.86227838,21,827.3445434570312,True,1.6564931869506836,5.329588890075684,1.6436183452606201,5.2324700355529785
9609,189.86227838,22,831.0545654296875,True,1.551200032234192,5.331352710723877,1.5384976863861084,5.253021717071533
9609,189.86227838,23,834.7646484375,True,1.577393889427185,5.196343898773193,1.5699210166931152,5.118139743804932
9609,189.86227838,24,838.4747314453125,True,1.826577067375183,5.67611837387085,1.8156217336654663,5.579777240753174
9609,189.86227838,25,842.1847534179688,True,1.9675880670547485,5.948944568634033,1.9537655115127563,5.865156173706055
9609,189.86227838,26,845.8948364257812,True,1.9426939487457275,6.058832168579102,1.9280426502227783,5.989264011383057
9609,189.86227838,27,849.6049194335938,True,1.9697788953781128,6.032048225402832,1.9589202404022217,5.961996078491211
9609,189.86227838,28,853.3150024414062,True,2.0534493923187256,6.168660640716553,2.0461337566375732,6.084845066070557
9609,189.86227838,29,857.0250244140625,True,2.0994956493377686,6.419254302978516,2.0853967666625977,6.3368306159973145
9609,189.86227838,30,860.735107421875,True,2.008720874786377,6.310941219329834,2.0017082691192627,6.2407989501953125
9609,189.86227838,31,864.4451904296875,True,2.1532349586486816,6.4500346183776855,2.14520525932312,6.3706746101379395
9609,189.86227838,32,868.1552124023438,True,2.379912853240967,6.772496700286865,2.369797706604004,6.695767402648926
9609,189.86227838,33,871.8652954101562,True,2.414445161819458,7.034693717956543,2.4013030529022217,6.968538284301758
9609,189.86227838,34,875.5753784179688,True,2.4017062187194824,7.064391136169434,2.3891546726226807,7.004652976989746
9609,189.86227838,35,879.285400390625,True,2.4484548568725586,7.059243202209473,2.4409098625183105,6.99680233001709
9609,189.86227838,36,882.9954833984375,True,2.5463175773620605,7.238185405731201,2.5384888648986816,7.170075416564941
9609,189.86227838,37,886.70556640625,True,2.5053563117980957,7.430450439453125,2.494593858718872,7.3707475662231445
9609,189.86227838,38,890.4156494140625,True,2.501608371734619,7.3680572509765625,2.49638295173645,7.306830406188965
9609,189.86227838,39,894.1256713867188,True,2.699246883392334,7.665276527404785,2.6919522285461426,7.592061996459961
9609,189.86227838,40,897.8357543945312,True,2.8732149600982666,7.821056365966797,2.863199472427368,7.769030570983887
9609,189.86227838,41,901.5458374023438,True,2.8547980785369873,8.036110877990723,2.843413829803467,7.99230432510376
9609,189.86227838,42,905.255859375,True,2.8677382469177246,8.124890327453613,2.8579485416412354,8.073121070861816
9609,189.86227838,43,908.9659423828125,True,2.942518472671509,8.134571075439453,2.936682939529419,8.07164192199707
9609,189.86227838,44,912.676025390625,True,3.0339746475219727,8.349223136901855,3.023171901702881,8.289031982421875
9609,189.86227838,45,916.3861083984375,True,2.945065975189209,8.438222885131836,2.9386167526245117,8.386877059936523
9609,189.86227838,46,920.0961303710938,True,3.046985626220703,8.525374412536621,3.0409111976623535,8.47049617767334
9609,189.86227838,47,923.8062133789062,True,3.2612223625183105,8.771219253540039,3.253741502761841,8.715913772583008
9609,189.86227838,48,927.5162963867188,True,3.3477096557617188,8.9116849899292,3.3367819786071777,8.878417015075684
