method,seed,Re,window,step,time,reference,Eu,Ep,cluster,switches,switch_projection_jump
ql-ROM-style within a fixed POD space,1248,100.352251335,3874,1,876.6906127929688,common_POD_r32_gauge_fixed,0.6167586348596986,20.561709653564822,0,0,0.0
ql-ROM-style within a fixed POD space,1248,100.352251335,3874,2,884.5181884765625,common_POD_r32_gauge_fixed,0.8099061450856591,20.51926667693186,0,0,0.0
ql-ROM-style within a fixed POD space,1248,100.352251335,3874,3,892.3457641601562,common_POD_r32_gauge_fixed,0.8880954133081768,19.978227338977995,0,0,0.0
ql-ROM-style within a fixed POD space,1248,100.352251335,3874,4,900.1734008789062,common_POD_r32_gauge_fixed,0.9879684990889634,19.756327484736012,0,0,0.0
ql-ROM-style within a fixed POD space,1248,100.352251335,3874,5,908.0009765625,common_POD_r32_gauge_fixed,1.1014222892668952,20.277317534612436,0,0,0.0
ql-ROM-style within a fixed POD space,1248,100.352251335,3874,6,915.8285522460938,common_POD_r32_gauge_fixed,1.2296737898077166,20.92539411800617,0,0,0.0
ql-ROM-style within a fixed POD space,1248,100.352251335,3874,7,923.6561889648438,common_POD_r32_gauge_fixed,1.364859009230635,20.908603272354423,0,0,0.0
ql-ROM-style within a fixed POD space,1248,100.352251335,3874,8,931.4837646484375,common_POD_r32_gauge_fixed,1.5080297391079858,20.68271615502356,0,0,0.0
ql-ROM-style within a fixed POD space,1248,100.352251335,3874,9,939.3113403320312,common_POD_r32_gauge_fixed,1.6698670113278091,21.423072274226733,0,0,0.0
ql-ROM-style within a fixed POD space,1248,100.352251335,3874,10,947.1389770507812,common_POD_r32_gauge_fixed,1.8555492431354805,22.299253994265484,0,0,0.0
ql-ROM-style within a fixed POD space,1248,100.352251335,3874,11,954.966552734375,common_POD_r32_gauge_fixed,1.9911393778369515,21.967217062310283,0,0,0.0
ql-ROM-style within a fixed POD space,1248,100.352251335,3874,12,962.7941284179688,common_POD_r32_gauge_fixed,2.154590764695772,21.668277028794005,0,0,0.0
ql-ROM-style within a fixed POD space,1248,100.352251335,3874,13,970.6217651367188,common_POD_r32_gauge_fixed,2.3296905589281494,22.434848666395872,0,0,0.0
ql-ROM-style within a fixed POD space,1248,100.352251335,3874,14,978.4493408203125,common_POD_r32_gauge_fixed,2.510650378659607,23.12845377889391,0,0,0.0
ql-ROM-style within a fixed POD space,1248,100.352251335,3874,15,986.2769165039062,common_POD_r32_gauge_fixed,2.6791040958566588,23.018303768183657,0,0,0.0
ql-ROM-style within a fixed POD space,1248,100.352251335,3874,16,994.1044921875,common_POD_r32_gauge_fixed,2.8625066998878856,22.467143242079974,0,0,0.0
ql-ROM-style within a fixed POD space,1248,100.352251335,3874,17,1001.93212890625,common_POD_r32_gauge_fixed,3.049509136064198,23.31659695864082,0,0,0.0
ql-ROM-style within a fixed POD space,1248,100.352251335,3874,18,1009.7597045898438,common_POD_r32_gauge_fixed,3.244660461479745,24.543730807594763,0,0,0.0
ql-ROM-style within a fixed POD space,1248,100.352251335,3874,19,1017.5872802734375,common_POD_r32_gauge_fixed,3.439517465485221,24.11537693404033,0,0,0.0
ql-ROM-style within a fixed POD space,1248,100.352251335,3874,20,1025.4149169921875,common_POD_r32_gauge_fixed,3.643869296440474,23.974297557913385,0,0,0.0
ql-ROM-style within a fixed POD space,1248,100.352251335,3874,21,1033.2425537109375,common_POD_r32_gauge_fixed,3.8399971775331476,25.02134823717318,0,0,0.0
ql-ROM-style within a fixed POD space,1248,100.352251335,3874,22,1041.070068359375,common_POD_r32_gauge_fixed,4.045313787069333,25.83239383848018,0,0,0.0
ql-ROM-style within a fixed POD space,1248,100.352251335,3874,23,1048.897705078125,common_POD_r32_gauge_fixed,4.268848805641717,25.802395780967508,0,0,0.0
ql-ROM-style within a fixed POD space,1248,100.352251335,3874,24,1056.7252197265625,common_POD_r32_gauge_fixed,4.4951390265406665,25.964549191786045,0,0,0.0
ql-ROM-style within a fixed POD space,1248,100.352251335,3874,25,1064.5528564453125,common_POD_r32_gauge_fixed,4.688167032977111,26.826121942073172,0,0,0.0
ql-ROM-style within a fixed POD space,1248,100.352251335,3874,26,1072.3804931640625,common_POD_r32_gauge_fixed,4.900101299367561,27.447519121860942,0,0,0.0
ql-ROM-style within a fixed POD space,1248,100.352251335,3874,27,1080.2080078125,common_POD_r32_gauge_fixed,5.125966355009356,27.11916829967167,0,0,0.0
ql-ROM-style within a fixed POD space,1248,100.352251335,3874,28,1088.03564453125,common_POD_r32_gauge_fixed,5.334873956792005,27.996775602950507,0,0,0.0
ql-ROM-style within a fixed POD space,1248,100.352251335,3874,29,1095.86328125,common_POD_r32_gauge_fixed,5.513603630391175,28.979839961778385,0,0,0.0
ql-ROM-style within a fixed POD space,1248,100.352251335,3874,30,1103.6907958984375,common_POD_r32_gauge_fixed,5.711791430052044,29.293738667494214,0,0,0.0
ql-ROM-style within a fixed POD space,1248,100.352251335,3874,31,1111.5184326171875,common_POD_r32_gauge_fixed,5.940214794383249,29.54969333370798,0,0,0.0
ql-ROM-style within a fixed POD space,1248,100.352251335,3874,32,1119.3460693359375,common_POD_r32_gauge_fixed,6.152311173357681,30.628099824393917,0,0,0.0
ql-ROM-style within a fixed POD space,1248,100.352251335,3874,33,1127.173583984375,common_POD_r32_gauge_fixed,6.304849718505438,31.0534220283516,0,0,0.0
ql-ROM-style within a fixed POD space,1248,100.352251335,3874,34,1135.001220703125,common_POD_r32_gauge_fixed,6.4884927260233605,30.674918210369157,0,0,0.0
ql-ROM-style within a fixed POD space,1248,100.352251335,3874,35,1142.828857421875,common_POD_r32_gauge_fixed,6.6907397013846435,30.191250211071274,0,0,0.0
ql-ROM-style within a fixed POD space,1248,100.352251335,3874,36,1150.6563720703125,common_POD_r32_gauge_fixed,6.856528231811578,31.33932901457004,0,0,0.0
ql-ROM-style within a fixed POD space,1248,100.352251335,3874,37,1158.4840087890625,common_POD_r32_gauge_fixed,6.997902970561815,32.196277088160954,0,0,0.0
ql-ROM-style within a fixed POD space,1248,100.352251335,3874,38,1166.3116455078125,common_POD_r32_gauge_fixed,7.169721880706178,32.284059396680654,0,0,0.0
ql-ROM-style within a fixed POD space,1248,100.352251335,3874,39,1174.13916015625,common_POD_r32_gauge_fixed,7.37338587805578,32.689983310673924,0,0,0.0
ql-ROM-style within a fixed POD space,1248,100.352251335,3874,40,1181.966796875,common_POD_r32_gauge_fixed,7.550132976538627,33.83900405901502,0,0,0.0
ql-ROM-style within a fixed POD space,1248,100.352251335,3874,41,1189.79443359375,common_POD_r32_gauge_fixed,7.674621269207211,34.04476222505677,0,0,0.0
ql-ROM-style within a fixed POD space,1248,100.352251335,3874,42,1197.6219482421875,common_POD_r32_gauge_fixed,7.8391374091023565,33.346295512854276,0,0,0.0
ql-ROM-style within a fixed POD space,1248,100.352251335,3874,43,1205.4495849609375,common_POD_r32_gauge_fixed,8.026834963931762,32.83709521600515,0,0,0.0
ql-ROM-style within a fixed POD space,1248,100.352251335,3874,44,1213.2772216796875,common_POD_r32_gauge_fixed,8.164151802601822,33.94884999079174,0,0,0.0
ql-ROM-style within a fixed POD space,1248,100.352251335,3874,45,1221.104736328125,common_POD_r32_gauge_fixed,8.277286422250265,34.77758497440774,0,0,0.0
ql-ROM-style within a fixed POD space,1248,100.352251335,3874,46,1228.932373046875,common_POD_r32_gauge_fixed,8.42855533710664,34.84446584697338,0,0,0.0
ql-ROM-style within a fixed POD space,1248,100.352251335,3874,47,1236.760009765625,common_POD_r32_gauge_fixed,8.613830625287608,35.381316142168416,0,0,0.0
ql-ROM-style within a fixed POD space,1248,100.352251335,3874,48,1244.5875244140625,common_POD_r32_gauge_fixed,8.760139633696339,36.56662739207168,0,0,0.0
ql-ROM-style within a fixed POD space,1248,100.352251335,3882,1,939.3113403320312,common_POD_r32_gauge_fixed,0.47133489112715377,20.45177336580618,0,0,0.0
ql-ROM-style within a fixed POD space,1248,100.352251335,3882,2,947.1389770507812,common_POD_r32_gauge_fixed,0.6628192034569178,20.789503454867127,0,0,0.0
ql-ROM-style within a fixed POD space,1248,100.352251335,3882,3,954.966552734375,common_POD_r32_gauge_fixed,0.7833470015707966,20.56641311902263,0,0,0.0
ql-ROM-style within a fixed POD space,1248,100.352251335,3882,4,962.7941284179688,common_POD_r32_gauge_fixed,0.9334865939387886,20.176966768729613,0,0,0.0
ql-ROM-style within a fixed POD space,1248,100.352251335,3882,5,970.6217651367188,common_POD_r32_gauge_fixed,1.1100401129372681,20.52846703795635,0,0,0.0
ql-ROM-style within a fixed POD space,1248,100.352251335,3882,6,978.4493408203125,common_POD_r32_gauge_fixed,1.283552337435398,21.318675841403515,0,0,0.0
ql-ROM-style within a fixed POD space,1248,100.352251335,3882,7,986.2769165039062,common_POD_r32_gauge_fixed,1.4646930614690155,21.633103320799147,0,0,0.0
ql-ROM-style within a fixed POD space,1248,100.352251335,3882,8,994.1044921875,common_POD_r32_gauge_fixed,1.6638321237124554,21.490080927011228,0,0,0.0
ql-ROM-style within a fixed POD space,1248,100.352251335,3882,9,1001.93212890625,common_POD_r32_gauge_fixed,1.8574770931062154,22.049852779581496,0,0,0.0
ql-ROM-style within a fixed POD space,1248,100.352251335,3882,10,1009.7597045898438,common_POD_r32_gauge_fixed,2.0756886690734584,23.017896477202466,0,0,0.0
ql-ROM-style within a fixed POD space,1248,100.352251335,3882,11,1017.5872802734375,common_POD_r32_gauge_fixed,2.2804635272154967,22.91967579723557,0,0,0.0
ql-ROM-style within a fixed POD space,1248,100.352251335,3882,12,1025.4149169921875,common_POD_r32_gauge_fixed,2.516099432760579,22.817321461942118,0,0,0.0
ql-ROM-style within a fixed POD space,1248,100.352251335,3882,13,1033.2425537109375,common_POD_r32_gauge_fixed,2.757982474035504,23.61021741138753,0,0,0.0
ql-ROM-style within a fixed POD space,1248,100.352251335,3882,14,1041.070068359375,common_POD_r32_gauge_fixed,3.007211513225495,24.27899673154861,0,0,0.0
ql-ROM-style within a fixed POD space,1248,100.352251335,3882,15,1048.897705078125,common_POD_r32_gauge_fixed,3.26706439782012,24.180137575542066,0,0,0.0
ql-ROM-style within a fixed POD space,1248,100.352251335,3882,16,1056.7252197265625,common_POD_r32_gauge_fixed,3.551928430670332,23.97671070131579,0,0,0.0
ql-ROM-style within a fixed POD space,1248,100.352251335,3882,17,1064.5528564453125,common_POD_r32_gauge_fixed,3.8375149172408785,25.103783693492172,0,0,0.0
ql-ROM-style within a fixed POD space,1248,100.352251335,3882,18,1072.3804931640625,common_POD_r32_gauge_fixed,4.128046304744922,26.427150408163563,0,0,0.0
ql-ROM-style within a fixed POD space,1248,100.352251335,3882,19,1080.2080078125,common_POD_r32_gauge_fixed,4.442484346130851,26.051687057629636,0,0,0.0
ql-ROM-style within a fixed POD space,1248,100.352251335,3882,20,1088.03564453125,common_POD_r32_gauge_fixed,4.774265251199228,26.681129605700203,0,0,0.0
ql-ROM-style within a fixed POD space,1248,100.352251335,3882,21,1095.86328125,common_POD_r32_gauge_fixed,5.09204241754165,28.071362253828557,0,0,0.0
ql-ROM-style within a fixed POD space,1248,100.352251335,3882,22,1103.6907958984375,common_POD_r32_gauge_fixed,5.423090356702961,28.84152609589743,0,0,0.0
ql-ROM-style within a fixed POD space,1248,100.352251335,3882,23,1111.5184326171875,common_POD_r32_gauge_fixed,5.791946113333596,28.916364049406095,0,0,0.0
ql-ROM-style within a fixed POD space,1248,100.352251335,3882,24,1119.3460693359375,common_POD_r32_gauge_fixed,6.162604523952033,30.279814438355366,0,0,0.0
ql-ROM-style within a fixed POD space,1248,100.352251335,3882,25,1127.173583984375,common_POD_r32_gauge_fixed,6.490165564665721,31.727721379683448,0,0,0.0
ql-ROM-style within a fixed POD space,1248,100.352251335,3882,26,1135.001220703125,common_POD_r32_gauge_fixed,6.839265595800841,31.96791079803083,0,0,0.0
ql-ROM-style within a fixed POD space,1248,100.352251335,3882,27,1142.828857421875,common_POD_r32_gauge_fixed,7.220001287276016,31.710782678993336,0,0,0.0
ql-ROM-style within a fixed POD space,1248,100.352251335,3882,28,1150.6563720703125,common_POD_r32_gauge_fixed,7.567854147367077,33.782826020682286,0,0,0.0
ql-ROM-style within a fixed POD space,1248,100.352251335,3882,29,1158.4840087890625,common_POD_r32_gauge_fixed,7.8683437147102255,35.12991371845885,0,0,0.0
ql-ROM-style within a fixed POD space,1248,100.352251335,3882,30,1166.3116455078125,common_POD_r32_gauge_fixed,8.206015262969267,34.97823676870945,0,0,0.0
ql-ROM-style within a fixed POD space,1248,100.352251335,3882,31,1174.13916015625,common_POD_r32_gauge_fixed,8.592736300030271,35.64157550599128,0,0,0.0
ql-ROM-style within a fixed POD space,1248,100.352251335,3882,32,1181.966796875,common_POD_r32_gauge_fixed,8.943361192121435,38.243169262782075,0,0,0.0
ql-ROM-style within a fixed POD space,1248,100.352251335,3882,33,1189.79443359375,common_POD_r32_gauge_fixed,9.218700826155894,39.09903021251259,0,0,0.0
ql-ROM-style within a fixed POD space,1248,100.352251335,3882,34,1197.6219482421875,common_POD_r32_gauge_fixed,9.543699755655373,37.85402114363491,0,0,0.0
ql-ROM-style within a fixed POD space,1248,100.352251335,3882,35,1205.4495849609375,common_POD_r32_gauge_fixed,9.91282689173385,37.85837563908887,0,0,0.0
ql-ROM-style within a fixed POD space,1248,100.352251335,3882,36,1213.2772216796875,common_POD_r32_gauge_fixed,10.219113111050085,40.405114355948655,0,0,0.0
ql-ROM-style within a fixed POD space,1248,100.352251335,3882,37,1221.104736328125,common_POD_r32_gauge_fixed,10.473492308902767,41.60354517938,0,0,0.0
ql-ROM-style within a fixed POD space,1248,100.352251335,3882,38,1228.932373046875,common_POD_r32_gauge_fixed,10.796034321785298,40.993621266782036,0,0,0.0
ql-ROM-style within a fixed POD space,1248,100.352251335,3882,39,1236.760009765625,common_POD_r32_gauge_fixed,11.178345948284878,42.305481582916634,0,0,0.0
ql-ROM-style within a fixed POD space,1248,100.352251335,3882,40,1244.5875244140625,common_POD_r32_gauge_fixed,11.497035117856543,45.27167213540172,0,0,0.0
ql-ROM-style within a fixed POD space,1248,100.352251335,3882,41,1252.4151611328125,common_POD_r32_gauge_fixed,11.738516904682143,45.59708430603867,0,0,0.0
ql-ROM-style within a fixed POD space,1248,100.352251335,3882,42,1260.2427978515625,common_POD_r32_gauge_fixed,12.057499582924258,43.71756479578498,0,0,0.0
ql-ROM-style within a fixed POD space,1248,100.352251335,3882,43,1268.0703125,common_POD_r32_gauge_fixed,12.424749187035635,44.38322048001492,0,0,0.0
ql-ROM-style within a fixed POD space,1248,100.352251335,3882,44,1275.89794921875,common_POD_r32_gauge_fixed,12.695367893071547,47.128213747649546,0,0,0.0
ql-ROM-style within a fixed POD space,1248,100.352251335,3882,45,1283.7254638671875,common_POD_r32_gauge_fixed,12.911195782646127,47.916021510343334,0,0,0.0
ql-ROM-style within a fixed POD space,1248,100.352251335,3882,46,1291.5531005859375,common_POD_r32_gauge_fixed,13.23260978657742,47.052049589036955,0,0,0.0
ql-ROM-style within a fixed POD space,1248,100.352251335,3882,47,1299.3807373046875,common_POD_r32_gauge_fixed,13.603642192886864,49.14395824978885,0,0,0.0
ql-ROM-style within a fixed POD space,1248,100.352251335,3882,48,1307.208251953125,common_POD_r32_gauge_fixed,13.868353892724144,52.105869502823175,0,0,0.0
ql-ROM-style within a fixed POD space,1248,100.352251335,3898,1,1064.5528564453125,common_POD_r32_gauge_fixed,0.4552347164110705,20.39998765664748,0,0,0.0
ql-ROM-style within a fixed POD space,1248,100.352251335,3898,2,1072.3804931640625,common_POD_r32_gauge_fixed,0.5731663411577981,20.87625761564823,0,0,0.0
ql-ROM-style within a fixed POD space,1248,100.352251335,3898,3,1080.2080078125,common_POD_r32_gauge_fixed,0.7521868860777879,21.230433403169656,0,0,0.0
ql-ROM-style within a fixed POD space,1248,100.352251335,3898,4,1088.03564453125,common_POD_r32_gauge_fixed,0.97169963662006,21.0465105784663,0,0,0.0
ql-ROM-style within a fixed POD space,1248,100.352251335,3898,5,1095.86328125,common_POD_r32_gauge_fixed,1.1718979884904936,21.392448130816256,0,0,0.0
ql-ROM-style within a fixed POD space,1248,100.352251335,3898,6,1103.6907958984375,common_POD_r32_gauge_fixed,1.3885553990397188,21.997389436520788,0,0,0.0
ql-ROM-style within a fixed POD space,1248,100.352251335,3898,7,1111.5184326171875,common_POD_r32_gauge_fixed,1.6082413859126325,22.53477537860504,0,0,0.0
ql-ROM-style within a fixed POD space,1248,100.352251335,3898,8,1119.3460693359375,common_POD_r32_gauge_fixed,1.8595628859478421,22.527454975049437,0,0,0.0
ql-ROM-style within a fixed POD space,1248,100.352251335,3898,9,1127.173583984375,common_POD_r32_gauge_fixed,2.102002500796904,23.049035439797155,0,0,0.0
ql-ROM-style within a fixed POD space,1248,100.352251335,3898,10,1135.001220703125,common_POD_r32_gauge_fixed,2.361398819400236,24.010874113687606,0,0,0.0
ql-ROM-style within a fixed POD space,1248,100.352251335,3898,11,1142.828857421875,common_POD_r32_gauge_fixed,2.6381043437269067,24.253538141897472,0,0,0.0
ql-ROM-style within a fixed POD space,1248,100.352251335,3898,12,1150.6563720703125,common_POD_r32_gauge_fixed,2.9468175505305663,24.391576001928865,0,0,0.0
ql-ROM-style within a fixed POD space,1248,100.352251335,3898,13,1158.4840087890625,common_POD_r32_gauge_fixed,3.2512582181940806,25.41081695309888,0,0,0.0
ql-ROM-style within a fixed POD space,1248,100.352251335,3898,14,1166.3116455078125,common_POD_r32_gauge_fixed,3.563170597848804,25.987321813715734,0,0,0.0
ql-ROM-style within a fixed POD space,1248,100.352251335,3898,15,1174.13916015625,common_POD_r32_gauge_fixed,3.904638477708397,25.953238013487823,0,0,0.0
ql-ROM-style within a fixed POD space,1248,100.352251335,3898,16,1181.966796875,common_POD_r32_gauge_fixed,4.27352561423909,26.13962004799328,0,0,0.0
ql-ROM-style within a fixed POD space,1248,100.352251335,3898,17,1189.79443359375,common_POD_r32_gauge_fixed,4.6389577752694375,27.58677322874338,0,0,0.0
ql-ROM-style within a fixed POD space,1248,100.352251335,3898,18,1197.6219482421875,common_POD_r32_gauge_fixed,5.007890416939493,28.99385748410031,0,0,0.0
ql-ROM-style within a fixed POD space,1248,100.352251335,3898,19,1205.4495849609375,common_POD_r32_gauge_fixed,5.415453219322506,28.7837701735884,0,0,0.0
ql-ROM-style within a fixed POD space,1248,100.352251335,3898,20,1213.2772216796875,common_POD_r32_gauge_fixed,5.8416251858078745,30.005003945651925,0,0,0.0
ql-ROM-style within a fixed POD space,1248,100.352251335,3898,21,1221.104736328125,common_POD_r32_gauge_fixed,6.243429876792789,31.790876842370213,0,0,0.0
ql-ROM-style within a fixed POD space,1248,100.352251335,3898,22,1228.932373046875,common_POD_r32_gauge_fixed,6.656429678759536,32.4898794634447,0,0,0.0
ql-ROM-style within a fixed POD space,1248,100.352251335,3898,23,1236.760009765625,common_POD_r32_gauge_fixed,7.1221374910033886,32.60611220455723,0,0,0.0
ql-ROM-style within a fixed POD space,1248,100.352251335,3898,24,1244.5875244140625,common_POD_r32_gauge_fixed,7.586060359358172,34.814544318703064,0,0,0.0
ql-ROM-style within a fixed POD space,1248,100.352251335,3898,25,1252.4151611328125,common_POD_r32_gauge_fixed,7.994650053301274,36.76404287540414,0,0,0.0
ql-ROM-style within a fixed POD space,1248,100.352251335,3898,26,1260.2427978515625,common_POD_r32_gauge_fixed,8.421031191144417,36.713887533277365,0,0,0.0
ql-ROM-style within a fixed POD space,1248,100.352251335,3898,27,1268.0703125,common_POD_r32_gauge_fixed,8.89787631466303,36.45349152868259,0,0,0.0
ql-ROM-style within a fixed POD space,1248,100.352251335,3898,28,1275.89794921875,common_POD_r32_gauge_fixed,9.33149619452956,39.28997261657916,0,0,0.0
ql-ROM-style within a fixed POD space,1248,100.352251335,3898,29,1283.7254638671875,common_POD_r32_gauge_fixed,9.696495057225853,40.97836219115424,0,0,0.0
ql-ROM-style within a fixed POD space,1248,100.352251335,3898,30,1291.5531005859375,common_POD_r32_gauge_fixed,10.10616909691718,40.49013504609009,0,0,0.0
ql-ROM-style within a fixed POD space,1248,100.352251335,3898,31,1299.3807373046875,common_POD_r32_gauge_fixed,10.584262233531435,41.38263865061138,0,0,0.0
ql-ROM-style within a fixed POD space,1248,100.352251335,3898,32,1307.208251953125,common_POD_r32_gauge_fixed,11.011563312150797,44.9931298050635,0,0,0.0
ql-ROM-style within a fixed POD space,1248,100.352251335,3898,33,1315.035888671875,common_POD_r32_gauge_fixed,11.344671145498838,46.037810534707376,0,0,0.0
ql-ROM-style within a fixed POD space,1248,100.352251335,3898,34,1322.863525390625,common_POD_r32_gauge_fixed,11.737255928114976,44.215730252730545,0,0,0.0
ql-ROM-style within a fixed POD space,1248,100.352251335,3898,35,1330.6910400390625,common_POD_r32_gauge_fixed,12.195347378055121,44.62875708785357,0,0,0.0
ql-ROM-style within a fixed POD space,1248,100.352251335,3898,36,1338.5186767578125,common_POD_r32_gauge_fixed,12.565535834308447,47.95236669272065,0,0,0.0
ql-ROM-style within a fixed POD space,1248,100.352251335,3898,37,1346.3463134765625,common_POD_r32_gauge_fixed,12.860208855479588,49.1373041737081,0,0,0.0
ql-ROM-style within a fixed POD space,1248,100.352251335,3898,38,1354.173828125,common_POD_r32_gauge_fixed,13.254118441814061,48.07079745556806,0,0,0.0
ql-ROM-style within a fixed POD space,1248,100.352251335,3898,39,1362.00146484375,common_POD_r32_gauge_fixed,13.717463122438428,50.182554082654065,0,0,0.0
ql-ROM-style within a fixed POD space,1248,100.352251335,3898,40,1369.8291015625,common_POD_r32_gauge_fixed,14.07945849747437,53.973152775387625,0,0,0.0
ql-ROM-style within a fixed POD space,1248,100.352251335,3898,41,1377.6566162109375,common_POD_r32_gauge_fixed,14.347332180599508,53.73310186179785,0,0,0.0
ql-ROM-style within a fixed POD space,1248,100.352251335,3898,42,1385.4842529296875,common_POD_r32_gauge_fixed,14.728826030319697,51.30818870217506,0,0,0.0
ql-ROM-style within a fixed POD space,1248,100.352251335,3898,43,1393.3118896484375,common_POD_r32_gauge_fixed,15.1587249630888,52.91421609956607,0,0,0.0
ql-ROM-style within a fixed POD space,1248,100.352251335,3898,44,1401.139404296875,common_POD_r32_gauge_fixed,15.446137641327033,56.14790487879269,0,0,0.0
ql-ROM-style within a fixed POD space,1248,100.352251335,3898,45,1408.967041015625,common_POD_r32_gauge_fixed,15.677061300013692,56.32341428707607,0,0,0.0
ql-ROM-style within a fixed POD space,1248,100.352251335,3898,46,1416.794677734375,common_POD_r32_gauge_fixed,16.065809508065612,55.31195434158113,0,0,0.0
ql-ROM-style within a fixed POD space,1248,100.352251335,3898,47,1424.6221923828125,common_POD_r32_gauge_fixed,16.482325381913057,58.61049837163922,0,0,0.0
ql-ROM-style within a fixed POD space,1248,100.352251335,3898,48,1432.4498291015625,common_POD_r32_gauge_fixed,16.732496406514148,61.34063990922796,0,0,0.0
ql-ROM-style within a fixed POD space,1248,100.352251335,3914,1,1189.79443359375,common_POD_r32_gauge_fixed,0.4537961996749309,20.476968541521824,0,0,0.0
ql-ROM-style within a fixed POD space,1248,100.352251335,3914,2,1197.6219482421875,common_POD_r32_gauge_fixed,0.5744290259267977,20.855970687719765,0,0,0.0
ql-ROM-style within a fixed POD space,1248,100.352251335,3914,3,1205.4495849609375,common_POD_r32_gauge_fixed,0.7526884573991168,21.40738617087469,0,0,0.0
ql-ROM-style within a fixed POD space,1248,100.352251335,3914,4,1213.2772216796875,common_POD_r32_gauge_fixed,0.9962329836773557,21.2874971703967,0,0,0.0
ql-ROM-style within a fixed POD space,1248,100.352251335,3914,5,1221.104736328125,common_POD_r32_gauge_fixed,1.203321264476139,21.648515630812934,0,0,0.0
ql-ROM-style within a fixed POD space,1248,100.352251335,3914,6,1228.932373046875,common_POD_r32_gauge_fixed,1.4266282284559912,22.152693168731496,0,0,0.0
ql-ROM-style within a fixed POD space,1248,100.352251335,3914,7,1236.760009765625,common_POD_r32_gauge_fixed,1.6560680165829351,22.769881795638174,0,0,0.0
ql-ROM-style within a fixed POD space,1248,100.352251335,3914,8,1244.5875244140625,common_POD_r32_gauge_fixed,1.9169290605259177,22.79486903963117,0,0,0.0
ql-ROM-style within a fixed POD space,1248,100.352251335,3914,9,1252.4151611328125,common_POD_r32_gauge_fixed,2.1730781767853933,23.284808645758336,0,0,0.0
ql-ROM-style within a fixed POD space,1248,100.352251335,3914,10,1260.2427978515625,common_POD_r32_gauge_fixed,2.4375171242448026,24.169504441282918,0,0,0.0
ql-ROM-style within a fixed POD space,1248,100.352251335,3914,11,1268.0703125,common_POD_r32_gauge_fixed,2.726908212486234,24.60469478522903,0,0,0.0
ql-ROM-style within a fixed POD space,1248,100.352251335,3914,12,1275.89794921875,common_POD_r32_gauge_fixed,3.0476958824384948,24.634745680950687,0,0,0.0
ql-ROM-style within a fixed POD space,1248,100.352251335,3914,13,1283.7254638671875,common_POD_r32_gauge_fixed,3.3648471467087173,25.749389233727847,0,0,0.0
ql-ROM-style within a fixed POD space,1248,100.352251335,3914,14,1291.5531005859375,common_POD_r32_gauge_fixed,3.68095069559098,26.36295577920998,0,0,0.0
ql-ROM-style within a fixed POD space,1248,100.352251335,3914,15,1299.3807373046875,common_POD_r32_gauge_fixed,4.0323691521214,26.413203341049247,0,0,0.0
ql-ROM-style within a fixed POD space,1248,100.352251335,3914,16,1307.208251953125,common_POD_r32_gauge_fixed,4.411175858122885,26.508249725749046,0,0,0.0
ql-ROM-style within a fixed POD space,1248,100.352251335,3914,17,1315.035888671875,common_POD_r32_gauge_fixed,4.789827206668579,27.926982608140655,0,0,0.0
ql-ROM-style within a fixed POD space,1248,100.352251335,3914,18,1322.863525390625,common_POD_r32_gauge_fixed,5.1633625189499375,29.464563959991708,0,0,0.0
ql-ROM-style within a fixed POD space,1248,100.352251335,3914,19,1330.6910400390625,common_POD_r32_gauge_fixed,5.577388159609569,29.4196974886394,0,0,0.0
ql-ROM-style within a fixed POD space,1248,100.352251335,3914,20,1338.5186767578125,common_POD_r32_gauge_fixed,6.014888802500398,30.38917876423799,0,0,0.0
ql-ROM-style within a fixed POD space,1248,100.352251335,3914,21,1346.3463134765625,common_POD_r32_gauge_fixed,6.427895897847434,32.3391411084508,0,0,0.0
ql-ROM-style within a fixed POD space,1248,100.352251335,3914,22,1354.173828125,common_POD_r32_gauge_fixed,6.844606674412831,33.201608717439804,0,0,0.0
ql-ROM-style within a fixed POD space,1248,100.352251335,3914,23,1362.00146484375,common_POD_r32_gauge_fixed,7.314299583201064,33.22175717178894,0,0,0.0
ql-ROM-style within a fixed POD space,1248,100.352251335,3914,24,1369.8291015625,common_POD_r32_gauge_fixed,7.790304955576384,35.26790217066025,0,0,0.0
ql-ROM-style within a fixed POD space,1248,100.352251335,3914,25,1377.6566162109375,common_POD_r32_gauge_fixed,8.210389870083844,37.46493243009634,0,0,0.0
ql-ROM-style within a fixed POD space,1248,100.352251335,3914,26,1385.4842529296875,common_POD_r32_gauge_fixed,8.63509529672373,37.65613777797726,0,0,0.0
ql-ROM-style within a fixed POD space,1248,100.352251335,3914,27,1393.3118896484375,common_POD_r32_gauge_fixed,9.117276946839159,37.058601035746456,0,0,0.0
ql-ROM-style within a fixed POD space,1248,100.352251335,3914,28,1401.139404296875,common_POD_r32_gauge_fixed,9.566629359852296,39.772507196308354,0,0,0.0
ql-ROM-style within a fixed POD space,1248,100.352251335,3914,29,1408.967041015625,common_POD_r32_gauge_fixed,9.938917486543485,41.78540525406905,0,0,0.0
ql-ROM-style within a fixed POD space,1248,100.352251335,3914,30,1416.794677734375,common_POD_r32_gauge_fixed,10.341156904210456,41.47370615914117,0,0,0.0
ql-ROM-style within a fixed POD space,1248,100.352251335,3914,31,1424.6221923828125,common_POD_r32_gauge_fixed,10.822256680679812,41.865030428149886,0,0,0.0
ql-ROM-style within a fixed POD space,1248,100.352251335,3914,32,1432.4498291015625,common_POD_r32_gauge_fixed,11.26650754507423,45.53251617709969,0,0,0.0
ql-ROM-style within a fixed POD space,1248,100.352251335,3914,33,1440.2774658203125,common_POD_r32_gauge_fixed,11.608223522241756,47.09756486383928,0,0,0.0
ql-ROM-style within a fixed POD space,1248,100.352251335,3914,34,1448.10498046875,common_POD_r32_gauge_fixed,11.988392702417263,45.389296713005564,0,0,0.0
ql-ROM-style within a fixed POD space,1248,100.352251335,3914,35,1455.9326171875,common_POD_r32_gauge_fixed,12.45272211455971,45.17494978625729,0,0,0.0
ql-ROM-style within a fixed POD space,1248,100.352251335,3914,36,1463.76025390625,common_POD_r32_gauge_fixed,12.841584068109432,48.52408612777502,0,0,0.0
ql-ROM-style within a fixed POD space,1248,100.352251335,3914,37,1471.5877685546875,common_POD_r32_gauge_fixed,13.135959328970204,50.160197336356724,0,0,0.0
ql-ROM-style within a fixed POD space,1248,100.352251335,3914,38,1479.4154052734375,common_POD_r32_gauge_fixed,13.513932690893704,49.09270080564544,0,0,0.0
ql-ROM-style within a fixed POD space,1248,100.352251335,3914,39,1487.2430419921875,common_POD_r32_gauge_fixed,13.98363630112498,50.648335012163216,0,0,0.0
ql-ROM-style within a fixed POD space,1248,100.352251335,3914,40,1495.070556640625,common_POD_r32_gauge_fixed,14.364675735529078,54.7053016814648,0,0,0.0
ql-ROM-style within a fixed POD space,1248,100.352251335,3914,41,1502.898193359375,common_POD_r32_gauge_fixed,14.631590414193486,55.00296206757399,0,0,0.0
ql-ROM-style within a fixed POD space,1248,100.352251335,3914,42,1510.7257080078125,common_POD_r32_gauge_fixed,14.994106743243155,52.44312883476193,0,0,0.0
ql-ROM-style within a fixed POD space,1248,100.352251335,3914,43,1518.5533447265625,common_POD_r32_gauge_fixed,15.434134759659665,53.45106894266368,0,0,0.0
ql-ROM-style within a fixed POD space,1248,100.352251335,3914,44,1526.3809814453125,common_POD_r32_gauge_fixed,15.740964569642127,56.83505169505884,0,0,0.0
ql-ROM-style within a fixed POD space,1248,100.352251335,3914,45,1534.20849609375,common_POD_r32_gauge_fixed,15.960911172252413,57.473333353765355,0,0,0.0
ql-ROM-style within a fixed POD space,1248,100.352251335,3914,46,1542.0361328125,common_POD_r32_gauge_fixed,16.33029611393467,56.21603137392109,0,0,0.0
ql-ROM-style within a fixed POD space,1248,100.352251335,3914,47,1549.86376953125,common_POD_r32_gauge_fixed,16.76002102554651,59.07784940724162,0,0,0.0
ql-ROM-style within a fixed POD space,1248,100.352251335,3914,48,1557.6912841796875,common_POD_r32_gauge_fixed,17.028625861184228,62.23811147504358,0,0,0.0
ql-ROM-style within a fixed POD space,1248,100.352251335,3922,1,1252.4151611328125,common_POD_r32_gauge_fixed,0.45282577863462053,20.518380441386896,0,0,0.0
ql-ROM-style within a fixed POD space,1248,100.352251335,3922,2,1260.2427978515625,common_POD_r32_gauge_fixed,0.5785729232929748,20.840465566669558,0,0,0.0
ql-ROM-style within a fixed POD space,1248,100.352251335,3922,3,1268.0703125,common_POD_r32_gauge_fixed,0.7515189052408291,21.440792789065384,0,0,0.0
ql-ROM-style within a fixed POD space,1248,100.352251335,3922,4,1275.89794921875,common_POD_r32_gauge_fixed,0.9969904153434687,21.33000294446436,0,0,0.0
ql-ROM-style within a fixed POD space,1248,100.352251335,3922,5,1283.7254638671875,common_POD_r32_gauge_fixed,1.2073849559792327,21.67245509557729,0,0,0.0
ql-ROM-style within a fixed POD space,1248,100.352251335,3922,6,1291.5531005859375,common_POD_r32_gauge_fixed,1.431481039829099,22.148763552645654,0,0,0.0
ql-ROM-style within a fixed POD space,1248,100.352251335,3922,7,1299.3807373046875,common_POD_r32_gauge_fixed,1.6622612638822338,22.805177503709256,0,0,0.0
ql-ROM-style within a fixed POD space,1248,100.352251335,3922,8,1307.208251953125,common_POD_r32_gauge_fixed,1.9236410908709767,22.853184587077422,0,0,0.0
ql-ROM-style within a fixed POD space,1248,100.352251335,3922,9,1315.035888671875,common_POD_r32_gauge_fixed,2.1832737130948403,23.31666638209707,0,0,0.0
ql-ROM-style within a fixed POD space,1248,100.352251335,3922,10,1322.863525390625,common_POD_r32_gauge_fixed,2.4479997689883257,24.165633821893387,0,0,0.0
ql-ROM-style within a fixed POD space,1248,100.352251335,3922,11,1330.6910400390625,common_POD_r32_gauge_fixed,2.738182248553728,24.67919090757119,0,0,0.0
ql-ROM-style within a fixed POD space,1248,100.352251335,3922,12,1338.5186767578125,common_POD_r32_gauge_fixed,3.0591872768026436,24.63190210058255,0,0,0.0
ql-ROM-style within a fixed POD space,1248,100.352251335,3922,13,1346.3463134765625,common_POD_r32_gauge_fixed,3.379641312943344,25.753209994126692,0,0,0.0
ql-ROM-style within a fixed POD space,1248,100.352251335,3922,14,1354.173828125,common_POD_r32_gauge_fixed,3.695774478104716,26.42074723779972,0,0,0.0
ql-ROM-style within a fixed POD space,1248,100.352251335,3922,15,1362.00146484375,common_POD_r32_gauge_fixed,4.046518022610739,26.51057607698904,0,0,0.0
ql-ROM-style within a fixed POD space,1248,100.352251335,3922,16,1369.8291015625,common_POD_r32_gauge_fixed,4.4256274346348965,26.534607342602435,0,0,0.0
ql-ROM-style within a fixed POD space,1248,100.352251335,3922,17,1377.6566162109375,common_POD_r32_gauge_fixed,4.8070674755248195,27.903064957002847,0,0,0.0
ql-ROM-style within a fixed POD space,1248,100.352251335,3922,18,1385.4842529296875,common_POD_r32_gauge_fixed,5.180822235528321,29.51028549857455,0,0,0.0
ql-ROM-style within a fixed POD space,1248,100.352251335,3922,19,1393.3118896484375,common_POD_r32_gauge_fixed,5.593164306372977,29.559795744261613,0,0,0.0
ql-ROM-style within a fixed POD space,1248,100.352251335,3922,20,1401.139404296875,common_POD_r32_gauge_fixed,6.031736317144996,30.339691158202587,0,0,0.0
ql-ROM-style within a fixed POD space,1248,100.352251335,3922,21,1408.967041015625,common_POD_r32_gauge_fixed,6.447335209133417,32.35488458992596,0,0,0.0
ql-ROM-style within a fixed POD space,1248,100.352251335,3922,22,1416.794677734375,common_POD_r32_gauge_fixed,6.862188635335888,33.322354384701455,0,0,0.0
ql-ROM-style within a fixed POD space,1248,100.352251335,3922,23,1424.6221923828125,common_POD_r32_gauge_fixed,7.328766082366776,33.3195883447631,0,0,0.0
ql-ROM-style within a fixed POD space,1248,100.352251335,3922,24,1432.4498291015625,common_POD_r32_gauge_fixed,7.807050891761805,35.1974350289,0,0,0.0
ql-ROM-style within a fixed POD space,1248,100.352251335,3922,25,1440.2774658203125,common_POD_r32_gauge_fixed,8.231083955997692,37.502103194447855,0,0,0.0
ql-ROM-style within a fixed POD space,1248,100.352251335,3922,26,1448.10498046875,common_POD_r32_gauge_fixed,8.65105989687433,37.852650506547654,0,0,0.0
ql-ROM-style within a fixed POD space,1248,100.352251335,3922,27,1455.9326171875,common_POD_r32_gauge_fixed,9.13071519828234,37.13873823621508,0,0,0.0
ql-ROM-style within a fixed POD space,1248,100.352251335,3922,28,1463.76025390625,common_POD_r32_gauge_fixed,9.585262576534426,39.6632780198216,0,0,0.0
ql-ROM-style within a fixed POD space,1248,100.352251335,3922,29,1471.5877685546875,common_POD_r32_gauge_fixed,9.960122153530513,41.83960764163264,0,0,0.0
ql-ROM-style within a fixed POD space,1248,100.352251335,3922,30,1479.4154052734375,common_POD_r32_gauge_fixed,10.354963374160215,41.673396521986106,0,0,0.0
ql-ROM-style within a fixed POD space,1248,100.352251335,3922,31,1487.2430419921875,common_POD_r32_gauge_fixed,10.832815643091617,41.81015788019661,0,0,0.0
ql-ROM-style within a fixed POD space,1248,100.352251335,3922,32,1495.070556640625,common_POD_r32_gauge_fixed,11.283116693770094,45.389429969514225,0,0,0.0
ql-ROM-style within a fixed POD space,1248,100.352251335,3922,33,1502.898193359375,common_POD_r32_gauge_fixed,11.629452821574374,47.25298780607815,0,0,0.0
ql-ROM-style within a fixed POD space,1248,100.352251335,3922,34,1510.7257080078125,common_POD_r32_gauge_fixed,12.000000715155334,45.68085816460742,0,0,0.0
ql-ROM-style within a fixed POD space,1248,100.352251335,3922,35,1518.5533447265625,common_POD_r32_gauge_fixed,12.462812805639953,45.10181031737171,0,0,0.0
ql-ROM-style within a fixed POD space,1248,100.352251335,3922,36,1526.3809814453125,common_POD_r32_gauge_fixed,12.860494818629917,48.38330476988116,0,0,0.0
ql-ROM-style within a fixed POD space,1248,100.352251335,3922,37,1534.20849609375,common_POD_r32_gauge_fixed,13.155996805410178,50.27972837562286,0,0,0.0
ql-ROM-style within a fixed POD space,1248,100.352251335,3922,38,1542.0361328125,common_POD_r32_gauge_fixed,13.52204472377448,49.28723288396953,0,0,0.0
ql-ROM-style within a fixed POD space,1248,100.352251335,3922,39,1549.86376953125,common_POD_r32_gauge_fixed,13.990944764035149,50.46561065314595,0,0,0.0
ql-ROM-style within a fixed POD space,1248,100.352251335,3922,40,1557.6912841796875,common_POD_r32_gauge_fixed,14.382240611874863,54.593956974108515,0,0,0.0
ql-ROM-style within a fixed POD space,1248,100.352251335,3922,41,1565.5189208984375,common_POD_r32_gauge_fixed,14.651036184864966,55.26184198303289,0,0,0.0
ql-ROM-style within a fixed POD space,1248,100.352251335,3922,42,1573.3465576171875,common_POD_r32_gauge_fixed,15.000321888012488,52.715184486929246,0,0,0.0
ql-ROM-style within a fixed POD space,1248,100.352251335,3922,43,1581.174072265625,common_POD_r32_gauge_fixed,15.442516897791597,53.3018805247895,0,0,0.0
ql-ROM-style within a fixed POD space,1248,100.352251335,3922,44,1589.001708984375,common_POD_r32_gauge_fixed,15.761753655769562,56.72380267487224,0,0,0.0
ql-ROM-style within a fixed POD space,1248,100.352251335,3922,45,1596.829345703125,common_POD_r32_gauge_fixed,15.978282752947107,57.66393019852843,0,0,0.0
ql-ROM-style within a fixed POD space,1248,100.352251335,3922,46,1604.6568603515625,common_POD_r32_gauge_fixed,16.33288535012185,56.3294041273536,0,0,0.0
ql-ROM-style within a fixed POD space,1248,100.352251335,3922,47,1612.4844970703125,common_POD_r32_gauge_fixed,16.76763115563944,58.83180501855742,0,0,0.0
ql-ROM-style within a fixed POD space,1248,100.352251335,3922,48,1620.3121337890625,common_POD_r32_gauge_fixed,17.050057932917696,62.25258741911196,0,0,0.0
ql-ROM-style within a fixed POD space,1248,100.352251335,3938,1,1377.6566162109375,common_POD_r32_gauge_fixed,0.45156571898585307,20.58845975402156,0,0,0.0
ql-ROM-style within a fixed POD space,1248,100.352251335,3938,2,1385.4842529296875,common_POD_r32_gauge_fixed,0.5907041078633127,20.814460438161095,0,0,0.0
ql-ROM-style within a fixed POD space,1248,100.352251335,3938,3,1393.3118896484375,common_POD_r32_gauge_fixed,0.7571845062978924,21.466355587521306,0,0,0.0
ql-ROM-style within a fixed POD space,1248,100.352251335,3938,4,1401.139404296875,common_POD_r32_gauge_fixed,0.9980686930069479,21.40554723421589,0,0,0.0
ql-ROM-style within a fixed POD space,1248,100.352251335,3938,5,1408.967041015625,common_POD_r32_gauge_fixed,1.2164761905518415,21.671905087446007,0,0,0.0
ql-ROM-style within a fixed POD space,1248,100.352251335,3938,6,1416.794677734375,common_POD_r32_gauge_fixed,1.4404494052986572,22.12677848251838,0,0,0.0
ql-ROM-style within a fixed POD space,1248,100.352251335,3938,7,1424.6221923828125,common_POD_r32_gauge_fixed,1.6727679432142497,22.824634188759635,0,0,0.0
ql-ROM-style within a fixed POD space,1248,100.352251335,3938,8,1432.4498291015625,common_POD_r32_gauge_fixed,1.9339314424988703,22.954947835471817,0,0,0.0
ql-ROM-style within a fixed POD space,1248,100.352251335,3938,9,1440.2774658203125,common_POD_r32_gauge_fixed,2.200746936731683,23.369661073671892,0,0,0.0
ql-ROM-style within a fixed POD space,1248,100.352251335,3938,10,1448.10498046875,common_POD_r32_gauge_fixed,2.4651593274589283,24.167091871699135,0,0,0.0
ql-ROM-style within a fixed POD space,1248,100.352251335,3938,11,1455.9326171875,common_POD_r32_gauge_fixed,2.75592007202659,24.795270022535572,0,0,0.0
ql-ROM-style within a fixed POD space,1248,100.352251335,3938,12,1463.76025390625,common_POD_r32_gauge_fixed,3.075491367635312,24.630276475870502,0,0,0.0
ql-ROM-style within a fixed POD space,1248,100.352251335,3938,13,1471.5877685546875,common_POD_r32_gauge_fixed,3.402045863571042,25.709496095915043,0,0,0.0
ql-ROM-style within a fixed POD space,1248,100.352251335,3938,14,1479.4154052734375,common_POD_r32_gauge_fixed,3.719112776188401,26.495234924117355,0,0,0.0
ql-ROM-style within a fixed POD space,1248,100.352251335,3938,15,1487.2430419921875,common_POD_r32_gauge_fixed,4.067091984415854,26.681063437101315,0,0,0.0
ql-ROM-style within a fixed POD space,1248,100.352251335,3938,16,1495.070556640625,common_POD_r32_gauge_fixed,4.445970946834714,26.591330133174534,0,0,0.0
ql-ROM-style within a fixed POD space,1248,100.352251335,3938,17,1502.898193359375,common_POD_r32_gauge_fixed,4.833236694345877,27.852745232288388,0,0,0.0
ql-ROM-style within a fixed POD space,1248,100.352251335,3938,18,1510.7257080078125,common_POD_r32_gauge_fixed,5.2079417074417025,29.546534006792484,0,0,0.0
ql-ROM-style within a fixed POD space,1248,100.352251335,3938,19,1518.5533447265625,common_POD_r32_gauge_fixed,5.616282966826508,29.838810360866326,0,0,0.0
ql-ROM-style within a fixed POD space,1248,100.352251335,3938,20,1526.3809814453125,common_POD_r32_gauge_fixed,6.056782527506509,30.220403865571566,0,0,0.0
ql-ROM-style within a fixed POD space,1248,100.352251335,3938,21,1534.20849609375,common_POD_r32_gauge_fixed,6.478470847290381,32.34625135239225,0,0,0.0
ql-ROM-style within a fixed POD space,1248,100.352251335,3938,22,1542.0361328125,common_POD_r32_gauge_fixed,6.890222339429335,33.51569735846261,0,0,0.0
ql-ROM-style within a fixed POD space,1248,100.352251335,3938,23,1549.86376953125,common_POD_r32_gauge_fixed,7.350454444591155,33.523229136310036,0,0,0.0
ql-ROM-style within a fixed POD space,1248,100.352251335,3938,24,1557.6912841796875,common_POD_r32_gauge_fixed,7.832850528455992,35.014848291274184,0,0,0.0
ql-ROM-style within a fixed POD space,1248,100.352251335,3938,25,1565.5189208984375,common_POD_r32_gauge_fixed,8.266330564990248,37.534106968590955,0,0,0.0
ql-ROM-style within a fixed POD space,1248,100.352251335,3938,26,1573.3465576171875,common_POD_r32_gauge_fixed,8.678313316785378,38.20677049676749,0,0,0.0
ql-ROM-style within a fixed POD space,1248,100.352251335,3938,27,1581.174072265625,common_POD_r32_gauge_fixed,9.151604503622472,37.33173337395714,0,0,0.0
ql-ROM-style within a fixed POD space,1248,100.352251335,3938,28,1589.001708984375,common_POD_r32_gauge_fixed,9.616068382994898,39.3924847861448,0,0,0.0
ql-ROM-style within a fixed POD space,1248,100.352251335,3938,29,1596.829345703125,common_POD_r32_gauge_fixed,9.999169149468933,41.88929757866332,0,0,0.0
ql-ROM-style within a fixed POD space,1248,100.352251335,3938,30,1604.6568603515625,common_POD_r32_gauge_fixed,10.38021193964658,42.05966040289435,0,0,0.0
ql-ROM-style within a fixed POD space,1248,100.352251335,3938,31,1612.4844970703125,common_POD_r32_gauge_fixed,10.849510110535943,41.755310325976716,0,0,0.0
ql-ROM-style within a fixed POD space,1248,100.352251335,3938,32,1620.3121337890625,common_POD_r32_gauge_fixed,11.311305081812435,45.044563901516796,0,0,0.0
ql-ROM-style within a fixed POD space,1248,100.352251335,3938,33,1628.1396484375,common_POD_r32_gauge_fixed,11.670097653907984,47.48495385776506,0,0,0.0
ql-ROM-style within a fixed POD space,1248,100.352251335,3938,34,1635.96728515625,common_POD_r32_gauge_fixed,12.022882749188387,46.267793648041234,0,0,0.0
ql-ROM-style within a fixed POD space,1248,100.352251335,3938,35,1643.794921875,common_POD_r32_gauge_fixed,12.479490287580335,45.05826225400038,0,0,0.0
ql-ROM-style within a fixed POD space,1248,100.352251335,3938,36,1651.6224365234375,common_POD_r32_gauge_fixed,12.89459904899563,48.04049403599423,0,0,0.0
ql-ROM-style within a fixed POD space,1248,100.352251335,3938,37,1659.4500732421875,common_POD_r32_gauge_fixed,13.196609636383643,50.446622551191275,0,0,0.0
ql-ROM-style within a fixed POD space,1248,100.352251335,3938,38,1667.2777099609375,common_POD_r32_gauge_fixed,13.539225944151791,49.70953658144134,0,0,0.0
ql-ROM-style within a fixed POD space,1248,100.352251335,3938,39,1675.105224609375,common_POD_r32_gauge_fixed,14.002704207092512,50.15884429580394,0,0,0.0
ql-ROM-style within a fixed POD space,1248,100.352251335,3938,40,1682.932861328125,common_POD_r32_gauge_fixed,14.415983989128367,54.31931918748918,0,0,0.0
ql-ROM-style within a fixed POD space,1248,100.352251335,3938,41,1690.760498046875,common_POD_r32_gauge_fixed,14.693099624803235,55.70081937737091,0,0,0.0
ql-ROM-style within a fixed POD space,1248,100.352251335,3938,42,1698.5880126953125,common_POD_r32_gauge_fixed,15.015599477088875,53.31805706367927,0,0,0.0
ql-ROM-style within a fixed POD space,1248,100.352251335,3938,43,1706.4156494140625,common_POD_r32_gauge_fixed,15.457609103004074,53.06701658841148,0,0,0.0
ql-ROM-style within a fixed POD space,1248,100.352251335,3938,44,1714.2432861328125,common_POD_r32_gauge_fixed,15.80391792382391,56.498811315481426,0,0,0.0
ql-ROM-style within a fixed POD space,1248,100.352251335,3938,45,1722.07080078125,common_POD_r32_gauge_fixed,16.018651835476877,57.985428491018354,0,0,0.0
ql-ROM-style within a fixed POD space,1248,100.352251335,3938,46,1729.8984375,common_POD_r32_gauge_fixed,16.3418266644575,56.631907715163855,0,0,0.0
ql-ROM-style within a fixed POD space,1248,100.352251335,3938,47,1737.7259521484375,common_POD_r32_gauge_fixed,16.781404230417632,58.361615943210424,0,0,0.0
ql-ROM-style within a fixed POD space,1248,100.352251335,3938,48,1745.5535888671875,common_POD_r32_gauge_fixed,17.09335621971178,62.22516427970838,0,0,0.0
ql-ROM-style within a fixed POD space,1248,100.352251335,3954,1,1502.898193359375,common_POD_r32_gauge_fixed,0.45367954104080543,20.675676837999767,0,0,0.0
ql-ROM-style within a fixed POD space,1248,100.352251335,3954,2,1510.7257080078125,common_POD_r32_gauge_fixed,0.6006783274103058,20.816498962587307,0,0,0.0
ql-ROM-style within a fixed POD space,1248,100.352251335,3954,3,1518.5533447265625,common_POD_r32_gauge_fixed,0.7684125747746371,21.477484665828936,0,0,0.0
ql-ROM-style within a fixed POD space,1248,100.352251335,3954,4,1526.3809814453125,common_POD_r32_gauge_fixed,0.9982334645831383,21.491555808169473,0,0,0.0
ql-ROM-style within a fixed POD space,1248,100.352251335,3954,5,1534.20849609375,common_POD_r32_gauge_fixed,1.2248091874893257,21.648818349499823,0,0,0.0
ql-ROM-style within a fixed POD space,1248,100.352251335,3954,6,1542.0361328125,common_POD_r32_gauge_fixed,1.4483632314223254,22.089273528415752,0,0,0.0
ql-ROM-style within a fixed POD space,1248,100.352251335,3954,7,1549.86376953125,common_POD_r32_gauge_fixed,1.681908455373809,22.810348008040823,0,0,0.0
ql-ROM-style within a fixed POD space,1248,100.352251335,3954,8,1557.6912841796875,common_POD_r32_gauge_fixed,1.941963186356283,23.05893107122579,0,0,0.0
ql-ROM-style within a fixed POD space,1248,100.352251335,3954,9,1565.5189208984375,common_POD_r32_gauge_fixed,2.216643975851644,23.423766992626792,0,0,0.0
ql-ROM-style within a fixed POD space,1248,100.352251335,3954,10,1573.3465576171875,common_POD_r32_gauge_fixed,2.4816531566636844,24.17511853053955,0,0,0.0
ql-ROM-style within a fixed POD space,1248,100.352251335,3954,11,1581.174072265625,common_POD_r32_gauge_fixed,2.7731937988124464,24.894772836009775,0,0,0.0
ql-ROM-style within a fixed POD space,1248,100.352251335,3954,12,1589.001708984375,common_POD_r32_gauge_fixed,3.090742618122764,24.68816344181967,0,0,0.0
ql-ROM-style within a fixed POD space,1248,100.352251335,3954,13,1596.829345703125,common_POD_r32_gauge_fixed,3.4233332167300943,25.629206588921626,0,0,0.0
ql-ROM-style within a fixed POD space,1248,100.352251335,3954,14,1604.6568603515625,common_POD_r32_gauge_fixed,3.7430657617373826,26.535873246973086,0,0,0.0
ql-ROM-style within a fixed POD space,1248,100.352251335,3954,15,1612.4844970703125,common_POD_r32_gauge_fixed,4.088301847824397,26.838412089485413,0,0,0.0
ql-ROM-style within a fixed POD space,1248,100.352251335,3954,16,1620.3121337890625,common_POD_r32_gauge_fixed,4.467342736792847,26.69596532947354,0,0,0.0
ql-ROM-style within a fixed POD space,1248,100.352251335,3954,17,1628.1396484375,common_POD_r32_gauge_fixed,4.860251040081899,27.823713494219437,0,0,0.0
ql-ROM-style within a fixed POD space,1248,100.352251335,3954,18,1635.96728515625,common_POD_r32_gauge_fixed,5.237975914571573,29.55099071800054,0,0,0.0
ql-ROM-style within a fixed POD space,1248,100.352251335,3954,19,1643.794921875,common_POD_r32_gauge_fixed,5.643383270865803,30.107583674985033,0,0,0.0
ql-ROM-style within a fixed POD space,1248,100.352251335,3954,20,1651.6224365234375,common_POD_r32_gauge_fixed,6.085154884514069,30.144718187605353,0,0,0.0
ql-ROM-style within a fixed POD space,1248,100.352251335,3954,21,1659.4500732421875,common_POD_r32_gauge_fixed,6.51452892677132,32.32652421833641,0,0,0.0
ql-ROM-style within a fixed POD space,1248,100.352251335,3954,22,1667.2777099609375,common_POD_r32_gauge_fixed,6.925184171434055,33.689322564650276,0,0,0.0
ql-ROM-style within a fixed POD space,1248,100.352251335,3954,23,1675.105224609375,common_POD_r32_gauge_fixed,7.379019643728276,33.77083056866316,0,0,0.0
ql-ROM-style within a fixed POD space,1248,100.352251335,3954,24,1682.932861328125,common_POD_r32_gauge_fixed,7.868461901636834,34.90299764400995,0,0,0.0
ql-ROM-style within a fixed POD space,1248,100.352251335,3954,25,1690.760498046875,common_POD_r32_gauge_fixed,8.313219253519327,37.56516127833546,0,0,0.0
ql-ROM-style within a fixed POD space,1248,100.352251335,3954,26,1698.5880126953125,common_POD_r32_gauge_fixed,8.719707249464232,38.56596239447389,0,0,0.0
ql-ROM-style within a fixed POD space,1248,100.352251335,3954,27,1706.4156494140625,common_POD_r32_gauge_fixed,9.185433096458139,37.663500316708955,0,0,0.0
ql-ROM-style within a fixed POD space,1248,100.352251335,3954,28,1714.2432861328125,common_POD_r32_gauge_fixed,9.662060453898178,39.1890824659266,0,0,0.0
ql-ROM-style within a fixed POD space,1248,100.352251335,3954,29,1722.07080078125,common_POD_r32_gauge_fixed,10.056254960677542,41.938906629638076,0,0,0.0
ql-ROM-style within a fixed POD space,1248,100.352251335,3954,30,1729.8984375,common_POD_r32_gauge_fixed,10.426360698863826,42.48693529827982,0,0,0.0
ql-ROM-style within a fixed POD space,1248,100.352251335,3954,31,1737.7259521484375,common_POD_r32_gauge_fixed,10.884802788461375,41.88036244115869,0,0,0.0
ql-ROM-style within a fixed POD space,1248,100.352251335,3954,32,1745.5535888671875,common_POD_r32_gauge_fixed,11.35928642685045,44.7666441515409,0,0,0.0
ql-ROM-style within a fixed POD space,1248,100.352251335,3954,33,1753.3812255859375,common_POD_r32_gauge_fixed,11.733999145107322,47.69419443075096,0,0,0.0
ql-ROM-style within a fixed POD space,1248,100.352251335,3954,34,1761.208740234375,common_POD_r32_gauge_fixed,12.072217475543269,46.92283579393581,0,0,0.0
ql-ROM-style within a fixed POD space,1248,100.352251335,3954,35,1769.036376953125,common_POD_r32_gauge_fixed,12.518684521035947,45.24287585485957,0,0,0.0
ql-ROM-style within a fixed POD space,1248,100.352251335,3954,36,1776.864013671875,common_POD_r32_gauge_fixed,12.952752796045978,47.86005839744459,0,0,0.0
ql-ROM-style within a fixed POD space,1248,100.352251335,3954,37,1784.6915283203125,common_POD_r32_gauge_fixed,13.265849810350684,50.615057453964795,0,0,0.0
ql-ROM-style within a fixed POD space,1248,100.352251335,3954,38,1792.5191650390625,common_POD_r32_gauge_fixed,13.587093501186459,50.239244488675894,0,0,0.0
ql-ROM-style within a fixed POD space,1248,100.352251335,3954,39,1800.3468017578125,common_POD_r32_gauge_fixed,14.040717411037097,50.05184743578345,0,0,0.0
ql-ROM-style within a fixed POD space,1248,100.352251335,3954,40,1808.17431640625,common_POD_r32_gauge_fixed,14.471792905605307,54.00740368068999,0,0,0.0
ql-ROM-style within a fixed POD space,1248,100.352251335,3954,41,1816.001953125,common_POD_r32_gauge_fixed,14.762472923430545,56.121699804878766,0,0,0.0
ql-ROM-style within a fixed POD space,1248,100.352251335,3954,42,1823.82958984375,common_POD_r32_gauge_fixed,15.060199020932627,54.04164041149983,0,0,0.0
ql-ROM-style within a fixed POD space,1248,100.352251335,3954,43,1831.6571044921875,common_POD_r32_gauge_fixed,15.495534215436521,53.00432277721801,0,0,0.0
ql-ROM-style within a fixed POD space,1248,100.352251335,3954,44,1839.4847412109375,common_POD_r32_gauge_fixed,15.866009149806631,56.24098294502362,0,0,0.0
ql-ROM-style within a fixed POD space,1248,100.352251335,3954,45,1847.3123779296875,common_POD_r32_gauge_fixed,16.086039229121628,58.2805935571336,0,0,0.0
ql-ROM-style within a fixed POD space,1248,100.352251335,3954,46,1855.139892578125,common_POD_r32_gauge_fixed,16.37726904616175,57.08750814407107,0,0,0.0
ql-ROM-style within a fixed POD space,1248,100.352251335,3954,47,1862.967529296875,common_POD_r32_gauge_fixed,16.814673020184685,58.01886283419078,0,0,0.0
ql-ROM-style within a fixed POD space,1248,100.352251335,3954,48,1870.795166015625,common_POD_r32_gauge_fixed,17.15367503820334,62.08624728183596,0,0,0.0
ql-ROM-style within a fixed POD space,1248,100.352251335,3970,1,1628.1396484375,common_POD_r32_gauge_fixed,0.461997280993298,20.75978373975682,0,0,0.0
ql-ROM-style within a fixed POD space,1248,100.352251335,3970,2,1635.96728515625,common_POD_r32_gauge_fixed,0.6087456369663486,20.83235753159555,0,0,0.0
ql-ROM-style within a fixed POD space,1248,100.352251335,3970,3,1643.794921875,common_POD_r32_gauge_fixed,0.7847233203056475,21.474995528706334,0,0,0.0
ql-ROM-style within a fixed POD space,1248,100.352251335,3970,4,1651.6224365234375,common_POD_r32_gauge_fixed,1.0015865240219852,21.59831056892116,0,0,0.0
ql-ROM-style within a fixed POD space,1248,100.352251335,3970,5,1659.4500732421875,common_POD_r32_gauge_fixed,1.23447483898516,21.622260115555946,0,0,0.0
ql-ROM-style within a fixed POD space,1248,100.352251335,3970,6,1667.2777099609375,common_POD_r32_gauge_fixed,1.4583460227077227,22.050968309527953,0,0,0.0
ql-ROM-style within a fixed POD space,1248,100.352251335,3970,7,1675.105224609375,common_POD_r32_gauge_fixed,1.6928341782677399,22.776323010107372,0,0,0.0
ql-ROM-style within a fixed POD space,1248,100.352251335,3970,8,1682.932861328125,common_POD_r32_gauge_fixed,1.9545694262720705,23.185484240549002,0,0,0.0
ql-ROM-style within a fixed POD space,1248,100.352251335,3970,9,1690.760498046875,common_POD_r32_gauge_fixed,2.2371895766673653,23.4922619927585,0,0,0.0
ql-ROM-style within a fixed POD space,1248,100.352251335,3970,10,1698.5880126953125,common_POD_r32_gauge_fixed,2.5041070431862726,24.21704916684298,0,0,0.0
ql-ROM-style within a fixed POD space,1248,100.352251335,3970,11,1706.4156494140625,common_POD_r32_gauge_fixed,2.7970058718181363,24.983710926295807,0,0,0.0
ql-ROM-style within a fixed POD space,1248,100.352251335,3970,12,1714.2432861328125,common_POD_r32_gauge_fixed,3.1163358416369173,24.825545451719723,0,0,0.0
ql-ROM-style within a fixed POD space,1248,100.352251335,3970,13,1722.07080078125,common_POD_r32_gauge_fixed,3.453843377268255,25.544833794838162,0,0,0.0
ql-ROM-style within a fixed POD space,1248,100.352251335,3970,14,1729.8984375,common_POD_r32_gauge_fixed,3.778484463057035,26.58249217733465,0,0,0.0
ql-ROM-style within a fixed POD space,1248,100.352251335,3970,15,1737.7259521484375,common_POD_r32_gauge_fixed,4.121451168618133,27.00681680147456,0,0,0.0
ql-ROM-style within a fixed POD space,1248,100.352251335,3970,16,1745.5535888671875,common_POD_r32_gauge_fixed,4.504055579422092,26.900633675319657,0,0,0.0
ql-ROM-style within a fixed POD space,1248,100.352251335,3970,17,1753.3812255859375,common_POD_r32_gauge_fixed,4.902667431356084,27.844854225177894,0,0,0.0
ql-ROM-style within a fixed POD space,1248,100.352251335,3970,18,1761.208740234375,common_POD_r32_gauge_fixed,5.285134983442979,29.58181477179418,0,0,0.0
ql-ROM-style within a fixed POD space,1248,100.352251335,3970,19,1769.036376953125,common_POD_r32_gauge_fixed,5.68878064348604,30.40485285341864,0,0,0.0
ql-ROM-style within a fixed POD space,1248,100.352251335,3970,20,1776.864013671875,common_POD_r32_gauge_fixed,6.13487855269168,30.265738306740385,0,0,0.0
ql-ROM-style within a fixed POD space,1248,100.352251335,3970,21,1784.6915283203125,common_POD_r32_gauge_fixed,6.572527130229345,32.33627681562063,0,0,0.0
ql-ROM-style within a fixed POD space,1248,100.352251335,3970,22,1792.5191650390625,common_POD_r32_gauge_fixed,6.984362369147689,33.89746610647045,0,0,0.0
ql-ROM-style within a fixed POD space,1248,100.352251335,3970,23,1800.3468017578125,common_POD_r32_gauge_fixed,7.432538206998261,34.101595092442444,0,0,0.0
ql-ROM-style within a fixed POD space,1248,100.352251335,3970,24,1808.17431640625,common_POD_r32_gauge_fixed,7.924081764670605,34.854248053198724,0,0,0.0
ql-ROM-style within a fixed POD space,1248,100.352251335,3970,25,1816.001953125,common_POD_r32_gauge_fixed,8.38099767409911,37.616110185927035,0,0,0.0
ql-ROM-style within a fixed POD space,1248,100.352251335,3970,26,1823.82958984375,common_POD_r32_gauge_fixed,8.785634457382416,38.94972097586293,0,0,0.0
ql-ROM-style within a fixed POD space,1248,100.352251335,3970,27,1831.6571044921875,common_POD_r32_gauge_fixed,9.242236899459657,38.132061966170674,0,0,0.0
ql-ROM-style within a fixed POD space,1248,100.352251335,3970,28,1839.4847412109375,common_POD_r32_gauge_fixed,9.725872572868674,39.0172569075218,0,0,0.0
ql-ROM-style within a fixed POD space,1248,100.352251335,3970,29,1847.3123779296875,common_POD_r32_gauge_fixed,10.133525201814352,41.986413342030225,0,0,0.0
ql-ROM-style within a fixed POD space,1248,100.352251335,3970,30,1855.139892578125,common_POD_r32_gauge_fixed,10.495729137837486,42.931617002307206,0,0,0.0
ql-ROM-style within a fixed POD space,1248,100.352251335,3970,31,1862.967529296875,common_POD_r32_gauge_fixed,10.941154178333557,42.169473780072956,0,0,0.0
ql-ROM-style within a fixed POD space,1248,100.352251335,3970,32,1870.795166015625,common_POD_r32_gauge_fixed,11.422770373057869,44.48268749341895,0,0,0.0
ql-ROM-style within a fixed POD space,1248,100.352251335,3970,33,1878.6226806640625,common_POD_r32_gauge_fixed,11.814833506778779,47.8451540986395,0,0,0.0
ql-ROM-style within a fixed POD space,1248,100.352251335,3970,34,1886.4503173828125,common_POD_r32_gauge_fixed,12.143182849911081,47.59797380911543,0,0,0.0
ql-ROM-style within a fixed POD space,1248,100.352251335,3970,35,1894.2779541015625,common_POD_r32_gauge_fixed,12.575249137349129,45.61869667825004,0,0,0.0
ql-ROM-style within a fixed POD space,1248,100.352251335,3970,36,1902.10546875,common_POD_r32_gauge_fixed,13.022848305668722,47.63429099686986,0,0,0.0
ql-ROM-style within a fixed POD space,1248,100.352251335,3970,37,1909.93310546875,common_POD_r32_gauge_fixed,13.350912252487856,50.714033776520054,0,0,0.0
ql-ROM-style within a fixed POD space,1248,100.352251335,3970,38,1917.7607421875,common_POD_r32_gauge_fixed,13.654141473525192,50.804637298222346,0,0,0.0
ql-ROM-style within a fixed POD space,1248,100.352251335,3970,39,1925.5882568359375,common_POD_r32_gauge_fixed,14.092568761315638,50.117468898545106,0,0,0.0
ql-ROM-style within a fixed POD space,1248,100.352251335,3970,40,1933.4158935546875,common_POD_r32_gauge_fixed,14.538680597307504,53.67494155759863,0,0,0.0
ql-ROM-style within a fixed POD space,1248,100.352251335,3970,41,1941.2435302734375,common_POD_r32_gauge_fixed,14.846630732486291,56.458222312757314,0,0,0.0
ql-ROM-style within a fixed POD space,1248,100.352251335,3970,42,1949.071044921875,common_POD_r32_gauge_fixed,15.12307581040738,54.81554778424417,0,0,0.0
ql-ROM-style within a fixed POD space,1248,100.352251335,3970,43,1956.898681640625,common_POD_r32_gauge_fixed,15.543177366218297,53.09456555129712,0,0,0.0
ql-ROM-style within a fixed POD space,1248,100.352251335,3970,44,1964.726318359375,common_POD_r32_gauge_fixed,15.935496722458328,55.99081785906124,0,0,0.0
ql-ROM-style within a fixed POD space,1248,100.352251335,3970,45,1972.5538330078125,common_POD_r32_gauge_fixed,16.166874415448593,58.50111843792406,0,0,0.0
ql-ROM-style within a fixed POD space,1248,100.352251335,3970,46,1980.3814697265625,common_POD_r32_gauge_fixed,16.4280117181574,57.619155451020745,0,0,0.0
ql-ROM-style within a fixed POD space,1248,100.352251335,3970,47,1988.208984375,common_POD_r32_gauge_fixed,16.85387996569,57.79671891715824,0,0,0.0
ql-ROM-style within a fixed POD space,1248,100.352251335,3970,48,1996.03662109375,common_POD_r32_gauge_fixed,17.218149184069727,61.85565002548713,0,0,0.0
ql-ROM-style within a fixed POD space,1248,149.059229449,7258,1,527.073486328125,common_POD_r32_gauge_fixed,0.3194723836555902,16.77206904765737,6,0,0.0
ql-ROM-style within a fixed POD space,1248,149.059229449,7258,2,531.9537963867188,common_POD_r32_gauge_fixed,0.5522819589300101,16.35366726239286,6,0,0.0
ql-ROM-style within a fixed POD space,1248,149.059229449,7258,3,536.8341064453125,common_POD_r32_gauge_fixed,0.6286129719555488,16.652326184186062,3,1,0.019659907404082605
ql-ROM-style within a fixed POD space,1248,149.059229449,7258,4,541.7144165039062,common_POD_r32_gauge_fixed,0.831564353599539,16.8386670059735,3,0,0.0
ql-ROM-style within a fixed POD space,1248,149.059229449,7258,5,546.5947265625,common_POD_r32_gauge_fixed,1.0110515613836006,17.594969080946633,3,0,0.0
ql-ROM-style within a fixed POD space,1248,149.059229449,7258,6,551.4750366210938,common_POD_r32_gauge_fixed,0.9307048005879617,16.240250698830877,6,1,0.036902983787422274
ql-ROM-style within a fixed POD space,1248,149.059229449,7258,7,556.3553466796875,common_POD_r32_gauge_fixed,0.9970769932332025,16.652350464058298,6,0,0.0
ql-ROM-style within a fixed POD space,1248,149.059229449,7258,8,561.2356567382812,common_POD_r32_gauge_fixed,1.1992490603078805,17.142650482781104,6,0,0.0
ql-ROM-style within a fixed POD space,1248,149.059229449,7258,9,566.115966796875,common_POD_r32_gauge_fixed,1.3692198410909655,18.022035632079238,6,0,0.0
ql-ROM-style within a fixed POD space,1248,149.059229449,7258,10,570.9962768554688,common_POD_r32_gauge_fixed,1.1829905205594797,16.596172485552657,3,1,0.0388480188406115
ql-ROM-style within a fixed POD space,1248,149.059229449,7258,11,575.8765869140625,common_POD_r32_gauge_fixed,1.3369571796697128,16.55281974575879,3,0,0.0
ql-ROM-style within a fixed POD space,1248,149.059229449,7258,12,580.7568969726562,common_POD_r32_gauge_fixed,1.4810739318278776,16.94158559156379,3,0,0.0
ql-ROM-style within a fixed POD space,1248,149.059229449,7258,13,585.63720703125,common_POD_r32_gauge_fixed,1.6046125934851094,17.919338247424363,3,0,0.0
ql-ROM-style within a fixed POD space,1248,149.059229449,7258,14,590.5175170898438,common_POD_r32_gauge_fixed,1.4107392606473763,16.7977049647734,6,1,0.04198207277944336
ql-ROM-style within a fixed POD space,1248,149.059229449,7258,15,595.3978271484375,common_POD_r32_gauge_fixed,1.5223730454187363,16.51474153053388,6,0,0.0
ql-ROM-style within a fixed POD space,1248,149.059229449,7258,16,600.2781372070312,common_POD_r32_gauge_fixed,1.6714323926854826,17.562846807600927,6,0,0.0
ql-ROM-style within a fixed POD space,1248,149.059229449,7258,17,605.158447265625,common_POD_r32_gauge_fixed,1.814389714606135,17.894054959317824,6,0,0.0
ql-ROM-style within a fixed POD space,1248,149.059229449,7258,18,610.0387573242188,common_POD_r32_gauge_fixed,1.7006149101741475,17.037021661033826,3,1,0.038126579235457814
ql-ROM-style within a fixed POD space,1248,149.059229449,7258,19,614.9190673828125,common_POD_r32_gauge_fixed,1.8461948508014823,16.52565275803867,3,0,0.0
ql-ROM-style within a fixed POD space,1248,149.059229449,7258,20,619.7993774414062,common_POD_r32_gauge_fixed,1.954739224193648,17.60532425832256,3,0,0.0
ql-ROM-style within a fixed POD space,1248,149.059229449,7258,21,624.6796875,common_POD_r32_gauge_fixed,2.087245149803256,17.512942503201153,3,0,0.0
ql-ROM-style within a fixed POD space,1248,149.059229449,7258,22,629.5599975585938,common_POD_r32_gauge_fixed,1.9695904600822096,17.16798667850119,6,1,0.03761486990857799
ql-ROM-style within a fixed POD space,1248,149.059229449,7258,23,634.4403076171875,common_POD_r32_gauge_fixed,2.0867934407437216,16.8555295811566,6,0,0.0
ql-ROM-style within a fixed POD space,1248,149.059229449,7258,24,639.3206176757812,common_POD_r32_gauge_fixed,2.227111837473248,18.33861193555807,6,0,0.0
ql-ROM-style within a fixed POD space,1248,149.059229449,7258,25,644.200927734375,common_POD_r32_gauge_fixed,2.3823003512025194,17.64268159364628,6,0,0.0
ql-ROM-style within a fixed POD space,1248,149.059229449,7258,26,649.0812377929688,common_POD_r32_gauge_fixed,2.324571914181362,17.565636469075308,3,1,0.0367628005635133
ql-ROM-style within a fixed POD space,1248,149.059229449,7258,27,653.9615478515625,common_POD_r32_gauge_fixed,2.427056703358265,17.245015918595126,3,0,0.0
ql-ROM-style within a fixed POD space,1248,149.059229449,7258,28,658.8418579101562,common_POD_r32_gauge_fixed,2.526416805721953,18.39407946045793,3,0,0.0
ql-ROM-style within a fixed POD space,1248,149.059229449,7258,29,663.72216796875,common_POD_r32_gauge_fixed,2.669704068758278,17.510672765694018,3,0,0.0
ql-ROM-style within a fixed POD space,1248,149.059229449,7258,30,668.6024780273438,common_POD_r32_gauge_fixed,2.5585054046535807,17.579050888968155,6,1,0.036597029426146684
ql-ROM-style within a fixed POD space,1248,149.059229449,7258,31,673.4827880859375,common_POD_r32_gauge_fixed,2.6480619692724687,18.02699566336497,6,0,0.0
ql-ROM-style within a fixed POD space,1248,149.059229449,7258,32,678.3630981445312,common_POD_r32_gauge_fixed,2.7763293757773173,18.94998310226882,6,0,0.0
ql-ROM-style within a fixed POD space,1248,149.059229449,7258,33,683.243408203125,common_POD_r32_gauge_fixed,2.9225797890125875,17.994598570929156,6,0,0.0
ql-ROM-style within a fixed POD space,1248,149.059229449,7258,34,688.1237182617188,common_POD_r32_gauge_fixed,2.8343312849766797,18.258039165819138,3,1,0.037717791478484405
ql-ROM-style within a fixed POD space,1248,149.059229449,7258,35,693.0040283203125,common_POD_r32_gauge_fixed,2.894599664786184,18.546573291510317,3,0,0.0
ql-ROM-style within a fixed POD space,1248,149.059229449,7258,36,697.8843383789062,common_POD_r32_gauge_fixed,2.9877118268865277,18.94515631899427,3,0,0.0
ql-ROM-style within a fixed POD space,1248,149.059229449,7258,37,702.7646484375,common_POD_r32_gauge_fixed,2.875138119559264,18.57135786400371,6,1,0.036361520958708995
ql-ROM-style within a fixed POD space,1248,149.059229449,7258,38,707.6449584960938,common_POD_r32_gauge_fixed,2.9260427958808295,18.53022703852267,6,0,0.0
ql-ROM-style within a fixed POD space,1248,149.059229449,7258,39,712.5252685546875,common_POD_r32_gauge_fixed,3.0065593700281714,19.279283200213275,6,0,0.0
ql-ROM-style within a fixed POD space,1248,149.059229449,7258,40,717.4055786132812,common_POD_r32_gauge_fixed,3.1222912952649504,19.17952875340884,6,0,0.0
ql-ROM-style within a fixed POD space,1248,149.059229449,7258,41,722.285888671875,common_POD_r32_gauge_fixed,3.0873088773529305,19.53409509751942,3,1,0.0333916864295287
ql-ROM-style within a fixed POD space,1248,149.059229449,7258,42,727.1661987304688,common_POD_r32_gauge_fixed,3.1269550398567785,19.33622866505705,3,0,0.0
ql-ROM-style within a fixed POD space,1248,149.059229449,7258,43,732.0465087890625,common_POD_r32_gauge_fixed,3.1642660450404736,19.652437650120618,3,0,0.0
ql-ROM-style within a fixed POD space,1248,149.059229449,7258,44,736.9268188476562,common_POD_r32_gauge_fixed,3.2404645476984406,19.50922873218408,3,0,0.0
ql-ROM-style within a fixed POD space,1248,149.059229449,7258,45,741.80712890625,common_POD_r32_gauge_fixed,3.156509377691247,19.82513586059453,6,1,0.02892753091995019
ql-ROM-style within a fixed POD space,1248,149.059229449,7258,46,746.6874389648438,common_POD_r32_gauge_fixed,3.1727376183280858,19.541172215813763,6,0,0.0
ql-ROM-style within a fixed POD space,1248,149.059229449,7258,47,751.5677490234375,common_POD_r32_gauge_fixed,3.2212688182369194,19.967674673843405,6,0,0.0
ql-ROM-style within a fixed POD space,1248,149.059229449,7258,48,756.4480590820312,common_POD_r32_gauge_fixed,3.3030396363263446,19.775434977422144,6,0,0.0
ql-ROM-style within a fixed POD space,1248,149.059229449,7266,1,566.115966796875,common_POD_r32_gauge_fixed,0.2850369678926178,16.155127021174902,6,0,0.0
ql-ROM-style within a fixed POD space,1248,149.059229449,7266,2,570.9962768554688,common_POD_r32_gauge_fixed,0.5355139527579544,15.966357172393108,6,0,0.0
ql-ROM-style within a fixed POD space,1248,149.059229449,7266,3,575.8765869140625,common_POD_r32_gauge_fixed,0.7950941147836914,16.430653355885063,3,1,0.014529780430414972
ql-ROM-style within a fixed POD space,1248,149.059229449,7266,4,580.7568969726562,common_POD_r32_gauge_fixed,0.9828974719550713,16.532979480564197,3,0,0.0
ql-ROM-style within a fixed POD space,1248,149.059229449,7266,5,585.63720703125,common_POD_r32_gauge_fixed,1.1409045027193934,17.265671451648647,3,0,0.0
ql-ROM-style within a fixed POD space,1248,149.059229449,7266,6,590.5175170898438,common_POD_r32_gauge_fixed,0.879642414933132,16.305392911999498,6,1,0.039420540320843425
ql-ROM-style within a fixed POD space,1248,149.059229449,7266,7,595.3978271484375,common_POD_r32_gauge_fixed,0.9733351817751488,16.341407675988627,6,0,0.0
ql-ROM-style within a fixed POD space,1248,149.059229449,7266,8,600.2781372070312,common_POD_r32_gauge_fixed,1.157668284051673,17.10396971693384,6,0,0.0
ql-ROM-style within a fixed POD space,1248,149.059229449,7266,9,605.158447265625,common_POD_r32_gauge_fixed,1.311527295125536,17.49779646702883,6,0,0.0
ql-ROM-style within a fixed POD space,1248,149.059229449,7266,10,610.0387573242188,common_POD_r32_gauge_fixed,1.0744281964565379,16.604231884507186,3,1,0.0393048392382813
ql-ROM-style within a fixed POD space,1248,149.059229449,7266,11,614.9190673828125,common_POD_r32_gauge_fixed,1.2319600754155213,16.15317016557668,3,0,0.0
ql-ROM-style within a fixed POD space,1248,149.059229449,7266,12,619.7993774414062,common_POD_r32_gauge_fixed,1.354677373142884,16.89458434486813,3,0,0.0
ql-ROM-style within a fixed POD space,1248,149.059229449,7266,13,624.6796875,common_POD_r32_gauge_fixed,1.479434222206952,17.29090440501087,3,0,0.0
ql-ROM-style within a fixed POD space,1248,149.059229449,7266,14,629.5599975585938,common_POD_r32_gauge_fixed,1.2227489643475795,16.758672914959618,6,1,0.03968676770535997
ql-ROM-style within a fixed POD space,1248,149.059229449,7266,15,634.4403076171875,common_POD_r32_gauge_fixed,1.3485367187956014,16.249644365426203,6,0,0.0
ql-ROM-style within a fixed POD space,1248,149.059229449,7266,16,639.3206176757812,common_POD_r32_gauge_fixed,1.4978532890557854,17.519180074714917,6,0,0.0
ql-ROM-style within a fixed POD space,1248,149.059229449,7266,17,644.200927734375,common_POD_r32_gauge_fixed,1.6415065700433509,17.28095207019256,6,0,0.0
ql-ROM-style within a fixed POD space,1248,149.059229449,7266,18,649.0812377929688,common_POD_r32_gauge_fixed,1.4985876502008582,16.886805151415153,3,1,0.03680359865178167
ql-ROM-style within a fixed POD space,1248,149.059229449,7266,19,653.9615478515625,common_POD_r32_gauge_fixed,1.6365301879216883,16.35739196690312,3,0,0.0
ql-ROM-style within a fixed POD space,1248,149.059229449,7266,20,658.8418579101562,common_POD_r32_gauge_fixed,1.7571641614926758,17.55320015339277,3,0,0.0
ql-ROM-style within a fixed POD space,1248,149.059229449,7266,21,663.72216796875,common_POD_r32_gauge_fixed,1.900319027099729,17.025624644843955,3,0,0.0
ql-ROM-style within a fixed POD space,1248,149.059229449,7266,22,668.6024780273438,common_POD_r32_gauge_fixed,1.7520998129193437,16.903283617972857,6,1,0.03544604212427132
ql-ROM-style within a fixed POD space,1248,149.059229449,7266,23,673.4827880859375,common_POD_r32_gauge_fixed,1.8768724392965612,16.92198232839189,6,0,0.0
ql-ROM-style within a fixed POD space,1248,149.059229449,7266,24,678.3630981445312,common_POD_r32_gauge_fixed,2.0223763732442595,18.057075447042994,6,0,0.0
ql-ROM-style within a fixed POD space,1248,149.059229449,7266,25,683.243408203125,common_POD_r32_gauge_fixed,2.1710462583236443,17.229297184333266,6,0,0.0
ql-ROM-style within a fixed POD space,1248,149.059229449,7266,26,688.1237182617188,common_POD_r32_gauge_fixed,2.076830554386546,17.276986574449076,3,1,0.03581083351177355
ql-ROM-style within a fixed POD space,1248,149.059229449,7266,27,693.0040283203125,common_POD_r32_gauge_fixed,2.180454545429878,17.327176637282037,3,0,0.0
ql-ROM-style within a fixed POD space,1248,149.059229449,7266,28,697.8843383789062,common_POD_r32_gauge_fixed,2.2951261854184204,18.12036638866685,3,0,0.0
ql-ROM-style within a fixed POD space,1248,149.059229449,7266,29,702.7646484375,common_POD_r32_gauge_fixed,2.2290106859297034,17.537916323036043,6,1,0.03556947060283366
ql-ROM-style within a fixed POD space,1248,149.059229449,7266,30,707.6449584960938,common_POD_r32_gauge_fixed,2.28687144900966,17.367557660360163,6,0,0.0
ql-ROM-style within a fixed POD space,1248,149.059229449,7266,31,712.5252685546875,common_POD_r32_gauge_fixed,2.391062680283473,18.104217167239366,6,0,0.0
ql-ROM-style within a fixed POD space,1248,149.059229449,7266,32,717.4055786132812,common_POD_r32_gauge_fixed,2.519715149636551,18.46089054376136,6,0,0.0
ql-ROM-style within a fixed POD space,1248,149.059229449,7266,33,722.285888671875,common_POD_r32_gauge_fixed,2.46291563805163,18.175618458974878,3,1,0.03676362991954803
ql-ROM-style within a fixed POD space,1248,149.059229449,7266,34,727.1661987304688,common_POD_r32_gauge_fixed,2.5270545172537893,17.94344292795154,3,0,0.0
ql-ROM-style within a fixed POD space,1248,149.059229449,7266,35,732.0465087890625,common_POD_r32_gauge_fixed,2.600643131776201,18.53023665751329,3,0,0.0
ql-ROM-style within a fixed POD space,1248,149.059229449,7266,36,736.9268188476562,common_POD_r32_gauge_fixed,2.7025574652784736,18.560282045086225,3,0,0.0
ql-ROM-style within a fixed POD space,1248,149.059229449,7266,37,741.80712890625,common_POD_r32_gauge_fixed,2.6023569991376343,18.420992867210106,6,1,0.03556944950021892
ql-ROM-style within a fixed POD space,1248,149.059229449,7266,38,746.6874389648438,common_POD_r32_gauge_fixed,2.6354957434718056,18.184611251307437,6,0,0.0
ql-ROM-style within a fixed POD space,1248,149.059229449,7266,39,751.5677490234375,common_POD_r32_gauge_fixed,2.7190912169737578,19.09649813645295,6,0,0.0
ql-ROM-style within a fixed POD space,1248,149.059229449,7266,40,756.4480590820312,common_POD_r32_gauge_fixed,2.827692262961283,18.85535589326314,6,0,0.0
ql-ROM-style within a fixed POD space,1248,149.059229449,7266,41,761.328369140625,common_POD_r32_gauge_fixed,2.7277046952847503,19.056301683811945,3,1,0.03705875274176407
ql-ROM-style within a fixed POD space,1248,149.059229449,7266,42,766.2086791992188,common_POD_r32_gauge_fixed,2.753486968818233,18.68123636506241,3,0,0.0
ql-ROM-style within a fixed POD space,1248,149.059229449,7266,43,771.0889892578125,common_POD_r32_gauge_fixed,2.805054533325253,19.35237035603499,3,0,0.0
ql-ROM-style within a fixed POD space,1248,149.059229449,7266,44,775.9692993164062,common_POD_r32_gauge_fixed,2.8850288053614284,18.995369953073606,3,0,0.0
ql-ROM-style within a fixed POD space,1248,149.059229449,7266,45,780.849609375,common_POD_r32_gauge_fixed,2.7220139282785376,19.28954923039918,6,1,0.03317921346859913
ql-ROM-style within a fixed POD space,1248,149.059229449,7266,46,785.7299194335938,common_POD_r32_gauge_fixed,2.748716513183631,19.099333582355445,6,0,0.0
ql-ROM-style within a fixed POD space,1248,149.059229449,7266,47,790.6102294921875,common_POD_r32_gauge_fixed,2.81800734465317,19.542222842220276,6,0,0.0
ql-ROM-style within a fixed POD space,1248,149.059229449,7266,48,795.4905395507812,common_POD_r32_gauge_fixed,2.894589726300357,19.384370128979644,6,0,0.0
ql-ROM-style within a fixed POD space,1248,149.059229449,7282,1,644.200927734375,common_POD_r32_gauge_fixed,0.2734042415407148,15.920982902548818,6,0,0.0
ql-ROM-style within a fixed POD space,1248,149.059229449,7282,2,649.0812377929688,common_POD_r32_gauge_fixed,0.5779307573453433,16.277267107161595,3,1,0.008563781108928031
ql-ROM-style within a fixed POD space,1248,149.059229449,7282,3,653.9615478515625,common_POD_r32_gauge_fixed,0.7616402098972961,16.01268333696315,3,0,0.0
ql-ROM-style within a fixed POD space,1248,149.059229449,7282,4,658.8418579101562,common_POD_r32_gauge_fixed,0.9309423416626498,16.70701970878654,3,0,0.0
ql-ROM-style within a fixed POD space,1248,149.059229449,7282,5,663.72216796875,common_POD_r32_gauge_fixed,1.0759307147966772,16.42825585374384,3,0,0.0
ql-ROM-style within a fixed POD space,1248,149.059229449,7282,6,668.6024780273438,common_POD_r32_gauge_fixed,0.7839591435415725,16.36408587797531,6,1,0.03301542285199131
ql-ROM-style within a fixed POD space,1248,149.059229449,7282,7,673.4827880859375,common_POD_r32_gauge_fixed,0.9491034487727081,16.170205386108456,6,0,0.0
ql-ROM-style within a fixed POD space,1248,149.059229449,7282,8,678.3630981445312,common_POD_r32_gauge_fixed,1.104647241457216,17.208407256503698,6,0,0.0
ql-ROM-style within a fixed POD space,1248,149.059229449,7282,9,683.243408203125,common_POD_r32_gauge_fixed,1.2401383037020923,16.646352896818364,6,0,0.0
ql-ROM-style within a fixed POD space,1248,149.059229449,7282,10,688.1237182617188,common_POD_r32_gauge_fixed,0.9932457526276393,16.429559646634317,3,1,0.03575627149160186
ql-ROM-style within a fixed POD space,1248,149.059229449,7282,11,693.0040283203125,common_POD_r32_gauge_fixed,1.1426443327043159,16.060002729750302,3,0,0.0
ql-ROM-style within a fixed POD space,1248,149.059229449,7282,12,697.8843383789062,common_POD_r32_gauge_fixed,1.2651326780256478,17.229480424369683,3,0,0.0
ql-ROM-style within a fixed POD space,1248,149.059229449,7282,13,702.7646484375,common_POD_r32_gauge_fixed,1.062027323157392,16.43634824414107,6,1,0.035569428892238304
ql-ROM-style within a fixed POD space,1248,149.059229449,7282,14,707.6449584960938,common_POD_r32_gauge_fixed,1.1346772252584076,16.463860025808522,6,0,0.0
ql-ROM-style within a fixed POD space,1248,149.059229449,7282,15,712.5252685546875,common_POD_r32_gauge_fixed,1.2759763160123794,16.525594210100422,6,0,0.0
ql-ROM-style within a fixed POD space,1248,149.059229449,7282,16,717.4055786132812,common_POD_r32_gauge_fixed,1.4044051513419715,17.397669320299595,6,0,0.0
ql-ROM-style within a fixed POD space,1248,149.059229449,7282,17,722.285888671875,common_POD_r32_gauge_fixed,1.2384482135401398,16.812897466526977,3,1,0.03494447577391622
ql-ROM-style within a fixed POD space,1248,149.059229449,7282,18,727.1661987304688,common_POD_r32_gauge_fixed,1.3549579342146532,16.628480139279205,3,0,0.0
ql-ROM-style within a fixed POD space,1248,149.059229449,7282,19,732.0465087890625,common_POD_r32_gauge_fixed,1.4852604953826563,16.815362701087373,3,0,0.0
ql-ROM-style within a fixed POD space,1248,149.059229449,7282,20,736.9268188476562,common_POD_r32_gauge_fixed,1.6066135123487881,17.471332190536458,3,0,0.0
ql-ROM-style within a fixed POD space,1248,149.059229449,7282,21,741.80712890625,common_POD_r32_gauge_fixed,1.4629350970195152,17.074542742292532,6,1,0.0329756718708782
ql-ROM-style within a fixed POD space,1248,149.059229449,7282,22,746.6874389648438,common_POD_r32_gauge_fixed,1.5559978774092331,16.741779547739007,6,0,0.0
ql-ROM-style within a fixed POD space,1248,149.059229449,7282,23,751.5677490234375,common_POD_r32_gauge_fixed,1.685337431343151,17.401972468306585,6,0,0.0
ql-ROM-style within a fixed POD space,1248,149.059229449,7282,24,756.4480590820312,common_POD_r32_gauge_fixed,1.8091151414077418,17.622682357640333,6,0,0.0
ql-ROM-style within a fixed POD space,1248,149.059229449,7282,25,761.328369140625,common_POD_r32_gauge_fixed,1.6858226939593977,17.46709352356481,3,1,0.03420160160513816
ql-ROM-style within a fixed POD space,1248,149.059229449,7282,26,766.2086791992188,common_POD_r32_gauge_fixed,1.7819911558738983,17.0656833529026,3,0,0.0
ql-ROM-style within a fixed POD space,1248,149.059229449,7282,27,771.0889892578125,common_POD_r32_gauge_fixed,1.8873576874482088,17.77233063645048,3,0,0.0
ql-ROM-style within a fixed POD space,1248,149.059229449,7282,28,775.9692993164062,common_POD_r32_gauge_fixed,1.9927208213511631,17.791184584809972,3,0,0.0
ql-ROM-style within a fixed POD space,1248,149.059229449,7282,29,780.849609375,common_POD_r32_gauge_fixed,1.8478526488581035,17.721762848741022,6,1,0.033122394847562645
ql-ROM-style within a fixed POD space,1248,149.059229449,7282,30,785.7299194335938,common_POD_r32_gauge_fixed,1.9204591267496705,17.401193951679918,6,0,0.0
ql-ROM-style within a fixed POD space,1248,149.059229449,7282,31,790.6102294921875,common_POD_r32_gauge_fixed,2.0266179921433007,18.192549563715882,6,0,0.0
ql-ROM-style within a fixed POD space,1248,149.059229449,7282,32,795.4905395507812,common_POD_r32_gauge_fixed,2.1284810460038956,18.050791706211818,6,0,0.0
ql-ROM-style within a fixed POD space,1248,149.059229449,7282,33,800.370849609375,common_POD_r32_gauge_fixed,1.9955991063261063,18.1959585815524,3,1,0.03452718014384575
ql-ROM-style within a fixed POD space,1248,149.059229449,7282,34,805.2511596679688,common_POD_r32_gauge_fixed,2.0606497042334104,17.739823696431532,3,0,0.0
ql-ROM-style within a fixed POD space,1248,149.059229449,7282,35,810.1314697265625,common_POD_r32_gauge_fixed,2.138095500542755,18.50108879467155,3,0,0.0
ql-ROM-style within a fixed POD space,1248,149.059229449,7282,36,815.0117797851562,common_POD_r32_gauge_fixed,2.221432155709305,18.213164419352943,3,0,0.0
ql-ROM-style within a fixed POD space,1248,149.059229449,7282,37,819.89208984375,common_POD_r32_gauge_fixed,2.0614332749447133,18.306385472075547,6,1,0.03253562034343368
ql-ROM-style within a fixed POD space,1248,149.059229449,7282,38,824.7723999023438,common_POD_r32_gauge_fixed,2.1154180772619173,18.100810706092325,6,0,0.0
ql-ROM-style within a fixed POD space,1248,149.059229449,7282,39,829.6527099609375,common_POD_r32_gauge_fixed,2.197329178353674,18.709602278991845,6,0,0.0
ql-ROM-style within a fixed POD space,1248,149.059229449,7282,40,834.5330200195312,common_POD_r32_gauge_fixed,2.273198237999457,18.54990778911064,6,0,0.0
ql-ROM-style within a fixed POD space,1248,149.059229449,7282,41,839.413330078125,common_POD_r32_gauge_fixed,2.120335121543824,18.7615208400815,3,1,0.034013902267648465
ql-ROM-style within a fixed POD space,1248,149.059229449,7282,42,844.2936401367188,common_POD_r32_gauge_fixed,2.1625615162660172,18.357852401065607,3,0,0.0
ql-ROM-style within a fixed POD space,1248,149.059229449,7282,43,849.1739501953125,common_POD_r32_gauge_fixed,2.2191728305168024,18.98210180595702,3,0,0.0
ql-ROM-style within a fixed POD space,1248,149.059229449,7282,44,854.0542602539062,common_POD_r32_gauge_fixed,2.1045136088309877,18.915442320676917,6,1,0.031444167782012235
ql-ROM-style within a fixed POD space,1248,149.059229449,7282,45,858.9345703125,common_POD_r32_gauge_fixed,2.1037280210372353,18.753194256409813,6,0,0.0
ql-ROM-style within a fixed POD space,1248,149.059229449,7282,46,863.8148803710938,common_POD_r32_gauge_fixed,2.1462706630958843,18.607346311790522,6,0,0.0
ql-ROM-style within a fixed POD space,1248,149.059229449,7282,47,868.6951904296875,common_POD_r32_gauge_fixed,2.207316903170986,19.025402340665778,6,0,0.0
ql-ROM-style within a fixed POD space,1248,149.059229449,7282,48,873.5755004882812,common_POD_r32_gauge_fixed,2.0831513835767232,19.291731177045477,3,1,0.03308003945877057
ql-ROM-style within a fixed POD space,1248,149.059229449,7298,1,722.285888671875,common_POD_r32_gauge_fixed,0.2598022510753855,16.08409178296145,6,0,0.0
ql-ROM-style within a fixed POD space,1248,149.059229449,7298,2,727.1661987304688,common_POD_r32_gauge_fixed,0.5384904104382306,16.269212208136654,3,1,0.007050427788046747
ql-ROM-style within a fixed POD space,1248,149.059229449,7298,3,732.0465087890625,common_POD_r32_gauge_fixed,0.7347083576663598,16.238043313748772,3,0,0.0
ql-ROM-style within a fixed POD space,1248,149.059229449,7298,4,736.9268188476562,common_POD_r32_gauge_fixed,0.8926831800684161,16.689216028766953,3,0,0.0
ql-ROM-style within a fixed POD space,1248,149.059229449,7298,5,741.80712890625,common_POD_r32_gauge_fixed,0.6746161537009059,16.211690635631566,6,1,0.028041333307139347
ql-ROM-style within a fixed POD space,1248,149.059229449,7298,6,746.6874389648438,common_POD_r32_gauge_fixed,0.807717848891845,16.190164896196173,6,0,0.0
ql-ROM-style within a fixed POD space,1248,149.059229449,7298,7,751.5677490234375,common_POD_r32_gauge_fixed,0.9797017457283795,16.65752738698955,6,0,0.0
ql-ROM-style within a fixed POD space,1248,149.059229449,7298,8,756.4480590820312,common_POD_r32_gauge_fixed,1.1153445094702277,16.97566705931248,6,0,0.0
ql-ROM-style within a fixed POD space,1248,149.059229449,7298,9,761.328369140625,common_POD_r32_gauge_fixed,1.001190841578328,16.5522106165939,3,1,0.030550312769227685
ql-ROM-style within a fixed POD space,1248,149.059229449,7298,10,766.2086791992188,common_POD_r32_gauge_fixed,1.1525847051032263,16.176216407434328,3,0,0.0
ql-ROM-style within a fixed POD space,1248,149.059229449,7298,11,771.0889892578125,common_POD_r32_gauge_fixed,1.2997475341165565,16.896719747732657,3,0,0.0
ql-ROM-style within a fixed POD space,1248,149.059229449,7298,12,775.9692993164062,common_POD_r32_gauge_fixed,1.4160618457147225,17.24560610793343,3,0,0.0
ql-ROM-style within a fixed POD space,1248,149.059229449,7298,13,780.849609375,common_POD_r32_gauge_fixed,1.0872999054945764,16.714155511800673,6,1,0.03859021205870799
ql-ROM-style within a fixed POD space,1248,149.059229449,7298,14,785.7299194335938,common_POD_r32_gauge_fixed,1.211049732529691,16.41353158137283,6,0,0.0
ql-ROM-style within a fixed POD space,1248,149.059229449,7298,15,790.6102294921875,common_POD_r32_gauge_fixed,1.3480784747672327,17.31748881865353,6,0,0.0
ql-ROM-style within a fixed POD space,1248,149.059229449,7298,16,795.4905395507812,common_POD_r32_gauge_fixed,1.4589084925444613,17.329029129237586,6,0,0.0
ql-ROM-style within a fixed POD space,1248,149.059229449,7298,17,800.370849609375,common_POD_r32_gauge_fixed,1.259662515741609,17.19156655906769,3,1,0.034989697848110575
ql-ROM-style within a fixed POD space,1248,149.059229449,7298,18,805.2511596679688,common_POD_r32_gauge_fixed,1.38181357438251,16.704908229434643,3,0,0.0
ql-ROM-style within a fixed POD space,1248,149.059229449,7298,19,810.1314697265625,common_POD_r32_gauge_fixed,1.4905983605261188,17.56259213045679,3,0,0.0
ql-ROM-style within a fixed POD space,1248,149.059229449,7298,20,815.0117797851562,common_POD_r32_gauge_fixed,1.5896084950383704,17.433694365108845,3,0,0.0
ql-ROM-style within a fixed POD space,1248,149.059229449,7298,21,819.89208984375,common_POD_r32_gauge_fixed,1.4237882759094742,17.353224881318766,6,1,0.031003966226649325
ql-ROM-style within a fixed POD space,1248,149.059229449,7298,22,824.7723999023438,common_POD_r32_gauge_fixed,1.5250218639176019,17.07714350373869,6,0,0.0
ql-ROM-style within a fixed POD space,1248,149.059229449,7298,23,829.6527099609375,common_POD_r32_gauge_fixed,1.6302746873656748,17.856664101011003,6,0,0.0
ql-ROM-style within a fixed POD space,1248,149.059229449,7298,24,834.5330200195312,common_POD_r32_gauge_fixed,1.7236052235723287,17.731102279158822,6,0,0.0
ql-ROM-style within a fixed POD space,1248,149.059229449,7298,25,839.413330078125,common_POD_r32_gauge_fixed,1.5718790394357518,17.770845632193716,3,1,0.03276433064293985
ql-ROM-style within a fixed POD space,1248,149.059229449,7298,26,844.2936401367188,common_POD_r32_gauge_fixed,1.661412813713515,17.35557350143931,3,0,0.0
ql-ROM-style within a fixed POD space,1248,149.059229449,7298,27,849.1739501953125,common_POD_r32_gauge_fixed,1.7452562103686307,18.18703838196002,3,0,0.0
ql-ROM-style within a fixed POD space,1248,149.059229449,7298,28,854.0542602539062,common_POD_r32_gauge_fixed,1.630984752632401,17.99567889678641,6,1,0.030456164152294657
ql-ROM-style within a fixed POD space,1248,149.059229449,7298,29,858.9345703125,common_POD_r32_gauge_fixed,1.6676108208876015,17.878437760107943,6,0,0.0
ql-ROM-style within a fixed POD space,1248,149.059229449,7298,30,863.8148803710938,common_POD_r32_gauge_fixed,1.7474702815966956,17.747406041925885,6,0,0.0
ql-ROM-style within a fixed POD space,1248,149.059229449,7298,31,868.6951904296875,common_POD_r32_gauge_fixed,1.8302922807771578,18.335660519758264,6,0,0.0
ql-ROM-style within a fixed POD space,1248,149.059229449,7298,32,873.5755004882812,common_POD_r32_gauge_fixed,1.7046942601090826,18.447431663367748,3,1,0.032494247649891804
ql-ROM-style within a fixed POD space,1248,149.059229449,7298,33,878.455810546875,common_POD_r32_gauge_fixed,1.7469349904744191,18.243927309828862,3,0,0.0
ql-ROM-style within a fixed POD space,1248,149.059229449,7298,34,883.3361206054688,common_POD_r32_gauge_fixed,1.8107665436715998,17.995110475031943,3,0,0.0
ql-ROM-style within a fixed POD space,1248,149.059229449,7298,35,888.2164306640625,common_POD_r32_gauge_fixed,1.8780601771737828,18.673116638226936,3,0,0.0
ql-ROM-style within a fixed POD space,1248,149.059229449,7298,36,893.0967407226562,common_POD_r32_gauge_fixed,1.740508222231069,18.69390851116732,6,1,0.030228800665377597
ql-ROM-style within a fixed POD space,1248,149.059229449,7298,37,897.97705078125,common_POD_r32_gauge_fixed,1.7705616613869177,18.315591147066527,6,0,0.0
ql-ROM-style within a fixed POD space,1248,149.059229449,7298,38,902.8573608398438,common_POD_r32_gauge_fixed,1.831575902419227,18.2803377042023,6,0,0.0
ql-ROM-style within a fixed POD space,1248,149.059229449,7298,39,907.7376708984375,common_POD_r32_gauge_fixed,1.8978827947376598,18.74844789339804,6,0,0.0
ql-ROM-style within a fixed POD space,1248,149.059229449,7298,40,912.6179809570312,common_POD_r32_gauge_fixed,1.7513389668930457,18.904965342129778,3,1,0.03194051816782296
ql-ROM-style within a fixed POD space,1248,149.059229449,7298,41,917.498291015625,common_POD_r32_gauge_fixed,1.7849027638385024,18.52123004187771,3,0,0.0
ql-ROM-style within a fixed POD space,1248,149.059229449,7298,42,922.3786010742188,common_POD_r32_gauge_fixed,1.8303816953580663,18.486339585991914,3,0,0.0
ql-ROM-style within a fixed POD space,1248,149.059229449,7298,43,927.2589111328125,common_POD_r32_gauge_fixed,1.8848644175057165,19.03506563424606,3,0,0.0
ql-ROM-style within a fixed POD space,1248,149.059229449,7298,44,932.1392211914062,common_POD_r32_gauge_fixed,1.7342521054850075,19.056175230715677,6,1,0.02948648925168393
ql-ROM-style within a fixed POD space,1248,149.059229449,7298,45,937.01953125,common_POD_r32_gauge_fixed,1.7616271906334409,18.569682151956922,6,0,0.0
ql-ROM-style within a fixed POD space,1248,149.059229449,7298,46,941.8998413085938,common_POD_r32_gauge_fixed,1.809467195892241,18.634825789924232,6,0,0.0
ql-ROM-style within a fixed POD space,1248,149.059229449,7298,47,946.7801513671875,common_POD_r32_gauge_fixed,1.8625410842393317,19.094310325741848,6,0,0.0
ql-ROM-style within a fixed POD space,1248,149.059229449,7298,48,951.6604614257812,common_POD_r32_gauge_fixed,1.7005819366780413,19.15453713249036,3,1,0.03115166105437156
ql-ROM-style within a fixed POD space,1248,149.059229449,7306,1,761.328369140625,common_POD_r32_gauge_fixed,0.35730365381999996,16.229472418825235,3,1,0.0067651445839438246
ql-ROM-style within a fixed POD space,1248,149.059229449,7306,2,766.2086791992188,common_POD_r32_gauge_fixed,0.5355640310285287,16.20238489938136,3,0,0.0
ql-ROM-style within a fixed POD space,1248,149.059229449,7306,3,771.0889892578125,common_POD_r32_gauge_fixed,0.7353091333594524,16.47388260252762,3,0,0.0
ql-ROM-style within a fixed POD space,1248,149.059229449,7306,4,775.9692993164062,common_POD_r32_gauge_fixed,0.8856659494745992,16.491710585691685,3,0,0.0
ql-ROM-style within a fixed POD space,1248,149.059229449,7306,5,780.849609375,common_POD_r32_gauge_fixed,0.8279397054945072,16.434306192332887,6,1,0.027161706570738263
ql-ROM-style within a fixed POD space,1248,149.059229449,7306,6,785.7299194335938,common_POD_r32_gauge_fixed,0.9784273555390077,16.194280895404834,6,0,0.0
ql-ROM-style within a fixed POD space,1248,149.059229449,7306,7,790.6102294921875,common_POD_r32_gauge_fixed,1.1435432731634636,17.09826663278891,6,0,0.0
ql-ROM-style within a fixed POD space,1248,149.059229449,7306,8,795.4905395507812,common_POD_r32_gauge_fixed,1.2617698289893362,16.95231698044185,6,0,0.0
ql-ROM-style within a fixed POD space,1248,149.059229449,7306,9,800.370849609375,common_POD_r32_gauge_fixed,1.047480498556413,16.53761777315609,3,1,0.03589753962601591
ql-ROM-style within a fixed POD space,1248,149.059229449,7306,10,805.2511596679688,common_POD_r32_gauge_fixed,1.2060728514292394,16.128763601612313,3,0,0.0
ql-ROM-style within a fixed POD space,1248,149.059229449,7306,11,810.1314697265625,common_POD_r32_gauge_fixed,1.3490473542469141,17.338479362838747,3,0,0.0
ql-ROM-style within a fixed POD space,1248,149.059229449,7306,12,815.0117797851562,common_POD_r32_gauge_fixed,1.4663102869113958,17.007984408232645,3,0,0.0
ql-ROM-style within a fixed POD space,1248,149.059229449,7306,13,819.89208984375,common_POD_r32_gauge_fixed,1.1131978921260497,16.705394056304897,6,1,0.0391524692352138
ql-ROM-style within a fixed POD space,1248,149.059229449,7306,14,824.7723999023438,common_POD_r32_gauge_fixed,1.2450371902402602,16.548338989991073,6,0,0.0
ql-ROM-style within a fixed POD space,1248,149.059229449,7306,15,829.6527099609375,common_POD_r32_gauge_fixed,1.3755040622638581,17.544517911450168,6,0,0.0
ql-ROM-style within a fixed POD space,1248,149.059229449,7306,16,834.5330200195312,common_POD_r32_gauge_fixed,1.482378763656328,17.23147942614768,6,0,0.0
ql-ROM-style within a fixed POD space,1248,149.059229449,7306,17,839.413330078125,common_POD_r32_gauge_fixed,1.281586513992065,17.273177561993275,3,1,0.03488942881482286
ql-ROM-style within a fixed POD space,1248,149.059229449,7306,18,844.2936401367188,common_POD_r32_gauge_fixed,1.3999730162023711,16.881709137097644,3,0,0.0
ql-ROM-style within a fixed POD space,1248,149.059229449,7306,19,849.1739501953125,common_POD_r32_gauge_fixed,1.5001519540813248,17.782079392649052,3,0,0.0
ql-ROM-style within a fixed POD space,1248,149.059229449,7306,20,854.0542602539062,common_POD_r32_gauge_fixed,1.377014212010157,17.417771953708698,6,1,0.03018652483669383
ql-ROM-style within a fixed POD space,1248,149.059229449,7306,21,858.9345703125,common_POD_r32_gauge_fixed,1.4334025389487888,17.38120472635036,6,0,0.0
ql-ROM-style within a fixed POD space,1248,149.059229449,7306,22,863.8148803710938,common_POD_r32_gauge_fixed,1.5368579039984382,17.302607054344897,6,0,0.0
ql-ROM-style within a fixed POD space,1248,149.059229449,7306,23,868.6951904296875,common_POD_r32_gauge_fixed,1.6344502374743652,17.956443116968355,6,0,0.0
ql-ROM-style within a fixed POD space,1248,149.059229449,7306,24,873.5755004882812,common_POD_r32_gauge_fixed,1.5106404640860822,17.93480528516579,3,1,0.031937262848444684
ql-ROM-style within a fixed POD space,1248,149.059229449,7306,25,878.455810546875,common_POD_r32_gauge_fixed,1.5759005729262956,17.762423916307117,3,0,0.0
ql-ROM-style within a fixed POD space,1248,149.059229449,7306,26,883.3361206054688,common_POD_r32_gauge_fixed,1.6621806461454676,17.595330384214915,3,0,0.0
ql-ROM-style within a fixed POD space,1248,149.059229449,7306,27,888.2164306640625,common_POD_r32_gauge_fixed,1.7440848143576853,18.286445833686813,3,0,0.0
ql-ROM-style within a fixed POD space,1248,149.059229449,7306,28,893.0967407226562,common_POD_r32_gauge_fixed,1.616454271385997,18.237024373989165,6,1,0.029461237757137413
ql-ROM-style within a fixed POD space,1248,149.059229449,7306,29,897.97705078125,common_POD_r32_gauge_fixed,1.6658740422490295,17.895068224459358,6,0,0.0
ql-ROM-style within a fixed POD space,1248,149.059229449,7306,30,902.8573608398438,common_POD_r32_gauge_fixed,1.745442174717228,17.967976143851736,6,0,0.0
ql-ROM-style within a fixed POD space,1248,149.059229449,7306,31,907.7376708984375,common_POD_r32_gauge_fixed,1.8251933620519296,18.437866820011457,6,0,0.0
ql-ROM-style within a fixed POD space,1248,149.059229449,7306,32,912.6179809570312,common_POD_r32_gauge_fixed,1.6864481984367672,18.554236324561916,3,1,0.031863243458854607
ql-ROM-style within a fixed POD space,1248,149.059229449,7306,33,917.498291015625,common_POD_r32_gauge_fixed,1.736253080007442,18.1770621508025,3,0,0.0
ql-ROM-style within a fixed POD space,1248,149.059229449,7306,34,922.3786010742188,common_POD_r32_gauge_fixed,1.7957019693930802,18.239512601249437,3,0,0.0
ql-ROM-style within a fixed POD space,1248,149.059229449,7306,35,927.2589111328125,common_POD_r32_gauge_fixed,1.8604312832535317,18.75982342162445,3,0,0.0
ql-ROM-style within a fixed POD space,1248,149.059229449,7306,36,932.1392211914062,common_POD_r32_gauge_fixed,1.712930457236547,18.77618707444664,6,1,0.029685664123897757
ql-ROM-style within a fixed POD space,1248,149.059229449,7306,37,937.01953125,common_POD_r32_gauge_fixed,1.7511542758362273,18.307318701384474,6,0,0.0
ql-ROM-style within a fixed POD space,1248,149.059229449,7306,38,941.8998413085938,common_POD_r32_gauge_fixed,1.8104560797291032,18.457174051045037,6,0,0.0
ql-ROM-style within a fixed POD space,1248,149.059229449,7306,39,946.7801513671875,common_POD_r32_gauge_fixed,1.8725053129126517,18.87414180776093,6,0,0.0
ql-ROM-style within a fixed POD space,1248,149.059229449,7306,40,951.6604614257812,common_POD_r32_gauge_fixed,1.7156038082199427,18.949443553164098,3,1,0.03143522190457753
ql-ROM-style within a fixed POD space,1248,149.059229449,7306,41,956.540771484375,common_POD_r32_gauge_fixed,1.755247332768061,18.413863991376633,3,0,0.0
ql-ROM-style within a fixed POD space,1248,149.059229449,7306,42,961.4210815429688,common_POD_r32_gauge_fixed,1.7991648912301355,18.70924256059843,3,0,0.0
ql-ROM-style within a fixed POD space,1248,149.059229449,7306,43,966.3013916015625,common_POD_r32_gauge_fixed,1.8524499887137398,19.075541938844406,3,0,0.0
ql-ROM-style within a fixed POD space,1248,149.059229449,7306,44,971.1817016601562,common_POD_r32_gauge_fixed,1.6971382465805132,19.029169459867877,6,1,0.02919311145460972
ql-ROM-style within a fixed POD space,1248,149.059229449,7306,45,976.06201171875,common_POD_r32_gauge_fixed,1.733175562872444,18.52429299807576,6,0,0.0
ql-ROM-style within a fixed POD space,1248,149.059229449,7306,46,980.9423217773438,common_POD_r32_gauge_fixed,1.7762816860892157,18.7903414300701,6,0,0.0
ql-ROM-style within a fixed POD space,1248,149.059229449,7306,47,985.8226318359375,common_POD_r32_gauge_fixed,1.827204048910739,19.1897806834701,6,0,0.0
ql-ROM-style within a fixed POD space,1248,149.059229449,7306,48,990.7029418945312,common_POD_r32_gauge_fixed,1.6722787477700773,19.073423196483354,3,1,0.03146931791911806
ql-ROM-style within a fixed POD space,1248,149.059229449,7322,1,839.413330078125,common_POD_r32_gauge_fixed,0.3406170746838046,16.36840388035594,3,1,0.006054602916195627
ql-ROM-style within a fixed POD space,1248,149.059229449,7322,2,844.2936401367188,common_POD_r32_gauge_fixed,0.5486709671694743,16.19271549055008,3,0,0.0
ql-ROM-style within a fixed POD space,1248,149.059229449,7322,3,849.1739501953125,common_POD_r32_gauge_fixed,0.7313417143442329,16.703236554984382,3,0,0.0
ql-ROM-style within a fixed POD space,1248,149.059229449,7322,4,854.0542602539062,common_POD_r32_gauge_fixed,0.8815959912257997,16.088863059584398,3,0,0.0
ql-ROM-style within a fixed POD space,1248,149.059229449,7322,5,858.9345703125,common_POD_r32_gauge_fixed,0.8201636589826606,16.37321897123459,6,1,0.025239216194259218
ql-ROM-style within a fixed POD space,1248,149.059229449,7322,6,863.8148803710938,common_POD_r32_gauge_fixed,0.9961524615388826,16.42124148760138,6,0,0.0
ql-ROM-style within a fixed POD space,1248,149.059229449,7322,7,868.6951904296875,common_POD_r32_gauge_fixed,1.1381647987299128,17.227194780444684,6,0,0.0
ql-ROM-style within a fixed POD space,1248,149.059229449,7322,8,873.5755004882812,common_POD_r32_gauge_fixed,1.2605768997224542,16.39454228895066,6,0,0.0
ql-ROM-style within a fixed POD space,1248,149.059229449,7322,9,878.455810546875,common_POD_r32_gauge_fixed,1.0579601380438968,16.391207062889645,3,1,0.034697917832558677
ql-ROM-style within a fixed POD space,1248,149.059229449,7322,10,883.3361206054688,common_POD_r32_gauge_fixed,1.220738827366041,16.507454021525465,3,0,0.0
ql-ROM-style within a fixed POD space,1248,149.059229449,7322,11,888.2164306640625,common_POD_r32_gauge_fixed,1.3460112222305955,17.469994906443326,3,0,0.0
ql-ROM-style within a fixed POD space,1248,149.059229449,7322,12,893.0967407226562,common_POD_r32_gauge_fixed,1.033707788848927,16.714888542052588,6,1,0.03729258222010572
ql-ROM-style within a fixed POD space,1248,149.059229449,7322,13,897.97705078125,common_POD_r32_gauge_fixed,1.13640827952606,16.579583355459135,6,0,0.0
ql-ROM-style within a fixed POD space,1248,149.059229449,7322,14,902.8573608398438,common_POD_r32_gauge_fixed,1.275157023114481,16.996133707250387,6,0,0.0
ql-ROM-style within a fixed POD space,1248,149.059229449,7322,15,907.7376708984375,common_POD_r32_gauge_fixed,1.3883877776079585,17.496657570652875,6,0,0.0
ql-ROM-style within a fixed POD space,1248,149.059229449,7322,16,912.6179809570312,common_POD_r32_gauge_fixed,1.2547225118666914,17.270968846658526,3,1,0.03245952372230018
ql-ROM-style within a fixed POD space,1248,149.059229449,7322,17,917.498291015625,common_POD_r32_gauge_fixed,1.36706865387628,16.942983627589552,3,0,0.0
ql-ROM-style within a fixed POD space,1248,149.059229449,7322,18,922.3786010742188,common_POD_r32_gauge_fixed,1.4871726738662432,17.401540333449272,3,0,0.0
ql-ROM-style within a fixed POD space,1248,149.059229449,7322,19,927.2589111328125,common_POD_r32_gauge_fixed,1.58691568744957,17.77777447916014,3,0,0.0
ql-ROM-style within a fixed POD space,1248,149.059229449,7322,20,932.1392211914062,common_POD_r32_gauge_fixed,1.3602145474081246,17.473892348563975,6,1,0.034444743108303415
ql-ROM-style within a fixed POD space,1248,149.059229449,7322,21,937.01953125,common_POD_r32_gauge_fixed,1.4521576235390308,17.188230932537202,6,0,0.0
ql-ROM-style within a fixed POD space,1248,149.059229449,7322,22,941.8998413085938,common_POD_r32_gauge_fixed,1.5641829433464964,17.75974549638625,6,0,0.0
ql-ROM-style within a fixed POD space,1248,149.059229449,7322,23,946.7801513671875,common_POD_r32_gauge_fixed,1.6575692271944373,17.951779539908184,6,0,0.0
ql-ROM-style within a fixed POD space,1248,149.059229449,7322,24,951.6604614257812,common_POD_r32_gauge_fixed,1.540528828654877,17.972936771701868,3,1,0.03149837575992578
ql-ROM-style within a fixed POD space,1248,149.059229449,7322,25,956.540771484375,common_POD_r32_gauge_fixed,1.6274709030904722,17.504867618264996,3,0,0.0
ql-ROM-style within a fixed POD space,1248,149.059229449,7322,26,961.4210815429688,common_POD_r32_gauge_fixed,1.717708773458258,18.205793753283945,3,0,0.0
ql-ROM-style within a fixed POD space,1248,149.059229449,7322,27,966.3013916015625,common_POD_r32_gauge_fixed,1.8006313124909534,18.19620285082076,3,0,0.0
ql-ROM-style within a fixed POD space,1248,149.059229449,7322,28,971.1817016601562,common_POD_r32_gauge_fixed,1.5942444807280243,18.149056332549975,6,1,0.0333791614089751
ql-ROM-style within a fixed POD space,1248,149.059229449,7322,29,976.06201171875,common_POD_r32_gauge_fixed,1.6685417306126822,17.822062336304313,6,0,0.0
ql-ROM-style within a fixed POD space,1248,149.059229449,7322,30,980.9423217773438,common_POD_r32_gauge_fixed,1.7501522240352185,18.38515942626378,6,0,0.0
ql-ROM-style within a fixed POD space,1248,149.059229449,7322,31,985.8226318359375,common_POD_r32_gauge_fixed,1.8206080753296032,18.546034537253448,6,0,0.0
ql-ROM-style within a fixed POD space,1248,149.059229449,7322,32,990.7029418945312,common_POD_r32_gauge_fixed,1.6814521794148274,18.64285044180266,3,1,0.03194816872335155
ql-ROM-style within a fixed POD space,1248,149.059229449,7322,33,995.583251953125,common_POD_r32_gauge_fixed,1.7458310659543046,18.107629996934968,3,0,0.0
ql-ROM-style within a fixed POD space,1248,149.059229449,7322,34,1000.4635620117188,common_POD_r32_gauge_fixed,1.8110278186449578,18.85795676314329,3,0,0.0
ql-ROM-style within a fixed POD space,1248,149.059229449,7322,35,1005.3438720703125,common_POD_r32_gauge_fixed,1.6608920977816137,18.739920334915723,6,1,0.032588983902889036
ql-ROM-style within a fixed POD space,1248,149.059229449,7322,36,1010.2241821289062,common_POD_r32_gauge_fixed,1.6743127255786634,18.68102718638978,6,0,0.0
ql-ROM-style within a fixed POD space,1248,149.059229449,7322,37,1015.1044921875,common_POD_r32_gauge_fixed,1.7323523986771963,18.33247800292204,6,0,0.0
ql-ROM-style within a fixed POD space,1248,149.059229449,7322,38,1019.9848022460938,common_POD_r32_gauge_fixed,1.7876091360424105,18.876848442480853,6,0,0.0
ql-ROM-style within a fixed POD space,1248,149.059229449,7322,39,1024.8651123046875,common_POD_r32_gauge_fixed,1.8380256539462971,19.128601151593255,6,0,0.0
ql-ROM-style within a fixed POD space,1248,149.059229449,7322,40,1029.745361328125,common_POD_r32_gauge_fixed,1.6808765159718142,19.072160627574284,3,1,0.031812880386392774
ql-ROM-style within a fixed POD space,1248,149.059229449,7322,41,1034.625732421875,common_POD_r32_gauge_fixed,1.7323345961487058,18.58802570490061,3,0,0.0
ql-ROM-style within a fixed POD space,1248,149.059229449,7322,42,1039.5059814453125,common_POD_r32_gauge_fixed,1.7843334310791061,19.333090770797686,3,0,0.0
ql-ROM-style within a fixed POD space,1248,149.059229449,7322,43,1044.3863525390625,common_POD_r32_gauge_fixed,1.624797434967483,19.212548476604773,6,1,0.033440126096959476
ql-ROM-style within a fixed POD space,1248,149.059229449,7322,44,1049.2666015625,common_POD_r32_gauge_fixed,1.651522283645605,18.96424964601948,6,0,0.0
ql-ROM-style within a fixed POD space,1248,149.059229449,7322,45,1054.14697265625,common_POD_r32_gauge_fixed,1.706012387099054,18.66776702156839,6,0,0.0
ql-ROM-style within a fixed POD space,1248,149.059229449,7322,46,1059.0272216796875,common_POD_r32_gauge_fixed,1.7556473925633538,19.2818945251364,6,0,0.0
ql-ROM-style within a fixed POD space,1248,149.059229449,7322,47,1063.9075927734375,common_POD_r32_gauge_fixed,1.5507005166860357,19.471253000779807,3,1,0.034922308212412934
ql-ROM-style within a fixed POD space,1248,149.059229449,7322,48,1068.787841796875,common_POD_r32_gauge_fixed,1.5879347489600664,19.217465338058734,3,0,0.0
ql-ROM-style within a fixed POD space,1248,149.059229449,7338,1,917.498291015625,common_POD_r32_gauge_fixed,0.25753099129637236,16.33712130264993,3,0,0.0
ql-ROM-style within a fixed POD space,1248,149.059229449,7338,2,922.3786010742188,common_POD_r32_gauge_fixed,0.4747632924640059,16.39383709472711,3,0,0.0
ql-ROM-style within a fixed POD space,1248,149.059229449,7338,3,927.2589111328125,common_POD_r32_gauge_fixed,0.652751844041245,16.44476412307014,3,0,0.0
ql-ROM-style within a fixed POD space,1248,149.059229449,7338,4,932.1392211914062,common_POD_r32_gauge_fixed,0.659944939212555,16.46385462149172,6,1,0.021098689150669692
ql-ROM-style within a fixed POD space,1248,149.059229449,7338,5,937.01953125,common_POD_r32_gauge_fixed,0.8289483854955088,16.20614344902372,6,0,0.0
ql-ROM-style within a fixed POD space,1248,149.059229449,7338,6,941.8998413085938,common_POD_r32_gauge_fixed,1.0075430820327813,16.816745906683295,6,0,0.0
ql-ROM-style within a fixed POD space,1248,149.059229449,7338,7,946.7801513671875,common_POD_r32_gauge_fixed,1.1417197066384408,16.802599092219655,6,0,0.0
ql-ROM-style within a fixed POD space,1248,149.059229449,7338,8,951.6604614257812,common_POD_r32_gauge_fixed,0.95209459563981,16.485066482188035,3,1,0.033047382800215214
ql-ROM-style within a fixed POD space,1248,149.059229449,7338,9,956.540771484375,common_POD_r32_gauge_fixed,1.122019729576948,16.13033433676828,3,0,0.0
ql-ROM-style within a fixed POD space,1248,149.059229449,7338,10,961.4210815429688,common_POD_r32_gauge_fixed,1.2793248774842148,17.18146460001318,3,0,0.0
ql-ROM-style within a fixed POD space,1248,149.059229449,7338,11,966.3013916015625,common_POD_r32_gauge_fixed,1.4102075344683171,16.97514114456035,3,0,0.0
ql-ROM-style within a fixed POD space,1248,149.059229449,7338,12,971.1817016601562,common_POD_r32_gauge_fixed,1.1925383329288342,16.726294041632805,6,1,0.03703442362384076
ql-ROM-style within a fixed POD space,1248,149.059229449,7338,13,976.06201171875,common_POD_r32_gauge_fixed,1.328540211867352,16.462762809293206,6,0,0.0
ql-ROM-style within a fixed POD space,1248,149.059229449,7338,14,980.9423217773438,common_POD_r32_gauge_fixed,1.4708945504689146,17.60268670970573,6,0,0.0
ql-ROM-style within a fixed POD space,1248,149.059229449,7338,15,985.8226318359375,common_POD_r32_gauge_fixed,1.5870676945547089,17.20629472331333,6,0,0.0
ql-ROM-style within a fixed POD space,1248,149.059229449,7338,16,990.7029418945312,common_POD_r32_gauge_fixed,1.380475423208437,17.121515030316367,3,1,0.03785677267254138
ql-ROM-style within a fixed POD space,1248,149.059229449,7338,17,995.583251953125,common_POD_r32_gauge_fixed,1.5106952237498676,16.76616952294335,3,0,0.0
ql-ROM-style within a fixed POD space,1248,149.059229449,7338,18,1000.4635620117188,common_POD_r32_gauge_fixed,1.6302295937087228,17.849303402760214,3,0,0.0
ql-ROM-style within a fixed POD space,1248,149.059229449,7338,19,1005.3438720703125,common_POD_r32_gauge_fixed,1.4447875672729267,17.177821645964052,6,1,0.035728922923667264
ql-ROM-style within a fixed POD space,1248,149.059229449,7338,20,1010.2241821289062,common_POD_r32_gauge_fixed,1.4925308809124196,17.283617725387966,6,0,0.0
ql-ROM-style within a fixed POD space,1248,149.059229449,7338,21,1015.1044921875,common_POD_r32_gauge_fixed,1.607256976350472,17.335102387810057,6,0,0.0
ql-ROM-style within a fixed POD space,1248,149.059229449,7338,22,1019.9848022460938,common_POD_r32_gauge_fixed,1.7221651024711564,17.99252330412539,6,0,0.0
ql-ROM-style within a fixed POD space,1248,149.059229449,7338,23,1024.8651123046875,common_POD_r32_gauge_fixed,1.8202342091465893,17.750467914718236,6,0,0.0
ql-ROM-style within a fixed POD space,1248,149.059229449,7338,24,1029.745361328125,common_POD_r32_gauge_fixed,1.7107064965181094,17.863407102635005,3,1,0.03147288225311072
ql-ROM-style within a fixed POD space,1248,149.059229449,7338,25,1034.625732421875,common_POD_r32_gauge_fixed,1.8019682867410187,17.726926710421026,3,0,0.0
ql-ROM-style within a fixed POD space,1248,149.059229449,7338,26,1039.5059814453125,common_POD_r32_gauge_fixed,1.8897493277598372,18.38910338424961,3,0,0.0
ql-ROM-style within a fixed POD space,1248,149.059229449,7338,27,1044.3863525390625,common_POD_r32_gauge_fixed,1.7221956757515224,18.201221822301726,6,1,0.03315382920539145
ql-ROM-style within a fixed POD space,1248,149.059229449,7338,28,1049.2666015625,common_POD_r32_gauge_fixed,1.7743084722355613,17.99671196207168,6,0,0.0
ql-ROM-style within a fixed POD space,1248,149.059229449,7338,29,1054.14697265625,common_POD_r32_gauge_fixed,1.861062523960294,18.113549615182396,6,0,0.0
ql-ROM-style within a fixed POD space,1248,149.059229449,7338,30,1059.0272216796875,common_POD_r32_gauge_fixed,1.9465655734081488,18.545077864692693,6,0,0.0
ql-ROM-style within a fixed POD space,1248,149.059229449,7338,31,1063.9075927734375,common_POD_r32_gauge_fixed,1.8438862697461276,18.70681372388885,3,1,0.03154267664992322
ql-ROM-style within a fixed POD space,1248,149.059229449,7338,32,1068.787841796875,common_POD_r32_gauge_fixed,1.8855840959943793,18.40565497940091,3,0,0.0
ql-ROM-style within a fixed POD space,1248,149.059229449,7338,33,1073.668212890625,common_POD_r32_gauge_fixed,1.9484490721872412,18.513224336999716,3,0,0.0
ql-ROM-style within a fixed POD space,1248,149.059229449,7338,34,1078.5484619140625,common_POD_r32_gauge_fixed,2.0166172834710183,18.918869895027587,3,0,0.0
ql-ROM-style within a fixed POD space,1248,149.059229449,7338,35,1083.4288330078125,common_POD_r32_gauge_fixed,1.8425251687671598,18.92200638086024,6,1,0.032252012327081664
ql-ROM-style within a fixed POD space,1248,149.059229449,7338,36,1088.30908203125,common_POD_r32_gauge_fixed,1.8788934323940707,18.530249393359366,6,0,0.0
ql-ROM-style within a fixed POD space,1248,149.059229449,7338,37,1093.189453125,common_POD_r32_gauge_fixed,1.941463354227033,18.675133537771615,6,0,0.0
ql-ROM-style within a fixed POD space,1248,149.059229449,7338,38,1098.0697021484375,common_POD_r32_gauge_fixed,2.0011776070592484,19.067236001524503,6,0,0.0
ql-ROM-style within a fixed POD space,1248,149.059229449,7338,39,1102.9500732421875,common_POD_r32_gauge_fixed,1.8621474337430128,19.25740152049349,3,1,0.03171042967738146
ql-ROM-style within a fixed POD space,1248,149.059229449,7338,40,1107.830322265625,common_POD_r32_gauge_fixed,1.8933152205081831,18.775831524561077,3,0,0.0
ql-ROM-style within a fixed POD space,1248,149.059229449,7338,41,1112.710693359375,common_POD_r32_gauge_fixed,1.938683553781835,19.051945536856486,3,0,0.0
ql-ROM-style within a fixed POD space,1248,149.059229449,7338,42,1117.5909423828125,common_POD_r32_gauge_fixed,1.99163662311824,19.35483271750482,3,0,0.0
ql-ROM-style within a fixed POD space,1248,149.059229449,7338,43,1122.4713134765625,common_POD_r32_gauge_fixed,1.8128494971948672,19.219141215940482,6,1,0.03349485365455726
ql-ROM-style within a fixed POD space,1248,149.059229449,7338,44,1127.3515625,common_POD_r32_gauge_fixed,1.8430206997385674,18.763728739798406,6,0,0.0
ql-ROM-style within a fixed POD space,1248,149.059229449,7338,45,1132.23193359375,common_POD_r32_gauge_fixed,1.892989155736204,19.06008765011939,6,0,0.0
ql-ROM-style within a fixed POD space,1248,149.059229449,7338,46,1137.1121826171875,common_POD_r32_gauge_fixed,1.9379849943569143,19.384591701502433,6,0,0.0
ql-ROM-style within a fixed POD space,1248,149.059229449,7338,47,1141.9925537109375,common_POD_r32_gauge_fixed,1.7302945330382784,19.487029011291895,3,1,0.03502878533534804
ql-ROM-style within a fixed POD space,1248,149.059229449,7338,48,1146.872802734375,common_POD_r32_gauge_fixed,1.7657540890535592,18.92075149619335,3,0,0.0
ql-ROM-style within a fixed POD space,1248,149.059229449,7354,1,995.583251953125,common_POD_r32_gauge_fixed,0.2624553137029991,16.24690925287127,3,0,0.0
ql-ROM-style within a fixed POD space,1248,149.059229449,7354,2,1000.4635620117188,common_POD_r32_gauge_fixed,0.47545017460676603,16.50547741046407,3,0,0.0
ql-ROM-style within a fixed POD space,1248,149.059229449,7354,3,1005.3438720703125,common_POD_r32_gauge_fixed,0.654127890501863,16.101444110377205,3,0,0.0
ql-ROM-style within a fixed POD space,1248,149.059229449,7354,4,1010.2241821289062,common_POD_r32_gauge_fixed,0.6627547124127042,16.447094441463733,6,1,0.01876415907005264
ql-ROM-style within a fixed POD space,1248,149.059229449,7354,5,1015.1044921875,common_POD_r32_gauge_fixed,0.8480816305585938,16.283108528665135,6,0,0.0
ql-ROM-style within a fixed POD space,1248,149.059229449,7354,6,1019.9848022460938,common_POD_r32_gauge_fixed,1.0075916063543806,16.95897858169218,6,0,0.0
ql-ROM-style within a fixed POD space,1248,149.059229449,7354,7,1024.8651123046875,common_POD_r32_gauge_fixed,1.1418862488976045,16.310634943682643,6,0,0.0
ql-ROM-style within a fixed POD space,1248,149.059229449,7354,8,1029.745361328125,common_POD_r32_gauge_fixed,0.9641975670578627,16.374334021881587,3,1,0.03181093856342692
ql-ROM-style within a fixed POD space,1248,149.059229449,7354,9,1034.625732421875,common_POD_r32_gauge_fixed,1.1376591266183909,16.33714298745419,3,0,0.0
ql-ROM-style within a fixed POD space,1248,149.059229449,7354,10,1039.5059814453125,common_POD_r32_gauge_fixed,1.2780761809463421,17.334833991230077,3,0,0.0
ql-ROM-style within a fixed POD space,1248,149.059229449,7354,11,1044.3863525390625,common_POD_r32_gauge_fixed,1.084396279093674,16.58631471633141,6,1,0.035708632384440525
ql-ROM-style within a fixed POD space,1248,149.059229449,7354,12,1049.2666015625,common_POD_r32_gauge_fixed,1.1904298085560656,16.48355787941163,6,0,0.0
ql-ROM-style within a fixed POD space,1248,149.059229449,7354,13,1054.14697265625,common_POD_r32_gauge_fixed,1.342455146232979,16.883485064527505,6,0,0.0
ql-ROM-style within a fixed POD space,1248,149.059229449,7354,14,1059.0272216796875,common_POD_r32_gauge_fixed,1.46975338646289,17.498378083075348,6,0,0.0
ql-ROM-style within a fixed POD space,1248,149.059229449,7354,15,1063.9075927734375,common_POD_r32_gauge_fixed,1.2768601030881086,17.02718614890662,3,1,0.03677295653064863
ql-ROM-style within a fixed POD space,1248,149.059229449,7354,16,1068.787841796875,common_POD_r32_gauge_fixed,1.3919235405917099,16.7721000867691,3,0,0.0
ql-ROM-style within a fixed POD space,1248,149.059229449,7354,17,1073.668212890625,common_POD_r32_gauge_fixed,1.5239135560156685,17.251414479121944,3,0,0.0
ql-ROM-style within a fixed POD space,1248,149.059229449,7354,18,1078.5484619140625,common_POD_r32_gauge_fixed,1.6369611498087868,17.64107410762851,3,0,0.0
ql-ROM-style within a fixed POD space,1248,149.059229449,7354,19,1083.4288330078125,common_POD_r32_gauge_fixed,1.4665284089812292,17.268730072994444,6,1,0.035580152901813884
ql-ROM-style within a fixed POD space,1248,149.059229449,7354,20,1088.30908203125,common_POD_r32_gauge_fixed,1.5511806117139382,17.010491513124876,6,0,0.0
ql-ROM-style within a fixed POD space,1248,149.059229449,7354,21,1093.189453125,common_POD_r32_gauge_fixed,1.6789456395960876,17.77136320765319,6,0,0.0
ql-ROM-style within a fixed POD space,1248,149.059229449,7354,22,1098.0697021484375,common_POD_r32_gauge_fixed,1.787691539784109,17.83251971530002,6,0,0.0
ql-ROM-style within a fixed POD space,1248,149.059229449,7354,23,1102.9500732421875,common_POD_r32_gauge_fixed,1.6166725729472846,17.780642256908997,3,1,0.03641298550507531
ql-ROM-style within a fixed POD space,1248,149.059229449,7354,24,1107.830322265625,common_POD_r32_gauge_fixed,1.703243707872888,17.36567340078586,3,0,0.0
ql-ROM-style within a fixed POD space,1248,149.059229449,7354,25,1112.710693359375,common_POD_r32_gauge_fixed,1.8030799775189967,18.104498388518543,3,0,0.0
ql-ROM-style within a fixed POD space,1248,149.059229449,7354,26,1117.5909423828125,common_POD_r32_gauge_fixed,1.8954730669264224,18.000539634088486,3,0,0.0
ql-ROM-style within a fixed POD space,1248,149.059229449,7354,27,1122.4713134765625,common_POD_r32_gauge_fixed,1.7250568573869103,17.934495492131823,6,1,0.0347161108655005
ql-ROM-style within a fixed POD space,1248,149.059229449,7354,28,1127.3515625,common_POD_r32_gauge_fixed,1.7919027682185074,17.691616703254848,6,0,0.0
ql-ROM-style within a fixed POD space,1248,149.059229449,7354,29,1132.23193359375,common_POD_r32_gauge_fixed,1.8920497917859942,18.428581242591484,6,0,0.0
ql-ROM-style within a fixed POD space,1248,149.059229449,7354,30,1137.1121826171875,common_POD_r32_gauge_fixed,1.9764345376043868,18.30941751359753,6,0,0.0
ql-ROM-style within a fixed POD space,1248,149.059229449,7354,31,1141.9925537109375,common_POD_r32_gauge_fixed,1.792251317392885,18.49701705328983,3,1,0.03625035650610183
ql-ROM-style within a fixed POD space,1248,149.059229449,7354,32,1146.872802734375,common_POD_r32_gauge_fixed,1.8543079470752541,18.032498410002518,3,0,0.0
ql-ROM-style within a fixed POD space,1248,149.059229449,7354,33,1151.753173828125,common_POD_r32_gauge_fixed,1.9262339815040779,18.740220296454403,3,0,0.0
ql-ROM-style within a fixed POD space,1248,149.059229449,7354,34,1156.6334228515625,common_POD_r32_gauge_fixed,1.9959932198664407,18.472285583461428,3,0,0.0
ql-ROM-style within a fixed POD space,1248,149.059229449,7354,35,1161.5137939453125,common_POD_r32_gauge_fixed,1.8101122332519286,18.53666523006252,6,1,0.033765724876501146
ql-ROM-style within a fixed POD space,1248,149.059229449,7354,36,1166.39404296875,common_POD_r32_gauge_fixed,1.8657897013296243,18.293374600565883,6,0,0.0
ql-ROM-style within a fixed POD space,1248,149.059229449,7354,37,1171.2744140625,common_POD_r32_gauge_fixed,1.9389073601422062,18.879826612977876,6,0,0.0
ql-ROM-style within a fixed POD space,1248,149.059229449,7354,38,1176.1546630859375,common_POD_r32_gauge_fixed,1.9951401485519813,18.856009229654326,6,0,0.0
ql-ROM-style within a fixed POD space,1248,149.059229449,7354,39,1181.0350341796875,common_POD_r32_gauge_fixed,1.7980152239395606,18.999595416310434,3,1,0.03527744054474096
ql-ROM-style within a fixed POD space,1248,149.059229449,7354,40,1185.915283203125,common_POD_r32_gauge_fixed,1.8452446601026524,18.58413497325743,3,0,0.0
ql-ROM-style within a fixed POD space,1248,149.059229449,7354,41,1190.795654296875,common_POD_r32_gauge_fixed,1.8980206474277723,19.198375222645836,3,0,0.0
ql-ROM-style within a fixed POD space,1248,149.059229449,7354,42,1195.6759033203125,common_POD_r32_gauge_fixed,1.7535310466938643,19.148745624453532,6,1,0.032005422746658276
ql-ROM-style within a fixed POD space,1248,149.059229449,7354,43,1200.5562744140625,common_POD_r32_gauge_fixed,1.760227271790587,18.957794199997213,6,0,0.0
ql-ROM-style within a fixed POD space,1248,149.059229449,7354,44,1205.4365234375,common_POD_r32_gauge_fixed,1.8092907415532262,18.710259366036503,6,0,0.0
ql-ROM-style within a fixed POD space,1248,149.059229449,7354,45,1210.31689453125,common_POD_r32_gauge_fixed,1.862487437214465,19.228372308584067,6,0,0.0
ql-ROM-style within a fixed POD space,1248,149.059229449,7354,46,1215.1971435546875,common_POD_r32_gauge_fixed,1.6862746691095651,19.543795546870587,3,1,0.033629395143110336
ql-ROM-style within a fixed POD space,1248,149.059229449,7354,47,1220.0775146484375,common_POD_r32_gauge_fixed,1.7021795255140273,19.273510275093855,3,0,0.0
ql-ROM-style within a fixed POD space,1248,149.059229449,7354,48,1224.957763671875,common_POD_r32_gauge_fixed,1.7424559238876627,18.974506358164188,3,0,0.0
ql-ROM-style within a fixed POD space,1248,189.86227838,9513,1,396.9769592285156,common_POD_r32_gauge_fixed,0.5154334436885981,15.711834554719037,2,1,0.01935267194398455
ql-ROM-style within a fixed POD space,1248,189.86227838,9513,2,400.6870422363281,common_POD_r32_gauge_fixed,0.7221991633780451,15.413294414932292,2,0,0.0
ql-ROM-style within a fixed POD space,1248,189.86227838,9513,3,404.3970947265625,common_POD_r32_gauge_fixed,0.9736294656301748,14.844400851214745,2,0,0.0
ql-ROM-style within a fixed POD space,1248,189.86227838,9513,4,408.1071472167969,common_POD_r32_gauge_fixed,0.9936535575382405,15.409662075490491,7,1,0.0354147145215318
ql-ROM-style within a fixed POD space,1248,189.86227838,9513,5,411.8172302246094,common_POD_r32_gauge_fixed,1.1666086907773103,14.837591419229637,7,0,0.0
ql-ROM-style within a fixed POD space,1248,189.86227838,9513,6,415.52728271484375,common_POD_r32_gauge_fixed,1.0741475007488364,14.575871986149544,1,1,0.03879543743820946
ql-ROM-style within a fixed POD space,1248,189.86227838,9513,7,419.23736572265625,common_POD_r32_gauge_fixed,1.2407222031862608,15.146657686206307,1,0,0.0
ql-ROM-style within a fixed POD space,1248,189.86227838,9513,8,422.9474182128906,common_POD_r32_gauge_fixed,1.3917526767899033,15.581337965475619,1,0,0.0
ql-ROM-style within a fixed POD space,1248,189.86227838,9513,9,426.6575012207031,common_POD_r32_gauge_fixed,1.16167113105491,14.573163501394177,2,1,0.047904882801673224
ql-ROM-style within a fixed POD space,1248,189.86227838,9513,10,430.3675537109375,common_POD_r32_gauge_fixed,1.2672027831387571,14.93679156707836,2,0,0.0
ql-ROM-style within a fixed POD space,1248,189.86227838,9513,11,434.0776062011719,common_POD_r32_gauge_fixed,0.976461409959294,14.052689554331893,7,1,0.046528513614268255
ql-ROM-style within a fixed POD space,1248,189.86227838,9513,12,437.7876892089844,common_POD_r32_gauge_fixed,1.098956636035156,14.347832548653141,7,0,0.0
ql-ROM-style within a fixed POD space,1248,189.86227838,9513,13,441.49774169921875,common_POD_r32_gauge_fixed,1.1839532709207503,14.543227490915994,7,0,0.0
ql-ROM-style within a fixed POD space,1248,189.86227838,9513,14,445.20782470703125,common_POD_r32_gauge_fixed,0.9560429418819476,14.257219066016638,1,1,0.0410642221910829
ql-ROM-style within a fixed POD space,1248,189.86227838,9513,15,448.9178771972656,common_POD_r32_gauge_fixed,1.0718868147388931,14.252288232125442,1,0,0.0
ql-ROM-style within a fixed POD space,1248,189.86227838,9513,16,452.6279296875,common_POD_r32_gauge_fixed,0.8777903690668397,14.015215532329487,2,1,0.0386531039419011
ql-ROM-style within a fixed POD space,1248,189.86227838,9513,17,456.3380126953125,common_POD_r32_gauge_fixed,1.0064735269143756,14.544744486313888,2,0,0.0
ql-ROM-style within a fixed POD space,1248,189.86227838,9513,18,460.0480651855469,common_POD_r32_gauge_fixed,1.116269897863447,14.528192811331595,2,0,0.0
ql-ROM-style within a fixed POD space,1248,189.86227838,9513,19,463.7581481933594,common_POD_r32_gauge_fixed,0.9236971995363188,14.146771294582718,7,1,0.03751882490784585
ql-ROM-style within a fixed POD space,1248,189.86227838,9513,20,467.46820068359375,common_POD_r32_gauge_fixed,1.0452128326780628,13.67294983387859,7,0,0.0
ql-ROM-style within a fixed POD space,1248,189.86227838,9513,21,471.1782531738281,common_POD_r32_gauge_fixed,0.9029682695252688,14.397711589146414,1,1,0.03466049601055092
ql-ROM-style within a fixed POD space,1248,189.86227838,9513,22,474.8883361816406,common_POD_r32_gauge_fixed,0.9837069003658003,14.235590521478242,1,0,0.0
ql-ROM-style within a fixed POD space,1248,189.86227838,9513,23,478.598388671875,common_POD_r32_gauge_fixed,1.1016501761965658,13.718802708718094,1,0,0.0
ql-ROM-style within a fixed POD space,1248,189.86227838,9513,24,482.3084716796875,common_POD_r32_gauge_fixed,0.9559025787035198,14.194538967264478,2,1,0.033656451409295435
ql-ROM-style within a fixed POD space,1248,189.86227838,9513,25,486.0185241699219,common_POD_r32_gauge_fixed,1.0702749623858718,14.904417484205451,2,0,0.0
ql-ROM-style within a fixed POD space,1248,189.86227838,9513,26,489.7286071777344,common_POD_r32_gauge_fixed,1.1700836819522336,14.079566153861354,2,0,0.0
ql-ROM-style within a fixed POD space,1248,189.86227838,9513,27,493.43865966796875,common_POD_r32_gauge_fixed,1.0331833054855113,13.837240154499689,7,1,0.036432990757299374
ql-ROM-style within a fixed POD space,1248,189.86227838,9513,28,497.1487121582031,common_POD_r32_gauge_fixed,1.1615148092739003,14.427671286360965,7,0,0.0
ql-ROM-style within a fixed POD space,1248,189.86227838,9513,29,500.8587951660156,common_POD_r32_gauge_fixed,1.0482847441699876,14.413978547091746,1,1,0.03596972224169286
ql-ROM-style within a fixed POD space,1248,189.86227838,9513,30,504.56884765625,common_POD_r32_gauge_fixed,1.1686190985356895,14.110911527864257,1,0,0.0
ql-ROM-style within a fixed POD space,1248,189.86227838,9513,31,508.2789306640625,common_POD_r32_gauge_fixed,1.2958421102878692,13.86999145647275,1,0,0.0
ql-ROM-style within a fixed POD space,1248,189.86227838,9513,32,511.9889831542969,common_POD_r32_gauge_fixed,1.1757108330665986,14.972967640480958,2,1,0.03750001648256596
ql-ROM-style within a fixed POD space,1248,189.86227838,9513,33,515.6990356445312,common_POD_r32_gauge_fixed,1.2951508450085223,14.96095252475747,2,0,0.0
ql-ROM-style within a fixed POD space,1248,189.86227838,9513,34,519.4091186523438,common_POD_r32_gauge_fixed,1.128738258763036,14.316930433715678,7,1,0.03918157956776065
ql-ROM-style within a fixed POD space,1248,189.86227838,9513,35,523.1192016601562,common_POD_r32_gauge_fixed,1.252980826148721,13.917574023171264,7,0,0.0
ql-ROM-style within a fixed POD space,1248,189.86227838,9513,36,526.8292236328125,common_POD_r32_gauge_fixed,1.3763903627555318,15.385774564026505,7,0,0.0
ql-ROM-style within a fixed POD space,1248,189.86227838,9513,37,530.539306640625,common_POD_r32_gauge_fixed,1.2166044154202436,14.66583528424074,1,1,0.03869987243947781
ql-ROM-style within a fixed POD space,1248,189.86227838,9513,38,534.2493896484375,common_POD_r32_gauge_fixed,1.3256174969130656,13.993922483711046,1,0,0.0
ql-ROM-style within a fixed POD space,1248,189.86227838,9513,39,537.9594116210938,common_POD_r32_gauge_fixed,1.168430296109586,14.47018681711956,2,1,0.03798251768115498
ql-ROM-style within a fixed POD space,1248,189.86227838,9513,40,541.6694946289062,common_POD_r32_gauge_fixed,1.2808114645911737,15.508334304431107,2,0,0.0
ql-ROM-style within a fixed POD space,1248,189.86227838,9513,41,545.3795776367188,common_POD_r32_gauge_fixed,1.3846205323449234,14.70230230099192,2,0,0.0
ql-ROM-style within a fixed POD space,1248,189.86227838,9513,42,549.0896606445312,common_POD_r32_gauge_fixed,1.2248688786465796,14.23000737630148,7,1,0.03698287711086338
ql-ROM-style within a fixed POD space,1248,189.86227838,9513,43,552.7996826171875,common_POD_r32_gauge_fixed,1.3356604774452587,14.514672943752055,7,0,0.0
ql-ROM-style within a fixed POD space,1248,189.86227838,9513,44,556.509765625,common_POD_r32_gauge_fixed,1.2166636779124425,14.909856339692313,1,1,0.034514884754656264
ql-ROM-style within a fixed POD space,1248,189.86227838,9513,45,560.2198486328125,common_POD_r32_gauge_fixed,1.2944121418711692,14.434734190881167,1,0,0.0
ql-ROM-style within a fixed POD space,1248,189.86227838,9513,46,563.9298706054688,common_POD_r32_gauge_fixed,1.389747119319709,14.006190812471331,1,0,0.0
ql-ROM-style within a fixed POD space,1248,189.86227838,9513,47,567.6399536132812,common_POD_r32_gauge_fixed,1.2711956302935685,14.911066108041007,2,1,0.03248838815399587
ql-ROM-style within a fixed POD space,1248,189.86227838,9513,48,571.3500366210938,common_POD_r32_gauge_fixed,1.3722494023607545,15.439250535377823,2,0,0.0
ql-ROM-style within a fixed POD space,1248,189.86227838,9521,1,426.6575012207031,common_POD_r32_gauge_fixed,0.3582565919209562,14.416223542337962,2,1,0.009395514018067402
ql-ROM-style within a fixed POD space,1248,189.86227838,9521,2,430.3675537109375,common_POD_r32_gauge_fixed,0.6064833841097951,14.285021409738263,2,0,0.0
ql-ROM-style within a fixed POD space,1248,189.86227838,9521,3,434.0776062011719,common_POD_r32_gauge_fixed,0.585315670236987,14.0293870163601,7,1,0.030034238272058214
ql-ROM-style within a fixed POD space,1248,189.86227838,9521,4,437.7876892089844,common_POD_r32_gauge_fixed,0.8124568505985391,14.00904364665221,7,0,0.0
ql-ROM-style within a fixed POD space,1248,189.86227838,9521,5,441.49774169921875,common_POD_r32_gauge_fixed,0.9706461620519408,14.486394139934852,7,0,0.0
ql-ROM-style within a fixed POD space,1248,189.86227838,9521,6,445.20782470703125,common_POD_r32_gauge_fixed,0.8311750170211863,14.217108003154294,1,1,0.0367538011084674
ql-ROM-style within a fixed POD space,1248,189.86227838,9521,7,448.9178771972656,common_POD_r32_gauge_fixed,1.0044499410574195,14.671063809227991,1,0,0.0
ql-ROM-style within a fixed POD space,1248,189.86227838,9521,8,452.6279296875,common_POD_r32_gauge_fixed,0.7810314868300893,14.082242241234248,2,1,0.040374626390344025
ql-ROM-style within a fixed POD space,1248,189.86227838,9521,9,456.3380126953125,common_POD_r32_gauge_fixed,0.9285483758774256,14.519727243169223,2,0,0.0
ql-ROM-style within a fixed POD space,1248,189.86227838,9521,10,460.0480651855469,common_POD_r32_gauge_fixed,1.0521880168823894,14.551251971941682,2,0,0.0
ql-ROM-style within a fixed POD space,1248,189.86227838,9521,11,463.7581481933594,common_POD_r32_gauge_fixed,0.8740603960035928,14.43164570915449,7,1,0.04043195129606069
ql-ROM-style within a fixed POD space,1248,189.86227838,9521,12,467.46820068359375,common_POD_r32_gauge_fixed,1.0077170940662985,13.737887532771795,7,0,0.0
ql-ROM-style within a fixed POD space,1248,189.86227838,9521,13,471.1782531738281,common_POD_r32_gauge_fixed,1.1263595098558756,15.097736434746645,7,0,0.0
ql-ROM-style within a fixed POD space,1248,189.86227838,9521,14,474.8883361816406,common_POD_r32_gauge_fixed,1.0151989504656103,14.397821281971094,1,1,0.03884705718037346
ql-ROM-style within a fixed POD space,1248,189.86227838,9521,15,478.598388671875,common_POD_r32_gauge_fixed,1.1456058414683445,14.235108314109224,1,0,0.0
ql-ROM-style within a fixed POD space,1248,189.86227838,9521,16,482.3084716796875,common_POD_r32_gauge_fixed,1.0095847556772248,14.468286449853437,2,1,0.039326253084152274
ql-ROM-style within a fixed POD space,1248,189.86227838,9521,17,486.0185241699219,common_POD_r32_gauge_fixed,1.1556865441081707,15.158230736547818,2,0,0.0
ql-ROM-style within a fixed POD space,1248,189.86227838,9521,18,489.7286071777344,common_POD_r32_gauge_fixed,1.2740076090604509,14.252554002822441,2,0,0.0
ql-ROM-style within a fixed POD space,1248,189.86227838,9521,19,493.43865966796875,common_POD_r32_gauge_fixed,1.0772709006944399,14.326532506880868,7,1,0.04176964792031313
ql-ROM-style within a fixed POD space,1248,189.86227838,9521,20,497.1487121582031,common_POD_r32_gauge_fixed,1.1946371784546561,14.471680162276515,7,0,0.0
ql-ROM-style within a fixed POD space,1248,189.86227838,9521,21,500.8587951660156,common_POD_r32_gauge_fixed,1.0166158465841897,14.641543682152717,1,1,0.04080890470396522
ql-ROM-style within a fixed POD space,1248,189.86227838,9521,22,504.56884765625,common_POD_r32_gauge_fixed,1.139419222196313,14.37742860540975,1,0,0.0
ql-ROM-style within a fixed POD space,1248,189.86227838,9521,23,508.2789306640625,common_POD_r32_gauge_fixed,1.2355848873382038,14.121412197161387,1,0,0.0
ql-ROM-style within a fixed POD space,1248,189.86227838,9521,24,511.9889831542969,common_POD_r32_gauge_fixed,1.0374914635178958,15.11527510709873,2,1,0.04083326467788237
ql-ROM-style within a fixed POD space,1248,189.86227838,9521,25,515.6990356445312,common_POD_r32_gauge_fixed,1.156471736585168,15.252740322967872,2,0,0.0
ql-ROM-style within a fixed POD space,1248,189.86227838,9521,26,519.4091186523438,common_POD_r32_gauge_fixed,0.9425338249304674,14.432628052228367,7,1,0.03929097300949521
ql-ROM-style within a fixed POD space,1248,189.86227838,9521,27,523.1192016601562,common_POD_r32_gauge_fixed,1.0564492728952648,13.995499767390356,7,0,0.0
ql-ROM-style within a fixed POD space,1248,189.86227838,9521,28,526.8292236328125,common_POD_r32_gauge_fixed,1.1721771458696608,15.394904164993553,7,0,0.0
ql-ROM-style within a fixed POD space,1248,189.86227838,9521,29,530.539306640625,common_POD_r32_gauge_fixed,1.0049536952636602,14.782785893411596,1,1,0.03677527210895515
ql-ROM-style within a fixed POD space,1248,189.86227838,9521,30,534.2493896484375,common_POD_r32_gauge_fixed,1.1106761931526388,14.009111427582315,1,0,0.0
ql-ROM-style within a fixed POD space,1248,189.86227838,9521,31,537.9594116210938,common_POD_r32_gauge_fixed,0.9245599000046317,14.563366821540678,2,1,0.03554643658840585
ql-ROM-style within a fixed POD space,1248,189.86227838,9521,32,541.6694946289062,common_POD_r32_gauge_fixed,1.0444038619874048,15.49167935506936,2,0,0.0
ql-ROM-style within a fixed POD space,1248,189.86227838,9521,33,545.3795776367188,common_POD_r32_gauge_fixed,1.1511527339926182,14.819314881738164,2,0,0.0
ql-ROM-style within a fixed POD space,1248,189.86227838,9521,34,549.0896606445312,common_POD_r32_gauge_fixed,0.9908710950927782,14.302825143711772,7,1,0.037358866893839174
ql-ROM-style within a fixed POD space,1248,189.86227838,9521,35,552.7996826171875,common_POD_r32_gauge_fixed,1.116615748205284,14.481676346945616,7,0,0.0
ql-ROM-style within a fixed POD space,1248,189.86227838,9521,36,556.509765625,common_POD_r32_gauge_fixed,1.013515975753778,14.926589224420628,1,1,0.03733266852872875
ql-ROM-style within a fixed POD space,1248,189.86227838,9521,37,560.2198486328125,common_POD_r32_gauge_fixed,1.1367368145765047,14.56263410832022,1,0,0.0
ql-ROM-style within a fixed POD space,1248,189.86227838,9521,38,563.9298706054688,common_POD_r32_gauge_fixed,1.2463656214561727,14.13962929525352,1,0,0.0
ql-ROM-style within a fixed POD space,1248,189.86227838,9521,39,567.6399536132812,common_POD_r32_gauge_fixed,1.104736834750687,15.153172267373593,2,1,0.03880521178661766
ql-ROM-style within a fixed POD space,1248,189.86227838,9521,40,571.3500366210938,common_POD_r32_gauge_fixed,1.2376655453717573,15.695313936822567,2,0,0.0
ql-ROM-style within a fixed POD space,1248,189.86227838,9521,41,575.0601196289062,common_POD_r32_gauge_fixed,1.0442667526250318,14.575113425672493,7,1,0.039680020513278805
ql-ROM-style within a fixed POD space,1248,189.86227838,9521,42,578.7701416015625,common_POD_r32_gauge_fixed,1.1549276064803384,14.293527675910344,7,0,0.0
ql-ROM-style within a fixed POD space,1248,189.86227838,9521,43,582.480224609375,common_POD_r32_gauge_fixed,1.27330165445581,15.368387366230237,7,0,0.0
ql-ROM-style within a fixed POD space,1248,189.86227838,9521,44,586.1903076171875,common_POD_r32_gauge_fixed,1.1139734231867509,15.068785012021605,1,1,0.03890865597200148
ql-ROM-style within a fixed POD space,1248,189.86227838,9521,45,589.9003295898438,common_POD_r32_gauge_fixed,1.2085332507170392,14.353848634894112,1,0,0.0
ql-ROM-style within a fixed POD space,1248,189.86227838,9521,46,593.6104125976562,common_POD_r32_gauge_fixed,1.0281715384632575,14.635700750622707,2,1,0.03721796655199632
ql-ROM-style within a fixed POD space,1248,189.86227838,9521,47,597.3204956054688,common_POD_r32_gauge_fixed,1.141195413122855,15.60908068787544,2,0,0.0
ql-ROM-style within a fixed POD space,1248,189.86227838,9521,48,601.030517578125,common_POD_r32_gauge_fixed,1.240720848909257,15.440089104995861,2,0,0.0
ql-ROM-style within a fixed POD space,1248,189.86227838,9537,1,486.0185241699219,common_POD_r32_gauge_fixed,0.2960632891922019,13.98409598144095,2,0,0.0
ql-ROM-style within a fixed POD space,1248,189.86227838,9537,2,489.7286071777344,common_POD_r32_gauge_fixed,0.5438142288057547,13.727688647573796,2,0,0.0
ql-ROM-style within a fixed POD space,1248,189.86227838,9537,3,493.43865966796875,common_POD_r32_gauge_fixed,0.6416008963574167,13.750658263710749,7,1,0.020370867420102606
ql-ROM-style within a fixed POD space,1248,189.86227838,9537,4,497.1487121582031,common_POD_r32_gauge_fixed,0.8443687473437397,14.236728653602807,7,0,0.0
ql-ROM-style within a fixed POD space,1248,189.86227838,9537,5,500.8587951660156,common_POD_r32_gauge_fixed,0.7453444276109693,14.105175505365256,1,1,0.03379618266178841
ql-ROM-style within a fixed POD space,1248,189.86227838,9537,6,504.56884765625,common_POD_r32_gauge_fixed,0.9272320500867909,14.335102507041727,1,0,0.0
ql-ROM-style within a fixed POD space,1248,189.86227838,9537,7,508.2789306640625,common_POD_r32_gauge_fixed,1.0778511955588905,13.962637542424838,1,0,0.0
ql-ROM-style within a fixed POD space,1248,189.86227838,9537,8,511.9889831542969,common_POD_r32_gauge_fixed,0.9280587979317751,14.527348074064466,2,1,0.03785051911795057
ql-ROM-style within a fixed POD space,1248,189.86227838,9537,9,515.6990356445312,common_POD_r32_gauge_fixed,1.0640612614618385,14.750965096974786,2,0,0.0
ql-ROM-style within a fixed POD space,1248,189.86227838,9537,10,519.4091186523438,common_POD_r32_gauge_fixed,0.817155537179939,14.245204827321697,7,1,0.04023679908139564
ql-ROM-style within a fixed POD space,1248,189.86227838,9537,11,523.1192016601562,common_POD_r32_gauge_fixed,0.9569977336757712,13.779001509348953,7,0,0.0
ql-ROM-style within a fixed POD space,1248,189.86227838,9537,12,526.8292236328125,common_POD_r32_gauge_fixed,1.0763162474072723,15.024611554098676,7,0,0.0
ql-ROM-style within a fixed POD space,1248,189.86227838,9537,13,530.539306640625,common_POD_r32_gauge_fixed,0.8737067992462664,14.310954933942673,1,1,0.037541648206457605
ql-ROM-style within a fixed POD space,1248,189.86227838,9537,14,534.2493896484375,common_POD_r32_gauge_fixed,1.002056636972738,13.862609455198868,1,0,0.0
ql-ROM-style within a fixed POD space,1248,189.86227838,9537,15,537.9594116210938,common_POD_r32_gauge_fixed,0.7957831072817655,14.149013526674873,2,1,0.035968782803048584
ql-ROM-style within a fixed POD space,1248,189.86227838,9537,16,541.6694946289062,common_POD_r32_gauge_fixed,0.9343984636356655,14.988511781880327,2,0,0.0
ql-ROM-style within a fixed POD space,1248,189.86227838,9537,17,545.3795776367188,common_POD_r32_gauge_fixed,1.0637507469366025,14.483934945280808,2,0,0.0
ql-ROM-style within a fixed POD space,1248,189.86227838,9537,18,549.0896606445312,common_POD_r32_gauge_fixed,0.9186235582591175,14.07247585996185,7,1,0.036894675382164274
ql-ROM-style within a fixed POD space,1248,189.86227838,9537,19,552.7996826171875,common_POD_r32_gauge_fixed,1.0630929387131962,14.170373635541711,7,0,0.0
ql-ROM-style within a fixed POD space,1248,189.86227838,9537,20,556.509765625,common_POD_r32_gauge_fixed,0.9652410403874326,14.531299062170675,1,1,0.03702317678777523
ql-ROM-style within a fixed POD space,1248,189.86227838,9537,21,560.2198486328125,common_POD_r32_gauge_fixed,1.1040742419947176,14.308855945447593,1,0,0.0
ql-ROM-style within a fixed POD space,1248,189.86227838,9537,22,563.9298706054688,common_POD_r32_gauge_fixed,1.2354875230053142,13.946772079188513,1,0,0.0
ql-ROM-style within a fixed POD space,1248,189.86227838,9537,23,567.6399536132812,common_POD_r32_gauge_fixed,1.0585119092548216,14.747491669737913,2,1,0.036335630312305224
ql-ROM-style within a fixed POD space,1248,189.86227838,9537,24,571.3500366210938,common_POD_r32_gauge_fixed,1.1896492905548688,15.420850151738374,2,0,0.0
ql-ROM-style within a fixed POD space,1248,189.86227838,9537,25,575.0601196289062,common_POD_r32_gauge_fixed,0.993606863234589,14.382189694787995,7,1,0.03994250351614213
ql-ROM-style within a fixed POD space,1248,189.86227838,9537,26,578.7701416015625,common_POD_r32_gauge_fixed,1.1097718035482091,13.98853128745707,7,0,0.0
ql-ROM-style within a fixed POD space,1248,189.86227838,9537,27,582.480224609375,common_POD_r32_gauge_fixed,1.2312604185203058,15.116883147859522,7,0,0.0
ql-ROM-style within a fixed POD space,1248,189.86227838,9537,28,586.1903076171875,common_POD_r32_gauge_fixed,1.0740645536188145,14.710722053931075,1,1,0.0378967832360276
ql-ROM-style within a fixed POD space,1248,189.86227838,9537,29,589.9003295898438,common_POD_r32_gauge_fixed,1.1832804673768413,14.049113849584554,1,0,0.0
ql-ROM-style within a fixed POD space,1248,189.86227838,9537,30,593.6104125976562,common_POD_r32_gauge_fixed,1.0309313618260816,14.335729152994938,2,1,0.036810671651159095
ql-ROM-style within a fixed POD space,1248,189.86227838,9537,31,597.3204956054688,common_POD_r32_gauge_fixed,1.1523894451662313,15.299917372260763,2,0,0.0
ql-ROM-style within a fixed POD space,1248,189.86227838,9537,32,601.030517578125,common_POD_r32_gauge_fixed,1.2665276739676978,15.000134643656304,2,0,0.0
ql-ROM-style within a fixed POD space,1248,189.86227838,9537,33,604.7406005859375,common_POD_r32_gauge_fixed,1.0985006951509122,14.35543255655663,7,1,0.036712783138306455
ql-ROM-style within a fixed POD space,1248,189.86227838,9537,34,608.45068359375,common_POD_r32_gauge_fixed,1.2166468110993705,14.232584355756087,7,0,0.0
ql-ROM-style within a fixed POD space,1248,189.86227838,9537,35,612.1607666015625,common_POD_r32_gauge_fixed,1.092392310921262,14.987429431793235,1,1,0.03548910910567312
ql-ROM-style within a fixed POD space,1248,189.86227838,9537,36,615.8707885742188,common_POD_r32_gauge_fixed,1.170277977922881,14.63929219854675,1,0,0.0
ql-ROM-style within a fixed POD space,1248,189.86227838,9537,37,619.5808715820312,common_POD_r32_gauge_fixed,1.2663557636685532,14.05517762954517,1,0,0.0
ql-ROM-style within a fixed POD space,1248,189.86227838,9537,38,623.2909545898438,common_POD_r32_gauge_fixed,1.1302819674051763,14.678588619016264,2,1,0.03329038761805128
ql-ROM-style within a fixed POD space,1248,189.86227838,9537,39,627.0009765625,common_POD_r32_gauge_fixed,1.2367984813777695,15.540132997227909,2,0,0.0
ql-ROM-style within a fixed POD space,1248,189.86227838,9537,40,630.7110595703125,common_POD_r32_gauge_fixed,1.3226878861102511,14.486353654125653,2,0,0.0
ql-ROM-style within a fixed POD space,1248,189.86227838,9537,41,634.421142578125,common_POD_r32_gauge_fixed,1.177508734040889,14.244595830702314,7,1,0.03696798981789056
ql-ROM-style within a fixed POD space,1248,189.86227838,9537,42,638.1312255859375,common_POD_r32_gauge_fixed,1.2904549649662684,14.924182017620744,7,0,0.0
ql-ROM-style within a fixed POD space,1248,189.86227838,9537,43,641.8412475585938,common_POD_r32_gauge_fixed,1.166683675516115,14.828800810840049,1,1,0.036640870981354434
ql-ROM-style within a fixed POD space,1248,189.86227838,9537,44,645.5513305664062,common_POD_r32_gauge_fixed,1.2578247769006665,14.39975081756899,1,0,0.0
ql-ROM-style within a fixed POD space,1248,189.86227838,9537,45,649.2614135742188,common_POD_r32_gauge_fixed,1.3630476316384812,14.251146909636422,1,0,0.0
ql-ROM-style within a fixed POD space,1248,189.86227838,9537,46,652.971435546875,common_POD_r32_gauge_fixed,1.2298067684989002,15.229565649371112,2,1,0.03741466446629479
ql-ROM-style within a fixed POD space,1248,189.86227838,9537,47,656.6815185546875,common_POD_r32_gauge_fixed,1.332050644682153,15.357424569609506,2,0,0.0
ql-ROM-style within a fixed POD space,1248,189.86227838,9537,48,660.3916015625,common_POD_r32_gauge_fixed,1.1545728671896074,14.543748755099253,7,1,0.038074243023252026
ql-ROM-style within a fixed POD space,1248,189.86227838,9553,1,545.3795776367188,common_POD_r32_gauge_fixed,0.292684513199917,13.923331564514339,2,0,0.0
ql-ROM-style within a fixed POD space,1248,189.86227838,9553,2,549.0896606445312,common_POD_r32_gauge_fixed,0.48804799461111886,13.882815361064601,7,1,0.014412934427839797
ql-ROM-style within a fixed POD space,1248,189.86227838,9553,3,552.7996826171875,common_POD_r32_gauge_fixed,0.7218993674612075,14.191976166795705,7,0,0.0
ql-ROM-style within a fixed POD space,1248,189.86227838,9553,4,556.509765625,common_POD_r32_gauge_fixed,0.6854048718667831,14.160792699623382,1,1,0.031513721110782336
ql-ROM-style within a fixed POD space,1248,189.86227838,9553,5,560.2198486328125,common_POD_r32_gauge_fixed,0.8840693310369339,14.398806252091825,1,0,0.0
ql-ROM-style within a fixed POD space,1248,189.86227838,9553,6,563.9298706054688,common_POD_r32_gauge_fixed,1.0594154165725922,14.206453670953126,1,0,0.0
ql-ROM-style within a fixed POD space,1248,189.86227838,9553,7,567.6399536132812,common_POD_r32_gauge_fixed,0.9291383272058796,14.462182629697907,2,1,0.03794059700068113
ql-ROM-style within a fixed POD space,1248,189.86227838,9553,8,571.3500366210938,common_POD_r32_gauge_fixed,1.0843771743427024,14.966600967030411,2,0,0.0
ql-ROM-style within a fixed POD space,1248,189.86227838,9553,9,575.0601196289062,common_POD_r32_gauge_fixed,0.8393038836648411,14.148826699109001,7,1,0.0416203119921799
ql-ROM-style within a fixed POD space,1248,189.86227838,9553,10,578.7701416015625,common_POD_r32_gauge_fixed,0.9934131274291979,14.09712591937292,7,0,0.0
ql-ROM-style within a fixed POD space,1248,189.86227838,9553,11,582.480224609375,common_POD_r32_gauge_fixed,1.124170647061748,14.861747235808883,7,0,0.0
ql-ROM-style within a fixed POD space,1248,189.86227838,9553,12,586.1903076171875,common_POD_r32_gauge_fixed,0.9059961054255584,14.3715796116041,1,1,0.04043656302198705
ql-ROM-style within a fixed POD space,1248,189.86227838,9553,13,589.9003295898438,common_POD_r32_gauge_fixed,1.0405157604019122,14.014198094580244,1,0,0.0
ql-ROM-style within a fixed POD space,1248,189.86227838,9553,14,593.6104125976562,common_POD_r32_gauge_fixed,0.8138868802949845,14.045693242544502,2,1,0.038860813687285875
ql-ROM-style within a fixed POD space,1248,189.86227838,9553,15,597.3204956054688,common_POD_r32_gauge_fixed,0.9590036293904823,14.887541381574573,2,0,0.0
ql-ROM-style within a fixed POD space,1248,189.86227838,9553,16,601.030517578125,common_POD_r32_gauge_fixed,1.0940358401086212,14.762457601504147,2,0,0.0
ql-ROM-style within a fixed POD space,1248,189.86227838,9553,17,604.7406005859375,common_POD_r32_gauge_fixed,0.9022334482328831,14.144376002560191,7,1,0.03688661019914473
ql-ROM-style within a fixed POD space,1248,189.86227838,9553,18,608.45068359375,common_POD_r32_gauge_fixed,1.0431718580818172,13.925726241626691,7,0,0.0
ql-ROM-style within a fixed POD space,1248,189.86227838,9553,19,612.1607666015625,common_POD_r32_gauge_fixed,0.9144164155047757,14.62331513627267,1,1,0.034558763999369656
ql-ROM-style within a fixed POD space,1248,189.86227838,9553,20,615.8707885742188,common_POD_r32_gauge_fixed,1.025062523469453,14.332395359197655,1,0,0.0
ql-ROM-style within a fixed POD space,1248,189.86227838,9553,21,619.5808715820312,common_POD_r32_gauge_fixed,1.148973021525141,13.803658398527213,1,0,0.0
ql-ROM-style within a fixed POD space,1248,189.86227838,9553,22,623.2909545898438,common_POD_r32_gauge_fixed,1.0145991537125363,14.37650842109622,2,1,0.03298126233545093
ql-ROM-style within a fixed POD space,1248,189.86227838,9553,23,627.0009765625,common_POD_r32_gauge_fixed,1.147661952578168,15.203848768399991,2,0,0.0
ql-ROM-style within a fixed POD space,1248,189.86227838,9553,24,630.7110595703125,common_POD_r32_gauge_fixed,1.2644884501407037,14.20489304203499,2,0,0.0
ql-ROM-style within a fixed POD space,1248,189.86227838,9553,25,634.421142578125,common_POD_r32_gauge_fixed,1.1377371956384694,14.006974413257565,7,1,0.03657869663916995
ql-ROM-style within a fixed POD space,1248,189.86227838,9553,26,638.1312255859375,common_POD_r32_gauge_fixed,1.2713852053769825,14.706516433999276,7,0,0.0
ql-ROM-style within a fixed POD space,1248,189.86227838,9553,27,641.8412475585938,common_POD_r32_gauge_fixed,1.1663164519171427,14.569281551694067,1,1,0.036689262297876966
ql-ROM-style within a fixed POD space,1248,189.86227838,9553,28,645.5513305664062,common_POD_r32_gauge_fixed,1.278394824411725,14.195175277965,1,0,0.0
ql-ROM-style within a fixed POD space,1248,189.86227838,9553,29,649.2614135742188,common_POD_r32_gauge_fixed,1.400738805605075,14.03503208698504,1,0,0.0
ql-ROM-style within a fixed POD space,1248,189.86227838,9553,30,652.971435546875,common_POD_r32_gauge_fixed,1.2766212391428233,15.052697863385497,2,1,0.037879579884153726
ql-ROM-style within a fixed POD space,1248,189.86227838,9553,31,656.6815185546875,common_POD_r32_gauge_fixed,1.3908133760293677,15.113055610497428,2,0,0.0
ql-ROM-style within a fixed POD space,1248,189.86227838,9553,32,660.3916015625,common_POD_r32_gauge_fixed,1.239063773725269,14.357731564607645,7,1,0.03860292660193181
ql-ROM-style within a fixed POD space,1248,189.86227838,9553,33,664.1016235351562,common_POD_r32_gauge_fixed,1.3582874866542078,14.141553838711657,7,0,0.0
ql-ROM-style within a fixed POD space,1248,189.86227838,9553,34,667.8117065429688,common_POD_r32_gauge_fixed,1.4741578334158034,15.563255239113708,7,0,0.0
ql-ROM-style within a fixed POD space,1248,189.86227838,9553,35,671.5217895507812,common_POD_r32_gauge_fixed,1.317028052825348,14.698177620291887,1,1,0.0380791367547188
ql-ROM-style within a fixed POD space,1248,189.86227838,9553,36,675.2318725585938,common_POD_r32_gauge_fixed,1.4193057420457207,14.129911299958986,1,0,0.0
ql-ROM-style within a fixed POD space,1248,189.86227838,9553,37,678.94189453125,common_POD_r32_gauge_fixed,1.2879016614288212,14.501562810136786,2,1,0.03667732496026288
ql-ROM-style within a fixed POD space,1248,189.86227838,9553,38,682.6519775390625,common_POD_r32_gauge_fixed,1.3874817668437407,15.49678120339456,2,0,0.0
ql-ROM-style within a fixed POD space,1248,189.86227838,9553,39,686.362060546875,common_POD_r32_gauge_fixed,1.4827336074150874,14.792416400103244,2,0,0.0
ql-ROM-style within a fixed POD space,1248,189.86227838,9553,40,690.0720825195312,common_POD_r32_gauge_fixed,1.3413642533415173,14.363918012066303,7,1,0.035836745631001095
ql-ROM-style within a fixed POD space,1248,189.86227838,9553,41,693.7821655273438,common_POD_r32_gauge_fixed,1.4469312947936586,14.669244457631375,7,0,0.0
ql-ROM-style within a fixed POD space,1248,189.86227838,9553,42,697.4922485351562,common_POD_r32_gauge_fixed,1.3342999052178013,14.954593957986306,1,1,0.03317852336397972
ql-ROM-style within a fixed POD space,1248,189.86227838,9553,43,701.2023315429688,common_POD_r32_gauge_fixed,1.3958767919255177,14.518173505664059,1,0,0.0
ql-ROM-style within a fixed POD space,1248,189.86227838,9553,44,704.912353515625,common_POD_r32_gauge_fixed,1.4904629119678219,14.197424616014148,1,0,0.0
ql-ROM-style within a fixed POD space,1248,189.86227838,9553,45,708.6224365234375,common_POD_r32_gauge_fixed,1.3911283110893662,14.905817939220507,2,1,0.030682328266428378
ql-ROM-style within a fixed POD space,1248,189.86227838,9553,46,712.33251953125,common_POD_r32_gauge_fixed,1.4776892508731798,15.465309303113253,2,0,0.0
ql-ROM-style within a fixed POD space,1248,189.86227838,9553,47,716.0425415039062,common_POD_r32_gauge_fixed,1.3660739378909923,14.566890386344431,7,1,0.036061083442679595
ql-ROM-style within a fixed POD space,1248,189.86227838,9553,48,719.7526245117188,common_POD_r32_gauge_fixed,1.4490715348218934,14.36190023046997,7,0,0.0
ql-ROM-style within a fixed POD space,1248,189.86227838,9561,1,575.0601196289062,common_POD_r32_gauge_fixed,0.2303940681568412,13.995596072342428,7,1,0.009267408874062473
ql-ROM-style within a fixed POD space,1248,189.86227838,9561,2,578.7701416015625,common_POD_r32_gauge_fixed,0.4957521281992619,13.858814796782912,7,0,0.0
ql-ROM-style within a fixed POD space,1248,189.86227838,9561,3,582.480224609375,common_POD_r32_gauge_fixed,0.7193148940592032,14.691973003599902,7,0,0.0
ql-ROM-style within a fixed POD space,1248,189.86227838,9561,4,586.1903076171875,common_POD_r32_gauge_fixed,0.6673857421385272,14.225859496206015,1,1,0.02859749288103602
ql-ROM-style within a fixed POD space,1248,189.86227838,9561,5,589.9003295898438,common_POD_r32_gauge_fixed,0.8681150048434237,14.324362845386338,1,0,0.0
ql-ROM-style within a fixed POD space,1248,189.86227838,9561,6,593.6104125976562,common_POD_r32_gauge_fixed,0.7094553020157661,14.071794437980909,2,1,0.03558172084056628
ql-ROM-style within a fixed POD space,1248,189.86227838,9561,7,597.3204956054688,common_POD_r32_gauge_fixed,0.891755677480813,14.783879393394875,2,0,0.0
ql-ROM-style within a fixed POD space,1248,189.86227838,9561,8,601.030517578125,common_POD_r32_gauge_fixed,1.0387368137963404,14.645676490019689,2,0,0.0
ql-ROM-style within a fixed POD space,1248,189.86227838,9561,9,604.7406005859375,common_POD_r32_gauge_fixed,0.8007148924297778,14.29172939673984,7,1,0.03887924134883506
ql-ROM-style within a fixed POD space,1248,189.86227838,9561,10,608.45068359375,common_POD_r32_gauge_fixed,0.9511176089893804,13.957041171216908,7,0,0.0
ql-ROM-style within a fixed POD space,1248,189.86227838,9561,11,612.1607666015625,common_POD_r32_gauge_fixed,0.7503630195839074,14.472163696982618,1,1,0.036315348894284026
ql-ROM-style within a fixed POD space,1248,189.86227838,9561,12,615.8707885742188,common_POD_r32_gauge_fixed,0.8732724439972605,14.216810835151291,1,0,0.0
ql-ROM-style within a fixed POD space,1248,189.86227838,9561,13,619.5808715820312,common_POD_r32_gauge_fixed,1.0049550464308272,13.854554613374257,1,0,0.0
ql-ROM-style within a fixed POD space,1248,189.86227838,9561,14,623.2909545898438,common_POD_r32_gauge_fixed,0.8294022050786639,14.206612732800933,2,1,0.03332194084089833
ql-ROM-style within a fixed POD space,1248,189.86227838,9561,15,627.0009765625,common_POD_r32_gauge_fixed,0.9754913890036514,14.951291900455505,2,0,0.0
ql-ROM-style within a fixed POD space,1248,189.86227838,9561,16,630.7110595703125,common_POD_r32_gauge_fixed,1.1090822790327686,14.120931518403726,2,0,0.0
ql-ROM-style within a fixed POD space,1248,189.86227838,9561,17,634.421142578125,common_POD_r32_gauge_fixed,0.9691298575910304,13.932097157407968,7,1,0.036170505826758396
ql-ROM-style within a fixed POD space,1248,189.86227838,9561,18,638.1312255859375,common_POD_r32_gauge_fixed,1.1186023901946351,14.506627727871829,7,0,0.0
ql-ROM-style within a fixed POD space,1248,189.86227838,9561,19,641.8412475585938,common_POD_r32_gauge_fixed,1.0159386722788666,14.370519210615948,1,1,0.03590603477101738
ql-ROM-style within a fixed POD space,1248,189.86227838,9561,20,645.5513305664062,common_POD_r32_gauge_fixed,1.1542341618719316,14.108086036134097,1,0,0.0
ql-ROM-style within a fixed POD space,1248,189.86227838,9561,21,649.2614135742188,common_POD_r32_gauge_fixed,1.2918235339011126,13.919136816917938,1,0,0.0
ql-ROM-style within a fixed POD space,1248,189.86227838,9561,22,652.971435546875,common_POD_r32_gauge_fixed,1.1701397198930863,14.83688557656802,2,1,0.037246169604963665
ql-ROM-style within a fixed POD space,1248,189.86227838,9561,23,656.6815185546875,common_POD_r32_gauge_fixed,1.3031146209763074,14.931035030384418,2,0,0.0
ql-ROM-style within a fixed POD space,1248,189.86227838,9561,24,660.3916015625,common_POD_r32_gauge_fixed,1.1594832965523534,14.258742575454864,7,1,0.03819379619426858
ql-ROM-style within a fixed POD space,1248,189.86227838,9561,25,664.1016235351562,common_POD_r32_gauge_fixed,1.2923409199321423,14.026604767177222,7,0,0.0
ql-ROM-style within a fixed POD space,1248,189.86227838,9561,26,667.8117065429688,common_POD_r32_gauge_fixed,1.4211544990934522,15.420078552646984,7,0,0.0
ql-ROM-style within a fixed POD space,1248,189.86227838,9561,27,671.5217895507812,common_POD_r32_gauge_fixed,1.2752701899798082,14.575465398366436,1,1,0.037770654815295485
ql-ROM-style within a fixed POD space,1248,189.86227838,9561,28,675.2318725585938,common_POD_r32_gauge_fixed,1.3914371813728306,14.05724113982709,1,0,0.0
ql-ROM-style within a fixed POD space,1248,189.86227838,9561,29,678.94189453125,common_POD_r32_gauge_fixed,1.2660698228813192,14.397539188428729,2,1,0.03660634851161068
ql-ROM-style within a fixed POD space,1248,189.86227838,9561,30,682.6519775390625,common_POD_r32_gauge_fixed,1.3761684628410336,15.382008046696782,2,0,0.0
ql-ROM-style within a fixed POD space,1248,189.86227838,9561,31,686.362060546875,common_POD_r32_gauge_fixed,1.4850191414224463,14.691462226192224,2,0,0.0
ql-ROM-style within a fixed POD space,1248,189.86227838,9561,32,690.0720825195312,common_POD_r32_gauge_fixed,1.3551841749581703,14.295623617151387,7,1,0.035816175466486584
ql-ROM-style within a fixed POD space,1248,189.86227838,9561,33,693.7821655273438,common_POD_r32_gauge_fixed,1.4696771418193453,14.612443681952794,7,0,0.0
ql-ROM-style within a fixed POD space,1248,189.86227838,9561,34,697.4922485351562,common_POD_r32_gauge_fixed,1.3693297397171955,14.871786369076167,1,1,0.03338677704309353
ql-ROM-style within a fixed POD space,1248,189.86227838,9561,35,701.2023315429688,common_POD_r32_gauge_fixed,1.4422729966141148,14.453137897317145,1,0,0.0
ql-ROM-style within a fixed POD space,1248,189.86227838,9561,36,704.912353515625,common_POD_r32_gauge_fixed,1.5454469258449361,14.139670818836873,1,0,0.0
ql-ROM-style within a fixed POD space,1248,189.86227838,9561,37,708.6224365234375,common_POD_r32_gauge_fixed,1.4537272509007038,14.87282746838526,2,1,0.031161795342392645
ql-ROM-style within a fixed POD space,1248,189.86227838,9561,38,712.33251953125,common_POD_r32_gauge_fixed,1.5486623214862105,15.420335968436763,2,0,0.0
ql-ROM-style within a fixed POD space,1248,189.86227838,9561,39,716.0425415039062,common_POD_r32_gauge_fixed,1.4568303299860528,14.535838181593288,7,1,0.036189663359494355
ql-ROM-style within a fixed POD space,1248,189.86227838,9561,40,719.7526245117188,common_POD_r32_gauge_fixed,1.5435998173776293,14.334740741411592,7,0,0.0
ql-ROM-style within a fixed POD space,1248,189.86227838,9561,41,723.4627075195312,common_POD_r32_gauge_fixed,1.6430430838788548,15.408884456386328,7,0,0.0
ql-ROM-style within a fixed POD space,1248,189.86227838,9561,42,727.1727905273438,common_POD_r32_gauge_fixed,1.528518890018259,14.80565406340422,1,1,0.03606358282638142
ql-ROM-style within a fixed POD space,1248,189.86227838,9561,43,730.8828125,common_POD_r32_gauge_fixed,1.6161134276266247,14.380358750815617,1,0,0.0
ql-ROM-style within a fixed POD space,1248,189.86227838,9561,44,734.5928955078125,common_POD_r32_gauge_fixed,1.5284223027413164,14.558139935828757,2,1,0.03650407042793477
ql-ROM-style within a fixed POD space,1248,189.86227838,9561,45,738.302978515625,common_POD_r32_gauge_fixed,1.6050506641277793,15.44417600519469,2,0,0.0
ql-ROM-style within a fixed POD space,1248,189.86227838,9561,46,742.0130004882812,common_POD_r32_gauge_fixed,1.6899590888680545,15.060254944361947,2,0,0.0
ql-ROM-style within a fixed POD space,1248,189.86227838,9561,47,745.7230834960938,common_POD_r32_gauge_fixed,1.5700988503421962,14.593352875443474,7,1,0.03725708209579531
ql-ROM-style within a fixed POD space,1248,189.86227838,9561,48,749.4331665039062,common_POD_r32_gauge_fixed,1.6702135032743968,14.645510356697761,7,0,0.0
ql-ROM-style within a fixed POD space,1248,189.86227838,9577,1,634.421142578125,common_POD_r32_gauge_fixed,0.3076836059127176,13.891484522860281,7,1,0.005138775500253748
ql-ROM-style within a fixed POD space,1248,189.86227838,9577,2,638.1312255859375,common_POD_r32_gauge_fixed,0.5601577678974217,14.413421275758084,7,0,0.0
ql-ROM-style within a fixed POD space,1248,189.86227838,9577,3,641.8412475585938,common_POD_r32_gauge_fixed,0.5619946783578582,14.162391902162138,1,1,0.025352030669896074
ql-ROM-style within a fixed POD space,1248,189.86227838,9577,4,645.5513305664062,common_POD_r32_gauge_fixed,0.7787943056590214,14.308240215583243,1,0,0.0
ql-ROM-style within a fixed POD space,1248,189.86227838,9577,5,649.2614135742188,common_POD_r32_gauge_fixed,0.9668351885317641,14.072788071379492,1,0,0.0
ql-ROM-style within a fixed POD space,1248,189.86227838,9577,6,652.971435546875,common_POD_r32_gauge_fixed,0.85569453463553,14.600907752129963,2,1,0.03430919132282292
ql-ROM-style within a fixed POD space,1248,189.86227838,9577,7,656.6815185546875,common_POD_r32_gauge_fixed,1.0154460896222555,14.745733279596502,2,0,0.0
ql-ROM-style within a fixed POD space,1248,189.86227838,9577,8,660.3916015625,common_POD_r32_gauge_fixed,0.7836570155049254,14.26592551309915,7,1,0.03927692925476468
ql-ROM-style within a fixed POD space,1248,189.86227838,9577,9,664.1016235351562,common_POD_r32_gauge_fixed,0.9449269627857972,13.99412803581916,7,0,0.0
ql-ROM-style within a fixed POD space,1248,189.86227838,9577,10,667.8117065429688,common_POD_r32_gauge_fixed,1.0771174222407984,15.218187706317915,7,0,0.0
ql-ROM-style within a fixed POD space,1248,189.86227838,9577,11,671.5217895507812,common_POD_r32_gauge_fixed,0.8535269290681411,14.32034067150147,1,1,0.037965120498489234
ql-ROM-style within a fixed POD space,1248,189.86227838,9577,12,675.2318725585938,common_POD_r32_gauge_fixed,0.9882682440476795,13.969557704102312,1,0,0.0
ql-ROM-style within a fixed POD space,1248,189.86227838,9577,13,678.94189453125,common_POD_r32_gauge_fixed,0.7911718388553929,14.119440337660516,2,1,0.0350302811223765
ql-ROM-style within a fixed POD space,1248,189.86227838,9577,14,682.6519775390625,common_POD_r32_gauge_fixed,0.9349066238646944,14.889134516211575,2,0,0.0
ql-ROM-style within a fixed POD space,1248,189.86227838,9577,15,686.362060546875,common_POD_r32_gauge_fixed,1.0698257659477854,14.492371784462124,2,0,0.0
ql-ROM-style within a fixed POD space,1248,189.86227838,9577,16,690.0720825195312,common_POD_r32_gauge_fixed,0.913099686325448,14.028220814768641,7,1,0.03687663858496725
ql-ROM-style within a fixed POD space,1248,189.86227838,9577,17,693.7821655273438,common_POD_r32_gauge_fixed,1.066104668091593,14.145834041311222,7,0,0.0
ql-ROM-style within a fixed POD space,1248,189.86227838,9577,18,697.4922485351562,common_POD_r32_gauge_fixed,0.9675041368636297,14.38679373135859,1,1,0.0364348546042372
ql-ROM-style within a fixed POD space,1248,189.86227838,9577,19,701.2023315429688,common_POD_r32_gauge_fixed,1.1038887500489523,14.22064571878595,1,0,0.0
ql-ROM-style within a fixed POD space,1248,189.86227838,9577,20,704.912353515625,common_POD_r32_gauge_fixed,1.2471802495587776,13.915862477067703,1,0,0.0
ql-ROM-style within a fixed POD space,1248,189.86227838,9577,21,708.6224365234375,common_POD_r32_gauge_fixed,1.115252829443518,14.573137831959002,2,1,0.038193729808600294
ql-ROM-style within a fixed POD space,1248,189.86227838,9577,22,712.33251953125,common_POD_r32_gauge_fixed,1.2540588362911835,15.15415578675953,2,0,0.0
ql-ROM-style within a fixed POD space,1248,189.86227838,9577,23,716.0425415039062,common_POD_r32_gauge_fixed,1.1021811189830117,14.216308568987609,7,1,0.03904115525070486
ql-ROM-style within a fixed POD space,1248,189.86227838,9577,24,719.7526245117188,common_POD_r32_gauge_fixed,1.2322364233656968,14.034846170254323,7,0,0.0
ql-ROM-style within a fixed POD space,1248,189.86227838,9577,25,723.4627075195312,common_POD_r32_gauge_fixed,1.3643532351012015,15.029963119239225,7,0,0.0
ql-ROM-style within a fixed POD space,1248,189.86227838,9577,26,727.1727905273438,common_POD_r32_gauge_fixed,1.2147339348215995,14.59607292075148,1,1,0.0388264147728538
ql-ROM-style within a fixed POD space,1248,189.86227838,9577,27,730.8828125,common_POD_r32_gauge_fixed,1.328265990421084,14.100860902941061,1,0,0.0
ql-ROM-style within a fixed POD space,1248,189.86227838,9577,28,734.5928955078125,common_POD_r32_gauge_fixed,1.1918674322958651,14.261091496444495,2,1,0.03798513906001339
ql-ROM-style within a fixed POD space,1248,189.86227838,9577,29,738.302978515625,common_POD_r32_gauge_fixed,1.302916489104581,15.205201715974233,2,0,0.0
ql-ROM-style within a fixed POD space,1248,189.86227838,9577,30,742.0130004882812,common_POD_r32_gauge_fixed,1.4147696618694954,14.995579438714781,2,0,0.0
ql-ROM-style within a fixed POD space,1248,189.86227838,9577,31,745.7230834960938,common_POD_r32_gauge_fixed,1.2704402010277216,14.333867926055415,7,1,0.03688287080468525
ql-ROM-style within a fixed POD space,1248,189.86227838,9577,32,749.4331665039062,common_POD_r32_gauge_fixed,1.3878406010161193,14.254503100619932,7,0,0.0
ql-ROM-style within a fixed POD space,1248,189.86227838,9577,33,753.1431884765625,common_POD_r32_gauge_fixed,1.2894796051769235,14.922801488862108,1,1,0.034547070005914136
ql-ROM-style within a fixed POD space,1248,189.86227838,9577,34,756.853271484375,common_POD_r32_gauge_fixed,1.3562868733320643,14.565846533832657,1,0,0.0
ql-ROM-style within a fixed POD space,1248,189.86227838,9577,35,760.5633544921875,common_POD_r32_gauge_fixed,1.4599485465630735,14.071810937733083,1,0,0.0
ql-ROM-style within a fixed POD space,1248,189.86227838,9577,36,764.2734375,common_POD_r32_gauge_fixed,1.360679703725797,14.634038158005986,2,1,0.03244381621747274
ql-ROM-style within a fixed POD space,1248,189.86227838,9577,37,767.9834594726562,common_POD_r32_gauge_fixed,1.4596551170865701,15.452637605169395,2,0,0.0
ql-ROM-style within a fixed POD space,1248,189.86227838,9577,38,771.6935424804688,common_POD_r32_gauge_fixed,1.5538863072111089,14.451413689953485,2,0,0.0
ql-ROM-style within a fixed POD space,1248,189.86227838,9577,39,775.4036254882812,common_POD_r32_gauge_fixed,1.4438085211470553,14.282393078251424,7,1,0.036679737056553544
ql-ROM-style within a fixed POD space,1248,189.86227838,9577,40,779.1136474609375,common_POD_r32_gauge_fixed,1.5504449902876007,14.969918394113494,7,0,0.0
ql-ROM-style within a fixed POD space,1248,189.86227838,9577,41,782.82373046875,common_POD_r32_gauge_fixed,1.4425339773509736,14.78647431557944,1,1,0.03663626475463068
ql-ROM-style within a fixed POD space,1248,189.86227838,9577,42,786.5338134765625,common_POD_r32_gauge_fixed,1.5231143767219635,14.415460655376341,1,0,0.0
ql-ROM-style within a fixed POD space,1248,189.86227838,9577,43,790.243896484375,common_POD_r32_gauge_fixed,1.6308383052671127,14.260549220206087,1,0,0.0
ql-ROM-style within a fixed POD space,1248,189.86227838,9577,44,793.9539184570312,common_POD_r32_gauge_fixed,1.510541567022228,15.159888578593092,2,1,0.03743640867234178
ql-ROM-style within a fixed POD space,1248,189.86227838,9577,45,797.6640014648438,common_POD_r32_gauge_fixed,1.5980938658361428,15.297010883854961,2,0,0.0
ql-ROM-style within a fixed POD space,1248,189.86227838,9577,46,801.3740844726562,common_POD_r32_gauge_fixed,1.4693660294199318,14.563226239513192,7,1,0.038064733811927355
ql-ROM-style within a fixed POD space,1248,189.86227838,9577,47,805.0841064453125,common_POD_r32_gauge_fixed,1.5698664440578574,14.409174513060593,7,0,0.0
ql-ROM-style within a fixed POD space,1248,189.86227838,9577,48,808.794189453125,common_POD_r32_gauge_fixed,1.6654300575215535,15.71738015083674,7,0,0.0
ql-ROM-style within a fixed POD space,1248,189.86227838,9593,1,693.7821655273438,common_POD_r32_gauge_fixed,0.29734027930110407,14.158208224718882,7,0,0.0
ql-ROM-style within a fixed POD space,1248,189.86227838,9593,2,697.4922485351562,common_POD_r32_gauge_fixed,0.3894340577344502,14.087192646557789,1,1,0.019612066275704162
ql-ROM-style within a fixed POD space,1248,189.86227838,9593,3,701.2023315429688,common_POD_r32_gauge_fixed,0.622257401772682,14.217908469573237,1,0,0.0
ql-ROM-style within a fixed POD space,1248,189.86227838,9593,4,704.912353515625,common_POD_r32_gauge_fixed,0.8361117448400566,14.12299957449473,1,0,0.0
ql-ROM-style within a fixed POD space,1248,189.86227838,9593,5,708.6224365234375,common_POD_r32_gauge_fixed,0.7623045311962943,14.374486380905843,2,1,0.03165092282882228
ql-ROM-style within a fixed POD space,1248,189.86227838,9593,6,712.33251953125,common_POD_r32_gauge_fixed,0.9458200431399904,14.785451177648651,2,0,0.0
ql-ROM-style within a fixed POD space,1248,189.86227838,9593,7,716.0425415039062,common_POD_r32_gauge_fixed,0.7468466071585371,14.15147695382718,7,1,0.03824560480830321
ql-ROM-style within a fixed POD space,1248,189.86227838,9593,8,719.7526245117188,common_POD_r32_gauge_fixed,0.9230668571522821,14.145987156910378,7,0,0.0
ql-ROM-style within a fixed POD space,1248,189.86227838,9593,9,723.4627075195312,common_POD_r32_gauge_fixed,1.0688651880020232,14.839473976260253,7,0,0.0
ql-ROM-style within a fixed POD space,1248,189.86227838,9593,10,727.1727905273438,common_POD_r32_gauge_fixed,0.849237601741191,14.323843054875384,1,1,0.03926992796280046
ql-ROM-style within a fixed POD space,1248,189.86227838,9593,11,730.8828125,common_POD_r32_gauge_fixed,0.9943648747539792,14.076048693704072,1,0,0.0
ql-ROM-style within a fixed POD space,1248,189.86227838,9593,12,734.5928955078125,common_POD_r32_gauge_fixed,0.7802820888556063,14.050838940814742,2,1,0.037318963602771295
ql-ROM-style within a fixed POD space,1248,189.86227838,9593,13,738.302978515625,common_POD_r32_gauge_fixed,0.9243488268152147,14.736838947426318,2,0,0.0
ql-ROM-style within a fixed POD space,1248,189.86227838,9593,14,742.0130004882812,common_POD_r32_gauge_fixed,1.0641417412899712,14.749154343353371,2,0,0.0
ql-ROM-style within a fixed POD space,1248,189.86227838,9593,15,745.7230834960938,common_POD_r32_gauge_fixed,0.8823044684167409,14.157744322220708,7,1,0.03547224468495708
ql-ROM-style within a fixed POD space,1248,189.86227838,9593,16,749.4331665039062,common_POD_r32_gauge_fixed,1.0247210892149656,13.931110077063982,7,0,0.0
ql-ROM-style within a fixed POD space,1248,189.86227838,9593,17,753.1431884765625,common_POD_r32_gauge_fixed,0.9161947052894334,14.587561042832684,1,1,0.03245201948428238
ql-ROM-style within a fixed POD space,1248,189.86227838,9593,18,756.853271484375,common_POD_r32_gauge_fixed,1.0193038869093727,14.301207999389487,1,0,0.0
ql-ROM-style within a fixed POD space,1248,189.86227838,9593,19,760.5633544921875,common_POD_r32_gauge_fixed,1.1460962523523561,13.849529387822693,1,0,0.0
ql-ROM-style within a fixed POD space,1248,189.86227838,9593,20,764.2734375,common_POD_r32_gauge_fixed,1.038340232754874,14.319268311523912,2,1,0.030514911094568893
ql-ROM-style within a fixed POD space,1248,189.86227838,9593,21,767.9834594726562,common_POD_r32_gauge_fixed,1.1701064770068894,15.091646742560915,2,0,0.0
ql-ROM-style within a fixed POD space,1248,189.86227838,9593,22,771.6935424804688,common_POD_r32_gauge_fixed,1.2933646555893292,14.250097648196846,2,0,0.0
ql-ROM-style within a fixed POD space,1248,189.86227838,9593,23,775.4036254882812,common_POD_r32_gauge_fixed,1.177722653894463,14.051278310031371,7,1,0.0356105229206691
ql-ROM-style within a fixed POD space,1248,189.86227838,9593,24,779.1136474609375,common_POD_r32_gauge_fixed,1.3109458613549052,14.66019418605618,7,0,0.0
ql-ROM-style within a fixed POD space,1248,189.86227838,9593,25,782.82373046875,common_POD_r32_gauge_fixed,1.2157087377770703,14.536847074862843,1,1,0.03565587511863985
ql-ROM-style within a fixed POD space,1248,189.86227838,9593,26,786.5338134765625,common_POD_r32_gauge_fixed,1.3260284320508373,14.226918952866418,1,0,0.0
ql-ROM-style within a fixed POD space,1248,189.86227838,9593,27,790.243896484375,common_POD_r32_gauge_fixed,1.45117093907945,14.030232551942115,1,0,0.0
ql-ROM-style within a fixed POD space,1248,189.86227838,9593,28,793.9539184570312,common_POD_r32_gauge_fixed,1.3408722580709556,14.892688211718399,2,1,0.03629791505689085
ql-ROM-style within a fixed POD space,1248,189.86227838,9593,29,797.6640014648438,common_POD_r32_gauge_fixed,1.454425537908301,15.09868434951829,2,0,0.0
ql-ROM-style within a fixed POD space,1248,189.86227838,9593,30,801.3740844726562,common_POD_r32_gauge_fixed,1.334625399029982,14.404309932056844,7,1,0.03721087682250689
ql-ROM-style within a fixed POD space,1248,189.86227838,9593,31,805.0841064453125,common_POD_r32_gauge_fixed,1.4511139463492286,14.19652589518346,7,0,0.0
ql-ROM-style within a fixed POD space,1248,189.86227838,9593,32,808.794189453125,common_POD_r32_gauge_fixed,1.5657327883152536,15.518777902149111,7,0,0.0
ql-ROM-style within a fixed POD space,1248,189.86227838,9593,33,812.5042724609375,common_POD_r32_gauge_fixed,1.4299712879072652,14.688644694013767,1,1,0.03649176460123632
ql-ROM-style within a fixed POD space,1248,189.86227838,9593,34,816.2142944335938,common_POD_r32_gauge_fixed,1.533631391822549,14.215526885426225,1,0,0.0
ql-ROM-style within a fixed POD space,1248,189.86227838,9593,35,819.9243774414062,common_POD_r32_gauge_fixed,1.4346421563592187,14.546269953890741,2,1,0.03481771807522257
ql-ROM-style within a fixed POD space,1248,189.86227838,9593,36,823.6344604492188,common_POD_r32_gauge_fixed,1.5270638431319927,15.439820197241241,2,0,0.0
ql-ROM-style within a fixed POD space,1248,189.86227838,9593,37,827.3445434570312,common_POD_r32_gauge_fixed,1.6255226972776653,14.850471081628422,2,0,0.0
ql-ROM-style within a fixed POD space,1248,189.86227838,9593,38,831.0545654296875,common_POD_r32_gauge_fixed,1.5222062612201877,14.37328201752415,7,1,0.03747504636238707
ql-ROM-style within a fixed POD space,1248,189.86227838,9593,39,834.7646484375,common_POD_r32_gauge_fixed,1.6266027940338101,14.682661115558751,7,0,0.0
ql-ROM-style within a fixed POD space,1248,189.86227838,9593,40,838.4747314453125,common_POD_r32_gauge_fixed,1.5384643689003292,14.83406563565076,1,1,0.03739692700136497
ql-ROM-style within a fixed POD space,1248,189.86227838,9593,41,842.1847534179688,common_POD_r32_gauge_fixed,1.6053935991231245,14.573047872335177,1,0,0.0
ql-ROM-style within a fixed POD space,1248,189.86227838,9593,42,845.8948364257812,common_POD_r32_gauge_fixed,1.7145433628231472,14.298015073105594,1,0,0.0
ql-ROM-style within a fixed POD space,1248,189.86227838,9593,43,849.6049194335938,common_POD_r32_gauge_fixed,1.5951248264755893,15.00968628302842,2,1,0.03907460398274562
ql-ROM-style within a fixed POD space,1248,189.86227838,9593,44,853.3150024414062,common_POD_r32_gauge_fixed,1.678290756905608,15.578370472206734,2,0,0.0
ql-ROM-style within a fixed POD space,1248,189.86227838,9593,45,857.0250244140625,common_POD_r32_gauge_fixed,1.5545565267838477,14.5784224555672,7,1,0.039528517022867415
ql-ROM-style within a fixed POD space,1248,189.86227838,9593,46,860.735107421875,common_POD_r32_gauge_fixed,1.6459302583747313,14.44803423496607,7,0,0.0
ql-ROM-style within a fixed POD space,1248,189.86227838,9593,47,864.4451904296875,common_POD_r32_gauge_fixed,1.7425217806566105,15.428161015279052,7,0,0.0
ql-ROM-style within a fixed POD space,1248,189.86227838,9593,48,868.1552124023438,common_POD_r32_gauge_fixed,1.5956664828329876,14.922183257615304,1,1,0.03912937582723697
ql-ROM-style within a fixed POD space,1248,189.86227838,9609,1,753.1431884765625,common_POD_r32_gauge_fixed,0.2783703523804323,14.286117499451812,7,0,0.0
ql-ROM-style within a fixed POD space,1248,189.86227838,9609,2,756.853271484375,common_POD_r32_gauge_fixed,0.4879614552793229,14.099969632639963,1,1,0.012768326433522251
ql-ROM-style within a fixed POD space,1248,189.86227838,9609,3,760.5633544921875,common_POD_r32_gauge_fixed,0.7246665579027646,14.140152716682215,1,0,0.0
ql-ROM-style within a fixed POD space,1248,189.86227838,9609,4,764.2734375,common_POD_r32_gauge_fixed,0.693581470148002,14.243264938214914,2,1,0.029404139358701304
ql-ROM-style within a fixed POD space,1248,189.86227838,9609,5,767.9834594726562,common_POD_r32_gauge_fixed,0.8954140373297793,14.820759970677374,2,0,0.0
ql-ROM-style within a fixed POD space,1248,189.86227838,9609,6,771.6935424804688,common_POD_r32_gauge_fixed,1.0608793843162319,14.159567701000473,2,0,0.0
ql-ROM-style within a fixed POD space,1248,189.86227838,9609,7,775.4036254882812,common_POD_r32_gauge_fixed,0.9071818606412617,14.33994387347627,7,1,0.03747869162898679
ql-ROM-style within a fixed POD space,1248,189.86227838,9609,8,779.1136474609375,common_POD_r32_gauge_fixed,1.0636290744250247,14.467666750383357,7,0,0.0
ql-ROM-style within a fixed POD space,1248,189.86227838,9609,9,782.82373046875,common_POD_r32_gauge_fixed,0.8473178756463153,14.31816978471446,1,1,0.04041613099798921
ql-ROM-style within a fixed POD space,1248,189.86227838,9609,10,786.5338134765625,common_POD_r32_gauge_fixed,0.9974266171540895,14.199073267828613,1,0,0.0
ql-ROM-style within a fixed POD space,1248,189.86227838,9609,11,790.243896484375,common_POD_r32_gauge_fixed,1.1239532540195547,13.991908526476282,1,0,0.0
ql-ROM-style within a fixed POD space,1248,189.86227838,9609,12,793.9539184570312,common_POD_r32_gauge_fixed,0.9042906658707119,14.5145582826287,2,1,0.039381031747232946
ql-ROM-style within a fixed POD space,1248,189.86227838,9609,13,797.6640014648438,common_POD_r32_gauge_fixed,1.0468063805540118,14.963403076403214,2,0,0.0
ql-ROM-style within a fixed POD space,1248,189.86227838,9609,14,801.3740844726562,common_POD_r32_gauge_fixed,0.8470772259495218,14.174754237890747,7,1,0.037200766469900746
ql-ROM-style within a fixed POD space,1248,189.86227838,9609,15,805.0841064453125,common_POD_r32_gauge_fixed,0.9884808836064494,13.846937876040197,7,0,0.0
ql-ROM-style within a fixed POD space,1248,189.86227838,9609,16,808.794189453125,common_POD_r32_gauge_fixed,1.1251384610965363,15.076128300637937,7,0,0.0
ql-ROM-style within a fixed POD space,1248,189.86227838,9609,17,812.5042724609375,common_POD_r32_gauge_fixed,0.9738680612074792,14.383236086002812,1,1,0.03395047554091151
ql-ROM-style within a fixed POD space,1248,189.86227838,9609,18,816.2142944335938,common_POD_r32_gauge_fixed,1.1031443635919276,13.877305971190978,1,0,0.0
ql-ROM-style within a fixed POD space,1248,189.86227838,9609,19,819.9243774414062,common_POD_r32_gauge_fixed,0.9843169505812056,14.200679837877505,2,1,0.03203070456876079
ql-ROM-style within a fixed POD space,1248,189.86227838,9609,20,823.6344604492188,common_POD_r32_gauge_fixed,1.1157134532622517,14.984873592011022,2,0,0.0
ql-ROM-style within a fixed POD space,1248,189.86227838,9609,21,827.3445434570312,common_POD_r32_gauge_fixed,1.2463411237498239,14.589029583925967,2,0,0.0
ql-ROM-style within a fixed POD space,1248,189.86227838,9609,22,831.0545654296875,common_POD_r32_gauge_fixed,1.1233054240441742,14.085655285359735,7,1,0.036111022712474884
ql-ROM-style within a fixed POD space,1248,189.86227838,9609,23,834.7646484375,common_POD_r32_gauge_fixed,1.260741830586338,14.273871132715705,7,0,0.0
ql-ROM-style within a fixed POD space,1248,189.86227838,9609,24,838.4747314453125,common_POD_r32_gauge_fixed,1.1753315982713979,14.532181109174507,1,1,0.03631533736797507
ql-ROM-style within a fixed POD space,1248,189.86227838,9609,25,842.1847534179688,common_POD_r32_gauge_fixed,1.2799092972018562,14.3175751997101,1,0,0.0
ql-ROM-style within a fixed POD space,1248,189.86227838,9609,26,845.8948364257812,common_POD_r32_gauge_fixed,1.4095085978996982,13.989473206149903,1,0,0.0
ql-ROM-style within a fixed POD space,1248,189.86227838,9609,27,849.6049194335938,common_POD_r32_gauge_fixed,1.2924918560331267,14.656185924852938,2,1,0.03739689542304282
ql-ROM-style within a fixed POD space,1248,189.86227838,9609,28,853.3150024414062,common_POD_r32_gauge_fixed,1.4103098866430537,15.300365559299822,2,0,0.0
ql-ROM-style within a fixed POD space,1248,189.86227838,9609,29,857.0250244140625,common_POD_r32_gauge_fixed,1.2848069481445976,14.354757833220539,7,1,0.0381884762396117
ql-ROM-style within a fixed POD space,1248,189.86227838,9609,30,860.735107421875,common_POD_r32_gauge_fixed,1.39470910365101,14.156459120070513,7,0,0.0
ql-ROM-style within a fixed POD space,1248,189.86227838,9609,31,864.4451904296875,common_POD_r32_gauge_fixed,1.5138050750578487,15.119557352634155,7,0,0.0
ql-ROM-style within a fixed POD space,1248,189.86227838,9609,32,868.1552124023438,common_POD_r32_gauge_fixed,1.3778393795470267,14.706521136984637,1,1,0.03766115206972192
ql-ROM-style within a fixed POD space,1248,189.86227838,9609,33,871.8652954101562,common_POD_r32_gauge_fixed,1.4779210116472246,14.240291083332526,1,0,0.0
ql-ROM-style within a fixed POD space,1248,189.86227838,9609,34,875.5753784179688,common_POD_r32_gauge_fixed,1.373690343439384,14.414638370875155,2,1,0.03630212799198806
ql-ROM-style within a fixed POD space,1248,189.86227838,9609,35,879.285400390625,common_POD_r32_gauge_fixed,1.4656720049187388,15.26297994502784,2,0,0.0
ql-ROM-style within a fixed POD space,1248,189.86227838,9609,36,882.9954833984375,common_POD_r32_gauge_fixed,1.5653443073907827,15.13775662159689,2,0,0.0
ql-ROM-style within a fixed POD space,1248,189.86227838,9609,37,886.70556640625,common_POD_r32_gauge_fixed,1.4445142298961828,14.48479377985927,7,1,0.03557720315687133
ql-ROM-style within a fixed POD space,1248,189.86227838,9609,38,890.4156494140625,common_POD_r32_gauge_fixed,1.550307048476696,14.430629193645728,7,0,0.0
ql-ROM-style within a fixed POD space,1248,189.86227838,9609,39,894.1256713867188,common_POD_r32_gauge_fixed,1.467811818379204,15.065615253508168,1,1,0.03305360522889888
ql-ROM-style within a fixed POD space,1248,189.86227838,9609,40,897.8357543945312,common_POD_r32_gauge_fixed,1.5168643687674466,14.714628393502457,1,0,0.0
ql-ROM-style within a fixed POD space,1248,189.86227838,9609,41,901.5458374023438,common_POD_r32_gauge_fixed,1.61205630713704,14.265587466612702,1,0,0.0
ql-ROM-style within a fixed POD space,1248,189.86227838,9609,42,905.255859375,common_POD_r32_gauge_fixed,1.5316465576006828,14.779654244870791,2,1,0.030678961258017844
ql-ROM-style within a fixed POD space,1248,189.86227838,9609,43,908.9659423828125,common_POD_r32_gauge_fixed,1.6166033550497383,15.546934696272007,2,0,0.0
ql-ROM-style within a fixed POD space,1248,189.86227838,9609,44,912.676025390625,common_POD_r32_gauge_fixed,1.7049290376855788,14.628035226391978,2,0,0.0
ql-ROM-style within a fixed POD space,1248,189.86227838,9609,45,916.3861083984375,common_POD_r32_gauge_fixed,1.6047063597784725,14.470208349033205,7,1,0.03606337833573619
ql-ROM-style within a fixed POD space,1248,189.86227838,9609,46,920.0961303710938,common_POD_r32_gauge_fixed,1.7006964975163963,15.124624742028619,7,0,0.0
ql-ROM-style within a fixed POD space,1248,189.86227838,9609,47,923.8062133789062,common_POD_r32_gauge_fixed,1.5976804530228448,14.917279263263051,1,1,0.03584726454019247
ql-ROM-style within a fixed POD space,1248,189.86227838,9609,48,927.5162963867188,common_POD_r32_gauge_fixed,1.6661397343144388,14.582210524911684,1,0,0.0
ql-ROM-style within a fixed POD space,1248,70.3146353337,976,1,1396.9688720703125,common_POD_r32_gauge_fixed,0.14179121075293155,25.611471455905317,5,0,0.0
ql-ROM-style within a fixed POD space,1248,70.3146353337,976,2,1409.4417724609375,common_POD_r32_gauge_fixed,0.21468541700888438,25.63131850883602,5,0,0.0
ql-ROM-style within a fixed POD space,1248,70.3146353337,976,3,1421.914794921875,common_POD_r32_gauge_fixed,0.2908727353173363,25.561950260169215,5,0,0.0
ql-ROM-style within a fixed POD space,1248,70.3146353337,976,4,1434.3876953125,common_POD_r32_gauge_fixed,0.382372200257127,25.618024599085746,5,0,0.0
ql-ROM-style within a fixed POD space,1248,70.3146353337,976,5,1446.860595703125,common_POD_r32_gauge_fixed,0.4801972629429658,25.85258237986136,5,0,0.0
ql-ROM-style within a fixed POD space,1248,70.3146353337,976,6,1459.3336181640625,common_POD_r32_gauge_fixed,0.5709347605488497,25.984894493219983,5,0,0.0
ql-ROM-style within a fixed POD space,1248,70.3146353337,976,7,1471.8065185546875,common_POD_r32_gauge_fixed,0.6713074516036568,25.82784176266856,5,0,0.0
ql-ROM-style within a fixed POD space,1248,70.3146353337,976,8,1484.2794189453125,common_POD_r32_gauge_fixed,0.7945915585205935,25.665225526487223,5,0,0.0
ql-ROM-style within a fixed POD space,1248,70.3146353337,976,9,1496.7523193359375,common_POD_r32_gauge_fixed,0.9348331340537934,25.80584170964883,5,0,0.0
ql-ROM-style within a fixed POD space,1248,70.3146353337,976,10,1509.225341796875,common_POD_r32_gauge_fixed,1.0705763770374863,26.00677607157092,5,0,0.0
ql-ROM-style within a fixed POD space,1248,70.3146353337,976,11,1521.6982421875,common_POD_r32_gauge_fixed,1.199891694739785,25.77228874355854,5,0,0.0
ql-ROM-style within a fixed POD space,1248,70.3146353337,976,12,1534.171142578125,common_POD_r32_gauge_fixed,1.3467190318596973,25.285404822048186,5,0,0.0
ql-ROM-style within a fixed POD space,1248,70.3146353337,976,13,1546.6441650390625,common_POD_r32_gauge_fixed,1.5229866991695031,25.27602295993062,5,0,0.0
ql-ROM-style within a fixed POD space,1248,70.3146353337,976,14,1559.1170654296875,common_POD_r32_gauge_fixed,1.715810059460226,25.871618275968693,5,0,0.0
ql-ROM-style within a fixed POD space,1248,70.3146353337,976,15,1571.5899658203125,common_POD_r32_gauge_fixed,1.8915053998406508,26.233528051542066,5,0,0.0
ql-ROM-style within a fixed POD space,1248,70.3146353337,976,16,1584.06298828125,common_POD_r32_gauge_fixed,2.078417270020369,25.809106908101597,5,0,0.0
ql-ROM-style within a fixed POD space,1248,70.3146353337,976,17,1596.535888671875,common_POD_r32_gauge_fixed,2.296351717835463,25.503659538647426,5,0,0.0
ql-ROM-style within a fixed POD space,1248,70.3146353337,976,18,1609.0087890625,common_POD_r32_gauge_fixed,2.5276827662899284,26.073658563998436,5,0,0.0
ql-ROM-style within a fixed POD space,1248,70.3146353337,976,19,1621.481689453125,common_POD_r32_gauge_fixed,2.7567338112833135,26.996815259932244,5,0,0.0
ql-ROM-style within a fixed POD space,1248,70.3146353337,976,20,1633.9547119140625,common_POD_r32_gauge_fixed,2.9792106190669503,27.176498836179135,5,0,0.0
ql-ROM-style within a fixed POD space,1248,70.3146353337,976,21,1646.4276123046875,common_POD_r32_gauge_fixed,3.2192003202466632,26.81142335863796,5,0,0.0
ql-ROM-style within a fixed POD space,1248,70.3146353337,976,22,1658.9005126953125,common_POD_r32_gauge_fixed,3.475989501077296,27.18707609273364,5,0,0.0
ql-ROM-style within a fixed POD space,1248,70.3146353337,976,23,1671.37353515625,common_POD_r32_gauge_fixed,3.7527547755121105,28.415797602024874,5,0,0.0
ql-ROM-style within a fixed POD space,1248,70.3146353337,976,24,1683.846435546875,common_POD_r32_gauge_fixed,4.023608590636646,29.5698791623649,5,0,0.0
ql-ROM-style within a fixed POD space,1248,70.3146353337,976,25,1696.3193359375,common_POD_r32_gauge_fixed,4.2968229294122455,29.788441673341303,5,0,0.0
ql-ROM-style within a fixed POD space,1248,70.3146353337,976,26,1708.792236328125,common_POD_r32_gauge_fixed,4.601251240417449,30.08468329697348,5,0,0.0
ql-ROM-style within a fixed POD space,1248,70.3146353337,976,27,1721.2652587890625,common_POD_r32_gauge_fixed,4.9291699224842045,31.10617514114592,5,0,0.0
ql-ROM-style within a fixed POD space,1248,70.3146353337,976,28,1733.7381591796875,common_POD_r32_gauge_fixed,5.2682562516353135,32.50018307279009,5,0,0.0
ql-ROM-style within a fixed POD space,1248,70.3146353337,976,29,1746.2110595703125,common_POD_r32_gauge_fixed,5.587917489256325,33.532319656058476,5,0,0.0
ql-ROM-style within a fixed POD space,1248,70.3146353337,976,30,1758.68408203125,common_POD_r32_gauge_fixed,5.901338110914513,33.96294011556428,5,0,0.0
ql-ROM-style within a fixed POD space,1248,70.3146353337,976,31,1771.156982421875,common_POD_r32_gauge_fixed,6.25425186861658,34.702030337338776,5,0,0.0
ql-ROM-style within a fixed POD space,1248,70.3146353337,976,32,1783.6298828125,common_POD_r32_gauge_fixed,6.646807138764391,35.820758313295826,5,0,0.0
ql-ROM-style within a fixed POD space,1248,70.3146353337,976,33,1796.1029052734375,common_POD_r32_gauge_fixed,7.0265663645567775,37.2398845120434,5,0,0.0
ql-ROM-style within a fixed POD space,1248,70.3146353337,976,34,1808.5758056640625,common_POD_r32_gauge_fixed,7.355795494350821,37.98752383176989,5,0,0.0
ql-ROM-style within a fixed POD space,1248,70.3146353337,976,35,1821.0487060546875,common_POD_r32_gauge_fixed,7.709351151783118,38.646889063383,5,0,0.0
ql-ROM-style within a fixed POD space,1248,70.3146353337,976,36,1833.5216064453125,common_POD_r32_gauge_fixed,8.129844394182776,39.63583656860416,5,0,0.0
ql-ROM-style within a fixed POD space,1248,70.3146353337,976,37,1845.99462890625,common_POD_r32_gauge_fixed,8.555033394706456,40.89796262944053,5,0,0.0
ql-ROM-style within a fixed POD space,1248,70.3146353337,976,38,1858.467529296875,common_POD_r32_gauge_fixed,8.907413503475583,41.93381203762156,5,0,0.0
ql-ROM-style within a fixed POD space,1248,70.3146353337,976,39,1870.9404296875,common_POD_r32_gauge_fixed,9.21217050395331,42.28173608040107,5,0,0.0
ql-ROM-style within a fixed POD space,1248,70.3146353337,976,40,1883.4134521484375,common_POD_r32_gauge_fixed,9.597760908625409,42.92410383204916,5,0,0.0
ql-ROM-style within a fixed POD space,1248,70.3146353337,976,41,1895.8863525390625,common_POD_r32_gauge_fixed,10.0363410630491,43.91608979270414,5,0,0.0
ql-ROM-style within a fixed POD space,1248,70.3146353337,976,42,1908.3592529296875,common_POD_r32_gauge_fixed,10.423796508812758,45.06418204426648,5,0,0.0
ql-ROM-style within a fixed POD space,1248,70.3146353337,976,43,1920.832275390625,common_POD_r32_gauge_fixed,10.696457492380336,45.227035841797495,5,0,0.0
ql-ROM-style within a fixed POD space,1248,70.3146353337,976,44,1933.30517578125,common_POD_r32_gauge_fixed,10.99777045053619,45.80534188009868,5,0,0.0
ql-ROM-style within a fixed POD space,1248,70.3146353337,976,45,1945.778076171875,common_POD_r32_gauge_fixed,11.401684008740665,46.61990676341013,5,0,0.0
ql-ROM-style within a fixed POD space,1248,70.3146353337,976,46,1958.2509765625,common_POD_r32_gauge_fixed,11.791529034989292,47.67249202470351,5,0,0.0
ql-ROM-style within a fixed POD space,1248,70.3146353337,976,47,1970.7239990234375,common_POD_r32_gauge_fixed,12.038305580460463,47.9589165589663,5,0,0.0
ql-ROM-style within a fixed POD space,1248,70.3146353337,976,48,1983.1968994140625,common_POD_r32_gauge_fixed,12.215677921078266,48.13620629438726,5,0,0.0
ql-ROM-style within a fixed POD space,1248,70.3146353337,984,1,1496.7523193359375,common_POD_r32_gauge_fixed,0.19801119619385338,24.778795046504285,5,0,0.0
ql-ROM-style within a fixed POD space,1248,70.3146353337,984,2,1509.225341796875,common_POD_r32_gauge_fixed,0.30902175192680326,24.99979563736429,5,0,0.0
ql-ROM-style within a fixed POD space,1248,70.3146353337,984,3,1521.6982421875,common_POD_r32_gauge_fixed,0.41880032408437584,25.042185346138673,5,0,0.0
ql-ROM-style within a fixed POD space,1248,70.3146353337,984,4,1534.171142578125,common_POD_r32_gauge_fixed,0.5315875129031256,24.702874565300668,5,0,0.0
ql-ROM-style within a fixed POD space,1248,70.3146353337,984,5,1546.6441650390625,common_POD_r32_gauge_fixed,0.6682267198702476,24.456809266396558,5,0,0.0
ql-ROM-style within a fixed POD space,1248,70.3146353337,984,6,1559.1170654296875,common_POD_r32_gauge_fixed,0.8316846220835432,24.715698746142635,5,0,0.0
ql-ROM-style within a fixed POD space,1248,70.3146353337,984,7,1571.5899658203125,common_POD_r32_gauge_fixed,0.9826610472669731,25.083399819378204,5,0,0.0
ql-ROM-style within a fixed POD space,1248,70.3146353337,984,8,1584.06298828125,common_POD_r32_gauge_fixed,1.131632904219612,24.829631645479743,5,0,0.0
ql-ROM-style within a fixed POD space,1248,70.3146353337,984,9,1596.535888671875,common_POD_r32_gauge_fixed,1.3104073330007788,24.27179010212959,5,0,0.0
ql-ROM-style within a fixed POD space,1248,70.3146353337,984,10,1609.0087890625,common_POD_r32_gauge_fixed,1.5050039548107124,24.31281711498005,5,0,0.0
ql-ROM-style within a fixed POD space,1248,70.3146353337,984,11,1621.481689453125,common_POD_r32_gauge_fixed,1.7040837452335231,24.924832630808822,5,0,0.0
ql-ROM-style within a fixed POD space,1248,70.3146353337,984,12,1633.9547119140625,common_POD_r32_gauge_fixed,1.8880564930552686,25.10538002479681,5,0,0.0
ql-ROM-style within a fixed POD space,1248,70.3146353337,984,13,1646.4276123046875,common_POD_r32_gauge_fixed,2.0898467736501942,24.510465958614727,5,0,0.0
ql-ROM-style within a fixed POD space,1248,70.3146353337,984,14,1658.9005126953125,common_POD_r32_gauge_fixed,2.3091887338240213,24.311689406759996,5,0,0.0
ql-ROM-style within a fixed POD space,1248,70.3146353337,984,15,1671.37353515625,common_POD_r32_gauge_fixed,2.545275559061391,25.062475982640485,5,0,0.0
ql-ROM-style within a fixed POD space,1248,70.3146353337,984,16,1683.846435546875,common_POD_r32_gauge_fixed,2.774654479044183,26.04391885248592,5,0,0.0
ql-ROM-style within a fixed POD space,1248,70.3146353337,984,17,1696.3193359375,common_POD_r32_gauge_fixed,3.001509416812403,26.13002268268869,5,0,0.0
ql-ROM-style within a fixed POD space,1248,70.3146353337,984,18,1708.792236328125,common_POD_r32_gauge_fixed,3.267903241810161,25.943535607354445,5,0,0.0
ql-ROM-style within a fixed POD space,1248,70.3146353337,984,19,1721.2652587890625,common_POD_r32_gauge_fixed,3.541571181343665,26.591381684730315,5,0,0.0
ql-ROM-style within a fixed POD space,1248,70.3146353337,984,20,1733.7381591796875,common_POD_r32_gauge_fixed,3.821812694810972,27.711926325811458,5,0,0.0
ql-ROM-style within a fixed POD space,1248,70.3146353337,984,21,1746.2110595703125,common_POD_r32_gauge_fixed,4.091346484016221,28.5859836115111,5,0,0.0
ql-ROM-style within a fixed POD space,1248,70.3146353337,984,22,1758.68408203125,common_POD_r32_gauge_fixed,4.36631430509873,28.8608670500947,5,0,0.0
ql-ROM-style within a fixed POD space,1248,70.3146353337,984,23,1771.156982421875,common_POD_r32_gauge_fixed,4.662376643112857,29.389839893675585,5,0,0.0
ql-ROM-style within a fixed POD space,1248,70.3146353337,984,24,1783.6298828125,common_POD_r32_gauge_fixed,4.990000304170899,30.248945784089436,5,0,0.0
ql-ROM-style within a fixed POD space,1248,70.3146353337,984,25,1796.1029052734375,common_POD_r32_gauge_fixed,5.325503223603129,31.352167358922646,5,0,0.0
ql-ROM-style within a fixed POD space,1248,70.3146353337,984,26,1808.5758056640625,common_POD_r32_gauge_fixed,5.627561151393424,32.08144126447434,5,0,0.0
ql-ROM-style within a fixed POD space,1248,70.3146353337,984,27,1821.0487060546875,common_POD_r32_gauge_fixed,5.939634667327693,32.663973393469114,5,0,0.0
ql-ROM-style within a fixed POD space,1248,70.3146353337,984,28,1833.5216064453125,common_POD_r32_gauge_fixed,6.302297867273228,33.61758474181323,5,0,0.0
ql-ROM-style within a fixed POD space,1248,70.3146353337,984,29,1845.99462890625,common_POD_r32_gauge_fixed,6.689974875834482,34.59735789023956,5,0,0.0
ql-ROM-style within a fixed POD space,1248,70.3146353337,984,30,1858.467529296875,common_POD_r32_gauge_fixed,7.029882388486358,35.59861886466153,5,0,0.0
ql-ROM-style within a fixed POD space,1248,70.3146353337,984,31,1870.9404296875,common_POD_r32_gauge_fixed,7.321653131826027,36.18622820001998,5,0,0.0
ql-ROM-style within a fixed POD space,1248,70.3146353337,984,32,1883.4134521484375,common_POD_r32_gauge_fixed,7.663914053736155,36.92954263988857,5,0,0.0
ql-ROM-style within a fixed POD space,1248,70.3146353337,984,33,1895.8863525390625,common_POD_r32_gauge_fixed,8.073191658452135,37.67850708876134,5,0,0.0
ql-ROM-style within a fixed POD space,1248,70.3146353337,984,34,1908.3592529296875,common_POD_r32_gauge_fixed,8.461446749115892,38.754720626822035,5,0,0.0
ql-ROM-style within a fixed POD space,1248,70.3146353337,984,35,1920.832275390625,common_POD_r32_gauge_fixed,8.756308627756445,39.129414250716195,5,0,0.0
ql-ROM-style within a fixed POD space,1248,70.3146353337,984,36,1933.30517578125,common_POD_r32_gauge_fixed,9.0474777084291,39.78341181673801,5,0,0.0
ql-ROM-style within a fixed POD space,1248,70.3146353337,984,37,1945.778076171875,common_POD_r32_gauge_fixed,9.433570834181344,40.70528719424442,5,0,0.0
ql-ROM-style within a fixed POD space,1248,70.3146353337,984,38,1958.2509765625,common_POD_r32_gauge_fixed,9.833987775033709,41.600117236726156,5,0,0.0
ql-ROM-style within a fixed POD space,1248,70.3146353337,984,39,1970.7239990234375,common_POD_r32_gauge_fixed,10.135402724691359,42.10470262253789,5,0,0.0
ql-ROM-style within a fixed POD space,1248,70.3146353337,984,40,1983.1968994140625,common_POD_r32_gauge_fixed,10.34315074661193,42.352304856442814,5,0,0.0
ql-ROM-style within a fixed POD space,1248,70.3146353337,984,41,1995.6697998046875,common_POD_r32_gauge_fixed,10.650047583922689,43.11339244241946,5,0,0.0
ql-ROM-style within a fixed POD space,1248,70.3146353337,984,42,2008.142822265625,common_POD_r32_gauge_fixed,11.030560446239313,43.97705012995508,5,0,0.0
ql-ROM-style within a fixed POD space,1248,70.3146353337,984,43,2020.61572265625,common_POD_r32_gauge_fixed,11.333745025222834,44.51482141766406,5,0,0.0
ql-ROM-style within a fixed POD space,1248,70.3146353337,984,44,2033.088623046875,common_POD_r32_gauge_fixed,11.470775821246997,44.54509238612437,5,0,0.0
ql-ROM-style within a fixed POD space,1248,70.3146353337,984,45,2045.5615234375,common_POD_r32_gauge_fixed,11.66263057359804,45.37168267623204,5,0,0.0
ql-ROM-style within a fixed POD space,1248,70.3146353337,984,46,2058.034423828125,common_POD_r32_gauge_fixed,11.989489589432326,46.05308650826549,5,0,0.0
ql-ROM-style within a fixed POD space,1248,70.3146353337,984,47,2070.507568359375,common_POD_r32_gauge_fixed,12.274649437173913,46.8165351216238,5,0,0.0
ql-ROM-style within a fixed POD space,1248,70.3146353337,984,48,2082.98046875,common_POD_r32_gauge_fixed,12.36172909558155,46.73290196099985,5,0,0.0
ql-ROM-style within a fixed POD space,1248,70.3146353337,1000,1,1696.3193359375,common_POD_r32_gauge_fixed,0.2021991746472663,22.894957865831167,5,0,0.0
ql-ROM-style within a fixed POD space,1248,70.3146353337,1000,2,1708.792236328125,common_POD_r32_gauge_fixed,0.3879086392465652,22.507288353564586,5,0,0.0
ql-ROM-style within a fixed POD space,1248,70.3146353337,1000,3,1721.2652587890625,common_POD_r32_gauge_fixed,0.5889330173621716,22.091759204239555,5,0,0.0
ql-ROM-style within a fixed POD space,1248,70.3146353337,1000,4,1733.7381591796875,common_POD_r32_gauge_fixed,0.781045766019781,22.246024920224873,5,0,0.0
ql-ROM-style within a fixed POD space,1248,70.3146353337,1000,5,1746.2110595703125,common_POD_r32_gauge_fixed,0.9631911443557101,22.65013925535074,5,0,0.0
ql-ROM-style within a fixed POD space,1248,70.3146353337,1000,6,1758.68408203125,common_POD_r32_gauge_fixed,1.145659344864816,22.569019270222405,5,0,0.0
ql-ROM-style within a fixed POD space,1248,70.3146353337,1000,7,1771.156982421875,common_POD_r32_gauge_fixed,1.3573601210012054,22.21549302317332,5,0,0.0
ql-ROM-style within a fixed POD space,1248,70.3146353337,1000,8,1783.6298828125,common_POD_r32_gauge_fixed,1.5565717062132782,22.312946361798847,5,0,0.0
ql-ROM-style within a fixed POD space,1248,70.3146353337,1000,9,1796.1029052734375,common_POD_r32_gauge_fixed,1.7482116475051304,22.75445213228765,5,0,0.0
ql-ROM-style within a fixed POD space,1248,70.3146353337,1000,10,1808.5758056640625,common_POD_r32_gauge_fixed,1.9236494355063853,23.018089440174645,5,0,0.0
ql-ROM-style within a fixed POD space,1248,70.3146353337,1000,11,1821.0487060546875,common_POD_r32_gauge_fixed,2.1373699721223884,22.794269578571445,5,0,0.0
ql-ROM-style within a fixed POD space,1248,70.3146353337,1000,12,1833.5216064453125,common_POD_r32_gauge_fixed,2.3645034913670093,23.042262595051646,5,0,0.0
ql-ROM-style within a fixed POD space,1248,70.3146353337,1000,13,1845.99462890625,common_POD_r32_gauge_fixed,2.5816743406240263,23.66732640830093,5,0,0.0
ql-ROM-style within a fixed POD space,1248,70.3146353337,1000,14,1858.467529296875,common_POD_r32_gauge_fixed,2.789032696685357,24.2137992830592,5,0,0.0
ql-ROM-style within a fixed POD space,1248,70.3146353337,1000,15,1870.9404296875,common_POD_r32_gauge_fixed,2.996018050095239,24.5653444184204,5,0,0.0
ql-ROM-style within a fixed POD space,1248,70.3146353337,1000,16,1883.4134521484375,common_POD_r32_gauge_fixed,3.219086745762978,25.067896672414484,5,0,0.0
ql-ROM-style within a fixed POD space,1248,70.3146353337,1000,17,1895.8863525390625,common_POD_r32_gauge_fixed,3.46721799236641,25.553092933794698,5,0,0.0
ql-ROM-style within a fixed POD space,1248,70.3146353337,1000,18,1908.3592529296875,common_POD_r32_gauge_fixed,3.7348311186705523,25.97783971761273,5,0,0.0
ql-ROM-style within a fixed POD space,1248,70.3146353337,1000,19,1920.832275390625,common_POD_r32_gauge_fixed,3.9746000312567413,26.35857014778159,5,0,0.0
ql-ROM-style within a fixed POD space,1248,70.3146353337,1000,20,1933.30517578125,common_POD_r32_gauge_fixed,4.200391174492833,26.71560703241086,5,0,0.0
ql-ROM-style within a fixed POD space,1248,70.3146353337,1000,21,1945.778076171875,common_POD_r32_gauge_fixed,4.459558200735764,27.67619893495351,5,0,0.0
ql-ROM-style within a fixed POD space,1248,70.3146353337,1000,22,1958.2509765625,common_POD_r32_gauge_fixed,4.764805051141248,28.37479411420126,5,0,0.0
ql-ROM-style within a fixed POD space,1248,70.3146353337,1000,23,1970.7239990234375,common_POD_r32_gauge_fixed,5.047188571807891,28.818646591467555,5,0,0.0
ql-ROM-style within a fixed POD space,1248,70.3146353337,1000,24,1983.1968994140625,common_POD_r32_gauge_fixed,5.281141034937232,29.22427755357337,5,0,0.0
ql-ROM-style within a fixed POD space,1248,70.3146353337,1000,25,1995.6697998046875,common_POD_r32_gauge_fixed,5.527156947782188,30.05985482692498,5,0,0.0
ql-ROM-style within a fixed POD space,1248,70.3146353337,1000,26,2008.142822265625,common_POD_r32_gauge_fixed,5.848448087105403,30.651164011839565,5,0,0.0
ql-ROM-style within a fixed POD space,1248,70.3146353337,1000,27,2020.61572265625,common_POD_r32_gauge_fixed,6.172224496742021,31.2053943056414,5,0,0.0
ql-ROM-style within a fixed POD space,1248,70.3146353337,1000,28,2033.088623046875,common_POD_r32_gauge_fixed,6.42420578534419,31.191638053588296,5,0,0.0
ql-ROM-style within a fixed POD space,1248,70.3146353337,1000,29,2045.5615234375,common_POD_r32_gauge_fixed,6.64023408992243,31.85010710768612,5,0,0.0
ql-ROM-style within a fixed POD space,1248,70.3146353337,1000,30,2058.034423828125,common_POD_r32_gauge_fixed,6.940201637955068,32.97925139775772,5,0,0.0
ql-ROM-style within a fixed POD space,1248,70.3146353337,1000,31,2070.507568359375,common_POD_r32_gauge_fixed,7.270214439289793,33.54290191667127,5,0,0.0
ql-ROM-style within a fixed POD space,1248,70.3146353337,1000,32,2082.98046875,common_POD_r32_gauge_fixed,7.5311707871654905,33.70564634369779,5,0,0.0
ql-ROM-style within a fixed POD space,1248,70.3146353337,1000,33,2095.453369140625,common_POD_r32_gauge_fixed,7.697380619145648,34.0764248087523,5,0,0.0
ql-ROM-style within a fixed POD space,1248,70.3146353337,1000,34,2107.92626953125,common_POD_r32_gauge_fixed,7.940159555757987,34.96406746459261,5,0,0.0
ql-ROM-style within a fixed POD space,1248,70.3146353337,1000,35,2120.399169921875,common_POD_r32_gauge_fixed,8.254316727657352,35.6124014488374,5,0,0.0
ql-ROM-style within a fixed POD space,1248,70.3146353337,1000,36,2132.8720703125,common_POD_r32_gauge_fixed,8.515415254776523,35.82836064876219,5,0,0.0
ql-ROM-style within a fixed POD space,1248,70.3146353337,1000,37,2145.344970703125,common_POD_r32_gauge_fixed,8.640722646697904,35.8991151778106,5,0,0.0
ql-ROM-style within a fixed POD space,1248,70.3146353337,1000,38,2157.818115234375,common_POD_r32_gauge_fixed,8.811334829553799,36.930556245886656,5,0,0.0
ql-ROM-style within a fixed POD space,1248,70.3146353337,1000,39,2170.291015625,common_POD_r32_gauge_fixed,9.094130969294163,37.60135880241855,5,0,0.0
ql-ROM-style within a fixed POD space,1248,70.3146353337,1000,40,2182.763916015625,common_POD_r32_gauge_fixed,9.343030075752983,38.07530356650084,5,0,0.0
ql-ROM-style within a fixed POD space,1248,70.3146353337,1000,41,2195.23681640625,common_POD_r32_gauge_fixed,9.433635550248855,38.018165126444984,5,0,0.0
ql-ROM-style within a fixed POD space,1248,70.3146353337,1000,42,2207.709716796875,common_POD_r32_gauge_fixed,9.536662115338032,38.51646300959459,5,0,0.0
ql-ROM-style within a fixed POD space,1248,70.3146353337,1000,43,2220.1826171875,common_POD_r32_gauge_fixed,9.786368647477559,39.17508964205992,5,0,0.0
ql-ROM-style within a fixed POD space,1248,70.3146353337,1000,44,2232.655517578125,common_POD_r32_gauge_fixed,10.028704287026692,39.78178830640882,5,0,0.0
ql-ROM-style within a fixed POD space,1248,70.3146353337,1000,45,2245.128662109375,common_POD_r32_gauge_fixed,10.099781116229119,39.556573124119915,5,0,0.0
ql-ROM-style within a fixed POD space,1248,70.3146353337,1000,46,2257.6015625,common_POD_r32_gauge_fixed,10.147249725911665,39.95429314906861,5,0,0.0
ql-ROM-style within a fixed POD space,1248,70.3146353337,1000,47,2270.074462890625,common_POD_r32_gauge_fixed,10.3593255924124,40.60595375839946,5,0,0.0
ql-ROM-style within a fixed POD space,1248,70.3146353337,1000,48,2282.54736328125,common_POD_r32_gauge_fixed,10.58418427904933,41.285091488629675,5,0,0.0
ql-ROM-style within a fixed POD space,1248,70.3146353337,1016,1,1895.8863525390625,common_POD_r32_gauge_fixed,0.2998095792314901,22.95256719341929,5,0,0.0
ql-ROM-style within a fixed POD space,1248,70.3146353337,1016,2,1908.3592529296875,common_POD_r32_gauge_fixed,0.49745238080041676,22.823950671219162,5,0,0.0
ql-ROM-style within a fixed POD space,1248,70.3146353337,1016,3,1920.832275390625,common_POD_r32_gauge_fixed,0.7199901640285351,22.85789304831384,5,0,0.0
ql-ROM-style within a fixed POD space,1248,70.3146353337,1016,4,1933.30517578125,common_POD_r32_gauge_fixed,0.9666877198483149,22.66939686938719,5,0,0.0
ql-ROM-style within a fixed POD space,1248,70.3146353337,1016,5,1945.778076171875,common_POD_r32_gauge_fixed,1.223878185244246,22.701700310832038,5,0,0.0
ql-ROM-style within a fixed POD space,1248,70.3146353337,1016,6,1958.2509765625,common_POD_r32_gauge_fixed,1.4469771900301232,23.032119717781164,5,0,0.0
ql-ROM-style within a fixed POD space,1248,70.3146353337,1016,7,1970.7239990234375,common_POD_r32_gauge_fixed,1.6648351878735546,23.40928670421956,5,0,0.0
ql-ROM-style within a fixed POD space,1248,70.3146353337,1016,8,1983.1968994140625,common_POD_r32_gauge_fixed,1.8856044019200355,23.70998127672495,5,0,0.0
ql-ROM-style within a fixed POD space,1248,70.3146353337,1016,9,1995.6697998046875,common_POD_r32_gauge_fixed,2.113352259791778,24.079700287993226,5,0,0.0
ql-ROM-style within a fixed POD space,1248,70.3146353337,1016,10,2008.142822265625,common_POD_r32_gauge_fixed,2.3369403389532173,24.196334229974234,5,0,0.0
ql-ROM-style within a fixed POD space,1248,70.3146353337,1016,11,2020.61572265625,common_POD_r32_gauge_fixed,2.567367320806415,24.31474938167248,5,0,0.0
ql-ROM-style within a fixed POD space,1248,70.3146353337,1016,12,2033.088623046875,common_POD_r32_gauge_fixed,2.7917653701606544,24.446163394907973,5,0,0.0
ql-ROM-style within a fixed POD space,1248,70.3146353337,1016,13,2045.5615234375,common_POD_r32_gauge_fixed,3.006354581926622,24.661526692200994,5,0,0.0
ql-ROM-style within a fixed POD space,1248,70.3146353337,1016,14,2058.034423828125,common_POD_r32_gauge_fixed,3.231034804493918,25.40902867369096,5,0,0.0
ql-ROM-style within a fixed POD space,1248,70.3146353337,1016,15,2070.507568359375,common_POD_r32_gauge_fixed,3.4852955862966764,25.879626153714796,5,0,0.0
ql-ROM-style within a fixed POD space,1248,70.3146353337,1016,16,2082.98046875,common_POD_r32_gauge_fixed,3.72594312797741,26.11942584338072,5,0,0.0
ql-ROM-style within a fixed POD space,1248,70.3146353337,1016,17,2095.453369140625,common_POD_r32_gauge_fixed,3.9297417173485236,26.531615946576746,5,0,0.0
ql-ROM-style within a fixed POD space,1248,70.3146353337,1016,18,2107.92626953125,common_POD_r32_gauge_fixed,4.135020864503935,27.13880177095746,5,0,0.0
ql-ROM-style within a fixed POD space,1248,70.3146353337,1016,19,2120.399169921875,common_POD_r32_gauge_fixed,4.393516947496353,27.406426990725976,5,0,0.0
ql-ROM-style within a fixed POD space,1248,70.3146353337,1016,20,2132.8720703125,common_POD_r32_gauge_fixed,4.651059113660267,27.68698052821706,5,0,0.0
ql-ROM-style within a fixed POD space,1248,70.3146353337,1016,21,2145.344970703125,common_POD_r32_gauge_fixed,4.851481757179301,27.663892086781512,5,0,0.0
ql-ROM-style within a fixed POD space,1248,70.3146353337,1016,22,2157.818115234375,common_POD_r32_gauge_fixed,5.026930154693724,28.348029823061104,5,0,0.0
ql-ROM-style within a fixed POD space,1248,70.3146353337,1016,23,2170.291015625,common_POD_r32_gauge_fixed,5.273801326376105,29.082245722622957,5,0,0.0
ql-ROM-style within a fixed POD space,1248,70.3146353337,1016,24,2182.763916015625,common_POD_r32_gauge_fixed,5.534329979575416,29.41103094758469,5,0,0.0
ql-ROM-style within a fixed POD space,1248,70.3146353337,1016,25,2195.23681640625,common_POD_r32_gauge_fixed,5.729051859302663,29.50657651275256,5,0,0.0
ql-ROM-style within a fixed POD space,1248,70.3146353337,1016,26,2207.709716796875,common_POD_r32_gauge_fixed,5.8680883694645125,29.97074938642084,5,0,0.0
ql-ROM-style within a fixed POD space,1248,70.3146353337,1016,27,2220.1826171875,common_POD_r32_gauge_fixed,6.084498784951946,30.482893860776223,5,0,0.0
ql-ROM-style within a fixed POD space,1248,70.3146353337,1016,28,2232.655517578125,common_POD_r32_gauge_fixed,6.340924396697833,30.9012149472185,5,0,0.0
ql-ROM-style within a fixed POD space,1248,70.3146353337,1016,29,2245.128662109375,common_POD_r32_gauge_fixed,6.527419098046278,30.813923312928765,5,0,0.0
ql-ROM-style within a fixed POD space,1248,70.3146353337,1016,30,2257.6015625,common_POD_r32_gauge_fixed,6.633949051316238,31.098613807412605,5,0,0.0
ql-ROM-style within a fixed POD space,1248,70.3146353337,1016,31,2270.074462890625,common_POD_r32_gauge_fixed,6.813881734752929,31.913991142701704,5,0,0.0
ql-ROM-style within a fixed POD space,1248,70.3146353337,1016,32,2282.54736328125,common_POD_r32_gauge_fixed,7.050351525628239,32.36652976429659,5,0,0.0
ql-ROM-style within a fixed POD space,1248,70.3146353337,1016,33,2295.020263671875,common_POD_r32_gauge_fixed,7.226009354312393,32.51538602601174,5,0,0.0
ql-ROM-style within a fixed POD space,1248,70.3146353337,1016,34,2307.4931640625,common_POD_r32_gauge_fixed,7.292120835548781,32.61442761464404,5,0,0.0
ql-ROM-style within a fixed POD space,1248,70.3146353337,1016,35,2319.966064453125,common_POD_r32_gauge_fixed,7.422750508574969,33.08800438459583,5,0,0.0
ql-ROM-style within a fixed POD space,1248,70.3146353337,1016,36,2332.439208984375,common_POD_r32_gauge_fixed,7.637540652272255,33.51383968525094,5,0,0.0
ql-ROM-style within a fixed POD space,1248,70.3146353337,1016,37,2344.912109375,common_POD_r32_gauge_fixed,7.805285558717323,33.69482656692622,5,0,0.0
ql-ROM-style within a fixed POD space,1248,70.3146353337,1016,38,2357.385009765625,common_POD_r32_gauge_fixed,7.843613271935762,33.57526090438423,5,0,0.0
ql-ROM-style within a fixed POD space,1248,70.3146353337,1016,39,2369.85791015625,common_POD_r32_gauge_fixed,7.929114880106542,34.1581988219047,5,0,0.0
ql-ROM-style within a fixed POD space,1248,70.3146353337,1016,40,2382.330810546875,common_POD_r32_gauge_fixed,8.121946243185626,34.61032720636142,5,0,0.0
ql-ROM-style within a fixed POD space,1248,70.3146353337,1016,41,2394.8037109375,common_POD_r32_gauge_fixed,8.279974646975909,34.974299833360945,5,0,0.0
ql-ROM-style within a fixed POD space,1248,70.3146353337,1016,42,2407.27685546875,common_POD_r32_gauge_fixed,8.296855458030851,34.80135565483814,5,0,0.0
ql-ROM-style within a fixed POD space,1248,70.3146353337,1016,43,2419.749755859375,common_POD_r32_gauge_fixed,8.334486984638959,34.98760900985341,5,0,0.0
ql-ROM-style within a fixed POD space,1248,70.3146353337,1016,44,2432.22265625,common_POD_r32_gauge_fixed,8.503569961328058,35.38879524503998,5,0,0.0
ql-ROM-style within a fixed POD space,1248,70.3146353337,1016,45,2444.695556640625,common_POD_r32_gauge_fixed,8.656528820280759,35.73831101187988,5,0,0.0
ql-ROM-style within a fixed POD space,1248,70.3146353337,1016,46,2457.16845703125,common_POD_r32_gauge_fixed,8.664227271420419,35.445722922857684,5,0,0.0
ql-ROM-style within a fixed POD space,1248,70.3146353337,1016,47,2469.641357421875,common_POD_r32_gauge_fixed,8.65990928992394,35.59676575985558,5,0,0.0
ql-ROM-style within a fixed POD space,1248,70.3146353337,1016,48,2482.1142578125,common_POD_r32_gauge_fixed,8.800263478227844,36.04889556513981,5,0,0.0
ql-ROM-style within a fixed POD space,1248,70.3146353337,1024,1,1995.6697998046875,common_POD_r32_gauge_fixed,0.31776930763506533,23.510580401453982,5,0,0.0
ql-ROM-style within a fixed POD space,1248,70.3146353337,1024,2,2008.142822265625,common_POD_r32_gauge_fixed,0.5505876196466934,23.582438050389214,5,0,0.0
ql-ROM-style within a fixed POD space,1248,70.3146353337,1024,3,2020.61572265625,common_POD_r32_gauge_fixed,0.782445167014827,23.434986656548883,5,0,0.0
ql-ROM-style within a fixed POD space,1248,70.3146353337,1024,4,2033.088623046875,common_POD_r32_gauge_fixed,1.0262599846875098,23.497777231169227,5,0,0.0
ql-ROM-style within a fixed POD space,1248,70.3146353337,1024,5,2045.5615234375,common_POD_r32_gauge_fixed,1.2877193832534046,23.389444627938293,5,0,0.0
ql-ROM-style within a fixed POD space,1248,70.3146353337,1024,6,2058.034423828125,common_POD_r32_gauge_fixed,1.5442917009282278,23.646086348998,5,0,0.0
ql-ROM-style within a fixed POD space,1248,70.3146353337,1024,7,2070.507568359375,common_POD_r32_gauge_fixed,1.7888052624144941,24.001881281949114,5,0,0.0
ql-ROM-style within a fixed POD space,1248,70.3146353337,1024,8,2082.98046875,common_POD_r32_gauge_fixed,2.0315830902280148,24.35137127276779,5,0,0.0
ql-ROM-style within a fixed POD space,1248,70.3146353337,1024,9,2095.453369140625,common_POD_r32_gauge_fixed,2.2723531540101565,24.707888593813916,5,0,0.0
ql-ROM-style within a fixed POD space,1248,70.3146353337,1024,10,2107.92626953125,common_POD_r32_gauge_fixed,2.505000292978835,25.05894021540246,5,0,0.0
ql-ROM-style within a fixed POD space,1248,70.3146353337,1024,11,2120.399169921875,common_POD_r32_gauge_fixed,2.7487680547874502,25.089296213261882,5,0,0.0
ql-ROM-style within a fixed POD space,1248,70.3146353337,1024,12,2132.8720703125,common_POD_r32_gauge_fixed,3.0035273633035393,25.357756816594375,5,0,0.0
ql-ROM-style within a fixed POD space,1248,70.3146353337,1024,13,2145.344970703125,common_POD_r32_gauge_fixed,3.2469661642636862,25.434717556834503,5,0,0.0
ql-ROM-style within a fixed POD space,1248,70.3146353337,1024,14,2157.818115234375,common_POD_r32_gauge_fixed,3.4654285733665446,25.925862694919115,5,0,0.0
ql-ROM-style within a fixed POD space,1248,70.3146353337,1024,15,2170.291015625,common_POD_r32_gauge_fixed,3.7135693761427757,26.57643432229333,5,0,0.0
ql-ROM-style within a fixed POD space,1248,70.3146353337,1024,16,2182.763916015625,common_POD_r32_gauge_fixed,3.9807208376314143,26.973449514883036,5,0,0.0
ql-ROM-style within a fixed POD space,1248,70.3146353337,1024,17,2195.23681640625,common_POD_r32_gauge_fixed,4.218059031127141,27.229590691049065,5,0,0.0
ql-ROM-style within a fixed POD space,1248,70.3146353337,1024,18,2207.709716796875,common_POD_r32_gauge_fixed,4.410625682107028,27.71483319501462,5,0,0.0
ql-ROM-style within a fixed POD space,1248,70.3146353337,1024,19,2220.1826171875,common_POD_r32_gauge_fixed,4.63774718268098,28.079765538642764,5,0,0.0
ql-ROM-style within a fixed POD space,1248,70.3146353337,1024,20,2232.655517578125,common_POD_r32_gauge_fixed,4.903334594260719,28.443423646949935,5,0,0.0
ql-ROM-style within a fixed POD space,1248,70.3146353337,1024,21,2245.128662109375,common_POD_r32_gauge_fixed,5.131389916786771,28.538350328859853,5,0,0.0
ql-ROM-style within a fixed POD space,1248,70.3146353337,1024,22,2257.6015625,common_POD_r32_gauge_fixed,5.300143096667016,28.765597544943226,5,0,0.0
ql-ROM-style within a fixed POD space,1248,70.3146353337,1024,23,2270.074462890625,common_POD_r32_gauge_fixed,5.499540922221474,29.519465407384626,5,0,0.0
ql-ROM-style within a fixed POD space,1248,70.3146353337,1024,24,2282.54736328125,common_POD_r32_gauge_fixed,5.749653646318934,30.00002435877689,5,0,0.0
ql-ROM-style within a fixed POD space,1248,70.3146353337,1024,25,2295.020263671875,common_POD_r32_gauge_fixed,5.968368875550889,30.197742842747843,5,0,0.0
ql-ROM-style within a fixed POD space,1248,70.3146353337,1024,26,2307.4931640625,common_POD_r32_gauge_fixed,6.105421696139747,30.39918714968513,5,0,0.0
ql-ROM-style within a fixed POD space,1248,70.3146353337,1024,27,2319.966064453125,common_POD_r32_gauge_fixed,6.262767850989295,30.86458520554296,5,0,0.0
ql-ROM-style within a fixed POD space,1248,70.3146353337,1024,28,2332.439208984375,common_POD_r32_gauge_fixed,6.491496970939141,31.25455610425331,5,0,0.0
ql-ROM-style within a fixed POD space,1248,70.3146353337,1024,29,2344.912109375,common_POD_r32_gauge_fixed,6.701056323254513,31.48016795819843,5,0,0.0
ql-ROM-style within a fixed POD space,1248,70.3146353337,1024,30,2357.385009765625,common_POD_r32_gauge_fixed,6.810672146085377,31.38314595982006,5,0,0.0
ql-ROM-style within a fixed POD space,1248,70.3146353337,1024,31,2369.85791015625,common_POD_r32_gauge_fixed,6.925749427363452,31.998129006730736,5,0,0.0
ql-ROM-style within a fixed POD space,1248,70.3146353337,1024,32,2382.330810546875,common_POD_r32_gauge_fixed,7.131670812087728,32.505393412793765,5,0,0.0
ql-ROM-style within a fixed POD space,1248,70.3146353337,1024,33,2394.8037109375,common_POD_r32_gauge_fixed,7.327628084100911,32.860091088399365,5,0,0.0
ql-ROM-style within a fixed POD space,1248,70.3146353337,1024,34,2407.27685546875,common_POD_r32_gauge_fixed,7.4093571657834065,32.824542079003294,5,0,0.0
ql-ROM-style within a fixed POD space,1248,70.3146353337,1024,35,2419.749755859375,common_POD_r32_gauge_fixed,7.473147982980008,33.09367292381601,5,0,0.0
ql-ROM-style within a fixed POD space,1248,70.3146353337,1024,36,2432.22265625,common_POD_r32_gauge_fixed,7.649876825479031,33.49505767132464,5,0,0.0
ql-ROM-style within a fixed POD space,1248,70.3146353337,1024,37,2444.695556640625,common_POD_r32_gauge_fixed,7.834476377647516,33.84850430891526,5,0,0.0
ql-ROM-style within a fixed POD space,1248,70.3146353337,1024,38,2457.16845703125,common_POD_r32_gauge_fixed,7.900968068794106,33.66395608779011,5,0,0.0
ql-ROM-style within a fixed POD space,1248,70.3146353337,1024,39,2469.641357421875,common_POD_r32_gauge_fixed,7.924307904739629,33.90458502761171,5,0,0.0
ql-ROM-style within a fixed POD space,1248,70.3146353337,1024,40,2482.1142578125,common_POD_r32_gauge_fixed,8.072340218187561,34.42117672541091,5,0,0.0
ql-ROM-style within a fixed POD space,1248,70.3146353337,1024,41,2494.58740234375,common_POD_r32_gauge_fixed,8.243866673266139,34.82323406601707,5,0,0.0
ql-ROM-style within a fixed POD space,1248,70.3146353337,1024,42,2507.060302734375,common_POD_r32_gauge_fixed,8.300500754695012,34.77932940434959,5,0,0.0
ql-ROM-style within a fixed POD space,1248,70.3146353337,1024,43,2519.533203125,common_POD_r32_gauge_fixed,8.280152574590396,34.68184932952875,5,0,0.0
ql-ROM-style within a fixed POD space,1248,70.3146353337,1024,44,2532.006103515625,common_POD_r32_gauge_fixed,8.392388117722488,34.97941093079412,5,0,0.0
ql-ROM-style within a fixed POD space,1248,70.3146353337,1024,45,2544.47900390625,common_POD_r32_gauge_fixed,8.553493519454085,35.371178288362934,5,0,0.0
ql-ROM-style within a fixed POD space,1248,70.3146353337,1024,46,2556.951904296875,common_POD_r32_gauge_fixed,8.609574903780521,35.30157066195091,5,0,0.0
ql-ROM-style within a fixed POD space,1248,70.3146353337,1024,47,2569.4248046875,common_POD_r32_gauge_fixed,8.563003605457038,35.09578708649265,5,0,0.0
ql-ROM-style within a fixed POD space,1248,70.3146353337,1024,48,2581.89794921875,common_POD_r32_gauge_fixed,8.637477623514664,35.48232861183488,5,0,0.0
ql-ROM-style within a fixed POD space,1248,70.3146353337,1040,1,2195.23681640625,common_POD_r32_gauge_fixed,0.2777551032785798,23.851098680004913,5,0,0.0
ql-ROM-style within a fixed POD space,1248,70.3146353337,1040,2,2207.709716796875,common_POD_r32_gauge_fixed,0.5647471061827324,24.1650746624249,5,0,0.0
ql-ROM-style within a fixed POD space,1248,70.3146353337,1040,3,2220.1826171875,common_POD_r32_gauge_fixed,0.8406615002495377,24.397507102902395,5,0,0.0
ql-ROM-style within a fixed POD space,1248,70.3146353337,1040,4,2232.655517578125,common_POD_r32_gauge_fixed,1.1210216420828774,24.268244197601128,5,0,0.0
ql-ROM-style within a fixed POD space,1248,70.3146353337,1040,5,2245.128662109375,common_POD_r32_gauge_fixed,1.3951377630217816,24.474597343656434,5,0,0.0
ql-ROM-style within a fixed POD space,1248,70.3146353337,1040,6,2257.6015625,common_POD_r32_gauge_fixed,1.6812262941298117,24.44180068039261,5,0,0.0
ql-ROM-style within a fixed POD space,1248,70.3146353337,1040,7,2270.074462890625,common_POD_r32_gauge_fixed,1.9658636800519012,24.76768519209682,5,0,0.0
ql-ROM-style within a fixed POD space,1248,70.3146353337,1040,8,2282.54736328125,common_POD_r32_gauge_fixed,2.250397647106589,25.181738059608676,5,0,0.0
ql-ROM-style within a fixed POD space,1248,70.3146353337,1040,9,2295.020263671875,common_POD_r32_gauge_fixed,2.533527935452807,25.646381235478827,5,0,0.0
ql-ROM-style within a fixed POD space,1248,70.3146353337,1040,10,2307.4931640625,common_POD_r32_gauge_fixed,2.8146024235346854,25.990521712376925,5,0,0.0
ql-ROM-style within a fixed POD space,1248,70.3146353337,1040,11,2319.966064453125,common_POD_r32_gauge_fixed,3.078688415140698,26.33422796717425,5,0,0.0
ql-ROM-style within a fixed POD space,1248,70.3146353337,1040,12,2332.439208984375,common_POD_r32_gauge_fixed,3.356890249405592,26.473235133942417,5,0,0.0
ql-ROM-style within a fixed POD space,1248,70.3146353337,1040,13,2344.912109375,common_POD_r32_gauge_fixed,3.642748459211719,26.959577204672264,5,0,0.0
ql-ROM-style within a fixed POD space,1248,70.3146353337,1040,14,2357.385009765625,common_POD_r32_gauge_fixed,3.9178801192856763,27.07168053935176,5,0,0.0
ql-ROM-style within a fixed POD space,1248,70.3146353337,1040,15,2369.85791015625,common_POD_r32_gauge_fixed,4.167043153656936,27.61119564606324,5,0,0.0
ql-ROM-style within a fixed POD space,1248,70.3146353337,1040,16,2382.330810546875,common_POD_r32_gauge_fixed,4.442430080794601,28.22379544000601,5,0,0.0
ql-ROM-style within a fixed POD space,1248,70.3146353337,1040,17,2394.8037109375,common_POD_r32_gauge_fixed,4.728485961094749,28.779408982688164,5,0,0.0
ql-ROM-style within a fixed POD space,1248,70.3146353337,1040,18,2407.27685546875,common_POD_r32_gauge_fixed,4.981505269699147,29.06406267301469,5,0,0.0
ql-ROM-style within a fixed POD space,1248,70.3146353337,1040,19,2419.749755859375,common_POD_r32_gauge_fixed,5.194285044622527,29.475151004099065,5,0,0.0
ql-ROM-style within a fixed POD space,1248,70.3146353337,1040,20,2432.22265625,common_POD_r32_gauge_fixed,5.447246973593272,29.84366810859338,5,0,0.0
ql-ROM-style within a fixed POD space,1248,70.3146353337,1040,21,2444.695556640625,common_POD_r32_gauge_fixed,5.721308760804442,30.383466037360364,5,0,0.0
ql-ROM-style within a fixed POD space,1248,70.3146353337,1040,22,2457.16845703125,common_POD_r32_gauge_fixed,5.953233420152344,30.460841787633473,5,0,0.0
ql-ROM-style within a fixed POD space,1248,70.3146353337,1040,23,2469.641357421875,common_POD_r32_gauge_fixed,6.130183982386784,30.780387479361345,5,0,0.0
ql-ROM-style within a fixed POD space,1248,70.3146353337,1040,24,2482.1142578125,common_POD_r32_gauge_fixed,6.356260711779702,31.476206413049567,5,0,0.0
ql-ROM-style within a fixed POD space,1248,70.3146353337,1040,25,2494.58740234375,common_POD_r32_gauge_fixed,6.615102590245936,32.04653714676221,5,0,0.0
ql-ROM-style within a fixed POD space,1248,70.3146353337,1040,26,2507.060302734375,common_POD_r32_gauge_fixed,6.824554624627671,32.22254921778405,5,0,0.0
ql-ROM-style within a fixed POD space,1248,70.3146353337,1040,27,2519.533203125,common_POD_r32_gauge_fixed,6.953865275353599,32.37132994451131,5,0,0.0
ql-ROM-style within a fixed POD space,1248,70.3146353337,1040,28,2532.006103515625,common_POD_r32_gauge_fixed,7.140378972712921,32.812252356969594,5,0,0.0
ql-ROM-style within a fixed POD space,1248,70.3146353337,1040,29,2544.47900390625,common_POD_r32_gauge_fixed,7.379500463639952,33.37440579902701,5,0,0.0
ql-ROM-style within a fixed POD space,1248,70.3146353337,1040,30,2556.951904296875,common_POD_r32_gauge_fixed,7.570960946012935,33.49702111957521,5,0,0.0
ql-ROM-style within a fixed POD space,1248,70.3146353337,1040,31,2569.4248046875,common_POD_r32_gauge_fixed,7.664186869478532,33.464687353578796,5,0,0.0
ql-ROM-style within a fixed POD space,1248,70.3146353337,1040,32,2581.89794921875,common_POD_r32_gauge_fixed,7.811587352445704,34.084447902141186,5,0,0.0
ql-ROM-style within a fixed POD space,1248,70.3146353337,1040,33,2594.370849609375,common_POD_r32_gauge_fixed,8.031593863861627,34.669178232690506,5,0,0.0
ql-ROM-style within a fixed POD space,1248,70.3146353337,1040,34,2606.84375,common_POD_r32_gauge_fixed,8.207068381185653,34.954212473881825,5,0,0.0
ql-ROM-style within a fixed POD space,1248,70.3146353337,1040,35,2619.316650390625,common_POD_r32_gauge_fixed,8.261334160636292,34.82542660911843,5,0,0.0
ql-ROM-style within a fixed POD space,1248,70.3146353337,1040,36,2631.78955078125,common_POD_r32_gauge_fixed,8.360952717757634,35.134220717572816,5,0,0.0
ql-ROM-style within a fixed POD space,1248,70.3146353337,1040,37,2644.262451171875,common_POD_r32_gauge_fixed,8.55826954813288,35.63152771204145,5,0,0.0
ql-ROM-style within a fixed POD space,1248,70.3146353337,1040,38,2656.7353515625,common_POD_r32_gauge_fixed,8.724920868603713,35.973135458376355,5,0,0.0
ql-ROM-style within a fixed POD space,1248,70.3146353337,1040,39,2669.20849609375,common_POD_r32_gauge_fixed,8.757358644444942,35.71728111105036,5,0,0.0
ql-ROM-style within a fixed POD space,1248,70.3146353337,1040,40,2681.681396484375,common_POD_r32_gauge_fixed,8.814980492502125,36.08107178012233,5,0,0.0
ql-ROM-style within a fixed POD space,1248,70.3146353337,1040,41,2694.154296875,common_POD_r32_gauge_fixed,8.993473584340386,36.57534433475917,5,0,0.0
ql-ROM-style within a fixed POD space,1248,70.3146353337,1040,42,2706.627197265625,common_POD_r32_gauge_fixed,9.153052870375351,37.0643579635826,5,0,0.0
ql-ROM-style within a fixed POD space,1248,70.3146353337,1040,43,2719.10009765625,common_POD_r32_gauge_fixed,9.169372885653745,36.81709857529744,5,0,0.0
ql-ROM-style within a fixed POD space,1248,70.3146353337,1040,44,2731.572998046875,common_POD_r32_gauge_fixed,9.183067767288646,36.83122601539793,5,0,0.0
ql-ROM-style within a fixed POD space,1248,70.3146353337,1040,45,2744.046142578125,common_POD_r32_gauge_fixed,9.34097270921977,37.242555833315635,5,0,0.0
ql-ROM-style within a fixed POD space,1248,70.3146353337,1040,46,2756.51904296875,common_POD_r32_gauge_fixed,9.499941996846278,37.73338012749839,5,0,0.0
ql-ROM-style within a fixed POD space,1248,70.3146353337,1040,47,2768.991943359375,common_POD_r32_gauge_fixed,9.513937840884838,37.44819794557004,5,0,0.0
ql-ROM-style within a fixed POD space,1248,70.3146353337,1040,48,2781.46484375,common_POD_r32_gauge_fixed,9.48895128201395,37.416437415153695,5,0,0.0
ql-ROM-style within a fixed POD space,1248,70.3146353337,1056,1,2394.8037109375,common_POD_r32_gauge_fixed,0.32689479515115594,24.215275392134497,5,0,0.0
ql-ROM-style within a fixed POD space,1248,70.3146353337,1056,2,2407.27685546875,common_POD_r32_gauge_fixed,0.5728306736673164,24.263463104207425,5,0,0.0
ql-ROM-style within a fixed POD space,1248,70.3146353337,1056,3,2419.749755859375,common_POD_r32_gauge_fixed,0.8670127563675076,24.558198379658116,5,0,0.0
ql-ROM-style within a fixed POD space,1248,70.3146353337,1056,4,2432.22265625,common_POD_r32_gauge_fixed,1.155849654660947,24.701013465513512,5,0,0.0
ql-ROM-style within a fixed POD space,1248,70.3146353337,1056,5,2444.695556640625,common_POD_r32_gauge_fixed,1.4459665423855417,24.68603731791151,5,0,0.0
ql-ROM-style within a fixed POD space,1248,70.3146353337,1056,6,2457.16845703125,common_POD_r32_gauge_fixed,1.7302026854674197,24.99763383566268,5,0,0.0
ql-ROM-style within a fixed POD space,1248,70.3146353337,1056,7,2469.641357421875,common_POD_r32_gauge_fixed,2.0280325564496904,25.00538041486357,5,0,0.0
ql-ROM-style within a fixed POD space,1248,70.3146353337,1056,8,2482.1142578125,common_POD_r32_gauge_fixed,2.3212977021563566,25.405073103933972,5,0,0.0
ql-ROM-style within a fixed POD space,1248,70.3146353337,1056,9,2494.58740234375,common_POD_r32_gauge_fixed,2.6187578406135983,25.880083866651816,5,0,0.0
ql-ROM-style within a fixed POD space,1248,70.3146353337,1056,10,2507.060302734375,common_POD_r32_gauge_fixed,2.911908384622008,26.357785696669016,5,0,0.0
ql-ROM-style within a fixed POD space,1248,70.3146353337,1056,11,2519.533203125,common_POD_r32_gauge_fixed,3.198556623698677,26.685285620141467,5,0,0.0
ql-ROM-style within a fixed POD space,1248,70.3146353337,1056,12,2532.006103515625,common_POD_r32_gauge_fixed,3.4750914901749406,27.013768318830856,5,0,0.0
ql-ROM-style within a fixed POD space,1248,70.3146353337,1056,13,2544.47900390625,common_POD_r32_gauge_fixed,3.76745260821185,27.310682102697893,5,0,0.0
ql-ROM-style within a fixed POD space,1248,70.3146353337,1056,14,2556.951904296875,common_POD_r32_gauge_fixed,4.0608090193859985,27.815287978852123,5,0,0.0
ql-ROM-style within a fixed POD space,1248,70.3146353337,1056,15,2569.4248046875,common_POD_r32_gauge_fixed,4.336178337784782,27.928141423447013,5,0,0.0
ql-ROM-style within a fixed POD space,1248,70.3146353337,1056,16,2581.89794921875,common_POD_r32_gauge_fixed,4.594586762353659,28.557820047874426,5,0,0.0
ql-ROM-style within a fixed POD space,1248,70.3146353337,1056,17,2594.370849609375,common_POD_r32_gauge_fixed,4.882658557254233,29.196781689186206,5,0,0.0
ql-ROM-style within a fixed POD space,1248,70.3146353337,1056,18,2606.84375,common_POD_r32_gauge_fixed,5.169195328550186,29.730760608960416,5,0,0.0
ql-ROM-style within a fixed POD space,1248,70.3146353337,1056,19,2619.316650390625,common_POD_r32_gauge_fixed,5.41251725522915,29.986246623791878,5,0,0.0
ql-ROM-style within a fixed POD space,1248,70.3146353337,1056,20,2631.78955078125,common_POD_r32_gauge_fixed,5.631649054367752,30.373973281622867,5,0,0.0
ql-ROM-style within a fixed POD space,1248,70.3146353337,1056,21,2644.262451171875,common_POD_r32_gauge_fixed,5.895764978207233,30.78531447738509,5,0,0.0
ql-ROM-style within a fixed POD space,1248,70.3146353337,1056,22,2656.7353515625,common_POD_r32_gauge_fixed,6.168260716451561,31.35539602188267,5,0,0.0
ql-ROM-style within a fixed POD space,1248,70.3146353337,1056,23,2669.20849609375,common_POD_r32_gauge_fixed,6.38455681737634,31.34130473140393,5,0,0.0
ql-ROM-style within a fixed POD space,1248,70.3146353337,1056,24,2681.681396484375,common_POD_r32_gauge_fixed,6.565379488606171,31.802526308744966,5,0,0.0
ql-ROM-style within a fixed POD space,1248,70.3146353337,1056,25,2694.154296875,common_POD_r32_gauge_fixed,6.807596538361837,32.45380971874983,5,0,0.0
ql-ROM-style within a fixed POD space,1248,70.3146353337,1056,26,2706.627197265625,common_POD_r32_gauge_fixed,7.064835381734702,33.05374545233716,5,0,0.0
ql-ROM-style within a fixed POD space,1248,70.3146353337,1056,27,2719.10009765625,common_POD_r32_gauge_fixed,7.250544405980669,33.117307419067124,5,0,0.0
ql-ROM-style within a fixed POD space,1248,70.3146353337,1056,28,2731.572998046875,common_POD_r32_gauge_fixed,7.38318508477592,33.329722069970195,5,0,0.0
ql-ROM-style within a fixed POD space,1248,70.3146353337,1056,29,2744.046142578125,common_POD_r32_gauge_fixed,7.594848085101488,33.822994171762026,5,0,0.0
ql-ROM-style within a fixed POD space,1248,70.3146353337,1056,30,2756.51904296875,common_POD_r32_gauge_fixed,7.835501986491611,34.436884070915895,5,0,0.0
ql-ROM-style within a fixed POD space,1248,70.3146353337,1056,31,2768.991943359375,common_POD_r32_gauge_fixed,7.997999287049631,34.37846967009611,5,0,0.0
ql-ROM-style within a fixed POD space,1248,70.3146353337,1056,32,2781.46484375,common_POD_r32_gauge_fixed,8.084654671752842,34.5089675102462,5,0,0.0
ql-ROM-style within a fixed POD space,1248,70.3146353337,1056,33,2793.937744140625,common_POD_r32_gauge_fixed,8.264235732222296,35.15962601379086,5,0,0.0
ql-ROM-style within a fixed POD space,1248,70.3146353337,1056,34,2806.41064453125,common_POD_r32_gauge_fixed,8.48856389628537,35.785639268319635,5,0,0.0
ql-ROM-style within a fixed POD space,1248,70.3146353337,1056,35,2818.883544921875,common_POD_r32_gauge_fixed,8.631963941158508,35.904156230713696,5,0,0.0
ql-ROM-style within a fixed POD space,1248,70.3146353337,1056,36,2831.356689453125,common_POD_r32_gauge_fixed,8.67333769646872,35.80465213173319,5,0,0.0
ql-ROM-style within a fixed POD space,1248,70.3146353337,1056,37,2843.82958984375,common_POD_r32_gauge_fixed,8.81313914925065,36.201832446870725,5,0,0.0
ql-ROM-style within a fixed POD space,1248,70.3146353337,1056,38,2856.302490234375,common_POD_r32_gauge_fixed,9.022281580779678,36.82289355445308,5,0,0.0
ql-ROM-style within a fixed POD space,1248,70.3146353337,1056,39,2868.775390625,common_POD_r32_gauge_fixed,9.156939571293353,36.960820110936474,5,0,0.0
ql-ROM-style within a fixed POD space,1248,70.3146353337,1056,40,2881.248291015625,common_POD_r32_gauge_fixed,9.169373428720553,36.768865458257366,5,0,0.0
ql-ROM-style within a fixed POD space,1248,70.3146353337,1056,41,2893.72119140625,common_POD_r32_gauge_fixed,9.271770678595734,37.24083966866642,5,0,0.0
ql-ROM-style within a fixed POD space,1248,70.3146353337,1056,42,2906.194091796875,common_POD_r32_gauge_fixed,9.467845704842544,37.8317272249208,5,0,0.0
ql-ROM-style within a fixed POD space,1248,70.3146353337,1056,43,2918.667236328125,common_POD_r32_gauge_fixed,9.598772170326207,38.16225640604321,5,0,0.0
ql-ROM-style within a fixed POD space,1248,70.3146353337,1056,44,2931.14013671875,common_POD_r32_gauge_fixed,9.586360904321376,37.80814532724683,5,0,0.0
ql-ROM-style within a fixed POD space,1248,70.3146353337,1056,45,2943.613037109375,common_POD_r32_gauge_fixed,9.647276619588034,37.97225786272501,5,0,0.0
ql-ROM-style within a fixed POD space,1248,70.3146353337,1056,46,2956.0859375,common_POD_r32_gauge_fixed,9.828806726491251,38.4861594363422,5,0,0.0
ql-ROM-style within a fixed POD space,1248,70.3146353337,1056,47,2968.558837890625,common_POD_r32_gauge_fixed,9.964107866039251,38.894519375000414,5,0,0.0
ql-ROM-style within a fixed POD space,1248,70.3146353337,1056,48,2981.03173828125,common_POD_r32_gauge_fixed,9.942141248029401,38.487344228461325,5,0,0.0
ql-ROM-style within a fixed POD space,1248,70.3146353337,1072,1,2594.370849609375,common_POD_r32_gauge_fixed,0.32379806963645796,24.527478822943813,5,0,0.0
ql-ROM-style within a fixed POD space,1248,70.3146353337,1072,2,2606.84375,common_POD_r32_gauge_fixed,0.5980943683579687,24.41851069181462,5,0,0.0
ql-ROM-style within a fixed POD space,1248,70.3146353337,1072,3,2619.316650390625,common_POD_r32_gauge_fixed,0.8605686639749118,24.544379857991363,5,0,0.0
ql-ROM-style within a fixed POD space,1248,70.3146353337,1072,4,2631.78955078125,common_POD_r32_gauge_fixed,1.1606046729254318,24.81570947194039,5,0,0.0
ql-ROM-style within a fixed POD space,1248,70.3146353337,1072,5,2644.262451171875,common_POD_r32_gauge_fixed,1.4533595293895087,24.837633288571485,5,0,0.0
ql-ROM-style within a fixed POD space,1248,70.3146353337,1072,6,2656.7353515625,common_POD_r32_gauge_fixed,1.745188639918984,25.045019491015765,5,0,0.0
ql-ROM-style within a fixed POD space,1248,70.3146353337,1072,7,2669.20849609375,common_POD_r32_gauge_fixed,2.034461593914635,25.311215619725203,5,0,0.0
ql-ROM-style within a fixed POD space,1248,70.3146353337,1072,8,2681.681396484375,common_POD_r32_gauge_fixed,2.332248706013414,25.39366094621806,5,0,0.0
ql-ROM-style within a fixed POD space,1248,70.3146353337,1072,9,2694.154296875,common_POD_r32_gauge_fixed,2.6227418093137524,25.820316271880362,5,0,0.0
ql-ROM-style within a fixed POD space,1248,70.3146353337,1072,10,2706.627197265625,common_POD_r32_gauge_fixed,2.92176600131219,26.372179508580206,5,0,0.0
ql-ROM-style within a fixed POD space,1248,70.3146353337,1072,11,2719.10009765625,common_POD_r32_gauge_fixed,3.2163385774389512,26.79062347838813,5,0,0.0
ql-ROM-style within a fixed POD space,1248,70.3146353337,1072,12,2731.572998046875,common_POD_r32_gauge_fixed,3.5008462312776114,27.157009800944792,5,0,0.0
ql-ROM-style within a fixed POD space,1248,70.3146353337,1072,13,2744.046142578125,common_POD_r32_gauge_fixed,3.782015165154556,27.449818836963548,5,0,0.0
ql-ROM-style within a fixed POD space,1248,70.3146353337,1072,14,2756.51904296875,common_POD_r32_gauge_fixed,4.077575518220939,27.90193936333005,5,0,0.0
ql-ROM-style within a fixed POD space,1248,70.3146353337,1072,15,2768.991943359375,common_POD_r32_gauge_fixed,4.368359440292091,28.2820177595655,5,0,0.0
ql-ROM-style within a fixed POD space,1248,70.3146353337,1072,16,2781.46484375,common_POD_r32_gauge_fixed,4.62989033901615,28.45969815589215,5,0,0.0
ql-ROM-style within a fixed POD space,1248,70.3146353337,1072,17,2793.937744140625,common_POD_r32_gauge_fixed,4.893531489226042,29.143697350984805,5,0,0.0
ql-ROM-style within a fixed POD space,1248,70.3146353337,1072,18,2806.41064453125,common_POD_r32_gauge_fixed,5.184523163889191,29.79708201724601,5,0,0.0
ql-ROM-style within a fixed POD space,1248,70.3146353337,1072,19,2818.883544921875,common_POD_r32_gauge_fixed,5.460633058518688,30.23667967322717,5,0,0.0
ql-ROM-style within a fixed POD space,1248,70.3146353337,1072,20,2831.356689453125,common_POD_r32_gauge_fixed,5.683843320377853,30.475173109414204,5,0,0.0
ql-ROM-style within a fixed POD space,1248,70.3146353337,1072,21,2843.82958984375,common_POD_r32_gauge_fixed,5.909363164104814,30.8561805462573,5,0,0.0
ql-ROM-style within a fixed POD space,1248,70.3146353337,1072,22,2856.302490234375,common_POD_r32_gauge_fixed,6.179315930572957,31.374479696009427,5,0,0.0
ql-ROM-style within a fixed POD space,1248,70.3146353337,1072,23,2868.775390625,common_POD_r32_gauge_fixed,6.4389750656582105,31.800801629234776,5,0,0.0
ql-ROM-style within a fixed POD space,1248,70.3146353337,1072,24,2881.248291015625,common_POD_r32_gauge_fixed,6.630579567268255,31.775711074287095,5,0,0.0
ql-ROM-style within a fixed POD space,1248,70.3146353337,1072,25,2893.72119140625,common_POD_r32_gauge_fixed,6.819604359146806,32.36626509876668,5,0,0.0
ql-ROM-style within a fixed POD space,1248,70.3146353337,1072,26,2906.194091796875,common_POD_r32_gauge_fixed,7.07132556237437,33.03705134796212,5,0,0.0
ql-ROM-style within a fixed POD space,1248,70.3146353337,1072,27,2918.667236328125,common_POD_r32_gauge_fixed,7.31488664731596,33.512873454278576,5,0,0.0
ql-ROM-style within a fixed POD space,1248,70.3146353337,1072,28,2931.14013671875,common_POD_r32_gauge_fixed,7.469276864973957,33.49530713891743,5,0,0.0
ql-ROM-style within a fixed POD space,1248,70.3146353337,1072,29,2943.613037109375,common_POD_r32_gauge_fixed,7.610289910081598,33.79314238506277,5,0,0.0
ql-ROM-style within a fixed POD space,1248,70.3146353337,1072,30,2956.0859375,common_POD_r32_gauge_fixed,7.833962083835357,34.316727992904575,5,0,0.0
ql-ROM-style within a fixed POD space,1248,70.3146353337,1072,31,2968.558837890625,common_POD_r32_gauge_fixed,8.062612443419107,34.868366951828065,5,0,0.0
ql-ROM-style within a fixed POD space,1248,70.3146353337,1072,32,2981.03173828125,common_POD_r32_gauge_fixed,8.189187570730141,34.68834081516112,5,0,0.0
ql-ROM-style within a fixed POD space,1248,70.3146353337,1072,33,2993.504638671875,common_POD_r32_gauge_fixed,8.285110472872514,35.02911181150014,5,0,0.0
ql-ROM-style within a fixed POD space,1248,70.3146353337,1072,34,3005.977783203125,common_POD_r32_gauge_fixed,8.487289624019619,35.681040309263324,5,0,0.0
ql-ROM-style within a fixed POD space,1248,70.3146353337,1072,35,3018.45068359375,common_POD_r32_gauge_fixed,8.701603155671826,36.26208937246962,5,0,0.0
ql-ROM-style within a fixed POD space,1248,70.3146353337,1072,36,3030.923583984375,common_POD_r32_gauge_fixed,8.804314567987893,36.20379413876286,5,0,0.0
ql-ROM-style within a fixed POD space,1248,70.3146353337,1072,37,3043.396484375,common_POD_r32_gauge_fixed,8.84884279205105,36.21660711940477,5,0,0.0
ql-ROM-style within a fixed POD space,1248,70.3146353337,1072,38,3055.869384765625,common_POD_r32_gauge_fixed,9.019818724731882,36.69126185989043,5,0,0.0
ql-ROM-style within a fixed POD space,1248,70.3146353337,1072,39,3068.34228515625,common_POD_r32_gauge_fixed,9.224548648935752,37.3192789651957,5,0,0.0
ql-ROM-style within a fixed POD space,1248,70.3146353337,1072,40,3080.8154296875,common_POD_r32_gauge_fixed,9.31682195477531,37.22925435025359,5,0,0.0
ql-ROM-style within a fixed POD space,1248,70.3146353337,1072,41,3093.288330078125,common_POD_r32_gauge_fixed,9.32642877390426,37.20099832642602,5,0,0.0
ql-ROM-style within a fixed POD space,1248,70.3146353337,1072,42,3105.76123046875,common_POD_r32_gauge_fixed,9.467728272736558,37.72832839948203,5,0,0.0
ql-ROM-style within a fixed POD space,1248,70.3146353337,1072,43,3118.234130859375,common_POD_r32_gauge_fixed,9.663082668201927,38.359178393949584,5,0,0.0
ql-ROM-style within a fixed POD space,1248,70.3146353337,1072,44,3130.70703125,common_POD_r32_gauge_fixed,9.751723129442476,38.44640954033775,5,0,0.0
ql-ROM-style within a fixed POD space,1248,70.3146353337,1072,45,3143.179931640625,common_POD_r32_gauge_fixed,9.72813249204712,38.12649862202718,5,0,0.0
ql-ROM-style within a fixed POD space,1248,70.3146353337,1072,46,3155.65283203125,common_POD_r32_gauge_fixed,9.83411992120188,38.41822782207721,5,0,0.0
ql-ROM-style within a fixed POD space,1248,70.3146353337,1072,47,3168.1259765625,common_POD_r32_gauge_fixed,10.022072962818042,39.038898945443535,5,0,0.0
ql-ROM-style within a fixed POD space,1248,70.3146353337,1072,48,3180.598876953125,common_POD_r32_gauge_fixed,10.116724673169465,39.18059576405316,5,0,0.0
ql-ROM-style within a fixed POD space,1600,100.352251335,3874,1,876.6906127929688,common_POD_r32_gauge_fixed,0.6167586348596986,20.561709653564822,5,0,0.0
ql-ROM-style within a fixed POD space,1600,100.352251335,3874,2,884.5181884765625,common_POD_r32_gauge_fixed,0.8099061450856591,20.51926667693186,5,0,0.0
ql-ROM-style within a fixed POD space,1600,100.352251335,3874,3,892.3457641601562,common_POD_r32_gauge_fixed,0.8880954133081768,19.978227338977995,5,0,0.0
ql-ROM-style within a fixed POD space,1600,100.352251335,3874,4,900.1734008789062,common_POD_r32_gauge_fixed,0.9879684990889634,19.756327484736012,5,0,0.0
ql-ROM-style within a fixed POD space,1600,100.352251335,3874,5,908.0009765625,common_POD_r32_gauge_fixed,1.1014222892668952,20.277317534612436,5,0,0.0
ql-ROM-style within a fixed POD space,1600,100.352251335,3874,6,915.8285522460938,common_POD_r32_gauge_fixed,1.2296737898077166,20.92539411800617,5,0,0.0
ql-ROM-style within a fixed POD space,1600,100.352251335,3874,7,923.6561889648438,common_POD_r32_gauge_fixed,1.364859009230635,20.908603272354423,5,0,0.0
ql-ROM-style within a fixed POD space,1600,100.352251335,3874,8,931.4837646484375,common_POD_r32_gauge_fixed,1.5080297391079858,20.68271615502356,5,0,0.0
ql-ROM-style within a fixed POD space,1600,100.352251335,3874,9,939.3113403320312,common_POD_r32_gauge_fixed,1.6698670113278091,21.423072274226733,5,0,0.0
ql-ROM-style within a fixed POD space,1600,100.352251335,3874,10,947.1389770507812,common_POD_r32_gauge_fixed,1.8555492431354805,22.299253994265484,5,0,0.0
ql-ROM-style within a fixed POD space,1600,100.352251335,3874,11,954.966552734375,common_POD_r32_gauge_fixed,1.9911393778369515,21.967217062310283,5,0,0.0
ql-ROM-style within a fixed POD space,1600,100.352251335,3874,12,962.7941284179688,common_POD_r32_gauge_fixed,2.154590764695772,21.668277028794005,5,0,0.0
ql-ROM-style within a fixed POD space,1600,100.352251335,3874,13,970.6217651367188,common_POD_r32_gauge_fixed,2.3296905589281494,22.434848666395872,5,0,0.0
ql-ROM-style within a fixed POD space,1600,100.352251335,3874,14,978.4493408203125,common_POD_r32_gauge_fixed,2.510650378659607,23.12845377889391,5,0,0.0
ql-ROM-style within a fixed POD space,1600,100.352251335,3874,15,986.2769165039062,common_POD_r32_gauge_fixed,2.6791040958566588,23.018303768183657,5,0,0.0
ql-ROM-style within a fixed POD space,1600,100.352251335,3874,16,994.1044921875,common_POD_r32_gauge_fixed,2.8625066998878856,22.467143242079974,5,0,0.0
ql-ROM-style within a fixed POD space,1600,100.352251335,3874,17,1001.93212890625,common_POD_r32_gauge_fixed,3.049509136064198,23.31659695864082,5,0,0.0
ql-ROM-style within a fixed POD space,1600,100.352251335,3874,18,1009.7597045898438,common_POD_r32_gauge_fixed,3.244660461479745,24.543730807594763,5,0,0.0
ql-ROM-style within a fixed POD space,1600,100.352251335,3874,19,1017.5872802734375,common_POD_r32_gauge_fixed,3.439517465485221,24.11537693404033,5,0,0.0
ql-ROM-style within a fixed POD space,1600,100.352251335,3874,20,1025.4149169921875,common_POD_r32_gauge_fixed,3.643869296440474,23.974297557913385,5,0,0.0
ql-ROM-style within a fixed POD space,1600,100.352251335,3874,21,1033.2425537109375,common_POD_r32_gauge_fixed,3.8399971775331476,25.02134823717318,5,0,0.0
ql-ROM-style within a fixed POD space,1600,100.352251335,3874,22,1041.070068359375,common_POD_r32_gauge_fixed,4.045313787069333,25.83239383848018,5,0,0.0
ql-ROM-style within a fixed POD space,1600,100.352251335,3874,23,1048.897705078125,common_POD_r32_gauge_fixed,4.268848805641717,25.802395780967508,5,0,0.0
ql-ROM-style within a fixed POD space,1600,100.352251335,3874,24,1056.7252197265625,common_POD_r32_gauge_fixed,4.4951390265406665,25.964549191786045,5,0,0.0
ql-ROM-style within a fixed POD space,1600,100.352251335,3874,25,1064.5528564453125,common_POD_r32_gauge_fixed,4.688167032977111,26.826121942073172,5,0,0.0
ql-ROM-style within a fixed POD space,1600,100.352251335,3874,26,1072.3804931640625,common_POD_r32_gauge_fixed,4.900101299367561,27.447519121860942,5,0,0.0
ql-ROM-style within a fixed POD space,1600,100.352251335,3874,27,1080.2080078125,common_POD_r32_gauge_fixed,5.125966355009356,27.11916829967167,5,0,0.0
ql-ROM-style within a fixed POD space,1600,100.352251335,3874,28,1088.03564453125,common_POD_r32_gauge_fixed,5.334873956792005,27.996775602950507,5,0,0.0
ql-ROM-style within a fixed POD space,1600,100.352251335,3874,29,1095.86328125,common_POD_r32_gauge_fixed,5.513603630391175,28.979839961778385,5,0,0.0
ql-ROM-style within a fixed POD space,1600,100.352251335,3874,30,1103.6907958984375,common_POD_r32_gauge_fixed,5.711791430052044,29.293738667494214,5,0,0.0
ql-ROM-style within a fixed POD space,1600,100.352251335,3874,31,1111.5184326171875,common_POD_r32_gauge_fixed,5.940214794383249,29.54969333370798,5,0,0.0
ql-ROM-style within a fixed POD space,1600,100.352251335,3874,32,1119.3460693359375,common_POD_r32_gauge_fixed,6.152311173357681,30.628099824393917,5,0,0.0
ql-ROM-style within a fixed POD space,1600,100.352251335,3874,33,1127.173583984375,common_POD_r32_gauge_fixed,6.304849718505438,31.0534220283516,5,0,0.0
ql-ROM-style within a fixed POD space,1600,100.352251335,3874,34,1135.001220703125,common_POD_r32_gauge_fixed,6.4884927260233605,30.674918210369157,5,0,0.0
ql-ROM-style within a fixed POD space,1600,100.352251335,3874,35,1142.828857421875,common_POD_r32_gauge_fixed,6.6907397013846435,30.191250211071274,5,0,0.0
ql-ROM-style within a fixed POD space,1600,100.352251335,3874,36,1150.6563720703125,common_POD_r32_gauge_fixed,6.856528231811578,31.33932901457004,5,0,0.0
ql-ROM-style within a fixed POD space,1600,100.352251335,3874,37,1158.4840087890625,common_POD_r32_gauge_fixed,6.997902970561815,32.196277088160954,5,0,0.0
ql-ROM-style within a fixed POD space,1600,100.352251335,3874,38,1166.3116455078125,common_POD_r32_gauge_fixed,7.169721880706178,32.284059396680654,5,0,0.0
ql-ROM-style within a fixed POD space,1600,100.352251335,3874,39,1174.13916015625,common_POD_r32_gauge_fixed,7.37338587805578,32.689983310673924,5,0,0.0
ql-ROM-style within a fixed POD space,1600,100.352251335,3874,40,1181.966796875,common_POD_r32_gauge_fixed,7.550132976538627,33.83900405901502,5,0,0.0
ql-ROM-style within a fixed POD space,1600,100.352251335,3874,41,1189.79443359375,common_POD_r32_gauge_fixed,7.674621269207211,34.04476222505677,5,0,0.0
ql-ROM-style within a fixed POD space,1600,100.352251335,3874,42,1197.6219482421875,common_POD_r32_gauge_fixed,7.8391374091023565,33.346295512854276,5,0,0.0
ql-ROM-style within a fixed POD space,1600,100.352251335,3874,43,1205.4495849609375,common_POD_r32_gauge_fixed,8.026834963931762,32.83709521600515,5,0,0.0
ql-ROM-style within a fixed POD space,1600,100.352251335,3874,44,1213.2772216796875,common_POD_r32_gauge_fixed,8.164151802601822,33.94884999079174,5,0,0.0
ql-ROM-style within a fixed POD space,1600,100.352251335,3874,45,1221.104736328125,common_POD_r32_gauge_fixed,8.277286422250265,34.77758497440774,5,0,0.0
ql-ROM-style within a fixed POD space,1600,100.352251335,3874,46,1228.932373046875,common_POD_r32_gauge_fixed,8.42855533710664,34.84446584697338,5,0,0.0
ql-ROM-style within a fixed POD space,1600,100.352251335,3874,47,1236.760009765625,common_POD_r32_gauge_fixed,8.613830625287608,35.381316142168416,5,0,0.0
ql-ROM-style within a fixed POD space,1600,100.352251335,3874,48,1244.5875244140625,common_POD_r32_gauge_fixed,8.760139633696339,36.56662739207168,5,0,0.0
ql-ROM-style within a fixed POD space,1600,100.352251335,3882,1,939.3113403320312,common_POD_r32_gauge_fixed,0.47133489112715377,20.45177336580618,5,0,0.0
ql-ROM-style within a fixed POD space,1600,100.352251335,3882,2,947.1389770507812,common_POD_r32_gauge_fixed,0.6628192034569178,20.789503454867127,5,0,0.0
ql-ROM-style within a fixed POD space,1600,100.352251335,3882,3,954.966552734375,common_POD_r32_gauge_fixed,0.7833470015707966,20.56641311902263,5,0,0.0
ql-ROM-style within a fixed POD space,1600,100.352251335,3882,4,962.7941284179688,common_POD_r32_gauge_fixed,0.9334865939387886,20.176966768729613,5,0,0.0
ql-ROM-style within a fixed POD space,1600,100.352251335,3882,5,970.6217651367188,common_POD_r32_gauge_fixed,1.1100401129372681,20.52846703795635,5,0,0.0
ql-ROM-style within a fixed POD space,1600,100.352251335,3882,6,978.4493408203125,common_POD_r32_gauge_fixed,1.283552337435398,21.318675841403515,5,0,0.0
ql-ROM-style within a fixed POD space,1600,100.352251335,3882,7,986.2769165039062,common_POD_r32_gauge_fixed,1.4646930614690155,21.633103320799147,5,0,0.0
ql-ROM-style within a fixed POD space,1600,100.352251335,3882,8,994.1044921875,common_POD_r32_gauge_fixed,1.6638321237124554,21.490080927011228,5,0,0.0
ql-ROM-style within a fixed POD space,1600,100.352251335,3882,9,1001.93212890625,common_POD_r32_gauge_fixed,1.8574770931062154,22.049852779581496,5,0,0.0
ql-ROM-style within a fixed POD space,1600,100.352251335,3882,10,1009.7597045898438,common_POD_r32_gauge_fixed,2.0756886690734584,23.017896477202466,5,0,0.0
ql-ROM-style within a fixed POD space,1600,100.352251335,3882,11,1017.5872802734375,common_POD_r32_gauge_fixed,2.2804635272154967,22.91967579723557,5,0,0.0
ql-ROM-style within a fixed POD space,1600,100.352251335,3882,12,1025.4149169921875,common_POD_r32_gauge_fixed,2.516099432760579,22.817321461942118,5,0,0.0
ql-ROM-style within a fixed POD space,1600,100.352251335,3882,13,1033.2425537109375,common_POD_r32_gauge_fixed,2.757982474035504,23.61021741138753,5,0,0.0
ql-ROM-style within a fixed POD space,1600,100.352251335,3882,14,1041.070068359375,common_POD_r32_gauge_fixed,3.007211513225495,24.27899673154861,5,0,0.0
ql-ROM-style within a fixed POD space,1600,100.352251335,3882,15,1048.897705078125,common_POD_r32_gauge_fixed,3.26706439782012,24.180137575542066,5,0,0.0
ql-ROM-style within a fixed POD space,1600,100.352251335,3882,16,1056.7252197265625,common_POD_r32_gauge_fixed,3.551928430670332,23.97671070131579,5,0,0.0
ql-ROM-style within a fixed POD space,1600,100.352251335,3882,17,1064.5528564453125,common_POD_r32_gauge_fixed,3.8375149172408785,25.103783693492172,5,0,0.0
ql-ROM-style within a fixed POD space,1600,100.352251335,3882,18,1072.3804931640625,common_POD_r32_gauge_fixed,4.128046304744922,26.427150408163563,5,0,0.0
ql-ROM-style within a fixed POD space,1600,100.352251335,3882,19,1080.2080078125,common_POD_r32_gauge_fixed,4.442484346130851,26.051687057629636,5,0,0.0
ql-ROM-style within a fixed POD space,1600,100.352251335,3882,20,1088.03564453125,common_POD_r32_gauge_fixed,4.774265251199228,26.681129605700203,5,0,0.0
ql-ROM-style within a fixed POD space,1600,100.352251335,3882,21,1095.86328125,common_POD_r32_gauge_fixed,5.09204241754165,28.071362253828557,5,0,0.0
ql-ROM-style within a fixed POD space,1600,100.352251335,3882,22,1103.6907958984375,common_POD_r32_gauge_fixed,5.423090356702961,28.84152609589743,5,0,0.0
ql-ROM-style within a fixed POD space,1600,100.352251335,3882,23,1111.5184326171875,common_POD_r32_gauge_fixed,5.791946113333596,28.916364049406095,5,0,0.0
ql-ROM-style within a fixed POD space,1600,100.352251335,3882,24,1119.3460693359375,common_POD_r32_gauge_fixed,6.162604523952033,30.279814438355366,5,0,0.0
ql-ROM-style within a fixed POD space,1600,100.352251335,3882,25,1127.173583984375,common_POD_r32_gauge_fixed,6.490165564665721,31.727721379683448,5,0,0.0
ql-ROM-style within a fixed POD space,1600,100.352251335,3882,26,1135.001220703125,common_POD_r32_gauge_fixed,6.839265595800841,31.96791079803083,5,0,0.0
ql-ROM-style within a fixed POD space,1600,100.352251335,3882,27,1142.828857421875,common_POD_r32_gauge_fixed,7.220001287276016,31.710782678993336,5,0,0.0
ql-ROM-style within a fixed POD space,1600,100.352251335,3882,28,1150.6563720703125,common_POD_r32_gauge_fixed,7.567854147367077,33.782826020682286,5,0,0.0
ql-ROM-style within a fixed POD space,1600,100.352251335,3882,29,1158.4840087890625,common_POD_r32_gauge_fixed,7.8683437147102255,35.12991371845885,5,0,0.0
ql-ROM-style within a fixed POD space,1600,100.352251335,3882,30,1166.3116455078125,common_POD_r32_gauge_fixed,8.206015262969267,34.97823676870945,5,0,0.0
ql-ROM-style within a fixed POD space,1600,100.352251335,3882,31,1174.13916015625,common_POD_r32_gauge_fixed,8.592736300030271,35.64157550599128,5,0,0.0
ql-ROM-style within a fixed POD space,1600,100.352251335,3882,32,1181.966796875,common_POD_r32_gauge_fixed,8.943361192121435,38.243169262782075,5,0,0.0
ql-ROM-style within a fixed POD space,1600,100.352251335,3882,33,1189.79443359375,common_POD_r32_gauge_fixed,9.218700826155894,39.09903021251259,5,0,0.0
ql-ROM-style within a fixed POD space,1600,100.352251335,3882,34,1197.6219482421875,common_POD_r32_gauge_fixed,9.543699755655373,37.85402114363491,5,0,0.0
ql-ROM-style within a fixed POD space,1600,100.352251335,3882,35,1205.4495849609375,common_POD_r32_gauge_fixed,9.91282689173385,37.85837563908887,5,0,0.0
ql-ROM-style within a fixed POD space,1600,100.352251335,3882,36,1213.2772216796875,common_POD_r32_gauge_fixed,10.219113111050085,40.405114355948655,5,0,0.0
ql-ROM-style within a fixed POD space,1600,100.352251335,3882,37,1221.104736328125,common_POD_r32_gauge_fixed,10.473492308902767,41.60354517938,5,0,0.0
ql-ROM-style within a fixed POD space,1600,100.352251335,3882,38,1228.932373046875,common_POD_r32_gauge_fixed,10.796034321785298,40.993621266782036,5,0,0.0
ql-ROM-style within a fixed POD space,1600,100.352251335,3882,39,1236.760009765625,common_POD_r32_gauge_fixed,11.178345948284878,42.305481582916634,5,0,0.0
ql-ROM-style within a fixed POD space,1600,100.352251335,3882,40,1244.5875244140625,common_POD_r32_gauge_fixed,11.497035117856543,45.27167213540172,5,0,0.0
ql-ROM-style within a fixed POD space,1600,100.352251335,3882,41,1252.4151611328125,common_POD_r32_gauge_fixed,11.738516904682143,45.59708430603867,5,0,0.0
ql-ROM-style within a fixed POD space,1600,100.352251335,3882,42,1260.2427978515625,common_POD_r32_gauge_fixed,12.057499582924258,43.71756479578498,5,0,0.0
ql-ROM-style within a fixed POD space,1600,100.352251335,3882,43,1268.0703125,common_POD_r32_gauge_fixed,12.424749187035635,44.38322048001492,5,0,0.0
ql-ROM-style within a fixed POD space,1600,100.352251335,3882,44,1275.89794921875,common_POD_r32_gauge_fixed,12.695367893071547,47.128213747649546,5,0,0.0
ql-ROM-style within a fixed POD space,1600,100.352251335,3882,45,1283.7254638671875,common_POD_r32_gauge_fixed,12.911195782646127,47.916021510343334,5,0,0.0
ql-ROM-style within a fixed POD space,1600,100.352251335,3882,46,1291.5531005859375,common_POD_r32_gauge_fixed,13.23260978657742,47.052049589036955,5,0,0.0
ql-ROM-style within a fixed POD space,1600,100.352251335,3882,47,1299.3807373046875,common_POD_r32_gauge_fixed,13.603642192886864,49.14395824978885,5,0,0.0
ql-ROM-style within a fixed POD space,1600,100.352251335,3882,48,1307.208251953125,common_POD_r32_gauge_fixed,13.868353892724144,52.105869502823175,5,0,0.0
ql-ROM-style within a fixed POD space,1600,100.352251335,3898,1,1064.5528564453125,common_POD_r32_gauge_fixed,0.4552347164110705,20.39998765664748,5,0,0.0
ql-ROM-style within a fixed POD space,1600,100.352251335,3898,2,1072.3804931640625,common_POD_r32_gauge_fixed,0.5731663411577981,20.87625761564823,5,0,0.0
ql-ROM-style within a fixed POD space,1600,100.352251335,3898,3,1080.2080078125,common_POD_r32_gauge_fixed,0.7521868860777879,21.230433403169656,5,0,0.0
ql-ROM-style within a fixed POD space,1600,100.352251335,3898,4,1088.03564453125,common_POD_r32_gauge_fixed,0.97169963662006,21.0465105784663,5,0,0.0
ql-ROM-style within a fixed POD space,1600,100.352251335,3898,5,1095.86328125,common_POD_r32_gauge_fixed,1.1718979884904936,21.392448130816256,5,0,0.0
ql-ROM-style within a fixed POD space,1600,100.352251335,3898,6,1103.6907958984375,common_POD_r32_gauge_fixed,1.3885553990397188,21.997389436520788,5,0,0.0
ql-ROM-style within a fixed POD space,1600,100.352251335,3898,7,1111.5184326171875,common_POD_r32_gauge_fixed,1.6082413859126325,22.53477537860504,5,0,0.0
ql-ROM-style within a fixed POD space,1600,100.352251335,3898,8,1119.3460693359375,common_POD_r32_gauge_fixed,1.8595628859478421,22.527454975049437,5,0,0.0
ql-ROM-style within a fixed POD space,1600,100.352251335,3898,9,1127.173583984375,common_POD_r32_gauge_fixed,2.102002500796904,23.049035439797155,5,0,0.0
ql-ROM-style within a fixed POD space,1600,100.352251335,3898,10,1135.001220703125,common_POD_r32_gauge_fixed,2.361398819400236,24.010874113687606,5,0,0.0
ql-ROM-style within a fixed POD space,1600,100.352251335,3898,11,1142.828857421875,common_POD_r32_gauge_fixed,2.6381043437269067,24.253538141897472,5,0,0.0
ql-ROM-style within a fixed POD space,1600,100.352251335,3898,12,1150.6563720703125,common_POD_r32_gauge_fixed,2.9468175505305663,24.391576001928865,5,0,0.0
ql-ROM-style within a fixed POD space,1600,100.352251335,3898,13,1158.4840087890625,common_POD_r32_gauge_fixed,3.2512582181940806,25.41081695309888,5,0,0.0
ql-ROM-style within a fixed POD space,1600,100.352251335,3898,14,1166.3116455078125,common_POD_r32_gauge_fixed,3.563170597848804,25.987321813715734,5,0,0.0
ql-ROM-style within a fixed POD space,1600,100.352251335,3898,15,1174.13916015625,common_POD_r32_gauge_fixed,3.904638477708397,25.953238013487823,5,0,0.0
ql-ROM-style within a fixed POD space,1600,100.352251335,3898,16,1181.966796875,common_POD_r32_gauge_fixed,4.27352561423909,26.13962004799328,5,0,0.0
ql-ROM-style within a fixed POD space,1600,100.352251335,3898,17,1189.79443359375,common_POD_r32_gauge_fixed,4.6389577752694375,27.58677322874338,5,0,0.0
ql-ROM-style within a fixed POD space,1600,100.352251335,3898,18,1197.6219482421875,common_POD_r32_gauge_fixed,5.007890416939493,28.99385748410031,5,0,0.0
ql-ROM-style within a fixed POD space,1600,100.352251335,3898,19,1205.4495849609375,common_POD_r32_gauge_fixed,5.415453219322506,28.7837701735884,5,0,0.0
ql-ROM-style within a fixed POD space,1600,100.352251335,3898,20,1213.2772216796875,common_POD_r32_gauge_fixed,5.8416251858078745,30.005003945651925,5,0,0.0
ql-ROM-style within a fixed POD space,1600,100.352251335,3898,21,1221.104736328125,common_POD_r32_gauge_fixed,6.243429876792789,31.790876842370213,5,0,0.0
ql-ROM-style within a fixed POD space,1600,100.352251335,3898,22,1228.932373046875,common_POD_r32_gauge_fixed,6.656429678759536,32.4898794634447,5,0,0.0
ql-ROM-style within a fixed POD space,1600,100.352251335,3898,23,1236.760009765625,common_POD_r32_gauge_fixed,7.1221374910033886,32.60611220455723,5,0,0.0
ql-ROM-style within a fixed POD space,1600,100.352251335,3898,24,1244.5875244140625,common_POD_r32_gauge_fixed,7.586060359358172,34.814544318703064,5,0,0.0
ql-ROM-style within a fixed POD space,1600,100.352251335,3898,25,1252.4151611328125,common_POD_r32_gauge_fixed,7.994650053301274,36.76404287540414,5,0,0.0
ql-ROM-style within a fixed POD space,1600,100.352251335,3898,26,1260.2427978515625,common_POD_r32_gauge_fixed,8.421031191144417,36.713887533277365,5,0,0.0
ql-ROM-style within a fixed POD space,1600,100.352251335,3898,27,1268.0703125,common_POD_r32_gauge_fixed,8.89787631466303,36.45349152868259,5,0,0.0
ql-ROM-style within a fixed POD space,1600,100.352251335,3898,28,1275.89794921875,common_POD_r32_gauge_fixed,9.33149619452956,39.28997261657916,5,0,0.0
ql-ROM-style within a fixed POD space,1600,100.352251335,3898,29,1283.7254638671875,common_POD_r32_gauge_fixed,9.696495057225853,40.97836219115424,5,0,0.0
ql-ROM-style within a fixed POD space,1600,100.352251335,3898,30,1291.5531005859375,common_POD_r32_gauge_fixed,10.10616909691718,40.49013504609009,5,0,0.0
ql-ROM-style within a fixed POD space,1600,100.352251335,3898,31,1299.3807373046875,common_POD_r32_gauge_fixed,10.584262233531435,41.38263865061138,5,0,0.0
ql-ROM-style within a fixed POD space,1600,100.352251335,3898,32,1307.208251953125,common_POD_r32_gauge_fixed,11.011563312150797,44.9931298050635,5,0,0.0
ql-ROM-style within a fixed POD space,1600,100.352251335,3898,33,1315.035888671875,common_POD_r32_gauge_fixed,11.344671145498838,46.037810534707376,5,0,0.0
ql-ROM-style within a fixed POD space,1600,100.352251335,3898,34,1322.863525390625,common_POD_r32_gauge_fixed,11.737255928114976,44.215730252730545,5,0,0.0
ql-ROM-style within a fixed POD space,1600,100.352251335,3898,35,1330.6910400390625,common_POD_r32_gauge_fixed,12.195347378055121,44.62875708785357,5,0,0.0
ql-ROM-style within a fixed POD space,1600,100.352251335,3898,36,1338.5186767578125,common_POD_r32_gauge_fixed,12.565535834308447,47.95236669272065,5,0,0.0
ql-ROM-style within a fixed POD space,1600,100.352251335,3898,37,1346.3463134765625,common_POD_r32_gauge_fixed,12.860208855479588,49.1373041737081,5,0,0.0
ql-ROM-style within a fixed POD space,1600,100.352251335,3898,38,1354.173828125,common_POD_r32_gauge_fixed,13.254118441814061,48.07079745556806,5,0,0.0
ql-ROM-style within a fixed POD space,1600,100.352251335,3898,39,1362.00146484375,common_POD_r32_gauge_fixed,13.717463122438428,50.182554082654065,5,0,0.0
ql-ROM-style within a fixed POD space,1600,100.352251335,3898,40,1369.8291015625,common_POD_r32_gauge_fixed,14.07945849747437,53.973152775387625,5,0,0.0
ql-ROM-style within a fixed POD space,1600,100.352251335,3898,41,1377.6566162109375,common_POD_r32_gauge_fixed,14.347332180599508,53.73310186179785,5,0,0.0
ql-ROM-style within a fixed POD space,1600,100.352251335,3898,42,1385.4842529296875,common_POD_r32_gauge_fixed,14.728826030319697,51.30818870217506,5,0,0.0
ql-ROM-style within a fixed POD space,1600,100.352251335,3898,43,1393.3118896484375,common_POD_r32_gauge_fixed,15.1587249630888,52.91421609956607,5,0,0.0
ql-ROM-style within a fixed POD space,1600,100.352251335,3898,44,1401.139404296875,common_POD_r32_gauge_fixed,15.446137641327033,56.14790487879269,5,0,0.0
ql-ROM-style within a fixed POD space,1600,100.352251335,3898,45,1408.967041015625,common_POD_r32_gauge_fixed,15.677061300013692,56.32341428707607,5,0,0.0
ql-ROM-style within a fixed POD space,1600,100.352251335,3898,46,1416.794677734375,common_POD_r32_gauge_fixed,16.065809508065612,55.31195434158113,5,0,0.0
ql-ROM-style within a fixed POD space,1600,100.352251335,3898,47,1424.6221923828125,common_POD_r32_gauge_fixed,16.482325381913057,58.61049837163922,5,0,0.0
ql-ROM-style within a fixed POD space,1600,100.352251335,3898,48,1432.4498291015625,common_POD_r32_gauge_fixed,16.732496406514148,61.34063990922796,5,0,0.0
ql-ROM-style within a fixed POD space,1600,100.352251335,3914,1,1189.79443359375,common_POD_r32_gauge_fixed,0.4537961996749309,20.476968541521824,5,0,0.0
ql-ROM-style within a fixed POD space,1600,100.352251335,3914,2,1197.6219482421875,common_POD_r32_gauge_fixed,0.5744290259267977,20.855970687719765,5,0,0.0
ql-ROM-style within a fixed POD space,1600,100.352251335,3914,3,1205.4495849609375,common_POD_r32_gauge_fixed,0.7526884573991168,21.40738617087469,5,0,0.0
ql-ROM-style within a fixed POD space,1600,100.352251335,3914,4,1213.2772216796875,common_POD_r32_gauge_fixed,0.9962329836773557,21.2874971703967,5,0,0.0
ql-ROM-style within a fixed POD space,1600,100.352251335,3914,5,1221.104736328125,common_POD_r32_gauge_fixed,1.203321264476139,21.648515630812934,5,0,0.0
ql-ROM-style within a fixed POD space,1600,100.352251335,3914,6,1228.932373046875,common_POD_r32_gauge_fixed,1.4266282284559912,22.152693168731496,5,0,0.0
ql-ROM-style within a fixed POD space,1600,100.352251335,3914,7,1236.760009765625,common_POD_r32_gauge_fixed,1.6560680165829351,22.769881795638174,5,0,0.0
ql-ROM-style within a fixed POD space,1600,100.352251335,3914,8,1244.5875244140625,common_POD_r32_gauge_fixed,1.9169290605259177,22.79486903963117,5,0,0.0
ql-ROM-style within a fixed POD space,1600,100.352251335,3914,9,1252.4151611328125,common_POD_r32_gauge_fixed,2.1730781767853933,23.284808645758336,5,0,0.0
ql-ROM-style within a fixed POD space,1600,100.352251335,3914,10,1260.2427978515625,common_POD_r32_gauge_fixed,2.4375171242448026,24.169504441282918,5,0,0.0
ql-ROM-style within a fixed POD space,1600,100.352251335,3914,11,1268.0703125,common_POD_r32_gauge_fixed,2.726908212486234,24.60469478522903,5,0,0.0
ql-ROM-style within a fixed POD space,1600,100.352251335,3914,12,1275.89794921875,common_POD_r32_gauge_fixed,3.0476958824384948,24.634745680950687,5,0,0.0
ql-ROM-style within a fixed POD space,1600,100.352251335,3914,13,1283.7254638671875,common_POD_r32_gauge_fixed,3.3648471467087173,25.749389233727847,5,0,0.0
ql-ROM-style within a fixed POD space,1600,100.352251335,3914,14,1291.5531005859375,common_POD_r32_gauge_fixed,3.68095069559098,26.36295577920998,5,0,0.0
ql-ROM-style within a fixed POD space,1600,100.352251335,3914,15,1299.3807373046875,common_POD_r32_gauge_fixed,4.0323691521214,26.413203341049247,5,0,0.0
ql-ROM-style within a fixed POD space,1600,100.352251335,3914,16,1307.208251953125,common_POD_r32_gauge_fixed,4.411175858122885,26.508249725749046,5,0,0.0
ql-ROM-style within a fixed POD space,1600,100.352251335,3914,17,1315.035888671875,common_POD_r32_gauge_fixed,4.789827206668579,27.926982608140655,5,0,0.0
ql-ROM-style within a fixed POD space,1600,100.352251335,3914,18,1322.863525390625,common_POD_r32_gauge_fixed,5.1633625189499375,29.464563959991708,5,0,0.0
ql-ROM-style within a fixed POD space,1600,100.352251335,3914,19,1330.6910400390625,common_POD_r32_gauge_fixed,5.577388159609569,29.4196974886394,5,0,0.0
ql-ROM-style within a fixed POD space,1600,100.352251335,3914,20,1338.5186767578125,common_POD_r32_gauge_fixed,6.014888802500398,30.38917876423799,5,0,0.0
ql-ROM-style within a fixed POD space,1600,100.352251335,3914,21,1346.3463134765625,common_POD_r32_gauge_fixed,6.427895897847434,32.3391411084508,5,0,0.0
ql-ROM-style within a fixed POD space,1600,100.352251335,3914,22,1354.173828125,common_POD_r32_gauge_fixed,6.844606674412831,33.201608717439804,5,0,0.0
ql-ROM-style within a fixed POD space,1600,100.352251335,3914,23,1362.00146484375,common_POD_r32_gauge_fixed,7.314299583201064,33.22175717178894,5,0,0.0
ql-ROM-style within a fixed POD space,1600,100.352251335,3914,24,1369.8291015625,common_POD_r32_gauge_fixed,7.790304955576384,35.26790217066025,5,0,0.0
ql-ROM-style within a fixed POD space,1600,100.352251335,3914,25,1377.6566162109375,common_POD_r32_gauge_fixed,8.210389870083844,37.46493243009634,5,0,0.0
ql-ROM-style within a fixed POD space,1600,100.352251335,3914,26,1385.4842529296875,common_POD_r32_gauge_fixed,8.63509529672373,37.65613777797726,5,0,0.0
ql-ROM-style within a fixed POD space,1600,100.352251335,3914,27,1393.3118896484375,common_POD_r32_gauge_fixed,9.117276946839159,37.058601035746456,5,0,0.0
ql-ROM-style within a fixed POD space,1600,100.352251335,3914,28,1401.139404296875,common_POD_r32_gauge_fixed,9.566629359852296,39.772507196308354,5,0,0.0
ql-ROM-style within a fixed POD space,1600,100.352251335,3914,29,1408.967041015625,common_POD_r32_gauge_fixed,9.938917486543485,41.78540525406905,5,0,0.0
ql-ROM-style within a fixed POD space,1600,100.352251335,3914,30,1416.794677734375,common_POD_r32_gauge_fixed,10.341156904210456,41.47370615914117,5,0,0.0
ql-ROM-style within a fixed POD space,1600,100.352251335,3914,31,1424.6221923828125,common_POD_r32_gauge_fixed,10.822256680679812,41.865030428149886,5,0,0.0
ql-ROM-style within a fixed POD space,1600,100.352251335,3914,32,1432.4498291015625,common_POD_r32_gauge_fixed,11.26650754507423,45.53251617709969,5,0,0.0
ql-ROM-style within a fixed POD space,1600,100.352251335,3914,33,1440.2774658203125,common_POD_r32_gauge_fixed,11.608223522241756,47.09756486383928,5,0,0.0
ql-ROM-style within a fixed POD space,1600,100.352251335,3914,34,1448.10498046875,common_POD_r32_gauge_fixed,11.988392702417263,45.389296713005564,5,0,0.0
ql-ROM-style within a fixed POD space,1600,100.352251335,3914,35,1455.9326171875,common_POD_r32_gauge_fixed,12.45272211455971,45.17494978625729,5,0,0.0
ql-ROM-style within a fixed POD space,1600,100.352251335,3914,36,1463.76025390625,common_POD_r32_gauge_fixed,12.841584068109432,48.52408612777502,5,0,0.0
ql-ROM-style within a fixed POD space,1600,100.352251335,3914,37,1471.5877685546875,common_POD_r32_gauge_fixed,13.135959328970204,50.160197336356724,5,0,0.0
ql-ROM-style within a fixed POD space,1600,100.352251335,3914,38,1479.4154052734375,common_POD_r32_gauge_fixed,13.513932690893704,49.09270080564544,5,0,0.0
ql-ROM-style within a fixed POD space,1600,100.352251335,3914,39,1487.2430419921875,common_POD_r32_gauge_fixed,13.98363630112498,50.648335012163216,5,0,0.0
ql-ROM-style within a fixed POD space,1600,100.352251335,3914,40,1495.070556640625,common_POD_r32_gauge_fixed,14.364675735529078,54.7053016814648,5,0,0.0
ql-ROM-style within a fixed POD space,1600,100.352251335,3914,41,1502.898193359375,common_POD_r32_gauge_fixed,14.631590414193486,55.00296206757399,5,0,0.0
ql-ROM-style within a fixed POD space,1600,100.352251335,3914,42,1510.7257080078125,common_POD_r32_gauge_fixed,14.994106743243155,52.44312883476193,5,0,0.0
ql-ROM-style within a fixed POD space,1600,100.352251335,3914,43,1518.5533447265625,common_POD_r32_gauge_fixed,15.434134759659665,53.45106894266368,5,0,0.0
ql-ROM-style within a fixed POD space,1600,100.352251335,3914,44,1526.3809814453125,common_POD_r32_gauge_fixed,15.740964569642127,56.83505169505884,5,0,0.0
ql-ROM-style within a fixed POD space,1600,100.352251335,3914,45,1534.20849609375,common_POD_r32_gauge_fixed,15.960911172252413,57.473333353765355,5,0,0.0
ql-ROM-style within a fixed POD space,1600,100.352251335,3914,46,1542.0361328125,common_POD_r32_gauge_fixed,16.33029611393467,56.21603137392109,5,0,0.0
ql-ROM-style within a fixed POD space,1600,100.352251335,3914,47,1549.86376953125,common_POD_r32_gauge_fixed,16.76002102554651,59.07784940724162,5,0,0.0
ql-ROM-style within a fixed POD space,1600,100.352251335,3914,48,1557.6912841796875,common_POD_r32_gauge_fixed,17.028625861184228,62.23811147504358,5,0,0.0
ql-ROM-style within a fixed POD space,1600,100.352251335,3922,1,1252.4151611328125,common_POD_r32_gauge_fixed,0.45282577863462053,20.518380441386896,5,0,0.0
ql-ROM-style within a fixed POD space,1600,100.352251335,3922,2,1260.2427978515625,common_POD_r32_gauge_fixed,0.5785729232929748,20.840465566669558,5,0,0.0
ql-ROM-style within a fixed POD space,1600,100.352251335,3922,3,1268.0703125,common_POD_r32_gauge_fixed,0.7515189052408291,21.440792789065384,5,0,0.0
ql-ROM-style within a fixed POD space,1600,100.352251335,3922,4,1275.89794921875,common_POD_r32_gauge_fixed,0.9969904153434687,21.33000294446436,5,0,0.0
ql-ROM-style within a fixed POD space,1600,100.352251335,3922,5,1283.7254638671875,common_POD_r32_gauge_fixed,1.2073849559792327,21.67245509557729,5,0,0.0
ql-ROM-style within a fixed POD space,1600,100.352251335,3922,6,1291.5531005859375,common_POD_r32_gauge_fixed,1.431481039829099,22.148763552645654,5,0,0.0
ql-ROM-style within a fixed POD space,1600,100.352251335,3922,7,1299.3807373046875,common_POD_r32_gauge_fixed,1.6622612638822338,22.805177503709256,5,0,0.0
ql-ROM-style within a fixed POD space,1600,100.352251335,3922,8,1307.208251953125,common_POD_r32_gauge_fixed,1.9236410908709767,22.853184587077422,5,0,0.0
ql-ROM-style within a fixed POD space,1600,100.352251335,3922,9,1315.035888671875,common_POD_r32_gauge_fixed,2.1832737130948403,23.31666638209707,5,0,0.0
ql-ROM-style within a fixed POD space,1600,100.352251335,3922,10,1322.863525390625,common_POD_r32_gauge_fixed,2.4479997689883257,24.165633821893387,5,0,0.0
ql-ROM-style within a fixed POD space,1600,100.352251335,3922,11,1330.6910400390625,common_POD_r32_gauge_fixed,2.738182248553728,24.67919090757119,5,0,0.0
ql-ROM-style within a fixed POD space,1600,100.352251335,3922,12,1338.5186767578125,common_POD_r32_gauge_fixed,3.0591872768026436,24.63190210058255,5,0,0.0
ql-ROM-style within a fixed POD space,1600,100.352251335,3922,13,1346.3463134765625,common_POD_r32_gauge_fixed,3.379641312943344,25.753209994126692,5,0,0.0
ql-ROM-style within a fixed POD space,1600,100.352251335,3922,14,1354.173828125,common_POD_r32_gauge_fixed,3.695774478104716,26.42074723779972,5,0,0.0
ql-ROM-style within a fixed POD space,1600,100.352251335,3922,15,1362.00146484375,common_POD_r32_gauge_fixed,4.046518022610739,26.51057607698904,5,0,0.0
ql-ROM-style within a fixed POD space,1600,100.352251335,3922,16,1369.8291015625,common_POD_r32_gauge_fixed,4.4256274346348965,26.534607342602435,5,0,0.0
ql-ROM-style within a fixed POD space,1600,100.352251335,3922,17,1377.6566162109375,common_POD_r32_gauge_fixed,4.8070674755248195,27.903064957002847,5,0,0.0
ql-ROM-style within a fixed POD space,1600,100.352251335,3922,18,1385.4842529296875,common_POD_r32_gauge_fixed,5.180822235528321,29.51028549857455,5,0,0.0
ql-ROM-style within a fixed POD space,1600,100.352251335,3922,19,1393.3118896484375,common_POD_r32_gauge_fixed,5.593164306372977,29.559795744261613,5,0,0.0
ql-ROM-style within a fixed POD space,1600,100.352251335,3922,20,1401.139404296875,common_POD_r32_gauge_fixed,6.031736317144996,30.339691158202587,5,0,0.0
ql-ROM-style within a fixed POD space,1600,100.352251335,3922,21,1408.967041015625,common_POD_r32_gauge_fixed,6.447335209133417,32.35488458992596,5,0,0.0
ql-ROM-style within a fixed POD space,1600,100.352251335,3922,22,1416.794677734375,common_POD_r32_gauge_fixed,6.862188635335888,33.322354384701455,5,0,0.0
ql-ROM-style within a fixed POD space,1600,100.352251335,3922,23,1424.6221923828125,common_POD_r32_gauge_fixed,7.328766082366776,33.3195883447631,5,0,0.0
ql-ROM-style within a fixed POD space,1600,100.352251335,3922,24,1432.4498291015625,common_POD_r32_gauge_fixed,7.807050891761805,35.1974350289,5,0,0.0
ql-ROM-style within a fixed POD space,1600,100.352251335,3922,25,1440.2774658203125,common_POD_r32_gauge_fixed,8.231083955997692,37.502103194447855,5,0,0.0
ql-ROM-style within a fixed POD space,1600,100.352251335,3922,26,1448.10498046875,common_POD_r32_gauge_fixed,8.65105989687433,37.852650506547654,5,0,0.0
ql-ROM-style within a fixed POD space,1600,100.352251335,3922,27,1455.9326171875,common_POD_r32_gauge_fixed,9.13071519828234,37.13873823621508,5,0,0.0
ql-ROM-style within a fixed POD space,1600,100.352251335,3922,28,1463.76025390625,common_POD_r32_gauge_fixed,9.585262576534426,39.6632780198216,5,0,0.0
ql-ROM-style within a fixed POD space,1600,100.352251335,3922,29,1471.5877685546875,common_POD_r32_gauge_fixed,9.960122153530513,41.83960764163264,5,0,0.0
ql-ROM-style within a fixed POD space,1600,100.352251335,3922,30,1479.4154052734375,common_POD_r32_gauge_fixed,10.354963374160215,41.673396521986106,5,0,0.0
ql-ROM-style within a fixed POD space,1600,100.352251335,3922,31,1487.2430419921875,common_POD_r32_gauge_fixed,10.832815643091617,41.81015788019661,5,0,0.0
ql-ROM-style within a fixed POD space,1600,100.352251335,3922,32,1495.070556640625,common_POD_r32_gauge_fixed,11.283116693770094,45.389429969514225,5,0,0.0
ql-ROM-style within a fixed POD space,1600,100.352251335,3922,33,1502.898193359375,common_POD_r32_gauge_fixed,11.629452821574374,47.25298780607815,5,0,0.0
ql-ROM-style within a fixed POD space,1600,100.352251335,3922,34,1510.7257080078125,common_POD_r32_gauge_fixed,12.000000715155334,45.68085816460742,5,0,0.0
ql-ROM-style within a fixed POD space,1600,100.352251335,3922,35,1518.5533447265625,common_POD_r32_gauge_fixed,12.462812805639953,45.10181031737171,5,0,0.0
ql-ROM-style within a fixed POD space,1600,100.352251335,3922,36,1526.3809814453125,common_POD_r32_gauge_fixed,12.860494818629917,48.38330476988116,5,0,0.0
ql-ROM-style within a fixed POD space,1600,100.352251335,3922,37,1534.20849609375,common_POD_r32_gauge_fixed,13.155996805410178,50.27972837562286,5,0,0.0
ql-ROM-style within a fixed POD space,1600,100.352251335,3922,38,1542.0361328125,common_POD_r32_gauge_fixed,13.52204472377448,49.28723288396953,5,0,0.0
ql-ROM-style within a fixed POD space,1600,100.352251335,3922,39,1549.86376953125,common_POD_r32_gauge_fixed,13.990944764035149,50.46561065314595,5,0,0.0
ql-ROM-style within a fixed POD space,1600,100.352251335,3922,40,1557.6912841796875,common_POD_r32_gauge_fixed,14.382240611874863,54.593956974108515,5,0,0.0
ql-ROM-style within a fixed POD space,1600,100.352251335,3922,41,1565.5189208984375,common_POD_r32_gauge_fixed,14.651036184864966,55.26184198303289,5,0,0.0
ql-ROM-style within a fixed POD space,1600,100.352251335,3922,42,1573.3465576171875,common_POD_r32_gauge_fixed,15.000321888012488,52.715184486929246,5,0,0.0
ql-ROM-style within a fixed POD space,1600,100.352251335,3922,43,1581.174072265625,common_POD_r32_gauge_fixed,15.442516897791597,53.3018805247895,5,0,0.0
ql-ROM-style within a fixed POD space,1600,100.352251335,3922,44,1589.001708984375,common_POD_r32_gauge_fixed,15.761753655769562,56.72380267487224,5,0,0.0
ql-ROM-style within a fixed POD space,1600,100.352251335,3922,45,1596.829345703125,common_POD_r32_gauge_fixed,15.978282752947107,57.66393019852843,5,0,0.0
ql-ROM-style within a fixed POD space,1600,100.352251335,3922,46,1604.6568603515625,common_POD_r32_gauge_fixed,16.33288535012185,56.3294041273536,5,0,0.0
ql-ROM-style within a fixed POD space,1600,100.352251335,3922,47,1612.4844970703125,common_POD_r32_gauge_fixed,16.76763115563944,58.83180501855742,5,0,0.0
ql-ROM-style within a fixed POD space,1600,100.352251335,3922,48,1620.3121337890625,common_POD_r32_gauge_fixed,17.050057932917696,62.25258741911196,5,0,0.0
ql-ROM-style within a fixed POD space,1600,100.352251335,3938,1,1377.6566162109375,common_POD_r32_gauge_fixed,0.45156571898585307,20.58845975402156,5,0,0.0
ql-ROM-style within a fixed POD space,1600,100.352251335,3938,2,1385.4842529296875,common_POD_r32_gauge_fixed,0.5907041078633127,20.814460438161095,5,0,0.0
ql-ROM-style within a fixed POD space,1600,100.352251335,3938,3,1393.3118896484375,common_POD_r32_gauge_fixed,0.7571845062978924,21.466355587521306,5,0,0.0
ql-ROM-style within a fixed POD space,1600,100.352251335,3938,4,1401.139404296875,common_POD_r32_gauge_fixed,0.9980686930069479,21.40554723421589,5,0,0.0
ql-ROM-style within a fixed POD space,1600,100.352251335,3938,5,1408.967041015625,common_POD_r32_gauge_fixed,1.2164761905518415,21.671905087446007,5,0,0.0
ql-ROM-style within a fixed POD space,1600,100.352251335,3938,6,1416.794677734375,common_POD_r32_gauge_fixed,1.4404494052986572,22.12677848251838,5,0,0.0
ql-ROM-style within a fixed POD space,1600,100.352251335,3938,7,1424.6221923828125,common_POD_r32_gauge_fixed,1.6727679432142497,22.824634188759635,5,0,0.0
ql-ROM-style within a fixed POD space,1600,100.352251335,3938,8,1432.4498291015625,common_POD_r32_gauge_fixed,1.9339314424988703,22.954947835471817,5,0,0.0
ql-ROM-style within a fixed POD space,1600,100.352251335,3938,9,1440.2774658203125,common_POD_r32_gauge_fixed,2.200746936731683,23.369661073671892,5,0,0.0
ql-ROM-style within a fixed POD space,1600,100.352251335,3938,10,1448.10498046875,common_POD_r32_gauge_fixed,2.4651593274589283,24.167091871699135,5,0,0.0
ql-ROM-style within a fixed POD space,1600,100.352251335,3938,11,1455.9326171875,common_POD_r32_gauge_fixed,2.75592007202659,24.795270022535572,5,0,0.0
ql-ROM-style within a fixed POD space,1600,100.352251335,3938,12,1463.76025390625,common_POD_r32_gauge_fixed,3.075491367635312,24.630276475870502,5,0,0.0
ql-ROM-style within a fixed POD space,1600,100.352251335,3938,13,1471.5877685546875,common_POD_r32_gauge_fixed,3.402045863571042,25.709496095915043,5,0,0.0
ql-ROM-style within a fixed POD space,1600,100.352251335,3938,14,1479.4154052734375,common_POD_r32_gauge_fixed,3.719112776188401,26.495234924117355,5,0,0.0
ql-ROM-style within a fixed POD space,1600,100.352251335,3938,15,1487.2430419921875,common_POD_r32_gauge_fixed,4.067091984415854,26.681063437101315,5,0,0.0
ql-ROM-style within a fixed POD space,1600,100.352251335,3938,16,1495.070556640625,common_POD_r32_gauge_fixed,4.445970946834714,26.591330133174534,5,0,0.0
ql-ROM-style within a fixed POD space,1600,100.352251335,3938,17,1502.898193359375,common_POD_r32_gauge_fixed,4.833236694345877,27.852745232288388,5,0,0.0
ql-ROM-style within a fixed POD space,1600,100.352251335,3938,18,1510.7257080078125,common_POD_r32_gauge_fixed,5.2079417074417025,29.546534006792484,5,0,0.0
ql-ROM-style within a fixed POD space,1600,100.352251335,3938,19,1518.5533447265625,common_POD_r32_gauge_fixed,5.616282966826508,29.838810360866326,5,0,0.0
ql-ROM-style within a fixed POD space,1600,100.352251335,3938,20,1526.3809814453125,common_POD_r32_gauge_fixed,6.056782527506509,30.220403865571566,5,0,0.0
ql-ROM-style within a fixed POD space,1600,100.352251335,3938,21,1534.20849609375,common_POD_r32_gauge_fixed,6.478470847290381,32.34625135239225,5,0,0.0
ql-ROM-style within a fixed POD space,1600,100.352251335,3938,22,1542.0361328125,common_POD_r32_gauge_fixed,6.890222339429335,33.51569735846261,5,0,0.0
ql-ROM-style within a fixed POD space,1600,100.352251335,3938,23,1549.86376953125,common_POD_r32_gauge_fixed,7.350454444591155,33.523229136310036,5,0,0.0
ql-ROM-style within a fixed POD space,1600,100.352251335,3938,24,1557.6912841796875,common_POD_r32_gauge_fixed,7.832850528455992,35.014848291274184,5,0,0.0
ql-ROM-style within a fixed POD space,1600,100.352251335,3938,25,1565.5189208984375,common_POD_r32_gauge_fixed,8.266330564990248,37.534106968590955,5,0,0.0
ql-ROM-style within a fixed POD space,1600,100.352251335,3938,26,1573.3465576171875,common_POD_r32_gauge_fixed,8.678313316785378,38.20677049676749,5,0,0.0
ql-ROM-style within a fixed POD space,1600,100.352251335,3938,27,1581.174072265625,common_POD_r32_gauge_fixed,9.151604503622472,37.33173337395714,5,0,0.0
ql-ROM-style within a fixed POD space,1600,100.352251335,3938,28,1589.001708984375,common_POD_r32_gauge_fixed,9.616068382994898,39.3924847861448,5,0,0.0
ql-ROM-style within a fixed POD space,1600,100.352251335,3938,29,1596.829345703125,common_POD_r32_gauge_fixed,9.999169149468933,41.88929757866332,5,0,0.0
ql-ROM-style within a fixed POD space,1600,100.352251335,3938,30,1604.6568603515625,common_POD_r32_gauge_fixed,10.38021193964658,42.05966040289435,5,0,0.0
ql-ROM-style within a fixed POD space,1600,100.352251335,3938,31,1612.4844970703125,common_POD_r32_gauge_fixed,10.849510110535943,41.755310325976716,5,0,0.0
ql-ROM-style within a fixed POD space,1600,100.352251335,3938,32,1620.3121337890625,common_POD_r32_gauge_fixed,11.311305081812435,45.044563901516796,5,0,0.0
ql-ROM-style within a fixed POD space,1600,100.352251335,3938,33,1628.1396484375,common_POD_r32_gauge_fixed,11.670097653907984,47.48495385776506,5,0,0.0
ql-ROM-style within a fixed POD space,1600,100.352251335,3938,34,1635.96728515625,common_POD_r32_gauge_fixed,12.022882749188387,46.267793648041234,5,0,0.0
ql-ROM-style within a fixed POD space,1600,100.352251335,3938,35,1643.794921875,common_POD_r32_gauge_fixed,12.479490287580335,45.05826225400038,5,0,0.0
ql-ROM-style within a fixed POD space,1600,100.352251335,3938,36,1651.6224365234375,common_POD_r32_gauge_fixed,12.89459904899563,48.04049403599423,5,0,0.0
ql-ROM-style within a fixed POD space,1600,100.352251335,3938,37,1659.4500732421875,common_POD_r32_gauge_fixed,13.196609636383643,50.446622551191275,5,0,0.0
ql-ROM-style within a fixed POD space,1600,100.352251335,3938,38,1667.2777099609375,common_POD_r32_gauge_fixed,13.539225944151791,49.70953658144134,5,0,0.0
ql-ROM-style within a fixed POD space,1600,100.352251335,3938,39,1675.105224609375,common_POD_r32_gauge_fixed,14.002704207092512,50.15884429580394,5,0,0.0
ql-ROM-style within a fixed POD space,1600,100.352251335,3938,40,1682.932861328125,common_POD_r32_gauge_fixed,14.415983989128367,54.31931918748918,5,0,0.0
ql-ROM-style within a fixed POD space,1600,100.352251335,3938,41,1690.760498046875,common_POD_r32_gauge_fixed,14.693099624803235,55.70081937737091,5,0,0.0
ql-ROM-style within a fixed POD space,1600,100.352251335,3938,42,1698.5880126953125,common_POD_r32_gauge_fixed,15.015599477088875,53.31805706367927,5,0,0.0
ql-ROM-style within a fixed POD space,1600,100.352251335,3938,43,1706.4156494140625,common_POD_r32_gauge_fixed,15.457609103004074,53.06701658841148,5,0,0.0
ql-ROM-style within a fixed POD space,1600,100.352251335,3938,44,1714.2432861328125,common_POD_r32_gauge_fixed,15.80391792382391,56.498811315481426,5,0,0.0
ql-ROM-style within a fixed POD space,1600,100.352251335,3938,45,1722.07080078125,common_POD_r32_gauge_fixed,16.018651835476877,57.985428491018354,5,0,0.0
ql-ROM-style within a fixed POD space,1600,100.352251335,3938,46,1729.8984375,common_POD_r32_gauge_fixed,16.3418266644575,56.631907715163855,5,0,0.0
ql-ROM-style within a fixed POD space,1600,100.352251335,3938,47,1737.7259521484375,common_POD_r32_gauge_fixed,16.781404230417632,58.361615943210424,5,0,0.0
ql-ROM-style within a fixed POD space,1600,100.352251335,3938,48,1745.5535888671875,common_POD_r32_gauge_fixed,17.09335621971178,62.22516427970838,5,0,0.0
ql-ROM-style within a fixed POD space,1600,100.352251335,3954,1,1502.898193359375,common_POD_r32_gauge_fixed,0.45367954104080543,20.675676837999767,5,0,0.0
ql-ROM-style within a fixed POD space,1600,100.352251335,3954,2,1510.7257080078125,common_POD_r32_gauge_fixed,0.6006783274103058,20.816498962587307,5,0,0.0
ql-ROM-style within a fixed POD space,1600,100.352251335,3954,3,1518.5533447265625,common_POD_r32_gauge_fixed,0.7684125747746371,21.477484665828936,5,0,0.0
ql-ROM-style within a fixed POD space,1600,100.352251335,3954,4,1526.3809814453125,common_POD_r32_gauge_fixed,0.9982334645831383,21.491555808169473,5,0,0.0
ql-ROM-style within a fixed POD space,1600,100.352251335,3954,5,1534.20849609375,common_POD_r32_gauge_fixed,1.2248091874893257,21.648818349499823,5,0,0.0
ql-ROM-style within a fixed POD space,1600,100.352251335,3954,6,1542.0361328125,common_POD_r32_gauge_fixed,1.4483632314223254,22.089273528415752,5,0,0.0
ql-ROM-style within a fixed POD space,1600,100.352251335,3954,7,1549.86376953125,common_POD_r32_gauge_fixed,1.681908455373809,22.810348008040823,5,0,0.0
ql-ROM-style within a fixed POD space,1600,100.352251335,3954,8,1557.6912841796875,common_POD_r32_gauge_fixed,1.941963186356283,23.05893107122579,5,0,0.0
ql-ROM-style within a fixed POD space,1600,100.352251335,3954,9,1565.5189208984375,common_POD_r32_gauge_fixed,2.216643975851644,23.423766992626792,5,0,0.0
ql-ROM-style within a fixed POD space,1600,100.352251335,3954,10,1573.3465576171875,common_POD_r32_gauge_fixed,2.4816531566636844,24.17511853053955,5,0,0.0
ql-ROM-style within a fixed POD space,1600,100.352251335,3954,11,1581.174072265625,common_POD_r32_gauge_fixed,2.7731937988124464,24.894772836009775,5,0,0.0
ql-ROM-style within a fixed POD space,1600,100.352251335,3954,12,1589.001708984375,common_POD_r32_gauge_fixed,3.090742618122764,24.68816344181967,5,0,0.0
ql-ROM-style within a fixed POD space,1600,100.352251335,3954,13,1596.829345703125,common_POD_r32_gauge_fixed,3.4233332167300943,25.629206588921626,5,0,0.0
ql-ROM-style within a fixed POD space,1600,100.352251335,3954,14,1604.6568603515625,common_POD_r32_gauge_fixed,3.7430657617373826,26.535873246973086,5,0,0.0
ql-ROM-style within a fixed POD space,1600,100.352251335,3954,15,1612.4844970703125,common_POD_r32_gauge_fixed,4.088301847824397,26.838412089485413,5,0,0.0
ql-ROM-style within a fixed POD space,1600,100.352251335,3954,16,1620.3121337890625,common_POD_r32_gauge_fixed,4.467342736792847,26.69596532947354,5,0,0.0
ql-ROM-style within a fixed POD space,1600,100.352251335,3954,17,1628.1396484375,common_POD_r32_gauge_fixed,4.860251040081899,27.823713494219437,5,0,0.0
ql-ROM-style within a fixed POD space,1600,100.352251335,3954,18,1635.96728515625,common_POD_r32_gauge_fixed,5.237975914571573,29.55099071800054,5,0,0.0
ql-ROM-style within a fixed POD space,1600,100.352251335,3954,19,1643.794921875,common_POD_r32_gauge_fixed,5.643383270865803,30.107583674985033,5,0,0.0
ql-ROM-style within a fixed POD space,1600,100.352251335,3954,20,1651.6224365234375,common_POD_r32_gauge_fixed,6.085154884514069,30.144718187605353,5,0,0.0
ql-ROM-style within a fixed POD space,1600,100.352251335,3954,21,1659.4500732421875,common_POD_r32_gauge_fixed,6.51452892677132,32.32652421833641,5,0,0.0
ql-ROM-style within a fixed POD space,1600,100.352251335,3954,22,1667.2777099609375,common_POD_r32_gauge_fixed,6.925184171434055,33.689322564650276,5,0,0.0
ql-ROM-style within a fixed POD space,1600,100.352251335,3954,23,1675.105224609375,common_POD_r32_gauge_fixed,7.379019643728276,33.77083056866316,5,0,0.0
ql-ROM-style within a fixed POD space,1600,100.352251335,3954,24,1682.932861328125,common_POD_r32_gauge_fixed,7.868461901636834,34.90299764400995,5,0,0.0
ql-ROM-style within a fixed POD space,1600,100.352251335,3954,25,1690.760498046875,common_POD_r32_gauge_fixed,8.313219253519327,37.56516127833546,5,0,0.0
ql-ROM-style within a fixed POD space,1600,100.352251335,3954,26,1698.5880126953125,common_POD_r32_gauge_fixed,8.719707249464232,38.56596239447389,5,0,0.0
ql-ROM-style within a fixed POD space,1600,100.352251335,3954,27,1706.4156494140625,common_POD_r32_gauge_fixed,9.185433096458139,37.663500316708955,5,0,0.0
ql-ROM-style within a fixed POD space,1600,100.352251335,3954,28,1714.2432861328125,common_POD_r32_gauge_fixed,9.662060453898178,39.1890824659266,5,0,0.0
ql-ROM-style within a fixed POD space,1600,100.352251335,3954,29,1722.07080078125,common_POD_r32_gauge_fixed,10.056254960677542,41.938906629638076,5,0,0.0
ql-ROM-style within a fixed POD space,1600,100.352251335,3954,30,1729.8984375,common_POD_r32_gauge_fixed,10.426360698863826,42.48693529827982,5,0,0.0
ql-ROM-style within a fixed POD space,1600,100.352251335,3954,31,1737.7259521484375,common_POD_r32_gauge_fixed,10.884802788461375,41.88036244115869,5,0,0.0
ql-ROM-style within a fixed POD space,1600,100.352251335,3954,32,1745.5535888671875,common_POD_r32_gauge_fixed,11.35928642685045,44.7666441515409,5,0,0.0
ql-ROM-style within a fixed POD space,1600,100.352251335,3954,33,1753.3812255859375,common_POD_r32_gauge_fixed,11.733999145107322,47.69419443075096,5,0,0.0
ql-ROM-style within a fixed POD space,1600,100.352251335,3954,34,1761.208740234375,common_POD_r32_gauge_fixed,12.072217475543269,46.92283579393581,5,0,0.0
ql-ROM-style within a fixed POD space,1600,100.352251335,3954,35,1769.036376953125,common_POD_r32_gauge_fixed,12.518684521035947,45.24287585485957,5,0,0.0
ql-ROM-style within a fixed POD space,1600,100.352251335,3954,36,1776.864013671875,common_POD_r32_gauge_fixed,12.952752796045978,47.86005839744459,5,0,0.0
ql-ROM-style within a fixed POD space,1600,100.352251335,3954,37,1784.6915283203125,common_POD_r32_gauge_fixed,13.265849810350684,50.615057453964795,5,0,0.0
ql-ROM-style within a fixed POD space,1600,100.352251335,3954,38,1792.5191650390625,common_POD_r32_gauge_fixed,13.587093501186459,50.239244488675894,5,0,0.0
ql-ROM-style within a fixed POD space,1600,100.352251335,3954,39,1800.3468017578125,common_POD_r32_gauge_fixed,14.040717411037097,50.05184743578345,5,0,0.0
ql-ROM-style within a fixed POD space,1600,100.352251335,3954,40,1808.17431640625,common_POD_r32_gauge_fixed,14.471792905605307,54.00740368068999,5,0,0.0
ql-ROM-style within a fixed POD space,1600,100.352251335,3954,41,1816.001953125,common_POD_r32_gauge_fixed,14.762472923430545,56.121699804878766,5,0,0.0
ql-ROM-style within a fixed POD space,1600,100.352251335,3954,42,1823.82958984375,common_POD_r32_gauge_fixed,15.060199020932627,54.04164041149983,5,0,0.0
ql-ROM-style within a fixed POD space,1600,100.352251335,3954,43,1831.6571044921875,common_POD_r32_gauge_fixed,15.495534215436521,53.00432277721801,5,0,0.0
ql-ROM-style within a fixed POD space,1600,100.352251335,3954,44,1839.4847412109375,common_POD_r32_gauge_fixed,15.866009149806631,56.24098294502362,5,0,0.0
ql-ROM-style within a fixed POD space,1600,100.352251335,3954,45,1847.3123779296875,common_POD_r32_gauge_fixed,16.086039229121628,58.2805935571336,5,0,0.0
ql-ROM-style within a fixed POD space,1600,100.352251335,3954,46,1855.139892578125,common_POD_r32_gauge_fixed,16.37726904616175,57.08750814407107,5,0,0.0
ql-ROM-style within a fixed POD space,1600,100.352251335,3954,47,1862.967529296875,common_POD_r32_gauge_fixed,16.814673020184685,58.01886283419078,5,0,0.0
ql-ROM-style within a fixed POD space,1600,100.352251335,3954,48,1870.795166015625,common_POD_r32_gauge_fixed,17.15367503820334,62.08624728183596,5,0,0.0
ql-ROM-style within a fixed POD space,1600,100.352251335,3970,1,1628.1396484375,common_POD_r32_gauge_fixed,0.461997280993298,20.75978373975682,5,0,0.0
ql-ROM-style within a fixed POD space,1600,100.352251335,3970,2,1635.96728515625,common_POD_r32_gauge_fixed,0.6087456369663486,20.83235753159555,5,0,0.0
ql-ROM-style within a fixed POD space,1600,100.352251335,3970,3,1643.794921875,common_POD_r32_gauge_fixed,0.7847233203056475,21.474995528706334,5,0,0.0
ql-ROM-style within a fixed POD space,1600,100.352251335,3970,4,1651.6224365234375,common_POD_r32_gauge_fixed,1.0015865240219852,21.59831056892116,5,0,0.0
ql-ROM-style within a fixed POD space,1600,100.352251335,3970,5,1659.4500732421875,common_POD_r32_gauge_fixed,1.23447483898516,21.622260115555946,5,0,0.0
ql-ROM-style within a fixed POD space,1600,100.352251335,3970,6,1667.2777099609375,common_POD_r32_gauge_fixed,1.4583460227077227,22.050968309527953,5,0,0.0
ql-ROM-style within a fixed POD space,1600,100.352251335,3970,7,1675.105224609375,common_POD_r32_gauge_fixed,1.6928341782677399,22.776323010107372,5,0,0.0
ql-ROM-style within a fixed POD space,1600,100.352251335,3970,8,1682.932861328125,common_POD_r32_gauge_fixed,1.9545694262720705,23.185484240549002,5,0,0.0
ql-ROM-style within a fixed POD space,1600,100.352251335,3970,9,1690.760498046875,common_POD_r32_gauge_fixed,2.2371895766673653,23.4922619927585,5,0,0.0
ql-ROM-style within a fixed POD space,1600,100.352251335,3970,10,1698.5880126953125,common_POD_r32_gauge_fixed,2.5041070431862726,24.21704916684298,5,0,0.0
ql-ROM-style within a fixed POD space,1600,100.352251335,3970,11,1706.4156494140625,common_POD_r32_gauge_fixed,2.7970058718181363,24.983710926295807,5,0,0.0
ql-ROM-style within a fixed POD space,1600,100.352251335,3970,12,1714.2432861328125,common_POD_r32_gauge_fixed,3.1163358416369173,24.825545451719723,5,0,0.0
ql-ROM-style within a fixed POD space,1600,100.352251335,3970,13,1722.07080078125,common_POD_r32_gauge_fixed,3.453843377268255,25.544833794838162,5,0,0.0
ql-ROM-style within a fixed POD space,1600,100.352251335,3970,14,1729.8984375,common_POD_r32_gauge_fixed,3.778484463057035,26.58249217733465,5,0,0.0
ql-ROM-style within a fixed POD space,1600,100.352251335,3970,15,1737.7259521484375,common_POD_r32_gauge_fixed,4.121451168618133,27.00681680147456,5,0,0.0
ql-ROM-style within a fixed POD space,1600,100.352251335,3970,16,1745.5535888671875,common_POD_r32_gauge_fixed,4.504055579422092,26.900633675319657,5,0,0.0
ql-ROM-style within a fixed POD space,1600,100.352251335,3970,17,1753.3812255859375,common_POD_r32_gauge_fixed,4.902667431356084,27.844854225177894,5,0,0.0
ql-ROM-style within a fixed POD space,1600,100.352251335,3970,18,1761.208740234375,common_POD_r32_gauge_fixed,5.285134983442979,29.58181477179418,5,0,0.0
ql-ROM-style within a fixed POD space,1600,100.352251335,3970,19,1769.036376953125,common_POD_r32_gauge_fixed,5.68878064348604,30.40485285341864,5,0,0.0
ql-ROM-style within a fixed POD space,1600,100.352251335,3970,20,1776.864013671875,common_POD_r32_gauge_fixed,6.13487855269168,30.265738306740385,5,0,0.0
ql-ROM-style within a fixed POD space,1600,100.352251335,3970,21,1784.6915283203125,common_POD_r32_gauge_fixed,6.572527130229345,32.33627681562063,5,0,0.0
ql-ROM-style within a fixed POD space,1600,100.352251335,3970,22,1792.5191650390625,common_POD_r32_gauge_fixed,6.984362369147689,33.89746610647045,5,0,0.0
ql-ROM-style within a fixed POD space,1600,100.352251335,3970,23,1800.3468017578125,common_POD_r32_gauge_fixed,7.432538206998261,34.101595092442444,5,0,0.0
ql-ROM-style within a fixed POD space,1600,100.352251335,3970,24,1808.17431640625,common_POD_r32_gauge_fixed,7.924081764670605,34.854248053198724,5,0,0.0
ql-ROM-style within a fixed POD space,1600,100.352251335,3970,25,1816.001953125,common_POD_r32_gauge_fixed,8.38099767409911,37.616110185927035,5,0,0.0
ql-ROM-style within a fixed POD space,1600,100.352251335,3970,26,1823.82958984375,common_POD_r32_gauge_fixed,8.785634457382416,38.94972097586293,5,0,0.0
ql-ROM-style within a fixed POD space,1600,100.352251335,3970,27,1831.6571044921875,common_POD_r32_gauge_fixed,9.242236899459657,38.132061966170674,5,0,0.0
ql-ROM-style within a fixed POD space,1600,100.352251335,3970,28,1839.4847412109375,common_POD_r32_gauge_fixed,9.725872572868674,39.0172569075218,5,0,0.0
ql-ROM-style within a fixed POD space,1600,100.352251335,3970,29,1847.3123779296875,common_POD_r32_gauge_fixed,10.133525201814352,41.986413342030225,5,0,0.0
ql-ROM-style within a fixed POD space,1600,100.352251335,3970,30,1855.139892578125,common_POD_r32_gauge_fixed,10.495729137837486,42.931617002307206,5,0,0.0
ql-ROM-style within a fixed POD space,1600,100.352251335,3970,31,1862.967529296875,common_POD_r32_gauge_fixed,10.941154178333557,42.169473780072956,5,0,0.0
ql-ROM-style within a fixed POD space,1600,100.352251335,3970,32,1870.795166015625,common_POD_r32_gauge_fixed,11.422770373057869,44.48268749341895,5,0,0.0
ql-ROM-style within a fixed POD space,1600,100.352251335,3970,33,1878.6226806640625,common_POD_r32_gauge_fixed,11.814833506778779,47.8451540986395,5,0,0.0
ql-ROM-style within a fixed POD space,1600,100.352251335,3970,34,1886.4503173828125,common_POD_r32_gauge_fixed,12.143182849911081,47.59797380911543,5,0,0.0
ql-ROM-style within a fixed POD space,1600,100.352251335,3970,35,1894.2779541015625,common_POD_r32_gauge_fixed,12.575249137349129,45.61869667825004,5,0,0.0
ql-ROM-style within a fixed POD space,1600,100.352251335,3970,36,1902.10546875,common_POD_r32_gauge_fixed,13.022848305668722,47.63429099686986,5,0,0.0
ql-ROM-style within a fixed POD space,1600,100.352251335,3970,37,1909.93310546875,common_POD_r32_gauge_fixed,13.350912252487856,50.714033776520054,5,0,0.0
ql-ROM-style within a fixed POD space,1600,100.352251335,3970,38,1917.7607421875,common_POD_r32_gauge_fixed,13.654141473525192,50.804637298222346,5,0,0.0
ql-ROM-style within a fixed POD space,1600,100.352251335,3970,39,1925.5882568359375,common_POD_r32_gauge_fixed,14.092568761315638,50.117468898545106,5,0,0.0
ql-ROM-style within a fixed POD space,1600,100.352251335,3970,40,1933.4158935546875,common_POD_r32_gauge_fixed,14.538680597307504,53.67494155759863,5,0,0.0
ql-ROM-style within a fixed POD space,1600,100.352251335,3970,41,1941.2435302734375,common_POD_r32_gauge_fixed,14.846630732486291,56.458222312757314,5,0,0.0
ql-ROM-style within a fixed POD space,1600,100.352251335,3970,42,1949.071044921875,common_POD_r32_gauge_fixed,15.12307581040738,54.81554778424417,5,0,0.0
ql-ROM-style within a fixed POD space,1600,100.352251335,3970,43,1956.898681640625,common_POD_r32_gauge_fixed,15.543177366218297,53.09456555129712,5,0,0.0
ql-ROM-style within a fixed POD space,1600,100.352251335,3970,44,1964.726318359375,common_POD_r32_gauge_fixed,15.935496722458328,55.99081785906124,5,0,0.0
ql-ROM-style within a fixed POD space,1600,100.352251335,3970,45,1972.5538330078125,common_POD_r32_gauge_fixed,16.166874415448593,58.50111843792406,5,0,0.0
ql-ROM-style within a fixed POD space,1600,100.352251335,3970,46,1980.3814697265625,common_POD_r32_gauge_fixed,16.4280117181574,57.619155451020745,5,0,0.0
ql-ROM-style within a fixed POD space,1600,100.352251335,3970,47,1988.208984375,common_POD_r32_gauge_fixed,16.85387996569,57.79671891715824,5,0,0.0
ql-ROM-style within a fixed POD space,1600,100.352251335,3970,48,1996.03662109375,common_POD_r32_gauge_fixed,17.218149184069727,61.85565002548713,5,0,0.0
ql-ROM-style within a fixed POD space,1600,149.059229449,7258,1,527.073486328125,common_POD_r32_gauge_fixed,0.4049830398695437,16.916117954304013,7,0,0.0
ql-ROM-style within a fixed POD space,1600,149.059229449,7258,2,531.9537963867188,common_POD_r32_gauge_fixed,0.6215795685374348,16.47251220628832,7,0,0.0
ql-ROM-style within a fixed POD space,1600,149.059229449,7258,3,536.8341064453125,common_POD_r32_gauge_fixed,0.6876076418100963,16.717782514766704,6,1,0.022823321158626605
ql-ROM-style within a fixed POD space,1600,149.059229449,7258,4,541.7144165039062,common_POD_r32_gauge_fixed,0.8467886367338506,16.51975474020891,6,0,0.0
ql-ROM-style within a fixed POD space,1600,149.059229449,7258,5,546.5947265625,common_POD_r32_gauge_fixed,1.0493531066845607,17.40513468643726,6,0,0.0
ql-ROM-style within a fixed POD space,1600,149.059229449,7258,6,551.4750366210938,common_POD_r32_gauge_fixed,1.2218041602673457,17.073506767196147,6,0,0.0
ql-ROM-style within a fixed POD space,1600,149.059229449,7258,7,556.3553466796875,common_POD_r32_gauge_fixed,0.939571606324096,16.752334013681487,7,1,0.037620250190044564
ql-ROM-style within a fixed POD space,1600,149.059229449,7258,8,561.2356567382812,common_POD_r32_gauge_fixed,1.080902962175917,16.681035544249134,7,0,0.0
ql-ROM-style within a fixed POD space,1600,149.059229449,7258,9,566.115966796875,common_POD_r32_gauge_fixed,1.2663611322581354,17.850427103977147,7,0,0.0
ql-ROM-style within a fixed POD space,1600,149.059229449,7258,10,570.9962768554688,common_POD_r32_gauge_fixed,1.4271203824525445,17.313498113279984,7,0,0.0
ql-ROM-style within a fixed POD space,1600,149.059229449,7258,11,575.8765869140625,common_POD_r32_gauge_fixed,1.38135249620826,17.036992966685595,6,1,0.03149122226396483
ql-ROM-style within a fixed POD space,1600,149.059229449,7258,12,580.7568969726562,common_POD_r32_gauge_fixed,1.523067209729009,16.592267438763308,6,0,0.0
ql-ROM-style within a fixed POD space,1600,149.059229449,7258,13,585.63720703125,common_POD_r32_gauge_fixed,1.6293785575524906,17.81306324349834,6,0,0.0
ql-ROM-style within a fixed POD space,1600,149.059229449,7258,14,590.5175170898438,common_POD_r32_gauge_fixed,1.7758021189735436,17.290318112754104,6,0,0.0
ql-ROM-style within a fixed POD space,1600,149.059229449,7258,15,595.3978271484375,common_POD_r32_gauge_fixed,1.4357701288403448,16.658560813448666,7,1,0.045464184519909225
ql-ROM-style within a fixed POD space,1600,149.059229449,7258,16,600.2781372070312,common_POD_r32_gauge_fixed,1.5927026337977677,17.057434599037695,7,0,0.0
ql-ROM-style within a fixed POD space,1600,149.059229449,7258,17,605.158447265625,common_POD_r32_gauge_fixed,1.757006678406444,18.005002058561395,7,0,0.0
ql-ROM-style within a fixed POD space,1600,149.059229449,7258,18,610.0387573242188,common_POD_r32_gauge_fixed,1.931713327041543,17.160901988032855,7,0,0.0
ql-ROM-style within a fixed POD space,1600,149.059229449,7258,19,614.9190673828125,common_POD_r32_gauge_fixed,1.9488257349428222,16.72568213604336,6,1,0.028397717411431208
ql-ROM-style within a fixed POD space,1600,149.059229449,7258,20,619.7993774414062,common_POD_r32_gauge_fixed,2.064390980378725,17.51518273772611,6,0,0.0
ql-ROM-style within a fixed POD space,1600,149.059229449,7258,21,624.6796875,common_POD_r32_gauge_fixed,2.1879665413086804,17.84722018308208,6,0,0.0
ql-ROM-style within a fixed POD space,1600,149.059229449,7258,22,629.5599975585938,common_POD_r32_gauge_fixed,2.0071683535254388,17.172262897635772,7,1,0.044796815869724664
ql-ROM-style within a fixed POD space,1600,149.059229449,7258,23,634.4403076171875,common_POD_r32_gauge_fixed,2.0985566451314073,16.83395063123346,7,0,0.0
ql-ROM-style within a fixed POD space,1600,149.059229449,7258,24,639.3206176757812,common_POD_r32_gauge_fixed,2.2519556788937223,18.381875594040192,7,0,0.0
ql-ROM-style within a fixed POD space,1600,149.059229449,7258,25,644.200927734375,common_POD_r32_gauge_fixed,2.4339037387108022,17.98764420844175,7,0,0.0
ql-ROM-style within a fixed POD space,1600,149.059229449,7258,26,649.0812377929688,common_POD_r32_gauge_fixed,2.466560037641569,17.98035414451164,6,1,0.03411642163670855
ql-ROM-style within a fixed POD space,1600,149.059229449,7258,27,653.9615478515625,common_POD_r32_gauge_fixed,2.565103745607818,17.295154390120125,6,0,0.0
ql-ROM-style within a fixed POD space,1600,149.059229449,7258,28,658.8418579101562,common_POD_r32_gauge_fixed,2.680232654795681,18.78809009167709,6,0,0.0
ql-ROM-style within a fixed POD space,1600,149.059229449,7258,29,663.72216796875,common_POD_r32_gauge_fixed,2.8295526323931814,18.175499327881575,6,0,0.0
ql-ROM-style within a fixed POD space,1600,149.059229449,7258,30,668.6024780273438,common_POD_r32_gauge_fixed,2.7230619509687712,18.243339713643934,7,1,0.03956570860550726
ql-ROM-style within a fixed POD space,1600,149.059229449,7258,31,673.4827880859375,common_POD_r32_gauge_fixed,2.817414769956321,18.035114738331252,7,0,0.0
ql-ROM-style within a fixed POD space,1600,149.059229449,7258,32,678.3630981445312,common_POD_r32_gauge_fixed,2.960331405616609,19.410407040410885,7,0,0.0
ql-ROM-style within a fixed POD space,1600,149.059229449,7258,33,683.243408203125,common_POD_r32_gauge_fixed,3.1327680138798857,18.528757448602875,7,0,0.0
ql-ROM-style within a fixed POD space,1600,149.059229449,7258,34,688.1237182617188,common_POD_r32_gauge_fixed,3.1528462344806085,18.96858584201867,6,1,0.03246725198933626
ql-ROM-style within a fixed POD space,1600,149.059229449,7258,35,693.0040283203125,common_POD_r32_gauge_fixed,3.234533053561437,19.006040408359027,6,0,0.0
ql-ROM-style within a fixed POD space,1600,149.059229449,7258,36,697.8843383789062,common_POD_r32_gauge_fixed,3.35564653336015,19.875682245656467,6,0,0.0
ql-ROM-style within a fixed POD space,1600,149.059229449,7258,37,702.7646484375,common_POD_r32_gauge_fixed,3.5090769145071956,19.07307186708706,6,0,0.0
ql-ROM-style within a fixed POD space,1600,149.059229449,7258,38,707.6449584960938,common_POD_r32_gauge_fixed,3.3886904298720073,19.52611511336293,7,1,0.038425558910908326
ql-ROM-style within a fixed POD space,1600,149.059229449,7258,39,712.5252685546875,common_POD_r32_gauge_fixed,3.488230673055939,19.891393495505874,7,0,0.0
ql-ROM-style within a fixed POD space,1600,149.059229449,7258,40,717.4055786132812,common_POD_r32_gauge_fixed,3.6413382103366856,20.315588858190548,7,0,0.0
ql-ROM-style within a fixed POD space,1600,149.059229449,7258,41,722.285888671875,common_POD_r32_gauge_fixed,3.80073388093411,19.73845433768052,7,0,0.0
ql-ROM-style within a fixed POD space,1600,149.059229449,7258,42,727.1661987304688,common_POD_r32_gauge_fixed,3.8002358431219054,20.220767082499055,6,1,0.03046185343255953
ql-ROM-style within a fixed POD space,1600,149.059229449,7258,43,732.0465087890625,common_POD_r32_gauge_fixed,3.873132624943549,20.83344037569772,6,0,0.0
ql-ROM-style within a fixed POD space,1600,149.059229449,7258,44,736.9268188476562,common_POD_r32_gauge_fixed,4.0022062533422265,20.795181276752107,6,0,0.0
ql-ROM-style within a fixed POD space,1600,149.059229449,7258,45,741.80712890625,common_POD_r32_gauge_fixed,3.970419380445915,20.91005348015433,7,1,0.038199831645860646
ql-ROM-style within a fixed POD space,1600,149.059229449,7258,46,746.6874389648438,common_POD_r32_gauge_fixed,4.000738979410262,20.859165936561062,7,0,0.0
ql-ROM-style within a fixed POD space,1600,149.059229449,7258,47,751.5677490234375,common_POD_r32_gauge_fixed,4.105281743817879,21.635793852292544,7,0,0.0
ql-ROM-style within a fixed POD space,1600,149.059229449,7258,48,756.4480590820312,common_POD_r32_gauge_fixed,4.265699333415575,21.235703289258623,7,0,0.0
ql-ROM-style within a fixed POD space,1600,149.059229449,7266,1,566.115966796875,common_POD_r32_gauge_fixed,0.32694762070738564,16.217351149891055,7,0,0.0
ql-ROM-style within a fixed POD space,1600,149.059229449,7266,2,570.9962768554688,common_POD_r32_gauge_fixed,0.5365195273802569,15.939699121772763,7,0,0.0
ql-ROM-style within a fixed POD space,1600,149.059229449,7266,3,575.8765869140625,common_POD_r32_gauge_fixed,0.6543883025973446,16.485499545209652,6,1,0.020286504339248845
ql-ROM-style within a fixed POD space,1600,149.059229449,7266,4,580.7568969726562,common_POD_r32_gauge_fixed,0.8241229898993898,16.13867896746028,6,0,0.0
ql-ROM-style within a fixed POD space,1600,149.059229449,7266,5,585.63720703125,common_POD_r32_gauge_fixed,0.9815977401514858,16.789009670702228,6,0,0.0
ql-ROM-style within a fixed POD space,1600,149.059229449,7266,6,590.5175170898438,common_POD_r32_gauge_fixed,1.1423475045684246,16.261121025161557,6,0,0.0
ql-ROM-style within a fixed POD space,1600,149.059229449,7266,7,595.3978271484375,common_POD_r32_gauge_fixed,0.9278404826346262,16.499581199307293,7,1,0.03497738979759299
ql-ROM-style within a fixed POD space,1600,149.059229449,7266,8,600.2781372070312,common_POD_r32_gauge_fixed,1.104189353149126,16.548907177990095,7,0,0.0
ql-ROM-style within a fixed POD space,1600,149.059229449,7266,9,605.158447265625,common_POD_r32_gauge_fixed,1.262084139108807,17.280411328803723,7,0,0.0
ql-ROM-style within a fixed POD space,1600,149.059229449,7266,10,610.0387573242188,common_POD_r32_gauge_fixed,1.41287034239808,16.51983567285781,7,0,0.0
ql-ROM-style within a fixed POD space,1600,149.059229449,7266,11,614.9190673828125,common_POD_r32_gauge_fixed,1.3170636246047465,16.50777340752015,6,1,0.03339935786249963
ql-ROM-style within a fixed POD space,1600,149.059229449,7266,12,619.7993774414062,common_POD_r32_gauge_fixed,1.455433362024711,16.78955226045395,6,0,0.0
ql-ROM-style within a fixed POD space,1600,149.059229449,7266,13,624.6796875,common_POD_r32_gauge_fixed,1.5667944027115754,17.42150301691925,6,0,0.0
ql-ROM-style within a fixed POD space,1600,149.059229449,7266,14,629.5599975585938,common_POD_r32_gauge_fixed,1.275750314053778,16.529521252605388,7,1,0.04460208027080986
ql-ROM-style within a fixed POD space,1600,149.059229449,7266,15,634.4403076171875,common_POD_r32_gauge_fixed,1.3392667751735576,16.297011532672013,7,0,0.0
ql-ROM-style within a fixed POD space,1600,149.059229449,7266,16,639.3206176757812,common_POD_r32_gauge_fixed,1.4994402698588238,17.219634625286936,7,0,0.0
ql-ROM-style within a fixed POD space,1600,149.059229449,7266,17,644.200927734375,common_POD_r32_gauge_fixed,1.6556129764363783,17.375826275732447,7,0,0.0
ql-ROM-style within a fixed POD space,1600,149.059229449,7266,18,649.0812377929688,common_POD_r32_gauge_fixed,1.8116906653678697,16.686335775201584,7,0,0.0
ql-ROM-style within a fixed POD space,1600,149.059229449,7266,19,653.9615478515625,common_POD_r32_gauge_fixed,1.7868841545706196,16.4325176477947,6,1,0.028814669811213913
ql-ROM-style within a fixed POD space,1600,149.059229449,7266,20,658.8418579101562,common_POD_r32_gauge_fixed,1.906149807260968,17.66652531331715,6,0,0.0
ql-ROM-style within a fixed POD space,1600,149.059229449,7266,21,663.72216796875,common_POD_r32_gauge_fixed,2.034053969504938,17.43307502495316,6,0,0.0
ql-ROM-style within a fixed POD space,1600,149.059229449,7266,22,668.6024780273438,common_POD_r32_gauge_fixed,1.8211159665464223,17.230439047929462,7,1,0.041433958752791655
ql-ROM-style within a fixed POD space,1600,149.059229449,7266,23,673.4827880859375,common_POD_r32_gauge_fixed,1.9384345910979313,16.872166066157067,7,0,0.0
ql-ROM-style within a fixed POD space,1600,149.059229449,7266,24,678.3630981445312,common_POD_r32_gauge_fixed,2.093147388434498,18.29864594339238,7,0,0.0
ql-ROM-style within a fixed POD space,1600,149.059229449,7266,25,683.243408203125,common_POD_r32_gauge_fixed,2.255915467536063,17.603045288849973,7,0,0.0
ql-ROM-style within a fixed POD space,1600,149.059229449,7266,26,688.1237182617188,common_POD_r32_gauge_fixed,2.225495606284384,17.734232435932135,6,1,0.033956702812757235
ql-ROM-style within a fixed POD space,1600,149.059229449,7266,27,693.0040283203125,common_POD_r32_gauge_fixed,2.3303905815823986,17.39545058216166,6,0,0.0
ql-ROM-style within a fixed POD space,1600,149.059229449,7266,28,697.8843383789062,common_POD_r32_gauge_fixed,2.4502733846619504,18.54131880733218,6,0,0.0
ql-ROM-style within a fixed POD space,1600,149.059229449,7266,29,702.7646484375,common_POD_r32_gauge_fixed,2.591614695947236,17.88846282202003,6,0,0.0
ql-ROM-style within a fixed POD space,1600,149.059229449,7266,30,707.6449584960938,common_POD_r32_gauge_fixed,2.462443496204957,18.04310461024196,7,1,0.03661235942147148
ql-ROM-style within a fixed POD space,1600,149.059229449,7266,31,712.5252685546875,common_POD_r32_gauge_fixed,2.567287923454313,18.10803255110618,7,0,0.0
ql-ROM-style within a fixed POD space,1600,149.059229449,7266,32,717.4055786132812,common_POD_r32_gauge_fixed,2.7090572913849202,18.937152054318357,7,0,0.0
ql-ROM-style within a fixed POD space,1600,149.059229449,7266,33,722.285888671875,common_POD_r32_gauge_fixed,2.856824904659141,18.25803871353723,7,0,0.0
ql-ROM-style within a fixed POD space,1600,149.059229449,7266,34,727.1661987304688,common_POD_r32_gauge_fixed,2.8292693425291766,18.542192499605274,6,1,0.03270679063331682
ql-ROM-style within a fixed POD space,1600,149.059229449,7266,35,732.0465087890625,common_POD_r32_gauge_fixed,2.918135496383303,18.91560274311353,6,0,0.0
ql-ROM-style within a fixed POD space,1600,149.059229449,7266,36,736.9268188476562,common_POD_r32_gauge_fixed,3.0381289864763623,19.31895450551092,6,0,0.0
ql-ROM-style within a fixed POD space,1600,149.059229449,7266,37,741.80712890625,common_POD_r32_gauge_fixed,3.1689298378175765,18.69102846161815,6,0,0.0
ql-ROM-style within a fixed POD space,1600,149.059229449,7266,38,746.6874389648438,common_POD_r32_gauge_fixed,3.0222528590786375,18.911233806318943,7,1,0.03717718601772819
ql-ROM-style within a fixed POD space,1600,149.059229449,7266,39,751.5677490234375,common_POD_r32_gauge_fixed,3.11873574910802,19.52571225494386,7,0,0.0
ql-ROM-style within a fixed POD space,1600,149.059229449,7266,40,756.4480590820312,common_POD_r32_gauge_fixed,3.2595134694630197,19.54803836352241,7,0,0.0
ql-ROM-style within a fixed POD space,1600,149.059229449,7266,41,761.328369140625,common_POD_r32_gauge_fixed,3.382897586947755,19.20354000774962,7,0,0.0
ql-ROM-style within a fixed POD space,1600,149.059229449,7266,42,766.2086791992188,common_POD_r32_gauge_fixed,3.3287397154521186,19.38990291357836,6,1,0.032556905761276816
ql-ROM-style within a fixed POD space,1600,149.059229449,7266,43,771.0889892578125,common_POD_r32_gauge_fixed,3.4077016451324424,20.201178696867814,6,0,0.0
ql-ROM-style within a fixed POD space,1600,149.059229449,7266,44,775.9692993164062,common_POD_r32_gauge_fixed,3.523044573184074,19.902621631996713,6,0,0.0
ql-ROM-style within a fixed POD space,1600,149.059229449,7266,45,780.849609375,common_POD_r32_gauge_fixed,3.439395667588145,20.193630975977676,7,1,0.037127187519267565
ql-ROM-style within a fixed POD space,1600,149.059229449,7266,46,785.7299194335938,common_POD_r32_gauge_fixed,3.4838004394296607,19.948638623612556,7,0,0.0
ql-ROM-style within a fixed POD space,1600,149.059229449,7266,47,790.6102294921875,common_POD_r32_gauge_fixed,3.588799091796451,20.72773711627074,7,0,0.0
ql-ROM-style within a fixed POD space,1600,149.059229449,7266,48,795.4905395507812,common_POD_r32_gauge_fixed,3.7229068126468827,20.253145560939608,7,0,0.0
ql-ROM-style within a fixed POD space,1600,149.059229449,7282,1,644.200927734375,common_POD_r32_gauge_fixed,0.2591458717035768,15.90489829660008,7,0,0.0
ql-ROM-style within a fixed POD space,1600,149.059229449,7282,2,649.0812377929688,common_POD_r32_gauge_fixed,0.4830559553758799,15.944109185543667,7,0,0.0
ql-ROM-style within a fixed POD space,1600,149.059229449,7282,3,653.9615478515625,common_POD_r32_gauge_fixed,0.6102561560911834,16.05311213160871,6,1,0.015095357050566563
ql-ROM-style within a fixed POD space,1600,149.059229449,7282,4,658.8418579101562,common_POD_r32_gauge_fixed,0.7859640586537054,16.333207847360672,6,0,0.0
ql-ROM-style within a fixed POD space,1600,149.059229449,7282,5,663.72216796875,common_POD_r32_gauge_fixed,0.9329751537159021,16.29654173467753,6,0,0.0
ql-ROM-style within a fixed POD space,1600,149.059229449,7282,6,668.6024780273438,common_POD_r32_gauge_fixed,0.769798782700731,16.310185882826836,7,1,0.030378149708963933
ql-ROM-style within a fixed POD space,1600,149.059229449,7282,7,673.4827880859375,common_POD_r32_gauge_fixed,0.919633500046548,16.153751794555735,7,0,0.0
ql-ROM-style within a fixed POD space,1600,149.059229449,7282,8,678.3630981445312,common_POD_r32_gauge_fixed,1.0907399103320297,17.028618581210324,7,0,0.0
ql-ROM-style within a fixed POD space,1600,149.059229449,7282,9,683.243408203125,common_POD_r32_gauge_fixed,1.2296155336704988,16.604519476356955,7,0,0.0
ql-ROM-style within a fixed POD space,1600,149.059229449,7282,10,688.1237182617188,common_POD_r32_gauge_fixed,1.092767241043652,16.59679029983801,6,1,0.031886697522844745
ql-ROM-style within a fixed POD space,1600,149.059229449,7282,11,693.0040283203125,common_POD_r32_gauge_fixed,1.2552770392878891,16.096987300125356,6,0,0.0
ql-ROM-style within a fixed POD space,1600,149.059229449,7282,12,697.8843383789062,common_POD_r32_gauge_fixed,1.3824215033984586,17.423200903199984,6,0,0.0
ql-ROM-style within a fixed POD space,1600,149.059229449,7282,13,702.7646484375,common_POD_r32_gauge_fixed,1.5057374942216504,16.88676312921961,6,0,0.0
ql-ROM-style within a fixed POD space,1600,149.059229449,7282,14,707.6449584960938,common_POD_r32_gauge_fixed,1.1942515952124482,16.702958203811708,7,1,0.04016519498629249
ql-ROM-style within a fixed POD space,1600,149.059229449,7282,15,712.5252685546875,common_POD_r32_gauge_fixed,1.3440925608918453,16.49416520646981,7,0,0.0
ql-ROM-style within a fixed POD space,1600,149.059229449,7282,16,717.4055786132812,common_POD_r32_gauge_fixed,1.483701055807336,17.62612872104986,7,0,0.0
ql-ROM-style within a fixed POD space,1600,149.059229449,7282,17,722.285888671875,common_POD_r32_gauge_fixed,1.6167209792979702,16.999938803946904,7,0,0.0
ql-ROM-style within a fixed POD space,1600,149.059229449,7282,18,727.1661987304688,common_POD_r32_gauge_fixed,1.5549618123921372,16.990685750764037,6,1,0.030108833288352493
ql-ROM-style within a fixed POD space,1600,149.059229449,7282,19,732.0465087890625,common_POD_r32_gauge_fixed,1.6917652086849133,16.8470364973185,6,0,0.0
ql-ROM-style within a fixed POD space,1600,149.059229449,7282,20,736.9268188476562,common_POD_r32_gauge_fixed,1.8100213916908463,17.91322863160662,6,0,0.0
ql-ROM-style within a fixed POD space,1600,149.059229449,7282,21,741.80712890625,common_POD_r32_gauge_fixed,1.9439523444655198,17.181123238327416,6,0,0.0
ql-ROM-style within a fixed POD space,1600,149.059229449,7282,22,746.6874389648438,common_POD_r32_gauge_fixed,1.7278774696937824,17.18024416852883,7,1,0.03842384311331503
ql-ROM-style within a fixed POD space,1600,149.059229449,7282,23,751.5677490234375,common_POD_r32_gauge_fixed,1.868049431741712,17.48287169374601,7,0,0.0
ql-ROM-style within a fixed POD space,1600,149.059229449,7282,24,756.4480590820312,common_POD_r32_gauge_fixed,2.0120564217850587,18.076513911445588,7,0,0.0
ql-ROM-style within a fixed POD space,1600,149.059229449,7282,25,761.328369140625,common_POD_r32_gauge_fixed,2.142138708512843,17.46237218760122,7,0,0.0
ql-ROM-style within a fixed POD space,1600,149.059229449,7282,26,766.2086791992188,common_POD_r32_gauge_fixed,2.1059184564330806,17.48402134088229,6,1,0.0293916916805717
ql-ROM-style within a fixed POD space,1600,149.059229449,7282,27,771.0889892578125,common_POD_r32_gauge_fixed,2.220217052733292,18.00916565397075,6,0,0.0
ql-ROM-style within a fixed POD space,1600,149.059229449,7282,28,775.9692993164062,common_POD_r32_gauge_fixed,2.3413764150525345,18.328639499170777,6,0,0.0
ql-ROM-style within a fixed POD space,1600,149.059229449,7282,29,780.849609375,common_POD_r32_gauge_fixed,2.203057377739552,18.09680813834954,7,1,0.039297679921862665
ql-ROM-style within a fixed POD space,1600,149.059229449,7282,30,785.7299194335938,common_POD_r32_gauge_fixed,2.2739070145240725,17.854402172084804,7,0,0.0
ql-ROM-style within a fixed POD space,1600,149.059229449,7282,31,790.6102294921875,common_POD_r32_gauge_fixed,2.407905492672122,18.665422914876117,7,0,0.0
ql-ROM-style within a fixed POD space,1600,149.059229449,7282,32,795.4905395507812,common_POD_r32_gauge_fixed,2.549683763745614,18.5205424299751,7,0,0.0
ql-ROM-style within a fixed POD space,1600,149.059229449,7282,33,800.370849609375,common_POD_r32_gauge_fixed,2.5200887212357177,18.720553446928463,6,1,0.03420512747142429
ql-ROM-style within a fixed POD space,1600,149.059229449,7282,34,805.2511596679688,common_POD_r32_gauge_fixed,2.5843864604629854,18.220159621214655,6,0,0.0
ql-ROM-style within a fixed POD space,1600,149.059229449,7282,35,810.1314697265625,common_POD_r32_gauge_fixed,2.6865820612015447,19.057659847296467,6,0,0.0
ql-ROM-style within a fixed POD space,1600,149.059229449,7282,36,815.0117797851562,common_POD_r32_gauge_fixed,2.8054187071582017,18.787875530717756,6,0,0.0
ql-ROM-style within a fixed POD space,1600,149.059229449,7282,37,819.89208984375,common_POD_r32_gauge_fixed,2.69911699969548,18.979752861541623,7,1,0.035091196801718856
ql-ROM-style within a fixed POD space,1600,149.059229449,7282,38,824.7723999023438,common_POD_r32_gauge_fixed,2.766412235313632,18.695070927848064,7,0,0.0
ql-ROM-style within a fixed POD space,1600,149.059229449,7282,39,829.6527099609375,common_POD_r32_gauge_fixed,2.8840387376609495,19.500761508471324,7,0,0.0
ql-ROM-style within a fixed POD space,1600,149.059229449,7282,40,834.5330200195312,common_POD_r32_gauge_fixed,3.0108179816002796,19.036022192853615,7,0,0.0
ql-ROM-style within a fixed POD space,1600,149.059229449,7282,41,839.413330078125,common_POD_r32_gauge_fixed,2.9732140963658353,19.384060911749284,6,1,0.03287579988229959
ql-ROM-style within a fixed POD space,1600,149.059229449,7282,42,844.2936401367188,common_POD_r32_gauge_fixed,3.0283401939566668,19.092714548134364,6,0,0.0
ql-ROM-style within a fixed POD space,1600,149.059229449,7282,43,849.1739501953125,common_POD_r32_gauge_fixed,3.120064708318641,19.82469878898017,6,0,0.0
ql-ROM-style within a fixed POD space,1600,149.059229449,7282,44,854.0542602539062,common_POD_r32_gauge_fixed,3.230322092787235,19.332533367635424,6,0,0.0
ql-ROM-style within a fixed POD space,1600,149.059229449,7282,45,858.9345703125,common_POD_r32_gauge_fixed,3.0993567268551807,19.5636456807486,7,1,0.03550544792487923
ql-ROM-style within a fixed POD space,1600,149.059229449,7282,46,863.8148803710938,common_POD_r32_gauge_fixed,3.158857861933908,19.542563839171013,7,0,0.0
ql-ROM-style within a fixed POD space,1600,149.059229449,7282,47,868.6951904296875,common_POD_r32_gauge_fixed,3.2721127082548223,20.040105847907867,7,0,0.0
ql-ROM-style within a fixed POD space,1600,149.059229449,7282,48,873.5755004882812,common_POD_r32_gauge_fixed,3.386194669222157,19.598329332743276,7,0,0.0
ql-ROM-style within a fixed POD space,1600,149.059229449,7298,1,722.285888671875,common_POD_r32_gauge_fixed,0.25724268039954135,16.068165344141065,7,0,0.0
ql-ROM-style within a fixed POD space,1600,149.059229449,7298,2,727.1661987304688,common_POD_r32_gauge_fixed,0.4185360410542715,16.45352730105845,6,1,0.010519892061651288
ql-ROM-style within a fixed POD space,1600,149.059229449,7298,3,732.0465087890625,common_POD_r32_gauge_fixed,0.6140373895359341,16.086155506930304,6,0,0.0
ql-ROM-style within a fixed POD space,1600,149.059229449,7298,4,736.9268188476562,common_POD_r32_gauge_fixed,0.7821594780962553,16.596164309927676,6,0,0.0
ql-ROM-style within a fixed POD space,1600,149.059229449,7298,5,741.80712890625,common_POD_r32_gauge_fixed,0.9405550670267302,16.07290262439023,6,0,0.0
ql-ROM-style within a fixed POD space,1600,149.059229449,7298,6,746.6874389648438,common_POD_r32_gauge_fixed,0.7778558374829165,16.421438013772594,7,1,0.027635307490995457
ql-ROM-style within a fixed POD space,1600,149.059229449,7298,7,751.5677490234375,common_POD_r32_gauge_fixed,0.9680867368146897,16.48401394291216,7,0,0.0
ql-ROM-style within a fixed POD space,1600,149.059229449,7298,8,756.4480590820312,common_POD_r32_gauge_fixed,1.1289626536354056,17.02823102621012,7,0,0.0
ql-ROM-style within a fixed POD space,1600,149.059229449,7298,9,761.328369140625,common_POD_r32_gauge_fixed,1.2653762561017283,16.219930531938694,7,0,0.0
ql-ROM-style within a fixed POD space,1600,149.059229449,7298,10,766.2086791992188,common_POD_r32_gauge_fixed,1.151938149180226,16.38173482958644,6,1,0.030905746463477806
ql-ROM-style within a fixed POD space,1600,149.059229449,7298,11,771.0889892578125,common_POD_r32_gauge_fixed,1.3169764883365012,16.73762731134768,6,0,0.0
ql-ROM-style within a fixed POD space,1600,149.059229449,7298,12,775.9692993164062,common_POD_r32_gauge_fixed,1.4482141196998355,17.39135615330679,6,0,0.0
ql-ROM-style within a fixed POD space,1600,149.059229449,7298,13,780.849609375,common_POD_r32_gauge_fixed,1.2305258030329052,16.760384793098737,7,1,0.038517029751977974
ql-ROM-style within a fixed POD space,1600,149.059229449,7298,14,785.7299194335938,common_POD_r32_gauge_fixed,1.3234167709170919,16.607815170873234,7,0,0.0
ql-ROM-style within a fixed POD space,1600,149.059229449,7298,15,790.6102294921875,common_POD_r32_gauge_fixed,1.4837191675610881,17.228080681548185,7,0,0.0
ql-ROM-style within a fixed POD space,1600,149.059229449,7298,16,795.4905395507812,common_POD_r32_gauge_fixed,1.6202742882376708,17.46112784480506,7,0,0.0
ql-ROM-style within a fixed POD space,1600,149.059229449,7298,17,800.370849609375,common_POD_r32_gauge_fixed,1.75305066958446,16.90994107556484,7,0,0.0
ql-ROM-style within a fixed POD space,1600,149.059229449,7298,18,805.2511596679688,common_POD_r32_gauge_fixed,1.693486978089277,16.86341525365456,6,1,0.030526866039721372
ql-ROM-style within a fixed POD space,1600,149.059229449,7298,19,810.1314697265625,common_POD_r32_gauge_fixed,1.8276768775146934,17.767969559547208,6,0,0.0
ql-ROM-style within a fixed POD space,1600,149.059229449,7298,20,815.0117797851562,common_POD_r32_gauge_fixed,1.9588551923612314,17.750668386330183,6,0,0.0
ql-ROM-style within a fixed POD space,1600,149.059229449,7298,21,819.89208984375,common_POD_r32_gauge_fixed,1.7880607575341614,17.629402887027478,7,1,0.03788440788666941
ql-ROM-style within a fixed POD space,1600,149.059229449,7298,22,824.7723999023438,common_POD_r32_gauge_fixed,1.9064668778937013,17.311351715323116,7,0,0.0
ql-ROM-style within a fixed POD space,1600,149.059229449,7298,23,829.6527099609375,common_POD_r32_gauge_fixed,2.055290240574069,18.27487933939395,7,0,0.0
ql-ROM-style within a fixed POD space,1600,149.059229449,7298,24,834.5330200195312,common_POD_r32_gauge_fixed,2.1978915959849123,17.898586158120708,7,0,0.0
ql-ROM-style within a fixed POD space,1600,149.059229449,7298,25,839.413330078125,common_POD_r32_gauge_fixed,2.181884297492799,18.09890317285979,6,1,0.029678257345197405
ql-ROM-style within a fixed POD space,1600,149.059229449,7298,26,844.2936401367188,common_POD_r32_gauge_fixed,2.2829446466412104,17.64436478106678,6,0,0.0
ql-ROM-style within a fixed POD space,1600,149.059229449,7298,27,849.1739501953125,common_POD_r32_gauge_fixed,2.40003742155754,18.701859929224042,6,0,0.0
ql-ROM-style within a fixed POD space,1600,149.059229449,7298,28,854.0542602539062,common_POD_r32_gauge_fixed,2.5345209096154826,18.209142505948474,6,0,0.0
ql-ROM-style within a fixed POD space,1600,149.059229449,7298,29,858.9345703125,common_POD_r32_gauge_fixed,2.3733639263916837,18.389843366851633,7,1,0.03880277122114463
ql-ROM-style within a fixed POD space,1600,149.059229449,7298,30,863.8148803710938,common_POD_r32_gauge_fixed,2.4818113637490855,18.314737060815386,7,0,0.0
ql-ROM-style within a fixed POD space,1600,149.059229449,7298,31,868.6951904296875,common_POD_r32_gauge_fixed,2.6248811488334076,19.078709743723266,7,0,0.0
ql-ROM-style within a fixed POD space,1600,149.059229449,7298,32,873.5755004882812,common_POD_r32_gauge_fixed,2.7620068508616638,18.54597383230614,7,0,0.0
ql-ROM-style within a fixed POD space,1600,149.059229449,7298,33,878.455810546875,common_POD_r32_gauge_fixed,2.7062091981376524,18.805552774680454,6,1,0.034193780598035475
ql-ROM-style within a fixed POD space,1600,149.059229449,7298,34,883.3361206054688,common_POD_r32_gauge_fixed,2.7936108975216474,18.814050190782744,6,0,0.0
ql-ROM-style within a fixed POD space,1600,149.059229449,7298,35,888.2164306640625,common_POD_r32_gauge_fixed,2.9081456068815053,19.336708745286828,6,0,0.0
ql-ROM-style within a fixed POD space,1600,149.059229449,7298,36,893.0967407226562,common_POD_r32_gauge_fixed,3.031112972504957,18.896787160975308,6,0,0.0
ql-ROM-style within a fixed POD space,1600,149.059229449,7298,37,897.97705078125,common_POD_r32_gauge_fixed,2.9037294219319474,19.093040625798686,7,1,0.034690312630298224
ql-ROM-style within a fixed POD space,1600,149.059229449,7298,38,902.8573608398438,common_POD_r32_gauge_fixed,2.9985723225151353,19.397794605837444,7,0,0.0
ql-ROM-style within a fixed POD space,1600,149.059229449,7298,39,907.7376708984375,common_POD_r32_gauge_fixed,3.132051189713821,19.60385500193709,7,0,0.0
ql-ROM-style within a fixed POD space,1600,149.059229449,7298,40,912.6179809570312,common_POD_r32_gauge_fixed,3.2514263429691748,19.320260197598408,7,0,0.0
ql-ROM-style within a fixed POD space,1600,149.059229449,7298,41,917.498291015625,common_POD_r32_gauge_fixed,3.190999147522122,19.454001528022907,6,1,0.03278977984239717
ql-ROM-style within a fixed POD space,1600,149.059229449,7298,42,922.3786010742188,common_POD_r32_gauge_fixed,3.2663213759041625,19.94113312379821,6,0,0.0
ql-ROM-style within a fixed POD space,1600,149.059229449,7298,43,927.2589111328125,common_POD_r32_gauge_fixed,3.376814536118946,19.883152807040968,6,0,0.0
ql-ROM-style within a fixed POD space,1600,149.059229449,7298,44,932.1392211914062,common_POD_r32_gauge_fixed,3.305682257610503,19.98261508078842,7,1,0.035230149019287026
ql-ROM-style within a fixed POD space,1600,149.059229449,7298,45,937.01953125,common_POD_r32_gauge_fixed,3.330412873862651,19.752347762636866,7,0,0.0
ql-ROM-style within a fixed POD space,1600,149.059229449,7298,46,941.8998413085938,common_POD_r32_gauge_fixed,3.4258580858875405,20.39554522168099,7,0,0.0
ql-ROM-style within a fixed POD space,1600,149.059229449,7298,47,946.7801513671875,common_POD_r32_gauge_fixed,3.554235239779082,20.08897407261752,7,0,0.0
ql-ROM-style within a fixed POD space,1600,149.059229449,7298,48,951.6604614257812,common_POD_r32_gauge_fixed,3.553913820393516,20.51711864226079,6,1,0.03260959999502698
ql-ROM-style within a fixed POD space,1600,149.059229449,7306,1,761.328369140625,common_POD_r32_gauge_fixed,0.26222685092438014,16.203873149245748,7,0,0.0
ql-ROM-style within a fixed POD space,1600,149.059229449,7306,2,766.2086791992188,common_POD_r32_gauge_fixed,0.4309768748026304,16.380249627393454,6,1,0.00911142549911567
ql-ROM-style within a fixed POD space,1600,149.059229449,7306,3,771.0889892578125,common_POD_r32_gauge_fixed,0.6221571782227682,16.255521609010874,6,0,0.0
ql-ROM-style within a fixed POD space,1600,149.059229449,7306,4,775.9692993164062,common_POD_r32_gauge_fixed,0.787799978792892,16.5448505071371,6,0,0.0
ql-ROM-style within a fixed POD space,1600,149.059229449,7306,5,780.849609375,common_POD_r32_gauge_fixed,0.951486605228012,16.057132999043045,6,0,0.0
ql-ROM-style within a fixed POD space,1600,149.059229449,7306,6,785.7299194335938,common_POD_r32_gauge_fixed,0.80157088841857,16.36724393702819,7,1,0.026720833537357717
ql-ROM-style within a fixed POD space,1600,149.059229449,7306,7,790.6102294921875,common_POD_r32_gauge_fixed,0.993414621970134,16.779188721982585,7,0,0.0
ql-ROM-style within a fixed POD space,1600,149.059229449,7306,8,795.4905395507812,common_POD_r32_gauge_fixed,1.1506868384972888,16.842164043401596,7,0,0.0
ql-ROM-style within a fixed POD space,1600,149.059229449,7306,9,800.370849609375,common_POD_r32_gauge_fixed,1.2923116908054377,16.13076809728735,7,0,0.0
ql-ROM-style within a fixed POD space,1600,149.059229449,7306,10,805.2511596679688,common_POD_r32_gauge_fixed,1.1859687306443327,16.262379174120607,6,1,0.030650491346404005
ql-ROM-style within a fixed POD space,1600,149.059229449,7306,11,810.1314697265625,common_POD_r32_gauge_fixed,1.3442054897352071,17.138255580255365,6,0,0.0
ql-ROM-style within a fixed POD space,1600,149.059229449,7306,12,815.0117797851562,common_POD_r32_gauge_fixed,1.481369760523819,17.19490770655924,6,0,0.0
ql-ROM-style within a fixed POD space,1600,149.059229449,7306,13,819.89208984375,common_POD_r32_gauge_fixed,1.2414231143599055,16.9206590767528,7,1,0.038103946872593254
ql-ROM-style within a fixed POD space,1600,149.059229449,7306,14,824.7723999023438,common_POD_r32_gauge_fixed,1.384058352048297,16.62021093399843,7,0,0.0
ql-ROM-style within a fixed POD space,1600,149.059229449,7306,15,829.6527099609375,common_POD_r32_gauge_fixed,1.5402556583814198,17.567218400579716,7,0,0.0
ql-ROM-style within a fixed POD space,1600,149.059229449,7306,16,834.5330200195312,common_POD_r32_gauge_fixed,1.679240803777814,17.299679134857758,7,0,0.0
ql-ROM-style within a fixed POD space,1600,149.059229449,7306,17,839.413330078125,common_POD_r32_gauge_fixed,1.6269348502898184,17.35689925026409,6,1,0.030616380484114036
ql-ROM-style within a fixed POD space,1600,149.059229449,7306,18,844.2936401367188,common_POD_r32_gauge_fixed,1.7629654052982224,16.88214216636669,6,0,0.0
ql-ROM-style within a fixed POD space,1600,149.059229449,7306,19,849.1739501953125,common_POD_r32_gauge_fixed,1.8941461574173117,18.052898680727196,6,0,0.0
ql-ROM-style within a fixed POD space,1600,149.059229449,7306,20,854.0542602539062,common_POD_r32_gauge_fixed,2.03217704420953,17.61456670491067,6,0,0.0
ql-ROM-style within a fixed POD space,1600,149.059229449,7306,21,858.9345703125,common_POD_r32_gauge_fixed,1.8631723369507098,17.651993474815136,7,1,0.03774939183655678
ql-ROM-style within a fixed POD space,1600,149.059229449,7306,22,863.8148803710938,common_POD_r32_gauge_fixed,1.9942395953446534,17.494278847290886,7,0,0.0
ql-ROM-style within a fixed POD space,1600,149.059229449,7306,23,868.6951904296875,common_POD_r32_gauge_fixed,2.143932392535334,18.39543621355566,7,0,0.0
ql-ROM-style within a fixed POD space,1600,149.059229449,7306,24,873.5755004882812,common_POD_r32_gauge_fixed,2.2867365921273333,17.854106955874748,7,0,0.0
ql-ROM-style within a fixed POD space,1600,149.059229449,7306,25,878.455810546875,common_POD_r32_gauge_fixed,2.2678212197798033,18.038780851957554,6,1,0.029742948153855506
ql-ROM-style within a fixed POD space,1600,149.059229449,7306,26,883.3361206054688,common_POD_r32_gauge_fixed,2.376992242758226,17.956048192715837,6,0,0.0
ql-ROM-style within a fixed POD space,1600,149.059229449,7306,27,888.2164306640625,common_POD_r32_gauge_fixed,2.5013325237931134,18.776397722553046,6,0,0.0
ql-ROM-style within a fixed POD space,1600,149.059229449,7306,28,893.0967407226562,common_POD_r32_gauge_fixed,2.6398223294365533,18.19346526066796,6,0,0.0
ql-ROM-style within a fixed POD space,1600,149.059229449,7306,29,897.97705078125,common_POD_r32_gauge_fixed,2.472422120271889,18.38633509796166,7,1,0.03867166669814596
ql-ROM-style within a fixed POD space,1600,149.059229449,7306,30,902.8573608398438,common_POD_r32_gauge_fixed,2.5945756405680322,18.699369947614215,7,0,0.0
ql-ROM-style within a fixed POD space,1600,149.059229449,7306,31,907.7376708984375,common_POD_r32_gauge_fixed,2.74450160058073,19.058286636132095,7,0,0.0
ql-ROM-style within a fixed POD space,1600,149.059229449,7306,32,912.6179809570312,common_POD_r32_gauge_fixed,2.8773628341445976,18.64826311226641,7,0,0.0
ql-ROM-style within a fixed POD space,1600,149.059229449,7306,33,917.498291015625,common_POD_r32_gauge_fixed,2.8138485360363856,18.81069651283413,6,1,0.03419634094083528
ql-ROM-style within a fixed POD space,1600,149.059229449,7306,34,922.3786010742188,common_POD_r32_gauge_fixed,2.9097016687349058,19.242838850258458,6,0,0.0
ql-ROM-style within a fixed POD space,1600,149.059229449,7306,35,927.2589111328125,common_POD_r32_gauge_fixed,3.03182378362629,19.339996653576076,6,0,0.0
ql-ROM-style within a fixed POD space,1600,149.059229449,7306,36,932.1392211914062,common_POD_r32_gauge_fixed,2.9753571913916055,19.405471547493754,7,1,0.03458509039563752
ql-ROM-style within a fixed POD space,1600,149.059229449,7306,37,937.01953125,common_POD_r32_gauge_fixed,3.019283587529134,19.18880990059278,7,0,0.0
ql-ROM-style within a fixed POD space,1600,149.059229449,7306,38,941.8998413085938,common_POD_r32_gauge_fixed,3.1313243630639196,19.818365769644355,7,0,0.0
ql-ROM-style within a fixed POD space,1600,149.059229449,7306,39,946.7801513671875,common_POD_r32_gauge_fixed,3.2687974607482557,19.61503343008633,7,0,0.0
ql-ROM-style within a fixed POD space,1600,149.059229449,7306,40,951.6604614257812,common_POD_r32_gauge_fixed,3.2746133615131874,20.00513777410775,6,1,0.03276505348400147
ql-ROM-style within a fixed POD space,1600,149.059229449,7306,41,956.540771484375,common_POD_r32_gauge_fixed,3.311441831057823,19.566673928890886,6,0,0.0
ql-ROM-style within a fixed POD space,1600,149.059229449,7306,42,961.4210815429688,common_POD_r32_gauge_fixed,3.4008844975139776,20.291483158836336,6,0,0.0
ql-ROM-style within a fixed POD space,1600,149.059229449,7306,43,966.3013916015625,common_POD_r32_gauge_fixed,3.519003548506345,19.8949749861422,6,0,0.0
ql-ROM-style within a fixed POD space,1600,149.059229449,7306,44,971.1817016601562,common_POD_r32_gauge_fixed,3.422224891399237,20.232475525136834,7,1,0.0351563996606692
ql-ROM-style within a fixed POD space,1600,149.059229449,7306,45,976.06201171875,common_POD_r32_gauge_fixed,3.4663561829919756,20.002161936459498,7,0,0.0
ql-ROM-style within a fixed POD space,1600,149.059229449,7306,46,980.9423217773438,common_POD_r32_gauge_fixed,3.576235810347337,20.687545292509903,7,0,0.0
ql-ROM-style within a fixed POD space,1600,149.059229449,7306,47,985.8226318359375,common_POD_r32_gauge_fixed,3.706154517139327,20.181880321177346,7,0,0.0
ql-ROM-style within a fixed POD space,1600,149.059229449,7306,48,990.7029418945312,common_POD_r32_gauge_fixed,3.6807813223062307,20.67067835811727,6,1,0.03257842338707927
ql-ROM-style within a fixed POD space,1600,149.059229449,7322,1,839.413330078125,common_POD_r32_gauge_fixed,0.2739888273541014,16.40298183129178,7,0,0.0
ql-ROM-style within a fixed POD space,1600,149.059229449,7322,2,844.2936401367188,common_POD_r32_gauge_fixed,0.518893949555852,16.206163994166488,6,1,0.009256011102860428
ql-ROM-style within a fixed POD space,1600,149.059229449,7322,3,849.1739501953125,common_POD_r32_gauge_fixed,0.7094337444717468,16.576702575235345,6,0,0.0
ql-ROM-style within a fixed POD space,1600,149.059229449,7322,4,854.0542602539062,common_POD_r32_gauge_fixed,0.8667194760650525,16.134810331111407,6,0,0.0
ql-ROM-style within a fixed POD space,1600,149.059229449,7322,5,858.9345703125,common_POD_r32_gauge_fixed,0.6597632992284554,16.472787535205356,7,1,0.027173370222185435
ql-ROM-style within a fixed POD space,1600,149.059229449,7322,6,863.8148803710938,common_POD_r32_gauge_fixed,0.831290382676221,16.38240655080152,7,0,0.0
ql-ROM-style within a fixed POD space,1600,149.059229449,7322,7,868.6951904296875,common_POD_r32_gauge_fixed,1.0087213946842863,17.045984541766295,7,0,0.0
ql-ROM-style within a fixed POD space,1600,149.059229449,7322,8,873.5755004882812,common_POD_r32_gauge_fixed,1.1470594172385036,16.343840676605804,7,0,0.0
ql-ROM-style within a fixed POD space,1600,149.059229449,7322,9,878.455810546875,common_POD_r32_gauge_fixed,1.0001038471749684,16.56176960385,6,1,0.030891486116972205
ql-ROM-style within a fixed POD space,1600,149.059229449,7322,10,883.3361206054688,common_POD_r32_gauge_fixed,1.1713172564312173,16.297427282053352,6,0,0.0
ql-ROM-style within a fixed POD space,1600,149.059229449,7322,11,888.2164306640625,common_POD_r32_gauge_fixed,1.3081592313232406,17.37810821235959,6,0,0.0
ql-ROM-style within a fixed POD space,1600,149.059229449,7322,12,893.0967407226562,common_POD_r32_gauge_fixed,1.4437611542301116,16.709349843002084,6,0,0.0
ql-ROM-style within a fixed POD space,1600,149.059229449,7322,13,897.97705078125,common_POD_r32_gauge_fixed,1.1992576297242779,16.72962369800497,7,1,0.036647421529834544
ql-ROM-style within a fixed POD space,1600,149.059229449,7322,14,902.8573608398438,common_POD_r32_gauge_fixed,1.3539855733383592,16.821896929243565,7,0,0.0
ql-ROM-style within a fixed POD space,1600,149.059229449,7322,15,907.7376708984375,common_POD_r32_gauge_fixed,1.4944277636546262,17.534147557562076,7,0,0.0
ql-ROM-style within a fixed POD space,1600,149.059229449,7322,16,912.6179809570312,common_POD_r32_gauge_fixed,1.6231556288877087,16.89116231584043,7,0,0.0
ql-ROM-style within a fixed POD space,1600,149.059229449,7322,17,917.498291015625,common_POD_r32_gauge_fixed,1.532458608367908,16.98137518750492,6,1,0.03200977485797008
ql-ROM-style within a fixed POD space,1600,149.059229449,7322,18,922.3786010742188,common_POD_r32_gauge_fixed,1.67310244257443,17.252843814067052,6,0,0.0
ql-ROM-style within a fixed POD space,1600,149.059229449,7322,19,927.2589111328125,common_POD_r32_gauge_fixed,1.7992597003091964,17.88263424770792,6,0,0.0
ql-ROM-style within a fixed POD space,1600,149.059229449,7322,20,932.1392211914062,common_POD_r32_gauge_fixed,1.691604446642094,17.470677334553034,7,1,0.0365152801798085
ql-ROM-style within a fixed POD space,1600,149.059229449,7322,21,937.01953125,common_POD_r32_gauge_fixed,1.7562618517692825,17.29552044529635,7,0,0.0
ql-ROM-style within a fixed POD space,1600,149.059229449,7322,22,941.8998413085938,common_POD_r32_gauge_fixed,1.8997289705026046,17.80919047666975,7,0,0.0
ql-ROM-style within a fixed POD space,1600,149.059229449,7322,23,946.7801513671875,common_POD_r32_gauge_fixed,2.0359587716762144,18.017717127691242,7,0,0.0
ql-ROM-style within a fixed POD space,1600,149.059229449,7322,24,951.6604614257812,common_POD_r32_gauge_fixed,2.159114189444871,17.636720905218695,7,0,0.0
ql-ROM-style within a fixed POD space,1600,149.059229449,7322,25,956.540771484375,common_POD_r32_gauge_fixed,2.106699479409162,17.627472983691188,6,1,0.030475470021412432
ql-ROM-style within a fixed POD space,1600,149.059229449,7322,26,961.4210815429688,common_POD_r32_gauge_fixed,2.2226155381941353,18.33203298822806,6,0,0.0
ql-ROM-style within a fixed POD space,1600,149.059229449,7322,27,966.3013916015625,common_POD_r32_gauge_fixed,2.346141900757022,18.33562262904547,6,0,0.0
ql-ROM-style within a fixed POD space,1600,149.059229449,7322,28,971.1817016601562,common_POD_r32_gauge_fixed,2.218227986767556,18.392134155434114,7,1,0.03707285205372137
ql-ROM-style within a fixed POD space,1600,149.059229449,7322,29,976.06201171875,common_POD_r32_gauge_fixed,2.309751134760138,18.076052320504864,7,0,0.0
ql-ROM-style within a fixed POD space,1600,149.059229449,7322,30,980.9423217773438,common_POD_r32_gauge_fixed,2.44328841192319,18.84983777793252,7,0,0.0
ql-ROM-style within a fixed POD space,1600,149.059229449,7322,31,985.8226318359375,common_POD_r32_gauge_fixed,2.5779221005670125,18.56031976728129,7,0,0.0
ql-ROM-style within a fixed POD space,1600,149.059229449,7322,32,990.7029418945312,common_POD_r32_gauge_fixed,2.56418309755393,18.83280526839683,6,1,0.030136254492689193
ql-ROM-style within a fixed POD space,1600,149.059229449,7322,33,995.583251953125,common_POD_r32_gauge_fixed,2.6367272618862034,18.361020087236255,6,0,0.0
ql-ROM-style within a fixed POD space,1600,149.059229449,7322,34,1000.4635620117188,common_POD_r32_gauge_fixed,2.739308572917424,19.232939670869815,6,0,0.0
ql-ROM-style within a fixed POD space,1600,149.059229449,7322,35,1005.3438720703125,common_POD_r32_gauge_fixed,2.8632568210266545,18.833458167279737,6,0,0.0
ql-ROM-style within a fixed POD space,1600,149.059229449,7322,36,1010.2241821289062,common_POD_r32_gauge_fixed,2.722959632026192,19.08940361902401,7,1,0.03783814807008517
ql-ROM-style within a fixed POD space,1600,149.059229449,7322,37,1015.1044921875,common_POD_r32_gauge_fixed,2.81058885042013,18.961070270657288,7,0,0.0
ql-ROM-style within a fixed POD space,1600,149.059229449,7322,38,1019.9848022460938,common_POD_r32_gauge_fixed,2.9425156785376614,19.64142814337486,7,0,0.0
ql-ROM-style within a fixed POD space,1600,149.059229449,7322,39,1024.8651123046875,common_POD_r32_gauge_fixed,3.071920891761918,19.173824348441606,7,0,0.0
ql-ROM-style within a fixed POD space,1600,149.059229449,7322,40,1029.745361328125,common_POD_r32_gauge_fixed,3.049128170063127,19.4306485062447,6,1,0.029629535634452184
ql-ROM-style within a fixed POD space,1600,149.059229449,7322,41,1034.625732421875,common_POD_r32_gauge_fixed,3.109173452705942,19.31033563410066,6,0,0.0
ql-ROM-style within a fixed POD space,1600,149.059229449,7322,42,1039.5059814453125,common_POD_r32_gauge_fixed,3.207341972781539,19.857172352665938,6,0,0.0
ql-ROM-style within a fixed POD space,1600,149.059229449,7322,43,1044.3863525390625,common_POD_r32_gauge_fixed,3.3274320977077094,19.374670247874835,6,0,0.0
ql-ROM-style within a fixed POD space,1600,149.059229449,7322,44,1049.2666015625,common_POD_r32_gauge_fixed,3.1641440535523624,19.689886718164797,7,1,0.03876327036064239
ql-ROM-style within a fixed POD space,1600,149.059229449,7322,45,1054.14697265625,common_POD_r32_gauge_fixed,3.252708466719359,19.983422137581414,7,0,0.0
ql-ROM-style within a fixed POD space,1600,149.059229449,7322,46,1059.0272216796875,common_POD_r32_gauge_fixed,3.388100234188813,20.179936148751228,7,0,0.0
ql-ROM-style within a fixed POD space,1600,149.059229449,7322,47,1063.9075927734375,common_POD_r32_gauge_fixed,3.5043156563234192,19.835696465676413,7,0,0.0
ql-ROM-style within a fixed POD space,1600,149.059229449,7322,48,1068.787841796875,common_POD_r32_gauge_fixed,3.4282292803703167,20.016557298368287,6,1,0.03416296109892385
ql-ROM-style within a fixed POD space,1600,149.059229449,7338,1,917.498291015625,common_POD_r32_gauge_fixed,0.3380242612236425,16.430459092943785,6,1,0.0073577496153441144
ql-ROM-style within a fixed POD space,1600,149.059229449,7338,2,922.3786010742188,common_POD_r32_gauge_fixed,0.531807299839223,16.284452236505462,6,0,0.0
ql-ROM-style within a fixed POD space,1600,149.059229449,7338,3,927.2589111328125,common_POD_r32_gauge_fixed,0.71212827238302,16.452867503450058,6,0,0.0
ql-ROM-style within a fixed POD space,1600,149.059229449,7338,4,932.1392211914062,common_POD_r32_gauge_fixed,0.8687660409372155,15.901535258336166,6,0,0.0
ql-ROM-style within a fixed POD space,1600,149.059229449,7338,5,937.01953125,common_POD_r32_gauge_fixed,0.6829064939318584,16.4096322769892,7,1,0.024739412386530286
ql-ROM-style within a fixed POD space,1600,149.059229449,7338,6,941.8998413085938,common_POD_r32_gauge_fixed,0.8714845609990431,16.668642068029197,7,0,0.0
ql-ROM-style within a fixed POD space,1600,149.059229449,7338,7,946.7801513671875,common_POD_r32_gauge_fixed,1.0281210434679116,16.748401671287034,7,0,0.0
ql-ROM-style within a fixed POD space,1600,149.059229449,7338,8,951.6604614257812,common_POD_r32_gauge_fixed,1.158024590449294,16.035930700006126,7,0,0.0
ql-ROM-style within a fixed POD space,1600,149.059229449,7338,9,956.540771484375,common_POD_r32_gauge_fixed,1.0166573345421923,16.311668196130867,6,1,0.030442386279287848
ql-ROM-style within a fixed POD space,1600,149.059229449,7338,10,961.4210815429688,common_POD_r32_gauge_fixed,1.1767053896497766,16.884381301378344,6,0,0.0
ql-ROM-style within a fixed POD space,1600,149.059229449,7338,11,966.3013916015625,common_POD_r32_gauge_fixed,1.3057220659098123,17.13695139202113,6,0,0.0
ql-ROM-style within a fixed POD space,1600,149.059229449,7338,12,971.1817016601562,common_POD_r32_gauge_fixed,1.0842894028225147,16.820316634469044,7,1,0.03508548336530272
ql-ROM-style within a fixed POD space,1600,149.059229449,7338,13,976.06201171875,common_POD_r32_gauge_fixed,1.2114476206334972,16.608241614523337,7,0,0.0
ql-ROM-style within a fixed POD space,1600,149.059229449,7338,14,980.9423217773438,common_POD_r32_gauge_fixed,1.3635904807944563,17.33051319860821,7,0,0.0
ql-ROM-style within a fixed POD space,1600,149.059229449,7338,15,985.8226318359375,common_POD_r32_gauge_fixed,1.4896660107518687,17.21008168610757,7,0,0.0
ql-ROM-style within a fixed POD space,1600,149.059229449,7338,16,990.7029418945312,common_POD_r32_gauge_fixed,1.3818308099746792,17.21984013383795,6,1,0.03220431234219092
ql-ROM-style within a fixed POD space,1600,149.059229449,7338,17,995.583251953125,common_POD_r32_gauge_fixed,1.5149403430265762,16.771888041069268,6,0,0.0
ql-ROM-style within a fixed POD space,1600,149.059229449,7338,18,1000.4635620117188,common_POD_r32_gauge_fixed,1.6452029433991668,17.78220236642437,6,0,0.0
ql-ROM-style within a fixed POD space,1600,149.059229449,7338,19,1005.3438720703125,common_POD_r32_gauge_fixed,1.7717959948394073,17.53871339325273,6,0,0.0
ql-ROM-style within a fixed POD space,1600,149.059229449,7338,20,1010.2241821289062,common_POD_r32_gauge_fixed,1.5999051089614753,17.427640690307605,7,1,0.03588296126608041
ql-ROM-style within a fixed POD space,1600,149.059229449,7338,21,1015.1044921875,common_POD_r32_gauge_fixed,1.7142585894299796,17.210747229433686,7,0,0.0
ql-ROM-style within a fixed POD space,1600,149.059229449,7338,22,1019.9848022460938,common_POD_r32_gauge_fixed,1.851770669717441,18.053372595242937,7,0,0.0
ql-ROM-style within a fixed POD space,1600,149.059229449,7338,23,1024.8651123046875,common_POD_r32_gauge_fixed,1.9800585413529204,17.615648085912913,7,0,0.0
ql-ROM-style within a fixed POD space,1600,149.059229449,7338,24,1029.745361328125,common_POD_r32_gauge_fixed,1.9086854420000525,17.745657473953795,6,1,0.032194244800022344
ql-ROM-style within a fixed POD space,1600,149.059229449,7338,25,1034.625732421875,common_POD_r32_gauge_fixed,2.016706304082375,17.500285850884502,6,0,0.0
ql-ROM-style within a fixed POD space,1600,149.059229449,7338,26,1039.5059814453125,common_POD_r32_gauge_fixed,2.126780506565114,18.415197027941332,6,0,0.0
ql-ROM-style within a fixed POD space,1600,149.059229449,7338,27,1044.3863525390625,common_POD_r32_gauge_fixed,2.2493637644128124,17.926161718121193,6,0,0.0
ql-ROM-style within a fixed POD space,1600,149.059229449,7338,28,1049.2666015625,common_POD_r32_gauge_fixed,2.104109153937143,18.047351013648996,7,1,0.03654050741622275
ql-ROM-style within a fixed POD space,1600,149.059229449,7338,29,1054.14697265625,common_POD_r32_gauge_fixed,2.213983742140463,18.080237739468195,7,0,0.0
ql-ROM-style within a fixed POD space,1600,149.059229449,7338,30,1059.0272216796875,common_POD_r32_gauge_fixed,2.342625758026649,18.669191307799522,7,0,0.0
ql-ROM-style within a fixed POD space,1600,149.059229449,7338,31,1063.9075927734375,common_POD_r32_gauge_fixed,2.4626398539543977,18.27386861940843,7,0,0.0
ql-ROM-style within a fixed POD space,1600,149.059229449,7338,32,1068.787841796875,common_POD_r32_gauge_fixed,2.409367041025637,18.356168565180088,6,1,0.030908929734128752
ql-ROM-style within a fixed POD space,1600,149.059229449,7338,33,1073.668212890625,common_POD_r32_gauge_fixed,2.4987474451868943,18.515328074424843,6,0,0.0
ql-ROM-style within a fixed POD space,1600,149.059229449,7338,34,1078.5484619140625,common_POD_r32_gauge_fixed,2.6048796111020045,18.93848110434007,6,0,0.0
ql-ROM-style within a fixed POD space,1600,149.059229449,7338,35,1083.4288330078125,common_POD_r32_gauge_fixed,2.5387233408324295,18.785031922927402,7,1,0.03683305405144354
ql-ROM-style within a fixed POD space,1600,149.059229449,7338,36,1088.30908203125,common_POD_r32_gauge_fixed,2.5690410075962866,18.617004439805786,7,0,0.0
ql-ROM-style within a fixed POD space,1600,149.059229449,7338,37,1093.189453125,common_POD_r32_gauge_fixed,2.6817630894545754,19.096391735392004,7,0,0.0
ql-ROM-style within a fixed POD space,1600,149.059229449,7338,38,1098.0697021484375,common_POD_r32_gauge_fixed,2.810433488049845,19.146947670210047,7,0,0.0
ql-ROM-style within a fixed POD space,1600,149.059229449,7338,39,1102.9500732421875,common_POD_r32_gauge_fixed,2.9156146505356637,18.91800982441496,7,0,0.0
ql-ROM-style within a fixed POD space,1600,149.059229449,7338,40,1107.830322265625,common_POD_r32_gauge_fixed,2.859440843379011,18.859813184080252,6,1,0.030357376185708176
ql-ROM-style within a fixed POD space,1600,149.059229449,7338,41,1112.710693359375,common_POD_r32_gauge_fixed,2.942328980772178,19.48029099457529,6,0,0.0
ql-ROM-style within a fixed POD space,1600,149.059229449,7338,42,1117.5909423828125,common_POD_r32_gauge_fixed,3.0520183976888138,19.35399789868426,6,0,0.0
ql-ROM-style within a fixed POD space,1600,149.059229449,7338,43,1122.4713134765625,common_POD_r32_gauge_fixed,2.9356806328574505,19.554397364685293,7,1,0.037494262508066804
ql-ROM-style within a fixed POD space,1600,149.059229449,7338,44,1127.3515625,common_POD_r32_gauge_fixed,2.992960031495642,19.27715806899771,7,0,0.0
ql-ROM-style within a fixed POD space,1600,149.059229449,7338,45,1132.23193359375,common_POD_r32_gauge_fixed,3.107006342944421,20.019659398061837,7,0,0.0
ql-ROM-style within a fixed POD space,1600,149.059229449,7338,46,1137.1121826171875,common_POD_r32_gauge_fixed,3.234430216220121,19.607629728573055,7,0,0.0
ql-ROM-style within a fixed POD space,1600,149.059229449,7338,47,1141.9925537109375,common_POD_r32_gauge_fixed,3.22606556622378,19.962696461822038,6,1,0.030117733817969443
ql-ROM-style within a fixed POD space,1600,149.059229449,7338,48,1146.872802734375,common_POD_r32_gauge_fixed,3.2578670164777432,19.49993503060134,6,0,0.0
ql-ROM-style within a fixed POD space,1600,149.059229449,7354,1,995.583251953125,common_POD_r32_gauge_fixed,0.3271063347153376,16.24702928753071,6,1,0.005783584905395177
ql-ROM-style within a fixed POD space,1600,149.059229449,7354,2,1000.4635620117188,common_POD_r32_gauge_fixed,0.539205095962184,16.44799838848072,6,0,0.0
ql-ROM-style within a fixed POD space,1600,149.059229449,7354,3,1005.3438720703125,common_POD_r32_gauge_fixed,0.7082308385794468,16.070279792423452,6,0,0.0
ql-ROM-style within a fixed POD space,1600,149.059229449,7354,4,1010.2241821289062,common_POD_r32_gauge_fixed,0.5521447382488818,16.43137310493681,7,1,0.021901234963377612
ql-ROM-style within a fixed POD space,1600,149.059229449,7354,5,1015.1044921875,common_POD_r32_gauge_fixed,0.7201166308409837,16.31843753788677,7,0,0.0
ql-ROM-style within a fixed POD space,1600,149.059229449,7354,6,1019.9848022460938,common_POD_r32_gauge_fixed,0.8965479801034629,16.873332903183574,7,0,0.0
ql-ROM-style within a fixed POD space,1600,149.059229449,7354,7,1024.8651123046875,common_POD_r32_gauge_fixed,1.0330902195662797,16.339643602525655,7,0,0.0
ql-ROM-style within a fixed POD space,1600,149.059229449,7354,8,1029.745361328125,common_POD_r32_gauge_fixed,0.9627983715557253,16.580529176141816,6,1,0.02614358172194783
ql-ROM-style within a fixed POD space,1600,149.059229449,7354,9,1034.625732421875,common_POD_r32_gauge_fixed,1.1359438228836654,16.2024182791993,6,0,0.0
ql-ROM-style within a fixed POD space,1600,149.059229449,7354,10,1039.5059814453125,common_POD_r32_gauge_fixed,1.2737212245254823,17.371441835715768,6,0,0.0
ql-ROM-style within a fixed POD space,1600,149.059229449,7354,11,1044.3863525390625,common_POD_r32_gauge_fixed,1.406987538228299,16.70070802477649,6,0,0.0
ql-ROM-style within a fixed POD space,1600,149.059229449,7354,12,1049.2666015625,common_POD_r32_gauge_fixed,1.0985151537921318,16.73323866645599,7,1,0.03827622996983047
ql-ROM-style within a fixed POD space,1600,149.059229449,7354,13,1054.14697265625,common_POD_r32_gauge_fixed,1.2549533737806349,16.718482958901777,7,0,0.0
ql-ROM-style within a fixed POD space,1600,149.059229449,7354,14,1059.0272216796875,common_POD_r32_gauge_fixed,1.396934538016908,17.538381878781138,7,0,0.0
ql-ROM-style within a fixed POD space,1600,149.059229449,7354,15,1063.9075927734375,common_POD_r32_gauge_fixed,1.5222142282352278,16.886331924578013,7,0,0.0
ql-ROM-style within a fixed POD space,1600,149.059229449,7354,16,1068.787841796875,common_POD_r32_gauge_fixed,1.3962005083056466,16.977745279187147,6,1,0.03327437675585948
ql-ROM-style within a fixed POD space,1600,149.059229449,7354,17,1073.668212890625,common_POD_r32_gauge_fixed,1.5399195922300608,17.034632165406187,6,0,0.0
ql-ROM-style within a fixed POD space,1600,149.059229449,7354,18,1078.5484619140625,common_POD_r32_gauge_fixed,1.6618644480991842,17.80490477732689,6,0,0.0
ql-ROM-style within a fixed POD space,1600,149.059229449,7354,19,1083.4288330078125,common_POD_r32_gauge_fixed,1.791276312372958,17.200373128071316,6,0,0.0
ql-ROM-style within a fixed POD space,1600,149.059229449,7354,20,1088.30908203125,common_POD_r32_gauge_fixed,1.609835015749172,17.195853851551806,7,1,0.03502423329543969
ql-ROM-style within a fixed POD space,1600,149.059229449,7354,21,1093.189453125,common_POD_r32_gauge_fixed,1.748816206970619,17.547970872294666,7,0,0.0
ql-ROM-style within a fixed POD space,1600,149.059229449,7354,22,1098.0697021484375,common_POD_r32_gauge_fixed,1.8805872886293675,17.884404584788477,7,0,0.0
ql-ROM-style within a fixed POD space,1600,149.059229449,7354,23,1102.9500732421875,common_POD_r32_gauge_fixed,2.000879874887808,17.455011316834685,7,0,0.0
ql-ROM-style within a fixed POD space,1600,149.059229449,7354,24,1107.830322265625,common_POD_r32_gauge_fixed,1.920494372833819,17.457279695423058,6,1,0.032283288144960606
ql-ROM-style within a fixed POD space,1600,149.059229449,7354,25,1112.710693359375,common_POD_r32_gauge_fixed,2.039667651578221,18.02403784592142,6,0,0.0
ql-ROM-style within a fixed POD space,1600,149.059229449,7354,26,1117.5909423828125,common_POD_r32_gauge_fixed,2.1585113212111042,18.19047758701339,6,0,0.0
ql-ROM-style within a fixed POD space,1600,149.059229449,7354,27,1122.4713134765625,common_POD_r32_gauge_fixed,2.035402877788805,18.044363252815913,7,1,0.03593820444336562
ql-ROM-style within a fixed POD space,1600,149.059229449,7354,28,1127.3515625,common_POD_r32_gauge_fixed,2.1074208558270366,17.761743577205603,7,0,0.0
ql-ROM-style within a fixed POD space,1600,149.059229449,7354,29,1132.23193359375,common_POD_r32_gauge_fixed,2.2330957457396496,18.457221287503565,7,0,0.0
ql-ROM-style within a fixed POD space,1600,149.059229449,7354,30,1137.1121826171875,common_POD_r32_gauge_fixed,2.361961470604628,18.276947592637818,7,0,0.0
ql-ROM-style within a fixed POD space,1600,149.059229449,7354,31,1141.9925537109375,common_POD_r32_gauge_fixed,2.3217419811829143,18.47892065714653,6,1,0.032387535823523994
ql-ROM-style within a fixed POD space,1600,149.059229449,7354,32,1146.872802734375,common_POD_r32_gauge_fixed,2.3905343023798835,18.00302429352169,6,0,0.0
ql-ROM-style within a fixed POD space,1600,149.059229449,7354,33,1151.753173828125,common_POD_r32_gauge_fixed,2.490363992640219,18.866133043106675,6,0,0.0
ql-ROM-style within a fixed POD space,1600,149.059229449,7354,34,1156.6334228515625,common_POD_r32_gauge_fixed,2.605160304858813,18.54845660626896,6,0,0.0
ql-ROM-style within a fixed POD space,1600,149.059229449,7354,35,1161.5137939453125,common_POD_r32_gauge_fixed,2.4842649574311286,18.77007436005764,7,1,0.03662054349428925
ql-ROM-style within a fixed POD space,1600,149.059229449,7354,36,1166.39404296875,common_POD_r32_gauge_fixed,2.5642869775914288,18.520158835392127,7,0,0.0
ql-ROM-style within a fixed POD space,1600,149.059229449,7354,37,1171.2744140625,common_POD_r32_gauge_fixed,2.6843265360450443,19.273774158040144,7,0,0.0
ql-ROM-style within a fixed POD space,1600,149.059229449,7354,38,1176.1546630859375,common_POD_r32_gauge_fixed,2.805248565876321,18.86022001277179,7,0,0.0
ql-ROM-style within a fixed POD space,1600,149.059229449,7354,39,1181.0350341796875,common_POD_r32_gauge_fixed,2.7674701107053337,19.089468440330755,6,1,0.030981938427330623
ql-ROM-style within a fixed POD space,1600,149.059229449,7354,40,1185.915283203125,common_POD_r32_gauge_fixed,2.8293310486378367,18.833172584200813,6,0,0.0
ql-ROM-style within a fixed POD space,1600,149.059229449,7354,41,1190.795654296875,common_POD_r32_gauge_fixed,2.920315158201155,19.518803726574273,6,0,0.0
ql-ROM-style within a fixed POD space,1600,149.059229449,7354,42,1195.6759033203125,common_POD_r32_gauge_fixed,3.0309044116128327,19.07583447979862,6,0,0.0
ql-ROM-style within a fixed POD space,1600,149.059229449,7354,43,1200.5562744140625,common_POD_r32_gauge_fixed,2.89732122878792,19.322977873196905,7,1,0.03683757508917357
ql-ROM-style within a fixed POD space,1600,149.059229449,7354,44,1205.4365234375,common_POD_r32_gauge_fixed,2.9798032230109,19.403315846112474,7,0,0.0
ql-ROM-style within a fixed POD space,1600,149.059229449,7354,45,1210.31689453125,common_POD_r32_gauge_fixed,3.1038220168131865,19.82895363509751,7,0,0.0
ql-ROM-style within a fixed POD space,1600,149.059229449,7354,46,1215.1971435546875,common_POD_r32_gauge_fixed,3.216565039272711,19.440496686381564,7,0,0.0
ql-ROM-style within a fixed POD space,1600,149.059229449,7354,47,1220.0775146484375,common_POD_r32_gauge_fixed,3.165940816989031,19.578666378260213,6,1,0.03061711716305661
ql-ROM-style within a fixed POD space,1600,149.059229449,7354,48,1224.957763671875,common_POD_r32_gauge_fixed,3.221506978082799,19.79013187612878,6,0,0.0
ql-ROM-style within a fixed POD space,1600,189.86227838,9513,1,396.9769592285156,common_POD_r32_gauge_fixed,0.49444302594585054,15.534500730175802,3,1,0.02056998033834759
ql-ROM-style within a fixed POD space,1600,189.86227838,9513,2,400.6870422363281,common_POD_r32_gauge_fixed,0.6963105383485695,15.170766949783532,3,0,0.0
ql-ROM-style within a fixed POD space,1600,189.86227838,9513,3,404.3970947265625,common_POD_r32_gauge_fixed,0.9145848937023443,14.905278895758716,3,0,0.0
ql-ROM-style within a fixed POD space,1600,189.86227838,9513,4,408.1071472167969,common_POD_r32_gauge_fixed,0.9737507657975504,15.301324507423084,4,1,0.03510650254280329
ql-ROM-style within a fixed POD space,1600,189.86227838,9513,5,411.8172302246094,common_POD_r32_gauge_fixed,1.1522339317276549,15.009807107283946,4,0,0.0
ql-ROM-style within a fixed POD space,1600,189.86227838,9513,6,415.52728271484375,common_POD_r32_gauge_fixed,1.306987143603831,15.743377400386802,4,0,0.0
ql-ROM-style within a fixed POD space,1600,189.86227838,9513,7,419.23736572265625,common_POD_r32_gauge_fixed,1.2580747093479745,15.059230088740735,1,1,0.04027317281426025
ql-ROM-style within a fixed POD space,1600,189.86227838,9513,8,422.9474182128906,common_POD_r32_gauge_fixed,1.411799597331656,15.586638271059986,1,0,0.0
ql-ROM-style within a fixed POD space,1600,189.86227838,9513,9,426.6575012207031,common_POD_r32_gauge_fixed,1.153470183300312,14.692452260424623,3,1,0.05014428529415796
ql-ROM-style within a fixed POD space,1600,189.86227838,9513,10,430.3675537109375,common_POD_r32_gauge_fixed,1.2645773608836854,14.982095044572077,3,0,0.0
ql-ROM-style within a fixed POD space,1600,189.86227838,9513,11,434.0776062011719,common_POD_r32_gauge_fixed,1.3619660500095039,14.771578835446263,3,0,0.0
ql-ROM-style within a fixed POD space,1600,189.86227838,9513,12,437.7876892089844,common_POD_r32_gauge_fixed,1.1267193915891907,14.45445204494455,4,1,0.04663156743573975
ql-ROM-style within a fixed POD space,1600,189.86227838,9513,13,441.49774169921875,common_POD_r32_gauge_fixed,1.2230452119569957,14.40251442793321,4,0,0.0
ql-ROM-style within a fixed POD space,1600,189.86227838,9513,14,445.20782470703125,common_POD_r32_gauge_fixed,1.0692588942425556,14.16575455316062,1,1,0.03927630796717446
ql-ROM-style within a fixed POD space,1600,189.86227838,9513,15,448.9178771972656,common_POD_r32_gauge_fixed,1.1890477155902457,14.499770286813444,1,0,0.0
ql-ROM-style within a fixed POD space,1600,189.86227838,9513,16,452.6279296875,common_POD_r32_gauge_fixed,1.019430564887359,14.158729934219924,3,1,0.03905171487197441
ql-ROM-style within a fixed POD space,1600,189.86227838,9513,17,456.3380126953125,common_POD_r32_gauge_fixed,1.1292369993457099,14.54542670165291,3,0,0.0
ql-ROM-style within a fixed POD space,1600,189.86227838,9513,18,460.0480651855469,common_POD_r32_gauge_fixed,1.2241935377942255,14.874404908348529,3,0,0.0
ql-ROM-style within a fixed POD space,1600,189.86227838,9513,19,463.7581481933594,common_POD_r32_gauge_fixed,1.044651102800292,14.307897492914986,4,1,0.03935484611036303
ql-ROM-style within a fixed POD space,1600,189.86227838,9513,20,467.46820068359375,common_POD_r32_gauge_fixed,1.1682002278787709,13.774502497146107,4,0,0.0
ql-ROM-style within a fixed POD space,1600,189.86227838,9513,21,471.1782531738281,common_POD_r32_gauge_fixed,1.2650157192224958,14.939090628750726,4,0,0.0
ql-ROM-style within a fixed POD space,1600,189.86227838,9513,22,474.8883361816406,common_POD_r32_gauge_fixed,1.146532741710481,14.320041923075037,1,1,0.03454880388348474
ql-ROM-style within a fixed POD space,1600,189.86227838,9513,23,478.598388671875,common_POD_r32_gauge_fixed,1.259089846499352,13.93846872945305,1,0,0.0
ql-ROM-style within a fixed POD space,1600,189.86227838,9513,24,482.3084716796875,common_POD_r32_gauge_fixed,1.176148140952323,14.458931855828666,3,1,0.0358278470279541
ql-ROM-style within a fixed POD space,1600,189.86227838,9513,25,486.0185241699219,common_POD_r32_gauge_fixed,1.2801509653000303,15.083132261039363,3,0,0.0
ql-ROM-style within a fixed POD space,1600,189.86227838,9513,26,489.7286071777344,common_POD_r32_gauge_fixed,1.3782144604799416,14.516190025243816,3,0,0.0
ql-ROM-style within a fixed POD space,1600,189.86227838,9513,27,493.43865966796875,common_POD_r32_gauge_fixed,1.2174986275701594,14.078308051784768,4,1,0.03970242847687238
ql-ROM-style within a fixed POD space,1600,189.86227838,9513,28,497.1487121582031,common_POD_r32_gauge_fixed,1.3359455266212583,14.56373606679851,4,0,0.0
ql-ROM-style within a fixed POD space,1600,189.86227838,9513,29,500.8587951660156,common_POD_r32_gauge_fixed,1.2350578704172088,14.61981519789174,1,1,0.03435050399709366
ql-ROM-style within a fixed POD space,1600,189.86227838,9513,30,504.56884765625,common_POD_r32_gauge_fixed,1.3234075305222437,14.354425476811011,1,0,0.0
ql-ROM-style within a fixed POD space,1600,189.86227838,9513,31,508.2789306640625,common_POD_r32_gauge_fixed,1.4250260711715617,13.999945139537889,1,0,0.0
ql-ROM-style within a fixed POD space,1600,189.86227838,9513,32,511.9889831542969,common_POD_r32_gauge_fixed,1.3193900083859504,14.994211055335374,3,1,0.034845530439635224
ql-ROM-style within a fixed POD space,1600,189.86227838,9513,33,515.6990356445312,common_POD_r32_gauge_fixed,1.4167182430109555,15.42059340122961,3,0,0.0
ql-ROM-style within a fixed POD space,1600,189.86227838,9513,34,519.4091186523438,common_POD_r32_gauge_fixed,1.293479963636791,14.565096267829162,4,1,0.03824274139218564
ql-ROM-style within a fixed POD space,1600,189.86227838,9513,35,523.1192016601562,common_POD_r32_gauge_fixed,1.4032680509535007,14.12187576647611,4,0,0.0
ql-ROM-style within a fixed POD space,1600,189.86227838,9513,36,526.8292236328125,common_POD_r32_gauge_fixed,1.512201561979959,15.18382590474503,4,0,0.0
ql-ROM-style within a fixed POD space,1600,189.86227838,9513,37,530.539306640625,common_POD_r32_gauge_fixed,1.4345576561690403,14.793644110241427,1,1,0.034449273413455585
ql-ROM-style within a fixed POD space,1600,189.86227838,9513,38,534.2493896484375,common_POD_r32_gauge_fixed,1.529362084643266,14.233646095665023,1,0,0.0
ql-ROM-style within a fixed POD space,1600,189.86227838,9513,39,537.9594116210938,common_POD_r32_gauge_fixed,1.4170408615116512,14.749985705886951,3,1,0.03523132101069493
ql-ROM-style within a fixed POD space,1600,189.86227838,9513,40,541.6694946289062,common_POD_r32_gauge_fixed,1.5114616018358598,15.759898425374697,3,0,0.0
ql-ROM-style within a fixed POD space,1600,189.86227838,9513,41,545.3795776367188,common_POD_r32_gauge_fixed,1.612033226618266,15.24634936998876,3,0,0.0
ql-ROM-style within a fixed POD space,1600,189.86227838,9513,42,549.0896606445312,common_POD_r32_gauge_fixed,1.4651274318515084,14.586835106511591,4,1,0.04056086696896055
ql-ROM-style within a fixed POD space,1600,189.86227838,9513,43,552.7996826171875,common_POD_r32_gauge_fixed,1.5602912744036224,14.692997886786166,4,0,0.0
ql-ROM-style within a fixed POD space,1600,189.86227838,9513,44,556.509765625,common_POD_r32_gauge_fixed,1.4658346092180503,15.090962916164893,1,1,0.03593348056899949
ql-ROM-style within a fixed POD space,1600,189.86227838,9513,45,560.2198486328125,common_POD_r32_gauge_fixed,1.5262785490143287,14.710525188527004,1,0,0.0
ql-ROM-style within a fixed POD space,1600,189.86227838,9513,46,563.9298706054688,common_POD_r32_gauge_fixed,1.6047021068189962,14.309249783795755,1,0,0.0
ql-ROM-style within a fixed POD space,1600,189.86227838,9513,47,567.6399536132812,common_POD_r32_gauge_fixed,1.5121162127998917,15.273052208483278,3,1,0.03531797130181718
ql-ROM-style within a fixed POD space,1600,189.86227838,9513,48,571.3500366210938,common_POD_r32_gauge_fixed,1.5924616634582456,15.85422160182458,3,0,0.0
ql-ROM-style within a fixed POD space,1600,189.86227838,9521,1,426.6575012207031,common_POD_r32_gauge_fixed,0.3477275150332041,14.29006313493328,3,1,0.01040415946839175
ql-ROM-style within a fixed POD space,1600,189.86227838,9521,2,430.3675537109375,common_POD_r32_gauge_fixed,0.577189124453418,14.134014815630627,3,0,0.0
ql-ROM-style within a fixed POD space,1600,189.86227838,9521,3,434.0776062011719,common_POD_r32_gauge_fixed,0.7988157015378327,13.969672012214781,3,0,0.0
ql-ROM-style within a fixed POD space,1600,189.86227838,9521,4,437.7876892089844,common_POD_r32_gauge_fixed,0.8013660478963177,14.037775530900845,4,1,0.029556992415332186
ql-ROM-style within a fixed POD space,1600,189.86227838,9521,5,441.49774169921875,common_POD_r32_gauge_fixed,0.9706986871298686,14.401493353088432,4,0,0.0
ql-ROM-style within a fixed POD space,1600,189.86227838,9521,6,445.20782470703125,common_POD_r32_gauge_fixed,0.8698251042000726,14.116090494934694,1,1,0.036662424473988965
ql-ROM-style within a fixed POD space,1600,189.86227838,9521,7,448.9178771972656,common_POD_r32_gauge_fixed,1.0408272584854499,14.764600949172756,1,0,0.0
ql-ROM-style within a fixed POD space,1600,189.86227838,9521,8,452.6279296875,common_POD_r32_gauge_fixed,1.1790445074855718,14.066444902733885,1,0,0.0
ql-ROM-style within a fixed POD space,1600,189.86227838,9521,9,456.3380126953125,common_POD_r32_gauge_fixed,1.0857262418571538,14.568739913793632,3,1,0.0404051513144358
ql-ROM-style within a fixed POD space,1600,189.86227838,9521,10,460.0480651855469,common_POD_r32_gauge_fixed,1.1979253303176816,14.786949966467086,3,0,0.0
ql-ROM-style within a fixed POD space,1600,189.86227838,9521,11,463.7581481933594,common_POD_r32_gauge_fixed,0.8728982656492255,14.284963249046797,4,1,0.046726011393894255
ql-ROM-style within a fixed POD space,1600,189.86227838,9521,12,467.46820068359375,common_POD_r32_gauge_fixed,1.0045567366747128,13.771067137877449,4,0,0.0
ql-ROM-style within a fixed POD space,1600,189.86227838,9521,13,471.1782531738281,common_POD_r32_gauge_fixed,1.1108645979015501,14.839758086724231,4,0,0.0
ql-ROM-style within a fixed POD space,1600,189.86227838,9521,14,474.8883361816406,common_POD_r32_gauge_fixed,0.9501483447379078,14.314787890800318,1,1,0.03730311331888016
ql-ROM-style within a fixed POD space,1600,189.86227838,9521,15,478.598388671875,common_POD_r32_gauge_fixed,1.06353160354764,14.220196400201793,1,0,0.0
ql-ROM-style within a fixed POD space,1600,189.86227838,9521,16,482.3084716796875,common_POD_r32_gauge_fixed,0.8994641621049894,14.383485350053412,3,1,0.03768295414238579
ql-ROM-style within a fixed POD space,1600,189.86227838,9521,17,486.0185241699219,common_POD_r32_gauge_fixed,1.0284529338313602,14.9102621304934,3,0,0.0
ql-ROM-style within a fixed POD space,1600,189.86227838,9521,18,489.7286071777344,common_POD_r32_gauge_fixed,1.1372618024835652,14.648146444085006,3,0,0.0
ql-ROM-style within a fixed POD space,1600,189.86227838,9521,19,493.43865966796875,common_POD_r32_gauge_fixed,0.9754963571631139,14.265243732413179,4,1,0.038631235817912356
ql-ROM-style within a fixed POD space,1600,189.86227838,9521,20,497.1487121582031,common_POD_r32_gauge_fixed,1.1045030463008814,14.377665979724707,4,0,0.0
ql-ROM-style within a fixed POD space,1600,189.86227838,9521,21,500.8587951660156,common_POD_r32_gauge_fixed,0.9760999158511857,14.479958713376426,1,1,0.035720830895475605
ql-ROM-style within a fixed POD space,1600,189.86227838,9521,22,504.56884765625,common_POD_r32_gauge_fixed,1.0990294337870665,14.420634276259003,1,0,0.0
ql-ROM-style within a fixed POD space,1600,189.86227838,9521,23,508.2789306640625,common_POD_r32_gauge_fixed,1.2066840892433963,14.079321640984531,1,0,0.0
ql-ROM-style within a fixed POD space,1600,189.86227838,9521,24,511.9889831542969,common_POD_r32_gauge_fixed,1.0631169819804194,14.991577778295126,3,1,0.03563917035616599
ql-ROM-style within a fixed POD space,1600,189.86227838,9521,25,515.6990356445312,common_POD_r32_gauge_fixed,1.178121762825928,15.494386728067298,3,0,0.0
ql-ROM-style within a fixed POD space,1600,189.86227838,9521,26,519.4091186523438,common_POD_r32_gauge_fixed,0.9759919506157279,14.62459252020123,4,1,0.03975099108498394
ql-ROM-style within a fixed POD space,1600,189.86227838,9521,27,523.1192016601562,common_POD_r32_gauge_fixed,1.0975508358373842,14.107310494304743,4,0,0.0
ql-ROM-style within a fixed POD space,1600,189.86227838,9521,28,526.8292236328125,common_POD_r32_gauge_fixed,1.2140614781912937,15.189826768233361,4,0,0.0
ql-ROM-style within a fixed POD space,1600,189.86227838,9521,29,530.539306640625,common_POD_r32_gauge_fixed,1.1060716884149824,14.784521622624606,1,1,0.035323524320971016
ql-ROM-style within a fixed POD space,1600,189.86227838,9521,30,534.2493896484375,common_POD_r32_gauge_fixed,1.2125795853634722,14.197612965622412,1,0,0.0
ql-ROM-style within a fixed POD space,1600,189.86227838,9521,31,537.9594116210938,common_POD_r32_gauge_fixed,1.0717695848501039,14.714262697801466,3,1,0.032901144421312145
ql-ROM-style within a fixed POD space,1600,189.86227838,9521,32,541.6694946289062,common_POD_r32_gauge_fixed,1.1784061662970293,15.576564593487857,3,0,0.0
ql-ROM-style within a fixed POD space,1600,189.86227838,9521,33,545.3795776367188,common_POD_r32_gauge_fixed,1.284050601201364,15.261688730847178,3,0,0.0
ql-ROM-style within a fixed POD space,1600,189.86227838,9521,34,549.0896606445312,common_POD_r32_gauge_fixed,1.0894886559437564,14.566448690879758,4,1,0.03893892797906486
ql-ROM-style within a fixed POD space,1600,189.86227838,9521,35,552.7996826171875,common_POD_r32_gauge_fixed,1.1904853242175586,14.541926923045539,4,0,0.0
ql-ROM-style within a fixed POD space,1600,189.86227838,9521,36,556.509765625,common_POD_r32_gauge_fixed,1.0781687299287692,15.023877761056795,1,1,0.03443642690804087
ql-ROM-style within a fixed POD space,1600,189.86227838,9521,37,560.2198486328125,common_POD_r32_gauge_fixed,1.1592625235269303,14.678322059197482,1,0,0.0
ql-ROM-style within a fixed POD space,1600,189.86227838,9521,38,563.9298706054688,common_POD_r32_gauge_fixed,1.2371567798656748,14.207920414512154,1,0,0.0
ql-ROM-style within a fixed POD space,1600,189.86227838,9521,39,567.6399536132812,common_POD_r32_gauge_fixed,1.127648186715471,15.101351748052242,3,1,0.033150404249531994
ql-ROM-style within a fixed POD space,1600,189.86227838,9521,40,571.3500366210938,common_POD_r32_gauge_fixed,1.232075490078109,15.705768491434583,3,0,0.0
ql-ROM-style within a fixed POD space,1600,189.86227838,9521,41,575.0601196289062,common_POD_r32_gauge_fixed,1.3182356242076716,14.463763044257169,3,0,0.0
ql-ROM-style within a fixed POD space,1600,189.86227838,9521,42,578.7701416015625,common_POD_r32_gauge_fixed,1.1716777833144316,14.344493896515079,4,1,0.03790116423371245
ql-ROM-style within a fixed POD space,1600,189.86227838,9521,43,582.480224609375,common_POD_r32_gauge_fixed,1.2845208092716505,15.151149036359701,4,0,0.0
ql-ROM-style within a fixed POD space,1600,189.86227838,9521,44,586.1903076171875,common_POD_r32_gauge_fixed,1.2002844046266743,15.020479536252699,1,1,0.03478194660484762
ql-ROM-style within a fixed POD space,1600,189.86227838,9521,45,589.9003295898438,common_POD_r32_gauge_fixed,1.2890505187911063,14.451338122264415,1,0,0.0
ql-ROM-style within a fixed POD space,1600,189.86227838,9521,46,593.6104125976562,common_POD_r32_gauge_fixed,1.16843452792546,14.744368226988543,3,1,0.03339926828380788
ql-ROM-style within a fixed POD space,1600,189.86227838,9521,47,597.3204956054688,common_POD_r32_gauge_fixed,1.2646903582617357,15.726923038704795,3,0,0.0
ql-ROM-style within a fixed POD space,1600,189.86227838,9521,48,601.030517578125,common_POD_r32_gauge_fixed,1.3541020559862273,15.764469023731381,3,0,0.0
ql-ROM-style within a fixed POD space,1600,189.86227838,9537,1,486.0185241699219,common_POD_r32_gauge_fixed,0.2924678387315559,13.949819251539259,3,0,0.0
ql-ROM-style within a fixed POD space,1600,189.86227838,9537,2,489.7286071777344,common_POD_r32_gauge_fixed,0.5477903954354852,13.871710754684855,3,0,0.0
ql-ROM-style within a fixed POD space,1600,189.86227838,9537,3,493.43865966796875,common_POD_r32_gauge_fixed,0.6513150087024286,13.789720110128364,4,1,0.02166755211076198
ql-ROM-style within a fixed POD space,1600,189.86227838,9537,4,497.1487121582031,common_POD_r32_gauge_fixed,0.8555520658933533,14.16169443514449,4,0,0.0
ql-ROM-style within a fixed POD space,1600,189.86227838,9537,5,500.8587951660156,common_POD_r32_gauge_fixed,0.8073357393450201,13.99443294520446,1,1,0.03366685452646145
ql-ROM-style within a fixed POD space,1600,189.86227838,9537,6,504.56884765625,common_POD_r32_gauge_fixed,0.9811381988903929,14.244539949251106,1,0,0.0
ql-ROM-style within a fixed POD space,1600,189.86227838,9537,7,508.2789306640625,common_POD_r32_gauge_fixed,1.1297596307454196,13.965126482622914,1,0,0.0
ql-ROM-style within a fixed POD space,1600,189.86227838,9537,8,511.9889831542969,common_POD_r32_gauge_fixed,0.9573440152441213,14.534518260357515,3,1,0.03828390217625634
ql-ROM-style within a fixed POD space,1600,189.86227838,9537,9,515.6990356445312,common_POD_r32_gauge_fixed,1.0809468533381523,14.956019629918071,3,0,0.0
ql-ROM-style within a fixed POD space,1600,189.86227838,9537,10,519.4091186523438,common_POD_r32_gauge_fixed,0.817818854959495,14.230061346884792,4,1,0.0412672291425157
ql-ROM-style within a fixed POD space,1600,189.86227838,9537,11,523.1192016601562,common_POD_r32_gauge_fixed,0.9543511430619328,13.85314174260624,4,0,0.0
ql-ROM-style within a fixed POD space,1600,189.86227838,9537,12,526.8292236328125,common_POD_r32_gauge_fixed,1.0691739383895675,14.743473080181301,4,0,0.0
ql-ROM-style within a fixed POD space,1600,189.86227838,9537,13,530.539306640625,common_POD_r32_gauge_fixed,0.9162291112982226,14.27182077830187,1,1,0.03613543365231769
ql-ROM-style within a fixed POD space,1600,189.86227838,9537,14,534.2493896484375,common_POD_r32_gauge_fixed,1.0360850809489435,14.064179989604227,1,0,0.0
ql-ROM-style within a fixed POD space,1600,189.86227838,9537,15,537.9594116210938,common_POD_r32_gauge_fixed,0.8860290678588083,14.28805197757335,3,1,0.03133305960737119
ql-ROM-style within a fixed POD space,1600,189.86227838,9537,16,541.6694946289062,common_POD_r32_gauge_fixed,0.9985683631713136,15.035748166219076,3,0,0.0
ql-ROM-style within a fixed POD space,1600,189.86227838,9537,17,545.3795776367188,common_POD_r32_gauge_fixed,1.1086817664234896,14.9449228317115,3,0,0.0
ql-ROM-style within a fixed POD space,1600,189.86227838,9537,18,549.0896606445312,common_POD_r32_gauge_fixed,0.9022510559549748,14.28398629892717,4,1,0.03736982272732039
ql-ROM-style within a fixed POD space,1600,189.86227838,9537,19,552.7996826171875,common_POD_r32_gauge_fixed,1.015157271659668,14.172597386920529,4,0,0.0
ql-ROM-style within a fixed POD space,1600,189.86227838,9537,20,556.509765625,common_POD_r32_gauge_fixed,0.8965230490330819,14.55839781929148,1,1,0.03306441177296812
ql-ROM-style within a fixed POD space,1600,189.86227838,9537,21,560.2198486328125,common_POD_r32_gauge_fixed,1.0024428513722181,14.312254533367183,1,0,0.0
ql-ROM-style within a fixed POD space,1600,189.86227838,9537,22,563.9298706054688,common_POD_r32_gauge_fixed,1.104520098370884,13.954566495806533,1,0,0.0
ql-ROM-style within a fixed POD space,1600,189.86227838,9537,23,567.6399536132812,common_POD_r32_gauge_fixed,0.9963293870015195,14.73799979773682,3,1,0.03252494543863665
ql-ROM-style within a fixed POD space,1600,189.86227838,9537,24,571.3500366210938,common_POD_r32_gauge_fixed,1.1191485894657989,15.341629811518153,3,0,0.0
ql-ROM-style within a fixed POD space,1600,189.86227838,9537,25,575.0601196289062,common_POD_r32_gauge_fixed,1.2264883977183454,14.247258654363376,3,0,0.0
ql-ROM-style within a fixed POD space,1600,189.86227838,9537,26,578.7701416015625,common_POD_r32_gauge_fixed,1.0919481262558095,14.1263549729249,4,1,0.03709032196589015
ql-ROM-style within a fixed POD space,1600,189.86227838,9537,27,582.480224609375,common_POD_r32_gauge_fixed,1.2193548389107105,14.915240397062535,4,0,0.0
ql-ROM-style within a fixed POD space,1600,189.86227838,9537,28,586.1903076171875,common_POD_r32_gauge_fixed,1.1425171996945571,14.728017849228902,1,1,0.03452969665041943
ql-ROM-style within a fixed POD space,1600,189.86227838,9537,29,589.9003295898438,common_POD_r32_gauge_fixed,1.2474843184139406,14.26480174965859,1,0,0.0
ql-ROM-style within a fixed POD space,1600,189.86227838,9537,30,593.6104125976562,common_POD_r32_gauge_fixed,1.1211309652293735,14.51102058099336,3,1,0.03443195985736326
ql-ROM-style within a fixed POD space,1600,189.86227838,9537,31,597.3204956054688,common_POD_r32_gauge_fixed,1.2277968172921223,15.485264365575288,3,0,0.0
ql-ROM-style within a fixed POD space,1600,189.86227838,9537,32,601.030517578125,common_POD_r32_gauge_fixed,1.3298828171408799,15.526034949572045,3,0,0.0
ql-ROM-style within a fixed POD space,1600,189.86227838,9537,33,604.7406005859375,common_POD_r32_gauge_fixed,1.1276884792102662,14.63610552391772,4,1,0.040632861459171735
ql-ROM-style within a fixed POD space,1600,189.86227838,9537,34,608.45068359375,common_POD_r32_gauge_fixed,1.2325002731124686,14.295530927418627,4,0,0.0
ql-ROM-style within a fixed POD space,1600,189.86227838,9537,35,612.1607666015625,common_POD_r32_gauge_fixed,1.3356728293404105,15.563768155815517,4,0,0.0
ql-ROM-style within a fixed POD space,1600,189.86227838,9537,36,615.8707885742188,common_POD_r32_gauge_fixed,1.1904340894752337,14.764807422105234,1,1,0.03576104148007441
ql-ROM-style within a fixed POD space,1600,189.86227838,9537,37,619.5808715820312,common_POD_r32_gauge_fixed,1.2692544789307134,14.229509485923856,1,0,0.0
ql-ROM-style within a fixed POD space,1600,189.86227838,9537,38,623.2909545898438,common_POD_r32_gauge_fixed,1.1624662436645365,14.88598514692736,3,1,0.03445965821789829
ql-ROM-style within a fixed POD space,1600,189.86227838,9537,39,627.0009765625,common_POD_r32_gauge_fixed,1.2669961897872952,15.755228269201988,3,0,0.0
ql-ROM-style within a fixed POD space,1600,189.86227838,9537,40,630.7110595703125,common_POD_r32_gauge_fixed,1.350853051498387,14.909168997131298,3,0,0.0
ql-ROM-style within a fixed POD space,1600,189.86227838,9537,41,634.421142578125,common_POD_r32_gauge_fixed,1.1789140674266512,14.444955676899593,4,1,0.037640102562177875
ql-ROM-style within a fixed POD space,1600,189.86227838,9537,42,638.1312255859375,common_POD_r32_gauge_fixed,1.278111189330814,14.914592176407263,4,0,0.0
ql-ROM-style within a fixed POD space,1600,189.86227838,9537,43,641.8412475585938,common_POD_r32_gauge_fixed,1.1575814241216704,15.038073049442136,1,1,0.03364588427334673
ql-ROM-style within a fixed POD space,1600,189.86227838,9537,44,645.5513305664062,common_POD_r32_gauge_fixed,1.2236592990021322,14.55813962113648,1,0,0.0
ql-ROM-style within a fixed POD space,1600,189.86227838,9537,45,649.2614135742188,common_POD_r32_gauge_fixed,1.2940500326344613,14.34977285812822,1,0,0.0
ql-ROM-style within a fixed POD space,1600,189.86227838,9537,46,652.971435546875,common_POD_r32_gauge_fixed,1.1956804509292944,15.247582384031555,3,1,0.030289957103811348
ql-ROM-style within a fixed POD space,1600,189.86227838,9537,47,656.6815185546875,common_POD_r32_gauge_fixed,1.2781142779950412,15.730542888572597,3,0,0.0
ql-ROM-style within a fixed POD space,1600,189.86227838,9537,48,660.3916015625,common_POD_r32_gauge_fixed,1.1021416542755993,14.781085524255241,4,1,0.03704805892469322
ql-ROM-style within a fixed POD space,1600,189.86227838,9553,1,545.3795776367188,common_POD_r32_gauge_fixed,0.2971203237307196,13.992850112957363,3,0,0.0
ql-ROM-style within a fixed POD space,1600,189.86227838,9553,2,549.0896606445312,common_POD_r32_gauge_fixed,0.4383023719887293,14.012989607812361,4,1,0.01406468281526003
ql-ROM-style within a fixed POD space,1600,189.86227838,9553,3,552.7996826171875,common_POD_r32_gauge_fixed,0.6677347519224416,14.089583865611724,4,0,0.0
ql-ROM-style within a fixed POD space,1600,189.86227838,9553,4,556.509765625,common_POD_r32_gauge_fixed,0.6023860165715695,14.023842322050847,1,1,0.02891802379123279
ql-ROM-style within a fixed POD space,1600,189.86227838,9553,5,560.2198486328125,common_POD_r32_gauge_fixed,0.7889467572264811,14.158865440378094,1,0,0.0
ql-ROM-style within a fixed POD space,1600,189.86227838,9553,6,563.9298706054688,common_POD_r32_gauge_fixed,0.9517415563343133,14.12088080804269,1,0,0.0
ql-ROM-style within a fixed POD space,1600,189.86227838,9553,7,567.6399536132812,common_POD_r32_gauge_fixed,0.8234300892832613,14.370469346943555,3,1,0.03413926287845108
ql-ROM-style within a fixed POD space,1600,189.86227838,9553,8,571.3500366210938,common_POD_r32_gauge_fixed,0.9715873124205261,14.949961838972628,3,0,0.0
ql-ROM-style within a fixed POD space,1600,189.86227838,9553,9,575.0601196289062,common_POD_r32_gauge_fixed,1.0999208776080551,14.190819242255861,3,0,0.0
ql-ROM-style within a fixed POD space,1600,189.86227838,9553,10,578.7701416015625,common_POD_r32_gauge_fixed,0.9075192989852123,14.073167857117324,4,1,0.03958524108786564
ql-ROM-style within a fixed POD space,1600,189.86227838,9553,11,582.480224609375,common_POD_r32_gauge_fixed,1.0467918703218675,14.572594149749502,4,0,0.0
ql-ROM-style within a fixed POD space,1600,189.86227838,9553,12,586.1903076171875,common_POD_r32_gauge_fixed,0.9275154385853647,14.180784755285567,1,1,0.03618127636679392
ql-ROM-style within a fixed POD space,1600,189.86227838,9553,13,589.9003295898438,common_POD_r32_gauge_fixed,1.069544092680797,14.134890725065596,1,0,0.0
ql-ROM-style within a fixed POD space,1600,189.86227838,9553,14,593.6104125976562,common_POD_r32_gauge_fixed,0.9222331037722789,14.122983368681757,3,1,0.03465988871949386
ql-ROM-style within a fixed POD space,1600,189.86227838,9553,15,597.3204956054688,common_POD_r32_gauge_fixed,1.0514485029913734,14.894444348707358,3,0,0.0
ql-ROM-style within a fixed POD space,1600,189.86227838,9553,16,601.030517578125,common_POD_r32_gauge_fixed,1.1812003279491854,15.108414489865963,3,0,0.0
ql-ROM-style within a fixed POD space,1600,189.86227838,9553,17,604.7406005859375,common_POD_r32_gauge_fixed,0.9969955203920935,14.354905327736194,4,1,0.03944748051603873
ql-ROM-style within a fixed POD space,1600,189.86227838,9553,18,608.45068359375,common_POD_r32_gauge_fixed,1.1294057778789854,13.988399118014883,4,0,0.0
ql-ROM-style within a fixed POD space,1600,189.86227838,9553,19,612.1607666015625,common_POD_r32_gauge_fixed,1.256063437250361,15.176100709084295,4,0,0.0
ql-ROM-style within a fixed POD space,1600,189.86227838,9553,20,615.8707885742188,common_POD_r32_gauge_fixed,1.1387205880888243,14.36055842065516,1,1,0.034988592520004934
ql-ROM-style within a fixed POD space,1600,189.86227838,9553,21,619.5808715820312,common_POD_r32_gauge_fixed,1.25412843030288,14.017283457152981,1,0,0.0
ql-ROM-style within a fixed POD space,1600,189.86227838,9553,22,623.2909545898438,common_POD_r32_gauge_fixed,1.1644897271709163,14.549189370076371,3,1,0.035041291373910974
ql-ROM-style within a fixed POD space,1600,189.86227838,9553,23,627.0009765625,common_POD_r32_gauge_fixed,1.285948771398916,15.388961088718183,3,0,0.0
ql-ROM-style within a fixed POD space,1600,189.86227838,9553,24,630.7110595703125,common_POD_r32_gauge_fixed,1.4010211453997692,14.596771313256967,3,0,0.0
ql-ROM-style within a fixed POD space,1600,189.86227838,9553,25,634.421142578125,common_POD_r32_gauge_fixed,1.2593856026816757,14.217815888951248,4,1,0.038416152779592615
ql-ROM-style within a fixed POD space,1600,189.86227838,9553,26,638.1312255859375,common_POD_r32_gauge_fixed,1.3806053147849273,14.722195552270447,4,0,0.0
ql-ROM-style within a fixed POD space,1600,189.86227838,9553,27,641.8412475585938,common_POD_r32_gauge_fixed,1.2846491302716794,14.72856894517586,1,1,0.03433074456610875
ql-ROM-style within a fixed POD space,1600,189.86227838,9553,28,645.5513305664062,common_POD_r32_gauge_fixed,1.3735163832640724,14.35079853751516,1,0,0.0
ql-ROM-style within a fixed POD space,1600,189.86227838,9553,29,649.2614135742188,common_POD_r32_gauge_fixed,1.470822630292777,14.167860028310578,1,0,0.0
ql-ROM-style within a fixed POD space,1600,189.86227838,9553,30,652.971435546875,common_POD_r32_gauge_fixed,1.3770170313409504,15.09627312907118,3,1,0.032991763424368284
ql-ROM-style within a fixed POD space,1600,189.86227838,9553,31,656.6815185546875,common_POD_r32_gauge_fixed,1.4731444904088071,15.536826283486944,3,0,0.0
ql-ROM-style within a fixed POD space,1600,189.86227838,9553,32,660.3916015625,common_POD_r32_gauge_fixed,1.3566299233067447,14.6033164800897,4,1,0.03796395695151079
ql-ROM-style within a fixed POD space,1600,189.86227838,9553,33,664.1016235351562,common_POD_r32_gauge_fixed,1.460087032692141,14.267140216954468,4,0,0.0
ql-ROM-style within a fixed POD space,1600,189.86227838,9553,34,667.8117065429688,common_POD_r32_gauge_fixed,1.5604680844994838,15.328417178148984,4,0,0.0
ql-ROM-style within a fixed POD space,1600,189.86227838,9553,35,671.5217895507812,common_POD_r32_gauge_fixed,1.465502792212015,14.75780092393719,1,1,0.034724411956531864
ql-ROM-style within a fixed POD space,1600,189.86227838,9553,36,675.2318725585938,common_POD_r32_gauge_fixed,1.553511046929653,14.29400701969456,1,0,0.0
ql-ROM-style within a fixed POD space,1600,189.86227838,9553,37,678.94189453125,common_POD_r32_gauge_fixed,1.466477308580324,14.699158597832623,3,1,0.03178395314397288
ql-ROM-style within a fixed POD space,1600,189.86227838,9553,38,682.6519775390625,common_POD_r32_gauge_fixed,1.550033969411238,15.72448311518172,3,0,0.0
ql-ROM-style within a fixed POD space,1600,189.86227838,9553,39,686.362060546875,common_POD_r32_gauge_fixed,1.6405381868320417,15.29595586650117,3,0,0.0
ql-ROM-style within a fixed POD space,1600,189.86227838,9553,40,690.0720825195312,common_POD_r32_gauge_fixed,1.5019078410340134,14.644845949957602,4,1,0.039590758249844496
ql-ROM-style within a fixed POD space,1600,189.86227838,9553,41,693.7821655273438,common_POD_r32_gauge_fixed,1.593019740864406,14.763529642616371,4,0,0.0
ql-ROM-style within a fixed POD space,1600,189.86227838,9553,42,697.4922485351562,common_POD_r32_gauge_fixed,1.4899720394622051,15.019620524279063,1,1,0.03530246367832217
ql-ROM-style within a fixed POD space,1600,189.86227838,9553,43,701.2023315429688,common_POD_r32_gauge_fixed,1.5384242388864615,14.672503493977482,1,0,0.0
ql-ROM-style within a fixed POD space,1600,189.86227838,9553,44,704.912353515625,common_POD_r32_gauge_fixed,1.6166989652141326,14.385397583991132,1,0,0.0
ql-ROM-style within a fixed POD space,1600,189.86227838,9553,45,708.6224365234375,common_POD_r32_gauge_fixed,1.526061906676321,15.12245908663915,3,1,0.033562763448928244
ql-ROM-style within a fixed POD space,1600,189.86227838,9553,46,712.33251953125,common_POD_r32_gauge_fixed,1.5960370819267093,15.769292613068117,3,0,0.0
ql-ROM-style within a fixed POD space,1600,189.86227838,9553,47,716.0425415039062,common_POD_r32_gauge_fixed,1.4844073359369256,14.895150236552796,4,1,0.03634469001207742
ql-ROM-style within a fixed POD space,1600,189.86227838,9553,48,719.7526245117188,common_POD_r32_gauge_fixed,1.5579063607422878,14.510756002886396,4,0,0.0
ql-ROM-style within a fixed POD space,1600,189.86227838,9561,1,575.0601196289062,common_POD_r32_gauge_fixed,0.2888639206694522,13.884319978900676,3,0,0.0
ql-ROM-style within a fixed POD space,1600,189.86227838,9561,2,578.7701416015625,common_POD_r32_gauge_fixed,0.4869804739412193,13.87103346125564,4,1,0.012160373868566533
ql-ROM-style within a fixed POD space,1600,189.86227838,9561,3,582.480224609375,common_POD_r32_gauge_fixed,0.715133759372505,14.570136151279161,4,0,0.0
ql-ROM-style within a fixed POD space,1600,189.86227838,9561,4,586.1903076171875,common_POD_r32_gauge_fixed,0.6885930529558176,14.047895631019136,1,1,0.029172393970133503
ql-ROM-style within a fixed POD space,1600,189.86227838,9561,5,589.9003295898438,common_POD_r32_gauge_fixed,0.8853464606615594,14.271661285377677,1,0,0.0
ql-ROM-style within a fixed POD space,1600,189.86227838,9561,6,593.6104125976562,common_POD_r32_gauge_fixed,0.7589707621336828,14.113866911758983,3,1,0.033077015786736746
ql-ROM-style within a fixed POD space,1600,189.86227838,9561,7,597.3204956054688,common_POD_r32_gauge_fixed,0.9205957629895345,14.765138264978425,3,0,0.0
ql-ROM-style within a fixed POD space,1600,189.86227838,9561,8,601.030517578125,common_POD_r32_gauge_fixed,1.0559723149961282,14.944556903475126,3,0,0.0
ql-ROM-style within a fixed POD space,1600,189.86227838,9561,9,604.7406005859375,common_POD_r32_gauge_fixed,0.8049103088381183,14.375384037465317,4,1,0.04077967159451828
ql-ROM-style within a fixed POD space,1600,189.86227838,9561,10,608.45068359375,common_POD_r32_gauge_fixed,0.9489992396100014,13.952175090126723,4,0,0.0
ql-ROM-style within a fixed POD space,1600,189.86227838,9561,11,612.1607666015625,common_POD_r32_gauge_fixed,1.0752669471181362,15.11013893139419,4,0,0.0
ql-ROM-style within a fixed POD space,1600,189.86227838,9561,12,615.8707885742188,common_POD_r32_gauge_fixed,0.8979508577950261,14.163254648818302,1,1,0.03639839379564048
ql-ROM-style within a fixed POD space,1600,189.86227838,9561,13,619.5808715820312,common_POD_r32_gauge_fixed,1.0222390014432634,14.047015452523285,1,0,0.0
ql-ROM-style within a fixed POD space,1600,189.86227838,9561,14,623.2909545898438,common_POD_r32_gauge_fixed,0.8904728524778768,14.279861983965075,3,1,0.03465133489538566
ql-ROM-style within a fixed POD space,1600,189.86227838,9561,15,627.0009765625,common_POD_r32_gauge_fixed,1.03056989540643,15.020361556424804,3,0,0.0
ql-ROM-style within a fixed POD space,1600,189.86227838,9561,16,630.7110595703125,common_POD_r32_gauge_fixed,1.1569069405079033,14.514280736855497,3,0,0.0
ql-ROM-style within a fixed POD space,1600,189.86227838,9561,17,634.421142578125,common_POD_r32_gauge_fixed,0.9909062802263504,14.088813735445815,4,1,0.036861519877066706
ql-ROM-style within a fixed POD space,1600,189.86227838,9561,18,638.1312255859375,common_POD_r32_gauge_fixed,1.1241691313994482,14.442437975502544,4,0,0.0
ql-ROM-style within a fixed POD space,1600,189.86227838,9561,19,641.8412475585938,common_POD_r32_gauge_fixed,1.0274916212406564,14.424074125850783,1,1,0.032670529564701074
ql-ROM-style within a fixed POD space,1600,189.86227838,9561,20,645.5513305664062,common_POD_r32_gauge_fixed,1.1408151049348834,14.165689872174692,1,0,0.0
ql-ROM-style within a fixed POD space,1600,189.86227838,9561,21,649.2614135742188,common_POD_r32_gauge_fixed,1.2521191593651737,13.98625753504185,1,0,0.0
ql-ROM-style within a fixed POD space,1600,189.86227838,9561,22,652.971435546875,common_POD_r32_gauge_fixed,1.1586169928071453,14.787465130202227,3,1,0.03157907415254929
ql-ROM-style within a fixed POD space,1600,189.86227838,9561,23,656.6815185546875,common_POD_r32_gauge_fixed,1.2756475120018413,15.271464705514992,3,0,0.0
ql-ROM-style within a fixed POD space,1600,189.86227838,9561,24,660.3916015625,common_POD_r32_gauge_fixed,1.1559694124293114,14.424153091678718,4,1,0.036955229106071005
ql-ROM-style within a fixed POD space,1600,189.86227838,9561,25,664.1016235351562,common_POD_r32_gauge_fixed,1.2778015837547703,14.079982073582691,4,0,0.0
ql-ROM-style within a fixed POD space,1600,189.86227838,9561,26,667.8117065429688,common_POD_r32_gauge_fixed,1.3972221651003414,15.121959976603364,4,0,0.0
ql-ROM-style within a fixed POD space,1600,189.86227838,9561,27,671.5217895507812,common_POD_r32_gauge_fixed,1.311449346655412,14.555997989639998,1,1,0.034106193168118026
ql-ROM-style within a fixed POD space,1600,189.86227838,9561,28,675.2318725585938,common_POD_r32_gauge_fixed,1.4170114132396354,14.165088027587538,1,0,0.0
ql-ROM-style within a fixed POD space,1600,189.86227838,9561,29,678.94189453125,common_POD_r32_gauge_fixed,1.3349097839173718,14.515772942017477,3,1,0.030948851331602925
ql-ROM-style within a fixed POD space,1600,189.86227838,9561,30,682.6519775390625,common_POD_r32_gauge_fixed,1.4335766820493672,15.499812266808124,3,0,0.0
ql-ROM-style within a fixed POD space,1600,189.86227838,9561,31,686.362060546875,common_POD_r32_gauge_fixed,1.5385498731784517,15.154224310100567,3,0,0.0
ql-ROM-style within a fixed POD space,1600,189.86227838,9561,32,690.0720825195312,common_POD_r32_gauge_fixed,1.4043868266527326,14.523889343347282,4,1,0.03889603031742413
ql-ROM-style within a fixed POD space,1600,189.86227838,9561,33,693.7821655273438,common_POD_r32_gauge_fixed,1.5074566024377218,14.613834396640963,4,0,0.0
ql-ROM-style within a fixed POD space,1600,189.86227838,9561,34,697.4922485351562,common_POD_r32_gauge_fixed,1.4157756782888644,14.86527052527084,1,1,0.034794437326682505
ql-ROM-style within a fixed POD space,1600,189.86227838,9561,35,701.2023315429688,common_POD_r32_gauge_fixed,1.4777205087480336,14.55809039141065,1,0,0.0
ql-ROM-style within a fixed POD space,1600,189.86227838,9561,36,704.912353515625,common_POD_r32_gauge_fixed,1.5660088822675495,14.280809872736253,1,0,0.0
ql-ROM-style within a fixed POD space,1600,189.86227838,9561,37,708.6224365234375,common_POD_r32_gauge_fixed,1.4823647050015147,14.99754251017279,3,1,0.033303130930172384
ql-ROM-style within a fixed POD space,1600,189.86227838,9561,38,712.33251953125,common_POD_r32_gauge_fixed,1.5634060678676485,15.655871398552732,3,0,0.0
ql-ROM-style within a fixed POD space,1600,189.86227838,9561,39,716.0425415039062,common_POD_r32_gauge_fixed,1.4618056982800025,14.808811407106424,4,1,0.03612933254167263
ql-ROM-style within a fixed POD space,1600,189.86227838,9561,40,719.7526245117188,common_POD_r32_gauge_fixed,1.5437329695401087,14.425219318625937,4,0,0.0
ql-ROM-style within a fixed POD space,1600,189.86227838,9561,41,723.4627075195312,common_POD_r32_gauge_fixed,1.6357428244378187,15.300567430230192,4,0,0.0
ql-ROM-style within a fixed POD space,1600,189.86227838,9561,42,727.1727905273438,common_POD_r32_gauge_fixed,1.5276656439756227,14.953064084688597,1,1,0.03283463869705848
ql-ROM-style within a fixed POD space,1600,189.86227838,9561,43,730.8828125,common_POD_r32_gauge_fixed,1.5927354100838227,14.492354870124638,1,0,0.0
ql-ROM-style within a fixed POD space,1600,189.86227838,9561,44,734.5928955078125,common_POD_r32_gauge_fixed,1.5344610639349248,14.737285723635662,3,1,0.02952875881271913
ql-ROM-style within a fixed POD space,1600,189.86227838,9561,45,738.302978515625,common_POD_r32_gauge_fixed,1.5878521100310203,15.458844772207417,3,0,0.0
ql-ROM-style within a fixed POD space,1600,189.86227838,9561,46,742.0130004882812,common_POD_r32_gauge_fixed,1.6597022026725508,15.560057470361171,3,0,0.0
ql-ROM-style within a fixed POD space,1600,189.86227838,9561,47,745.7230834960938,common_POD_r32_gauge_fixed,1.5554509225143283,14.792575838337665,4,1,0.03658751714179633
ql-ROM-style within a fixed POD space,1600,189.86227838,9561,48,749.4331665039062,common_POD_r32_gauge_fixed,1.6394132236203833,14.642991697909146,4,0,0.0
ql-ROM-style within a fixed POD space,1600,189.86227838,9577,1,634.421142578125,common_POD_r32_gauge_fixed,0.3013660509580535,13.90326654589525,4,1,0.007665104220584951
ql-ROM-style within a fixed POD space,1600,189.86227838,9577,2,638.1312255859375,common_POD_r32_gauge_fixed,0.5561545160533059,14.363707888951573,4,0,0.0
ql-ROM-style within a fixed POD space,1600,189.86227838,9577,3,641.8412475585938,common_POD_r32_gauge_fixed,0.5876650087837236,14.022276208819653,1,1,0.026331389197942104
ql-ROM-style within a fixed POD space,1600,189.86227838,9577,4,645.5513305664062,common_POD_r32_gauge_fixed,0.7965731817742042,14.190684969653864,1,0,0.0
ql-ROM-style within a fixed POD space,1600,189.86227838,9577,5,649.2614135742188,common_POD_r32_gauge_fixed,0.9855566184193497,14.057135818267943,1,0,0.0
ql-ROM-style within a fixed POD space,1600,189.86227838,9577,6,652.971435546875,common_POD_r32_gauge_fixed,0.8749601705937362,14.612656763915588,3,1,0.03286212385592926
ql-ROM-style within a fixed POD space,1600,189.86227838,9577,7,656.6815185546875,common_POD_r32_gauge_fixed,1.024200442418946,14.941802253945772,3,0,0.0
ql-ROM-style within a fixed POD space,1600,189.86227838,9577,8,660.3916015625,common_POD_r32_gauge_fixed,0.777926772763395,14.280957564793864,4,1,0.04086958695210157
ql-ROM-style within a fixed POD space,1600,189.86227838,9577,9,664.1016235351562,common_POD_r32_gauge_fixed,0.9366757151046496,14.047137487676038,4,0,0.0
ql-ROM-style within a fixed POD space,1600,189.86227838,9577,10,667.8117065429688,common_POD_r32_gauge_fixed,1.0655837690233778,14.902189225823864,4,0,0.0
ql-ROM-style within a fixed POD space,1600,189.86227838,9577,11,671.5217895507812,common_POD_r32_gauge_fixed,0.8815225717136009,14.206001135274427,1,1,0.03745022811486892
ql-ROM-style within a fixed POD space,1600,189.86227838,9577,12,675.2318725585938,common_POD_r32_gauge_fixed,1.0077386189325117,14.153832451684407,1,0,0.0
ql-ROM-style within a fixed POD space,1600,189.86227838,9577,13,678.94189453125,common_POD_r32_gauge_fixed,0.8663332416489826,14.168467293955203,3,1,0.03587312321180916
ql-ROM-style within a fixed POD space,1600,189.86227838,9577,14,682.6519775390625,common_POD_r32_gauge_fixed,1.0071886399906702,14.946179026946627,3,0,0.0
ql-ROM-style within a fixed POD space,1600,189.86227838,9577,15,686.362060546875,common_POD_r32_gauge_fixed,1.1287805667783086,14.84504741200367,3,0,0.0
ql-ROM-style within a fixed POD space,1600,189.86227838,9577,16,690.0720825195312,common_POD_r32_gauge_fixed,0.9334792943237382,14.211220289410988,4,1,0.03828042966892115
ql-ROM-style within a fixed POD space,1600,189.86227838,9577,17,693.7821655273438,common_POD_r32_gauge_fixed,1.0691903917874204,14.129672988605302,4,0,0.0
ql-ROM-style within a fixed POD space,1600,189.86227838,9577,18,697.4922485351562,common_POD_r32_gauge_fixed,0.968711692385364,14.410126915985364,1,1,0.03341532168215527
ql-ROM-style within a fixed POD space,1600,189.86227838,9577,19,701.2023315429688,common_POD_r32_gauge_fixed,1.0787776790010668,14.225207667533546,1,0,0.0
ql-ROM-style within a fixed POD space,1600,189.86227838,9577,20,704.912353515625,common_POD_r32_gauge_fixed,1.1930126298587418,13.985005615904313,1,0,0.0
ql-ROM-style within a fixed POD space,1600,189.86227838,9577,21,708.6224365234375,common_POD_r32_gauge_fixed,1.089452316239121,14.553258907401851,3,1,0.032694961978158854
ql-ROM-style within a fixed POD space,1600,189.86227838,9577,22,712.33251953125,common_POD_r32_gauge_fixed,1.2102341523672913,15.308202791466954,3,0,0.0
ql-ROM-style within a fixed POD space,1600,189.86227838,9577,23,716.0425415039062,common_POD_r32_gauge_fixed,1.3247513900389032,14.277619686202431,3,0,0.0
ql-ROM-style within a fixed POD space,1600,189.86227838,9577,24,719.7526245117188,common_POD_r32_gauge_fixed,1.2054617332112412,14.099359795092244,4,1,0.03736970291674463
ql-ROM-style within a fixed POD space,1600,189.86227838,9577,25,723.4627075195312,common_POD_r32_gauge_fixed,1.3284540974012427,14.850229874694069,4,0,0.0
ql-ROM-style within a fixed POD space,1600,189.86227838,9577,26,727.1727905273438,common_POD_r32_gauge_fixed,1.2486953663141582,14.555349452346187,1,1,0.03456519442916102
ql-ROM-style within a fixed POD space,1600,189.86227838,9577,27,730.8828125,common_POD_r32_gauge_fixed,1.3531091769258559,14.19030182871192,1,0,0.0
ql-ROM-style within a fixed POD space,1600,189.86227838,9577,28,734.5928955078125,common_POD_r32_gauge_fixed,1.2670991845441306,14.38048725922413,3,1,0.03268148752253585
ql-ROM-style within a fixed POD space,1600,189.86227838,9577,29,738.302978515625,common_POD_r32_gauge_fixed,1.3654195356941154,15.292048116205809,3,0,0.0
ql-ROM-style within a fixed POD space,1600,189.86227838,9577,30,742.0130004882812,common_POD_r32_gauge_fixed,1.4700088069488988,15.420830735508554,3,0,0.0
ql-ROM-style within a fixed POD space,1600,189.86227838,9577,31,745.7230834960938,common_POD_r32_gauge_fixed,1.3236865241745366,14.583985445840742,4,1,0.03973782705605836
ql-ROM-style within a fixed POD space,1600,189.86227838,9577,32,749.4331665039062,common_POD_r32_gauge_fixed,1.4323258785991315,14.30603098579962,4,0,0.0
ql-ROM-style within a fixed POD space,1600,189.86227838,9577,33,753.1431884765625,common_POD_r32_gauge_fixed,1.5301548944849013,15.487753235617015,4,0,0.0
ql-ROM-style within a fixed POD space,1600,189.86227838,9577,34,756.853271484375,common_POD_r32_gauge_fixed,1.4028224112290524,14.639306006379071,1,1,0.03546691004891564
ql-ROM-style within a fixed POD space,1600,189.86227838,9577,35,760.5633544921875,common_POD_r32_gauge_fixed,1.4906395694364414,14.230162266080656,1,0,0.0
ql-ROM-style within a fixed POD space,1600,189.86227838,9577,36,764.2734375,common_POD_r32_gauge_fixed,1.407702241193696,14.763575136387832,3,1,0.03432760293720139
ql-ROM-style within a fixed POD space,1600,189.86227838,9577,37,767.9834594726562,common_POD_r32_gauge_fixed,1.493819435747227,15.640077702298086,3,0,0.0
ql-ROM-style within a fixed POD space,1600,189.86227838,9577,38,771.6935424804688,common_POD_r32_gauge_fixed,1.5822923360297034,14.837217573576087,3,0,0.0
ql-ROM-style within a fixed POD space,1600,189.86227838,9577,39,775.4036254882812,common_POD_r32_gauge_fixed,1.4581616965661193,14.44924091196948,4,1,0.0372841615440095
ql-ROM-style within a fixed POD space,1600,189.86227838,9577,40,779.1136474609375,common_POD_r32_gauge_fixed,1.557153076432996,14.926524213258904,4,0,0.0
ql-ROM-style within a fixed POD space,1600,189.86227838,9577,41,782.82373046875,common_POD_r32_gauge_fixed,1.453748784741293,14.951291158890973,1,1,0.03362459002898984
ql-ROM-style within a fixed POD space,1600,189.86227838,9577,42,786.5338134765625,common_POD_r32_gauge_fixed,1.5154487418907336,14.532372650112169,1,0,0.0
ql-ROM-style within a fixed POD space,1600,189.86227838,9577,43,790.243896484375,common_POD_r32_gauge_fixed,1.5988932680181196,14.363535501658156,1,0,0.0
ql-ROM-style within a fixed POD space,1600,189.86227838,9577,44,793.9539184570312,common_POD_r32_gauge_fixed,1.5085994357294348,15.172202902563617,3,1,0.030850821586659947
ql-ROM-style within a fixed POD space,1600,189.86227838,9577,45,797.6640014648438,common_POD_r32_gauge_fixed,1.5809341522413212,15.692194565210826,3,0,0.0
ql-ROM-style within a fixed POD space,1600,189.86227838,9577,46,801.3740844726562,common_POD_r32_gauge_fixed,1.471431229727965,14.792809422800993,4,1,0.03719612694680938
ql-ROM-style within a fixed POD space,1600,189.86227838,9577,47,805.0841064453125,common_POD_r32_gauge_fixed,1.5569436092761684,14.453604488244318,4,0,0.0
ql-ROM-style within a fixed POD space,1600,189.86227838,9577,48,808.794189453125,common_POD_r32_gauge_fixed,1.637561730383031,15.446718078652513,4,0,0.0
ql-ROM-style within a fixed POD space,1600,189.86227838,9593,1,693.7821655273438,common_POD_r32_gauge_fixed,0.29547825261630617,14.139993539103596,4,0,0.0
ql-ROM-style within a fixed POD space,1600,189.86227838,9593,2,697.4922485351562,common_POD_r32_gauge_fixed,0.37056580285348384,14.032417727338276,1,1,0.017301977502547108
ql-ROM-style within a fixed POD space,1600,189.86227838,9593,3,701.2023315429688,common_POD_r32_gauge_fixed,0.586273590571389,14.124739662093862,1,0,0.0
ql-ROM-style within a fixed POD space,1600,189.86227838,9593,4,704.912353515625,common_POD_r32_gauge_fixed,0.7897278149471921,14.095608533774126,1,0,0.0
ql-ROM-style within a fixed POD space,1600,189.86227838,9593,5,708.6224365234375,common_POD_r32_gauge_fixed,0.7196448501593447,14.379010066996962,3,1,0.02886074404803899
ql-ROM-style within a fixed POD space,1600,189.86227838,9593,6,712.33251953125,common_POD_r32_gauge_fixed,0.8928976839248296,14.84974316881493,3,0,0.0
ql-ROM-style within a fixed POD space,1600,189.86227838,9593,7,716.0425415039062,common_POD_r32_gauge_fixed,1.043852825108726,14.170460848636534,3,0,0.0
ql-ROM-style within a fixed POD space,1600,189.86227838,9593,8,719.7526245117188,common_POD_r32_gauge_fixed,0.8638714932934397,14.1809238294104,4,1,0.03831159270741403
ql-ROM-style within a fixed POD space,1600,189.86227838,9593,9,723.4627075195312,common_POD_r32_gauge_fixed,1.0101133643583329,14.601926769294927,4,0,0.0
ql-ROM-style within a fixed POD space,1600,189.86227838,9593,10,727.1727905273438,common_POD_r32_gauge_fixed,0.8559866976483211,14.145119556407632,1,1,0.03689322858291743
ql-ROM-style within a fixed POD space,1600,189.86227838,9593,11,730.8828125,common_POD_r32_gauge_fixed,1.002168610174934,14.18261554160246,1,0,0.0
ql-ROM-style within a fixed POD space,1600,189.86227838,9593,12,734.5928955078125,common_POD_r32_gauge_fixed,0.8716061281360571,14.128654440576197,3,1,0.031705404276166804
ql-ROM-style within a fixed POD space,1600,189.86227838,9593,13,738.302978515625,common_POD_r32_gauge_fixed,0.9883449890218512,14.733612428876693,3,0,0.0
ql-ROM-style within a fixed POD space,1600,189.86227838,9593,14,742.0130004882812,common_POD_r32_gauge_fixed,1.1167441048301192,15.088062932486324,3,0,0.0
ql-ROM-style within a fixed POD space,1600,189.86227838,9593,15,745.7230834960938,common_POD_r32_gauge_fixed,0.9293808009494472,14.35002935817821,4,1,0.03818000945681648
ql-ROM-style within a fixed POD space,1600,189.86227838,9593,16,749.4331665039062,common_POD_r32_gauge_fixed,1.059881961293382,13.970230208620066,4,0,0.0
ql-ROM-style within a fixed POD space,1600,189.86227838,9593,17,753.1431884765625,common_POD_r32_gauge_fixed,1.1857764802478683,15.102544559041792,4,0,0.0
ql-ROM-style within a fixed POD space,1600,189.86227838,9593,18,756.853271484375,common_POD_r32_gauge_fixed,1.0673438854554373,14.263554363719447,1,1,0.03362468196164452
ql-ROM-style within a fixed POD space,1600,189.86227838,9593,19,760.5633544921875,common_POD_r32_gauge_fixed,1.1883080508836847,14.007066836224427,1,0,0.0
ql-ROM-style within a fixed POD space,1600,189.86227838,9593,20,764.2734375,common_POD_r32_gauge_fixed,1.1027163062906014,14.395207309880517,3,1,0.032863102296351566
ql-ROM-style within a fixed POD space,1600,189.86227838,9593,21,767.9834594726562,common_POD_r32_gauge_fixed,1.2262144512802937,15.172085911176907,3,0,0.0
ql-ROM-style within a fixed POD space,1600,189.86227838,9593,22,771.6935424804688,common_POD_r32_gauge_fixed,1.3502874509020182,14.597114038371586,3,0,0.0
ql-ROM-style within a fixed POD space,1600,189.86227838,9593,23,775.4036254882812,common_POD_r32_gauge_fixed,1.2329907512431044,14.224170489479777,4,1,0.03569118140026886
ql-ROM-style within a fixed POD space,1600,189.86227838,9593,24,779.1136474609375,common_POD_r32_gauge_fixed,1.357744119985267,14.63246109418948,4,0,0.0
ql-ROM-style within a fixed POD space,1600,189.86227838,9593,25,782.82373046875,common_POD_r32_gauge_fixed,1.2773500686163624,14.64915105841263,1,1,0.032563592314362386
ql-ROM-style within a fixed POD space,1600,189.86227838,9593,26,786.5338134765625,common_POD_r32_gauge_fixed,1.369320228687789,14.338092589525624,1,0,0.0
ql-ROM-style within a fixed POD space,1600,189.86227838,9593,27,790.243896484375,common_POD_r32_gauge_fixed,1.4719402412695508,14.159096165213864,1,0,0.0
ql-ROM-style within a fixed POD space,1600,189.86227838,9593,28,793.9539184570312,common_POD_r32_gauge_fixed,1.3913754048619624,14.920013293647713,3,1,0.030521835219192116
ql-ROM-style within a fixed POD space,1600,189.86227838,9593,29,797.6640014648438,common_POD_r32_gauge_fixed,1.490259832914896,15.477873383395846,3,0,0.0
ql-ROM-style within a fixed POD space,1600,189.86227838,9593,30,801.3740844726562,common_POD_r32_gauge_fixed,1.3978217724179787,14.640863423381184,4,1,0.03677036493747897
ql-ROM-style within a fixed POD space,1600,189.86227838,9593,31,805.0841064453125,common_POD_r32_gauge_fixed,1.4992937370939574,14.285776764278122,4,0,0.0
ql-ROM-style within a fixed POD space,1600,189.86227838,9593,32,808.794189453125,common_POD_r32_gauge_fixed,1.600940844004184,15.280055146953123,4,0,0.0
ql-ROM-style within a fixed POD space,1600,189.86227838,9593,33,812.5042724609375,common_POD_r32_gauge_fixed,1.513738932003998,14.711169456763862,1,1,0.033823892543981396
ql-ROM-style within a fixed POD space,1600,189.86227838,9593,34,816.2142944335938,common_POD_r32_gauge_fixed,1.6038033279154258,14.340058480121009,1,0,0.0
ql-ROM-style within a fixed POD space,1600,189.86227838,9593,35,819.9243774414062,common_POD_r32_gauge_fixed,1.5398098483139813,14.681204501372298,3,1,0.02881921133469463
ql-ROM-style within a fixed POD space,1600,189.86227838,9593,36,823.6344604492188,common_POD_r32_gauge_fixed,1.6197222976398462,15.598438928099966,3,0,0.0
ql-ROM-style within a fixed POD space,1600,189.86227838,9593,37,827.3445434570312,common_POD_r32_gauge_fixed,1.714408394074347,15.321812700013751,3,0,0.0
ql-ROM-style within a fixed POD space,1600,189.86227838,9593,38,831.0545654296875,common_POD_r32_gauge_fixed,1.6026838698566237,14.714300542635286,4,1,0.03797080997848581
ql-ROM-style within a fixed POD space,1600,189.86227838,9593,39,834.7646484375,common_POD_r32_gauge_fixed,1.6950049394435773,14.805011102449583,4,0,0.0
ql-ROM-style within a fixed POD space,1600,189.86227838,9593,40,838.4747314453125,common_POD_r32_gauge_fixed,1.6117521832697175,15.010781721079766,1,1,0.03414890680511785
ql-ROM-style within a fixed POD space,1600,189.86227838,9593,41,842.1847534179688,common_POD_r32_gauge_fixed,1.6578525614528248,14.719243872119605,1,0,0.0
ql-ROM-style within a fixed POD space,1600,189.86227838,9593,42,845.8948364257812,common_POD_r32_gauge_fixed,1.7388424341644706,14.483581418475081,1,0,0.0
ql-ROM-style within a fixed POD space,1600,189.86227838,9593,43,849.6049194335938,common_POD_r32_gauge_fixed,1.6610145599551003,15.111661427787704,3,1,0.031994691091825345
ql-ROM-style within a fixed POD space,1600,189.86227838,9593,44,853.3150024414062,common_POD_r32_gauge_fixed,1.7270121612303857,15.782818174429385,3,0,0.0
ql-ROM-style within a fixed POD space,1600,189.86227838,9593,45,857.0250244140625,common_POD_r32_gauge_fixed,1.8114254540089383,14.647275278292952,3,0,0.0
ql-ROM-style within a fixed POD space,1600,189.86227838,9593,46,860.735107421875,common_POD_r32_gauge_fixed,1.7239638948799578,14.58593609303045,4,1,0.03710631149510112
ql-ROM-style within a fixed POD space,1600,189.86227838,9593,47,864.4451904296875,common_POD_r32_gauge_fixed,1.8023373022208855,15.32388081230005,4,0,0.0
ql-ROM-style within a fixed POD space,1600,189.86227838,9593,48,868.1552124023438,common_POD_r32_gauge_fixed,1.7111579115845252,14.974086037529686,1,1,0.03475240115268644
ql-ROM-style within a fixed POD space,1600,189.86227838,9609,1,753.1431884765625,common_POD_r32_gauge_fixed,0.28592844933338607,14.222088422013455,4,0,0.0
ql-ROM-style within a fixed POD space,1600,189.86227838,9609,2,756.853271484375,common_POD_r32_gauge_fixed,0.4350399022614796,14.031260658029565,1,1,0.010307095935454496
ql-ROM-style within a fixed POD space,1600,189.86227838,9609,3,760.5633544921875,common_POD_r32_gauge_fixed,0.6677148297659594,14.121223331354503,1,0,0.0
ql-ROM-style within a fixed POD space,1600,189.86227838,9609,4,764.2734375,common_POD_r32_gauge_fixed,0.645109178041647,14.267216632691348,3,1,0.026861048687327634
ql-ROM-style within a fixed POD space,1600,189.86227838,9609,5,767.9834594726562,common_POD_r32_gauge_fixed,0.8402698559347406,14.789817266572431,3,0,0.0
ql-ROM-style within a fixed POD space,1600,189.86227838,9609,6,771.6935424804688,common_POD_r32_gauge_fixed,1.0051943808062478,14.448797958978924,3,0,0.0
ql-ROM-style within a fixed POD space,1600,189.86227838,9609,7,775.4036254882812,common_POD_r32_gauge_fixed,0.8518447406456418,14.339147227933402,4,1,0.03742099586884902
ql-ROM-style within a fixed POD space,1600,189.86227838,9609,8,779.1136474609375,common_POD_r32_gauge_fixed,1.008342602552561,14.3542746024889,4,0,0.0
ql-ROM-style within a fixed POD space,1600,189.86227838,9609,9,782.82373046875,common_POD_r32_gauge_fixed,0.8592247088018898,14.157086508603692,1,1,0.03792268530078844
ql-ROM-style within a fixed POD space,1600,189.86227838,9609,10,786.5338134765625,common_POD_r32_gauge_fixed,1.0097721976899465,14.204409086275602,1,0,0.0
ql-ROM-style within a fixed POD space,1600,189.86227838,9609,11,790.243896484375,common_POD_r32_gauge_fixed,1.1382035157192743,14.113583466166919,1,0,0.0
ql-ROM-style within a fixed POD space,1600,189.86227838,9609,12,793.9539184570312,common_POD_r32_gauge_fixed,0.9704223855681501,14.539189647995986,3,1,0.03465844040136539
ql-ROM-style within a fixed POD space,1600,189.86227838,9609,13,797.6640014648438,common_POD_r32_gauge_fixed,1.1004098572906627,15.206342236407464,3,0,0.0
ql-ROM-style within a fixed POD space,1600,189.86227838,9609,14,801.3740844726562,common_POD_r32_gauge_fixed,0.8941673994362721,14.32078644899245,4,1,0.039669445505329255
ql-ROM-style within a fixed POD space,1600,189.86227838,9609,15,805.0841064453125,common_POD_r32_gauge_fixed,1.0257977473753375,13.955464011279151,4,0,0.0
ql-ROM-style within a fixed POD space,1600,189.86227838,9609,16,808.794189453125,common_POD_r32_gauge_fixed,1.1517955047926485,14.879066066401887,4,0,0.0
ql-ROM-style within a fixed POD space,1600,189.86227838,9609,17,812.5042724609375,common_POD_r32_gauge_fixed,1.0302398908596588,14.312784205992187,1,1,0.03454584584184602
ql-ROM-style within a fixed POD space,1600,189.86227838,9609,18,816.2142944335938,common_POD_r32_gauge_fixed,1.1538359376671905,14.026718808554103,1,0,0.0
ql-ROM-style within a fixed POD space,1600,189.86227838,9609,19,819.9243774414062,common_POD_r32_gauge_fixed,1.0659730778501388,14.26179710418568,3,1,0.034055462264221424
ql-ROM-style within a fixed POD space,1600,189.86227838,9609,20,823.6344604492188,common_POD_r32_gauge_fixed,1.1905927868732507,15.07048833851265,3,0,0.0
ql-ROM-style within a fixed POD space,1600,189.86227838,9609,21,827.3445434570312,common_POD_r32_gauge_fixed,1.3163774689339451,14.911496725486598,3,0,0.0
ql-ROM-style within a fixed POD space,1600,189.86227838,9609,22,831.0545654296875,common_POD_r32_gauge_fixed,1.1861999230675155,14.310747126323351,4,1,0.03704294769230268
ql-ROM-style within a fixed POD space,1600,189.86227838,9609,23,834.7646484375,common_POD_r32_gauge_fixed,1.3161631823782867,14.298944482567277,4,0,0.0
ql-ROM-style within a fixed POD space,1600,189.86227838,9609,24,838.4747314453125,common_POD_r32_gauge_fixed,1.2451313274329696,14.622601189534446,1,1,0.03348730247764234
ql-ROM-style within a fixed POD space,1600,189.86227838,9609,25,842.1847534179688,common_POD_r32_gauge_fixed,1.329757785745914,14.40991809744997,1,0,0.0
ql-ROM-style within a fixed POD space,1600,189.86227838,9609,26,845.8948364257812,common_POD_r32_gauge_fixed,1.4342166381686354,14.122726423551251,1,0,0.0
ql-ROM-style within a fixed POD space,1600,189.86227838,9609,27,849.6049194335938,common_POD_r32_gauge_fixed,1.349519463767947,14.72199921758664,3,1,0.032087509165006446
ql-ROM-style within a fixed POD space,1600,189.86227838,9609,28,853.3150024414062,common_POD_r32_gauge_fixed,1.450119444641205,15.534943918638525,3,0,0.0
ql-ROM-style within a fixed POD space,1600,189.86227838,9609,29,857.0250244140625,common_POD_r32_gauge_fixed,1.5555424069438104,14.463970650607463,3,0,0.0
ql-ROM-style within a fixed POD space,1600,189.86227838,9609,30,860.735107421875,common_POD_r32_gauge_fixed,1.4524090172991608,14.275252547545625,4,1,0.03748677492370423
ql-ROM-style within a fixed POD space,1600,189.86227838,9609,31,864.4451904296875,common_POD_r32_gauge_fixed,1.5573899796594228,15.011215065630273,4,0,0.0
ql-ROM-style within a fixed POD space,1600,189.86227838,9609,32,868.1552124023438,common_POD_r32_gauge_fixed,1.4782955359825025,14.735063031962687,1,1,0.034372379317537595
ql-ROM-style within a fixed POD space,1600,189.86227838,9609,33,871.8652954101562,common_POD_r32_gauge_fixed,1.5647830921073687,14.368129148866643,1,0,0.0
ql-ROM-style within a fixed POD space,1600,189.86227838,9609,34,875.5753784179688,common_POD_r32_gauge_fixed,1.5017310153899652,14.568011558058869,3,1,0.03084696165605373
ql-ROM-style within a fixed POD space,1600,189.86227838,9609,35,879.285400390625,common_POD_r32_gauge_fixed,1.5777406006591987,15.417452449267987,3,0,0.0
ql-ROM-style within a fixed POD space,1600,189.86227838,9609,36,882.9954833984375,common_POD_r32_gauge_fixed,1.6704335342792267,15.592014505815332,3,0,0.0
ql-ROM-style within a fixed POD space,1600,189.86227838,9609,37,886.70556640625,common_POD_r32_gauge_fixed,1.5528819249586168,14.780300075360769,4,1,0.03902898143958286
ql-ROM-style within a fixed POD space,1600,189.86227838,9609,38,890.4156494140625,common_POD_r32_gauge_fixed,1.6473626630398224,14.521300853633557,4,0,0.0
ql-ROM-style within a fixed POD space,1600,189.86227838,9609,39,894.1256713867188,common_POD_r32_gauge_fixed,1.7315257131112056,15.620530256192467,4,0,0.0
ql-ROM-style within a fixed POD space,1600,189.86227838,9609,40,897.8357543945312,common_POD_r32_gauge_fixed,1.6116124511020211,14.820974881905293,1,1,0.03492616214808646
ql-ROM-style within a fixed POD space,1600,189.86227838,9609,41,901.5458374023438,common_POD_r32_gauge_fixed,1.6896563241079627,14.434428821307984,1,0,0.0
ql-ROM-style within a fixed POD space,1600,189.86227838,9609,42,905.255859375,common_POD_r32_gauge_fixed,1.6156516106505532,14.916991318560882,3,1,0.033225386128954426
ql-ROM-style within a fixed POD space,1600,189.86227838,9609,43,908.9659423828125,common_POD_r32_gauge_fixed,1.6827617878952614,15.752103069185146,3,0,0.0
ql-ROM-style within a fixed POD space,1600,189.86227838,9609,44,912.676025390625,common_POD_r32_gauge_fixed,1.7631838716708665,15.018945425201613,3,0,0.0
ql-ROM-style within a fixed POD space,1600,189.86227838,9609,45,916.3861083984375,common_POD_r32_gauge_fixed,1.6586706749170954,14.657279559949801,4,1,0.03599134472406659
ql-ROM-style within a fixed POD space,1600,189.86227838,9609,46,920.0961303710938,common_POD_r32_gauge_fixed,1.7466319640099395,15.122862288100725,4,0,0.0
ql-ROM-style within a fixed POD space,1600,189.86227838,9609,47,923.8062133789062,common_POD_r32_gauge_fixed,1.6508801271599185,15.11703181271186,1,1,0.03278691813146541
ql-ROM-style within a fixed POD space,1600,189.86227838,9609,48,927.5162963867188,common_POD_r32_gauge_fixed,1.7014672521362721,14.728495305515576,1,0,0.0
ql-ROM-style within a fixed POD space,1600,70.3146353337,976,1,1396.9688720703125,common_POD_r32_gauge_fixed,0.14179121075293155,25.611471455905317,0,0,0.0
ql-ROM-style within a fixed POD space,1600,70.3146353337,976,2,1409.4417724609375,common_POD_r32_gauge_fixed,0.21468541700888438,25.63131850883602,0,0,0.0
ql-ROM-style within a fixed POD space,1600,70.3146353337,976,3,1421.914794921875,common_POD_r32_gauge_fixed,0.2908727353173363,25.561950260169215,0,0,0.0
ql-ROM-style within a fixed POD space,1600,70.3146353337,976,4,1434.3876953125,common_POD_r32_gauge_fixed,0.382372200257127,25.618024599085746,0,0,0.0
ql-ROM-style within a fixed POD space,1600,70.3146353337,976,5,1446.860595703125,common_POD_r32_gauge_fixed,0.4801972629429658,25.85258237986136,0,0,0.0
ql-ROM-style within a fixed POD space,1600,70.3146353337,976,6,1459.3336181640625,common_POD_r32_gauge_fixed,0.5709347605488497,25.984894493219983,0,0,0.0
ql-ROM-style within a fixed POD space,1600,70.3146353337,976,7,1471.8065185546875,common_POD_r32_gauge_fixed,0.6713074516036568,25.82784176266856,0,0,0.0
ql-ROM-style within a fixed POD space,1600,70.3146353337,976,8,1484.2794189453125,common_POD_r32_gauge_fixed,0.7945915585205935,25.665225526487223,0,0,0.0
ql-ROM-style within a fixed POD space,1600,70.3146353337,976,9,1496.7523193359375,common_POD_r32_gauge_fixed,0.9348331340537934,25.80584170964883,0,0,0.0
ql-ROM-style within a fixed POD space,1600,70.3146353337,976,10,1509.225341796875,common_POD_r32_gauge_fixed,1.0705763770374863,26.00677607157092,0,0,0.0
ql-ROM-style within a fixed POD space,1600,70.3146353337,976,11,1521.6982421875,common_POD_r32_gauge_fixed,1.199891694739785,25.77228874355854,0,0,0.0
ql-ROM-style within a fixed POD space,1600,70.3146353337,976,12,1534.171142578125,common_POD_r32_gauge_fixed,1.3467190318596973,25.285404822048186,0,0,0.0
ql-ROM-style within a fixed POD space,1600,70.3146353337,976,13,1546.6441650390625,common_POD_r32_gauge_fixed,1.5229866991695031,25.27602295993062,0,0,0.0
ql-ROM-style within a fixed POD space,1600,70.3146353337,976,14,1559.1170654296875,common_POD_r32_gauge_fixed,1.715810059460226,25.871618275968693,0,0,0.0
ql-ROM-style within a fixed POD space,1600,70.3146353337,976,15,1571.5899658203125,common_POD_r32_gauge_fixed,1.8915053998406508,26.233528051542066,0,0,0.0
ql-ROM-style within a fixed POD space,1600,70.3146353337,976,16,1584.06298828125,common_POD_r32_gauge_fixed,2.078417270020369,25.809106908101597,0,0,0.0
ql-ROM-style within a fixed POD space,1600,70.3146353337,976,17,1596.535888671875,common_POD_r32_gauge_fixed,2.296351717835463,25.503659538647426,0,0,0.0
ql-ROM-style within a fixed POD space,1600,70.3146353337,976,18,1609.0087890625,common_POD_r32_gauge_fixed,2.5276827662899284,26.073658563998436,0,0,0.0
ql-ROM-style within a fixed POD space,1600,70.3146353337,976,19,1621.481689453125,common_POD_r32_gauge_fixed,2.7567338112833135,26.996815259932244,0,0,0.0
ql-ROM-style within a fixed POD space,1600,70.3146353337,976,20,1633.9547119140625,common_POD_r32_gauge_fixed,2.9792106190669503,27.176498836179135,0,0,0.0
ql-ROM-style within a fixed POD space,1600,70.3146353337,976,21,1646.4276123046875,common_POD_r32_gauge_fixed,3.2192003202466632,26.81142335863796,0,0,0.0
ql-ROM-style within a fixed POD space,1600,70.3146353337,976,22,1658.9005126953125,common_POD_r32_gauge_fixed,3.475989501077296,27.18707609273364,0,0,0.0
ql-ROM-style within a fixed POD space,1600,70.3146353337,976,23,1671.37353515625,common_POD_r32_gauge_fixed,3.7527547755121105,28.415797602024874,0,0,0.0
ql-ROM-style within a fixed POD space,1600,70.3146353337,976,24,1683.846435546875,common_POD_r32_gauge_fixed,4.023608590636646,29.5698791623649,0,0,0.0
ql-ROM-style within a fixed POD space,1600,70.3146353337,976,25,1696.3193359375,common_POD_r32_gauge_fixed,4.2968229294122455,29.788441673341303,0,0,0.0
ql-ROM-style within a fixed POD space,1600,70.3146353337,976,26,1708.792236328125,common_POD_r32_gauge_fixed,4.601251240417449,30.08468329697348,0,0,0.0
ql-ROM-style within a fixed POD space,1600,70.3146353337,976,27,1721.2652587890625,common_POD_r32_gauge_fixed,4.9291699224842045,31.10617514114592,0,0,0.0
ql-ROM-style within a fixed POD space,1600,70.3146353337,976,28,1733.7381591796875,common_POD_r32_gauge_fixed,5.2682562516353135,32.50018307279009,0,0,0.0
ql-ROM-style within a fixed POD space,1600,70.3146353337,976,29,1746.2110595703125,common_POD_r32_gauge_fixed,5.587917489256325,33.532319656058476,0,0,0.0
ql-ROM-style within a fixed POD space,1600,70.3146353337,976,30,1758.68408203125,common_POD_r32_gauge_fixed,5.901338110914513,33.96294011556428,0,0,0.0
ql-ROM-style within a fixed POD space,1600,70.3146353337,976,31,1771.156982421875,common_POD_r32_gauge_fixed,6.25425186861658,34.702030337338776,0,0,0.0
ql-ROM-style within a fixed POD space,1600,70.3146353337,976,32,1783.6298828125,common_POD_r32_gauge_fixed,6.646807138764391,35.820758313295826,0,0,0.0
ql-ROM-style within a fixed POD space,1600,70.3146353337,976,33,1796.1029052734375,common_POD_r32_gauge_fixed,7.0265663645567775,37.2398845120434,0,0,0.0
ql-ROM-style within a fixed POD space,1600,70.3146353337,976,34,1808.5758056640625,common_POD_r32_gauge_fixed,7.355795494350821,37.98752383176989,0,0,0.0
ql-ROM-style within a fixed POD space,1600,70.3146353337,976,35,1821.0487060546875,common_POD_r32_gauge_fixed,7.709351151783118,38.646889063383,0,0,0.0
ql-ROM-style within a fixed POD space,1600,70.3146353337,976,36,1833.5216064453125,common_POD_r32_gauge_fixed,8.129844394182776,39.63583656860416,0,0,0.0
ql-ROM-style within a fixed POD space,1600,70.3146353337,976,37,1845.99462890625,common_POD_r32_gauge_fixed,8.555033394706456,40.89796262944053,0,0,0.0
ql-ROM-style within a fixed POD space,1600,70.3146353337,976,38,1858.467529296875,common_POD_r32_gauge_fixed,8.907413503475583,41.93381203762156,0,0,0.0
ql-ROM-style within a fixed POD space,1600,70.3146353337,976,39,1870.9404296875,common_POD_r32_gauge_fixed,9.21217050395331,42.28173608040107,0,0,0.0
ql-ROM-style within a fixed POD space,1600,70.3146353337,976,40,1883.4134521484375,common_POD_r32_gauge_fixed,9.597760908625409,42.92410383204916,0,0,0.0
ql-ROM-style within a fixed POD space,1600,70.3146353337,976,41,1895.8863525390625,common_POD_r32_gauge_fixed,10.0363410630491,43.91608979270414,0,0,0.0
ql-ROM-style within a fixed POD space,1600,70.3146353337,976,42,1908.3592529296875,common_POD_r32_gauge_fixed,10.423796508812758,45.06418204426648,0,0,0.0
ql-ROM-style within a fixed POD space,1600,70.3146353337,976,43,1920.832275390625,common_POD_r32_gauge_fixed,10.696457492380336,45.227035841797495,0,0,0.0
ql-ROM-style within a fixed POD space,1600,70.3146353337,976,44,1933.30517578125,common_POD_r32_gauge_fixed,10.99777045053619,45.80534188009868,0,0,0.0
ql-ROM-style within a fixed POD space,1600,70.3146353337,976,45,1945.778076171875,common_POD_r32_gauge_fixed,11.401684008740665,46.61990676341013,0,0,0.0
ql-ROM-style within a fixed POD space,1600,70.3146353337,976,46,1958.2509765625,common_POD_r32_gauge_fixed,11.791529034989292,47.67249202470351,0,0,0.0
ql-ROM-style within a fixed POD space,1600,70.3146353337,976,47,1970.7239990234375,common_POD_r32_gauge_fixed,12.038305580460463,47.9589165589663,0,0,0.0
ql-ROM-style within a fixed POD space,1600,70.3146353337,976,48,1983.1968994140625,common_POD_r32_gauge_fixed,12.215677921078266,48.13620629438726,0,0,0.0
ql-ROM-style within a fixed POD space,1600,70.3146353337,984,1,1496.7523193359375,common_POD_r32_gauge_fixed,0.19801119619385338,24.778795046504285,0,0,0.0
ql-ROM-style within a fixed POD space,1600,70.3146353337,984,2,1509.225341796875,common_POD_r32_gauge_fixed,0.30902175192680326,24.99979563736429,0,0,0.0
ql-ROM-style within a fixed POD space,1600,70.3146353337,984,3,1521.6982421875,common_POD_r32_gauge_fixed,0.41880032408437584,25.042185346138673,0,0,0.0
ql-ROM-style within a fixed POD space,1600,70.3146353337,984,4,1534.171142578125,common_POD_r32_gauge_fixed,0.5315875129031256,24.702874565300668,0,0,0.0
ql-ROM-style within a fixed POD space,1600,70.3146353337,984,5,1546.6441650390625,common_POD_r32_gauge_fixed,0.6682267198702476,24.456809266396558,0,0,0.0
ql-ROM-style within a fixed POD space,1600,70.3146353337,984,6,1559.1170654296875,common_POD_r32_gauge_fixed,0.8316846220835432,24.715698746142635,0,0,0.0
ql-ROM-style within a fixed POD space,1600,70.3146353337,984,7,1571.5899658203125,common_POD_r32_gauge_fixed,0.9826610472669731,25.083399819378204,0,0,0.0
ql-ROM-style within a fixed POD space,1600,70.3146353337,984,8,1584.06298828125,common_POD_r32_gauge_fixed,1.131632904219612,24.829631645479743,0,0,0.0
ql-ROM-style within a fixed POD space,1600,70.3146353337,984,9,1596.535888671875,common_POD_r32_gauge_fixed,1.3104073330007788,24.27179010212959,0,0,0.0
ql-ROM-style within a fixed POD space,1600,70.3146353337,984,10,1609.0087890625,common_POD_r32_gauge_fixed,1.5050039548107124,24.31281711498005,0,0,0.0
ql-ROM-style within a fixed POD space,1600,70.3146353337,984,11,1621.481689453125,common_POD_r32_gauge_fixed,1.7040837452335231,24.924832630808822,0,0,0.0
ql-ROM-style within a fixed POD space,1600,70.3146353337,984,12,1633.9547119140625,common_POD_r32_gauge_fixed,1.8880564930552686,25.10538002479681,0,0,0.0
ql-ROM-style within a fixed POD space,1600,70.3146353337,984,13,1646.4276123046875,common_POD_r32_gauge_fixed,2.0898467736501942,24.510465958614727,0,0,0.0
ql-ROM-style within a fixed POD space,1600,70.3146353337,984,14,1658.9005126953125,common_POD_r32_gauge_fixed,2.3091887338240213,24.311689406759996,0,0,0.0
ql-ROM-style within a fixed POD space,1600,70.3146353337,984,15,1671.37353515625,common_POD_r32_gauge_fixed,2.545275559061391,25.062475982640485,0,0,0.0
ql-ROM-style within a fixed POD space,1600,70.3146353337,984,16,1683.846435546875,common_POD_r32_gauge_fixed,2.774654479044183,26.04391885248592,0,0,0.0
ql-ROM-style within a fixed POD space,1600,70.3146353337,984,17,1696.3193359375,common_POD_r32_gauge_fixed,3.001509416812403,26.13002268268869,0,0,0.0
ql-ROM-style within a fixed POD space,1600,70.3146353337,984,18,1708.792236328125,common_POD_r32_gauge_fixed,3.267903241810161,25.943535607354445,0,0,0.0
ql-ROM-style within a fixed POD space,1600,70.3146353337,984,19,1721.2652587890625,common_POD_r32_gauge_fixed,3.541571181343665,26.591381684730315,0,0,0.0
ql-ROM-style within a fixed POD space,1600,70.3146353337,984,20,1733.7381591796875,common_POD_r32_gauge_fixed,3.821812694810972,27.711926325811458,0,0,0.0
ql-ROM-style within a fixed POD space,1600,70.3146353337,984,21,1746.2110595703125,common_POD_r32_gauge_fixed,4.091346484016221,28.5859836115111,0,0,0.0
ql-ROM-style within a fixed POD space,1600,70.3146353337,984,22,1758.68408203125,common_POD_r32_gauge_fixed,4.36631430509873,28.8608670500947,0,0,0.0
ql-ROM-style within a fixed POD space,1600,70.3146353337,984,23,1771.156982421875,common_POD_r32_gauge_fixed,4.662376643112857,29.389839893675585,0,0,0.0
ql-ROM-style within a fixed POD space,1600,70.3146353337,984,24,1783.6298828125,common_POD_r32_gauge_fixed,4.990000304170899,30.248945784089436,0,0,0.0
ql-ROM-style within a fixed POD space,1600,70.3146353337,984,25,1796.1029052734375,common_POD_r32_gauge_fixed,5.325503223603129,31.352167358922646,0,0,0.0
ql-ROM-style within a fixed POD space,1600,70.3146353337,984,26,1808.5758056640625,common_POD_r32_gauge_fixed,5.627561151393424,32.08144126447434,0,0,0.0
ql-ROM-style within a fixed POD space,1600,70.3146353337,984,27,1821.0487060546875,common_POD_r32_gauge_fixed,5.939634667327693,32.663973393469114,0,0,0.0
ql-ROM-style within a fixed POD space,1600,70.3146353337,984,28,1833.5216064453125,common_POD_r32_gauge_fixed,6.302297867273228,33.61758474181323,0,0,0.0
ql-ROM-style within a fixed POD space,1600,70.3146353337,984,29,1845.99462890625,common_POD_r32_gauge_fixed,6.689974875834482,34.59735789023956,0,0,0.0
ql-ROM-style within a fixed POD space,1600,70.3146353337,984,30,1858.467529296875,common_POD_r32_gauge_fixed,7.029882388486358,35.59861886466153,0,0,0.0
ql-ROM-style within a fixed POD space,1600,70.3146353337,984,31,1870.9404296875,common_POD_r32_gauge_fixed,7.321653131826027,36.18622820001998,0,0,0.0
ql-ROM-style within a fixed POD space,1600,70.3146353337,984,32,1883.4134521484375,common_POD_r32_gauge_fixed,7.663914053736155,36.92954263988857,0,0,0.0
ql-ROM-style within a fixed POD space,1600,70.3146353337,984,33,1895.8863525390625,common_POD_r32_gauge_fixed,8.073191658452135,37.67850708876134,0,0,0.0
ql-ROM-style within a fixed POD space,1600,70.3146353337,984,34,1908.3592529296875,common_POD_r32_gauge_fixed,8.461446749115892,38.754720626822035,0,0,0.0
ql-ROM-style within a fixed POD space,1600,70.3146353337,984,35,1920.832275390625,common_POD_r32_gauge_fixed,8.756308627756445,39.129414250716195,0,0,0.0
ql-ROM-style within a fixed POD space,1600,70.3146353337,984,36,1933.30517578125,common_POD_r32_gauge_fixed,9.0474777084291,39.78341181673801,0,0,0.0
ql-ROM-style within a fixed POD space,1600,70.3146353337,984,37,1945.778076171875,common_POD_r32_gauge_fixed,9.433570834181344,40.70528719424442,0,0,0.0
ql-ROM-style within a fixed POD space,1600,70.3146353337,984,38,1958.2509765625,common_POD_r32_gauge_fixed,9.833987775033709,41.600117236726156,0,0,0.0
ql-ROM-style within a fixed POD space,1600,70.3146353337,984,39,1970.7239990234375,common_POD_r32_gauge_fixed,10.135402724691359,42.10470262253789,0,0,0.0
ql-ROM-style within a fixed POD space,1600,70.3146353337,984,40,1983.1968994140625,common_POD_r32_gauge_fixed,10.34315074661193,42.352304856442814,0,0,0.0
ql-ROM-style within a fixed POD space,1600,70.3146353337,984,41,1995.6697998046875,common_POD_r32_gauge_fixed,10.650047583922689,43.11339244241946,0,0,0.0
ql-ROM-style within a fixed POD space,1600,70.3146353337,984,42,2008.142822265625,common_POD_r32_gauge_fixed,11.030560446239313,43.97705012995508,0,0,0.0
ql-ROM-style within a fixed POD space,1600,70.3146353337,984,43,2020.61572265625,common_POD_r32_gauge_fixed,11.333745025222834,44.51482141766406,0,0,0.0
ql-ROM-style within a fixed POD space,1600,70.3146353337,984,44,2033.088623046875,common_POD_r32_gauge_fixed,11.470775821246997,44.54509238612437,0,0,0.0
ql-ROM-style within a fixed POD space,1600,70.3146353337,984,45,2045.5615234375,common_POD_r32_gauge_fixed,11.66263057359804,45.37168267623204,0,0,0.0
ql-ROM-style within a fixed POD space,1600,70.3146353337,984,46,2058.034423828125,common_POD_r32_gauge_fixed,11.989489589432326,46.05308650826549,0,0,0.0
ql-ROM-style within a fixed POD space,1600,70.3146353337,984,47,2070.507568359375,common_POD_r32_gauge_fixed,12.274649437173913,46.8165351216238,0,0,0.0
ql-ROM-style within a fixed POD space,1600,70.3146353337,984,48,2082.98046875,common_POD_r32_gauge_fixed,12.36172909558155,46.73290196099985,0,0,0.0
ql-ROM-style within a fixed POD space,1600,70.3146353337,1000,1,1696.3193359375,common_POD_r32_gauge_fixed,0.2021991746472663,22.894957865831167,0,0,0.0
ql-ROM-style within a fixed POD space,1600,70.3146353337,1000,2,1708.792236328125,common_POD_r32_gauge_fixed,0.3879086392465652,22.507288353564586,0,0,0.0
ql-ROM-style within a fixed POD space,1600,70.3146353337,1000,3,1721.2652587890625,common_POD_r32_gauge_fixed,0.5889330173621716,22.091759204239555,0,0,0.0
ql-ROM-style within a fixed POD space,1600,70.3146353337,1000,4,1733.7381591796875,common_POD_r32_gauge_fixed,0.781045766019781,22.246024920224873,0,0,0.0
ql-ROM-style within a fixed POD space,1600,70.3146353337,1000,5,1746.2110595703125,common_POD_r32_gauge_fixed,0.9631911443557101,22.65013925535074,0,0,0.0
ql-ROM-style within a fixed POD space,1600,70.3146353337,1000,6,1758.68408203125,common_POD_r32_gauge_fixed,1.145659344864816,22.569019270222405,0,0,0.0
ql-ROM-style within a fixed POD space,1600,70.3146353337,1000,7,1771.156982421875,common_POD_r32_gauge_fixed,1.3573601210012054,22.21549302317332,0,0,0.0
ql-ROM-style within a fixed POD space,1600,70.3146353337,1000,8,1783.6298828125,common_POD_r32_gauge_fixed,1.5565717062132782,22.312946361798847,0,0,0.0
ql-ROM-style within a fixed POD space,1600,70.3146353337,1000,9,1796.1029052734375,common_POD_r32_gauge_fixed,1.7482116475051304,22.75445213228765,0,0,0.0
ql-ROM-style within a fixed POD space,1600,70.3146353337,1000,10,1808.5758056640625,common_POD_r32_gauge_fixed,1.9236494355063853,23.018089440174645,0,0,0.0
ql-ROM-style within a fixed POD space,1600,70.3146353337,1000,11,1821.0487060546875,common_POD_r32_gauge_fixed,2.1373699721223884,22.794269578571445,0,0,0.0
ql-ROM-style within a fixed POD space,1600,70.3146353337,1000,12,1833.5216064453125,common_POD_r32_gauge_fixed,2.3645034913670093,23.042262595051646,0,0,0.0
ql-ROM-style within a fixed POD space,1600,70.3146353337,1000,13,1845.99462890625,common_POD_r32_gauge_fixed,2.5816743406240263,23.66732640830093,0,0,0.0
ql-ROM-style within a fixed POD space,1600,70.3146353337,1000,14,1858.467529296875,common_POD_r32_gauge_fixed,2.789032696685357,24.2137992830592,0,0,0.0
ql-ROM-style within a fixed POD space,1600,70.3146353337,1000,15,1870.9404296875,common_POD_r32_gauge_fixed,2.996018050095239,24.5653444184204,0,0,0.0
ql-ROM-style within a fixed POD space,1600,70.3146353337,1000,16,1883.4134521484375,common_POD_r32_gauge_fixed,3.219086745762978,25.067896672414484,0,0,0.0
ql-ROM-style within a fixed POD space,1600,70.3146353337,1000,17,1895.8863525390625,common_POD_r32_gauge_fixed,3.46721799236641,25.553092933794698,0,0,0.0
ql-ROM-style within a fixed POD space,1600,70.3146353337,1000,18,1908.3592529296875,common_POD_r32_gauge_fixed,3.7348311186705523,25.97783971761273,0,0,0.0
ql-ROM-style within a fixed POD space,1600,70.3146353337,1000,19,1920.832275390625,common_POD_r32_gauge_fixed,3.9746000312567413,26.35857014778159,0,0,0.0
ql-ROM-style within a fixed POD space,1600,70.3146353337,1000,20,1933.30517578125,common_POD_r32_gauge_fixed,4.200391174492833,26.71560703241086,0,0,0.0
ql-ROM-style within a fixed POD space,1600,70.3146353337,1000,21,1945.778076171875,common_POD_r32_gauge_fixed,4.459558200735764,27.67619893495351,0,0,0.0
ql-ROM-style within a fixed POD space,1600,70.3146353337,1000,22,1958.2509765625,common_POD_r32_gauge_fixed,4.764805051141248,28.37479411420126,0,0,0.0
ql-ROM-style within a fixed POD space,1600,70.3146353337,1000,23,1970.7239990234375,common_POD_r32_gauge_fixed,5.047188571807891,28.818646591467555,0,0,0.0
ql-ROM-style within a fixed POD space,1600,70.3146353337,1000,24,1983.1968994140625,common_POD_r32_gauge_fixed,5.281141034937232,29.22427755357337,0,0,0.0
ql-ROM-style within a fixed POD space,1600,70.3146353337,1000,25,1995.6697998046875,common_POD_r32_gauge_fixed,5.527156947782188,30.05985482692498,0,0,0.0
ql-ROM-style within a fixed POD space,1600,70.3146353337,1000,26,2008.142822265625,common_POD_r32_gauge_fixed,5.848448087105403,30.651164011839565,0,0,0.0
ql-ROM-style within a fixed POD space,1600,70.3146353337,1000,27,2020.61572265625,common_POD_r32_gauge_fixed,6.172224496742021,31.2053943056414,0,0,0.0
ql-ROM-style within a fixed POD space,1600,70.3146353337,1000,28,2033.088623046875,common_POD_r32_gauge_fixed,6.42420578534419,31.191638053588296,0,0,0.0
ql-ROM-style within a fixed POD space,1600,70.3146353337,1000,29,2045.5615234375,common_POD_r32_gauge_fixed,6.64023408992243,31.85010710768612,0,0,0.0
ql-ROM-style within a fixed POD space,1600,70.3146353337,1000,30,2058.034423828125,common_POD_r32_gauge_fixed,6.940201637955068,32.97925139775772,0,0,0.0
ql-ROM-style within a fixed POD space,1600,70.3146353337,1000,31,2070.507568359375,common_POD_r32_gauge_fixed,7.270214439289793,33.54290191667127,0,0,0.0
ql-ROM-style within a fixed POD space,1600,70.3146353337,1000,32,2082.98046875,common_POD_r32_gauge_fixed,7.5311707871654905,33.70564634369779,0,0,0.0
ql-ROM-style within a fixed POD space,1600,70.3146353337,1000,33,2095.453369140625,common_POD_r32_gauge_fixed,7.697380619145648,34.0764248087523,0,0,0.0
ql-ROM-style within a fixed POD space,1600,70.3146353337,1000,34,2107.92626953125,common_POD_r32_gauge_fixed,7.940159555757987,34.96406746459261,0,0,0.0
ql-ROM-style within a fixed POD space,1600,70.3146353337,1000,35,2120.399169921875,common_POD_r32_gauge_fixed,8.254316727657352,35.6124014488374,0,0,0.0
ql-ROM-style within a fixed POD space,1600,70.3146353337,1000,36,2132.8720703125,common_POD_r32_gauge_fixed,8.515415254776523,35.82836064876219,0,0,0.0
ql-ROM-style within a fixed POD space,1600,70.3146353337,1000,37,2145.344970703125,common_POD_r32_gauge_fixed,8.640722646697904,35.8991151778106,0,0,0.0
ql-ROM-style within a fixed POD space,1600,70.3146353337,1000,38,2157.818115234375,common_POD_r32_gauge_fixed,8.811334829553799,36.930556245886656,0,0,0.0
ql-ROM-style within a fixed POD space,1600,70.3146353337,1000,39,2170.291015625,common_POD_r32_gauge_fixed,9.094130969294163,37.60135880241855,0,0,0.0
ql-ROM-style within a fixed POD space,1600,70.3146353337,1000,40,2182.763916015625,common_POD_r32_gauge_fixed,9.343030075752983,38.07530356650084,0,0,0.0
ql-ROM-style within a fixed POD space,1600,70.3146353337,1000,41,2195.23681640625,common_POD_r32_gauge_fixed,9.433635550248855,38.018165126444984,0,0,0.0
ql-ROM-style within a fixed POD space,1600,70.3146353337,1000,42,2207.709716796875,common_POD_r32_gauge_fixed,9.536662115338032,38.51646300959459,0,0,0.0
ql-ROM-style within a fixed POD space,1600,70.3146353337,1000,43,2220.1826171875,common_POD_r32_gauge_fixed,9.786368647477559,39.17508964205992,0,0,0.0
ql-ROM-style within a fixed POD space,1600,70.3146353337,1000,44,2232.655517578125,common_POD_r32_gauge_fixed,10.028704287026692,39.78178830640882,0,0,0.0
ql-ROM-style within a fixed POD space,1600,70.3146353337,1000,45,2245.128662109375,common_POD_r32_gauge_fixed,10.099781116229119,39.556573124119915,0,0,0.0
ql-ROM-style within a fixed POD space,1600,70.3146353337,1000,46,2257.6015625,common_POD_r32_gauge_fixed,10.147249725911665,39.95429314906861,0,0,0.0
ql-ROM-style within a fixed POD space,1600,70.3146353337,1000,47,2270.074462890625,common_POD_r32_gauge_fixed,10.3593255924124,40.60595375839946,0,0,0.0
ql-ROM-style within a fixed POD space,1600,70.3146353337,1000,48,2282.54736328125,common_POD_r32_gauge_fixed,10.58418427904933,41.285091488629675,0,0,0.0
ql-ROM-style within a fixed POD space,1600,70.3146353337,1016,1,1895.8863525390625,common_POD_r32_gauge_fixed,0.2998095792314901,22.95256719341929,0,0,0.0
ql-ROM-style within a fixed POD space,1600,70.3146353337,1016,2,1908.3592529296875,common_POD_r32_gauge_fixed,0.49745238080041676,22.823950671219162,0,0,0.0
ql-ROM-style within a fixed POD space,1600,70.3146353337,1016,3,1920.832275390625,common_POD_r32_gauge_fixed,0.7199901640285351,22.85789304831384,0,0,0.0
ql-ROM-style within a fixed POD space,1600,70.3146353337,1016,4,1933.30517578125,common_POD_r32_gauge_fixed,0.9666877198483149,22.66939686938719,0,0,0.0
ql-ROM-style within a fixed POD space,1600,70.3146353337,1016,5,1945.778076171875,common_POD_r32_gauge_fixed,1.223878185244246,22.701700310832038,0,0,0.0
ql-ROM-style within a fixed POD space,1600,70.3146353337,1016,6,1958.2509765625,common_POD_r32_gauge_fixed,1.4469771900301232,23.032119717781164,0,0,0.0
ql-ROM-style within a fixed POD space,1600,70.3146353337,1016,7,1970.7239990234375,common_POD_r32_gauge_fixed,1.6648351878735546,23.40928670421956,0,0,0.0
ql-ROM-style within a fixed POD space,1600,70.3146353337,1016,8,1983.1968994140625,common_POD_r32_gauge_fixed,1.8856044019200355,23.70998127672495,0,0,0.0
ql-ROM-style within a fixed POD space,1600,70.3146353337,1016,9,1995.6697998046875,common_POD_r32_gauge_fixed,2.113352259791778,24.079700287993226,0,0,0.0
ql-ROM-style within a fixed POD space,1600,70.3146353337,1016,10,2008.142822265625,common_POD_r32_gauge_fixed,2.3369403389532173,24.196334229974234,0,0,0.0
ql-ROM-style within a fixed POD space,1600,70.3146353337,1016,11,2020.61572265625,common_POD_r32_gauge_fixed,2.567367320806415,24.31474938167248,0,0,0.0
ql-ROM-style within a fixed POD space,1600,70.3146353337,1016,12,2033.088623046875,common_POD_r32_gauge_fixed,2.7917653701606544,24.446163394907973,0,0,0.0
ql-ROM-style within a fixed POD space,1600,70.3146353337,1016,13,2045.5615234375,common_POD_r32_gauge_fixed,3.006354581926622,24.661526692200994,0,0,0.0
ql-ROM-style within a fixed POD space,1600,70.3146353337,1016,14,2058.034423828125,common_POD_r32_gauge_fixed,3.231034804493918,25.40902867369096,0,0,0.0
ql-ROM-style within a fixed POD space,1600,70.3146353337,1016,15,2070.507568359375,common_POD_r32_gauge_fixed,3.4852955862966764,25.879626153714796,0,0,0.0
ql-ROM-style within a fixed POD space,1600,70.3146353337,1016,16,2082.98046875,common_POD_r32_gauge_fixed,3.72594312797741,26.11942584338072,0,0,0.0
ql-ROM-style within a fixed POD space,1600,70.3146353337,1016,17,2095.453369140625,common_POD_r32_gauge_fixed,3.9297417173485236,26.531615946576746,0,0,0.0
ql-ROM-style within a fixed POD space,1600,70.3146353337,1016,18,2107.92626953125,common_POD_r32_gauge_fixed,4.135020864503935,27.13880177095746,0,0,0.0
ql-ROM-style within a fixed POD space,1600,70.3146353337,1016,19,2120.399169921875,common_POD_r32_gauge_fixed,4.393516947496353,27.406426990725976,0,0,0.0
ql-ROM-style within a fixed POD space,1600,70.3146353337,1016,20,2132.8720703125,common_POD_r32_gauge_fixed,4.651059113660267,27.68698052821706,0,0,0.0
ql-ROM-style within a fixed POD space,1600,70.3146353337,1016,21,2145.344970703125,common_POD_r32_gauge_fixed,4.851481757179301,27.663892086781512,0,0,0.0
ql-ROM-style within a fixed POD space,1600,70.3146353337,1016,22,2157.818115234375,common_POD_r32_gauge_fixed,5.026930154693724,28.348029823061104,0,0,0.0
ql-ROM-style within a fixed POD space,1600,70.3146353337,1016,23,2170.291015625,common_POD_r32_gauge_fixed,5.273801326376105,29.082245722622957,0,0,0.0
ql-ROM-style within a fixed POD space,1600,70.3146353337,1016,24,2182.763916015625,common_POD_r32_gauge_fixed,5.534329979575416,29.41103094758469,0,0,0.0
ql-ROM-style within a fixed POD space,1600,70.3146353337,1016,25,2195.23681640625,common_POD_r32_gauge_fixed,5.729051859302663,29.50657651275256,0,0,0.0
ql-ROM-style within a fixed POD space,1600,70.3146353337,1016,26,2207.709716796875,common_POD_r32_gauge_fixed,5.8680883694645125,29.97074938642084,0,0,0.0
ql-ROM-style within a fixed POD space,1600,70.3146353337,1016,27,2220.1826171875,common_POD_r32_gauge_fixed,6.084498784951946,30.482893860776223,0,0,0.0
ql-ROM-style within a fixed POD space,1600,70.3146353337,1016,28,2232.655517578125,common_POD_r32_gauge_fixed,6.340924396697833,30.9012149472185,0,0,0.0
ql-ROM-style within a fixed POD space,1600,70.3146353337,1016,29,2245.128662109375,common_POD_r32_gauge_fixed,6.527419098046278,30.813923312928765,0,0,0.0
ql-ROM-style within a fixed POD space,1600,70.3146353337,1016,30,2257.6015625,common_POD_r32_gauge_fixed,6.633949051316238,31.098613807412605,0,0,0.0
ql-ROM-style within a fixed POD space,1600,70.3146353337,1016,31,2270.074462890625,common_POD_r32_gauge_fixed,6.813881734752929,31.913991142701704,0,0,0.0
ql-ROM-style within a fixed POD space,1600,70.3146353337,1016,32,2282.54736328125,common_POD_r32_gauge_fixed,7.050351525628239,32.36652976429659,0,0,0.0
ql-ROM-style within a fixed POD space,1600,70.3146353337,1016,33,2295.020263671875,common_POD_r32_gauge_fixed,7.226009354312393,32.51538602601174,0,0,0.0
ql-ROM-style within a fixed POD space,1600,70.3146353337,1016,34,2307.4931640625,common_POD_r32_gauge_fixed,7.292120835548781,32.61442761464404,0,0,0.0
ql-ROM-style within a fixed POD space,1600,70.3146353337,1016,35,2319.966064453125,common_POD_r32_gauge_fixed,7.422750508574969,33.08800438459583,0,0,0.0
ql-ROM-style within a fixed POD space,1600,70.3146353337,1016,36,2332.439208984375,common_POD_r32_gauge_fixed,7.637540652272255,33.51383968525094,0,0,0.0
ql-ROM-style within a fixed POD space,1600,70.3146353337,1016,37,2344.912109375,common_POD_r32_gauge_fixed,7.805285558717323,33.69482656692622,0,0,0.0
ql-ROM-style within a fixed POD space,1600,70.3146353337,1016,38,2357.385009765625,common_POD_r32_gauge_fixed,7.843613271935762,33.57526090438423,0,0,0.0
ql-ROM-style within a fixed POD space,1600,70.3146353337,1016,39,2369.85791015625,common_POD_r32_gauge_fixed,7.929114880106542,34.1581988219047,0,0,0.0
ql-ROM-style within a fixed POD space,1600,70.3146353337,1016,40,2382.330810546875,common_POD_r32_gauge_fixed,8.121946243185626,34.61032720636142,0,0,0.0
ql-ROM-style within a fixed POD space,1600,70.3146353337,1016,41,2394.8037109375,common_POD_r32_gauge_fixed,8.279974646975909,34.974299833360945,0,0,0.0
ql-ROM-style within a fixed POD space,1600,70.3146353337,1016,42,2407.27685546875,common_POD_r32_gauge_fixed,8.296855458030851,34.80135565483814,0,0,0.0
ql-ROM-style within a fixed POD space,1600,70.3146353337,1016,43,2419.749755859375,common_POD_r32_gauge_fixed,8.334486984638959,34.98760900985341,0,0,0.0
ql-ROM-style within a fixed POD space,1600,70.3146353337,1016,44,2432.22265625,common_POD_r32_gauge_fixed,8.503569961328058,35.38879524503998,0,0,0.0
ql-ROM-style within a fixed POD space,1600,70.3146353337,1016,45,2444.695556640625,common_POD_r32_gauge_fixed,8.656528820280759,35.73831101187988,0,0,0.0
ql-ROM-style within a fixed POD space,1600,70.3146353337,1016,46,2457.16845703125,common_POD_r32_gauge_fixed,8.664227271420419,35.445722922857684,0,0,0.0
ql-ROM-style within a fixed POD space,1600,70.3146353337,1016,47,2469.641357421875,common_POD_r32_gauge_fixed,8.65990928992394,35.59676575985558,0,0,0.0
ql-ROM-style within a fixed POD space,1600,70.3146353337,1016,48,2482.1142578125,common_POD_r32_gauge_fixed,8.800263478227844,36.04889556513981,0,0,0.0
ql-ROM-style within a fixed POD space,1600,70.3146353337,1024,1,1995.6697998046875,common_POD_r32_gauge_fixed,0.31776930763506533,23.510580401453982,0,0,0.0
ql-ROM-style within a fixed POD space,1600,70.3146353337,1024,2,2008.142822265625,common_POD_r32_gauge_fixed,0.5505876196466934,23.582438050389214,0,0,0.0
ql-ROM-style within a fixed POD space,1600,70.3146353337,1024,3,2020.61572265625,common_POD_r32_gauge_fixed,0.782445167014827,23.434986656548883,0,0,0.0
ql-ROM-style within a fixed POD space,1600,70.3146353337,1024,4,2033.088623046875,common_POD_r32_gauge_fixed,1.0262599846875098,23.497777231169227,0,0,0.0
ql-ROM-style within a fixed POD space,1600,70.3146353337,1024,5,2045.5615234375,common_POD_r32_gauge_fixed,1.2877193832534046,23.389444627938293,0,0,0.0
ql-ROM-style within a fixed POD space,1600,70.3146353337,1024,6,2058.034423828125,common_POD_r32_gauge_fixed,1.5442917009282278,23.646086348998,0,0,0.0
ql-ROM-style within a fixed POD space,1600,70.3146353337,1024,7,2070.507568359375,common_POD_r32_gauge_fixed,1.7888052624144941,24.001881281949114,0,0,0.0
ql-ROM-style within a fixed POD space,1600,70.3146353337,1024,8,2082.98046875,common_POD_r32_gauge_fixed,2.0315830902280148,24.35137127276779,0,0,0.0
ql-ROM-style within a fixed POD space,1600,70.3146353337,1024,9,2095.453369140625,common_POD_r32_gauge_fixed,2.2723531540101565,24.707888593813916,0,0,0.0
ql-ROM-style within a fixed POD space,1600,70.3146353337,1024,10,2107.92626953125,common_POD_r32_gauge_fixed,2.505000292978835,25.05894021540246,0,0,0.0
ql-ROM-style within a fixed POD space,1600,70.3146353337,1024,11,2120.399169921875,common_POD_r32_gauge_fixed,2.7487680547874502,25.089296213261882,0,0,0.0
ql-ROM-style within a fixed POD space,1600,70.3146353337,1024,12,2132.8720703125,common_POD_r32_gauge_fixed,3.0035273633035393,25.357756816594375,0,0,0.0
ql-ROM-style within a fixed POD space,1600,70.3146353337,1024,13,2145.344970703125,common_POD_r32_gauge_fixed,3.2469661642636862,25.434717556834503,0,0,0.0
ql-ROM-style within a fixed POD space,1600,70.3146353337,1024,14,2157.818115234375,common_POD_r32_gauge_fixed,3.4654285733665446,25.925862694919115,0,0,0.0
ql-ROM-style within a fixed POD space,1600,70.3146353337,1024,15,2170.291015625,common_POD_r32_gauge_fixed,3.7135693761427757,26.57643432229333,0,0,0.0
ql-ROM-style within a fixed POD space,1600,70.3146353337,1024,16,2182.763916015625,common_POD_r32_gauge_fixed,3.9807208376314143,26.973449514883036,0,0,0.0
ql-ROM-style within a fixed POD space,1600,70.3146353337,1024,17,2195.23681640625,common_POD_r32_gauge_fixed,4.218059031127141,27.229590691049065,0,0,0.0
ql-ROM-style within a fixed POD space,1600,70.3146353337,1024,18,2207.709716796875,common_POD_r32_gauge_fixed,4.410625682107028,27.71483319501462,0,0,0.0
ql-ROM-style within a fixed POD space,1600,70.3146353337,1024,19,2220.1826171875,common_POD_r32_gauge_fixed,4.63774718268098,28.079765538642764,0,0,0.0
ql-ROM-style within a fixed POD space,1600,70.3146353337,1024,20,2232.655517578125,common_POD_r32_gauge_fixed,4.903334594260719,28.443423646949935,0,0,0.0
ql-ROM-style within a fixed POD space,1600,70.3146353337,1024,21,2245.128662109375,common_POD_r32_gauge_fixed,5.131389916786771,28.538350328859853,0,0,0.0
ql-ROM-style within a fixed POD space,1600,70.3146353337,1024,22,2257.6015625,common_POD_r32_gauge_fixed,5.300143096667016,28.765597544943226,0,0,0.0
ql-ROM-style within a fixed POD space,1600,70.3146353337,1024,23,2270.074462890625,common_POD_r32_gauge_fixed,5.499540922221474,29.519465407384626,0,0,0.0
ql-ROM-style within a fixed POD space,1600,70.3146353337,1024,24,2282.54736328125,common_POD_r32_gauge_fixed,5.749653646318934,30.00002435877689,0,0,0.0
ql-ROM-style within a fixed POD space,1600,70.3146353337,1024,25,2295.020263671875,common_POD_r32_gauge_fixed,5.968368875550889,30.197742842747843,0,0,0.0
ql-ROM-style within a fixed POD space,1600,70.3146353337,1024,26,2307.4931640625,common_POD_r32_gauge_fixed,6.105421696139747,30.39918714968513,0,0,0.0
ql-ROM-style within a fixed POD space,1600,70.3146353337,1024,27,2319.966064453125,common_POD_r32_gauge_fixed,6.262767850989295,30.86458520554296,0,0,0.0
ql-ROM-style within a fixed POD space,1600,70.3146353337,1024,28,2332.439208984375,common_POD_r32_gauge_fixed,6.491496970939141,31.25455610425331,0,0,0.0
ql-ROM-style within a fixed POD space,1600,70.3146353337,1024,29,2344.912109375,common_POD_r32_gauge_fixed,6.701056323254513,31.48016795819843,0,0,0.0
ql-ROM-style within a fixed POD space,1600,70.3146353337,1024,30,2357.385009765625,common_POD_r32_gauge_fixed,6.810672146085377,31.38314595982006,0,0,0.0
ql-ROM-style within a fixed POD space,1600,70.3146353337,1024,31,2369.85791015625,common_POD_r32_gauge_fixed,6.925749427363452,31.998129006730736,0,0,0.0
ql-ROM-style within a fixed POD space,1600,70.3146353337,1024,32,2382.330810546875,common_POD_r32_gauge_fixed,7.131670812087728,32.505393412793765,0,0,0.0
ql-ROM-style within a fixed POD space,1600,70.3146353337,1024,33,2394.8037109375,common_POD_r32_gauge_fixed,7.327628084100911,32.860091088399365,0,0,0.0
ql-ROM-style within a fixed POD space,1600,70.3146353337,1024,34,2407.27685546875,common_POD_r32_gauge_fixed,7.4093571657834065,32.824542079003294,0,0,0.0
ql-ROM-style within a fixed POD space,1600,70.3146353337,1024,35,2419.749755859375,common_POD_r32_gauge_fixed,7.473147982980008,33.09367292381601,0,0,0.0
ql-ROM-style within a fixed POD space,1600,70.3146353337,1024,36,2432.22265625,common_POD_r32_gauge_fixed,7.649876825479031,33.49505767132464,0,0,0.0
ql-ROM-style within a fixed POD space,1600,70.3146353337,1024,37,2444.695556640625,common_POD_r32_gauge_fixed,7.834476377647516,33.84850430891526,0,0,0.0
ql-ROM-style within a fixed POD space,1600,70.3146353337,1024,38,2457.16845703125,common_POD_r32_gauge_fixed,7.900968068794106,33.66395608779011,0,0,0.0
ql-ROM-style within a fixed POD space,1600,70.3146353337,1024,39,2469.641357421875,common_POD_r32_gauge_fixed,7.924307904739629,33.90458502761171,0,0,0.0
ql-ROM-style within a fixed POD space,1600,70.3146353337,1024,40,2482.1142578125,common_POD_r32_gauge_fixed,8.072340218187561,34.42117672541091,0,0,0.0
ql-ROM-style within a fixed POD space,1600,70.3146353337,1024,41,2494.58740234375,common_POD_r32_gauge_fixed,8.243866673266139,34.82323406601707,0,0,0.0
ql-ROM-style within a fixed POD space,1600,70.3146353337,1024,42,2507.060302734375,common_POD_r32_gauge_fixed,8.300500754695012,34.77932940434959,0,0,0.0
ql-ROM-style within a fixed POD space,1600,70.3146353337,1024,43,2519.533203125,common_POD_r32_gauge_fixed,8.280152574590396,34.68184932952875,0,0,0.0
ql-ROM-style within a fixed POD space,1600,70.3146353337,1024,44,2532.006103515625,common_POD_r32_gauge_fixed,8.392388117722488,34.97941093079412,0,0,0.0
ql-ROM-style within a fixed POD space,1600,70.3146353337,1024,45,2544.47900390625,common_POD_r32_gauge_fixed,8.553493519454085,35.371178288362934,0,0,0.0
ql-ROM-style within a fixed POD space,1600,70.3146353337,1024,46,2556.951904296875,common_POD_r32_gauge_fixed,8.609574903780521,35.30157066195091,0,0,0.0
ql-ROM-style within a fixed POD space,1600,70.3146353337,1024,47,2569.4248046875,common_POD_r32_gauge_fixed,8.563003605457038,35.09578708649265,0,0,0.0
ql-ROM-style within a fixed POD space,1600,70.3146353337,1024,48,2581.89794921875,common_POD_r32_gauge_fixed,8.637477623514664,35.48232861183488,0,0,0.0
ql-ROM-style within a fixed POD space,1600,70.3146353337,1040,1,2195.23681640625,common_POD_r32_gauge_fixed,0.2777551032785798,23.851098680004913,0,0,0.0
ql-ROM-style within a fixed POD space,1600,70.3146353337,1040,2,2207.709716796875,common_POD_r32_gauge_fixed,0.5647471061827324,24.1650746624249,0,0,0.0
ql-ROM-style within a fixed POD space,1600,70.3146353337,1040,3,2220.1826171875,common_POD_r32_gauge_fixed,0.8406615002495377,24.397507102902395,0,0,0.0
ql-ROM-style within a fixed POD space,1600,70.3146353337,1040,4,2232.655517578125,common_POD_r32_gauge_fixed,1.1210216420828774,24.268244197601128,0,0,0.0
ql-ROM-style within a fixed POD space,1600,70.3146353337,1040,5,2245.128662109375,common_POD_r32_gauge_fixed,1.3951377630217816,24.474597343656434,0,0,0.0
ql-ROM-style within a fixed POD space,1600,70.3146353337,1040,6,2257.6015625,common_POD_r32_gauge_fixed,1.6812262941298117,24.44180068039261,0,0,0.0
ql-ROM-style within a fixed POD space,1600,70.3146353337,1040,7,2270.074462890625,common_POD_r32_gauge_fixed,1.9658636800519012,24.76768519209682,0,0,0.0
ql-ROM-style within a fixed POD space,1600,70.3146353337,1040,8,2282.54736328125,common_POD_r32_gauge_fixed,2.250397647106589,25.181738059608676,0,0,0.0
ql-ROM-style within a fixed POD space,1600,70.3146353337,1040,9,2295.020263671875,common_POD_r32_gauge_fixed,2.533527935452807,25.646381235478827,0,0,0.0
ql-ROM-style within a fixed POD space,1600,70.3146353337,1040,10,2307.4931640625,common_POD_r32_gauge_fixed,2.8146024235346854,25.990521712376925,0,0,0.0
ql-ROM-style within a fixed POD space,1600,70.3146353337,1040,11,2319.966064453125,common_POD_r32_gauge_fixed,3.078688415140698,26.33422796717425,0,0,0.0
ql-ROM-style within a fixed POD space,1600,70.3146353337,1040,12,2332.439208984375,common_POD_r32_gauge_fixed,3.356890249405592,26.473235133942417,0,0,0.0
ql-ROM-style within a fixed POD space,1600,70.3146353337,1040,13,2344.912109375,common_POD_r32_gauge_fixed,3.642748459211719,26.959577204672264,0,0,0.0
ql-ROM-style within a fixed POD space,1600,70.3146353337,1040,14,2357.385009765625,common_POD_r32_gauge_fixed,3.9178801192856763,27.07168053935176,0,0,0.0
ql-ROM-style within a fixed POD space,1600,70.3146353337,1040,15,2369.85791015625,common_POD_r32_gauge_fixed,4.167043153656936,27.61119564606324,0,0,0.0
ql-ROM-style within a fixed POD space,1600,70.3146353337,1040,16,2382.330810546875,common_POD_r32_gauge_fixed,4.442430080794601,28.22379544000601,0,0,0.0
ql-ROM-style within a fixed POD space,1600,70.3146353337,1040,17,2394.8037109375,common_POD_r32_gauge_fixed,4.728485961094749,28.779408982688164,0,0,0.0
ql-ROM-style within a fixed POD space,1600,70.3146353337,1040,18,2407.27685546875,common_POD_r32_gauge_fixed,4.981505269699147,29.06406267301469,0,0,0.0
ql-ROM-style within a fixed POD space,1600,70.3146353337,1040,19,2419.749755859375,common_POD_r32_gauge_fixed,5.194285044622527,29.475151004099065,0,0,0.0
ql-ROM-style within a fixed POD space,1600,70.3146353337,1040,20,2432.22265625,common_POD_r32_gauge_fixed,5.447246973593272,29.84366810859338,0,0,0.0
ql-ROM-style within a fixed POD space,1600,70.3146353337,1040,21,2444.695556640625,common_POD_r32_gauge_fixed,5.721308760804442,30.383466037360364,0,0,0.0
ql-ROM-style within a fixed POD space,1600,70.3146353337,1040,22,2457.16845703125,common_POD_r32_gauge_fixed,5.953233420152344,30.460841787633473,0,0,0.0
ql-ROM-style within a fixed POD space,1600,70.3146353337,1040,23,2469.641357421875,common_POD_r32_gauge_fixed,6.130183982386784,30.780387479361345,0,0,0.0
ql-ROM-style within a fixed POD space,1600,70.3146353337,1040,24,2482.1142578125,common_POD_r32_gauge_fixed,6.356260711779702,31.476206413049567,0,0,0.0
ql-ROM-style within a fixed POD space,1600,70.3146353337,1040,25,2494.58740234375,common_POD_r32_gauge_fixed,6.615102590245936,32.04653714676221,0,0,0.0
ql-ROM-style within a fixed POD space,1600,70.3146353337,1040,26,2507.060302734375,common_POD_r32_gauge_fixed,6.824554624627671,32.22254921778405,0,0,0.0
ql-ROM-style within a fixed POD space,1600,70.3146353337,1040,27,2519.533203125,common_POD_r32_gauge_fixed,6.953865275353599,32.37132994451131,0,0,0.0
ql-ROM-style within a fixed POD space,1600,70.3146353337,1040,28,2532.006103515625,common_POD_r32_gauge_fixed,7.140378972712921,32.812252356969594,0,0,0.0
ql-ROM-style within a fixed POD space,1600,70.3146353337,1040,29,2544.47900390625,common_POD_r32_gauge_fixed,7.379500463639952,33.37440579902701,0,0,0.0
ql-ROM-style within a fixed POD space,1600,70.3146353337,1040,30,2556.951904296875,common_POD_r32_gauge_fixed,7.570960946012935,33.49702111957521,0,0,0.0
ql-ROM-style within a fixed POD space,1600,70.3146353337,1040,31,2569.4248046875,common_POD_r32_gauge_fixed,7.664186869478532,33.464687353578796,0,0,0.0
ql-ROM-style within a fixed POD space,1600,70.3146353337,1040,32,2581.89794921875,common_POD_r32_gauge_fixed,7.811587352445704,34.084447902141186,0,0,0.0
ql-ROM-style within a fixed POD space,1600,70.3146353337,1040,33,2594.370849609375,common_POD_r32_gauge_fixed,8.031593863861627,34.669178232690506,0,0,0.0
ql-ROM-style within a fixed POD space,1600,70.3146353337,1040,34,2606.84375,common_POD_r32_gauge_fixed,8.207068381185653,34.954212473881825,0,0,0.0
ql-ROM-style within a fixed POD space,1600,70.3146353337,1040,35,2619.316650390625,common_POD_r32_gauge_fixed,8.261334160636292,34.82542660911843,0,0,0.0
ql-ROM-style within a fixed POD space,1600,70.3146353337,1040,36,2631.78955078125,common_POD_r32_gauge_fixed,8.360952717757634,35.134220717572816,0,0,0.0
ql-ROM-style within a fixed POD space,1600,70.3146353337,1040,37,2644.262451171875,common_POD_r32_gauge_fixed,8.55826954813288,35.63152771204145,0,0,0.0
ql-ROM-style within a fixed POD space,1600,70.3146353337,1040,38,2656.7353515625,common_POD_r32_gauge_fixed,8.724920868603713,35.973135458376355,0,0,0.0
ql-ROM-style within a fixed POD space,1600,70.3146353337,1040,39,2669.20849609375,common_POD_r32_gauge_fixed,8.757358644444942,35.71728111105036,0,0,0.0
ql-ROM-style within a fixed POD space,1600,70.3146353337,1040,40,2681.681396484375,common_POD_r32_gauge_fixed,8.814980492502125,36.08107178012233,0,0,0.0
ql-ROM-style within a fixed POD space,1600,70.3146353337,1040,41,2694.154296875,common_POD_r32_gauge_fixed,8.993473584340386,36.57534433475917,0,0,0.0
ql-ROM-style within a fixed POD space,1600,70.3146353337,1040,42,2706.627197265625,common_POD_r32_gauge_fixed,9.153052870375351,37.0643579635826,0,0,0.0
ql-ROM-style within a fixed POD space,1600,70.3146353337,1040,43,2719.10009765625,common_POD_r32_gauge_fixed,9.169372885653745,36.81709857529744,0,0,0.0
ql-ROM-style within a fixed POD space,1600,70.3146353337,1040,44,2731.572998046875,common_POD_r32_gauge_fixed,9.183067767288646,36.83122601539793,0,0,0.0
ql-ROM-style within a fixed POD space,1600,70.3146353337,1040,45,2744.046142578125,common_POD_r32_gauge_fixed,9.34097270921977,37.242555833315635,0,0,0.0
ql-ROM-style within a fixed POD space,1600,70.3146353337,1040,46,2756.51904296875,common_POD_r32_gauge_fixed,9.499941996846278,37.73338012749839,0,0,0.0
ql-ROM-style within a fixed POD space,1600,70.3146353337,1040,47,2768.991943359375,common_POD_r32_gauge_fixed,9.513937840884838,37.44819794557004,0,0,0.0
ql-ROM-style within a fixed POD space,1600,70.3146353337,1040,48,2781.46484375,common_POD_r32_gauge_fixed,9.48895128201395,37.416437415153695,0,0,0.0
ql-ROM-style within a fixed POD space,1600,70.3146353337,1056,1,2394.8037109375,common_POD_r32_gauge_fixed,0.32689479515115594,24.215275392134497,0,0,0.0
ql-ROM-style within a fixed POD space,1600,70.3146353337,1056,2,2407.27685546875,common_POD_r32_gauge_fixed,0.5728306736673164,24.263463104207425,0,0,0.0
ql-ROM-style within a fixed POD space,1600,70.3146353337,1056,3,2419.749755859375,common_POD_r32_gauge_fixed,0.8670127563675076,24.558198379658116,0,0,0.0
ql-ROM-style within a fixed POD space,1600,70.3146353337,1056,4,2432.22265625,common_POD_r32_gauge_fixed,1.155849654660947,24.701013465513512,0,0,0.0
ql-ROM-style within a fixed POD space,1600,70.3146353337,1056,5,2444.695556640625,common_POD_r32_gauge_fixed,1.4459665423855417,24.68603731791151,0,0,0.0
ql-ROM-style within a fixed POD space,1600,70.3146353337,1056,6,2457.16845703125,common_POD_r32_gauge_fixed,1.7302026854674197,24.99763383566268,0,0,0.0
ql-ROM-style within a fixed POD space,1600,70.3146353337,1056,7,2469.641357421875,common_POD_r32_gauge_fixed,2.0280325564496904,25.00538041486357,0,0,0.0
ql-ROM-style within a fixed POD space,1600,70.3146353337,1056,8,2482.1142578125,common_POD_r32_gauge_fixed,2.3212977021563566,25.405073103933972,0,0,0.0
ql-ROM-style within a fixed POD space,1600,70.3146353337,1056,9,2494.58740234375,common_POD_r32_gauge_fixed,2.6187578406135983,25.880083866651816,0,0,0.0
ql-ROM-style within a fixed POD space,1600,70.3146353337,1056,10,2507.060302734375,common_POD_r32_gauge_fixed,2.911908384622008,26.357785696669016,0,0,0.0
ql-ROM-style within a fixed POD space,1600,70.3146353337,1056,11,2519.533203125,common_POD_r32_gauge_fixed,3.198556623698677,26.685285620141467,0,0,0.0
ql-ROM-style within a fixed POD space,1600,70.3146353337,1056,12,2532.006103515625,common_POD_r32_gauge_fixed,3.4750914901749406,27.013768318830856,0,0,0.0
ql-ROM-style within a fixed POD space,1600,70.3146353337,1056,13,2544.47900390625,common_POD_r32_gauge_fixed,3.76745260821185,27.310682102697893,0,0,0.0
ql-ROM-style within a fixed POD space,1600,70.3146353337,1056,14,2556.951904296875,common_POD_r32_gauge_fixed,4.0608090193859985,27.815287978852123,0,0,0.0
ql-ROM-style within a fixed POD space,1600,70.3146353337,1056,15,2569.4248046875,common_POD_r32_gauge_fixed,4.336178337784782,27.928141423447013,0,0,0.0
ql-ROM-style within a fixed POD space,1600,70.3146353337,1056,16,2581.89794921875,common_POD_r32_gauge_fixed,4.594586762353659,28.557820047874426,0,0,0.0
ql-ROM-style within a fixed POD space,1600,70.3146353337,1056,17,2594.370849609375,common_POD_r32_gauge_fixed,4.882658557254233,29.196781689186206,0,0,0.0
ql-ROM-style within a fixed POD space,1600,70.3146353337,1056,18,2606.84375,common_POD_r32_gauge_fixed,5.169195328550186,29.730760608960416,0,0,0.0
ql-ROM-style within a fixed POD space,1600,70.3146353337,1056,19,2619.316650390625,common_POD_r32_gauge_fixed,5.41251725522915,29.986246623791878,0,0,0.0
ql-ROM-style within a fixed POD space,1600,70.3146353337,1056,20,2631.78955078125,common_POD_r32_gauge_fixed,5.631649054367752,30.373973281622867,0,0,0.0
ql-ROM-style within a fixed POD space,1600,70.3146353337,1056,21,2644.262451171875,common_POD_r32_gauge_fixed,5.895764978207233,30.78531447738509,0,0,0.0
ql-ROM-style within a fixed POD space,1600,70.3146353337,1056,22,2656.7353515625,common_POD_r32_gauge_fixed,6.168260716451561,31.35539602188267,0,0,0.0
ql-ROM-style within a fixed POD space,1600,70.3146353337,1056,23,2669.20849609375,common_POD_r32_gauge_fixed,6.38455681737634,31.34130473140393,0,0,0.0
ql-ROM-style within a fixed POD space,1600,70.3146353337,1056,24,2681.681396484375,common_POD_r32_gauge_fixed,6.565379488606171,31.802526308744966,0,0,0.0
ql-ROM-style within a fixed POD space,1600,70.3146353337,1056,25,2694.154296875,common_POD_r32_gauge_fixed,6.807596538361837,32.45380971874983,0,0,0.0
ql-ROM-style within a fixed POD space,1600,70.3146353337,1056,26,2706.627197265625,common_POD_r32_gauge_fixed,7.064835381734702,33.05374545233716,0,0,0.0
ql-ROM-style within a fixed POD space,1600,70.3146353337,1056,27,2719.10009765625,common_POD_r32_gauge_fixed,7.250544405980669,33.117307419067124,0,0,0.0
ql-ROM-style within a fixed POD space,1600,70.3146353337,1056,28,2731.572998046875,common_POD_r32_gauge_fixed,7.38318508477592,33.329722069970195,0,0,0.0
ql-ROM-style within a fixed POD space,1600,70.3146353337,1056,29,2744.046142578125,common_POD_r32_gauge_fixed,7.594848085101488,33.822994171762026,0,0,0.0
ql-ROM-style within a fixed POD space,1600,70.3146353337,1056,30,2756.51904296875,common_POD_r32_gauge_fixed,7.835501986491611,34.436884070915895,0,0,0.0
ql-ROM-style within a fixed POD space,1600,70.3146353337,1056,31,2768.991943359375,common_POD_r32_gauge_fixed,7.997999287049631,34.37846967009611,0,0,0.0
ql-ROM-style within a fixed POD space,1600,70.3146353337,1056,32,2781.46484375,common_POD_r32_gauge_fixed,8.084654671752842,34.5089675102462,0,0,0.0
ql-ROM-style within a fixed POD space,1600,70.3146353337,1056,33,2793.937744140625,common_POD_r32_gauge_fixed,8.264235732222296,35.15962601379086,0,0,0.0
ql-ROM-style within a fixed POD space,1600,70.3146353337,1056,34,2806.41064453125,common_POD_r32_gauge_fixed,8.48856389628537,35.785639268319635,0,0,0.0
ql-ROM-style within a fixed POD space,1600,70.3146353337,1056,35,2818.883544921875,common_POD_r32_gauge_fixed,8.631963941158508,35.904156230713696,0,0,0.0
ql-ROM-style within a fixed POD space,1600,70.3146353337,1056,36,2831.356689453125,common_POD_r32_gauge_fixed,8.67333769646872,35.80465213173319,0,0,0.0
ql-ROM-style within a fixed POD space,1600,70.3146353337,1056,37,2843.82958984375,common_POD_r32_gauge_fixed,8.81313914925065,36.201832446870725,0,0,0.0
ql-ROM-style within a fixed POD space,1600,70.3146353337,1056,38,2856.302490234375,common_POD_r32_gauge_fixed,9.022281580779678,36.82289355445308,0,0,0.0
ql-ROM-style within a fixed POD space,1600,70.3146353337,1056,39,2868.775390625,common_POD_r32_gauge_fixed,9.156939571293353,36.960820110936474,0,0,0.0
ql-ROM-style within a fixed POD space,1600,70.3146353337,1056,40,2881.248291015625,common_POD_r32_gauge_fixed,9.169373428720553,36.768865458257366,0,0,0.0
ql-ROM-style within a fixed POD space,1600,70.3146353337,1056,41,2893.72119140625,common_POD_r32_gauge_fixed,9.271770678595734,37.24083966866642,0,0,0.0
ql-ROM-style within a fixed POD space,1600,70.3146353337,1056,42,2906.194091796875,common_POD_r32_gauge_fixed,9.467845704842544,37.8317272249208,0,0,0.0
ql-ROM-style within a fixed POD space,1600,70.3146353337,1056,43,2918.667236328125,common_POD_r32_gauge_fixed,9.598772170326207,38.16225640604321,0,0,0.0
ql-ROM-style within a fixed POD space,1600,70.3146353337,1056,44,2931.14013671875,common_POD_r32_gauge_fixed,9.586360904321376,37.80814532724683,0,0,0.0
ql-ROM-style within a fixed POD space,1600,70.3146353337,1056,45,2943.613037109375,common_POD_r32_gauge_fixed,9.647276619588034,37.97225786272501,0,0,0.0
ql-ROM-style within a fixed POD space,1600,70.3146353337,1056,46,2956.0859375,common_POD_r32_gauge_fixed,9.828806726491251,38.4861594363422,0,0,0.0
ql-ROM-style within a fixed POD space,1600,70.3146353337,1056,47,2968.558837890625,common_POD_r32_gauge_fixed,9.964107866039251,38.894519375000414,0,0,0.0
ql-ROM-style within a fixed POD space,1600,70.3146353337,1056,48,2981.03173828125,common_POD_r32_gauge_fixed,9.942141248029401,38.487344228461325,0,0,0.0
ql-ROM-style within a fixed POD space,1600,70.3146353337,1072,1,2594.370849609375,common_POD_r32_gauge_fixed,0.32379806963645796,24.527478822943813,0,0,0.0
ql-ROM-style within a fixed POD space,1600,70.3146353337,1072,2,2606.84375,common_POD_r32_gauge_fixed,0.5980943683579687,24.41851069181462,0,0,0.0
ql-ROM-style within a fixed POD space,1600,70.3146353337,1072,3,2619.316650390625,common_POD_r32_gauge_fixed,0.8605686639749118,24.544379857991363,0,0,0.0
ql-ROM-style within a fixed POD space,1600,70.3146353337,1072,4,2631.78955078125,common_POD_r32_gauge_fixed,1.1606046729254318,24.81570947194039,0,0,0.0
ql-ROM-style within a fixed POD space,1600,70.3146353337,1072,5,2644.262451171875,common_POD_r32_gauge_fixed,1.4533595293895087,24.837633288571485,0,0,0.0
ql-ROM-style within a fixed POD space,1600,70.3146353337,1072,6,2656.7353515625,common_POD_r32_gauge_fixed,1.745188639918984,25.045019491015765,0,0,0.0
ql-ROM-style within a fixed POD space,1600,70.3146353337,1072,7,2669.20849609375,common_POD_r32_gauge_fixed,2.034461593914635,25.311215619725203,0,0,0.0
ql-ROM-style within a fixed POD space,1600,70.3146353337,1072,8,2681.681396484375,common_POD_r32_gauge_fixed,2.332248706013414,25.39366094621806,0,0,0.0
ql-ROM-style within a fixed POD space,1600,70.3146353337,1072,9,2694.154296875,common_POD_r32_gauge_fixed,2.6227418093137524,25.820316271880362,0,0,0.0
ql-ROM-style within a fixed POD space,1600,70.3146353337,1072,10,2706.627197265625,common_POD_r32_gauge_fixed,2.92176600131219,26.372179508580206,0,0,0.0
ql-ROM-style within a fixed POD space,1600,70.3146353337,1072,11,2719.10009765625,common_POD_r32_gauge_fixed,3.2163385774389512,26.79062347838813,0,0,0.0
ql-ROM-style within a fixed POD space,1600,70.3146353337,1072,12,2731.572998046875,common_POD_r32_gauge_fixed,3.5008462312776114,27.157009800944792,0,0,0.0
ql-ROM-style within a fixed POD space,1600,70.3146353337,1072,13,2744.046142578125,common_POD_r32_gauge_fixed,3.782015165154556,27.449818836963548,0,0,0.0
ql-ROM-style within a fixed POD space,1600,70.3146353337,1072,14,2756.51904296875,common_POD_r32_gauge_fixed,4.077575518220939,27.90193936333005,0,0,0.0
ql-ROM-style within a fixed POD space,1600,70.3146353337,1072,15,2768.991943359375,common_POD_r32_gauge_fixed,4.368359440292091,28.2820177595655,0,0,0.0
ql-ROM-style within a fixed POD space,1600,70.3146353337,1072,16,2781.46484375,common_POD_r32_gauge_fixed,4.62989033901615,28.45969815589215,0,0,0.0
ql-ROM-style within a fixed POD space,1600,70.3146353337,1072,17,2793.937744140625,common_POD_r32_gauge_fixed,4.893531489226042,29.143697350984805,0,0,0.0
ql-ROM-style within a fixed POD space,1600,70.3146353337,1072,18,2806.41064453125,common_POD_r32_gauge_fixed,5.184523163889191,29.79708201724601,0,0,0.0
ql-ROM-style within a fixed POD space,1600,70.3146353337,1072,19,2818.883544921875,common_POD_r32_gauge_fixed,5.460633058518688,30.23667967322717,0,0,0.0
ql-ROM-style within a fixed POD space,1600,70.3146353337,1072,20,2831.356689453125,common_POD_r32_gauge_fixed,5.683843320377853,30.475173109414204,0,0,0.0
ql-ROM-style within a fixed POD space,1600,70.3146353337,1072,21,2843.82958984375,common_POD_r32_gauge_fixed,5.909363164104814,30.8561805462573,0,0,0.0
ql-ROM-style within a fixed POD space,1600,70.3146353337,1072,22,2856.302490234375,common_POD_r32_gauge_fixed,6.179315930572957,31.374479696009427,0,0,0.0
ql-ROM-style within a fixed POD space,1600,70.3146353337,1072,23,2868.775390625,common_POD_r32_gauge_fixed,6.4389750656582105,31.800801629234776,0,0,0.0
ql-ROM-style within a fixed POD space,1600,70.3146353337,1072,24,2881.248291015625,common_POD_r32_gauge_fixed,6.630579567268255,31.775711074287095,0,0,0.0
ql-ROM-style within a fixed POD space,1600,70.3146353337,1072,25,2893.72119140625,common_POD_r32_gauge_fixed,6.819604359146806,32.36626509876668,0,0,0.0
ql-ROM-style within a fixed POD space,1600,70.3146353337,1072,26,2906.194091796875,common_POD_r32_gauge_fixed,7.07132556237437,33.03705134796212,0,0,0.0
ql-ROM-style within a fixed POD space,1600,70.3146353337,1072,27,2918.667236328125,common_POD_r32_gauge_fixed,7.31488664731596,33.512873454278576,0,0,0.0
ql-ROM-style within a fixed POD space,1600,70.3146353337,1072,28,2931.14013671875,common_POD_r32_gauge_fixed,7.469276864973957,33.49530713891743,0,0,0.0
ql-ROM-style within a fixed POD space,1600,70.3146353337,1072,29,2943.613037109375,common_POD_r32_gauge_fixed,7.610289910081598,33.79314238506277,0,0,0.0
ql-ROM-style within a fixed POD space,1600,70.3146353337,1072,30,2956.0859375,common_POD_r32_gauge_fixed,7.833962083835357,34.316727992904575,0,0,0.0
ql-ROM-style within a fixed POD space,1600,70.3146353337,1072,31,2968.558837890625,common_POD_r32_gauge_fixed,8.062612443419107,34.868366951828065,0,0,0.0
ql-ROM-style within a fixed POD space,1600,70.3146353337,1072,32,2981.03173828125,common_POD_r32_gauge_fixed,8.189187570730141,34.68834081516112,0,0,0.0
ql-ROM-style within a fixed POD space,1600,70.3146353337,1072,33,2993.504638671875,common_POD_r32_gauge_fixed,8.285110472872514,35.02911181150014,0,0,0.0
ql-ROM-style within a fixed POD space,1600,70.3146353337,1072,34,3005.977783203125,common_POD_r32_gauge_fixed,8.487289624019619,35.681040309263324,0,0,0.0
ql-ROM-style within a fixed POD space,1600,70.3146353337,1072,35,3018.45068359375,common_POD_r32_gauge_fixed,8.701603155671826,36.26208937246962,0,0,0.0
ql-ROM-style within a fixed POD space,1600,70.3146353337,1072,36,3030.923583984375,common_POD_r32_gauge_fixed,8.804314567987893,36.20379413876286,0,0,0.0
ql-ROM-style within a fixed POD space,1600,70.3146353337,1072,37,3043.396484375,common_POD_r32_gauge_fixed,8.84884279205105,36.21660711940477,0,0,0.0
ql-ROM-style within a fixed POD space,1600,70.3146353337,1072,38,3055.869384765625,common_POD_r32_gauge_fixed,9.019818724731882,36.69126185989043,0,0,0.0
ql-ROM-style within a fixed POD space,1600,70.3146353337,1072,39,3068.34228515625,common_POD_r32_gauge_fixed,9.224548648935752,37.3192789651957,0,0,0.0
ql-ROM-style within a fixed POD space,1600,70.3146353337,1072,40,3080.8154296875,common_POD_r32_gauge_fixed,9.31682195477531,37.22925435025359,0,0,0.0
ql-ROM-style within a fixed POD space,1600,70.3146353337,1072,41,3093.288330078125,common_POD_r32_gauge_fixed,9.32642877390426,37.20099832642602,0,0,0.0
ql-ROM-style within a fixed POD space,1600,70.3146353337,1072,42,3105.76123046875,common_POD_r32_gauge_fixed,9.467728272736558,37.72832839948203,0,0,0.0
ql-ROM-style within a fixed POD space,1600,70.3146353337,1072,43,3118.234130859375,common_POD_r32_gauge_fixed,9.663082668201927,38.359178393949584,0,0,0.0
ql-ROM-style within a fixed POD space,1600,70.3146353337,1072,44,3130.70703125,common_POD_r32_gauge_fixed,9.751723129442476,38.44640954033775,0,0,0.0
ql-ROM-style within a fixed POD space,1600,70.3146353337,1072,45,3143.179931640625,common_POD_r32_gauge_fixed,9.72813249204712,38.12649862202718,0,0,0.0
ql-ROM-style within a fixed POD space,1600,70.3146353337,1072,46,3155.65283203125,common_POD_r32_gauge_fixed,9.83411992120188,38.41822782207721,0,0,0.0
ql-ROM-style within a fixed POD space,1600,70.3146353337,1072,47,3168.1259765625,common_POD_r32_gauge_fixed,10.022072962818042,39.038898945443535,0,0,0.0
ql-ROM-style within a fixed POD space,1600,70.3146353337,1072,48,3180.598876953125,common_POD_r32_gauge_fixed,10.116724673169465,39.18059576405316,0,0,0.0
ql-ROM-style within a fixed POD space,2026,100.352251335,3874,1,876.6906127929688,common_POD_r32_gauge_fixed,0.6167586348596986,20.561709653564822,0,0,0.0
ql-ROM-style within a fixed POD space,2026,100.352251335,3874,2,884.5181884765625,common_POD_r32_gauge_fixed,0.8099061450856591,20.51926667693186,0,0,0.0
ql-ROM-style within a fixed POD space,2026,100.352251335,3874,3,892.3457641601562,common_POD_r32_gauge_fixed,0.8880954133081768,19.978227338977995,0,0,0.0
ql-ROM-style within a fixed POD space,2026,100.352251335,3874,4,900.1734008789062,common_POD_r32_gauge_fixed,0.9879684990889634,19.756327484736012,0,0,0.0
ql-ROM-style within a fixed POD space,2026,100.352251335,3874,5,908.0009765625,common_POD_r32_gauge_fixed,1.1014222892668952,20.277317534612436,0,0,0.0
ql-ROM-style within a fixed POD space,2026,100.352251335,3874,6,915.8285522460938,common_POD_r32_gauge_fixed,1.2296737898077166,20.92539411800617,0,0,0.0
ql-ROM-style within a fixed POD space,2026,100.352251335,3874,7,923.6561889648438,common_POD_r32_gauge_fixed,1.364859009230635,20.908603272354423,0,0,0.0
ql-ROM-style within a fixed POD space,2026,100.352251335,3874,8,931.4837646484375,common_POD_r32_gauge_fixed,1.5080297391079858,20.68271615502356,0,0,0.0
ql-ROM-style within a fixed POD space,2026,100.352251335,3874,9,939.3113403320312,common_POD_r32_gauge_fixed,1.6698670113278091,21.423072274226733,0,0,0.0
ql-ROM-style within a fixed POD space,2026,100.352251335,3874,10,947.1389770507812,common_POD_r32_gauge_fixed,1.8555492431354805,22.299253994265484,0,0,0.0
ql-ROM-style within a fixed POD space,2026,100.352251335,3874,11,954.966552734375,common_POD_r32_gauge_fixed,1.9911393778369515,21.967217062310283,0,0,0.0
ql-ROM-style within a fixed POD space,2026,100.352251335,3874,12,962.7941284179688,common_POD_r32_gauge_fixed,2.154590764695772,21.668277028794005,0,0,0.0
ql-ROM-style within a fixed POD space,2026,100.352251335,3874,13,970.6217651367188,common_POD_r32_gauge_fixed,2.3296905589281494,22.434848666395872,0,0,0.0
ql-ROM-style within a fixed POD space,2026,100.352251335,3874,14,978.4493408203125,common_POD_r32_gauge_fixed,2.510650378659607,23.12845377889391,0,0,0.0
ql-ROM-style within a fixed POD space,2026,100.352251335,3874,15,986.2769165039062,common_POD_r32_gauge_fixed,2.6791040958566588,23.018303768183657,0,0,0.0
ql-ROM-style within a fixed POD space,2026,100.352251335,3874,16,994.1044921875,common_POD_r32_gauge_fixed,2.8625066998878856,22.467143242079974,0,0,0.0
ql-ROM-style within a fixed POD space,2026,100.352251335,3874,17,1001.93212890625,common_POD_r32_gauge_fixed,3.049509136064198,23.31659695864082,0,0,0.0
ql-ROM-style within a fixed POD space,2026,100.352251335,3874,18,1009.7597045898438,common_POD_r32_gauge_fixed,3.244660461479745,24.543730807594763,0,0,0.0
ql-ROM-style within a fixed POD space,2026,100.352251335,3874,19,1017.5872802734375,common_POD_r32_gauge_fixed,3.439517465485221,24.11537693404033,0,0,0.0
ql-ROM-style within a fixed POD space,2026,100.352251335,3874,20,1025.4149169921875,common_POD_r32_gauge_fixed,3.643869296440474,23.974297557913385,0,0,0.0
ql-ROM-style within a fixed POD space,2026,100.352251335,3874,21,1033.2425537109375,common_POD_r32_gauge_fixed,3.8399971775331476,25.02134823717318,0,0,0.0
ql-ROM-style within a fixed POD space,2026,100.352251335,3874,22,1041.070068359375,common_POD_r32_gauge_fixed,4.045313787069333,25.83239383848018,0,0,0.0
ql-ROM-style within a fixed POD space,2026,100.352251335,3874,23,1048.897705078125,common_POD_r32_gauge_fixed,4.268848805641717,25.802395780967508,0,0,0.0
ql-ROM-style within a fixed POD space,2026,100.352251335,3874,24,1056.7252197265625,common_POD_r32_gauge_fixed,4.4951390265406665,25.964549191786045,0,0,0.0
ql-ROM-style within a fixed POD space,2026,100.352251335,3874,25,1064.5528564453125,common_POD_r32_gauge_fixed,4.688167032977111,26.826121942073172,0,0,0.0
ql-ROM-style within a fixed POD space,2026,100.352251335,3874,26,1072.3804931640625,common_POD_r32_gauge_fixed,4.900101299367561,27.447519121860942,0,0,0.0
ql-ROM-style within a fixed POD space,2026,100.352251335,3874,27,1080.2080078125,common_POD_r32_gauge_fixed,5.125966355009356,27.11916829967167,0,0,0.0
ql-ROM-style within a fixed POD space,2026,100.352251335,3874,28,1088.03564453125,common_POD_r32_gauge_fixed,5.334873956792005,27.996775602950507,0,0,0.0
ql-ROM-style within a fixed POD space,2026,100.352251335,3874,29,1095.86328125,common_POD_r32_gauge_fixed,5.513603630391175,28.979839961778385,0,0,0.0
ql-ROM-style within a fixed POD space,2026,100.352251335,3874,30,1103.6907958984375,common_POD_r32_gauge_fixed,5.711791430052044,29.293738667494214,0,0,0.0
ql-ROM-style within a fixed POD space,2026,100.352251335,3874,31,1111.5184326171875,common_POD_r32_gauge_fixed,5.940214794383249,29.54969333370798,0,0,0.0
ql-ROM-style within a fixed POD space,2026,100.352251335,3874,32,1119.3460693359375,common_POD_r32_gauge_fixed,6.152311173357681,30.628099824393917,0,0,0.0
ql-ROM-style within a fixed POD space,2026,100.352251335,3874,33,1127.173583984375,common_POD_r32_gauge_fixed,6.304849718505438,31.0534220283516,0,0,0.0
ql-ROM-style within a fixed POD space,2026,100.352251335,3874,34,1135.001220703125,common_POD_r32_gauge_fixed,6.4884927260233605,30.674918210369157,0,0,0.0
ql-ROM-style within a fixed POD space,2026,100.352251335,3874,35,1142.828857421875,common_POD_r32_gauge_fixed,6.6907397013846435,30.191250211071274,0,0,0.0
ql-ROM-style within a fixed POD space,2026,100.352251335,3874,36,1150.6563720703125,common_POD_r32_gauge_fixed,6.856528231811578,31.33932901457004,0,0,0.0
ql-ROM-style within a fixed POD space,2026,100.352251335,3874,37,1158.4840087890625,common_POD_r32_gauge_fixed,6.997902970561815,32.196277088160954,0,0,0.0
ql-ROM-style within a fixed POD space,2026,100.352251335,3874,38,1166.3116455078125,common_POD_r32_gauge_fixed,7.169721880706178,32.284059396680654,0,0,0.0
ql-ROM-style within a fixed POD space,2026,100.352251335,3874,39,1174.13916015625,common_POD_r32_gauge_fixed,7.37338587805578,32.689983310673924,0,0,0.0
ql-ROM-style within a fixed POD space,2026,100.352251335,3874,40,1181.966796875,common_POD_r32_gauge_fixed,7.550132976538627,33.83900405901502,0,0,0.0
ql-ROM-style within a fixed POD space,2026,100.352251335,3874,41,1189.79443359375,common_POD_r32_gauge_fixed,7.674621269207211,34.04476222505677,0,0,0.0
ql-ROM-style within a fixed POD space,2026,100.352251335,3874,42,1197.6219482421875,common_POD_r32_gauge_fixed,7.8391374091023565,33.346295512854276,0,0,0.0
ql-ROM-style within a fixed POD space,2026,100.352251335,3874,43,1205.4495849609375,common_POD_r32_gauge_fixed,8.026834963931762,32.83709521600515,0,0,0.0
ql-ROM-style within a fixed POD space,2026,100.352251335,3874,44,1213.2772216796875,common_POD_r32_gauge_fixed,8.164151802601822,33.94884999079174,0,0,0.0
ql-ROM-style within a fixed POD space,2026,100.352251335,3874,45,1221.104736328125,common_POD_r32_gauge_fixed,8.277286422250265,34.77758497440774,0,0,0.0
ql-ROM-style within a fixed POD space,2026,100.352251335,3874,46,1228.932373046875,common_POD_r32_gauge_fixed,8.42855533710664,34.84446584697338,0,0,0.0
ql-ROM-style within a fixed POD space,2026,100.352251335,3874,47,1236.760009765625,common_POD_r32_gauge_fixed,8.613830625287608,35.381316142168416,0,0,0.0
ql-ROM-style within a fixed POD space,2026,100.352251335,3874,48,1244.5875244140625,common_POD_r32_gauge_fixed,8.760139633696339,36.56662739207168,0,0,0.0
ql-ROM-style within a fixed POD space,2026,100.352251335,3882,1,939.3113403320312,common_POD_r32_gauge_fixed,0.47133489112715377,20.45177336580618,0,0,0.0
ql-ROM-style within a fixed POD space,2026,100.352251335,3882,2,947.1389770507812,common_POD_r32_gauge_fixed,0.6628192034569178,20.789503454867127,0,0,0.0
ql-ROM-style within a fixed POD space,2026,100.352251335,3882,3,954.966552734375,common_POD_r32_gauge_fixed,0.7833470015707966,20.56641311902263,0,0,0.0
ql-ROM-style within a fixed POD space,2026,100.352251335,3882,4,962.7941284179688,common_POD_r32_gauge_fixed,0.9334865939387886,20.176966768729613,0,0,0.0
ql-ROM-style within a fixed POD space,2026,100.352251335,3882,5,970.6217651367188,common_POD_r32_gauge_fixed,1.1100401129372681,20.52846703795635,0,0,0.0
ql-ROM-style within a fixed POD space,2026,100.352251335,3882,6,978.4493408203125,common_POD_r32_gauge_fixed,1.283552337435398,21.318675841403515,0,0,0.0
ql-ROM-style within a fixed POD space,2026,100.352251335,3882,7,986.2769165039062,common_POD_r32_gauge_fixed,1.4646930614690155,21.633103320799147,0,0,0.0
ql-ROM-style within a fixed POD space,2026,100.352251335,3882,8,994.1044921875,common_POD_r32_gauge_fixed,1.6638321237124554,21.490080927011228,0,0,0.0
ql-ROM-style within a fixed POD space,2026,100.352251335,3882,9,1001.93212890625,common_POD_r32_gauge_fixed,1.8574770931062154,22.049852779581496,0,0,0.0
ql-ROM-style within a fixed POD space,2026,100.352251335,3882,10,1009.7597045898438,common_POD_r32_gauge_fixed,2.0756886690734584,23.017896477202466,0,0,0.0
ql-ROM-style within a fixed POD space,2026,100.352251335,3882,11,1017.5872802734375,common_POD_r32_gauge_fixed,2.2804635272154967,22.91967579723557,0,0,0.0
ql-ROM-style within a fixed POD space,2026,100.352251335,3882,12,1025.4149169921875,common_POD_r32_gauge_fixed,2.516099432760579,22.817321461942118,0,0,0.0
ql-ROM-style within a fixed POD space,2026,100.352251335,3882,13,1033.2425537109375,common_POD_r32_gauge_fixed,2.757982474035504,23.61021741138753,0,0,0.0
ql-ROM-style within a fixed POD space,2026,100.352251335,3882,14,1041.070068359375,common_POD_r32_gauge_fixed,3.007211513225495,24.27899673154861,0,0,0.0
ql-ROM-style within a fixed POD space,2026,100.352251335,3882,15,1048.897705078125,common_POD_r32_gauge_fixed,3.18404858498261,23.653090848005565,7,1,0.021683747188585147
ql-ROM-style within a fixed POD space,2026,100.352251335,3882,16,1056.7252197265625,common_POD_r32_gauge_fixed,3.378931572177759,23.022172756570907,7,0,0.0
ql-ROM-style within a fixed POD space,2026,100.352251335,3882,17,1064.5528564453125,common_POD_r32_gauge_fixed,3.5763543689803714,23.692402096414078,0,1,0.016190256258146747
ql-ROM-style within a fixed POD space,2026,100.352251335,3882,18,1072.3804931640625,common_POD_r32_gauge_fixed,3.8077642466939134,25.234271762013215,0,0,0.0
ql-ROM-style within a fixed POD space,2026,100.352251335,3882,19,1080.2080078125,common_POD_r32_gauge_fixed,4.098596688382593,25.353439497564544,0,0,0.0
ql-ROM-style within a fixed POD space,2026,100.352251335,3882,20,1088.03564453125,common_POD_r32_gauge_fixed,4.419468287083477,26.23132075759258,0,0,0.0
ql-ROM-style within a fixed POD space,2026,100.352251335,3882,21,1095.86328125,common_POD_r32_gauge_fixed,4.712679196762842,27.502534310380067,0,0,0.0
ql-ROM-style within a fixed POD space,2026,100.352251335,3882,22,1103.6907958984375,common_POD_r32_gauge_fixed,4.944648245263044,26.930723597141416,7,1,0.02365259475432189
ql-ROM-style within a fixed POD space,2026,100.352251335,3882,23,1111.5184326171875,common_POD_r32_gauge_fixed,5.269276471168439,27.187292821824453,7,0,0.0
ql-ROM-style within a fixed POD space,2026,100.352251335,3882,24,1119.3460693359375,common_POD_r32_gauge_fixed,5.551171669320848,27.689879991888805,7,0,0.0
ql-ROM-style within a fixed POD space,2026,100.352251335,3882,25,1127.173583984375,common_POD_r32_gauge_fixed,5.736856175540132,28.886031347443026,0,1,0.023095862805748643
ql-ROM-style within a fixed POD space,2026,100.352251335,3882,26,1135.001220703125,common_POD_r32_gauge_fixed,6.02340011858001,29.75725622823108,0,0,0.0
ql-ROM-style within a fixed POD space,2026,100.352251335,3882,27,1142.828857421875,common_POD_r32_gauge_fixed,6.387921193734345,29.59756364939737,0,0,0.0
ql-ROM-style within a fixed POD space,2026,100.352251335,3882,28,1150.6563720703125,common_POD_r32_gauge_fixed,6.7555881857190965,31.660501085937266,0,0,0.0
ql-ROM-style within a fixed POD space,2026,100.352251335,3882,29,1158.4840087890625,common_POD_r32_gauge_fixed,7.063359299014377,32.99672362822507,0,0,0.0
ql-ROM-style within a fixed POD space,2026,100.352251335,3882,30,1166.3116455078125,common_POD_r32_gauge_fixed,7.334799575291908,32.58560047683016,7,1,0.021927792101973875
ql-ROM-style within a fixed POD space,2026,100.352251335,3882,31,1174.13916015625,common_POD_r32_gauge_fixed,7.692969480615256,32.79423797059439,7,0,0.0
ql-ROM-style within a fixed POD space,2026,100.352251335,3882,32,1181.966796875,common_POD_r32_gauge_fixed,7.98891399728337,34.67543060139268,7,0,0.0
ql-ROM-style within a fixed POD space,2026,100.352251335,3882,33,1189.79443359375,common_POD_r32_gauge_fixed,8.156126707338325,35.13899791439469,0,1,0.025597362920985234
ql-ROM-style within a fixed POD space,2026,100.352251335,3882,34,1197.6219482421875,common_POD_r32_gauge_fixed,8.46375465020974,35.376329307856764,0,0,0.0
ql-ROM-style within a fixed POD space,2026,100.352251335,3882,35,1205.4495849609375,common_POD_r32_gauge_fixed,8.8529980747652,35.756776042791,0,0,0.0
ql-ROM-style within a fixed POD space,2026,100.352251335,3882,36,1213.2772216796875,common_POD_r32_gauge_fixed,9.212296288117189,38.546006238844456,0,0,0.0
ql-ROM-style within a fixed POD space,2026,100.352251335,3882,37,1221.104736328125,common_POD_r32_gauge_fixed,9.438786215203056,38.5539052575921,7,1,0.023523522470697094
ql-ROM-style within a fixed POD space,2026,100.352251335,3882,38,1228.932373046875,common_POD_r32_gauge_fixed,9.768257982216506,38.616573399606054,7,0,0.0
ql-ROM-style within a fixed POD space,2026,100.352251335,3882,39,1236.760009765625,common_POD_r32_gauge_fixed,10.133797096908207,39.29226819730181,7,0,0.0
ql-ROM-style within a fixed POD space,2026,100.352251335,3882,40,1244.5875244140625,common_POD_r32_gauge_fixed,10.411120736851053,41.83251140852072,7,0,0.0
ql-ROM-style within a fixed POD space,2026,100.352251335,3882,41,1252.4151611328125,common_POD_r32_gauge_fixed,10.547681733552146,41.75525349263263,0,1,0.028090064510733405
ql-ROM-style within a fixed POD space,2026,100.352251335,3882,42,1260.2427978515625,common_POD_r32_gauge_fixed,10.862076082230795,41.343536327586925,0,0,0.0
ql-ROM-style within a fixed POD space,2026,100.352251335,3882,43,1268.0703125,common_POD_r32_gauge_fixed,11.256995096175267,42.530450030167415,0,0,0.0
ql-ROM-style within a fixed POD space,2026,100.352251335,3882,44,1275.89794921875,common_POD_r32_gauge_fixed,11.586586080347685,45.42998226198738,0,0,0.0
ql-ROM-style within a fixed POD space,2026,100.352251335,3882,45,1283.7254638671875,common_POD_r32_gauge_fixed,11.784429929282041,45.50138245465333,7,1,0.023731878043332634
ql-ROM-style within a fixed POD space,2026,100.352251335,3882,46,1291.5531005859375,common_POD_r32_gauge_fixed,12.114179254254267,44.96403173029904,7,0,0.0
ql-ROM-style within a fixed POD space,2026,100.352251335,3882,47,1299.3807373046875,common_POD_r32_gauge_fixed,12.473002827524882,46.21245308278992,7,0,0.0
ql-ROM-style within a fixed POD space,2026,100.352251335,3882,48,1307.208251953125,common_POD_r32_gauge_fixed,12.718185182149838,49.14521509620645,7,0,0.0
ql-ROM-style within a fixed POD space,2026,100.352251335,3898,1,1064.5528564453125,common_POD_r32_gauge_fixed,0.4552347164110705,20.39998765664748,0,0,0.0
ql-ROM-style within a fixed POD space,2026,100.352251335,3898,2,1072.3804931640625,common_POD_r32_gauge_fixed,0.5731663411577981,20.87625761564823,0,0,0.0
ql-ROM-style within a fixed POD space,2026,100.352251335,3898,3,1080.2080078125,common_POD_r32_gauge_fixed,0.7521868860777879,21.230433403169656,0,0,0.0
ql-ROM-style within a fixed POD space,2026,100.352251335,3898,4,1088.03564453125,common_POD_r32_gauge_fixed,0.97169963662006,21.0465105784663,0,0,0.0
ql-ROM-style within a fixed POD space,2026,100.352251335,3898,5,1095.86328125,common_POD_r32_gauge_fixed,1.1718979884904936,21.392448130816256,0,0,0.0
ql-ROM-style within a fixed POD space,2026,100.352251335,3898,6,1103.6907958984375,common_POD_r32_gauge_fixed,1.3885553990397188,21.997389436520788,0,0,0.0
ql-ROM-style within a fixed POD space,2026,100.352251335,3898,7,1111.5184326171875,common_POD_r32_gauge_fixed,1.6082413859126325,22.53477537860504,0,0,0.0
ql-ROM-style within a fixed POD space,2026,100.352251335,3898,8,1119.3460693359375,common_POD_r32_gauge_fixed,1.8595628859478421,22.527454975049437,0,0,0.0
ql-ROM-style within a fixed POD space,2026,100.352251335,3898,9,1127.173583984375,common_POD_r32_gauge_fixed,2.102002500796904,23.049035439797155,0,0,0.0
ql-ROM-style within a fixed POD space,2026,100.352251335,3898,10,1135.001220703125,common_POD_r32_gauge_fixed,2.361398819400236,24.010874113687606,0,0,0.0
ql-ROM-style within a fixed POD space,2026,100.352251335,3898,11,1142.828857421875,common_POD_r32_gauge_fixed,2.6381043437269067,24.253538141897472,0,0,0.0
ql-ROM-style within a fixed POD space,2026,100.352251335,3898,12,1150.6563720703125,common_POD_r32_gauge_fixed,2.9468175505305663,24.391576001928865,0,0,0.0
ql-ROM-style within a fixed POD space,2026,100.352251335,3898,13,1158.4840087890625,common_POD_r32_gauge_fixed,3.2512582181940806,25.41081695309888,0,0,0.0
ql-ROM-style within a fixed POD space,2026,100.352251335,3898,14,1166.3116455078125,common_POD_r32_gauge_fixed,3.563170597848804,25.987321813715734,0,0,0.0
ql-ROM-style within a fixed POD space,2026,100.352251335,3898,15,1174.13916015625,common_POD_r32_gauge_fixed,3.80299728561269,25.55775312875555,7,1,0.02087783169332003
ql-ROM-style within a fixed POD space,2026,100.352251335,3898,16,1181.966796875,common_POD_r32_gauge_fixed,4.085168893258404,25.376152404166817,7,0,0.0
ql-ROM-style within a fixed POD space,2026,100.352251335,3898,17,1189.79443359375,common_POD_r32_gauge_fixed,4.333343662013437,26.40065493837045,0,1,0.019175553534274338
ql-ROM-style within a fixed POD space,2026,100.352251335,3898,18,1197.6219482421875,common_POD_r32_gauge_fixed,4.633751353977119,27.658502836491927,0,0,0.0
ql-ROM-style within a fixed POD space,2026,100.352251335,3898,19,1205.4495849609375,common_POD_r32_gauge_fixed,5.002449369682012,27.754351929923025,0,0,0.0
ql-ROM-style within a fixed POD space,2026,100.352251335,3898,20,1213.2772216796875,common_POD_r32_gauge_fixed,5.407300703082962,29.064183136694865,0,0,0.0
ql-ROM-style within a fixed POD space,2026,100.352251335,3898,21,1221.104736328125,common_POD_r32_gauge_fixed,5.777577664052997,30.821659840109604,0,0,0.0
ql-ROM-style within a fixed POD space,2026,100.352251335,3898,22,1228.932373046875,common_POD_r32_gauge_fixed,6.07254789676563,30.19780842746401,7,1,0.024241745555472843
ql-ROM-style within a fixed POD space,2026,100.352251335,3898,23,1236.760009765625,common_POD_r32_gauge_fixed,6.476595909766621,30.52659860435861,7,0,0.0
ql-ROM-style within a fixed POD space,2026,100.352251335,3898,24,1244.5875244140625,common_POD_r32_gauge_fixed,6.831952871128187,31.834556697121187,7,0,0.0
ql-ROM-style within a fixed POD space,2026,100.352251335,3898,25,1252.4151611328125,common_POD_r32_gauge_fixed,7.142118687713285,33.211870453258925,7,0,0.0
ql-ROM-style within a fixed POD space,2026,100.352251335,3898,26,1260.2427978515625,common_POD_r32_gauge_fixed,7.4074273931753005,33.76688208296453,0,1,0.0269770339005391
ql-ROM-style within a fixed POD space,2026,100.352251335,3898,27,1268.0703125,common_POD_r32_gauge_fixed,7.84843457384829,34.020038447364634,0,0,0.0
ql-ROM-style within a fixed POD space,2026,100.352251335,3898,28,1275.89794921875,common_POD_r32_gauge_fixed,8.29467814031349,36.99262352140955,0,0,0.0
ql-ROM-style within a fixed POD space,2026,100.352251335,3898,29,1283.7254638671875,common_POD_r32_gauge_fixed,8.589194363600702,37.391051166679674,7,1,0.022825790733117066
ql-ROM-style within a fixed POD space,2026,100.352251335,3898,30,1291.5531005859375,common_POD_r32_gauge_fixed,8.96111086958987,37.72588557730154,7,0,0.0
ql-ROM-style within a fixed POD space,2026,100.352251335,3898,31,1299.3807373046875,common_POD_r32_gauge_fixed,9.387829911832956,38.50797940817823,7,0,0.0
ql-ROM-style within a fixed POD space,2026,100.352251335,3898,32,1307.208251953125,common_POD_r32_gauge_fixed,9.746155640263582,41.10793939298104,7,0,0.0
ql-ROM-style within a fixed POD space,2026,100.352251335,3898,33,1315.035888671875,common_POD_r32_gauge_fixed,10.039099916351077,42.06500274000334,7,0,0.0
ql-ROM-style within a fixed POD space,2026,100.352251335,3898,34,1322.863525390625,common_POD_r32_gauge_fixed,10.294451928469082,41.29428924876439,0,1,0.03272149275413448
ql-ROM-style within a fixed POD space,2026,100.352251335,3898,35,1330.6910400390625,common_POD_r32_gauge_fixed,10.75191108253828,42.26489259366672,0,0,0.0
ql-ROM-style within a fixed POD space,2026,100.352251335,3898,36,1338.5186767578125,common_POD_r32_gauge_fixed,11.115014944313186,45.28055949674019,7,1,0.023147144895081052
ql-ROM-style within a fixed POD space,2026,100.352251335,3898,37,1346.3463134765625,common_POD_r32_gauge_fixed,11.417686541821718,46.413842344315924,7,0,0.0
ql-ROM-style within a fixed POD space,2026,100.352251335,3898,38,1354.173828125,common_POD_r32_gauge_fixed,11.800081889636546,45.93890500269572,7,0,0.0
ql-ROM-style within a fixed POD space,2026,100.352251335,3898,39,1362.00146484375,common_POD_r32_gauge_fixed,12.227419125645115,47.187812556692336,7,0,0.0
ql-ROM-style within a fixed POD space,2026,100.352251335,3898,40,1369.8291015625,common_POD_r32_gauge_fixed,12.556820573480984,50.672771438919106,7,0,0.0
ql-ROM-style within a fixed POD space,2026,100.352251335,3898,41,1377.6566162109375,common_POD_r32_gauge_fixed,12.827296099790983,51.161804598189434,7,0,0.0
ql-ROM-style within a fixed POD space,2026,100.352251335,3898,42,1385.4842529296875,common_POD_r32_gauge_fixed,13.194391514923321,49.32060370294363,7,0,0.0
ql-ROM-style within a fixed POD space,2026,100.352251335,3898,43,1393.3118896484375,common_POD_r32_gauge_fixed,13.567374483366068,50.774360008854266,7,0,0.0
ql-ROM-style within a fixed POD space,2026,100.352251335,3898,44,1401.139404296875,common_POD_r32_gauge_fixed,13.831088253299992,54.70111239087736,7,0,0.0
ql-ROM-style within a fixed POD space,2026,100.352251335,3898,45,1408.967041015625,common_POD_r32_gauge_fixed,14.053813809902376,54.427327354743504,7,0,0.0
ql-ROM-style within a fixed POD space,2026,100.352251335,3898,46,1416.794677734375,common_POD_r32_gauge_fixed,14.382291666395993,52.5717374181752,7,0,0.0
ql-ROM-style within a fixed POD space,2026,100.352251335,3898,47,1424.6221923828125,common_POD_r32_gauge_fixed,14.71955342226606,54.45513024026254,7,0,0.0
ql-ROM-style within a fixed POD space,2026,100.352251335,3898,48,1432.4498291015625,common_POD_r32_gauge_fixed,14.931733620280625,58.22855221718337,7,0,0.0
ql-ROM-style within a fixed POD space,2026,100.352251335,3914,1,1189.79443359375,common_POD_r32_gauge_fixed,0.4537961996749309,20.476968541521824,0,0,0.0
ql-ROM-style within a fixed POD space,2026,100.352251335,3914,2,1197.6219482421875,common_POD_r32_gauge_fixed,0.5744290259267977,20.855970687719765,0,0,0.0
ql-ROM-style within a fixed POD space,2026,100.352251335,3914,3,1205.4495849609375,common_POD_r32_gauge_fixed,0.7526884573991168,21.40738617087469,0,0,0.0
ql-ROM-style within a fixed POD space,2026,100.352251335,3914,4,1213.2772216796875,common_POD_r32_gauge_fixed,0.9962329836773557,21.2874971703967,0,0,0.0
ql-ROM-style within a fixed POD space,2026,100.352251335,3914,5,1221.104736328125,common_POD_r32_gauge_fixed,1.203321264476139,21.648515630812934,0,0,0.0
ql-ROM-style within a fixed POD space,2026,100.352251335,3914,6,1228.932373046875,common_POD_r32_gauge_fixed,1.4266282284559912,22.152693168731496,0,0,0.0
ql-ROM-style within a fixed POD space,2026,100.352251335,3914,7,1236.760009765625,common_POD_r32_gauge_fixed,1.6560680165829351,22.769881795638174,0,0,0.0
ql-ROM-style within a fixed POD space,2026,100.352251335,3914,8,1244.5875244140625,common_POD_r32_gauge_fixed,1.9169290605259177,22.79486903963117,0,0,0.0
ql-ROM-style within a fixed POD space,2026,100.352251335,3914,9,1252.4151611328125,common_POD_r32_gauge_fixed,2.1730781767853933,23.284808645758336,0,0,0.0
ql-ROM-style within a fixed POD space,2026,100.352251335,3914,10,1260.2427978515625,common_POD_r32_gauge_fixed,2.4375171242448026,24.169504441282918,0,0,0.0
ql-ROM-style within a fixed POD space,2026,100.352251335,3914,11,1268.0703125,common_POD_r32_gauge_fixed,2.726908212486234,24.60469478522903,0,0,0.0
ql-ROM-style within a fixed POD space,2026,100.352251335,3914,12,1275.89794921875,common_POD_r32_gauge_fixed,3.0476958824384948,24.634745680950687,0,0,0.0
ql-ROM-style within a fixed POD space,2026,100.352251335,3914,13,1283.7254638671875,common_POD_r32_gauge_fixed,3.3648471467087173,25.749389233727847,0,0,0.0
ql-ROM-style within a fixed POD space,2026,100.352251335,3914,14,1291.5531005859375,common_POD_r32_gauge_fixed,3.68095069559098,26.36295577920998,0,0,0.0
ql-ROM-style within a fixed POD space,2026,100.352251335,3914,15,1299.3807373046875,common_POD_r32_gauge_fixed,3.9328667615527766,25.894687323957438,7,1,0.021824100872955197
ql-ROM-style within a fixed POD space,2026,100.352251335,3914,16,1307.208251953125,common_POD_r32_gauge_fixed,4.229907855206448,25.744567330519853,7,0,0.0
ql-ROM-style within a fixed POD space,2026,100.352251335,3914,17,1315.035888671875,common_POD_r32_gauge_fixed,4.496534649056717,26.713903193228255,0,1,0.018520557695914142
ql-ROM-style within a fixed POD space,2026,100.352251335,3914,18,1322.863525390625,common_POD_r32_gauge_fixed,4.7966715461034495,28.042975716278495,0,0,0.0
ql-ROM-style within a fixed POD space,2026,100.352251335,3914,19,1330.6910400390625,common_POD_r32_gauge_fixed,5.163536787219981,28.33184925798451,0,0,0.0
ql-ROM-style within a fixed POD space,2026,100.352251335,3914,20,1338.5186767578125,common_POD_r32_gauge_fixed,5.575628010007213,29.40114236247676,0,0,0.0
ql-ROM-style within a fixed POD space,2026,100.352251335,3914,21,1346.3463134765625,common_POD_r32_gauge_fixed,5.956591605209304,31.341591695670388,0,0,0.0
ql-ROM-style within a fixed POD space,2026,100.352251335,3914,22,1354.173828125,common_POD_r32_gauge_fixed,6.262795894618671,30.685251181775524,7,1,0.023765772524917586
ql-ROM-style within a fixed POD space,2026,100.352251335,3914,23,1362.00146484375,common_POD_r32_gauge_fixed,6.665840812924404,31.186624262085434,7,0,0.0
ql-ROM-style within a fixed POD space,2026,100.352251335,3914,24,1369.8291015625,common_POD_r32_gauge_fixed,7.036526690366858,32.18973319774796,7,0,0.0
ql-ROM-style within a fixed POD space,2026,100.352251335,3914,25,1377.6566162109375,common_POD_r32_gauge_fixed,7.359974167257552,33.900621102538636,7,0,0.0
ql-ROM-style within a fixed POD space,2026,100.352251335,3914,26,1385.4842529296875,common_POD_r32_gauge_fixed,7.620385613927108,34.49907719740413,0,1,0.026943470397610518
ql-ROM-style within a fixed POD space,2026,100.352251335,3914,27,1393.3118896484375,common_POD_r32_gauge_fixed,8.057364223144752,34.738685698649675,0,0,0.0
ql-ROM-style within a fixed POD space,2026,100.352251335,3914,28,1401.139404296875,common_POD_r32_gauge_fixed,8.51610406134812,37.609952162827156,0,0,0.0
ql-ROM-style within a fixed POD space,2026,100.352251335,3914,29,1408.967041015625,common_POD_r32_gauge_fixed,8.820402505721347,38.22476028934871,7,1,0.02442980155998105
ql-ROM-style within a fixed POD space,2026,100.352251335,3914,30,1416.794677734375,common_POD_r32_gauge_fixed,9.186618960745536,38.5546238154975,7,0,0.0
ql-ROM-style within a fixed POD space,2026,100.352251335,3914,31,1424.6221923828125,common_POD_r32_gauge_fixed,9.621665462788908,39.04852739540977,7,0,0.0
ql-ROM-style within a fixed POD space,2026,100.352251335,3914,32,1432.4498291015625,common_POD_r32_gauge_fixed,9.996336119051367,41.635474178741966,7,0,0.0
ql-ROM-style within a fixed POD space,2026,100.352251335,3914,33,1440.2774658203125,common_POD_r32_gauge_fixed,10.294293728435733,43.09095924471296,7,0,0.0
ql-ROM-style within a fixed POD space,2026,100.352251335,3914,34,1448.10498046875,common_POD_r32_gauge_fixed,10.543856320473257,42.28047712970082,0,1,0.031508185781879805
ql-ROM-style within a fixed POD space,2026,100.352251335,3914,35,1455.9326171875,common_POD_r32_gauge_fixed,11.002019026299127,42.766260612610566,0,0,0.0
ql-ROM-style within a fixed POD space,2026,100.352251335,3914,36,1463.76025390625,common_POD_r32_gauge_fixed,11.429958149086001,46.391830673831564,0,0,0.0
ql-ROM-style within a fixed POD space,2026,100.352251335,3914,37,1471.5877685546875,common_POD_r32_gauge_fixed,11.697728494628992,47.389236504477864,7,1,0.023127358157970162
ql-ROM-style within a fixed POD space,2026,100.352251335,3914,38,1479.4154052734375,common_POD_r32_gauge_fixed,12.065577065087428,46.956881231709595,7,0,0.0
ql-ROM-style within a fixed POD space,2026,100.352251335,3914,39,1487.2430419921875,common_POD_r32_gauge_fixed,12.499077183026609,47.753842206080826,7,0,0.0
ql-ROM-style within a fixed POD space,2026,100.352251335,3914,40,1495.070556640625,common_POD_r32_gauge_fixed,12.844671027184894,51.26037967565901,7,0,0.0
ql-ROM-style within a fixed POD space,2026,100.352251335,3914,41,1502.898193359375,common_POD_r32_gauge_fixed,13.112665247861191,52.331120915777106,7,0,0.0
ql-ROM-style within a fixed POD space,2026,100.352251335,3914,42,1510.7257080078125,common_POD_r32_gauge_fixed,13.461944528503745,50.39473477741474,7,0,0.0
ql-ROM-style within a fixed POD space,2026,100.352251335,3914,43,1518.5533447265625,common_POD_r32_gauge_fixed,13.842270731362591,51.214210274945415,7,0,0.0
ql-ROM-style within a fixed POD space,2026,100.352251335,3914,44,1526.3809814453125,common_POD_r32_gauge_fixed,14.116870616729774,55.21697509788087,7,0,0.0
ql-ROM-style within a fixed POD space,2026,100.352251335,3914,45,1534.20849609375,common_POD_r32_gauge_fixed,14.32606970910697,55.61749846002362,7,0,0.0
ql-ROM-style within a fixed POD space,2026,100.352251335,3914,46,1542.0361328125,common_POD_r32_gauge_fixed,14.633476632519393,53.52789505874082,7,0,0.0
ql-ROM-style within a fixed POD space,2026,100.352251335,3914,47,1549.86376953125,common_POD_r32_gauge_fixed,14.976110542584697,54.84174416290302,7,0,0.0
ql-ROM-style within a fixed POD space,2026,100.352251335,3914,48,1557.6912841796875,common_POD_r32_gauge_fixed,15.198838959428004,58.7228970773651,7,0,0.0
ql-ROM-style within a fixed POD space,2026,100.352251335,3922,1,1252.4151611328125,common_POD_r32_gauge_fixed,0.45282577863462053,20.518380441386896,0,0,0.0
ql-ROM-style within a fixed POD space,2026,100.352251335,3922,2,1260.2427978515625,common_POD_r32_gauge_fixed,0.5785729232929748,20.840465566669558,0,0,0.0
ql-ROM-style within a fixed POD space,2026,100.352251335,3922,3,1268.0703125,common_POD_r32_gauge_fixed,0.7515189052408291,21.440792789065384,0,0,0.0
ql-ROM-style within a fixed POD space,2026,100.352251335,3922,4,1275.89794921875,common_POD_r32_gauge_fixed,0.9969904153434687,21.33000294446436,0,0,0.0
ql-ROM-style within a fixed POD space,2026,100.352251335,3922,5,1283.7254638671875,common_POD_r32_gauge_fixed,1.2073849559792327,21.67245509557729,0,0,0.0
ql-ROM-style within a fixed POD space,2026,100.352251335,3922,6,1291.5531005859375,common_POD_r32_gauge_fixed,1.431481039829099,22.148763552645654,0,0,0.0
ql-ROM-style within a fixed POD space,2026,100.352251335,3922,7,1299.3807373046875,common_POD_r32_gauge_fixed,1.6622612638822338,22.805177503709256,0,0,0.0
ql-ROM-style within a fixed POD space,2026,100.352251335,3922,8,1307.208251953125,common_POD_r32_gauge_fixed,1.9236410908709767,22.853184587077422,0,0,0.0
ql-ROM-style within a fixed POD space,2026,100.352251335,3922,9,1315.035888671875,common_POD_r32_gauge_fixed,2.1832737130948403,23.31666638209707,0,0,0.0
ql-ROM-style within a fixed POD space,2026,100.352251335,3922,10,1322.863525390625,common_POD_r32_gauge_fixed,2.4479997689883257,24.165633821893387,0,0,0.0
ql-ROM-style within a fixed POD space,2026,100.352251335,3922,11,1330.6910400390625,common_POD_r32_gauge_fixed,2.738182248553728,24.67919090757119,0,0,0.0
ql-ROM-style within a fixed POD space,2026,100.352251335,3922,12,1338.5186767578125,common_POD_r32_gauge_fixed,3.0591872768026436,24.63190210058255,0,0,0.0
ql-ROM-style within a fixed POD space,2026,100.352251335,3922,13,1346.3463134765625,common_POD_r32_gauge_fixed,3.379641312943344,25.753209994126692,0,0,0.0
ql-ROM-style within a fixed POD space,2026,100.352251335,3922,14,1354.173828125,common_POD_r32_gauge_fixed,3.695774478104716,26.42074723779972,0,0,0.0
ql-ROM-style within a fixed POD space,2026,100.352251335,3922,15,1362.00146484375,common_POD_r32_gauge_fixed,4.046518022610739,26.51057607698904,0,0,0.0
ql-ROM-style within a fixed POD space,2026,100.352251335,3922,16,1369.8291015625,common_POD_r32_gauge_fixed,4.253122616154757,25.67770803280406,7,1,0.02265992115833792
ql-ROM-style within a fixed POD space,2026,100.352251335,3922,17,1377.6566162109375,common_POD_r32_gauge_fixed,4.528989042494896,26.62440723096104,0,1,0.01735749338990681
ql-ROM-style within a fixed POD space,2026,100.352251335,3922,18,1385.4842529296875,common_POD_r32_gauge_fixed,4.826612926540933,28.027067673256447,0,0,0.0
ql-ROM-style within a fixed POD space,2026,100.352251335,3922,19,1393.3118896484375,common_POD_r32_gauge_fixed,5.186853991746602,28.450271791975407,0,0,0.0
ql-ROM-style within a fixed POD space,2026,100.352251335,3922,20,1401.139404296875,common_POD_r32_gauge_fixed,5.597672646447773,29.384949868625693,0,0,0.0
ql-ROM-style within a fixed POD space,2026,100.352251335,3922,21,1408.967041015625,common_POD_r32_gauge_fixed,5.980045334700838,31.401509908886823,0,0,0.0
ql-ROM-style within a fixed POD space,2026,100.352251335,3922,22,1416.794677734375,common_POD_r32_gauge_fixed,6.278961397111593,30.68493811447983,7,1,0.02448824992703852
ql-ROM-style within a fixed POD space,2026,100.352251335,3922,23,1424.6221923828125,common_POD_r32_gauge_fixed,6.677166390455505,31.20271956532757,7,0,0.0
ql-ROM-style within a fixed POD space,2026,100.352251335,3922,24,1432.4498291015625,common_POD_r32_gauge_fixed,7.050760925615587,32.10462113555416,7,0,0.0
ql-ROM-style within a fixed POD space,2026,100.352251335,3922,25,1440.2774658203125,common_POD_r32_gauge_fixed,7.373671375621224,33.93357975074562,7,0,0.0
ql-ROM-style within a fixed POD space,2026,100.352251335,3922,26,1448.10498046875,common_POD_r32_gauge_fixed,7.623528759646462,34.50143621023866,0,1,0.026526731268818358
ql-ROM-style within a fixed POD space,2026,100.352251335,3922,27,1455.9326171875,common_POD_r32_gauge_fixed,8.047143637851544,34.62576600711032,0,0,0.0
ql-ROM-style within a fixed POD space,2026,100.352251335,3922,28,1463.76025390625,common_POD_r32_gauge_fixed,8.501705708816,37.22679544233407,0,0,0.0
ql-ROM-style within a fixed POD space,2026,100.352251335,3922,29,1471.5877685546875,common_POD_r32_gauge_fixed,8.876548108898453,39.22545158785392,0,0,0.0
ql-ROM-style within a fixed POD space,2026,100.352251335,3922,30,1479.4154052734375,common_POD_r32_gauge_fixed,9.164546004136644,38.47316263229466,7,1,0.024801886267336124
ql-ROM-style within a fixed POD space,2026,100.352251335,3922,31,1487.2430419921875,common_POD_r32_gauge_fixed,9.593953401426521,38.72317180213141,7,0,0.0
ql-ROM-style within a fixed POD space,2026,100.352251335,3922,32,1495.070556640625,common_POD_r32_gauge_fixed,9.969776105418953,41.15680113019573,7,0,0.0
ql-ROM-style within a fixed POD space,2026,100.352251335,3922,33,1502.898193359375,common_POD_r32_gauge_fixed,10.267729826436032,42.86866146286778,7,0,0.0
ql-ROM-style within a fixed POD space,2026,100.352251335,3922,34,1510.7257080078125,common_POD_r32_gauge_fixed,10.505803981856658,42.16762189649708,0,1,0.030404366115935246
ql-ROM-style within a fixed POD space,2026,100.352251335,3922,35,1518.5533447265625,common_POD_r32_gauge_fixed,10.953452967761951,42.351011919754505,0,0,0.0
ql-ROM-style within a fixed POD space,2026,100.352251335,3922,36,1526.3809814453125,common_POD_r32_gauge_fixed,11.38437395423779,45.886213214751656,0,0,0.0
ql-ROM-style within a fixed POD space,2026,100.352251335,3922,37,1534.20849609375,common_POD_r32_gauge_fixed,11.651198724449436,47.11522624931014,7,1,0.023271880206352978
ql-ROM-style within a fixed POD space,2026,100.352251335,3922,38,1542.0361328125,common_POD_r32_gauge_fixed,12.005684416038337,46.73180878711333,7,0,0.0
ql-ROM-style within a fixed POD space,2026,100.352251335,3922,39,1549.86376953125,common_POD_r32_gauge_fixed,12.434245708274554,47.229967556666715,7,0,0.0
ql-ROM-style within a fixed POD space,2026,100.352251335,3922,40,1557.6912841796875,common_POD_r32_gauge_fixed,12.780160253137518,50.59978559558329,7,0,0.0
ql-ROM-style within a fixed POD space,2026,100.352251335,3922,41,1565.5189208984375,common_POD_r32_gauge_fixed,13.040152647009256,51.98937981181546,7,0,0.0
ql-ROM-style within a fixed POD space,2026,100.352251335,3922,42,1573.3465576171875,common_POD_r32_gauge_fixed,13.370289299680014,50.12954471302019,7,0,0.0
ql-ROM-style within a fixed POD space,2026,100.352251335,3922,43,1581.174072265625,common_POD_r32_gauge_fixed,13.748405255245592,50.55380400460905,7,0,0.0
ql-ROM-style within a fixed POD space,2026,100.352251335,3922,44,1589.001708984375,common_POD_r32_gauge_fixed,14.0267168863794,54.449567593405376,7,0,0.0
ql-ROM-style within a fixed POD space,2026,100.352251335,3922,45,1596.829345703125,common_POD_r32_gauge_fixed,14.226771625026553,55.29896809591299,7,0,0.0
ql-ROM-style within a fixed POD space,2026,100.352251335,3922,46,1604.6568603515625,common_POD_r32_gauge_fixed,14.516288498528604,53.201788318130184,7,0,0.0
ql-ROM-style within a fixed POD space,2026,100.352251335,3922,47,1612.4844970703125,common_POD_r32_gauge_fixed,14.857830510988096,54.12484292952722,7,0,0.0
ql-ROM-style within a fixed POD space,2026,100.352251335,3922,48,1620.3121337890625,common_POD_r32_gauge_fixed,15.08857004748451,57.96351593287379,7,0,0.0
ql-ROM-style within a fixed POD space,2026,100.352251335,3938,1,1377.6566162109375,common_POD_r32_gauge_fixed,0.45156571898585307,20.58845975402156,0,0,0.0
ql-ROM-style within a fixed POD space,2026,100.352251335,3938,2,1385.4842529296875,common_POD_r32_gauge_fixed,0.5907041078633127,20.814460438161095,0,0,0.0
ql-ROM-style within a fixed POD space,2026,100.352251335,3938,3,1393.3118896484375,common_POD_r32_gauge_fixed,0.7571845062978924,21.466355587521306,0,0,0.0
ql-ROM-style within a fixed POD space,2026,100.352251335,3938,4,1401.139404296875,common_POD_r32_gauge_fixed,0.9980686930069479,21.40554723421589,0,0,0.0
ql-ROM-style within a fixed POD space,2026,100.352251335,3938,5,1408.967041015625,common_POD_r32_gauge_fixed,1.2164761905518415,21.671905087446007,0,0,0.0
ql-ROM-style within a fixed POD space,2026,100.352251335,3938,6,1416.794677734375,common_POD_r32_gauge_fixed,1.4404494052986572,22.12677848251838,0,0,0.0
ql-ROM-style within a fixed POD space,2026,100.352251335,3938,7,1424.6221923828125,common_POD_r32_gauge_fixed,1.6727679432142497,22.824634188759635,0,0,0.0
ql-ROM-style within a fixed POD space,2026,100.352251335,3938,8,1432.4498291015625,common_POD_r32_gauge_fixed,1.9339314424988703,22.954947835471817,0,0,0.0
ql-ROM-style within a fixed POD space,2026,100.352251335,3938,9,1440.2774658203125,common_POD_r32_gauge_fixed,2.200746936731683,23.369661073671892,0,0,0.0
ql-ROM-style within a fixed POD space,2026,100.352251335,3938,10,1448.10498046875,common_POD_r32_gauge_fixed,2.4651593274589283,24.167091871699135,0,0,0.0
ql-ROM-style within a fixed POD space,2026,100.352251335,3938,11,1455.9326171875,common_POD_r32_gauge_fixed,2.75592007202659,24.795270022535572,0,0,0.0
ql-ROM-style within a fixed POD space,2026,100.352251335,3938,12,1463.76025390625,common_POD_r32_gauge_fixed,3.075491367635312,24.630276475870502,0,0,0.0
ql-ROM-style within a fixed POD space,2026,100.352251335,3938,13,1471.5877685546875,common_POD_r32_gauge_fixed,3.402045863571042,25.709496095915043,0,0,0.0
ql-ROM-style within a fixed POD space,2026,100.352251335,3938,14,1479.4154052734375,common_POD_r32_gauge_fixed,3.719112776188401,26.495234924117355,0,0,0.0
ql-ROM-style within a fixed POD space,2026,100.352251335,3938,15,1487.2430419921875,common_POD_r32_gauge_fixed,4.067091984415854,26.681063437101315,0,0,0.0
ql-ROM-style within a fixed POD space,2026,100.352251335,3938,16,1495.070556640625,common_POD_r32_gauge_fixed,4.284276566647213,25.911230140569746,7,1,0.02228214809804426
ql-ROM-style within a fixed POD space,2026,100.352251335,3938,17,1502.898193359375,common_POD_r32_gauge_fixed,4.55845567251129,26.66624653265719,0,1,0.01844306066160084
ql-ROM-style within a fixed POD space,2026,100.352251335,3938,18,1510.7257080078125,common_POD_r32_gauge_fixed,4.857740360361281,28.075161754432287,0,0,0.0
ql-ROM-style within a fixed POD space,2026,100.352251335,3938,19,1518.5533447265625,common_POD_r32_gauge_fixed,5.210327920664973,28.70266026831736,0,0,0.0
ql-ROM-style within a fixed POD space,2026,100.352251335,3938,20,1526.3809814453125,common_POD_r32_gauge_fixed,5.621356248730868,29.247171121281028,0,0,0.0
ql-ROM-style within a fixed POD space,2026,100.352251335,3938,21,1534.20849609375,common_POD_r32_gauge_fixed,6.014063912996567,31.39457257482424,0,0,0.0
ql-ROM-style within a fixed POD space,2026,100.352251335,3938,22,1542.0361328125,common_POD_r32_gauge_fixed,6.387088190296667,32.29793279072845,0,0,0.0
ql-ROM-style within a fixed POD space,2026,100.352251335,3938,23,1549.86376953125,common_POD_r32_gauge_fixed,6.7102524342172325,31.475348299037393,7,1,0.024151862098334073
ql-ROM-style within a fixed POD space,2026,100.352251335,3938,24,1557.6912841796875,common_POD_r32_gauge_fixed,7.099649061059742,32.01918247248361,7,0,0.0
ql-ROM-style within a fixed POD space,2026,100.352251335,3938,25,1565.5189208984375,common_POD_r32_gauge_fixed,7.432502224547824,34.0414957282175,7,0,0.0
ql-ROM-style within a fixed POD space,2026,100.352251335,3938,26,1573.3465576171875,common_POD_r32_gauge_fixed,7.670916321650742,34.70460426150371,0,1,0.02638285920878195
ql-ROM-style within a fixed POD space,2026,100.352251335,3938,27,1581.174072265625,common_POD_r32_gauge_fixed,8.082273309203671,34.76602575518011,0,0,0.0
ql-ROM-style within a fixed POD space,2026,100.352251335,3938,28,1589.001708984375,common_POD_r32_gauge_fixed,8.540638531785596,36.77990167204084,0,0,0.0
ql-ROM-style within a fixed POD space,2026,100.352251335,3938,29,1596.829345703125,common_POD_r32_gauge_fixed,8.931085457316637,39.21922038915445,0,0,0.0
ql-ROM-style within a fixed POD space,2026,100.352251335,3938,30,1604.6568603515625,common_POD_r32_gauge_fixed,9.210742526768595,38.64922138538045,7,1,0.02385388663805706
ql-ROM-style within a fixed POD space,2026,100.352251335,3938,31,1612.4844970703125,common_POD_r32_gauge_fixed,9.630437377352813,38.909659636516906,7,0,0.0
ql-ROM-style within a fixed POD space,2026,100.352251335,3938,32,1620.3121337890625,common_POD_r32_gauge_fixed,10.015185604523088,40.93176226652668,7,0,0.0
ql-ROM-style within a fixed POD space,2026,100.352251335,3938,33,1628.1396484375,common_POD_r32_gauge_fixed,10.316490464915914,43.02092554140815,7,0,0.0
ql-ROM-style within a fixed POD space,2026,100.352251335,3938,34,1635.96728515625,common_POD_r32_gauge_fixed,10.53180328642861,42.37035311036101,0,1,0.030744772474464093
ql-ROM-style within a fixed POD space,2026,100.352251335,3938,35,1643.794921875,common_POD_r32_gauge_fixed,10.965100627478666,42.19187193457423,0,0,0.0
ql-ROM-style within a fixed POD space,2026,100.352251335,3938,36,1651.6224365234375,common_POD_r32_gauge_fixed,11.406709809701402,45.48176074798177,0,0,0.0
ql-ROM-style within a fixed POD space,2026,100.352251335,3938,37,1659.4500732421875,common_POD_r32_gauge_fixed,11.685855229616827,47.16943141176536,7,1,0.023663432526489437
ql-ROM-style within a fixed POD space,2026,100.352251335,3938,38,1667.2777099609375,common_POD_r32_gauge_fixed,12.016461825275568,46.939686202707584,7,0,0.0
ql-ROM-style within a fixed POD space,2026,100.352251335,3938,39,1675.105224609375,common_POD_r32_gauge_fixed,12.437712036857587,47.04780566902832,7,0,0.0
ql-ROM-style within a fixed POD space,2026,100.352251335,3938,40,1682.932861328125,common_POD_r32_gauge_fixed,12.8024741596104,50.19115164241953,7,0,0.0
ql-ROM-style within a fixed POD space,2026,100.352251335,3938,41,1690.760498046875,common_POD_r32_gauge_fixed,13.066060620655765,52.16264553053178,7,0,0.0
ql-ROM-style within a fixed POD space,2026,100.352251335,3938,42,1698.5880126953125,common_POD_r32_gauge_fixed,13.37173888986481,50.5156056611191,7,0,0.0
ql-ROM-style within a fixed POD space,2026,100.352251335,3938,43,1706.4156494140625,common_POD_r32_gauge_fixed,13.751411200631388,50.23203548244485,7,0,0.0
ql-ROM-style within a fixed POD space,2026,100.352251335,3938,44,1714.2432861328125,common_POD_r32_gauge_fixed,14.047981265464324,53.948990557350676,7,0,0.0
ql-ROM-style within a fixed POD space,2026,100.352251335,3938,45,1722.07080078125,common_POD_r32_gauge_fixed,14.246755400757946,55.627125869861935,7,0,0.0
ql-ROM-style within a fixed POD space,2026,100.352251335,3938,46,1729.8984375,common_POD_r32_gauge_fixed,14.51314045644363,53.53204738817122,7,0,0.0
ql-ROM-style within a fixed POD space,2026,100.352251335,3938,47,1737.7259521484375,common_POD_r32_gauge_fixed,14.856994935478015,53.73230898443009,7,0,0.0
ql-ROM-style within a fixed POD space,2026,100.352251335,3938,48,1745.5535888671875,common_POD_r32_gauge_fixed,15.110114100552094,57.489007490898956,7,0,0.0
ql-ROM-style within a fixed POD space,2026,100.352251335,3954,1,1502.898193359375,common_POD_r32_gauge_fixed,0.45367954104080543,20.675676837999767,0,0,0.0
ql-ROM-style within a fixed POD space,2026,100.352251335,3954,2,1510.7257080078125,common_POD_r32_gauge_fixed,0.6006783274103058,20.816498962587307,0,0,0.0
ql-ROM-style within a fixed POD space,2026,100.352251335,3954,3,1518.5533447265625,common_POD_r32_gauge_fixed,0.7684125747746371,21.477484665828936,0,0,0.0
ql-ROM-style within a fixed POD space,2026,100.352251335,3954,4,1526.3809814453125,common_POD_r32_gauge_fixed,0.9982334645831383,21.491555808169473,0,0,0.0
ql-ROM-style within a fixed POD space,2026,100.352251335,3954,5,1534.20849609375,common_POD_r32_gauge_fixed,1.2248091874893257,21.648818349499823,0,0,0.0
ql-ROM-style within a fixed POD space,2026,100.352251335,3954,6,1542.0361328125,common_POD_r32_gauge_fixed,1.4483632314223254,22.089273528415752,0,0,0.0
ql-ROM-style within a fixed POD space,2026,100.352251335,3954,7,1549.86376953125,common_POD_r32_gauge_fixed,1.681908455373809,22.810348008040823,0,0,0.0
ql-ROM-style within a fixed POD space,2026,100.352251335,3954,8,1557.6912841796875,common_POD_r32_gauge_fixed,1.941963186356283,23.05893107122579,0,0,0.0
ql-ROM-style within a fixed POD space,2026,100.352251335,3954,9,1565.5189208984375,common_POD_r32_gauge_fixed,2.216643975851644,23.423766992626792,0,0,0.0
ql-ROM-style within a fixed POD space,2026,100.352251335,3954,10,1573.3465576171875,common_POD_r32_gauge_fixed,2.4816531566636844,24.17511853053955,0,0,0.0
ql-ROM-style within a fixed POD space,2026,100.352251335,3954,11,1581.174072265625,common_POD_r32_gauge_fixed,2.7731937988124464,24.894772836009775,0,0,0.0
ql-ROM-style within a fixed POD space,2026,100.352251335,3954,12,1589.001708984375,common_POD_r32_gauge_fixed,3.090742618122764,24.68816344181967,0,0,0.0
ql-ROM-style within a fixed POD space,2026,100.352251335,3954,13,1596.829345703125,common_POD_r32_gauge_fixed,3.4233332167300943,25.629206588921626,0,0,0.0
ql-ROM-style within a fixed POD space,2026,100.352251335,3954,14,1604.6568603515625,common_POD_r32_gauge_fixed,3.7430657617373826,26.535873246973086,0,0,0.0
ql-ROM-style within a fixed POD space,2026,100.352251335,3954,15,1612.4844970703125,common_POD_r32_gauge_fixed,4.088301847824397,26.838412089485413,0,0,0.0
ql-ROM-style within a fixed POD space,2026,100.352251335,3954,16,1620.3121337890625,common_POD_r32_gauge_fixed,4.322213604292867,26.0137991860019,7,1,0.02305943219140877
ql-ROM-style within a fixed POD space,2026,100.352251335,3954,17,1628.1396484375,common_POD_r32_gauge_fixed,4.596154084696271,26.665538243960906,0,1,0.018045011273888415
ql-ROM-style within a fixed POD space,2026,100.352251335,3954,18,1635.96728515625,common_POD_r32_gauge_fixed,4.894045518866514,28.011700245514486,0,0,0.0
ql-ROM-style within a fixed POD space,2026,100.352251335,3954,19,1643.794921875,common_POD_r32_gauge_fixed,5.236220379743826,28.84031904330816,0,0,0.0
ql-ROM-style within a fixed POD space,2026,100.352251335,3954,20,1651.6224365234375,common_POD_r32_gauge_fixed,5.644084574248199,29.129211057630826,0,0,0.0
ql-ROM-style within a fixed POD space,2026,100.352251335,3954,21,1659.4500732421875,common_POD_r32_gauge_fixed,6.044677064078914,31.355139657016558,0,0,0.0
ql-ROM-style within a fixed POD space,2026,100.352251335,3954,22,1667.2777099609375,common_POD_r32_gauge_fixed,6.414124329466691,32.46891948819001,0,0,0.0
ql-ROM-style within a fixed POD space,2026,100.352251335,3954,23,1675.105224609375,common_POD_r32_gauge_fixed,6.727516998510928,31.552955409342005,7,1,0.025057328586587168
ql-ROM-style within a fixed POD space,2026,100.352251335,3954,24,1682.932861328125,common_POD_r32_gauge_fixed,7.130625109441259,32.0197303230634,7,0,0.0
ql-ROM-style within a fixed POD space,2026,100.352251335,3954,25,1690.760498046875,common_POD_r32_gauge_fixed,7.467343776427415,34.10709022295693,7,0,0.0
ql-ROM-style within a fixed POD space,2026,100.352251335,3954,26,1698.5880126953125,common_POD_r32_gauge_fixed,7.695916796615129,34.75041410045965,0,1,0.026503605939185312
ql-ROM-style within a fixed POD space,2026,100.352251335,3954,27,1706.4156494140625,common_POD_r32_gauge_fixed,8.087550146665343,34.933388680249884,0,0,0.0
ql-ROM-style within a fixed POD space,2026,100.352251335,3954,28,1714.2432861328125,common_POD_r32_gauge_fixed,8.546860303695608,36.506987830950585,0,0,0.0
ql-ROM-style within a fixed POD space,2026,100.352251335,3954,29,1722.07080078125,common_POD_r32_gauge_fixed,8.947805329818163,39.28812235154982,0,0,0.0
ql-ROM-style within a fixed POD space,2026,100.352251335,3954,30,1729.8984375,common_POD_r32_gauge_fixed,9.219805874922034,38.868855322291616,7,1,0.024301146007509614
ql-ROM-style within a fixed POD space,2026,100.352251335,3954,31,1737.7259521484375,common_POD_r32_gauge_fixed,9.63013121154283,38.98381214404333,7,0,0.0
ql-ROM-style within a fixed POD space,2026,100.352251335,3954,32,1745.5535888671875,common_POD_r32_gauge_fixed,10.032398983115245,40.68509489621039,7,0,0.0
ql-ROM-style within a fixed POD space,2026,100.352251335,3954,33,1753.3812255859375,common_POD_r32_gauge_fixed,10.348416863414196,43.16975047135527,7,0,0.0
ql-ROM-style within a fixed POD space,2026,100.352251335,3954,34,1761.208740234375,common_POD_r32_gauge_fixed,10.645526895607741,42.822902411743044,7,0,0.0
ql-ROM-style within a fixed POD space,2026,100.352251335,3954,35,1769.036376953125,common_POD_r32_gauge_fixed,10.967846877276774,42.307944116201504,0,1,0.03043138028571561
ql-ROM-style within a fixed POD space,2026,100.352251335,3954,36,1776.864013671875,common_POD_r32_gauge_fixed,11.420713961972861,45.19395477677541,0,0,0.0
ql-ROM-style within a fixed POD space,2026,100.352251335,3954,37,1784.6915283203125,common_POD_r32_gauge_fixed,11.721218976022014,47.294385840388316,7,1,0.023256926996114428
ql-ROM-style within a fixed POD space,2026,100.352251335,3954,38,1792.5191650390625,common_POD_r32_gauge_fixed,12.035452284508294,47.2951414873618,7,0,0.0
ql-ROM-style within a fixed POD space,2026,100.352251335,3954,39,1800.3468017578125,common_POD_r32_gauge_fixed,12.450356305601844,47.08986618541808,7,0,0.0
ql-ROM-style within a fixed POD space,2026,100.352251335,3954,40,1808.17431640625,common_POD_r32_gauge_fixed,12.833875509032872,49.82365357739057,7,0,0.0
ql-ROM-style within a fixed POD space,2026,100.352251335,3954,41,1816.001953125,common_POD_r32_gauge_fixed,13.108247177157564,52.40130727230905,7,0,0.0
ql-ROM-style within a fixed POD space,2026,100.352251335,3954,42,1823.82958984375,common_POD_r32_gauge_fixed,13.394365216884122,51.15898144940713,7,0,0.0
ql-ROM-style within a fixed POD space,2026,100.352251335,3954,43,1831.6571044921875,common_POD_r32_gauge_fixed,13.77500404177397,50.23312866874573,7,0,0.0
ql-ROM-style within a fixed POD space,2026,100.352251335,3954,44,1839.4847412109375,common_POD_r32_gauge_fixed,14.089895126512003,53.50333234903437,7,0,0.0
ql-ROM-style within a fixed POD space,2026,100.352251335,3954,45,1847.3123779296875,common_POD_r32_gauge_fixed,14.293567526160441,56.00984889993109,7,0,0.0
ql-ROM-style within a fixed POD space,2026,100.352251335,3954,46,1855.139892578125,common_POD_r32_gauge_fixed,14.536806954019976,54.127485777458574,7,0,0.0
ql-ROM-style within a fixed POD space,2026,100.352251335,3954,47,1862.967529296875,common_POD_r32_gauge_fixed,14.879128006059114,53.627626102830305,7,0,0.0
ql-ROM-style within a fixed POD space,2026,100.352251335,3954,48,1870.795166015625,common_POD_r32_gauge_fixed,15.152021772936338,57.046997882523144,7,0,0.0
ql-ROM-style within a fixed POD space,2026,100.352251335,3970,1,1628.1396484375,common_POD_r32_gauge_fixed,0.461997280993298,20.75978373975682,0,0,0.0
ql-ROM-style within a fixed POD space,2026,100.352251335,3970,2,1635.96728515625,common_POD_r32_gauge_fixed,0.6087456369663486,20.83235753159555,0,0,0.0
ql-ROM-style within a fixed POD space,2026,100.352251335,3970,3,1643.794921875,common_POD_r32_gauge_fixed,0.7847233203056475,21.474995528706334,0,0,0.0
ql-ROM-style within a fixed POD space,2026,100.352251335,3970,4,1651.6224365234375,common_POD_r32_gauge_fixed,1.0015865240219852,21.59831056892116,0,0,0.0
ql-ROM-style within a fixed POD space,2026,100.352251335,3970,5,1659.4500732421875,common_POD_r32_gauge_fixed,1.23447483898516,21.622260115555946,0,0,0.0
ql-ROM-style within a fixed POD space,2026,100.352251335,3970,6,1667.2777099609375,common_POD_r32_gauge_fixed,1.4583460227077227,22.050968309527953,0,0,0.0
ql-ROM-style within a fixed POD space,2026,100.352251335,3970,7,1675.105224609375,common_POD_r32_gauge_fixed,1.6928341782677399,22.776323010107372,0,0,0.0
ql-ROM-style within a fixed POD space,2026,100.352251335,3970,8,1682.932861328125,common_POD_r32_gauge_fixed,1.9545694262720705,23.185484240549002,0,0,0.0
ql-ROM-style within a fixed POD space,2026,100.352251335,3970,9,1690.760498046875,common_POD_r32_gauge_fixed,2.2371895766673653,23.4922619927585,0,0,0.0
ql-ROM-style within a fixed POD space,2026,100.352251335,3970,10,1698.5880126953125,common_POD_r32_gauge_fixed,2.5041070431862726,24.21704916684298,0,0,0.0
ql-ROM-style within a fixed POD space,2026,100.352251335,3970,11,1706.4156494140625,common_POD_r32_gauge_fixed,2.7970058718181363,24.983710926295807,0,0,0.0
ql-ROM-style within a fixed POD space,2026,100.352251335,3970,12,1714.2432861328125,common_POD_r32_gauge_fixed,3.1163358416369173,24.825545451719723,0,0,0.0
ql-ROM-style within a fixed POD space,2026,100.352251335,3970,13,1722.07080078125,common_POD_r32_gauge_fixed,3.453843377268255,25.544833794838162,0,0,0.0
ql-ROM-style within a fixed POD space,2026,100.352251335,3970,14,1729.8984375,common_POD_r32_gauge_fixed,3.778484463057035,26.58249217733465,0,0,0.0
ql-ROM-style within a fixed POD space,2026,100.352251335,3970,15,1737.7259521484375,common_POD_r32_gauge_fixed,4.121451168618133,27.00681680147456,0,0,0.0
ql-ROM-style within a fixed POD space,2026,100.352251335,3970,16,1745.5535888671875,common_POD_r32_gauge_fixed,4.370537589643668,26.376103448196254,7,1,0.02251243351050172
ql-ROM-style within a fixed POD space,2026,100.352251335,3970,17,1753.3812255859375,common_POD_r32_gauge_fixed,4.6709528209430955,26.746786235652564,7,0,0.0
ql-ROM-style within a fixed POD space,2026,100.352251335,3970,18,1761.208740234375,common_POD_r32_gauge_fixed,4.936912076934949,28.08020705275649,0,1,0.019242641972451062
ql-ROM-style within a fixed POD space,2026,100.352251335,3970,19,1769.036376953125,common_POD_r32_gauge_fixed,5.273115348389788,29.038501850900587,0,0,0.0
ql-ROM-style within a fixed POD space,2026,100.352251335,3970,20,1776.864013671875,common_POD_r32_gauge_fixed,5.681800458335006,29.15130068162236,0,0,0.0
ql-ROM-style within a fixed POD space,2026,100.352251335,3970,21,1784.6915283203125,common_POD_r32_gauge_fixed,6.093043515938687,31.2764943726117,0,0,0.0
ql-ROM-style within a fixed POD space,2026,100.352251335,3970,22,1792.5191650390625,common_POD_r32_gauge_fixed,6.465383417400002,32.660715295675665,0,0,0.0
ql-ROM-style within a fixed POD space,2026,100.352251335,3970,23,1800.3468017578125,common_POD_r32_gauge_fixed,6.785080332345585,31.89191181178495,7,1,0.024221382973003743
ql-ROM-style within a fixed POD space,2026,100.352251335,3970,24,1808.17431640625,common_POD_r32_gauge_fixed,7.201014484868938,32.181873438208,7,0,0.0
ql-ROM-style within a fixed POD space,2026,100.352251335,3970,25,1816.001953125,common_POD_r32_gauge_fixed,7.548560963751429,34.21037865056472,7,0,0.0
ql-ROM-style within a fixed POD space,2026,100.352251335,3970,26,1823.82958984375,common_POD_r32_gauge_fixed,7.856583633817,35.02976018950662,7,0,0.0
ql-ROM-style within a fixed POD space,2026,100.352251335,3970,27,1831.6571044921875,common_POD_r32_gauge_fixed,8.16125122496138,35.41481129936537,0,1,0.026883988926521392
ql-ROM-style within a fixed POD space,2026,100.352251335,3970,28,1839.4847412109375,common_POD_r32_gauge_fixed,8.625330005573693,36.566177345964554,0,0,0.0
ql-ROM-style within a fixed POD space,2026,100.352251335,3970,29,1847.3123779296875,common_POD_r32_gauge_fixed,9.047753486165048,39.65715068931786,0,0,0.0
ql-ROM-style within a fixed POD space,2026,100.352251335,3970,30,1855.139892578125,common_POD_r32_gauge_fixed,9.321892516519496,39.3826128686756,7,1,0.024119640191675798
ql-ROM-style within a fixed POD space,2026,100.352251335,3970,31,1862.967529296875,common_POD_r32_gauge_fixed,9.725910892222482,39.53309211187164,7,0,0.0
ql-ROM-style within a fixed POD space,2026,100.352251335,3970,32,1870.795166015625,common_POD_r32_gauge_fixed,10.144413536941132,40.92334886248119,7,0,0.0
ql-ROM-style within a fixed POD space,2026,100.352251335,3970,33,1878.6226806640625,common_POD_r32_gauge_fixed,10.474724142205813,43.66932029850349,7,0,0.0
ql-ROM-style within a fixed POD space,2026,100.352251335,3970,34,1886.4503173828125,common_POD_r32_gauge_fixed,10.76549037074255,43.70768536148105,7,0,0.0
ql-ROM-style within a fixed POD space,2026,100.352251335,3970,35,1894.2779541015625,common_POD_r32_gauge_fixed,11.071103068271285,42.89850547356067,0,1,0.03152006460799631
ql-ROM-style within a fixed POD space,2026,100.352251335,3970,36,1902.10546875,common_POD_r32_gauge_fixed,11.533318431939431,45.2742855749677,0,0,0.0
ql-ROM-style within a fixed POD space,2026,100.352251335,3970,37,1909.93310546875,common_POD_r32_gauge_fixed,11.85431553087635,47.9143282691478,7,1,0.023403306782509205
ql-ROM-style within a fixed POD space,2026,100.352251335,3970,38,1917.7607421875,common_POD_r32_gauge_fixed,12.16124349766472,48.18743963593485,7,0,0.0
ql-ROM-style within a fixed POD space,2026,100.352251335,3970,39,1925.5882568359375,common_POD_r32_gauge_fixed,12.570845037976355,47.75308566531384,7,0,0.0
ql-ROM-style within a fixed POD space,2026,100.352251335,3970,40,1933.4158935546875,common_POD_r32_gauge_fixed,12.973559213677182,50.0889252788119,7,0,0.0
ql-ROM-style within a fixed POD space,2026,100.352251335,3970,41,1941.2435302734375,common_POD_r32_gauge_fixed,13.264699399252136,53.17107336430292,7,0,0.0
ql-ROM-style within a fixed POD space,2026,100.352251335,3970,42,1949.071044921875,common_POD_r32_gauge_fixed,13.540556276736954,52.37864482923339,7,0,0.0
ql-ROM-style within a fixed POD space,2026,100.352251335,3970,43,1956.898681640625,common_POD_r32_gauge_fixed,13.918910571578468,50.92813084222423,7,0,0.0
ql-ROM-style within a fixed POD space,2026,100.352251335,3970,44,1964.726318359375,common_POD_r32_gauge_fixed,14.253995723679411,53.73220943296989,7,0,0.0
ql-ROM-style within a fixed POD space,2026,100.352251335,3970,45,1972.5538330078125,common_POD_r32_gauge_fixed,14.473950604335997,56.890177072639794,7,0,0.0
ql-ROM-style within a fixed POD space,2026,100.352251335,3970,46,1980.3814697265625,common_POD_r32_gauge_fixed,14.706186745222883,55.334641178536536,7,0,0.0
ql-ROM-style within a fixed POD space,2026,100.352251335,3970,47,1988.208984375,common_POD_r32_gauge_fixed,15.045053696675001,54.22612816502771,7,0,0.0
ql-ROM-style within a fixed POD space,2026,100.352251335,3970,48,1996.03662109375,common_POD_r32_gauge_fixed,15.340501409870319,57.25704162642238,7,0,0.0
ql-ROM-style within a fixed POD space,2026,149.059229449,7258,1,527.073486328125,common_POD_r32_gauge_fixed,0.3872375155550211,16.83911664901652,2,0,0.0
ql-ROM-style within a fixed POD space,2026,149.059229449,7258,2,531.9537963867188,common_POD_r32_gauge_fixed,0.5985024085506486,16.590136396346228,2,0,0.0
ql-ROM-style within a fixed POD space,2026,149.059229449,7258,3,536.8341064453125,common_POD_r32_gauge_fixed,0.7240901630666059,16.80404913991572,6,1,0.025266819381652542
ql-ROM-style within a fixed POD space,2026,149.059229449,7258,4,541.7144165039062,common_POD_r32_gauge_fixed,0.8794613051476416,16.849031824233805,6,0,0.0
ql-ROM-style within a fixed POD space,2026,149.059229449,7258,5,546.5947265625,common_POD_r32_gauge_fixed,1.0865928769302189,17.78906792530608,6,0,0.0
ql-ROM-style within a fixed POD space,2026,149.059229449,7258,6,551.4750366210938,common_POD_r32_gauge_fixed,1.2488210519797593,17.117240177980467,6,0,0.0
ql-ROM-style within a fixed POD space,2026,149.059229449,7258,7,556.3553466796875,common_POD_r32_gauge_fixed,1.1669232171630435,17.009817793529265,2,1,0.033413475426887974
ql-ROM-style within a fixed POD space,2026,149.059229449,7258,8,561.2356567382812,common_POD_r32_gauge_fixed,1.353510852469189,16.802200175591242,2,0,0.0
ql-ROM-style within a fixed POD space,2026,149.059229449,7258,9,566.115966796875,common_POD_r32_gauge_fixed,1.4837176422105296,17.862906405919297,2,0,0.0
ql-ROM-style within a fixed POD space,2026,149.059229449,7258,10,570.9962768554688,common_POD_r32_gauge_fixed,1.6237255502539305,17.601313400380846,2,0,0.0
ql-ROM-style within a fixed POD space,2026,149.059229449,7258,11,575.8765869140625,common_POD_r32_gauge_fixed,1.3197229355916367,17.04275096510178,6,1,0.04579682020471596
ql-ROM-style within a fixed POD space,2026,149.059229449,7258,12,580.7568969726562,common_POD_r32_gauge_fixed,1.4830419936435777,17.34139022525539,6,0,0.0
ql-ROM-style within a fixed POD space,2026,149.059229449,7258,13,585.63720703125,common_POD_r32_gauge_fixed,1.630729446111642,18.165252644517732,6,0,0.0
ql-ROM-style within a fixed POD space,2026,149.059229449,7258,14,590.5175170898438,common_POD_r32_gauge_fixed,1.7877736123135617,17.140166542948176,6,0,0.0
ql-ROM-style within a fixed POD space,2026,149.059229449,7258,15,595.3978271484375,common_POD_r32_gauge_fixed,1.754829497044984,17.051387142206377,2,1,0.033238464030154014
ql-ROM-style within a fixed POD space,2026,149.059229449,7258,16,600.2781372070312,common_POD_r32_gauge_fixed,1.8666446099030671,17.08568982154405,2,0,0.0
ql-ROM-style within a fixed POD space,2026,149.059229449,7258,17,605.158447265625,common_POD_r32_gauge_fixed,1.9527636255175123,17.583459969077325,2,0,0.0
ql-ROM-style within a fixed POD space,2026,149.059229449,7258,18,610.0387573242188,common_POD_r32_gauge_fixed,1.6947495636946377,16.679863824201185,6,1,0.046323479367522895
ql-ROM-style within a fixed POD space,2026,149.059229449,7258,19,614.9190673828125,common_POD_r32_gauge_fixed,1.7868243181008936,16.510598526375826,6,0,0.0
ql-ROM-style within a fixed POD space,2026,149.059229449,7258,20,619.7993774414062,common_POD_r32_gauge_fixed,1.9361463413357,17.980870323072217,6,0,0.0
ql-ROM-style within a fixed POD space,2026,149.059229449,7258,21,624.6796875,common_POD_r32_gauge_fixed,2.0937309012213063,17.245983707251007,6,0,0.0
ql-ROM-style within a fixed POD space,2026,149.059229449,7258,22,629.5599975585938,common_POD_r32_gauge_fixed,2.2681251677986864,16.30479662096482,6,0,0.0
ql-ROM-style within a fixed POD space,2026,149.059229449,7258,23,634.4403076171875,common_POD_r32_gauge_fixed,2.2532584558042323,16.902681301798182,2,1,0.02903624540808588
ql-ROM-style within a fixed POD space,2026,149.059229449,7258,24,639.3206176757812,common_POD_r32_gauge_fixed,2.3401434171734246,18.012483942708887,2,0,0.0
ql-ROM-style within a fixed POD space,2026,149.059229449,7258,25,644.200927734375,common_POD_r32_gauge_fixed,2.4645780620956845,17.563624491676663,2,0,0.0
ql-ROM-style within a fixed POD space,2026,149.059229449,7258,26,649.0812377929688,common_POD_r32_gauge_fixed,2.298320603020457,17.463358272514263,6,1,0.04259856301820098
ql-ROM-style within a fixed POD space,2026,149.059229449,7258,27,653.9615478515625,common_POD_r32_gauge_fixed,2.404982463242042,17.34356196191992,6,0,0.0
ql-ROM-style within a fixed POD space,2026,149.059229449,7258,28,658.8418579101562,common_POD_r32_gauge_fixed,2.5339946922480086,18.78443420370945,6,0,0.0
ql-ROM-style within a fixed POD space,2026,149.059229449,7258,29,663.72216796875,common_POD_r32_gauge_fixed,2.6836454368132157,17.706872484387894,6,0,0.0
ql-ROM-style within a fixed POD space,2026,149.059229449,7258,30,668.6024780273438,common_POD_r32_gauge_fixed,2.6635969333925353,18.394956188010553,2,1,0.03393981663730197
ql-ROM-style within a fixed POD space,2026,149.059229449,7258,31,673.4827880859375,common_POD_r32_gauge_fixed,2.7178768101407464,18.260662158147706,2,0,0.0
ql-ROM-style within a fixed POD space,2026,149.059229449,7258,32,678.3630981445312,common_POD_r32_gauge_fixed,2.8058273309190085,19.171466563297034,2,0,0.0
ql-ROM-style within a fixed POD space,2026,149.059229449,7258,33,683.243408203125,common_POD_r32_gauge_fixed,2.9319833981712593,18.57900039180972,2,0,0.0
ql-ROM-style within a fixed POD space,2026,149.059229449,7258,34,688.1237182617188,common_POD_r32_gauge_fixed,2.8033030204334484,18.708301643396418,6,1,0.03694403231813042
ql-ROM-style within a fixed POD space,2026,149.059229449,7258,35,693.0040283203125,common_POD_r32_gauge_fixed,2.875881540601649,18.87529615590969,6,0,0.0
ql-ROM-style within a fixed POD space,2026,149.059229449,7258,36,697.8843383789062,common_POD_r32_gauge_fixed,2.983250868015085,19.438803024745997,6,0,0.0
ql-ROM-style within a fixed POD space,2026,149.059229449,7258,37,702.7646484375,common_POD_r32_gauge_fixed,3.102560359434841,18.700989932896878,6,0,0.0
ql-ROM-style within a fixed POD space,2026,149.059229449,7258,38,707.6449584960938,common_POD_r32_gauge_fixed,3.0355095313516838,19.460786493348216,2,1,0.03296449519213372
ql-ROM-style within a fixed POD space,2026,149.059229449,7258,39,712.5252685546875,common_POD_r32_gauge_fixed,3.0729031750051865,19.397367577378958,2,0,0.0
ql-ROM-style within a fixed POD space,2026,149.059229449,7258,40,717.4055786132812,common_POD_r32_gauge_fixed,3.153500633301528,19.74978607092407,2,0,0.0
ql-ROM-style within a fixed POD space,2026,149.059229449,7258,41,722.285888671875,common_POD_r32_gauge_fixed,3.2572759149333526,19.317088009439466,2,0,0.0
ql-ROM-style within a fixed POD space,2026,149.059229449,7258,42,727.1661987304688,common_POD_r32_gauge_fixed,3.1043769748932664,19.4568369121941,6,1,0.035895937293101726
ql-ROM-style within a fixed POD space,2026,149.059229449,7258,43,732.0465087890625,common_POD_r32_gauge_fixed,3.1647552556824636,19.822625545191443,6,0,0.0
ql-ROM-style within a fixed POD space,2026,149.059229449,7258,44,736.9268188476562,common_POD_r32_gauge_fixed,3.263695212882075,19.69477056129616,6,0,0.0
ql-ROM-style within a fixed POD space,2026,149.059229449,7258,45,741.80712890625,common_POD_r32_gauge_fixed,3.3521903747222517,19.300327180424418,6,0,0.0
ql-ROM-style within a fixed POD space,2026,149.059229449,7258,46,746.6874389648438,common_POD_r32_gauge_fixed,3.245234040411462,19.84946954445288,2,1,0.03232764794365589
ql-ROM-style within a fixed POD space,2026,149.059229449,7258,47,751.5677490234375,common_POD_r32_gauge_fixed,3.273237770993535,19.8943046027172,2,0,0.0
ql-ROM-style within a fixed POD space,2026,149.059229449,7258,48,756.4480590820312,common_POD_r32_gauge_fixed,3.351054268655282,19.876956311731007,2,0,0.0
ql-ROM-style within a fixed POD space,2026,149.059229449,7266,1,566.115966796875,common_POD_r32_gauge_fixed,0.3024678626204672,16.179245070186887,2,0,0.0
ql-ROM-style within a fixed POD space,2026,149.059229449,7266,2,570.9962768554688,common_POD_r32_gauge_fixed,0.5189869408456061,15.96140197944267,2,0,0.0
ql-ROM-style within a fixed POD space,2026,149.059229449,7266,3,575.8765869140625,common_POD_r32_gauge_fixed,0.645086497828208,16.479033541809315,6,1,0.02056520418051639
ql-ROM-style within a fixed POD space,2026,149.059229449,7266,4,580.7568969726562,common_POD_r32_gauge_fixed,0.837133006432281,16.36471981312155,6,0,0.0
ql-ROM-style within a fixed POD space,2026,149.059229449,7266,5,585.63720703125,common_POD_r32_gauge_fixed,1.0023557721479874,16.907197282599476,6,0,0.0
ql-ROM-style within a fixed POD space,2026,149.059229449,7266,6,590.5175170898438,common_POD_r32_gauge_fixed,1.1561506643007295,16.19006895909495,6,0,0.0
ql-ROM-style within a fixed POD space,2026,149.059229449,7266,7,595.3978271484375,common_POD_r32_gauge_fixed,1.0822629228726102,16.613471019186278,2,1,0.03200991143313856
ql-ROM-style within a fixed POD space,2026,149.059229449,7266,8,600.2781372070312,common_POD_r32_gauge_fixed,1.239559289610133,16.403936168382565,2,0,0.0
ql-ROM-style within a fixed POD space,2026,149.059229449,7266,9,605.158447265625,common_POD_r32_gauge_fixed,1.3443785877066208,17.13336687994476,2,0,0.0
ql-ROM-style within a fixed POD space,2026,149.059229449,7266,10,610.0387573242188,common_POD_r32_gauge_fixed,1.485913436263677,16.65403195389727,2,0,0.0
ql-ROM-style within a fixed POD space,2026,149.059229449,7266,11,614.9190673828125,common_POD_r32_gauge_fixed,1.1578507908941948,16.44036908187846,6,1,0.04291921220798065
ql-ROM-style within a fixed POD space,2026,149.059229449,7266,12,619.7993774414062,common_POD_r32_gauge_fixed,1.3179208219147656,17.275978727765985,6,0,0.0
ql-ROM-style within a fixed POD space,2026,149.059229449,7266,13,624.6796875,common_POD_r32_gauge_fixed,1.4525083689433247,17.307625161551695,6,0,0.0
ql-ROM-style within a fixed POD space,2026,149.059229449,7266,14,629.5599975585938,common_POD_r32_gauge_fixed,1.605020788916826,16.33971212609346,6,0,0.0
ql-ROM-style within a fixed POD space,2026,149.059229449,7266,15,634.4403076171875,common_POD_r32_gauge_fixed,1.515917094830036,16.535946740508756,2,1,0.03349318904537648
ql-ROM-style within a fixed POD space,2026,149.059229449,7266,16,639.3206176757812,common_POD_r32_gauge_fixed,1.6251832892555031,17.0175293268095,2,0,0.0
ql-ROM-style within a fixed POD space,2026,149.059229449,7266,17,644.200927734375,common_POD_r32_gauge_fixed,1.7179221830298237,16.988924858016734,2,0,0.0
ql-ROM-style within a fixed POD space,2026,149.059229449,7266,18,649.0812377929688,common_POD_r32_gauge_fixed,1.4203271876492873,16.68929256838964,6,1,0.04254694350126933
ql-ROM-style within a fixed POD space,2026,149.059229449,7266,19,653.9615478515625,common_POD_r32_gauge_fixed,1.5472208712977764,16.412358917840116,6,0,0.0
ql-ROM-style within a fixed POD space,2026,149.059229449,7266,20,658.8418579101562,common_POD_r32_gauge_fixed,1.6964675608881608,17.830971947822995,6,0,0.0
ql-ROM-style within a fixed POD space,2026,149.059229449,7266,21,663.72216796875,common_POD_r32_gauge_fixed,1.8449026336281666,16.900907249857,6,0,0.0
ql-ROM-style within a fixed POD space,2026,149.059229449,7266,22,668.6024780273438,common_POD_r32_gauge_fixed,1.8511392155368007,17.254446395953142,2,1,0.029544169504966983
ql-ROM-style within a fixed POD space,2026,149.059229449,7266,23,673.4827880859375,common_POD_r32_gauge_fixed,1.9393127110070307,16.87300182600832,2,0,0.0
ql-ROM-style within a fixed POD space,2026,149.059229449,7266,24,678.3630981445312,common_POD_r32_gauge_fixed,2.0406380432811835,17.917001874855572,2,0,0.0
ql-ROM-style within a fixed POD space,2026,149.059229449,7266,25,683.243408203125,common_POD_r32_gauge_fixed,2.165170424040862,17.311791027523515,2,0,0.0
ql-ROM-style within a fixed POD space,2026,149.059229449,7266,26,688.1237182617188,common_POD_r32_gauge_fixed,1.9691157580600218,17.40790835041021,6,1,0.03957376789241763
ql-ROM-style within a fixed POD space,2026,149.059229449,7266,27,693.0040283203125,common_POD_r32_gauge_fixed,2.087244500052685,17.503040658217994,6,0,0.0
ql-ROM-style within a fixed POD space,2026,149.059229449,7266,28,697.8843383789062,common_POD_r32_gauge_fixed,2.2178141091562456,18.427868374081015,6,0,0.0
ql-ROM-style within a fixed POD space,2026,149.059229449,7266,29,702.7646484375,common_POD_r32_gauge_fixed,2.349671778667705,17.53139630074082,6,0,0.0
ql-ROM-style within a fixed POD space,2026,149.059229449,7266,30,707.6449584960938,common_POD_r32_gauge_fixed,2.2729233876284884,18.215177201191285,2,1,0.03369743227797137
ql-ROM-style within a fixed POD space,2026,149.059229449,7266,31,712.5252685546875,common_POD_r32_gauge_fixed,2.3444615089275156,18.149426951926316,2,0,0.0
ql-ROM-style within a fixed POD space,2026,149.059229449,7266,32,717.4055786132812,common_POD_r32_gauge_fixed,2.4384605524627725,18.771193676550638,2,0,0.0
ql-ROM-style within a fixed POD space,2026,149.059229449,7266,33,722.285888671875,common_POD_r32_gauge_fixed,2.552076678484574,18.26821081748075,2,0,0.0
ql-ROM-style within a fixed POD space,2026,149.059229449,7266,34,727.1661987304688,common_POD_r32_gauge_fixed,2.4061091350731494,18.365877351458682,6,1,0.034454312201201355
ql-ROM-style within a fixed POD space,2026,149.059229449,7266,35,732.0465087890625,common_POD_r32_gauge_fixed,2.493045079864483,18.699435625394578,6,0,0.0
ql-ROM-style within a fixed POD space,2026,149.059229449,7266,36,736.9268188476562,common_POD_r32_gauge_fixed,2.595745959667298,18.930175346902928,6,0,0.0
ql-ROM-style within a fixed POD space,2026,149.059229449,7266,37,741.80712890625,common_POD_r32_gauge_fixed,2.6918884349433405,18.39796303766575,6,0,0.0
ql-ROM-style within a fixed POD space,2026,149.059229449,7266,38,746.6874389648438,common_POD_r32_gauge_fixed,2.5859368495470436,19.001130414570707,2,1,0.032509326372911325
ql-ROM-style within a fixed POD space,2026,149.059229449,7266,39,751.5677490234375,common_POD_r32_gauge_fixed,2.6387526536471664,19.001179171536336,2,0,0.0
ql-ROM-style within a fixed POD space,2026,149.059229449,7266,40,756.4480590820312,common_POD_r32_gauge_fixed,2.7195007325598675,19.213366501244185,2,0,0.0
ql-ROM-style within a fixed POD space,2026,149.059229449,7266,41,761.328369140625,common_POD_r32_gauge_fixed,2.62476178119869,19.178533066614737,6,1,0.03345286183966873
ql-ROM-style within a fixed POD space,2026,149.059229449,7266,42,766.2086791992188,common_POD_r32_gauge_fixed,2.642266028326194,18.874238040419318,6,0,0.0
ql-ROM-style within a fixed POD space,2026,149.059229449,7266,43,771.0889892578125,common_POD_r32_gauge_fixed,2.715579361362123,19.347939668664775,6,0,0.0
ql-ROM-style within a fixed POD space,2026,149.059229449,7266,44,775.9692993164062,common_POD_r32_gauge_fixed,2.799473549303218,19.096724263437054,6,0,0.0
ql-ROM-style within a fixed POD space,2026,149.059229449,7266,45,780.849609375,common_POD_r32_gauge_fixed,2.744416316544977,19.457780967363846,2,1,0.03183904518684318
ql-ROM-style within a fixed POD space,2026,149.059229449,7266,46,785.7299194335938,common_POD_r32_gauge_fixed,2.734494242221277,19.195269520616918,2,0,0.0
ql-ROM-style within a fixed POD space,2026,149.059229449,7266,47,790.6102294921875,common_POD_r32_gauge_fixed,2.777118435129662,19.298263247936838,2,0,0.0
ql-ROM-style within a fixed POD space,2026,149.059229449,7266,48,795.4905395507812,common_POD_r32_gauge_fixed,2.848772227888506,19.267108192266775,2,0,0.0
ql-ROM-style within a fixed POD space,2026,149.059229449,7282,1,644.200927734375,common_POD_r32_gauge_fixed,0.2765281064376878,15.86978330479846,2,0,0.0
ql-ROM-style within a fixed POD space,2026,149.059229449,7282,2,649.0812377929688,common_POD_r32_gauge_fixed,0.4718829601615632,16.322797272140196,6,1,0.014074316382236596
ql-ROM-style within a fixed POD space,2026,149.059229449,7282,3,653.9615478515625,common_POD_r32_gauge_fixed,0.6305791357189048,16.059528086161983,6,0,0.0
ql-ROM-style within a fixed POD space,2026,149.059229449,7282,4,658.8418579101562,common_POD_r32_gauge_fixed,0.8112855691966939,16.560994944481205,6,0,0.0
ql-ROM-style within a fixed POD space,2026,149.059229449,7282,5,663.72216796875,common_POD_r32_gauge_fixed,0.955198985881837,16.304377949558212,6,0,0.0
ql-ROM-style within a fixed POD space,2026,149.059229449,7282,6,668.6024780273438,common_POD_r32_gauge_fixed,0.8511227052291525,16.443551654794774,2,1,0.02893137428870207
ql-ROM-style within a fixed POD space,2026,149.059229449,7282,7,673.4827880859375,common_POD_r32_gauge_fixed,1.0145380796044394,16.099386550386797,2,0,0.0
ql-ROM-style within a fixed POD space,2026,149.059229449,7282,8,678.3630981445312,common_POD_r32_gauge_fixed,1.1496954308700318,16.81771772397609,2,0,0.0
ql-ROM-style within a fixed POD space,2026,149.059229449,7282,9,683.243408203125,common_POD_r32_gauge_fixed,1.2600429764520948,16.589250805645612,2,0,0.0
ql-ROM-style within a fixed POD space,2026,149.059229449,7282,10,688.1237182617188,common_POD_r32_gauge_fixed,0.9414551689126003,16.451477584705724,6,1,0.03904926074772086
ql-ROM-style within a fixed POD space,2026,149.059229449,7282,11,693.0040283203125,common_POD_r32_gauge_fixed,1.105224394037632,16.20646980966447,6,0,0.0
ql-ROM-style within a fixed POD space,2026,149.059229449,7282,12,697.8843383789062,common_POD_r32_gauge_fixed,1.2453085636022376,17.474128027054405,6,0,0.0
ql-ROM-style within a fixed POD space,2026,149.059229449,7282,13,702.7646484375,common_POD_r32_gauge_fixed,1.3707601993369032,16.51517411684635,6,0,0.0
ql-ROM-style within a fixed POD space,2026,149.059229449,7282,14,707.6449584960938,common_POD_r32_gauge_fixed,1.2412656807180762,16.67424812958868,2,1,0.03283801152341265
ql-ROM-style within a fixed POD space,2026,149.059229449,7282,15,712.5252685546875,common_POD_r32_gauge_fixed,1.3818187714448298,16.388680301716633,2,0,0.0
ql-ROM-style within a fixed POD space,2026,149.059229449,7282,16,717.4055786132812,common_POD_r32_gauge_fixed,1.487065006020909,17.352126696586044,2,0,0.0
ql-ROM-style within a fixed POD space,2026,149.059229449,7282,17,722.285888671875,common_POD_r32_gauge_fixed,1.5997981913195045,16.65852878231986,2,0,0.0
ql-ROM-style within a fixed POD space,2026,149.059229449,7282,18,727.1661987304688,common_POD_r32_gauge_fixed,1.346364030501079,16.580745311632654,6,1,0.04003714175148345
ql-ROM-style within a fixed POD space,2026,149.059229449,7282,19,732.0465087890625,common_POD_r32_gauge_fixed,1.492623331184257,17.023719549544772,6,0,0.0
ql-ROM-style within a fixed POD space,2026,149.059229449,7282,20,736.9268188476562,common_POD_r32_gauge_fixed,1.6232716556476252,17.657190818103032,6,0,0.0
ql-ROM-style within a fixed POD space,2026,149.059229449,7282,21,741.80712890625,common_POD_r32_gauge_fixed,1.741484946813479,16.5272633400043,6,0,0.0
ql-ROM-style within a fixed POD space,2026,149.059229449,7282,22,746.6874389648438,common_POD_r32_gauge_fixed,1.6408797088078402,17.065598932243827,2,1,0.03231632870570792
ql-ROM-style within a fixed POD space,2026,149.059229449,7282,23,751.5677490234375,common_POD_r32_gauge_fixed,1.7509277445537634,17.294179545147653,2,0,0.0
ql-ROM-style within a fixed POD space,2026,149.059229449,7282,24,756.4480590820312,common_POD_r32_gauge_fixed,1.8548640879146956,17.84962330771406,2,0,0.0
ql-ROM-style within a fixed POD space,2026,149.059229449,7282,25,761.328369140625,common_POD_r32_gauge_fixed,1.6688428525373933,17.332001805902124,6,1,0.03786920642142133
ql-ROM-style within a fixed POD space,2026,149.059229449,7282,26,766.2086791992188,common_POD_r32_gauge_fixed,1.741434010784093,17.178137849077295,6,0,0.0
ql-ROM-style within a fixed POD space,2026,149.059229449,7282,27,771.0889892578125,common_POD_r32_gauge_fixed,1.8638873838673773,17.98565237967831,6,0,0.0
ql-ROM-style within a fixed POD space,2026,149.059229449,7282,28,775.9692993164062,common_POD_r32_gauge_fixed,1.970080114299182,17.96439785142678,6,0,0.0
ql-ROM-style within a fixed POD space,2026,149.059229449,7282,29,780.849609375,common_POD_r32_gauge_fixed,2.0668175915549267,17.344788445681576,6,0,0.0
ql-ROM-style within a fixed POD space,2026,149.059229449,7282,30,785.7299194335938,common_POD_r32_gauge_fixed,1.9640805259827883,17.90173071495093,2,1,0.030742373958637364
ql-ROM-style within a fixed POD space,2026,149.059229449,7282,31,790.6102294921875,common_POD_r32_gauge_fixed,2.044032826573236,18.253897052498047,2,0,0.0
ql-ROM-style within a fixed POD space,2026,149.059229449,7282,32,795.4905395507812,common_POD_r32_gauge_fixed,2.136775840573295,18.39029692417261,2,0,0.0
ql-ROM-style within a fixed POD space,2026,149.059229449,7282,33,800.370849609375,common_POD_r32_gauge_fixed,1.9717316784772203,18.338353956624214,6,1,0.03608766633331886
ql-ROM-style within a fixed POD space,2026,149.059229449,7282,34,805.2511596679688,common_POD_r32_gauge_fixed,2.042820424823234,17.981512602911437,6,0,0.0
ql-ROM-style within a fixed POD space,2026,149.059229449,7282,35,810.1314697265625,common_POD_r32_gauge_fixed,2.1381739544770495,18.710636987277883,6,0,0.0
ql-ROM-style within a fixed POD space,2026,149.059229449,7282,36,815.0117797851562,common_POD_r32_gauge_fixed,2.222091181495613,18.409637637112912,6,0,0.0
ql-ROM-style within a fixed POD space,2026,149.059229449,7282,37,819.89208984375,common_POD_r32_gauge_fixed,2.142166160982902,18.687713010884284,2,1,0.03043958023952103
ql-ROM-style within a fixed POD space,2026,149.059229449,7282,38,824.7723999023438,common_POD_r32_gauge_fixed,2.1748883108247297,18.438166061896144,2,0,0.0
ql-ROM-style within a fixed POD space,2026,149.059229449,7282,39,829.6527099609375,common_POD_r32_gauge_fixed,2.2379708206001103,18.829866965121774,2,0,0.0
ql-ROM-style within a fixed POD space,2026,149.059229449,7282,40,834.5330200195312,common_POD_r32_gauge_fixed,2.322777214578723,18.7305698398431,2,0,0.0
ql-ROM-style within a fixed POD space,2026,149.059229449,7282,41,839.413330078125,common_POD_r32_gauge_fixed,2.152846949274384,18.8239330218488,6,1,0.035399372130650406
ql-ROM-style within a fixed POD space,2026,149.059229449,7282,42,844.2936401367188,common_POD_r32_gauge_fixed,2.2121833040575867,18.49030058438123,6,0,0.0
ql-ROM-style within a fixed POD space,2026,149.059229449,7282,43,849.1739501953125,common_POD_r32_gauge_fixed,2.2907998739870257,19.087438054004544,6,0,0.0
ql-ROM-style within a fixed POD space,2026,149.059229449,7282,44,854.0542602539062,common_POD_r32_gauge_fixed,2.359765945791845,18.67620967205607,6,0,0.0
ql-ROM-style within a fixed POD space,2026,149.059229449,7282,45,858.9345703125,common_POD_r32_gauge_fixed,2.256108693869095,18.948952479325982,2,1,0.03007699793511104
ql-ROM-style within a fixed POD space,2026,149.059229449,7282,46,863.8148803710938,common_POD_r32_gauge_fixed,2.282741740568034,18.67347245144376,2,0,0.0
ql-ROM-style within a fixed POD space,2026,149.059229449,7282,47,868.6951904296875,common_POD_r32_gauge_fixed,2.336215233511151,19.056334919403767,2,0,0.0
ql-ROM-style within a fixed POD space,2026,149.059229449,7282,48,873.5755004882812,common_POD_r32_gauge_fixed,2.412591641229573,18.86406510229575,2,0,0.0
ql-ROM-style within a fixed POD space,2026,149.059229449,7298,1,722.285888671875,common_POD_r32_gauge_fixed,0.2687537489259504,16.086918418777913,2,0,0.0
ql-ROM-style within a fixed POD space,2026,149.059229449,7298,2,727.1661987304688,common_POD_r32_gauge_fixed,0.428583679880613,16.429373761734677,6,1,0.009801506742813638
ql-ROM-style within a fixed POD space,2026,149.059229449,7298,3,732.0465087890625,common_POD_r32_gauge_fixed,0.6377481643893684,16.21347227701941,6,0,0.0
ql-ROM-style within a fixed POD space,2026,149.059229449,7298,4,736.9268188476562,common_POD_r32_gauge_fixed,0.8065624779839351,16.689275908883708,6,0,0.0
ql-ROM-style within a fixed POD space,2026,149.059229449,7298,5,741.80712890625,common_POD_r32_gauge_fixed,0.9528806355959276,15.995208143518317,6,0,0.0
ql-ROM-style within a fixed POD space,2026,149.059229449,7298,6,746.6874389648438,common_POD_r32_gauge_fixed,0.8531233829352258,16.34306919597517,2,1,0.026639324123872262
ql-ROM-style within a fixed POD space,2026,149.059229449,7298,7,751.5677490234375,common_POD_r32_gauge_fixed,1.0316478114348504,16.30949940412578,2,0,0.0
ql-ROM-style within a fixed POD space,2026,149.059229449,7298,8,756.4480590820312,common_POD_r32_gauge_fixed,1.164437348208778,16.96418843773229,2,0,0.0
ql-ROM-style within a fixed POD space,2026,149.059229449,7298,9,761.328369140625,common_POD_r32_gauge_fixed,1.3047742669116311,16.317428003095845,2,0,0.0
ql-ROM-style within a fixed POD space,2026,149.059229449,7298,10,766.2086791992188,common_POD_r32_gauge_fixed,1.0247089114428574,16.243458488104057,6,1,0.03699868134704763
ql-ROM-style within a fixed POD space,2026,149.059229449,7298,11,771.0889892578125,common_POD_r32_gauge_fixed,1.1981059995357628,16.925515057380604,6,0,0.0
ql-ROM-style within a fixed POD space,2026,149.059229449,7298,12,775.9692993164062,common_POD_r32_gauge_fixed,1.335449604330256,17.118352521202006,6,0,0.0
ql-ROM-style within a fixed POD space,2026,149.059229449,7298,13,780.849609375,common_POD_r32_gauge_fixed,1.4661879294967504,16.158245660463397,6,0,0.0
ql-ROM-style within a fixed POD space,2026,149.059229449,7298,14,785.7299194335938,common_POD_r32_gauge_fixed,1.337540680458356,16.569322775785913,2,1,0.03249921697036712
ql-ROM-style within a fixed POD space,2026,149.059229449,7298,15,790.6102294921875,common_POD_r32_gauge_fixed,1.4730999556445008,17.044925445579874,2,0,0.0
ql-ROM-style within a fixed POD space,2026,149.059229449,7298,16,795.4905395507812,common_POD_r32_gauge_fixed,1.5876640838674811,17.221934527012717,2,0,0.0
ql-ROM-style within a fixed POD space,2026,149.059229449,7298,17,800.370849609375,common_POD_r32_gauge_fixed,1.3737541723256503,16.855534799687607,6,1,0.039086422748847986
ql-ROM-style within a fixed POD space,2026,149.059229449,7298,18,805.2511596679688,common_POD_r32_gauge_fixed,1.4899121185659474,16.612763059974107,6,0,0.0
ql-ROM-style within a fixed POD space,2026,149.059229449,7298,19,810.1314697265625,common_POD_r32_gauge_fixed,1.633369292809038,17.825269070136564,6,0,0.0
ql-ROM-style within a fixed POD space,2026,149.059229449,7298,20,815.0117797851562,common_POD_r32_gauge_fixed,1.7549143650218233,17.20048881582275,6,0,0.0
ql-ROM-style within a fixed POD space,2026,149.059229449,7298,21,819.89208984375,common_POD_r32_gauge_fixed,1.6730842939271642,17.316218929486023,2,1,0.03211554055771471
ql-ROM-style within a fixed POD space,2026,149.059229449,7298,22,824.7723999023438,common_POD_r32_gauge_fixed,1.7678809952368653,17.109559845441463,2,0,0.0
ql-ROM-style within a fixed POD space,2026,149.059229449,7298,23,829.6527099609375,common_POD_r32_gauge_fixed,1.8741817086353103,17.955797256451632,2,0,0.0
ql-ROM-style within a fixed POD space,2026,149.059229449,7298,24,834.5330200195312,common_POD_r32_gauge_fixed,1.9863509068746206,17.609597035189893,2,0,0.0
ql-ROM-style within a fixed POD space,2026,149.059229449,7298,25,839.413330078125,common_POD_r32_gauge_fixed,1.7983965632425707,17.64272489446745,6,1,0.036688041609981674
ql-ROM-style within a fixed POD space,2026,149.059229449,7298,26,844.2936401367188,common_POD_r32_gauge_fixed,1.9040529040882275,17.474047952485122,6,0,0.0
ql-ROM-style within a fixed POD space,2026,149.059229449,7298,27,849.1739501953125,common_POD_r32_gauge_fixed,2.0170763546979296,18.403937231458574,6,0,0.0
ql-ROM-style within a fixed POD space,2026,149.059229449,7298,28,854.0542602539062,common_POD_r32_gauge_fixed,2.118690308270539,17.772605153364943,6,0,0.0
ql-ROM-style within a fixed POD space,2026,149.059229449,7298,29,858.9345703125,common_POD_r32_gauge_fixed,2.0404438562528466,18.164759674572867,2,1,0.030673894868719263
ql-ROM-style within a fixed POD space,2026,149.059229449,7298,30,863.8148803710938,common_POD_r32_gauge_fixed,2.1062408026077417,17.970610122138133,2,0,0.0
ql-ROM-style within a fixed POD space,2026,149.059229449,7298,31,868.6951904296875,common_POD_r32_gauge_fixed,2.1870727476115497,18.61233326297396,2,0,0.0
ql-ROM-style within a fixed POD space,2026,149.059229449,7298,32,873.5755004882812,common_POD_r32_gauge_fixed,2.287450546080958,18.251631404265098,2,0,0.0
ql-ROM-style within a fixed POD space,2026,149.059229449,7298,33,878.455810546875,common_POD_r32_gauge_fixed,2.1204534644131092,18.333063150815818,6,1,0.0354944295462414
ql-ROM-style within a fixed POD space,2026,149.059229449,7298,34,883.3361206054688,common_POD_r32_gauge_fixed,2.207130170173232,18.360192391030232,6,0,0.0
ql-ROM-style within a fixed POD space,2026,149.059229449,7298,35,888.2164306640625,common_POD_r32_gauge_fixed,2.299792101255677,18.82520785376842,6,0,0.0
ql-ROM-style within a fixed POD space,2026,149.059229449,7298,36,893.0967407226562,common_POD_r32_gauge_fixed,2.3813493844325984,18.354844112337908,6,0,0.0
ql-ROM-style within a fixed POD space,2026,149.059229449,7298,37,897.97705078125,common_POD_r32_gauge_fixed,2.2799756883776117,18.72287661513766,2,1,0.030300901936677966
ql-ROM-style within a fixed POD space,2026,149.059229449,7298,38,902.8573608398438,common_POD_r32_gauge_fixed,2.3298898431528925,18.59038675387416,2,0,0.0
ql-ROM-style within a fixed POD space,2026,149.059229449,7298,39,907.7376708984375,common_POD_r32_gauge_fixed,2.404929556702058,18.969364671230966,2,0,0.0
ql-ROM-style within a fixed POD space,2026,149.059229449,7298,40,912.6179809570312,common_POD_r32_gauge_fixed,2.298844402090226,18.914269896483628,6,1,0.03509090199942074
ql-ROM-style within a fixed POD space,2026,149.059229449,7298,41,917.498291015625,common_POD_r32_gauge_fixed,2.316591403307193,18.692413048519928,6,0,0.0
ql-ROM-style within a fixed POD space,2026,149.059229449,7298,42,922.3786010742188,common_POD_r32_gauge_fixed,2.393042572357903,18.97028886192435,6,0,0.0
ql-ROM-style within a fixed POD space,2026,149.059229449,7298,43,927.2589111328125,common_POD_r32_gauge_fixed,2.4727155343145237,19.021312970290154,6,0,0.0
ql-ROM-style within a fixed POD space,2026,149.059229449,7298,44,932.1392211914062,common_POD_r32_gauge_fixed,2.5338216554967286,18.678339649979574,6,0,0.0
ql-ROM-style within a fixed POD space,2026,149.059229449,7298,45,937.01953125,common_POD_r32_gauge_fixed,2.4145388390137583,18.97176339624217,2,1,0.030000368403198065
ql-ROM-style within a fixed POD space,2026,149.059229449,7298,46,941.8998413085938,common_POD_r32_gauge_fixed,2.4591568515888302,18.97380930637973,2,0,0.0
ql-ROM-style within a fixed POD space,2026,149.059229449,7298,47,946.7801513671875,common_POD_r32_gauge_fixed,2.531126454472552,19.11777844947879,2,0,0.0
ql-ROM-style within a fixed POD space,2026,149.059229449,7298,48,951.6604614257812,common_POD_r32_gauge_fixed,2.3882402252647936,19.254291443297788,6,1,0.03495782653343746
ql-ROM-style within a fixed POD space,2026,149.059229449,7306,1,761.328369140625,common_POD_r32_gauge_fixed,0.2712250404909826,16.25195611071877,2,0,0.0
ql-ROM-style within a fixed POD space,2026,149.059229449,7306,2,766.2086791992188,common_POD_r32_gauge_fixed,0.4420514171256392,16.320985506874404,6,1,0.0086816500560429
ql-ROM-style within a fixed POD space,2026,149.059229449,7306,3,771.0889892578125,common_POD_r32_gauge_fixed,0.646704574714752,16.429738722418126,6,0,0.0
ql-ROM-style within a fixed POD space,2026,149.059229449,7306,4,775.9692993164062,common_POD_r32_gauge_fixed,0.8113314481716996,16.555433674793637,6,0,0.0
ql-ROM-style within a fixed POD space,2026,149.059229449,7306,5,780.849609375,common_POD_r32_gauge_fixed,0.9601212859096215,15.925159831343775,6,0,0.0
ql-ROM-style within a fixed POD space,2026,149.059229449,7306,6,785.7299194335938,common_POD_r32_gauge_fixed,0.8713962637593158,16.266193518677174,2,1,0.025999769683397074
ql-ROM-style within a fixed POD space,2026,149.059229449,7306,7,790.6102294921875,common_POD_r32_gauge_fixed,1.0431603226427602,16.587669005230957,2,0,0.0
ql-ROM-style within a fixed POD space,2026,149.059229449,7306,8,795.4905395507812,common_POD_r32_gauge_fixed,1.1784819325795317,16.82199924952245,2,0,0.0
ql-ROM-style within a fixed POD space,2026,149.059229449,7306,9,800.370849609375,common_POD_r32_gauge_fixed,0.9136553601518943,16.464161373772335,6,1,0.03629137870500735
ql-ROM-style within a fixed POD space,2026,149.059229449,7306,10,805.2511596679688,common_POD_r32_gauge_fixed,1.0639789980673204,16.172635118660732,6,0,0.0
ql-ROM-style within a fixed POD space,2026,149.059229449,7306,11,810.1314697265625,common_POD_r32_gauge_fixed,1.2302515365708049,17.263170637580572,6,0,0.0
ql-ROM-style within a fixed POD space,2026,149.059229449,7306,12,815.0117797851562,common_POD_r32_gauge_fixed,1.3653646038048344,16.869088105127933,6,0,0.0
ql-ROM-style within a fixed POD space,2026,149.059229449,7306,13,819.89208984375,common_POD_r32_gauge_fixed,1.2419165015210032,16.834206952397498,2,1,0.03245799256303447
ql-ROM-style within a fixed POD space,2026,149.059229449,7306,14,824.7723999023438,common_POD_r32_gauge_fixed,1.3769701682776003,16.51363199690893,2,0,0.0
ql-ROM-style within a fixed POD space,2026,149.059229449,7306,15,829.6527099609375,common_POD_r32_gauge_fixed,1.504499592796228,17.34033950006852,2,0,0.0
ql-ROM-style within a fixed POD space,2026,149.059229449,7306,16,834.5330200195312,common_POD_r32_gauge_fixed,1.623154000839324,17.062349641999532,2,0,0.0
ql-ROM-style within a fixed POD space,2026,149.059229449,7306,17,839.413330078125,common_POD_r32_gauge_fixed,1.409451907578571,16.913260935958903,6,1,0.03853038828041834
ql-ROM-style within a fixed POD space,2026,149.059229449,7306,18,844.2936401367188,common_POD_r32_gauge_fixed,1.5406015305477734,16.77579710480243,6,0,0.0
ql-ROM-style within a fixed POD space,2026,149.059229449,7306,19,849.1739501953125,common_POD_r32_gauge_fixed,1.6779006574450135,17.923268873982117,6,0,0.0
ql-ROM-style within a fixed POD space,2026,149.059229449,7306,20,854.0542602539062,common_POD_r32_gauge_fixed,1.7967552596193819,17.017967971003717,6,0,0.0
ql-ROM-style within a fixed POD space,2026,149.059229449,7306,21,858.9345703125,common_POD_r32_gauge_fixed,1.710592481111102,17.328143781686368,2,1,0.03198926876478862
ql-ROM-style within a fixed POD space,2026,149.059229449,7306,22,863.8148803710938,common_POD_r32_gauge_fixed,1.815242430762122,17.20484073293739,2,0,0.0
ql-ROM-style within a fixed POD space,2026,149.059229449,7306,23,868.6951904296875,common_POD_r32_gauge_fixed,1.919412684704818,18.044290173035304,2,0,0.0
ql-ROM-style within a fixed POD space,2026,149.059229449,7306,24,873.5755004882812,common_POD_r32_gauge_fixed,2.0354954549348774,17.509309125073695,2,0,0.0
ql-ROM-style within a fixed POD space,2026,149.059229449,7306,25,878.455810546875,common_POD_r32_gauge_fixed,1.8525752559423392,17.589370022048207,6,1,0.03618627555693459
ql-ROM-style within a fixed POD space,2026,149.059229449,7306,26,883.3361206054688,common_POD_r32_gauge_fixed,1.9658870884770603,17.75603101176045,6,0,0.0
ql-ROM-style within a fixed POD space,2026,149.059229449,7306,27,888.2164306640625,common_POD_r32_gauge_fixed,2.0774217399907764,18.35218250710949,6,0,0.0
ql-ROM-style within a fixed POD space,2026,149.059229449,7306,28,893.0967407226562,common_POD_r32_gauge_fixed,2.1783030033526063,17.727739401207522,6,0,0.0
ql-ROM-style within a fixed POD space,2026,149.059229449,7306,29,897.97705078125,common_POD_r32_gauge_fixed,2.0897878520499336,18.177196032701563,2,1,0.030636731853591385
ql-ROM-style within a fixed POD space,2026,149.059229449,7306,30,902.8573608398438,common_POD_r32_gauge_fixed,2.162113762438685,18.139904994471053,2,0,0.0
ql-ROM-style within a fixed POD space,2026,149.059229449,7306,31,907.7376708984375,common_POD_r32_gauge_fixed,2.250906033326178,18.612649246971298,2,0,0.0
ql-ROM-style within a fixed POD space,2026,149.059229449,7306,32,912.6179809570312,common_POD_r32_gauge_fixed,2.1482609861061692,18.453685775693092,6,1,0.03526600037128702
ql-ROM-style within a fixed POD space,2026,149.059229449,7306,33,917.498291015625,common_POD_r32_gauge_fixed,2.1848603304785033,18.259270146458487,6,0,0.0
ql-ROM-style within a fixed POD space,2026,149.059229449,7306,34,922.3786010742188,common_POD_r32_gauge_fixed,2.2778126255048736,18.649226354733088,6,0,0.0
ql-ROM-style within a fixed POD space,2026,149.059229449,7306,35,927.2589111328125,common_POD_r32_gauge_fixed,2.369110820377863,18.733835815352997,6,0,0.0
ql-ROM-style within a fixed POD space,2026,149.059229449,7306,36,932.1392211914062,common_POD_r32_gauge_fixed,2.4453510176036786,18.328951731528367,6,0,0.0
ql-ROM-style within a fixed POD space,2026,149.059229449,7306,37,937.01953125,common_POD_r32_gauge_fixed,2.3382747260940433,18.703947819532114,2,1,0.03027394107228002
ql-ROM-style within a fixed POD space,2026,149.059229449,7306,38,941.8998413085938,common_POD_r32_gauge_fixed,2.3980190195088955,18.789765414616273,2,0,0.0
ql-ROM-style within a fixed POD space,2026,149.059229449,7306,39,946.7801513671875,common_POD_r32_gauge_fixed,2.4808003390545874,18.946641154344253,2,0,0.0
ql-ROM-style within a fixed POD space,2026,149.059229449,7306,40,951.6604614257812,common_POD_r32_gauge_fixed,2.3455616471837417,19.063069083174646,6,1,0.03496164141918148
ql-ROM-style within a fixed POD space,2026,149.059229449,7306,41,956.540771484375,common_POD_r32_gauge_fixed,2.3909785091347717,18.6733349280764,6,0,0.0
ql-ROM-style within a fixed POD space,2026,149.059229449,7306,42,961.4210815429688,common_POD_r32_gauge_fixed,2.474994475568419,19.205975873513534,6,0,0.0
ql-ROM-style within a fixed POD space,2026,149.059229449,7306,43,966.3013916015625,common_POD_r32_gauge_fixed,2.55479773639587,18.92431389494585,6,0,0.0
ql-ROM-style within a fixed POD space,2026,149.059229449,7306,44,971.1817016601562,common_POD_r32_gauge_fixed,2.4838689018533135,19.218766957283435,2,1,0.030000136328212607
ql-ROM-style within a fixed POD space,2026,149.059229449,7306,45,976.06201171875,common_POD_r32_gauge_fixed,2.4913668020411515,18.941421086851207,2,0,0.0
ql-ROM-style within a fixed POD space,2026,149.059229449,7306,46,980.9423217773438,common_POD_r32_gauge_fixed,2.542240816041066,19.164373330126356,2,0,0.0
ql-ROM-style within a fixed POD space,2026,149.059229449,7306,47,985.8226318359375,common_POD_r32_gauge_fixed,2.620744800012006,19.09620577605876,2,0,0.0
ql-ROM-style within a fixed POD space,2026,149.059229449,7306,48,990.7029418945312,common_POD_r32_gauge_fixed,2.468429455337434,19.31969846100831,6,1,0.034881629332477425
ql-ROM-style within a fixed POD space,2026,149.059229449,7322,1,839.413330078125,common_POD_r32_gauge_fixed,0.26201162454930205,16.485684161982235,6,1,0.006569770298784264
ql-ROM-style within a fixed POD space,2026,149.059229449,7322,2,844.2936401367188,common_POD_r32_gauge_fixed,0.47929526608678835,16.16095702621367,6,0,0.0
ql-ROM-style within a fixed POD space,2026,149.059229449,7322,3,849.1739501953125,common_POD_r32_gauge_fixed,0.6668931686142056,16.70012301231578,6,0,0.0
ql-ROM-style within a fixed POD space,2026,149.059229449,7322,4,854.0542602539062,common_POD_r32_gauge_fixed,0.8231830945443007,16.17902690426819,6,0,0.0
ql-ROM-style within a fixed POD space,2026,149.059229449,7322,5,858.9345703125,common_POD_r32_gauge_fixed,0.7315402168161325,16.42787374661724,2,1,0.02493015189992211
ql-ROM-style within a fixed POD space,2026,149.059229449,7322,6,863.8148803710938,common_POD_r32_gauge_fixed,0.9259774218576443,16.188729316557133,2,0,0.0
ql-ROM-style within a fixed POD space,2026,149.059229449,7322,7,868.6951904296875,common_POD_r32_gauge_fixed,1.0759118482261856,16.98140676911139,2,0,0.0
ql-ROM-style within a fixed POD space,2026,149.059229449,7322,8,873.5755004882812,common_POD_r32_gauge_fixed,1.2138854472536056,16.48182852455136,2,0,0.0
ql-ROM-style within a fixed POD space,2026,149.059229449,7322,9,878.455810546875,common_POD_r32_gauge_fixed,0.9513420708575955,16.456981292643313,6,1,0.03508096948050328
ql-ROM-style within a fixed POD space,2026,149.059229449,7322,10,883.3361206054688,common_POD_r32_gauge_fixed,1.1274017397745484,16.4353272238447,6,0,0.0
ql-ROM-style within a fixed POD space,2026,149.059229449,7322,11,888.2164306640625,common_POD_r32_gauge_fixed,1.275045028583451,17.379536288763678,6,0,0.0
ql-ROM-style within a fixed POD space,2026,149.059229449,7322,12,893.0967407226562,common_POD_r32_gauge_fixed,1.405985488871211,16.457804936961494,6,0,0.0
ql-ROM-style within a fixed POD space,2026,149.059229449,7322,13,897.97705078125,common_POD_r32_gauge_fixed,1.273870975200364,16.769941286144686,2,1,0.03244555490026873
ql-ROM-style within a fixed POD space,2026,149.059229449,7322,14,902.8573608398438,common_POD_r32_gauge_fixed,1.4174246140999889,16.72702331104925,2,0,0.0
ql-ROM-style within a fixed POD space,2026,149.059229449,7322,15,907.7376708984375,common_POD_r32_gauge_fixed,1.5353830991608484,17.449601189012423,2,0,0.0
ql-ROM-style within a fixed POD space,2026,149.059229449,7322,16,912.6179809570312,common_POD_r32_gauge_fixed,1.6644379627114938,16.82899242374742,2,0,0.0
ql-ROM-style within a fixed POD space,2026,149.059229449,7322,17,917.498291015625,common_POD_r32_gauge_fixed,1.4482244661750594,16.78032377872816,6,1,0.037204441152463734
ql-ROM-style within a fixed POD space,2026,149.059229449,7322,18,922.3786010742188,common_POD_r32_gauge_fixed,1.5924764024451472,17.414817473688107,6,0,0.0
ql-ROM-style within a fixed POD space,2026,149.059229449,7322,19,927.2589111328125,common_POD_r32_gauge_fixed,1.718003582311567,17.610630592107853,6,0,0.0
ql-ROM-style within a fixed POD space,2026,149.059229449,7322,20,932.1392211914062,common_POD_r32_gauge_fixed,1.8322803198321587,16.81414252502288,6,0,0.0
ql-ROM-style within a fixed POD space,2026,149.059229449,7322,21,937.01953125,common_POD_r32_gauge_fixed,1.7319648526750073,17.29854128962842,2,1,0.03175494916251757
ql-ROM-style within a fixed POD space,2026,149.059229449,7322,22,941.8998413085938,common_POD_r32_gauge_fixed,1.8439226088137644,17.660529502674212,2,0,0.0
ql-ROM-style within a fixed POD space,2026,149.059229449,7322,23,946.7801513671875,common_POD_r32_gauge_fixed,1.9544894684635976,17.86664030136399,2,0,0.0
ql-ROM-style within a fixed POD space,2026,149.059229449,7322,24,951.6604614257812,common_POD_r32_gauge_fixed,1.805143435689631,17.627480503322428,6,1,0.03700410084792811
ql-ROM-style within a fixed POD space,2026,149.059229449,7322,25,956.540771484375,common_POD_r32_gauge_fixed,1.8821692141446393,17.371792517353533,6,0,0.0
ql-ROM-style within a fixed POD space,2026,149.059229449,7322,26,961.4210815429688,common_POD_r32_gauge_fixed,1.9992441132232481,18.313152766307613,6,0,0.0
ql-ROM-style within a fixed POD space,2026,149.059229449,7322,27,966.3013916015625,common_POD_r32_gauge_fixed,2.1039486969701118,17.86190604953305,6,0,0.0
ql-ROM-style within a fixed POD space,2026,149.059229449,7322,28,971.1817016601562,common_POD_r32_gauge_fixed,2.023124028987946,18.080740058790706,2,1,0.03235222691794602
ql-ROM-style within a fixed POD space,2026,149.059229449,7322,29,976.06201171875,common_POD_r32_gauge_fixed,2.0740203765964327,17.875710174239973,2,0,0.0
ql-ROM-style within a fixed POD space,2026,149.059229449,7322,30,980.9423217773438,common_POD_r32_gauge_fixed,2.1537415471847154,18.417108627256027,2,0,0.0
ql-ROM-style within a fixed POD space,2026,149.059229449,7322,31,985.8226318359375,common_POD_r32_gauge_fixed,2.2487401991634526,18.26212288395313,2,0,0.0
ql-ROM-style within a fixed POD space,2026,149.059229449,7322,32,990.7029418945312,common_POD_r32_gauge_fixed,2.078802705078284,18.212804592896276,6,1,0.037417212468407145
ql-ROM-style within a fixed POD space,2026,149.059229449,7322,33,995.583251953125,common_POD_r32_gauge_fixed,2.137737807090218,17.971878768642917,6,0,0.0
ql-ROM-style within a fixed POD space,2026,149.059229449,7322,34,1000.4635620117188,common_POD_r32_gauge_fixed,2.2289188361357057,18.785913133672803,6,0,0.0
ql-ROM-style within a fixed POD space,2026,149.059229449,7322,35,1005.3438720703125,common_POD_r32_gauge_fixed,2.310312779699381,18.123278340891908,6,0,0.0
ql-ROM-style within a fixed POD space,2026,149.059229449,7322,36,1010.2241821289062,common_POD_r32_gauge_fixed,2.1988408712288416,18.44920446458301,2,1,0.032468912393331
ql-ROM-style within a fixed POD space,2026,149.059229449,7322,37,1015.1044921875,common_POD_r32_gauge_fixed,2.2331996288709974,18.24968650143143,2,0,0.0
ql-ROM-style within a fixed POD space,2026,149.059229449,7322,38,1019.9848022460938,common_POD_r32_gauge_fixed,2.2919694498313574,18.76282275151275,2,0,0.0
ql-ROM-style within a fixed POD space,2026,149.059229449,7322,39,1024.8651123046875,common_POD_r32_gauge_fixed,2.3722957105188924,18.510264881171587,2,0,0.0
ql-ROM-style within a fixed POD space,2026,149.059229449,7322,40,1029.745361328125,common_POD_r32_gauge_fixed,2.1837938364962026,18.44428214616116,6,1,0.03672618767783156
ql-ROM-style within a fixed POD space,2026,149.059229449,7322,41,1034.625732421875,common_POD_r32_gauge_fixed,2.234899286030051,18.391271868668564,6,0,0.0
ql-ROM-style within a fixed POD space,2026,149.059229449,7322,42,1039.5059814453125,common_POD_r32_gauge_fixed,2.3078889712837536,18.877591357811735,6,0,0.0
ql-ROM-style within a fixed POD space,2026,149.059229449,7322,43,1044.3863525390625,common_POD_r32_gauge_fixed,2.370331850096123,18.270882307696514,6,0,0.0
ql-ROM-style within a fixed POD space,2026,149.059229449,7322,44,1049.2666015625,common_POD_r32_gauge_fixed,2.233644104243398,18.606770212144603,2,1,0.03218827667016351
ql-ROM-style within a fixed POD space,2026,149.059229449,7322,45,1054.14697265625,common_POD_r32_gauge_fixed,2.2594301598998547,18.45689513212209,2,0,0.0
ql-ROM-style within a fixed POD space,2026,149.059229449,7322,46,1059.0272216796875,common_POD_r32_gauge_fixed,2.312296867120923,18.868794789985003,2,0,0.0
ql-ROM-style within a fixed POD space,2026,149.059229449,7322,47,1063.9075927734375,common_POD_r32_gauge_fixed,2.379913525823111,18.60906928402254,2,0,0.0
ql-ROM-style within a fixed POD space,2026,149.059229449,7322,48,1068.787841796875,common_POD_r32_gauge_fixed,2.1756851822955623,18.453651642260454,6,1,0.03578120328605927
ql-ROM-style within a fixed POD space,2026,149.059229449,7338,1,917.498291015625,common_POD_r32_gauge_fixed,0.2905981494521032,16.34741666337206,6,1,0.005922947505921162
ql-ROM-style within a fixed POD space,2026,149.059229449,7338,2,922.3786010742188,common_POD_r32_gauge_fixed,0.5094938167988288,16.3518755004209,6,0,0.0
ql-ROM-style within a fixed POD space,2026,149.059229449,7338,3,927.2589111328125,common_POD_r32_gauge_fixed,0.6826502094493914,16.500875864605995,6,0,0.0
ql-ROM-style within a fixed POD space,2026,149.059229449,7338,4,932.1392211914062,common_POD_r32_gauge_fixed,0.8402151894761782,15.915197933691235,6,0,0.0
ql-ROM-style within a fixed POD space,2026,149.059229449,7338,5,937.01953125,common_POD_r32_gauge_fixed,0.8805226942570042,16.300747648838538,2,1,0.020839472865512614
ql-ROM-style within a fixed POD space,2026,149.059229449,7338,6,941.8998413085938,common_POD_r32_gauge_fixed,1.0580342463469008,16.58973607810696,2,0,0.0
ql-ROM-style within a fixed POD space,2026,149.059229449,7338,7,946.7801513671875,common_POD_r32_gauge_fixed,1.1991415465848414,16.870453305943737,2,0,0.0
ql-ROM-style within a fixed POD space,2026,149.059229449,7338,8,951.6604614257812,common_POD_r32_gauge_fixed,0.8703726440634761,16.37681878234174,6,1,0.03771507970492982
ql-ROM-style within a fixed POD space,2026,149.059229449,7338,9,956.540771484375,common_POD_r32_gauge_fixed,1.0145108768237985,16.23813247855542,6,0,0.0
ql-ROM-style within a fixed POD space,2026,149.059229449,7338,10,961.4210815429688,common_POD_r32_gauge_fixed,1.1874718166918787,17.20722346699611,6,0,0.0
ql-ROM-style within a fixed POD space,2026,149.059229449,7338,11,966.3013916015625,common_POD_r32_gauge_fixed,1.3261350228207196,16.936443513977583,6,0,0.0
ql-ROM-style within a fixed POD space,2026,149.059229449,7338,12,971.1817016601562,common_POD_r32_gauge_fixed,1.1812681353190693,16.91701250644833,2,1,0.033164225883239744
ql-ROM-style within a fixed POD space,2026,149.059229449,7338,13,976.06201171875,common_POD_r32_gauge_fixed,1.301481926999716,16.631499707312287,2,0,0.0
ql-ROM-style within a fixed POD space,2026,149.059229449,7338,14,980.9423217773438,common_POD_r32_gauge_fixed,1.4286118858739474,17.232827348214748,2,0,0.0
ql-ROM-style within a fixed POD space,2026,149.059229449,7338,15,985.8226318359375,common_POD_r32_gauge_fixed,1.5440299747733675,17.138573541124664,2,0,0.0
ql-ROM-style within a fixed POD space,2026,149.059229449,7338,16,990.7029418945312,common_POD_r32_gauge_fixed,1.3437471725531014,17.051262181227685,6,1,0.03596303158312649
ql-ROM-style within a fixed POD space,2026,149.059229449,7338,17,995.583251953125,common_POD_r32_gauge_fixed,1.4719739302136945,16.78202590644769,6,0,0.0
ql-ROM-style within a fixed POD space,2026,149.059229449,7338,18,1000.4635620117188,common_POD_r32_gauge_fixed,1.6065956158746133,17.819340523370524,6,0,0.0
ql-ROM-style within a fixed POD space,2026,149.059229449,7338,19,1005.3438720703125,common_POD_r32_gauge_fixed,1.7228619104089877,17.18096446967899,6,0,0.0
ql-ROM-style within a fixed POD space,2026,149.059229449,7338,20,1010.2241821289062,common_POD_r32_gauge_fixed,1.6344790632700663,17.45415214798682,2,1,0.03145997095640848
ql-ROM-style within a fixed POD space,2026,149.059229449,7338,21,1015.1044921875,common_POD_r32_gauge_fixed,1.7413500394962023,17.261592910277088,2,0,0.0
ql-ROM-style within a fixed POD space,2026,149.059229449,7338,22,1019.9848022460938,common_POD_r32_gauge_fixed,1.8479418579940097,17.99280408624171,2,0,0.0
ql-ROM-style within a fixed POD space,2026,149.059229449,7338,23,1024.8651123046875,common_POD_r32_gauge_fixed,1.9623637420860534,17.63318235258307,2,0,0.0
ql-ROM-style within a fixed POD space,2026,149.059229449,7338,24,1029.745361328125,common_POD_r32_gauge_fixed,1.8000280639877582,17.581495196486852,6,1,0.03524002069472778
ql-ROM-style within a fixed POD space,2026,149.059229449,7338,25,1034.625732421875,common_POD_r32_gauge_fixed,1.9045519752150832,17.627582882531946,6,0,0.0
ql-ROM-style within a fixed POD space,2026,149.059229449,7338,26,1039.5059814453125,common_POD_r32_gauge_fixed,2.0137381163366084,18.305983964702254,6,0,0.0
ql-ROM-style within a fixed POD space,2026,149.059229449,7338,27,1044.3863525390625,common_POD_r32_gauge_fixed,2.1113721406297152,17.60708959832212,6,0,0.0
ql-ROM-style within a fixed POD space,2026,149.059229449,7338,28,1049.2666015625,common_POD_r32_gauge_fixed,2.0067014287194906,18.047607011492193,2,1,0.032016671422598696
ql-ROM-style within a fixed POD space,2026,149.059229449,7338,29,1054.14697265625,common_POD_r32_gauge_fixed,2.0796501511117587,17.969365974419276,2,0,0.0
ql-ROM-style within a fixed POD space,2026,149.059229449,7338,30,1059.0272216796875,common_POD_r32_gauge_fixed,2.164467676028454,18.494795980128735,2,0,0.0
ql-ROM-style within a fixed POD space,2026,149.059229449,7338,31,1063.9075927734375,common_POD_r32_gauge_fixed,2.260261745120577,18.108746986479687,2,0,0.0
ql-ROM-style within a fixed POD space,2026,149.059229449,7338,32,1068.787841796875,common_POD_r32_gauge_fixed,2.0753361640277532,18.034421163698738,6,1,0.035918101647449435
ql-ROM-style within a fixed POD space,2026,149.059229449,7338,33,1073.668212890625,common_POD_r32_gauge_fixed,2.1576739427548812,18.383066010387612,6,0,0.0
ql-ROM-style within a fixed POD space,2026,149.059229449,7338,34,1078.5484619140625,common_POD_r32_gauge_fixed,2.245228172095166,18.526387183832423,6,0,0.0
ql-ROM-style within a fixed POD space,2026,149.059229449,7338,35,1083.4288330078125,common_POD_r32_gauge_fixed,2.315966185616562,18.005145047642372,6,0,0.0
ql-ROM-style within a fixed POD space,2026,149.059229449,7338,36,1088.30908203125,common_POD_r32_gauge_fixed,2.183510900465548,18.393257838395805,2,1,0.03215955323161769
ql-ROM-style within a fixed POD space,2026,149.059229449,7338,37,1093.189453125,common_POD_r32_gauge_fixed,2.2377095719899702,18.448659284643,2,0,0.0
ql-ROM-style within a fixed POD space,2026,149.059229449,7338,38,1098.0697021484375,common_POD_r32_gauge_fixed,2.3099612036492236,18.66530760800664,2,0,0.0
ql-ROM-style within a fixed POD space,2026,149.059229449,7338,39,1102.9500732421875,common_POD_r32_gauge_fixed,2.168225429923653,18.560260421557857,6,1,0.035289593693788784
ql-ROM-style within a fixed POD space,2026,149.059229449,7338,40,1107.830322265625,common_POD_r32_gauge_fixed,2.1914579938869525,18.238441320406466,6,0,0.0
ql-ROM-style within a fixed POD space,2026,149.059229449,7338,41,1112.710693359375,common_POD_r32_gauge_fixed,2.2641840858104385,18.80139242393967,6,0,0.0
ql-ROM-style within a fixed POD space,2026,149.059229449,7338,42,1117.5909423828125,common_POD_r32_gauge_fixed,2.3359468789862086,18.54300202217532,6,0,0.0
ql-ROM-style within a fixed POD space,2026,149.059229449,7338,43,1122.4713134765625,common_POD_r32_gauge_fixed,2.2394764466794923,18.69971714297204,2,1,0.0318380598668534
ql-ROM-style within a fixed POD space,2026,149.059229449,7338,44,1127.3515625,common_POD_r32_gauge_fixed,2.239695419392135,18.475149275915264,2,0,0.0
ql-ROM-style within a fixed POD space,2026,149.059229449,7338,45,1132.23193359375,common_POD_r32_gauge_fixed,2.2831787134110844,18.706982111826562,2,0,0.0
ql-ROM-style within a fixed POD space,2026,149.059229449,7338,46,1137.1121826171875,common_POD_r32_gauge_fixed,2.3496590115929075,18.709179175788503,2,0,0.0
ql-ROM-style within a fixed POD space,2026,149.059229449,7338,47,1141.9925537109375,common_POD_r32_gauge_fixed,2.1851928551376525,18.706118106740398,6,1,0.03465618341933686
ql-ROM-style within a fixed POD space,2026,149.059229449,7338,48,1146.872802734375,common_POD_r32_gauge_fixed,2.210907793798268,18.32806045262943,6,0,0.0
ql-ROM-style within a fixed POD space,2026,149.059229449,7354,1,995.583251953125,common_POD_r32_gauge_fixed,0.2625618280487233,16.218843241368084,6,0,0.0
ql-ROM-style within a fixed POD space,2026,149.059229449,7354,2,1000.4635620117188,common_POD_r32_gauge_fixed,0.4791815408997844,16.504281112873116,6,0,0.0
ql-ROM-style within a fixed POD space,2026,149.059229449,7354,3,1005.3438720703125,common_POD_r32_gauge_fixed,0.6561160750587273,16.132514783543368,6,0,0.0
ql-ROM-style within a fixed POD space,2026,149.059229449,7354,4,1010.2241821289062,common_POD_r32_gauge_fixed,0.7006505319203638,16.481344200157224,2,1,0.019467930945471397
ql-ROM-style within a fixed POD space,2026,149.059229449,7354,5,1015.1044921875,common_POD_r32_gauge_fixed,0.8867010028108397,16.20307121289951,2,0,0.0
ql-ROM-style within a fixed POD space,2026,149.059229449,7354,6,1019.9848022460938,common_POD_r32_gauge_fixed,1.0488822453048834,16.897975838215764,2,0,0.0
ql-ROM-style within a fixed POD space,2026,149.059229449,7354,7,1024.8651123046875,common_POD_r32_gauge_fixed,1.1910854750739945,16.413552075705454,2,0,0.0
ql-ROM-style within a fixed POD space,2026,149.059229449,7354,8,1029.745361328125,common_POD_r32_gauge_fixed,0.8828122118658746,16.51129789136969,6,1,0.03512153592786
ql-ROM-style within a fixed POD space,2026,149.059229449,7354,9,1034.625732421875,common_POD_r32_gauge_fixed,1.059171904427748,16.385572385757655,6,0,0.0
ql-ROM-style within a fixed POD space,2026,149.059229449,7354,10,1039.5059814453125,common_POD_r32_gauge_fixed,1.2165281037726494,17.287018511275914,6,0,0.0
ql-ROM-style within a fixed POD space,2026,149.059229449,7354,11,1044.3863525390625,common_POD_r32_gauge_fixed,1.3533814682322491,16.421369069987232,6,0,0.0
ql-ROM-style within a fixed POD space,2026,149.059229449,7354,12,1049.2666015625,common_POD_r32_gauge_fixed,1.21011655774901,16.793952400415584,2,1,0.03246762035395075
ql-ROM-style within a fixed POD space,2026,149.059229449,7354,13,1054.14697265625,common_POD_r32_gauge_fixed,1.354167307099071,16.632717188791162,2,0,0.0
ql-ROM-style within a fixed POD space,2026,149.059229449,7354,14,1059.0272216796875,common_POD_r32_gauge_fixed,1.476574837408007,17.34022191967307,2,0,0.0
ql-ROM-style within a fixed POD space,2026,149.059229449,7354,15,1063.9075927734375,common_POD_r32_gauge_fixed,1.607296243382836,16.787911646015917,2,0,0.0
ql-ROM-style within a fixed POD space,2026,149.059229449,7354,16,1068.787841796875,common_POD_r32_gauge_fixed,1.4152356502570895,16.82225732161357,6,1,0.03475742488009386
ql-ROM-style within a fixed POD space,2026,149.059229449,7354,17,1073.668212890625,common_POD_r32_gauge_fixed,1.562598171949595,17.241762664639662,6,0,0.0
ql-ROM-style within a fixed POD space,2026,149.059229449,7354,18,1078.5484619140625,common_POD_r32_gauge_fixed,1.6914604254845675,17.599035999161405,6,0,0.0
ql-ROM-style within a fixed POD space,2026,149.059229449,7354,19,1083.4288330078125,common_POD_r32_gauge_fixed,1.8123848076411635,16.859564829197325,6,0,0.0
ql-ROM-style within a fixed POD space,2026,149.059229449,7354,20,1088.30908203125,common_POD_r32_gauge_fixed,1.721299310413524,17.352178163880005,2,1,0.03130942462128403
ql-ROM-style within a fixed POD space,2026,149.059229449,7354,21,1093.189453125,common_POD_r32_gauge_fixed,1.8401291973092795,17.593075158948896,2,0,0.0
ql-ROM-style within a fixed POD space,2026,149.059229449,7354,22,1098.0697021484375,common_POD_r32_gauge_fixed,1.9553027043137254,17.884262766037512,2,0,0.0
ql-ROM-style within a fixed POD space,2026,149.059229449,7354,23,1102.9500732421875,common_POD_r32_gauge_fixed,1.8331851719980803,17.68432154676236,6,1,0.03462653264897731
ql-ROM-style within a fixed POD space,2026,149.059229449,7354,24,1107.830322265625,common_POD_r32_gauge_fixed,1.9103368951504989,17.409101111899524,6,0,0.0
ql-ROM-style within a fixed POD space,2026,149.059229449,7354,25,1112.710693359375,common_POD_r32_gauge_fixed,2.031035250324561,18.231264638517857,6,0,0.0
ql-ROM-style within a fixed POD space,2026,149.059229449,7354,26,1117.5909423828125,common_POD_r32_gauge_fixed,2.14044136732163,17.963955127535193,6,0,0.0
ql-ROM-style within a fixed POD space,2026,149.059229449,7354,27,1122.4713134765625,common_POD_r32_gauge_fixed,2.0756592932936364,18.194726781188418,2,1,0.03191124393596866
ql-ROM-style within a fixed POD space,2026,149.059229449,7354,28,1127.3515625,common_POD_r32_gauge_fixed,2.1249480917078554,17.970734943720448,2,0,0.0
ql-ROM-style within a fixed POD space,2026,149.059229449,7354,29,1132.23193359375,common_POD_r32_gauge_fixed,2.2091114662805813,18.40942503601977,2,0,0.0
ql-ROM-style within a fixed POD space,2026,149.059229449,7354,30,1137.1121826171875,common_POD_r32_gauge_fixed,2.3070309341275097,18.338360851606637,2,0,0.0
ql-ROM-style within a fixed POD space,2026,149.059229449,7354,31,1141.9925537109375,common_POD_r32_gauge_fixed,2.16135483220714,18.353587669670706,6,1,0.0353264487631005
ql-ROM-style within a fixed POD space,2026,149.059229449,7354,32,1146.872802734375,common_POD_r32_gauge_fixed,2.2206997132566504,18.040550154412784,6,0,0.0
ql-ROM-style within a fixed POD space,2026,149.059229449,7354,33,1151.753173828125,common_POD_r32_gauge_fixed,2.315045895795232,18.81295069901162,6,0,0.0
ql-ROM-style within a fixed POD space,2026,149.059229449,7354,34,1156.6334228515625,common_POD_r32_gauge_fixed,2.4021601236472936,18.248089680966935,6,0,0.0
ql-ROM-style within a fixed POD space,2026,149.059229449,7354,35,1161.5137939453125,common_POD_r32_gauge_fixed,2.305993061161168,18.60756723532474,2,1,0.0320529617815861
ql-ROM-style within a fixed POD space,2026,149.059229449,7354,36,1166.39404296875,common_POD_r32_gauge_fixed,2.3408496772603056,18.36368377384667,2,0,0.0
ql-ROM-style within a fixed POD space,2026,149.059229449,7354,37,1171.2744140625,common_POD_r32_gauge_fixed,2.4032319356744294,18.82713784024132,2,0,0.0
ql-ROM-style within a fixed POD space,2026,149.059229449,7354,38,1176.1546630859375,common_POD_r32_gauge_fixed,2.4863919215487917,18.597663912099947,2,0,0.0
ql-ROM-style within a fixed POD space,2026,149.059229449,7354,39,1181.0350341796875,common_POD_r32_gauge_fixed,2.32307786771719,18.621481037590666,6,1,0.034862897766385535
ql-ROM-style within a fixed POD space,2026,149.059229449,7354,40,1185.915283203125,common_POD_r32_gauge_fixed,2.3738208378918375,18.490737070394985,6,0,0.0
ql-ROM-style within a fixed POD space,2026,149.059229449,7354,41,1190.795654296875,common_POD_r32_gauge_fixed,2.451705372258358,18.985385599800267,6,0,0.0
ql-ROM-style within a fixed POD space,2026,149.059229449,7354,42,1195.6759033203125,common_POD_r32_gauge_fixed,2.5215120660779333,18.414187444136292,6,0,0.0
ql-ROM-style within a fixed POD space,2026,149.059229449,7354,43,1200.5562744140625,common_POD_r32_gauge_fixed,2.4023614350924456,18.772690861305747,2,1,0.03177888052368878
ql-ROM-style within a fixed POD space,2026,149.059229449,7354,44,1205.4365234375,common_POD_r32_gauge_fixed,2.42787130733887,18.584461657452874,2,0,0.0
ql-ROM-style within a fixed POD space,2026,149.059229449,7354,45,1210.31689453125,common_POD_r32_gauge_fixed,2.4841049533781816,18.96836462909368,2,0,0.0
ql-ROM-style within a fixed POD space,2026,149.059229449,7354,46,1215.1971435546875,common_POD_r32_gauge_fixed,2.5545995325477056,18.717276974443823,2,0,0.0
ql-ROM-style within a fixed POD space,2026,149.059229449,7354,47,1220.0775146484375,common_POD_r32_gauge_fixed,2.372230694740419,18.643700677915504,6,1,0.034401945295682884
ql-ROM-style within a fixed POD space,2026,149.059229449,7354,48,1224.957763671875,common_POD_r32_gauge_fixed,2.421443248249987,18.81987950792529,6,0,0.0
ql-ROM-style within a fixed POD space,2026,189.86227838,9513,1,396.9769592285156,common_POD_r32_gauge_fixed,0.3516914274017486,15.494616235304202,3,1,0.014508401920102255
ql-ROM-style within a fixed POD space,2026,189.86227838,9513,2,400.6870422363281,common_POD_r32_gauge_fixed,0.64465930866063,15.321741157630223,3,0,0.0
ql-ROM-style within a fixed POD space,2026,189.86227838,9513,3,404.3970947265625,common_POD_r32_gauge_fixed,0.8077685217157935,14.926096157789374,4,1,0.033632326137274036
ql-ROM-style within a fixed POD space,2026,189.86227838,9513,4,408.1071472167969,common_POD_r32_gauge_fixed,1.0595319429798162,15.347763035982146,4,0,0.0
ql-ROM-style within a fixed POD space,2026,189.86227838,9513,5,411.8172302246094,common_POD_r32_gauge_fixed,1.22580412229366,15.133918815402293,4,0,0.0
ql-ROM-style within a fixed POD space,2026,189.86227838,9513,6,415.52728271484375,common_POD_r32_gauge_fixed,1.1539346763640341,14.934224491974366,1,1,0.0379156643015562
ql-ROM-style within a fixed POD space,2026,189.86227838,9513,7,419.23736572265625,common_POD_r32_gauge_fixed,1.3055996875725389,14.937530272434282,1,0,0.0
ql-ROM-style within a fixed POD space,2026,189.86227838,9513,8,422.9474182128906,common_POD_r32_gauge_fixed,1.1922444323096246,15.043718243203797,3,1,0.040678969975191714
ql-ROM-style within a fixed POD space,2026,189.86227838,9513,9,426.6575012207031,common_POD_r32_gauge_fixed,1.320725647711221,14.738643549209407,3,0,0.0
ql-ROM-style within a fixed POD space,2026,189.86227838,9513,10,430.3675537109375,common_POD_r32_gauge_fixed,1.4108448254411647,15.135342597671167,3,0,0.0
ql-ROM-style within a fixed POD space,2026,189.86227838,9513,11,434.0776062011719,common_POD_r32_gauge_fixed,1.1385588886147817,14.473588039077843,4,1,0.048827478465657846
ql-ROM-style within a fixed POD space,2026,189.86227838,9513,12,437.7876892089844,common_POD_r32_gauge_fixed,1.2251488468124152,14.216896908054103,4,0,0.0
ql-ROM-style within a fixed POD space,2026,189.86227838,9513,13,441.49774169921875,common_POD_r32_gauge_fixed,0.9868983927347091,14.669899481306267,1,1,0.04115136877231264
ql-ROM-style within a fixed POD space,2026,189.86227838,9513,14,445.20782470703125,common_POD_r32_gauge_fixed,1.0803926061652982,14.604226692256189,1,0,0.0
ql-ROM-style within a fixed POD space,2026,189.86227838,9513,15,448.9178771972656,common_POD_r32_gauge_fixed,1.172012136207522,14.067882859050618,1,0,0.0
ql-ROM-style within a fixed POD space,2026,189.86227838,9513,16,452.6279296875,common_POD_r32_gauge_fixed,1.1182657862775798,14.153891325781052,3,1,0.03249767435006719
ql-ROM-style within a fixed POD space,2026,189.86227838,9513,17,456.3380126953125,common_POD_r32_gauge_fixed,1.2221371229127371,14.531612913302721,3,0,0.0
ql-ROM-style within a fixed POD space,2026,189.86227838,9513,18,460.0480651855469,common_POD_r32_gauge_fixed,1.011077289538875,13.980684336019014,4,1,0.04033370335191966
ql-ROM-style within a fixed POD space,2026,189.86227838,9513,19,463.7581481933594,common_POD_r32_gauge_fixed,1.1200445729297395,14.09068633509087,4,0,0.0
ql-ROM-style within a fixed POD space,2026,189.86227838,9513,20,467.46820068359375,common_POD_r32_gauge_fixed,1.2080829745009702,14.407731693245992,4,0,0.0
ql-ROM-style within a fixed POD space,2026,189.86227838,9513,21,471.1782531738281,common_POD_r32_gauge_fixed,1.0559051421874543,14.927045206521786,1,1,0.03375854817497581
ql-ROM-style within a fixed POD space,2026,189.86227838,9513,22,474.8883361816406,common_POD_r32_gauge_fixed,1.1402377442285465,14.691086843591753,1,0,0.0
ql-ROM-style within a fixed POD space,2026,189.86227838,9513,23,478.598388671875,common_POD_r32_gauge_fixed,1.0146115234889823,14.268377968874828,3,1,0.03405832410181524
ql-ROM-style within a fixed POD space,2026,189.86227838,9513,24,482.3084716796875,common_POD_r32_gauge_fixed,1.1254761487791867,14.304058880561612,3,0,0.0
ql-ROM-style within a fixed POD space,2026,189.86227838,9513,25,486.0185241699219,common_POD_r32_gauge_fixed,1.214082538458857,14.926438358647342,3,0,0.0
ql-ROM-style within a fixed POD space,2026,189.86227838,9513,26,489.7286071777344,common_POD_r32_gauge_fixed,1.0254747055510176,14.404312740924968,4,1,0.03539505525790204
ql-ROM-style within a fixed POD space,2026,189.86227838,9513,27,493.43865966796875,common_POD_r32_gauge_fixed,1.1067862506862063,14.011646804792802,4,0,0.0
ql-ROM-style within a fixed POD space,2026,189.86227838,9513,28,497.1487121582031,common_POD_r32_gauge_fixed,1.0150050384759044,15.388795185375661,1,1,0.03257610043158611
ql-ROM-style within a fixed POD space,2026,189.86227838,9513,29,500.8587951660156,common_POD_r32_gauge_fixed,1.1155299305755768,15.364792174171757,1,0,0.0
ql-ROM-style within a fixed POD space,2026,189.86227838,9513,30,504.56884765625,common_POD_r32_gauge_fixed,1.2101292941198272,14.33740337784393,1,0,0.0
ql-ROM-style within a fixed POD space,2026,189.86227838,9513,31,508.2789306640625,common_POD_r32_gauge_fixed,1.0625038401582065,14.414337330540858,3,1,0.0359841222895026
ql-ROM-style within a fixed POD space,2026,189.86227838,9513,32,511.9889831542969,common_POD_r32_gauge_fixed,1.1711692968540548,15.008837168528515,3,0,0.0
ql-ROM-style within a fixed POD space,2026,189.86227838,9513,33,515.6990356445312,common_POD_r32_gauge_fixed,1.0065571516793816,14.569328538839358,4,1,0.03881362023731091
ql-ROM-style within a fixed POD space,2026,189.86227838,9513,34,519.4091186523438,common_POD_r32_gauge_fixed,1.0994844967698276,14.417227291428675,4,0,0.0
ql-ROM-style within a fixed POD space,2026,189.86227838,9513,35,523.1192016601562,common_POD_r32_gauge_fixed,1.1984760695823582,14.44881466169078,4,0,0.0
ql-ROM-style within a fixed POD space,2026,189.86227838,9513,36,526.8292236328125,common_POD_r32_gauge_fixed,1.0983790805055684,15.490036737461867,1,1,0.03247424216703115
ql-ROM-style within a fixed POD space,2026,189.86227838,9513,37,530.539306640625,common_POD_r32_gauge_fixed,1.2074985175961657,15.298888963007906,1,0,0.0
ql-ROM-style within a fixed POD space,2026,189.86227838,9513,38,534.2493896484375,common_POD_r32_gauge_fixed,1.3010537842815189,13.87048085642108,1,0,0.0
ql-ROM-style within a fixed POD space,2026,189.86227838,9513,39,537.9594116210938,common_POD_r32_gauge_fixed,1.1991663192399713,14.636308045595797,3,1,0.035364286768450624
ql-ROM-style within a fixed POD space,2026,189.86227838,9513,40,541.6694946289062,common_POD_r32_gauge_fixed,1.3178486841387698,15.519933219876009,3,0,0.0
ql-ROM-style within a fixed POD space,2026,189.86227838,9513,41,545.3795776367188,common_POD_r32_gauge_fixed,1.1387453685190532,14.794584002896674,4,1,0.038838085530253245
ql-ROM-style within a fixed POD space,2026,189.86227838,9513,42,549.0896606445312,common_POD_r32_gauge_fixed,1.222762328927957,14.330552757863455,4,0,0.0
ql-ROM-style within a fixed POD space,2026,189.86227838,9513,43,552.7996826171875,common_POD_r32_gauge_fixed,1.1278445528525665,15.447746358248999,1,1,0.02939007363772432
ql-ROM-style within a fixed POD space,2026,189.86227838,9513,44,556.509765625,common_POD_r32_gauge_fixed,1.1994290841246962,15.72441535694935,1,0,0.0
ql-ROM-style within a fixed POD space,2026,189.86227838,9513,45,560.2198486328125,common_POD_r32_gauge_fixed,1.2790002784246146,14.881419172567997,1,0,0.0
ql-ROM-style within a fixed POD space,2026,189.86227838,9513,46,563.9298706054688,common_POD_r32_gauge_fixed,1.0883003125284283,14.649415629874163,3,1,0.03847796150938876
ql-ROM-style within a fixed POD space,2026,189.86227838,9513,47,567.6399536132812,common_POD_r32_gauge_fixed,1.1816017260203897,15.005179918253175,3,0,0.0
ql-ROM-style within a fixed POD space,2026,189.86227838,9513,48,571.3500366210938,common_POD_r32_gauge_fixed,1.2824798126966244,15.681079436752277,3,0,0.0
ql-ROM-style within a fixed POD space,2026,189.86227838,9521,1,426.6575012207031,common_POD_r32_gauge_fixed,0.29969226527294734,14.227144728990657,3,0,0.0
ql-ROM-style within a fixed POD space,2026,189.86227838,9521,2,430.3675537109375,common_POD_r32_gauge_fixed,0.5300597943423067,14.286981887052598,3,0,0.0
ql-ROM-style within a fixed POD space,2026,189.86227838,9521,3,434.0776062011719,common_POD_r32_gauge_fixed,0.64595209441049,14.37440156569394,4,1,0.024523598273265147
ql-ROM-style within a fixed POD space,2026,189.86227838,9521,4,437.7876892089844,common_POD_r32_gauge_fixed,0.8649836433867563,13.874200012869814,4,0,0.0
ql-ROM-style within a fixed POD space,2026,189.86227838,9521,5,441.49774169921875,common_POD_r32_gauge_fixed,0.7414921789302422,14.419874405201794,1,1,0.034362013106967695
ql-ROM-style within a fixed POD space,2026,189.86227838,9521,6,445.20782470703125,common_POD_r32_gauge_fixed,0.9203532017302243,14.446167650799053,1,0,0.0
ql-ROM-style within a fixed POD space,2026,189.86227838,9521,7,448.9178771972656,common_POD_r32_gauge_fixed,1.0735954293188659,14.367303806868808,1,0,0.0
ql-ROM-style within a fixed POD space,2026,189.86227838,9521,8,452.6279296875,common_POD_r32_gauge_fixed,1.0390747326098138,14.311262928896863,3,1,0.032150508422763104
ql-ROM-style within a fixed POD space,2026,189.86227838,9521,9,456.3380126953125,common_POD_r32_gauge_fixed,1.1700628981047543,14.482539484808527,3,0,0.0
ql-ROM-style within a fixed POD space,2026,189.86227838,9521,10,460.0480651855469,common_POD_r32_gauge_fixed,0.9315742361934045,13.884919057152256,4,1,0.04342783363583004
ql-ROM-style within a fixed POD space,2026,189.86227838,9521,11,463.7581481933594,common_POD_r32_gauge_fixed,1.0535008321454122,14.196367362252035,4,0,0.0
ql-ROM-style within a fixed POD space,2026,189.86227838,9521,12,467.46820068359375,common_POD_r32_gauge_fixed,1.1229578746891702,14.153327015860887,4,0,0.0
ql-ROM-style within a fixed POD space,2026,189.86227838,9521,13,471.1782531738281,common_POD_r32_gauge_fixed,0.9105243461670289,14.638870096440208,1,1,0.03585132806014843
ql-ROM-style within a fixed POD space,2026,189.86227838,9521,14,474.8883361816406,common_POD_r32_gauge_fixed,1.004735752041126,14.504174729770947,1,0,0.0
ql-ROM-style within a fixed POD space,2026,189.86227838,9521,15,478.598388671875,common_POD_r32_gauge_fixed,0.8592218392122573,14.207187554568826,3,1,0.033283867763449666
ql-ROM-style within a fixed POD space,2026,189.86227838,9521,16,482.3084716796875,common_POD_r32_gauge_fixed,0.9795261222652323,14.143782837505686,3,0,0.0
ql-ROM-style within a fixed POD space,2026,189.86227838,9521,17,486.0185241699219,common_POD_r32_gauge_fixed,1.0881139801714699,14.6916770860298,3,0,0.0
ql-ROM-style within a fixed POD space,2026,189.86227838,9521,18,489.7286071777344,common_POD_r32_gauge_fixed,0.9621485667192309,14.288009919005425,4,1,0.038304757131712504
ql-ROM-style within a fixed POD space,2026,189.86227838,9521,19,493.43865966796875,common_POD_r32_gauge_fixed,1.0765455698263924,13.969776720962724,4,0,0.0
ql-ROM-style within a fixed POD space,2026,189.86227838,9521,20,497.1487121582031,common_POD_r32_gauge_fixed,0.9746053893164783,15.277187779405708,1,1,0.03439275100034975
ql-ROM-style within a fixed POD space,2026,189.86227838,9521,21,500.8587951660156,common_POD_r32_gauge_fixed,1.1054077971193772,15.195822359671396,1,0,0.0
ql-ROM-style within a fixed POD space,2026,189.86227838,9521,22,504.56884765625,common_POD_r32_gauge_fixed,1.2190602384697216,14.465710091431388,1,0,0.0
ql-ROM-style within a fixed POD space,2026,189.86227838,9521,23,508.2789306640625,common_POD_r32_gauge_fixed,1.097668362404966,14.510341302593543,3,1,0.03575240723056322
ql-ROM-style within a fixed POD space,2026,189.86227838,9521,24,511.9889831542969,common_POD_r32_gauge_fixed,1.2164126107123863,15.083116890388087,3,0,0.0
ql-ROM-style within a fixed POD space,2026,189.86227838,9521,25,515.6990356445312,common_POD_r32_gauge_fixed,1.0447293043178032,14.55149935681276,4,1,0.0404239486621284
ql-ROM-style within a fixed POD space,2026,189.86227838,9521,26,519.4091186523438,common_POD_r32_gauge_fixed,1.143791907916429,14.50158571246383,4,0,0.0
ql-ROM-style within a fixed POD space,2026,189.86227838,9521,27,523.1192016601562,common_POD_r32_gauge_fixed,1.2271025947962997,14.43240037092933,4,0,0.0
ql-ROM-style within a fixed POD space,2026,189.86227838,9521,28,526.8292236328125,common_POD_r32_gauge_fixed,1.1089820685952054,15.467158659583834,1,1,0.03267011966973863
ql-ROM-style within a fixed POD space,2026,189.86227838,9521,29,530.539306640625,common_POD_r32_gauge_fixed,1.2042837568008609,15.308192936479767,1,0,0.0
ql-ROM-style within a fixed POD space,2026,189.86227838,9521,30,534.2493896484375,common_POD_r32_gauge_fixed,1.2900045912347622,13.973299393899163,1,0,0.0
ql-ROM-style within a fixed POD space,2026,189.86227838,9521,31,537.9594116210938,common_POD_r32_gauge_fixed,1.1862826187321243,14.703660992310748,3,1,0.035141347859913165
ql-ROM-style within a fixed POD space,2026,189.86227838,9521,32,541.6694946289062,common_POD_r32_gauge_fixed,1.303796099137775,15.540341203483823,3,0,0.0
ql-ROM-style within a fixed POD space,2026,189.86227838,9521,33,545.3795776367188,common_POD_r32_gauge_fixed,1.1595647355964205,14.83826098081148,4,1,0.036654508632704516
ql-ROM-style within a fixed POD space,2026,189.86227838,9521,34,549.0896606445312,common_POD_r32_gauge_fixed,1.24409815325477,14.426436419204569,4,0,0.0
ql-ROM-style within a fixed POD space,2026,189.86227838,9521,35,552.7996826171875,common_POD_r32_gauge_fixed,1.313051591067195,15.610495838617005,4,0,0.0
ql-ROM-style within a fixed POD space,2026,189.86227838,9521,36,556.509765625,common_POD_r32_gauge_fixed,1.2558931798191055,15.967493097273739,1,1,0.03354561967784663
ql-ROM-style within a fixed POD space,2026,189.86227838,9521,37,560.2198486328125,common_POD_r32_gauge_fixed,1.351496359489759,15.077276102160381,1,0,0.0
ql-ROM-style within a fixed POD space,2026,189.86227838,9521,38,563.9298706054688,common_POD_r32_gauge_fixed,1.1991000274235217,14.881076442775617,3,1,0.03782103187026414
ql-ROM-style within a fixed POD space,2026,189.86227838,9521,39,567.6399536132812,common_POD_r32_gauge_fixed,1.3052920832724464,15.214700553857211,3,0,0.0
ql-ROM-style within a fixed POD space,2026,189.86227838,9521,40,571.3500366210938,common_POD_r32_gauge_fixed,1.4176179553368113,15.913762843827389,3,0,0.0
ql-ROM-style within a fixed POD space,2026,189.86227838,9521,41,575.0601196289062,common_POD_r32_gauge_fixed,1.2929744494799937,14.96461283098297,4,1,0.03910171554392578
ql-ROM-style within a fixed POD space,2026,189.86227838,9521,42,578.7701416015625,common_POD_r32_gauge_fixed,1.3820293853059888,14.64203138774281,4,0,0.0
ql-ROM-style within a fixed POD space,2026,189.86227838,9521,43,582.480224609375,common_POD_r32_gauge_fixed,1.3168763230019174,15.960407250644563,1,1,0.0316790977239114
ql-ROM-style within a fixed POD space,2026,189.86227838,9521,44,586.1903076171875,common_POD_r32_gauge_fixed,1.4227974625057331,15.984748372151433,1,0,0.0
ql-ROM-style within a fixed POD space,2026,189.86227838,9521,45,589.9003295898438,common_POD_r32_gauge_fixed,1.504607135637589,14.679983241237494,1,0,0.0
ql-ROM-style within a fixed POD space,2026,189.86227838,9521,46,593.6104125976562,common_POD_r32_gauge_fixed,1.4085767664148356,15.181062727353753,3,1,0.03679845388685952
ql-ROM-style within a fixed POD space,2026,189.86227838,9521,47,597.3204956054688,common_POD_r32_gauge_fixed,1.5284846737336513,15.99866103154341,3,0,0.0
ql-ROM-style within a fixed POD space,2026,189.86227838,9521,48,601.030517578125,common_POD_r32_gauge_fixed,1.4550616393107356,15.433707241128186,4,1,0.036469643565485446
ql-ROM-style within a fixed POD space,2026,189.86227838,9537,1,486.0185241699219,common_POD_r32_gauge_fixed,0.2856101433818343,13.998094145301037,3,0,0.0
ql-ROM-style within a fixed POD space,2026,189.86227838,9537,2,489.7286071777344,common_POD_r32_gauge_fixed,0.537709566425688,14.165153934132531,4,1,0.015598390967725079
ql-ROM-style within a fixed POD space,2026,189.86227838,9537,3,493.43865966796875,common_POD_r32_gauge_fixed,0.7649769457778083,13.768455681223443,4,0,0.0
ql-ROM-style within a fixed POD space,2026,189.86227838,9537,4,497.1487121582031,common_POD_r32_gauge_fixed,0.7376072231691981,14.328352903735917,1,1,0.030633658930440594
ql-ROM-style within a fixed POD space,2026,189.86227838,9537,5,500.8587951660156,common_POD_r32_gauge_fixed,0.9325652077401934,14.520095176597303,1,0,0.0
ql-ROM-style within a fixed POD space,2026,189.86227838,9537,6,504.56884765625,common_POD_r32_gauge_fixed,1.0914428022804352,14.24056337180682,1,0,0.0
ql-ROM-style within a fixed POD space,2026,189.86227838,9537,7,508.2789306640625,common_POD_r32_gauge_fixed,0.9812006928090823,14.195313707336663,3,1,0.035137912921420045
ql-ROM-style within a fixed POD space,2026,189.86227838,9537,8,511.9889831542969,common_POD_r32_gauge_fixed,1.120916316179291,14.514809187473412,3,0,0.0
ql-ROM-style within a fixed POD space,2026,189.86227838,9537,9,515.6990356445312,common_POD_r32_gauge_fixed,0.8932808609833642,13.95477818046029,4,1,0.04238656881398161
ql-ROM-style within a fixed POD space,2026,189.86227838,9537,10,519.4091186523438,common_POD_r32_gauge_fixed,1.010372082150092,14.185817849005971,4,0,0.0
ql-ROM-style within a fixed POD space,2026,189.86227838,9537,11,523.1192016601562,common_POD_r32_gauge_fixed,1.1045699314314419,13.939592535246403,4,0,0.0
ql-ROM-style within a fixed POD space,2026,189.86227838,9537,12,526.8292236328125,common_POD_r32_gauge_fixed,0.9337039374107206,14.693604253162576,1,1,0.034997474390617615
ql-ROM-style within a fixed POD space,2026,189.86227838,9537,13,530.539306640625,common_POD_r32_gauge_fixed,1.0394831254323162,14.703840632845896,1,0,0.0
ql-ROM-style within a fixed POD space,2026,189.86227838,9537,14,534.2493896484375,common_POD_r32_gauge_fixed,1.1365985601055308,13.555742716837461,1,0,0.0
ql-ROM-style within a fixed POD space,2026,189.86227838,9537,15,537.9594116210938,common_POD_r32_gauge_fixed,1.0258485686797003,14.066200282791975,3,1,0.03421124799981722
ql-ROM-style within a fixed POD space,2026,189.86227838,9537,16,541.6694946289062,common_POD_r32_gauge_fixed,1.1495967775602642,14.804662469843253,3,0,0.0
ql-ROM-style within a fixed POD space,2026,189.86227838,9537,17,545.3795776367188,common_POD_r32_gauge_fixed,0.9695884323226371,14.250605714661635,4,1,0.03700522916300118
ql-ROM-style within a fixed POD space,2026,189.86227838,9537,18,549.0896606445312,common_POD_r32_gauge_fixed,1.076146266523685,13.936628202575971,4,0,0.0
ql-ROM-style within a fixed POD space,2026,189.86227838,9537,19,552.7996826171875,common_POD_r32_gauge_fixed,0.9812453413870653,14.900963245185137,1,1,0.029114829747492514
ql-ROM-style within a fixed POD space,2026,189.86227838,9537,20,556.509765625,common_POD_r32_gauge_fixed,1.0695532784166768,15.167161396432066,1,0,0.0
ql-ROM-style within a fixed POD space,2026,189.86227838,9537,21,560.2198486328125,common_POD_r32_gauge_fixed,1.1671126402775684,14.442074928323448,1,0,0.0
ql-ROM-style within a fixed POD space,2026,189.86227838,9537,22,563.9298706054688,common_POD_r32_gauge_fixed,0.9931685918427879,14.267225757991408,3,1,0.03693399349046237
ql-ROM-style within a fixed POD space,2026,189.86227838,9537,23,567.6399536132812,common_POD_r32_gauge_fixed,1.0978691652583097,14.590742548006979,3,0,0.0
ql-ROM-style within a fixed POD space,2026,189.86227838,9537,24,571.3500366210938,common_POD_r32_gauge_fixed,1.2039487983870254,15.189901836879788,3,0,0.0
ql-ROM-style within a fixed POD space,2026,189.86227838,9537,25,575.0601196289062,common_POD_r32_gauge_fixed,1.0342596216857756,14.391713222441957,4,1,0.038879855882402996
ql-ROM-style within a fixed POD space,2026,189.86227838,9537,26,578.7701416015625,common_POD_r32_gauge_fixed,1.1499893076978804,14.111763845208184,4,0,0.0
ql-ROM-style within a fixed POD space,2026,189.86227838,9537,27,582.480224609375,common_POD_r32_gauge_fixed,1.0711891715561062,15.309157477581556,1,1,0.032308283671778945
ql-ROM-style within a fixed POD space,2026,189.86227838,9537,28,586.1903076171875,common_POD_r32_gauge_fixed,1.1927829779075014,15.364657453512159,1,0,0.0
ql-ROM-style within a fixed POD space,2026,189.86227838,9537,29,589.9003295898438,common_POD_r32_gauge_fixed,1.292698218852158,14.022442657075478,1,0,0.0
ql-ROM-style within a fixed POD space,2026,189.86227838,9537,30,593.6104125976562,common_POD_r32_gauge_fixed,1.1270592870483758,14.374228572241446,3,1,0.03807089873281785
ql-ROM-style within a fixed POD space,2026,189.86227838,9537,31,597.3204956054688,common_POD_r32_gauge_fixed,1.2340490529657504,15.430510716532464,3,0,0.0
ql-ROM-style within a fixed POD space,2026,189.86227838,9537,32,601.030517578125,common_POD_r32_gauge_fixed,1.048423338294791,14.76063152415785,4,1,0.03863851801149805
ql-ROM-style within a fixed POD space,2026,189.86227838,9537,33,604.7406005859375,common_POD_r32_gauge_fixed,1.131908634015908,14.264423858557324,4,0,0.0
ql-ROM-style within a fixed POD space,2026,189.86227838,9537,34,608.45068359375,common_POD_r32_gauge_fixed,1.2258567509498735,14.755591133071746,4,0,0.0
ql-ROM-style within a fixed POD space,2026,189.86227838,9537,35,612.1607666015625,common_POD_r32_gauge_fixed,1.1360868768257433,15.483089381008227,1,1,0.030157237863871554
ql-ROM-style within a fixed POD space,2026,189.86227838,9537,36,615.8707885742188,common_POD_r32_gauge_fixed,1.2289076031940598,15.045403310373365,1,0,0.0
ql-ROM-style within a fixed POD space,2026,189.86227838,9537,37,619.5808715820312,common_POD_r32_gauge_fixed,1.0555837906441288,14.512387222128295,3,1,0.0370760054184646
ql-ROM-style within a fixed POD space,2026,189.86227838,9537,38,623.2909545898438,common_POD_r32_gauge_fixed,1.1595266640173125,14.639453681311142,3,0,0.0
ql-ROM-style within a fixed POD space,2026,189.86227838,9537,39,627.0009765625,common_POD_r32_gauge_fixed,1.2690816265646434,15.5410598937271,3,0,0.0
ql-ROM-style within a fixed POD space,2026,189.86227838,9537,40,630.7110595703125,common_POD_r32_gauge_fixed,1.1196156669112274,14.716079539146667,4,1,0.03272883407388551
ql-ROM-style within a fixed POD space,2026,189.86227838,9537,41,634.421142578125,common_POD_r32_gauge_fixed,1.2012281902265403,14.293725932499163,4,0,0.0
ql-ROM-style within a fixed POD space,2026,189.86227838,9537,42,638.1312255859375,common_POD_r32_gauge_fixed,1.1098537328065865,15.434606174814542,1,1,0.0328146066323524
ql-ROM-style within a fixed POD space,2026,189.86227838,9537,43,641.8412475585938,common_POD_r32_gauge_fixed,1.2165434165932,15.710248607354318,1,0,0.0
ql-ROM-style within a fixed POD space,2026,189.86227838,9537,44,645.5513305664062,common_POD_r32_gauge_fixed,1.2975749426919039,14.531590772345368,1,0,0.0
ql-ROM-style within a fixed POD space,2026,189.86227838,9537,45,649.2614135742188,common_POD_r32_gauge_fixed,1.1137206125807855,14.613358109913454,3,1,0.038117019218668106
ql-ROM-style within a fixed POD space,2026,189.86227838,9537,46,652.971435546875,common_POD_r32_gauge_fixed,1.211177320978022,15.232600588617847,3,0,0.0
ql-ROM-style within a fixed POD space,2026,189.86227838,9537,47,656.6815185546875,common_POD_r32_gauge_fixed,1.0806763232228769,14.98854342439816,4,1,0.036018155439966504
ql-ROM-style within a fixed POD space,2026,189.86227838,9537,48,660.3916015625,common_POD_r32_gauge_fixed,1.1580249116605739,14.614661370053069,4,0,0.0
ql-ROM-style within a fixed POD space,2026,189.86227838,9553,1,545.3795776367188,common_POD_r32_gauge_fixed,0.26076846354229,14.118690798832862,4,1,0.00461986100769083
ql-ROM-style within a fixed POD space,2026,189.86227838,9553,2,549.0896606445312,common_POD_r32_gauge_fixed,0.5218030147374243,13.955196945769071,4,0,0.0
ql-ROM-style within a fixed POD space,2026,189.86227838,9553,3,552.7996826171875,common_POD_r32_gauge_fixed,0.5167818725445825,14.110743253806907,1,1,0.02315088550141883
ql-ROM-style within a fixed POD space,2026,189.86227838,9553,4,556.509765625,common_POD_r32_gauge_fixed,0.7254646377305733,14.414272653475624,1,0,0.0
ql-ROM-style within a fixed POD space,2026,189.86227838,9553,5,560.2198486328125,common_POD_r32_gauge_fixed,0.9127449056313472,14.083884503085157,1,0,0.0
ql-ROM-style within a fixed POD space,2026,189.86227838,9553,6,563.9298706054688,common_POD_r32_gauge_fixed,0.8150502559419802,14.210427538147124,3,1,0.03296269195065244
ql-ROM-style within a fixed POD space,2026,189.86227838,9553,7,567.6399536132812,common_POD_r32_gauge_fixed,0.9678619058219406,14.314849266363764,3,0,0.0
ql-ROM-style within a fixed POD space,2026,189.86227838,9553,8,571.3500366210938,common_POD_r32_gauge_fixed,1.1057755478753724,14.707686615340071,3,0,0.0
ql-ROM-style within a fixed POD space,2026,189.86227838,9553,9,575.0601196289062,common_POD_r32_gauge_fixed,0.896944687630722,14.19363626165207,4,1,0.041182283465567
ql-ROM-style within a fixed POD space,2026,189.86227838,9553,10,578.7701416015625,common_POD_r32_gauge_fixed,1.0345953375198895,13.957365345633683,4,0,0.0
ql-ROM-style within a fixed POD space,2026,189.86227838,9553,11,582.480224609375,common_POD_r32_gauge_fixed,0.8894044427064851,14.569037646002508,1,1,0.03541501341270671
ql-ROM-style within a fixed POD space,2026,189.86227838,9553,12,586.1903076171875,common_POD_r32_gauge_fixed,1.024900697664805,14.755071532575897,1,0,0.0
ql-ROM-style within a fixed POD space,2026,189.86227838,9553,13,589.9003295898438,common_POD_r32_gauge_fixed,1.1466202284271814,13.818319963816815,1,0,0.0
ql-ROM-style within a fixed POD space,2026,189.86227838,9553,14,593.6104125976562,common_POD_r32_gauge_fixed,0.972889418470461,14.041187991080834,3,1,0.03728810913028541
ql-ROM-style within a fixed POD space,2026,189.86227838,9553,15,597.3204956054688,common_POD_r32_gauge_fixed,1.0897098618262415,14.795154640541936,3,0,0.0
ql-ROM-style within a fixed POD space,2026,189.86227838,9553,16,601.030517578125,common_POD_r32_gauge_fixed,0.8995012256079465,14.189841392264235,4,1,0.037764064901573066
ql-ROM-style within a fixed POD space,2026,189.86227838,9553,17,604.7406005859375,common_POD_r32_gauge_fixed,1.0191389068272996,13.926891726881946,4,0,0.0
ql-ROM-style within a fixed POD space,2026,189.86227838,9553,18,608.45068359375,common_POD_r32_gauge_fixed,1.1448080902521414,14.297963061922308,4,0,0.0
ql-ROM-style within a fixed POD space,2026,189.86227838,9553,19,612.1607666015625,common_POD_r32_gauge_fixed,1.0562032244892194,14.902774245740533,1,1,0.03035076036814176
ql-ROM-style within a fixed POD space,2026,189.86227838,9553,20,615.8707885742188,common_POD_r32_gauge_fixed,1.1771697866969069,14.571626501070876,1,0,0.0
ql-ROM-style within a fixed POD space,2026,189.86227838,9553,21,619.5808715820312,common_POD_r32_gauge_fixed,1.056830716495547,14.139994168691338,3,1,0.035422896234479515
ql-ROM-style within a fixed POD space,2026,189.86227838,9553,22,623.2909545898438,common_POD_r32_gauge_fixed,1.171770751640597,14.246195554987084,3,0,0.0
ql-ROM-style within a fixed POD space,2026,189.86227838,9553,23,627.0009765625,common_POD_r32_gauge_fixed,1.2850405632371296,14.993992689661159,3,0,0.0
ql-ROM-style within a fixed POD space,2026,189.86227838,9553,24,630.7110595703125,common_POD_r32_gauge_fixed,1.1193190039180625,14.30731070826019,4,1,0.034828903176844825
ql-ROM-style within a fixed POD space,2026,189.86227838,9553,25,634.421142578125,common_POD_r32_gauge_fixed,1.2293173609290036,13.977837021439035,4,0,0.0
ql-ROM-style within a fixed POD space,2026,189.86227838,9553,26,638.1312255859375,common_POD_r32_gauge_fixed,1.1595734275142477,14.918342894574781,1,1,0.02753995537417092
ql-ROM-style within a fixed POD space,2026,189.86227838,9553,27,641.8412475585938,common_POD_r32_gauge_fixed,1.2518242778272077,15.219020969138805,1,0,0.0
ql-ROM-style within a fixed POD space,2026,189.86227838,9553,28,645.5513305664062,common_POD_r32_gauge_fixed,1.343899319822197,14.086503238986618,1,0,0.0
ql-ROM-style within a fixed POD space,2026,189.86227838,9553,29,649.2614135742188,common_POD_r32_gauge_fixed,1.1774719082972451,14.223455095497211,3,1,0.037975527729611484
ql-ROM-style within a fixed POD space,2026,189.86227838,9553,30,652.971435546875,common_POD_r32_gauge_fixed,1.2629524458525698,14.86889571761259,3,0,0.0
ql-ROM-style within a fixed POD space,2026,189.86227838,9553,31,656.6815185546875,common_POD_r32_gauge_fixed,1.1121795540639734,14.533789842565225,4,1,0.03727136163286564
ql-ROM-style within a fixed POD space,2026,189.86227838,9553,32,660.3916015625,common_POD_r32_gauge_fixed,1.1834502110571785,14.229304778306595,4,0,0.0
ql-ROM-style within a fixed POD space,2026,189.86227838,9553,33,664.1016235351562,common_POD_r32_gauge_fixed,1.2988973236266719,14.3370911906593,4,0,0.0
ql-ROM-style within a fixed POD space,2026,189.86227838,9553,34,667.8117065429688,common_POD_r32_gauge_fixed,1.2307670246759042,15.236615493750543,1,1,0.03080429248636988
ql-ROM-style within a fixed POD space,2026,189.86227838,9553,35,671.5217895507812,common_POD_r32_gauge_fixed,1.3305978300237489,15.103548408255296,1,0,0.0
ql-ROM-style within a fixed POD space,2026,189.86227838,9553,36,675.2318725585938,common_POD_r32_gauge_fixed,1.1823566282918876,14.41018498747964,3,1,0.037651051480536074
ql-ROM-style within a fixed POD space,2026,189.86227838,9553,37,678.94189453125,common_POD_r32_gauge_fixed,1.2707219049693959,14.36321982236205,3,0,0.0
ql-ROM-style within a fixed POD space,2026,189.86227838,9553,38,682.6519775390625,common_POD_r32_gauge_fixed,1.3569385918254226,15.518443800498025,3,0,0.0
ql-ROM-style within a fixed POD space,2026,189.86227838,9553,39,686.362060546875,common_POD_r32_gauge_fixed,1.1784179429764923,14.68888247389163,4,1,0.03589506981171455
ql-ROM-style within a fixed POD space,2026,189.86227838,9553,40,690.0720825195312,common_POD_r32_gauge_fixed,1.2609485495263983,14.157848308053813,4,0,0.0
ql-ROM-style within a fixed POD space,2026,189.86227838,9553,41,693.7821655273438,common_POD_r32_gauge_fixed,1.2026365573168778,14.969682335073164,1,1,0.028300249990445565
ql-ROM-style within a fixed POD space,2026,189.86227838,9553,42,697.4922485351562,common_POD_r32_gauge_fixed,1.2767869966682794,15.397010988385883,1,0,0.0
ql-ROM-style within a fixed POD space,2026,189.86227838,9553,43,701.2023315429688,common_POD_r32_gauge_fixed,1.355395988977366,14.615798741595432,1,0,0.0
ql-ROM-style within a fixed POD space,2026,189.86227838,9553,44,704.912353515625,common_POD_r32_gauge_fixed,1.204178607236535,14.434320565489662,3,1,0.036886445880324734
ql-ROM-style within a fixed POD space,2026,189.86227838,9553,45,708.6224365234375,common_POD_r32_gauge_fixed,1.287207363699227,14.752852524594552,3,0,0.0
ql-ROM-style within a fixed POD space,2026,189.86227838,9553,46,712.33251953125,common_POD_r32_gauge_fixed,1.366369917028463,15.377254572643926,3,0,0.0
ql-ROM-style within a fixed POD space,2026,189.86227838,9553,47,716.0425415039062,common_POD_r32_gauge_fixed,1.1968642442928379,14.50943349302532,4,1,0.03810474003676215
ql-ROM-style within a fixed POD space,2026,189.86227838,9553,48,719.7526245117188,common_POD_r32_gauge_fixed,1.3042185582408434,14.285248540927913,4,0,0.0
ql-ROM-style within a fixed POD space,2026,189.86227838,9561,1,575.0601196289062,common_POD_r32_gauge_fixed,0.33805972536860046,14.076285293007992,4,1,0.007512795000165107
ql-ROM-style within a fixed POD space,2026,189.86227838,9561,2,578.7701416015625,common_POD_r32_gauge_fixed,0.592240504007901,13.901967780308263,4,0,0.0
ql-ROM-style within a fixed POD space,2026,189.86227838,9561,3,582.480224609375,common_POD_r32_gauge_fixed,0.6112745517413474,14.329613713832845,1,1,0.02463076559016095
ql-ROM-style within a fixed POD space,2026,189.86227838,9561,4,586.1903076171875,common_POD_r32_gauge_fixed,0.8205104001714277,14.456994510453328,1,0,0.0
ql-ROM-style within a fixed POD space,2026,189.86227838,9561,5,589.9003295898438,common_POD_r32_gauge_fixed,1.0046827676238577,13.991344840876026,1,0,0.0
ql-ROM-style within a fixed POD space,2026,189.86227838,9561,6,593.6104125976562,common_POD_r32_gauge_fixed,0.9079954550918092,14.222089840212075,3,1,0.033259532219517954
ql-ROM-style within a fixed POD space,2026,189.86227838,9561,7,597.3204956054688,common_POD_r32_gauge_fixed,1.0544071038221614,14.814302660839108,3,0,0.0
ql-ROM-style within a fixed POD space,2026,189.86227838,9561,8,601.030517578125,common_POD_r32_gauge_fixed,0.8199550698180147,14.091928242128823,4,1,0.04033346654624058
ql-ROM-style within a fixed POD space,2026,189.86227838,9561,9,604.7406005859375,common_POD_r32_gauge_fixed,0.9502957887646521,14.107864635740983,4,0,0.0
ql-ROM-style within a fixed POD space,2026,189.86227838,9561,10,608.45068359375,common_POD_r32_gauge_fixed,1.0638846775639532,14.151499954463539,4,0,0.0
ql-ROM-style within a fixed POD space,2026,189.86227838,9561,11,612.1607666015625,common_POD_r32_gauge_fixed,0.9149427803088728,14.66991305318526,1,1,0.03230966031727226
ql-ROM-style within a fixed POD space,2026,189.86227838,9561,12,615.8707885742188,common_POD_r32_gauge_fixed,1.027534222748314,14.456275254417497,1,0,0.0
ql-ROM-style within a fixed POD space,2026,189.86227838,9561,13,619.5808715820312,common_POD_r32_gauge_fixed,0.8456542785995141,14.059443104603384,3,1,0.036198426436934814
ql-ROM-style within a fixed POD space,2026,189.86227838,9561,14,623.2909545898438,common_POD_r32_gauge_fixed,0.9678587989654838,14.035708599931027,3,0,0.0
ql-ROM-style within a fixed POD space,2026,189.86227838,9561,15,627.0009765625,common_POD_r32_gauge_fixed,1.0888080189760543,14.710801880960009,3,0,0.0
ql-ROM-style within a fixed POD space,2026,189.86227838,9561,16,630.7110595703125,common_POD_r32_gauge_fixed,0.9254520443846006,14.077717932402484,4,1,0.03294409931463113
ql-ROM-style within a fixed POD space,2026,189.86227838,9561,17,634.421142578125,common_POD_r32_gauge_fixed,1.0484764798304183,13.813286885447509,4,0,0.0
ql-ROM-style within a fixed POD space,2026,189.86227838,9561,18,638.1312255859375,common_POD_r32_gauge_fixed,0.9693145659990203,14.751745833998045,1,1,0.032572798104193744
ql-ROM-style within a fixed POD space,2026,189.86227838,9561,19,641.8412475585938,common_POD_r32_gauge_fixed,1.0896549050158393,15.018001294055578,1,0,0.0
ql-ROM-style within a fixed POD space,2026,189.86227838,9561,20,645.5513305664062,common_POD_r32_gauge_fixed,1.2024489600222756,14.023368609348836,1,0,0.0
ql-ROM-style within a fixed POD space,2026,189.86227838,9561,21,649.2614135742188,common_POD_r32_gauge_fixed,1.0419992558889313,14.118524888634301,3,1,0.036795779067044135
ql-ROM-style within a fixed POD space,2026,189.86227838,9561,22,652.971435546875,common_POD_r32_gauge_fixed,1.1466024766850325,14.683719041628335,3,0,0.0
ql-ROM-style within a fixed POD space,2026,189.86227838,9561,23,656.6815185546875,common_POD_r32_gauge_fixed,0.9870185732529915,14.341223764936595,4,1,0.037600505790981884
ql-ROM-style within a fixed POD space,2026,189.86227838,9561,24,660.3916015625,common_POD_r32_gauge_fixed,1.0827599509448007,14.107124481280481,4,0,0.0
ql-ROM-style within a fixed POD space,2026,189.86227838,9561,25,664.1016235351562,common_POD_r32_gauge_fixed,1.2071595195900227,14.1532435706408,4,0,0.0
ql-ROM-style within a fixed POD space,2026,189.86227838,9561,26,667.8117065429688,common_POD_r32_gauge_fixed,1.1240648923093683,15.08064995630575,1,1,0.03174337308518583
ql-ROM-style within a fixed POD space,2026,189.86227838,9561,27,671.5217895507812,common_POD_r32_gauge_fixed,1.2391844124858413,14.98414650843223,1,0,0.0
ql-ROM-style within a fixed POD space,2026,189.86227838,9561,28,675.2318725585938,common_POD_r32_gauge_fixed,1.3413492965279665,13.594488163292972,1,0,0.0
ql-ROM-style within a fixed POD space,2026,189.86227838,9561,29,678.94189453125,common_POD_r32_gauge_fixed,1.2239276652991218,14.260023055519103,3,1,0.03631504124710789
ql-ROM-style within a fixed POD space,2026,189.86227838,9561,30,682.6519775390625,common_POD_r32_gauge_fixed,1.331235005414213,15.18628294612163,3,0,0.0
ql-ROM-style within a fixed POD space,2026,189.86227838,9561,31,686.362060546875,common_POD_r32_gauge_fixed,1.146985365379897,14.48148169325485,4,1,0.03761630864824289
ql-ROM-style within a fixed POD space,2026,189.86227838,9561,32,690.0720825195312,common_POD_r32_gauge_fixed,1.2416008489914863,14.05918348968921,4,0,0.0
ql-ROM-style within a fixed POD space,2026,189.86227838,9561,33,693.7821655273438,common_POD_r32_gauge_fixed,1.1674585948103546,14.988310977315328,1,1,0.029697292130951722
ql-ROM-style within a fixed POD space,2026,189.86227838,9561,34,697.4922485351562,common_POD_r32_gauge_fixed,1.2469996995593577,15.394558214960558,1,0,0.0
ql-ROM-style within a fixed POD space,2026,189.86227838,9561,35,701.2023315429688,common_POD_r32_gauge_fixed,1.3315381529296266,14.541944264184359,1,0,0.0
ql-ROM-style within a fixed POD space,2026,189.86227838,9561,36,704.912353515625,common_POD_r32_gauge_fixed,1.1469155152881743,14.344093880151668,3,1,0.0390201929069964
ql-ROM-style within a fixed POD space,2026,189.86227838,9561,37,708.6224365234375,common_POD_r32_gauge_fixed,1.2328505082695278,14.652628682984439,3,0,0.0
ql-ROM-style within a fixed POD space,2026,189.86227838,9561,38,712.33251953125,common_POD_r32_gauge_fixed,1.3161289113643884,15.376747007117963,3,0,0.0
ql-ROM-style within a fixed POD space,2026,189.86227838,9561,39,716.0425415039062,common_POD_r32_gauge_fixed,1.1364126696779204,14.43297305233269,4,1,0.038481982305886155
ql-ROM-style within a fixed POD space,2026,189.86227838,9561,40,719.7526245117188,common_POD_r32_gauge_fixed,1.2470687624259607,14.164168429649557,4,0,0.0
ql-ROM-style within a fixed POD space,2026,189.86227838,9561,41,723.4627075195312,common_POD_r32_gauge_fixed,1.1766923486340295,15.25756903684233,1,1,0.03171883869666445
ql-ROM-style within a fixed POD space,2026,189.86227838,9561,42,727.1727905273438,common_POD_r32_gauge_fixed,1.2807981743521883,15.380229282863523,1,0,0.0
ql-ROM-style within a fixed POD space,2026,189.86227838,9561,43,730.8828125,common_POD_r32_gauge_fixed,1.3695695555124952,14.033603450599848,1,0,0.0
ql-ROM-style within a fixed POD space,2026,189.86227838,9561,44,734.5928955078125,common_POD_r32_gauge_fixed,1.203389788913243,14.377389249286987,3,1,0.038330610825562134
ql-ROM-style within a fixed POD space,2026,189.86227838,9561,45,738.302978515625,common_POD_r32_gauge_fixed,1.2942340071199625,15.409975478682943,3,0,0.0
ql-ROM-style within a fixed POD space,2026,189.86227838,9561,46,742.0130004882812,common_POD_r32_gauge_fixed,1.1163863008512986,14.801578916664534,4,1,0.036850042831872425
ql-ROM-style within a fixed POD space,2026,189.86227838,9561,47,745.7230834960938,common_POD_r32_gauge_fixed,1.1846649081638112,14.308782820865936,4,0,0.0
ql-ROM-style within a fixed POD space,2026,189.86227838,9561,48,749.4331665039062,common_POD_r32_gauge_fixed,1.2818799492443558,14.685114517550362,4,0,0.0
ql-ROM-style within a fixed POD space,2026,189.86227838,9577,1,634.421142578125,common_POD_r32_gauge_fixed,0.2987080179771153,13.942657386792057,4,0,0.0
ql-ROM-style within a fixed POD space,2026,189.86227838,9577,2,638.1312255859375,common_POD_r32_gauge_fixed,0.43635545114264196,14.209307095732473,1,1,0.017726490281580243
ql-ROM-style within a fixed POD space,2026,189.86227838,9577,3,641.8412475585938,common_POD_r32_gauge_fixed,0.6634067613578896,14.38606462097439,1,0,0.0
ql-ROM-style within a fixed POD space,2026,189.86227838,9577,4,645.5513305664062,common_POD_r32_gauge_fixed,0.8736726366733853,14.041345870195643,1,0,0.0
ql-ROM-style within a fixed POD space,2026,189.86227838,9577,5,649.2614135742188,common_POD_r32_gauge_fixed,0.8150990974623558,14.245835740295362,3,1,0.03045927953057225
ql-ROM-style within a fixed POD space,2026,189.86227838,9577,6,652.971435546875,common_POD_r32_gauge_fixed,0.9794916076406998,14.611669896319174,3,0,0.0
ql-ROM-style within a fixed POD space,2026,189.86227838,9577,7,656.6815185546875,common_POD_r32_gauge_fixed,0.7764378732105072,14.017803329873264,4,1,0.03970931479687012
ql-ROM-style within a fixed POD space,2026,189.86227838,9577,8,660.3916015625,common_POD_r32_gauge_fixed,0.9227832985799508,14.217706100644214,4,0,0.0
ql-ROM-style within a fixed POD space,2026,189.86227838,9577,9,664.1016235351562,common_POD_r32_gauge_fixed,1.055306625238972,14.021917325099725,4,0,0.0
ql-ROM-style within a fixed POD space,2026,189.86227838,9577,10,667.8117065429688,common_POD_r32_gauge_fixed,0.8993730786595491,14.59759457117287,1,1,0.03424793799859779
ql-ROM-style within a fixed POD space,2026,189.86227838,9577,11,671.5217895507812,common_POD_r32_gauge_fixed,1.0258306903926342,14.658971177029908,1,0,0.0
ql-ROM-style within a fixed POD space,2026,189.86227838,9577,12,675.2318725585938,common_POD_r32_gauge_fixed,1.1394675272036827,13.553514959646723,1,0,0.0
ql-ROM-style within a fixed POD space,2026,189.86227838,9577,13,678.94189453125,common_POD_r32_gauge_fixed,0.9836788443561919,14.001060107192298,3,1,0.03651744562232799
ql-ROM-style within a fixed POD space,2026,189.86227838,9577,14,682.6519775390625,common_POD_r32_gauge_fixed,1.1075264376735046,14.674450139423204,3,0,0.0
ql-ROM-style within a fixed POD space,2026,189.86227838,9577,15,686.362060546875,common_POD_r32_gauge_fixed,0.9260166397718934,14.086916632713347,4,1,0.03580328127198499
ql-ROM-style within a fixed POD space,2026,189.86227838,9577,16,690.0720825195312,common_POD_r32_gauge_fixed,1.0478630989327407,13.836051919149678,4,0,0.0
ql-ROM-style within a fixed POD space,2026,189.86227838,9577,17,693.7821655273438,common_POD_r32_gauge_fixed,0.9800818799010578,14.56627619823309,1,1,0.027881579821781688
ql-ROM-style within a fixed POD space,2026,189.86227838,9577,18,697.4922485351562,common_POD_r32_gauge_fixed,1.0737052357572037,14.928846544066396,1,0,0.0
ql-ROM-style within a fixed POD space,2026,189.86227838,9577,19,701.2023315429688,common_POD_r32_gauge_fixed,1.1808901960966554,14.268171758066083,1,0,0.0
ql-ROM-style within a fixed POD space,2026,189.86227838,9577,20,704.912353515625,common_POD_r32_gauge_fixed,1.01196132273463,14.118401106495076,3,1,0.03712710588170626
ql-ROM-style within a fixed POD space,2026,189.86227838,9577,21,708.6224365234375,common_POD_r32_gauge_fixed,1.1145927762646792,14.344167195462598,3,0,0.0
ql-ROM-style within a fixed POD space,2026,189.86227838,9577,22,712.33251953125,common_POD_r32_gauge_fixed,1.2162317024714904,14.983043336280137,3,0,0.0
ql-ROM-style within a fixed POD space,2026,189.86227838,9577,23,716.0425415039062,common_POD_r32_gauge_fixed,1.0549519234538645,14.197136403371701,4,1,0.03735440041436651
ql-ROM-style within a fixed POD space,2026,189.86227838,9577,24,719.7526245117188,common_POD_r32_gauge_fixed,1.1846429009144994,13.947035029619986,4,0,0.0
ql-ROM-style within a fixed POD space,2026,189.86227838,9577,25,723.4627075195312,common_POD_r32_gauge_fixed,1.1202177290828832,14.959473938915899,1,1,0.031471916301348504
ql-ROM-style within a fixed POD space,2026,189.86227838,9577,26,727.1727905273438,common_POD_r32_gauge_fixed,1.2373369882524932,15.104874660174264,1,0,0.0
ql-ROM-style within a fixed POD space,2026,189.86227838,9577,27,730.8828125,common_POD_r32_gauge_fixed,1.3448956409889936,13.846264673091524,1,0,0.0
ql-ROM-style within a fixed POD space,2026,189.86227838,9577,28,734.5928955078125,common_POD_r32_gauge_fixed,1.1969852405675803,14.182225619157185,3,1,0.03764368656784282
ql-ROM-style within a fixed POD space,2026,189.86227838,9577,29,738.302978515625,common_POD_r32_gauge_fixed,1.2970157478666766,15.18702872677897,3,0,0.0
ql-ROM-style within a fixed POD space,2026,189.86227838,9577,30,742.0130004882812,common_POD_r32_gauge_fixed,1.1234382752623693,14.564497149002284,4,1,0.03749823381984631
ql-ROM-style within a fixed POD space,2026,189.86227838,9577,31,745.7230834960938,common_POD_r32_gauge_fixed,1.2067909477249819,14.129634638518294,4,0,0.0
ql-ROM-style within a fixed POD space,2026,189.86227838,9577,32,749.4331665039062,common_POD_r32_gauge_fixed,1.318543379698758,14.540409469812454,4,0,0.0
ql-ROM-style within a fixed POD space,2026,189.86227838,9577,33,753.1431884765625,common_POD_r32_gauge_fixed,1.2342345860273392,15.215830331098456,1,1,0.029757225471888103
ql-ROM-style within a fixed POD space,2026,189.86227838,9577,34,756.853271484375,common_POD_r32_gauge_fixed,1.328593696171852,14.830857526790547,1,0,0.0
ql-ROM-style within a fixed POD space,2026,189.86227838,9577,35,760.5633544921875,common_POD_r32_gauge_fixed,1.1878622939257242,14.339463510454141,3,1,0.03689276513248134
ql-ROM-style within a fixed POD space,2026,189.86227838,9577,36,764.2734375,common_POD_r32_gauge_fixed,1.2815262073929559,14.422264756546408,3,0,0.0
ql-ROM-style within a fixed POD space,2026,189.86227838,9577,37,767.9834594726562,common_POD_r32_gauge_fixed,1.371229579441355,15.274195846970006,3,0,0.0
ql-ROM-style within a fixed POD space,2026,189.86227838,9577,38,771.6935424804688,common_POD_r32_gauge_fixed,1.2133245765686145,14.518202985031897,4,1,0.032364936571198905
ql-ROM-style within a fixed POD space,2026,189.86227838,9577,39,775.4036254882812,common_POD_r32_gauge_fixed,1.3043013964510137,14.151124238673884,4,0,0.0
ql-ROM-style within a fixed POD space,2026,189.86227838,9577,40,779.1136474609375,common_POD_r32_gauge_fixed,1.2297902776101421,15.154542959727143,1,1,0.03305340308441256
ql-ROM-style within a fixed POD space,2026,189.86227838,9577,41,782.82373046875,common_POD_r32_gauge_fixed,1.3140826904664609,15.471119598027775,1,0,0.0
ql-ROM-style within a fixed POD space,2026,189.86227838,9577,42,786.5338134765625,common_POD_r32_gauge_fixed,1.3931161461093762,14.31332278389736,1,0,0.0
ql-ROM-style within a fixed POD space,2026,189.86227838,9577,43,790.243896484375,common_POD_r32_gauge_fixed,1.2240206959148219,14.386955114158587,3,1,0.03806717278129842
ql-ROM-style within a fixed POD space,2026,189.86227838,9577,44,793.9539184570312,common_POD_r32_gauge_fixed,1.2984632716598694,14.973067502483307,3,0,0.0
ql-ROM-style within a fixed POD space,2026,189.86227838,9577,45,797.6640014648438,common_POD_r32_gauge_fixed,1.1394159815503708,14.745120499762196,4,1,0.0364813119611073
ql-ROM-style within a fixed POD space,2026,189.86227838,9577,46,801.3740844726562,common_POD_r32_gauge_fixed,1.1952580380140598,14.394289070796024,4,0,0.0
ql-ROM-style within a fixed POD space,2026,189.86227838,9577,47,805.0841064453125,common_POD_r32_gauge_fixed,1.2975518795899108,14.36280504230712,4,0,0.0
ql-ROM-style within a fixed POD space,2026,189.86227838,9577,48,808.794189453125,common_POD_r32_gauge_fixed,1.2162246249588526,15.303591916189838,1,1,0.03008865446575465
ql-ROM-style within a fixed POD space,2026,189.86227838,9593,1,693.7821655273438,common_POD_r32_gauge_fixed,0.2812243493707817,14.227911370113091,4,0,0.0
ql-ROM-style within a fixed POD space,2026,189.86227838,9593,2,697.4922485351562,common_POD_r32_gauge_fixed,0.5183217534173044,14.303269005221017,1,1,0.011390277425037084
ql-ROM-style within a fixed POD space,2026,189.86227838,9593,3,701.2023315429688,common_POD_r32_gauge_fixed,0.7458158413308145,14.105798846199782,1,0,0.0
ql-ROM-style within a fixed POD space,2026,189.86227838,9593,4,704.912353515625,common_POD_r32_gauge_fixed,0.7342650945001636,14.210679540346163,3,1,0.02751231461261974
ql-ROM-style within a fixed POD space,2026,189.86227838,9593,5,708.6224365234375,common_POD_r32_gauge_fixed,0.9198640747627508,14.42053949761561,3,0,0.0
ql-ROM-style within a fixed POD space,2026,189.86227838,9593,6,712.33251953125,common_POD_r32_gauge_fixed,1.0836922481185138,14.753114708751042,3,0,0.0
ql-ROM-style within a fixed POD space,2026,189.86227838,9593,7,716.0425415039062,common_POD_r32_gauge_fixed,0.9100984682124318,14.304302333529456,4,1,0.03899737903394507
ql-ROM-style within a fixed POD space,2026,189.86227838,9593,8,719.7526245117188,common_POD_r32_gauge_fixed,1.054124457589508,14.092410705285708,4,0,0.0
ql-ROM-style within a fixed POD space,2026,189.86227838,9593,9,723.4627075195312,common_POD_r32_gauge_fixed,0.8905781279029097,14.539659368862218,1,1,0.036059254227049795
ql-ROM-style within a fixed POD space,2026,189.86227838,9593,10,727.1727905273438,common_POD_r32_gauge_fixed,1.0251381897885932,14.795194364207772,1,0,0.0
ql-ROM-style within a fixed POD space,2026,189.86227838,9593,11,730.8828125,common_POD_r32_gauge_fixed,1.1435671450652778,13.86084276255547,1,0,0.0
ql-ROM-style within a fixed POD space,2026,189.86227838,9593,12,734.5928955078125,common_POD_r32_gauge_fixed,0.990577285582195,14.086111927853853,3,1,0.03700165680310753
ql-ROM-style within a fixed POD space,2026,189.86227838,9593,13,738.302978515625,common_POD_r32_gauge_fixed,1.113165344204938,14.581361706219337,3,0,0.0
ql-ROM-style within a fixed POD space,2026,189.86227838,9593,14,742.0130004882812,common_POD_r32_gauge_fixed,0.9173264258330984,14.081759960442133,4,1,0.03818792727641492
ql-ROM-style within a fixed POD space,2026,189.86227838,9593,15,745.7230834960938,common_POD_r32_gauge_fixed,1.0336407146785356,13.910624912322309,4,0,0.0
ql-ROM-style within a fixed POD space,2026,189.86227838,9593,16,749.4331665039062,common_POD_r32_gauge_fixed,1.150221765139716,14.242625636230121,4,0,0.0
ql-ROM-style within a fixed POD space,2026,189.86227838,9593,17,753.1431884765625,common_POD_r32_gauge_fixed,1.041714382227481,14.877611376874839,1,1,0.029801963915591683
ql-ROM-style within a fixed POD space,2026,189.86227838,9593,18,756.853271484375,common_POD_r32_gauge_fixed,1.1509590123957887,14.577843493684526,1,0,0.0
ql-ROM-style within a fixed POD space,2026,189.86227838,9593,19,760.5633544921875,common_POD_r32_gauge_fixed,0.975484450160725,14.127819346131213,3,1,0.03743263920199552
ql-ROM-style within a fixed POD space,2026,189.86227838,9593,20,764.2734375,common_POD_r32_gauge_fixed,1.0843751650315314,14.126910988670543,3,0,0.0
ql-ROM-style within a fixed POD space,2026,189.86227838,9593,21,767.9834594726562,common_POD_r32_gauge_fixed,1.1909562934155573,14.983846502989143,3,0,0.0
ql-ROM-style within a fixed POD space,2026,189.86227838,9593,22,771.6935424804688,common_POD_r32_gauge_fixed,1.0245418953805423,14.258448838457943,4,1,0.03838007731688499
ql-ROM-style within a fixed POD space,2026,189.86227838,9593,23,775.4036254882812,common_POD_r32_gauge_fixed,1.1522999290183837,13.885339023066894,4,0,0.0
ql-ROM-style within a fixed POD space,2026,189.86227838,9593,24,779.1136474609375,common_POD_r32_gauge_fixed,1.0889800980425632,14.91788970008627,1,1,0.03252896027914141
ql-ROM-style within a fixed POD space,2026,189.86227838,9593,25,782.82373046875,common_POD_r32_gauge_fixed,1.2104618070537791,15.229781862073647,1,0,0.0
ql-ROM-style within a fixed POD space,2026,189.86227838,9593,26,786.5338134765625,common_POD_r32_gauge_fixed,1.3217595526208497,14.189823735357981,1,0,0.0
ql-ROM-style within a fixed POD space,2026,189.86227838,9593,27,790.243896484375,common_POD_r32_gauge_fixed,1.17148106956417,14.215184724337115,3,1,0.03812528444603524
ql-ROM-style within a fixed POD space,2026,189.86227838,9593,28,793.9539184570312,common_POD_r32_gauge_fixed,1.275325706065441,14.897148386366782,3,0,0.0
ql-ROM-style within a fixed POD space,2026,189.86227838,9593,29,797.6640014648438,common_POD_r32_gauge_fixed,1.1017768985430363,14.580373930804228,4,1,0.03917927408858015
ql-ROM-style within a fixed POD space,2026,189.86227838,9593,30,801.3740844726562,common_POD_r32_gauge_fixed,1.175681896582668,14.269855381015626,4,0,0.0
ql-ROM-style within a fixed POD space,2026,189.86227838,9593,31,805.0841064453125,common_POD_r32_gauge_fixed,1.2883121640668267,14.18820506382987,4,0,0.0
ql-ROM-style within a fixed POD space,2026,189.86227838,9593,32,808.794189453125,common_POD_r32_gauge_fixed,1.2008295046162012,15.160629052994675,1,1,0.031184119778206
ql-ROM-style within a fixed POD space,2026,189.86227838,9593,33,812.5042724609375,common_POD_r32_gauge_fixed,1.3005713772575187,15.120313196455548,1,0,0.0
ql-ROM-style within a fixed POD space,2026,189.86227838,9593,34,816.2142944335938,common_POD_r32_gauge_fixed,1.3901833367927423,13.689919669749473,1,0,0.0
ql-ROM-style within a fixed POD space,2026,189.86227838,9593,35,819.9243774414062,common_POD_r32_gauge_fixed,1.25520681451333,14.299304858709688,3,1,0.037114806438460594
ql-ROM-style within a fixed POD space,2026,189.86227838,9593,36,823.6344604492188,common_POD_r32_gauge_fixed,1.350607911098898,15.233972706840982,3,0,0.0
ql-ROM-style within a fixed POD space,2026,189.86227838,9593,37,827.3445434570312,common_POD_r32_gauge_fixed,1.1891146286510657,14.599075644602427,4,1,0.034312355898103025
ql-ROM-style within a fixed POD space,2026,189.86227838,9593,38,831.0545654296875,common_POD_r32_gauge_fixed,1.2712241982239676,14.139728429892953,4,0,0.0
ql-ROM-style within a fixed POD space,2026,189.86227838,9593,39,834.7646484375,common_POD_r32_gauge_fixed,1.3727173641140664,15.09789628510141,4,0,0.0
ql-ROM-style within a fixed POD space,2026,189.86227838,9593,40,838.4747314453125,common_POD_r32_gauge_fixed,1.286582600426453,15.529902286013819,1,1,0.033885761112116615
ql-ROM-style within a fixed POD space,2026,189.86227838,9593,41,842.1847534179688,common_POD_r32_gauge_fixed,1.368277674085098,14.692690074419874,1,0,0.0
ql-ROM-style within a fixed POD space,2026,189.86227838,9593,42,845.8948364257812,common_POD_r32_gauge_fixed,1.1936199101223264,14.424394640961621,3,1,0.0385665699957704
ql-ROM-style within a fixed POD space,2026,189.86227838,9593,43,849.6049194335938,common_POD_r32_gauge_fixed,1.2761808594765798,14.700364243168984,3,0,0.0
ql-ROM-style within a fixed POD space,2026,189.86227838,9593,44,853.3150024414062,common_POD_r32_gauge_fixed,1.3543286078646801,15.520888516679824,3,0,0.0
ql-ROM-style within a fixed POD space,2026,189.86227838,9593,45,857.0250244140625,common_POD_r32_gauge_fixed,1.1665664470177683,14.519124447933457,4,1,0.03794297752100641
ql-ROM-style within a fixed POD space,2026,189.86227838,9593,46,860.735107421875,common_POD_r32_gauge_fixed,1.2678357250178058,14.173626954970409,4,0,0.0
ql-ROM-style within a fixed POD space,2026,189.86227838,9593,47,864.4451904296875,common_POD_r32_gauge_fixed,1.1854295478669143,15.249746530489302,1,1,0.031363176348103435
ql-ROM-style within a fixed POD space,2026,189.86227838,9593,48,868.1552124023438,common_POD_r32_gauge_fixed,1.281808921892285,15.433147349887081,1,0,0.0
ql-ROM-style within a fixed POD space,2026,189.86227838,9609,1,753.1431884765625,common_POD_r32_gauge_fixed,0.3574239056031063,14.19595943127475,1,1,0.00892993079275584
ql-ROM-style within a fixed POD space,2026,189.86227838,9609,2,756.853271484375,common_POD_r32_gauge_fixed,0.5924981269577145,14.067358701479673,1,0,0.0
ql-ROM-style within a fixed POD space,2026,189.86227838,9609,3,760.5633544921875,common_POD_r32_gauge_fixed,0.6254949456814007,14.084805982179644,3,1,0.024450705089433002
ql-ROM-style within a fixed POD space,2026,189.86227838,9609,4,764.2734375,common_POD_r32_gauge_fixed,0.8318773588527912,14.231234870142723,3,0,0.0
ql-ROM-style within a fixed POD space,2026,189.86227838,9609,5,767.9834594726562,common_POD_r32_gauge_fixed,1.0138559978647796,14.676462414167185,3,0,0.0
ql-ROM-style within a fixed POD space,2026,189.86227838,9609,6,771.6935424804688,common_POD_r32_gauge_fixed,0.8789736273444562,14.284126863912173,4,1,0.03773714075194109
ql-ROM-style within a fixed POD space,2026,189.86227838,9609,7,775.4036254882812,common_POD_r32_gauge_fixed,1.0368450689718698,14.25156115027626,4,0,0.0
ql-ROM-style within a fixed POD space,2026,189.86227838,9609,8,779.1136474609375,common_POD_r32_gauge_fixed,0.8713056656870006,14.461023160902819,1,1,0.03730898329324267
ql-ROM-style within a fixed POD space,2026,189.86227838,9609,9,782.82373046875,common_POD_r32_gauge_fixed,1.0169850420968705,14.86752224854243,1,0,0.0
ql-ROM-style within a fixed POD space,2026,189.86227838,9609,10,786.5338134765625,common_POD_r32_gauge_fixed,1.1398470894196784,14.198852495303152,1,0,0.0
ql-ROM-style within a fixed POD space,2026,189.86227838,9609,11,790.243896484375,common_POD_r32_gauge_fixed,0.9199357658645213,14.251623577986564,3,1,0.03966558901847183
ql-ROM-style within a fixed POD space,2026,189.86227838,9609,12,793.9539184570312,common_POD_r32_gauge_fixed,1.0310176579344865,14.509966496530977,3,0,0.0
ql-ROM-style within a fixed POD space,2026,189.86227838,9609,13,797.6640014648438,common_POD_r32_gauge_fixed,0.8168094689925705,14.137355612247424,4,1,0.038068210295368395
ql-ROM-style within a fixed POD space,2026,189.86227838,9609,14,801.3740844726562,common_POD_r32_gauge_fixed,0.9206629467024949,14.02898486212168,4,0,0.0
ql-ROM-style within a fixed POD space,2026,189.86227838,9609,15,805.0841064453125,common_POD_r32_gauge_fixed,1.04784436974982,13.853442108051981,4,0,0.0
ql-ROM-style within a fixed POD space,2026,189.86227838,9609,16,808.794189453125,common_POD_r32_gauge_fixed,0.9560363113055967,14.656922269278974,1,1,0.029092559144666196
ql-ROM-style within a fixed POD space,2026,189.86227838,9609,17,812.5042724609375,common_POD_r32_gauge_fixed,1.0781680744739208,14.723133880658192,1,0,0.0
ql-ROM-style within a fixed POD space,2026,189.86227838,9609,18,816.2142944335938,common_POD_r32_gauge_fixed,1.1911549355690734,13.519752316713046,1,0,0.0
ql-ROM-style within a fixed POD space,2026,189.86227838,9609,19,819.9243774414062,common_POD_r32_gauge_fixed,1.0652011070055738,14.025676535619585,3,1,0.03513430710406058
ql-ROM-style within a fixed POD space,2026,189.86227838,9609,20,823.6344604492188,common_POD_r32_gauge_fixed,1.1840611745525178,14.822664786905923,3,0,0.0
ql-ROM-style within a fixed POD space,2026,189.86227838,9609,21,827.3445434570312,common_POD_r32_gauge_fixed,1.0413978408081592,14.285442732430933,4,1,0.032700807541592936
ql-ROM-style within a fixed POD space,2026,189.86227838,9609,22,831.0545654296875,common_POD_r32_gauge_fixed,1.1479168761587937,13.927332598413624,4,0,0.0
ql-ROM-style within a fixed POD space,2026,189.86227838,9609,23,834.7646484375,common_POD_r32_gauge_fixed,1.2659417054080448,14.799230123804104,4,0,0.0
ql-ROM-style within a fixed POD space,2026,189.86227838,9609,24,838.4747314453125,common_POD_r32_gauge_fixed,1.1886544777500507,15.192729950177538,1,1,0.033177825852188224
ql-ROM-style within a fixed POD space,2026,189.86227838,9609,25,842.1847534179688,common_POD_r32_gauge_fixed,1.2910530598695629,14.476373429798464,1,0,0.0
ql-ROM-style within a fixed POD space,2026,189.86227838,9609,26,845.8948364257812,common_POD_r32_gauge_fixed,1.1341728396481758,14.233666011914167,3,1,0.037572741771474315
ql-ROM-style within a fixed POD space,2026,189.86227838,9609,27,849.6049194335938,common_POD_r32_gauge_fixed,1.2298204847245249,14.48021500834333,3,0,0.0
ql-ROM-style within a fixed POD space,2026,189.86227838,9609,28,853.3150024414062,common_POD_r32_gauge_fixed,1.3215097972765601,15.2335617909898,3,0,0.0
ql-ROM-style within a fixed POD space,2026,189.86227838,9609,29,857.0250244140625,common_POD_r32_gauge_fixed,1.145155381184197,14.333787067256221,4,1,0.037787668700809636
ql-ROM-style within a fixed POD space,2026,189.86227838,9609,30,860.735107421875,common_POD_r32_gauge_fixed,1.2604840903422854,14.008739923660654,4,0,0.0
ql-ROM-style within a fixed POD space,2026,189.86227838,9609,31,864.4451904296875,common_POD_r32_gauge_fixed,1.1845641120624881,15.049221794045058,1,1,0.03155803017952834
ql-ROM-style within a fixed POD space,2026,189.86227838,9609,32,868.1552124023438,common_POD_r32_gauge_fixed,1.2894680338546791,15.235716705490916,1,0,0.0
ql-ROM-style within a fixed POD space,2026,189.86227838,9609,33,871.8652954101562,common_POD_r32_gauge_fixed,1.3881910100167931,13.963368724591854,1,0,0.0
ql-ROM-style within a fixed POD space,2026,189.86227838,9609,34,875.5753784179688,common_POD_r32_gauge_fixed,1.2668238368944944,14.278163686405962,3,1,0.03668216772077828
ql-ROM-style within a fixed POD space,2026,189.86227838,9609,35,879.285400390625,common_POD_r32_gauge_fixed,1.3626466919067184,15.080221230084808,3,0,0.0
ql-ROM-style within a fixed POD space,2026,189.86227838,9609,36,882.9954833984375,common_POD_r32_gauge_fixed,1.1962168822646877,14.626873152777858,4,1,0.0369258949879158
ql-ROM-style within a fixed POD space,2026,189.86227838,9609,37,886.70556640625,common_POD_r32_gauge_fixed,1.2699947614064524,14.215616490906202,4,0,0.0
ql-ROM-style within a fixed POD space,2026,189.86227838,9609,38,890.4156494140625,common_POD_r32_gauge_fixed,1.3735346167425644,14.621742625976115,4,0,0.0
ql-ROM-style within a fixed POD space,2026,189.86227838,9609,39,894.1256713867188,common_POD_r32_gauge_fixed,1.2778683692090211,15.345832352910971,1,1,0.029134566989924022
ql-ROM-style within a fixed POD space,2026,189.86227838,9609,40,897.8357543945312,common_POD_r32_gauge_fixed,1.3596045212408632,15.006511733014829,1,0,0.0
ql-ROM-style within a fixed POD space,2026,189.86227838,9609,41,901.5458374023438,common_POD_r32_gauge_fixed,1.176378627231569,14.447679587288349,3,1,0.039080320138012985
ql-ROM-style within a fixed POD space,2026,189.86227838,9609,42,905.255859375,common_POD_r32_gauge_fixed,1.2555785911645898,14.44200480060358,3,0,0.0
ql-ROM-style within a fixed POD space,2026,189.86227838,9609,43,908.9659423828125,common_POD_r32_gauge_fixed,1.3324921600420612,15.422079911178106,3,0,0.0
ql-ROM-style within a fixed POD space,2026,189.86227838,9609,44,912.676025390625,common_POD_r32_gauge_fixed,1.1506226426577215,14.566423520149005,4,1,0.03785709139076029
ql-ROM-style within a fixed POD space,2026,189.86227838,9609,45,916.3861083984375,common_POD_r32_gauge_fixed,1.247760471043445,14.142998336907828,4,0,0.0
ql-ROM-style within a fixed POD space,2026,189.86227838,9609,46,920.0961303710938,common_POD_r32_gauge_fixed,1.1843080308958882,15.14088919324321,1,1,0.03114934373550114
ql-ROM-style within a fixed POD space,2026,189.86227838,9609,47,923.8062133789062,common_POD_r32_gauge_fixed,1.280455080347419,15.488392582902504,1,0,0.0
ql-ROM-style within a fixed POD space,2026,189.86227838,9609,48,927.5162963867188,common_POD_r32_gauge_fixed,1.3667011406946004,14.465309462757928,1,0,0.0
ql-ROM-style within a fixed POD space,2026,70.3146353337,976,1,1396.9688720703125,common_POD_r32_gauge_fixed,0.14179121075293155,25.611471455905317,5,0,0.0
ql-ROM-style within a fixed POD space,2026,70.3146353337,976,2,1409.4417724609375,common_POD_r32_gauge_fixed,0.21468541700888438,25.63131850883602,5,0,0.0
ql-ROM-style within a fixed POD space,2026,70.3146353337,976,3,1421.914794921875,common_POD_r32_gauge_fixed,0.2908727353173363,25.561950260169215,5,0,0.0
ql-ROM-style within a fixed POD space,2026,70.3146353337,976,4,1434.3876953125,common_POD_r32_gauge_fixed,0.382372200257127,25.618024599085746,5,0,0.0
ql-ROM-style within a fixed POD space,2026,70.3146353337,976,5,1446.860595703125,common_POD_r32_gauge_fixed,0.4801972629429658,25.85258237986136,5,0,0.0
ql-ROM-style within a fixed POD space,2026,70.3146353337,976,6,1459.3336181640625,common_POD_r32_gauge_fixed,0.5709347605488497,25.984894493219983,5,0,0.0
ql-ROM-style within a fixed POD space,2026,70.3146353337,976,7,1471.8065185546875,common_POD_r32_gauge_fixed,0.6713074516036568,25.82784176266856,5,0,0.0
ql-ROM-style within a fixed POD space,2026,70.3146353337,976,8,1484.2794189453125,common_POD_r32_gauge_fixed,0.7945915585205935,25.665225526487223,5,0,0.0
ql-ROM-style within a fixed POD space,2026,70.3146353337,976,9,1496.7523193359375,common_POD_r32_gauge_fixed,0.9348331340537934,25.80584170964883,5,0,0.0
ql-ROM-style within a fixed POD space,2026,70.3146353337,976,10,1509.225341796875,common_POD_r32_gauge_fixed,1.0705763770374863,26.00677607157092,5,0,0.0
ql-ROM-style within a fixed POD space,2026,70.3146353337,976,11,1521.6982421875,common_POD_r32_gauge_fixed,1.199891694739785,25.77228874355854,5,0,0.0
ql-ROM-style within a fixed POD space,2026,70.3146353337,976,12,1534.171142578125,common_POD_r32_gauge_fixed,1.3467190318596973,25.285404822048186,5,0,0.0
ql-ROM-style within a fixed POD space,2026,70.3146353337,976,13,1546.6441650390625,common_POD_r32_gauge_fixed,1.5229866991695031,25.27602295993062,5,0,0.0
ql-ROM-style within a fixed POD space,2026,70.3146353337,976,14,1559.1170654296875,common_POD_r32_gauge_fixed,1.715810059460226,25.871618275968693,5,0,0.0
ql-ROM-style within a fixed POD space,2026,70.3146353337,976,15,1571.5899658203125,common_POD_r32_gauge_fixed,1.8915053998406508,26.233528051542066,5,0,0.0
ql-ROM-style within a fixed POD space,2026,70.3146353337,976,16,1584.06298828125,common_POD_r32_gauge_fixed,2.078417270020369,25.809106908101597,5,0,0.0
ql-ROM-style within a fixed POD space,2026,70.3146353337,976,17,1596.535888671875,common_POD_r32_gauge_fixed,2.296351717835463,25.503659538647426,5,0,0.0
ql-ROM-style within a fixed POD space,2026,70.3146353337,976,18,1609.0087890625,common_POD_r32_gauge_fixed,2.5276827662899284,26.073658563998436,5,0,0.0
ql-ROM-style within a fixed POD space,2026,70.3146353337,976,19,1621.481689453125,common_POD_r32_gauge_fixed,2.7567338112833135,26.996815259932244,5,0,0.0
ql-ROM-style within a fixed POD space,2026,70.3146353337,976,20,1633.9547119140625,common_POD_r32_gauge_fixed,2.9792106190669503,27.176498836179135,5,0,0.0
ql-ROM-style within a fixed POD space,2026,70.3146353337,976,21,1646.4276123046875,common_POD_r32_gauge_fixed,3.2192003202466632,26.81142335863796,5,0,0.0
ql-ROM-style within a fixed POD space,2026,70.3146353337,976,22,1658.9005126953125,common_POD_r32_gauge_fixed,3.475989501077296,27.18707609273364,5,0,0.0
ql-ROM-style within a fixed POD space,2026,70.3146353337,976,23,1671.37353515625,common_POD_r32_gauge_fixed,3.7527547755121105,28.415797602024874,5,0,0.0
ql-ROM-style within a fixed POD space,2026,70.3146353337,976,24,1683.846435546875,common_POD_r32_gauge_fixed,4.023608590636646,29.5698791623649,5,0,0.0
ql-ROM-style within a fixed POD space,2026,70.3146353337,976,25,1696.3193359375,common_POD_r32_gauge_fixed,4.2968229294122455,29.788441673341303,5,0,0.0
ql-ROM-style within a fixed POD space,2026,70.3146353337,976,26,1708.792236328125,common_POD_r32_gauge_fixed,4.601251240417449,30.08468329697348,5,0,0.0
ql-ROM-style within a fixed POD space,2026,70.3146353337,976,27,1721.2652587890625,common_POD_r32_gauge_fixed,4.9291699224842045,31.10617514114592,5,0,0.0
ql-ROM-style within a fixed POD space,2026,70.3146353337,976,28,1733.7381591796875,common_POD_r32_gauge_fixed,5.2682562516353135,32.50018307279009,5,0,0.0
ql-ROM-style within a fixed POD space,2026,70.3146353337,976,29,1746.2110595703125,common_POD_r32_gauge_fixed,5.587917489256325,33.532319656058476,5,0,0.0
ql-ROM-style within a fixed POD space,2026,70.3146353337,976,30,1758.68408203125,common_POD_r32_gauge_fixed,5.901338110914513,33.96294011556428,5,0,0.0
ql-ROM-style within a fixed POD space,2026,70.3146353337,976,31,1771.156982421875,common_POD_r32_gauge_fixed,6.25425186861658,34.702030337338776,5,0,0.0
ql-ROM-style within a fixed POD space,2026,70.3146353337,976,32,1783.6298828125,common_POD_r32_gauge_fixed,6.646807138764391,35.820758313295826,5,0,0.0
ql-ROM-style within a fixed POD space,2026,70.3146353337,976,33,1796.1029052734375,common_POD_r32_gauge_fixed,7.0265663645567775,37.2398845120434,5,0,0.0
ql-ROM-style within a fixed POD space,2026,70.3146353337,976,34,1808.5758056640625,common_POD_r32_gauge_fixed,7.355795494350821,37.98752383176989,5,0,0.0
ql-ROM-style within a fixed POD space,2026,70.3146353337,976,35,1821.0487060546875,common_POD_r32_gauge_fixed,7.709351151783118,38.646889063383,5,0,0.0
ql-ROM-style within a fixed POD space,2026,70.3146353337,976,36,1833.5216064453125,common_POD_r32_gauge_fixed,8.129844394182776,39.63583656860416,5,0,0.0
ql-ROM-style within a fixed POD space,2026,70.3146353337,976,37,1845.99462890625,common_POD_r32_gauge_fixed,8.555033394706456,40.89796262944053,5,0,0.0
ql-ROM-style within a fixed POD space,2026,70.3146353337,976,38,1858.467529296875,common_POD_r32_gauge_fixed,8.907413503475583,41.93381203762156,5,0,0.0
ql-ROM-style within a fixed POD space,2026,70.3146353337,976,39,1870.9404296875,common_POD_r32_gauge_fixed,9.21217050395331,42.28173608040107,5,0,0.0
ql-ROM-style within a fixed POD space,2026,70.3146353337,976,40,1883.4134521484375,common_POD_r32_gauge_fixed,9.597760908625409,42.92410383204916,5,0,0.0
ql-ROM-style within a fixed POD space,2026,70.3146353337,976,41,1895.8863525390625,common_POD_r32_gauge_fixed,10.0363410630491,43.91608979270414,5,0,0.0
ql-ROM-style within a fixed POD space,2026,70.3146353337,976,42,1908.3592529296875,common_POD_r32_gauge_fixed,10.423796508812758,45.06418204426648,5,0,0.0
ql-ROM-style within a fixed POD space,2026,70.3146353337,976,43,1920.832275390625,common_POD_r32_gauge_fixed,10.696457492380336,45.227035841797495,5,0,0.0
ql-ROM-style within a fixed POD space,2026,70.3146353337,976,44,1933.30517578125,common_POD_r32_gauge_fixed,10.99777045053619,45.80534188009868,5,0,0.0
ql-ROM-style within a fixed POD space,2026,70.3146353337,976,45,1945.778076171875,common_POD_r32_gauge_fixed,11.401684008740665,46.61990676341013,5,0,0.0
ql-ROM-style within a fixed POD space,2026,70.3146353337,976,46,1958.2509765625,common_POD_r32_gauge_fixed,11.791529034989292,47.67249202470351,5,0,0.0
ql-ROM-style within a fixed POD space,2026,70.3146353337,976,47,1970.7239990234375,common_POD_r32_gauge_fixed,12.038305580460463,47.9589165589663,5,0,0.0
ql-ROM-style within a fixed POD space,2026,70.3146353337,976,48,1983.1968994140625,common_POD_r32_gauge_fixed,12.215677921078266,48.13620629438726,5,0,0.0
ql-ROM-style within a fixed POD space,2026,70.3146353337,984,1,1496.7523193359375,common_POD_r32_gauge_fixed,0.19801119619385338,24.778795046504285,5,0,0.0
ql-ROM-style within a fixed POD space,2026,70.3146353337,984,2,1509.225341796875,common_POD_r32_gauge_fixed,0.30902175192680326,24.99979563736429,5,0,0.0
ql-ROM-style within a fixed POD space,2026,70.3146353337,984,3,1521.6982421875,common_POD_r32_gauge_fixed,0.41880032408437584,25.042185346138673,5,0,0.0
ql-ROM-style within a fixed POD space,2026,70.3146353337,984,4,1534.171142578125,common_POD_r32_gauge_fixed,0.5315875129031256,24.702874565300668,5,0,0.0
ql-ROM-style within a fixed POD space,2026,70.3146353337,984,5,1546.6441650390625,common_POD_r32_gauge_fixed,0.6682267198702476,24.456809266396558,5,0,0.0
ql-ROM-style within a fixed POD space,2026,70.3146353337,984,6,1559.1170654296875,common_POD_r32_gauge_fixed,0.8316846220835432,24.715698746142635,5,0,0.0
ql-ROM-style within a fixed POD space,2026,70.3146353337,984,7,1571.5899658203125,common_POD_r32_gauge_fixed,0.9826610472669731,25.083399819378204,5,0,0.0
ql-ROM-style within a fixed POD space,2026,70.3146353337,984,8,1584.06298828125,common_POD_r32_gauge_fixed,1.131632904219612,24.829631645479743,5,0,0.0
ql-ROM-style within a fixed POD space,2026,70.3146353337,984,9,1596.535888671875,common_POD_r32_gauge_fixed,1.3104073330007788,24.27179010212959,5,0,0.0
ql-ROM-style within a fixed POD space,2026,70.3146353337,984,10,1609.0087890625,common_POD_r32_gauge_fixed,1.5050039548107124,24.31281711498005,5,0,0.0
ql-ROM-style within a fixed POD space,2026,70.3146353337,984,11,1621.481689453125,common_POD_r32_gauge_fixed,1.7040837452335231,24.924832630808822,5,0,0.0
ql-ROM-style within a fixed POD space,2026,70.3146353337,984,12,1633.9547119140625,common_POD_r32_gauge_fixed,1.8880564930552686,25.10538002479681,5,0,0.0
ql-ROM-style within a fixed POD space,2026,70.3146353337,984,13,1646.4276123046875,common_POD_r32_gauge_fixed,2.0898467736501942,24.510465958614727,5,0,0.0
ql-ROM-style within a fixed POD space,2026,70.3146353337,984,14,1658.9005126953125,common_POD_r32_gauge_fixed,2.3091887338240213,24.311689406759996,5,0,0.0
ql-ROM-style within a fixed POD space,2026,70.3146353337,984,15,1671.37353515625,common_POD_r32_gauge_fixed,2.545275559061391,25.062475982640485,5,0,0.0
ql-ROM-style within a fixed POD space,2026,70.3146353337,984,16,1683.846435546875,common_POD_r32_gauge_fixed,2.774654479044183,26.04391885248592,5,0,0.0
ql-ROM-style within a fixed POD space,2026,70.3146353337,984,17,1696.3193359375,common_POD_r32_gauge_fixed,3.001509416812403,26.13002268268869,5,0,0.0
ql-ROM-style within a fixed POD space,2026,70.3146353337,984,18,1708.792236328125,common_POD_r32_gauge_fixed,3.267903241810161,25.943535607354445,5,0,0.0
ql-ROM-style within a fixed POD space,2026,70.3146353337,984,19,1721.2652587890625,common_POD_r32_gauge_fixed,3.541571181343665,26.591381684730315,5,0,0.0
ql-ROM-style within a fixed POD space,2026,70.3146353337,984,20,1733.7381591796875,common_POD_r32_gauge_fixed,3.821812694810972,27.711926325811458,5,0,0.0
ql-ROM-style within a fixed POD space,2026,70.3146353337,984,21,1746.2110595703125,common_POD_r32_gauge_fixed,4.091346484016221,28.5859836115111,5,0,0.0
ql-ROM-style within a fixed POD space,2026,70.3146353337,984,22,1758.68408203125,common_POD_r32_gauge_fixed,4.36631430509873,28.8608670500947,5,0,0.0
ql-ROM-style within a fixed POD space,2026,70.3146353337,984,23,1771.156982421875,common_POD_r32_gauge_fixed,4.662376643112857,29.389839893675585,5,0,0.0
ql-ROM-style within a fixed POD space,2026,70.3146353337,984,24,1783.6298828125,common_POD_r32_gauge_fixed,4.990000304170899,30.248945784089436,5,0,0.0
ql-ROM-style within a fixed POD space,2026,70.3146353337,984,25,1796.1029052734375,common_POD_r32_gauge_fixed,5.325503223603129,31.352167358922646,5,0,0.0
ql-ROM-style within a fixed POD space,2026,70.3146353337,984,26,1808.5758056640625,common_POD_r32_gauge_fixed,5.627561151393424,32.08144126447434,5,0,0.0
ql-ROM-style within a fixed POD space,2026,70.3146353337,984,27,1821.0487060546875,common_POD_r32_gauge_fixed,5.939634667327693,32.663973393469114,5,0,0.0
ql-ROM-style within a fixed POD space,2026,70.3146353337,984,28,1833.5216064453125,common_POD_r32_gauge_fixed,6.302297867273228,33.61758474181323,5,0,0.0
ql-ROM-style within a fixed POD space,2026,70.3146353337,984,29,1845.99462890625,common_POD_r32_gauge_fixed,6.689974875834482,34.59735789023956,5,0,0.0
ql-ROM-style within a fixed POD space,2026,70.3146353337,984,30,1858.467529296875,common_POD_r32_gauge_fixed,7.029882388486358,35.59861886466153,5,0,0.0
ql-ROM-style within a fixed POD space,2026,70.3146353337,984,31,1870.9404296875,common_POD_r32_gauge_fixed,7.321653131826027,36.18622820001998,5,0,0.0
ql-ROM-style within a fixed POD space,2026,70.3146353337,984,32,1883.4134521484375,common_POD_r32_gauge_fixed,7.663914053736155,36.92954263988857,5,0,0.0
ql-ROM-style within a fixed POD space,2026,70.3146353337,984,33,1895.8863525390625,common_POD_r32_gauge_fixed,8.073191658452135,37.67850708876134,5,0,0.0
ql-ROM-style within a fixed POD space,2026,70.3146353337,984,34,1908.3592529296875,common_POD_r32_gauge_fixed,8.461446749115892,38.754720626822035,5,0,0.0
ql-ROM-style within a fixed POD space,2026,70.3146353337,984,35,1920.832275390625,common_POD_r32_gauge_fixed,8.756308627756445,39.129414250716195,5,0,0.0
ql-ROM-style within a fixed POD space,2026,70.3146353337,984,36,1933.30517578125,common_POD_r32_gauge_fixed,9.0474777084291,39.78341181673801,5,0,0.0
ql-ROM-style within a fixed POD space,2026,70.3146353337,984,37,1945.778076171875,common_POD_r32_gauge_fixed,9.433570834181344,40.70528719424442,5,0,0.0
ql-ROM-style within a fixed POD space,2026,70.3146353337,984,38,1958.2509765625,common_POD_r32_gauge_fixed,9.833987775033709,41.600117236726156,5,0,0.0
ql-ROM-style within a fixed POD space,2026,70.3146353337,984,39,1970.7239990234375,common_POD_r32_gauge_fixed,10.135402724691359,42.10470262253789,5,0,0.0
ql-ROM-style within a fixed POD space,2026,70.3146353337,984,40,1983.1968994140625,common_POD_r32_gauge_fixed,10.34315074661193,42.352304856442814,5,0,0.0
ql-ROM-style within a fixed POD space,2026,70.3146353337,984,41,1995.6697998046875,common_POD_r32_gauge_fixed,10.650047583922689,43.11339244241946,5,0,0.0
ql-ROM-style within a fixed POD space,2026,70.3146353337,984,42,2008.142822265625,common_POD_r32_gauge_fixed,11.030560446239313,43.97705012995508,5,0,0.0
ql-ROM-style within a fixed POD space,2026,70.3146353337,984,43,2020.61572265625,common_POD_r32_gauge_fixed,11.333745025222834,44.51482141766406,5,0,0.0
ql-ROM-style within a fixed POD space,2026,70.3146353337,984,44,2033.088623046875,common_POD_r32_gauge_fixed,11.470775821246997,44.54509238612437,5,0,0.0
ql-ROM-style within a fixed POD space,2026,70.3146353337,984,45,2045.5615234375,common_POD_r32_gauge_fixed,11.66263057359804,45.37168267623204,5,0,0.0
ql-ROM-style within a fixed POD space,2026,70.3146353337,984,46,2058.034423828125,common_POD_r32_gauge_fixed,11.989489589432326,46.05308650826549,5,0,0.0
ql-ROM-style within a fixed POD space,2026,70.3146353337,984,47,2070.507568359375,common_POD_r32_gauge_fixed,12.274649437173913,46.8165351216238,5,0,0.0
ql-ROM-style within a fixed POD space,2026,70.3146353337,984,48,2082.98046875,common_POD_r32_gauge_fixed,12.36172909558155,46.73290196099985,5,0,0.0
ql-ROM-style within a fixed POD space,2026,70.3146353337,1000,1,1696.3193359375,common_POD_r32_gauge_fixed,0.2021991746472663,22.894957865831167,5,0,0.0
ql-ROM-style within a fixed POD space,2026,70.3146353337,1000,2,1708.792236328125,common_POD_r32_gauge_fixed,0.3879086392465652,22.507288353564586,5,0,0.0
ql-ROM-style within a fixed POD space,2026,70.3146353337,1000,3,1721.2652587890625,common_POD_r32_gauge_fixed,0.5889330173621716,22.091759204239555,5,0,0.0
ql-ROM-style within a fixed POD space,2026,70.3146353337,1000,4,1733.7381591796875,common_POD_r32_gauge_fixed,0.781045766019781,22.246024920224873,5,0,0.0
ql-ROM-style within a fixed POD space,2026,70.3146353337,1000,5,1746.2110595703125,common_POD_r32_gauge_fixed,0.9631911443557101,22.65013925535074,5,0,0.0
ql-ROM-style within a fixed POD space,2026,70.3146353337,1000,6,1758.68408203125,common_POD_r32_gauge_fixed,1.145659344864816,22.569019270222405,5,0,0.0
ql-ROM-style within a fixed POD space,2026,70.3146353337,1000,7,1771.156982421875,common_POD_r32_gauge_fixed,1.3573601210012054,22.21549302317332,5,0,0.0
ql-ROM-style within a fixed POD space,2026,70.3146353337,1000,8,1783.6298828125,common_POD_r32_gauge_fixed,1.5565717062132782,22.312946361798847,5,0,0.0
ql-ROM-style within a fixed POD space,2026,70.3146353337,1000,9,1796.1029052734375,common_POD_r32_gauge_fixed,1.7482116475051304,22.75445213228765,5,0,0.0
ql-ROM-style within a fixed POD space,2026,70.3146353337,1000,10,1808.5758056640625,common_POD_r32_gauge_fixed,1.9236494355063853,23.018089440174645,5,0,0.0
ql-ROM-style within a fixed POD space,2026,70.3146353337,1000,11,1821.0487060546875,common_POD_r32_gauge_fixed,2.1373699721223884,22.794269578571445,5,0,0.0
ql-ROM-style within a fixed POD space,2026,70.3146353337,1000,12,1833.5216064453125,common_POD_r32_gauge_fixed,2.3645034913670093,23.042262595051646,5,0,0.0
ql-ROM-style within a fixed POD space,2026,70.3146353337,1000,13,1845.99462890625,common_POD_r32_gauge_fixed,2.5816743406240263,23.66732640830093,5,0,0.0
ql-ROM-style within a fixed POD space,2026,70.3146353337,1000,14,1858.467529296875,common_POD_r32_gauge_fixed,2.789032696685357,24.2137992830592,5,0,0.0
ql-ROM-style within a fixed POD space,2026,70.3146353337,1000,15,1870.9404296875,common_POD_r32_gauge_fixed,2.996018050095239,24.5653444184204,5,0,0.0
ql-ROM-style within a fixed POD space,2026,70.3146353337,1000,16,1883.4134521484375,common_POD_r32_gauge_fixed,3.219086745762978,25.067896672414484,5,0,0.0
ql-ROM-style within a fixed POD space,2026,70.3146353337,1000,17,1895.8863525390625,common_POD_r32_gauge_fixed,3.46721799236641,25.553092933794698,5,0,0.0
ql-ROM-style within a fixed POD space,2026,70.3146353337,1000,18,1908.3592529296875,common_POD_r32_gauge_fixed,3.7348311186705523,25.97783971761273,5,0,0.0
ql-ROM-style within a fixed POD space,2026,70.3146353337,1000,19,1920.832275390625,common_POD_r32_gauge_fixed,3.9746000312567413,26.35857014778159,5,0,0.0
ql-ROM-style within a fixed POD space,2026,70.3146353337,1000,20,1933.30517578125,common_POD_r32_gauge_fixed,4.200391174492833,26.71560703241086,5,0,0.0
ql-ROM-style within a fixed POD space,2026,70.3146353337,1000,21,1945.778076171875,common_POD_r32_gauge_fixed,4.459558200735764,27.67619893495351,5,0,0.0
ql-ROM-style within a fixed POD space,2026,70.3146353337,1000,22,1958.2509765625,common_POD_r32_gauge_fixed,4.764805051141248,28.37479411420126,5,0,0.0
ql-ROM-style within a fixed POD space,2026,70.3146353337,1000,23,1970.7239990234375,common_POD_r32_gauge_fixed,5.047188571807891,28.818646591467555,5,0,0.0
ql-ROM-style within a fixed POD space,2026,70.3146353337,1000,24,1983.1968994140625,common_POD_r32_gauge_fixed,5.281141034937232,29.22427755357337,5,0,0.0
ql-ROM-style within a fixed POD space,2026,70.3146353337,1000,25,1995.6697998046875,common_POD_r32_gauge_fixed,5.527156947782188,30.05985482692498,5,0,0.0
ql-ROM-style within a fixed POD space,2026,70.3146353337,1000,26,2008.142822265625,common_POD_r32_gauge_fixed,5.848448087105403,30.651164011839565,5,0,0.0
ql-ROM-style within a fixed POD space,2026,70.3146353337,1000,27,2020.61572265625,common_POD_r32_gauge_fixed,6.172224496742021,31.2053943056414,5,0,0.0
ql-ROM-style within a fixed POD space,2026,70.3146353337,1000,28,2033.088623046875,common_POD_r32_gauge_fixed,6.42420578534419,31.191638053588296,5,0,0.0
ql-ROM-style within a fixed POD space,2026,70.3146353337,1000,29,2045.5615234375,common_POD_r32_gauge_fixed,6.64023408992243,31.85010710768612,5,0,0.0
ql-ROM-style within a fixed POD space,2026,70.3146353337,1000,30,2058.034423828125,common_POD_r32_gauge_fixed,6.940201637955068,32.97925139775772,5,0,0.0
ql-ROM-style within a fixed POD space,2026,70.3146353337,1000,31,2070.507568359375,common_POD_r32_gauge_fixed,7.270214439289793,33.54290191667127,5,0,0.0
ql-ROM-style within a fixed POD space,2026,70.3146353337,1000,32,2082.98046875,common_POD_r32_gauge_fixed,7.5311707871654905,33.70564634369779,5,0,0.0
ql-ROM-style within a fixed POD space,2026,70.3146353337,1000,33,2095.453369140625,common_POD_r32_gauge_fixed,7.697380619145648,34.0764248087523,5,0,0.0
ql-ROM-style within a fixed POD space,2026,70.3146353337,1000,34,2107.92626953125,common_POD_r32_gauge_fixed,7.940159555757987,34.96406746459261,5,0,0.0
ql-ROM-style within a fixed POD space,2026,70.3146353337,1000,35,2120.399169921875,common_POD_r32_gauge_fixed,8.254316727657352,35.6124014488374,5,0,0.0
ql-ROM-style within a fixed POD space,2026,70.3146353337,1000,36,2132.8720703125,common_POD_r32_gauge_fixed,8.515415254776523,35.82836064876219,5,0,0.0
ql-ROM-style within a fixed POD space,2026,70.3146353337,1000,37,2145.344970703125,common_POD_r32_gauge_fixed,8.640722646697904,35.8991151778106,5,0,0.0
ql-ROM-style within a fixed POD space,2026,70.3146353337,1000,38,2157.818115234375,common_POD_r32_gauge_fixed,8.811334829553799,36.930556245886656,5,0,0.0
ql-ROM-style within a fixed POD space,2026,70.3146353337,1000,39,2170.291015625,common_POD_r32_gauge_fixed,9.094130969294163,37.60135880241855,5,0,0.0
ql-ROM-style within a fixed POD space,2026,70.3146353337,1000,40,2182.763916015625,common_POD_r32_gauge_fixed,9.343030075752983,38.07530356650084,5,0,0.0
ql-ROM-style within a fixed POD space,2026,70.3146353337,1000,41,2195.23681640625,common_POD_r32_gauge_fixed,9.433635550248855,38.018165126444984,5,0,0.0
ql-ROM-style within a fixed POD space,2026,70.3146353337,1000,42,2207.709716796875,common_POD_r32_gauge_fixed,9.536662115338032,38.51646300959459,5,0,0.0
ql-ROM-style within a fixed POD space,2026,70.3146353337,1000,43,2220.1826171875,common_POD_r32_gauge_fixed,9.786368647477559,39.17508964205992,5,0,0.0
ql-ROM-style within a fixed POD space,2026,70.3146353337,1000,44,2232.655517578125,common_POD_r32_gauge_fixed,10.028704287026692,39.78178830640882,5,0,0.0
ql-ROM-style within a fixed POD space,2026,70.3146353337,1000,45,2245.128662109375,common_POD_r32_gauge_fixed,10.099781116229119,39.556573124119915,5,0,0.0
ql-ROM-style within a fixed POD space,2026,70.3146353337,1000,46,2257.6015625,common_POD_r32_gauge_fixed,10.147249725911665,39.95429314906861,5,0,0.0
ql-ROM-style within a fixed POD space,2026,70.3146353337,1000,47,2270.074462890625,common_POD_r32_gauge_fixed,10.3593255924124,40.60595375839946,5,0,0.0
ql-ROM-style within a fixed POD space,2026,70.3146353337,1000,48,2282.54736328125,common_POD_r32_gauge_fixed,10.58418427904933,41.285091488629675,5,0,0.0
ql-ROM-style within a fixed POD space,2026,70.3146353337,1016,1,1895.8863525390625,common_POD_r32_gauge_fixed,0.2998095792314901,22.95256719341929,5,0,0.0
ql-ROM-style within a fixed POD space,2026,70.3146353337,1016,2,1908.3592529296875,common_POD_r32_gauge_fixed,0.49745238080041676,22.823950671219162,5,0,0.0
ql-ROM-style within a fixed POD space,2026,70.3146353337,1016,3,1920.832275390625,common_POD_r32_gauge_fixed,0.7199901640285351,22.85789304831384,5,0,0.0
ql-ROM-style within a fixed POD space,2026,70.3146353337,1016,4,1933.30517578125,common_POD_r32_gauge_fixed,0.9666877198483149,22.66939686938719,5,0,0.0
ql-ROM-style within a fixed POD space,2026,70.3146353337,1016,5,1945.778076171875,common_POD_r32_gauge_fixed,1.223878185244246,22.701700310832038,5,0,0.0
ql-ROM-style within a fixed POD space,2026,70.3146353337,1016,6,1958.2509765625,common_POD_r32_gauge_fixed,1.4469771900301232,23.032119717781164,5,0,0.0
ql-ROM-style within a fixed POD space,2026,70.3146353337,1016,7,1970.7239990234375,common_POD_r32_gauge_fixed,1.6648351878735546,23.40928670421956,5,0,0.0
ql-ROM-style within a fixed POD space,2026,70.3146353337,1016,8,1983.1968994140625,common_POD_r32_gauge_fixed,1.8856044019200355,23.70998127672495,5,0,0.0
ql-ROM-style within a fixed POD space,2026,70.3146353337,1016,9,1995.6697998046875,common_POD_r32_gauge_fixed,2.113352259791778,24.079700287993226,5,0,0.0
ql-ROM-style within a fixed POD space,2026,70.3146353337,1016,10,2008.142822265625,common_POD_r32_gauge_fixed,2.3369403389532173,24.196334229974234,5,0,0.0
ql-ROM-style within a fixed POD space,2026,70.3146353337,1016,11,2020.61572265625,common_POD_r32_gauge_fixed,2.567367320806415,24.31474938167248,5,0,0.0
ql-ROM-style within a fixed POD space,2026,70.3146353337,1016,12,2033.088623046875,common_POD_r32_gauge_fixed,2.7917653701606544,24.446163394907973,5,0,0.0
ql-ROM-style within a fixed POD space,2026,70.3146353337,1016,13,2045.5615234375,common_POD_r32_gauge_fixed,3.006354581926622,24.661526692200994,5,0,0.0
ql-ROM-style within a fixed POD space,2026,70.3146353337,1016,14,2058.034423828125,common_POD_r32_gauge_fixed,3.231034804493918,25.40902867369096,5,0,0.0
ql-ROM-style within a fixed POD space,2026,70.3146353337,1016,15,2070.507568359375,common_POD_r32_gauge_fixed,3.4852955862966764,25.879626153714796,5,0,0.0
ql-ROM-style within a fixed POD space,2026,70.3146353337,1016,16,2082.98046875,common_POD_r32_gauge_fixed,3.72594312797741,26.11942584338072,5,0,0.0
ql-ROM-style within a fixed POD space,2026,70.3146353337,1016,17,2095.453369140625,common_POD_r32_gauge_fixed,3.9297417173485236,26.531615946576746,5,0,0.0
ql-ROM-style within a fixed POD space,2026,70.3146353337,1016,18,2107.92626953125,common_POD_r32_gauge_fixed,4.135020864503935,27.13880177095746,5,0,0.0
ql-ROM-style within a fixed POD space,2026,70.3146353337,1016,19,2120.399169921875,common_POD_r32_gauge_fixed,4.393516947496353,27.406426990725976,5,0,0.0
ql-ROM-style within a fixed POD space,2026,70.3146353337,1016,20,2132.8720703125,common_POD_r32_gauge_fixed,4.651059113660267,27.68698052821706,5,0,0.0
ql-ROM-style within a fixed POD space,2026,70.3146353337,1016,21,2145.344970703125,common_POD_r32_gauge_fixed,4.851481757179301,27.663892086781512,5,0,0.0
ql-ROM-style within a fixed POD space,2026,70.3146353337,1016,22,2157.818115234375,common_POD_r32_gauge_fixed,5.026930154693724,28.348029823061104,5,0,0.0
ql-ROM-style within a fixed POD space,2026,70.3146353337,1016,23,2170.291015625,common_POD_r32_gauge_fixed,5.273801326376105,29.082245722622957,5,0,0.0
ql-ROM-style within a fixed POD space,2026,70.3146353337,1016,24,2182.763916015625,common_POD_r32_gauge_fixed,5.534329979575416,29.41103094758469,5,0,0.0
ql-ROM-style within a fixed POD space,2026,70.3146353337,1016,25,2195.23681640625,common_POD_r32_gauge_fixed,5.729051859302663,29.50657651275256,5,0,0.0
ql-ROM-style within a fixed POD space,2026,70.3146353337,1016,26,2207.709716796875,common_POD_r32_gauge_fixed,5.8680883694645125,29.97074938642084,5,0,0.0
ql-ROM-style within a fixed POD space,2026,70.3146353337,1016,27,2220.1826171875,common_POD_r32_gauge_fixed,6.084498784951946,30.482893860776223,5,0,0.0
ql-ROM-style within a fixed POD space,2026,70.3146353337,1016,28,2232.655517578125,common_POD_r32_gauge_fixed,6.340924396697833,30.9012149472185,5,0,0.0
ql-ROM-style within a fixed POD space,2026,70.3146353337,1016,29,2245.128662109375,common_POD_r32_gauge_fixed,6.527419098046278,30.813923312928765,5,0,0.0
ql-ROM-style within a fixed POD space,2026,70.3146353337,1016,30,2257.6015625,common_POD_r32_gauge_fixed,6.633949051316238,31.098613807412605,5,0,0.0
ql-ROM-style within a fixed POD space,2026,70.3146353337,1016,31,2270.074462890625,common_POD_r32_gauge_fixed,6.813881734752929,31.913991142701704,5,0,0.0
ql-ROM-style within a fixed POD space,2026,70.3146353337,1016,32,2282.54736328125,common_POD_r32_gauge_fixed,7.050351525628239,32.36652976429659,5,0,0.0
ql-ROM-style within a fixed POD space,2026,70.3146353337,1016,33,2295.020263671875,common_POD_r32_gauge_fixed,7.226009354312393,32.51538602601174,5,0,0.0
ql-ROM-style within a fixed POD space,2026,70.3146353337,1016,34,2307.4931640625,common_POD_r32_gauge_fixed,7.292120835548781,32.61442761464404,5,0,0.0
ql-ROM-style within a fixed POD space,2026,70.3146353337,1016,35,2319.966064453125,common_POD_r32_gauge_fixed,7.422750508574969,33.08800438459583,5,0,0.0
ql-ROM-style within a fixed POD space,2026,70.3146353337,1016,36,2332.439208984375,common_POD_r32_gauge_fixed,7.637540652272255,33.51383968525094,5,0,0.0
ql-ROM-style within a fixed POD space,2026,70.3146353337,1016,37,2344.912109375,common_POD_r32_gauge_fixed,7.805285558717323,33.69482656692622,5,0,0.0
ql-ROM-style within a fixed POD space,2026,70.3146353337,1016,38,2357.385009765625,common_POD_r32_gauge_fixed,7.843613271935762,33.57526090438423,5,0,0.0
ql-ROM-style within a fixed POD space,2026,70.3146353337,1016,39,2369.85791015625,common_POD_r32_gauge_fixed,7.929114880106542,34.1581988219047,5,0,0.0
ql-ROM-style within a fixed POD space,2026,70.3146353337,1016,40,2382.330810546875,common_POD_r32_gauge_fixed,8.121946243185626,34.61032720636142,5,0,0.0
ql-ROM-style within a fixed POD space,2026,70.3146353337,1016,41,2394.8037109375,common_POD_r32_gauge_fixed,8.279974646975909,34.974299833360945,5,0,0.0
ql-ROM-style within a fixed POD space,2026,70.3146353337,1016,42,2407.27685546875,common_POD_r32_gauge_fixed,8.296855458030851,34.80135565483814,5,0,0.0
ql-ROM-style within a fixed POD space,2026,70.3146353337,1016,43,2419.749755859375,common_POD_r32_gauge_fixed,8.334486984638959,34.98760900985341,5,0,0.0
ql-ROM-style within a fixed POD space,2026,70.3146353337,1016,44,2432.22265625,common_POD_r32_gauge_fixed,8.503569961328058,35.38879524503998,5,0,0.0
ql-ROM-style within a fixed POD space,2026,70.3146353337,1016,45,2444.695556640625,common_POD_r32_gauge_fixed,8.656528820280759,35.73831101187988,5,0,0.0
ql-ROM-style within a fixed POD space,2026,70.3146353337,1016,46,2457.16845703125,common_POD_r32_gauge_fixed,8.664227271420419,35.445722922857684,5,0,0.0
ql-ROM-style within a fixed POD space,2026,70.3146353337,1016,47,2469.641357421875,common_POD_r32_gauge_fixed,8.65990928992394,35.59676575985558,5,0,0.0
ql-ROM-style within a fixed POD space,2026,70.3146353337,1016,48,2482.1142578125,common_POD_r32_gauge_fixed,8.800263478227844,36.04889556513981,5,0,0.0
ql-ROM-style within a fixed POD space,2026,70.3146353337,1024,1,1995.6697998046875,common_POD_r32_gauge_fixed,0.31776930763506533,23.510580401453982,5,0,0.0
ql-ROM-style within a fixed POD space,2026,70.3146353337,1024,2,2008.142822265625,common_POD_r32_gauge_fixed,0.5505876196466934,23.582438050389214,5,0,0.0
ql-ROM-style within a fixed POD space,2026,70.3146353337,1024,3,2020.61572265625,common_POD_r32_gauge_fixed,0.782445167014827,23.434986656548883,5,0,0.0
ql-ROM-style within a fixed POD space,2026,70.3146353337,1024,4,2033.088623046875,common_POD_r32_gauge_fixed,1.0262599846875098,23.497777231169227,5,0,0.0
ql-ROM-style within a fixed POD space,2026,70.3146353337,1024,5,2045.5615234375,common_POD_r32_gauge_fixed,1.2877193832534046,23.389444627938293,5,0,0.0
ql-ROM-style within a fixed POD space,2026,70.3146353337,1024,6,2058.034423828125,common_POD_r32_gauge_fixed,1.5442917009282278,23.646086348998,5,0,0.0
ql-ROM-style within a fixed POD space,2026,70.3146353337,1024,7,2070.507568359375,common_POD_r32_gauge_fixed,1.7888052624144941,24.001881281949114,5,0,0.0
ql-ROM-style within a fixed POD space,2026,70.3146353337,1024,8,2082.98046875,common_POD_r32_gauge_fixed,2.0315830902280148,24.35137127276779,5,0,0.0
ql-ROM-style within a fixed POD space,2026,70.3146353337,1024,9,2095.453369140625,common_POD_r32_gauge_fixed,2.2723531540101565,24.707888593813916,5,0,0.0
ql-ROM-style within a fixed POD space,2026,70.3146353337,1024,10,2107.92626953125,common_POD_r32_gauge_fixed,2.505000292978835,25.05894021540246,5,0,0.0
ql-ROM-style within a fixed POD space,2026,70.3146353337,1024,11,2120.399169921875,common_POD_r32_gauge_fixed,2.7487680547874502,25.089296213261882,5,0,0.0
ql-ROM-style within a fixed POD space,2026,70.3146353337,1024,12,2132.8720703125,common_POD_r32_gauge_fixed,3.0035273633035393,25.357756816594375,5,0,0.0
ql-ROM-style within a fixed POD space,2026,70.3146353337,1024,13,2145.344970703125,common_POD_r32_gauge_fixed,3.2469661642636862,25.434717556834503,5,0,0.0
ql-ROM-style within a fixed POD space,2026,70.3146353337,1024,14,2157.818115234375,common_POD_r32_gauge_fixed,3.4654285733665446,25.925862694919115,5,0,0.0
ql-ROM-style within a fixed POD space,2026,70.3146353337,1024,15,2170.291015625,common_POD_r32_gauge_fixed,3.7135693761427757,26.57643432229333,5,0,0.0
ql-ROM-style within a fixed POD space,2026,70.3146353337,1024,16,2182.763916015625,common_POD_r32_gauge_fixed,3.9807208376314143,26.973449514883036,5,0,0.0
ql-ROM-style within a fixed POD space,2026,70.3146353337,1024,17,2195.23681640625,common_POD_r32_gauge_fixed,4.218059031127141,27.229590691049065,5,0,0.0
ql-ROM-style within a fixed POD space,2026,70.3146353337,1024,18,2207.709716796875,common_POD_r32_gauge_fixed,4.410625682107028,27.71483319501462,5,0,0.0
ql-ROM-style within a fixed POD space,2026,70.3146353337,1024,19,2220.1826171875,common_POD_r32_gauge_fixed,4.63774718268098,28.079765538642764,5,0,0.0
ql-ROM-style within a fixed POD space,2026,70.3146353337,1024,20,2232.655517578125,common_POD_r32_gauge_fixed,4.903334594260719,28.443423646949935,5,0,0.0
ql-ROM-style within a fixed POD space,2026,70.3146353337,1024,21,2245.128662109375,common_POD_r32_gauge_fixed,5.131389916786771,28.538350328859853,5,0,0.0
ql-ROM-style within a fixed POD space,2026,70.3146353337,1024,22,2257.6015625,common_POD_r32_gauge_fixed,5.300143096667016,28.765597544943226,5,0,0.0
ql-ROM-style within a fixed POD space,2026,70.3146353337,1024,23,2270.074462890625,common_POD_r32_gauge_fixed,5.499540922221474,29.519465407384626,5,0,0.0
ql-ROM-style within a fixed POD space,2026,70.3146353337,1024,24,2282.54736328125,common_POD_r32_gauge_fixed,5.749653646318934,30.00002435877689,5,0,0.0
ql-ROM-style within a fixed POD space,2026,70.3146353337,1024,25,2295.020263671875,common_POD_r32_gauge_fixed,5.968368875550889,30.197742842747843,5,0,0.0
ql-ROM-style within a fixed POD space,2026,70.3146353337,1024,26,2307.4931640625,common_POD_r32_gauge_fixed,6.105421696139747,30.39918714968513,5,0,0.0
ql-ROM-style within a fixed POD space,2026,70.3146353337,1024,27,2319.966064453125,common_POD_r32_gauge_fixed,6.262767850989295,30.86458520554296,5,0,0.0
ql-ROM-style within a fixed POD space,2026,70.3146353337,1024,28,2332.439208984375,common_POD_r32_gauge_fixed,6.491496970939141,31.25455610425331,5,0,0.0
ql-ROM-style within a fixed POD space,2026,70.3146353337,1024,29,2344.912109375,common_POD_r32_gauge_fixed,6.701056323254513,31.48016795819843,5,0,0.0
ql-ROM-style within a fixed POD space,2026,70.3146353337,1024,30,2357.385009765625,common_POD_r32_gauge_fixed,6.810672146085377,31.38314595982006,5,0,0.0
ql-ROM-style within a fixed POD space,2026,70.3146353337,1024,31,2369.85791015625,common_POD_r32_gauge_fixed,6.925749427363452,31.998129006730736,5,0,0.0
ql-ROM-style within a fixed POD space,2026,70.3146353337,1024,32,2382.330810546875,common_POD_r32_gauge_fixed,7.131670812087728,32.505393412793765,5,0,0.0
ql-ROM-style within a fixed POD space,2026,70.3146353337,1024,33,2394.8037109375,common_POD_r32_gauge_fixed,7.327628084100911,32.860091088399365,5,0,0.0
ql-ROM-style within a fixed POD space,2026,70.3146353337,1024,34,2407.27685546875,common_POD_r32_gauge_fixed,7.4093571657834065,32.824542079003294,5,0,0.0
ql-ROM-style within a fixed POD space,2026,70.3146353337,1024,35,2419.749755859375,common_POD_r32_gauge_fixed,7.473147982980008,33.09367292381601,5,0,0.0
ql-ROM-style within a fixed POD space,2026,70.3146353337,1024,36,2432.22265625,common_POD_r32_gauge_fixed,7.649876825479031,33.49505767132464,5,0,0.0
ql-ROM-style within a fixed POD space,2026,70.3146353337,1024,37,2444.695556640625,common_POD_r32_gauge_fixed,7.834476377647516,33.84850430891526,5,0,0.0
ql-ROM-style within a fixed POD space,2026,70.3146353337,1024,38,2457.16845703125,common_POD_r32_gauge_fixed,7.900968068794106,33.66395608779011,5,0,0.0
ql-ROM-style within a fixed POD space,2026,70.3146353337,1024,39,2469.641357421875,common_POD_r32_gauge_fixed,7.924307904739629,33.90458502761171,5,0,0.0
ql-ROM-style within a fixed POD space,2026,70.3146353337,1024,40,2482.1142578125,common_POD_r32_gauge_fixed,8.072340218187561,34.42117672541091,5,0,0.0
ql-ROM-style within a fixed POD space,2026,70.3146353337,1024,41,2494.58740234375,common_POD_r32_gauge_fixed,8.243866673266139,34.82323406601707,5,0,0.0
ql-ROM-style within a fixed POD space,2026,70.3146353337,1024,42,2507.060302734375,common_POD_r32_gauge_fixed,8.300500754695012,34.77932940434959,5,0,0.0
ql-ROM-style within a fixed POD space,2026,70.3146353337,1024,43,2519.533203125,common_POD_r32_gauge_fixed,8.280152574590396,34.68184932952875,5,0,0.0
ql-ROM-style within a fixed POD space,2026,70.3146353337,1024,44,2532.006103515625,common_POD_r32_gauge_fixed,8.392388117722488,34.97941093079412,5,0,0.0
ql-ROM-style within a fixed POD space,2026,70.3146353337,1024,45,2544.47900390625,common_POD_r32_gauge_fixed,8.553493519454085,35.371178288362934,5,0,0.0
ql-ROM-style within a fixed POD space,2026,70.3146353337,1024,46,2556.951904296875,common_POD_r32_gauge_fixed,8.609574903780521,35.30157066195091,5,0,0.0
ql-ROM-style within a fixed POD space,2026,70.3146353337,1024,47,2569.4248046875,common_POD_r32_gauge_fixed,8.563003605457038,35.09578708649265,5,0,0.0
ql-ROM-style within a fixed POD space,2026,70.3146353337,1024,48,2581.89794921875,common_POD_r32_gauge_fixed,8.637477623514664,35.48232861183488,5,0,0.0
ql-ROM-style within a fixed POD space,2026,70.3146353337,1040,1,2195.23681640625,common_POD_r32_gauge_fixed,0.2777551032785798,23.851098680004913,5,0,0.0
ql-ROM-style within a fixed POD space,2026,70.3146353337,1040,2,2207.709716796875,common_POD_r32_gauge_fixed,0.5647471061827324,24.1650746624249,5,0,0.0
ql-ROM-style within a fixed POD space,2026,70.3146353337,1040,3,2220.1826171875,common_POD_r32_gauge_fixed,0.8406615002495377,24.397507102902395,5,0,0.0
ql-ROM-style within a fixed POD space,2026,70.3146353337,1040,4,2232.655517578125,common_POD_r32_gauge_fixed,1.1210216420828774,24.268244197601128,5,0,0.0
ql-ROM-style within a fixed POD space,2026,70.3146353337,1040,5,2245.128662109375,common_POD_r32_gauge_fixed,1.3951377630217816,24.474597343656434,5,0,0.0
ql-ROM-style within a fixed POD space,2026,70.3146353337,1040,6,2257.6015625,common_POD_r32_gauge_fixed,1.6812262941298117,24.44180068039261,5,0,0.0
ql-ROM-style within a fixed POD space,2026,70.3146353337,1040,7,2270.074462890625,common_POD_r32_gauge_fixed,1.9658636800519012,24.76768519209682,5,0,0.0
ql-ROM-style within a fixed POD space,2026,70.3146353337,1040,8,2282.54736328125,common_POD_r32_gauge_fixed,2.250397647106589,25.181738059608676,5,0,0.0
ql-ROM-style within a fixed POD space,2026,70.3146353337,1040,9,2295.020263671875,common_POD_r32_gauge_fixed,2.533527935452807,25.646381235478827,5,0,0.0
ql-ROM-style within a fixed POD space,2026,70.3146353337,1040,10,2307.4931640625,common_POD_r32_gauge_fixed,2.8146024235346854,25.990521712376925,5,0,0.0
ql-ROM-style within a fixed POD space,2026,70.3146353337,1040,11,2319.966064453125,common_POD_r32_gauge_fixed,3.078688415140698,26.33422796717425,5,0,0.0
ql-ROM-style within a fixed POD space,2026,70.3146353337,1040,12,2332.439208984375,common_POD_r32_gauge_fixed,3.356890249405592,26.473235133942417,5,0,0.0
ql-ROM-style within a fixed POD space,2026,70.3146353337,1040,13,2344.912109375,common_POD_r32_gauge_fixed,3.642748459211719,26.959577204672264,5,0,0.0
ql-ROM-style within a fixed POD space,2026,70.3146353337,1040,14,2357.385009765625,common_POD_r32_gauge_fixed,3.9178801192856763,27.07168053935176,5,0,0.0
ql-ROM-style within a fixed POD space,2026,70.3146353337,1040,15,2369.85791015625,common_POD_r32_gauge_fixed,4.167043153656936,27.61119564606324,5,0,0.0
ql-ROM-style within a fixed POD space,2026,70.3146353337,1040,16,2382.330810546875,common_POD_r32_gauge_fixed,4.442430080794601,28.22379544000601,5,0,0.0
ql-ROM-style within a fixed POD space,2026,70.3146353337,1040,17,2394.8037109375,common_POD_r32_gauge_fixed,4.728485961094749,28.779408982688164,5,0,0.0
ql-ROM-style within a fixed POD space,2026,70.3146353337,1040,18,2407.27685546875,common_POD_r32_gauge_fixed,4.981505269699147,29.06406267301469,5,0,0.0
ql-ROM-style within a fixed POD space,2026,70.3146353337,1040,19,2419.749755859375,common_POD_r32_gauge_fixed,5.194285044622527,29.475151004099065,5,0,0.0
ql-ROM-style within a fixed POD space,2026,70.3146353337,1040,20,2432.22265625,common_POD_r32_gauge_fixed,5.447246973593272,29.84366810859338,5,0,0.0
ql-ROM-style within a fixed POD space,2026,70.3146353337,1040,21,2444.695556640625,common_POD_r32_gauge_fixed,5.721308760804442,30.383466037360364,5,0,0.0
ql-ROM-style within a fixed POD space,2026,70.3146353337,1040,22,2457.16845703125,common_POD_r32_gauge_fixed,5.953233420152344,30.460841787633473,5,0,0.0
ql-ROM-style within a fixed POD space,2026,70.3146353337,1040,23,2469.641357421875,common_POD_r32_gauge_fixed,6.130183982386784,30.780387479361345,5,0,0.0
ql-ROM-style within a fixed POD space,2026,70.3146353337,1040,24,2482.1142578125,common_POD_r32_gauge_fixed,6.356260711779702,31.476206413049567,5,0,0.0
ql-ROM-style within a fixed POD space,2026,70.3146353337,1040,25,2494.58740234375,common_POD_r32_gauge_fixed,6.615102590245936,32.04653714676221,5,0,0.0
ql-ROM-style within a fixed POD space,2026,70.3146353337,1040,26,2507.060302734375,common_POD_r32_gauge_fixed,6.824554624627671,32.22254921778405,5,0,0.0
ql-ROM-style within a fixed POD space,2026,70.3146353337,1040,27,2519.533203125,common_POD_r32_gauge_fixed,6.953865275353599,32.37132994451131,5,0,0.0
ql-ROM-style within a fixed POD space,2026,70.3146353337,1040,28,2532.006103515625,common_POD_r32_gauge_fixed,7.140378972712921,32.812252356969594,5,0,0.0
ql-ROM-style within a fixed POD space,2026,70.3146353337,1040,29,2544.47900390625,common_POD_r32_gauge_fixed,7.379500463639952,33.37440579902701,5,0,0.0
ql-ROM-style within a fixed POD space,2026,70.3146353337,1040,30,2556.951904296875,common_POD_r32_gauge_fixed,7.570960946012935,33.49702111957521,5,0,0.0
ql-ROM-style within a fixed POD space,2026,70.3146353337,1040,31,2569.4248046875,common_POD_r32_gauge_fixed,7.664186869478532,33.464687353578796,5,0,0.0
ql-ROM-style within a fixed POD space,2026,70.3146353337,1040,32,2581.89794921875,common_POD_r32_gauge_fixed,7.811587352445704,34.084447902141186,5,0,0.0
ql-ROM-style within a fixed POD space,2026,70.3146353337,1040,33,2594.370849609375,common_POD_r32_gauge_fixed,8.031593863861627,34.669178232690506,5,0,0.0
ql-ROM-style within a fixed POD space,2026,70.3146353337,1040,34,2606.84375,common_POD_r32_gauge_fixed,8.207068381185653,34.954212473881825,5,0,0.0
ql-ROM-style within a fixed POD space,2026,70.3146353337,1040,35,2619.316650390625,common_POD_r32_gauge_fixed,8.261334160636292,34.82542660911843,5,0,0.0
ql-ROM-style within a fixed POD space,2026,70.3146353337,1040,36,2631.78955078125,common_POD_r32_gauge_fixed,8.360952717757634,35.134220717572816,5,0,0.0
ql-ROM-style within a fixed POD space,2026,70.3146353337,1040,37,2644.262451171875,common_POD_r32_gauge_fixed,8.55826954813288,35.63152771204145,5,0,0.0
ql-ROM-style within a fixed POD space,2026,70.3146353337,1040,38,2656.7353515625,common_POD_r32_gauge_fixed,8.724920868603713,35.973135458376355,5,0,0.0
ql-ROM-style within a fixed POD space,2026,70.3146353337,1040,39,2669.20849609375,common_POD_r32_gauge_fixed,8.757358644444942,35.71728111105036,5,0,0.0
ql-ROM-style within a fixed POD space,2026,70.3146353337,1040,40,2681.681396484375,common_POD_r32_gauge_fixed,8.814980492502125,36.08107178012233,5,0,0.0
ql-ROM-style within a fixed POD space,2026,70.3146353337,1040,41,2694.154296875,common_POD_r32_gauge_fixed,8.993473584340386,36.57534433475917,5,0,0.0
ql-ROM-style within a fixed POD space,2026,70.3146353337,1040,42,2706.627197265625,common_POD_r32_gauge_fixed,9.153052870375351,37.0643579635826,5,0,0.0
ql-ROM-style within a fixed POD space,2026,70.3146353337,1040,43,2719.10009765625,common_POD_r32_gauge_fixed,9.169372885653745,36.81709857529744,5,0,0.0
ql-ROM-style within a fixed POD space,2026,70.3146353337,1040,44,2731.572998046875,common_POD_r32_gauge_fixed,9.183067767288646,36.83122601539793,5,0,0.0
ql-ROM-style within a fixed POD space,2026,70.3146353337,1040,45,2744.046142578125,common_POD_r32_gauge_fixed,9.34097270921977,37.242555833315635,5,0,0.0
ql-ROM-style within a fixed POD space,2026,70.3146353337,1040,46,2756.51904296875,common_POD_r32_gauge_fixed,9.499941996846278,37.73338012749839,5,0,0.0
ql-ROM-style within a fixed POD space,2026,70.3146353337,1040,47,2768.991943359375,common_POD_r32_gauge_fixed,9.513937840884838,37.44819794557004,5,0,0.0
ql-ROM-style within a fixed POD space,2026,70.3146353337,1040,48,2781.46484375,common_POD_r32_gauge_fixed,9.48895128201395,37.416437415153695,5,0,0.0
ql-ROM-style within a fixed POD space,2026,70.3146353337,1056,1,2394.8037109375,common_POD_r32_gauge_fixed,0.32689479515115594,24.215275392134497,5,0,0.0
ql-ROM-style within a fixed POD space,2026,70.3146353337,1056,2,2407.27685546875,common_POD_r32_gauge_fixed,0.5728306736673164,24.263463104207425,5,0,0.0
ql-ROM-style within a fixed POD space,2026,70.3146353337,1056,3,2419.749755859375,common_POD_r32_gauge_fixed,0.8670127563675076,24.558198379658116,5,0,0.0
ql-ROM-style within a fixed POD space,2026,70.3146353337,1056,4,2432.22265625,common_POD_r32_gauge_fixed,1.155849654660947,24.701013465513512,5,0,0.0
ql-ROM-style within a fixed POD space,2026,70.3146353337,1056,5,2444.695556640625,common_POD_r32_gauge_fixed,1.4459665423855417,24.68603731791151,5,0,0.0
ql-ROM-style within a fixed POD space,2026,70.3146353337,1056,6,2457.16845703125,common_POD_r32_gauge_fixed,1.7302026854674197,24.99763383566268,5,0,0.0
ql-ROM-style within a fixed POD space,2026,70.3146353337,1056,7,2469.641357421875,common_POD_r32_gauge_fixed,2.0280325564496904,25.00538041486357,5,0,0.0
ql-ROM-style within a fixed POD space,2026,70.3146353337,1056,8,2482.1142578125,common_POD_r32_gauge_fixed,2.3212977021563566,25.405073103933972,5,0,0.0
ql-ROM-style within a fixed POD space,2026,70.3146353337,1056,9,2494.58740234375,common_POD_r32_gauge_fixed,2.6187578406135983,25.880083866651816,5,0,0.0
ql-ROM-style within a fixed POD space,2026,70.3146353337,1056,10,2507.060302734375,common_POD_r32_gauge_fixed,2.911908384622008,26.357785696669016,5,0,0.0
ql-ROM-style within a fixed POD space,2026,70.3146353337,1056,11,2519.533203125,common_POD_r32_gauge_fixed,3.198556623698677,26.685285620141467,5,0,0.0
ql-ROM-style within a fixed POD space,2026,70.3146353337,1056,12,2532.006103515625,common_POD_r32_gauge_fixed,3.4750914901749406,27.013768318830856,5,0,0.0
ql-ROM-style within a fixed POD space,2026,70.3146353337,1056,13,2544.47900390625,common_POD_r32_gauge_fixed,3.76745260821185,27.310682102697893,5,0,0.0
ql-ROM-style within a fixed POD space,2026,70.3146353337,1056,14,2556.951904296875,common_POD_r32_gauge_fixed,4.0608090193859985,27.815287978852123,5,0,0.0
ql-ROM-style within a fixed POD space,2026,70.3146353337,1056,15,2569.4248046875,common_POD_r32_gauge_fixed,4.336178337784782,27.928141423447013,5,0,0.0
ql-ROM-style within a fixed POD space,2026,70.3146353337,1056,16,2581.89794921875,common_POD_r32_gauge_fixed,4.594586762353659,28.557820047874426,5,0,0.0
ql-ROM-style within a fixed POD space,2026,70.3146353337,1056,17,2594.370849609375,common_POD_r32_gauge_fixed,4.882658557254233,29.196781689186206,5,0,0.0
ql-ROM-style within a fixed POD space,2026,70.3146353337,1056,18,2606.84375,common_POD_r32_gauge_fixed,5.169195328550186,29.730760608960416,5,0,0.0
ql-ROM-style within a fixed POD space,2026,70.3146353337,1056,19,2619.316650390625,common_POD_r32_gauge_fixed,5.41251725522915,29.986246623791878,5,0,0.0
ql-ROM-style within a fixed POD space,2026,70.3146353337,1056,20,2631.78955078125,common_POD_r32_gauge_fixed,5.631649054367752,30.373973281622867,5,0,0.0
ql-ROM-style within a fixed POD space,2026,70.3146353337,1056,21,2644.262451171875,common_POD_r32_gauge_fixed,5.895764978207233,30.78531447738509,5,0,0.0
ql-ROM-style within a fixed POD space,2026,70.3146353337,1056,22,2656.7353515625,common_POD_r32_gauge_fixed,6.168260716451561,31.35539602188267,5,0,0.0
ql-ROM-style within a fixed POD space,2026,70.3146353337,1056,23,2669.20849609375,common_POD_r32_gauge_fixed,6.38455681737634,31.34130473140393,5,0,0.0
ql-ROM-style within a fixed POD space,2026,70.3146353337,1056,24,2681.681396484375,common_POD_r32_gauge_fixed,6.565379488606171,31.802526308744966,5,0,0.0
ql-ROM-style within a fixed POD space,2026,70.3146353337,1056,25,2694.154296875,common_POD_r32_gauge_fixed,6.807596538361837,32.45380971874983,5,0,0.0
ql-ROM-style within a fixed POD space,2026,70.3146353337,1056,26,2706.627197265625,common_POD_r32_gauge_fixed,7.064835381734702,33.05374545233716,5,0,0.0
ql-ROM-style within a fixed POD space,2026,70.3146353337,1056,27,2719.10009765625,common_POD_r32_gauge_fixed,7.250544405980669,33.117307419067124,5,0,0.0
ql-ROM-style within a fixed POD space,2026,70.3146353337,1056,28,2731.572998046875,common_POD_r32_gauge_fixed,7.38318508477592,33.329722069970195,5,0,0.0
ql-ROM-style within a fixed POD space,2026,70.3146353337,1056,29,2744.046142578125,common_POD_r32_gauge_fixed,7.594848085101488,33.822994171762026,5,0,0.0
ql-ROM-style within a fixed POD space,2026,70.3146353337,1056,30,2756.51904296875,common_POD_r32_gauge_fixed,7.835501986491611,34.436884070915895,5,0,0.0
ql-ROM-style within a fixed POD space,2026,70.3146353337,1056,31,2768.991943359375,common_POD_r32_gauge_fixed,7.997999287049631,34.37846967009611,5,0,0.0
ql-ROM-style within a fixed POD space,2026,70.3146353337,1056,32,2781.46484375,common_POD_r32_gauge_fixed,8.084654671752842,34.5089675102462,5,0,0.0
ql-ROM-style within a fixed POD space,2026,70.3146353337,1056,33,2793.937744140625,common_POD_r32_gauge_fixed,8.264235732222296,35.15962601379086,5,0,0.0
ql-ROM-style within a fixed POD space,2026,70.3146353337,1056,34,2806.41064453125,common_POD_r32_gauge_fixed,8.48856389628537,35.785639268319635,5,0,0.0
ql-ROM-style within a fixed POD space,2026,70.3146353337,1056,35,2818.883544921875,common_POD_r32_gauge_fixed,8.631963941158508,35.904156230713696,5,0,0.0
ql-ROM-style within a fixed POD space,2026,70.3146353337,1056,36,2831.356689453125,common_POD_r32_gauge_fixed,8.67333769646872,35.80465213173319,5,0,0.0
ql-ROM-style within a fixed POD space,2026,70.3146353337,1056,37,2843.82958984375,common_POD_r32_gauge_fixed,8.81313914925065,36.201832446870725,5,0,0.0
ql-ROM-style within a fixed POD space,2026,70.3146353337,1056,38,2856.302490234375,common_POD_r32_gauge_fixed,9.022281580779678,36.82289355445308,5,0,0.0
ql-ROM-style within a fixed POD space,2026,70.3146353337,1056,39,2868.775390625,common_POD_r32_gauge_fixed,9.156939571293353,36.960820110936474,5,0,0.0
ql-ROM-style within a fixed POD space,2026,70.3146353337,1056,40,2881.248291015625,common_POD_r32_gauge_fixed,9.169373428720553,36.768865458257366,5,0,0.0
ql-ROM-style within a fixed POD space,2026,70.3146353337,1056,41,2893.72119140625,common_POD_r32_gauge_fixed,9.271770678595734,37.24083966866642,5,0,0.0
ql-ROM-style within a fixed POD space,2026,70.3146353337,1056,42,2906.194091796875,common_POD_r32_gauge_fixed,9.467845704842544,37.8317272249208,5,0,0.0
ql-ROM-style within a fixed POD space,2026,70.3146353337,1056,43,2918.667236328125,common_POD_r32_gauge_fixed,9.598772170326207,38.16225640604321,5,0,0.0
ql-ROM-style within a fixed POD space,2026,70.3146353337,1056,44,2931.14013671875,common_POD_r32_gauge_fixed,9.586360904321376,37.80814532724683,5,0,0.0
ql-ROM-style within a fixed POD space,2026,70.3146353337,1056,45,2943.613037109375,common_POD_r32_gauge_fixed,9.647276619588034,37.97225786272501,5,0,0.0
ql-ROM-style within a fixed POD space,2026,70.3146353337,1056,46,2956.0859375,common_POD_r32_gauge_fixed,9.828806726491251,38.4861594363422,5,0,0.0
ql-ROM-style within a fixed POD space,2026,70.3146353337,1056,47,2968.558837890625,common_POD_r32_gauge_fixed,9.964107866039251,38.894519375000414,5,0,0.0
ql-ROM-style within a fixed POD space,2026,70.3146353337,1056,48,2981.03173828125,common_POD_r32_gauge_fixed,9.942141248029401,38.487344228461325,5,0,0.0
ql-ROM-style within a fixed POD space,2026,70.3146353337,1072,1,2594.370849609375,common_POD_r32_gauge_fixed,0.32379806963645796,24.527478822943813,5,0,0.0
ql-ROM-style within a fixed POD space,2026,70.3146353337,1072,2,2606.84375,common_POD_r32_gauge_fixed,0.5980943683579687,24.41851069181462,5,0,0.0
ql-ROM-style within a fixed POD space,2026,70.3146353337,1072,3,2619.316650390625,common_POD_r32_gauge_fixed,0.8605686639749118,24.544379857991363,5,0,0.0
ql-ROM-style within a fixed POD space,2026,70.3146353337,1072,4,2631.78955078125,common_POD_r32_gauge_fixed,1.1606046729254318,24.81570947194039,5,0,0.0
ql-ROM-style within a fixed POD space,2026,70.3146353337,1072,5,2644.262451171875,common_POD_r32_gauge_fixed,1.4533595293895087,24.837633288571485,5,0,0.0
ql-ROM-style within a fixed POD space,2026,70.3146353337,1072,6,2656.7353515625,common_POD_r32_gauge_fixed,1.745188639918984,25.045019491015765,5,0,0.0
ql-ROM-style within a fixed POD space,2026,70.3146353337,1072,7,2669.20849609375,common_POD_r32_gauge_fixed,2.034461593914635,25.311215619725203,5,0,0.0
ql-ROM-style within a fixed POD space,2026,70.3146353337,1072,8,2681.681396484375,common_POD_r32_gauge_fixed,2.332248706013414,25.39366094621806,5,0,0.0
ql-ROM-style within a fixed POD space,2026,70.3146353337,1072,9,2694.154296875,common_POD_r32_gauge_fixed,2.6227418093137524,25.820316271880362,5,0,0.0
ql-ROM-style within a fixed POD space,2026,70.3146353337,1072,10,2706.627197265625,common_POD_r32_gauge_fixed,2.92176600131219,26.372179508580206,5,0,0.0
ql-ROM-style within a fixed POD space,2026,70.3146353337,1072,11,2719.10009765625,common_POD_r32_gauge_fixed,3.2163385774389512,26.79062347838813,5,0,0.0
ql-ROM-style within a fixed POD space,2026,70.3146353337,1072,12,2731.572998046875,common_POD_r32_gauge_fixed,3.5008462312776114,27.157009800944792,5,0,0.0
ql-ROM-style within a fixed POD space,2026,70.3146353337,1072,13,2744.046142578125,common_POD_r32_gauge_fixed,3.782015165154556,27.449818836963548,5,0,0.0
ql-ROM-style within a fixed POD space,2026,70.3146353337,1072,14,2756.51904296875,common_POD_r32_gauge_fixed,4.077575518220939,27.90193936333005,5,0,0.0
ql-ROM-style within a fixed POD space,2026,70.3146353337,1072,15,2768.991943359375,common_POD_r32_gauge_fixed,4.368359440292091,28.2820177595655,5,0,0.0
ql-ROM-style within a fixed POD space,2026,70.3146353337,1072,16,2781.46484375,common_POD_r32_gauge_fixed,4.62989033901615,28.45969815589215,5,0,0.0
ql-ROM-style within a fixed POD space,2026,70.3146353337,1072,17,2793.937744140625,common_POD_r32_gauge_fixed,4.893531489226042,29.143697350984805,5,0,0.0
ql-ROM-style within a fixed POD space,2026,70.3146353337,1072,18,2806.41064453125,common_POD_r32_gauge_fixed,5.184523163889191,29.79708201724601,5,0,0.0
ql-ROM-style within a fixed POD space,2026,70.3146353337,1072,19,2818.883544921875,common_POD_r32_gauge_fixed,5.460633058518688,30.23667967322717,5,0,0.0
ql-ROM-style within a fixed POD space,2026,70.3146353337,1072,20,2831.356689453125,common_POD_r32_gauge_fixed,5.683843320377853,30.475173109414204,5,0,0.0
ql-ROM-style within a fixed POD space,2026,70.3146353337,1072,21,2843.82958984375,common_POD_r32_gauge_fixed,5.909363164104814,30.8561805462573,5,0,0.0
ql-ROM-style within a fixed POD space,2026,70.3146353337,1072,22,2856.302490234375,common_POD_r32_gauge_fixed,6.179315930572957,31.374479696009427,5,0,0.0
ql-ROM-style within a fixed POD space,2026,70.3146353337,1072,23,2868.775390625,common_POD_r32_gauge_fixed,6.4389750656582105,31.800801629234776,5,0,0.0
ql-ROM-style within a fixed POD space,2026,70.3146353337,1072,24,2881.248291015625,common_POD_r32_gauge_fixed,6.630579567268255,31.775711074287095,5,0,0.0
ql-ROM-style within a fixed POD space,2026,70.3146353337,1072,25,2893.72119140625,common_POD_r32_gauge_fixed,6.819604359146806,32.36626509876668,5,0,0.0
ql-ROM-style within a fixed POD space,2026,70.3146353337,1072,26,2906.194091796875,common_POD_r32_gauge_fixed,7.07132556237437,33.03705134796212,5,0,0.0
ql-ROM-style within a fixed POD space,2026,70.3146353337,1072,27,2918.667236328125,common_POD_r32_gauge_fixed,7.31488664731596,33.512873454278576,5,0,0.0
ql-ROM-style within a fixed POD space,2026,70.3146353337,1072,28,2931.14013671875,common_POD_r32_gauge_fixed,7.469276864973957,33.49530713891743,5,0,0.0
ql-ROM-style within a fixed POD space,2026,70.3146353337,1072,29,2943.613037109375,common_POD_r32_gauge_fixed,7.610289910081598,33.79314238506277,5,0,0.0
ql-ROM-style within a fixed POD space,2026,70.3146353337,1072,30,2956.0859375,common_POD_r32_gauge_fixed,7.833962083835357,34.316727992904575,5,0,0.0
ql-ROM-style within a fixed POD space,2026,70.3146353337,1072,31,2968.558837890625,common_POD_r32_gauge_fixed,8.062612443419107,34.868366951828065,5,0,0.0
ql-ROM-style within a fixed POD space,2026,70.3146353337,1072,32,2981.03173828125,common_POD_r32_gauge_fixed,8.189187570730141,34.68834081516112,5,0,0.0
ql-ROM-style within a fixed POD space,2026,70.3146353337,1072,33,2993.504638671875,common_POD_r32_gauge_fixed,8.285110472872514,35.02911181150014,5,0,0.0
ql-ROM-style within a fixed POD space,2026,70.3146353337,1072,34,3005.977783203125,common_POD_r32_gauge_fixed,8.487289624019619,35.681040309263324,5,0,0.0
ql-ROM-style within a fixed POD space,2026,70.3146353337,1072,35,3018.45068359375,common_POD_r32_gauge_fixed,8.701603155671826,36.26208937246962,5,0,0.0
ql-ROM-style within a fixed POD space,2026,70.3146353337,1072,36,3030.923583984375,common_POD_r32_gauge_fixed,8.804314567987893,36.20379413876286,5,0,0.0
ql-ROM-style within a fixed POD space,2026,70.3146353337,1072,37,3043.396484375,common_POD_r32_gauge_fixed,8.84884279205105,36.21660711940477,5,0,0.0
ql-ROM-style within a fixed POD space,2026,70.3146353337,1072,38,3055.869384765625,common_POD_r32_gauge_fixed,9.019818724731882,36.69126185989043,5,0,0.0
ql-ROM-style within a fixed POD space,2026,70.3146353337,1072,39,3068.34228515625,common_POD_r32_gauge_fixed,9.224548648935752,37.3192789651957,5,0,0.0
ql-ROM-style within a fixed POD space,2026,70.3146353337,1072,40,3080.8154296875,common_POD_r32_gauge_fixed,9.31682195477531,37.22925435025359,5,0,0.0
ql-ROM-style within a fixed POD space,2026,70.3146353337,1072,41,3093.288330078125,common_POD_r32_gauge_fixed,9.32642877390426,37.20099832642602,5,0,0.0
ql-ROM-style within a fixed POD space,2026,70.3146353337,1072,42,3105.76123046875,common_POD_r32_gauge_fixed,9.467728272736558,37.72832839948203,5,0,0.0
ql-ROM-style within a fixed POD space,2026,70.3146353337,1072,43,3118.234130859375,common_POD_r32_gauge_fixed,9.663082668201927,38.359178393949584,5,0,0.0
ql-ROM-style within a fixed POD space,2026,70.3146353337,1072,44,3130.70703125,common_POD_r32_gauge_fixed,9.751723129442476,38.44640954033775,5,0,0.0
ql-ROM-style within a fixed POD space,2026,70.3146353337,1072,45,3143.179931640625,common_POD_r32_gauge_fixed,9.72813249204712,38.12649862202718,5,0,0.0
ql-ROM-style within a fixed POD space,2026,70.3146353337,1072,46,3155.65283203125,common_POD_r32_gauge_fixed,9.83411992120188,38.41822782207721,5,0,0.0
ql-ROM-style within a fixed POD space,2026,70.3146353337,1072,47,3168.1259765625,common_POD_r32_gauge_fixed,10.022072962818042,39.038898945443535,5,0,0.0
ql-ROM-style within a fixed POD space,2026,70.3146353337,1072,48,3180.598876953125,common_POD_r32_gauge_fixed,10.116724673169465,39.18059576405316,5,0,0.0
