window,Re,step,time,finite,Eu,Ep,native_Eu,native_Ep
976,70.3146353337,1,1396.9688720703125,True,0.3483024537563324,2.995004415512085,0.34239161014556885,2.985361099243164
976,70.3146353337,2,1409.4417724609375,True,0.6384639739990234,5.634368896484375,0.6321859359741211,5.621865749359131
976,70.3146353337,3,1421.914794921875,True,0.8877702951431274,7.795264720916748,0.8806416988372803,7.781026363372803
976,70.3146353337,4,1434.3876953125,True,1.0950299501419067,9.369353294372559,1.087268352508545,9.353856086730957
976,70.3146353337,5,1446.860595703125,True,1.2594184875488281,10.370820045471191,1.2513539791107178,10.354216575622559
976,70.3146353337,6,1459.3336181640625,True,1.3811542987823486,10.888288497924805,1.3730802536010742,10.871408462524414
976,70.3146353337,7,1471.8065185546875,True,1.4673612117767334,11.194659233093262,1.459619402885437,11.179206848144531
976,70.3146353337,8,1484.2794189453125,True,1.5199183225631714,11.587456703186035,1.512781023979187,11.574760437011719
976,70.3146353337,9,1496.7523193359375,True,1.5627858638763428,12.173545837402344,1.5561599731445312,12.162460327148438
976,70.3146353337,10,1509.225341796875,True,1.6428619623184204,12.96704387664795,1.63605535030365,12.954680442810059
976,70.3146353337,11,1521.6982421875,True,1.794124722480774,14.018142700195312,1.786233901977539,14.00262451171875
976,70.3146353337,12,1534.171142578125,True,2.0001628398895264,15.353642463684082,1.9908502101898193,15.334752082824707
976,70.3146353337,13,1546.6441650390625,True,2.2167863845825195,16.84356689453125,2.206395149230957,16.821231842041016
976,70.3146353337,14,1559.1170654296875,True,2.4135091304779053,18.138500213623047,2.4025135040283203,18.112905502319336
976,70.3146353337,15,1571.5899658203125,True,2.5837528705596924,18.943138122558594,2.5724222660064697,18.91550064086914
976,70.3146353337,16,1584.06298828125,True,2.7399027347564697,19.271503448486328,2.7283051013946533,19.243865966796875
976,70.3146353337,17,1596.535888671875,True,2.894289493560791,19.42880630493164,2.882615327835083,19.403461456298828
976,70.3146353337,18,1609.0087890625,True,3.0332233905792236,19.74497413635254,3.0219335556030273,19.721797943115234
976,70.3146353337,19,1621.481689453125,True,3.15940260887146,20.330991744995117,3.1483757495880127,20.3070068359375
976,70.3146353337,20,1633.9547119140625,True,3.3107731342315674,21.197311401367188,3.2990758419036865,21.169483184814453
976,70.3146353337,21,1646.4276123046875,True,3.5142416954040527,22.419086456298828,3.501005172729492,22.386856079101562
976,70.3146353337,22,1658.9005126953125,True,3.7582497596740723,24.073583602905273,3.743791103363037,24.037574768066406
976,70.3146353337,23,1671.37353515625,True,3.996774673461914,25.768667221069336,3.9818294048309326,25.729379653930664
976,70.3146353337,24,1683.846435546875,True,4.194328308105469,26.82415008544922,4.179147720336914,26.783227920532227
976,70.3146353337,25,1696.3193359375,True,4.36916971206665,27.03249168395996,4.353457450866699,26.991132736206055
976,70.3146353337,26,1708.792236328125,True,4.580793857574463,26.925880432128906,4.5640435218811035,26.886314392089844
976,70.3146353337,27,1721.2652587890625,True,4.8135576248168945,27.234844207763672,4.796680450439453,27.19756317138672
976,70.3146353337,28,1733.7381591796875,True,5.007015228271484,28.021615982055664,4.990546226501465,27.983442306518555
976,70.3146353337,29,1746.2110595703125,True,5.162712097167969,28.892061233520508,5.146116256713867,28.84981918334961
976,70.3146353337,30,1758.68408203125,True,5.327329635620117,29.861759185791016,5.309361934661865,29.814550399780273
976,70.3146353337,31,1771.156982421875,True,5.550197124481201,31.396106719970703,5.5309858322143555,31.346107482910156
976,70.3146353337,32,1783.6298828125,True,5.787957191467285,33.183746337890625,5.768499374389648,33.13289260864258
976,70.3146353337,33,1796.1029052734375,True,5.972758769989014,34.23600387573242,5.95347785949707,34.186729431152344
976,70.3146353337,34,1808.5758056640625,True,6.088929176330566,34.119380950927734,6.069688320159912,34.07044219970703
976,70.3146353337,35,1821.0487060546875,True,6.239226818084717,33.6715087890625,6.218517303466797,33.6236572265625
976,70.3146353337,36,1833.5216064453125,True,6.456992149353027,34.055233001708984,6.435750484466553,34.00882339477539
976,70.3146353337,37,1845.99462890625,True,6.64054012298584,35.058895111083984,6.619685173034668,35.011558532714844
976,70.3146353337,38,1858.467529296875,True,6.746958255767822,35.77720260620117,6.726477146148682,35.726932525634766
976,70.3146353337,39,1870.9404296875,True,6.814327716827393,36.24754333496094,6.793039321899414,36.192962646484375
976,70.3146353337,40,1883.4134521484375,True,6.9499311447143555,37.40176010131836,6.927486419677734,37.34640121459961
976,70.3146353337,41,1895.8863525390625,True,7.123217582702637,38.935829162597656,7.100717067718506,38.883338928222656
976,70.3146353337,42,1908.3592529296875,True,7.240631580352783,39.65294647216797,7.218801975250244,39.606266021728516
976,70.3146353337,43,1920.832275390625,True,7.252641201019287,39.08850860595703,7.231687545776367,39.043067932128906
976,70.3146353337,44,1933.30517578125,True,7.282840251922607,38.45603942871094,7.260529041290283,38.410491943359375
976,70.3146353337,45,1945.778076171875,True,7.409881114959717,39.05581283569336,7.386958599090576,39.010040283203125
976,70.3146353337,46,1958.2509765625,True,7.5259246826171875,40.15056610107422,7.503306865692139,40.103824615478516
976,70.3146353337,47,1970.7239990234375,True,7.563147068023682,40.53248596191406,7.541195869445801,40.48502731323242
976,70.3146353337,48,1983.1968994140625,True,7.540334224700928,40.58378219604492,7.518097877502441,40.53384017944336
984,70.3146353337,1,1496.7523193359375,True,0.46326062083244324,3.830294609069824,0.45718345046043396,3.8156940937042236
984,70.3146353337,2,1509.225341796875,True,0.839976966381073,6.917817115783691,0.8322622776031494,6.893366813659668
984,70.3146353337,3,1521.6982421875,True,1.13906729221344,9.189631462097168,1.129719853401184,9.157767295837402
984,70.3146353337,4,1534.171142578125,True,1.364050269126892,10.725815773010254,1.353525161743164,10.69192886352539
984,70.3146353337,5,1546.6441650390625,True,1.5057647228240967,11.71995735168457,1.4946050643920898,11.688643455505371
984,70.3146353337,6,1559.1170654296875,True,1.5745537281036377,12.056025505065918,1.5633612871170044,12.0289306640625
984,70.3146353337,7,1571.5899658203125,True,1.5962483882904053,11.778786659240723,1.5856902599334717,11.756006240844727
984,70.3146353337,8,1584.06298828125,True,1.5964938402175903,11.360001564025879,1.5872256755828857,11.34091567993164
984,70.3146353337,9,1596.535888671875,True,1.6218595504760742,11.467148780822754,1.6139030456542969,11.450275421142578
984,70.3146353337,10,1609.0087890625,True,1.7119609117507935,12.386133193969727,1.7041912078857422,12.367413520812988
984,70.3146353337,11,1621.481689453125,True,1.87279212474823,13.731882095336914,1.8637312650680542,13.706156730651855
984,70.3146353337,12,1633.9547119140625,True,2.082397222518921,15.14893627166748,2.071319818496704,15.114513397216797
984,70.3146353337,13,1646.4276123046875,True,2.3022994995117188,16.526586532592773,2.289320230484009,16.48676109313965
984,70.3146353337,14,1658.9005126953125,True,2.5062906742095947,17.854372024536133,2.492152452468872,17.81354522705078
984,70.3146353337,15,1671.37353515625,True,2.678481340408325,18.906953811645508,2.664008617401123,18.867033004760742
984,70.3146353337,16,1683.846435546875,True,2.8117830753326416,19.261917114257812,2.797536611557007,19.224462509155273
984,70.3146353337,17,1696.3193359375,True,2.9209914207458496,18.96417999267578,2.90734601020813,18.929758071899414
984,70.3146353337,18,1708.792236328125,True,3.046443462371826,18.6287841796875,3.03318452835083,18.597444534301758
984,70.3146353337,19,1721.2652587890625,True,3.20436692237854,19.03536033630371,3.1914803981781006,19.0056095123291
984,70.3146353337,20,1733.7381591796875,True,3.363208055496216,20.18844985961914,3.350233316421509,20.15442657470703
984,70.3146353337,21,1746.2110595703125,True,3.5076520442962646,21.548755645751953,3.4937028884887695,21.506864547729492
984,70.3146353337,22,1758.68408203125,True,3.649979829788208,22.825439453125,3.6344046592712402,22.776935577392578
984,70.3146353337,23,1771.156982421875,True,3.8227994441986084,24.181325912475586,3.805889129638672,24.131103515625
984,70.3146353337,24,1783.6298828125,True,4.0121002197265625,25.5152645111084,3.9947822093963623,25.466650009155273
984,70.3146353337,25,1796.1029052734375,True,4.18101167678833,26.12078094482422,4.16375732421875,26.07662582397461
984,70.3146353337,26,1808.5758056640625,True,4.306121826171875,25.74765396118164,4.289350509643555,25.70740509033203
984,70.3146353337,27,1821.0487060546875,True,4.430413722991943,25.116235733032227,4.413349628448486,25.078317642211914
984,70.3146353337,28,1833.5216064453125,True,4.592068672180176,25.39803695678711,4.574957847595215,25.361528396606445
984,70.3146353337,29,1845.99462890625,True,4.729147434234619,26.59031105041504,4.712359428405762,26.550546646118164
984,70.3146353337,30,1858.467529296875,True,4.804174423217773,27.771446228027344,4.7872538566589355,27.726137161254883
984,70.3146353337,31,1870.9404296875,True,4.838034629821777,28.60015106201172,4.820377826690674,28.54953956604004
984,70.3146353337,32,1883.4134521484375,True,4.913504600524902,29.585201263427734,4.894690036773682,29.53443145751953
984,70.3146353337,33,1895.8863525390625,True,5.041223049163818,30.75731658935547,5.022053241729736,30.711082458496094
984,70.3146353337,34,1908.3592529296875,True,5.166276454925537,31.24651336669922,5.14731502532959,31.208330154418945
984,70.3146353337,35,1920.832275390625,True,5.235311508178711,30.70446014404297,5.217239856719971,30.67150115966797
984,70.3146353337,36,1933.30517578125,True,5.283307075500488,30.024686813354492,5.2650532722473145,29.992050170898438
984,70.3146353337,37,1945.778076171875,True,5.370591640472412,30.480358123779297,5.352169513702393,30.446699142456055
984,70.3146353337,38,1958.2509765625,True,5.442634582519531,31.700908660888672,5.4245452880859375,31.66377830505371
984,70.3146353337,39,1970.7239990234375,True,5.4505839347839355,32.512550354003906,5.432692527770996,32.47328186035156
984,70.3146353337,40,1983.1968994140625,True,5.404262542724609,32.84902572631836,5.386392593383789,32.80752182006836
984,70.3146353337,41,1995.6697998046875,True,5.39766263961792,33.51499938964844,5.3789873123168945,33.475318908691406
984,70.3146353337,42,2008.142822265625,True,5.456155776977539,34.46239471435547,5.4372968673706055,34.430057525634766
984,70.3146353337,43,2020.61572265625,True,5.522886753082275,34.74049377441406,5.504509925842285,34.719356536865234
984,70.3146353337,44,2033.088623046875,True,5.5418243408203125,34.20899200439453,5.524722099304199,34.19326400756836
984,70.3146353337,45,2045.5615234375,True,5.532522678375244,33.92143249511719,5.515567779541016,33.90280532836914
984,70.3146353337,46,2058.034423828125,True,5.557583808898926,34.7896842956543,5.540468215942383,34.766746520996094
984,70.3146353337,47,2070.507568359375,True,5.581977367401123,35.90445327758789,5.564986705780029,35.87972640991211
984,70.3146353337,48,2082.98046875,True,5.557924747467041,36.304481506347656,5.541361331939697,36.28192138671875
1000,70.3146353337,1,1696.3193359375,True,0.7055335640907288,5.654820919036865,0.6964492797851562,5.62719202041626
1000,70.3146353337,2,1708.792236328125,True,1.1207195520401,10.044921875,1.1082487106323242,9.998483657836914
1000,70.3146353337,3,1721.2652587890625,True,1.3726751804351807,12.958155632019043,1.3590433597564697,12.897029876708984
1000,70.3146353337,4,1733.7381591796875,True,1.5588430166244507,14.3681001663208,1.5449810028076172,14.297805786132812
1000,70.3146353337,5,1746.2110595703125,True,1.6525073051452637,14.307247161865234,1.6390215158462524,14.235342979431152
1000,70.3146353337,6,1758.68408203125,True,1.673614263534546,13.179540634155273,1.6601053476333618,13.114356994628906
1000,70.3146353337,7,1771.156982421875,True,1.6468366384506226,11.625692367553711,1.6329255104064941,11.578581809997559
1000,70.3146353337,8,1783.6298828125,True,1.5594176054000854,10.594170570373535,1.5463563203811646,10.570379257202148
1000,70.3146353337,9,1796.1029052734375,True,1.4989365339279175,10.545467376708984,1.488175630569458,10.534780502319336
1000,70.3146353337,10,1808.5758056640625,True,1.6303585767745972,11.60706901550293,1.6193642616271973,11.592263221740723
1000,70.3146353337,11,1821.0487060546875,True,1.8631176948547363,13.196456909179688,1.8502751588821411,13.163039207458496
1000,70.3146353337,12,1833.5216064453125,True,2.0419061183929443,14.936341285705566,2.0285253524780273,14.88646411895752
1000,70.3146353337,13,1845.99462890625,True,2.154952049255371,16.387758255004883,2.1417922973632812,16.33063507080078
1000,70.3146353337,14,1858.467529296875,True,2.2396767139434814,17.07024574279785,2.2266409397125244,17.013751983642578
1000,70.3146353337,15,1870.9404296875,True,2.3029839992523193,17.06911849975586,2.2895944118499756,17.02021598815918
1000,70.3146353337,16,1883.4134521484375,True,2.344967842102051,16.696199417114258,2.3306033611297607,16.661224365234375
1000,70.3146353337,17,1895.8863525390625,True,2.369333505630493,16.629850387573242,2.354480504989624,16.610836029052734
1000,70.3146353337,18,1908.3592529296875,True,2.4065113067626953,16.953893661499023,2.3924920558929443,16.946491241455078
1000,70.3146353337,19,1920.832275390625,True,2.516014337539673,17.639469146728516,2.5027077198028564,17.63473892211914
1000,70.3146353337,20,1933.30517578125,True,2.6600217819213867,18.45574378967285,2.6467928886413574,18.439823150634766
1000,70.3146353337,21,1945.778076171875,True,2.7557265758514404,19.569917678833008,2.743008852005005,19.54027557373047
1000,70.3146353337,22,1958.2509765625,True,2.813955307006836,20.738313674926758,2.8017618656158447,20.702730178833008
1000,70.3146353337,23,1970.7239990234375,True,2.8651340007781982,21.385135650634766,2.852985382080078,21.352378845214844
1000,70.3146353337,24,1983.1968994140625,True,2.908475399017334,21.527320861816406,2.8960769176483154,21.50321388244629
1000,70.3146353337,25,1995.6697998046875,True,2.9498839378356934,21.49277687072754,2.9363322257995605,21.478439331054688
1000,70.3146353337,26,2008.142822265625,True,2.9934701919555664,21.853111267089844,2.979031801223755,21.849498748779297
1000,70.3146353337,27,2020.61572265625,True,3.053687810897827,22.54807472229004,3.0395071506500244,22.55344581604004
1000,70.3146353337,28,2033.088623046875,True,3.160081148147583,23.407533645629883,3.1470770835876465,23.415498733520508
1000,70.3146353337,29,2045.5615234375,True,3.2772467136383057,24.1256046295166,3.2651803493499756,24.124197006225586
1000,70.3146353337,30,2058.034423828125,True,3.3565917015075684,25.047439575195312,3.3453948497772217,25.034931182861328
1000,70.3146353337,31,2070.507568359375,True,3.4244346618652344,25.894563674926758,3.4137182235717773,25.8808650970459
1000,70.3146353337,32,2082.98046875,True,3.494443655014038,26.38800048828125,3.4840731620788574,26.381298065185547
1000,70.3146353337,33,2095.453369140625,True,3.5552918910980225,26.561674118041992,3.544584274291992,26.563674926757812
1000,70.3146353337,34,2107.92626953125,True,3.613896369934082,26.77754783630371,3.601881980895996,26.78510856628418
1000,70.3146353337,35,2120.399169921875,True,3.6804757118225098,27.478090286254883,3.6674718856811523,27.492740631103516
1000,70.3146353337,36,2132.8720703125,True,3.767796277999878,28.617111206054688,3.7551090717315674,28.636741638183594
1000,70.3146353337,37,2145.344970703125,True,3.902512311935425,29.72954750061035,3.891191244125366,29.749876022338867
1000,70.3146353337,38,2157.818115234375,True,4.050258159637451,30.417865753173828,4.039466381072998,30.42840003967285
1000,70.3146353337,39,2170.291015625,True,4.1850738525390625,31.141910552978516,4.174865245819092,31.145910263061523
1000,70.3146353337,40,2182.763916015625,True,4.311011791229248,31.74688148498535,4.30131721496582,31.75458335876465
1000,70.3146353337,41,2195.23681640625,True,4.421736240386963,32.32738494873047,4.412781238555908,32.3436279296875
1000,70.3146353337,42,2207.709716796875,True,4.503439426422119,32.5633430480957,4.493417263031006,32.58528137207031
1000,70.3146353337,43,2220.1826171875,True,4.598119735717773,32.93959045410156,4.586514949798584,32.96480941772461
1000,70.3146353337,44,2232.655517578125,True,4.701659679412842,33.98617935180664,4.689315319061279,34.01496887207031
1000,70.3146353337,45,2245.128662109375,True,4.830564498901367,35.65727615356445,4.819034576416016,35.68795394897461
1000,70.3146353337,46,2257.6015625,True,4.996435165405273,36.723453521728516,4.98561429977417,36.75301742553711
1000,70.3146353337,47,2270.074462890625,True,5.195029258728027,37.177459716796875,5.183823585510254,37.198143005371094
1000,70.3146353337,48,2282.54736328125,True,5.392966270446777,37.638221740722656,5.382140159606934,37.65870666503906
1016,70.3146353337,1,1895.8863525390625,True,0.6699039340019226,4.681918144226074,0.6577001214027405,4.6592512130737305
1016,70.3146353337,2,1908.3592529296875,True,1.001077651977539,7.850142478942871,0.9890787601470947,7.805901527404785
1016,70.3146353337,3,1920.832275390625,True,1.2299237251281738,9.864969253540039,1.2208613157272339,9.803122520446777
1016,70.3146353337,4,1933.30517578125,True,1.4095302820205688,10.585687637329102,1.4001190662384033,10.514151573181152
1016,70.3146353337,5,1945.778076171875,True,1.434923768043518,10.378070831298828,1.4248075485229492,10.31067180633545
1016,70.3146353337,6,1958.2509765625,True,1.3450313806533813,9.892865180969238,1.3337520360946655,9.845858573913574
1016,70.3146353337,7,1970.7239990234375,True,1.2630536556243896,9.41661262512207,1.250445008277893,9.395734786987305
1016,70.3146353337,8,1983.1968994140625,True,1.1699026823043823,9.2891845703125,1.1585431098937988,9.284172058105469
1016,70.3146353337,9,1995.6697998046875,True,1.1678402423858643,9.529640197753906,1.1570912599563599,9.520514488220215
1016,70.3146353337,10,2008.142822265625,True,1.3781511783599854,10.804365158081055,1.3647125959396362,10.789230346679688
1016,70.3146353337,11,2020.61572265625,True,1.589219093322754,12.339458465576172,1.5772935152053833,12.319961547851562
1016,70.3146353337,12,2033.088623046875,True,1.790647268295288,13.658411979675293,1.7820872068405151,13.637564659118652
1016,70.3146353337,13,2045.5615234375,True,1.958042025566101,14.150897026062012,1.949967384338379,14.126251220703125
1016,70.3146353337,14,2058.034423828125,True,2.0135624408721924,14.511221885681152,2.0050339698791504,14.487524032592773
1016,70.3146353337,15,2070.507568359375,True,2.007476329803467,15.04853343963623,1.9980905055999756,15.03872299194336
1016,70.3146353337,16,2082.98046875,True,2.003951072692871,15.749764442443848,1.994418740272522,15.756302833557129
1016,70.3146353337,17,2095.453369140625,True,1.9996337890625,16.241424560546875,1.9907947778701782,16.249755859375
1016,70.3146353337,18,2107.92626953125,True,2.091444969177246,16.681047439575195,2.0807440280914307,16.677913665771484
1016,70.3146353337,19,2120.399169921875,True,2.273963689804077,17.66887855529785,2.2616066932678223,17.6632022857666
1016,70.3146353337,20,2132.8720703125,True,2.4556851387023926,18.946897506713867,2.445746660232544,18.945165634155273
1016,70.3146353337,21,2145.344970703125,True,2.655928611755371,19.956510543823242,2.648634433746338,19.959108352661133
1016,70.3146353337,22,2157.818115234375,True,2.819931983947754,20.372026443481445,2.8123180866241455,20.371238708496094
1016,70.3146353337,23,2170.291015625,True,2.905313014984131,20.982337951660156,2.8971827030181885,20.984189987182617
1016,70.3146353337,24,2182.763916015625,True,2.9459850788116455,21.80097770690918,2.9376468658447266,21.81516456604004
1016,70.3146353337,25,2195.23681640625,True,2.9756932258605957,22.79269027709961,2.9681832790374756,22.815265655517578
1016,70.3146353337,26,2207.709716796875,True,3.0249710083007812,23.24360466003418,3.0160844326019287,23.25704002380371
1016,70.3146353337,27,2220.1826171875,True,3.17726731300354,23.73088836669922,3.1655147075653076,23.733728408813477
1016,70.3146353337,28,2232.655517578125,True,3.3657186031341553,24.730588912963867,3.354059934616089,24.73638153076172
1016,70.3146353337,29,2245.128662109375,True,3.5683746337890625,26.07533073425293,3.559662103652954,26.088645935058594
1016,70.3146353337,30,2257.6015625,True,3.7743582725524902,26.798879623413086,3.7666778564453125,26.815351486206055
1016,70.3146353337,31,2270.074462890625,True,3.945594310760498,27.240154266357422,3.9369025230407715,27.252796173095703
1016,70.3146353337,32,2282.54736328125,True,4.054993629455566,27.96660614013672,4.046049118041992,27.986045837402344
1016,70.3146353337,33,2295.020263671875,True,4.117440223693848,29.09521484375,4.1095147132873535,29.124113082885742
1016,70.3146353337,34,2307.4931640625,True,4.157418727874756,30.05900764465332,4.149637222290039,30.087337493896484
1016,70.3146353337,35,2319.966064453125,True,4.257967948913574,30.290054321289062,4.24680757522583,30.30524253845215
1016,70.3146353337,36,2332.439208984375,True,4.456531047821045,30.833423614501953,4.443345069885254,30.845081329345703
1016,70.3146353337,37,2344.912109375,True,4.6678361892700195,32.073299407958984,4.656272888183594,32.091346740722656
1016,70.3146353337,38,2357.385009765625,True,4.885660648345947,33.35496520996094,4.876647472381592,33.38021469116211
1016,70.3146353337,39,2369.85791015625,True,5.0824785232543945,33.76713562011719,5.072573661804199,33.79189682006836
1016,70.3146353337,40,2382.330810546875,True,5.260127544403076,34.27643585205078,5.249355792999268,34.301387786865234
1016,70.3146353337,41,2394.8037109375,True,5.366671085357666,35.18130874633789,5.356649875640869,35.213775634765625
1016,70.3146353337,42,2407.27685546875,True,5.422979831695557,36.63936996459961,5.414667129516602,36.675724029541016
1016,70.3146353337,43,2419.749755859375,True,5.467616081237793,37.18699264526367,5.45723819732666,37.216094970703125
1016,70.3146353337,44,2432.22265625,True,5.627366065979004,37.20451354980469,5.613134860992432,37.22456359863281
1016,70.3146353337,45,2444.695556640625,True,5.856368541717529,37.9959716796875,5.841954231262207,38.0184211730957
1016,70.3146353337,46,2457.16845703125,True,6.083475589752197,39.58452606201172,6.07158899307251,39.614158630371094
1016,70.3146353337,47,2469.641357421875,True,6.280335903167725,40.451534271240234,6.269456386566162,40.48613739013672
1016,70.3146353337,48,2482.1142578125,True,6.470826148986816,40.62748718261719,6.458029747009277,40.660404205322266
1024,70.3146353337,1,1995.6697998046875,True,0.6353118419647217,3.9503495693206787,0.6219000816345215,3.9407174587249756
1024,70.3146353337,2,2008.142822265625,True,0.8985994458198547,6.612412452697754,0.8848592638969421,6.595353603363037
1024,70.3146353337,3,2020.61572265625,True,1.0764824151992798,7.983423709869385,1.0668795108795166,7.952604293823242
1024,70.3146353337,4,2033.088623046875,True,1.2500956058502197,8.923870086669922,1.2425309419631958,8.888873100280762
1024,70.3146353337,5,2045.5615234375,True,1.3263170719146729,8.965584754943848,1.3187229633331299,8.931084632873535
1024,70.3146353337,6,2058.034423828125,True,1.2874950170516968,8.678241729736328,1.278455138206482,8.658134460449219
1024,70.3146353337,7,2070.507568359375,True,1.2033902406692505,8.538966178894043,1.1929538249969482,8.538457870483398
1024,70.3146353337,8,2082.98046875,True,1.0909450054168701,8.856619834899902,1.0828946828842163,8.859678268432617
1024,70.3146353337,9,2095.453369140625,True,1.1276041269302368,9.53946304321289,1.119191288948059,9.534738540649414
1024,70.3146353337,10,2107.92626953125,True,1.3491837978363037,10.524441719055176,1.3370041847229004,10.514883041381836
1024,70.3146353337,11,2120.399169921875,True,1.5319783687591553,11.749163627624512,1.5210328102111816,11.742504119873047
1024,70.3146353337,12,2132.8720703125,True,1.714278221130371,12.924124717712402,1.7067060470581055,12.920099258422852
1024,70.3146353337,13,2145.344970703125,True,1.8909162282943726,13.806528091430664,1.885158896446228,13.805391311645508
1024,70.3146353337,14,2157.818115234375,True,1.9889881610870361,14.124408721923828,1.9825637340545654,14.121540069580078
1024,70.3146353337,15,2170.291015625,True,2.0139739513397217,14.736397743225098,2.006680488586426,14.741817474365234
1024,70.3146353337,16,2182.763916015625,True,2.0065746307373047,15.549673080444336,1.9995487928390503,15.564168930053711
1024,70.3146353337,17,2195.23681640625,True,2.014150381088257,16.442834854125977,2.0085909366607666,16.453744888305664
1024,70.3146353337,18,2207.709716796875,True,2.1383256912231445,17.00258445739746,2.129103899002075,17.002328872680664
1024,70.3146353337,19,2220.1826171875,True,2.327481985092163,17.75203514099121,2.316479444503784,17.750411987304688
1024,70.3146353337,20,2232.655517578125,True,2.508500337600708,18.77480697631836,2.499438524246216,18.779680252075195
1024,70.3146353337,21,2245.128662109375,True,2.70395827293396,19.932430267333984,2.697495698928833,19.943334579467773
1024,70.3146353337,22,2257.6015625,True,2.8697352409362793,20.538864135742188,2.8636629581451416,20.55141830444336
1024,70.3146353337,23,2270.074462890625,True,2.982434034347534,21.07554054260254,2.9754624366760254,21.086957931518555
1024,70.3146353337,24,2282.54736328125,True,3.041032075881958,21.94942283630371,3.0339279174804688,21.969310760498047
1024,70.3146353337,25,2295.020263671875,True,3.0761680603027344,23.02467918395996,3.0703415870666504,23.046585083007812
1024,70.3146353337,26,2307.4931640625,True,3.1455676555633545,23.837366104125977,3.138296365737915,23.84990119934082
1024,70.3146353337,27,2319.966064453125,True,3.300861358642578,24.23959732055664,3.289844036102295,24.243412017822266
1024,70.3146353337,28,2332.439208984375,True,3.5007994174957275,24.956647872924805,3.4898064136505127,24.965171813964844
1024,70.3146353337,29,2344.912109375,True,3.7021803855895996,26.07009506225586,3.693408966064453,26.085737228393555
1024,70.3146353337,30,2357.385009765625,True,3.894533157348633,27.106884002685547,3.887521505355835,27.12775421142578
1024,70.3146353337,31,2369.85791015625,True,4.047500133514404,27.536890029907227,4.039462089538574,27.55647087097168
1024,70.3146353337,32,2382.330810546875,True,4.170248985290527,28.274812698364258,4.161752223968506,28.297298431396484
1024,70.3146353337,33,2394.8037109375,True,4.238163471221924,29.263092041015625,4.2306227684021,29.291095733642578
1024,70.3146353337,34,2407.27685546875,True,4.299770355224609,30.51194190979004,4.292898654937744,30.535367965698242
1024,70.3146353337,35,2419.749755859375,True,4.395816802978516,30.99025535583496,4.385254383087158,31.00344467163086
1024,70.3146353337,36,2432.22265625,True,4.58324670791626,31.2471981048584,4.5704450607299805,31.259143829345703
1024,70.3146353337,37,2444.695556640625,True,4.802341938018799,32.078125,4.790811061859131,32.097023010253906
1024,70.3146353337,38,2457.16845703125,True,5.008864879608154,33.402095794677734,4.999568939208984,33.42722702026367
1024,70.3146353337,39,2469.641357421875,True,5.170273303985596,34.09382247924805,5.161236763000488,34.12186050415039
1024,70.3146353337,40,2482.1142578125,True,5.319572448730469,34.494773864746094,5.3091044425964355,34.52134704589844
1024,70.3146353337,41,2494.58740234375,True,5.432847499847412,35.302494049072266,5.422916412353516,35.33465576171875
1024,70.3146353337,42,2507.060302734375,True,5.502786159515381,36.67378234863281,5.494519233703613,36.705963134765625
1024,70.3146353337,43,2519.533203125,True,5.567079067230225,37.70480728149414,5.557364463806152,37.72877883911133
1024,70.3146353337,44,2532.006103515625,True,5.69452428817749,37.74925231933594,5.680800437927246,37.76806640625
1024,70.3146353337,45,2544.47900390625,True,5.922393321990967,38.06547164916992,5.908289432525635,38.0886344909668
1024,70.3146353337,46,2556.951904296875,True,6.147470474243164,39.27698516845703,6.135270118713379,39.306373596191406
1024,70.3146353337,47,2569.4248046875,True,6.328402519226074,40.49810791015625,6.317974090576172,40.532405853271484
1024,70.3146353337,48,2581.89794921875,True,6.4644269943237305,40.81264877319336,6.452481269836426,40.84770965576172
1040,70.3146353337,1,2195.23681640625,True,0.6401772499084473,3.679872989654541,0.6254775524139404,3.6924004554748535
1040,70.3146353337,2,2207.709716796875,True,0.8951616287231445,5.5853657722473145,0.8809771537780762,5.616390228271484
1040,70.3146353337,3,2220.1826171875,True,1.0141911506652832,6.586006164550781,1.0035299062728882,6.623775482177734
1040,70.3146353337,4,2232.655517578125,True,1.1125718355178833,7.484208583831787,1.1034284830093384,7.516529560089111
1040,70.3146353337,5,2245.128662109375,True,1.1726802587509155,8.42967414855957,1.166704535484314,8.455989837646484
1040,70.3146353337,6,2257.6015625,True,1.2140756845474243,8.575947761535645,1.2074456214904785,8.603411674499512
1040,70.3146353337,7,2270.074462890625,True,1.1954727172851562,8.384570121765137,1.1877853870391846,8.409624099731445
1040,70.3146353337,8,2282.54736328125,True,1.115997314453125,8.633605003356934,1.111061453819275,8.646662712097168
1040,70.3146353337,9,2295.020263671875,True,1.2313992977142334,9.586400985717773,1.2252137660980225,9.58439826965332
1040,70.3146353337,10,2307.4931640625,True,1.466076374053955,10.752598762512207,1.4563920497894287,10.756528854370117
1040,70.3146353337,11,2319.966064453125,True,1.6296712160110474,11.606402397155762,1.6206767559051514,11.621150016784668
1040,70.3146353337,12,2332.439208984375,True,1.7769267559051514,12.669777870178223,1.7694568634033203,12.691834449768066
1040,70.3146353337,13,2344.912109375,True,1.9096477031707764,13.743843078613281,1.9040849208831787,13.764175415039062
1040,70.3146353337,14,2357.385009765625,True,2.026488780975342,14.545263290405273,2.022291660308838,14.568272590637207
1040,70.3146353337,15,2369.85791015625,True,2.1045732498168945,14.892765998840332,2.0989890098571777,14.916239738464355
1040,70.3146353337,16,2382.330810546875,True,2.137094736099243,15.602396011352539,2.1321475505828857,15.623244285583496
1040,70.3146353337,17,2394.8037109375,True,2.2078495025634766,16.344430923461914,2.2028613090515137,16.351551055908203
1040,70.3146353337,18,2407.27685546875,True,2.382244825363159,17.424697875976562,2.3745038509368896,17.42587661743164
1040,70.3146353337,19,2419.749755859375,True,2.538808584213257,18.137353897094727,2.529635190963745,18.145090103149414
1040,70.3146353337,20,2432.22265625,True,2.702204704284668,18.906295776367188,2.693880081176758,18.921897888183594
1040,70.3146353337,21,2444.695556640625,True,2.8639779090881348,19.919723510742188,2.8568613529205322,19.938444137573242
1040,70.3146353337,22,2457.16845703125,True,3.0076558589935303,20.96932029724121,3.002350091934204,20.98947525024414
1040,70.3146353337,23,2469.641357421875,True,3.119886636734009,21.496047973632812,3.114276885986328,21.52027130126953
1040,70.3146353337,24,2482.1142578125,True,3.206402540206909,22.089914321899414,3.2001852989196777,22.112899780273438
1040,70.3146353337,25,2494.58740234375,True,3.2863776683807373,22.860179901123047,3.2804269790649414,22.877471923828125
1040,70.3146353337,26,2507.060302734375,True,3.423102855682373,23.920137405395508,3.4155476093292236,23.925920486450195
1040,70.3146353337,27,2519.533203125,True,3.5637314319610596,24.82069206237793,3.554229736328125,24.828018188476562
1040,70.3146353337,28,2532.006103515625,True,3.7126681804656982,25.30965805053711,3.702758312225342,25.323549270629883
1040,70.3146353337,29,2544.47900390625,True,3.8969826698303223,26.076332092285156,3.8878684043884277,26.095611572265625
1040,70.3146353337,30,2556.951904296875,True,4.057368278503418,27.178924560546875,4.049714088439941,27.199432373046875
1040,70.3146353337,31,2569.4248046875,True,4.187400817871094,28.038284301757812,4.180838584899902,28.0631160736084
1040,70.3146353337,32,2581.89794921875,True,4.287500381469727,28.456199645996094,4.279682159423828,28.48208236694336
1040,70.3146353337,33,2594.370849609375,True,4.391827583312988,29.144561767578125,4.3841657638549805,29.169023513793945
1040,70.3146353337,34,2606.84375,True,4.511758804321289,30.08408546447754,4.503371715545654,30.0991153717041
1040,70.3146353337,35,2619.316650390625,True,4.642916679382324,31.28359031677246,4.6331048011779785,31.293689727783203
1040,70.3146353337,36,2631.78955078125,True,4.755439758300781,31.7630615234375,4.744244575500488,31.778261184692383
1040,70.3146353337,37,2644.262451171875,True,4.939019680023193,32.18830871582031,4.927828311920166,32.20976638793945
1040,70.3146353337,38,2656.7353515625,True,5.123038291931152,33.09564208984375,5.112926483154297,33.11954879760742
1040,70.3146353337,39,2669.20849609375,True,5.26856803894043,34.27207565307617,5.26012659072876,34.298519134521484
1040,70.3146353337,40,2681.681396484375,True,5.364513874053955,34.77983474731445,5.355618953704834,34.81037139892578
1040,70.3146353337,41,2694.154296875,True,5.475692272186279,35.25627899169922,5.466058254241943,35.28641128540039
1040,70.3146353337,42,2706.627197265625,True,5.597863674163818,35.983699798583984,5.588191032409668,36.00984191894531
1040,70.3146353337,43,2719.10009765625,True,5.726227283477783,37.29716110229492,5.715665817260742,37.31447219848633
1040,70.3146353337,44,2731.572998046875,True,5.814421653747559,38.14775466918945,5.802707195281982,38.166709899902344
1040,70.3146353337,45,2744.046142578125,True,5.955153465270996,38.283382415771484,5.942293643951416,38.30854415893555
1040,70.3146353337,46,2756.51904296875,True,6.160438537597656,38.81703567504883,6.148165702819824,38.8463249206543
1040,70.3146353337,47,2768.991943359375,True,6.327641010284424,40.04253005981445,6.316859245300293,40.07344055175781
1040,70.3146353337,48,2781.46484375,True,6.4363322257995605,40.95586013793945,6.426570415496826,40.99147415161133
1056,70.3146353337,1,2394.8037109375,True,0.6433818936347961,3.7881991863250732,0.6278911232948303,3.8055419921875
1056,70.3146353337,2,2407.27685546875,True,0.9119855165481567,6.362270355224609,0.898899257183075,6.405967712402344
1056,70.3146353337,3,2419.749755859375,True,1.0534915924072266,7.314752578735352,1.0435206890106201,7.375884056091309
1056,70.3146353337,4,2432.22265625,True,1.1578145027160645,7.956356048583984,1.1487112045288086,8.021467208862305
1056,70.3146353337,5,2444.695556640625,True,1.1941931247711182,8.684538841247559,1.1869710683822632,8.737347602844238
1056,70.3146353337,6,2457.16845703125,True,1.231322169303894,9.13500690460205,1.2250670194625854,9.179302215576172
1056,70.3146353337,7,2469.641357421875,True,1.2476401329040527,8.79448127746582,1.2412171363830566,8.831451416015625
1056,70.3146353337,8,2482.1142578125,True,1.2082676887512207,8.732147216796875,1.203986406326294,8.746949195861816
1056,70.3146353337,9,2494.58740234375,True,1.3438555002212524,9.600004196166992,1.3369920253753662,9.596700668334961
1056,70.3146353337,10,2507.060302734375,True,1.5848183631896973,10.973159790039062,1.5762170553207397,10.977676391601562
1056,70.3146353337,11,2519.533203125,True,1.7540132999420166,12.035623550415039,1.746396780014038,12.05759048461914
1056,70.3146353337,12,2532.006103515625,True,1.8999269008636475,12.931882858276367,1.8929336071014404,12.96214771270752
1056,70.3146353337,13,2544.47900390625,True,2.0226869583129883,14.032083511352539,2.0162925720214844,14.061671257019043
1056,70.3146353337,14,2556.951904296875,True,2.1253368854522705,14.971230506896973,2.1203253269195557,14.998869895935059
1056,70.3146353337,15,2569.4248046875,True,2.212261438369751,15.42817497253418,2.2078206539154053,15.45987319946289
1056,70.3146353337,16,2581.89794921875,True,2.2611093521118164,15.677933692932129,2.256497621536255,15.7000093460083
1056,70.3146353337,17,2594.370849609375,True,2.3652608394622803,16.387889862060547,2.3593108654022217,16.391767501831055
1056,70.3146353337,18,2606.84375,True,2.5579140186309814,17.404285430908203,2.5493690967559814,17.40201187133789
1056,70.3146353337,19,2619.316650390625,True,2.719637870788574,18.504241943359375,2.71177077293396,18.513778686523438
1056,70.3146353337,20,2631.78955078125,True,2.8531785011291504,19.218034744262695,2.8455357551574707,19.236339569091797
1056,70.3146353337,21,2644.262451171875,True,3.0095572471618652,20.140729904174805,3.001964807510376,20.16206169128418
1056,70.3146353337,22,2656.7353515625,True,3.1444344520568848,21.14657211303711,3.137784719467163,21.167451858520508
1056,70.3146353337,23,2669.20849609375,True,3.2578840255737305,22.008419036865234,3.252657413482666,22.033935546875
1056,70.3146353337,24,2681.681396484375,True,3.3295485973358154,22.34555435180664,3.323960781097412,22.371986389160156
1056,70.3146353337,25,2694.154296875,True,3.4354069232940674,22.942655563354492,3.428745985031128,22.956003189086914
1056,70.3146353337,26,2706.627197265625,True,3.6018755435943604,23.7495059967041,3.5925979614257812,23.75103187561035
1056,70.3146353337,27,2719.10009765625,True,3.7636334896087646,24.940650939941406,3.7544407844543457,24.945798873901367
1056,70.3146353337,28,2731.572998046875,True,3.874448776245117,25.726032257080078,3.8657140731811523,25.740432739257812
1056,70.3146353337,29,2744.046142578125,True,4.022042751312256,26.314682006835938,4.012884616851807,26.333192825317383
1056,70.3146353337,30,2756.51904296875,True,4.1843695640563965,27.192720413208008,4.1756110191345215,27.212017059326172
1056,70.3146353337,31,2768.991943359375,True,4.316822528839111,28.255680084228516,4.309483051300049,28.27775764465332
1056,70.3146353337,32,2781.46484375,True,4.400845050811768,28.871047973632812,4.394271373748779,28.898841857910156
1056,70.3146353337,33,2793.937744140625,True,4.48926305770874,29.21449851989746,4.481374263763428,29.236125946044922
1056,70.3146353337,34,2806.41064453125,True,4.647076606750488,29.887222290039062,4.637008190155029,29.8975830078125
1056,70.3146353337,35,2818.883544921875,True,4.809999465942383,30.99127769470215,4.7990570068359375,30.997892379760742
1056,70.3146353337,36,2831.356689453125,True,4.9198384284973145,32.109989166259766,4.910001754760742,32.12362289428711
1056,70.3146353337,37,2843.82958984375,True,5.028818607330322,32.54135513305664,5.0183491706848145,32.56053161621094
1056,70.3146353337,38,2856.302490234375,True,5.204056739807129,33.11014938354492,5.193304538726807,33.13138198852539
1056,70.3146353337,39,2868.775390625,True,5.358605861663818,34.118377685546875,5.348865509033203,34.14111328125
1056,70.3146353337,40,2881.248291015625,True,5.462847709655762,35.11001968383789,5.454773902893066,35.13824462890625
1056,70.3146353337,41,2893.72119140625,True,5.524409294128418,35.41830825805664,5.515530109405518,35.447818756103516
1056,70.3146353337,42,2906.194091796875,True,5.6673808097839355,35.868621826171875,5.656560897827148,35.88954544067383
1056,70.3146353337,43,2918.667236328125,True,5.834488868713379,36.72469711303711,5.822023391723633,36.73847579956055
1056,70.3146353337,44,2931.14013671875,True,5.957902908325195,38.08743667602539,5.946587562561035,38.103187561035156
1056,70.3146353337,45,2943.613037109375,True,6.030401229858398,38.72960662841797,6.019191265106201,38.751590728759766
1056,70.3146353337,46,2956.0859375,True,6.182605266571045,38.997562408447266,6.170300006866455,39.023338317871094
1056,70.3146353337,47,2968.558837890625,True,6.3627028465271,39.70121383666992,6.350865364074707,39.72814178466797
1056,70.3146353337,48,2981.03173828125,True,6.494139671325684,40.90853500366211,6.483974933624268,40.939170837402344
1072,70.3146353337,1,2594.370849609375,True,0.6366268992424011,3.890477180480957,0.6205728054046631,3.9112563133239746
1072,70.3146353337,2,2606.84375,True,0.8929675221443176,6.408299446105957,0.8803418874740601,6.448673248291016
1072,70.3146353337,3,2619.316650390625,True,1.0578346252441406,7.776082992553711,1.0494763851165771,7.833959102630615
1072,70.3146353337,4,2631.78955078125,True,1.1946080923080444,8.334737777709961,1.186757206916809,8.40267562866211
1072,70.3146353337,5,2644.262451171875,True,1.2513669729232788,8.987295150756836,1.2446436882019043,9.051002502441406
1072,70.3146353337,6,2656.7353515625,True,1.273776650428772,9.338337898254395,1.2665152549743652,9.39002513885498
1072,70.3146353337,7,2669.20849609375,True,1.2852898836135864,9.204397201538086,1.279442548751831,9.24554443359375
1072,70.3146353337,8,2681.681396484375,True,1.2693661451339722,8.904376029968262,1.2652722597122192,8.921945571899414
1072,70.3146353337,9,2694.154296875,True,1.4098509550094604,9.87292194366455,1.402320146560669,9.866238594055176
1072,70.3146353337,10,2706.627197265625,True,1.6381714344024658,11.148442268371582,1.6286592483520508,11.148459434509277
1072,70.3146353337,11,2719.10009765625,True,1.8202612400054932,12.309673309326172,1.8137742280960083,12.32818603515625
1072,70.3146353337,12,2731.572998046875,True,1.9730383157730103,13.160223960876465,1.9672356843948364,13.190176963806152
1072,70.3146353337,13,2744.046142578125,True,2.1047000885009766,14.147785186767578,2.098776340484619,14.17819881439209
1072,70.3146353337,14,2756.51904296875,True,2.209029197692871,15.144628524780273,2.2031593322753906,15.174649238586426
1072,70.3146353337,15,2768.991943359375,True,2.2882158756256104,15.80045223236084,2.283323287963867,15.831565856933594
1072,70.3146353337,16,2781.46484375,True,2.3374757766723633,15.989947319030762,2.3337154388427734,16.015972137451172
1072,70.3146353337,17,2793.937744140625,True,2.4449245929718018,16.529621124267578,2.438535690307617,16.530454635620117
1072,70.3146353337,18,2806.41064453125,True,2.642523765563965,17.587078094482422,2.632716178894043,17.580671310424805
1072,70.3146353337,19,2818.883544921875,True,2.8176748752593994,18.65918731689453,2.8094663619995117,18.66408920288086
1072,70.3146353337,20,2831.356689453125,True,2.955653429031372,19.590654373168945,2.9492604732513428,19.607746124267578
1072,70.3146353337,21,2843.82958984375,True,3.0894052982330322,20.313304901123047,3.0824782848358154,20.33270263671875
1072,70.3146353337,22,2856.302490234375,True,3.2364227771759033,21.25587272644043,3.2292728424072266,21.276071548461914
1072,70.3146353337,23,2868.775390625,True,3.350522994995117,22.178958892822266,3.3440802097320557,22.202747344970703
1072,70.3146353337,24,2881.248291015625,True,3.4223451614379883,22.77840232849121,3.4175753593444824,22.805789947509766
1072,70.3146353337,25,2893.72119140625,True,3.5047595500946045,23.09544563293457,3.498194456100464,23.109140396118164
1072,70.3146353337,26,2906.194091796875,True,3.685370922088623,23.941875457763672,3.6750142574310303,23.93926239013672
1072,70.3146353337,27,2918.667236328125,True,3.863004207611084,24.929462432861328,3.852398633956909,24.93067169189453
1072,70.3146353337,28,2931.14013671875,True,3.9979424476623535,26.050249099731445,3.9899654388427734,26.061777114868164
1072,70.3146353337,29,2943.613037109375,True,4.104799270629883,26.692703247070312,4.0967302322387695,26.709001541137695
1072,70.3146353337,30,2956.0859375,True,4.259397983551025,27.378917694091797,4.250492095947266,27.395978927612305
1072,70.3146353337,31,2968.558837890625,True,4.407454013824463,28.250370025634766,4.398882865905762,28.270275115966797
1072,70.3146353337,32,2981.03173828125,True,4.501697540283203,29.194562911987305,4.494865417480469,29.22000503540039
1072,70.3146353337,33,2993.504638671875,True,4.559273719787598,29.570737838745117,4.552392482757568,29.59463882446289
1072,70.3146353337,34,3005.977783203125,True,4.705166339874268,30.083755493164062,4.694408893585205,30.090648651123047
1072,70.3146353337,35,3018.45068359375,True,4.892549514770508,30.940908432006836,4.879899024963379,30.944326400756836
1072,70.3146353337,36,3030.923583984375,True,5.035902976989746,32.12173843383789,5.025515556335449,32.13182830810547
1072,70.3146353337,37,3043.396484375,True,5.128048419952393,33.03536605834961,5.119029998779297,33.05175018310547
1072,70.3146353337,38,3055.869384765625,True,5.24879789352417,33.42932891845703,5.238467216491699,33.44705581665039
1072,70.3146353337,39,3068.34228515625,True,5.421389579772949,34.084041595458984,5.410801887512207,34.10375213623047
1072,70.3146353337,40,3080.8154296875,True,5.5463151931762695,35.12068176269531,5.537010192871094,35.14529800415039
1072,70.3146353337,41,3093.288330078125,True,5.606533050537109,35.86662292480469,5.598858833312988,35.89589309692383
1072,70.3146353337,42,3105.76123046875,True,5.697666645050049,36.12831115722656,5.686913967132568,36.14821243286133
1072,70.3146353337,43,3118.234130859375,True,5.886863708496094,36.760704040527344,5.872938632965088,36.77113342285156
1072,70.3146353337,44,3130.70703125,True,6.044874668121338,37.80012512207031,6.031930923461914,37.81307601928711
1072,70.3146353337,45,3143.179931640625,True,6.143895626068115,39.050411224365234,6.133625030517578,39.06856155395508
1072,70.3146353337,46,3155.65283203125,True,6.219337463378906,39.49739456176758,6.208315372467041,39.51881408691406
1072,70.3146353337,47,3168.1259765625,True,6.385535717010498,39.821495056152344,6.373312473297119,39.844688415527344
1072,70.3146353337,48,3180.598876953125,True,6.546684265136719,40.66372299194336,6.535149574279785,40.690425872802734
3874,100.352251335,1,876.6906127929688,True,0.6677302718162537,4.224151611328125,0.6461175680160522,4.165721893310547
3874,100.352251335,2,884.5181884765625,True,0.8715385794639587,6.513491153717041,0.8546060919761658,6.421183109283447
3874,100.352251335,3,892.3457641601562,True,0.9852757453918457,7.755137920379639,0.9739349484443665,7.638696670532227
3874,100.352251335,4,900.1734008789062,True,1.0510872602462769,8.496368408203125,1.0411996841430664,8.370890617370605
3874,100.352251335,5,908.0009765625,True,1.0536307096481323,7.957290172576904,1.0428187847137451,7.838674545288086
3874,100.352251335,6,915.8285522460938,True,1.040400743484497,6.767967224121094,1.0254223346710205,6.678361415863037
3874,100.352251335,7,923.6561889648438,True,0.9741052985191345,5.677942752838135,0.9547543525695801,5.631002426147461
3874,100.352251335,8,931.4837646484375,True,0.8595240116119385,5.405479431152344,0.843467652797699,5.397808074951172
3874,100.352251335,9,939.3113403320312,True,0.9539685249328613,5.6204657554626465,0.9360132813453674,5.607953071594238
3874,100.352251335,10,947.1389770507812,True,1.1008574962615967,6.190698623657227,1.0837434530258179,6.152266025543213
3874,100.352251335,11,954.966552734375,True,1.1772053241729736,6.879336357116699,1.1660611629486084,6.823441982269287
3874,100.352251335,12,962.7941284179688,True,1.2157326936721802,7.564713001251221,1.208387017250061,7.504513740539551
3874,100.352251335,13,970.6217651367188,True,1.2252768278121948,7.649434566497803,1.2182821035385132,7.592052459716797
3874,100.352251335,14,978.4493408203125,True,1.225842833518982,7.316916465759277,1.2167466878890991,7.26917839050293
3874,100.352251335,15,986.2769165039062,True,1.2125593423843384,7.2060041427612305,1.1993685960769653,7.178339958190918
3874,100.352251335,16,994.1044921875,True,1.1668649911880493,7.4221320152282715,1.1548036336898804,7.421391487121582
3874,100.352251335,17,1001.93212890625,True,1.215367317199707,7.729928016662598,1.2029731273651123,7.734665393829346
3874,100.352251335,18,1009.7597045898438,True,1.3209978342056274,7.955204010009766,1.3083586692810059,7.943408966064453
3874,100.352251335,19,1017.5872802734375,True,1.3850020170211792,8.251587867736816,1.3771826028823853,8.227315902709961
3874,100.352251335,20,1025.4149169921875,True,1.4264041185379028,8.622045516967773,1.4224542379379272,8.597810745239258
3874,100.352251335,21,1033.2425537109375,True,1.4538971185684204,8.857518196105957,1.4509680271148682,8.834505081176758
3874,100.352251335,22,1041.070068359375,True,1.4859950542449951,8.74597454071045,1.4823664426803589,8.722831726074219
3874,100.352251335,23,1048.897705078125,True,1.5060609579086304,8.892407417297363,1.499069333076477,8.881667137145996
3874,100.352251335,24,1056.7252197265625,True,1.4880684614181519,9.284719467163086,1.4797801971435547,9.291211128234863
3874,100.352251335,25,1064.5528564453125,True,1.509245753288269,9.752973556518555,1.5002002716064453,9.762506484985352
3874,100.352251335,26,1072.3804931640625,True,1.5920295715332031,9.9591064453125,1.582736849784851,9.957901000976562
3874,100.352251335,27,1080.2080078125,True,1.6607282161712646,10.122368812561035,1.6556050777435303,10.113683700561523
3874,100.352251335,28,1088.03564453125,True,1.723422884941101,10.354697227478027,1.7218118906021118,10.347200393676758
3874,100.352251335,29,1095.86328125,True,1.773760437965393,10.600793838500977,1.7732725143432617,10.593225479125977
3874,100.352251335,30,1103.6907958984375,True,1.840508222579956,10.561668395996094,1.8402915000915527,10.550644874572754
3874,100.352251335,31,1111.5184326171875,True,1.8989078998565674,10.784213066101074,1.896073341369629,10.782769203186035
3874,100.352251335,32,1119.3460693359375,True,1.9069980382919312,11.261177062988281,1.901461124420166,11.27212142944336
3874,100.352251335,33,1127.173583984375,True,1.9117040634155273,11.823923110961914,1.9046448469161987,11.835100173950195
3874,100.352251335,34,1135.001220703125,True,1.9765268564224243,12.053230285644531,1.969256043434143,12.05654239654541
3874,100.352251335,35,1142.828857421875,True,2.0533440113067627,12.199811935424805,2.0496816635131836,12.198813438415527
3874,100.352251335,36,1150.6563720703125,True,2.1377861499786377,12.378850936889648,2.1371097564697266,12.378442764282227
3874,100.352251335,37,1158.4840087890625,True,2.2021427154541016,12.625959396362305,2.2024917602539062,12.625008583068848
3874,100.352251335,38,1166.3116455078125,True,2.283658504486084,12.59463119506836,2.28488826751709,12.589298248291016
3874,100.352251335,39,1174.13916015625,True,2.3711326122283936,12.848708152770996,2.3704142570495605,12.851616859436035
3874,100.352251335,40,1181.966796875,True,2.402540922164917,13.3817720413208,2.3984854221343994,13.39441967010498
3874,100.352251335,41,1189.79443359375,True,2.397310256958008,13.965749740600586,2.3911988735198975,13.977542877197266
3874,100.352251335,42,1197.6219482421875,True,2.4423446655273438,14.198413848876953,2.4359872341156006,14.20446491241455
3874,100.352251335,43,1205.4495849609375,True,2.522336959838867,14.346168518066406,2.5191612243652344,14.350059509277344
3874,100.352251335,44,1213.2772216796875,True,2.6226537227630615,14.527034759521484,2.622014045715332,14.530487060546875
3874,100.352251335,45,1221.104736328125,True,2.6940886974334717,14.73983097076416,2.694385051727295,14.742671966552734
3874,100.352251335,46,1228.932373046875,True,2.7752609252929688,14.703409194946289,2.7768471240997314,14.702431678771973
3874,100.352251335,47,1236.760009765625,True,2.8793671131134033,14.976680755615234,2.87955904006958,14.982568740844727
3874,100.352251335,48,1244.5875244140625,True,2.9306247234344482,15.586747169494629,2.927255630493164,15.60068416595459
3882,100.352251335,1,939.3113403320312,True,0.5729222893714905,3.075963020324707,0.5484077334403992,3.020503282546997
3882,100.352251335,2,947.1389770507812,True,0.7474974393844604,4.73494291305542,0.7269824147224426,4.658321380615234
3882,100.352251335,3,954.966552734375,True,0.8220316171646118,5.357635021209717,0.8073185682296753,5.264437675476074
3882,100.352251335,4,962.7941284179688,True,0.8682478070259094,5.6574859619140625,0.8558933734893799,5.5469560623168945
3882,100.352251335,5,970.6217651367188,True,0.8808985352516174,5.404291152954102,0.8697468638420105,5.301433563232422
3882,100.352251335,6,978.4493408203125,True,0.8700039386749268,4.756503105163574,0.8551034927368164,4.685814380645752
3882,100.352251335,7,986.2769165039062,True,0.8004604578018188,4.202579498291016,0.7832038998603821,4.18257474899292
3882,100.352251335,8,994.1044921875,True,0.673795223236084,4.33614444732666,0.6594703793525696,4.333287715911865
3882,100.352251335,9,1001.93212890625,True,0.8050509691238403,5.191354274749756,0.7844106554985046,5.165712356567383
3882,100.352251335,10,1009.7597045898438,True,0.9318124651908875,5.75024938583374,0.9121891260147095,5.710080146789551
3882,100.352251335,11,1017.5872802734375,True,1.0050888061523438,6.192038059234619,0.9921997785568237,6.15210485458374
3882,100.352251335,12,1025.4149169921875,True,1.0594795942306519,6.542167663574219,1.0505121946334839,6.502937316894531
3882,100.352251335,13,1033.2425537109375,True,1.1030033826828003,6.735783100128174,1.0953636169433594,6.699347496032715
3882,100.352251335,14,1041.070068359375,True,1.1392565965652466,6.5929388999938965,1.1304869651794434,6.563008785247803
3882,100.352251335,15,1048.897705078125,True,1.1423680782318115,6.63987922668457,1.1318093538284302,6.633256435394287
3882,100.352251335,16,1056.7252197265625,True,1.0931482315063477,6.984370231628418,1.0837105512619019,6.986840724945068
3882,100.352251335,17,1064.5528564453125,True,1.1654502153396606,7.659127712249756,1.151019811630249,7.647528648376465
3882,100.352251335,18,1072.3804931640625,True,1.2637372016906738,8.001646041870117,1.2491695880889893,7.980429172515869
3882,100.352251335,19,1080.2080078125,True,1.3412437438964844,8.240571975708008,1.3321281671524048,8.220619201660156
3882,100.352251335,20,1088.03564453125,True,1.4137706756591797,8.504862785339355,1.4080462455749512,8.489385604858398
3882,100.352251335,21,1095.86328125,True,1.471486210823059,8.805398941040039,1.467002511024475,8.791412353515625
3882,100.352251335,22,1103.6907958984375,True,1.5358422994613647,8.819392204284668,1.531383991241455,8.80479907989502
3882,100.352251335,23,1111.5184326171875,True,1.5839741230010986,8.996545791625977,1.5780085325241089,8.995255470275879
3882,100.352251335,24,1119.3460693359375,True,1.5774810314178467,9.40176010131836,1.5706864595413208,9.406460762023926
3882,100.352251335,25,1127.173583984375,True,1.618770718574524,10.021998405456543,1.6077975034713745,10.015459060668945
3882,100.352251335,26,1135.001220703125,True,1.6971943378448486,10.294794082641602,1.6859151124954224,10.282275199890137
3882,100.352251335,27,1142.828857421875,True,1.778759479522705,10.452560424804688,1.7719814777374268,10.441117286682129
3882,100.352251335,28,1150.6563720703125,True,1.8668283224105835,10.662993431091309,1.8628147840499878,10.654873847961426
3882,100.352251335,29,1158.4840087890625,True,1.929289698600769,10.990962982177734,1.9262526035308838,10.98363971710205
3882,100.352251335,30,1166.3116455078125,True,2.000108003616333,11.04167652130127,1.9977338314056396,11.031967163085938
3882,100.352251335,31,1174.13916015625,True,2.0738816261291504,11.262234687805176,2.0702338218688965,11.262083053588867
3882,100.352251335,32,1181.966796875,True,2.0944347381591797,11.704828262329102,2.0888891220092773,11.709556579589844
3882,100.352251335,33,1189.79443359375,True,2.1175801753997803,12.278578758239746,2.108242988586426,12.273750305175781
3882,100.352251335,34,1197.6219482421875,True,2.1778173446655273,12.511341094970703,2.1681501865386963,12.502808570861816
3882,100.352251335,35,1205.4495849609375,True,2.260713815689087,12.631938934326172,2.2549660205841064,12.624584197998047
3882,100.352251335,36,1213.2772216796875,True,2.3607161045074463,12.82936954498291,2.3572819232940674,12.82338809967041
3882,100.352251335,37,1221.104736328125,True,2.424654483795166,13.133865356445312,2.422001600265503,13.128180503845215
3882,100.352251335,38,1228.932373046875,True,2.4914674758911133,13.193659782409668,2.4899072647094727,13.185935974121094
3882,100.352251335,39,1236.760009765625,True,2.578117847442627,13.439374923706055,2.5755562782287598,13.439156532287598
3882,100.352251335,40,1244.5875244140625,True,2.618211030960083,13.94466495513916,2.6132094860076904,13.949005126953125
3882,100.352251335,41,1252.4151611328125,True,2.631143093109131,14.477102279663086,2.622537851333618,14.473555564880371
3882,100.352251335,42,1260.2427978515625,True,2.6764564514160156,14.668351173400879,2.6674680709838867,14.662840843200684
3882,100.352251335,43,1268.0703125,True,2.758021116256714,14.75521469116211,2.752619743347168,14.751386642456055
3882,100.352251335,44,1275.89794921875,True,2.8676583766937256,14.97156810760498,2.864276170730591,14.967568397521973
3882,100.352251335,45,1283.7254638671875,True,2.933793783187866,15.251927375793457,2.9310455322265625,15.24777603149414
3882,100.352251335,46,1291.5531005859375,True,2.9889943599700928,15.297993659973145,2.9876654148101807,15.292680740356445
3882,100.352251335,47,1299.3807373046875,True,3.079822301864624,15.543411254882812,3.077775716781616,15.544687271118164
3882,100.352251335,48,1307.208251953125,True,3.135047435760498,16.130661010742188,3.13031005859375,16.136184692382812
3898,100.352251335,1,1064.5528564453125,True,0.5534226894378662,2.5164642333984375,0.5251325368881226,2.471839427947998
3898,100.352251335,2,1072.3804931640625,True,0.7071592807769775,3.617318630218506,0.6821722388267517,3.5712366104125977
3898,100.352251335,3,1080.2080078125,True,0.7682188749313354,4.340888500213623,0.7488744258880615,4.311208724975586
3898,100.352251335,4,1088.03564453125,True,0.8098881840705872,4.682724475860596,0.794005274772644,4.638423919677734
3898,100.352251335,5,1095.86328125,True,0.8439088463783264,4.772319793701172,0.8311811685562134,4.723598003387451
3898,100.352251335,6,1103.6907958984375,True,0.8502811193466187,4.463916301727295,0.835161030292511,4.432231903076172
3898,100.352251335,7,1111.5184326171875,True,0.8046928644180298,4.249684810638428,0.7900461554527283,4.258289337158203
3898,100.352251335,8,1119.3460693359375,True,0.7272900342941284,4.390137672424316,0.716056764125824,4.385392665863037
3898,100.352251335,9,1127.173583984375,True,0.8909245133399963,5.340610027313232,0.870508074760437,5.305085182189941
3898,100.352251335,10,1135.001220703125,True,1.00337553024292,5.834955215454102,0.9830719828605652,5.798507213592529
3898,100.352251335,11,1142.828857421875,True,1.0681207180023193,6.266234874725342,1.0537673234939575,6.246093273162842
3898,100.352251335,12,1150.6563720703125,True,1.1264292001724243,6.655333042144775,1.1155577898025513,6.639272689819336
3898,100.352251335,13,1158.4840087890625,True,1.1783696413040161,7.037416934967041,1.1692925691604614,7.020656585693359
3898,100.352251335,14,1166.3116455078125,True,1.222227931022644,7.059460163116455,1.212939739227295,7.044977188110352
3898,100.352251335,15,1174.13916015625,True,1.2450509071350098,7.103463172912598,1.236016035079956,7.107051372528076
3898,100.352251335,16,1181.966796875,True,1.2370604276657104,7.352373123168945,1.2290512323379517,7.3490800857543945
3898,100.352251335,17,1189.79443359375,True,1.3393157720565796,8.035629272460938,1.324215054512024,8.01124095916748
3898,100.352251335,18,1197.6219482421875,True,1.4252681732177734,8.387317657470703,1.4098135232925415,8.362397193908691
3898,100.352251335,19,1205.4495849609375,True,1.4923162460327148,8.630398750305176,1.4818369150161743,8.615330696105957
3898,100.352251335,20,1213.2772216796875,True,1.5622843503952026,8.924711227416992,1.5545777082443237,8.915017127990723
3898,100.352251335,21,1221.104736328125,True,1.6146365404129028,9.340763092041016,1.6081823110580444,9.33191204071045
3898,100.352251335,22,1228.932373046875,True,1.668544054031372,9.472877502441406,1.6625901460647583,9.463236808776855
3898,100.352251335,23,1236.760009765625,True,1.7221163511276245,9.590559959411621,1.7161226272583008,9.591134071350098
3898,100.352251335,24,1244.5875244140625,True,1.7454447746276855,9.872153282165527,1.738959789276123,9.869546890258789
3898,100.352251335,25,1252.4151611328125,True,1.8177651166915894,10.425871849060059,1.8054852485656738,10.407169342041016
3898,100.352251335,26,1260.2427978515625,True,1.888833999633789,10.717204093933105,1.8761731386184692,10.699158668518066
3898,100.352251335,27,1268.0703125,True,1.9569778442382812,10.860721588134766,1.948687195777893,10.848567962646484
3898,100.352251335,28,1275.89794921875,True,2.037719488143921,11.105833053588867,2.0316829681396484,11.097034454345703
3898,100.352251335,29,1283.7254638671875,True,2.089996099472046,11.50607967376709,2.0847837924957275,11.498061180114746
3898,100.352251335,30,1291.5531005859375,True,2.1394262313842773,11.675454139709473,2.135124683380127,11.666434288024902
3898,100.352251335,31,1299.3807373046875,True,2.206974506378174,11.82270622253418,2.20251202583313,11.821052551269531
3898,100.352251335,32,1307.208251953125,True,2.2491347789764404,12.159160614013672,2.243380308151245,12.156579971313477
3898,100.352251335,33,1315.035888671875,True,2.304212808609009,12.637699127197266,2.2933382987976074,12.622037887573242
3898,100.352251335,34,1322.863525390625,True,2.3612656593322754,12.86939811706543,2.349998712539673,12.854899406433105
3898,100.352251335,35,1330.6910400390625,True,2.4291117191314697,12.955620765686035,2.421886682510376,12.945657730102539
3898,100.352251335,36,1338.5186767578125,True,2.5190727710723877,13.181306838989258,2.51379132270813,13.17261028289795
3898,100.352251335,37,1346.3463134765625,True,2.572831630706787,13.557037353515625,2.5680902004241943,13.548433303833008
3898,100.352251335,38,1354.173828125,True,2.612900733947754,13.721454620361328,2.6093640327453613,13.712394714355469
3898,100.352251335,39,1362.00146484375,True,2.684757947921753,13.895533561706543,2.681096076965332,13.89283275604248
3898,100.352251335,40,1369.8291015625,True,2.7398314476013184,14.300678253173828,2.734462261199951,14.298645973205566
3898,100.352251335,41,1377.6566162109375,True,2.784651756286621,14.737340927124023,2.7745447158813477,14.724397659301758
3898,100.352251335,42,1385.4842529296875,True,2.829174518585205,14.905735969543457,2.8186259269714355,14.894296646118164
3898,100.352251335,43,1393.3118896484375,True,2.8948798179626465,14.948150634765625,2.888190507888794,14.94115924835205
3898,100.352251335,44,1401.139404296875,True,2.9922590255737305,15.181304931640625,2.9873573780059814,15.174248695373535
3898,100.352251335,45,1408.967041015625,True,3.0494823455810547,15.529367446899414,3.0449037551879883,15.521578788757324
3898,100.352251335,46,1416.794677734375,True,3.0789201259613037,15.67550277709961,3.075737237930298,15.668233871459961
3898,100.352251335,47,1424.6221923828125,True,3.148862361907959,15.85112190246582,3.1456987857818604,15.84963607788086
3898,100.352251335,48,1432.4498291015625,True,3.213392972946167,16.336742401123047,3.2083089351654053,16.337276458740234
3914,100.352251335,1,1189.79443359375,True,0.5606411099433899,2.5133485794067383,0.5313389301300049,2.472667694091797
3914,100.352251335,2,1197.6219482421875,True,0.7162092924118042,3.5309813022613525,0.6901783347129822,3.4972991943359375
3914,100.352251335,3,1205.4495849609375,True,0.7790008187294006,4.310674667358398,0.7585294842720032,4.305624008178711
3914,100.352251335,4,1213.2772216796875,True,0.811526894569397,4.746058940887451,0.7946305871009827,4.730827331542969
3914,100.352251335,5,1221.104736328125,True,0.8439249396324158,4.906874179840088,0.8304612040519714,4.878814697265625
3914,100.352251335,6,1228.932373046875,True,0.8531445860862732,4.617528915405273,0.837611198425293,4.59773588180542
3914,100.352251335,7,1236.760009765625,True,0.8099439740180969,4.367671966552734,0.7956190705299377,4.379638671875
3914,100.352251335,8,1244.5875244140625,True,0.7452636361122131,4.4201860427856445,0.7346702814102173,4.415139675140381
3914,100.352251335,9,1252.4151611328125,True,0.9229689836502075,5.333567142486572,0.9026744365692139,5.297824382781982
3914,100.352251335,10,1260.2427978515625,True,1.0373584032058716,5.882785320281982,1.0167583227157593,5.850552082061768
3914,100.352251335,11,1268.0703125,True,1.09836745262146,6.3228607177734375,1.0835070610046387,6.308283805847168
3914,100.352251335,12,1275.89794921875,True,1.149169921875,6.7325568199157715,1.1377367973327637,6.722833156585693
3914,100.352251335,13,1283.7254638671875,True,1.1956199407577515,7.123532295227051,1.1859674453735352,7.112746715545654
3914,100.352251335,14,1291.5531005859375,True,1.2341203689575195,7.2038679122924805,1.224419116973877,7.194504261016846
3914,100.352251335,15,1299.3807373046875,True,1.2548551559448242,7.208078384399414,1.2459681034088135,7.212237358093262
3914,100.352251335,16,1307.208251953125,True,1.2576109170913696,7.389468669891357,1.250091314315796,7.384329319000244
3914,100.352251335,17,1315.035888671875,True,1.3756093978881836,8.02018928527832,1.3603715896606445,7.994187831878662
3914,100.352251335,18,1322.863525390625,True,1.4628914594650269,8.430913925170898,1.4469943046569824,8.407599449157715
3914,100.352251335,19,1330.6910400390625,True,1.523076057434082,8.676132202148438,1.5121331214904785,8.66280460357666
3914,100.352251335,20,1338.5186767578125,True,1.5860077142715454,8.967676162719727,1.5778353214263916,8.959464073181152
3914,100.352251335,21,1346.3463134765625,True,1.6336809396743774,9.381284713745117,1.626670002937317,9.374421119689941
3914,100.352251335,22,1354.173828125,True,1.6769134998321533,9.568825721740723,1.6704702377319336,9.561408042907715
3914,100.352251335,23,1362.00146484375,True,1.7243293523788452,9.651006698608398,1.7183289527893066,9.651308059692383
3914,100.352251335,24,1369.8291015625,True,1.7564687728881836,9.880449295043945,1.75042724609375,9.875959396362305
3914,100.352251335,25,1377.6566162109375,True,1.8456661701202393,10.377187728881836,1.8331692218780518,10.356626510620117
3914,100.352251335,26,1385.4842529296875,True,1.9163386821746826,10.708881378173828,1.903174877166748,10.691164016723633
3914,100.352251335,27,1393.3118896484375,True,1.9756642580032349,10.860164642333984,1.966967225074768,10.848700523376465
3914,100.352251335,28,1401.139404296875,True,2.0490543842315674,11.092562675476074,2.0426766872406006,11.084074974060059
3914,100.352251335,29,1408.967041015625,True,2.0986716747283936,11.482765197753906,2.092996835708618,11.475228309631348
3914,100.352251335,30,1416.794677734375,True,2.1372764110565186,11.704581260681152,2.1324827671051025,11.696650505065918
3914,100.352251335,31,1424.6221923828125,True,2.195261240005493,11.816728591918945,2.1907503604888916,11.814194679260254
3914,100.352251335,32,1432.4498291015625,True,2.2443926334381104,12.107447624206543,2.2391135692596436,12.103440284729004
3914,100.352251335,33,1440.2774658203125,True,2.317042350769043,12.53668212890625,2.306006908416748,12.519371032714844
3914,100.352251335,34,1448.10498046875,True,2.3749918937683105,12.804807662963867,2.363247871398926,12.7901029586792
3914,100.352251335,35,1455.9326171875,True,2.43288254737854,12.883088111877441,2.4253482818603516,12.872970581054688
3914,100.352251335,36,1463.76025390625,True,2.514716625213623,13.109856605529785,2.509249210357666,13.101490020751953
3914,100.352251335,37,1471.5877685546875,True,2.5678446292877197,13.46871566772461,2.5627694129943848,13.460211753845215
3914,100.352251335,38,1479.4154052734375,True,2.5985360145568848,13.701706886291504,2.5945394039154053,13.693573951721191
3914,100.352251335,39,1487.2430419921875,True,2.658128261566162,13.808963775634766,2.654444694519043,13.805434226989746
3914,100.352251335,40,1495.070556640625,True,2.7182748317718506,14.185883522033691,2.71343731880188,14.18317699432373
3914,100.352251335,41,1502.898193359375,True,2.780940532684326,14.579484939575195,2.770768880844116,14.565530776977539
3914,100.352251335,42,1510.7257080078125,True,2.828047752380371,14.787641525268555,2.8170723915100098,14.775858879089355
3914,100.352251335,43,1518.5533447265625,True,2.883228302001953,14.810688972473145,2.8763229846954346,14.80354118347168
3914,100.352251335,44,1526.3809814453125,True,2.9713151454925537,15.046130180358887,2.966379165649414,15.039843559265137
3914,100.352251335,45,1534.20849609375,True,3.029428720474243,15.382880210876465,3.0246617794036865,15.375174522399902
3914,100.352251335,46,1542.0361328125,True,3.051898956298828,15.597761154174805,3.048299551010132,15.591272354125977
3914,100.352251335,47,1549.86376953125,True,3.107548713684082,15.71545124053955,3.104400396347046,15.713537216186523
3914,100.352251335,48,1557.6912841796875,True,3.174971342086792,16.1617431640625,3.1705009937286377,16.16230583190918
3922,100.352251335,1,1252.4151611328125,True,0.5636646151542664,2.5341684818267822,0.5342826247215271,2.494291305541992
3922,100.352251335,2,1260.2427978515625,True,0.7220403552055359,3.552774667739868,0.6958112716674805,3.521432638168335
3922,100.352251335,3,1268.0703125,True,0.7869281768798828,4.309293270111084,0.7662831544876099,4.308630466461182
3922,100.352251335,4,1275.89794921875,True,0.8160842657089233,4.786986351013184,0.7990362048149109,4.778202056884766
3922,100.352251335,5,1283.7254638671875,True,0.8465127348899841,4.963298320770264,0.832913339138031,4.9398040771484375
3922,100.352251335,6,1291.5531005859375,True,0.8560200333595276,4.681419372558594,0.8404169082641602,4.664490222930908
3922,100.352251335,7,1299.3807373046875,True,0.8124898076057434,4.3912672996521,0.7982414364814758,4.403950214385986
3922,100.352251335,8,1307.208251953125,True,0.7501658797264099,4.42713737487793,0.7397564053535461,4.4222412109375
3922,100.352251335,9,1315.035888671875,True,0.9325505495071411,5.336723327636719,0.9122648239135742,5.300944805145264
3922,100.352251335,10,1322.863525390625,True,1.047899603843689,5.9075822830200195,1.0271251201629639,5.876592636108398
3922,100.352251335,11,1330.6910400390625,True,1.108540415763855,6.336696624755859,1.0935049057006836,6.323044776916504
3922,100.352251335,12,1338.5186767578125,True,1.1571545600891113,6.746335506439209,1.145615577697754,6.737606048583984
3922,100.352251335,13,1346.3463134765625,True,1.2019155025482178,7.141738414764404,1.192145824432373,7.132331848144531
3922,100.352251335,14,1354.173828125,True,1.2379307746887207,7.2352142333984375,1.2281197309494019,7.22742223739624
3922,100.352251335,15,1362.00146484375,True,1.2564496994018555,7.225296497344971,1.2475703954696655,7.2297043800354
3922,100.352251335,16,1369.8291015625,True,1.2613097429275513,7.395459175109863,1.2539869546890259,7.389985084533691
3922,100.352251335,17,1377.6566162109375,True,1.384995937347412,8.01069450378418,1.3696998357772827,7.984304428100586
3922,100.352251335,18,1385.4842529296875,True,1.472900629043579,8.442831993103027,1.4567625522613525,8.420207977294922
3922,100.352251335,19,1393.3118896484375,True,1.5312243700027466,8.685795783996582,1.5200728178024292,8.672810554504395
3922,100.352251335,20,1401.139404296875,True,1.59259831905365,8.971839904785156,1.5843192338943481,8.963678359985352
3922,100.352251335,21,1408.967041015625,True,1.6398154497146606,9.375420570373535,1.632692813873291,9.368948936462402
3922,100.352251335,22,1416.794677734375,True,1.679714560508728,9.585433006286621,1.6731297969818115,9.579070091247559
3922,100.352251335,23,1424.6221923828125,True,1.7235769033432007,9.647960662841797,1.7175620794296265,9.647906303405762
3922,100.352251335,24,1432.4498291015625,True,1.7578247785568237,9.871825218200684,1.752001404762268,9.866999626159668
3922,100.352251335,25,1440.2774658203125,True,1.8530666828155518,10.356470108032227,1.8405083417892456,10.335424423217773
3922,100.352251335,26,1448.10498046875,True,1.9242286682128906,10.711993217468262,1.9107965230941772,10.694536209106445
3922,100.352251335,27,1455.9326171875,True,1.9807789325714111,10.849039077758789,1.9718798398971558,10.83712387084961
3922,100.352251335,28,1463.76025390625,True,2.052576780319214,11.087444305419922,2.0461156368255615,11.078866004943848
3922,100.352251335,29,1471.5877685546875,True,2.103058338165283,11.462489128112793,2.097288131713867,11.45497989654541
3922,100.352251335,30,1479.4154052734375,True,2.1385879516601562,11.717414855957031,2.1336278915405273,11.710264205932617
3922,100.352251335,31,1487.2430419921875,True,2.1917898654937744,11.79110050201416,2.187260150909424,11.788254737854004
3922,100.352251335,32,1495.070556640625,True,2.2427992820739746,12.090775489807129,2.2377476692199707,12.08657169342041
3922,100.352251335,33,1502.898193359375,True,2.32184100151062,12.505791664123535,2.310758590698242,12.48823070526123
3922,100.352251335,34,1510.7257080078125,True,2.3803975582122803,12.79720401763916,2.368370532989502,12.782594680786133
3922,100.352251335,35,1518.5533447265625,True,2.434725522994995,12.868656158447266,2.426995277404785,12.858579635620117
3922,100.352251335,36,1526.3809814453125,True,2.51457142829895,13.09168815612793,2.5090510845184326,13.083463668823242
3922,100.352251335,37,1534.20849609375,True,2.5696043968200684,13.439737319946289,2.5644681453704834,13.431164741516113
3922,100.352251335,38,1542.0361328125,True,2.598024606704712,13.693563461303711,2.5938477516174316,13.686060905456543
3922,100.352251335,39,1549.86376953125,True,2.6517333984375,13.789746284484863,2.64802885055542,13.786019325256348
3922,100.352251335,40,1557.6912841796875,True,2.7132086753845215,14.154598236083984,2.7086267471313477,14.151906967163086
3922,100.352251335,41,1565.5189208984375,True,2.7825005054473877,14.54273796081543,2.7723186016082764,14.528606414794922
3922,100.352251335,42,1573.3465576171875,True,2.8305976390838623,14.784194946289062,2.8193469047546387,14.772579193115234
3922,100.352251335,43,1581.174072265625,True,2.8816909790039062,14.786711692810059,2.8746001720428467,14.779440879821777
3922,100.352251335,44,1589.001708984375,True,2.967209815979004,15.015518188476562,2.9622550010681152,15.0095853805542
3922,100.352251335,45,1596.829345703125,True,3.027941942214966,15.341347694396973,3.0231387615203857,15.333710670471191
3922,100.352251335,46,1604.6568603515625,True,3.0493431091308594,15.584413528442383,3.0455541610717773,15.578391075134277
3922,100.352251335,47,1612.4844970703125,True,3.0983808040618896,15.677534103393555,3.095212936401367,15.675491333007812
3922,100.352251335,48,1620.3121337890625,True,3.1664469242095947,16.11392593383789,3.162243127822876,16.114707946777344
3938,100.352251335,1,1377.6566162109375,True,0.567781925201416,2.575868844985962,0.5386443734169006,2.5364880561828613
3938,100.352251335,2,1385.4842529296875,True,0.729933500289917,3.573810338973999,0.7036780714988708,3.5431108474731445
3938,100.352251335,3,1393.3118896484375,True,0.7989248037338257,4.2690043449401855,0.7782658338546753,4.27199649810791
3938,100.352251335,4,1401.139404296875,True,0.8225469589233398,4.800401210784912,0.8054845333099365,4.800017356872559
3938,100.352251335,5,1408.967041015625,True,0.8461715579032898,5.026183605194092,0.8324553370475769,5.008480072021484
3938,100.352251335,6,1416.794677734375,True,0.8556187152862549,4.762997150421143,0.8399423956871033,4.749639511108398
3938,100.352251335,7,1424.6221923828125,True,0.810029923915863,4.392016410827637,0.7957819700241089,4.404078960418701
3938,100.352251335,8,1432.4498291015625,True,0.7491951584815979,4.421787261962891,0.7391321063041687,4.417431354522705
3938,100.352251335,9,1440.2774658203125,True,0.9404081702232361,5.317430019378662,0.9202253818511963,5.28194522857666
3938,100.352251335,10,1448.10498046875,True,1.059685230255127,5.9287519454956055,1.0386464595794678,5.90018367767334
3938,100.352251335,11,1455.9326171875,True,1.1201649904251099,6.3100457191467285,1.1048216819763184,6.296356201171875
3938,100.352251335,12,1463.76025390625,True,1.16578209400177,6.744367599487305,1.1541330814361572,6.737004280090332
3938,100.352251335,13,1471.5877685546875,True,1.2068164348602295,7.1331634521484375,1.1969870328903198,7.12564754486084
3938,100.352251335,14,1479.4154052734375,True,1.2388304471969604,7.2769999504089355,1.228901743888855,7.272472381591797
3938,100.352251335,15,1487.2430419921875,True,1.252112865447998,7.206270217895508,1.2431979179382324,7.210331439971924
3938,100.352251335,16,1495.070556640625,True,1.259125828742981,7.386362552642822,1.2522194385528564,7.380746841430664
3938,100.352251335,17,1502.898193359375,True,1.3929526805877686,7.9750471115112305,1.3776538372039795,7.948406219482422
3938,100.352251335,18,1510.7257080078125,True,1.4839434623718262,8.453925132751465,1.4673794507980347,8.432706832885742
3938,100.352251335,19,1518.5533447265625,True,1.539328932762146,8.665372848510742,1.5277928113937378,8.652125358581543
3938,100.352251335,20,1526.3809814453125,True,1.5986684560775757,8.96522045135498,1.5902525186538696,8.957256317138672
3938,100.352251335,21,1534.20849609375,True,1.6456964015960693,9.345606803894043,1.638504147529602,9.339599609375
3938,100.352251335,22,1542.0361328125,True,1.6807775497436523,9.606074333190918,1.6739834547042847,9.60220718383789
3938,100.352251335,23,1549.86376953125,True,1.7167787551879883,9.62541675567627,1.7107211351394653,9.625205993652344
3938,100.352251335,24,1557.6912841796875,True,1.753553032875061,9.859516143798828,1.7481639385223389,9.85456657409668
3938,100.352251335,25,1565.5189208984375,True,1.8595829010009766,10.316396713256836,1.8469948768615723,10.29510498046875
3938,100.352251335,26,1573.3465576171875,True,1.9332969188690186,10.724830627441406,1.9193425178527832,10.708446502685547
3938,100.352251335,27,1581.174072265625,True,1.984994649887085,10.837127685546875,1.97567617893219,10.825451850891113
3938,100.352251335,28,1589.001708984375,True,2.0544729232788086,11.073942184448242,2.04788875579834,11.065640449523926
3938,100.352251335,29,1596.829345703125,True,2.1075196266174316,11.420573234558105,2.1016998291015625,11.41308307647705
3938,100.352251335,30,1604.6568603515625,True,2.139240026473999,11.720654487609863,2.1340038776397705,11.715375900268555
3938,100.352251335,31,1612.4844970703125,True,2.182359457015991,11.767662048339844,2.1777732372283936,11.764766693115234
3938,100.352251335,32,1620.3121337890625,True,2.235491991043091,12.06303596496582,2.2309069633483887,12.058916091918945
3938,100.352251335,33,1628.1396484375,True,2.325910806655884,12.463615417480469,2.3148245811462402,12.445904731750488
3938,100.352251335,34,1635.96728515625,True,2.3870654106140137,12.80852222442627,2.374476909637451,12.794425010681152
3938,100.352251335,35,1643.794921875,True,2.435120105743408,12.858783721923828,2.4269559383392334,12.848708152770996
3938,100.352251335,36,1651.6224365234375,True,2.5117053985595703,13.08637523651123,2.5060935020446777,13.079002380371094
3938,100.352251335,37,1659.4500732421875,True,2.571406841278076,13.388055801391602,2.5662291049957275,13.379510879516602
3938,100.352251335,38,1667.2777099609375,True,2.598010540008545,13.689576148986816,2.593505859375,13.683334350585938
3938,100.352251335,39,1675.105224609375,True,2.640021562576294,13.748466491699219,2.6362478733062744,13.744626998901367
3938,100.352251335,40,1682.932861328125,True,2.700396776199341,14.064900398254395,2.6963002681732178,14.062113761901855
3938,100.352251335,41,1690.760498046875,True,2.781437397003174,14.483040809631348,2.7713112831115723,14.469228744506836
3938,100.352251335,42,1698.5880126953125,True,2.832843780517578,14.776456832885742,2.82102108001709,14.764958381652832
3938,100.352251335,43,1706.4156494140625,True,2.8766610622406006,14.771340370178223,2.869133949279785,14.76405143737793
3938,100.352251335,44,1714.2432861328125,True,2.955505132675171,14.946060180664062,2.9505109786987305,14.94021987915039
3938,100.352251335,45,1722.07080078125,True,3.0220413208007812,15.268794059753418,3.017249584197998,15.26150894165039
3938,100.352251335,46,1729.8984375,True,3.0440151691436768,15.55179500579834,3.039896249771118,15.546722412109375
3938,100.352251335,47,1737.7259521484375,True,3.080220937728882,15.6174955368042,3.076993942260742,15.615386009216309
3938,100.352251335,48,1745.5535888671875,True,3.145536422729492,15.982803344726562,3.1418709754943848,15.983783721923828
3954,100.352251335,1,1502.898193359375,True,0.5704113245010376,2.586977481842041,0.5417243838310242,2.548286199569702
3954,100.352251335,2,1510.7257080078125,True,0.7366296052932739,3.6071245670318604,0.7105748653411865,3.576432228088379
3954,100.352251335,3,1518.5533447265625,True,0.8093105554580688,4.183132648468018,0.7887021899223328,4.184474945068359
3954,100.352251335,4,1526.3809814453125,True,0.8312664031982422,4.790826320648193,0.8143030405044556,4.796629905700684
3954,100.352251335,5,1534.20849609375,True,0.846124529838562,5.062332630157471,0.832413911819458,5.048973560333252
3954,100.352251335,6,1542.0361328125,True,0.8550715446472168,4.854730129241943,0.8394062519073486,4.844614028930664
3954,100.352251335,7,1549.86376953125,True,0.8067426085472107,4.39143705368042,0.7924395799636841,4.402375221252441
3954,100.352251335,8,1557.6912841796875,True,0.7466630339622498,4.425878047943115,0.736960768699646,4.422050476074219
3954,100.352251335,9,1565.5189208984375,True,0.9450787901878357,5.294921398162842,0.9250984787940979,5.259575843811035
3954,100.352251335,10,1573.3465576171875,True,1.0697617530822754,5.961861610412598,1.0485652685165405,5.935754776000977
3954,100.352251335,11,1581.174072265625,True,1.130252480506897,6.280519008636475,1.1146193742752075,6.267143249511719
3954,100.352251335,12,1589.001708984375,True,1.174986481666565,6.7385077476501465,1.163230538368225,6.732522487640381
3954,100.352251335,13,1596.829345703125,True,1.211989164352417,7.122944355010986,1.2021799087524414,7.116592884063721
3954,100.352251335,14,1604.6568603515625,True,1.2408151626586914,7.313933849334717,1.2307771444320679,7.312760353088379
3954,100.352251335,15,1612.4844970703125,True,1.2477566003799438,7.205667972564697,1.2387503385543823,7.210154056549072
3954,100.352251335,16,1620.3121337890625,True,1.2556626796722412,7.392157554626465,1.2491517066955566,7.386706829071045
3954,100.352251335,17,1628.1396484375,True,1.3981817960739136,7.949551105499268,1.382962942123413,7.922740936279297
3954,100.352251335,18,1635.96728515625,True,1.4940110445022583,8.479157447814941,1.477060079574585,8.459427833557129
3954,100.352251335,19,1643.794921875,True,1.5467544794082642,8.661720275878906,1.5347963571548462,8.648757934570312
3954,100.352251335,20,1651.6224365234375,True,1.6049855947494507,8.983654022216797,1.5964076519012451,8.97671127319336
3954,100.352251335,21,1659.4500732421875,True,1.6520123481750488,9.318973541259766,1.6448123455047607,9.313016891479492
3954,100.352251335,22,1667.2777099609375,True,1.6839778423309326,9.626533508300781,1.6769624948501587,9.624890327453613
3954,100.352251335,23,1675.105224609375,True,1.7112178802490234,9.613325119018555,1.7050515413284302,9.61346435546875
3954,100.352251335,24,1682.932861328125,True,1.7465522289276123,9.817806243896484,1.7415825128555298,9.812426567077637
3954,100.352251335,25,1690.760498046875,True,1.8620554208755493,10.279963493347168,1.8495460748672485,10.258572578430176
3954,100.352251335,26,1698.5880126953125,True,1.9404067993164062,10.731264114379883,1.9259629249572754,10.7153959274292
3954,100.352251335,27,1706.4156494140625,True,1.98777174949646,10.84073257446289,1.9779974222183228,10.829232215881348
3954,100.352251335,28,1714.2432861328125,True,2.053008556365967,11.040826797485352,2.0462844371795654,11.03182315826416
3954,100.352251335,29,1722.07080078125,True,2.108534336090088,11.375447273254395,2.1027016639709473,11.367850303649902
3954,100.352251335,30,1729.8984375,True,2.1385955810546875,11.711055755615234,2.13307785987854,11.707257270812988
3954,100.352251335,31,1737.7259521484375,True,2.17106032371521,11.741455078125,2.1663637161254883,11.73869514465332
3954,100.352251335,32,1745.5535888671875,True,2.2216901779174805,11.986454010009766,2.217555046081543,11.982030868530273
3954,100.352251335,33,1753.3812255859375,True,2.3219621181488037,12.410969734191895,2.3110265731811523,12.393546104431152
3954,100.352251335,34,1761.208740234375,True,2.388317584991455,12.795175552368164,2.375213861465454,12.781461715698242
3954,100.352251335,35,1769.036376953125,True,2.4308180809020996,12.84157943725586,2.422185182571411,12.83160400390625
3954,100.352251335,36,1776.864013671875,True,2.5015506744384766,13.008916854858398,2.4958486557006836,13.00067138671875
3954,100.352251335,37,1784.6915283203125,True,2.565075159072876,13.326411247253418,2.559937000274658,13.31800365447998
3954,100.352251335,38,1792.5191650390625,True,2.5922460556030273,13.652981758117676,2.587453842163086,13.647942543029785
3954,100.352251335,39,1800.3468017578125,True,2.622299909591675,13.700847625732422,2.6184260845184326,13.697179794311523
3954,100.352251335,40,1808.17431640625,True,2.68094539642334,13.984682083129883,2.67733097076416,13.982163429260254
3954,100.352251335,41,1816.001953125,True,2.771953582763672,14.416274070739746,2.7620747089385986,14.403048515319824
3954,100.352251335,42,1823.82958984375,True,2.829380750656128,14.751357078552246,2.8170509338378906,14.740260124206543
3954,100.352251335,43,1831.6571044921875,True,2.8668973445892334,14.746868133544922,2.858876943588257,14.739635467529297
3954,100.352251335,44,1839.4847412109375,True,2.940446615219116,14.883647918701172,2.935382843017578,14.878294944763184
3954,100.352251335,45,1847.3123779296875,True,3.0115602016448975,15.195796966552734,3.006824016571045,15.189064025878906
3954,100.352251335,46,1855.139892578125,True,3.0367703437805176,15.511711120605469,3.0323569774627686,15.5077486038208
3954,100.352251335,47,1862.967529296875,True,3.0608458518981934,15.562017440795898,3.0575027465820312,15.559996604919434
3954,100.352251335,48,1870.795166015625,True,3.122954845428467,15.875978469848633,3.1197516918182373,15.87730598449707
3970,100.352251335,1,1628.1396484375,True,0.5722073316574097,2.5718727111816406,0.5438753366470337,2.5340962409973145
3970,100.352251335,2,1635.96728515625,True,0.7427521347999573,3.6607906818389893,0.7169590592384338,3.630952835083008
3970,100.352251335,3,1643.794921875,True,0.818461537361145,4.106454372406006,0.7978310585021973,4.107021808624268
3970,100.352251335,4,1651.6224365234375,True,0.8423284888267517,4.782149791717529,0.8253624439239502,4.79596471786499
3970,100.352251335,5,1659.4500732421875,True,0.847423791885376,5.071500778198242,0.833666205406189,5.06247615814209
3970,100.352251335,6,1667.2777099609375,True,0.8546870946884155,4.938389301300049,0.8389407992362976,4.931267738342285
3970,100.352251335,7,1675.105224609375,True,0.8031831383705139,4.3939924240112305,0.7887408137321472,4.404154300689697
3970,100.352251335,8,1682.932861328125,True,0.7409906387329102,4.398748397827148,0.731577455997467,4.39463472366333
3970,100.352251335,9,1690.760498046875,True,0.9451873302459717,5.246414661407471,0.9253886342048645,5.211394786834717
3970,100.352251335,10,1698.5880126953125,True,1.0769438743591309,5.9708333015441895,1.0556182861328125,5.946633338928223
3970,100.352251335,11,1706.4156494140625,True,1.1376839876174927,6.2518486976623535,1.1217106580734253,6.239040851593018
3970,100.352251335,12,1714.2432861328125,True,1.1811211109161377,6.694559574127197,1.169171690940857,6.68811559677124
3970,100.352251335,13,1722.07080078125,True,1.213301658630371,7.087319374084473,1.2034478187561035,7.081951141357422
3970,100.352251335,14,1729.8984375,True,1.2389168739318848,7.323063373565674,1.2286725044250488,7.324436187744141
3970,100.352251335,15,1737.7259521484375,True,1.2387452125549316,7.189481735229492,1.2295476198196411,7.1942524909973145
3970,100.352251335,16,1745.5535888671875,True,1.2432794570922852,7.3388495445251465,1.237134337425232,7.332918167114258
3970,100.352251335,17,1753.3812255859375,True,1.392965316772461,7.889268398284912,1.377924919128418,7.86266565322876
3970,100.352251335,18,1761.208740234375,True,1.496302843093872,8.455057144165039,1.479011058807373,8.436444282531738
3970,100.352251335,19,1769.036376953125,True,1.5470945835113525,8.627147674560547,1.5347034931182861,8.61462116241455
3970,100.352251335,20,1776.864013671875,True,1.6021367311477661,8.907444953918457,1.5933558940887451,8.898701667785645
3970,100.352251335,21,1784.6915283203125,True,1.647874355316162,9.261919975280762,1.6406396627426147,9.25595760345459
3970,100.352251335,22,1792.5191650390625,True,1.67738938331604,9.592634201049805,1.6701152324676514,9.592870712280273
3970,100.352251335,23,1800.3468017578125,True,1.6951643228530884,9.573319435119629,1.6888327598571777,9.573834419250488
3970,100.352251335,24,1808.17431640625,True,1.728771448135376,9.762951850891113,1.7242114543914795,9.757551193237305
3970,100.352251335,25,1816.001953125,True,1.8519871234893799,10.21159839630127,1.839727520942688,10.190530776977539
3970,100.352251335,26,1823.82958984375,True,1.9378278255462646,10.688010215759277,1.922967791557312,10.67292308807373
3970,100.352251335,27,1831.6571044921875,True,1.9818909168243408,10.80311393737793,1.9716376066207886,10.792119026184082
3970,100.352251335,28,1839.4847412109375,True,2.0442378520965576,10.986809730529785,2.0373504161834717,10.977782249450684
3970,100.352251335,29,1847.3123779296875,True,2.1007320880889893,11.304804801940918,2.09490966796875,11.29730224609375
3970,100.352251335,30,1855.139892578125,True,2.1305949687957764,11.664507865905762,2.1248114109039307,11.662359237670898
3970,100.352251335,31,1862.967529296875,True,2.1526265144348145,11.691749572753906,2.1477842330932617,11.689404487609863
3970,100.352251335,32,1870.795166015625,True,2.2007126808166504,11.907217979431152,2.196985960006714,11.90289306640625
3970,100.352251335,33,1878.6226806640625,True,2.309131383895874,12.335638999938965,2.2985191345214844,12.31870174407959
3970,100.352251335,34,1886.4503173828125,True,2.3832311630249023,12.751534461975098,2.369690418243408,12.738548278808594
3970,100.352251335,35,1894.2779541015625,True,2.4215686321258545,12.811509132385254,2.4124245643615723,12.801936149597168
3970,100.352251335,36,1902.10546875,True,2.4880197048187256,12.95121955871582,2.4821794033050537,12.943426132202148
3970,100.352251335,37,1909.93310546875,True,2.553900957107544,13.246851921081543,2.5487966537475586,13.238906860351562
3970,100.352251335,38,1917.7607421875,True,2.583690881729126,13.604230880737305,2.5786447525024414,13.600489616394043
3970,100.352251335,39,1925.5882568359375,True,2.6032378673553467,13.655951499938965,2.5992259979248047,13.652568817138672
3970,100.352251335,40,1933.4158935546875,True,2.658010721206665,13.89168930053711,2.654790163040161,13.889235496520996
3970,100.352251335,41,1941.2435302734375,True,2.757303237915039,14.338749885559082,2.747828245162964,14.326249122619629
3970,100.352251335,42,1949.071044921875,True,2.8231821060180664,14.71390438079834,2.8104333877563477,14.7032470703125
3970,100.352251335,43,1956.898681640625,True,2.858130931854248,14.736565589904785,2.849551200866699,14.729597091674805
3970,100.352251335,44,1964.726318359375,True,2.9261138439178467,14.838860511779785,2.920909881591797,14.834027290344238
3970,100.352251335,45,1972.5538330078125,True,3.000330686569214,15.130284309387207,2.9956631660461426,15.12419319152832
3970,100.352251335,46,1980.3814697265625,True,3.031080722808838,15.467092514038086,3.0264313220977783,15.464134216308594
3970,100.352251335,47,1988.208984375,True,3.0473625659942627,15.541391372680664,3.0438647270202637,15.539739608764648
3970,100.352251335,48,1996.03662109375,True,3.1041741371154785,15.791082382202148,3.1013247966766357,15.792356491088867
7258,149.059229449,1,527.073486328125,True,0.6738088130950928,4.0183305740356445,0.6486859321594238,3.9249773025512695
7258,149.059229449,2,531.9537963867188,True,0.9292650818824768,6.251986503601074,0.9069089889526367,6.127599239349365
7258,149.059229449,3,536.8341064453125,True,1.0247589349746704,7.55895471572876,1.0058531761169434,7.433342933654785
7258,149.059229449,4,541.7144165039062,True,1.1012816429138184,7.791109561920166,1.089205026626587,7.660111904144287
7258,149.059229449,5,546.5947265625,True,1.2133715152740479,6.878320693969727,1.204197645187378,6.756235122680664
7258,149.059229449,6,551.4750366210938,True,1.2576837539672852,5.697615623474121,1.2467007637023926,5.633835315704346
7258,149.059229449,7,556.3553466796875,True,1.2306914329528809,5.5176239013671875,1.219294548034668,5.5356645584106445
7258,149.059229449,8,561.2356567382812,True,1.2692948579788208,6.326720237731934,1.2565404176712036,6.297666549682617
7258,149.059229449,9,566.115966796875,True,1.5046133995056152,7.190291404724121,1.4854965209960938,7.113552093505859
7258,149.059229449,10,570.9962768554688,True,1.7129713296890259,7.791548252105713,1.6967068910598755,7.72229528427124
7258,149.059229449,11,575.8765869140625,True,1.8729888200759888,8.794010162353516,1.859941840171814,8.743237495422363
7258,149.059229449,12,580.7568969726562,True,2.0159130096435547,9.22423267364502,2.0069286823272705,9.154560089111328
7258,149.059229449,13,585.63720703125,True,2.190880060195923,8.759751319885254,2.183417320251465,8.688098907470703
7258,149.059229449,14,590.5175170898438,True,2.2926692962646484,8.486584663391113,2.2840960025787354,8.455094337463379
7258,149.059229449,15,595.3978271484375,True,2.341564893722534,9.483622550964355,2.33176326751709,9.488691329956055
7258,149.059229449,16,600.2781372070312,True,2.483537197113037,10.854215621948242,2.468179702758789,10.812091827392578
7258,149.059229449,17,605.158447265625,True,2.7392642498016357,11.273945808410645,2.7194957733154297,11.21004867553711
7258,149.059229449,18,610.0387573242188,True,2.958386182785034,11.648218154907227,2.9407923221588135,11.589858055114746
7258,149.059229449,19,614.9190673828125,True,3.1386547088623047,12.737544059753418,3.122364044189453,12.693397521972656
7258,149.059229449,20,619.7993774414062,True,3.337986469268799,13.219271659851074,3.3246405124664307,13.163166046142578
7258,149.059229449,21,624.6796875,True,3.5444345474243164,12.917107582092285,3.53273606300354,12.857519149780273
7258,149.059229449,22,629.5599975585938,True,3.6722962856292725,13.021337509155273,3.6598079204559326,12.978876113891602
7258,149.059229449,23,634.4403076171875,True,3.7602834701538086,14.464245796203613,3.745939254760742,14.43777847290039
7258,149.059229449,24,639.3206176757812,True,3.9425477981567383,15.744967460632324,3.9216983318328857,15.689971923828125
7258,149.059229449,25,644.200927734375,True,4.204223155975342,15.864266395568848,4.180901050567627,15.796802520751953
7258,149.059229449,26,649.0812377929688,True,4.429623603820801,16.353675842285156,4.408052921295166,16.28694725036621
7258,149.059229449,27,653.9615478515625,True,4.606961250305176,17.612668991088867,4.586647033691406,17.557653427124023
7258,149.059229449,28,658.8418579101562,True,4.820840835571289,17.932861328125,4.8021392822265625,17.87242317199707
7258,149.059229449,29,663.72216796875,True,5.0247907638549805,17.539974212646484,5.007928848266602,17.469295501708984
7258,149.059229449,30,668.6024780273438,True,5.156833171844482,18.000625610351562,5.139093399047852,17.93376922607422
7258,149.059229449,31,673.4827880859375,True,5.253249645233154,19.629688262939453,5.233307361602783,19.573549270629883
7258,149.059229449,32,678.3630981445312,True,5.443546772003174,20.60321807861328,5.417214870452881,20.53407096862793
7258,149.059229449,33,683.243408203125,True,5.710948467254639,20.520374298095703,5.6834001541137695,20.440288543701172
7258,149.059229449,34,688.1237182617188,True,5.931454658508301,21.291927337646484,5.905276298522949,21.208866119384766
7258,149.059229449,35,693.0040283203125,True,6.08847713470459,22.60408592224121,6.06370210647583,22.533079147338867
7258,149.059229449,36,697.8843383789062,True,6.29817008972168,22.64278221130371,6.274444580078125,22.570919036865234
7258,149.059229449,37,702.7646484375,True,6.491024971008301,22.161157608032227,6.4691386222839355,22.071348190307617
7258,149.059229449,38,707.6449584960938,True,6.614984035491943,22.970218658447266,6.592124938964844,22.880006790161133
7258,149.059229449,39,712.5252685546875,True,6.697474956512451,24.61351203918457,6.671619415283203,24.534038543701172
7258,149.059229449,40,717.4055786132812,True,6.893283843994141,25.213987350463867,6.861431121826172,25.13178253173828
7258,149.059229449,41,722.285888671875,True,7.162467956542969,25.001195907592773,7.130523681640625,24.904056549072266
7258,149.059229449,42,727.1661987304688,True,7.365255832672119,26.125642776489258,7.334805965423584,26.02635383605957
7258,149.059229449,43,732.0465087890625,True,7.495977878570557,27.368322372436523,7.466679573059082,27.281850814819336
7258,149.059229449,44,736.9268188476562,True,7.698826313018799,27.05105209350586,7.670468330383301,26.96459197998047
7258,149.059229449,45,741.80712890625,True,7.8812031745910645,26.546815872192383,7.8543901443481445,26.438034057617188
7258,149.059229449,46,746.6874389648438,True,7.990510940551758,27.726940155029297,7.962972640991211,27.61613655090332
7258,149.059229449,47,751.5677490234375,True,8.055925369262695,29.287540435791016,8.024374008178711,29.1907901763916
7258,149.059229449,48,756.4480590820312,True,8.263382911682129,29.457178115844727,8.226787567138672,29.361835479736328
7266,149.059229449,1,566.115966796875,True,0.6901342272758484,3.5419020652770996,0.659331738948822,3.475984573364258
7266,149.059229449,2,570.9962768554688,True,0.9304513931274414,5.3453240394592285,0.9015952348709106,5.271243095397949
7266,149.059229449,3,575.8765869140625,True,1.0098233222961426,6.374813079833984,0.9847270250320435,6.304752826690674
7266,149.059229449,4,580.7568969726562,True,1.158129096031189,6.714298725128174,1.1460742950439453,6.629281520843506
7266,149.059229449,5,585.63720703125,True,1.33585524559021,6.237795829772949,1.3285307884216309,6.15944766998291
7266,149.059229449,6,590.5175170898438,True,1.4207173585891724,5.583352088928223,1.4129351377487183,5.576936721801758
7266,149.059229449,7,595.3978271484375,True,1.4569233655929565,5.93583345413208,1.4490009546279907,6.0074992179870605
7266,149.059229449,8,600.2781372070312,True,1.5860627889633179,7.171517372131348,1.575432538986206,7.1534342765808105
7266,149.059229449,9,605.158447265625,True,1.8585463762283325,8.027877807617188,1.840389370918274,7.955501079559326
7266,149.059229449,10,610.0387573242188,True,2.054422616958618,8.57889175415039,2.0373566150665283,8.53455924987793
7266,149.059229449,11,614.9190673828125,True,2.203348159790039,9.578251838684082,2.189314365386963,9.566854476928711
7266,149.059229449,12,619.7993774414062,True,2.384589910507202,10.061869621276855,2.375088930130005,10.0189790725708
7266,149.059229449,13,624.6796875,True,2.579336166381836,9.891631126403809,2.5723586082458496,9.841917991638184
7266,149.059229449,14,629.5599975585938,True,2.7085397243499756,9.8912992477417,2.700709104537964,9.881294250488281
7266,149.059229449,15,634.4403076171875,True,2.802239179611206,10.97684097290039,2.7931149005889893,10.998125076293945
7266,149.059229449,16,639.3206176757812,True,2.9964311122894287,12.203224182128906,2.981362819671631,12.162428855895996
7266,149.059229449,17,644.200927734375,True,3.2616939544677734,12.597392082214355,3.2416067123413086,12.53331184387207
7266,149.059229449,18,649.0812377929688,True,3.457637071609497,13.157071113586426,3.438624382019043,13.111069679260254
7266,149.059229449,19,653.9615478515625,True,3.603998899459839,14.249135971069336,3.587200880050659,14.223851203918457
7266,149.059229449,20,658.8418579101562,True,3.798625946044922,14.6226806640625,3.7849857807159424,14.576944351196289
7266,149.059229449,21,663.72216796875,True,3.9915263652801514,14.422039985656738,3.979975700378418,14.365569114685059
7266,149.059229449,22,668.6024780273438,True,4.129291534423828,14.774291038513184,4.116542339324951,14.73830795288086
7266,149.059229449,23,673.4827880859375,True,4.241207599639893,16.07680320739746,4.226716995239258,16.056745529174805
7266,149.059229449,24,678.3630981445312,True,4.453926086425781,17.036884307861328,4.4327521324157715,16.982070922851562
7266,149.059229449,25,683.243408203125,True,4.714638710021973,17.1944522857666,4.690499782562256,17.12576675415039
7266,149.059229449,26,688.1237182617188,True,4.90317964553833,17.989795684814453,4.880311965942383,17.932479858398438
7266,149.059229449,27,693.0040283203125,True,5.033626556396484,19.11497688293457,5.012856960296631,19.070655822753906
7266,149.059229449,28,697.8843383789062,True,5.226404666900635,19.255456924438477,5.207719802856445,19.197834014892578
7266,149.059229449,29,702.7646484375,True,5.410645484924316,18.97672462463379,5.393644332885742,18.90413475036621
7266,149.059229449,30,707.6449584960938,True,5.544210433959961,19.64717674255371,5.526075839996338,19.585195541381836
7266,149.059229449,31,712.5252685546875,True,5.6498823165893555,20.98306655883789,5.629467010498047,20.931900024414062
7266,149.059229449,32,717.4055786132812,True,5.871199607849121,21.61199378967285,5.844105243682861,21.543643951416016
7266,149.059229449,33,722.285888671875,True,6.125106334686279,21.640119552612305,6.09661340713501,21.55729103088379
7266,149.059229449,34,727.1661987304688,True,6.294468879699707,22.748855590820312,6.267310619354248,22.67569351196289
7266,149.059229449,35,732.0465087890625,True,6.402453899383545,23.79338836669922,6.377382755279541,23.73031234741211
7266,149.059229449,36,736.9268188476562,True,6.591156959533691,23.62155532836914,6.567320346832275,23.548524856567383
7266,149.059229449,37,741.80712890625,True,6.768046855926514,23.325008392333984,6.745603084564209,23.232772827148438
7266,149.059229449,38,746.6874389648438,True,6.8909807205200195,24.326034545898438,6.867501258850098,24.239641189575195
7266,149.059229449,39,751.5677490234375,True,6.986315727233887,25.59598731994629,6.959950923919678,25.521432876586914
7266,149.059229449,40,756.4480590820312,True,7.217325210571289,25.842016220092773,7.184839248657227,25.7590389251709
7266,149.059229449,41,761.328369140625,True,7.467012882232666,25.894943237304688,7.4342169761657715,25.795820236206055
7266,149.059229449,42,766.2086791992188,True,7.610300064086914,27.352130889892578,7.579211711883545,27.26055908203125
7266,149.059229449,43,771.0889892578125,True,7.704824447631836,28.210914611816406,7.675095558166504,28.130733489990234
7266,149.059229449,44,775.9692993164062,True,7.895813941955566,27.695974349975586,7.867661952972412,27.605140686035156
7266,149.059229449,45,780.849609375,True,8.070656776428223,27.487886428833008,8.043360710144043,27.37517738342285
7266,149.059229449,46,785.7299194335938,True,8.17230224609375,28.790199279785156,8.144481658935547,28.684520721435547
7266,149.059229449,47,790.6102294921875,True,8.259825706481934,29.91672134399414,8.227981567382812,29.82529067993164
7266,149.059229449,48,795.4905395507812,True,8.506293296813965,29.7783203125,8.469354629516602,29.68100357055664
7282,149.059229449,1,644.200927734375,True,0.7034037113189697,2.6632397174835205,0.6697860360145569,2.5937235355377197
7282,149.059229449,2,649.0812377929688,True,0.9129534363746643,3.9403464794158936,0.8815667629241943,3.900625228881836
7282,149.059229449,3,653.9615478515625,True,0.9799243807792664,4.595833778381348,0.9524143934249878,4.589303016662598
7282,149.059229449,4,658.8418579101562,True,1.155159831047058,5.180994510650635,1.142372965812683,5.151163578033447
7282,149.059229449,5,663.72216796875,True,1.3338967561721802,5.491671562194824,1.3270164728164673,5.443777084350586
7282,149.059229449,6,668.6024780273438,True,1.4399728775024414,5.273464202880859,1.4320077896118164,5.287534713745117
7282,149.059229449,7,673.4827880859375,True,1.510311484336853,5.633198261260986,1.5025988817214966,5.727194786071777
7282,149.059229449,8,678.3630981445312,True,1.673348069190979,6.908138275146484,1.6632107496261597,6.894948482513428
7282,149.059229449,9,683.243408203125,True,1.9491357803344727,7.675507545471191,1.9308195114135742,7.599215984344482
7282,149.059229449,10,688.1237182617188,True,2.115093946456909,8.180822372436523,2.097444534301758,8.153668403625488
7282,149.059229449,11,693.0040283203125,True,2.2307090759277344,8.897969245910645,2.2161006927490234,8.913430213928223
7282,149.059229449,12,697.8843383789062,True,2.396350622177124,9.604962348937988,2.3865785598754883,9.574285507202148
7282,149.059229449,13,702.7646484375,True,2.554131031036377,9.694306373596191,2.5470592975616455,9.646856307983398
7282,149.059229449,14,707.6449584960938,True,2.6885969638824463,9.796996116638184,2.6799893379211426,9.799822807312012
7282,149.059229449,15,712.5252685546875,True,2.8007071018218994,10.664985656738281,2.7915198802948,10.700602531433105
7282,149.059229449,16,717.4055786132812,True,3.015630006790161,11.71668529510498,3.0006210803985596,11.679065704345703
7282,149.059229449,17,722.285888671875,True,3.26279616355896,12.114999771118164,3.2424330711364746,12.04859733581543
7282,149.059229449,18,727.1661987304688,True,3.409332036972046,12.787039756774902,3.3897366523742676,12.757347106933594
7282,149.059229449,19,732.0465087890625,True,3.5117599964141846,13.532092094421387,3.494976043701172,13.522908210754395
7282,149.059229449,20,736.9268188476562,True,3.6696736812591553,13.984623908996582,3.65628981590271,13.939364433288574
7282,149.059229449,21,741.80712890625,True,3.821401357650757,13.965700149536133,3.8099803924560547,13.907424926757812
7282,149.059229449,22,746.6874389648438,True,3.958843231201172,14.398786544799805,3.9460182189941406,14.374844551086426
7282,149.059229449,23,751.5677490234375,True,4.080352306365967,15.376606941223145,4.066342353820801,15.370834350585938
7282,149.059229449,24,756.4480590820312,True,4.320550441741943,16.048843383789062,4.299815654754639,15.99423599243164
7282,149.059229449,25,761.328369140625,True,4.553554058074951,16.370899200439453,4.5298848152160645,16.300899505615234
7282,149.059229449,26,766.2086791992188,True,4.67518424987793,17.306671142578125,4.652684211730957,17.26494789123535
7282,149.059229449,27,771.0889892578125,True,4.7683868408203125,17.985279083251953,4.748136043548584,17.953266143798828
7282,149.059229449,28,775.9692993164062,True,4.926301002502441,18.13609504699707,4.9090986251831055,18.073530197143555
7282,149.059229449,29,780.849609375,True,5.080222129821777,18.1385555267334,5.064327716827393,18.06342887878418
7282,149.059229449,30,785.7299194335938,True,5.206376075744629,18.864341735839844,5.189308166503906,18.81597137451172
7282,149.059229449,31,790.6102294921875,True,5.3340067863464355,19.807519912719727,5.315040588378906,19.77100372314453
7282,149.059229449,32,795.4905395507812,True,5.593574047088623,20.10688591003418,5.567829132080078,20.036741256713867
7282,149.059229449,33,800.370849609375,True,5.808252811431885,20.495567321777344,5.780961990356445,20.41535186767578
7282,149.059229449,34,805.2511596679688,True,5.897444725036621,21.68665885925293,5.871677875518799,21.628629684448242
7282,149.059229449,35,810.1314697265625,True,5.99526834487915,22.222837448120117,5.971469879150391,22.169313430786133
7282,149.059229449,36,815.0117797851562,True,6.154019355773926,22.059309005737305,6.132997035980225,21.977136611938477
7282,149.059229449,37,819.89208984375,True,6.3085036277771,22.18637466430664,6.287708759307861,22.093252182006836
7282,149.059229449,38,824.7723999023438,True,6.415700912475586,23.172203063964844,6.394301891326904,23.102279663085938
7282,149.059229449,39,829.6527099609375,True,6.558745384216309,23.948326110839844,6.533972263336182,23.889135360717773
7282,149.059229449,40,834.5330200195312,True,6.828963756561279,23.914451599121094,6.7983856201171875,23.8291015625
7282,149.059229449,41,839.413330078125,True,7.020645618438721,24.56192970275879,6.989602565765381,24.46955680847168
7282,149.059229449,42,844.2936401367188,True,7.079972267150879,25.926712036132812,7.050601959228516,25.853422164916992
7282,149.059229449,43,849.1739501953125,True,7.1915717124938965,26.189189910888672,7.163681983947754,26.117393493652344
7282,149.059229449,44,854.0542602539062,True,7.351868629455566,25.74078369140625,7.326540946960449,25.64057731628418
7282,149.059229449,45,858.9345703125,True,7.503517150878906,26.146692276000977,7.478052139282227,26.034568786621094
7282,149.059229449,46,863.8148803710938,True,7.587763786315918,27.311342239379883,7.562241554260254,27.224943161010742
7282,149.059229449,47,868.6951904296875,True,7.7520952224731445,27.80607032775879,7.721993446350098,27.72804832458496
7282,149.059229449,48,873.5755004882812,True,8.024465560913086,27.542083740234375,7.989744663238525,27.44069480895996
7298,149.059229449,1,722.285888671875,True,0.68123859167099,2.2956223487854004,0.6473770141601562,2.2119576930999756
7298,149.059229449,2,727.1661987304688,True,0.8713685274124146,3.390549421310425,0.8416843414306641,3.353452682495117
7298,149.059229449,3,732.0465087890625,True,0.9750069379806519,3.6931071281433105,0.9490809440612793,3.706740140914917
7298,149.059229449,4,736.9268188476562,True,1.138685703277588,4.64182710647583,1.1255278587341309,4.621450901031494
7298,149.059229449,5,741.80712890625,True,1.2691091299057007,5.107751369476318,1.261531949043274,5.050387382507324
7298,149.059229449,6,746.6874389648438,True,1.3710685968399048,4.949240207672119,1.3617318868637085,4.965651988983154
7298,149.059229449,7,751.5677490234375,True,1.4299182891845703,5.263631343841553,1.4207825660705566,5.36049747467041
7298,149.059229449,8,756.4480590820312,True,1.5796866416931152,6.391719818115234,1.5692930221557617,6.369691371917725
7298,149.059229449,9,761.328369140625,True,1.8489023447036743,7.105930805206299,1.830545425415039,7.0272111892700195
7298,149.059229449,10,766.2086791992188,True,1.9926127195358276,7.537900447845459,1.9752051830291748,7.517960548400879
7298,149.059229449,11,771.0889892578125,True,2.1161489486694336,8.083466529846191,2.1020281314849854,8.099396705627441
7298,149.059229449,12,775.9692993164062,True,2.260073184967041,8.914230346679688,2.2506070137023926,8.875235557556152
7298,149.059229449,13,780.849609375,True,2.389585494995117,9.105170249938965,2.3825528621673584,9.052629470825195
7298,149.059229449,14,785.7299194335938,True,2.5191283226013184,9.28453254699707,2.510704517364502,9.296897888183594
7298,149.059229449,15,790.6102294921875,True,2.633821964263916,10.09060287475586,2.625152587890625,10.129692077636719
7298,149.059229449,16,795.4905395507812,True,2.8483877182006836,10.856315612792969,2.8342225551605225,10.808719635009766
7298,149.059229449,17,800.370849609375,True,3.0776355266571045,11.364439964294434,3.0578203201293945,11.300323486328125
7298,149.059229449,18,805.2511596679688,True,3.190037250518799,11.997941017150879,3.171623468399048,11.977899551391602
7298,149.059229449,19,810.1314697265625,True,3.3112332820892334,12.568540573120117,3.295461416244507,12.55910873413086
7298,149.059229449,20,815.0117797851562,True,3.4442245960235596,13.01241397857666,3.4325196743011475,12.954723358154297
7298,149.059229449,21,819.89208984375,True,3.578874111175537,13.202900886535645,3.5682506561279297,13.143685340881348
7298,149.059229449,22,824.7723999023438,True,3.707926034927368,13.747586250305176,3.696044921875,13.738441467285156
7298,149.059229449,23,829.6527099609375,True,3.8513972759246826,14.525630950927734,3.838657855987549,14.524468421936035
7298,149.059229449,24,834.5330200195312,True,4.097596168518066,14.901386260986328,4.078213691711426,14.837871551513672
7298,149.059229449,25,839.413330078125,True,4.2978668212890625,15.537367820739746,4.275172710418701,15.47421646118164
7298,149.059229449,26,844.2936401367188,True,4.382559299468994,16.368228912353516,4.361401081085205,16.33709144592285
7298,149.059229449,27,849.1739501953125,True,4.506759166717529,16.79576301574707,4.488067150115967,16.762130737304688
7298,149.059229449,28,854.0542602539062,True,4.637182235717773,16.89962387084961,4.62196683883667,16.824996948242188
7298,149.059229449,29,858.9345703125,True,4.7750067710876465,17.286556243896484,4.759912967681885,17.215295791625977
7298,149.059229449,30,863.8148803710938,True,4.892516136169434,18.092784881591797,4.876394748687744,18.062002182006836
7298,149.059229449,31,868.6951904296875,True,5.064065456390381,18.65791130065918,5.046226978302002,18.6258544921875
7298,149.059229449,32,873.5755004882812,True,5.323889255523682,18.75710105895996,5.299440383911133,18.677963256835938
7298,149.059229449,33,878.455810546875,True,5.49144172668457,19.667238235473633,5.465094566345215,19.59740447998047
7298,149.059229449,34,883.3361206054688,True,5.55686616897583,20.608787536621094,5.532323360443115,20.563039779663086
7298,149.059229449,35,888.2164306640625,True,5.684811592102051,20.766632080078125,5.662326335906982,20.71111488342285
7298,149.059229449,36,893.0967407226562,True,5.815868854522705,20.651357650756836,5.796450614929199,20.559921264648438
7298,149.059229449,37,897.97705078125,True,5.953977108001709,21.330747604370117,5.933839321136475,21.244768142700195
7298,149.059229449,38,902.8573608398438,True,6.0568528175354,22.260229110717773,6.036402225494385,22.209577560424805
7298,149.059229449,39,907.7376708984375,True,6.255276679992676,22.49062728881836,6.231948375701904,22.432632446289062
7298,149.059229449,40,912.6179809570312,True,6.514921188354492,22.48095703125,6.485608100891113,22.38719367980957
7298,149.059229449,41,917.498291015625,True,6.647998809814453,23.753225326538086,6.6181511878967285,23.671079635620117
7298,149.059229449,42,922.3786010742188,True,6.706916332244873,24.675941467285156,6.67854118347168,24.6143856048584
7298,149.059229449,43,927.2589111328125,True,6.841607570648193,24.489404678344727,6.815873622894287,24.412031173706055
7298,149.059229449,44,932.1392211914062,True,6.9799604415893555,24.33031463623047,6.956386566162109,24.221830368041992
7298,149.059229449,45,937.01953125,True,7.106299877166748,25.29545783996582,7.082091331481934,25.19603729248047
7298,149.059229449,46,941.8998413085938,True,7.195590496063232,26.219146728515625,7.171059608459473,26.15162467956543
7298,149.059229449,47,946.7801513671875,True,7.4236741065979,26.074146270751953,7.395230770111084,25.995298385620117
7298,149.059229449,48,951.6604614257812,True,7.675350666046143,26.16049575805664,7.641983985900879,26.05275535583496
7306,149.059229449,1,761.328369140625,True,0.6759238243103027,2.3391125202178955,0.6418968439102173,2.2550899982452393
7306,149.059229449,2,766.2086791992188,True,0.8627177476882935,3.2992987632751465,0.8339977860450745,3.2660670280456543
7306,149.059229449,3,771.0889892578125,True,0.9925443530082703,3.6000914573669434,0.9670721292495728,3.611489772796631
7306,149.059229449,4,775.9692993164062,True,1.142539143562317,4.595547199249268,1.1290138959884644,4.566984176635742
7306,149.059229449,5,780.849609375,True,1.2550841569900513,5.043643951416016,1.2468441724777222,4.982323169708252
7306,149.059229449,6,785.7299194335938,True,1.3568480014801025,4.867085933685303,1.346703052520752,4.8925933837890625
7306,149.059229449,7,790.6102294921875,True,1.4128363132476807,5.25953483581543,1.4031370878219604,5.355586051940918
7306,149.059229449,8,795.4905395507812,True,1.5591552257537842,6.268234729766846,1.548498272895813,6.241949081420898
7306,149.059229449,9,800.370849609375,True,1.824648141860962,7.002598762512207,1.8060014247894287,6.928285121917725
7306,149.059229449,10,805.2511596679688,True,1.9591463804244995,7.390829086303711,1.9417884349822998,7.376379489898682
7306,149.059229449,11,810.1314697265625,True,2.0984714031219482,7.960221767425537,2.0843396186828613,7.97199821472168
7306,149.059229449,12,815.0117797851562,True,2.2293009757995605,8.743359565734863,2.2197587490081787,8.698665618896484
7306,149.059229449,13,819.89208984375,True,2.3516812324523926,8.96616268157959,2.3440568447113037,8.919109344482422
7306,149.059229449,14,824.7723999023438,True,2.4808835983276367,9.233269691467285,2.471764326095581,9.253888130187988
7306,149.059229449,15,829.6527099609375,True,2.604322910308838,9.987541198730469,2.5952823162078857,10.02688980102539
7306,149.059229449,16,834.5330200195312,True,2.8165900707244873,10.617623329162598,2.8020520210266113,10.564464569091797
7306,149.059229449,17,839.413330078125,True,3.0347607135772705,11.264750480651855,3.014374017715454,11.20865249633789
7306,149.059229449,18,844.2936401367188,True,3.139991283416748,11.850735664367676,3.121497869491577,11.834895133972168
7306,149.059229449,19,849.1739501953125,True,3.2754859924316406,12.356998443603516,3.259459972381592,12.342301368713379
7306,149.059229449,20,854.0542602539062,True,3.396760940551758,12.722780227661133,3.3846657276153564,12.660233497619629
7306,149.059229449,21,858.9345703125,True,3.52809476852417,13.083243370056152,3.5164713859558105,13.030367851257324
7306,149.059229449,22,863.8148803710938,True,3.657369375228882,13.707635879516602,3.6451761722564697,13.704524993896484
7306,149.059229449,23,868.6951904296875,True,3.816056728363037,14.317874908447266,3.8032193183898926,14.314183235168457
7306,149.059229449,24,873.5755004882812,True,4.057614326477051,14.629973411560059,4.037967681884766,14.56019401550293
7306,149.059229449,25,878.455810546875,True,4.238812446594238,15.471802711486816,4.215681552886963,15.413858413696289
7306,149.059229449,26,883.3361206054688,True,4.324071884155273,16.204105377197266,4.302815914154053,16.174728393554688
7306,149.059229449,27,888.2164306640625,True,4.4553937911987305,16.489681243896484,4.436958312988281,16.448776245117188
7306,149.059229449,28,893.0967407226562,True,4.576072692871094,16.591697692871094,4.560716152191162,16.51270294189453
7306,149.059229449,29,897.97705078125,True,4.712000846862793,17.21100425720215,4.696437835693359,17.14569854736328
7306,149.059229449,30,902.8573608398438,True,4.833306312561035,18.013200759887695,4.817323207855225,17.98811149597168
7306,149.059229449,31,907.7376708984375,True,5.020767688751221,18.324460983276367,5.003239631652832,18.288591384887695
7306,149.059229449,32,912.6179809570312,True,5.272032737731934,18.490760803222656,5.247594356536865,18.4072265625
7306,149.059229449,33,917.498291015625,True,5.416422367095947,19.63300132751465,5.390193939208984,19.5654354095459
7306,149.059229449,34,922.3786010742188,True,5.493393898010254,20.390350341796875,5.469010829925537,20.345321655273438
7306,149.059229449,35,927.2589111328125,True,5.626490116119385,20.377302169799805,5.604808330535889,20.314861297607422
7306,149.059229449,36,932.1392211914062,True,5.754008769989014,20.407691955566406,5.734689712524414,20.3128719329834
7306,149.059229449,37,937.01953125,True,5.882979393005371,21.2838134765625,5.863095283508301,21.20418357849121
7306,149.059229449,38,941.8998413085938,True,5.994134902954102,22.11334228515625,5.97365665435791,22.06970977783203
7306,149.059229449,39,946.7801513671875,True,6.212233543395996,22.07882308959961,6.18916654586792,22.01770782470703
7306,149.059229449,40,951.6604614257812,True,6.4612836837768555,22.3066463470459,6.432126522064209,22.210796356201172
7306,149.059229449,41,956.540771484375,True,6.564659595489502,23.7281551361084,6.535093307495117,23.651636123657227
7306,149.059229449,42,961.4210815429688,True,6.6422224044799805,24.372377395629883,6.6139631271362305,24.314096450805664
7306,149.059229449,43,966.3013916015625,True,6.776744842529297,24.05592155456543,6.751439094543457,23.97371482849121
7306,149.059229449,44,971.1817016601562,True,6.909698963165283,24.120960235595703,6.886386871337891,24.010221481323242
7306,149.059229449,45,976.06201171875,True,7.022441387176514,25.25818634033203,6.99846076965332,25.165924072265625
7306,149.059229449,46,980.9423217773438,True,7.132749080657959,25.981056213378906,7.108345031738281,25.919910430908203
7306,149.059229449,47,985.8226318359375,True,7.377888202667236,25.619733810424805,7.349695205688477,25.537004470825195
7306,149.059229449,48,990.7029418945312,True,7.609247207641602,26.06334114074707,7.57595157623291,25.956815719604492
7322,149.059229449,1,839.413330078125,True,0.6661179065704346,2.3766045570373535,0.6317141652107239,2.2972373962402344
7322,149.059229449,2,844.2936401367188,True,0.8627686500549316,3.100839614868164,0.8350796699523926,3.0663094520568848
7322,149.059229449,3,849.1739501953125,True,1.0229713916778564,3.684633493423462,0.997773289680481,3.680931329727173
7322,149.059229449,4,854.0542602539062,True,1.1291310787200928,4.528480052947998,1.114005208015442,4.482669830322266
7322,149.059229449,5,858.9345703125,True,1.2291926145553589,4.936113357543945,1.2188646793365479,4.879321098327637
7322,149.059229449,6,863.8148803710938,True,1.336681604385376,4.87673807144165,1.3250532150268555,4.91495943069458
7322,149.059229449,7,868.6951904296875,True,1.4038394689559937,5.315742492675781,1.3934829235076904,5.404048919677734
7322,149.059229449,8,873.5755004882812,True,1.5476192235946655,6.125274181365967,1.5370979309082031,6.089943885803223
7322,149.059229449,9,878.455810546875,True,1.7998347282409668,6.992194652557373,1.7807397842407227,6.926605224609375
7322,149.059229449,10,883.3361206054688,True,1.937944769859314,7.2857513427734375,1.9206794500350952,7.269994258880615
7322,149.059229449,11,888.2164306640625,True,2.084301471710205,7.8542656898498535,2.0702178478240967,7.851890563964844
7322,149.059229449,12,893.0967407226562,True,2.187805652618408,8.483597755432129,2.1778829097747803,8.43150806427002
7322,149.059229449,13,897.97705078125,True,2.3109121322631836,8.925670623779297,2.3024275302886963,8.888860702514648
7322,149.059229449,14,902.8573608398438,True,2.450078010559082,9.339879035949707,2.440952777862549,9.368659973144531
7322,149.059229449,15,907.7376708984375,True,2.589730978012085,9.825630187988281,2.5812532901763916,9.856731414794922
7322,149.059229449,16,912.6179809570312,True,2.7950189113616943,10.419663429260254,2.7807631492614746,10.360786437988281
7322,149.059229449,17,917.498291015625,True,2.9846577644348145,11.292613983154297,2.9644453525543213,11.243216514587402
7322,149.059229449,18,922.3786010742188,True,3.1040890216827393,11.729784965515137,3.0859551429748535,11.713493347167969
7322,149.059229449,19,927.2589111328125,True,3.237236261367798,12.062907218933105,3.2221832275390625,12.035902976989746
7322,149.059229449,20,932.1392211914062,True,3.3460278511047363,12.489635467529297,3.3338568210601807,12.423646926879883
7322,149.059229449,21,937.01953125,True,3.4763784408569336,13.143986701965332,3.4647159576416016,13.101702690124512
7322,149.059229449,22,941.8998413085938,True,3.6228291988372803,13.74632740020752,3.6106042861938477,13.752216339111328
7322,149.059229449,23,946.7801513671875,True,3.800614595413208,13.964518547058105,3.788465976715088,13.953534126281738
7322,149.059229449,24,951.6604614257812,True,4.030874252319336,14.512005805969238,4.011403560638428,14.441488265991211
7322,149.059229449,25,956.540771484375,True,4.171146392822266,15.550036430358887,4.148223400115967,15.501114845275879
7322,149.059229449,26,961.4210815429688,True,4.281380653381348,15.99718189239502,4.26032829284668,15.969244956970215
7322,149.059229449,27,966.3013916015625,True,4.407132148742676,16.08668327331543,4.3891096115112305,16.035764694213867
7322,149.059229449,28,971.1817016601562,True,4.522254467010498,16.443376541137695,4.506453514099121,16.36150360107422
7322,149.059229449,29,976.06201171875,True,4.648687839508057,17.337976455688477,4.633212566375732,17.28404998779297
7322,149.059229449,30,980.9423217773438,True,4.801238536834717,17.92813491821289,4.785280704498291,17.91048812866211
7322,149.059229449,31,985.8226318359375,True,5.00875186920166,17.87188720703125,4.991754531860352,17.826738357543945
7322,149.059229449,32,990.7029418945312,True,5.237917900085449,18.5214900970459,5.213250637054443,18.440263748168945
7322,149.059229449,33,995.583251953125,True,5.335999011993408,19.729930877685547,5.309970378875732,19.674577713012695
7322,149.059229449,34,1000.4635620117188,True,5.448955059051514,20.048398971557617,5.424440860748291,20.005786895751953
7322,149.059229449,35,1005.3438720703125,True,5.5719709396362305,19.86029052734375,5.550703048706055,19.784679412841797
7322,149.059229449,36,1010.2241821289062,True,5.692490577697754,20.376867294311523,5.6726861000061035,20.2788028717041
7322,149.059229449,37,1015.1044921875,True,5.807543754577637,21.450069427490234,5.787825584411621,21.384159088134766
7322,149.059229449,38,1019.9848022460938,True,5.969348907470703,21.857662200927734,5.94931697845459,21.81821632385254
7322,149.059229449,39,1024.8651123046875,True,6.200832366943359,21.573881149291992,6.17840576171875,21.50188446044922
7322,149.059229449,40,1029.745361328125,True,6.409843444824219,22.50904655456543,6.380588531494141,22.41765785217285
7322,149.059229449,41,1034.625732421875,True,6.4780778884887695,23.802547454833984,6.448408126831055,23.73767852783203
7322,149.059229449,42,1039.5059814453125,True,6.597504615783691,23.874671936035156,6.569899559020996,23.81504249572754
7322,149.059229449,43,1044.3863525390625,True,6.721303462982178,23.497440338134766,6.696801662445068,23.400218963623047
7322,149.059229449,44,1049.2666015625,True,6.842034339904785,24.254676818847656,6.8185200691223145,24.14484405517578
7322,149.059229449,45,1054.14697265625,True,6.941844463348389,25.42298126220703,6.9178948402404785,25.346513748168945
7322,149.059229449,46,1059.0272216796875,True,7.1152238845825195,25.511184692382812,7.091187000274658,25.452905654907227
7322,149.059229449,47,1063.9075927734375,True,7.362919330596924,25.142589569091797,7.335307598114014,25.048315048217773
7322,149.059229449,48,1068.787841796875,True,7.540249824523926,26.461706161499023,7.507076740264893,26.362598419189453
7338,149.059229449,1,917.498291015625,True,0.6536403894424438,2.2864437103271484,0.6191743612289429,2.2008142471313477
7338,149.059229449,2,922.3786010742188,True,0.8783681988716125,3.156118392944336,0.8509019613265991,3.104897975921631
7338,149.059229449,3,927.2589111328125,True,1.0150724649429321,3.7898290157318115,0.9890038371086121,3.7576143741607666
7338,149.059229449,4,932.1392211914062,True,1.103094220161438,4.456206321716309,1.0856389999389648,4.394603729248047
7338,149.059229449,5,937.01953125,True,1.2124335765838623,4.867292404174805,1.200893521308899,4.82529878616333
7338,149.059229449,6,941.8998413085938,True,1.3269579410552979,5.0301899909973145,1.3151267766952515,5.073806285858154
7338,149.059229449,7,946.7801513671875,True,1.409179449081421,5.306193828582764,1.3990670442581177,5.385615348815918
7338,149.059229449,8,951.6604614257812,True,1.5562798976898193,6.198812484741211,1.5456695556640625,6.16130256652832
7338,149.059229449,9,956.540771484375,True,1.7828209400177002,7.04796028137207,1.7636997699737549,6.9838337898254395
7338,149.059229449,10,961.4210815429688,True,1.9377816915512085,7.314835548400879,1.9201610088348389,7.289335250854492
7338,149.059229449,11,966.3013916015625,True,2.0632574558258057,7.777966022491455,2.049100160598755,7.76431941986084
7338,149.059229449,12,971.1817016601562,True,2.1648733615875244,8.442826271057129,2.1538772583007812,8.39289379119873
7338,149.059229449,13,976.06201171875,True,2.2891530990600586,9.050558090209961,2.2802343368530273,9.026726722717285
7338,149.059229449,14,980.9423217773438,True,2.452981948852539,9.44646167755127,2.4435770511627197,9.476496696472168
7338,149.059229449,15,985.8226318359375,True,2.6037511825561523,9.68294620513916,2.5950231552124023,9.704115867614746
7338,149.059229449,16,990.7029418945312,True,2.8002514839172363,10.552239418029785,2.7851967811584473,10.497603416442871
7338,149.059229449,17,995.583251953125,True,2.955782413482666,11.39566421508789,2.935460329055786,11.35173511505127
7338,149.059229449,18,1000.4635620117188,True,3.0956640243530273,11.656038284301758,3.076899290084839,11.634373664855957
7338,149.059229449,19,1005.3438720703125,True,3.211318016052246,11.83124828338623,3.1959896087646484,11.795516014099121
7338,149.059229449,20,1010.2241821289062,True,3.3200912475585938,12.536711692810059,3.306805372238159,12.474610328674316
7338,149.059229449,21,1015.1044921875,True,3.450014352798462,13.366362571716309,3.4382457733154297,13.337187767028809
7338,149.059229449,22,1019.9848022460938,True,3.6376278400421143,13.712182998657227,3.6254208087921143,13.71670913696289
7338,149.059229449,23,1024.8651123046875,True,3.8199684619903564,13.75102710723877,3.807624101638794,13.728269577026367
7338,149.059229449,24,1029.745361328125,True,4.022520542144775,14.756159782409668,4.002147197723389,14.691011428833008
7338,149.059229449,25,1034.625732421875,True,4.137210845947266,15.668861389160156,4.113974094390869,15.626051902770996
7338,149.059229449,26,1039.5059814453125,True,4.270554065704346,15.808892250061035,4.249514579772949,15.774271965026855
7338,149.059229449,27,1044.3863525390625,True,4.384200572967529,15.795310020446777,4.366341590881348,15.734037399291992
7338,149.059229449,28,1049.2666015625,True,4.495762825012207,16.632017135620117,4.479268550872803,16.557422637939453
7338,149.059229449,29,1054.14697265625,True,4.625255584716797,17.591556549072266,4.60981559753418,17.550710678100586
7338,149.059229449,30,1059.0272216796875,True,4.825530052185059,17.70977783203125,4.809832572937012,17.6893253326416
7338,149.059229449,31,1063.9075927734375,True,5.028928756713867,17.667673110961914,5.011877059936523,17.611787796020508
7338,149.059229449,32,1068.787841796875,True,5.215363025665283,18.91558265686035,5.190328121185303,18.839815139770508
7338,149.059229449,33,1073.668212890625,True,5.306975364685059,19.812820434570312,5.280606746673584,19.761890411376953
7338,149.059229449,34,1078.5484619140625,True,5.434144496917725,19.71242332458496,5.410590171813965,19.659658432006836
7338,149.059229449,35,1083.4288330078125,True,5.554101467132568,19.664897918701172,5.532894134521484,19.580678939819336
7338,149.059229449,36,1088.30908203125,True,5.664338111877441,20.701631546020508,5.644319534301758,20.613693237304688
7338,149.059229449,37,1093.189453125,True,5.789621353149414,21.647802352905273,5.7697062492370605,21.595125198364258
7338,149.059229449,38,1098.0697021484375,True,6.003666877746582,21.482561111450195,5.983959674835205,21.439434051513672
7338,149.059229449,39,1102.9500732421875,True,6.223809719085693,21.518579483032227,6.2014031410217285,21.436616897583008
7338,149.059229449,40,1107.830322265625,True,6.375148296356201,23.012130737304688,6.345669269561768,22.928173065185547
7338,149.059229449,41,1112.710693359375,True,6.456981658935547,23.798192977905273,6.426827430725098,23.73849868774414
7338,149.059229449,42,1117.5909423828125,True,6.583500862121582,23.406686782836914,6.556519031524658,23.336721420288086
7338,149.059229449,43,1122.4713134765625,True,6.708549499511719,23.413883209228516,6.683781623840332,23.30898666381836
7338,149.059229449,44,1127.3515625,True,6.807173252105713,24.675384521484375,6.783355712890625,24.576616287231445
7338,149.059229449,45,1132.23193359375,True,6.933764934539795,25.510534286499023,6.909713268280029,25.445730209350586
7338,149.059229449,46,1137.1121826171875,True,7.16093111038208,25.049158096313477,7.137218952178955,24.98380470275879
7338,149.059229449,47,1141.9925537109375,True,7.3853230476379395,25.29313850402832,7.3574395179748535,25.192523956298828
7338,149.059229449,48,1146.872802734375,True,7.495193958282471,27.014949798583984,7.461880207061768,26.92442512512207
7354,149.059229449,1,995.583251953125,True,0.6469932198524475,2.231750726699829,0.6130366325378418,2.143134832382202
7354,149.059229449,2,1000.4635620117188,True,0.885513961315155,3.362804651260376,0.8574647903442383,3.299175262451172
7354,149.059229449,3,1005.3438720703125,True,0.9862920045852661,3.737245559692383,0.9588425159454346,3.690300464630127
7354,149.059229449,4,1010.2241821289062,True,1.0828709602355957,4.374327659606934,1.063956618309021,4.319903373718262
7354,149.059229449,5,1015.1044921875,True,1.187205195426941,4.935748100280762,1.175765872001648,4.910959243774414
7354,149.059229449,6,1019.9848022460938,True,1.3255400657653809,5.160944938659668,1.314554214477539,5.200253963470459
7354,149.059229449,7,1024.8651123046875,True,1.421450138092041,5.2462005615234375,1.4121581315994263,5.313403606414795
7354,149.059229449,8,1029.745361328125,True,1.5612066984176636,6.2848405838012695,1.5499844551086426,6.24790096282959
7354,149.059229449,9,1034.625732421875,True,1.7697319984436035,7.060354232788086,1.7509384155273438,6.992747783660889
7354,149.059229449,10,1039.5059814453125,True,1.9299790859222412,7.315753936767578,1.9124343395233154,7.2782979011535645
7354,149.059229449,11,1044.3863525390625,True,2.0382578372955322,7.6013898849487305,2.0240139961242676,7.5819573402404785
7354,149.059229449,12,1049.2666015625,True,2.1421453952789307,8.506329536437988,2.130653142929077,8.467063903808594
7354,149.059229449,13,1054.14697265625,True,2.2740726470947266,9.250418663024902,2.265911817550659,9.2352876663208
7354,149.059229449,14,1059.0272216796875,True,2.46895170211792,9.38792896270752,2.4606130123138428,9.408224105834961
7354,149.059229449,15,1063.9075927734375,True,2.6209218502044678,9.57695198059082,2.6128549575805664,9.587566375732422
7354,149.059229449,16,1068.787841796875,True,2.7898855209350586,10.72541332244873,2.774932384490967,10.673795700073242
7354,149.059229449,17,1073.668212890625,True,2.9408721923828125,11.411612510681152,2.9209704399108887,11.36649227142334
7354,149.059229449,18,1078.5484619140625,True,3.077223062515259,11.485121726989746,3.0598626136779785,11.45149040222168
7354,149.059229449,19,1083.4288330078125,True,3.189178466796875,11.718912124633789,3.174348831176758,11.678354263305664
7354,149.059229449,20,1088.30908203125,True,3.2961692810058594,12.730215072631836,3.2834079265594482,12.678389549255371
7354,149.059229449,21,1093.189453125,True,3.4444220066070557,13.531118392944336,3.4336419105529785,13.510258674621582
7354,149.059229449,22,1098.0697021484375,True,3.6645798683166504,13.488986015319824,3.6535887718200684,13.484588623046875
7354,149.059229449,23,1102.9500732421875,True,3.8412559032440186,13.747267723083496,3.8295183181762695,13.718473434448242
7354,149.059229449,24,1107.830322265625,True,3.998697280883789,15.009739875793457,3.9787862300872803,14.949946403503418
7354,149.059229449,25,1112.710693359375,True,4.123395919799805,15.630681991577148,4.100778102874756,15.588233947753906
7354,149.059229449,26,1117.5909423828125,True,4.2492499351501465,15.5077486038208,4.229508876800537,15.462133407592773
7354,149.059229449,27,1122.4713134765625,True,4.364899158477783,15.753414154052734,4.347068786621094,15.688488006591797
7354,149.059229449,28,1127.3515625,True,4.467209815979004,16.917037963867188,4.451409816741943,16.85266876220703
7354,149.059229449,29,1132.23193359375,True,4.631812572479248,17.656997680664062,4.616729736328125,17.623849868774414
7354,149.059229449,30,1137.1121826171875,True,4.8636674880981445,17.401426315307617,4.848685264587402,17.37143325805664
7354,149.059229449,31,1141.9925537109375,True,5.049637794494629,17.817100524902344,5.032686710357666,17.759319305419922
7354,149.059229449,32,1146.872802734375,True,5.180054664611816,19.20774269104004,5.155354022979736,19.141937255859375
7354,149.059229449,33,1151.753173828125,True,5.29765510559082,19.667282104492188,5.27125883102417,19.618541717529297
7354,149.059229449,34,1156.6334228515625,True,5.41817045211792,19.33445930480957,5.395121097564697,19.26996612548828
7354,149.059229449,35,1161.5137939453125,True,5.536632061004639,19.749046325683594,5.5150370597839355,19.65965461730957
7354,149.059229449,36,1166.39404296875,True,5.629776954650879,21.033964157104492,5.610324859619141,20.958051681518555
7354,149.059229449,37,1171.2744140625,True,5.810693740844727,21.563030242919922,5.7913994789123535,21.514387130737305
7354,149.059229449,38,1176.1546630859375,True,6.048473834991455,21.10610580444336,6.029384613037109,21.051055908203125
7354,149.059229449,39,1181.0350341796875,True,6.232640743255615,21.844484329223633,6.210140228271484,21.762920379638672
7354,149.059229449,40,1185.915283203125,True,6.333714485168457,23.30030632019043,6.304269313812256,23.227771759033203
7354,149.059229449,41,1190.795654296875,True,6.45229959487915,23.499418258666992,6.422629356384277,23.43992042541504
7354,149.059229449,42,1195.6759033203125,True,6.572238922119141,22.99831199645996,6.546135902404785,22.912097930908203
7354,149.059229449,43,1200.5562744140625,True,6.688938140869141,23.682029724121094,6.663926124572754,23.575349807739258
7354,149.059229449,44,1205.4365234375,True,6.771418571472168,25.02505111694336,6.747974395751953,24.940052032470703
7354,149.059229449,45,1210.31689453125,True,6.96738338470459,25.228023529052734,6.943772792816162,25.165138244628906
7354,149.059229449,46,1215.1971435546875,True,7.2064714431762695,24.677988052368164,7.183278560638428,24.600067138671875
7354,149.059229449,47,1220.0775146484375,True,7.379021644592285,25.835859298706055,7.351289749145508,25.738929748535156
7354,149.059229449,48,1224.957763671875,True,7.457706451416016,27.24515724182129,7.424158096313477,27.165475845336914
9513,189.86227838,1,396.9769592285156,True,0.8510347604751587,4.763239860534668,0.8184975981712341,4.649659156799316
9513,189.86227838,2,400.6870422363281,True,1.2252230644226074,7.406621932983398,1.1986850500106812,7.297078609466553
9513,189.86227838,3,404.3970947265625,True,1.4232299327850342,8.242620468139648,1.3938785791397095,8.122406005859375
9513,189.86227838,4,408.1071472167969,True,1.6034828424453735,8.479899406433105,1.584624171257019,8.318841934204102
9513,189.86227838,5,411.8172302246094,True,1.7488369941711426,8.087541580200195,1.7357760667800903,7.947900295257568
9513,189.86227838,6,415.52728271484375,True,1.873863697052002,7.535531520843506,1.8628407716751099,7.493075847625732
9513,189.86227838,7,419.23736572265625,True,1.9540259838104248,7.876537799835205,1.9417226314544678,7.883937835693359
9513,189.86227838,8,422.9474182128906,True,2.0546610355377197,9.27303695678711,2.0366101264953613,9.174600601196289
9513,189.86227838,9,426.6575012207031,True,2.3129937648773193,10.192704200744629,2.2916359901428223,10.094794273376465
9513,189.86227838,10,430.3675537109375,True,2.673509120941162,10.549887657165527,2.653630495071411,10.489654541015625
9513,189.86227838,11,434.0776062011719,True,2.9619691371917725,11.498528480529785,2.943208694458008,11.418107032775879
9513,189.86227838,12,437.7876892089844,True,3.128345012664795,12.34010124206543,3.1140527725219727,12.229883193969727
9513,189.86227838,13,441.49774169921875,True,3.343686819076538,11.989547729492188,3.3320858478546143,11.923490524291992
9513,189.86227838,14,445.20782470703125,True,3.5849711894989014,11.808463096618652,3.573418140411377,11.787014961242676
9513,189.86227838,15,448.9178771972656,True,3.7295985221862793,13.227622032165527,3.715010643005371,13.171834945678711
9513,189.86227838,16,452.6279296875,True,3.883222818374634,14.973370552062988,3.860701322555542,14.873689651489258
9513,189.86227838,17,456.3380126953125,True,4.177608489990234,15.154693603515625,4.154049396514893,15.082216262817383
9513,189.86227838,18,460.0480651855469,True,4.543888568878174,15.1823091506958,4.520880222320557,15.112346649169922
9513,189.86227838,19,463.7581481933594,True,4.808591842651367,16.69814109802246,4.78687047958374,16.60772705078125
9513,189.86227838,20,467.46820068359375,True,4.989911079406738,17.86400604248047,4.972393035888672,17.777027130126953
9513,189.86227838,21,471.1782531738281,True,5.25320291519165,17.19677734375,5.237620830535889,17.14706802368164
9513,189.86227838,22,474.8883361816406,True,5.491050720214844,17.11520767211914,5.474289894104004,17.053102493286133
9513,189.86227838,23,478.598388671875,True,5.631814479827881,19.1828670501709,5.609180927276611,19.08606719970703
9513,189.86227838,24,482.3084716796875,True,5.814016819000244,20.809450149536133,5.786235809326172,20.723180770874023
9513,189.86227838,25,486.0185241699219,True,6.134702682495117,20.203113555908203,6.106813430786133,20.137554168701172
9513,189.86227838,26,489.7286071777344,True,6.4668073654174805,20.446481704711914,6.438414573669434,20.345672607421875
9513,189.86227838,27,493.43865966796875,True,6.684996128082275,22.621170043945312,6.65902853012085,22.516950607299805
9513,189.86227838,28,497.1487121582031,True,6.8901448249816895,23.41206169128418,6.867974281311035,23.33743667602539
9513,189.86227838,29,500.8587951660156,True,7.148860931396484,22.088045120239258,7.128219127655029,22.019678115844727
9513,189.86227838,30,504.56884765625,True,7.343940258026123,22.59026527404785,7.320845127105713,22.486663818359375
9513,189.86227838,31,508.2789306640625,True,7.4739274978637695,25.285812377929688,7.443182945251465,25.167951583862305
9513,189.86227838,32,511.9889831542969,True,7.676783084869385,26.164112091064453,7.644528388977051,26.077259063720703
9513,189.86227838,33,515.6990356445312,True,7.984338760375977,24.868602752685547,7.952617168426514,24.782974243164062
9513,189.86227838,34,519.4091186523438,True,8.278387069702148,25.920888900756836,8.246070861816406,25.797758102416992
9513,189.86227838,35,523.1192016601562,True,8.454756736755371,28.466224670410156,8.425292015075684,28.3540096282959
9513,189.86227838,36,526.8292236328125,True,8.668771743774414,28.203201293945312,8.642587661743164,28.119918823242188
9513,189.86227838,37,530.539306640625,True,8.89405345916748,26.521270751953125,8.8675537109375,26.42131805419922
9513,189.86227838,38,534.2493896484375,True,9.056167602539062,28.106767654418945,9.025816917419434,27.970447540283203
9513,189.86227838,39,537.9594116210938,True,9.181319236755371,31.016019821166992,9.144235610961914,30.897239685058594
9513,189.86227838,40,541.6694946289062,True,9.393243789672852,30.59154510498047,9.35761547088623,30.502155303955078
9513,189.86227838,41,545.3795776367188,True,9.682599067687988,29.25337028503418,9.645763397216797,29.14059829711914
9513,189.86227838,42,549.0896606445312,True,9.938634872436523,31.449491500854492,9.90206241607666,31.304994583129883
9513,189.86227838,43,552.7996826171875,True,10.091667175292969,33.74214553833008,10.059417724609375,33.623268127441406
9513,189.86227838,44,556.509765625,True,10.297033309936523,32.05388641357422,10.267827987670898,31.953781127929688
9513,189.86227838,45,560.2198486328125,True,10.4998140335083,30.807483673095703,10.469385147094727,30.679214477539062
9513,189.86227838,46,563.9298706054688,True,10.638991355895996,33.578250885009766,10.601927757263184,33.429691314697266
9513,189.86227838,47,567.6399536132812,True,10.762045860290527,35.96391677856445,10.721805572509766,35.849151611328125
9513,189.86227838,48,571.3500366210938,True,10.97789478302002,34.200286865234375,10.939441680908203,34.09550857543945
9521,189.86227838,1,426.6575012207031,True,0.9265366196632385,4.511682987213135,0.8901962041854858,4.393564701080322
9521,189.86227838,2,430.3675537109375,True,1.3131070137023926,6.892977714538574,1.2821009159088135,6.789113521575928
9521,189.86227838,3,434.0776062011719,True,1.4730379581451416,7.501178741455078,1.4388666152954102,7.418196678161621
9521,189.86227838,4,437.7876892089844,True,1.660176396369934,7.9664788246154785,1.6414179801940918,7.857855319976807
9521,189.86227838,5,441.49774169921875,True,1.8788976669311523,7.680510520935059,1.8679701089859009,7.565323829650879
9521,189.86227838,6,445.20782470703125,True,2.068631649017334,7.076557159423828,2.0590906143188477,7.041634559631348
9521,189.86227838,7,448.9178771972656,True,2.168611764907837,7.663908004760742,2.1566007137298584,7.686007022857666
9521,189.86227838,8,452.6279296875,True,2.3062310218811035,9.548686027526855,2.290694236755371,9.475767135620117
9521,189.86227838,9,456.3380126953125,True,2.6421079635620117,10.430407524108887,2.6218204498291016,10.348519325256348
9521,189.86227838,10,460.0480651855469,True,2.9822473526000977,10.61220645904541,2.962116241455078,10.549530029296875
9521,189.86227838,11,463.7581481933594,True,3.1969752311706543,11.731086730957031,3.1772401332855225,11.678086280822754
9521,189.86227838,12,467.46820068359375,True,3.3617563247680664,12.73315715789795,3.3483073711395264,12.661443710327148
9521,189.86227838,13,471.1782531738281,True,3.6261544227600098,12.226432800292969,3.6167163848876953,12.172944068908691
9521,189.86227838,14,474.8883361816406,True,3.862078905105591,12.073500633239746,3.8517613410949707,12.0449857711792
9521,189.86227838,15,478.598388671875,True,3.985046863555908,13.756688117980957,3.970414400100708,13.709709167480469
9521,189.86227838,16,482.3084716796875,True,4.1853156089782715,15.486030578613281,4.164429187774658,15.404881477355957
9521,189.86227838,17,486.0185241699219,True,4.525361061096191,15.390257835388184,4.502500057220459,15.32848072052002
9521,189.86227838,18,489.7286071777344,True,4.822039604187012,15.605921745300293,4.798761367797852,15.539020538330078
9521,189.86227838,19,493.43865966796875,True,5.00033712387085,17.365581512451172,4.979112148284912,17.291540145874023
9521,189.86227838,20,497.1487121582031,True,5.205155372619629,18.095298767089844,5.188816070556641,18.032546997070312
9521,189.86227838,21,500.8587951660156,True,5.475294589996338,17.19215202331543,5.4609222412109375,17.140609741210938
9521,189.86227838,22,504.56884765625,True,5.6739420890808105,17.60003662109375,5.656498908996582,17.534170150756836
9521,189.86227838,23,508.2789306640625,True,5.803347587585449,19.914487838745117,5.781522274017334,19.828052520751953
9521,189.86227838,24,511.9889831542969,True,6.032173156738281,20.953113555908203,6.006372928619385,20.88233184814453
9521,189.86227838,25,515.6990356445312,True,6.34229040145874,20.150785446166992,6.315640449523926,20.081298828125
9521,189.86227838,26,519.4091186523438,True,6.597104072570801,21.064189910888672,6.569159984588623,20.970382690429688
9521,189.86227838,27,523.1192016601562,True,6.751125335693359,23.15785026550293,6.726484775543213,23.069446563720703
9521,189.86227838,28,526.8292236328125,True,6.971932888031006,22.996789932250977,6.9520697593688965,22.926586151123047
9521,189.86227838,29,530.539306640625,True,7.211233139038086,21.815820693969727,7.19175910949707,21.735219955444336
9521,189.86227838,30,534.2493896484375,True,7.375909328460693,23.18952751159668,7.352312088012695,23.088468551635742
9521,189.86227838,31,537.9594116210938,True,7.5168633460998535,25.73271942138672,7.488253593444824,25.634462356567383
9521,189.86227838,32,541.6694946289062,True,7.752230644226074,25.59589195251465,7.721797943115234,25.524181365966797
9521,189.86227838,33,545.3795776367188,True,8.032439231872559,24.72117042541504,8.000741004943848,24.628440856933594
9521,189.86227838,34,549.0896606445312,True,8.250286102294922,26.62753677368164,8.218363761901855,26.50921058654785
9521,189.86227838,35,552.7996826171875,True,8.401558876037598,28.47157096862793,8.373101234436035,28.38132095336914
9521,189.86227838,36,556.509765625,True,8.620152473449707,27.114656448364258,8.595593452453613,27.037160873413086
9521,189.86227838,37,560.2198486328125,True,8.839365005493164,26.33849334716797,8.81332778930664,26.231081008911133
9521,189.86227838,38,563.9298706054688,True,8.980915069580078,28.772146224975586,8.951167106628418,28.637975692749023
9521,189.86227838,39,567.6399536132812,True,9.129120826721191,30.839115142822266,9.095613479614258,30.736902236938477
9521,189.86227838,40,571.3500366210938,True,9.362401008605957,29.514530181884766,9.327794075012207,29.432598114013672
9521,189.86227838,41,575.0601196289062,True,9.629011154174805,29.318744659423828,9.592933654785156,29.199079513549805
9521,189.86227838,42,578.7701416015625,True,9.798022270202637,32.097023010253906,9.76315975189209,31.96636199951172
9521,189.86227838,43,582.480224609375,True,9.959081649780273,32.96860122680664,9.92845630645752,32.86992263793945
9521,189.86227838,44,586.1903076171875,True,10.173093795776367,30.695798873901367,10.144843101501465,30.596620559692383
9521,189.86227838,45,589.9003295898438,True,10.375092506408691,30.961164474487305,10.344820022583008,30.82129669189453
9521,189.86227838,46,593.6104125976562,True,10.498071670532227,34.183448791503906,10.462587356567383,34.038936614990234
9521,189.86227838,47,597.3204956054688,True,10.646097183227539,35.01801300048828,10.60938835144043,34.9161491394043
9521,189.86227838,48,601.030517578125,True,10.88044548034668,33.02619552612305,10.84205150604248,32.927486419677734
9537,189.86227838,1,486.0185241699219,True,0.9163594841957092,3.4689552783966064,0.8774623274803162,3.3097569942474365
9537,189.86227838,2,489.7286071777344,True,1.230804204940796,4.536725044250488,1.1967746019363403,4.3910675048828125
9537,189.86227838,3,493.43865966796875,True,1.333743691444397,4.807461738586426,1.3005815744400024,4.7666826248168945
9537,189.86227838,4,497.1487121582031,True,1.5407112836837769,5.787876605987549,1.5273141860961914,5.726561546325684
9537,189.86227838,5,500.8587951660156,True,1.8195098638534546,6.447463512420654,1.8134949207305908,6.340394973754883
9537,189.86227838,6,504.56884765625,True,1.9916038513183594,6.148273468017578,1.9831219911575317,6.098823070526123
9537,189.86227838,7,508.2789306640625,True,2.0758845806121826,6.693687438964844,2.06551194190979,6.7496843338012695
9537,189.86227838,8,511.9889831542969,True,2.267839193344116,8.409622192382812,2.2544748783111572,8.363433837890625
9537,189.86227838,9,515.6990356445312,True,2.6178314685821533,9.033205032348633,2.5972282886505127,8.92293643951416
9537,189.86227838,10,519.4091186523438,True,2.83341908454895,9.315966606140137,2.8126800060272217,9.253320693969727
9537,189.86227838,11,523.1192016601562,True,2.9873011112213135,10.362493515014648,2.9708645343780518,10.358529090881348
9537,189.86227838,12,526.8292236328125,True,3.2177135944366455,11.128944396972656,3.208543062210083,11.081506729125977
9537,189.86227838,13,530.539306640625,True,3.4582865238189697,11.014371871948242,3.4502573013305664,10.940803527832031
9537,189.86227838,14,534.2493896484375,True,3.63613224029541,11.410172462463379,3.6252682209014893,11.382011413574219
9537,189.86227838,15,537.9594116210938,True,3.7690069675445557,12.841796875,3.7569808959960938,12.841211318969727
9537,189.86227838,16,541.6694946289062,True,4.024385452270508,13.672595977783203,4.004467487335205,13.614301681518555
9537,189.86227838,17,545.3795776367188,True,4.292165279388428,13.841971397399902,4.268181324005127,13.751041412353516
9537,189.86227838,18,549.0896606445312,True,4.467095851898193,14.803409576416016,4.443663597106934,14.75257396697998
9537,189.86227838,19,552.7996826171875,True,4.6314826011657715,15.950906753540039,4.614276885986328,15.921995162963867
9537,189.86227838,20,556.509765625,True,4.862468242645264,15.838418960571289,4.8502888679504395,15.774862289428711
9537,189.86227838,21,560.2198486328125,True,5.089084625244141,15.792253494262695,5.075818061828613,15.708754539489746
9537,189.86227838,22,563.9298706054688,True,5.252747058868408,17.026004791259766,5.236344814300537,16.974943161010742
9537,189.86227838,23,567.6399536132812,True,5.407933712005615,18.37311363220215,5.389614582061768,18.32920265197754
9537,189.86227838,24,571.3500366210938,True,5.672115325927734,18.28655242919922,5.646103858947754,18.213977813720703
9537,189.86227838,25,575.0601196289062,True,5.900384902954102,18.753387451171875,5.872938632965088,18.660259246826172
9537,189.86227838,26,578.7701416015625,True,6.043684482574463,20.362031936645508,6.018155097961426,20.300891876220703
9537,189.86227838,27,582.480224609375,True,6.227327346801758,20.93902587890625,6.207686901092529,20.882787704467773
9537,189.86227838,28,586.1903076171875,True,6.45527458190918,20.152769088745117,6.43779182434082,20.065460205078125
9537,189.86227838,29,589.9003295898438,True,6.672698974609375,20.686628341674805,6.652894496917725,20.584230422973633
9537,189.86227838,30,593.6104125976562,True,6.821237564086914,22.57501983642578,6.79948091506958,22.506914138793945
9537,189.86227838,31,597.3204956054688,True,6.995582580566406,23.162967681884766,6.970346927642822,23.099145889282227
9537,189.86227838,32,601.030517578125,True,7.247852325439453,22.598674774169922,7.21593713760376,22.506807327270508
9537,189.86227838,33,604.7406005859375,True,7.4502482414245605,23.83976936340332,7.417979717254639,23.73273468017578
9537,189.86227838,34,608.45068359375,True,7.575567245483398,25.702089309692383,7.54797887802124,25.624040603637695
9537,189.86227838,35,612.1607666015625,True,7.773306846618652,25.190702438354492,7.750997066497803,25.10823631286621
9537,189.86227838,36,615.8707885742188,True,8.002473831176758,24.25076675415039,7.980476379394531,24.138986587524414
9537,189.86227838,37,619.5808715820312,True,8.20164966583252,25.70246696472168,8.176340103149414,25.59130096435547
9537,189.86227838,38,623.2909545898438,True,8.338785171508789,27.736347198486328,8.312810897827148,27.65635871887207
9537,189.86227838,39,627.0009765625,True,8.530808448791504,27.239795684814453,8.49937915802002,27.154460906982422
9537,189.86227838,40,630.7110595703125,True,8.76630973815918,26.878643035888672,8.73056697845459,26.761940002441406
9537,189.86227838,41,634.421142578125,True,8.927247047424316,29.015853881835938,8.892642974853516,28.90726661682129
9537,189.86227838,42,638.1312255859375,True,9.060253143310547,30.418087005615234,9.030884742736816,30.33420753479004
9537,189.86227838,43,641.8412475585938,True,9.265045166015625,28.793598175048828,9.239642143249512,28.696151733398438
9537,189.86227838,44,645.5513305664062,True,9.49936580657959,28.40871238708496,9.47171688079834,28.26896095275879
9537,189.86227838,45,649.2614135742188,True,9.665471076965332,30.811878204345703,9.636226654052734,30.685928344726562
9537,189.86227838,46,652.971435546875,True,9.795844078063965,32.19205856323242,9.765796661376953,32.10765838623047
9537,189.86227838,47,656.6815185546875,True,9.998226165771484,30.79339599609375,9.961483001708984,30.694204330444336
9537,189.86227838,48,660.3916015625,True,10.22140884399414,31.3077449798584,10.181533813476562,31.164804458618164
9553,189.86227838,1,545.3795776367188,True,0.8556182384490967,2.988536834716797,0.8171857595443726,2.8030412197113037
9553,189.86227838,2,549.0896606445312,True,1.1329680681228638,3.88101863861084,1.1026055812835693,3.724897623062134
9553,189.86227838,3,552.7996826171875,True,1.309611439704895,4.072476387023926,1.28436279296875,4.0170793533325195
9553,189.86227838,4,556.509765625,True,1.5479549169540405,5.230327129364014,1.5376842021942139,5.137253761291504
9553,189.86227838,5,560.2198486328125,True,1.7426245212554932,6.037648677825928,1.735977292060852,5.90055513381958
9553,189.86227838,6,563.9298706054688,True,1.8793163299560547,5.933661937713623,1.869496464729309,5.894521713256836
9553,189.86227838,7,567.6399536132812,True,1.946316123008728,6.292895793914795,1.9350968599319458,6.365494251251221
9553,189.86227838,8,571.3500366210938,True,2.1300368309020996,7.497056484222412,2.1152167320251465,7.436086177825928
9553,189.86227838,9,575.0601196289062,True,2.425482749938965,8.475244522094727,2.404747247695923,8.3491849899292
9553,189.86227838,10,578.7701416015625,True,2.6362979412078857,8.82448673248291,2.6177146434783936,8.77608871459961
9553,189.86227838,11,582.480224609375,True,2.87333345413208,9.309900283813477,2.8603551387786865,9.306422233581543
9553,189.86227838,12,586.1903076171875,True,3.095747470855713,10.063028335571289,3.0867247581481934,9.985361099243164
9553,189.86227838,13,589.9003295898438,True,3.2834160327911377,10.664508819580078,3.2743406295776367,10.578988075256348
9553,189.86227838,14,593.6104125976562,True,3.4438729286193848,11.272284507751465,3.4330878257751465,11.265000343322754
9553,189.86227838,15,597.3204956054688,True,3.5715513229370117,11.809998512268066,3.5601236820220947,11.81804370880127
9553,189.86227838,16,601.030517578125,True,3.808642864227295,12.55949878692627,3.7875659465789795,12.470294952392578
9553,189.86227838,17,604.7406005859375,True,4.034969329833984,13.557026863098145,4.0117011070251465,13.472223281860352
9553,189.86227838,18,608.45068359375,True,4.230069637298584,14.278109550476074,4.210207939147949,14.247603416442871
9553,189.86227838,19,612.1607666015625,True,4.462047100067139,14.316314697265625,4.44752836227417,14.282644271850586
9553,189.86227838,20,615.8707885742188,True,4.674802303314209,14.676321983337402,4.661606788635254,14.578911781311035
9553,189.86227838,21,619.5808715820312,True,4.859838485717773,15.741451263427734,4.845376968383789,15.66128921508789
9553,189.86227838,22,623.2909545898438,True,5.005429744720459,16.696155548095703,4.990994453430176,16.680578231811523
9553,189.86227838,23,627.0009765625,True,5.1677751541137695,16.693038940429688,5.149622440338135,16.655811309814453
9553,189.86227838,24,630.7110595703125,True,5.414290904998779,17.393287658691406,5.386446952819824,17.28619956970215
9553,189.86227838,25,634.421142578125,True,5.598745346069336,18.81955337524414,5.571315765380859,18.742895126342773
9553,189.86227838,26,638.1312255859375,True,5.7939982414245605,19.395851135253906,5.772059917449951,19.360692977905273
9553,189.86227838,27,641.8412475585938,True,6.02131986618042,18.81772804260254,6.003669738769531,18.750267028808594
9553,189.86227838,28,645.5513305664062,True,6.235072612762451,19.35145378112793,6.216636657714844,19.233747482299805
9553,189.86227838,29,649.2614135742188,True,6.407681941986084,21.02170181274414,6.3880839347839355,20.93583869934082
9553,189.86227838,30,652.971435546875,True,6.538196086883545,21.65644073486328,6.51981258392334,21.622053146362305
9553,189.86227838,31,656.6815185546875,True,6.733015060424805,21.16924476623535,6.7075958251953125,21.093425750732422
9553,189.86227838,32,660.3916015625,True,6.968170166015625,22.28548240661621,6.936268329620361,22.16606330871582
9553,189.86227838,33,664.1016235351562,True,7.12295389175415,24.07232093811035,7.092358112335205,23.996728897094727
9553,189.86227838,34,667.8117065429688,True,7.3250508308410645,23.90095329284668,7.300414085388184,23.843490600585938
9553,189.86227838,35,671.5217895507812,True,7.553072452545166,22.954936981201172,7.530759334564209,22.848527908325195
9553,189.86227838,36,675.2318725585938,True,7.762726306915283,24.163738250732422,7.739274024963379,24.02760887145996
9553,189.86227838,37,678.94189453125,True,7.913623809814453,26.180421829223633,7.88962459564209,26.097497940063477
9553,189.86227838,38,682.6519775390625,True,8.041826248168945,25.9697265625,8.018176078796387,25.915098190307617
9553,189.86227838,39,686.362060546875,True,8.259002685546875,25.419273376464844,8.225791931152344,25.312761306762695
9553,189.86227838,40,690.0720825195312,True,8.46109676361084,27.29546356201172,8.424822807312012,27.1630802154541
9553,189.86227838,41,693.7821655273438,True,8.604798316955566,28.962648391723633,8.572153091430664,28.882190704345703
9553,189.86227838,42,697.4922485351562,True,8.812557220458984,27.71834945678711,8.785236358642578,27.637508392333984
9553,189.86227838,43,701.2023315429688,True,9.044299125671387,27.007732391357422,9.017908096313477,26.877017974853516
9553,189.86227838,44,704.912353515625,True,9.233964920043945,29.10200309753418,9.205852508544922,28.95859146118164
9553,189.86227838,45,708.6224365234375,True,9.354818344116211,30.86189842224121,9.32833480834961,30.7768611907959
9553,189.86227838,46,712.33251953125,True,9.496021270751953,29.671550750732422,9.466562271118164,29.58794593811035
9553,189.86227838,47,716.0425415039062,True,9.724987983703613,29.674518585205078,9.686873435974121,29.542434692382812
9553,189.86227838,48,719.7526245117188,True,9.880163192749023,32.326377868652344,9.841596603393555,32.19826126098633
9561,189.86227838,1,575.0601196289062,True,0.8354580998420715,2.936983585357666,0.7990524172782898,2.762674331665039
9561,189.86227838,2,578.7701416015625,True,1.1216813325881958,3.805281162261963,1.0936450958251953,3.6461479663848877
9561,189.86227838,3,582.480224609375,True,1.3332301378250122,4.110305309295654,1.3103184700012207,4.032493591308594
9561,189.86227838,4,586.1903076171875,True,1.5494728088378906,5.176379680633545,1.5375760793685913,5.0706787109375
9561,189.86227838,5,589.9003295898438,True,1.721604585647583,6.015737533569336,1.7128726243972778,5.89199161529541
9561,189.86227838,6,593.6104125976562,True,1.8486403226852417,6.053077220916748,1.838486671447754,6.024382591247559
9561,189.86227838,7,597.3204956054688,True,1.9196102619171143,6.128494739532471,1.908496379852295,6.199575901031494
9561,189.86227838,8,601.030517578125,True,2.0945255756378174,7.346207618713379,2.0801167488098145,7.272167682647705
9561,189.86227838,9,604.7406005859375,True,2.3824915885925293,8.473498344421387,2.362229585647583,8.360169410705566
9561,189.86227838,10,608.45068359375,True,2.625669479370117,8.727788925170898,2.6090338230133057,8.692018508911133
9561,189.86227838,11,612.1607666015625,True,2.8759706020355225,8.997513771057129,2.86426043510437,8.983580589294434
9561,189.86227838,12,615.8707885742188,True,3.0787386894226074,9.916886329650879,3.069363832473755,9.828157424926758
9561,189.86227838,13,619.5808715820312,True,3.2523422241210938,10.807276725769043,3.242473602294922,10.730530738830566
9561,189.86227838,14,623.2909545898438,True,3.403111219406128,11.30324935913086,3.392728328704834,11.305173873901367
9561,189.86227838,15,627.0009765625,True,3.5362396240234375,11.430848121643066,3.524859666824341,11.435922622680664
9561,189.86227838,16,630.7110595703125,True,3.7677054405212402,12.541945457458496,3.74716854095459,12.448922157287598
9561,189.86227838,17,634.421142578125,True,3.9860174655914307,13.695348739624023,3.9636361598968506,13.619945526123047
9561,189.86227838,18,638.1312255859375,True,4.218271732330322,13.958573341369629,4.199967384338379,13.93603801727295
9561,189.86227838,19,641.8412475585938,True,4.454415798187256,13.841779708862305,4.439563751220703,13.79291820526123
9561,189.86227838,20,645.5513305664062,True,4.651538372039795,14.713703155517578,4.6372199058532715,14.615680694580078
9561,189.86227838,21,649.2614135742188,True,4.818451881408691,16.059898376464844,4.8036885261535645,15.992525100708008
9561,189.86227838,22,652.971435546875,True,4.963503837585449,16.43301010131836,4.949373245239258,16.423625946044922
9561,189.86227838,23,656.6815185546875,True,5.131948947906494,16.30329132080078,5.113111972808838,16.252426147460938
9561,189.86227838,24,660.3916015625,True,5.372588157653809,17.610382080078125,5.345101833343506,17.508501052856445
9561,189.86227838,25,664.1016235351562,True,5.555075645446777,18.987850189208984,5.529428482055664,18.91849136352539
9561,189.86227838,26,667.8117065429688,True,5.780257701873779,18.740842819213867,5.759661674499512,18.697223663330078
9561,189.86227838,27,671.5217895507812,True,6.012067794799805,18.344741821289062,5.993316173553467,18.258867263793945
9561,189.86227838,28,675.2318725585938,True,6.204672336578369,19.67220687866211,6.185092926025391,19.568431854248047
9561,189.86227838,29,678.94189453125,True,6.358639717102051,21.313831329345703,6.339479446411133,21.246746063232422
9561,189.86227838,30,682.6519775390625,True,6.4979777336120605,21.054569244384766,6.479497909545898,21.018939971923828
9561,189.86227838,31,686.362060546875,True,6.698001384735107,20.930334091186523,6.6713409423828125,20.838672637939453
9561,189.86227838,32,690.0720825195312,True,6.9128265380859375,22.74030876159668,6.881025314331055,22.6380615234375
9561,189.86227838,33,693.7821655273438,True,7.087996482849121,24.00141143798828,7.059304237365723,23.937740325927734
9561,189.86227838,34,697.4922485351562,True,7.31207799911499,22.95557403564453,7.288120746612549,22.894556045532227
9561,189.86227838,35,701.2023315429688,True,7.545788764953613,22.785669326782227,7.521793365478516,22.669015884399414
9561,189.86227838,36,704.912353515625,True,7.721695423126221,24.7914981842041,7.697445869445801,24.669858932495117
9561,189.86227838,37,708.6224365234375,True,7.856722831726074,26.172611236572266,7.834407806396484,26.104185104370117
9561,189.86227838,38,712.33251953125,True,8.003089904785156,25.145751953125,7.979129791259766,25.085920333862305
9561,189.86227838,39,716.0425415039062,True,8.229878425598145,25.53533935546875,8.195947647094727,25.413291931152344
9561,189.86227838,40,719.7526245117188,True,8.399532318115234,27.906299591064453,8.364114761352539,27.800256729125977
9561,189.86227838,41,723.4627075195312,True,8.581560134887695,28.44349479675293,8.551064491271973,28.372451782226562
9561,189.86227838,42,727.1727905273438,True,8.810367584228516,26.725643157958984,8.783414840698242,26.629892349243164
9561,189.86227838,43,730.8828125,True,9.036980628967285,27.29802131652832,9.00988483428955,27.15536117553711
9561,189.86227838,44,734.5928955078125,True,9.187273979187012,29.89652442932129,9.159104347229004,29.7727108001709
9561,189.86227838,45,738.302978515625,True,9.299504280090332,30.345064163208008,9.27408218383789,30.268394470214844
9561,189.86227838,46,742.0130004882812,True,9.465311050415039,28.906627655029297,9.434976577758789,28.81615447998047
9561,189.86227838,47,745.7230834960938,True,9.695974349975586,30.26839256286621,9.657395362854004,30.131582260131836
9561,189.86227838,48,749.4331665039062,True,9.829700469970703,32.84907913208008,9.792134284973145,32.74265670776367
9577,189.86227838,1,634.421142578125,True,0.7948344349861145,2.9102416038513184,0.7600473761558533,2.7266924381256104
9577,189.86227838,2,638.1312255859375,True,1.1370600461959839,3.972045660018921,1.1109410524368286,3.7918622493743896
9577,189.86227838,3,641.8412475585938,True,1.3398950099945068,4.127023696899414,1.315536379814148,4.000833034515381
9577,189.86227838,4,645.5513305664062,True,1.5183440446853638,4.902181625366211,1.5020725727081299,4.810468673706055
9577,189.86227838,5,649.2614135742188,True,1.6579936742782593,6.060718536376953,1.6483463048934937,5.975172519683838
9577,189.86227838,6,652.971435546875,True,1.7990328073501587,6.103501319885254,1.7885427474975586,6.085614204406738
9577,189.86227838,7,656.6815185546875,True,1.8924901485443115,5.8513336181640625,1.881677508354187,5.890503406524658
9577,189.86227838,8,660.3916015625,True,2.066476345062256,7.37687349319458,2.0516469478607178,7.294609546661377
9577,189.86227838,9,664.1016235351562,True,2.3509674072265625,8.537848472595215,2.3326170444488525,8.446867942810059
9577,189.86227838,10,667.8117065429688,True,2.6406326293945312,8.35986614227295,2.626455545425415,8.316778182983398
9577,189.86227838,11,671.5217895507812,True,2.8798396587371826,8.545186042785645,2.8658900260925293,8.504085540771484
9577,189.86227838,12,675.2318725585938,True,3.0417468547821045,10.068238258361816,3.029482364654541,9.985730171203613
9577,189.86227838,13,678.94189453125,True,3.1833112239837646,11.185500144958496,3.1744751930236816,11.14176082611084
9577,189.86227838,14,682.6519775390625,True,3.369126558303833,10.894670486450195,3.3589556217193604,10.9082612991333
9577,189.86227838,15,686.362060546875,True,3.510831356048584,11.200761795043945,3.498249053955078,11.170151710510254
9577,189.86227838,16,690.0720825195312,True,3.728264570236206,12.886953353881836,3.7063498497009277,12.801681518554688
9577,189.86227838,17,693.7821655273438,True,3.967771053314209,13.698762893676758,3.947042942047119,13.650086402893066
9577,189.86227838,18,697.4922485351562,True,4.2293782234191895,13.10148811340332,4.21287202835083,13.06652545928955
9577,189.86227838,19,701.2023315429688,True,4.45974063873291,13.550654411315918,4.443206787109375,13.472890853881836
9577,189.86227838,20,704.912353515625,True,4.599384784698486,15.360677719116211,4.583990573883057,15.272608757019043
9577,189.86227838,21,708.6224365234375,True,4.750690460205078,16.267887115478516,4.737648963928223,16.22987174987793
9577,189.86227838,22,712.33251953125,True,4.9350786209106445,15.609825134277344,4.9205322265625,15.593635559082031
9577,189.86227838,23,716.0425415039062,True,5.1119914054870605,16.381446838378906,5.092345714569092,16.300966262817383
9577,189.86227838,24,719.7526245117188,True,5.3137359619140625,18.270645141601562,5.286777496337891,18.19161033630371
9577,189.86227838,25,723.4627075195312,True,5.547703266143799,18.517656326293945,5.524365425109863,18.469829559326172
9577,189.86227838,26,727.1727905273438,True,5.8006415367126465,17.59619140625,5.779594421386719,17.531169891357422
9577,189.86227838,27,730.8828125,True,6.014094352722168,18.596256256103516,5.993108749389648,18.486278533935547
9577,189.86227838,28,734.5928955078125,True,6.140247344970703,20.690624237060547,6.120752334594727,20.605674743652344
9577,189.86227838,29,738.302978515625,True,6.299331188201904,20.90289878845215,6.281556129455566,20.861818313598633
9577,189.86227838,30,742.0130004882812,True,6.476593017578125,20.125234603881836,6.455958843231201,20.0693359375
9577,189.86227838,31,745.7230834960938,True,6.681092262268066,21.597806930541992,6.652484893798828,21.487751007080078
9577,189.86227838,32,749.4331665039062,True,6.858307838439941,23.48647689819336,6.82764196395874,23.40515899658203
9577,189.86227838,33,753.1431884765625,True,7.090465545654297,22.79888343811035,7.064759731292725,22.733917236328125
9577,189.86227838,34,756.853271484375,True,7.344522953033447,21.920637130737305,7.319642543792725,21.823488235473633
9577,189.86227838,35,760.5633544921875,True,7.527941703796387,23.69211769104004,7.502840995788574,23.570022583007812
9577,189.86227838,36,764.2734375,True,7.647396087646484,25.744802474975586,7.6249189376831055,25.660449981689453
9577,189.86227838,37,767.9834594726562,True,7.8094096183776855,25.015159606933594,7.787380218505859,24.955167770385742
9577,189.86227838,38,771.6935424804688,True,7.994919300079346,24.587081909179688,7.968700885772705,24.488935470581055
9577,189.86227838,39,775.4036254882812,True,8.189959526062012,26.831382751464844,8.155762672424316,26.718238830566406
9577,189.86227838,40,779.1136474609375,True,8.364246368408203,28.19528579711914,8.331281661987305,28.116979598999023
9577,189.86227838,41,782.82373046875,True,8.595754623413086,26.523012161254883,8.567376136779785,26.44425392150879
9577,189.86227838,42,786.5338134765625,True,8.849355697631836,26.28336524963379,8.819931030273438,26.148887634277344
9577,189.86227838,43,790.243896484375,True,8.992005348205566,28.85896873474121,8.96380615234375,28.723154067993164
9577,189.86227838,44,793.9539184570312,True,9.10610294342041,30.21370506286621,9.081175804138184,30.133888244628906
9577,189.86227838,45,797.6640014648438,True,9.267416000366211,28.668542861938477,9.240964889526367,28.591548919677734
9577,189.86227838,46,801.3740844726562,True,9.473236083984375,29.134580612182617,9.439604759216309,28.998687744140625
9577,189.86227838,47,805.0841064453125,True,9.63056468963623,31.9541015625,9.591797828674316,31.840187072753906
9577,189.86227838,48,808.794189453125,True,9.812376976013184,32.13279342651367,9.777936935424805,32.051937103271484
9593,189.86227838,1,693.7821655273438,True,0.7999985218048096,2.987788200378418,0.765627384185791,2.807687282562256
9593,189.86227838,2,697.4922485351562,True,1.1662943363189697,3.865180492401123,1.1383020877838135,3.6718149185180664
9593,189.86227838,3,701.2023315429688,True,1.3436845541000366,3.7415988445281982,1.3140021562576294,3.652869462966919
9593,189.86227838,4,704.912353515625,True,1.4304533004760742,4.955140590667725,1.4128682613372803,4.921294689178467
9593,189.86227838,5,708.6224365234375,True,1.583456039428711,6.179159641265869,1.573770523071289,6.108940124511719
9593,189.86227838,6,712.33251953125,True,1.7743531465530396,5.779209136962891,1.764926552772522,5.740689277648926
9593,189.86227838,7,716.0425415039062,True,1.8751373291015625,5.821629047393799,1.8644120693206787,5.840569019317627
9593,189.86227838,8,719.7526245117188,True,2.0391340255737305,7.418917655944824,2.025218963623047,7.352846145629883
9593,189.86227838,9,723.4627075195312,True,2.3659310340881348,8.217446327209473,2.349473237991333,8.129076957702637
9593,189.86227838,10,727.1727905273438,True,2.6583449840545654,7.871184349060059,2.642345905303955,7.807897567749023
9593,189.86227838,11,730.8828125,True,2.840458869934082,8.656258583068848,2.8242805004119873,8.619948387145996
9593,189.86227838,12,734.5928955078125,True,2.94779896736145,10.466401100158691,2.937337875366211,10.410689353942871
9593,189.86227838,13,738.302978515625,True,3.1430695056915283,10.892597198486328,3.1354405879974365,10.856267929077148
9593,189.86227838,14,742.0130004882812,True,3.345412492752075,10.476692199707031,3.3357865810394287,10.45785140991211
9593,189.86227838,15,745.7230834960938,True,3.4946906566619873,11.484588623046875,3.4824366569519043,11.453083038330078
9593,189.86227838,16,749.4331665039062,True,3.701817512512207,13.034719467163086,3.682774782180786,12.968977928161621
9593,189.86227838,17,753.1431884765625,True,3.985706329345703,12.918045997619629,3.9677579402923584,12.86602783203125
9593,189.86227838,18,756.853271484375,True,4.243595600128174,12.623916625976562,4.224954605102539,12.560272216796875
9593,189.86227838,19,760.5633544921875,True,4.39070987701416,14.070810317993164,4.373187065124512,14.00152587890625
9593,189.86227838,20,764.2734375,True,4.512484073638916,15.743255615234375,4.500242710113525,15.690009117126465
9593,189.86227838,21,767.9834594726562,True,4.724218845367432,15.459453582763672,4.711935043334961,15.427745819091797
9593,189.86227838,22,771.6935424804688,True,4.919845104217529,15.40976619720459,4.904289722442627,15.35777759552002
9593,189.86227838,23,775.4036254882812,True,5.076513290405273,17.036836624145508,5.056756496429443,16.970508575439453
9593,189.86227838,24,779.1136474609375,True,5.299216270446777,18.11669921875,5.275534629821777,18.06052017211914
9593,189.86227838,25,782.82373046875,True,5.566659450531006,17.288097381591797,5.545567512512207,17.229747772216797
9593,189.86227838,26,786.5338134765625,True,5.801240921020508,17.487680435180664,5.778548717498779,17.395910263061523
9593,189.86227838,27,790.243896484375,True,5.9220476150512695,19.537723541259766,5.902060031890869,19.44510269165039
9593,189.86227838,28,793.9539184570312,True,6.063645839691162,20.621055603027344,6.047915458679199,20.56511878967285
9593,189.86227838,29,797.6640014648438,True,6.276761531829834,19.78856086730957,6.259565830230713,19.735273361206055
9593,189.86227838,30,801.3740844726562,True,6.466992378234863,20.414724349975586,6.446553707122803,20.328369140625
9593,189.86227838,31,805.0841064453125,True,6.62075138092041,22.4660701751709,6.593915939331055,22.38552474975586
9593,189.86227838,32,808.794189453125,True,6.850636959075928,22.608179092407227,6.823312282562256,22.544212341308594
9593,189.86227838,33,812.5042724609375,True,7.11146354675293,21.4268856048584,7.085738182067871,21.3382625579834
9593,189.86227838,34,816.2142944335938,True,7.317418575286865,22.457704544067383,7.291025161743164,22.336427688598633
9593,189.86227838,35,819.9243774414062,True,7.424615383148193,24.82657814025879,7.401610374450684,24.731279373168945
9593,189.86227838,36,823.6344604492188,True,7.58126974105835,24.8889217376709,7.561086177825928,24.82744026184082
9593,189.86227838,37,827.3445434570312,True,7.788719177246094,23.980741500854492,7.765409469604492,23.900001525878906
9593,189.86227838,38,831.0545654296875,True,7.972115516662598,25.560420989990234,7.945279121398926,25.444305419921875
9593,189.86227838,39,834.7646484375,True,8.129307746887207,27.512401580810547,8.097134590148926,27.424549102783203
9593,189.86227838,40,838.4747314453125,True,8.361011505126953,26.460262298583984,8.330799102783203,26.382776260375977
9593,189.86227838,41,842.1847534179688,True,8.617966651916504,25.516578674316406,8.588213920593262,25.404298782348633
9593,189.86227838,42,845.8948364257812,True,8.783842086791992,27.544546127319336,8.754316329956055,27.406883239746094
9593,189.86227838,43,849.6049194335938,True,8.883474349975586,29.62691879272461,8.858598709106445,29.529508590698242
9593,189.86227838,44,853.3150024414062,True,9.049068450927734,28.576595306396484,9.024720191955566,28.496816635131836
9593,189.86227838,45,857.0250244140625,True,9.256019592285156,28.21687126159668,9.228375434875488,28.106292724609375
9593,189.86227838,46,860.735107421875,True,9.412721633911133,30.720335006713867,9.380655288696289,30.596858978271484
9593,189.86227838,47,864.4451904296875,True,9.585785865783691,31.867923736572266,9.550555229187012,31.77785301208496
9593,189.86227838,48,868.1552124023438,True,9.82171630859375,29.793277740478516,9.789363861083984,29.699832916259766
9609,189.86227838,1,753.1431884765625,True,0.8480296730995178,2.9249682426452637,0.811945915222168,2.7198429107666016
9609,189.86227838,2,756.853271484375,True,1.1854897737503052,3.665029287338257,1.1537379026412964,3.470031261444092
9609,189.86227838,3,760.5633544921875,True,1.2541420459747314,3.7834115028381348,1.2236089706420898,3.7374322414398193
9609,189.86227838,4,764.2734375,True,1.368596076965332,5.025844097137451,1.3542568683624268,5.006601333618164
9609,189.86227838,5,767.9834594726562,True,1.6158607006072998,5.88851261138916,1.6076512336730957,5.798745632171631
9609,189.86227838,6,771.6935424804688,True,1.7836633920669556,5.771531105041504,1.7742806673049927,5.695321559906006
9609,189.86227838,7,775.4036254882812,True,1.871466040611267,5.921391487121582,1.8594775199890137,5.955194473266602
9609,189.86227838,8,779.1136474609375,True,2.046970844268799,7.295820713043213,2.0353939533233643,7.2424163818359375
9609,189.86227838,9,782.82373046875,True,2.3964333534240723,7.847889423370361,2.379293441772461,7.741084575653076
9609,189.86227838,10,786.5338134765625,True,2.6217026710510254,7.911609649658203,2.6034510135650635,7.830868721008301
9609,189.86227838,11,790.243896484375,True,2.7475130558013916,8.92542552947998,2.7320587635040283,8.915441513061523
9609,189.86227838,12,793.9539184570312,True,2.928957462310791,10.29419994354248,2.919848680496216,10.260777473449707
9609,189.86227838,13,797.6640014648438,True,3.1581056118011475,10.400136947631836,3.149547815322876,10.34900188446045
9609,189.86227838,14,801.3740844726562,True,3.3481194972991943,10.660809516906738,3.337451934814453,10.62070083618164
9609,189.86227838,15,805.0841064453125,True,3.4693870544433594,11.748662948608398,3.4571244716644287,11.74105453491211
9609,189.86227838,16,808.794189453125,True,3.7115466594696045,12.470076560974121,3.694304943084717,12.412920951843262
9609,189.86227838,17,812.5042724609375,True,3.9918746948242188,12.350582122802734,3.971975326538086,12.277262687683105
9609,189.86227838,18,816.2142944335938,True,4.171411037445068,12.981942176818848,4.151250839233398,12.909497261047363
9609,189.86227838,19,819.9243774414062,True,4.3050971031188965,14.514467239379883,4.2899932861328125,14.472857475280762
9609,189.86227838,20,823.6344604492188,True,4.507557392120361,15.08190631866455,4.495795726776123,15.035730361938477
9609,189.86227838,21,827.3445434570312,True,4.724261283874512,15.004929542541504,4.71115779876709,14.94422435760498
9609,189.86227838,22,831.0545654296875,True,4.904168128967285,15.953461647033691,4.8886003494262695,15.903130531311035
9609,189.86227838,23,834.7646484375,True,5.041772365570068,17.20100975036621,5.024243354797363,17.15843963623047
9609,189.86227838,24,838.4747314453125,True,5.306186676025391,17.007314682006836,5.284286022186279,16.946117401123047
9609,189.86227838,25,842.1847534179688,True,5.552652359008789,16.920703887939453,5.529409408569336,16.8289737701416
9609,189.86227838,26,845.8948364257812,True,5.70606803894043,18.277236938476562,5.682703018188477,18.191587448120117
9609,189.86227838,27,849.6049194335938,True,5.8473381996154785,19.726015090942383,5.830249786376953,19.66943359375
9609,189.86227838,28,853.3150024414062,True,6.056440830230713,19.43885612487793,6.039779186248779,19.381546020507812
9609,189.86227838,29,857.0250244140625,True,6.275455474853516,19.69754981994629,6.255839824676514,19.611318588256836
9609,189.86227838,30,860.735107421875,True,6.41799783706665,21.334911346435547,6.397040367126465,21.266963958740234
9609,189.86227838,31,864.4451904296875,True,6.592401027679443,22.079586029052734,6.568488597869873,22.023319244384766
9609,189.86227838,32,868.1552124023438,True,6.857564926147461,21.14422607421875,6.831212520599365,21.068923950195312
9609,189.86227838,33,871.8652954101562,True,7.075501918792725,21.565155029296875,7.047078609466553,21.449209213256836
9609,189.86227838,34,875.5753784179688,True,7.210024356842041,23.59821319580078,7.184534549713135,23.497840881347656
9609,189.86227838,35,879.285400390625,True,7.359058380126953,24.341882705688477,7.339221000671387,24.277816772460938
9609,189.86227838,36,882.9954833984375,True,7.566842555999756,23.5468692779541,7.545722961425781,23.46773338317871
9609,189.86227838,37,886.70556640625,True,7.78422212600708,24.544841766357422,7.759778022766113,24.43590545654297
9609,189.86227838,38,890.4156494140625,True,7.8977861404418945,26.5532283782959,7.871458053588867,26.473478317260742
9609,189.86227838,39,894.1256713867188,True,8.106863021850586,26.241355895996094,8.077411651611328,26.167545318603516
9609,189.86227838,40,897.8357543945312,True,8.361006736755371,25.04131507873535,8.330669403076172,24.933561325073242
9609,189.86227838,41,901.5458374023438,True,8.551141738891602,26.37207794189453,8.519046783447266,26.23649787902832
9609,189.86227838,42,905.255859375,True,8.670573234558105,28.621679306030273,8.64350700378418,28.52107810974121
9609,189.86227838,43,908.9659423828125,True,8.824823379516602,28.267929077148438,8.80140209197998,28.194766998291016
9609,189.86227838,44,912.676025390625,True,9.036896705627441,27.586877822875977,9.010377883911133,27.48141860961914
9609,189.86227838,45,916.3861083984375,True,9.220515251159668,29.539928436279297,9.191550254821777,29.41375160217285
9609,189.86227838,46,920.0961303710938,True,9.338186264038086,31.208553314208984,9.306655883789062,31.123199462890625
9609,189.86227838,47,923.8062133789062,True,9.566915512084961,29.66921615600586,9.533034324645996,29.583749771118164
9609,189.86227838,48,927.5162963867188,True,9.810195922851562,28.947877883911133,9.775663375854492,28.818357467651367
