/root/siton-data-ecd30b0dd03a4b6c86d4ad3b98458111/panxy/particalMOE/experiments/external_rnn_fno_20260923/code/rnn_experiment.py:90: UserWarning: Converting a tensor with requires_grad=True to a scalar may lead to unexpected behavior.
Consider using tensor.detach() first. (Triggered internally at /pytorch/torch/csrc/autograd/generated/python_variable_methods.cpp:836.)
  identity=float((p-expected).abs().max());assert identity==0
SMOKE_PASS
H LSTM screen 0 1248 {'step': 200, 'K': 1, 'loss': 0.39757832884788513, 'gradient_norm': 0.13463257253170013, 'worst_Re_validation_joint': 2.368422791911526, 'macro_validation_joint': 2.032535792237087, 'complete': True, 'elapsed_seconds': 0.6944909961894155}
H LSTM screen 0 1248 {'step': 400, 'K': 4, 'loss': 0.039391059428453445, 'gradient_norm': 0.0875190868973732, 'worst_Re_validation_joint': 1.3569417588857633, 'macro_validation_joint': 1.162038983564673, 'complete': True, 'elapsed_seconds': 1.9807159751653671}
H LSTM screen 0 1248 {'step': 600, 'K': 8, 'loss': 0.7995489239692688, 'gradient_norm': 0.39359962940216064, 'worst_Re_validation_joint': 0.8841358568360018, 'macro_validation_joint': 0.7105159572340854, 'complete': True, 'elapsed_seconds': 4.100887854583561}
H LSTM screen 0 1248 {'step': 800, 'K': 16, 'loss': 1.9312899112701416, 'gradient_norm': 0.6562092900276184, 'worst_Re_validation_joint': 0.7294549210748696, 'macro_validation_joint': 0.5785844314965324, 'complete': True, 'elapsed_seconds': 7.870370204560459}
H LSTM screen 1 1248 {'step': 200, 'K': 1, 'loss': 0.4814906120300293, 'gradient_norm': 0.14219611883163452, 'worst_Re_validation_joint': 0.9541681179242559, 'macro_validation_joint': 0.9301899829637167, 'complete': True, 'elapsed_seconds': 0.6545205302536488}
H LSTM screen 1 1248 {'step': 400, 'K': 4, 'loss': 0.06904963403940201, 'gradient_norm': 0.11587373912334442, 'worst_Re_validation_joint': 1.351745658969902, 'macro_validation_joint': 1.049538292051987, 'complete': True, 'elapsed_seconds': 1.9397638402879238}
H LSTM screen 1 1248 {'step': 600, 'K': 8, 'loss': 0.9235868453979492, 'gradient_norm': 0.5610357522964478, 'worst_Re_validation_joint': 1.1704088863580433, 'macro_validation_joint': 0.8470883286725526, 'complete': True, 'elapsed_seconds': 4.053798479028046}
H LSTM screen 1 1248 {'step': 800, 'K': 16, 'loss': 2.1931800842285156, 'gradient_norm': 1.0108193159103394, 'worst_Re_validation_joint': 0.8915961635360041, 'macro_validation_joint': 0.6314597270368802, 'complete': True, 'elapsed_seconds': 7.804203672334552}
H LSTM screen 2 1248 {'step': 200, 'K': 1, 'loss': 0.17577439546585083, 'gradient_norm': 0.1796424686908722, 'worst_Re_validation_joint': 1.297235035566637, 'macro_validation_joint': 1.2157387124007537, 'complete': True, 'elapsed_seconds': 0.6517244651913643}
H LSTM screen 2 1248 {'step': 400, 'K': 4, 'loss': 0.008702840656042099, 'gradient_norm': 0.06300777941942215, 'worst_Re_validation_joint': 1.192472589929641, 'macro_validation_joint': 1.174697149158768, 'complete': True, 'elapsed_seconds': 1.9244492938742042}
H LSTM screen 2 1248 {'step': 600, 'K': 8, 'loss': 0.33171090483665466, 'gradient_norm': 0.21196787059307098, 'worst_Re_validation_joint': 0.442893281271535, 'macro_validation_joint': 0.34652757792138755, 'complete': True, 'elapsed_seconds': 4.014472479000688}
H LSTM screen 2 1248 {'step': 800, 'K': 16, 'loss': 0.9142417311668396, 'gradient_norm': 0.3898596465587616, 'worst_Re_validation_joint': 0.42968657883644396, 'macro_validation_joint': 0.350566806595, 'complete': True, 'elapsed_seconds': 7.763999180868268}
H LSTM screen 3 1248 {'step': 200, 'K': 1, 'loss': 0.4411015212535858, 'gradient_norm': 0.09243018180131912, 'worst_Re_validation_joint': 2.362080085003535, 'macro_validation_joint': 2.299597041217791, 'complete': True, 'elapsed_seconds': 0.7174768447875977}
H LSTM screen 3 1248 {'step': 400, 'K': 4, 'loss': 0.05194854736328125, 'gradient_norm': 0.10497943311929703, 'worst_Re_validation_joint': 1.3554813870194504, 'macro_validation_joint': 1.1546645968863058, 'complete': True, 'elapsed_seconds': 2.2377233617007732}
H LSTM screen 3 1248 {'step': 600, 'K': 8, 'loss': 0.8819460272789001, 'gradient_norm': 0.5043193101882935, 'worst_Re_validation_joint': 0.9346422746643962, 'macro_validation_joint': 0.9160413363810134, 'complete': True, 'elapsed_seconds': 4.814763223752379}
H LSTM screen 3 1248 {'step': 800, 'K': 16, 'loss': 2.1707375049591064, 'gradient_norm': 0.83649080991745, 'worst_Re_validation_joint': 0.9115701237091293, 'macro_validation_joint': 0.8798013993320091, 'complete': True, 'elapsed_seconds': 9.492375028319657}
H LSTM screen 4 1248 {'step': 200, 'K': 1, 'loss': 0.4862249493598938, 'gradient_norm': 0.11105863749980927, 'worst_Re_validation_joint': 1.2322484702025673, 'macro_validation_joint': 1.18189502823554, 'complete': True, 'elapsed_seconds': 0.715420969761908}
H LSTM screen 4 1248 {'step': 400, 'K': 4, 'loss': 0.06289022415876389, 'gradient_norm': 0.13714145123958588, 'worst_Re_validation_joint': 1.2019624654192465, 'macro_validation_joint': 1.0420202599042003, 'complete': True, 'elapsed_seconds': 2.2312828171998262}
H LSTM screen 4 1248 {'step': 600, 'K': 8, 'loss': 0.9490001797676086, 'gradient_norm': 0.514397144317627, 'worst_Re_validation_joint': 1.209072581252035, 'macro_validation_joint': 1.0084223221094843, 'complete': True, 'elapsed_seconds': 4.807370602153242}
H LSTM screen 4 1248 {'step': 800, 'K': 16, 'loss': 2.385824203491211, 'gradient_norm': 1.2559797763824463, 'worst_Re_validation_joint': 0.7701845224056262, 'macro_validation_joint': 0.7570562703255409, 'complete': True, 'elapsed_seconds': 9.488067721016705}
H LSTM screen 5 1248 {'step': 200, 'K': 1, 'loss': 0.162571519613266, 'gradient_norm': 0.18919017910957336, 'worst_Re_validation_joint': 10.001021022329924, 'macro_validation_joint': 8.222167127270145, 'complete': True, 'elapsed_seconds': 0.7306131785735488}
H LSTM screen 5 1248 {'step': 400, 'K': 4, 'loss': 0.012336397543549538, 'gradient_norm': 0.06135488674044609, 'worst_Re_validation_joint': 2.519990386471208, 'macro_validation_joint': 2.3602402782775487, 'complete': True, 'elapsed_seconds': 2.2709504971280694}
H LSTM screen 5 1248 {'step': 600, 'K': 8, 'loss': 0.39484891295433044, 'gradient_norm': 0.3236030340194702, 'worst_Re_validation_joint': 1.0327544797513701, 'macro_validation_joint': 0.8561038246878564, 'complete': True, 'elapsed_seconds': 4.875623957253993}
H LSTM screen 5 1248 {'step': 800, 'K': 16, 'loss': 1.0887565612792969, 'gradient_norm': 0.5640434622764587, 'worst_Re_validation_joint': 0.46456470575664904, 'macro_validation_joint': 0.4034188336396995, 'complete': True, 'elapsed_seconds': 9.600462815724313}
H LSTM screen 6 1248 {'step': 200, 'K': 1, 'loss': 0.41430309414863586, 'gradient_norm': 0.12988974153995514, 'worst_Re_validation_joint': 2.326231022468249, 'macro_validation_joint': 2.0632663797678386, 'complete': True, 'elapsed_seconds': 0.6596628939732909}
H LSTM screen 6 1248 {'step': 400, 'K': 4, 'loss': 0.05273712798953056, 'gradient_norm': 0.1088012307882309, 'worst_Re_validation_joint': 1.1272546836326005, 'macro_validation_joint': 1.1265248170463418, 'complete': True, 'elapsed_seconds': 1.9637756189331412}
H LSTM screen 6 1248 {'step': 600, 'K': 8, 'loss': 0.8248312473297119, 'gradient_norm': 0.4505747854709625, 'worst_Re_validation_joint': 0.8969046344065084, 'macro_validation_joint': 0.7540925349110317, 'complete': True, 'elapsed_seconds': 4.128978678025305}
H LSTM screen 6 1248 {'step': 800, 'K': 16, 'loss': 2.006833076477051, 'gradient_norm': 0.9654582142829895, 'worst_Re_validation_joint': 0.7987136270161749, 'macro_validation_joint': 0.6430160882629885, 'complete': True, 'elapsed_seconds': 8.003717214800417}
H LSTM screen 7 1248 {'step': 200, 'K': 1, 'loss': 0.4866744875907898, 'gradient_norm': 0.14847424626350403, 'worst_Re_validation_joint': 0.9451297210192058, 'macro_validation_joint': 0.8994968634590104, 'complete': True, 'elapsed_seconds': 0.6522435955703259}
H LSTM screen 7 1248 {'step': 400, 'K': 4, 'loss': 0.07741529494524002, 'gradient_norm': 0.1281670778989792, 'worst_Re_validation_joint': 1.3616598337323993, 'macro_validation_joint': 1.056004159632836, 'complete': True, 'elapsed_seconds': 1.954425623640418}
H LSTM screen 7 1248 {'step': 600, 'K': 8, 'loss': 0.9372827410697937, 'gradient_norm': 0.5555241703987122, 'worst_Re_validation_joint': 1.0297536576856032, 'macro_validation_joint': 0.7520296315951809, 'complete': True, 'elapsed_seconds': 4.108224533498287}
H LSTM screen 7 1248 {'step': 800, 'K': 16, 'loss': 2.2127108573913574, 'gradient_norm': 1.048266053199768, 'worst_Re_validation_joint': 0.8938586046960374, 'macro_validation_joint': 0.6356443978856481, 'complete': True, 'elapsed_seconds': 7.974195076152682}
H LSTM screen 8 1248 {'step': 200, 'K': 1, 'loss': 0.18244963884353638, 'gradient_norm': 0.1826297491788864, 'worst_Re_validation_joint': 1.3648179503637385, 'macro_validation_joint': 1.1474712718599582, 'complete': True, 'elapsed_seconds': 0.6538657359778881}
H LSTM screen 8 1248 {'step': 400, 'K': 4, 'loss': 0.016202639788389206, 'gradient_norm': 0.07477956265211105, 'worst_Re_validation_joint': 0.7410704094940601, 'macro_validation_joint': 0.6840035691357469, 'complete': True, 'elapsed_seconds': 1.9572105035185814}
H LSTM screen 8 1248 {'step': 600, 'K': 8, 'loss': 0.3626769781112671, 'gradient_norm': 0.28674042224884033, 'worst_Re_validation_joint': 0.46302822437308405, 'macro_validation_joint': 0.4159007075440899, 'complete': True, 'elapsed_seconds': 4.112052461132407}
H LSTM screen 8 1248 {'step': 800, 'K': 16, 'loss': 0.9688860774040222, 'gradient_norm': 0.5722792148590088, 'worst_Re_validation_joint': 0.4298287924654675, 'macro_validation_joint': 0.3676631590964148, 'complete': True, 'elapsed_seconds': 7.977767946198583}
H LSTM screen 9 1248 {'step': 200, 'K': 1, 'loss': 0.44769376516342163, 'gradient_norm': 0.09947990626096725, 'worst_Re_validation_joint': 1.848868338183279, 'macro_validation_joint': 1.828390329567216, 'complete': True, 'elapsed_seconds': 1.0070975022390485}
H LSTM screen 9 1248 {'step': 400, 'K': 4, 'loss': 0.06978167593479156, 'gradient_norm': 0.14459486305713654, 'worst_Re_validation_joint': 1.5128070631965354, 'macro_validation_joint': 1.2778810742065334, 'complete': True, 'elapsed_seconds': 2.5731080332770944}
H LSTM screen 9 1248 {'step': 600, 'K': 8, 'loss': 0.9143931269645691, 'gradient_norm': 0.6143951416015625, 'worst_Re_validation_joint': 1.2263882747687964, 'macro_validation_joint': 1.039932015429116, 'complete': True, 'elapsed_seconds': 5.248692024499178}
H LSTM screen 9 1248 {'step': 800, 'K': 16, 'loss': 2.2941761016845703, 'gradient_norm': 1.348323106765747, 'worst_Re_validation_joint': 0.9201451325683333, 'macro_validation_joint': 0.9005179264724767, 'complete': True, 'elapsed_seconds': 10.133430077694356}
H LSTM screen 10 1248 {'step': 200, 'K': 1, 'loss': 0.4947502315044403, 'gradient_norm': 0.11711713671684265, 'worst_Re_validation_joint': 1.3148205072130341, 'macro_validation_joint': 1.2026416046047308, 'complete': True, 'elapsed_seconds': 0.7384421769529581}
H LSTM screen 10 1248 {'step': 400, 'K': 4, 'loss': 0.07998458296060562, 'gradient_norm': 0.15827548503875732, 'worst_Re_validation_joint': 1.1490574252481942, 'macro_validation_joint': 0.9930895426879616, 'complete': True, 'elapsed_seconds': 2.3084982372820377}
H LSTM screen 10 1248 {'step': 600, 'K': 8, 'loss': 0.989441454410553, 'gradient_norm': 0.5876737236976624, 'worst_Re_validation_joint': 1.3209949005324628, 'macro_validation_joint': 1.1039495126871193, 'complete': True, 'elapsed_seconds': 4.984313914552331}
H LSTM screen 10 1248 {'step': 800, 'K': 16, 'loss': 2.447195291519165, 'gradient_norm': 1.425270438194275, 'worst_Re_validation_joint': 0.769192773236524, 'macro_validation_joint': 0.7581616671154439, 'complete': True, 'elapsed_seconds': 9.86820040922612}
H LSTM screen 11 1248 {'step': 200, 'K': 1, 'loss': 0.16365593671798706, 'gradient_norm': 0.18615324795246124, 'worst_Re_validation_joint': 9.853809525830401, 'macro_validation_joint': 7.8770389736319135, 'complete': True, 'elapsed_seconds': 0.7313102586194873}
H LSTM screen 11 1248 {'step': 400, 'K': 4, 'loss': 0.020311228930950165, 'gradient_norm': 0.11418292671442032, 'worst_Re_validation_joint': 2.0035149563441945, 'macro_validation_joint': 2.0001656371199985, 'complete': True, 'elapsed_seconds': 2.301098331809044}
H LSTM screen 11 1248 {'step': 600, 'K': 8, 'loss': 0.459716796875, 'gradient_norm': 0.5421212911605835, 'worst_Re_validation_joint': 0.5464017600187442, 'macro_validation_joint': 0.5248499340368606, 'complete': True, 'elapsed_seconds': 4.978682171553373}
H LSTM screen 11 1248 {'step': 800, 'K': 16, 'loss': 1.2455447912216187, 'gradient_norm': 2.0698060989379883, 'worst_Re_validation_joint': 0.4575226840845558, 'macro_validation_joint': 0.36953356086932204, 'complete': True, 'elapsed_seconds': 9.910843032412231}
H GRU screen 0 1248 {'step': 200, 'K': 1, 'loss': 0.37585222721099854, 'gradient_norm': 0.14703470468521118, 'worst_Re_validation_joint': 2.311106441932664, 'macro_validation_joint': 1.8661426221162163, 'complete': True, 'elapsed_seconds': 0.6449571764096618}
H GRU screen 0 1248 {'step': 400, 'K': 4, 'loss': 0.0383029542863369, 'gradient_norm': 0.08233505487442017, 'worst_Re_validation_joint': 2.3183820745750268, 'macro_validation_joint': 1.5508724836083414, 'complete': True, 'elapsed_seconds': 1.8772259475663304}
H GRU screen 0 1248 {'step': 600, 'K': 8, 'loss': 0.777957558631897, 'gradient_norm': 0.3833357095718384, 'worst_Re_validation_joint': 2.3424850579033016, 'macro_validation_joint': 1.4845067710418478, 'complete': True, 'elapsed_seconds': 3.882835197262466}
H GRU screen 0 1248 {'step': 800, 'K': 16, 'loss': 1.9154324531555176, 'gradient_norm': 0.7982873320579529, 'worst_Re_validation_joint': 1.0827655386961714, 'macro_validation_joint': 0.771140963495026, 'complete': True, 'elapsed_seconds': 7.428296031430364}
H GRU screen 1 1248 {'step': 200, 'K': 1, 'loss': 0.46086856722831726, 'gradient_norm': 0.18183250725269318, 'worst_Re_validation_joint': 1.4871835444947104, 'macro_validation_joint': 1.1675313273877403, 'complete': True, 'elapsed_seconds': 0.6302420264109969}
H GRU screen 1 1248 {'step': 400, 'K': 4, 'loss': 0.056928228586912155, 'gradient_norm': 0.10689176619052887, 'worst_Re_validation_joint': 1.5898019771642733, 'macro_validation_joint': 1.064852002004318, 'complete': True, 'elapsed_seconds': 1.8432415593415499}
H GRU screen 1 1248 {'step': 600, 'K': 8, 'loss': 0.9118866920471191, 'gradient_norm': 0.5371013879776001, 'worst_Re_validation_joint': 1.3262370235861738, 'macro_validation_joint': 0.8642592524514531, 'complete': True, 'elapsed_seconds': 3.818861585110426}
H GRU screen 1 1248 {'step': 800, 'K': 16, 'loss': 2.198549747467041, 'gradient_norm': 0.9010351300239563, 'worst_Re_validation_joint': 1.0416656841115997, 'macro_validation_joint': 0.6663398944019056, 'complete': True, 'elapsed_seconds': 7.328526861034334}
H GRU screen 2 1248 {'step': 200, 'K': 1, 'loss': 0.14362934231758118, 'gradient_norm': 0.17593242228031158, 'worst_Re_validation_joint': 3.674764094914547, 'macro_validation_joint': 3.0241450115640642, 'complete': True, 'elapsed_seconds': 0.6308903070166707}
H GRU screen 2 1248 {'step': 400, 'K': 4, 'loss': 0.009345208294689655, 'gradient_norm': 0.059118062257766724, 'worst_Re_validation_joint': 3.6559111854009196, 'macro_validation_joint': 3.456851005869602, 'complete': True, 'elapsed_seconds': 1.8425354678183794}
H GRU screen 2 1248 {'step': 600, 'K': 8, 'loss': 0.3071516156196594, 'gradient_norm': 0.22387048602104187, 'worst_Re_validation_joint': 4.779643407876921, 'macro_validation_joint': 4.075258105834561, 'complete': True, 'elapsed_seconds': 3.8136803759261966}
H GRU screen 2 1248 {'step': 800, 'K': 16, 'loss': 0.8891829252243042, 'gradient_norm': 0.5586323738098145, 'worst_Re_validation_joint': 2.5191259586115584, 'macro_validation_joint': 2.082277489050516, 'complete': True, 'elapsed_seconds': 7.290527316741645}
H GRU screen 3 1248 {'step': 200, 'K': 1, 'loss': 0.42533567547798157, 'gradient_norm': 0.11750348657369614, 'worst_Re_validation_joint': 2.8311493040458213, 'macro_validation_joint': 2.1324492755923323, 'complete': True, 'elapsed_seconds': 0.6898465948179364}
H GRU screen 3 1248 {'step': 400, 'K': 4, 'loss': 0.04676622524857521, 'gradient_norm': 0.09534266591072083, 'worst_Re_validation_joint': 2.8297200301087693, 'macro_validation_joint': 2.3202586860799688, 'complete': True, 'elapsed_seconds': 2.1029379786923528}
H GRU screen 3 1248 {'step': 600, 'K': 8, 'loss': 0.8367394208908081, 'gradient_norm': 0.34829095005989075, 'worst_Re_validation_joint': 2.1632466075227925, 'macro_validation_joint': 1.720021493193526, 'complete': True, 'elapsed_seconds': 4.470078990794718}
H GRU screen 3 1248 {'step': 800, 'K': 16, 'loss': 2.074650526046753, 'gradient_norm': 0.7308904528617859, 'worst_Re_validation_joint': 1.0050528942821337, 'macro_validation_joint': 0.9759059181388703, 'complete': True, 'elapsed_seconds': 8.759834689088166}
H GRU screen 4 1248 {'step': 200, 'K': 1, 'loss': 0.47496524453163147, 'gradient_norm': 0.1331031173467636, 'worst_Re_validation_joint': 1.225599744350031, 'macro_validation_joint': 1.0564654683520385, 'complete': True, 'elapsed_seconds': 0.6908046035096049}
H GRU screen 4 1248 {'step': 400, 'K': 4, 'loss': 0.06105576083064079, 'gradient_norm': 0.11681632697582245, 'worst_Re_validation_joint': 1.7962054659411748, 'macro_validation_joint': 1.521111426069751, 'complete': True, 'elapsed_seconds': 2.1083880458027124}
H GRU screen 4 1248 {'step': 600, 'K': 8, 'loss': 0.9469285011291504, 'gradient_norm': 0.5131404995918274, 'worst_Re_validation_joint': 1.372869058750637, 'macro_validation_joint': 1.2066347184631605, 'complete': True, 'elapsed_seconds': 4.484622625634074}
H GRU screen 4 1248 {'step': 800, 'K': 16, 'loss': 2.296760320663452, 'gradient_norm': 1.04525625705719, 'worst_Re_validation_joint': 0.9386234046000578, 'macro_validation_joint': 0.7639632493911322, 'complete': True, 'elapsed_seconds': 8.784547008574009}
H GRU screen 5 1248 {'step': 200, 'K': 1, 'loss': 0.16059862077236176, 'gradient_norm': 0.20184925198554993, 'worst_Re_validation_joint': 6.655496021789285, 'macro_validation_joint': 4.7038222428950665, 'complete': True, 'elapsed_seconds': 0.6936058457940817}
H GRU screen 5 1248 {'step': 400, 'K': 4, 'loss': 0.0108686164021492, 'gradient_norm': 0.06706278026103973, 'worst_Re_validation_joint': 3.4351854712879963, 'macro_validation_joint': 2.6745558526300974, 'complete': True, 'elapsed_seconds': 2.120009735226631}
H GRU screen 5 1248 {'step': 600, 'K': 8, 'loss': 0.35922956466674805, 'gradient_norm': 0.26129820942878723, 'worst_Re_validation_joint': 2.6558758488131757, 'macro_validation_joint': 2.0085772303994327, 'complete': True, 'elapsed_seconds': 4.500379917211831}
H GRU screen 5 1248 {'step': 800, 'K': 16, 'loss': 0.9848062992095947, 'gradient_norm': 0.4948444664478302, 'worst_Re_validation_joint': 0.441265229048404, 'macro_validation_joint': 0.43922220093605435, 'complete': True, 'elapsed_seconds': 8.789495719596744}
H GRU screen 6 1248 {'step': 200, 'K': 1, 'loss': 0.40060052275657654, 'gradient_norm': 0.15071463584899902, 'worst_Re_validation_joint': 2.304648111907333, 'macro_validation_joint': 1.8576854301928631, 'complete': True, 'elapsed_seconds': 0.6366565739735961}
H GRU screen 6 1248 {'step': 400, 'K': 4, 'loss': 0.04517195373773575, 'gradient_norm': 0.08482068032026291, 'worst_Re_validation_joint': 1.857357290248239, 'macro_validation_joint': 1.345222646483124, 'complete': True, 'elapsed_seconds': 1.8794762063771486}
H GRU screen 6 1248 {'step': 600, 'K': 8, 'loss': 0.8213217258453369, 'gradient_norm': 0.39774927496910095, 'worst_Re_validation_joint': 1.0029498821695197, 'macro_validation_joint': 0.7605076101238164, 'complete': True, 'elapsed_seconds': 3.9089832697063684}
H GRU screen 6 1248 {'step': 800, 'K': 16, 'loss': 2.004354238510132, 'gradient_norm': 0.8243333101272583, 'worst_Re_validation_joint': 0.6656442474474967, 'macro_validation_joint': 0.5799968574841554, 'complete': True, 'elapsed_seconds': 7.5108931213617325}
H GRU screen 7 1248 {'step': 200, 'K': 1, 'loss': 0.46642881631851196, 'gradient_norm': 0.18894170224666595, 'worst_Re_validation_joint': 1.258282804078301, 'macro_validation_joint': 1.043186087267408, 'complete': True, 'elapsed_seconds': 0.6365377604961395}
H GRU screen 7 1248 {'step': 400, 'K': 4, 'loss': 0.06217636168003082, 'gradient_norm': 0.11763312667608261, 'worst_Re_validation_joint': 1.538315005188817, 'macro_validation_joint': 0.99627122177186, 'complete': True, 'elapsed_seconds': 1.8782694274559617}
H GRU screen 7 1248 {'step': 600, 'K': 8, 'loss': 0.9241222143173218, 'gradient_norm': 0.55524742603302, 'worst_Re_validation_joint': 1.262374308846752, 'macro_validation_joint': 0.8162465037514269, 'complete': True, 'elapsed_seconds': 3.91741840634495}
H GRU screen 7 1248 {'step': 800, 'K': 16, 'loss': 2.2232306003570557, 'gradient_norm': 0.9731364250183105, 'worst_Re_validation_joint': 0.9034873409249665, 'macro_validation_joint': 0.5914001714483745, 'complete': True, 'elapsed_seconds': 7.562164179980755}
H GRU screen 8 1248 {'step': 200, 'K': 1, 'loss': 0.15121111273765564, 'gradient_norm': 0.1934269815683365, 'worst_Re_validation_joint': 3.9988343152083696, 'macro_validation_joint': 3.6856400156050073, 'complete': True, 'elapsed_seconds': 0.6402745088562369}
H GRU screen 8 1248 {'step': 400, 'K': 4, 'loss': 0.01854446902871132, 'gradient_norm': 0.09560810774564743, 'worst_Re_validation_joint': 4.620520947813866, 'macro_validation_joint': 3.7036292885085533, 'complete': True, 'elapsed_seconds': 1.8874037386849523}
H GRU screen 8 1248 {'step': 600, 'K': 8, 'loss': 0.35291483998298645, 'gradient_norm': 0.3062620460987091, 'worst_Re_validation_joint': 1.3897663771003803, 'macro_validation_joint': 1.3304616958061164, 'complete': True, 'elapsed_seconds': 3.926227373071015}
H GRU screen 8 1248 {'step': 800, 'K': 16, 'loss': 0.9660347104072571, 'gradient_norm': 0.8045777082443237, 'worst_Re_validation_joint': 0.4165466142977076, 'macro_validation_joint': 0.3777316136638939, 'complete': True, 'elapsed_seconds': 7.551786181516945}
H GRU screen 9 1248 {'step': 200, 'K': 1, 'loss': 0.4332444369792938, 'gradient_norm': 0.11561337858438492, 'worst_Re_validation_joint': 2.755107017987752, 'macro_validation_joint': 1.978334828337784, 'complete': True, 'elapsed_seconds': 0.7003182070329785}
H GRU screen 9 1248 {'step': 400, 'K': 4, 'loss': 0.06019824370741844, 'gradient_norm': 0.14632679522037506, 'worst_Re_validation_joint': 1.9317921944457923, 'macro_validation_joint': 1.6394368596297886, 'complete': True, 'elapsed_seconds': 2.1560546597465873}
H GRU screen 9 1248 {'step': 600, 'K': 8, 'loss': 0.8761232495307922, 'gradient_norm': 0.4293946623802185, 'worst_Re_validation_joint': 0.8338169795079476, 'macro_validation_joint': 0.779205945501573, 'complete': True, 'elapsed_seconds': 4.608109915629029}
H GRU screen 9 1248 {'step': 800, 'K': 16, 'loss': 2.1419878005981445, 'gradient_norm': 0.9796363711357117, 'worst_Re_validation_joint': 0.7635236951956067, 'macro_validation_joint': 0.7561834543122343, 'complete': True, 'elapsed_seconds': 9.05685815680772}
H GRU screen 10 1248 {'step': 200, 'K': 1, 'loss': 0.48146528005599976, 'gradient_norm': 0.13814948499202728, 'worst_Re_validation_joint': 1.0401719521752486, 'macro_validation_joint': 0.9529150353429853, 'complete': True, 'elapsed_seconds': 0.7020482579246163}
H GRU screen 10 1248 {'step': 400, 'K': 4, 'loss': 0.06905276328325272, 'gradient_norm': 0.12420301139354706, 'worst_Re_validation_joint': 1.8077004525266263, 'macro_validation_joint': 1.4818582637156044, 'complete': True, 'elapsed_seconds': 2.1611267821863294}
H GRU screen 10 1248 {'step': 600, 'K': 8, 'loss': 0.9725711941719055, 'gradient_norm': 0.5532734990119934, 'worst_Re_validation_joint': 1.2519624433655219, 'macro_validation_joint': 1.1342707752965748, 'complete': True, 'elapsed_seconds': 4.615649881772697}
H GRU screen 10 1248 {'step': 800, 'K': 16, 'loss': 2.356671094894409, 'gradient_norm': 1.141442894935608, 'worst_Re_validation_joint': 0.7149117854942789, 'macro_validation_joint': 0.6729274489131462, 'complete': True, 'elapsed_seconds': 9.053501348011196}
H GRU screen 11 1248 {'step': 200, 'K': 1, 'loss': 0.17840588092803955, 'gradient_norm': 0.2074202299118042, 'worst_Re_validation_joint': 4.830575991037129, 'macro_validation_joint': 3.529100131381103, 'complete': True, 'elapsed_seconds': 0.7008958477526903}
H GRU screen 11 1248 {'step': 400, 'K': 4, 'loss': 0.019769687205553055, 'gradient_norm': 0.118895523250103, 'worst_Re_validation_joint': 1.4694735074864742, 'macro_validation_joint': 0.9964655367167702, 'complete': True, 'elapsed_seconds': 2.156019783578813}
H GRU screen 11 1248 {'step': 600, 'K': 8, 'loss': 0.39890769124031067, 'gradient_norm': 0.3217426836490631, 'worst_Re_validation_joint': 0.7686829257899236, 'macro_validation_joint': 0.5483998539425199, 'complete': True, 'elapsed_seconds': 4.607657662592828}
H GRU screen 11 1248 {'step': 800, 'K': 16, 'loss': 1.0401874780654907, 'gradient_norm': 0.5792934894561768, 'worst_Re_validation_joint': 0.2700056093442067, 'macro_validation_joint': 0.26929500991442384, 'complete': True, 'elapsed_seconds': 9.522704323753715}
P LSTM screen 0 1248 {'step': 200, 'K': 1, 'loss': 2.3865206241607666, 'gradient_norm': 0.2754032015800476, 'worst_Re_validation_joint': 90.02619326333286, 'macro_validation_joint': 58.171080952756256, 'complete': True, 'elapsed_seconds': 0.8082631733268499}
P LSTM screen 0 1248 {'step': 400, 'K': 4, 'loss': 1.2187200784683228, 'gradient_norm': 0.25528278946876526, 'worst_Re_validation_joint': 85.58418724851951, 'macro_validation_joint': 42.365727319481955, 'complete': True, 'elapsed_seconds': 2.1274979459121823}
P LSTM screen 0 1248 {'step': 600, 'K': 8, 'loss': 0.8625732660293579, 'gradient_norm': 0.2773211896419525, 'worst_Re_validation_joint': 55.84653063422666, 'macro_validation_joint': 26.856996964793407, 'complete': True, 'elapsed_seconds': 4.291190180927515}
P LSTM screen 0 1248 {'step': 800, 'K': 16, 'loss': 0.7730067372322083, 'gradient_norm': 0.3387333154678345, 'worst_Re_validation_joint': 43.05755460572317, 'macro_validation_joint': 20.44379252321319, 'complete': True, 'elapsed_seconds': 8.084967467933893}
P LSTM screen 1 1248 {'step': 200, 'K': 1, 'loss': 2.8642148971557617, 'gradient_norm': 0.32239627838134766, 'worst_Re_validation_joint': 49.820125227234456, 'macro_validation_joint': 46.030443959214786, 'complete': True, 'elapsed_seconds': 0.6627287631854415}
P LSTM screen 1 1248 {'step': 400, 'K': 4, 'loss': 1.7152856588363647, 'gradient_norm': 0.40164849162101746, 'worst_Re_validation_joint': 52.13862544722499, 'macro_validation_joint': 43.915960335533605, 'complete': True, 'elapsed_seconds': 1.9558783369138837}
P LSTM screen 1 1248 {'step': 600, 'K': 8, 'loss': 1.2293425798416138, 'gradient_norm': 0.3756844103336334, 'worst_Re_validation_joint': 42.11088520500864, 'macro_validation_joint': 24.893394211404843, 'complete': True, 'elapsed_seconds': 4.074298451654613}
P LSTM screen 1 1248 {'step': 800, 'K': 16, 'loss': 1.070988416671753, 'gradient_norm': 0.3436465263366699, 'worst_Re_validation_joint': 37.28753092664821, 'macro_validation_joint': 20.1414835937088, 'complete': True, 'elapsed_seconds': 7.853970756754279}
P LSTM screen 2 1248 {'step': 200, 'K': 1, 'loss': 0.49590733647346497, 'gradient_norm': 0.29364854097366333, 'worst_Re_validation_joint': 70.4096437707602, 'macro_validation_joint': 35.391217854973895, 'complete': True, 'elapsed_seconds': 0.6817354885861278}
P LSTM screen 2 1248 {'step': 400, 'K': 4, 'loss': 0.11317085474729538, 'gradient_norm': 0.1335117071866989, 'worst_Re_validation_joint': 37.67487088972229, 'macro_validation_joint': 14.571992584176932, 'complete': True, 'elapsed_seconds': 2.0123135801404715}
P LSTM screen 2 1248 {'step': 600, 'K': 8, 'loss': 0.0800928920507431, 'gradient_norm': 0.14396296441555023, 'worst_Re_validation_joint': 33.01925310293396, 'macro_validation_joint': 10.35681934917699, 'complete': True, 'elapsed_seconds': 4.278514084406197}
P LSTM screen 2 1248 {'step': 800, 'K': 16, 'loss': 0.05481888726353645, 'gradient_norm': 0.2250288873910904, 'worst_Re_validation_joint': 34.5433940328033, 'macro_validation_joint': 9.911845802560782, 'complete': True, 'elapsed_seconds': 8.038272364065051}
P LSTM screen 3 1248 {'step': 200, 'K': 1, 'loss': 2.5336806774139404, 'gradient_norm': 0.3002912700176239, 'worst_Re_validation_joint': 351.7291167570602, 'macro_validation_joint': 177.85675021388704, 'complete': True, 'elapsed_seconds': 0.7326411781832576}
P LSTM screen 3 1248 {'step': 400, 'K': 4, 'loss': 1.6855305433273315, 'gradient_norm': 0.4152759611606598, 'worst_Re_validation_joint': 337.6118445278317, 'macro_validation_joint': 167.40597011182547, 'complete': True, 'elapsed_seconds': 2.275423489511013}
P LSTM screen 3 1248 {'step': 600, 'K': 8, 'loss': 1.3036953210830688, 'gradient_norm': 0.48341259360313416, 'worst_Re_validation_joint': 164.43624246918202, 'macro_validation_joint': 92.4669343789775, 'complete': True, 'elapsed_seconds': 4.88744661770761}
P LSTM screen 3 1248 {'step': 800, 'K': 16, 'loss': 1.3147213459014893, 'gradient_norm': 0.7500402331352234, 'worst_Re_validation_joint': 74.6828315210711, 'macro_validation_joint': 39.20403111884615, 'complete': True, 'elapsed_seconds': 9.621735846623778}
P LSTM screen 4 1248 {'step': 200, 'K': 1, 'loss': 3.0248663425445557, 'gradient_norm': 0.3187412917613983, 'worst_Re_validation_joint': 98.10842713549414, 'macro_validation_joint': 59.0187754680456, 'complete': True, 'elapsed_seconds': 0.736210161820054}
P LSTM screen 4 1248 {'step': 400, 'K': 4, 'loss': 1.9977306127548218, 'gradient_norm': 0.5490729808807373, 'worst_Re_validation_joint': 137.99783557181254, 'macro_validation_joint': 76.85261846988546, 'complete': True, 'elapsed_seconds': 2.2811519475653768}
P LSTM screen 4 1248 {'step': 600, 'K': 8, 'loss': 1.5438005924224854, 'gradient_norm': 0.5887170433998108, 'worst_Re_validation_joint': 119.66922400236194, 'macro_validation_joint': 61.04720822384484, 'complete': True, 'elapsed_seconds': 4.89046545792371}
P LSTM screen 4 1248 {'step': 800, 'K': 16, 'loss': 1.4695591926574707, 'gradient_norm': 0.7064656019210815, 'worst_Re_validation_joint': 61.853421954686716, 'macro_validation_joint': 35.470646432581276, 'complete': True, 'elapsed_seconds': 9.622866206802428}
P LSTM screen 5 1248 {'step': 200, 'K': 1, 'loss': 0.7516165375709534, 'gradient_norm': 0.46477940678596497, 'worst_Re_validation_joint': 1156.5465048106482, 'macro_validation_joint': 476.96133385072176, 'complete': True, 'elapsed_seconds': 0.7343820966780186}
P LSTM screen 5 1248 {'step': 400, 'K': 4, 'loss': 0.2151927649974823, 'gradient_norm': 0.384333997964859, 'worst_Re_validation_joint': 1064.6589408913094, 'macro_validation_joint': 380.0052180093482, 'complete': True, 'elapsed_seconds': 2.28202981967479}
P LSTM screen 5 1248 {'step': 600, 'K': 8, 'loss': 0.2007421851158142, 'gradient_norm': 0.6597391963005066, 'worst_Re_validation_joint': 396.15127687581963, 'macro_validation_joint': 175.12528411026926, 'complete': True, 'elapsed_seconds': 4.8964618956670165}
P LSTM screen 5 1248 {'step': 800, 'K': 16, 'loss': 0.21575970947742462, 'gradient_norm': 2.4307565689086914, 'worst_Re_validation_joint': 218.9506124650554, 'macro_validation_joint': 101.43388701315625, 'complete': True, 'elapsed_seconds': 9.63234475441277}
P LSTM screen 6 1248 {'step': 200, 'K': 1, 'loss': 2.4302985668182373, 'gradient_norm': 0.27428102493286133, 'worst_Re_validation_joint': 83.5087880360614, 'macro_validation_joint': 56.088277174163125, 'complete': True, 'elapsed_seconds': 0.6721724504604936}
P LSTM screen 6 1248 {'step': 400, 'K': 4, 'loss': 1.412309169769287, 'gradient_norm': 0.2950407564640045, 'worst_Re_validation_joint': 69.13962500635502, 'macro_validation_joint': 42.99793727279979, 'complete': True, 'elapsed_seconds': 2.001963185146451}
P LSTM screen 6 1248 {'step': 600, 'K': 8, 'loss': 1.101231336593628, 'gradient_norm': 0.3103286623954773, 'worst_Re_validation_joint': 47.35966720712315, 'macro_validation_joint': 26.064276063347293, 'complete': True, 'elapsed_seconds': 4.197655671276152}
P LSTM screen 6 1248 {'step': 800, 'K': 16, 'loss': 1.0597213506698608, 'gradient_norm': 0.430698961019516, 'worst_Re_validation_joint': 39.298053991943156, 'macro_validation_joint': 19.786622025147675, 'complete': True, 'elapsed_seconds': 8.119753199629486}
P LSTM screen 7 1248 {'step': 200, 'K': 1, 'loss': 2.88720703125, 'gradient_norm': 0.33234551548957825, 'worst_Re_validation_joint': 49.018997693534686, 'macro_validation_joint': 45.73773588136472, 'complete': True, 'elapsed_seconds': 0.67167644854635}
P LSTM screen 7 1248 {'step': 400, 'K': 4, 'loss': 1.7861433029174805, 'gradient_norm': 0.4141553044319153, 'worst_Re_validation_joint': 54.80474334261984, 'macro_validation_joint': 45.76223729284653, 'complete': True, 'elapsed_seconds': 2.0009330809116364}
P LSTM screen 7 1248 {'step': 600, 'K': 8, 'loss': 1.3213238716125488, 'gradient_norm': 0.3881871998310089, 'worst_Re_validation_joint': 39.70225827332996, 'macro_validation_joint': 26.35145238954424, 'complete': True, 'elapsed_seconds': 4.199925079010427}
P LSTM screen 7 1248 {'step': 800, 'K': 16, 'loss': 1.176008701324463, 'gradient_norm': 0.4016678035259247, 'worst_Re_validation_joint': 36.77610790006701, 'macro_validation_joint': 20.65021204553307, 'complete': True, 'elapsed_seconds': 8.139613190665841}
P LSTM screen 8 1248 {'step': 200, 'K': 1, 'loss': 0.593233585357666, 'gradient_norm': 0.33029335737228394, 'worst_Re_validation_joint': 53.64276580504467, 'macro_validation_joint': 26.42204079145385, 'complete': True, 'elapsed_seconds': 0.6765924692153931}
P LSTM screen 8 1248 {'step': 400, 'K': 4, 'loss': 0.2564168870449066, 'gradient_norm': 0.21204866468906403, 'worst_Re_validation_joint': 38.43120960469469, 'macro_validation_joint': 14.319871034504423, 'complete': True, 'elapsed_seconds': 2.014658153988421}
P LSTM screen 8 1248 {'step': 600, 'K': 8, 'loss': 0.2294749766588211, 'gradient_norm': 0.20533734560012817, 'worst_Re_validation_joint': 30.799765059828477, 'macro_validation_joint': 10.934098570625354, 'complete': True, 'elapsed_seconds': 4.225711092352867}
P LSTM screen 8 1248 {'step': 800, 'K': 16, 'loss': 0.22324399650096893, 'gradient_norm': 0.3007837235927582, 'worst_Re_validation_joint': 30.26446442637604, 'macro_validation_joint': 9.66167378425198, 'complete': True, 'elapsed_seconds': 8.199587125331163}
P LSTM screen 9 1248 {'step': 200, 'K': 1, 'loss': 2.6624886989593506, 'gradient_norm': 0.2837373912334442, 'worst_Re_validation_joint': 230.93103867828697, 'macro_validation_joint': 130.44762028533484, 'complete': True, 'elapsed_seconds': 0.7632375983521342}
P LSTM screen 9 1248 {'step': 400, 'K': 4, 'loss': 1.985592246055603, 'gradient_norm': 0.4201701283454895, 'worst_Re_validation_joint': 183.9665094671533, 'macro_validation_joint': 94.70786614928153, 'complete': True, 'elapsed_seconds': 2.410272332839668}
P LSTM screen 9 1248 {'step': 600, 'K': 8, 'loss': 1.6492892503738403, 'gradient_norm': 0.47039610147476196, 'worst_Re_validation_joint': 44.34662540126893, 'macro_validation_joint': 25.565052167208453, 'complete': True, 'elapsed_seconds': 5.116094435565174}
P LSTM screen 9 1248 {'step': 800, 'K': 16, 'loss': 1.649203896522522, 'gradient_norm': 0.6125564575195312, 'worst_Re_validation_joint': 36.17653727547707, 'macro_validation_joint': 19.539496229977296, 'complete': True, 'elapsed_seconds': 10.038484340533614}
P LSTM screen 10 1248 {'step': 200, 'K': 1, 'loss': 3.060127019882202, 'gradient_norm': 0.32713741064071655, 'worst_Re_validation_joint': 87.06523460191534, 'macro_validation_joint': 56.50498030297384, 'complete': True, 'elapsed_seconds': 0.7490788698196411}
P LSTM screen 10 1248 {'step': 400, 'K': 4, 'loss': 2.114150285720825, 'gradient_norm': 0.5746654868125916, 'worst_Re_validation_joint': 99.88885733065852, 'macro_validation_joint': 64.03006905864153, 'complete': True, 'elapsed_seconds': 2.34242722671479}
P LSTM screen 10 1248 {'step': 600, 'K': 8, 'loss': 1.7002323865890503, 'gradient_norm': 0.6163336634635925, 'worst_Re_validation_joint': 74.95565313743516, 'macro_validation_joint': 42.889230631767816, 'complete': True, 'elapsed_seconds': 5.040758818387985}
P LSTM screen 10 1248 {'step': 800, 'K': 16, 'loss': 1.6661187410354614, 'gradient_norm': 0.7044673562049866, 'worst_Re_validation_joint': 40.82431059535059, 'macro_validation_joint': 24.123963125528217, 'complete': True, 'elapsed_seconds': 9.964494680985808}
P LSTM screen 11 1248 {'step': 200, 'K': 1, 'loss': 0.9060211777687073, 'gradient_norm': 0.4954288601875305, 'worst_Re_validation_joint': 937.6930812522563, 'macro_validation_joint': 398.63271113340755, 'complete': True, 'elapsed_seconds': 0.7463022321462631}
P LSTM screen 11 1248 {'step': 400, 'K': 4, 'loss': 0.5018208622932434, 'gradient_norm': 0.4856716990470886, 'worst_Re_validation_joint': 288.01761880787416, 'macro_validation_joint': 151.21465047199982, 'complete': True, 'elapsed_seconds': 2.342836736701429}
P LSTM screen 11 1248 {'step': 600, 'K': 8, 'loss': 0.5258670449256897, 'gradient_norm': 0.5211230516433716, 'worst_Re_validation_joint': 68.8529331538224, 'macro_validation_joint': 28.5318333154657, 'complete': True, 'elapsed_seconds': 5.05876896623522}
P LSTM screen 11 1248 {'step': 800, 'K': 16, 'loss': 0.5407982468605042, 'gradient_norm': 0.5677509903907776, 'worst_Re_validation_joint': 34.39388321363584, 'macro_validation_joint': 12.429061620175425, 'complete': True, 'elapsed_seconds': 9.986940470524132}
P GRU screen 0 1248 {'step': 200, 'K': 1, 'loss': 2.0277209281921387, 'gradient_norm': 0.3698924779891968, 'worst_Re_validation_joint': 77.48553929818148, 'macro_validation_joint': 50.55030066557011, 'complete': True, 'elapsed_seconds': 0.6463801749050617}
P GRU screen 0 1248 {'step': 400, 'K': 4, 'loss': 1.012620449066162, 'gradient_norm': 0.29465746879577637, 'worst_Re_validation_joint': 87.38178312905762, 'macro_validation_joint': 47.941676314957164, 'complete': True, 'elapsed_seconds': 1.8801041217520833}
P GRU screen 0 1248 {'step': 600, 'K': 8, 'loss': 0.7377986311912537, 'gradient_norm': 0.2859593629837036, 'worst_Re_validation_joint': 78.0303430510483, 'macro_validation_joint': 31.63533045275601, 'complete': True, 'elapsed_seconds': 3.8798678144812584}
P GRU screen 0 1248 {'step': 800, 'K': 16, 'loss': 0.6821234822273254, 'gradient_norm': 0.35767441987991333, 'worst_Re_validation_joint': 60.499938635136694, 'macro_validation_joint': 23.177870040666132, 'complete': True, 'elapsed_seconds': 7.410273433662951}
P GRU screen 1 1248 {'step': 200, 'K': 1, 'loss': 2.6222400665283203, 'gradient_norm': 0.46092796325683594, 'worst_Re_validation_joint': 51.17105253721138, 'macro_validation_joint': 44.82422804530632, 'complete': True, 'elapsed_seconds': 0.6680032275617123}
P GRU screen 1 1248 {'step': 400, 'K': 4, 'loss': 1.4740420579910278, 'gradient_norm': 0.4155603349208832, 'worst_Re_validation_joint': 77.01873169775295, 'macro_validation_joint': 42.53916063109242, 'complete': True, 'elapsed_seconds': 1.9244447462260723}
P GRU screen 1 1248 {'step': 600, 'K': 8, 'loss': 1.0302913188934326, 'gradient_norm': 0.35426244139671326, 'worst_Re_validation_joint': 46.357480229849536, 'macro_validation_joint': 23.578513544859693, 'complete': True, 'elapsed_seconds': 3.9606745447963476}
P GRU screen 1 1248 {'step': 800, 'K': 16, 'loss': 0.9296389222145081, 'gradient_norm': 0.32772067189216614, 'worst_Re_validation_joint': 41.13051962814064, 'macro_validation_joint': 19.2316529284646, 'complete': True, 'elapsed_seconds': 7.559440732933581}
P GRU screen 2 1248 {'step': 200, 'K': 1, 'loss': 0.34067589044570923, 'gradient_norm': 0.2868325114250183, 'worst_Re_validation_joint': 137.25298827857532, 'macro_validation_joint': 40.00886933244051, 'complete': True, 'elapsed_seconds': 0.6561932619661093}
P GRU screen 2 1248 {'step': 400, 'K': 4, 'loss': 0.08580309897661209, 'gradient_norm': 0.1408548504114151, 'worst_Re_validation_joint': 71.54285489749697, 'macro_validation_joint': 18.761124997139987, 'complete': True, 'elapsed_seconds': 1.9049087781459093}
P GRU screen 2 1248 {'step': 600, 'K': 8, 'loss': 0.06203968822956085, 'gradient_norm': 0.13695600628852844, 'worst_Re_validation_joint': 56.73987567064585, 'macro_validation_joint': 13.629459531783711, 'complete': True, 'elapsed_seconds': 3.930940765887499}
P GRU screen 2 1248 {'step': 800, 'K': 16, 'loss': 0.0421297512948513, 'gradient_norm': 0.23911114037036896, 'worst_Re_validation_joint': 51.220514276200504, 'macro_validation_joint': 12.233612289047562, 'complete': True, 'elapsed_seconds': 7.508486631326377}
P GRU screen 3 1248 {'step': 200, 'K': 1, 'loss': 2.3536276817321777, 'gradient_norm': 0.36082831025123596, 'worst_Re_validation_joint': 197.51473466060543, 'macro_validation_joint': 101.11642336030364, 'complete': True, 'elapsed_seconds': 0.7177885817363858}
P GRU screen 3 1248 {'step': 400, 'K': 4, 'loss': 1.3532260656356812, 'gradient_norm': 0.32970964908599854, 'worst_Re_validation_joint': 169.61783162095966, 'macro_validation_joint': 68.06194087496581, 'complete': True, 'elapsed_seconds': 2.173660716973245}
P GRU screen 3 1248 {'step': 600, 'K': 8, 'loss': 1.0251243114471436, 'gradient_norm': 0.38313397765159607, 'worst_Re_validation_joint': 116.14631835174113, 'macro_validation_joint': 37.815527041268815, 'complete': True, 'elapsed_seconds': 4.599858555942774}
P GRU screen 3 1248 {'step': 800, 'K': 16, 'loss': 0.9660196304321289, 'gradient_norm': 0.43682539463043213, 'worst_Re_validation_joint': 73.41279033808867, 'macro_validation_joint': 25.990078206905576, 'complete': True, 'elapsed_seconds': 8.9586998289451}
P GRU screen 4 1248 {'step': 200, 'K': 1, 'loss': 2.8318233489990234, 'gradient_norm': 0.3851509988307953, 'worst_Re_validation_joint': 161.25052813540285, 'macro_validation_joint': 85.81321232162566, 'complete': True, 'elapsed_seconds': 0.7199457325041294}
P GRU screen 4 1248 {'step': 400, 'K': 4, 'loss': 1.7777810096740723, 'gradient_norm': 0.4880774915218353, 'worst_Re_validation_joint': 139.69115278810702, 'macro_validation_joint': 59.35776252617697, 'complete': True, 'elapsed_seconds': 2.179771911352873}
P GRU screen 4 1248 {'step': 600, 'K': 8, 'loss': 1.263235092163086, 'gradient_norm': 0.47431108355522156, 'worst_Re_validation_joint': 107.90015790341461, 'macro_validation_joint': 39.4803965495257, 'complete': True, 'elapsed_seconds': 4.584670865908265}
P GRU screen 4 1248 {'step': 800, 'K': 16, 'loss': 1.1377700567245483, 'gradient_norm': 0.46920275688171387, 'worst_Re_validation_joint': 77.71051723878135, 'macro_validation_joint': 28.26475537934942, 'complete': True, 'elapsed_seconds': 8.917521228082478}
P GRU screen 5 1248 {'step': 200, 'K': 1, 'loss': 0.526205837726593, 'gradient_norm': 0.34548816084861755, 'worst_Re_validation_joint': 161.88012163263193, 'macro_validation_joint': 70.12054962496784, 'complete': True, 'elapsed_seconds': 0.7078940402716398}
P GRU screen 5 1248 {'step': 400, 'K': 4, 'loss': 0.11555982381105423, 'gradient_norm': 0.17436441779136658, 'worst_Re_validation_joint': 107.80976058472565, 'macro_validation_joint': 32.48747074871083, 'complete': True, 'elapsed_seconds': 2.1482722805812955}
P GRU screen 5 1248 {'step': 600, 'K': 8, 'loss': 0.084450863301754, 'gradient_norm': 0.19214123487472534, 'worst_Re_validation_joint': 85.41177880191587, 'macro_validation_joint': 19.422772381065254, 'complete': True, 'elapsed_seconds': 4.5517834816128016}
P GRU screen 5 1248 {'step': 800, 'K': 16, 'loss': 0.05124326050281525, 'gradient_norm': 0.205678790807724, 'worst_Re_validation_joint': 76.41231959696366, 'macro_validation_joint': 16.49868242861841, 'complete': True, 'elapsed_seconds': 8.87992759142071}
P GRU screen 6 1248 {'step': 200, 'K': 1, 'loss': 2.108393669128418, 'gradient_norm': 0.3772432208061218, 'worst_Re_validation_joint': 71.53227759427342, 'macro_validation_joint': 49.35716168528302, 'complete': True, 'elapsed_seconds': 0.6571280667558312}
P GRU screen 6 1248 {'step': 400, 'K': 4, 'loss': 1.2409014701843262, 'gradient_norm': 0.3422721028327942, 'worst_Re_validation_joint': 50.545434201511654, 'macro_validation_joint': 35.74222997350062, 'complete': True, 'elapsed_seconds': 1.92511504329741}
P GRU screen 6 1248 {'step': 600, 'K': 8, 'loss': 1.0135592222213745, 'gradient_norm': 0.336845338344574, 'worst_Re_validation_joint': 37.56524506937428, 'macro_validation_joint': 24.28040280493089, 'complete': True, 'elapsed_seconds': 3.994283608160913}
P GRU screen 6 1248 {'step': 800, 'K': 16, 'loss': 1.0396357774734497, 'gradient_norm': 0.7109526991844177, 'worst_Re_validation_joint': 35.13506419428203, 'macro_validation_joint': 19.096450933058346, 'complete': True, 'elapsed_seconds': 7.653350331820548}
P GRU screen 7 1248 {'step': 200, 'K': 1, 'loss': 2.6600685119628906, 'gradient_norm': 0.46851611137390137, 'worst_Re_validation_joint': 51.52070463280427, 'macro_validation_joint': 45.248958451972726, 'complete': True, 'elapsed_seconds': 0.6551279602572322}
P GRU screen 7 1248 {'step': 400, 'K': 4, 'loss': 1.5513931512832642, 'gradient_norm': 0.4323596656322479, 'worst_Re_validation_joint': 76.10342766266119, 'macro_validation_joint': 41.62953039076276, 'complete': True, 'elapsed_seconds': 1.9258053842931986}
P GRU screen 7 1248 {'step': 600, 'K': 8, 'loss': 1.1223170757293701, 'gradient_norm': 0.38398998975753784, 'worst_Re_validation_joint': 40.49261139086706, 'macro_validation_joint': 23.47923266391899, 'complete': True, 'elapsed_seconds': 3.998481950722635}
P GRU screen 7 1248 {'step': 800, 'K': 16, 'loss': 1.0399445295333862, 'gradient_norm': 0.3408474922180176, 'worst_Re_validation_joint': 36.50581552094403, 'macro_validation_joint': 18.660045812673413, 'complete': True, 'elapsed_seconds': 7.666987254284322}
P GRU screen 8 1248 {'step': 200, 'K': 1, 'loss': 0.43785929679870605, 'gradient_norm': 0.33267533779144287, 'worst_Re_validation_joint': 103.35681265355225, 'macro_validation_joint': 37.66341544787751, 'complete': True, 'elapsed_seconds': 0.6551064625382423}
P GRU screen 8 1248 {'step': 400, 'K': 4, 'loss': 0.23067136108875275, 'gradient_norm': 0.2224476933479309, 'worst_Re_validation_joint': 41.15706567461467, 'macro_validation_joint': 14.262304318438973, 'complete': True, 'elapsed_seconds': 1.9170512137934566}
P GRU screen 8 1248 {'step': 600, 'K': 8, 'loss': 0.20595325529575348, 'gradient_norm': 0.20686419308185577, 'worst_Re_validation_joint': 31.811409401228047, 'macro_validation_joint': 10.362395953746804, 'complete': True, 'elapsed_seconds': 3.9804861545562744}
P GRU screen 8 1248 {'step': 800, 'K': 16, 'loss': 0.21663498878479004, 'gradient_norm': 0.41624170541763306, 'worst_Re_validation_joint': 29.912399347138045, 'macro_validation_joint': 9.12323402620918, 'complete': True, 'elapsed_seconds': 7.621637309901416}
P GRU screen 9 1248 {'step': 200, 'K': 1, 'loss': 2.486783981323242, 'gradient_norm': 0.3414512276649475, 'worst_Re_validation_joint': 187.89419382619212, 'macro_validation_joint': 93.54762664934533, 'complete': True, 'elapsed_seconds': 0.7224179189652205}
P GRU screen 9 1248 {'step': 400, 'K': 4, 'loss': 1.701202392578125, 'gradient_norm': 0.3835151195526123, 'worst_Re_validation_joint': 156.03693963297948, 'macro_validation_joint': 59.357520843934246, 'complete': True, 'elapsed_seconds': 2.2101164190098643}
P GRU screen 9 1248 {'step': 600, 'K': 8, 'loss': 1.3810192346572876, 'gradient_norm': 0.4946472942829132, 'worst_Re_validation_joint': 81.54237145204551, 'macro_validation_joint': 33.50465224156549, 'complete': True, 'elapsed_seconds': 4.72402168251574}
P GRU screen 9 1248 {'step': 800, 'K': 16, 'loss': 1.4172786474227905, 'gradient_norm': 0.5691699385643005, 'worst_Re_validation_joint': 46.18890270684232, 'macro_validation_joint': 22.70933516051251, 'complete': True, 'elapsed_seconds': 9.245423872955143}
P GRU screen 10 1248 {'step': 200, 'K': 1, 'loss': 2.8769185543060303, 'gradient_norm': 0.39964568614959717, 'worst_Re_validation_joint': 158.77712855757485, 'macro_validation_joint': 85.36662245308209, 'complete': True, 'elapsed_seconds': 0.7316754329949617}
P GRU screen 10 1248 {'step': 400, 'K': 4, 'loss': 1.9070309400558472, 'gradient_norm': 0.514100193977356, 'worst_Re_validation_joint': 125.38062889977107, 'macro_validation_joint': 55.31328740876114, 'complete': True, 'elapsed_seconds': 2.239602289162576}
P GRU screen 10 1248 {'step': 600, 'K': 8, 'loss': 1.4225902557373047, 'gradient_norm': 0.5355857610702515, 'worst_Re_validation_joint': 90.42680444070443, 'macro_validation_joint': 36.507971807343495, 'complete': True, 'elapsed_seconds': 4.7441963804885745}
P GRU screen 10 1248 {'step': 800, 'K': 16, 'loss': 1.3349472284317017, 'gradient_norm': 0.5607540011405945, 'worst_Re_validation_joint': 64.58786877664336, 'macro_validation_joint': 26.21315895853904, 'complete': True, 'elapsed_seconds': 9.255588444881141}
P GRU screen 11 1248 {'step': 200, 'K': 1, 'loss': 0.7116280794143677, 'gradient_norm': 0.4345112144947052, 'worst_Re_validation_joint': 168.38225143693197, 'macro_validation_joint': 73.58660165056871, 'complete': True, 'elapsed_seconds': 0.7235053637996316}
P GRU screen 11 1248 {'step': 400, 'K': 4, 'loss': 0.34377601742744446, 'gradient_norm': 0.32098591327667236, 'worst_Re_validation_joint': 70.94457584846198, 'macro_validation_joint': 20.360017789994064, 'complete': True, 'elapsed_seconds': 2.215845849364996}
P GRU screen 11 1248 {'step': 600, 'K': 8, 'loss': 0.31262168288230896, 'gradient_norm': 0.29010578989982605, 'worst_Re_validation_joint': 55.36488321139979, 'macro_validation_joint': 15.126428871114285, 'complete': True, 'elapsed_seconds': 4.71346602961421}
P GRU screen 11 1248 {'step': 800, 'K': 16, 'loss': 0.30027589201927185, 'gradient_norm': 0.35670459270477295, 'worst_Re_validation_joint': 36.38049632957345, 'macro_validation_joint': 10.994859672914815, 'complete': True, 'elapsed_seconds': 9.21512211393565}
H LSTM formal 2 1248 {'step': 200, 'K': 1, 'loss': 0.17108523845672607, 'gradient_norm': 0.18065975606441498, 'worst_Re_validation_joint': 1.4388267818749856, 'macro_validation_joint': 1.3450060042847198, 'complete': True, 'elapsed_seconds': 0.6603859150782228}
H LSTM formal 2 1248 {'step': 400, 'K': 1, 'loss': 0.006336480379104614, 'gradient_norm': 0.04099416360259056, 'worst_Re_validation_joint': 1.6912240642930332, 'macro_validation_joint': 1.680514294113642, 'complete': True, 'elapsed_seconds': 1.3232983341440558}
H LSTM formal 2 1248 {'step': 600, 'K': 1, 'loss': 0.16167385876178741, 'gradient_norm': 0.23449216783046722, 'worst_Re_validation_joint': 1.2496762440077889, 'macro_validation_joint': 1.1197488966151932, 'complete': True, 'elapsed_seconds': 1.9826680840924382}
H LSTM formal 2 1248 {'step': 800, 'K': 1, 'loss': 0.27267226576805115, 'gradient_norm': 0.3281119465827942, 'worst_Re_validation_joint': 1.0963485373520765, 'macro_validation_joint': 0.969182983842827, 'complete': True, 'elapsed_seconds': 2.6451550284400582}
H LSTM formal 2 1248 {'step': 1000, 'K': 1, 'loss': 0.0016311418730765581, 'gradient_norm': 0.029860639944672585, 'worst_Re_validation_joint': 0.9075465284913365, 'macro_validation_joint': 0.746359719402057, 'complete': True, 'elapsed_seconds': 3.3067008825019}
H LSTM formal 2 1248 {'step': 1200, 'K': 4, 'loss': 0.04725160449743271, 'gradient_norm': 0.15582792460918427, 'worst_Re_validation_joint': 1.815362123259814, 'macro_validation_joint': 1.470315948671561, 'complete': True, 'elapsed_seconds': 4.602286593057215}
H LSTM formal 2 1248 {'step': 1400, 'K': 4, 'loss': 0.0028586455155164003, 'gradient_norm': 0.0675707459449768, 'worst_Re_validation_joint': 0.5655454335027893, 'macro_validation_joint': 0.5505150490888001, 'complete': True, 'elapsed_seconds': 5.894133597612381}
H LSTM formal 2 1248 {'step': 1600, 'K': 4, 'loss': 0.013303491286933422, 'gradient_norm': 0.07656495273113251, 'worst_Re_validation_joint': 0.33477332131765025, 'macro_validation_joint': 0.27967376853977716, 'complete': True, 'elapsed_seconds': 7.188190082088113}
H LSTM formal 2 1248 {'step': 1800, 'K': 4, 'loss': 0.0007682022987864912, 'gradient_norm': 0.01683172956109047, 'worst_Re_validation_joint': 0.331487697205962, 'macro_validation_joint': 0.33020819120428935, 'complete': True, 'elapsed_seconds': 8.480846084654331}
H LSTM formal 2 1248 {'step': 2000, 'K': 4, 'loss': 0.000912567600607872, 'gradient_norm': 0.023063091561198235, 'worst_Re_validation_joint': 0.4123954561378696, 'macro_validation_joint': 0.35021408775105306, 'complete': True, 'elapsed_seconds': 9.775083912536502}
H LSTM formal 2 1248 {'step': 2200, 'K': 8, 'loss': 0.11208251118659973, 'gradient_norm': 0.1296282559633255, 'worst_Re_validation_joint': 1.0694553943283065, 'macro_validation_joint': 0.9766053121435225, 'complete': True, 'elapsed_seconds': 11.886056239716709}
H LSTM formal 2 1248 {'step': 2400, 'K': 8, 'loss': 0.0011993151856586337, 'gradient_norm': 0.04018523544073105, 'worst_Re_validation_joint': 0.34489180717295315, 'macro_validation_joint': 0.32616835426003044, 'complete': True, 'elapsed_seconds': 13.989918127655983}
H LSTM formal 2 1248 {'step': 2600, 'K': 8, 'loss': 0.09317043423652649, 'gradient_norm': 0.10318529605865479, 'worst_Re_validation_joint': 0.26575169929990117, 'macro_validation_joint': 0.25484096015573615, 'complete': True, 'elapsed_seconds': 16.092783865518868}
H LSTM formal 2 1248 {'step': 2800, 'K': 8, 'loss': 0.020764945074915886, 'gradient_norm': 0.08733633160591125, 'worst_Re_validation_joint': 0.3034869397605056, 'macro_validation_joint': 0.27068774715802507, 'complete': True, 'elapsed_seconds': 18.200904703699052}
H LSTM formal 2 1248 {'step': 3000, 'K': 8, 'loss': 0.00323112471960485, 'gradient_norm': 0.058781132102012634, 'worst_Re_validation_joint': 0.4016183544950242, 'macro_validation_joint': 0.30171289574542776, 'complete': True, 'elapsed_seconds': 20.303709712810814}
H LSTM formal 2 1248 {'step': 3200, 'K': 16, 'loss': 0.002735902089625597, 'gradient_norm': 0.10947660356760025, 'worst_Re_validation_joint': 0.34576745805002224, 'macro_validation_joint': 0.2675037844483194, 'complete': True, 'elapsed_seconds': 24.042285985313356}
H LSTM formal 2 1248 {'step': 3400, 'K': 16, 'loss': 0.18966397643089294, 'gradient_norm': 0.2720332145690918, 'worst_Re_validation_joint': 0.4082793412228189, 'macro_validation_joint': 0.2937309896818401, 'complete': True, 'elapsed_seconds': 27.77317099738866}
H LSTM formal 2 1248 {'step': 3600, 'K': 16, 'loss': 0.0014052933547645807, 'gradient_norm': 0.05208670720458031, 'worst_Re_validation_joint': 0.3873737433045396, 'macro_validation_joint': 0.28561010771661927, 'complete': True, 'elapsed_seconds': 31.516452114097774}
H LSTM formal 2 1248 {'step': 3800, 'K': 16, 'loss': 0.002966304076835513, 'gradient_norm': 0.0596986785531044, 'worst_Re_validation_joint': 0.3195193374034689, 'macro_validation_joint': 0.22303200078866398, 'complete': True, 'elapsed_seconds': 35.25272352527827}
H LSTM formal 2 1248 {'step': 4000, 'K': 16, 'loss': 0.0012991203693673015, 'gradient_norm': 0.1048663780093193, 'worst_Re_validation_joint': 0.3736010087064901, 'macro_validation_joint': 0.24710092153646207, 'complete': True, 'elapsed_seconds': 38.994440712966025}
H LSTM formal 2 1600 {'step': 200, 'K': 1, 'loss': 0.01134440302848816, 'gradient_norm': 0.04405845329165459, 'worst_Re_validation_joint': 1.4358429801080288, 'macro_validation_joint': 1.3182366347795744, 'complete': True, 'elapsed_seconds': 0.6453273305669427}
H LSTM formal 2 1600 {'step': 400, 'K': 1, 'loss': 0.0043347920291125774, 'gradient_norm': 0.02670109085738659, 'worst_Re_validation_joint': 1.344212038872521, 'macro_validation_joint': 1.2010709420400478, 'complete': True, 'elapsed_seconds': 1.2938554231077433}
H LSTM formal 2 1600 {'step': 600, 'K': 1, 'loss': 0.0491599477827549, 'gradient_norm': 0.18572020530700684, 'worst_Re_validation_joint': 1.6028055461848154, 'macro_validation_joint': 1.2492541905295194, 'complete': True, 'elapsed_seconds': 1.941772204823792}
H LSTM formal 2 1600 {'step': 800, 'K': 1, 'loss': 0.0046378630213439465, 'gradient_norm': 0.04638097807765007, 'worst_Re_validation_joint': 1.0056520083255636, 'macro_validation_joint': 0.9812396498859107, 'complete': True, 'elapsed_seconds': 2.586133474484086}
H LSTM formal 2 1600 {'step': 1000, 'K': 1, 'loss': 0.006137090269476175, 'gradient_norm': 0.06056235358119011, 'worst_Re_validation_joint': 1.1763544460446629, 'macro_validation_joint': 0.9752114274977794, 'complete': True, 'elapsed_seconds': 3.234187537804246}
H LSTM formal 2 1600 {'step': 1200, 'K': 4, 'loss': 0.006264399737119675, 'gradient_norm': 0.06612712889909744, 'worst_Re_validation_joint': 0.6125480291365492, 'macro_validation_joint': 0.49639469421941174, 'complete': True, 'elapsed_seconds': 4.503618746995926}
H LSTM formal 2 1600 {'step': 1400, 'K': 4, 'loss': 0.0017637604614719748, 'gradient_norm': 0.031239265576004982, 'worst_Re_validation_joint': 0.5838596641776354, 'macro_validation_joint': 0.5033001902785675, 'complete': True, 'elapsed_seconds': 5.775040393695235}
H LSTM formal 2 1600 {'step': 1600, 'K': 4, 'loss': 0.03728540241718292, 'gradient_norm': 0.11954095959663391, 'worst_Re_validation_joint': 0.4817610901615441, 'macro_validation_joint': 0.45070317024322815, 'complete': True, 'elapsed_seconds': 7.040936539880931}
H LSTM formal 2 1600 {'step': 1800, 'K': 4, 'loss': 0.010604369454085827, 'gradient_norm': 0.06929931044578552, 'worst_Re_validation_joint': 0.30889962315092, 'macro_validation_joint': 0.25954002206566984, 'complete': True, 'elapsed_seconds': 8.314312192611396}
H LSTM formal 2 1600 {'step': 2000, 'K': 4, 'loss': 0.0010498565388843417, 'gradient_norm': 0.026695536449551582, 'worst_Re_validation_joint': 0.4067346230860265, 'macro_validation_joint': 0.32003593719509016, 'complete': True, 'elapsed_seconds': 9.607371714897454}
H LSTM formal 2 1600 {'step': 2200, 'K': 8, 'loss': 0.0052552009001374245, 'gradient_norm': 0.09312956780195236, 'worst_Re_validation_joint': 0.32115597469508356, 'macro_validation_joint': 0.31460186189048434, 'complete': True, 'elapsed_seconds': 11.807703382335603}
H LSTM formal 2 1600 {'step': 2400, 'K': 8, 'loss': 0.039863843470811844, 'gradient_norm': 0.1084882840514183, 'worst_Re_validation_joint': 0.2950141299856745, 'macro_validation_joint': 0.2807718299317571, 'complete': True, 'elapsed_seconds': 13.923475064337254}
H LSTM formal 2 1600 {'step': 2600, 'K': 8, 'loss': 0.5079723596572876, 'gradient_norm': 0.24844464659690857, 'worst_Re_validation_joint': 0.288755294976628, 'macro_validation_joint': 0.2507793686697728, 'complete': True, 'elapsed_seconds': 16.042587057687342}
H LSTM formal 2 1600 {'step': 2800, 'K': 8, 'loss': 0.0023551606573164463, 'gradient_norm': 0.035527702420949936, 'worst_Re_validation_joint': 0.27879293947657424, 'macro_validation_joint': 0.2253980099326381, 'complete': True, 'elapsed_seconds': 18.14759650733322}
H LSTM formal 2 1600 {'step': 3000, 'K': 8, 'loss': 0.0006610206328332424, 'gradient_norm': 0.028104323893785477, 'worst_Re_validation_joint': 0.4328598033635771, 'macro_validation_joint': 0.29659383107627696, 'complete': True, 'elapsed_seconds': 20.240111426450312}
H LSTM formal 2 1600 {'step': 3200, 'K': 16, 'loss': 0.006822460331022739, 'gradient_norm': 0.16619576513767242, 'worst_Re_validation_joint': 0.4202363831049462, 'macro_validation_joint': 0.39268989765112516, 'complete': True, 'elapsed_seconds': 23.982445924542844}
H LSTM formal 2 1600 {'step': 3400, 'K': 16, 'loss': 1.5319606065750122, 'gradient_norm': 0.34838515520095825, 'worst_Re_validation_joint': 0.34085957940905254, 'macro_validation_joint': 0.2533096045613325, 'complete': True, 'elapsed_seconds': 27.72322134487331}
H LSTM formal 2 1600 {'step': 3600, 'K': 16, 'loss': 0.006482203956693411, 'gradient_norm': 0.12749190628528595, 'worst_Re_validation_joint': 0.3628769031058073, 'macro_validation_joint': 0.24851355003167086, 'complete': True, 'elapsed_seconds': 31.462958989664912}
H LSTM formal 2 1600 {'step': 3800, 'K': 16, 'loss': 0.007959009148180485, 'gradient_norm': 0.0981188416481018, 'worst_Re_validation_joint': 0.32252397813225614, 'macro_validation_joint': 0.21692327628905217, 'complete': True, 'elapsed_seconds': 35.23567371908575}
H LSTM formal 2 1600 {'step': 4000, 'K': 16, 'loss': 0.038475152105093, 'gradient_norm': 0.10257459431886673, 'worst_Re_validation_joint': 0.3456824065060355, 'macro_validation_joint': 0.23215815698016723, 'complete': True, 'elapsed_seconds': 39.01196853816509}
H LSTM formal 2 2026 {'step': 200, 'K': 1, 'loss': 0.027668865397572517, 'gradient_norm': 0.06648921221494675, 'worst_Re_validation_joint': 2.3137858756191876, 'macro_validation_joint': 2.2312639287155447, 'complete': True, 'elapsed_seconds': 0.6508657904341817}
H LSTM formal 2 2026 {'step': 400, 'K': 1, 'loss': 0.03727276250720024, 'gradient_norm': 0.08720122277736664, 'worst_Re_validation_joint': 1.046768387259973, 'macro_validation_joint': 0.8801360383351917, 'complete': True, 'elapsed_seconds': 1.3053676225245}
H LSTM formal 2 2026 {'step': 600, 'K': 1, 'loss': 0.45376214385032654, 'gradient_norm': 0.4015377163887024, 'worst_Re_validation_joint': 1.7349360670198675, 'macro_validation_joint': 1.5736454511484272, 'complete': True, 'elapsed_seconds': 1.9606821713969111}
H LSTM formal 2 2026 {'step': 800, 'K': 1, 'loss': 0.0011676879366859794, 'gradient_norm': 0.02474876306951046, 'worst_Re_validation_joint': 1.5046828533368644, 'macro_validation_joint': 1.3709069826656142, 'complete': True, 'elapsed_seconds': 2.60926871933043}
H LSTM formal 2 2026 {'step': 1000, 'K': 1, 'loss': 0.003928742371499538, 'gradient_norm': 0.06630311906337738, 'worst_Re_validation_joint': 1.4782133211520112, 'macro_validation_joint': 1.2994167352829404, 'complete': True, 'elapsed_seconds': 3.2583290096372366}
H LSTM formal 2 2026 {'step': 1200, 'K': 4, 'loss': 0.4481017589569092, 'gradient_norm': 0.32392293214797974, 'worst_Re_validation_joint': 1.038514687298931, 'macro_validation_joint': 0.7938118027835793, 'complete': True, 'elapsed_seconds': 4.533631555736065}
H LSTM formal 2 2026 {'step': 1400, 'K': 4, 'loss': 0.006238539237529039, 'gradient_norm': 0.05198471248149872, 'worst_Re_validation_joint': 0.558596799746699, 'macro_validation_joint': 0.48425947869722574, 'complete': True, 'elapsed_seconds': 5.813118279911578}
H LSTM formal 2 2026 {'step': 1600, 'K': 4, 'loss': 0.010941334068775177, 'gradient_norm': 0.09117192029953003, 'worst_Re_validation_joint': 0.4532765515233685, 'macro_validation_joint': 0.3526124438817649, 'complete': True, 'elapsed_seconds': 7.093669786117971}
H LSTM formal 2 2026 {'step': 1800, 'K': 4, 'loss': 0.0021051056683063507, 'gradient_norm': 0.0418272465467453, 'worst_Re_validation_joint': 0.4595221392610216, 'macro_validation_joint': 0.3884565863162869, 'complete': True, 'elapsed_seconds': 8.374612432904541}
H LSTM formal 2 2026 {'step': 2000, 'K': 4, 'loss': 0.0016294217202812433, 'gradient_norm': 0.03499273955821991, 'worst_Re_validation_joint': 0.4867144959017285, 'macro_validation_joint': 0.42680265271448803, 'complete': True, 'elapsed_seconds': 9.666628195904195}
H LSTM formal 2 2026 {'step': 2200, 'K': 8, 'loss': 0.0949920266866684, 'gradient_norm': 0.2081248164176941, 'worst_Re_validation_joint': 0.7561478113476886, 'macro_validation_joint': 0.6821403293926663, 'complete': True, 'elapsed_seconds': 11.781226641498506}
H LSTM formal 2 2026 {'step': 2400, 'K': 8, 'loss': 0.013176415115594864, 'gradient_norm': 0.08428030461072922, 'worst_Re_validation_joint': 0.47717405334273494, 'macro_validation_joint': 0.42662016471983566, 'complete': True, 'elapsed_seconds': 13.892111607827246}
H LSTM formal 2 2026 {'step': 2600, 'K': 8, 'loss': 0.002855865051969886, 'gradient_norm': 0.06250270456075668, 'worst_Re_validation_joint': 0.43702416860712123, 'macro_validation_joint': 0.4217793242908432, 'complete': True, 'elapsed_seconds': 15.997773469425738}
H LSTM formal 2 2026 {'step': 2800, 'K': 8, 'loss': 0.0006452181842178106, 'gradient_norm': 0.02726050466299057, 'worst_Re_validation_joint': 0.39721068073476884, 'macro_validation_joint': 0.2699328402510586, 'complete': True, 'elapsed_seconds': 18.111501994542778}
H LSTM formal 2 2026 {'step': 3000, 'K': 8, 'loss': 0.004174044821411371, 'gradient_norm': 0.04850422218441963, 'worst_Re_validation_joint': 0.24542566301602467, 'macro_validation_joint': 0.18909112062758315, 'complete': True, 'elapsed_seconds': 20.22553690057248}
H LSTM formal 2 2026 {'step': 3200, 'K': 16, 'loss': 0.34821927547454834, 'gradient_norm': 0.3097318708896637, 'worst_Re_validation_joint': 0.3294438822001248, 'macro_validation_joint': 0.29125675480042684, 'complete': True, 'elapsed_seconds': 24.000991496257484}
H LSTM formal 2 2026 {'step': 3400, 'K': 16, 'loss': 0.00154296460095793, 'gradient_norm': 0.06380986422300339, 'worst_Re_validation_joint': 0.3401909020086918, 'macro_validation_joint': 0.24435674842357552, 'complete': True, 'elapsed_seconds': 27.757451699115336}
H LSTM formal 2 2026 {'step': 3600, 'K': 16, 'loss': 0.4593607187271118, 'gradient_norm': 0.2171282023191452, 'worst_Re_validation_joint': 0.2998323617597347, 'macro_validation_joint': 0.22546814950596467, 'complete': True, 'elapsed_seconds': 31.502901299856603}
H LSTM formal 2 2026 {'step': 3800, 'K': 16, 'loss': 0.6938447952270508, 'gradient_norm': 0.2244187444448471, 'worst_Re_validation_joint': 0.2860897789753807, 'macro_validation_joint': 0.19250107705608807, 'complete': True, 'elapsed_seconds': 35.25685603078455}
H LSTM formal 2 2026 {'step': 4000, 'K': 16, 'loss': 0.33408474922180176, 'gradient_norm': 0.1877429336309433, 'worst_Re_validation_joint': 0.2842455143223744, 'macro_validation_joint': 0.19724740173936356, 'complete': True, 'elapsed_seconds': 39.00256337132305}
H GRU formal 11 1248 {'step': 200, 'K': 1, 'loss': 0.1753641963005066, 'gradient_norm': 0.20987167954444885, 'worst_Re_validation_joint': 4.413678641986943, 'macro_validation_joint': 3.250768280758429, 'complete': True, 'elapsed_seconds': 0.7031234297901392}
H GRU formal 11 1248 {'step': 400, 'K': 1, 'loss': 0.011981192976236343, 'gradient_norm': 0.05185244232416153, 'worst_Re_validation_joint': 2.2881627441249144, 'macro_validation_joint': 1.4956070122007206, 'complete': True, 'elapsed_seconds': 1.411332331597805}
H GRU formal 11 1248 {'step': 600, 'K': 1, 'loss': 0.19798874855041504, 'gradient_norm': 0.24225646257400513, 'worst_Re_validation_joint': 1.9754091991428513, 'macro_validation_joint': 1.424270946104115, 'complete': True, 'elapsed_seconds': 2.118835771456361}
H GRU formal 11 1248 {'step': 800, 'K': 1, 'loss': 0.3579309284687042, 'gradient_norm': 0.36036166548728943, 'worst_Re_validation_joint': 2.1152947849936896, 'macro_validation_joint': 1.4072728745025018, 'complete': True, 'elapsed_seconds': 2.8261101469397545}
H GRU formal 11 1248 {'step': 1000, 'K': 1, 'loss': 0.009354745969176292, 'gradient_norm': 0.06280915439128876, 'worst_Re_validation_joint': 1.486404577286318, 'macro_validation_joint': 1.1273677313124504, 'complete': True, 'elapsed_seconds': 3.528673636727035}
H GRU formal 11 1248 {'step': 1200, 'K': 4, 'loss': 0.10102486610412598, 'gradient_norm': 0.33555734157562256, 'worst_Re_validation_joint': 0.9309045021264106, 'macro_validation_joint': 0.8188016883830647, 'complete': True, 'elapsed_seconds': 4.993095770478249}
H GRU formal 11 1248 {'step': 1400, 'K': 4, 'loss': 0.021277617663145065, 'gradient_norm': 0.14429156482219696, 'worst_Re_validation_joint': 0.8164191385319199, 'macro_validation_joint': 0.7082103298670974, 'complete': True, 'elapsed_seconds': 6.457667053677142}
H GRU formal 11 1248 {'step': 1600, 'K': 4, 'loss': 0.033940449357032776, 'gradient_norm': 0.12881174683570862, 'worst_Re_validation_joint': 0.6863679463657427, 'macro_validation_joint': 0.4559697829848765, 'complete': True, 'elapsed_seconds': 7.9225032068789005}
H GRU formal 11 1248 {'step': 1800, 'K': 4, 'loss': 0.007285755127668381, 'gradient_norm': 0.056599389761686325, 'worst_Re_validation_joint': 0.5311381103559967, 'macro_validation_joint': 0.45565776714073947, 'complete': True, 'elapsed_seconds': 9.389864985831082}
H GRU formal 11 1248 {'step': 2000, 'K': 4, 'loss': 0.010386965237557888, 'gradient_norm': 0.07337499409914017, 'worst_Re_validation_joint': 0.6753790261463939, 'macro_validation_joint': 0.4586182030044266, 'complete': True, 'elapsed_seconds': 10.858736151829362}
H GRU formal 11 1248 {'step': 2200, 'K': 8, 'loss': 0.15029917657375336, 'gradient_norm': 0.18143633008003235, 'worst_Re_validation_joint': 0.6011245498182609, 'macro_validation_joint': 0.45907809396372545, 'complete': True, 'elapsed_seconds': 13.322311466559768}
H GRU formal 11 1248 {'step': 2400, 'K': 8, 'loss': 0.014537950046360493, 'gradient_norm': 0.09620361775159836, 'worst_Re_validation_joint': 0.276334124605652, 'macro_validation_joint': 0.23944086422998678, 'complete': True, 'elapsed_seconds': 15.775061490014195}
H GRU formal 11 1248 {'step': 2600, 'K': 8, 'loss': 0.14450828731060028, 'gradient_norm': 0.1759328544139862, 'worst_Re_validation_joint': 0.3262030975801041, 'macro_validation_joint': 0.2761322562731887, 'complete': True, 'elapsed_seconds': 18.231774777173996}
H GRU formal 11 1248 {'step': 2800, 'K': 8, 'loss': 0.09434528648853302, 'gradient_norm': 0.3263908922672272, 'worst_Re_validation_joint': 0.2363003764544017, 'macro_validation_joint': 0.20843848508229612, 'complete': True, 'elapsed_seconds': 20.683708928525448}
H GRU formal 11 1248 {'step': 3000, 'K': 8, 'loss': 0.028470491990447044, 'gradient_norm': 0.1490682065486908, 'worst_Re_validation_joint': 0.22743715695059752, 'macro_validation_joint': 0.19944986145052612, 'complete': True, 'elapsed_seconds': 23.14024542272091}
H GRU formal 11 1248 {'step': 3200, 'K': 16, 'loss': 0.03134800121188164, 'gradient_norm': 0.2223581224679947, 'worst_Re_validation_joint': 0.27509909210090444, 'macro_validation_joint': 0.23094678284684217, 'complete': True, 'elapsed_seconds': 27.599491398781538}
H GRU formal 11 1248 {'step': 3400, 'K': 16, 'loss': 0.28613221645355225, 'gradient_norm': 0.3768414855003357, 'worst_Re_validation_joint': 0.2331450268064527, 'macro_validation_joint': 0.2020419723492954, 'complete': True, 'elapsed_seconds': 32.05183004774153}
H GRU formal 11 1248 {'step': 3600, 'K': 16, 'loss': 0.01129249855875969, 'gradient_norm': 0.1400047242641449, 'worst_Re_validation_joint': 0.20785095766673378, 'macro_validation_joint': 0.19063697887533337, 'complete': True, 'elapsed_seconds': 36.498077172786}
H GRU formal 11 1248 {'step': 3800, 'K': 16, 'loss': 0.03136049211025238, 'gradient_norm': 0.1977538913488388, 'worst_Re_validation_joint': 0.26047040315665143, 'macro_validation_joint': 0.22941131813365415, 'complete': True, 'elapsed_seconds': 40.94656484387815}
H GRU formal 11 1248 {'step': 4000, 'K': 16, 'loss': 0.016870716586709023, 'gradient_norm': 0.11955759674310684, 'worst_Re_validation_joint': 0.2002577187422411, 'macro_validation_joint': 0.19382478958140167, 'complete': True, 'elapsed_seconds': 45.3885250268504}
H GRU formal 11 1600 {'step': 200, 'K': 1, 'loss': 0.021039500832557678, 'gradient_norm': 0.09824442118406296, 'worst_Re_validation_joint': 3.3329379435811046, 'macro_validation_joint': 2.627825517035614, 'complete': True, 'elapsed_seconds': 0.7016196651384234}
H GRU formal 11 1600 {'step': 400, 'K': 1, 'loss': 0.010301773436367512, 'gradient_norm': 0.05047956854104996, 'worst_Re_validation_joint': 1.9955333899992123, 'macro_validation_joint': 1.749241956187843, 'complete': True, 'elapsed_seconds': 1.4080946072936058}
H GRU formal 11 1600 {'step': 600, 'K': 1, 'loss': 0.06817346811294556, 'gradient_norm': 0.25603970885276794, 'worst_Re_validation_joint': 2.16026439288586, 'macro_validation_joint': 1.5273802165006665, 'complete': True, 'elapsed_seconds': 2.116419143974781}
H GRU formal 11 1600 {'step': 800, 'K': 1, 'loss': 0.013241400942206383, 'gradient_norm': 0.06323177367448807, 'worst_Re_validation_joint': 0.9855016462210018, 'macro_validation_joint': 0.9028835348043236, 'complete': True, 'elapsed_seconds': 2.8228479474782944}
H GRU formal 11 1600 {'step': 1000, 'K': 1, 'loss': 0.02090868353843689, 'gradient_norm': 0.10777988284826279, 'worst_Re_validation_joint': 1.058994063998058, 'macro_validation_joint': 0.9035863404239847, 'complete': True, 'elapsed_seconds': 3.5327727645635605}
H GRU formal 11 1600 {'step': 1200, 'K': 4, 'loss': 0.03747916966676712, 'gradient_norm': 0.2566591799259186, 'worst_Re_validation_joint': 1.512475780390492, 'macro_validation_joint': 1.2780669636126696, 'complete': True, 'elapsed_seconds': 4.991367022506893}
H GRU formal 11 1600 {'step': 1400, 'K': 4, 'loss': 0.010467326268553734, 'gradient_norm': 0.06860212236642838, 'worst_Re_validation_joint': 0.890198335759259, 'macro_validation_joint': 0.7577584336312522, 'complete': True, 'elapsed_seconds': 6.453650562092662}
H GRU formal 11 1600 {'step': 1600, 'K': 4, 'loss': 0.06774601340293884, 'gradient_norm': 0.22125904262065887, 'worst_Re_validation_joint': 0.7170016703529151, 'macro_validation_joint': 0.5907354082673062, 'complete': True, 'elapsed_seconds': 7.927647897973657}
H GRU formal 11 1600 {'step': 1800, 'K': 4, 'loss': 0.04401661455631256, 'gradient_norm': 0.2388148307800293, 'worst_Re_validation_joint': 0.4240575290587274, 'macro_validation_joint': 0.3806354890554915, 'complete': True, 'elapsed_seconds': 9.403580449521542}
H GRU formal 11 1600 {'step': 2000, 'K': 4, 'loss': 0.011452998965978622, 'gradient_norm': 0.09264694154262543, 'worst_Re_validation_joint': 0.5797033207766619, 'macro_validation_joint': 0.44892892894961733, 'complete': True, 'elapsed_seconds': 10.877303240820765}
H GRU formal 11 1600 {'step': 2200, 'K': 8, 'loss': 0.029330620542168617, 'gradient_norm': 0.1770440936088562, 'worst_Re_validation_joint': 0.28198276004541695, 'macro_validation_joint': 0.2780598745750649, 'complete': True, 'elapsed_seconds': 13.370580329559743}
H GRU formal 11 1600 {'step': 2400, 'K': 8, 'loss': 0.10495883971452713, 'gradient_norm': 0.3029884994029999, 'worst_Re_validation_joint': 0.3013423785366361, 'macro_validation_joint': 0.27908368016465124, 'complete': True, 'elapsed_seconds': 15.849842699244618}
H GRU formal 11 1600 {'step': 2600, 'K': 8, 'loss': 0.624854564666748, 'gradient_norm': 0.46648767590522766, 'worst_Re_validation_joint': 0.28767469239401106, 'macro_validation_joint': 0.2593752429168828, 'complete': True, 'elapsed_seconds': 18.32055097259581}
H GRU formal 11 1600 {'step': 2800, 'K': 8, 'loss': 0.016189081594347954, 'gradient_norm': 0.10356821864843369, 'worst_Re_validation_joint': 0.3936630173942904, 'macro_validation_joint': 0.303590120492156, 'complete': True, 'elapsed_seconds': 20.785615258850157}
H GRU formal 11 1600 {'step': 3000, 'K': 8, 'loss': 0.006529603619128466, 'gradient_norm': 0.04117518290877342, 'worst_Re_validation_joint': 0.2629774428428648, 'macro_validation_joint': 0.23842169306493088, 'complete': True, 'elapsed_seconds': 23.252836010418832}
H GRU formal 11 1600 {'step': 3200, 'K': 16, 'loss': 0.06732609868049622, 'gradient_norm': 0.47886693477630615, 'worst_Re_validation_joint': 0.2554395990069772, 'macro_validation_joint': 0.24684682327929874, 'complete': True, 'elapsed_seconds': 27.731840416789055}
H GRU formal 11 1600 {'step': 3400, 'K': 16, 'loss': 1.747903823852539, 'gradient_norm': 0.8776916265487671, 'worst_Re_validation_joint': 0.26017587997297004, 'macro_validation_joint': 0.2493833519420643, 'complete': True, 'elapsed_seconds': 32.16617323644459}
H GRU formal 11 1600 {'step': 3600, 'K': 16, 'loss': 0.06859961897134781, 'gradient_norm': 0.48715198040008545, 'worst_Re_validation_joint': 0.2630761899774436, 'macro_validation_joint': 0.2473016395225749, 'complete': True, 'elapsed_seconds': 36.59645597264171}
H GRU formal 11 1600 {'step': 3800, 'K': 16, 'loss': 0.04982372745871544, 'gradient_norm': 0.21977676451206207, 'worst_Re_validation_joint': 0.25016449727211115, 'macro_validation_joint': 0.23327064830993582, 'complete': True, 'elapsed_seconds': 41.02634235844016}
H GRU formal 11 1600 {'step': 4000, 'K': 16, 'loss': 0.07771848887205124, 'gradient_norm': 0.21402648091316223, 'worst_Re_validation_joint': 0.2259554328733264, 'macro_validation_joint': 0.20208079071151136, 'complete': True, 'elapsed_seconds': 45.478310849517584}
H GRU formal 11 2026 {'step': 200, 'K': 1, 'loss': 0.04545173794031143, 'gradient_norm': 0.13271239399909973, 'worst_Re_validation_joint': 2.0889741305052634, 'macro_validation_joint': 2.039906990367493, 'complete': True, 'elapsed_seconds': 0.7026590788736939}
H GRU formal 11 2026 {'step': 400, 'K': 1, 'loss': 0.05803602561354637, 'gradient_norm': 0.13260984420776367, 'worst_Re_validation_joint': 1.177259240615901, 'macro_validation_joint': 0.9616547383285663, 'complete': True, 'elapsed_seconds': 1.411200238391757}
H GRU formal 11 2026 {'step': 600, 'K': 1, 'loss': 0.48888683319091797, 'gradient_norm': 0.36569151282310486, 'worst_Re_validation_joint': 1.2939875691423541, 'macro_validation_joint': 1.0776946850037854, 'complete': True, 'elapsed_seconds': 2.127084550447762}
H GRU formal 11 2026 {'step': 800, 'K': 1, 'loss': 0.004452971275895834, 'gradient_norm': 0.02978481538593769, 'worst_Re_validation_joint': 2.003751778828674, 'macro_validation_joint': 1.4361958562784227, 'complete': True, 'elapsed_seconds': 2.836506921797991}
H GRU formal 11 2026 {'step': 1000, 'K': 1, 'loss': 0.021309200674295425, 'gradient_norm': 0.10889799892902374, 'worst_Re_validation_joint': 1.6662679287516593, 'macro_validation_joint': 1.398907650874826, 'complete': True, 'elapsed_seconds': 3.550778118893504}
H GRU formal 11 2026 {'step': 1200, 'K': 4, 'loss': 0.5563532710075378, 'gradient_norm': 0.419533371925354, 'worst_Re_validation_joint': 1.1215503469914168, 'macro_validation_joint': 0.8618101748289796, 'complete': True, 'elapsed_seconds': 5.025815425440669}
H GRU formal 11 2026 {'step': 1400, 'K': 4, 'loss': 0.029339058324694633, 'gradient_norm': 0.15468521416187286, 'worst_Re_validation_joint': 0.7835584210309058, 'macro_validation_joint': 0.6444481013555559, 'complete': True, 'elapsed_seconds': 6.500996563583612}
H GRU formal 11 2026 {'step': 1600, 'K': 4, 'loss': 0.047869931906461716, 'gradient_norm': 0.2086937427520752, 'worst_Re_validation_joint': 0.43243386574581305, 'macro_validation_joint': 0.40537905368669885, 'complete': True, 'elapsed_seconds': 7.973902576602995}
H GRU formal 11 2026 {'step': 1800, 'K': 4, 'loss': 0.02709733322262764, 'gradient_norm': 0.16759836673736572, 'worst_Re_validation_joint': 0.7676717834592036, 'macro_validation_joint': 0.5993847696120402, 'complete': True, 'elapsed_seconds': 9.44690073095262}
H GRU formal 11 2026 {'step': 2000, 'K': 4, 'loss': 0.017451146617531776, 'gradient_norm': 0.11521340906620026, 'worst_Re_validation_joint': 0.6043133553309747, 'macro_validation_joint': 0.48468057546330623, 'complete': True, 'elapsed_seconds': 10.91611248999834}
H GRU formal 11 2026 {'step': 2200, 'K': 8, 'loss': 0.16447143256664276, 'gradient_norm': 0.33770301938056946, 'worst_Re_validation_joint': 0.37946748631190985, 'macro_validation_joint': 0.37077739104696894, 'complete': True, 'elapsed_seconds': 13.383041182532907}
H GRU formal 11 2026 {'step': 2400, 'K': 8, 'loss': 0.07024304568767548, 'gradient_norm': 0.3342183828353882, 'worst_Re_validation_joint': 0.3466046427500255, 'macro_validation_joint': 0.2890527044405471, 'complete': True, 'elapsed_seconds': 15.851086941547692}
H GRU formal 11 2026 {'step': 2600, 'K': 8, 'loss': 0.030823614448308945, 'gradient_norm': 0.19720090925693512, 'worst_Re_validation_joint': 0.24559341171985807, 'macro_validation_joint': 0.22625023135662464, 'complete': True, 'elapsed_seconds': 18.32132806815207}
H GRU formal 11 2026 {'step': 2800, 'K': 8, 'loss': 0.008166938088834286, 'gradient_norm': 0.05871344730257988, 'worst_Re_validation_joint': 0.2122434610385904, 'macro_validation_joint': 0.20728056635786787, 'complete': True, 'elapsed_seconds': 20.806788744404912}
H GRU formal 11 2026 {'step': 3000, 'K': 8, 'loss': 0.0430578738451004, 'gradient_norm': 0.1986265480518341, 'worst_Re_validation_joint': 0.23842756806154677, 'macro_validation_joint': 0.21950845437004346, 'complete': True, 'elapsed_seconds': 23.336994935758412}
H GRU formal 11 2026 {'step': 3200, 'K': 16, 'loss': 0.4703691899776459, 'gradient_norm': 0.6577642560005188, 'worst_Re_validation_joint': 0.32926971359677754, 'macro_validation_joint': 0.2774438281403929, 'complete': True, 'elapsed_seconds': 27.782797809690237}
H GRU formal 11 2026 {'step': 3400, 'K': 16, 'loss': 0.01938609778881073, 'gradient_norm': 0.14770729839801788, 'worst_Re_validation_joint': 0.36799398478211315, 'macro_validation_joint': 0.3584137979326532, 'complete': True, 'elapsed_seconds': 32.223964975215495}
H GRU formal 11 2026 {'step': 3600, 'K': 16, 'loss': 0.5746049880981445, 'gradient_norm': 0.7110801935195923, 'worst_Re_validation_joint': 0.2901134611499773, 'macro_validation_joint': 0.27423697734135644, 'complete': True, 'elapsed_seconds': 36.66614267695695}
H GRU formal 11 2026 {'step': 3800, 'K': 16, 'loss': 0.8155582547187805, 'gradient_norm': 0.36434611678123474, 'worst_Re_validation_joint': 0.22703741916518236, 'macro_validation_joint': 0.20347255097415984, 'complete': True, 'elapsed_seconds': 41.110849568620324}
H GRU formal 11 2026 {'step': 4000, 'K': 16, 'loss': 0.422476202249527, 'gradient_norm': 0.4052071273326874, 'worst_Re_validation_joint': 0.22909748291532792, 'macro_validation_joint': 0.19313074416884737, 'complete': True, 'elapsed_seconds': 45.56386173516512}
P LSTM formal 8 1248 {'step': 200, 'K': 1, 'loss': 0.5609726309776306, 'gradient_norm': 0.32442981004714966, 'worst_Re_validation_joint': 54.60343503990489, 'macro_validation_joint': 26.51820856365188, 'complete': True, 'elapsed_seconds': 0.6672947779297829}
P LSTM formal 8 1248 {'step': 400, 'K': 1, 'loss': 0.19467774033546448, 'gradient_norm': 0.19652587175369263, 'worst_Re_validation_joint': 44.055280841754154, 'macro_validation_joint': 21.122258509999458, 'complete': True, 'elapsed_seconds': 1.3383267177268863}
P LSTM formal 8 1248 {'step': 600, 'K': 1, 'loss': 0.16683556139469147, 'gradient_norm': 0.18999606370925903, 'worst_Re_validation_joint': 45.38917054548387, 'macro_validation_joint': 19.961466605739876, 'complete': True, 'elapsed_seconds': 2.0109983012080193}
P LSTM formal 8 1248 {'step': 800, 'K': 1, 'loss': 0.12142205983400345, 'gradient_norm': 0.17654022574424744, 'worst_Re_validation_joint': 48.57506267392291, 'macro_validation_joint': 18.938176782373628, 'complete': True, 'elapsed_seconds': 2.6851561525836587}
P LSTM formal 8 1248 {'step': 1000, 'K': 1, 'loss': 0.13586923480033875, 'gradient_norm': 0.18343758583068848, 'worst_Re_validation_joint': 39.04378702275431, 'macro_validation_joint': 15.869469402511257, 'complete': True, 'elapsed_seconds': 3.365257958881557}
P LSTM formal 8 1248 {'step': 1200, 'K': 4, 'loss': 0.19820593297481537, 'gradient_norm': 0.24407972395420074, 'worst_Re_validation_joint': 37.31520307020522, 'macro_validation_joint': 13.344565974607255, 'complete': True, 'elapsed_seconds': 4.700480434112251}
P LSTM formal 8 1248 {'step': 1400, 'K': 4, 'loss': 0.1552247554063797, 'gradient_norm': 0.17617039382457733, 'worst_Re_validation_joint': 34.357897185721065, 'macro_validation_joint': 13.55397239167245, 'complete': True, 'elapsed_seconds': 6.035017508082092}
P LSTM formal 8 1248 {'step': 1600, 'K': 4, 'loss': 0.1527201533317566, 'gradient_norm': 0.18464863300323486, 'worst_Re_validation_joint': 31.49542795934887, 'macro_validation_joint': 12.999315839258019, 'complete': True, 'elapsed_seconds': 7.36145730689168}
P LSTM formal 8 1248 {'step': 1800, 'K': 4, 'loss': 0.13521334528923035, 'gradient_norm': 0.1580045074224472, 'worst_Re_validation_joint': 30.200570003704645, 'macro_validation_joint': 11.495239091428836, 'complete': True, 'elapsed_seconds': 8.683831385336816}
P LSTM formal 8 1248 {'step': 2000, 'K': 4, 'loss': 0.1643819808959961, 'gradient_norm': 0.21679402887821198, 'worst_Re_validation_joint': 29.95109243045408, 'macro_validation_joint': 11.511314060766964, 'complete': True, 'elapsed_seconds': 10.001617103815079}
P LSTM formal 8 1248 {'step': 2200, 'K': 8, 'loss': 0.15385034680366516, 'gradient_norm': 0.18872393667697906, 'worst_Re_validation_joint': 27.33107734842119, 'macro_validation_joint': 9.593392228052641, 'complete': True, 'elapsed_seconds': 12.176304139196873}
P LSTM formal 8 1248 {'step': 2400, 'K': 8, 'loss': 0.14554786682128906, 'gradient_norm': 0.2055729329586029, 'worst_Re_validation_joint': 29.52918077626489, 'macro_validation_joint': 9.36586942139708, 'complete': True, 'elapsed_seconds': 14.353268812410533}
P LSTM formal 8 1248 {'step': 2600, 'K': 8, 'loss': 0.1418120563030243, 'gradient_norm': 0.21091850101947784, 'worst_Re_validation_joint': 28.92029201870551, 'macro_validation_joint': 8.972029325383996, 'complete': True, 'elapsed_seconds': 16.531581833027303}
P LSTM formal 8 1248 {'step': 2800, 'K': 8, 'loss': 0.13309088349342346, 'gradient_norm': 0.15651455521583557, 'worst_Re_validation_joint': 28.70266687479686, 'macro_validation_joint': 9.154278724339791, 'complete': True, 'elapsed_seconds': 18.716968435794115}
P LSTM formal 8 1248 {'step': 3000, 'K': 8, 'loss': 0.16395385563373566, 'gradient_norm': 0.24310186505317688, 'worst_Re_validation_joint': 28.135053522674752, 'macro_validation_joint': 8.091699912429728, 'complete': True, 'elapsed_seconds': 20.904927882365882}
P LSTM formal 8 1248 {'step': 3200, 'K': 16, 'loss': 0.14878039062023163, 'gradient_norm': 0.532598614692688, 'worst_Re_validation_joint': 26.2446978644633, 'macro_validation_joint': 7.635784705700112, 'complete': True, 'elapsed_seconds': 24.828203701414168}
P LSTM formal 8 1248 {'step': 3400, 'K': 16, 'loss': 0.14000429213047028, 'gradient_norm': 0.44725316762924194, 'worst_Re_validation_joint': 26.45140625401415, 'macro_validation_joint': 7.874909120491542, 'complete': True, 'elapsed_seconds': 28.724527532234788}
P LSTM formal 8 1248 {'step': 3600, 'K': 16, 'loss': 0.12990106642246246, 'gradient_norm': 0.26266640424728394, 'worst_Re_validation_joint': 25.828234817856526, 'macro_validation_joint': 7.163946355639468, 'complete': True, 'elapsed_seconds': 32.61560380924493}
P LSTM formal 8 1248 {'step': 3800, 'K': 16, 'loss': 0.14441558718681335, 'gradient_norm': 0.3355644941329956, 'worst_Re_validation_joint': 26.254152753868706, 'macro_validation_joint': 6.947198106346872, 'complete': True, 'elapsed_seconds': 36.51122149452567}
P LSTM formal 8 1248 {'step': 4000, 'K': 16, 'loss': 0.16286568343639374, 'gradient_norm': 0.25420787930488586, 'worst_Re_validation_joint': 26.139449888624437, 'macro_validation_joint': 7.221603752121587, 'complete': True, 'elapsed_seconds': 40.37758553028107}
P LSTM formal 8 1600 {'step': 200, 'K': 1, 'loss': 0.3793852925300598, 'gradient_norm': 0.28628942370414734, 'worst_Re_validation_joint': 38.24957920881382, 'macro_validation_joint': 25.52850066592313, 'complete': True, 'elapsed_seconds': 0.6678937803953886}
P LSTM formal 8 1600 {'step': 400, 'K': 1, 'loss': 0.2560311555862427, 'gradient_norm': 0.22604984045028687, 'worst_Re_validation_joint': 47.08940706155516, 'macro_validation_joint': 22.115443579765184, 'complete': True, 'elapsed_seconds': 1.3387715900316834}
P LSTM formal 8 1600 {'step': 600, 'K': 1, 'loss': 0.1472059041261673, 'gradient_norm': 0.19170187413692474, 'worst_Re_validation_joint': 42.041987238151506, 'macro_validation_joint': 18.637254834392845, 'complete': True, 'elapsed_seconds': 2.0066333124414086}
P LSTM formal 8 1600 {'step': 800, 'K': 1, 'loss': 0.16635358333587646, 'gradient_norm': 0.2226172238588333, 'worst_Re_validation_joint': 39.7097395415887, 'macro_validation_joint': 17.713228677567656, 'complete': True, 'elapsed_seconds': 2.675012028776109}
P LSTM formal 8 1600 {'step': 1000, 'K': 1, 'loss': 0.12337464839220047, 'gradient_norm': 0.17942604422569275, 'worst_Re_validation_joint': 37.951562215938466, 'macro_validation_joint': 16.1812049239848, 'complete': True, 'elapsed_seconds': 3.3429507398977876}
P LSTM formal 8 1600 {'step': 1200, 'K': 4, 'loss': 0.37307924032211304, 'gradient_norm': 0.38659703731536865, 'worst_Re_validation_joint': 37.39570644280763, 'macro_validation_joint': 15.323270440735607, 'complete': True, 'elapsed_seconds': 4.662457621656358}
P LSTM formal 8 1600 {'step': 1400, 'K': 4, 'loss': 0.13118886947631836, 'gradient_norm': 0.16094228625297546, 'worst_Re_validation_joint': 36.812857964831345, 'macro_validation_joint': 16.380737472445013, 'complete': True, 'elapsed_seconds': 5.981640706770122}
P LSTM formal 8 1600 {'step': 1600, 'K': 4, 'loss': 0.24028639495372772, 'gradient_norm': 0.29998779296875, 'worst_Re_validation_joint': 33.6093972602676, 'macro_validation_joint': 13.229231126763663, 'complete': True, 'elapsed_seconds': 7.298985728062689}
P LSTM formal 8 1600 {'step': 1800, 'K': 4, 'loss': 0.14129941165447235, 'gradient_norm': 0.18758945167064667, 'worst_Re_validation_joint': 32.796504798834526, 'macro_validation_joint': 12.317201238482305, 'complete': True, 'elapsed_seconds': 8.614592413417995}
P LSTM formal 8 1600 {'step': 2000, 'K': 4, 'loss': 0.16406966745853424, 'gradient_norm': 0.2261335551738739, 'worst_Re_validation_joint': 34.570763877014876, 'macro_validation_joint': 11.802760163439203, 'complete': True, 'elapsed_seconds': 9.92788684181869}
P LSTM formal 8 1600 {'step': 2200, 'K': 8, 'loss': 0.13195158541202545, 'gradient_norm': 0.18907836079597473, 'worst_Re_validation_joint': 30.97492421505191, 'macro_validation_joint': 10.375366324501135, 'complete': True, 'elapsed_seconds': 12.093859245069325}
P LSTM formal 8 1600 {'step': 2400, 'K': 8, 'loss': 0.1340337097644806, 'gradient_norm': 0.19209177792072296, 'worst_Re_validation_joint': 34.59816197477524, 'macro_validation_joint': 10.601061337618757, 'complete': True, 'elapsed_seconds': 14.262065482325852}
P LSTM formal 8 1600 {'step': 2600, 'K': 8, 'loss': 0.15581868588924408, 'gradient_norm': 0.23950588703155518, 'worst_Re_validation_joint': 30.127219397853963, 'macro_validation_joint': 9.52878623699315, 'complete': True, 'elapsed_seconds': 16.444058211520314}
P LSTM formal 8 1600 {'step': 2800, 'K': 8, 'loss': 0.16187652945518494, 'gradient_norm': 0.24061338603496552, 'worst_Re_validation_joint': 29.206855875562677, 'macro_validation_joint': 8.930672622535374, 'complete': True, 'elapsed_seconds': 18.621766705065966}
P LSTM formal 8 1600 {'step': 3000, 'K': 8, 'loss': 0.13617300987243652, 'gradient_norm': 0.19189400970935822, 'worst_Re_validation_joint': 29.848066772710563, 'macro_validation_joint': 8.593510916925302, 'complete': True, 'elapsed_seconds': 20.790469769388437}
P LSTM formal 8 1600 {'step': 3200, 'K': 16, 'loss': 0.13678531348705292, 'gradient_norm': 0.25490912795066833, 'worst_Re_validation_joint': 27.833547924638072, 'macro_validation_joint': 8.213085556192194, 'complete': True, 'elapsed_seconds': 24.686997952871025}
P LSTM formal 8 1600 {'step': 3400, 'K': 16, 'loss': 0.14549711346626282, 'gradient_norm': 0.35649988055229187, 'worst_Re_validation_joint': 30.51646676793834, 'macro_validation_joint': 8.20349705058271, 'complete': True, 'elapsed_seconds': 28.60413999669254}
P LSTM formal 8 1600 {'step': 3600, 'K': 16, 'loss': 0.14582346379756927, 'gradient_norm': 0.38282230496406555, 'worst_Re_validation_joint': 25.709507180576832, 'macro_validation_joint': 6.474734594488509, 'complete': True, 'elapsed_seconds': 32.50032676011324}
P LSTM formal 8 1600 {'step': 3800, 'K': 16, 'loss': 0.139112651348114, 'gradient_norm': 0.6994876265525818, 'worst_Re_validation_joint': 23.48490750548511, 'macro_validation_joint': 6.516901853623406, 'complete': True, 'elapsed_seconds': 36.39933321159333}
P LSTM formal 8 1600 {'step': 4000, 'K': 16, 'loss': 0.14855235815048218, 'gradient_norm': 0.3854954242706299, 'worst_Re_validation_joint': 23.46784724597133, 'macro_validation_joint': 6.095364605322023, 'complete': True, 'elapsed_seconds': 40.300310572609305}
P LSTM formal 8 2026 {'step': 200, 'K': 1, 'loss': 0.5191105008125305, 'gradient_norm': 0.33604559302330017, 'worst_Re_validation_joint': 52.34740437981733, 'macro_validation_joint': 25.838124384699615, 'complete': True, 'elapsed_seconds': 0.6750454222783446}
P LSTM formal 8 2026 {'step': 400, 'K': 1, 'loss': 0.18537844717502594, 'gradient_norm': 0.20511214435100555, 'worst_Re_validation_joint': 41.171474382574246, 'macro_validation_joint': 19.569433233402208, 'complete': True, 'elapsed_seconds': 1.3522463701665401}
P LSTM formal 8 2026 {'step': 600, 'K': 1, 'loss': 0.1526624858379364, 'gradient_norm': 0.19678492844104767, 'worst_Re_validation_joint': 35.824007506962595, 'macro_validation_joint': 16.27401491873469, 'complete': True, 'elapsed_seconds': 2.029192764312029}
P LSTM formal 8 2026 {'step': 800, 'K': 1, 'loss': 0.14373530447483063, 'gradient_norm': 0.1854487955570221, 'worst_Re_validation_joint': 39.07715562052846, 'macro_validation_joint': 15.868042114018024, 'complete': True, 'elapsed_seconds': 2.705487398430705}
P LSTM formal 8 2026 {'step': 1000, 'K': 1, 'loss': 0.15054933726787567, 'gradient_norm': 0.20400239527225494, 'worst_Re_validation_joint': 33.43050655351865, 'macro_validation_joint': 14.610696287814285, 'complete': True, 'elapsed_seconds': 3.3786400984972715}
P LSTM formal 8 2026 {'step': 1200, 'K': 4, 'loss': 0.2396046668291092, 'gradient_norm': 0.28157010674476624, 'worst_Re_validation_joint': 33.946018032552196, 'macro_validation_joint': 13.5962803592014, 'complete': True, 'elapsed_seconds': 4.7077148957178}
P LSTM formal 8 2026 {'step': 1400, 'K': 4, 'loss': 0.20056286454200745, 'gradient_norm': 0.25960561633110046, 'worst_Re_validation_joint': 32.65118894438692, 'macro_validation_joint': 14.026406318400936, 'complete': True, 'elapsed_seconds': 6.033523377031088}
P LSTM formal 8 2026 {'step': 1600, 'K': 4, 'loss': 0.14206594228744507, 'gradient_norm': 0.18078601360321045, 'worst_Re_validation_joint': 33.025411769531594, 'macro_validation_joint': 14.059941827467776, 'complete': True, 'elapsed_seconds': 7.36275242920965}
P LSTM formal 8 2026 {'step': 1800, 'K': 4, 'loss': 0.15533693134784698, 'gradient_norm': 0.18717677891254425, 'worst_Re_validation_joint': 32.79313207858987, 'macro_validation_joint': 11.280076447437935, 'complete': True, 'elapsed_seconds': 8.688201989978552}
P LSTM formal 8 2026 {'step': 2000, 'K': 4, 'loss': 0.25034382939338684, 'gradient_norm': 0.31103944778442383, 'worst_Re_validation_joint': 31.78323971201517, 'macro_validation_joint': 11.850981082230211, 'complete': True, 'elapsed_seconds': 10.013432842679322}
P LSTM formal 8 2026 {'step': 2200, 'K': 8, 'loss': 0.16115637123584747, 'gradient_norm': 0.21725322306156158, 'worst_Re_validation_joint': 27.42998800804493, 'macro_validation_joint': 9.404223557208093, 'complete': True, 'elapsed_seconds': 12.201972287148237}
P LSTM formal 8 2026 {'step': 2400, 'K': 8, 'loss': 0.173241525888443, 'gradient_norm': 0.27027884125709534, 'worst_Re_validation_joint': 31.388740561978796, 'macro_validation_joint': 10.87055709599614, 'complete': True, 'elapsed_seconds': 14.388447357341647}
P LSTM formal 8 2026 {'step': 2600, 'K': 8, 'loss': 0.13986821472644806, 'gradient_norm': 0.2264977991580963, 'worst_Re_validation_joint': 27.54836395016586, 'macro_validation_joint': 8.00445016947633, 'complete': True, 'elapsed_seconds': 16.571070891804993}
P LSTM formal 8 2026 {'step': 2800, 'K': 8, 'loss': 0.17285951972007751, 'gradient_norm': 0.28331443667411804, 'worst_Re_validation_joint': 30.306332807047834, 'macro_validation_joint': 8.980833279472279, 'complete': True, 'elapsed_seconds': 18.770659832283854}
P LSTM formal 8 2026 {'step': 3000, 'K': 8, 'loss': 0.16289666295051575, 'gradient_norm': 0.2581094801425934, 'worst_Re_validation_joint': 28.834321145434348, 'macro_validation_joint': 8.550803850073047, 'complete': True, 'elapsed_seconds': 20.97418835759163}
P LSTM formal 8 2026 {'step': 3200, 'K': 16, 'loss': 0.20141419768333435, 'gradient_norm': 0.466235876083374, 'worst_Re_validation_joint': 28.192911945524724, 'macro_validation_joint': 7.4267315003063565, 'complete': True, 'elapsed_seconds': 24.922360907308757}
P LSTM formal 8 2026 {'step': 3400, 'K': 16, 'loss': 0.1716029793024063, 'gradient_norm': 0.4919586777687073, 'worst_Re_validation_joint': 26.850155661946136, 'macro_validation_joint': 7.56937220633646, 'complete': True, 'elapsed_seconds': 28.870690413750708}
P LSTM formal 8 2026 {'step': 3600, 'K': 16, 'loss': 0.1918640434741974, 'gradient_norm': 0.5800706744194031, 'worst_Re_validation_joint': 26.2892587602131, 'macro_validation_joint': 6.6241452548645725, 'complete': True, 'elapsed_seconds': 32.818559690378606}
P LSTM formal 8 2026 {'step': 3800, 'K': 16, 'loss': 0.1322791427373886, 'gradient_norm': 0.26645106077194214, 'worst_Re_validation_joint': 26.88061672441116, 'macro_validation_joint': 6.788526609099119, 'complete': True, 'elapsed_seconds': 36.74929067119956}
P LSTM formal 8 2026 {'step': 4000, 'K': 16, 'loss': 0.13744233548641205, 'gradient_norm': 0.6582728028297424, 'worst_Re_validation_joint': 26.991803437991752, 'macro_validation_joint': 6.657264315006278, 'complete': True, 'elapsed_seconds': 40.67864914983511}
P GRU formal 8 1248 {'step': 200, 'K': 1, 'loss': 0.4212993383407593, 'gradient_norm': 0.32668179273605347, 'worst_Re_validation_joint': 104.30262627610216, 'macro_validation_joint': 37.967319607624674, 'complete': True, 'elapsed_seconds': 0.6590908076614141}
P GRU formal 8 1248 {'step': 400, 'K': 1, 'loss': 0.1743117719888687, 'gradient_norm': 0.21220089495182037, 'worst_Re_validation_joint': 123.5354431922163, 'macro_validation_joint': 45.95803613866428, 'complete': True, 'elapsed_seconds': 1.3218771982938051}
P GRU formal 8 1248 {'step': 600, 'K': 1, 'loss': 0.15008775889873505, 'gradient_norm': 0.19100332260131836, 'worst_Re_validation_joint': 93.21081060553134, 'macro_validation_joint': 44.98920806579454, 'complete': True, 'elapsed_seconds': 1.982514544390142}
P GRU formal 8 1248 {'step': 800, 'K': 1, 'loss': 0.11635199189186096, 'gradient_norm': 0.18632639944553375, 'worst_Re_validation_joint': 115.12630113279596, 'macro_validation_joint': 49.43591334527483, 'complete': True, 'elapsed_seconds': 2.6459820652380586}
P GRU formal 8 1248 {'step': 1000, 'K': 1, 'loss': 0.132746621966362, 'gradient_norm': 0.1987338662147522, 'worst_Re_validation_joint': 104.82830866128934, 'macro_validation_joint': 50.3861395254056, 'complete': True, 'elapsed_seconds': 3.3062841277569532}
P GRU formal 8 1248 {'step': 1200, 'K': 4, 'loss': 0.19823040068149567, 'gradient_norm': 0.257385790348053, 'worst_Re_validation_joint': 38.155390340804594, 'macro_validation_joint': 14.220830994120261, 'complete': True, 'elapsed_seconds': 4.577623928897083}
P GRU formal 8 1248 {'step': 1400, 'K': 4, 'loss': 0.1530616581439972, 'gradient_norm': 0.19663451611995697, 'worst_Re_validation_joint': 30.6075704307484, 'macro_validation_joint': 13.743970383766408, 'complete': True, 'elapsed_seconds': 5.850185836665332}
P GRU formal 8 1248 {'step': 1600, 'K': 4, 'loss': 0.14282839000225067, 'gradient_norm': 0.18706902861595154, 'worst_Re_validation_joint': 28.589783804461234, 'macro_validation_joint': 11.33658715604114, 'complete': True, 'elapsed_seconds': 7.123476937413216}
P GRU formal 8 1248 {'step': 1800, 'K': 4, 'loss': 0.12721097469329834, 'gradient_norm': 0.17604269087314606, 'worst_Re_validation_joint': 28.854785172612733, 'macro_validation_joint': 12.228132410633016, 'complete': True, 'elapsed_seconds': 8.397655630484223}
P GRU formal 8 1248 {'step': 2000, 'K': 4, 'loss': 0.15470798313617706, 'gradient_norm': 0.2305307388305664, 'worst_Re_validation_joint': 28.159886594038255, 'macro_validation_joint': 10.887863634412549, 'complete': True, 'elapsed_seconds': 9.667720928788185}
P GRU formal 8 1248 {'step': 2200, 'K': 8, 'loss': 0.1476086974143982, 'gradient_norm': 0.22382307052612305, 'worst_Re_validation_joint': 26.87388020464601, 'macro_validation_joint': 9.20303945653617, 'complete': True, 'elapsed_seconds': 11.738961734808981}
P GRU formal 8 1248 {'step': 2400, 'K': 8, 'loss': 0.1415415108203888, 'gradient_norm': 0.18658219277858734, 'worst_Re_validation_joint': 26.707644074492332, 'macro_validation_joint': 9.391569881651465, 'complete': True, 'elapsed_seconds': 13.814593608491123}
P GRU formal 8 1248 {'step': 2600, 'K': 8, 'loss': 0.13769526779651642, 'gradient_norm': 0.19488926231861115, 'worst_Re_validation_joint': 26.567826210469132, 'macro_validation_joint': 8.56997589849984, 'complete': True, 'elapsed_seconds': 15.868176358751953}
P GRU formal 8 1248 {'step': 2800, 'K': 8, 'loss': 0.13116708397865295, 'gradient_norm': 0.1804686039686203, 'worst_Re_validation_joint': 26.845048364569212, 'macro_validation_joint': 8.02559682683604, 'complete': True, 'elapsed_seconds': 17.913142977282405}
P GRU formal 8 1248 {'step': 3000, 'K': 8, 'loss': 0.1684616655111313, 'gradient_norm': 0.24027708172798157, 'worst_Re_validation_joint': 26.6066555733631, 'macro_validation_joint': 7.981827273026344, 'complete': True, 'elapsed_seconds': 19.95110729523003}
P GRU formal 8 1248 {'step': 3200, 'K': 16, 'loss': 0.14621715247631073, 'gradient_norm': 0.4139048159122467, 'worst_Re_validation_joint': 24.208067305332587, 'macro_validation_joint': 7.291223969895278, 'complete': True, 'elapsed_seconds': 23.572541921399534}
P GRU formal 8 1248 {'step': 3400, 'K': 16, 'loss': 0.1397201120853424, 'gradient_norm': 0.3981342315673828, 'worst_Re_validation_joint': 24.432367162178938, 'macro_validation_joint': 7.10601308311244, 'complete': True, 'elapsed_seconds': 27.191904350183904}
P GRU formal 8 1248 {'step': 3600, 'K': 16, 'loss': 0.12664945423603058, 'gradient_norm': 0.4942358136177063, 'worst_Re_validation_joint': 23.6559414718797, 'macro_validation_joint': 6.825011056049021, 'complete': True, 'elapsed_seconds': 30.80785171315074}
P GRU formal 8 1248 {'step': 3800, 'K': 16, 'loss': 0.14212456345558167, 'gradient_norm': 0.4605245292186737, 'worst_Re_validation_joint': 22.590715681666694, 'macro_validation_joint': 6.32480255358256, 'complete': True, 'elapsed_seconds': 34.42330179736018}
P GRU formal 8 1248 {'step': 4000, 'K': 16, 'loss': 0.15770001709461212, 'gradient_norm': 0.34591394662857056, 'worst_Re_validation_joint': 23.925188014951264, 'macro_validation_joint': 7.016982379897134, 'complete': True, 'elapsed_seconds': 38.13925731834024}
P GRU formal 8 1600 {'step': 200, 'K': 1, 'loss': 0.28301528096199036, 'gradient_norm': 0.2741774618625641, 'worst_Re_validation_joint': 125.52017909706217, 'macro_validation_joint': 40.0372981901667, 'complete': True, 'elapsed_seconds': 0.6663552764803171}
P GRU formal 8 1600 {'step': 400, 'K': 1, 'loss': 0.22171904146671295, 'gradient_norm': 0.23350809514522552, 'worst_Re_validation_joint': 126.30493705341449, 'macro_validation_joint': 45.63579169123488, 'complete': True, 'elapsed_seconds': 1.333133445121348}
P GRU formal 8 1600 {'step': 600, 'K': 1, 'loss': 0.13997212052345276, 'gradient_norm': 0.1964339166879654, 'worst_Re_validation_joint': 121.37008544926887, 'macro_validation_joint': 45.98394135276205, 'complete': True, 'elapsed_seconds': 1.9958758214488626}
P GRU formal 8 1600 {'step': 800, 'K': 1, 'loss': 0.13221319019794464, 'gradient_norm': 0.19917306303977966, 'worst_Re_validation_joint': 104.7348608328186, 'macro_validation_joint': 41.54524295064933, 'complete': True, 'elapsed_seconds': 2.661799400113523}
P GRU formal 8 1600 {'step': 1000, 'K': 1, 'loss': 0.10748665034770966, 'gradient_norm': 0.17468386888504028, 'worst_Re_validation_joint': 96.02108578518109, 'macro_validation_joint': 39.00134730678854, 'complete': True, 'elapsed_seconds': 3.327131174504757}
P GRU formal 8 1600 {'step': 1200, 'K': 4, 'loss': 0.37477752566337585, 'gradient_norm': 0.40134677290916443, 'worst_Re_validation_joint': 39.75026262714826, 'macro_validation_joint': 18.00235092690897, 'complete': True, 'elapsed_seconds': 4.599143051542342}
P GRU formal 8 1600 {'step': 1400, 'K': 4, 'loss': 0.130083367228508, 'gradient_norm': 0.1828976273536682, 'worst_Re_validation_joint': 31.584363901898342, 'macro_validation_joint': 15.85537601068001, 'complete': True, 'elapsed_seconds': 5.870733390562236}
P GRU formal 8 1600 {'step': 1600, 'K': 4, 'loss': 0.24292629957199097, 'gradient_norm': 0.2978340685367584, 'worst_Re_validation_joint': 27.97826792464001, 'macro_validation_joint': 12.930942711566274, 'complete': True, 'elapsed_seconds': 7.142589477822185}
P GRU formal 8 1600 {'step': 1800, 'K': 4, 'loss': 0.13974133133888245, 'gradient_norm': 0.21674714982509613, 'worst_Re_validation_joint': 28.845135498005572, 'macro_validation_joint': 11.11113163757353, 'complete': True, 'elapsed_seconds': 8.413792671635747}
P GRU formal 8 1600 {'step': 2000, 'K': 4, 'loss': 0.16296277940273285, 'gradient_norm': 0.23390810191631317, 'worst_Re_validation_joint': 29.81230013041927, 'macro_validation_joint': 12.065353199914112, 'complete': True, 'elapsed_seconds': 9.682404550723732}
P GRU formal 8 1600 {'step': 2200, 'K': 8, 'loss': 0.13555273413658142, 'gradient_norm': 0.22305627167224884, 'worst_Re_validation_joint': 25.497337073500205, 'macro_validation_joint': 9.35045602522058, 'complete': True, 'elapsed_seconds': 11.748348685912788}
P GRU formal 8 1600 {'step': 2400, 'K': 8, 'loss': 0.13467484712600708, 'gradient_norm': 0.20125305652618408, 'worst_Re_validation_joint': 29.10351219436694, 'macro_validation_joint': 10.565681796291438, 'complete': True, 'elapsed_seconds': 13.80398235656321}
P GRU formal 8 1600 {'step': 2600, 'K': 8, 'loss': 0.15667828917503357, 'gradient_norm': 0.2652032971382141, 'worst_Re_validation_joint': 27.366924164279272, 'macro_validation_joint': 9.108237762337152, 'complete': True, 'elapsed_seconds': 15.853601293638349}
P GRU formal 8 1600 {'step': 2800, 'K': 8, 'loss': 0.15844658017158508, 'gradient_norm': 0.2347317337989807, 'worst_Re_validation_joint': 27.221718918291696, 'macro_validation_joint': 9.695339850206103, 'complete': True, 'elapsed_seconds': 17.907197207212448}
P GRU formal 8 1600 {'step': 3000, 'K': 8, 'loss': 0.13234563171863556, 'gradient_norm': 0.16603490710258484, 'worst_Re_validation_joint': 26.385755892635512, 'macro_validation_joint': 8.627875959704904, 'complete': True, 'elapsed_seconds': 19.96590325795114}
P GRU formal 8 1600 {'step': 3200, 'K': 16, 'loss': 0.14100492000579834, 'gradient_norm': 0.4177442491054535, 'worst_Re_validation_joint': 24.91708483570211, 'macro_validation_joint': 7.747491902860953, 'complete': True, 'elapsed_seconds': 23.61273825634271}
P GRU formal 8 1600 {'step': 3400, 'K': 16, 'loss': 0.14393538236618042, 'gradient_norm': 0.37051546573638916, 'worst_Re_validation_joint': 25.62812910862915, 'macro_validation_joint': 6.857881472802942, 'complete': True, 'elapsed_seconds': 27.266929742880166}
P GRU formal 8 1600 {'step': 3600, 'K': 16, 'loss': 0.14720569550991058, 'gradient_norm': 0.33057597279548645, 'worst_Re_validation_joint': 22.884847572634257, 'macro_validation_joint': 6.0611290897013985, 'complete': True, 'elapsed_seconds': 30.912375293672085}
P GRU formal 8 1600 {'step': 3800, 'K': 16, 'loss': 0.13432863354682922, 'gradient_norm': 0.32224756479263306, 'worst_Re_validation_joint': 22.31680691218952, 'macro_validation_joint': 6.458616171207719, 'complete': True, 'elapsed_seconds': 34.55186151806265}
P GRU formal 8 1600 {'step': 4000, 'K': 16, 'loss': 0.15012936294078827, 'gradient_norm': 0.3700316250324249, 'worst_Re_validation_joint': 23.700129119663575, 'macro_validation_joint': 6.344365837588477, 'complete': True, 'elapsed_seconds': 38.20119609218091}
P GRU formal 8 2026 {'step': 200, 'K': 1, 'loss': 0.40540826320648193, 'gradient_norm': 0.3437618017196655, 'worst_Re_validation_joint': 105.94730971328777, 'macro_validation_joint': 34.98532731336467, 'complete': True, 'elapsed_seconds': 0.6549949618056417}
P GRU formal 8 2026 {'step': 400, 'K': 1, 'loss': 0.1632060408592224, 'gradient_norm': 0.20805396139621735, 'worst_Re_validation_joint': 107.6899689348355, 'macro_validation_joint': 39.43466425331776, 'complete': True, 'elapsed_seconds': 1.3143972614780068}
P GRU formal 8 2026 {'step': 600, 'K': 1, 'loss': 0.13572795689105988, 'gradient_norm': 0.2031792849302292, 'worst_Re_validation_joint': 110.75217328050182, 'macro_validation_joint': 42.734462072825806, 'complete': True, 'elapsed_seconds': 1.985087594948709}
P GRU formal 8 2026 {'step': 800, 'K': 1, 'loss': 0.1335773915052414, 'gradient_norm': 0.19698010385036469, 'worst_Re_validation_joint': 104.39048439484543, 'macro_validation_joint': 44.95720856647938, 'complete': True, 'elapsed_seconds': 2.6531382082030177}
P GRU formal 8 2026 {'step': 1000, 'K': 1, 'loss': 0.14072050154209137, 'gradient_norm': 0.21369504928588867, 'worst_Re_validation_joint': 94.98063398430305, 'macro_validation_joint': 44.706747485838065, 'complete': True, 'elapsed_seconds': 3.3241955656558275}
P GRU formal 8 2026 {'step': 1200, 'K': 4, 'loss': 0.2332039773464203, 'gradient_norm': 0.29701757431030273, 'worst_Re_validation_joint': 33.52819649850731, 'macro_validation_joint': 15.851586207179187, 'complete': True, 'elapsed_seconds': 4.6108961924910545}
P GRU formal 8 2026 {'step': 1400, 'K': 4, 'loss': 0.19787344336509705, 'gradient_norm': 0.24900610744953156, 'worst_Re_validation_joint': 30.884878394475326, 'macro_validation_joint': 14.56502942964483, 'complete': True, 'elapsed_seconds': 5.897294797003269}
P GRU formal 8 2026 {'step': 1600, 'K': 4, 'loss': 0.14044189453125, 'gradient_norm': 0.19196723401546478, 'worst_Re_validation_joint': 30.92580514583658, 'macro_validation_joint': 13.623162558500198, 'complete': True, 'elapsed_seconds': 7.183743446134031}
P GRU formal 8 2026 {'step': 1800, 'K': 4, 'loss': 0.14836324751377106, 'gradient_norm': 0.20934711396694183, 'worst_Re_validation_joint': 28.63023884613398, 'macro_validation_joint': 12.11555230055041, 'complete': True, 'elapsed_seconds': 8.466608972288668}
P GRU formal 8 2026 {'step': 2000, 'K': 4, 'loss': 0.2551284730434418, 'gradient_norm': 0.2938052713871002, 'worst_Re_validation_joint': 28.440905058142345, 'macro_validation_joint': 11.215533184035776, 'complete': True, 'elapsed_seconds': 9.7519313339144}
P GRU formal 8 2026 {'step': 2200, 'K': 8, 'loss': 0.170387402176857, 'gradient_norm': 0.29291728138923645, 'worst_Re_validation_joint': 25.447193487371923, 'macro_validation_joint': 8.833950804351376, 'complete': True, 'elapsed_seconds': 11.847183652222157}
P GRU formal 8 2026 {'step': 2400, 'K': 8, 'loss': 0.1652727872133255, 'gradient_norm': 0.2155706286430359, 'worst_Re_validation_joint': 28.80214509307824, 'macro_validation_joint': 8.81049914391586, 'complete': True, 'elapsed_seconds': 13.94011881109327}
P GRU formal 8 2026 {'step': 2600, 'K': 8, 'loss': 0.13652674853801727, 'gradient_norm': 0.21707944571971893, 'worst_Re_validation_joint': 27.428548899879445, 'macro_validation_joint': 8.393036844618376, 'complete': True, 'elapsed_seconds': 16.028531714342535}
P GRU formal 8 2026 {'step': 2800, 'K': 8, 'loss': 0.17724868655204773, 'gradient_norm': 0.3053296208381653, 'worst_Re_validation_joint': 27.77422796309845, 'macro_validation_joint': 8.34145023891624, 'complete': True, 'elapsed_seconds': 18.103404270485044}
P GRU formal 8 2026 {'step': 3000, 'K': 8, 'loss': 0.1502409130334854, 'gradient_norm': 0.2302294224500656, 'worst_Re_validation_joint': 25.37123188871054, 'macro_validation_joint': 7.662803154140178, 'complete': True, 'elapsed_seconds': 20.1527957348153}
P GRU formal 8 2026 {'step': 3200, 'K': 16, 'loss': 0.1963736116886139, 'gradient_norm': 0.3229996860027313, 'worst_Re_validation_joint': 24.001391889391574, 'macro_validation_joint': 6.993610284967573, 'complete': True, 'elapsed_seconds': 23.790657550096512}
P GRU formal 8 2026 {'step': 3400, 'K': 16, 'loss': 0.1596207618713379, 'gradient_norm': 0.3694608807563782, 'worst_Re_validation_joint': 23.06811965385207, 'macro_validation_joint': 7.267117481187487, 'complete': True, 'elapsed_seconds': 27.42318946123123}
P GRU formal 8 2026 {'step': 3600, 'K': 16, 'loss': 0.18321600556373596, 'gradient_norm': 0.44878950715065, 'worst_Re_validation_joint': 21.74722799311669, 'macro_validation_joint': 6.171624414761738, 'complete': True, 'elapsed_seconds': 31.05665556062013}
P GRU formal 8 2026 {'step': 3800, 'K': 16, 'loss': 0.1295594722032547, 'gradient_norm': 0.3039792776107788, 'worst_Re_validation_joint': 21.92139305467366, 'macro_validation_joint': 6.117100994935064, 'complete': True, 'elapsed_seconds': 34.69069021940231}
P GRU formal 8 2026 {'step': 4000, 'K': 16, 'loss': 0.1370900422334671, 'gradient_norm': 0.5286019444465637, 'worst_Re_validation_joint': 22.42642021947773, 'macro_validation_joint': 6.385191477542045, 'complete': True, 'elapsed_seconds': 38.31721895094961}
