window,Re,step,time,finite,Eu,Ep,native_Eu,native_Ep
976,70.3146353337,1,1396.9688720703125,True,0.37222880125045776,2.5994701385498047,0.3672999441623688,2.5870022773742676
976,70.3146353337,2,1409.4417724609375,True,0.6777558922767639,4.999058723449707,0.6723669171333313,4.980404853820801
976,70.3146353337,3,1421.914794921875,True,0.9249985218048096,7.016161918640137,0.9187252521514893,6.9935150146484375
976,70.3146353337,4,1434.3876953125,True,1.1066858768463135,8.395925521850586,1.0996887683868408,8.371583938598633
976,70.3146353337,5,1446.860595703125,True,1.2333933115005493,9.17560863494873,1.225983738899231,9.151922225952148
976,70.3146353337,6,1459.3336181640625,True,1.3123185634613037,9.403223037719727,1.304853081703186,9.382772445678711
976,70.3146353337,7,1471.8065185546875,True,1.349433422088623,9.337764739990234,1.3423296213150024,9.32287311553955
976,70.3146353337,8,1484.2794189453125,True,1.3545321226119995,9.30666732788086,1.3482195138931274,9.297693252563477
976,70.3146353337,9,1496.7523193359375,True,1.3703663349151611,9.631952285766602,1.3648145198822021,9.625303268432617
976,70.3146353337,10,1509.225341796875,True,1.4588146209716797,10.534420013427734,1.4532053470611572,10.523662567138672
976,70.3146353337,11,1521.6982421875,True,1.6318970918655396,11.967142105102539,1.6252286434173584,11.948380470275879
976,70.3146353337,12,1534.171142578125,True,1.8408784866333008,13.589517593383789,1.8327096700668335,13.56363582611084
976,70.3146353337,13,1546.6441650390625,True,2.0458433628082275,15.027959823608398,2.0364227294921875,14.997564315795898
976,70.3146353337,14,1559.1170654296875,True,2.2305424213409424,15.973106384277344,2.220353841781616,15.9412202835083
976,70.3146353337,15,1571.5899658203125,True,2.3817124366760254,16.329477310180664,2.371022939682007,16.299232482910156
976,70.3146353337,16,1584.06298828125,True,2.5073275566101074,16.29050636291504,2.496119737625122,16.263954162597656
976,70.3146353337,17,1596.535888671875,True,2.624589204788208,16.253610610961914,2.6131656169891357,16.231151580810547
976,70.3146353337,18,1609.0087890625,True,2.726400375366211,16.532176971435547,2.7155139446258545,16.51153564453125
976,70.3146353337,19,1621.481689453125,True,2.835020065307617,17.301450729370117,2.8246679306030273,17.278335571289062
976,70.3146353337,20,1633.9547119140625,True,2.9806220531463623,18.65669822692871,2.96972393989563,18.627389907836914
976,70.3146353337,21,1646.4276123046875,True,3.1757724285125732,20.331830978393555,3.1631886959075928,20.29607391357422
976,70.3146353337,22,1658.9005126953125,True,3.424990653991699,21.96645164489746,3.4110493659973145,21.925588607788086
976,70.3146353337,23,1671.37353515625,True,3.6778688430786133,23.210224151611328,3.6635167598724365,23.166484832763672
976,70.3146353337,24,1683.846435546875,True,3.8836135864257812,23.7291259765625,3.869126081466675,23.686050415039062
976,70.3146353337,25,1696.3193359375,True,4.053658485412598,23.62589454650879,4.038445949554443,23.58555793762207
976,70.3146353337,26,1708.792236328125,True,4.24332857131958,23.466501235961914,4.22681999206543,23.429336547851562
976,70.3146353337,27,1721.2652587890625,True,4.427364826202393,23.712451934814453,4.410894870758057,23.67572593688965
976,70.3146353337,28,1733.7381591796875,True,4.566933631896973,24.47538185119629,4.55142879486084,24.435762405395508
976,70.3146353337,29,1746.2110595703125,True,4.679318428039551,25.660079956054688,4.66406774520874,25.616783142089844
976,70.3146353337,30,1758.68408203125,True,4.813135147094727,27.020973205566406,4.79620361328125,26.974794387817383
976,70.3146353337,31,1771.156982421875,True,5.042543411254883,28.452306747436523,5.024035453796387,28.403589248657227
976,70.3146353337,32,1783.6298828125,True,5.309752941131592,29.728225708007812,5.291232585906982,29.67742347717285
976,70.3146353337,33,1796.1029052734375,True,5.520552158355713,30.347225189208984,5.502538204193115,30.297595977783203
976,70.3146353337,34,1808.5758056640625,True,5.65205717086792,30.117019653320312,5.6339287757873535,30.07017707824707
976,70.3146353337,35,1821.0487060546875,True,5.799626350402832,29.677635192871094,5.779674053192139,29.634342193603516
976,70.3146353337,36,1833.5216064453125,True,5.962779998779297,29.733701705932617,5.942523002624512,29.689502716064453
976,70.3146353337,37,1845.99462890625,True,6.069652080535889,30.34340476989746,6.050598621368408,30.29484748840332
976,70.3146353337,38,1858.467529296875,True,6.113395690917969,31.227388381958008,6.095291614532471,31.17702293395996
976,70.3146353337,39,1870.9404296875,True,6.13007116317749,32.01421356201172,6.11068868637085,31.964826583862305
976,70.3146353337,40,1883.4134521484375,True,6.25916862487793,32.9539794921875,6.23808479309082,32.905738830566406
976,70.3146353337,41,1895.8863525390625,True,6.462145805358887,33.978424072265625,6.441307067871094,33.93037033081055
976,70.3146353337,42,1908.3592529296875,True,6.615804195404053,34.48822784423828,6.596048355102539,34.44297790527344
976,70.3146353337,43,1920.832275390625,True,6.660763740539551,34.048336029052734,6.641629219055176,34.00668716430664
976,70.3146353337,44,1933.30517578125,True,6.701614856719971,33.29773712158203,6.680723190307617,33.260154724121094
976,70.3146353337,45,1945.778076171875,True,6.765652656555176,33.1129264831543,6.744612216949463,33.07261657714844
976,70.3146353337,46,1958.2509765625,True,6.791074752807617,33.568660736083984,6.771421432495117,33.52237319946289
976,70.3146353337,47,1970.7239990234375,True,6.754184722900391,34.168880462646484,6.735808372497559,34.12260055541992
976,70.3146353337,48,1983.1968994140625,True,6.661749839782715,34.497623443603516,6.642521381378174,34.45552444458008
984,70.3146353337,1,1496.7523193359375,True,0.48033544421195984,3.3307392597198486,0.47523602843284607,3.3140273094177246
984,70.3146353337,2,1509.225341796875,True,0.8819718956947327,6.288739204406738,0.8750790953636169,6.26007080078125
984,70.3146353337,3,1521.6982421875,True,1.214705467224121,8.626103401184082,1.2061471939086914,8.587018966674805
984,70.3146353337,4,1534.171142578125,True,1.4520882368087769,10.111472129821777,1.442500352859497,10.067487716674805
984,70.3146353337,5,1546.6441650390625,True,1.5740020275115967,10.901865005493164,1.5638844966888428,10.8588228225708
984,70.3146353337,6,1559.1170654296875,True,1.6071094274520874,10.936299324035645,1.5969176292419434,10.897765159606934
984,70.3146353337,7,1571.5899658203125,True,1.5857117176055908,10.373494148254395,1.5760722160339355,10.342382431030273
984,70.3146353337,8,1584.06298828125,True,1.5392975807189941,9.636494636535645,1.5309706926345825,9.614583969116211
984,70.3146353337,9,1596.535888671875,True,1.5262601375579834,9.412958145141602,1.519405484199524,9.39824104309082
984,70.3146353337,10,1609.0087890625,True,1.6014864444732666,10.164477348327637,1.5950348377227783,10.148489952087402
984,70.3146353337,11,1621.481689453125,True,1.7963800430297852,11.68563175201416,1.788603663444519,11.659037590026855
984,70.3146353337,12,1633.9547119140625,True,2.0630197525024414,13.622899055480957,2.05314302444458,13.582740783691406
984,70.3146353337,13,1646.4276123046875,True,2.306448221206665,15.452091217041016,2.294621706008911,15.403157234191895
984,70.3146353337,14,1658.9005126953125,True,2.509202718734741,16.76604652404785,2.4960451126098633,16.714494705200195
984,70.3146353337,15,1671.37353515625,True,2.682088851928711,17.437410354614258,2.668519973754883,17.386884689331055
984,70.3146353337,16,1683.846435546875,True,2.8180103302001953,17.38197135925293,2.8047311305999756,17.33667755126953
984,70.3146353337,17,1696.3193359375,True,2.919066905975342,16.898845672607422,2.906297445297241,16.8614559173584
984,70.3146353337,18,1708.792236328125,True,3.0298542976379395,16.56709861755371,3.017237663269043,16.537778854370117
984,70.3146353337,19,1721.2652587890625,True,3.1684420108795166,16.948108673095703,3.1563804149627686,16.920822143554688
984,70.3146353337,20,1733.7381591796875,True,3.3214800357818604,18.121793746948242,3.309757709503174,18.08732032775879
984,70.3146353337,21,1746.2110595703125,True,3.4842400550842285,19.815959930419922,3.4718501567840576,19.771032333374023
984,70.3146353337,22,1758.68408203125,True,3.636331796646118,21.51694679260254,3.622058868408203,21.46476936340332
984,70.3146353337,23,1771.156982421875,True,3.8235976696014404,22.84134292602539,3.8074686527252197,22.78680419921875
984,70.3146353337,24,1783.6298828125,True,4.048879623413086,23.716373443603516,4.0323872566223145,23.662128448486328
984,70.3146353337,25,1796.1029052734375,True,4.254340648651123,23.935407638549805,4.238223552703857,23.886066436767578
984,70.3146353337,26,1808.5758056640625,True,4.3892388343811035,23.551212310791016,4.373631477355957,23.509138107299805
984,70.3146353337,27,1821.0487060546875,True,4.5105414390563965,23.062477111816406,4.494177341461182,23.02840805053711
984,70.3146353337,28,1833.5216064453125,True,4.646876811981201,23.14836311340332,4.63064432144165,23.115692138671875
984,70.3146353337,29,1845.99462890625,True,4.744281768798828,23.96894645690918,4.729123592376709,23.92917823791504
984,70.3146353337,30,1858.467529296875,True,4.802482604980469,25.232860565185547,4.787883758544922,25.1862735748291
984,70.3146353337,31,1870.9404296875,True,4.817668437957764,26.37222671508789,4.801993370056152,26.322673797607422
984,70.3146353337,32,1883.4134521484375,True,4.894322395324707,27.26612663269043,4.876692295074463,27.217350006103516
984,70.3146353337,33,1895.8863525390625,True,5.0612359046936035,27.972919464111328,5.043293476104736,27.9262638092041
984,70.3146353337,34,1908.3592529296875,True,5.229737281799316,28.1870059967041,5.21239709854126,28.146818161010742
984,70.3146353337,35,1920.832275390625,True,5.311971664428711,27.75738525390625,5.295595645904541,27.725210189819336
984,70.3146353337,36,1933.30517578125,True,5.356696605682373,27.06623649597168,5.3395514488220215,27.04157829284668
984,70.3146353337,37,1945.778076171875,True,5.407586097717285,26.9016056060791,5.390658378601074,26.875194549560547
984,70.3146353337,38,1958.2509765625,True,5.417547225952148,27.512348175048828,5.402003765106201,27.47691535949707
984,70.3146353337,39,1970.7239990234375,True,5.382790565490723,28.428247451782227,5.368347644805908,28.38939094543457
984,70.3146353337,40,1983.1968994140625,True,5.287105560302734,29.045778274536133,5.272341728210449,29.008563995361328
984,70.3146353337,41,1995.6697998046875,True,5.255529880523682,29.56826400756836,5.239112854003906,29.534934997558594
984,70.3146353337,42,2008.142822265625,True,5.342264652252197,30.091609954833984,5.325582027435303,30.062997817993164
984,70.3146353337,43,2020.61572265625,True,5.4508185386657715,30.197275161743164,5.434900760650635,30.1778621673584
984,70.3146353337,44,2033.088623046875,True,5.47608757019043,29.6928768157959,5.461428165435791,29.68311882019043
984,70.3146353337,45,2045.5615234375,True,5.451144695281982,28.9305362701416,5.436221122741699,28.92574119567871
984,70.3146353337,46,2058.034423828125,True,5.422494888305664,28.814634323120117,5.40827751159668,28.801969528198242
984,70.3146353337,47,2070.507568359375,True,5.371052265167236,29.419485092163086,5.358249664306641,29.397777557373047
984,70.3146353337,48,2082.98046875,True,5.285768985748291,30.100322723388672,5.274317264556885,30.080217361450195
1000,70.3146353337,1,1696.3193359375,True,0.7193804979324341,5.415781497955322,0.7114822864532471,5.384178638458252
1000,70.3146353337,2,1708.792236328125,True,1.1210145950317383,9.615177154541016,1.1095905303955078,9.56718921661377
1000,70.3146353337,3,1721.2652587890625,True,1.3630903959274292,12.393389701843262,1.350220799446106,12.336640357971191
1000,70.3146353337,4,1733.7381591796875,True,1.5720324516296387,13.806991577148438,1.5584198236465454,13.747140884399414
1000,70.3146353337,5,1746.2110595703125,True,1.7146196365356445,14.012375831604004,1.7007287740707397,13.950127601623535
1000,70.3146353337,6,1758.68408203125,True,1.7807228565216064,13.412321090698242,1.7666022777557373,13.346685409545898
1000,70.3146353337,7,1771.156982421875,True,1.7857736349105835,12.078263282775879,1.7713900804519653,12.018366813659668
1000,70.3146353337,8,1783.6298828125,True,1.760389804840088,10.531362533569336,1.7477211952209473,10.489860534667969
1000,70.3146353337,9,1796.1029052734375,True,1.7849055528640747,9.784884452819824,1.7757740020751953,9.765848159790039
1000,70.3146353337,10,1808.5758056640625,True,1.9257439374923706,10.943022727966309,1.9172340631484985,10.928378105163574
1000,70.3146353337,11,1821.0487060546875,True,2.1254348754882812,13.087124824523926,2.1146888732910156,13.059613227844238
1000,70.3146353337,12,1833.5216064453125,True,2.308605670928955,14.969243049621582,2.2964372634887695,14.930522918701172
1000,70.3146353337,13,1845.99462890625,True,2.4469873905181885,16.166624069213867,2.43440842628479,16.121685028076172
1000,70.3146353337,14,1858.467529296875,True,2.5627105236053467,16.879865646362305,2.549837827682495,16.830686569213867
1000,70.3146353337,15,1870.9404296875,True,2.6332919597625732,17.30500030517578,2.619846820831299,17.250957489013672
1000,70.3146353337,16,1883.4134521484375,True,2.6902968883514404,17.088138580322266,2.675685405731201,17.03862190246582
1000,70.3146353337,17,1895.8863525390625,True,2.7800495624542236,16.515995025634766,2.7657597064971924,16.482606887817383
1000,70.3146353337,18,1908.3592529296875,True,2.89335036277771,16.17658805847168,2.8813812732696533,16.164609909057617
1000,70.3146353337,19,1920.832275390625,True,2.99166202545166,16.84322166442871,2.981433629989624,16.841320037841797
1000,70.3146353337,20,1933.30517578125,True,3.059800624847412,18.015222549438477,3.049042224884033,18.00784683227539
1000,70.3146353337,21,1945.778076171875,True,3.118121385574341,19.015888214111328,3.106987714767456,18.997722625732422
1000,70.3146353337,22,1958.2509765625,True,3.1575686931610107,19.824419021606445,3.1466920375823975,19.797069549560547
1000,70.3146353337,23,1970.7239990234375,True,3.1825687885284424,20.573688507080078,3.171743154525757,20.544689178466797
1000,70.3146353337,24,1983.1968994140625,True,3.177157402038574,21.037784576416016,3.1660377979278564,21.009004592895508
1000,70.3146353337,25,1995.6697998046875,True,3.190211534500122,21.00904083251953,3.1775946617126465,20.9866886138916
1000,70.3146353337,26,2008.142822265625,True,3.2633895874023438,20.812883377075195,3.2504961490631104,20.80399513244629
1000,70.3146353337,27,2020.61572265625,True,3.3608646392822266,20.831106185913086,3.3496227264404297,20.838577270507812
1000,70.3146353337,28,2033.088623046875,True,3.412687063217163,21.412790298461914,3.4034385681152344,21.428245544433594
1000,70.3146353337,29,2045.5615234375,True,3.416686773300171,22.016677856445312,3.408052444458008,22.027910232543945
1000,70.3146353337,30,2058.034423828125,True,3.4174811840057373,22.541296005249023,3.409497022628784,22.540245056152344
1000,70.3146353337,31,2070.507568359375,True,3.415907144546509,23.188283920288086,3.4085843563079834,23.180673599243164
1000,70.3146353337,32,2082.98046875,True,3.4048426151275635,23.943910598754883,3.3979668617248535,23.941560745239258
1000,70.3146353337,33,2095.453369140625,True,3.3875112533569336,24.381406784057617,3.380491256713867,24.38427734375
1000,70.3146353337,34,2107.92626953125,True,3.399554967880249,24.535442352294922,3.391024589538574,24.544586181640625
1000,70.3146353337,35,2120.399169921875,True,3.4568142890930176,24.69602394104004,3.447551727294922,24.714588165283203
1000,70.3146353337,36,2132.8720703125,True,3.5303544998168945,25.087722778320312,3.522209882736206,25.115934371948242
1000,70.3146353337,37,2145.344970703125,True,3.584322452545166,25.619319915771484,3.5780270099639893,25.65222930908203
1000,70.3146353337,38,2157.818115234375,True,3.620918035507202,25.93686866760254,3.615938425064087,25.961711883544922
1000,70.3146353337,39,2170.291015625,True,3.6701724529266357,26.303668975830078,3.6664280891418457,26.315885543823242
1000,70.3146353337,40,2182.763916015625,True,3.7191152572631836,26.969337463378906,3.716048240661621,26.982847213745117
1000,70.3146353337,41,2195.23681640625,True,3.7537527084350586,27.856603622436523,3.7512059211730957,27.880859375
1000,70.3146353337,42,2207.709716796875,True,3.8027377128601074,28.41338539123535,3.7994933128356934,28.442779541015625
1000,70.3146353337,43,2220.1826171875,True,3.863771915435791,28.83109474182129,3.858729362487793,28.86395835876465
1000,70.3146353337,44,2232.655517578125,True,3.9165637493133545,29.321279525756836,3.9104487895965576,29.358360290527344
1000,70.3146353337,45,2245.128662109375,True,3.9802045822143555,29.99560546875,3.9748282432556152,30.038928985595703
1000,70.3146353337,46,2257.6015625,True,4.080066680908203,30.391246795654297,4.076079368591309,30.43425750732422
1000,70.3146353337,47,2270.074462890625,True,4.215605735778809,30.597274780273438,4.213043689727783,30.626789093017578
1000,70.3146353337,48,2282.54736328125,True,4.375053405761719,30.908554077148438,4.373459339141846,30.931291580200195
1016,70.3146353337,1,1895.8863525390625,True,0.6952319145202637,5.097400188446045,0.6846389174461365,5.065255165100098
1016,70.3146353337,2,1908.3592529296875,True,1.0185261964797974,8.486316680908203,1.0069937705993652,8.427513122558594
1016,70.3146353337,3,1920.832275390625,True,1.1980241537094116,10.669539451599121,1.1875852346420288,10.601096153259277
1016,70.3146353337,4,1933.30517578125,True,1.3644315004348755,11.660846710205078,1.3527814149856567,11.59969711303711
1016,70.3146353337,5,1945.778076171875,True,1.406443476676941,11.557703018188477,1.3941446542739868,11.505186080932617
1016,70.3146353337,6,1958.2509765625,True,1.3554565906524658,10.638948440551758,1.3422613143920898,10.592893600463867
1016,70.3146353337,7,1970.7239990234375,True,1.3089582920074463,9.544014930725098,1.294413447380066,9.511274337768555
1016,70.3146353337,8,1983.1968994140625,True,1.2116233110427856,8.936182022094727,1.2000013589859009,8.917119026184082
1016,70.3146353337,9,1995.6697998046875,True,1.2110344171524048,9.140822410583496,1.2029749155044556,9.13259506225586
1016,70.3146353337,10,2008.142822265625,True,1.4266788959503174,10.484047889709473,1.4168016910552979,10.473062515258789
1016,70.3146353337,11,2020.61572265625,True,1.622691035270691,11.866145133972168,1.6132874488830566,11.845621109008789
1016,70.3146353337,12,2033.088623046875,True,1.7441589832305908,13.172295570373535,1.7362204790115356,13.155333518981934
1016,70.3146353337,13,2045.5615234375,True,1.822716236114502,13.81180477142334,1.814170002937317,13.802295684814453
1016,70.3146353337,14,2058.034423828125,True,1.8381876945495605,13.860116958618164,1.8290810585021973,13.845942497253418
1016,70.3146353337,15,2070.507568359375,True,1.8213669061660767,13.791116714477539,1.8114546537399292,13.773703575134277
1016,70.3146353337,16,2082.98046875,True,1.791614294052124,14.050631523132324,1.7818400859832764,14.044557571411133
1016,70.3146353337,17,2095.453369140625,True,1.7381528615951538,14.348739624023438,1.7317920923233032,14.351005554199219
1016,70.3146353337,18,2107.92626953125,True,1.8054759502410889,14.820652961730957,1.799433708190918,14.825359344482422
1016,70.3146353337,19,2120.399169921875,True,1.9754459857940674,15.579143524169922,1.9679056406021118,15.582185745239258
1016,70.3146353337,20,2132.8720703125,True,2.10561203956604,16.397329330444336,2.0996673107147217,16.402328491210938
1016,70.3146353337,21,2145.344970703125,True,2.1982486248016357,17.21727752685547,2.1938352584838867,17.231761932373047
1016,70.3146353337,22,2157.818115234375,True,2.256338596343994,17.615718841552734,2.251720666885376,17.630447387695312
1016,70.3146353337,23,2170.291015625,True,2.2803056240081787,17.79270362854004,2.2754955291748047,17.797561645507812
1016,70.3146353337,24,2182.763916015625,True,2.276196002960205,18.18122100830078,2.2709805965423584,18.189899444580078
1016,70.3146353337,25,2195.23681640625,True,2.245373010635376,18.963790893554688,2.241560935974121,18.983999252319336
1016,70.3146353337,26,2207.709716796875,True,2.271865129470825,19.536697387695312,2.269164562225342,19.55552101135254
1016,70.3146353337,27,2220.1826171875,True,2.4151294231414795,20.0820255279541,2.410170555114746,20.0960750579834
1016,70.3146353337,28,2232.655517578125,True,2.5592613220214844,20.550559997558594,2.5539543628692627,20.565412521362305
1016,70.3146353337,29,2245.128662109375,True,2.6724765300750732,21.180946350097656,2.6693177223205566,21.205352783203125
1016,70.3146353337,30,2257.6015625,True,2.7872684001922607,21.78602409362793,2.785135507583618,21.816959381103516
1016,70.3146353337,31,2270.074462890625,True,2.8842813968658447,22.182430267333984,2.882323741912842,22.20477867126465
1016,70.3146353337,32,2282.54736328125,True,2.9506278038024902,22.458559036254883,2.9486289024353027,22.476642608642578
1016,70.3146353337,33,2295.020263671875,True,2.9569644927978516,23.23468589782715,2.955515146255493,23.265167236328125
1016,70.3146353337,34,2307.4931640625,True,2.9748733043670654,24.251012802124023,2.97402286529541,24.285919189453125
1016,70.3146353337,35,2319.966064453125,True,3.109856367111206,24.932939529418945,3.10693621635437,24.95775604248047
1016,70.3146353337,36,2332.439208984375,True,3.278420925140381,25.363115310668945,3.2732114791870117,25.383663177490234
1016,70.3146353337,37,2344.912109375,True,3.3873372077941895,25.700944900512695,3.3831801414489746,25.72738265991211
1016,70.3146353337,38,2357.385009765625,True,3.5018038749694824,26.301807403564453,3.499549627304077,26.3393611907959
1016,70.3146353337,39,2369.85791015625,True,3.6457836627960205,26.899337768554688,3.6440837383270264,26.933311462402344
1016,70.3146353337,40,2382.330810546875,True,3.787975311279297,27.255722045898438,3.786532163619995,27.28005027770996
1016,70.3146353337,41,2394.8037109375,True,3.863431930541992,27.616941452026367,3.8624212741851807,27.647653579711914
1016,70.3146353337,42,2407.27685546875,True,3.8799843788146973,28.793672561645508,3.8796887397766113,28.83794403076172
1016,70.3146353337,43,2419.749755859375,True,3.977937698364258,29.836288452148438,3.975959062576294,29.873960494995117
1016,70.3146353337,44,2432.22265625,True,4.167485237121582,30.39216423034668,4.162217140197754,30.418643951416016
1016,70.3146353337,45,2444.695556640625,True,4.293392181396484,30.6143798828125,4.287510871887207,30.641529083251953
1016,70.3146353337,46,2457.16845703125,True,4.366761207580566,31.062156677246094,4.362841606140137,31.099950790405273
1016,70.3146353337,47,2469.641357421875,True,4.486018657684326,31.71072006225586,4.483314037322998,31.752607345581055
1016,70.3146353337,48,2482.1142578125,True,4.660266876220703,32.23357009887695,4.657937049865723,32.26406478881836
1024,70.3146353337,1,1995.6697998046875,True,0.6515254378318787,4.415060520172119,0.640200674533844,4.396019458770752
1024,70.3146353337,2,2008.142822265625,True,0.9380577206611633,7.289331436157227,0.9252508878707886,7.251412391662598
1024,70.3146353337,3,2020.61572265625,True,1.0973775386810303,8.574508666992188,1.086781620979309,8.52503490447998
1024,70.3146353337,4,2033.088623046875,True,1.221152663230896,9.454357147216797,1.2109134197235107,9.415482521057129
1024,70.3146353337,5,2045.5615234375,True,1.247279405593872,9.729032516479492,1.2366851568222046,9.695931434631348
1024,70.3146353337,6,2058.034423828125,True,1.1997666358947754,9.220261573791504,1.18833327293396,9.194705963134766
1024,70.3146353337,7,2070.507568359375,True,1.1242886781692505,8.128024101257324,1.1117103099822998,8.113285064697266
1024,70.3146353337,8,2082.98046875,True,0.9630817174911499,7.598332405090332,0.9539514780044556,7.590880870819092
1024,70.3146353337,9,2095.453369140625,True,0.9626545906066895,8.458996772766113,0.9564256072044373,8.453367233276367
1024,70.3146353337,10,2107.92626953125,True,1.2014726400375366,9.904195785522461,1.1919217109680176,9.896414756774902
1024,70.3146353337,11,2120.399169921875,True,1.3819862604141235,10.933467864990234,1.3727298974990845,10.921911239624023
1024,70.3146353337,12,2132.8720703125,True,1.5202605724334717,11.610994338989258,1.512701153755188,11.60572624206543
1024,70.3146353337,13,2145.344970703125,True,1.6027175188064575,12.337276458740234,1.5960533618927002,12.34347915649414
1024,70.3146353337,14,2157.818115234375,True,1.6198111772537231,12.650553703308105,1.6130692958831787,12.653234481811523
1024,70.3146353337,15,2170.291015625,True,1.6122145652770996,12.574447631835938,1.6050379276275635,12.572969436645508
1024,70.3146353337,16,2182.763916015625,True,1.5576999187469482,12.589402198791504,1.5513454675674438,12.59213638305664
1024,70.3146353337,17,2195.23681640625,True,1.4876470565795898,13.234129905700684,1.485075831413269,13.241508483886719
1024,70.3146353337,18,2207.709716796875,True,1.6170529127120972,14.159419059753418,1.612699270248413,14.164898872375488
1024,70.3146353337,19,2220.1826171875,True,1.810595154762268,15.01159381866455,1.804090142250061,15.016383171081543
1024,70.3146353337,20,2232.655517578125,True,1.9493626356124878,15.476073265075684,1.9436498880386353,15.483305931091309
1024,70.3146353337,21,2245.128662109375,True,2.057405471801758,16.024682998657227,2.053161382675171,16.04369354248047
1024,70.3146353337,22,2257.6015625,True,2.1314237117767334,16.645448684692383,2.1279821395874023,16.66813850402832
1024,70.3146353337,23,2270.074462890625,True,2.1803953647613525,16.994712829589844,2.1772406101226807,17.008630752563477
1024,70.3146353337,24,2282.54736328125,True,2.2042922973632812,17.158830642700195,2.201240062713623,17.1713809967041
1024,70.3146353337,25,2295.020263671875,True,2.1668930053710938,17.75782585144043,2.165713310241699,17.776397705078125
1024,70.3146353337,26,2307.4931640625,True,2.222486972808838,18.69663429260254,2.2210280895233154,18.7138729095459
1024,70.3146353337,27,2319.966064453125,True,2.4234676361083984,19.535762786865234,2.41888165473938,19.5487117767334
1024,70.3146353337,28,2332.439208984375,True,2.5909979343414307,20.039133071899414,2.585737705230713,20.053014755249023
1024,70.3146353337,29,2344.912109375,True,2.6938750743865967,20.319185256958008,2.689754009246826,20.33978843688965
1024,70.3146353337,30,2357.385009765625,True,2.7835164070129395,20.917617797851562,2.780708074569702,20.948823928833008
1024,70.3146353337,31,2369.85791015625,True,2.876973867416382,21.555727005004883,2.874901056289673,21.5811824798584
1024,70.3146353337,32,2382.330810546875,True,2.9674270153045654,21.882749557495117,2.965747356414795,21.90094757080078
1024,70.3146353337,33,2394.8037109375,True,2.994844436645508,22.198701858520508,2.9939894676208496,22.221603393554688
1024,70.3146353337,34,2407.27685546875,True,3.012727975845337,23.2064266204834,3.012294054031372,23.234167098999023
1024,70.3146353337,35,2419.749755859375,True,3.1745235919952393,24.17161750793457,3.170964479446411,24.193050384521484
1024,70.3146353337,36,2432.22265625,True,3.382331132888794,24.781612396240234,3.376746892929077,24.799869537353516
1024,70.3146353337,37,2444.695556640625,True,3.497467517852783,25.00470542907715,3.492283821105957,25.025585174560547
1024,70.3146353337,38,2457.16845703125,True,3.559389591217041,25.399547576904297,3.555664539337158,25.431066513061523
1024,70.3146353337,39,2469.641357421875,True,3.645190715789795,26.1116886138916,3.642523765563965,26.145404815673828
1024,70.3146353337,40,2482.1142578125,True,3.7687785625457764,26.65536117553711,3.766808271408081,26.6780948638916
1024,70.3146353337,41,2494.58740234375,True,3.8642427921295166,26.80487060546875,3.8628604412078857,26.827219009399414
1024,70.3146353337,42,2507.060302734375,True,3.8888611793518066,27.546796798706055,3.8883566856384277,27.578962326049805
1024,70.3146353337,43,2519.533203125,True,3.985102891921997,28.71288299560547,3.982328176498413,28.7440242767334
1024,70.3146353337,44,2532.006103515625,True,4.198258876800537,29.51308250427246,4.192429065704346,29.53738784790039
1024,70.3146353337,45,2544.47900390625,True,4.358994007110596,29.80437660217285,4.352548122406006,29.827436447143555
1024,70.3146353337,46,2556.951904296875,True,4.403106212615967,30.007308959960938,4.397777557373047,30.03711700439453
1024,70.3146353337,47,2569.4248046875,True,4.442079544067383,30.61722183227539,4.438310623168945,30.6557559967041
1024,70.3146353337,48,2581.89794921875,True,4.551516056060791,31.355636596679688,4.548504829406738,31.385875701904297
1040,70.3146353337,1,2195.23681640625,True,0.6251970529556274,3.7694475650787354,0.611629843711853,3.765024185180664
1040,70.3146353337,2,2207.709716796875,True,0.9013892412185669,5.814037322998047,0.8886542320251465,5.813397407531738
1040,70.3146353337,3,2220.1826171875,True,1.0280296802520752,6.768743515014648,1.016885757446289,6.77508544921875
1040,70.3146353337,4,2232.655517578125,True,1.1067928075790405,7.164170742034912,1.095281720161438,7.183345317840576
1040,70.3146353337,5,2245.128662109375,True,1.1011207103729248,7.6705427169799805,1.0914957523345947,7.689731597900391
1040,70.3146353337,6,2257.6015625,True,1.0688891410827637,7.781116485595703,1.059208631515503,7.802155494689941
1040,70.3146353337,7,2270.074462890625,True,0.9941376447677612,7.276309490203857,0.9846288561820984,7.298833847045898
1040,70.3146353337,8,2282.54736328125,True,0.8342928290367126,6.630089282989502,0.8303806185722351,6.6392107009887695
1040,70.3146353337,9,2295.020263671875,True,0.9016698002815247,7.33888053894043,0.8973144888877869,7.337477684020996
1040,70.3146353337,10,2307.4931640625,True,1.1626992225646973,8.935565948486328,1.1547348499298096,8.938321113586426
1040,70.3146353337,11,2319.966064453125,True,1.341845989227295,9.942816734313965,1.3343136310577393,9.953585624694824
1040,70.3146353337,12,2332.439208984375,True,1.4627816677093506,10.505790710449219,1.4550334215164185,10.528042793273926
1040,70.3146353337,13,2344.912109375,True,1.5188257694244385,10.781201362609863,1.5117974281311035,10.80810832977295
1040,70.3146353337,14,2357.385009765625,True,1.540831208229065,11.280921936035156,1.5353862047195435,11.31120491027832
1040,70.3146353337,15,2369.85791015625,True,1.5573583841323853,11.594184875488281,1.5522881746292114,11.623888969421387
1040,70.3146353337,16,2382.330810546875,True,1.5342833995819092,11.669425964355469,1.532051920890808,11.688282012939453
1040,70.3146353337,17,2394.8037109375,True,1.5481312274932861,11.805315017700195,1.547419786453247,11.810001373291016
1040,70.3146353337,18,2407.27685546875,True,1.7216686010360718,12.96072769165039,1.7172582149505615,12.967432975769043
1040,70.3146353337,19,2419.749755859375,True,1.9214887619018555,14.030922889709473,1.9161571264266968,14.045533180236816
1040,70.3146353337,20,2432.22265625,True,2.076993942260742,14.747196197509766,2.0714974403381348,14.76765251159668
1040,70.3146353337,21,2444.695556640625,True,2.157397508621216,15.014849662780762,2.151643753051758,15.039214134216309
1040,70.3146353337,22,2457.16845703125,True,2.1864013671875,15.375967025756836,2.1821000576019287,15.405289649963379
1040,70.3146353337,23,2469.641357421875,True,2.230853319168091,15.979048728942871,2.2275619506835938,16.011520385742188
1040,70.3146353337,24,2482.1142578125,True,2.2767531871795654,16.429235458374023,2.2749226093292236,16.452930450439453
1040,70.3146353337,25,2494.58740234375,True,2.3185157775878906,16.49448585510254,2.3182694911956787,16.505319595336914
1040,70.3146353337,26,2507.060302734375,True,2.429523468017578,17.17835807800293,2.426901340484619,17.18677520751953
1040,70.3146353337,27,2519.533203125,True,2.613084316253662,18.305850982666016,2.608180522918701,18.322982788085938
1040,70.3146353337,28,2532.006103515625,True,2.7990987300872803,19.182376861572266,2.794074296951294,19.20366668701172
1040,70.3146353337,29,2544.47900390625,True,2.9119672775268555,19.597349166870117,2.9063990116119385,19.619665145874023
1040,70.3146353337,30,2556.951904296875,True,2.9314918518066406,19.767868041992188,2.9266090393066406,19.793310165405273
1040,70.3146353337,31,2569.4248046875,True,2.957589626312256,20.332931518554688,2.954185724258423,20.365205764770508
1040,70.3146353337,32,2581.89794921875,True,3.023083448410034,21.0544376373291,3.0207743644714355,21.0814208984375
1040,70.3146353337,33,2594.370849609375,True,3.1009268760681152,21.28629493713379,3.1000943183898926,21.301698684692383
1040,70.3146353337,34,2606.84375,True,3.193584442138672,21.505794525146484,3.191683530807495,21.516069412231445
1040,70.3146353337,35,2619.316650390625,True,3.3384203910827637,22.523786544799805,3.333735466003418,22.542388916015625
1040,70.3146353337,36,2631.78955078125,True,3.5256166458129883,23.531700134277344,3.520261526107788,23.555620193481445
1040,70.3146353337,37,2644.262451171875,True,3.683412790298462,24.180667877197266,3.677537679672241,24.203563690185547
1040,70.3146353337,38,2656.7353515625,True,3.714142322540283,24.30110740661621,3.708281993865967,24.324140548706055
1040,70.3146353337,39,2669.20849609375,True,3.700021982192993,24.648174285888672,3.6956939697265625,24.67845916748047
1040,70.3146353337,40,2681.681396484375,True,3.7421762943267822,25.428857803344727,3.7390358448028564,25.459095001220703
1040,70.3146353337,41,2694.154296875,True,3.836346387863159,25.98859977722168,3.834613084793091,26.00787353515625
1040,70.3146353337,42,2706.627197265625,True,3.9393112659454346,25.957387924194336,3.937575578689575,25.969839096069336
1040,70.3146353337,43,2719.10009765625,True,4.055689334869385,26.642200469970703,4.051523208618164,26.661226272583008
1040,70.3146353337,44,2731.572998046875,True,4.214867115020752,27.720129013061523,4.209192276000977,27.74750328063965
1040,70.3146353337,45,2744.046142578125,True,4.400371551513672,28.55140495300293,4.394199848175049,28.577497482299805
1040,70.3146353337,46,2756.51904296875,True,4.474710464477539,28.804323196411133,4.468136787414551,28.82781410217285
1040,70.3146353337,47,2768.991943359375,True,4.43428373336792,28.949647903442383,4.4287567138671875,28.978199005126953
1040,70.3146353337,48,2781.46484375,True,4.426989555358887,29.591100692749023,4.423064231872559,29.625028610229492
1056,70.3146353337,1,2394.8037109375,True,0.6247950196266174,3.4621365070343018,0.6097630262374878,3.471344232559204
1056,70.3146353337,2,2407.27685546875,True,0.8873966336250305,6.022509574890137,0.8744163513183594,6.040485382080078
1056,70.3146353337,3,2419.749755859375,True,1.0287331342697144,7.059469699859619,1.019004464149475,7.087987899780273
1056,70.3146353337,4,2432.22265625,True,1.114255428314209,7.522027015686035,1.103588581085205,7.570062637329102
1056,70.3146353337,5,2444.695556640625,True,1.1053717136383057,7.583651065826416,1.0949387550354004,7.625298976898193
1056,70.3146353337,6,2457.16845703125,True,1.0703545808792114,7.430905342102051,1.060601830482483,7.467453956604004
1056,70.3146353337,7,2469.641357421875,True,1.0120421648025513,7.134420394897461,1.0033903121948242,7.170812129974365
1056,70.3146353337,8,2482.1142578125,True,0.8836644887924194,6.751681804656982,0.8808085918426514,6.768450736999512
1056,70.3146353337,9,2494.58740234375,True,1.0031118392944336,7.00014066696167,0.9988738298416138,6.994597434997559
1056,70.3146353337,10,2507.060302734375,True,1.2413889169692993,8.391451835632324,1.234026312828064,8.394538879394531
1056,70.3146353337,11,2519.533203125,True,1.409979224205017,9.6681547164917,1.4038461446762085,9.684225082397461
1056,70.3146353337,12,2532.006103515625,True,1.5506948232650757,10.482258796691895,1.5443029403686523,10.51257038116455
1056,70.3146353337,13,2544.47900390625,True,1.6182525157928467,10.964137077331543,1.6111479997634888,10.997814178466797
1056,70.3146353337,14,2556.951904296875,True,1.6233993768692017,11.040709495544434,1.61702561378479,11.071463584899902
1056,70.3146353337,15,2569.4248046875,True,1.6282310485839844,11.287708282470703,1.6229914426803589,11.32625961303711
1056,70.3146353337,16,2581.89794921875,True,1.6113862991333008,11.618666648864746,1.6092075109481812,11.645893096923828
1056,70.3146353337,17,2594.370849609375,True,1.6898363828659058,11.747119903564453,1.6883440017700195,11.747629165649414
1056,70.3146353337,18,2606.84375,True,1.8819037675857544,12.34512710571289,1.8767763376235962,12.343009948730469
1056,70.3146353337,19,2619.316650390625,True,2.0433950424194336,13.501632690429688,2.0384247303009033,13.516792297363281
1056,70.3146353337,20,2631.78955078125,True,2.2027080059051514,14.464216232299805,2.19809627532959,14.488884925842285
1056,70.3146353337,21,2644.262451171875,True,2.3204338550567627,15.187880516052246,2.3146872520446777,15.21639347076416
1056,70.3146353337,22,2656.7353515625,True,2.344144821166992,15.34931468963623,2.3384745121002197,15.374259948730469
1056,70.3146353337,23,2669.20849609375,True,2.3463492393493652,15.58380126953125,2.3419349193573,15.616405487060547
1056,70.3146353337,24,2681.681396484375,True,2.362928628921509,16.19914436340332,2.3602864742279053,16.230955123901367
1056,70.3146353337,25,2694.154296875,True,2.436972141265869,16.617151260375977,2.435802698135376,16.626708984375
1056,70.3146353337,26,2706.627197265625,True,2.6063108444213867,16.729433059692383,2.602224349975586,16.725391387939453
1056,70.3146353337,27,2719.10009765625,True,2.7591309547424316,17.5787296295166,2.7539994716644287,17.590852737426758
1056,70.3146353337,28,2731.572998046875,True,2.908437728881836,18.633882522583008,2.903841972351074,18.657955169677734
1056,70.3146353337,29,2744.046142578125,True,3.0606818199157715,19.509899139404297,3.0553035736083984,19.535627365112305
1056,70.3146353337,30,2756.51904296875,True,3.1138229370117188,19.852222442626953,3.107848644256592,19.874265670776367
1056,70.3146353337,31,2768.991943359375,True,3.0964648723602295,19.956693649291992,3.091449737548828,19.982192993164062
1056,70.3146353337,32,2781.46484375,True,3.099454641342163,20.540016174316406,3.0960142612457275,20.571941375732422
1056,70.3146353337,33,2793.937744140625,True,3.1600136756896973,21.222068786621094,3.15822172164917,21.23965835571289
1056,70.3146353337,34,2806.41064453125,True,3.315185785293579,21.317188262939453,3.311765670776367,21.31631851196289
1056,70.3146353337,35,2818.883544921875,True,3.4712281227111816,21.69859504699707,3.465791702270508,21.705827713012695
1056,70.3146353337,36,2831.356689453125,True,3.602206230163574,22.743751525878906,3.5970847606658936,22.768203735351562
1056,70.3146353337,37,2843.82958984375,True,3.7648017406463623,23.74917221069336,3.7594246864318848,23.77566909790039
1056,70.3146353337,38,2856.302490234375,True,3.8646812438964844,24.308563232421875,3.858264207839966,24.330846786499023
1056,70.3146353337,39,2868.775390625,True,3.8431801795959473,24.36068344116211,3.8371338844299316,24.382230758666992
1056,70.3146353337,40,2881.248291015625,True,3.809534788131714,24.734092712402344,3.805168390274048,24.763946533203125
1056,70.3146353337,41,2893.72119140625,True,3.839426040649414,25.544214248657227,3.836681365966797,25.56855010986328
1056,70.3146353337,42,2906.194091796875,True,3.9742891788482666,25.911792755126953,3.971339464187622,25.91770362854004
1056,70.3146353337,43,2918.667236328125,True,4.141967296600342,25.91436004638672,4.136562824249268,25.918424606323242
1056,70.3146353337,44,2931.14013671875,True,4.262507915496826,26.726755142211914,4.256942272186279,26.749723434448242
1056,70.3146353337,45,2943.613037109375,True,4.407352447509766,27.804288864135742,4.401873588562012,27.83375358581543
1056,70.3146353337,46,2956.0859375,True,4.551753997802734,28.603168487548828,4.545170783996582,28.628376007080078
1056,70.3146353337,47,2968.558837890625,True,4.558461666107178,28.724225997924805,4.551602363586426,28.745683670043945
1056,70.3146353337,48,2981.03173828125,True,4.492250919342041,28.887975692749023,4.486843109130859,28.915855407714844
1072,70.3146353337,1,2594.370849609375,True,0.6262375712394714,3.239179849624634,0.610843300819397,3.2575507164001465
1072,70.3146353337,2,2606.84375,True,0.8737706542015076,5.543564796447754,0.8603221774101257,5.569790840148926
1072,70.3146353337,3,2619.316650390625,True,1.0108071565628052,7.069190502166748,1.0017904043197632,7.098942756652832
1072,70.3146353337,4,2631.78955078125,True,1.1228525638580322,7.704840660095215,1.1140267848968506,7.751204013824463
1072,70.3146353337,5,2644.262451171875,True,1.1341359615325928,8.060698509216309,1.1250373125076294,8.107314109802246
1072,70.3146353337,6,2656.7353515625,True,1.0926491022109985,7.559010982513428,1.0824503898620605,7.59451150894165
1072,70.3146353337,7,2669.20849609375,True,1.015097737312317,6.976728916168213,1.0064493417739868,7.0099263191223145
1072,70.3146353337,8,2681.681396484375,True,0.8954127430915833,6.794088363647461,0.8922537565231323,6.812740802764893
1072,70.3146353337,9,2694.154296875,True,1.0314826965332031,7.3358564376831055,1.026712417602539,7.328787326812744
1072,70.3146353337,10,2706.627197265625,True,1.278842568397522,8.13921070098877,1.2712583541870117,8.134319305419922
1072,70.3146353337,11,2719.10009765625,True,1.42523193359375,9.308374404907227,1.4200587272644043,9.319415092468262
1072,70.3146353337,12,2731.572998046875,True,1.5659717321395874,10.274030685424805,1.5613393783569336,10.299169540405273
1072,70.3146353337,13,2744.046142578125,True,1.6673671007156372,11.108763694763184,1.661808967590332,11.140804290771484
1072,70.3146353337,14,2756.51904296875,True,1.69327712059021,11.367000579833984,1.6870088577270508,11.393763542175293
1072,70.3146353337,15,2768.991943359375,True,1.6709694862365723,11.20543098449707,1.6652034521102905,11.234461784362793
1072,70.3146353337,16,2781.46484375,True,1.632817029953003,11.458744049072266,1.6302777528762817,11.486480712890625
1072,70.3146353337,17,2793.937744140625,True,1.7098608016967773,11.995814323425293,1.7076518535614014,11.995388984680176
1072,70.3146353337,18,2806.41064453125,True,1.9336276054382324,12.444375038146973,1.9278002977371216,12.431669235229492
1072,70.3146353337,19,2818.883544921875,True,2.0884029865264893,13.137934684753418,2.0835988521575928,13.142082214355469
1072,70.3146353337,20,2831.356689453125,True,2.2185006141662598,14.154836654663086,2.214991569519043,14.175118446350098
1072,70.3146353337,21,2843.82958984375,True,2.358228921890259,15.10007095336914,2.3540258407592773,15.126213073730469
1072,70.3146353337,22,2856.302490234375,True,2.4346680641174316,15.724020004272461,2.4294683933258057,15.74669075012207
1072,70.3146353337,23,2868.775390625,True,2.4284563064575195,15.69324016571045,2.4232189655303955,15.715174674987793
1072,70.3146353337,24,2881.248291015625,True,2.398989200592041,15.920421600341797,2.395798683166504,15.949002265930176
1072,70.3146353337,25,2893.72119140625,True,2.4421160221099854,16.612638473510742,2.440145254135132,16.6240234375
1072,70.3146353337,26,2906.194091796875,True,2.6360583305358887,17.094797134399414,2.6311299800872803,17.083223342895508
1072,70.3146353337,27,2918.667236328125,True,2.8130719661712646,17.358919143676758,2.807440996170044,17.35590934753418
1072,70.3146353337,28,2931.14013671875,True,2.9280953407287598,18.232648849487305,2.924177885055542,18.25033187866211
1072,70.3146353337,29,2943.613037109375,True,3.0676310062408447,19.247711181640625,3.06359601020813,19.272340774536133
1072,70.3146353337,30,2956.0859375,True,3.188394069671631,20.11989974975586,3.183185338973999,20.14161491394043
1072,70.3146353337,31,2968.558837890625,True,3.204796552658081,20.257808685302734,3.1991257667541504,20.275266647338867
1072,70.3146353337,32,2981.03173828125,True,3.159619092941284,20.32855224609375,3.155327320098877,20.352493286132812
1072,70.3146353337,33,2993.504638671875,True,3.1599442958831787,20.968833923339844,3.157379150390625,20.98949432373047
1072,70.3146353337,34,3005.977783203125,True,3.307352304458618,21.659879684448242,3.3030974864959717,21.656278610229492
1072,70.3146353337,35,3018.45068359375,True,3.507016658782959,21.776147842407227,3.500706672668457,21.768714904785156
1072,70.3146353337,36,3030.923583984375,True,3.626265287399292,22.294864654541016,3.6213629245758057,22.307828903198242
1072,70.3146353337,37,3043.396484375,True,3.7454254627227783,23.336488723754883,3.741096019744873,23.36191177368164
1072,70.3146353337,38,3055.869384765625,True,3.888418436050415,24.307220458984375,3.883091688156128,24.330326080322266
1072,70.3146353337,39,3068.34228515625,True,3.946523666381836,24.719837188720703,3.9403140544891357,24.73699378967285
1072,70.3146353337,40,3080.8154296875,True,3.894955635070801,24.701814651489258,3.889436960220337,24.72130584716797
1072,70.3146353337,41,3093.288330078125,True,3.848865270614624,25.133995056152344,3.845435857772827,25.159095764160156
1072,70.3146353337,42,3105.76123046875,True,3.9353084564208984,25.967731475830078,3.93153715133667,25.975990295410156
1072,70.3146353337,43,3118.234130859375,True,4.138498783111572,26.24949836730957,4.13218355178833,26.243309020996094
1072,70.3146353337,44,3130.70703125,True,4.283461570739746,26.38025665283203,4.2775139808654785,26.387510299682617
1072,70.3146353337,45,3143.179931640625,True,4.381969928741455,27.287948608398438,4.377273082733154,27.313587188720703
1072,70.3146353337,46,3155.65283203125,True,4.520265579223633,28.335922241210938,4.514974117279053,28.362842559814453
1072,70.3146353337,47,3168.1259765625,True,4.627013206481934,28.99538230895996,4.620476245880127,29.01575469970703
1072,70.3146353337,48,3180.598876953125,True,4.595691204071045,29.029211044311523,4.589182376861572,29.047658920288086
3874,100.352251335,1,876.6906127929688,True,0.6653882265090942,3.853661298751831,0.6506330966949463,3.7682619094848633
3874,100.352251335,2,884.5181884765625,True,0.9130519032478333,6.049603462219238,0.9013499021530151,5.922168254852295
3874,100.352251335,3,892.3457641601562,True,1.026117205619812,7.315149307250977,1.0174906253814697,7.17397403717041
3874,100.352251335,4,900.1734008789062,True,1.0686862468719482,8.04562759399414,1.0598764419555664,7.9111151695251465
3874,100.352251335,5,908.0009765625,True,1.077279806137085,7.634359359741211,1.0670911073684692,7.511539936065674
3874,100.352251335,6,915.8285522460938,True,1.0816283226013184,6.722903251647949,1.0672028064727783,6.616854667663574
3874,100.352251335,7,923.6561889648438,True,1.0478949546813965,5.597900390625,1.0288265943527222,5.5030035972595215
3874,100.352251335,8,931.4837646484375,True,0.9670147895812988,4.828869819641113,0.9541812539100647,4.784377098083496
3874,100.352251335,9,939.3113403320312,True,1.0591342449188232,4.766953945159912,1.0475369691848755,4.738200664520264
3874,100.352251335,10,947.1389770507812,True,1.2088916301727295,5.475050926208496,1.1969531774520874,5.398577690124512
3874,100.352251335,11,954.966552734375,True,1.3142690658569336,6.375515460968018,1.305364727973938,6.275561332702637
3874,100.352251335,12,962.7941284179688,True,1.3718501329421997,7.08065128326416,1.36495041847229,6.992386817932129
3874,100.352251335,13,970.6217651367188,True,1.381178617477417,7.136590003967285,1.3745816946029663,7.063377857208252
3874,100.352251335,14,978.4493408203125,True,1.3621147871017456,6.958199977874756,1.3532272577285767,6.881350994110107
3874,100.352251335,15,986.2769165039062,True,1.350663661956787,6.939907550811768,1.3370673656463623,6.863550662994385
3874,100.352251335,16,994.1044921875,True,1.3188804388046265,6.856016159057617,1.308857798576355,6.82133150100708
3874,100.352251335,17,1001.93212890625,True,1.3578240871429443,6.6056976318359375,1.3509376049041748,6.602828025817871
3874,100.352251335,18,1009.7597045898438,True,1.4394052028656006,6.685748100280762,1.431562900543213,6.646853446960449
3874,100.352251335,19,1017.5872802734375,True,1.50620436668396,7.277807712554932,1.500229001045227,7.213091850280762
3874,100.352251335,20,1025.4149169921875,True,1.557300329208374,7.775899887084961,1.5530767440795898,7.725634574890137
3874,100.352251335,21,1033.2425537109375,True,1.5799840688705444,7.835081100463867,1.5766570568084717,7.802862167358398
3874,100.352251335,22,1041.070068359375,True,1.5634765625,7.7440185546875,1.5594446659088135,7.700963973999023
3874,100.352251335,23,1048.897705078125,True,1.543267011642456,7.95892333984375,1.5348576307296753,7.909449100494385
3874,100.352251335,24,1056.7252197265625,True,1.5108639001846313,8.186084747314453,1.5037415027618408,8.1668062210083
3874,100.352251335,25,1064.5528564453125,True,1.5286622047424316,8.055360794067383,1.5251966714859009,8.06744384765625
3874,100.352251335,26,1072.3804931640625,True,1.592184066772461,7.95435094833374,1.5880554914474487,7.939671039581299
3874,100.352251335,27,1080.2080078125,True,1.640870451927185,8.404515266418457,1.6379691362380981,8.36545181274414
3874,100.352251335,28,1088.03564453125,True,1.6923894882202148,8.842263221740723,1.6909254789352417,8.818561553955078
3874,100.352251335,29,1095.86328125,True,1.7417216300964355,8.902904510498047,1.7411898374557495,8.898649215698242
3874,100.352251335,30,1103.6907958984375,True,1.751021146774292,8.826754570007324,1.750920295715332,8.810559272766113
3874,100.352251335,31,1111.5184326171875,True,1.7381181716918945,9.081055641174316,1.734315037727356,9.054328918457031
3874,100.352251335,32,1119.3460693359375,True,1.7073497772216797,9.426883697509766,1.7031927108764648,9.42265796661377
3874,100.352251335,33,1127.173583984375,True,1.7144849300384521,9.428190231323242,1.7139874696731567,9.45305061340332
3874,100.352251335,34,1135.001220703125,True,1.7790231704711914,9.272944450378418,1.7782379388809204,9.276592254638672
3874,100.352251335,35,1142.828857421875,True,1.8259996175765991,9.65257740020752,1.82593834400177,9.632766723632812
3874,100.352251335,36,1150.6563720703125,True,1.8806394338607788,10.0780668258667,1.8816252946853638,10.072286605834961
3874,100.352251335,37,1158.4840087890625,True,1.9499682188034058,10.180830955505371,1.9516425132751465,10.194756507873535
3874,100.352251335,38,1166.3116455078125,True,1.984346628189087,10.125798225402832,1.9869827032089233,10.127985954284668
3874,100.352251335,39,1174.13916015625,True,1.9830527305603027,10.380125999450684,1.982735276222229,10.370471000671387
3874,100.352251335,40,1181.966796875,True,1.9584752321243286,10.763082504272461,1.9566764831542969,10.770387649536133
3874,100.352251335,41,1189.79443359375,True,1.9603360891342163,10.836176872253418,1.9621011018753052,10.870133399963379
3874,100.352251335,42,1197.6219482421875,True,2.027771472930908,10.66343879699707,2.029625415802002,10.680521011352539
3874,100.352251335,43,1205.4495849609375,True,2.078319787979126,10.998184204101562,2.0804443359375,10.992698669433594
3874,100.352251335,44,1213.2772216796875,True,2.1354286670684814,11.431751251220703,2.1381850242614746,11.438155174255371
3874,100.352251335,45,1221.104736328125,True,2.215219020843506,11.5545015335083,2.218430757522583,11.579899787902832
3874,100.352251335,46,1228.932373046875,True,2.263996124267578,11.523391723632812,2.268354892730713,11.538715362548828
3874,100.352251335,47,1236.760009765625,True,2.269984483718872,11.791888236999512,2.2720253467559814,11.794550895690918
3874,100.352251335,48,1244.5875244140625,True,2.253276824951172,12.203125953674316,2.2530429363250732,12.218609809875488
3882,100.352251335,1,939.3113403320312,True,0.5442785620689392,2.7768099308013916,0.527895450592041,2.6875598430633545
3882,100.352251335,2,947.1389770507812,True,0.7486326098442078,4.437148094177246,0.7341839671134949,4.316133499145508
3882,100.352251335,3,954.966552734375,True,0.8352872729301453,5.02194356918335,0.8248215317726135,4.888296604156494
3882,100.352251335,4,962.7941284179688,True,0.8691550493240356,5.252195358276367,0.8583539128303528,5.118079662322998
3882,100.352251335,5,970.6217651367188,True,0.8586570620536804,4.935500621795654,0.8484383821487427,4.813762187957764
3882,100.352251335,6,978.4493408203125,True,0.825210452079773,4.351872444152832,0.8114294409751892,4.254127502441406
3882,100.352251335,7,986.2769165039062,True,0.7523230910301208,3.7483904361724854,0.7341144680976868,3.675485134124756
3882,100.352251335,8,994.1044921875,True,0.600135862827301,3.2787117958068848,0.588512122631073,3.2443430423736572
3882,100.352251335,9,1001.93212890625,True,0.7267937660217285,3.813330888748169,0.7132782936096191,3.7693228721618652
3882,100.352251335,10,1009.7597045898438,True,0.86309814453125,4.483962535858154,0.8497670292854309,4.4001946449279785
3882,100.352251335,11,1017.5872802734375,True,0.9500662684440613,5.053167343139648,0.9403791427612305,4.958556652069092
3882,100.352251335,12,1025.4149169921875,True,1.008823275566101,5.349335670471191,1.000605821609497,5.2711052894592285
3882,100.352251335,13,1033.2425537109375,True,1.0413310527801514,5.365200519561768,1.0343302488327026,5.3038010597229
3882,100.352251335,14,1041.070068359375,True,1.0347981452941895,5.1959428787231445,1.0267038345336914,5.131494045257568
3882,100.352251335,15,1048.897705078125,True,1.000203013420105,5.154931545257568,0.9885665774345398,5.099221229553223
3882,100.352251335,16,1056.7252197265625,True,0.8972374796867371,5.164852142333984,0.8902973532676697,5.144069194793701
3882,100.352251335,17,1064.5528564453125,True,0.9576315879821777,5.472328186035156,0.950303316116333,5.461206912994385
3882,100.352251335,18,1072.3804931640625,True,1.0571315288543701,5.769092082977295,1.0490148067474365,5.723752021789551
3882,100.352251335,19,1080.2080078125,True,1.1248693466186523,6.176934242248535,1.1193106174468994,6.117208003997803
3882,100.352251335,20,1088.03564453125,True,1.1857293844223022,6.444427967071533,1.1812927722930908,6.405100345611572
3882,100.352251335,21,1095.86328125,True,1.2455308437347412,6.555786609649658,1.2420355081558228,6.53512716293335
3882,100.352251335,22,1103.6907958984375,True,1.2690283060073853,6.508192539215088,1.265854001045227,6.476791858673096
3882,100.352251335,23,1111.5184326171875,True,1.2601016759872437,6.574553489685059,1.2540048360824585,6.540343284606934
3882,100.352251335,24,1119.3460693359375,True,1.1826555728912354,6.708837509155273,1.1791332960128784,6.701170444488525
3882,100.352251335,25,1127.173583984375,True,1.2113779783248901,6.978884220123291,1.2085068225860596,6.987428665161133
3882,100.352251335,26,1135.001220703125,True,1.2992066144943237,7.142358779907227,1.2955266237258911,7.123076915740967
3882,100.352251335,27,1142.828857421875,True,1.3587563037872314,7.485407829284668,1.3568577766418457,7.449469089508057
3882,100.352251335,28,1150.6563720703125,True,1.4180803298950195,7.751755237579346,1.4169327020645142,7.735154628753662
3882,100.352251335,29,1158.4840087890625,True,1.492187738418579,7.906868934631348,1.4915255308151245,7.910558700561523
3882,100.352251335,30,1166.3116455078125,True,1.5375088453292847,7.910855770111084,1.5377517938613892,7.901370525360107
3882,100.352251335,31,1174.13916015625,True,1.5476844310760498,8.01284122467041,1.5455182790756226,7.995263576507568
3882,100.352251335,32,1181.966796875,True,1.490774393081665,8.1774263381958,1.4896068572998047,8.18063735961914
3882,100.352251335,33,1189.79443359375,True,1.5014580488204956,8.406671524047852,1.5017555952072144,8.42922306060791
3882,100.352251335,34,1197.6219482421875,True,1.583096981048584,8.502927780151367,1.5827631950378418,8.502477645874023
3882,100.352251335,35,1205.4495849609375,True,1.6402255296707153,8.824759483337402,1.6410503387451172,8.805374145507812
3882,100.352251335,36,1213.2772216796875,True,1.6976855993270874,9.108421325683594,1.6989223957061768,9.106035232543945
3882,100.352251335,37,1221.104736328125,True,1.7769770622253418,9.263419151306152,1.7783366441726685,9.281759262084961
3882,100.352251335,38,1228.932373046875,True,1.8333842754364014,9.29903793334961,1.8358521461486816,9.305039405822754
3882,100.352251335,39,1236.760009765625,True,1.853845477104187,9.443708419799805,1.8543355464935303,9.438373565673828
3882,100.352251335,40,1244.5875244140625,True,1.8136823177337646,9.63719367980957,1.81402587890625,9.64850902557373
3882,100.352251335,41,1252.4151611328125,True,1.8164021968841553,9.825851440429688,1.8188215494155884,9.857864379882812
3882,100.352251335,42,1260.2427978515625,True,1.8950307369232178,9.857742309570312,1.8971182107925415,9.871752738952637
3882,100.352251335,43,1268.0703125,True,1.9528800249099731,10.164027214050293,1.9556283950805664,10.157246589660645
3882,100.352251335,44,1275.89794921875,True,2.009310722351074,10.490367889404297,2.0121612548828125,10.497664451599121
3882,100.352251335,45,1283.7254638671875,True,2.0904648303985596,10.641249656677246,2.0932071208953857,10.668962478637695
3882,100.352251335,46,1291.5531005859375,True,2.1526238918304443,10.69980525970459,2.156500816345215,10.716617584228516
3882,100.352251335,47,1299.3807373046875,True,2.1767280101776123,10.887770652770996,2.1789979934692383,10.892044067382812
3882,100.352251335,48,1307.208251953125,True,2.1503026485443115,11.113457679748535,2.1515707969665527,11.130595207214355
3898,100.352251335,1,1064.5528564453125,True,0.5070593953132629,2.386314630508423,0.4862920343875885,2.310105800628662
3898,100.352251335,2,1072.3804931640625,True,0.6876763105392456,3.4840211868286133,0.669145405292511,3.388230800628662
3898,100.352251335,3,1080.2080078125,True,0.7649128437042236,3.9752635955810547,0.750328540802002,3.8931806087493896
3898,100.352251335,4,1088.03564453125,True,0.7912812829017639,4.058781623840332,0.777123212814331,3.9735636711120605
3898,100.352251335,5,1095.86328125,True,0.7906655073165894,3.9911322593688965,0.7786766886711121,3.908238172531128
3898,100.352251335,6,1103.6907958984375,True,0.749677300453186,3.6110217571258545,0.7359583377838135,3.5472452640533447
3898,100.352251335,7,1111.5184326171875,True,0.6585105061531067,3.2509212493896484,0.6428866982460022,3.217167377471924
3898,100.352251335,8,1119.3460693359375,True,0.48164501786231995,2.968651056289673,0.47235727310180664,2.9433562755584717
3898,100.352251335,9,1127.173583984375,True,0.6493114829063416,3.7897613048553467,0.6335444450378418,3.7356324195861816
3898,100.352251335,10,1135.001220703125,True,0.7938103079795837,4.355438232421875,0.7787421345710754,4.278639793395996
3898,100.352251335,11,1142.828857421875,True,0.8685583472251892,4.743774890899658,0.8570079803466797,4.67501163482666
3898,100.352251335,12,1150.6563720703125,True,0.9109300374984741,4.921769142150879,0.9004755616188049,4.871485710144043
3898,100.352251335,13,1158.4840087890625,True,0.9513130187988281,5.116997718811035,0.9424422979354858,5.080127716064453
3898,100.352251335,14,1166.3116455078125,True,0.9586418271064758,5.082830429077148,0.950049638748169,5.0415425300598145
3898,100.352251335,15,1174.13916015625,True,0.9283274412155151,4.96339225769043,0.9188575744628906,4.9305267333984375
3898,100.352251335,16,1181.966796875,True,0.8202521800994873,4.862627983093262,0.8155675530433655,4.846409320831299
3898,100.352251335,17,1189.79443359375,True,0.9080224633216858,5.3673481941223145,0.8990294337272644,5.346247673034668
3898,100.352251335,18,1197.6219482421875,True,1.0227797031402588,5.7530837059021,1.0132453441619873,5.708404064178467
3898,100.352251335,19,1205.4495849609375,True,1.088820457458496,6.0711565017700195,1.081843376159668,6.023566246032715
3898,100.352251335,20,1213.2772216796875,True,1.1337445974349976,6.245273590087891,1.1274813413619995,6.2195305824279785
3898,100.352251335,21,1221.104736328125,True,1.190073847770691,6.485229015350342,1.1847059726715088,6.47603178024292
3898,100.352251335,22,1228.932373046875,True,1.2251063585281372,6.569577693939209,1.2208186388015747,6.548666000366211
3898,100.352251335,23,1236.760009765625,True,1.2291040420532227,6.532373905181885,1.2240822315216064,6.507285118103027
3898,100.352251335,24,1244.5875244140625,True,1.1581724882125854,6.475492000579834,1.156126856803894,6.468160629272461
3898,100.352251335,25,1252.4151611328125,True,1.2074544429779053,6.823237419128418,1.2031679153442383,6.823793888092041
3898,100.352251335,26,1260.2427978515625,True,1.3046356439590454,7.113307952880859,1.2995437383651733,7.093066692352295
3898,100.352251335,27,1268.0703125,True,1.3638962507247925,7.408458709716797,1.3606030941009521,7.376603603363037
3898,100.352251335,28,1275.89794921875,True,1.4082285165786743,7.600368022918701,1.4052703380584717,7.588633060455322
3898,100.352251335,29,1283.7254638671875,True,1.4707592725753784,7.8197197914123535,1.4681236743927002,7.827202796936035
3898,100.352251335,30,1291.5531005859375,True,1.5196958780288696,7.948081970214844,1.5183626413345337,7.942200660705566
3898,100.352251335,31,1299.3807373046875,True,1.5412406921386719,7.976498603820801,1.5392143726348877,7.960366249084473
3898,100.352251335,32,1307.208251953125,True,1.4936376810073853,7.951681137084961,1.493283987045288,7.951871395111084
3898,100.352251335,33,1315.035888671875,True,1.522802710533142,8.200706481933594,1.5217151641845703,8.215906143188477
3898,100.352251335,34,1322.863525390625,True,1.6108449697494507,8.41749382019043,1.6090173721313477,8.415155410766602
3898,100.352251335,35,1330.6910400390625,True,1.6674386262893677,8.711763381958008,1.6668083667755127,8.69260025024414
3898,100.352251335,36,1338.5186767578125,True,1.7117427587509155,8.937186241149902,1.7111371755599976,8.934852600097656
3898,100.352251335,37,1346.3463134765625,True,1.777462124824524,9.123644828796387,1.7767810821533203,9.14230728149414
3898,100.352251335,38,1354.173828125,True,1.8343517780303955,9.259571075439453,1.8349883556365967,9.26546859741211
3898,100.352251335,39,1362.00146484375,True,1.8638319969177246,9.359935760498047,1.8638578653335571,9.352299690246582
3898,100.352251335,40,1369.8291015625,True,1.8326256275177002,9.39688491821289,1.8333616256713867,9.403176307678223
3898,100.352251335,41,1377.6566162109375,True,1.8522248268127441,9.579179763793945,1.8533177375793457,9.604047775268555
3898,100.352251335,42,1385.4842529296875,True,1.938185453414917,9.70970344543457,1.9387325048446655,9.721055030822754
3898,100.352251335,43,1393.3118896484375,True,1.9965639114379883,10.01064682006836,1.997802972793579,10.00224781036377
3898,100.352251335,44,1401.139404296875,True,2.0424535274505615,10.303194999694824,2.0434648990631104,10.308144569396973
3898,100.352251335,45,1408.967041015625,True,2.110966682434082,10.45283317565918,2.1116280555725098,10.479251861572266
3898,100.352251335,46,1416.794677734375,True,2.1740593910217285,10.575830459594727,2.1759371757507324,10.59146785736084
3898,100.352251335,47,1424.6221923828125,True,2.2062885761260986,10.747312545776367,2.2076568603515625,10.746986389160156
3898,100.352251335,48,1432.4498291015625,True,2.187497615814209,10.875075340270996,2.1888372898101807,10.886077880859375
3914,100.352251335,1,1189.79443359375,True,0.5072542428970337,2.414337635040283,0.48449909687042236,2.344588041305542
3914,100.352251335,2,1197.6219482421875,True,0.6896480917930603,3.4458413124084473,0.6699811816215515,3.3674983978271484
3914,100.352251335,3,1205.4495849609375,True,0.7742882966995239,3.9740114212036133,0.7584631443023682,3.9220128059387207
3914,100.352251335,4,1213.2772216796875,True,0.7987914681434631,4.081068992614746,0.7836790084838867,4.026288032531738
3914,100.352251335,5,1221.104736328125,True,0.7971970438957214,4.065522193908691,0.7844127416610718,4.003305435180664
3914,100.352251335,6,1228.932373046875,True,0.7540681958198547,3.6965510845184326,0.7399957776069641,3.6476035118103027
3914,100.352251335,7,1236.760009765625,True,0.6592700481414795,3.311546564102173,0.6445618271827698,3.286978244781494
3914,100.352251335,8,1244.5875244140625,True,0.49674105644226074,3.0126101970672607,0.48837006092071533,2.98970627784729
3914,100.352251335,9,1252.4151611328125,True,0.6688826084136963,3.8071744441986084,0.6527583599090576,3.7539188861846924
3914,100.352251335,10,1260.2427978515625,True,0.8157311677932739,4.415282726287842,0.8002403378486633,4.347757816314697
3914,100.352251335,11,1268.0703125,True,0.893324077129364,4.831474304199219,0.8811556696891785,4.7743964195251465
3914,100.352251335,12,1275.89794921875,True,0.9277693033218384,5.003316402435303,0.9166499376296997,4.9630937576293945
3914,100.352251335,13,1283.7254638671875,True,0.9605892896652222,5.181057929992676,0.9509363174438477,5.152135848999023
3914,100.352251335,14,1291.5531005859375,True,0.9665302038192749,5.1915435791015625,0.9574933052062988,5.1594157218933105
3914,100.352251335,15,1299.3807373046875,True,0.9360805153846741,5.0678839683532715,0.9272469878196716,5.039317607879639
3914,100.352251335,16,1307.208251953125,True,0.842958390712738,4.9138503074646,0.8388175368309021,4.897125244140625
3914,100.352251335,17,1315.035888671875,True,0.9372755885124207,5.384161472320557,0.9277883172035217,5.362673282623291
3914,100.352251335,18,1322.863525390625,True,1.0538380146026611,5.821658611297607,1.0437376499176025,5.783350944519043
3914,100.352251335,19,1330.6910400390625,True,1.1209216117858887,6.154904365539551,1.1132382154464722,6.112790107727051
3914,100.352251335,20,1338.5186767578125,True,1.158028483390808,6.319884300231934,1.151009202003479,6.297025203704834
3914,100.352251335,21,1346.3463134765625,True,1.2048097848892212,6.532890319824219,1.198574185371399,6.527315616607666
3914,100.352251335,22,1354.173828125,True,1.2378084659576416,6.661126613616943,1.2328435182571411,6.645472526550293
3914,100.352251335,23,1362.00146484375,True,1.241800308227539,6.631378650665283,1.2370418310165405,6.6077775955200195
3914,100.352251335,24,1369.8291015625,True,1.184077501296997,6.525087356567383,1.182357668876648,6.515683174133301
3914,100.352251335,25,1377.6566162109375,True,1.2407408952713013,6.834690093994141,1.2358343601226807,6.834198474884033
3914,100.352251335,26,1385.4842529296875,True,1.33981454372406,7.163888931274414,1.3340542316436768,7.148437976837158
3914,100.352251335,27,1393.3118896484375,True,1.3997509479522705,7.471875190734863,1.3956999778747559,7.443180561065674
3914,100.352251335,28,1401.139404296875,True,1.437801480293274,7.662520408630371,1.4340516328811646,7.650808334350586
3914,100.352251335,29,1408.967041015625,True,1.490666151046753,7.845941066741943,1.4871162176132202,7.854944229125977
3914,100.352251335,30,1416.794677734375,True,1.5383024215698242,8.00516414642334,1.5361320972442627,8.00318431854248
3914,100.352251335,31,1424.6221923828125,True,1.559805989265442,8.051823616027832,1.5577678680419922,8.034998893737793
3914,100.352251335,32,1432.4498291015625,True,1.5233567953109741,8.005571365356445,1.5232186317443848,8.002686500549316
3914,100.352251335,33,1440.2774658203125,True,1.5598647594451904,8.213322639465332,1.5581120252609253,8.226666450500488
3914,100.352251335,34,1448.10498046875,True,1.6511989831924438,8.452486991882324,1.6486502885818481,8.454380989074707
3914,100.352251335,35,1455.9326171875,True,1.7094018459320068,8.755226135253906,1.7079912424087524,8.737405776977539
3914,100.352251335,36,1463.76025390625,True,1.749573826789856,9.003158569335938,1.7481554746627808,8.999238967895508
3914,100.352251335,37,1471.5877685546875,True,1.8061836957931519,9.145407676696777,1.804581642150879,9.164132118225098
3914,100.352251335,38,1479.4154052734375,True,1.8631362915039062,9.295897483825684,1.8628336191177368,9.304978370666504
3914,100.352251335,39,1487.2430419921875,True,1.8931434154510498,9.420306205749512,1.8929557800292969,9.410991668701172
3914,100.352251335,40,1495.070556640625,True,1.870902419090271,9.460174560546875,1.8717756271362305,9.462443351745605
3914,100.352251335,41,1502.898193359375,True,1.89705228805542,9.614493370056152,1.8974665403366089,9.63651180267334
3914,100.352251335,42,1510.7257080078125,True,1.987574577331543,9.758109092712402,1.9873569011688232,9.772762298583984
3914,100.352251335,43,1518.5533447265625,True,2.0493271350860596,10.04732894897461,2.049743175506592,10.039544105529785
3914,100.352251335,44,1526.3809814453125,True,2.0936427116394043,10.382631301879883,2.0937771797180176,10.384804725646973
3914,100.352251335,45,1534.20849609375,True,2.1539053916931152,10.50463581085205,2.1536056995391846,10.529870986938477
3914,100.352251335,46,1542.0361328125,True,2.2186334133148193,10.614526748657227,2.2194571495056152,10.632180213928223
3914,100.352251335,47,1549.86376953125,True,2.2525219917297363,10.810420989990234,2.253474473953247,10.808351516723633
3914,100.352251335,48,1557.6912841796875,True,2.2403712272644043,10.96149730682373,2.241725444793701,10.967998504638672
3922,100.352251335,1,1252.4151611328125,True,0.5078080296516418,2.4281840324401855,0.4846656322479248,2.360334873199463
3922,100.352251335,2,1260.2427978515625,True,0.691209077835083,3.463747262954712,0.6712784767150879,3.390587091445923
3922,100.352251335,3,1268.0703125,True,0.7799078822135925,3.991816282272339,0.763796329498291,3.946744203567505
3922,100.352251335,4,1275.89794921875,True,0.804466724395752,4.125070571899414,0.7891413569450378,4.077528953552246
3922,100.352251335,5,1283.7254638671875,True,0.8015519976615906,4.118252754211426,0.788536012172699,4.060238361358643
3922,100.352251335,6,1291.5531005859375,True,0.7576978206634521,3.746645927429199,0.7435295581817627,3.700868844985962
3922,100.352251335,7,1299.3807373046875,True,0.6603692173957825,3.3213279247283936,0.6458951234817505,3.2990033626556396
3922,100.352251335,8,1307.208251953125,True,0.5030525922775269,3.0211892127990723,0.4948892295360565,2.9991068840026855
3922,100.352251335,9,1315.035888671875,True,0.6754439473152161,3.810883045196533,0.6591731905937195,3.7583396434783936
3922,100.352251335,10,1322.863525390625,True,0.8222268223762512,4.438978672027588,0.8065845966339111,4.37483024597168
3922,100.352251335,11,1330.6910400390625,True,0.9018290042877197,4.855973243713379,0.8894648551940918,4.802087783813477
3922,100.352251335,12,1338.5186767578125,True,0.9348626136779785,5.033030986785889,0.9235779643058777,4.99459171295166
3922,100.352251335,13,1346.3463134765625,True,0.9642876386642456,5.206530570983887,0.9543799161911011,5.1793742179870605
3922,100.352251335,14,1354.173828125,True,0.969754695892334,5.22415018081665,0.96054607629776,5.194784641265869
3922,100.352251335,15,1362.00146484375,True,0.9378578662872314,5.089495658874512,0.9291691780090332,5.062349319458008
3922,100.352251335,16,1369.8291015625,True,0.8500899076461792,4.930694580078125,0.8461005687713623,4.914012908935547
3922,100.352251335,17,1377.6566162109375,True,0.9457485675811768,5.386641025543213,0.9360538721084595,5.36558723449707
3922,100.352251335,18,1385.4842529296875,True,1.0623010396957397,5.838667392730713,1.0520004034042358,5.803553581237793
3922,100.352251335,19,1393.3118896484375,True,1.1303550004959106,6.174144744873047,1.1224589347839355,6.133834362030029
3922,100.352251335,20,1401.139404296875,True,1.1660772562026978,6.344510555267334,1.1588977575302124,6.32180643081665
3922,100.352251335,21,1408.967041015625,True,1.2087163925170898,6.540056228637695,1.2022440433502197,6.535301208496094
3922,100.352251335,22,1416.794677734375,True,1.2413076162338257,6.680611610412598,1.23612380027771,6.667795658111572
3922,100.352251335,23,1424.6221923828125,True,1.244414210319519,6.650997638702393,1.239747166633606,6.627575397491455
3922,100.352251335,24,1432.4498291015625,True,1.1916064023971558,6.540970325469971,1.1900602579116821,6.530843734741211
3922,100.352251335,25,1440.2774658203125,True,1.2497614622116089,6.832179546356201,1.2446504831314087,6.831566333770752
3922,100.352251335,26,1448.10498046875,True,1.3491334915161133,7.178020477294922,1.3431696891784668,7.165569305419922
3922,100.352251335,27,1455.9326171875,True,1.4097774028778076,7.4831671714782715,1.4055366516113281,7.454883098602295
3922,100.352251335,28,1463.76025390625,True,1.446893334388733,7.684401988983154,1.4429912567138672,7.671667098999023
3922,100.352251335,29,1471.5877685546875,True,1.4953349828720093,7.848752498626709,1.4915833473205566,7.857759952545166
3922,100.352251335,30,1479.4154052734375,True,1.542811393737793,8.01768970489502,1.5403953790664673,8.017991065979004
3922,100.352251335,31,1487.2430419921875,True,1.5639052391052246,8.070591926574707,1.5619208812713623,8.053955078125
3922,100.352251335,32,1495.070556640625,True,1.5316600799560547,8.024007797241211,1.5317010879516602,8.019691467285156
3922,100.352251335,33,1502.898193359375,True,1.5694482326507568,8.218936920166016,1.5675053596496582,8.231621742248535
3922,100.352251335,34,1510.7257080078125,True,1.661399006843567,8.46857738494873,1.658645510673523,8.472882270812988
3922,100.352251335,35,1518.5533447265625,True,1.720572829246521,8.757502555847168,1.7189843654632568,8.740581512451172
3922,100.352251335,36,1526.3809814453125,True,1.7604906558990479,9.023531913757324,1.758909821510315,9.018228530883789
3922,100.352251335,37,1534.20849609375,True,1.8127515316009521,9.156928062438965,1.8109540939331055,9.175216674804688
3922,100.352251335,38,1542.0361328125,True,1.869911551475525,9.30372142791748,1.8693264722824097,9.314708709716797
3922,100.352251335,39,1549.86376953125,True,1.90009605884552,9.434988975524902,1.8999069929122925,9.42602252960205
3922,100.352251335,40,1557.6912841796875,True,1.8812211751937866,9.480437278747559,1.8822468519210815,9.48128890991211
3922,100.352251335,41,1565.5189208984375,True,1.9082489013671875,9.633116722106934,1.90846848487854,9.654092788696289
3922,100.352251335,42,1573.3465576171875,True,1.999550700187683,9.777695655822754,1.999106764793396,9.794514656066895
3922,100.352251335,43,1581.174072265625,True,2.0627877712249756,10.052241325378418,2.0630154609680176,10.0453462600708
3922,100.352251335,44,1589.001708984375,True,2.10770845413208,10.402348518371582,2.107653856277466,10.403230667114258
3922,100.352251335,45,1596.829345703125,True,2.1638453006744385,10.527128219604492,2.163337230682373,10.551627159118652
3922,100.352251335,46,1604.6568603515625,True,2.2290761470794678,10.628833770751953,2.229588508605957,10.648425102233887
3922,100.352251335,47,1612.4844970703125,True,2.2639694213867188,10.81954288482666,2.2648556232452393,10.817922592163086
3922,100.352251335,48,1620.3121337890625,True,2.254249334335327,10.983016014099121,2.255722999572754,10.98807144165039
3938,100.352251335,1,1377.6566162109375,True,0.5073252320289612,2.4417433738708496,0.4839404821395874,2.3759043216705322
3938,100.352251335,2,1385.4842529296875,True,0.6905746459960938,3.4781622886657715,0.6705529689788818,3.4096882343292236
3938,100.352251335,3,1393.3118896484375,True,0.7859211564064026,3.9844560623168945,0.7695798277854919,3.947004795074463
3938,100.352251335,4,1401.139404296875,True,0.8120867609977722,4.154582500457764,0.7965734004974365,4.1161603927612305
3938,100.352251335,5,1408.967041015625,True,0.8051857352256775,4.190730094909668,0.7917436957359314,4.137110710144043
3938,100.352251335,6,1416.794677734375,True,0.7605372071266174,3.8305845260620117,0.746144711971283,3.787609577178955
3938,100.352251335,7,1424.6221923828125,True,0.6573803424835205,3.313734292984009,0.6430953145027161,3.2911458015441895
3938,100.352251335,8,1432.4498291015625,True,0.5066006779670715,3.025439977645874,0.4988333284854889,3.0049684047698975
3938,100.352251335,9,1440.2774658203125,True,0.680306077003479,3.7943978309631348,0.6638952493667603,3.7438485622406006
3938,100.352251335,10,1448.10498046875,True,0.8270435929298401,4.452871799468994,0.8112930655479431,4.3948869705200195
3938,100.352251335,11,1455.9326171875,True,0.9098125696182251,4.85360860824585,0.8972439765930176,4.802282333374023
3938,100.352251335,12,1463.76025390625,True,0.9428789615631104,5.061996936798096,0.9314360022544861,5.025794506072998
3938,100.352251335,13,1471.5877685546875,True,0.9646086096763611,5.220003604888916,0.9543494582176208,5.194759368896484
3938,100.352251335,14,1479.4154052734375,True,0.9693129658699036,5.261569976806641,0.9597964286804199,5.237502098083496
3938,100.352251335,15,1487.2430419921875,True,0.9339832663536072,5.100879669189453,0.9254660606384277,5.074570655822754
3938,100.352251335,16,1495.070556640625,True,0.854408860206604,4.94509744644165,0.8508261442184448,4.927923202514648
3938,100.352251335,17,1502.898193359375,True,0.952568531036377,5.3676438331604,0.942679762840271,5.34743595123291
3938,100.352251335,18,1510.7257080078125,True,1.0691736936569214,5.853267192840576,1.0586730241775513,5.824193954467773
3938,100.352251335,19,1518.5533447265625,True,1.1387687921524048,6.170804500579834,1.1306629180908203,6.132147312164307
3938,100.352251335,20,1526.3809814453125,True,1.1744952201843262,6.371755123138428,1.1671406030654907,6.348346710205078
3938,100.352251335,21,1534.20849609375,True,1.2083208560943604,6.539897441864014,1.2015703916549683,6.535728454589844
3938,100.352251335,22,1542.0361328125,True,1.240165114402771,6.699606895446777,1.2345874309539795,6.691967487335205
3938,100.352251335,23,1549.86376953125,True,1.241277813911438,6.671975612640381,1.2367223501205444,6.650178909301758
3938,100.352251335,24,1557.6912841796875,True,1.1964740753173828,6.563614368438721,1.195305585861206,6.551909446716309
3938,100.352251335,25,1565.5189208984375,True,1.2571626901626587,6.825371742248535,1.2518134117126465,6.8244829177856445
3938,100.352251335,26,1573.3465576171875,True,1.3568837642669678,7.192028522491455,1.3506413698196411,7.185219764709473
3938,100.352251335,27,1581.174072265625,True,1.4188032150268555,7.476621627807617,1.4143469333648682,7.45078706741333
3938,100.352251335,28,1589.001708984375,True,1.4564907550811768,7.70736026763916,1.4524015188217163,7.693178176879883
3938,100.352251335,29,1596.829345703125,True,1.495947241783142,7.853314399719238,1.491960883140564,7.862009048461914
3938,100.352251335,30,1604.6568603515625,True,1.5428129434585571,8.02879810333252,1.5399445295333862,8.034255981445312
3938,100.352251335,31,1612.4844970703125,True,1.5632201433181763,8.086325645446777,1.5612690448760986,8.071672439575195
3938,100.352251335,32,1620.3121337890625,True,1.5380553007125854,8.048593521118164,1.5384511947631836,8.04244327545166
3938,100.352251335,33,1628.1396484375,True,1.5779207944869995,8.223915100097656,1.5757249593734741,8.235535621643066
3938,100.352251335,34,1635.96728515625,True,1.6702637672424316,8.488561630249023,1.6671839952468872,8.497749328613281
3938,100.352251335,35,1643.794921875,True,1.7311468124389648,8.748828887939453,1.7293490171432495,8.73473834991455
3938,100.352251335,36,1651.6224365234375,True,1.7725543975830078,9.05005931854248,1.7707754373550415,9.04379653930664
3938,100.352251335,37,1659.4500732421875,True,1.8161125183105469,9.172751426696777,1.814103364944458,9.190043449401855
3938,100.352251335,38,1667.2777099609375,True,1.872849464416504,9.315728187561035,1.871788740158081,9.331380844116211
3938,100.352251335,39,1675.105224609375,True,1.9039040803909302,9.444181442260742,1.903666377067566,9.437305450439453
3938,100.352251335,40,1682.932861328125,True,1.8909294605255127,9.518523216247559,1.8922815322875977,9.51650619506836
3938,100.352251335,41,1690.760498046875,True,1.91917884349823,9.65710163116455,1.919161319732666,9.676400184631348
3938,100.352251335,42,1698.5880126953125,True,2.010805606842041,9.813177108764648,2.010009527206421,9.83375358581543
3938,100.352251335,43,1706.4156494140625,True,2.0766944885253906,10.043967247009277,2.0767157077789307,10.040217399597168
3938,100.352251335,44,1714.2432861328125,True,2.125020980834961,10.429856300354004,2.1247289180755615,10.428064346313477
3938,100.352251335,45,1722.07080078125,True,2.173069715499878,10.571290016174316,2.1723251342773438,10.594242095947266
3938,100.352251335,46,1729.8984375,True,2.238140344619751,10.652016639709473,2.2381372451782227,10.675230979919434
3938,100.352251335,47,1737.7259521484375,True,2.2757086753845215,10.834423065185547,2.276428699493408,10.834606170654297
3938,100.352251335,48,1745.5535888671875,True,2.270662784576416,11.033390045166016,2.272388458251953,11.035428047180176
3954,100.352251335,1,1502.898193359375,True,0.5059015154838562,2.4155986309051514,0.4825578033924103,2.350841760635376
3954,100.352251335,2,1510.7257080078125,True,0.6879613995552063,3.4851913452148438,0.6680648922920227,3.419706344604492
3954,100.352251335,3,1518.5533447265625,True,0.7881444692611694,3.933380126953125,0.7717053890228271,3.8966968059539795
3954,100.352251335,4,1526.3809814453125,True,0.8186089992523193,4.154181957244873,0.8029894828796387,4.122183322906494
3954,100.352251335,5,1534.20849609375,True,0.8062537908554077,4.2282538414001465,0.7924445867538452,4.176854133605957
3954,100.352251335,6,1542.0361328125,True,0.7611700892448425,3.9214301109313965,0.746541440486908,3.8798649311065674
3954,100.352251335,7,1549.86376953125,True,0.6525112986564636,3.3101673126220703,0.638295590877533,3.2867207527160645
3954,100.352251335,8,1557.6912841796875,True,0.5064447522163391,3.0195724964141846,0.4991336166858673,3.000264883041382
3954,100.352251335,9,1565.5189208984375,True,0.6819774508476257,3.7662928104400635,0.6655287742614746,3.7175562381744385
3954,100.352251335,10,1573.3465576171875,True,0.8283913135528564,4.463038444519043,0.8125956058502197,4.410567283630371
3954,100.352251335,11,1581.174072265625,True,0.9130434989929199,4.8239216804504395,0.9003506302833557,4.775218486785889
3954,100.352251335,12,1589.001708984375,True,0.9492476582527161,5.068958282470703,0.9376468062400818,5.035190105438232
3954,100.352251335,13,1596.829345703125,True,0.9622296094894409,5.221930980682373,0.9517006874084473,5.197722434997559
3954,100.352251335,14,1604.6568603515625,True,0.9657378196716309,5.293166637420654,0.9558377861976624,5.273711681365967
3954,100.352251335,15,1612.4844970703125,True,0.9270852208137512,5.106250762939453,0.9185949563980103,5.082185745239258
3954,100.352251335,16,1620.3121337890625,True,0.853996992111206,4.9509663581848145,0.850823700428009,4.934075355529785
3954,100.352251335,17,1628.1396484375,True,0.9553407430648804,5.342337131500244,0.9453356266021729,5.323054790496826
3954,100.352251335,18,1635.96728515625,True,1.071608543395996,5.859346866607666,1.060926914215088,5.835760593414307
3954,100.352251335,19,1643.794921875,True,1.1419552564620972,6.152291297912598,1.1337090730667114,6.116670608520508
3954,100.352251335,20,1651.6224365234375,True,1.1803569793701172,6.388601779937744,1.1728414297103882,6.36673641204834
3954,100.352251335,21,1659.4500732421875,True,1.2049363851547241,6.531067371368408,1.1980016231536865,6.5269775390625
3954,100.352251335,22,1667.2777099609375,True,1.2350770235061646,6.711055278778076,1.229069471359253,6.708582401275635
3954,100.352251335,23,1675.105224609375,True,1.2345376014709473,6.679619789123535,1.2299591302871704,6.660676002502441
3954,100.352251335,24,1682.932861328125,True,1.1956889629364014,6.584473133087158,1.1949098110198975,6.571049213409424
3954,100.352251335,25,1690.760498046875,True,1.2596666812896729,6.806621551513672,1.2542024850845337,6.805710315704346
3954,100.352251335,26,1698.5880126953125,True,1.3592157363891602,7.195369243621826,1.3527199029922485,7.19313383102417
3954,100.352251335,27,1706.4156494140625,True,1.422034740447998,7.457993984222412,1.4174569845199585,7.4355854988098145
3954,100.352251335,28,1714.2432861328125,True,1.462433934211731,7.716697692871094,1.4581886529922485,7.700374126434326
3954,100.352251335,29,1722.07080078125,True,1.4929869174957275,7.852672576904297,1.4888571500778198,7.8605146408081055
3954,100.352251335,30,1729.8984375,True,1.5379259586334229,8.02814769744873,1.5345966815948486,8.038043975830078
3954,100.352251335,31,1737.7259521484375,True,1.558173418045044,8.092996597290039,1.5561041831970215,8.081011772155762
3954,100.352251335,32,1745.5535888671875,True,1.5383127927780151,8.07850170135498,1.5390385389328003,8.069839477539062
3954,100.352251335,33,1753.3812255859375,True,1.5809788703918457,8.226988792419434,1.5786807537078857,8.237537384033203
3954,100.352251335,34,1761.208740234375,True,1.673425316810608,8.497090339660645,1.670025110244751,8.50998592376709
3954,100.352251335,35,1769.036376953125,True,1.7361799478530884,8.724803924560547,1.7342435121536255,8.71390438079834
3954,100.352251335,36,1776.864013671875,True,1.7813769578933716,9.05591869354248,1.7793986797332764,9.046116828918457
3954,100.352251335,37,1784.6915283203125,True,1.8169009685516357,9.198932647705078,1.814712405204773,9.214363098144531
3954,100.352251335,38,1792.5191650390625,True,1.8716248273849487,9.319256782531738,1.870057225227356,9.338605880737305
3954,100.352251335,39,1800.3468017578125,True,1.9042465686798096,9.44288444519043,1.9037591218948364,9.438591003417969
3954,100.352251335,40,1808.17431640625,True,1.8957092761993408,9.547323226928711,1.8972970247268677,9.543107032775879
3954,100.352251335,41,1816.001953125,True,1.9258631467819214,9.688642501831055,1.9257168769836426,9.705723762512207
3954,100.352251335,42,1823.82958984375,True,2.017307996749878,9.84911060333252,2.016108274459839,9.872231483459473
3954,100.352251335,43,1831.6571044921875,True,2.086108922958374,10.023663520812988,2.085935592651367,10.022811889648438
3954,100.352251335,44,1839.4847412109375,True,2.139031171798706,10.43680477142334,2.1384639739990234,10.432793617248535
3954,100.352251335,45,1847.3123779296875,True,2.180192708969116,10.621954917907715,2.1791951656341553,10.64232349395752
3954,100.352251335,46,1855.139892578125,True,2.2429728507995605,10.681127548217773,2.242424488067627,10.707284927368164
3954,100.352251335,47,1862.967529296875,True,2.2841713428497314,10.836743354797363,2.284512758255005,10.839496612548828
3954,100.352251335,48,1870.795166015625,True,2.2826080322265625,11.069043159484863,2.284475564956665,11.068833351135254
3970,100.352251335,1,1628.1396484375,True,0.5044018030166626,2.3677146434783936,0.48111778497695923,2.304342746734619
3970,100.352251335,2,1635.96728515625,True,0.6845911145210266,3.494175910949707,0.664821207523346,3.4316883087158203
3970,100.352251335,3,1643.794921875,True,0.7878246903419495,3.8760204315185547,0.7713322043418884,3.840759038925171
3970,100.352251335,4,1651.6224365234375,True,0.8253335952758789,4.141493320465088,0.8095307350158691,4.1190361976623535
3970,100.352251335,5,1659.4500732421875,True,0.8071161508560181,4.2316999435424805,0.7929148077964783,4.182592391967773
3970,100.352251335,6,1667.2777099609375,True,0.7608240246772766,3.996537685394287,0.7458509802818298,3.9555370807647705
3970,100.352251335,7,1675.105224609375,True,0.6473755240440369,3.318249464035034,0.6331042051315308,3.2936084270477295
3970,100.352251335,8,1682.932861328125,True,0.5036101341247559,3.014071226119995,0.4967552721500397,2.993830442428589
3970,100.352251335,9,1690.760498046875,True,0.682004451751709,3.7205617427825928,0.6655783653259277,3.673748254776001
3970,100.352251335,10,1698.5880126953125,True,0.8280516862869263,4.461335182189941,0.8121984004974365,4.412783145904541
3970,100.352251335,11,1706.4156494140625,True,0.9136746525764465,4.787018299102783,0.9009026885032654,4.740737438201904
3970,100.352251335,12,1714.2432861328125,True,0.9551843404769897,5.058587551116943,0.9433506727218628,5.025058746337891
3970,100.352251335,13,1722.07080078125,True,0.9594714045524597,5.206737518310547,0.9486340880393982,5.183077335357666
3970,100.352251335,14,1729.8984375,True,0.9602727293968201,5.307399272918701,0.9498738050460815,5.290979385375977
3970,100.352251335,15,1737.7259521484375,True,0.9186951518058777,5.110057830810547,0.9100328087806702,5.087402820587158
3970,100.352251335,16,1745.5535888671875,True,0.8488969206809998,4.958773612976074,0.8460935950279236,4.9400434494018555
3970,100.352251335,17,1753.3812255859375,True,0.9545561671257019,5.308020114898682,0.9445680379867554,5.289524555206299
3970,100.352251335,18,1761.208740234375,True,1.0712337493896484,5.842442512512207,1.0603381395339966,5.822817802429199
3970,100.352251335,19,1769.036376953125,True,1.1421730518341064,6.1134562492370605,1.1338114738464355,6.080398082733154
3970,100.352251335,20,1776.864013671875,True,1.1851377487182617,6.374619960784912,1.177371621131897,6.3498430252075195
3970,100.352251335,21,1784.6915283203125,True,1.201133131980896,6.519992828369141,1.193928837776184,6.515185356140137
3970,100.352251335,22,1792.5191650390625,True,1.2278627157211304,6.696929931640625,1.2213107347488403,6.69808292388916
3970,100.352251335,23,1800.3468017578125,True,1.2260547876358032,6.671703815460205,1.2212059497833252,6.655142307281494
3970,100.352251335,24,1808.17431640625,True,1.1912310123443604,6.596475601196289,1.190753698348999,6.581421375274658
3970,100.352251335,25,1816.001953125,True,1.2595734596252441,6.790707111358643,1.254116177558899,6.789021968841553
3970,100.352251335,26,1823.82958984375,True,1.359635829925537,7.1831583976745605,1.3528255224227905,7.184271335601807
3970,100.352251335,27,1831.6571044921875,True,1.423722743988037,7.418078422546387,1.4189881086349487,7.398613452911377
3970,100.352251335,28,1839.4847412109375,True,1.4688242673873901,7.708797454833984,1.464306116104126,7.691383361816406
3970,100.352251335,29,1847.3123779296875,True,1.4918015003204346,7.854866027832031,1.4874088764190674,7.861068248748779
3970,100.352251335,30,1855.139892578125,True,1.5329245328903198,8.016474723815918,1.5290509462356567,8.03009033203125
3970,100.352251335,31,1862.967529296875,True,1.553674340248108,8.083239555358887,1.5512491464614868,8.07435131072998
3970,100.352251335,32,1870.795166015625,True,1.537601351737976,8.101125717163086,1.5385682582855225,8.090763092041016
3970,100.352251335,33,1878.6226806640625,True,1.5841294527053833,8.233306884765625,1.5818042755126953,8.241889953613281
3970,100.352251335,34,1886.4503173828125,True,1.6764123439788818,8.507816314697266,1.6726278066635132,8.523354530334473
3970,100.352251335,35,1894.2779541015625,True,1.7412092685699463,8.70155143737793,1.739075779914856,8.694079399108887
3970,100.352251335,36,1902.10546875,True,1.7912927865982056,9.04963493347168,1.7890151739120483,9.03885555267334
3970,100.352251335,37,1909.93310546875,True,1.8205662965774536,9.222267150878906,1.8180938959121704,9.23556137084961
3970,100.352251335,38,1917.7607421875,True,1.8711518049240112,9.330267906188965,1.8690353631973267,9.3529052734375
3970,100.352251335,39,1925.5882568359375,True,1.9061299562454224,9.443228721618652,1.9051978588104248,9.442144393920898
3970,100.352251335,40,1933.4158935546875,True,1.9008991718292236,9.576516151428223,1.902656078338623,9.570882797241211
3970,100.352251335,41,1941.2435302734375,True,1.9338475465774536,9.723041534423828,1.9336251020431519,9.737696647644043
3970,100.352251335,42,1949.071044921875,True,2.0241241455078125,9.891993522644043,2.0224721431732178,9.916908264160156
3970,100.352251335,43,1956.898681640625,True,2.094926595687866,10.017131805419922,2.0945050716400146,10.020089149475098
3970,100.352251335,44,1964.726318359375,True,2.1529595851898193,10.43343734741211,2.1520609855651855,10.428506851196289
3970,100.352251335,45,1972.5538330078125,True,2.1892313957214355,10.671488761901855,2.1879172325134277,10.689343452453613
3970,100.352251335,46,1980.3814697265625,True,2.2474331855773926,10.71615219116211,2.2463293075561523,10.74483585357666
3970,100.352251335,47,1988.208984375,True,2.2919058799743652,10.84101390838623,2.291757106781006,10.84742546081543
3970,100.352251335,48,1996.03662109375,True,2.293336868286133,11.091598510742188,2.295320510864258,11.090258598327637
7258,149.059229449,1,527.073486328125,True,0.6479582190513611,3.096980571746826,0.6401423811912537,3.0482494831085205
7258,149.059229449,2,531.9537963867188,True,0.9237949848175049,5.296067714691162,0.9149175882339478,5.170648574829102
7258,149.059229449,3,536.8341064453125,True,0.9697263836860657,6.64533805847168,0.9648820161819458,6.490813255310059
7258,149.059229449,4,541.7144165039062,True,0.956771731376648,6.806429386138916,0.9486050605773926,6.6666059494018555
7258,149.059229449,5,546.5947265625,True,0.99057537317276,6.190941333770752,0.9792607426643372,6.080611228942871
7258,149.059229449,6,551.4750366210938,True,1.0598227977752686,5.322392463684082,1.043394684791565,5.210343837738037
7258,149.059229449,7,556.3553466796875,True,1.0540711879730225,4.707982063293457,1.0390821695327759,4.6090569496154785
7258,149.059229449,8,561.2356567382812,True,1.0311009883880615,4.185288906097412,1.021884799003601,4.141058444976807
7258,149.059229449,9,566.115966796875,True,1.2132012844085693,4.42841911315918,1.1977258920669556,4.354884624481201
7258,149.059229449,10,570.9962768554688,True,1.3969380855560303,5.187396049499512,1.384627342224121,5.078182220458984
7258,149.059229449,11,575.8765869140625,True,1.4418442249298096,5.843017101287842,1.4349775314331055,5.731627941131592
7258,149.059229449,12,580.7568969726562,True,1.384227991104126,5.895105838775635,1.3791369199752808,5.792746543884277
7258,149.059229449,13,585.63720703125,True,1.3512722253799438,5.676691055297852,1.3417693376541138,5.569098472595215
7258,149.059229449,14,590.5175170898438,True,1.3788423538208008,5.49439811706543,1.3634567260742188,5.381069183349609
7258,149.059229449,15,595.3978271484375,True,1.3611600399017334,5.337906837463379,1.3496882915496826,5.266686916351318
7258,149.059229449,16,600.2781372070312,True,1.334015130996704,4.971553325653076,1.3245937824249268,4.93814754486084
7258,149.059229449,17,605.158447265625,True,1.4594461917877197,4.914655685424805,1.4451011419296265,4.8403425216674805
7258,149.059229449,18,610.0387573242188,True,1.578425645828247,5.322409629821777,1.5673359632492065,5.231870651245117
7258,149.059229449,19,614.9190673828125,True,1.5750601291656494,5.63311767578125,1.5688426494598389,5.556137561798096
7258,149.059229449,20,619.7993774414062,True,1.5010322332382202,5.5440354347229,1.4964832067489624,5.45798397064209
7258,149.059229449,21,624.6796875,True,1.482905626296997,5.41306209564209,1.473763108253479,5.308585166931152
7258,149.059229449,22,629.5599975585938,True,1.50465989112854,5.520233154296875,1.4905449151992798,5.426969528198242
7258,149.059229449,23,634.4403076171875,True,1.4712375402450562,5.477046966552734,1.4613330364227295,5.439834117889404
7258,149.059229449,24,639.3206176757812,True,1.4921995401382446,5.287065029144287,1.480959415435791,5.261560440063477
7258,149.059229449,25,644.200927734375,True,1.6232593059539795,5.313114643096924,1.6091622114181519,5.244744777679443
7258,149.059229449,26,649.0812377929688,True,1.7014570236206055,5.633120536804199,1.691072940826416,5.567036151885986
7258,149.059229449,27,653.9615478515625,True,1.675621747970581,5.690230846405029,1.6693917512893677,5.641594409942627
7258,149.059229449,28,658.8418579101562,True,1.6343905925750732,5.582266330718994,1.629446268081665,5.51126766204834
7258,149.059229449,29,663.72216796875,True,1.6615396738052368,5.614575386047363,1.652700424194336,5.5209455490112305
7258,149.059229449,30,668.6024780273438,True,1.6898887157440186,5.816224098205566,1.677044153213501,5.749737739562988
7258,149.059229449,31,673.4827880859375,True,1.663624882698059,5.82639741897583,1.654115915298462,5.821760177612305
7258,149.059229449,32,678.3630981445312,True,1.7356865406036377,5.8938446044921875,1.722941517829895,5.879910469055176
7258,149.059229449,33,683.243408203125,True,1.8580913543701172,6.0128092765808105,1.8445417881011963,5.964232444763184
7258,149.059229449,34,688.1237182617188,True,1.903394103050232,6.242663383483887,1.8935339450836182,6.202327251434326
7258,149.059229449,35,693.0040283203125,True,1.8756862878799438,6.163507461547852,1.8699699640274048,6.1324076652526855
7258,149.059229449,36,697.8843383789062,True,1.8783661127090454,6.126900672912598,1.873225212097168,6.066110134124756
7258,149.059229449,37,702.7646484375,True,1.940279245376587,6.228786468505859,1.9315447807312012,6.153471946716309
7258,149.059229449,38,707.6449584960938,True,1.968490481376648,6.435269355773926,1.9568415880203247,6.397378444671631
7258,149.059229449,39,712.5252685546875,True,1.9616053104400635,6.545650959014893,1.9515570402145386,6.561253070831299
7258,149.059229449,40,717.4055786132812,True,2.057246208190918,6.832014083862305,2.0438661575317383,6.828296184539795
7258,149.059229449,41,722.285888671875,True,2.1597821712493896,6.947208881378174,2.1469998359680176,6.9166741371154785
7258,149.059229449,42,727.1661987304688,True,2.174854278564453,7.0755109786987305,2.1659038066864014,7.05940055847168
7258,149.059229449,43,732.0465087890625,True,2.1536669731140137,6.9572649002075195,2.1489224433898926,6.938014984130859
7258,149.059229449,44,736.9268188476562,True,2.1917355060577393,6.979945182800293,2.1867339611053467,6.9313178062438965
7258,149.059229449,45,741.80712890625,True,2.269876003265381,7.072159767150879,2.261284828186035,7.016618728637695
7258,149.059229449,46,746.6874389648438,True,2.288043260574341,7.258833408355713,2.277764320373535,7.249533176422119
7258,149.059229449,47,751.5677490234375,True,2.3022704124450684,7.529616355895996,2.291879892349243,7.560380458831787
7258,149.059229449,48,756.4480590820312,True,2.402326822280884,7.887122631072998,2.3892364501953125,7.890657424926758
7266,149.059229449,1,566.115966796875,True,0.5544130206108093,2.5726821422576904,0.5383291244506836,2.56026291847229
7266,149.059229449,2,570.9962768554688,True,0.7936956286430359,4.040862083435059,0.7794274091720581,3.9785563945770264
7266,149.059229449,3,575.8765869140625,True,0.8187335133552551,4.851998329162598,0.8088587522506714,4.745183944702148
7266,149.059229449,4,580.7568969726562,True,0.8023649454116821,4.825172424316406,0.7924163937568665,4.712422847747803
7266,149.059229449,5,585.63720703125,True,0.8231373429298401,4.316364288330078,0.8112427592277527,4.2353949546813965
7266,149.059229449,6,590.5175170898438,True,0.8462779521942139,3.6693167686462402,0.8298423886299133,3.6033999919891357
7266,149.059229449,7,595.3978271484375,True,0.7743820548057556,3.1753313541412354,0.7618691921234131,3.1289405822753906
7266,149.059229449,8,600.2781372070312,True,0.7124931216239929,2.8921689987182617,0.7052946090698242,2.860591411590576
7266,149.059229449,9,605.158447265625,True,0.9115321636199951,3.2143213748931885,0.8943784236907959,3.1481807231903076
7266,149.059229449,10,610.0387573242188,True,1.0595825910568237,3.7190330028533936,1.046566128730774,3.65371036529541
7266,149.059229449,11,614.9190673828125,True,1.072367787361145,4.103524208068848,1.064491868019104,4.039376735687256
7266,149.059229449,12,619.7993774414062,True,1.0433237552642822,4.086885452270508,1.0378656387329102,3.999908685684204
7266,149.059229449,13,624.6796875,True,1.0566117763519287,3.9272806644439697,1.0472146272659302,3.8371756076812744
7266,149.059229449,14,629.5599975585938,True,1.0678602457046509,3.879805326461792,1.053837537765503,3.8088057041168213
7266,149.059229449,15,634.4403076171875,True,1.0105701684951782,3.84171199798584,1.0017030239105225,3.816570281982422
7266,149.059229449,16,639.3206176757812,True,1.0218685865402222,3.7812914848327637,1.0129791498184204,3.7523486614227295
7266,149.059229449,17,644.200927734375,True,1.1969414949417114,3.8861374855041504,1.1821194887161255,3.820960521697998
7266,149.059229449,18,649.0812377929688,True,1.2877451181411743,4.217684268951416,1.2765949964523315,4.1698713302612305
7266,149.059229449,19,653.9615478515625,True,1.272181749343872,4.339217662811279,1.2647546529769897,4.30267333984375
7266,149.059229449,20,658.8418579101562,True,1.2549201250076294,4.279820442199707,1.248892903327942,4.208529472351074
7266,149.059229449,21,663.72216796875,True,1.2924293279647827,4.26228141784668,1.2829645872116089,4.174330234527588
7266,149.059229449,22,668.6024780273438,True,1.3054713010787964,4.415732383728027,1.292737603187561,4.360811233520508
7266,149.059229449,23,673.4827880859375,True,1.257256269454956,4.474817752838135,1.2493585348129272,4.475284576416016
7266,149.059229449,24,678.3630981445312,True,1.3326475620269775,4.618800640106201,1.3212887048721313,4.5963454246521
7266,149.059229449,25,683.243408203125,True,1.4848082065582275,4.73772668838501,1.4705842733383179,4.690586566925049
7266,149.059229449,26,688.1237182617188,True,1.5312237739562988,4.9658403396606445,1.5203720331192017,4.937638282775879
7266,149.059229449,27,693.0040283203125,True,1.5062381029129028,4.929249286651611,1.499137043952942,4.904424667358398
7266,149.059229449,28,697.8843383789062,True,1.5180532932281494,4.917649745941162,1.51141357421875,4.854420185089111
7266,149.059229449,29,702.7646484375,True,1.5750981569290161,4.967419624328613,1.565447211265564,4.893584728240967
7266,149.059229449,30,707.6449584960938,True,1.587241291999817,5.169066429138184,1.5753684043884277,5.135483264923096
7266,149.059229449,31,712.5252685546875,True,1.5599308013916016,5.309126377105713,1.5513283014297485,5.322366714477539
7266,149.059229449,32,717.4055786132812,True,1.6700843572616577,5.626457691192627,1.657045841217041,5.61258602142334
7266,149.059229449,33,722.285888671875,True,1.7925173044204712,5.722719192504883,1.7788817882537842,5.6925859451293945
7266,149.059229449,34,727.1661987304688,True,1.8058267831802368,5.849444389343262,1.795536994934082,5.841067314147949
7266,149.059229449,35,732.0465087890625,True,1.784402847290039,5.761325359344482,1.7778549194335938,5.743044376373291
7266,149.059229449,36,736.9268188476562,True,1.8228431940078735,5.7995123863220215,1.815877914428711,5.745930194854736
7266,149.059229449,37,741.80712890625,True,1.888089656829834,5.858129024505615,1.8782397508621216,5.801177978515625
7266,149.059229449,38,746.6874389648438,True,1.894036889076233,6.046496868133545,1.8831974267959595,6.037435531616211
7266,149.059229449,39,751.5677490234375,True,1.8947484493255615,6.323855400085449,1.8853709697723389,6.348014831542969
7266,149.059229449,40,756.4480590820312,True,2.0151381492614746,6.681265830993652,2.0016260147094727,6.674403667449951
7266,149.059229449,41,761.328369140625,True,2.107783317565918,6.733500957489014,2.094959020614624,6.720545291900635
7266,149.059229449,42,766.2086791992188,True,2.0958802700042725,6.785894870758057,2.086305618286133,6.790720462799072
7266,149.059229449,43,771.0889892578125,True,2.0866150856018066,6.738273620605469,2.0804569721221924,6.720953941345215
7266,149.059229449,44,775.9692993164062,True,2.1471076011657715,6.766756057739258,2.1399004459381104,6.7207560539245605
7266,149.059229449,45,780.849609375,True,2.2149038314819336,6.826902866363525,2.2047579288482666,6.7871904373168945
7266,149.059229449,46,785.7299194335938,True,2.2117018699645996,6.9903411865234375,2.2017757892608643,7.003335475921631
7266,149.059229449,47,790.6102294921875,True,2.2420530319213867,7.426859378814697,2.231731653213501,7.458108901977539
7266,149.059229449,48,795.4905395507812,True,2.361246109008789,7.738514423370361,2.3477115631103516,7.740852355957031
7282,149.059229449,1,644.200927734375,True,0.5049688220024109,1.8204716444015503,0.48108282685279846,1.8143352270126343
7282,149.059229449,2,649.0812377929688,True,0.6527065634727478,2.610507011413574,0.6339234113693237,2.6183998584747314
7282,149.059229449,3,653.9615478515625,True,0.6514753103256226,2.812434434890747,0.6357523798942566,2.7933127880096436
7282,149.059229449,4,658.8418579101562,True,0.6929904818534851,2.7078142166137695,0.6792728304862976,2.6588428020477295
7282,149.059229449,5,663.72216796875,True,0.7415065765380859,2.6698219776153564,0.727489173412323,2.602640390396118
7282,149.059229449,6,668.6024780273438,True,0.6966789960861206,2.6386258602142334,0.679893970489502,2.586679458618164
7282,149.059229449,7,673.4827880859375,True,0.5790485739707947,2.382932662963867,0.566006600856781,2.3813767433166504
7282,149.059229449,8,678.3630981445312,True,0.5246110558509827,2.3030643463134766,0.5134660005569458,2.264557123184204
7282,149.059229449,9,683.243408203125,True,0.7765526175498962,2.7003142833709717,0.7569379806518555,2.6394636631011963
7282,149.059229449,10,688.1237182617188,True,0.8514954447746277,3.12803316116333,0.8364197611808777,3.1074328422546387
7282,149.059229449,11,693.0040283203125,True,0.8470683097839355,3.0607941150665283,0.8346928358078003,3.0429420471191406
7282,149.059229449,12,697.8843383789062,True,0.8871654272079468,3.1217753887176514,0.8751488924026489,3.050045967102051
7282,149.059229449,13,702.7646484375,True,0.9328617453575134,3.2546236515045166,0.919376015663147,3.1673848628997803
7282,149.059229449,14,707.6449584960938,True,0.9062348008155823,3.4347095489501953,0.8914698958396912,3.3897831439971924
7282,149.059229449,15,712.5252685546875,True,0.8256956934928894,3.373603582382202,0.8158473968505859,3.3777263164520264
7282,149.059229449,16,717.4055786132812,True,0.8910180926322937,3.586045265197754,0.8790082335472107,3.5459675788879395
7282,149.059229449,17,722.285888671875,True,1.0784552097320557,3.789811611175537,1.0612528324127197,3.743767261505127
7282,149.059229449,18,727.1661987304688,True,1.1045548915863037,3.9675872325897217,1.0911130905151367,3.9576258659362793
7282,149.059229449,19,732.0465087890625,True,1.096642017364502,3.8310184478759766,1.0856971740722656,3.80755877494812
7282,149.059229449,20,736.9268188476562,True,1.1389439105987549,3.99105167388916,1.1271858215332031,3.917821168899536
7282,149.059229449,21,741.80712890625,True,1.1738861799240112,4.134340763092041,1.1608901023864746,4.057374000549316
7282,149.059229449,22,746.6874389648438,True,1.1526224613189697,4.291695594787598,1.1391884088516235,4.266918659210205
7282,149.059229449,23,751.5677490234375,True,1.1046221256256104,4.371399879455566,1.0958300828933716,4.378501892089844
7282,149.059229449,24,756.4480590820312,True,1.2285759449005127,4.667247295379639,1.215195894241333,4.630328178405762
7282,149.059229449,25,761.328369140625,True,1.3675644397735596,4.7940673828125,1.3516547679901123,4.764784336090088
7282,149.059229449,26,766.2086791992188,True,1.3645298480987549,4.823382377624512,1.351728081703186,4.8210129737854
7282,149.059229449,27,771.0889892578125,True,1.3617106676101685,4.766798496246338,1.3511677980422974,4.737691402435303
7282,149.059229449,28,775.9692993164062,True,1.4098458290100098,4.9464030265808105,1.398141860961914,4.87782621383667
7282,149.059229449,29,780.849609375,True,1.44097101688385,5.101644992828369,1.4280939102172852,5.039260387420654
7282,149.059229449,30,785.7299194335938,True,1.4213125705718994,5.190659046173096,1.4089466333389282,5.1854753494262695
7282,149.059229449,31,790.6102294921875,True,1.411009669303894,5.422829627990723,1.4019120931625366,5.431052207946777
7282,149.059229449,32,795.4905395507812,True,1.560150384902954,5.710420608520508,1.5457253456115723,5.683865070343018
7282,149.059229449,33,800.370849609375,True,1.6564080715179443,5.780866622924805,1.6414539813995361,5.764291286468506
7282,149.059229449,34,805.2511596679688,True,1.6382617950439453,5.72733211517334,1.626482605934143,5.7295026779174805
7282,149.059229449,35,810.1314697265625,True,1.6483938694000244,5.788710117340088,1.6382392644882202,5.754746437072754
7282,149.059229449,36,815.0117797851562,True,1.7033023834228516,5.955413341522217,1.6919984817504883,5.892354965209961
7282,149.059229449,37,819.89208984375,True,1.7345799207687378,6.108832359313965,1.7219858169555664,6.063292980194092
7282,149.059229449,38,824.7723999023438,True,1.7191864252090454,6.171379089355469,1.7081505060195923,6.183160305023193
7282,149.059229449,39,829.6527099609375,True,1.7501612901687622,6.53073787689209,1.7403792142868042,6.53889274597168
7282,149.059229449,40,834.5330200195312,True,1.8996460437774658,6.720109462738037,1.8848029375076294,6.700552940368652
7282,149.059229449,41,839.413330078125,True,1.9553697109222412,6.766647815704346,1.9416471719741821,6.762142658233643
7282,149.059229449,42,844.2936401367188,True,1.9317342042922974,6.6851911544799805,1.9215295314788818,6.688058376312256
7282,149.059229449,43,849.1739501953125,True,1.9558416604995728,6.834669589996338,1.9461989402770996,6.802608966827393
7282,149.059229449,44,854.0542602539062,True,2.0135912895202637,6.98178243637085,2.003000020980835,6.928508758544922
7282,149.059229449,45,858.9345703125,True,2.0422310829162598,7.116851806640625,2.030259370803833,7.089919567108154
7282,149.059229449,46,863.8148803710938,True,2.0341813564300537,7.229580879211426,2.024369478225708,7.25496768951416
7282,149.059229449,47,868.6951904296875,True,2.10257887840271,7.636963367462158,2.0919501781463623,7.648837566375732
7282,149.059229449,48,873.5755004882812,True,2.2355668544769287,7.7321929931640625,2.2211194038391113,7.724766254425049
7298,149.059229449,1,722.285888671875,True,0.5078917145729065,1.716834306716919,0.4839320182800293,1.7086061239242554
7298,149.059229449,2,727.1661987304688,True,0.6099275946617126,2.428957462310791,0.5913695693016052,2.457662582397461
7298,149.059229449,3,732.0465087890625,True,0.6600963473320007,2.2921743392944336,0.6446636319160461,2.3174026012420654
7298,149.059229449,4,736.9268188476562,True,0.7543719410896301,2.4863927364349365,0.7395641207695007,2.4540345668792725
7298,149.059229449,5,741.80712890625,True,0.7570821642875671,2.7174336910247803,0.7411006093025208,2.6224913597106934
7298,149.059229449,6,746.6874389648438,True,0.6826595664024353,2.7273905277252197,0.6651813387870789,2.679307460784912
7298,149.059229449,7,751.5677490234375,True,0.5551186203956604,2.3459174633026123,0.5377088785171509,2.3589553833007812
7298,149.059229449,8,756.4480590820312,True,0.5065122842788696,2.39583683013916,0.4915313720703125,2.3485376834869385
7298,149.059229449,9,761.328369140625,True,0.7459397912025452,2.878838300704956,0.7255620360374451,2.8332345485687256
7298,149.059229449,10,766.2086791992188,True,0.7901210188865662,3.0769689083099365,0.773644208908081,3.078659772872925
7298,149.059229449,11,771.0889892578125,True,0.8432970643043518,2.998100757598877,0.8288052082061768,2.9760499000549316
7298,149.059229449,12,775.9692993164062,True,0.9243201613426208,3.294421434402466,0.9086877107620239,3.212500810623169
7298,149.059229449,13,780.849609375,True,0.9202843308448792,3.527722120285034,0.904333233833313,3.440967082977295
7298,149.059229449,14,785.7299194335938,True,0.8717973828315735,3.525179624557495,0.8554380536079407,3.5026021003723145
7298,149.059229449,15,790.6102294921875,True,0.7929204702377319,3.5132977962493896,0.779888391494751,3.5129003524780273
7298,149.059229449,16,795.4905395507812,True,0.8682088255882263,3.758523941040039,0.8543850779533386,3.707469940185547
7298,149.059229449,17,800.370849609375,True,1.0291357040405273,3.9979259967803955,1.0107200145721436,3.9630234241485596
7298,149.059229449,18,805.2511596679688,True,1.0389227867126465,3.9507956504821777,1.0238871574401855,3.9444808959960938
7298,149.059229449,19,810.1314697265625,True,1.086764931678772,4.0085649490356445,1.07289457321167,3.9628963470458984
7298,149.059229449,20,815.0117797851562,True,1.1496413946151733,4.282445907592773,1.134306788444519,4.194696426391602
7298,149.059229449,21,819.89208984375,True,1.1435046195983887,4.490385055541992,1.1280697584152222,4.420163631439209
7298,149.059229449,22,824.7723999023438,True,1.1090468168258667,4.446598052978516,1.0939562320709229,4.440160274505615
7298,149.059229449,23,829.6527099609375,True,1.072920560836792,4.6364054679870605,1.061687707901001,4.624682426452637
7298,149.059229449,24,834.5330200195312,True,1.2038779258728027,4.845188617706299,1.189092755317688,4.7969465255737305
7298,149.059229449,25,839.413330078125,True,1.3082329034805298,4.987833023071289,1.291514277458191,4.962818622589111
7298,149.059229449,26,844.2936401367188,True,1.3061565160751343,4.8548455238342285,1.293116807937622,4.842628479003906
7298,149.059229449,27,849.1739501953125,True,1.353327751159668,5.040041923522949,1.3401776552200317,4.989134311676025
7298,149.059229449,28,854.0542602539062,True,1.4025884866714478,5.288276672363281,1.3882873058319092,5.209094524383545
7298,149.059229449,29,858.9345703125,True,1.4003651142120361,5.464907169342041,1.385848879814148,5.413092136383057
7298,149.059229449,30,863.8148803710938,True,1.3781640529632568,5.457981586456299,1.3645603656768799,5.462820529937744
7298,149.059229449,31,868.6951904296875,True,1.384718656539917,5.745409965515137,1.374051809310913,5.7317047119140625
7298,149.059229449,32,873.5755004882812,True,1.5328145027160645,5.893020153045654,1.5173970460891724,5.857053279876709
7298,149.059229449,33,878.455810546875,True,1.5919857025146484,5.9483513832092285,1.5769610404968262,5.934926986694336
7298,149.059229449,34,883.3361206054688,True,1.5934958457946777,5.846585750579834,1.5818629264831543,5.831450939178467
7298,149.059229449,35,888.2164306640625,True,1.643700361251831,6.0922441482543945,1.6311887502670288,6.040202617645264
7298,149.059229449,36,893.0967407226562,True,1.6858938932418823,6.334959030151367,1.6727499961853027,6.267167091369629
7298,149.059229449,37,897.97705078125,True,1.6893545389175415,6.447044849395752,1.6759449243545532,6.417518615722656
7298,149.059229449,38,902.8573608398438,True,1.6803717613220215,6.542405605316162,1.6686501502990723,6.557102680206299
7298,149.059229449,39,907.7376708984375,True,1.7283961772918701,6.855330467224121,1.7176486253738403,6.842678070068359
7298,149.059229449,40,912.6179809570312,True,1.8656015396118164,6.936215400695801,1.8502368927001953,6.913417816162109
7298,149.059229449,41,917.498291015625,True,1.8876854181289673,6.931944847106934,1.8743385076522827,6.928721904754639
7298,149.059229449,42,922.3786010742188,True,1.898125410079956,6.92282772064209,1.8876149654388428,6.9049811363220215
7298,149.059229449,43,927.2589111328125,True,1.9514057636260986,7.185472011566162,1.9394317865371704,7.1366047859191895
7298,149.059229449,44,932.1392211914062,True,1.9905097484588623,7.3953375816345215,1.978136420249939,7.342000484466553
7298,149.059229449,45,937.01953125,True,1.99642014503479,7.45076847076416,1.9840385913848877,7.443752288818359
7298,149.059229449,46,941.8998413085938,True,2.0006208419799805,7.670361518859863,1.9904319047927856,7.69193172454834
7298,149.059229449,47,946.7801513671875,True,2.0841691493988037,7.958648204803467,2.0727789402008057,7.951487064361572
7298,149.059229449,48,951.6604614257812,True,2.1933908462524414,7.983892440795898,2.1785995960235596,7.975156784057617
7306,149.059229449,1,761.328369140625,True,0.5053065419197083,1.811023473739624,0.4811766445636749,1.8047714233398438
7306,149.059229449,2,766.2086791992188,True,0.6035974025726318,2.429814100265503,0.5850968956947327,2.464378595352173
7306,149.059229449,3,771.0889892578125,True,0.6927080154418945,2.360539436340332,0.6778887510299683,2.3842618465423584
7306,149.059229449,4,775.9692993164062,True,0.7894048690795898,2.616737127304077,0.7742716670036316,2.567552328109741
7306,149.059229449,5,780.849609375,True,0.7606627941131592,2.845273017883301,0.7440881133079529,2.7430694103240967
7306,149.059229449,6,785.7299194335938,True,0.6906161308288574,2.704030752182007,0.672753632068634,2.669489622116089
7306,149.059229449,7,790.6102294921875,True,0.5610939264297485,2.370655059814453,0.5418651103973389,2.383371591567993
7306,149.059229449,8,795.4905395507812,True,0.5088983178138733,2.4519236087799072,0.4939016103744507,2.3998074531555176
7306,149.059229449,9,800.370849609375,True,0.7357721328735352,2.9533848762512207,0.7154728770256042,2.9138245582580566
7306,149.059229449,10,805.2511596679688,True,0.7823127508163452,3.0173652172088623,0.765927255153656,3.019686698913574
7306,149.059229449,11,810.1314697265625,True,0.866468608379364,3.0931854248046875,0.8515253663063049,3.057286024093628
7306,149.059229449,12,815.0117797851562,True,0.9425801038742065,3.4048266410827637,0.9262241125106812,3.312082290649414
7306,149.059229449,13,819.89208984375,True,0.9176376461982727,3.6290645599365234,0.9013130068778992,3.5468716621398926
7306,149.059229449,14,824.7723999023438,True,0.8732209801673889,3.518364667892456,0.8562842607498169,3.506619453430176
7306,149.059229449,15,829.6527099609375,True,0.7963548302650452,3.5903189182281494,0.7820016741752625,3.577523708343506
7306,149.059229449,16,834.5330200195312,True,0.8686671257019043,3.7744100093841553,0.8544673919677734,3.7160444259643555
7306,149.059229449,17,839.413330078125,True,1.014035701751709,4.024684429168701,0.9957870244979858,3.992696523666382
7306,149.059229449,18,844.2936401367188,True,1.0318639278411865,3.9046478271484375,1.017540454864502,3.8898890018463135
7306,149.059229449,19,849.1739501953125,True,1.1029850244522095,4.1026129722595215,1.0886884927749634,4.046997547149658
7306,149.059229449,20,854.0542602539062,True,1.155097484588623,4.3611650466918945,1.1391783952713013,4.27078914642334
7306,149.059229449,21,858.9345703125,True,1.1370469331741333,4.55115270614624,1.1213630437850952,4.488617897033691
7306,149.059229449,22,863.8148803710938,True,1.1078959703445435,4.489829063415527,1.0920476913452148,4.487776756286621
7306,149.059229449,23,868.6951904296875,True,1.0754503011703491,4.709235668182373,1.0634716749191284,4.688469886779785
7306,149.059229449,24,873.5755004882812,True,1.2012628316879272,4.86410665512085,1.1863505840301514,4.816768646240234
7306,149.059229449,25,878.455810546875,True,1.2887678146362305,4.970632076263428,1.272318720817566,4.949507713317871
7306,149.059229449,26,883.3361206054688,True,1.301550269126892,4.854863166809082,1.2886399030685425,4.833320617675781
7306,149.059229449,27,888.2164306640625,True,1.36478590965271,5.117310047149658,1.3509443998336792,5.05602502822876
7306,149.059229449,28,893.0967407226562,True,1.4010289907455444,5.365978717803955,1.386000394821167,5.2863616943359375
7306,149.059229449,29,897.97705078125,True,1.3918858766555786,5.484222412109375,1.3770159482955933,5.4446330070495605
7306,149.059229449,30,902.8573608398438,True,1.3755218982696533,5.534366607666016,1.3612927198410034,5.5407023429870605
7306,149.059229449,31,907.7376708984375,True,1.3861700296401978,5.808753967285156,1.37497878074646,5.784590244293213
7306,149.059229449,32,912.6179809570312,True,1.5253746509552002,5.911393165588379,1.5097410678863525,5.876838684082031
7306,149.059229449,33,917.498291015625,True,1.5694913864135742,5.927371978759766,1.554633617401123,5.915588855743408
7306,149.059229449,34,922.3786010742188,True,1.5901644229888916,5.906940460205078,1.5782924890518188,5.879903793334961
7306,149.059229449,35,927.2589111328125,True,1.651432752609253,6.189912796020508,1.6380114555358887,6.129430294036865
7306,149.059229449,36,932.1392211914062,True,1.6827994585037231,6.4113311767578125,1.6688028573989868,6.346047878265381
7306,149.059229449,37,937.01953125,True,1.6822550296783447,6.463294982910156,1.6685376167297363,6.44597864151001
7306,149.059229449,38,941.8998413085938,True,1.6791207790374756,6.645254611968994,1.666837215423584,6.6569695472717285
7306,149.059229449,39,946.7801513671875,True,1.7307065725326538,6.913558483123779,1.7194771766662598,6.893383502960205
7306,149.059229449,40,951.6604614257812,True,1.8543747663497925,6.963159084320068,1.8389036655426025,6.943041801452637
7306,149.059229449,41,956.540771484375,True,1.8661344051361084,6.917109966278076,1.8533954620361328,6.913473606109619
7306,149.059229449,42,961.4210815429688,True,1.8964301347732544,7.018313407897949,1.8856823444366455,6.989814281463623
7306,149.059229449,43,966.3013916015625,True,1.955660104751587,7.294303894042969,1.9431594610214233,7.23940372467041
7306,149.059229449,44,971.1817016601562,True,1.9850887060165405,7.478490352630615,1.9722154140472412,7.430074214935303
7306,149.059229449,45,976.06201171875,True,1.9907519817352295,7.500594139099121,1.9782450199127197,7.502621650695801
7306,149.059229449,46,980.9423217773438,True,2.001692533493042,7.795663833618164,1.9912385940551758,7.809951305389404
7306,149.059229449,47,985.8226318359375,True,2.0858802795410156,8.00439453125,2.0742459297180176,7.989101886749268
7306,149.059229449,48,990.7029418945312,True,2.176933765411377,8.018146514892578,2.1625471115112305,8.010188102722168
7322,149.059229449,1,839.413330078125,True,0.493388295173645,1.8751435279846191,0.4692588448524475,1.8816636800765991
7322,149.059229449,2,844.2936401367188,True,0.6167666912078857,2.2829179763793945,0.5992661118507385,2.3217501640319824
7322,149.059229449,3,849.1739501953125,True,0.7497057318687439,2.5905351638793945,0.7352734804153442,2.5922303199768066
7322,149.059229449,4,854.0542602539062,True,0.7990571856498718,2.7727534770965576,0.781233549118042,2.689560890197754
7322,149.059229449,5,858.9345703125,True,0.7501552104949951,2.9166572093963623,0.7321789264678955,2.8208460807800293
7322,149.059229449,6,863.8148803710938,True,0.7007542252540588,2.6108899116516113,0.6805152297019958,2.6118743419647217
7322,149.059229449,7,868.6951904296875,True,0.5718948841094971,2.455974817276001,0.5489518642425537,2.453310489654541
7322,149.059229449,8,873.5755004882812,True,0.5070877075195312,2.4397008419036865,0.49310749769210815,2.3836941719055176
7322,149.059229449,9,878.455810546875,True,0.7131198644638062,2.883000373840332,0.6932642459869385,2.85921311378479
7322,149.059229449,10,883.3361206054688,True,0.7897228002548218,2.8989479541778564,0.7741855382919312,2.886533260345459
7322,149.059229449,11,888.2164306640625,True,0.9004985690116882,3.2500126361846924,0.8850035071372986,3.186591625213623
7322,149.059229449,12,893.0967407226562,True,0.9298781752586365,3.475356101989746,0.9114971160888672,3.3740360736846924
7322,149.059229449,13,897.97705078125,True,0.9020060300827026,3.6045472621917725,0.8845370411872864,3.5455923080444336
7322,149.059229449,14,902.8573608398438,True,0.8745759725570679,3.527576208114624,0.855029821395874,3.5257771015167236
7322,149.059229449,15,907.7376708984375,True,0.8017897605895996,3.647883892059326,0.7857364416122437,3.612244129180908
7322,149.059229449,16,912.6179809570312,True,0.8610268235206604,3.750086545944214,0.8473560214042664,3.6990790367126465
7322,149.059229449,17,917.498291015625,True,0.980276346206665,3.8932600021362305,0.9622337222099304,3.870941638946533
7322,149.059229449,18,922.3786010742188,True,1.033798336982727,3.8987810611724854,1.0193537473678589,3.860534429550171
7322,149.059229449,19,927.2589111328125,True,1.119322657585144,4.2164387702941895,1.1035523414611816,4.137810707092285
7322,149.059229449,20,932.1392211914062,True,1.1356713771820068,4.417786598205566,1.1178932189941406,4.330228805541992
7322,149.059229449,21,937.01953125,True,1.1207960844039917,4.467957496643066,1.1042585372924805,4.433284759521484
7322,149.059229449,22,941.8998413085938,True,1.107478380203247,4.556336402893066,1.0896024703979492,4.552053451538086
7322,149.059229449,23,946.7801513671875,True,1.0796617269515991,4.7381181716918945,1.066955804824829,4.698797702789307
7322,149.059229449,24,951.6604614257812,True,1.1870015859603882,4.827665328979492,1.1719328165054321,4.788655757904053
7322,149.059229449,25,956.540771484375,True,1.2490730285644531,4.824697494506836,1.2334415912628174,4.8074798583984375
7322,149.059229449,26,961.4210815429688,True,1.2993721961975098,4.941102504730225,1.2862249612808228,4.8942461013793945
7322,149.059229449,27,966.3013916015625,True,1.3674668073654175,5.234540939331055,1.3521311283111572,5.1572160720825195
7322,149.059229449,28,971.1817016601562,True,1.3816554546356201,5.414475440979004,1.365159511566162,5.343904495239258
7322,149.059229449,29,976.06201171875,True,1.3783257007598877,5.422893047332764,1.3628658056259155,5.405973434448242
7322,149.059229449,30,980.9423217773438,True,1.377536416053772,5.646796703338623,1.3620198965072632,5.6402997970581055
7322,149.059229449,31,985.8226318359375,True,1.3899610042572021,5.811188220977783,1.3785009384155273,5.7721357345581055
7322,149.059229449,32,990.7029418945312,True,1.5025131702423096,5.863914489746094,1.4870250225067139,5.8366169929504395
7322,149.059229449,33,995.583251953125,True,1.5324245691299438,5.796931743621826,1.5189162492752075,5.782192707061768
7322,149.059229449,34,1000.4635620117188,True,1.5871096849441528,6.024446487426758,1.5747427940368652,5.97923469543457
7322,149.059229449,35,1005.3438720703125,True,1.645582914352417,6.279833793640137,1.631088137626648,6.209440231323242
7322,149.059229449,36,1010.2241821289062,True,1.6630562543869019,6.435399532318115,1.6481248140335083,6.383421897888184
7322,149.059229449,37,1015.1044921875,True,1.6716363430023193,6.47154426574707,1.6573654413223267,6.4723358154296875
7322,149.059229449,38,1019.9848022460938,True,1.6838101148605347,6.77573299407959,1.6706361770629883,6.770581245422363
7322,149.059229449,39,1024.8651123046875,True,1.73091721534729,6.885367393493652,1.7197142839431763,6.855371475219727
7322,149.059229449,40,1029.745361328125,True,1.820685863494873,6.887996196746826,1.8058797121047974,6.872509956359863
7322,149.059229449,41,1034.625732421875,True,1.8360233306884766,6.844553470611572,1.824435830116272,6.8287858963012695
7322,149.059229449,42,1039.5059814453125,True,1.8934974670410156,7.123333930969238,1.881920576095581,7.078021049499512
7322,149.059229449,43,1044.3863525390625,True,1.9455665349960327,7.35421085357666,1.9321197271347046,7.293430805206299
7322,149.059229449,44,1049.2666015625,True,1.9639744758605957,7.462538719177246,1.9505311250686646,7.431492328643799
7322,149.059229449,45,1054.14697265625,True,1.982217788696289,7.582566738128662,1.969224452972412,7.596342086791992
7322,149.059229449,46,1059.0272216796875,True,2.006863594055176,7.9132208824157715,1.9957221746444702,7.910195827484131
7322,149.059229449,47,1063.9075927734375,True,2.0784506797790527,7.944679260253906,2.066873550415039,7.925463676452637
7322,149.059229449,48,1068.787841796875,True,2.132517099380493,7.917057514190674,2.1193814277648926,7.913308620452881
7338,149.059229449,1,917.498291015625,True,0.476644366979599,1.6691280603408813,0.4531291723251343,1.6747673749923706
7338,149.059229449,2,922.3786010742188,True,0.6394664645195007,2.381870985031128,0.6222140789031982,2.39626407623291
7338,149.059229449,3,927.2589111328125,True,0.7591661810874939,2.7993013858795166,0.7432263493537903,2.756380796432495
7338,149.059229449,4,932.1392211914062,True,0.7659177780151367,2.8399124145507812,0.7440075874328613,2.730680227279663
7338,149.059229449,5,937.01953125,True,0.7370555996894836,2.779745578765869,0.7175247669219971,2.7229697704315186
7338,149.059229449,6,941.8998413085938,True,0.6873853802680969,2.641653060913086,0.6641322374343872,2.6677358150482178
7338,149.059229449,7,946.7801513671875,True,0.5761635303497314,2.5048210620880127,0.5527076721191406,2.479534149169922
7338,149.059229449,8,951.6604614257812,True,0.5031778812408447,2.440849542617798,0.490431547164917,2.391671657562256
7338,149.059229449,9,956.540771484375,True,0.6870299577713013,2.700937271118164,0.6672210693359375,2.6790671348571777
7338,149.059229449,10,961.4210815429688,True,0.7989734411239624,3.0661473274230957,0.7827876806259155,3.02178692817688
7338,149.059229449,11,966.3013916015625,True,0.8919065594673157,3.4020397663116455,0.8743447065353394,3.3103578090667725
7338,149.059229449,12,971.1817016601562,True,0.9007891416549683,3.5289108753204346,0.8801705241203308,3.4303314685821533
7338,149.059229449,13,976.06201171875,True,0.8870161771774292,3.5075361728668213,0.8685482740402222,3.4737906455993652
7338,149.059229449,14,980.9423217773438,True,0.8709344863891602,3.6222212314605713,0.8494039177894592,3.606342077255249
7338,149.059229449,15,985.8226318359375,True,0.8101619482040405,3.658637762069702,0.7943406701087952,3.605348587036133
7338,149.059229449,16,990.7029418945312,True,0.8512354493141174,3.7238738536834717,0.8378902673721313,3.6814353466033936
7338,149.059229449,17,995.583251953125,True,0.9507692456245422,3.7427830696105957,0.9342223405838013,3.713897228240967
7338,149.059229449,18,1000.4635620117188,True,1.033719539642334,4.063436985015869,1.0191792249679565,4.002828598022461
7338,149.059229449,19,1005.3438720703125,True,1.1004409790039062,4.285203456878662,1.0833534002304077,4.192808151245117
7338,149.059229449,20,1010.2241821289062,True,1.1123955249786377,4.440598487854004,1.0936883687973022,4.366641998291016
7338,149.059229449,21,1015.1044921875,True,1.107164740562439,4.448904514312744,1.090209722518921,4.431535243988037
7338,149.059229449,22,1019.9848022460938,True,1.1125811338424683,4.6736884117126465,1.0938260555267334,4.647451400756836
7338,149.059229449,23,1024.8651123046875,True,1.0878326892852783,4.710947513580322,1.0759031772613525,4.661575794219971
7338,149.059229449,24,1029.745361328125,True,1.166894793510437,4.746148586273193,1.1523853540420532,4.712529182434082
7338,149.059229449,25,1034.625732421875,True,1.2235175371170044,4.739288806915283,1.2090895175933838,4.705679416656494
7338,149.059229449,26,1039.5059814453125,True,1.2948483228683472,5.064897060394287,1.2811579704284668,4.998313903808594
7338,149.059229449,27,1044.3863525390625,True,1.3466347455978394,5.255070686340332,1.3300467729568481,5.171269416809082
7338,149.059229449,28,1049.2666015625,True,1.3610957860946655,5.385651111602783,1.3439772129058838,5.334265232086182
7338,149.059229449,29,1054.14697265625,True,1.367618203163147,5.477036952972412,1.3518099784851074,5.470569610595703
7338,149.059229449,30,1059.0272216796875,True,1.3878729343414307,5.74984884262085,1.3717211484909058,5.722557067871094
7338,149.059229449,31,1063.9075927734375,True,1.3932299613952637,5.749082088470459,1.382365345954895,5.708642482757568
7338,149.059229449,32,1068.787841796875,True,1.4708958864212036,5.739686012268066,1.4563056230545044,5.717782974243164
7338,149.059229449,33,1073.668212890625,True,1.5113756656646729,5.8070831298828125,1.498788595199585,5.772632598876953
7338,149.059229449,34,1078.5484619140625,True,1.5794634819030762,6.115336894989014,1.5662803649902344,6.0507917404174805
7338,149.059229449,35,1083.4288330078125,True,1.6276936531066895,6.286410331726074,1.6119601726531982,6.217914581298828
7338,149.059229449,36,1088.30908203125,True,1.6441736221313477,6.373547554016113,1.6289763450622559,6.345795631408691
7338,149.059229449,37,1093.189453125,True,1.6652058362960815,6.580934047698975,1.650652289390564,6.583672523498535
7338,149.059229449,38,1098.0697021484375,True,1.6962792873382568,6.836289405822754,1.6826672554016113,6.813711166381836
7338,149.059229449,39,1102.9500732421875,True,1.72651207447052,6.808685302734375,1.715644121170044,6.781698226928711
7338,149.059229449,40,1107.830322265625,True,1.781157374382019,6.765902042388916,1.7678003311157227,6.753978252410889
7338,149.059229449,41,1112.710693359375,True,1.818861961364746,6.929485321044922,1.807790756225586,6.897175312042236
7338,149.059229449,42,1117.5909423828125,True,1.8846567869186401,7.210198879241943,1.8722323179244995,7.153817176818848
7338,149.059229449,43,1122.4713134765625,True,1.9318236112594604,7.357054233551025,1.9172836542129517,7.3042097091674805
7338,149.059229449,44,1127.3515625,True,1.9492357969284058,7.41800594329834,1.9357781410217285,7.410299777984619
7338,149.059229449,45,1132.23193359375,True,1.9837151765823364,7.731448173522949,1.9705381393432617,7.739778518676758
7338,149.059229449,46,1137.1121826171875,True,2.021224021911621,7.935251235961914,2.0098373889923096,7.9187469482421875
7338,149.059229449,47,1141.9925537109375,True,2.0655670166015625,7.871867656707764,2.0545105934143066,7.85677433013916
7338,149.059229449,48,1146.872802734375,True,2.0939910411834717,7.829369068145752,2.082472324371338,7.824051380157471
7354,149.059229449,1,995.583251953125,True,0.4635932445526123,1.648777961730957,0.4408707022666931,1.6463786363601685
7354,149.059229449,2,1000.4635620117188,True,0.6518937349319458,2.709808588027954,0.6335378885269165,2.6929378509521484
7354,149.059229449,3,1005.3438720703125,True,0.7369242906570435,2.868321418762207,0.7177421450614929,2.7893998622894287
7354,149.059229449,4,1010.2241821289062,True,0.7441172003746033,2.8330459594726562,0.7203642129898071,2.729417085647583
7354,149.059229449,5,1015.1044921875,True,0.704001784324646,2.7333903312683105,0.6839567422866821,2.7154271602630615
7354,149.059229449,6,1019.9848022460938,True,0.6667556166648865,2.7640271186828613,0.6423848867416382,2.771334409713745
7354,149.059229449,7,1024.8651123046875,True,0.5771711468696594,2.5064008235931396,0.5563104748725891,2.463585376739502
7354,149.059229449,8,1029.745361328125,True,0.49621841311454773,2.401743173599243,0.48408782482147217,2.361346960067749
7354,149.059229449,9,1034.625732421875,True,0.669550895690918,2.6715927124023438,0.6499199867248535,2.6294875144958496
7354,149.059229449,10,1039.5059814453125,True,0.7968520522117615,3.253164529800415,0.7794004082679749,3.1824848651885986
7354,149.059229449,11,1044.3863525390625,True,0.8652433753013611,3.3911890983581543,0.8452738523483276,3.284317970275879
7354,149.059229449,12,1049.2666015625,True,0.878763735294342,3.5161967277526855,0.8573710918426514,3.441147804260254
7354,149.059229449,13,1054.14697265625,True,0.8590859174728394,3.5558886528015137,0.8402761220932007,3.5352725982666016
7354,149.059229449,14,1059.0272216796875,True,0.86890709400177,3.732497215270996,0.8473912477493286,3.6893770694732666
7354,149.059229449,15,1063.9075927734375,True,0.8162016272544861,3.6443073749542236,0.8022871613502502,3.590728282928467
7354,149.059229449,16,1068.787841796875,True,0.8320925831794739,3.6416127681732178,0.8190826773643494,3.606273889541626
7354,149.059229449,17,1073.668212890625,True,0.9341087341308594,3.8033082485198975,0.917721152305603,3.7481930255889893
7354,149.059229449,18,1078.5484619140625,True,1.0262004137039185,4.183986186981201,1.0101690292358398,4.0970635414123535
7354,149.059229449,19,1083.4288330078125,True,1.0802841186523438,4.304871559143066,1.061382532119751,4.214239597320557
7354,149.059229449,20,1088.30908203125,True,1.091426134109497,4.405867099761963,1.0725992918014526,4.35945987701416
7354,149.059229449,21,1093.189453125,True,1.0908721685409546,4.562326431274414,1.0736654996871948,4.543433666229248
7354,149.059229449,22,1098.0697021484375,True,1.1238986253738403,4.748515605926514,1.1052998304367065,4.70059871673584
7354,149.059229449,23,1102.9500732421875,True,1.09372079372406,4.690229892730713,1.0826956033706665,4.646424770355225
7354,149.059229449,24,1107.830322265625,True,1.1389249563217163,4.656476020812988,1.1254886388778687,4.627745151519775
7354,149.059229449,25,1112.710693359375,True,1.2103393077850342,4.874303817749023,1.1961652040481567,4.819360256195068
7354,149.059229449,26,1117.5909423828125,True,1.2863373756408691,5.171454429626465,1.2713578939437866,5.0898847579956055
7354,149.059229449,27,1122.4713134765625,True,1.335193395614624,5.300788402557373,1.3174097537994385,5.226014614105225
7354,149.059229449,28,1127.3515625,True,1.3443965911865234,5.36581563949585,1.3276609182357788,5.339090347290039
7354,149.059229449,29,1132.23193359375,True,1.3654621839523315,5.633521556854248,1.3498179912567139,5.616596221923828
7354,149.059229449,30,1137.1121826171875,True,1.4068727493286133,5.797969818115234,1.391160011291504,5.755640983581543
7354,149.059229449,31,1141.9925537109375,True,1.394209861755371,5.723790168762207,1.383969783782959,5.690352439880371
7354,149.059229449,32,1146.872802734375,True,1.4421731233596802,5.6784467697143555,1.428968906402588,5.655189514160156
7354,149.059229449,33,1151.753173828125,True,1.5037641525268555,5.971405506134033,1.4907746315002441,5.92033052444458
7354,149.059229449,34,1156.6334228515625,True,1.5744552612304688,6.205346584320068,1.5603172779083252,6.131050109863281
7354,149.059229449,35,1161.5137939453125,True,1.6212910413742065,6.341309070587158,1.6048640012741089,6.28538703918457
7354,149.059229449,36,1166.39404296875,True,1.6337337493896484,6.415809154510498,1.618862509727478,6.408646583557129
7354,149.059229449,37,1171.2744140625,True,1.6760034561157227,6.767582893371582,1.6614418029785156,6.754124164581299
7354,149.059229449,38,1176.1546630859375,True,1.716954231262207,6.851080894470215,1.7036960124969482,6.8171515464782715
7354,149.059229449,39,1181.0350341796875,True,1.7181087732315063,6.771119594573975,1.7078688144683838,6.74833869934082
7354,149.059229449,40,1185.915283203125,True,1.7572671175003052,6.7679853439331055,1.7453243732452393,6.7455902099609375
7354,149.059229449,41,1190.795654296875,True,1.8162840604782104,7.081060886383057,1.8043879270553589,7.031826019287109
7354,149.059229449,42,1195.6759033203125,True,1.8849095106124878,7.278784275054932,1.8714494705200195,7.216067790985107
7354,149.059229449,43,1200.5562744140625,True,1.9255304336547852,7.389660358428955,1.9105461835861206,7.353393077850342
7354,149.059229449,44,1205.4365234375,True,1.944968342781067,7.5399651527404785,1.9317140579223633,7.545522689819336
7354,149.059229449,45,1210.31689453125,True,2.0026345252990723,7.900012969970703,1.9890906810760498,7.891449928283691
7354,149.059229449,46,1215.1971435546875,True,2.037646532058716,7.909193515777588,2.0263915061950684,7.885757923126221
7354,149.059229449,47,1220.0775146484375,True,2.045454978942871,7.8245391845703125,2.0355007648468018,7.814601898193359
7354,149.059229449,48,1224.957763671875,True,2.0762360095977783,7.902373313903809,2.066028118133545,7.883953094482422
9513,189.86227838,1,396.9769592285156,True,0.8037295341491699,3.8192524909973145,0.793139636516571,3.7554609775543213
9513,189.86227838,2,400.6870422363281,True,1.1405833959579468,6.232483863830566,1.1320689916610718,6.121056079864502
9513,189.86227838,3,404.3970947265625,True,1.2556933164596558,6.916569709777832,1.2451927661895752,6.759200096130371
9513,189.86227838,4,408.1071472167969,True,1.2806587219238281,6.649592399597168,1.2694625854492188,6.497627258300781
9513,189.86227838,5,411.8172302246094,True,1.305219054222107,6.187565803527832,1.2926572561264038,6.067164897918701
9513,189.86227838,6,415.52728271484375,True,1.3248528242111206,5.682031631469727,1.310954213142395,5.58287239074707
9513,189.86227838,7,419.23736572265625,True,1.2288419008255005,4.936674118041992,1.2137914896011353,4.855218410491943
9513,189.86227838,8,422.9474182128906,True,1.2408961057662964,4.746415615081787,1.2279481887817383,4.656393051147461
9513,189.86227838,9,426.6575012207031,True,1.441838264465332,5.481139659881592,1.4310516119003296,5.392925262451172
9513,189.86227838,10,430.3675537109375,True,1.5401862859725952,5.980429172515869,1.5349969863891602,5.862145900726318
9513,189.86227838,11,434.0776062011719,True,1.508306622505188,5.808520793914795,1.5032449960708618,5.676300525665283
9513,189.86227838,12,437.7876892089844,True,1.4896873235702515,5.520709037780762,1.482779860496521,5.4176836013793945
9513,189.86227838,13,441.49774169921875,True,1.508284568786621,5.337269306182861,1.4989038705825806,5.238021373748779
9513,189.86227838,14,445.20782470703125,True,1.5072261095046997,5.1008758544921875,1.4950228929519653,5.001279354095459
9513,189.86227838,15,448.9178771972656,True,1.3813694715499878,4.63878870010376,1.3688263893127441,4.546450614929199
9513,189.86227838,16,452.6279296875,True,1.4514954090118408,4.75826358795166,1.4401267766952515,4.66396951675415
9513,189.86227838,17,456.3380126953125,True,1.5727219581604004,5.155343055725098,1.5653159618377686,5.056535720825195
9513,189.86227838,18,460.0480651855469,True,1.6366978883743286,5.325967788696289,1.6341705322265625,5.200063705444336
9513,189.86227838,19,463.7581481933594,True,1.6358174085617065,5.0489983558654785,1.63225257396698,4.941532135009766
9513,189.86227838,20,467.46820068359375,True,1.6321512460708618,4.993136405944824,1.6264647245407104,4.903092384338379
9513,189.86227838,21,471.1782531738281,True,1.692293405532837,4.947550296783447,1.6823155879974365,4.854274749755859
9513,189.86227838,22,474.8883361816406,True,1.67753267288208,4.716185092926025,1.663305640220642,4.638269424438477
9513,189.86227838,23,478.598388671875,True,1.6017897129058838,4.568948745727539,1.5898902416229248,4.485668659210205
9513,189.86227838,24,482.3084716796875,True,1.6895290613174438,4.876497745513916,1.677890658378601,4.786505699157715
9513,189.86227838,25,486.0185241699219,True,1.7836699485778809,5.114302635192871,1.7770317792892456,5.020252704620361
9513,189.86227838,26,489.7286071777344,True,1.8589516878128052,5.041920185089111,1.8562761545181274,4.938071250915527
9513,189.86227838,27,493.43865966796875,True,1.8822424411773682,4.931241989135742,1.8782297372817993,4.858407974243164
9513,189.86227838,28,497.1487121582031,True,1.9210808277130127,4.975532054901123,1.9145416021347046,4.902458667755127
9513,189.86227838,29,500.8587951660156,True,2.0003597736358643,4.975327968597412,1.9880311489105225,4.9067487716674805
9513,189.86227838,30,504.56884765625,True,1.9578454494476318,4.829063415527344,1.9441502094268799,4.776689529418945
9513,189.86227838,31,508.2789306640625,True,1.9587781429290771,5.010262966156006,1.947907567024231,4.946334362030029
9513,189.86227838,32,511.9889831542969,True,2.0320849418640137,5.2756876945495605,2.0219550132751465,5.2143425941467285
9513,189.86227838,33,515.6990356445312,True,2.1302428245544434,5.462922096252441,2.1256442070007324,5.386230945587158
9513,189.86227838,34,519.4091186523438,True,2.195335865020752,5.4456329345703125,2.1923789978027344,5.38148832321167
9513,189.86227838,35,523.1192016601562,True,2.21661376953125,5.438955307006836,2.2121450901031494,5.393857002258301
9513,189.86227838,36,526.8292236328125,True,2.2963764667510986,5.491722106933594,2.287662982940674,5.440310955047607
9513,189.86227838,37,530.539306640625,True,2.3391611576080322,5.416737079620361,2.325265645980835,5.37926721572876
9513,189.86227838,38,534.2493896484375,True,2.2759323120117188,5.496214866638184,2.2642931938171387,5.458055019378662
9513,189.86227838,39,537.9594116210938,True,2.3278441429138184,5.741389751434326,2.316657543182373,5.695457458496094
9513,189.86227838,40,541.6694946289062,True,2.3948800563812256,5.927038669586182,2.3862740993499756,5.887947082519531
9513,189.86227838,41,545.3795776367188,True,2.4935688972473145,6.082873821258545,2.490893840789795,6.027496814727783
9513,189.86227838,42,549.0896606445312,True,2.541597604751587,6.102700710296631,2.5381593704223633,6.070369243621826
9513,189.86227838,43,552.7996826171875,True,2.5811007022857666,6.119844913482666,2.575855016708374,6.087523937225342
9513,189.86227838,44,556.509765625,True,2.6763505935668945,6.1366400718688965,2.6660401821136475,6.107882976531982
9513,189.86227838,45,560.2198486328125,True,2.6751387119293213,6.112852096557617,2.6617932319641113,6.0989179611206055
9513,189.86227838,46,563.9298706054688,True,2.6433355808258057,6.298845291137695,2.6333296298980713,6.27276086807251
9513,189.86227838,47,567.6399536132812,True,2.6997272968292236,6.514207363128662,2.688892126083374,6.490085124969482
9513,189.86227838,48,571.3500366210938,True,2.7728493213653564,6.723651885986328,2.766965389251709,6.691144943237305
9521,189.86227838,1,426.6575012207031,True,0.6981592178344727,3.1731464862823486,0.6762107610702515,3.1017825603485107
9521,189.86227838,2,430.3675537109375,True,0.986218273639679,5.066438674926758,0.9708918333053589,4.963900089263916
9521,189.86227838,3,434.0776062011719,True,1.0256130695343018,5.304988861083984,1.0107423067092896,5.191282272338867
9521,189.86227838,4,437.7876892089844,True,0.9979664087295532,4.983791351318359,0.9849132895469666,4.871529579162598
9521,189.86227838,5,441.49774169921875,True,1.011387586593628,4.556118488311768,0.995858371257782,4.432762622833252
9521,189.86227838,6,445.20782470703125,True,1.0313068628311157,4.127810955047607,1.0153207778930664,4.019454002380371
9521,189.86227838,7,448.9178771972656,True,0.8721275329589844,3.3798370361328125,0.8562033772468567,3.3036985397338867
9521,189.86227838,8,452.6279296875,True,0.8539317846298218,3.3750627040863037,0.8407427072525024,3.2925899028778076
9521,189.86227838,9,456.3380126953125,True,1.0864253044128418,4.12457275390625,1.0728098154067993,4.033893585205078
9521,189.86227838,10,460.0480651855469,True,1.23042893409729,4.568583965301514,1.2217649221420288,4.457468032836914
9521,189.86227838,11,463.7581481933594,True,1.2303361892700195,4.369831085205078,1.2232799530029297,4.277950763702393
9521,189.86227838,12,467.46820068359375,True,1.2236113548278809,4.260486602783203,1.216647744178772,4.173975467681885
9521,189.86227838,13,471.1782531738281,True,1.278830647468567,4.211430549621582,1.2679044008255005,4.114693641662598
9521,189.86227838,14,474.8883361816406,True,1.2654677629470825,3.943641185760498,1.2505223751068115,3.863316297531128
9521,189.86227838,15,478.598388671875,True,1.130647897720337,3.708042621612549,1.1189031600952148,3.630938768386841
9521,189.86227838,16,482.3084716796875,True,1.245296597480774,4.022021770477295,1.2329660654067993,3.937150478363037
9521,189.86227838,17,486.0185241699219,True,1.4064342975616455,4.444453716278076,1.3969687223434448,4.356719017028809
9521,189.86227838,18,489.7286071777344,True,1.4970591068267822,4.478116989135742,1.4924625158309937,4.381767749786377
9521,189.86227838,19,493.43865966796875,True,1.5114437341690063,4.351247787475586,1.5078076124191284,4.287359714508057
9521,189.86227838,20,497.1487121582031,True,1.5505716800689697,4.350322723388672,1.5445494651794434,4.275846004486084
9521,189.86227838,21,500.8587951660156,True,1.6273436546325684,4.376417636871338,1.6169699430465698,4.300897121429443
9521,189.86227838,22,504.56884765625,True,1.5776935815811157,4.257039546966553,1.5648903846740723,4.200793743133545
9521,189.86227838,23,508.2789306640625,True,1.5274935960769653,4.349460601806641,1.519682765007019,4.288723945617676
9521,189.86227838,24,511.9889831542969,True,1.64069402217865,4.668944358825684,1.6311039924621582,4.605319023132324
9521,189.86227838,25,515.6990356445312,True,1.7706066370010376,4.929978370666504,1.7652835845947266,4.851478576660156
9521,189.86227838,26,519.4091186523438,True,1.8347852230072021,4.930135726928711,1.832505702972412,4.869631290435791
9521,189.86227838,27,523.1192016601562,True,1.859244704246521,4.845169544219971,1.8563607931137085,4.802220821380615
9521,189.86227838,28,526.8292236328125,True,1.9434409141540527,4.896749973297119,1.9365614652633667,4.838695049285889
9521,189.86227838,29,530.539306640625,True,1.989784598350525,4.881056785583496,1.9785449504852295,4.834850311279297
9521,189.86227838,30,534.2493896484375,True,1.9160969257354736,4.961594581604004,1.9067836999893188,4.9178147315979
9521,189.86227838,31,537.9594116210938,True,1.951801061630249,5.140507221221924,1.9433306455612183,5.087642669677734
9521,189.86227838,32,541.6694946289062,True,2.041029930114746,5.400529384613037,2.032653331756592,5.351569652557373
9521,189.86227838,33,545.3795776367188,True,2.142834424972534,5.569071292877197,2.1399219036102295,5.5090179443359375
9521,189.86227838,34,549.0896606445312,True,2.1808295249938965,5.5431742668151855,2.178278684616089,5.509248733520508
9521,189.86227838,35,552.7996826171875,True,2.2207956314086914,5.486996650695801,2.2163259983062744,5.448576927185059
9521,189.86227838,36,556.509765625,True,2.3126580715179443,5.567319393157959,2.3034729957580566,5.5284247398376465
9521,189.86227838,37,560.2198486328125,True,2.309840202331543,5.591524600982666,2.2972726821899414,5.567182540893555
9521,189.86227838,38,563.9298706054688,True,2.2492809295654297,5.711749076843262,2.2413997650146484,5.676892280578613
9521,189.86227838,39,567.6399536132812,True,2.3186542987823486,5.925256252288818,2.308739185333252,5.888108253479004
9521,189.86227838,40,571.3500366210938,True,2.41156268119812,6.187450885772705,2.4052743911743164,6.14378547668457
9521,189.86227838,41,575.0601196289062,True,2.488300085067749,6.313665866851807,2.4863803386688232,6.27761697769165
9521,189.86227838,42,578.7701416015625,True,2.5203800201416016,6.191742897033691,2.517176389694214,6.178427696228027
9521,189.86227838,43,582.480224609375,True,2.599630355834961,6.215545654296875,2.593290328979492,6.189545154571533
9521,189.86227838,44,586.1903076171875,True,2.6756129264831543,6.300826549530029,2.6651268005371094,6.280706882476807
9521,189.86227838,45,589.9003295898438,True,2.637514591217041,6.413205623626709,2.6266260147094727,6.397153377532959
9521,189.86227838,46,593.6104125976562,True,2.6338539123535156,6.517680644989014,2.6256585121154785,6.490643501281738
9521,189.86227838,47,597.3204956054688,True,2.694950580596924,6.730560779571533,2.685708999633789,6.7094244956970215
9521,189.86227838,48,601.030517578125,True,2.7897396087646484,6.980913162231445,2.786140203475952,6.948417663574219
9537,189.86227838,1,486.0185241699219,True,0.6435884833335876,2.4835174083709717,0.6163076162338257,2.3408501148223877
9537,189.86227838,2,489.7286071777344,True,0.8165695667266846,3.0420799255371094,0.7981414198875427,2.901799440383911
9537,189.86227838,3,493.43865966796875,True,0.8340136408805847,2.9022562503814697,0.8198075890541077,2.8252017498016357
9537,189.86227838,4,497.1487121582031,True,0.9048997163772583,2.8407845497131348,0.8887090682983398,2.73675799369812
9537,189.86227838,5,500.8587951660156,True,0.9793931841850281,3.1433324813842773,0.9646878838539124,2.9770455360412598
9537,189.86227838,6,504.56884765625,True,0.9212223887443542,3.034219980239868,0.9044357538223267,2.877048969268799
9537,189.86227838,7,508.2789306640625,True,0.7414513826370239,2.590641498565674,0.7270296812057495,2.492875337600708
9537,189.86227838,8,511.9889831542969,True,0.6945132613182068,2.6075141429901123,0.6823519468307495,2.5336291790008545
9537,189.86227838,9,515.6990356445312,True,0.959173858165741,3.329408884048462,0.9423350691795349,3.190399408340454
9537,189.86227838,10,519.4091186523438,True,1.0300415754318237,3.5005457401275635,1.0201618671417236,3.3797860145568848
9537,189.86227838,11,523.1192016601562,True,1.0759600400924683,3.25249981880188,1.066608190536499,3.1839661598205566
9537,189.86227838,12,526.8292236328125,True,1.1728137731552124,3.4229307174682617,1.1600046157836914,3.326770305633545
9537,189.86227838,13,530.539306640625,True,1.2218506336212158,3.6444039344787598,1.2083665132522583,3.5338714122772217
9537,189.86227838,14,534.2493896484375,True,1.1216944456100464,3.611585855484009,1.1068263053894043,3.5031919479370117
9537,189.86227838,15,537.9594116210938,True,0.998019814491272,3.4316372871398926,0.9872951507568359,3.352684497833252
9537,189.86227838,16,541.6694946289062,True,1.109299898147583,3.7904181480407715,1.0964434146881104,3.708010196685791
9537,189.86227838,17,545.3795776367188,True,1.2917554378509521,4.2034502029418945,1.2808809280395508,4.098291397094727
9537,189.86227838,18,549.0896606445312,True,1.3354707956314087,4.191002368927002,1.3276253938674927,4.109524726867676
9537,189.86227838,19,552.7996826171875,True,1.4071837663650513,4.012791633605957,1.3968645334243774,3.9456515312194824
9537,189.86227838,20,556.509765625,True,1.5180282592773438,4.309793472290039,1.5040688514709473,4.232866287231445
9537,189.86227838,21,560.2198486328125,True,1.5250927209854126,4.433956146240234,1.5097463130950928,4.36108922958374
9537,189.86227838,22,563.9298706054688,True,1.4292126893997192,4.389407634735107,1.4160749912261963,4.308753967285156
9537,189.86227838,23,567.6399536132812,True,1.379759430885315,4.427374839782715,1.3692104816436768,4.3649001121521
9537,189.86227838,24,571.3500366210938,True,1.535804271697998,4.836814880371094,1.5245660543441772,4.758040428161621
9537,189.86227838,25,575.0601196289062,True,1.6439117193222046,5.105983734130859,1.6371468305587769,5.0294647216796875
9537,189.86227838,26,578.7701416015625,True,1.69125497341156,4.887289524078369,1.6842182874679565,4.8381218910217285
9537,189.86227838,27,582.480224609375,True,1.792859435081482,4.916753768920898,1.782217264175415,4.862753868103027
9537,189.86227838,28,586.1903076171875,True,1.882741928100586,5.1957244873046875,1.870165228843689,5.1389479637146
9537,189.86227838,29,589.9003295898438,True,1.8445217609405518,5.289121150970459,1.8313994407653809,5.230039596557617
9537,189.86227838,30,593.6104125976562,True,1.7779178619384766,5.231531143188477,1.7680082321166992,5.17243766784668
9537,189.86227838,31,597.3204956054688,True,1.8063969612121582,5.439499855041504,1.7974505424499512,5.390507221221924
9537,189.86227838,32,601.030517578125,True,1.954604148864746,5.808525085449219,1.947191596031189,5.743927001953125
9537,189.86227838,33,604.7406005859375,True,2.01035213470459,5.889575004577637,2.005005121231079,5.838659286499023
9537,189.86227838,34,608.45068359375,True,2.0647199153900146,5.656468868255615,2.057415246963501,5.614388942718506
9537,189.86227838,35,612.1607666015625,True,2.180924892425537,5.8890838623046875,2.169335126876831,5.843604564666748
9537,189.86227838,36,615.8707885742188,True,2.2294981479644775,6.087245941162109,2.2167372703552246,6.05081033706665
9537,189.86227838,37,619.5808715820312,True,2.164062738418579,6.1119771003723145,2.1527767181396484,6.065762996673584
9537,189.86227838,38,623.2909545898438,True,2.1263773441314697,6.155289173126221,2.1166067123413086,6.11244535446167
9537,189.86227838,39,627.0009765625,True,2.218505859375,6.4587860107421875,2.20943284034729,6.4193115234375
9537,189.86227838,40,630.7110595703125,True,2.332663059234619,6.733181953430176,2.3279216289520264,6.686214923858643
9537,189.86227838,41,634.421142578125,True,2.3796796798706055,6.630671977996826,2.3745219707489014,6.600035190582275
9537,189.86227838,42,638.1312255859375,True,2.4649131298065186,6.557441711425781,2.4568605422973633,6.525521755218506
9537,189.86227838,43,641.8412475585938,True,2.5787553787231445,6.857519626617432,2.5676326751708984,6.8217315673828125
9537,189.86227838,44,645.5513305664062,True,2.5847771167755127,7.006965637207031,2.572995901107788,6.9811553955078125
9537,189.86227838,45,649.2614135742188,True,2.532020330429077,6.997457027435303,2.523103952407837,6.963010311126709
9537,189.86227838,46,652.971435546875,True,2.533318042755127,7.147595405578613,2.5251870155334473,7.121492862701416
9537,189.86227838,47,656.6815185546875,True,2.652708053588867,7.458399772644043,2.646005153656006,7.428415298461914
9537,189.86227838,48,660.3916015625,True,2.720571756362915,7.61851167678833,2.716642379760742,7.593169689178467
9553,189.86227838,1,545.3795776367188,True,0.6368358135223389,2.270454168319702,0.6110825538635254,2.1210005283355713
9553,189.86227838,2,549.0896606445312,True,0.7994570732116699,2.841809034347534,0.789057731628418,2.7079126834869385
9553,189.86227838,3,552.7996826171875,True,0.93051677942276,2.919017791748047,0.9171563386917114,2.818983554840088
9553,189.86227838,4,556.509765625,True,1.0377095937728882,3.288855791091919,1.019633173942566,3.15921950340271
9553,189.86227838,5,560.2198486328125,True,1.0164003372192383,3.4630093574523926,1.000344157218933,3.3020644187927246
9553,189.86227838,6,563.9298706054688,True,0.9175135493278503,3.1158106327056885,0.8996415734291077,2.956346035003662
9553,189.86227838,7,567.6399536132812,True,0.7330507636070251,2.633044719696045,0.7125859260559082,2.5325233936309814
9553,189.86227838,8,571.3500366210938,True,0.7238306999206543,2.8811841011047363,0.706416666507721,2.768078327178955
9553,189.86227838,9,575.0601196289062,True,0.9663169384002686,3.5040159225463867,0.9503010511398315,3.3594236373901367
9553,189.86227838,10,578.7701416015625,True,1.0604742765426636,3.398373603820801,1.0498789548873901,3.290029525756836
9553,189.86227838,11,582.480224609375,True,1.1994218826293945,3.5091676712036133,1.184257984161377,3.4154443740844727
9553,189.86227838,12,586.1903076171875,True,1.2780956029891968,3.9040544033050537,1.260040044784546,3.7951440811157227
9553,189.86227838,13,589.9003295898438,True,1.218176007270813,3.945726156234741,1.2014797925949097,3.8244433403015137
9553,189.86227838,14,593.6104125976562,True,1.126807451248169,3.7346582412719727,1.107452392578125,3.614269495010376
9553,189.86227838,15,597.3204956054688,True,0.9821577668190002,3.6797690391540527,0.9651985764503479,3.60150408744812
9553,189.86227838,16,601.030517578125,True,1.1548117399215698,4.165651321411133,1.1404598951339722,4.051796913146973
9553,189.86227838,17,604.7406005859375,True,1.30039381980896,4.388775825500488,1.2891377210617065,4.281034469604492
9553,189.86227838,18,608.45068359375,True,1.397042155265808,4.177938938140869,1.3847936391830444,4.085597991943359
9553,189.86227838,19,612.1607666015625,True,1.5371049642562866,4.4606547355651855,1.5190485715866089,4.380758762359619
9553,189.86227838,20,615.8707885742188,True,1.576319932937622,4.700555801391602,1.5572298765182495,4.620372295379639
9553,189.86227838,21,619.5808715820312,True,1.506351351737976,4.661596775054932,1.4888032674789429,4.568264961242676
9553,189.86227838,22,623.2909545898438,True,1.43268883228302,4.601736545562744,1.4123129844665527,4.5161614418029785
9553,189.86227838,23,627.0009765625,True,1.3921587467193604,4.795507907867432,1.3776047229766846,4.726589202880859
9553,189.86227838,24,630.7110595703125,True,1.5748841762542725,5.189874649047852,1.561955213546753,5.099405288696289
9553,189.86227838,25,634.421142578125,True,1.6681909561157227,5.139599323272705,1.657882571220398,5.063623905181885
9553,189.86227838,26,638.1312255859375,True,1.7876231670379639,5.082381725311279,1.7743611335754395,5.010739803314209
9553,189.86227838,27,641.8412475585938,True,1.9083009958267212,5.431877613067627,1.8902308940887451,5.361958980560303
9553,189.86227838,28,645.5513305664062,True,1.901672601699829,5.572513103485107,1.8848707675933838,5.509140968322754
9553,189.86227838,29,649.2614135742188,True,1.844738483428955,5.496042728424072,1.8288943767547607,5.4223222732543945
9553,189.86227838,30,652.971435546875,True,1.7789429426193237,5.563357353210449,1.7634551525115967,5.505298137664795
9553,189.86227838,31,656.6815185546875,True,1.8570271730422974,5.888739585876465,1.846289873123169,5.82476806640625
9553,189.86227838,32,660.3916015625,True,1.984330654144287,6.130363941192627,1.9747064113616943,6.066558361053467
9553,189.86227838,33,664.1016235351562,True,2.056765556335449,5.9291815757751465,2.046764612197876,5.869256496429443
9553,189.86227838,34,667.8117065429688,True,2.1896579265594482,6.09485387802124,2.1749989986419678,6.0318427085876465
9553,189.86227838,35,671.5217895507812,True,2.271871328353882,6.381698131561279,2.2549102306365967,6.333573341369629
9553,189.86227838,36,675.2318725585938,True,2.2282307147979736,6.426246643066406,2.213470220565796,6.372013092041016
9553,189.86227838,37,678.94189453125,True,2.1865077018737793,6.408615589141846,2.1703360080718994,6.348784446716309
9553,189.86227838,38,682.6519775390625,True,2.1469221115112305,6.571840286254883,2.134303092956543,6.530660629272461
9553,189.86227838,39,686.362060546875,True,2.2813639640808105,6.88771390914917,2.272428274154663,6.839696884155273
9553,189.86227838,40,690.0720825195312,True,2.3717594146728516,6.951714992523193,2.363556146621704,6.9065070152282715
9553,189.86227838,41,693.7821655273438,True,2.4633054733276367,6.823885440826416,2.4525644779205322,6.773280143737793
9553,189.86227838,42,697.4922485351562,True,2.5980124473571777,7.12147855758667,2.582395553588867,7.080874443054199
9553,189.86227838,43,701.2023315429688,True,2.6366794109344482,7.298303604125977,2.620532512664795,7.269928455352783
9553,189.86227838,44,704.912353515625,True,2.5893020629882812,7.312807559967041,2.575288772583008,7.267683982849121
9553,189.86227838,45,708.6224365234375,True,2.557157516479492,7.389596939086914,2.5417630672454834,7.350491523742676
9553,189.86227838,46,712.33251953125,True,2.5879552364349365,7.645674705505371,2.578077554702759,7.6125664710998535
9553,189.86227838,47,716.0425415039062,True,2.703779935836792,7.903014659881592,2.696096897125244,7.868243217468262
9553,189.86227838,48,719.7526245117188,True,2.7706217765808105,7.781121730804443,2.762242555618286,7.751272678375244
9561,189.86227838,1,575.0601196289062,True,0.6303696036338806,2.249174118041992,0.6072680354118347,2.1135787963867188
9561,189.86227838,2,578.7701416015625,True,0.82132488489151,2.8449742794036865,0.8096693754196167,2.705946207046509
9561,189.86227838,3,582.480224609375,True,0.970207691192627,3.204413890838623,0.9556902647018433,3.0791938304901123
9561,189.86227838,4,586.1903076171875,True,1.037624716758728,3.519447088241577,1.019323468208313,3.3724851608276367
9561,189.86227838,5,589.9003295898438,True,1.0014015436172485,3.4291365146636963,0.9847139716148376,3.2631430625915527
9561,189.86227838,6,593.6104125976562,True,0.9194230437278748,3.0468051433563232,0.8987812399864197,2.8856096267700195
9561,189.86227838,7,597.3204956054688,True,0.7266760468482971,2.6994011402130127,0.7026163935661316,2.600804567337036
9561,189.86227838,8,601.030517578125,True,0.7322320938110352,2.97871732711792,0.7148712873458862,2.8582804203033447
9561,189.86227838,9,604.7406005859375,True,0.9620936512947083,3.3979361057281494,0.9473645091056824,3.2567224502563477
9561,189.86227838,10,608.45068359375,True,1.0901050567626953,3.3497672080993652,1.0764766931533813,3.23176908493042
9561,189.86227838,11,612.1607666015625,True,1.230415940284729,3.735562801361084,1.2107399702072144,3.632225751876831
9561,189.86227838,12,615.8707885742188,True,1.261187195777893,3.904301404953003,1.239504337310791,3.798438310623169
9561,189.86227838,13,619.5808715820312,True,1.2034152746200562,3.8109238147735596,1.1840200424194336,3.68730092048645
9561,189.86227838,14,623.2909545898438,True,1.1198058128356934,3.7332687377929688,1.0946898460388184,3.613591194152832
9561,189.86227838,15,627.0009765625,True,0.9844024777412415,3.7885994911193848,0.9655174612998962,3.699831247329712
9561,189.86227838,16,630.7110595703125,True,1.1544201374053955,4.179131984710693,1.1395970582962036,4.064430236816406
9561,189.86227838,17,634.421142578125,True,1.3002605438232422,4.186747074127197,1.288535714149475,4.085718631744385
9561,189.86227838,18,638.1312255859375,True,1.4345288276672363,4.224761009216309,1.4203768968582153,4.128149032592773
9561,189.86227838,19,641.8412475585938,True,1.551857829093933,4.5875420570373535,1.5324008464813232,4.495893955230713
9561,189.86227838,20,645.5513305664062,True,1.5491117238998413,4.668972015380859,1.530442476272583,4.583683967590332
9561,189.86227838,21,649.2614135742188,True,1.4985406398773193,4.582742214202881,1.4809757471084595,4.4850239753723145
9561,189.86227838,22,652.971435546875,True,1.4174187183380127,4.639773845672607,1.39699387550354,4.556638717651367
9561,189.86227838,23,656.6815185546875,True,1.402268409729004,4.896169185638428,1.3898258209228516,4.8126959800720215
9561,189.86227838,24,660.3916015625,True,1.5715833902359009,5.149397850036621,1.5598440170288086,5.063655376434326
9561,189.86227838,25,664.1016235351562,True,1.6780720949172974,4.9865241050720215,1.6668750047683716,4.905544281005859
9561,189.86227838,26,667.8117065429688,True,1.8231689929962158,5.211518287658691,1.8074555397033691,5.12532377243042
9561,189.86227838,27,671.5217895507812,True,1.9035630226135254,5.46803092956543,1.8847562074661255,5.400259971618652
9561,189.86227838,28,675.2318725585938,True,1.8738232851028442,5.4760003089904785,1.8572499752044678,5.40231466293335
9561,189.86227838,29,678.94189453125,True,1.8378201723098755,5.462114334106445,1.8188079595565796,5.380001068115234
9561,189.86227838,30,682.6519775390625,True,1.7739468812942505,5.613990306854248,1.7569916248321533,5.550958156585693
9561,189.86227838,31,686.362060546875,True,1.859943151473999,5.903468132019043,1.8497741222381592,5.835816860198975
9561,189.86227838,32,690.0720825195312,True,1.9805485010147095,5.975174903869629,1.9700500965118408,5.910672664642334
9561,189.86227838,33,693.7821655273438,True,2.0815248489379883,5.873219966888428,2.0687766075134277,5.80272102355957
9561,189.86227838,34,697.4922485351562,True,2.214435577392578,6.194310188293457,2.1963202953338623,6.133573055267334
9561,189.86227838,35,701.2023315429688,True,2.251579523086548,6.3346662521362305,2.23221755027771,6.290074348449707
9561,189.86227838,36,704.912353515625,True,2.20978045463562,6.332188129425049,2.193190336227417,6.2696638107299805
9561,189.86227838,37,708.6224365234375,True,2.175111770629883,6.412591934204102,2.155308723449707,6.352996826171875
9561,189.86227838,38,712.33251953125,True,2.155017614364624,6.651749610900879,2.1424145698547363,6.600178241729736
9561,189.86227838,39,716.0425415039062,True,2.278916597366333,6.906247138977051,2.269380807876587,6.853776454925537
9561,189.86227838,40,719.7526245117188,True,2.3731508255004883,6.792503356933594,2.3629393577575684,6.7453837394714355
9561,189.86227838,41,723.4627075195312,True,2.498591184616089,6.859395503997803,2.485090970993042,6.805109977722168
9561,189.86227838,42,727.1727905273438,True,2.6102852821350098,7.160243988037109,2.592679977416992,7.1219892501831055
9561,189.86227838,43,730.8828125,True,2.6104753017425537,7.243927001953125,2.593406915664673,7.205318450927734
9561,189.86227838,44,734.5928955078125,True,2.582183837890625,7.26032018661499,2.5654940605163574,7.209543704986572
9561,189.86227838,45,738.302978515625,True,2.5498640537261963,7.398512840270996,2.5328588485717773,7.362511157989502
9561,189.86227838,46,742.0130004882812,True,2.596477746963501,7.651834964752197,2.587545871734619,7.612610816955566
9561,189.86227838,47,745.7230834960938,True,2.702209949493408,7.805300712585449,2.692741632461548,7.767859935760498
9561,189.86227838,48,749.4331665039062,True,2.7839107513427734,7.654327392578125,2.772867202758789,7.615252494812012
9577,189.86227838,1,634.421142578125,True,0.594175398349762,2.1444284915924072,0.5756118297576904,1.9966506958007812
9577,189.86227838,2,638.1312255859375,True,0.816902220249176,3.1430656909942627,0.8003943562507629,2.9628775119781494
9577,189.86227838,3,641.8412475585938,True,0.9366317391395569,3.5212903022766113,0.9186034798622131,3.3414695262908936
9577,189.86227838,4,645.5513305664062,True,0.9972836971282959,3.2142856121063232,0.9750756621360779,3.0960171222686768
9577,189.86227838,5,649.2614135742188,True,0.9589569568634033,3.040595769882202,0.9396023154258728,2.909126043319702
9577,189.86227838,6,652.971435546875,True,0.8752255439758301,3.035629987716675,0.8501603007316589,2.8908138275146484
9577,189.86227838,7,656.6815185546875,True,0.7209891080856323,2.9530673027038574,0.6969696879386902,2.8159828186035156
9577,189.86227838,8,660.3916015625,True,0.7069734930992126,2.915025234222412,0.6929090023040771,2.8019514083862305
9577,189.86227838,9,664.1016235351562,True,0.9244701862335205,3.0739660263061523,0.90951007604599,2.944248914718628
9577,189.86227838,10,667.8117065429688,True,1.0865856409072876,3.598923921585083,1.068563461303711,3.454155206680298
9577,189.86227838,11,671.5217895507812,True,1.1937222480773926,3.799422025680542,1.1707074642181396,3.672501564025879
9577,189.86227838,12,675.2318725585938,True,1.2085707187652588,3.70373797416687,1.185568928718567,3.592522144317627
9577,189.86227838,13,678.94189453125,True,1.160050630569458,3.700007915496826,1.1372941732406616,3.5758447647094727
9577,189.86227838,14,682.6519775390625,True,1.0852817296981812,3.809724807739258,1.0573726892471313,3.682441234588623
9577,189.86227838,15,686.362060546875,True,0.9861022233963013,3.921623468399048,0.9696520566940308,3.7995972633361816
9577,189.86227838,16,690.0720825195312,True,1.1254160404205322,3.9410226345062256,1.1110261678695679,3.835070848464966
9577,189.86227838,17,693.7821655273438,True,1.2874304056167603,4.019524574279785,1.2713191509246826,3.9086551666259766
9577,189.86227838,18,697.4922485351562,True,1.4283758401870728,4.436066150665283,1.4081207513809204,4.319847583770752
9577,189.86227838,19,701.2023315429688,True,1.5028578042984009,4.483334541320801,1.4784560203552246,4.3979291915893555
9577,189.86227838,20,704.912353515625,True,1.490803599357605,4.466579914093018,1.4693292379379272,4.371606349945068
9577,189.86227838,21,708.6224365234375,True,1.453037142753601,4.5543904304504395,1.4290727376937866,4.452342510223389
9577,189.86227838,22,712.33251953125,True,1.404710292816162,4.785160064697266,1.3829060792922974,4.675690650939941
9577,189.86227838,23,716.0425415039062,True,1.3916468620300293,4.911808490753174,1.380566954612732,4.816275596618652
9577,189.86227838,24,719.7526245117188,True,1.5376838445663452,4.804994583129883,1.5244694948196411,4.721922874450684
9577,189.86227838,25,723.4627075195312,True,1.6862096786499023,4.978444576263428,1.670326828956604,4.884750843048096
9577,189.86227838,26,727.1727905273438,True,1.8089666366577148,5.288248538970947,1.7888284921646118,5.205506801605225
9577,189.86227838,27,730.8828125,True,1.8441945314407349,5.324524879455566,1.822468876838684,5.254888534545898
9577,189.86227838,28,734.5928955078125,True,1.8251495361328125,5.326203346252441,1.805069088935852,5.241652011871338
9577,189.86227838,29,738.302978515625,True,1.7960243225097656,5.473775386810303,1.7733967304229736,5.393681049346924
9577,189.86227838,30,742.0130004882812,True,1.7730334997177124,5.722305774688721,1.758635401725769,5.635748386383057
9577,189.86227838,31,745.7230834960938,True,1.8383768796920776,5.801079273223877,1.827558159828186,5.727502346038818
9577,189.86227838,32,749.4331665039062,True,1.9560015201568604,5.677535057067871,1.9429372549057007,5.607461452484131
9577,189.86227838,33,753.1431884765625,True,2.0938823223114014,5.966293811798096,2.076486349105835,5.894711017608643
9577,189.86227838,34,756.853271484375,True,2.1850788593292236,6.146872520446777,2.1635823249816895,6.094611644744873
9577,189.86227838,35,760.5633544921875,True,2.184217929840088,6.17848539352417,2.1641032695770264,6.119781494140625
9577,189.86227838,36,764.2734375,True,2.168919801712036,6.25690221786499,2.1476259231567383,6.188570022583008
9577,189.86227838,37,767.9834594726562,True,2.1528778076171875,6.46111536026001,2.1323325634002686,6.398274898529053
9577,189.86227838,38,771.6935424804688,True,2.1476776599884033,6.6605305671691895,2.137495517730713,6.594822406768799
9577,189.86227838,39,775.4036254882812,True,2.2512457370758057,6.631659030914307,2.2397046089172363,6.579626560211182
9577,189.86227838,40,779.1136474609375,True,2.373260498046875,6.632478713989258,2.359300374984741,6.573262691497803
9577,189.86227838,41,782.82373046875,True,2.5047311782836914,6.968001842498779,2.4862020015716553,6.909756183624268
9577,189.86227838,42,786.5338134765625,True,2.561173439025879,7.06396484375,2.540529727935791,7.026490688323975
9577,189.86227838,43,790.243896484375,True,2.5493431091308594,7.097810745239258,2.5309512615203857,7.047866344451904
9577,189.86227838,44,793.9539184570312,True,2.5400261878967285,7.222999572753906,2.5193703174591064,7.17218017578125
9577,189.86227838,45,797.6640014648438,True,2.544755697250366,7.470366477966309,2.5291872024536133,7.421627044677734
9577,189.86227838,46,801.3740844726562,True,2.5778486728668213,7.621394157409668,2.5681912899017334,7.579462051391602
9577,189.86227838,47,805.0841064453125,True,2.674558162689209,7.501364707946777,2.66271710395813,7.457820892333984
9577,189.86227838,48,808.794189453125,True,2.803088903427124,7.681151390075684,2.787459373474121,7.626760959625244
9593,189.86227838,1,693.7821655273438,True,0.5590407848358154,2.264134407043457,0.533620297908783,2.1259524822235107
9593,189.86227838,2,697.4922485351562,True,0.8109456896781921,3.198763370513916,0.7882791757583618,3.0025906562805176
9593,189.86227838,3,701.2023315429688,True,0.9615350365638733,3.1490366458892822,0.9399915933609009,3.0152382850646973
9593,189.86227838,4,704.912353515625,True,0.9295554161071777,2.9017386436462402,0.906114935874939,2.8605082035064697
9593,189.86227838,5,708.6224365234375,True,0.8766698837280273,3.042548179626465,0.8571502566337585,2.934295415878296
9593,189.86227838,6,712.33251953125,True,0.860680103302002,3.210787534713745,0.839407742023468,3.0338850021362305
9593,189.86227838,7,716.0425415039062,True,0.6994836330413818,3.0966217517852783,0.6814647316932678,2.9434587955474854
9593,189.86227838,8,719.7526245117188,True,0.6752779483795166,2.6802427768707275,0.6619453430175781,2.6026434898376465
9593,189.86227838,9,723.4627075195312,True,0.906600832939148,3.202676773071289,0.8864195942878723,3.074101686477661
9593,189.86227838,10,727.1727905273438,True,1.110210657119751,3.712129592895508,1.087799072265625,3.5620360374450684
9593,189.86227838,11,730.8828125,True,1.1778653860092163,3.7615559101104736,1.1535687446594238,3.64811635017395
9593,189.86227838,12,734.5928955078125,True,1.13579523563385,3.647326946258545,1.1129653453826904,3.558627128601074
9593,189.86227838,13,738.302978515625,True,1.1087346076965332,3.7748401165008545,1.0870846509933472,3.6622118949890137
9593,189.86227838,14,742.0130004882812,True,1.0892279148101807,4.078708171844482,1.068155288696289,3.9210963249206543
9593,189.86227838,15,745.7230834960938,True,0.9787168502807617,3.9801371097564697,0.965178370475769,3.8624074459075928
9593,189.86227838,16,749.4331665039062,True,1.0946396589279175,3.775249719619751,1.079713225364685,3.688169240951538
9593,189.86227838,17,753.1431884765625,True,1.293616771697998,4.2173991203308105,1.2734426259994507,4.1136980056762695
9593,189.86227838,18,756.853271484375,True,1.4481282234191895,4.50246524810791,1.4252924919128418,4.400431156158447
9593,189.86227838,19,760.5633544921875,True,1.4502142667770386,4.520010948181152,1.427798867225647,4.4358601570129395
9593,189.86227838,20,764.2734375,True,1.4280824661254883,4.498795509338379,1.406294584274292,4.414200305938721
9593,189.86227838,21,767.9834594726562,True,1.4309536218643188,4.7252116203308105,1.4110288619995117,4.622227191925049
9593,189.86227838,22,771.6935424804688,True,1.4035093784332275,4.994600772857666,1.3882484436035156,4.873412609100342
9593,189.86227838,23,775.4036254882812,True,1.379797339439392,4.797084808349609,1.3695505857467651,4.7171549797058105
9593,189.86227838,24,779.1136474609375,True,1.5298924446105957,4.8047776222229,1.515320062637329,4.721100807189941
9593,189.86227838,25,782.82373046875,True,1.7083313465118408,5.209866523742676,1.6893843412399292,5.1188836097717285
9593,189.86227838,26,786.5338134765625,True,1.7981913089752197,5.391182899475098,1.7781575918197632,5.317788124084473
9593,189.86227838,27,790.243896484375,True,1.7821272611618042,5.364827632904053,1.763028860092163,5.2995781898498535
9593,189.86227838,28,793.9539184570312,True,1.7739835977554321,5.429040431976318,1.7553620338439941,5.358365535736084
9593,189.86227838,29,797.6640014648438,True,1.798538327217102,5.747285842895508,1.782009243965149,5.656326770782471
9593,189.86227838,30,801.3740844726562,True,1.7657835483551025,5.898509502410889,1.7550710439682007,5.817165851593018
9593,189.86227838,31,805.0841064453125,True,1.8164602518081665,5.659483909606934,1.8068660497665405,5.595088005065918
9593,189.86227838,32,808.794189453125,True,1.9732402563095093,5.864286422729492,1.9581724405288696,5.788022518157959
9593,189.86227838,33,812.5042724609375,True,2.1211998462677,6.16249942779541,2.1023850440979004,6.095144271850586
9593,189.86227838,34,816.2142944335938,True,2.1448943614959717,6.278825759887695,2.126009464263916,6.221665382385254
9593,189.86227838,35,819.9243774414062,True,2.1358349323272705,6.269441604614258,2.117161512374878,6.209607124328613
9593,189.86227838,36,823.6344604492188,True,2.1427361965179443,6.422445297241211,2.1250133514404297,6.358578681945801
9593,189.86227838,37,827.3445434570312,True,2.1619627475738525,6.695827960968018,2.1487104892730713,6.621085166931152
9593,189.86227838,38,831.0545654296875,True,2.1440954208374023,6.702437400817871,2.134749174118042,6.646525859832764
9593,189.86227838,39,834.7646484375,True,2.242943286895752,6.595062255859375,2.231196880340576,6.536263942718506
9593,189.86227838,40,838.4747314453125,True,2.404130220413208,6.902841567993164,2.3875327110290527,6.8414306640625
9593,189.86227838,41,842.1847534179688,True,2.512106418609619,7.100928783416748,2.492945909500122,7.0579400062561035
9593,189.86227838,42,845.8948364257812,True,2.504628896713257,7.170849800109863,2.486496686935425,7.125974655151367
9593,189.86227838,43,849.6049194335938,True,2.5083882808685303,7.246505260467529,2.4896481037139893,7.197083473205566
9593,189.86227838,44,853.3150024414062,True,2.5393614768981934,7.485560417175293,2.5230863094329834,7.429724216461182
9593,189.86227838,45,857.0250244140625,True,2.5411131381988525,7.688271999359131,2.530524253845215,7.634802341461182
9593,189.86227838,46,860.735107421875,True,2.5661656856536865,7.5594329833984375,2.557147264480591,7.518064975738525
9593,189.86227838,47,864.4451904296875,True,2.69045352935791,7.620669364929199,2.6775550842285156,7.570131778717041
9593,189.86227838,48,868.1552124023438,True,2.83879017829895,7.913198471069336,2.8216335773468018,7.874546051025391
9609,189.86227838,1,753.1431884765625,True,0.6159611940383911,2.3033933639526367,0.5867751836776733,2.1343700885772705
9609,189.86227838,2,756.853271484375,True,0.8996374011039734,3.115567684173584,0.8770828247070312,2.927753448486328
9609,189.86227838,3,760.5633544921875,True,0.8897764682769775,3.11063289642334,0.8684917092323303,3.000732898712158
9609,189.86227838,4,764.2734375,True,0.880294919013977,2.9332923889160156,0.858993649482727,2.8942034244537354
9609,189.86227838,5,767.9834594726562,True,0.9276860356330872,3.2505757808685303,0.9096540212631226,3.1102712154388428
9609,189.86227838,6,771.6935424804688,True,0.8581547737121582,3.4970600605010986,0.8406383991241455,3.3085689544677734
9609,189.86227838,7,775.4036254882812,True,0.6782436966896057,2.988995313644409,0.6599510312080383,2.87382173538208
9609,189.86227838,8,779.1136474609375,True,0.6927280426025391,2.6886866092681885,0.675393283367157,2.6133646965026855
9609,189.86227838,9,782.82373046875,True,0.9985562562942505,3.4829392433166504,0.973094642162323,3.341909170150757
9609,189.86227838,10,786.5338134765625,True,1.1369901895523071,3.8414337635040283,1.113537311553955,3.703547716140747
9609,189.86227838,11,790.243896484375,True,1.0992860794067383,3.7547667026519775,1.0767678022384644,3.6652512550354004
9609,189.86227838,12,793.9539184570312,True,1.1210863590240479,3.7405734062194824,1.099504828453064,3.6656136512756348
9609,189.86227838,13,797.6640014648438,True,1.1514273881912231,4.181100368499756,1.1333231925964355,4.048996925354004
9609,189.86227838,14,801.3740844726562,True,1.0729962587356567,4.324652194976807,1.0548336505889893,4.187245845794678
9609,189.86227838,15,805.0841064453125,True,0.975479006767273,3.8024771213531494,0.9611664414405823,3.718808650970459
9609,189.86227838,16,808.794189453125,True,1.1465836763381958,3.9982385635375977,1.1272743940353394,3.9046425819396973
9609,189.86227838,17,812.5042724609375,True,1.3808685541152954,4.500607490539551,1.3569984436035156,4.392279148101807
9609,189.86227838,18,816.2142944335938,True,1.4127960205078125,4.701343536376953,1.3903707265853882,4.598750591278076
9609,189.86227838,19,819.9243774414062,True,1.4010499715805054,4.5744309425354,1.3794045448303223,4.49855375289917
9609,189.86227838,20,823.6344604492188,True,1.4386402368545532,4.736963272094727,1.4184025526046753,4.653853893280029
9609,189.86227838,21,827.3445434570312,True,1.460033655166626,5.132556915283203,1.444486141204834,5.015888690948486
9609,189.86227838,22,831.0545654296875,True,1.3984071016311646,5.081846714019775,1.382731318473816,4.985209941864014
9609,189.86227838,23,834.7646484375,True,1.3936220407485962,4.769937515258789,1.3812377452850342,4.6945929527282715
9609,189.86227838,24,838.4747314453125,True,1.6043357849121094,5.144009590148926,1.584177851676941,5.0546488761901855
9609,189.86227838,25,842.1847534179688,True,1.7548644542694092,5.448209285736084,1.7334725856781006,5.369876861572266
9609,189.86227838,26,845.8948364257812,True,1.7387596368789673,5.537946701049805,1.719547986984253,5.461491584777832
9609,189.86227838,27,849.6049194335938,True,1.7582552433013916,5.526149749755859,1.7381283044815063,5.4609479904174805
9609,189.86227838,28,853.3150024414062,True,1.80663001537323,5.828500747680664,1.7894260883331299,5.7461838722229
9609,189.86227838,29,857.0250244140625,True,1.8050978183746338,6.094076633453369,1.7915252447128296,6.003927707672119
9609,189.86227838,30,860.735107421875,True,1.76844322681427,5.850922107696533,1.7563250064849854,5.782317638397217
9609,189.86227838,31,864.4451904296875,True,1.859418511390686,5.820181369781494,1.846479058265686,5.750917434692383
9609,189.86227838,32,868.1552124023438,True,2.0536463260650635,6.200948715209961,2.0345938205718994,6.136812210083008
9609,189.86227838,33,871.8652954101562,True,2.1155576705932617,6.442493438720703,2.0963122844696045,6.381371021270752
9609,189.86227838,34,875.5753784179688,True,2.101658582687378,6.435283184051514,2.083711624145508,6.371459484100342
9609,189.86227838,35,879.285400390625,True,2.134481906890869,6.514984130859375,2.116253137588501,6.462403297424316
9609,189.86227838,36,882.9954833984375,True,2.182819128036499,6.843017578125,2.1696202754974365,6.771538257598877
9609,189.86227838,37,886.70556640625,True,2.1639301776885986,6.963791847229004,2.1514830589294434,6.897276878356934
9609,189.86227838,38,890.4156494140625,True,2.155607223510742,6.690366744995117,2.1455955505371094,6.638970375061035
9609,189.86227838,39,894.1256713867188,True,2.3104891777038574,6.912075042724609,2.2955877780914307,6.858804702758789
9609,189.86227838,40,897.8357543945312,True,2.4678447246551514,7.223328113555908,2.4493908882141113,7.181456089019775
9609,189.86227838,41,901.5458374023438,True,2.469740867614746,7.368255615234375,2.452547073364258,7.316922187805176
9609,189.86227838,42,905.255859375,True,2.4829115867614746,7.392921447753906,2.464496612548828,7.346242904663086
9609,189.86227838,43,908.9659423828125,True,2.5291264057159424,7.576618194580078,2.5125036239624023,7.533956527709961
9609,189.86227838,44,912.676025390625,True,2.560539960861206,7.835247993469238,2.5492656230926514,7.77744722366333
9609,189.86227838,45,916.3861083984375,True,2.54897141456604,7.784546852111816,2.5374956130981445,7.742127895355225
9609,189.86227838,46,920.0961303710938,True,2.5987164974212646,7.693871974945068,2.5884649753570557,7.649965763092041
9609,189.86227838,47,923.8062133789062,True,2.769284248352051,8.028783798217773,2.7528886795043945,7.987361907958984
9609,189.86227838,48,927.5162963867188,True,2.8600833415985107,8.244601249694824,2.8425986766815186,8.212671279907227
