pair,window,Re,step,lead_time,method,reference_cycles,reference_std,phase_resolved,phase_difference_rad,probe_v
sh,0,95.1,1,4.0,reference,0.9583333333333333,0.004543798955920226,False,0.0,-0.11023981456395235
sh,0,95.1,2,8.0,reference,0.9583333333333333,0.004543798955920226,False,0.0,-0.09372946875124255
sh,0,95.1,3,12.0,reference,0.9583333333333333,0.004543798955920226,False,0.0,-0.08731740873396468
sh,0,95.1,4,16.0,reference,0.9583333333333333,0.004543798955920226,False,0.0,-0.08554213296040614
sh,0,95.1,5,20.0,reference,0.9583333333333333,0.004543798955920226,False,0.0,-0.08529783673979985
sh,0,95.1,6,24.0,reference,0.9583333333333333,0.004543798955920226,False,0.0,-0.08550203684412108
sh,0,95.1,7,28.0,reference,0.9583333333333333,0.004543798955920226,False,0.0,-0.08590555249741072
sh,0,95.1,8,32.0,reference,0.9583333333333333,0.004543798955920226,False,0.0,-0.08636221478402123
sh,0,95.1,9,36.0,reference,0.9583333333333333,0.004543798955920226,False,0.0,-0.08671208452227389
sh,0,95.1,10,40.0,reference,0.9583333333333333,0.004543798955920226,False,0.0,-0.08691544011226726
sh,0,95.1,11,44.0,reference,0.9583333333333333,0.004543798955920226,False,0.0,-0.08699010639231065
sh,0,95.1,12,48.0,reference,0.9583333333333333,0.004543798955920226,False,0.0,-0.08699360048134477
sh,0,95.1,13,52.0,reference,0.9583333333333333,0.004543798955920226,False,0.0,-0.08700489116129131
sh,0,95.1,14,56.0,reference,0.9583333333333333,0.004543798955920226,False,0.0,-0.08702332329854987
sh,0,95.1,15,60.0,reference,0.9583333333333333,0.004543798955920226,False,0.0,-0.08701238370261087
sh,0,95.1,16,64.0,reference,0.9583333333333333,0.004543798955920226,False,0.0,-0.08700514404425645
sh,0,95.1,17,68.0,reference,0.9583333333333333,0.004543798955920226,False,0.0,-0.08702247407108728
sh,0,95.1,18,72.0,reference,0.9583333333333333,0.004543798955920226,False,0.0,-0.08702076908059785
sh,0,95.1,19,76.0,reference,0.9583333333333333,0.004543798955920226,False,0.0,-0.0870048821673905
sh,0,95.1,20,80.0,reference,0.9583333333333333,0.004543798955920226,False,0.0,-0.08701603863014509
sh,0,95.1,21,84.0,reference,0.9583333333333333,0.004543798955920226,False,0.0,-0.08702537704397537
sh,0,95.1,22,88.0,reference,0.9583333333333333,0.004543798955920226,False,0.0,-0.08700882359362833
sh,0,95.1,23,92.0,reference,0.9583333333333333,0.004543798955920226,False,0.0,-0.08700905217211632
sh,0,95.1,24,96.0,reference,0.9583333333333333,0.004543798955920226,False,0.0,-0.0870252149521436
sh,0,95.1,1,4.0,candidate1,0.9583333333333333,0.004543798955920226,False,0.14485263499165013,-0.10340656369224294
sh,0,95.1,2,8.0,candidate1,0.9583333333333333,0.004543798955920226,False,0.36495742498355366,-0.07984424991856534
sh,0,95.1,3,12.0,candidate1,0.9583333333333333,0.004543798955920226,False,0.8444972556220813,-0.07141506107500428
sh,0,95.1,4,16.0,candidate1,0.9583333333333333,0.004543798955920226,False,1.1023926171140854,-0.07288940152005038
sh,0,95.1,5,20.0,candidate1,0.9583333333333333,0.004543798955920226,False,1.4159128071916944,-0.07884424376971838
sh,0,95.1,6,24.0,candidate1,0.9583333333333333,0.004543798955920226,False,2.139048214265636,-0.08494863942532405
sh,0,95.1,7,28.0,candidate1,0.9583333333333333,0.004543798955920226,False,2.1643346058275976,-0.08853324266978621
sh,0,95.1,8,32.0,candidate1,0.9583333333333333,0.004543798955920226,False,3.111393349795296,-0.08871226744624655
sh,0,95.1,9,36.0,candidate1,0.9583333333333333,0.004543798955920226,False,-3.118127496594767,-0.08676428400776773
sh,0,95.1,10,40.0,candidate1,0.9583333333333333,0.004543798955920226,False,-2.302955882083423,-0.08416611496497983
sh,0,95.1,11,44.0,candidate1,0.9583333333333333,0.004543798955920226,False,-1.8806013557274917,-0.08210302364912217
sh,0,95.1,12,48.0,candidate1,0.9583333333333333,0.004543798955920226,False,-1.3438343003186664,-0.08121198518061627
sh,0,95.1,13,52.0,candidate1,0.9583333333333333,0.004543798955920226,False,-0.8609173850426193,-0.08142159942163157
sh,0,95.1,14,56.0,candidate1,0.9583333333333333,0.004543798955920226,False,-0.4013564682108063,-0.08223441840140963
sh,0,95.1,15,60.0,candidate1,0.9583333333333333,0.004543798955920226,False,-0.05947692113980008,-0.08309560622235823
sh,0,95.1,16,64.0,candidate1,0.9583333333333333,0.004543798955920226,False,0.2330414843958708,-0.08371434173821914
sh,0,95.1,17,68.0,candidate1,0.9583333333333333,0.004543798955920226,False,0.9668434268786472,-0.0839907773946558
sh,0,95.1,18,72.0,candidate1,0.9583333333333333,0.004543798955920226,False,0.34137248496639083,-0.08399804453182519
sh,0,95.1,19,76.0,candidate1,0.9583333333333333,0.004543798955920226,False,1.9518166333142972,-0.08382724966000989
sh,0,95.1,20,80.0,candidate1,0.9583333333333333,0.004543798955920226,False,-0.1745376707820987,-0.08362033167338856
sh,0,95.1,21,84.0,candidate1,0.9583333333333333,0.004543798955920226,False,1.8567322180462595,-0.08353977684479517
sh,0,95.1,22,88.0,candidate1,0.9583333333333333,0.004543798955920226,False,-0.3461276036362646,-0.08354089413668883
sh,0,95.1,23,92.0,candidate1,0.9583333333333333,0.004543798955920226,False,1.3228730867588545,-0.08362577950720014
sh,0,95.1,24,96.0,candidate1,0.9583333333333333,0.004543798955920226,False,-0.17116203200805202,-0.0837121775056621
sh,0,95.1,1,4.0,candidate2,0.9583333333333333,0.004543798955920226,False,0.026841409476174416,-0.12491867773001114
sh,0,95.1,2,8.0,candidate2,0.9583333333333333,0.004543798955920226,False,-0.09014223571851021,-0.11123080516028469
sh,0,95.1,3,12.0,candidate2,0.9583333333333333,0.004543798955920226,False,-0.6448873343262251,-0.10844818381198057
sh,0,95.1,4,16.0,candidate2,0.9583333333333333,0.004543798955920226,False,-0.3916144748320468,-0.10443847936384185
sh,0,95.1,5,20.0,candidate2,0.9583333333333333,0.004543798955920226,False,-0.265592255380582,-0.1020212795723581
sh,0,95.1,6,24.0,candidate2,0.9583333333333333,0.004543798955920226,False,-0.6393972024924985,-0.10332802886471429
sh,0,95.1,7,28.0,candidate2,0.9583333333333333,0.004543798955920226,False,-0.9529275435307933,-0.10157360062410757
sh,0,95.1,8,32.0,candidate2,0.9583333333333333,0.004543798955920226,False,-0.578406927707745,-0.09975066533496704
sh,0,95.1,9,36.0,candidate2,0.9583333333333333,0.004543798955920226,False,-0.5384632709888733,-0.0994794143006642
sh,0,95.1,10,40.0,candidate2,0.9583333333333333,0.004543798955920226,False,-0.43515060398096683,-0.0995636501094218
sh,0,95.1,11,44.0,candidate2,0.9583333333333333,0.004543798955920226,False,-0.5237704281770226,-0.09904307836195718
sh,0,95.1,12,48.0,candidate2,0.9583333333333333,0.004543798955920226,False,-0.3965266673023679,-0.09858790731207426
sh,0,95.1,13,52.0,candidate2,0.9583333333333333,0.004543798955920226,False,-0.3079249336815375,-0.09852476683690967
sh,0,95.1,14,56.0,candidate2,0.9583333333333333,0.004543798955920226,False,-0.252996311128128,-0.09847684450404054
sh,0,95.1,15,60.0,candidate2,0.9583333333333333,0.004543798955920226,False,-0.2163629264642506,-0.09833666484015566
sh,0,95.1,16,64.0,candidate2,0.9583333333333333,0.004543798955920226,False,-0.18977096638667423,-0.09812181289322561
sh,0,95.1,17,68.0,candidate2,0.9583333333333333,0.004543798955920226,False,-0.25618263058916013,-0.09785779133991089
sh,0,95.1,18,72.0,candidate2,0.9583333333333333,0.004543798955920226,False,-0.14020430593489364,-0.0976858531837873
sh,0,95.1,19,76.0,candidate2,0.9583333333333333,0.004543798955920226,False,-0.24741801666270224,-0.09763440027244161
sh,0,95.1,20,80.0,candidate2,0.9583333333333333,0.004543798955920226,False,0.02351633463104763,-0.0975871569171903
sh,0,95.1,21,84.0,candidate2,0.9583333333333333,0.004543798955920226,False,-0.26152082400369764,-0.09743862858382649
sh,0,95.1,22,88.0,candidate2,0.9583333333333333,0.004543798955920226,False,0.15120914260549911,-0.09723336476765677
sh,0,95.1,23,92.0,candidate2,0.9583333333333333,0.004543798955920226,False,-0.28629688129497777,-0.09709609513660464
sh,0,95.1,24,96.0,candidate2,0.9583333333333333,0.004543798955920226,False,0.200859187017713,-0.09692900103003751
sh,0,95.1,1,4.0,fusion,0.9583333333333333,0.004543798955920226,False,0.12201864930593453,-0.10831552336887597
sh,0,95.1,2,8.0,fusion,0.9583333333333333,0.004543798955920226,False,0.29872750761336736,-0.08700650899731091
sh,0,95.1,3,12.0,fusion,0.9583333333333333,0.004543798955920226,False,0.7125149325597698,-0.07986583936190104
sh,0,95.1,4,16.0,fusion,0.9583333333333333,0.004543798955920226,False,0.8767707013577231,-0.08008874746523376
sh,0,95.1,5,20.0,fusion,0.9583333333333333,0.004543798955920226,False,1.2831260056910851,-0.08413313048625803
sh,0,95.1,6,24.0,fusion,0.9583333333333333,0.004543798955920226,False,2.075465483579272,-0.08914272660246984
sh,0,95.1,7,28.0,fusion,0.9583333333333333,0.004543798955920226,False,2.1591520204205517,-0.09150898885885139
sh,0,95.1,8,32.0,fusion,0.9583333333333333,0.004543798955920226,False,-2.9976445114142054,-0.09123117609628556
sh,0,95.1,9,36.0,fusion,0.9583333333333333,0.004543798955920226,False,-2.921082019090455,-0.08966581482809427
sh,0,95.1,10,40.0,fusion,0.9583333333333333,0.004543798955920226,False,-2.057126881575173,-0.08767975751126336
sh,0,95.1,11,44.0,fusion,0.9583333333333333,0.004543798955920226,False,-1.586063830049225,-0.08596866165007672
sh,0,95.1,12,48.0,fusion,0.9583333333333333,0.004543798955920226,False,-1.0992384302111793,-0.08517708600417495
sh,0,95.1,13,52.0,fusion,0.9583333333333333,0.004543798955920226,False,-0.6966835201884887,-0.08532445894705525
sh,0,95.1,14,56.0,fusion,0.9583333333333333,0.004543798955920226,False,-0.35362697615328265,-0.08594086095040883
sh,0,95.1,15,60.0,fusion,0.9583333333333333,0.004543798955920226,False,-0.11931094530020858,-0.08657354158717699
sh,0,95.1,16,64.0,fusion,0.9583333333333333,0.004543798955920226,False,0.08118852377082586,-0.08700205650293308
sh,0,95.1,17,68.0,fusion,0.9583333333333333,0.004543798955920226,False,0.32020805249694395,-0.08715516245569871
sh,0,95.1,18,72.0,fusion,0.9583333333333333,0.004543798955920226,False,0.12211476111378117,-0.08712153581752505
sh,0,95.1,19,76.0,fusion,0.9583333333333333,0.004543798955920226,False,0.8620798941686028,-0.08697797419998904
sh,0,95.1,20,80.0,fusion,0.9583333333333333,0.004543798955920226,False,-0.08177815842448855,-0.08680749318675864
sh,0,95.1,21,84.0,fusion,0.9583333333333333,0.004543798955920226,False,1.0214909271679489,-0.08671142713535324
sh,0,95.1,22,88.0,fusion,0.9583333333333333,0.004543798955920226,False,-0.18300430330412465,-0.08666544926329772
sh,0,95.1,23,92.0,fusion,0.9583333333333333,0.004543798955920226,False,0.8197354748879149,-0.08669963994416938
sh,0,95.1,24,96.0,fusion,0.9583333333333333,0.004543798955920226,False,-0.09688141948725715,-0.08672819227856746
sh,1,95.1,1,4.0,reference,6.708333333333332,7.372306363318026e-06,False,0.0,-0.08701238370261087
sh,1,95.1,2,8.0,reference,6.708333333333332,7.372306363318026e-06,False,0.0,-0.08700514404425645
sh,1,95.1,3,12.0,reference,6.708333333333332,7.372306363318026e-06,False,0.0,-0.08702247407108728
sh,1,95.1,4,16.0,reference,6.708333333333332,7.372306363318026e-06,False,0.0,-0.08702076908059785
sh,1,95.1,5,20.0,reference,6.708333333333332,7.372306363318026e-06,False,0.0,-0.0870048821673905
sh,1,95.1,6,24.0,reference,6.708333333333332,7.372306363318026e-06,False,0.0,-0.08701603863014509
sh,1,95.1,7,28.0,reference,6.708333333333332,7.372306363318026e-06,False,0.0,-0.08702537704397537
sh,1,95.1,8,32.0,reference,6.708333333333332,7.372306363318026e-06,False,0.0,-0.08700882359362833
sh,1,95.1,9,36.0,reference,6.708333333333332,7.372306363318026e-06,False,0.0,-0.08700905217211632
sh,1,95.1,10,40.0,reference,6.708333333333332,7.372306363318026e-06,False,0.0,-0.0870252149521436
sh,1,95.1,11,44.0,reference,6.708333333333332,7.372306363318026e-06,False,0.0,-0.08701559863879801
sh,1,95.1,12,48.0,reference,6.708333333333332,7.372306363318026e-06,False,0.0,-0.08700486852187306
sh,1,95.1,13,52.0,reference,6.708333333333332,7.372306363318026e-06,False,0.0,-0.08702054692252528
sh,1,95.1,14,56.0,reference,6.708333333333332,7.372306363318026e-06,False,0.0,-0.08702205065443643
sh,1,95.1,15,60.0,reference,6.708333333333332,7.372306363318026e-06,False,0.0,-0.087005365284546
sh,1,95.1,16,64.0,reference,6.708333333333332,7.372306363318026e-06,False,0.0,-0.08701347318840941
sh,1,95.1,17,68.0,reference,6.708333333333332,7.372306363318026e-06,False,0.0,-0.087025185868934
sh,1,95.1,18,72.0,reference,6.708333333333332,7.372306363318026e-06,False,0.0,-0.08701024142571843
sh,1,95.1,19,76.0,reference,6.708333333333332,7.372306363318026e-06,False,0.0,-0.08700709713903855
sh,1,95.1,20,80.0,reference,6.708333333333332,7.372306363318026e-06,False,0.0,-0.08702361285939929
sh,1,95.1,21,84.0,reference,6.708333333333332,7.372306363318026e-06,False,0.0,-0.0870171363014417
sh,1,95.1,22,88.0,reference,6.708333333333332,7.372306363318026e-06,False,0.0,-0.08700422240613898
sh,1,95.1,23,92.0,reference,6.708333333333332,7.372306363318026e-06,False,0.0,-0.08701806836363869
sh,1,95.1,24,96.0,reference,6.708333333333332,7.372306363318026e-06,False,0.0,-0.08702277493874194
sh,1,95.1,1,4.0,candidate1,6.708333333333332,7.372306363318026e-06,False,-1.6740131575751727,-0.08507118767751087
sh,1,95.1,2,8.0,candidate1,6.708333333333332,7.372306363318026e-06,False,-2.0906831549857814,-0.08362912520838497
sh,1,95.1,3,12.0,candidate1,6.708333333333332,7.372306363318026e-06,False,-2.9074809850370027,-0.08297999172394804
sh,1,95.1,4,16.0,candidate1,6.708333333333332,7.372306363318026e-06,False,1.9907159727183876,-0.08296552543620347
sh,1,95.1,5,20.0,candidate1,6.708333333333332,7.372306363318026e-06,False,0.9306694111234557,-0.08323063784138794
sh,1,95.1,6,24.0,candidate1,6.708333333333332,7.372306363318026e-06,False,-0.4741178804139612,-0.08355801741916197
sh,1,95.1,7,28.0,candidate1,6.708333333333332,7.372306363318026e-06,False,-1.4982095853756008,-0.08379876447865331
sh,1,95.1,8,32.0,candidate1,6.708333333333332,7.372306363318026e-06,False,-2.2935113845524606,-0.08384708836597346
sh,1,95.1,9,36.0,candidate1,6.708333333333332,7.372306363318026e-06,False,2.475373650705821,-0.08380248616729595
sh,1,95.1,10,40.0,candidate1,6.708333333333332,7.372306363318026e-06,False,1.7936592919405288,-0.08370946209593806
sh,1,95.1,11,44.0,candidate1,6.708333333333332,7.372306363318026e-06,False,1.0090401795855364,-0.08364558737546514
sh,1,95.1,12,48.0,candidate1,6.708333333333332,7.372306363318026e-06,False,-0.1982318204799486,-0.08362948031324066
sh,1,95.1,13,52.0,candidate1,6.708333333333332,7.372306363318026e-06,False,-1.5476295202569779,-0.08366893407660629
sh,1,95.1,14,56.0,candidate1,6.708333333333332,7.372306363318026e-06,False,-3.0630944923693293,-0.08370216466364654
sh,1,95.1,15,60.0,candidate1,6.708333333333332,7.372306363318026e-06,False,1.5318052081909164,-0.08372856658025413
sh,1,95.1,16,64.0,candidate1,6.708333333333332,7.372306363318026e-06,False,0.022476491381905106,-0.08375302966146103
sh,1,95.1,17,68.0,candidate1,6.708333333333332,7.372306363318026e-06,False,-1.8335964553229627,-0.08377804248840488
sh,1,95.1,18,72.0,candidate1,6.708333333333332,7.372306363318026e-06,False,2.7512572961562514,-0.08380281787765967
sh,1,95.1,19,76.0,candidate1,6.708333333333332,7.372306363318026e-06,False,1.9738219753744208,-0.08382780170580903
sh,1,95.1,20,80.0,candidate1,6.708333333333332,7.372306363318026e-06,False,-0.7729860948161398,-0.0838377011719678
sh,1,95.1,21,84.0,candidate1,6.708333333333332,7.372306363318026e-06,False,-1.3834522947286167,-0.08389071628507261
sh,1,95.1,22,88.0,candidate1,6.708333333333332,7.372306363318026e-06,False,1.733438590706523,-0.0838952508425363
sh,1,95.1,23,92.0,candidate1,6.708333333333332,7.372306363318026e-06,False,2.3081184763044034,-0.0838989061332215
sh,1,95.1,24,96.0,candidate1,6.708333333333332,7.372306363318026e-06,False,-1.6112001127801145,-0.08391030810291697
sh,1,95.1,1,4.0,candidate2,6.708333333333332,7.372306363318026e-06,False,-1.0090816470826651,-0.08612828040061225
sh,1,95.1,2,8.0,candidate2,6.708333333333332,7.372306363318026e-06,False,-2.8596163680941484,-0.08598533775566652
sh,1,95.1,3,12.0,candidate2,6.708333333333332,7.372306363318026e-06,False,2.8334050790309826,-0.08559746119560253
sh,1,95.1,4,16.0,candidate2,6.708333333333332,7.372306363318026e-06,False,-1.5603269948043492,-0.08589774471922011
sh,1,95.1,5,20.0,candidate2,6.708333333333332,7.372306363318026e-06,False,-1.7741696768985478,-0.08596769062025288
sh,1,95.1,6,24.0,candidate2,6.708333333333332,7.372306363318026e-06,False,-2.28409537365701,-0.08523475510518022
sh,1,95.1,7,28.0,candidate2,6.708333333333332,7.372306363318026e-06,False,-2.3113866896241264,-0.08559166193692135
sh,1,95.1,8,32.0,candidate2,6.708333333333332,7.372306363318026e-06,False,-1.6494159083706559,-0.08612573878644454
sh,1,95.1,9,36.0,candidate2,6.708333333333332,7.372306363318026e-06,False,-1.7685546958823855,-0.08529615785885261
sh,1,95.1,10,40.0,candidate2,6.708333333333332,7.372306363318026e-06,False,-1.9565125627108317,-0.08539329668663163
sh,1,95.1,11,44.0,candidate2,6.708333333333332,7.372306363318026e-06,False,-1.5898557276835545,-0.08622099035861042
sh,1,95.1,12,48.0,candidate2,6.708333333333332,7.372306363318026e-06,False,-1.3228383092828024,-0.08550594610970692
sh,1,95.1,13,52.0,candidate2,6.708333333333332,7.372306363318026e-06,False,-1.6134993655617964,-0.08517423312755924
sh,1,95.1,14,56.0,candidate2,6.708333333333332,7.372306363318026e-06,False,-1.70502237275153,-0.0861409506309851
sh,1,95.1,15,60.0,candidate2,6.708333333333332,7.372306363318026e-06,False,-1.206706171332159,-0.0858327078449168
sh,1,95.1,16,64.0,candidate2,6.708333333333332,7.372306363318026e-06,False,-1.150352523523084,-0.0850258645009319
sh,1,95.1,17,68.0,candidate2,6.708333333333332,7.372306363318026e-06,False,-1.4597152100417292,-0.0860827643194565
sh,1,95.1,18,72.0,candidate2,6.708333333333332,7.372306363318026e-06,False,-1.4089998205559753,-0.08639891000263233
sh,1,95.1,19,76.0,candidate2,6.708333333333332,7.372306363318026e-06,False,-1.0241228081324416,-0.08501534686487659
sh,1,95.1,20,80.0,candidate2,6.708333333333332,7.372306363318026e-06,False,-1.054994904641622,-0.08568483437191503
sh,1,95.1,21,84.0,candidate2,6.708333333333332,7.372306363318026e-06,False,-1.3242748028480547,-0.08680542008978648
sh,1,95.1,22,88.0,candidate2,6.708333333333332,7.372306363318026e-06,False,-1.1386233285658562,-0.08520576512577646
sh,1,95.1,23,92.0,candidate2,6.708333333333332,7.372306363318026e-06,False,-0.7817693248815569,-0.08510740986193904
sh,1,95.1,24,96.0,candidate2,6.708333333333332,7.372306363318026e-06,False,-0.5886670409396377,-0.08685846841666457
sh,1,95.1,1,4.0,fusion,6.708333333333332,7.372306363318026e-06,False,-1.0099813198433532,-0.08612767765564396
sh,1,95.1,2,8.0,fusion,6.708333333333332,7.372306363318026e-06,False,-2.8580861206472576,-0.08598399426400674
sh,1,95.1,3,12.0,fusion,6.708333333333332,7.372306363318026e-06,False,2.8341129371750964,-0.08559596873754353
sh,1,95.1,4,16.0,fusion,6.708333333333332,7.372306363318026e-06,False,-1.561117849544104,-0.08589607279358848
sh,1,95.1,5,20.0,fusion,6.708333333333332,7.372306363318026e-06,False,-1.7739342804177034,-0.08596612997684444
sh,1,95.1,6,24.0,fusion,6.708333333333332,7.372306363318026e-06,False,-2.283780698575081,-0.08523379904410695
sh,1,95.1,7,28.0,fusion,6.708333333333332,7.372306363318026e-06,False,-2.3110539840993543,-0.08559063964256813
sh,1,95.1,8,32.0,fusion,6.708333333333332,7.372306363318026e-06,False,-1.6495473411444044,-0.08612443952002691
sh,1,95.1,9,36.0,fusion,6.708333333333332,7.372306363318026e-06,False,-1.7686424664048346,-0.08529530618039839
sh,1,95.1,10,40.0,fusion,6.708333333333332,7.372306363318026e-06,False,-1.9565756519805833,-0.08539233657896576
sh,1,95.1,11,44.0,fusion,6.708333333333332,7.372306363318026e-06,False,-1.5898007490226027,-0.08621952188649297
sh,1,95.1,12,48.0,fusion,6.708333333333332,7.372306363318026e-06,False,-1.3227557596226975,-0.08550487616542267
sh,1,95.1,13,52.0,fusion,6.708333333333332,7.372306363318026e-06,False,-1.6134948386610612,-0.08517337481928701
sh,1,95.1,14,56.0,fusion,6.708333333333332,7.372306363318026e-06,False,-1.7051043868378406,-0.08613956005668785
sh,1,95.1,15,60.0,fusion,6.708333333333332,7.372306363318026e-06,False,-1.206680829104263,-0.08583150808208412
sh,1,95.1,16,64.0,fusion,6.708333333333332,7.372306363318026e-06,False,-1.1502879829857537,-0.08502513874170738
sh,1,95.1,17,68.0,fusion,6.708333333333332,7.372306363318026e-06,False,-1.459725187501933,-0.08608145018734999
sh,1,95.1,18,72.0,fusion,6.708333333333332,7.372306363318026e-06,False,-1.4090726890170804,-0.08639742973374828
sh,1,95.1,19,76.0,fusion,6.708333333333332,7.372306363318026e-06,False,-1.024119608652691,-0.08501466973707729
sh,1,95.1,20,80.0,fusion,6.708333333333332,7.372306363318026e-06,False,-1.0549704816834542,-0.08568378115281919
sh,1,95.1,21,84.0,fusion,6.708333333333332,7.372306363318026e-06,False,-1.3242771143681993,-0.08680375815132642
sh,1,95.1,22,88.0,fusion,6.708333333333332,7.372306363318026e-06,False,-1.1385940494286269,-0.08520501788206468
sh,1,95.1,23,92.0,fusion,6.708333333333332,7.372306363318026e-06,False,-0.7817670532860188,-0.08510672078374777
sh,1,95.1,24,96.0,fusion,6.708333333333332,7.372306363318026e-06,False,-0.5889579222621377,-0.08685678740159748
sh,2,95.1,1,4.0,reference,6.708333333333332,7.190401345308659e-06,False,0.0,-0.087005365284546
sh,2,95.1,2,8.0,reference,6.708333333333332,7.190401345308659e-06,False,0.0,-0.08701347318840941
sh,2,95.1,3,12.0,reference,6.708333333333332,7.190401345308659e-06,False,0.0,-0.087025185868934
sh,2,95.1,4,16.0,reference,6.708333333333332,7.190401345308659e-06,False,0.0,-0.08701024142571843
sh,2,95.1,5,20.0,reference,6.708333333333332,7.190401345308659e-06,False,0.0,-0.08700709713903855
sh,2,95.1,6,24.0,reference,6.708333333333332,7.190401345308659e-06,False,0.0,-0.08702361285939929
sh,2,95.1,7,28.0,reference,6.708333333333332,7.190401345308659e-06,False,0.0,-0.0870171363014417
sh,2,95.1,8,32.0,reference,6.708333333333332,7.190401345308659e-06,False,0.0,-0.08700422240613898
sh,2,95.1,9,36.0,reference,6.708333333333332,7.190401345308659e-06,False,0.0,-0.08701806836363869
sh,2,95.1,10,40.0,reference,6.708333333333332,7.190401345308659e-06,False,0.0,-0.08702277493874194
sh,2,95.1,11,44.0,reference,6.708333333333332,7.190401345308659e-06,False,0.0,-0.08700609441957596
sh,2,95.1,12,48.0,reference,6.708333333333332,7.190401345308659e-06,False,0.0,-0.08701100061500401
sh,2,95.1,13,52.0,reference,6.708333333333332,7.190401345308659e-06,False,0.0,-0.08702456065822214
sh,2,95.1,14,56.0,reference,6.708333333333332,7.190401345308659e-06,False,0.0,-0.08701176424223599
sh,2,95.1,15,60.0,reference,6.708333333333332,7.190401345308659e-06,False,0.0,-0.08700551065517595
sh,2,95.1,16,64.0,reference,6.708333333333332,7.190401345308659e-06,False,0.0,-0.08702172337463268
sh,2,95.1,17,68.0,reference,6.708333333333332,7.190401345308659e-06,False,0.0,-0.08701850430974216
sh,2,95.1,18,72.0,reference,6.708333333333332,7.190401345308659e-06,False,0.0,-0.08700401357739262
sh,2,95.1,19,76.0,reference,6.708333333333332,7.190401345308659e-06,False,0.0,-0.08701554975432982
sh,2,95.1,20,80.0,reference,6.708333333333332,7.190401345308659e-06,False,0.0,-0.08702313933892405
sh,2,95.1,21,84.0,reference,6.708333333333332,7.190401345308659e-06,False,0.0,-0.08700712892880379
sh,2,95.1,22,88.0,reference,6.708333333333332,7.190401345308659e-06,False,0.0,-0.08700875807510922
sh,2,95.1,23,92.0,reference,6.708333333333332,7.190401345308659e-06,False,0.0,-0.08702356057890696
sh,2,95.1,24,96.0,reference,6.708333333333332,7.190401345308659e-06,False,0.0,-0.08701332546082076
sh,2,95.1,1,4.0,candidate1,6.708333333333332,7.190401345308659e-06,False,3.0906232136239553,-0.08504754606367734
sh,2,95.1,2,8.0,candidate1,6.708333333333332,7.190401345308659e-06,False,-3.1349500199410603,-0.08362972324609427
sh,2,95.1,3,12.0,candidate1,6.708333333333332,7.190401345308659e-06,False,2.4780620454861966,-0.08300599762640795
sh,2,95.1,4,16.0,candidate1,6.708333333333332,7.190401345308659e-06,False,0.9904250909564369,-0.08295959321196715
sh,2,95.1,5,20.0,candidate1,6.708333333333332,7.190401345308659e-06,False,-0.11604015918860666,-0.08322946853433405
sh,2,95.1,6,24.0,candidate1,6.708333333333332,7.190401345308659e-06,False,-1.4345285819911893,-0.08355692657405968
sh,2,95.1,7,28.0,candidate1,6.708333333333332,7.190401345308659e-06,False,-2.4627657873953916,-0.08378520061788894
sh,2,95.1,8,32.0,candidate1,6.708333333333332,7.190401345308659e-06,False,3.0465955278903425,-0.08386890955602032
sh,2,95.1,9,36.0,candidate1,6.708333333333332,7.190401345308659e-06,False,1.6776007044858467,-0.08380137172776948
sh,2,95.1,10,40.0,candidate1,6.708333333333332,7.190401345308659e-06,False,0.9110659438898143,-0.0837091124759011
sh,2,95.1,11,44.0,candidate1,6.708333333333332,7.190401345308659e-06,False,0.051470205551448656,-0.0836303522244337
sh,2,95.1,12,48.0,candidate1,6.708333333333332,7.190401345308659e-06,False,-1.3675951754150162,-0.08362476539220481
sh,2,95.1,13,52.0,candidate1,6.708333333333332,7.190401345308659e-06,False,-2.833800189480206,-0.08364214548927296
sh,2,95.1,14,56.0,candidate1,6.708333333333332,7.190401345308659e-06,False,2.0717963423608055,-0.08367648833751103
sh,2,95.1,15,60.0,candidate1,6.708333333333332,7.190401345308659e-06,False,0.41533266838968597,-0.08370310829188289
sh,2,95.1,16,64.0,candidate1,6.708333333333332,7.190401345308659e-06,False,-0.9207527218124141,-0.08377357359472534
sh,2,95.1,17,68.0,candidate1,6.708333333333332,7.190401345308659e-06,False,-2.2171327692366614,-0.08383904154497383
sh,2,95.1,18,72.0,candidate1,6.708333333333332,7.190401345308659e-06,False,2.1028793177127687,-0.0838492472657738
sh,2,95.1,19,76.0,candidate1,6.708333333333332,7.190401345308659e-06,False,0.8194504775386307,-0.08384913754794426
sh,2,95.1,20,80.0,candidate1,6.708333333333332,7.190401345308659e-06,False,-1.693139434025013,-0.08388505115136513
sh,2,95.1,21,84.0,candidate1,6.708333333333332,7.190401345308659e-06,False,-1.953202344492592,-0.08389584975457316
sh,2,95.1,22,88.0,candidate1,6.708333333333332,7.190401345308659e-06,False,0.837715285308048,-0.08391871199244486
sh,2,95.1,23,92.0,candidate1,6.708333333333332,7.190401345308659e-06,False,0.9887219533157572,-0.08394039613066492
sh,2,95.1,24,96.0,candidate1,6.708333333333332,7.190401345308659e-06,False,3.0548776216599016,-0.0839625967535889
sh,2,95.1,1,4.0,candidate2,6.708333333333332,7.190401345308659e-06,False,-2.6354262695454933,-0.0863136888756025
sh,2,95.1,2,8.0,candidate2,6.708333333333332,7.190401345308659e-06,False,2.4258825063757854,-0.08612938961482468
sh,2,95.1,3,12.0,candidate2,6.708333333333332,7.190401345308659e-06,False,2.0601734523303143,-0.08558626639547766
sh,2,95.1,4,16.0,candidate2,6.708333333333332,7.190401345308659e-06,False,-3.089071379848775,-0.08588920900271113
sh,2,95.1,5,20.0,candidate2,6.708333333333332,7.190401345308659e-06,False,-2.918934250432809,-0.08609458442958706
sh,2,95.1,6,24.0,candidate2,6.708333333333332,7.190401345308659e-06,False,3.0097833700246204,-0.08524890524342899
sh,2,95.1,7,28.0,candidate2,6.708333333333332,7.190401345308659e-06,False,2.9734880131823402,-0.08558073143359698
sh,2,95.1,8,32.0,candidate2,6.708333333333332,7.190401345308659e-06,False,-2.8052781962140587,-0.08625882260318758
sh,2,95.1,9,36.0,candidate2,6.708333333333332,7.190401345308659e-06,False,-2.8544265209254753,-0.08533857461432184
sh,2,95.1,10,40.0,candidate2,6.708333333333332,7.190401345308659e-06,False,-2.9882204356754207,-0.0853223969724824
sh,2,95.1,11,44.0,candidate2,6.708333333333332,7.190401345308659e-06,False,-2.751146336759803,-0.08628498139092212
sh,2,95.1,12,48.0,candidate2,6.708333333333332,7.190401345308659e-06,False,-2.4880148489829352,-0.08559448288885338
sh,2,95.1,13,52.0,candidate2,6.708333333333332,7.190401345308659e-06,False,-2.6865864299734907,-0.08507316127743095
sh,2,95.1,14,56.0,candidate2,6.708333333333332,7.190401345308659e-06,False,-2.768181266974267,-0.08619878545803197
sh,2,95.1,15,60.0,candidate2,6.708333333333332,7.190401345308659e-06,False,-2.464489369241733,-0.08603155159824102
sh,2,95.1,16,64.0,candidate2,6.708333333333332,7.190401345308659e-06,False,-2.360209552313073,-0.08493992827393242
sh,2,95.1,17,68.0,candidate2,6.708333333333332,7.190401345308659e-06,False,-2.525031637990585,-0.08601763441141315
sh,2,95.1,18,72.0,candidate2,6.708333333333332,7.190401345308659e-06,False,-2.501994584505312,-0.08664865466347041
sh,2,95.1,19,76.0,candidate2,6.708333333333332,7.190401345308659e-06,False,-2.3036767385419825,-0.08502104206769545
sh,2,95.1,20,80.0,candidate2,6.708333333333332,7.190401345308659e-06,False,-2.3340800358985856,-0.08545766118404058
sh,2,95.1,21,84.0,candidate2,6.708333333333332,7.190401345308659e-06,False,-2.397139467961523,-0.08693930047401567
sh,2,95.1,22,88.0,candidate2,6.708333333333332,7.190401345308659e-06,False,-2.211294455714525,-0.08536009463428551
sh,2,95.1,23,92.0,candidate2,6.708333333333332,7.190401345308659e-06,False,-2.1087665111682714,-0.08485832266107231
sh,2,95.1,24,96.0,candidate2,6.708333333333332,7.190401345308659e-06,False,-2.347147053746223,-0.08682041984074496
sh,2,95.1,1,4.0,fusion,6.708333333333332,7.190401345308659e-06,False,-2.6354514275278276,-0.08631366225722895
sh,2,95.1,2,8.0,fusion,6.708333333333332,7.190401345308659e-06,False,2.4259237152837008,-0.08612933706383868
sh,2,95.1,3,12.0,fusion,6.708333333333332,7.190401345308659e-06,False,2.0601875928628743,-0.08558621214997128
sh,2,95.1,4,16.0,fusion,6.708333333333332,7.190401345308659e-06,False,-3.0891290686933712,-0.08588914741281244
sh,2,95.1,5,20.0,fusion,6.708333333333332,7.190401345308659e-06,False,-2.9189276879734836,-0.08609452419568257
sh,2,95.1,6,24.0,fusion,6.708333333333332,7.190401345308659e-06,False,3.0097928728902295,-0.08524886967262302
sh,2,95.1,7,28.0,fusion,6.708333333333332,7.190401345308659e-06,False,2.9734981342694216,-0.08558069368579355
sh,2,95.1,8,32.0,fusion,6.708333333333332,7.190401345308659e-06,False,-2.8052815450207262,-0.08625877235956762
sh,2,95.1,9,36.0,fusion,6.708333333333332,7.190401345308659e-06,False,-2.8544299115654,-0.08533854229739812
sh,2,95.1,10,40.0,fusion,6.708333333333332,7.190401345308659e-06,False,-2.988223301267223,-0.08532236305607976
sh,2,95.1,11,44.0,fusion,6.708333333333332,7.190401345308659e-06,False,-2.75114478453155,-0.08628492558212222
sh,2,95.1,12,48.0,fusion,6.708333333333332,7.190401345308659e-06,False,-2.4880115636977043,-0.0855944414790885
sh,2,95.1,13,52.0,fusion,6.708333333333332,7.190401345308659e-06,False,-2.6865868548580876,-0.08507313119289983
sh,2,95.1,14,56.0,fusion,6.708333333333332,7.190401345308659e-06,False,-2.7681845862327252,-0.08619873243127515
sh,2,95.1,15,60.0,fusion,6.708333333333332,7.190401345308659e-06,False,-2.4644883809747826,-0.08603150264691171
sh,2,95.1,16,64.0,fusion,6.708333333333332,7.190401345308659e-06,False,-2.3602057618803283,-0.08493990375342472
sh,2,95.1,17,68.0,fusion,6.708333333333332,7.190401345308659e-06,False,-2.525031138009309,-0.08601758861041961
sh,2,95.1,18,72.0,fusion,6.708333333333332,7.190401345308659e-06,False,-2.5019969007455067,-0.08664859581096881
sh,2,95.1,19,76.0,fusion,6.708333333333332,7.190401345308659e-06,False,-2.30367672470983,-0.08502101743051235
sh,2,95.1,20,80.0,fusion,6.708333333333332,7.190401345308659e-06,False,-2.3340783168503045,-0.08545762812274534
sh,2,95.1,21,84.0,fusion,6.708333333333332,7.190401345308659e-06,False,-2.397139066209305,-0.08693923649094251
sh,2,95.1,22,88.0,fusion,6.708333333333332,7.190401345308659e-06,False,-2.2112940880120258,-0.08536006433180995
sh,2,95.1,23,92.0,fusion,6.708333333333332,7.190401345308659e-06,False,-2.108766445451269,-0.08485830336331927
sh,2,95.1,24,96.0,fusion,6.708333333333332,7.190401345308659e-06,False,-2.3471562008929174,-0.08682035976015863
sh,3,95.1,1,4.0,reference,6.708333333333332,7.161360975418574e-06,False,0.0,-0.08700551065517595
sh,3,95.1,2,8.0,reference,6.708333333333332,7.161360975418574e-06,False,0.0,-0.08702172337463268
sh,3,95.1,3,12.0,reference,6.708333333333332,7.161360975418574e-06,False,0.0,-0.08701850430974216
sh,3,95.1,4,16.0,reference,6.708333333333332,7.161360975418574e-06,False,0.0,-0.08700401357739262
sh,3,95.1,5,20.0,reference,6.708333333333332,7.161360975418574e-06,False,0.0,-0.08701554975432982
sh,3,95.1,6,24.0,reference,6.708333333333332,7.161360975418574e-06,False,0.0,-0.08702313933892405
sh,3,95.1,7,28.0,reference,6.708333333333332,7.161360975418574e-06,False,0.0,-0.08700712892880379
sh,3,95.1,8,32.0,reference,6.708333333333332,7.161360975418574e-06,False,0.0,-0.08700875807510922
sh,3,95.1,9,36.0,reference,6.708333333333332,7.161360975418574e-06,False,0.0,-0.08702356057890696
sh,3,95.1,10,40.0,reference,6.708333333333332,7.161360975418574e-06,False,0.0,-0.08701332546082076
sh,3,95.1,11,44.0,reference,6.708333333333332,7.161360975418574e-06,False,0.0,-0.08700433232906372
sh,3,95.1,12,48.0,reference,6.708333333333332,7.161360975418574e-06,False,0.0,-0.08701961733942676
sh,3,95.1,13,52.0,reference,6.708333333333332,7.161360975418574e-06,False,0.0,-0.08701964114179321
sh,3,95.1,14,56.0,reference,6.708333333333332,7.161360975418574e-06,False,0.0,-0.08700421585051368
sh,3,95.1,15,60.0,reference,6.708333333333332,7.161360975418574e-06,False,0.0,-0.08701307458031066
sh,3,95.1,16,64.0,reference,6.708333333333332,7.161360975418574e-06,False,0.0,-0.08702312798365104
sh,3,95.1,17,68.0,reference,6.708333333333332,7.161360975418574e-06,False,0.0,-0.08700839357487311
sh,3,95.1,18,72.0,reference,6.708333333333332,7.161360975418574e-06,False,0.0,-0.08700680668902935
sh,3,95.1,19,76.0,reference,6.708333333333332,7.161360975418574e-06,False,0.0,-0.0870222235171621
sh,3,95.1,20,80.0,reference,6.708333333333332,7.161360975418574e-06,False,0.0,-0.08701483959049519
sh,3,95.1,21,84.0,reference,6.708333333333332,7.161360975418574e-06,False,0.0,-0.0870035739903509
sh,3,95.1,22,88.0,reference,6.708333333333332,7.161360975418574e-06,False,0.0,-0.08701736701562302
sh,3,95.1,23,92.0,reference,6.708333333333332,7.161360975418574e-06,False,0.0,-0.08702049187305465
sh,3,95.1,24,96.0,reference,6.708333333333332,7.161360975418574e-06,False,0.0,-0.08700478509296011
sh,3,95.1,1,4.0,candidate1,6.708333333333332,7.161360975418574e-06,False,2.499653688382046,-0.08508747515423021
sh,3,95.1,2,8.0,candidate1,6.708333333333332,7.161360975418574e-06,False,2.303650080385304,-0.08368053074672388
sh,3,95.1,3,12.0,candidate1,6.708333333333332,7.161360975418574e-06,False,1.3793882963293487,-0.08305647184828185
sh,3,95.1,4,16.0,candidate1,6.708333333333332,7.161360975418574e-06,False,-0.14866492260061498,-0.08299975361752272
sh,3,95.1,5,20.0,candidate1,6.708333333333332,7.161360975418574e-06,False,-1.0688241435514767,-0.0832563977904229
sh,3,95.1,6,24.0,candidate1,6.708333333333332,7.161360975418574e-06,False,-2.5121707009772214,-0.08353603168697137
sh,3,95.1,7,28.0,candidate1,6.708333333333332,7.161360975418574e-06,False,2.5843657258987225,-0.08374319868481228
sh,3,95.1,8,32.0,candidate1,6.708333333333332,7.161360975418574e-06,False,1.6603646182120653,-0.08382641102513012
sh,3,95.1,9,36.0,candidate1,6.708333333333332,7.161360975418574e-06,False,0.23499895511071456,-0.08381256760778437
sh,3,95.1,10,40.0,candidate1,6.708333333333332,7.161360975418574e-06,False,-0.1381708779776858,-0.08373518231734917
sh,3,95.1,11,44.0,candidate1,6.708333333333332,7.161360975418574e-06,False,-0.8434818194612628,-0.08366124475784133
sh,3,95.1,12,48.0,candidate1,6.708333333333332,7.161360975418574e-06,False,-2.1735491493427617,-0.08366051412669992
sh,3,95.1,13,52.0,candidate1,6.708333333333332,7.161360975418574e-06,False,2.748891517954359,-0.08368418593603924
sh,3,95.1,14,56.0,candidate1,6.708333333333332,7.161360975418574e-06,False,1.3353181691189888,-0.08371864065986166
sh,3,95.1,15,60.0,candidate1,6.708333333333332,7.161360975418574e-06,False,-0.5826343643589171,-0.08374323081998396
sh,3,95.1,16,64.0,candidate1,6.708333333333332,7.161360975418574e-06,False,-2.078824334668214,-0.08376236656362779
sh,3,95.1,17,68.0,candidate1,6.708333333333332,7.161360975418574e-06,False,2.4271575871365565,-0.08378774045660738
sh,3,95.1,18,72.0,candidate1,6.708333333333332,7.161360975418574e-06,False,0.8506596018954802,-0.0838242825225405
sh,3,95.1,19,76.0,candidate1,6.708333333333332,7.161360975418574e-06,False,-0.2294747056950537,-0.08385397707156991
sh,3,95.1,20,80.0,candidate1,6.708333333333332,7.161360975418574e-06,False,-2.7396306970667306,-0.08386901634325919
sh,3,95.1,21,84.0,candidate1,6.708333333333332,7.161360975418574e-06,False,3.116056358501023,-0.08391544669862226
sh,3,95.1,22,88.0,candidate1,6.708333333333332,7.161360975418574e-06,False,-0.17452023521941396,-0.08392035167881134
sh,3,95.1,23,92.0,candidate1,6.708333333333332,7.161360975418574e-06,False,0.02759756545944647,-0.08394834859051759
sh,3,95.1,24,96.0,candidate1,6.708333333333332,7.161360975418574e-06,False,2.4173819153190745,-0.08392301438296264
sh,3,95.1,1,4.0,candidate2,6.708333333333332,7.161360975418574e-06,False,3.0751950799979344,-0.08630030763300162
sh,3,95.1,2,8.0,candidate2,6.708333333333332,7.161360975418574e-06,False,1.581843664821083,-0.08613052768707835
sh,3,95.1,3,12.0,candidate2,6.708333333333332,7.161360975418574e-06,False,1.0068139754726502,-0.08557229676772939
sh,3,95.1,4,16.0,candidate2,6.708333333333332,7.161360975418574e-06,False,2.0249694563348344,-0.08587775196823154
sh,3,95.1,5,20.0,candidate2,6.708333333333332,7.161360975418574e-06,False,2.4392781317168337,-0.08610981461927532
sh,3,95.1,6,24.0,candidate2,6.708333333333332,7.161360975418574e-06,False,2.100951912594237,-0.08524970071755981
sh,3,95.1,7,28.0,candidate2,6.708333333333332,7.161360975418574e-06,False,1.9012144476019128,-0.0855627736859515
sh,3,95.1,8,32.0,candidate2,6.708333333333332,7.161360975418574e-06,False,2.3872683958911174,-0.0862623330050261
sh,3,95.1,9,36.0,candidate2,6.708333333333332,7.161360975418574e-06,False,2.482427326130276,-0.08535102064034769
sh,3,95.1,10,40.0,candidate2,6.708333333333332,7.161360975418574e-06,False,2.328106955806672,-0.08530098945239124
sh,3,95.1,11,44.0,candidate2,6.708333333333332,7.161360975418574e-06,False,2.4425311462359196,-0.08627159610478881
sh,3,95.1,12,48.0,candidate2,6.708333333333332,7.161360975418574e-06,False,2.7741473975446254,-0.08561747365526902
sh,3,95.1,13,52.0,candidate2,6.708333333333332,7.161360975418574e-06,False,2.676240600006054,-0.08506324860235125
sh,3,95.1,14,56.0,candidate2,6.708333333333332,7.161360975418574e-06,False,2.5157289870912702,-0.08619451278575638
sh,3,95.1,15,60.0,candidate2,6.708333333333332,7.161360975418574e-06,False,2.6887276693764726,-0.08607822260636427
sh,3,95.1,16,64.0,candidate2,6.708333333333332,7.161360975418574e-06,False,2.8915183803996047,-0.08494191980027364
sh,3,95.1,17,68.0,candidate2,6.708333333333332,7.161360975418574e-06,False,2.819341889996692,-0.08598700190625584
sh,3,95.1,18,72.0,candidate2,6.708333333333332,7.161360975418574e-06,False,2.7586522267583105,-0.08667822373336016
sh,3,95.1,19,76.0,candidate2,6.708333333333332,7.161360975418574e-06,False,2.8897144841143176,-0.08503723959615996
sh,3,95.1,20,80.0,candidate2,6.708333333333332,7.161360975418574e-06,False,2.9694430813484693,-0.08541453116335786
sh,3,95.1,21,84.0,candidate2,6.708333333333332,7.161360975418574e-06,False,2.9212256260910316,-0.08694378908009427
sh,3,95.1,22,88.0,candidate2,6.708333333333332,7.161360975418574e-06,False,2.9734285958608626,-0.08540225317865735
sh,3,95.1,23,92.0,candidate2,6.708333333333332,7.161360975418574e-06,False,-3.1038735238229975,-0.0848305575546023
sh,3,95.1,24,96.0,candidate2,6.708333333333332,7.161360975418574e-06,False,-2.9618297465858925,-0.08679823115528792
sh,3,95.1,1,4.0,fusion,6.708333333333332,7.161360975418574e-06,False,3.075148448760066,-0.08630026289864591
sh,3,95.1,2,8.0,fusion,6.708333333333332,7.161360975418574e-06,False,1.5819163235898295,-0.08613043732090121
sh,3,95.1,3,12.0,fusion,6.708333333333332,7.161360975418574e-06,False,1.006835413065487,-0.08557220397353989
sh,3,95.1,4,16.0,fusion,6.708333333333332,7.161360975418574e-06,False,2.0248747332109867,-0.08587764581556477
sh,3,95.1,5,20.0,fusion,6.708333333333332,7.161360975418574e-06,False,2.4392897971372616,-0.08610970937327832
sh,3,95.1,6,24.0,fusion,6.708333333333332,7.161360975418574e-06,False,2.1009676839937548,-0.08524963751024855
sh,3,95.1,7,28.0,fusion,6.708333333333332,7.161360975418574e-06,False,1.9012279431678922,-0.08556270657238324
sh,3,95.1,8,32.0,fusion,6.708333333333332,7.161360975418574e-06,False,2.3872615126803542,-0.08626224315799261
sh,3,95.1,9,36.0,fusion,6.708333333333332,7.161360975418574e-06,False,2.4824233749370004,-0.08535096389573835
sh,3,95.1,10,40.0,fusion,6.708333333333332,7.161360975418574e-06,False,2.3281034706992263,-0.08530093169884771
sh,3,95.1,11,44.0,fusion,6.708333333333332,7.161360975418574e-06,False,2.4425320106327644,-0.08627149982406766
sh,3,95.1,12,48.0,fusion,6.708333333333332,7.161360975418574e-06,False,2.774152246657644,-0.08561740147438238
sh,3,95.1,13,52.0,fusion,6.708333333333332,7.161360975418574e-06,False,2.676240873468076,-0.08506319773672805
sh,3,95.1,14,56.0,fusion,6.708333333333332,7.161360975418574e-06,False,2.5157250375595885,-0.08619442146519371
sh,3,95.1,15,60.0,fusion,6.708333333333332,7.161360975418574e-06,False,2.6887281147918403,-0.08607813648206022
sh,3,95.1,16,64.0,fusion,6.708333333333332,7.161360975418574e-06,False,2.891522652115805,-0.08494187629339615
sh,3,95.1,17,68.0,fusion,6.708333333333332,7.161360975418574e-06,False,2.819341152412152,-0.08598692078825668
sh,3,95.1,18,72.0,fusion,6.708333333333332,7.161360975418574e-06,False,2.7586474342802396,-0.08667811846802176
sh,3,95.1,19,76.0,fusion,6.708333333333332,7.161360975418574e-06,False,2.889714446611118,-0.08503719595246835
sh,3,95.1,20,80.0,fusion,6.708333333333332,7.161360975418574e-06,False,2.9694461323855297,-0.08541447415828013
sh,3,95.1,21,84.0,fusion,6.708333333333332,7.161360975418574e-06,False,2.921226079956136,-0.08694367738210819
sh,3,95.1,22,88.0,fusion,6.708333333333332,7.161360975418574e-06,False,2.973428640008547,-0.08540219851990605
sh,3,95.1,23,92.0,fusion,6.708333333333332,7.161360975418574e-06,False,-3.103873490097417,-0.08483052501503041
sh,3,95.1,24,96.0,fusion,6.708333333333332,7.161360975418574e-06,False,-2.9618460257013965,-0.08679812510521745
sh,4,95.1,1,4.0,reference,6.708333333333332,6.7768251004579484e-06,False,0.0,-0.08701307458031066
sh,4,95.1,2,8.0,reference,6.708333333333332,6.7768251004579484e-06,False,0.0,-0.08702312798365104
sh,4,95.1,3,12.0,reference,6.708333333333332,6.7768251004579484e-06,False,0.0,-0.08700839357487311
sh,4,95.1,4,16.0,reference,6.708333333333332,6.7768251004579484e-06,False,0.0,-0.08700680668902935
sh,4,95.1,5,20.0,reference,6.708333333333332,6.7768251004579484e-06,False,0.0,-0.0870222235171621
sh,4,95.1,6,24.0,reference,6.708333333333332,6.7768251004579484e-06,False,0.0,-0.08701483959049519
sh,4,95.1,7,28.0,reference,6.708333333333332,6.7768251004579484e-06,False,0.0,-0.0870035739903509
sh,4,95.1,8,32.0,reference,6.708333333333332,6.7768251004579484e-06,False,0.0,-0.08701736701562302
sh,4,95.1,9,36.0,reference,6.708333333333332,6.7768251004579484e-06,False,0.0,-0.08702049187305465
sh,4,95.1,10,40.0,reference,6.708333333333332,6.7768251004579484e-06,False,0.0,-0.08700478509296011
sh,4,95.1,11,44.0,reference,6.708333333333332,6.7768251004579484e-06,False,0.0,-0.08701071608728714
sh,4,95.1,12,48.0,reference,6.708333333333332,6.7768251004579484e-06,False,0.0,-0.08702273866135102
sh,4,95.1,13,52.0,reference,6.708333333333332,6.7768251004579484e-06,False,0.0,-0.0870098094768363
sh,4,95.1,14,56.0,reference,6.708333333333332,6.7768251004579484e-06,False,0.0,-0.08700519302162385
sh,4,95.1,15,60.0,reference,6.708333333333332,6.7768251004579484e-06,False,0.0,-0.08702059447503706
sh,4,95.1,16,64.0,reference,6.708333333333332,6.7768251004579484e-06,False,0.0,-0.08701622972861423
sh,4,95.1,17,68.0,reference,6.708333333333332,6.7768251004579484e-06,False,0.0,-0.08700323171332461
sh,4,95.1,18,72.0,reference,6.708333333333332,6.7768251004579484e-06,False,0.0,-0.08701504593701168
sh,4,95.1,19,76.0,reference,6.708333333333332,6.7768251004579484e-06,False,0.0,-0.08702101794508756
sh,4,95.1,20,80.0,reference,6.708333333333332,6.7768251004579484e-06,False,0.0,-0.08700566670001529
sh,4,95.1,21,84.0,reference,6.708333333333332,6.7768251004579484e-06,False,0.0,-0.08700854379835163
sh,4,95.1,22,88.0,reference,6.708333333333332,6.7768251004579484e-06,False,0.0,-0.08702198533884055
sh,4,95.1,23,92.0,reference,6.708333333333332,6.7768251004579484e-06,False,0.0,-0.08701129569731704
sh,4,95.1,24,96.0,reference,6.708333333333332,6.7768251004579484e-06,False,0.0,-0.08700394900353123
sh,4,95.1,1,4.0,candidate1,6.708333333333332,6.7768251004579484e-06,False,1.8857051992545009,-0.08508163754055513
sh,4,95.1,2,8.0,candidate1,6.708333333333332,6.7768251004579484e-06,False,1.3311517461152678,-0.08367413139975607
sh,4,95.1,3,12.0,candidate1,6.708333333333332,6.7768251004579484e-06,False,0.32931261597407957,-0.08304932009333298
sh,4,95.1,4,16.0,candidate1,6.708333333333332,6.7768251004579484e-06,False,-1.0647024401395913,-0.08300736794812635
sh,4,95.1,5,20.0,candidate1,6.708333333333332,6.7768251004579484e-06,False,-1.976545022296635,-0.08327631462649424
sh,4,95.1,6,24.0,candidate1,6.708333333333332,6.7768251004579484e-06,False,2.839204711771341,-0.08356942699394741
sh,4,95.1,7,28.0,candidate1,6.708333333333332,6.7768251004579484e-06,False,1.758685022533389,-0.08377248397535801
sh,4,95.1,8,32.0,candidate1,6.708333333333332,6.7768251004579484e-06,False,1.2577677441202921,-0.08383227074962885
sh,4,95.1,9,36.0,candidate1,6.708333333333332,6.7768251004579484e-06,False,0.24607192443117665,-0.08375533192205492
sh,4,95.1,10,40.0,candidate1,6.708333333333332,6.7768251004579484e-06,False,-0.5231288033801818,-0.08365666227208265
sh,4,95.1,11,44.0,candidate1,6.708333333333332,6.7768251004579484e-06,False,-1.485622697088753,-0.08362453143295372
sh,4,95.1,12,48.0,candidate1,6.708333333333332,6.7768251004579484e-06,False,-2.978200421472046,-0.08362453728778495
sh,4,95.1,13,52.0,candidate1,6.708333333333332,6.7768251004579484e-06,False,1.7854534405012217,-0.08364351971704004
sh,4,95.1,14,56.0,candidate1,6.708333333333332,6.7768251004579484e-06,False,0.3273074743823162,-0.08368236846457977
sh,4,95.1,15,60.0,candidate1,6.708333333333332,6.7768251004579484e-06,False,-1.055919380754928,-0.08375534582843298
sh,4,95.1,16,64.0,candidate1,6.708333333333332,6.7768251004579484e-06,False,-2.524593050150095,-0.08381971661977375
sh,4,95.1,17,68.0,candidate1,6.708333333333332,6.7768251004579484e-06,False,2.4240628333945504,-0.0838675792824016
sh,4,95.1,18,72.0,candidate1,6.708333333333332,6.7768251004579484e-06,False,0.2734690085236804,-0.08387262439728564
sh,4,95.1,19,76.0,candidate1,6.708333333333332,6.7768251004579484e-06,False,-0.40895824791727137,-0.08388444872337453
sh,4,95.1,20,80.0,candidate1,6.708333333333332,6.7768251004579484e-06,False,2.8952345335933485,-0.08388405551647277
sh,4,95.1,21,84.0,candidate1,6.708333333333332,6.7768251004579484e-06,False,2.7568283766398674,-0.08388311606496414
sh,4,95.1,22,88.0,candidate1,6.708333333333332,6.7768251004579484e-06,False,-1.4067552162509056,-0.0838846170078594
sh,4,95.1,23,92.0,candidate1,6.708333333333332,6.7768251004579484e-06,False,-0.7165540319565118,-0.08391339225616437
sh,4,95.1,24,96.0,candidate1,6.708333333333332,6.7768251004579484e-06,False,1.863688894917788,-0.08393972299977469
sh,4,95.1,1,4.0,candidate2,6.708333333333332,6.7768251004579484e-06,False,2.45742037824325,-0.08628663445914397
sh,4,95.1,2,8.0,candidate2,6.708333333333332,6.7768251004579484e-06,False,0.5901549773002812,-0.08613257120940962
sh,4,95.1,3,12.0,candidate2,6.708333333333332,6.7768251004579484e-06,False,-0.0494519049779949,-0.08556281886391803
sh,4,95.1,4,16.0,candidate2,6.708333333333332,6.7768251004579484e-06,False,1.0178894298477883,-0.08586336871562636
sh,4,95.1,5,20.0,candidate2,6.708333333333332,6.7768251004579484e-06,False,1.467018853081487,-0.0861188206259181
sh,4,95.1,6,24.0,candidate2,6.708333333333332,6.7768251004579484e-06,False,1.047756080540228,-0.0852497206396778
sh,4,95.1,7,28.0,candidate2,6.708333333333332,6.7768251004579484e-06,False,0.9052292786590257,-0.08554875706641123
sh,4,95.1,8,32.0,candidate2,6.708333333333332,6.7768251004579484e-06,False,1.4556355065258073,-0.08626913989170922
sh,4,95.1,9,36.0,candidate2,6.708333333333332,6.7768251004579484e-06,False,1.4881728971077957,-0.08536442607523026
sh,4,95.1,10,40.0,candidate2,6.708333333333332,6.7768251004579484e-06,False,1.2445512985908178,-0.08528514546975209
sh,4,95.1,11,44.0,candidate2,6.708333333333332,6.7768251004579484e-06,False,1.4177759823163292,-0.08626170659838914
sh,4,95.1,12,48.0,candidate2,6.708333333333332,6.7768251004579484e-06,False,1.8295092863603124,-0.08563735432798894
sh,4,95.1,13,52.0,candidate2,6.708333333333332,6.7768251004579484e-06,False,1.6603844622427872,-0.0850547822907884
sh,4,95.1,14,56.0,candidate2,6.708333333333332,6.7768251004579484e-06,False,1.4569935452289378,-0.08619222316273992
sh,4,95.1,15,60.0,candidate2,6.708333333333332,6.7768251004579484e-06,False,1.7017262139581695,-0.08611740848211834
sh,4,95.1,16,64.0,candidate2,6.708333333333332,6.7768251004579484e-06,False,1.9365010363595723,-0.08494700782888032
sh,4,95.1,17,68.0,candidate2,6.708333333333332,6.7768251004579484e-06,False,1.7530003750428653,-0.08596290293642413
sh,4,95.1,18,72.0,candidate2,6.708333333333332,6.7768251004579484e-06,False,1.6961117481166694,-0.08670294724115446
sh,4,95.1,19,76.0,candidate2,6.708333333333332,6.7768251004579484e-06,False,1.9649226214492352,-0.08505499809341961
sh,4,95.1,20,80.0,candidate2,6.708333333333332,6.7768251004579484e-06,False,2.036649067629021,-0.08538106467678817
sh,4,95.1,21,84.0,candidate2,6.708333333333332,6.7768251004579484e-06,False,1.7863280422757586,-0.08694600311634476
sh,4,95.1,22,88.0,candidate2,6.708333333333332,6.7768251004579484e-06,False,1.8602947266879666,-0.08543922319160073
sh,4,95.1,23,92.0,candidate2,6.708333333333332,6.7768251004579484e-06,False,2.3131961490740482,-0.0848113500372877
sh,4,95.1,24,96.0,candidate2,6.708333333333332,6.7768251004579484e-06,False,2.736314816920335,-0.0867812297762695
sh,4,95.1,1,4.0,fusion,6.708333333333332,6.7768251004579484e-06,False,2.45723829634911,-0.0862864637156596
sh,4,95.1,2,8.0,fusion,6.708333333333332,6.7768251004579484e-06,False,0.5904396504481362,-0.08613222285783065
sh,4,95.1,3,12.0,fusion,6.708333333333332,6.7768251004579484e-06,False,-0.049370425209164015,-0.08556246271069354
sh,4,95.1,4,16.0,fusion,6.708333333333332,6.7768251004579484e-06,False,1.0175299664989694,-0.0858629640311704
sh,4,95.1,5,20.0,fusion,6.708333333333332,6.7768251004579484e-06,False,1.4670551788452386,-0.0861184178536195
sh,4,95.1,6,24.0,fusion,6.708333333333332,6.7768251004579484e-06,False,1.0478105642238313,-0.08524948254845331
sh,4,95.1,7,28.0,fusion,6.708333333333332,6.7768251004579484e-06,False,0.9052837066595543,-0.08554850537526407
sh,4,95.1,8,32.0,fusion,6.708333333333332,6.7768251004579484e-06,False,1.4556278748160756,-0.08626879459661188
sh,4,95.1,9,36.0,fusion,6.708333333333332,6.7768251004579484e-06,False,1.488157996127823,-0.0853641980727033
sh,4,95.1,10,40.0,fusion,6.708333333333332,6.7768251004579484e-06,False,1.2445275146256345,-0.08528491471987122
sh,4,95.1,11,44.0,fusion,6.708333333333332,6.7768251004579484e-06,False,1.4177688463035898,-0.08626133292068945
sh,4,95.1,12,48.0,fusion,6.708333333333332,6.7768251004579484e-06,False,1.8295366929619823,-0.08563706911946305
sh,4,95.1,13,52.0,fusion,6.708333333333332,6.7768251004579484e-06,False,1.6603872954102095,-0.08505458232024449
sh,4,95.1,14,56.0,fusion,6.708333333333332,6.7768251004579484e-06,False,1.4569675365170132,-0.08619186752586663
sh,4,95.1,15,60.0,fusion,6.708333333333332,6.7768251004579484e-06,False,1.7017154199783635,-0.08611707378681614
sh,4,95.1,16,64.0,fusion,6.708333333333332,6.7768251004579484e-06,False,1.9365268074443254,-0.08494684809599969
sh,4,95.1,17,68.0,fusion,6.708333333333332,6.7768251004579484e-06,False,1.7530082685516257,-0.08596260603702457
sh,4,95.1,18,72.0,fusion,6.708333333333332,6.7768251004579484e-06,False,1.696095334877196,-0.0867025461951627
sh,4,95.1,19,76.0,fusion,6.708333333333332,6.7768251004579484e-06,False,1.9649159623876065,-0.08505483223102195
sh,4,95.1,20,80.0,fusion,6.708333333333332,6.7768251004579484e-06,False,2.0366603859515044,-0.0853808525562788
sh,4,95.1,21,84.0,fusion,6.708333333333332,6.7768251004579484e-06,False,1.786334191923618,-0.08694556911688854
sh,4,95.1,22,88.0,fusion,6.708333333333332,6.7768251004579484e-06,False,1.8602977109482552,-0.08543900290981199
sh,4,95.1,23,92.0,fusion,6.708333333333332,6.7768251004579484e-06,False,2.313195226127969,-0.08481122280008234
sh,4,95.1,24,96.0,fusion,6.708333333333332,6.7768251004579484e-06,False,2.7362510505332804,-0.08678082714555699
sh,5,95.1,1,4.0,reference,6.708333333333332,6.55186141336681e-06,False,0.0,-0.08702059447503706
sh,5,95.1,2,8.0,reference,6.708333333333332,6.55186141336681e-06,False,0.0,-0.08701622972861423
sh,5,95.1,3,12.0,reference,6.708333333333332,6.55186141336681e-06,False,0.0,-0.08700323171332461
sh,5,95.1,4,16.0,reference,6.708333333333332,6.55186141336681e-06,False,0.0,-0.08701504593701168
sh,5,95.1,5,20.0,reference,6.708333333333332,6.55186141336681e-06,False,0.0,-0.08702101794508756
sh,5,95.1,6,24.0,reference,6.708333333333332,6.55186141336681e-06,False,0.0,-0.08700566670001529
sh,5,95.1,7,28.0,reference,6.708333333333332,6.55186141336681e-06,False,0.0,-0.08700854379835163
sh,5,95.1,8,32.0,reference,6.708333333333332,6.55186141336681e-06,False,0.0,-0.08702198533884055
sh,5,95.1,9,36.0,reference,6.708333333333332,6.55186141336681e-06,False,0.0,-0.08701129569731704
sh,5,95.1,10,40.0,reference,6.708333333333332,6.55186141336681e-06,False,0.0,-0.08700394900353123
sh,5,95.1,11,44.0,reference,6.708333333333332,6.55186141336681e-06,False,0.0,-0.08701873383680236
sh,5,95.1,12,48.0,reference,6.708333333333332,6.55186141336681e-06,False,0.0,-0.08701742751061922
sh,5,95.1,13,52.0,reference,6.708333333333332,6.55186141336681e-06,False,0.0,-0.08700328641529419
sh,5,95.1,14,56.0,reference,6.708333333333332,6.55186141336681e-06,False,0.0,-0.08701272996086822
sh,5,95.1,15,60.0,reference,6.708333333333332,6.55186141336681e-06,False,0.0,-0.08702119320252721
sh,5,95.1,16,64.0,reference,6.708333333333332,6.55186141336681e-06,False,0.0,-0.08700679390300084
sh,5,95.1,17,68.0,reference,6.708333333333332,6.55186141336681e-06,False,0.0,-0.08700661925118168
sh,5,95.1,18,72.0,reference,6.708333333333332,6.55186141336681e-06,False,0.0,-0.08702089736501148
sh,5,95.1,19,76.0,reference,6.708333333333332,6.55186141336681e-06,False,0.0,-0.08701277101000393
sh,5,95.1,20,80.0,reference,6.708333333333332,6.55186141336681e-06,False,0.0,-0.08700309553130177
sh,5,95.1,21,84.0,reference,6.708333333333332,6.55186141336681e-06,False,0.0,-0.0870167058332567
sh,5,95.1,22,88.0,reference,6.708333333333332,6.55186141336681e-06,False,0.0,-0.08701837770946275
sh,5,95.1,23,92.0,reference,6.708333333333332,6.55186141336681e-06,False,0.0,-0.08700370201300701
sh,5,95.1,24,96.0,reference,6.708333333333332,6.55186141336681e-06,False,0.0,-0.08701049234307265
sh,5,95.1,1,4.0,candidate1,6.708333333333332,6.55186141336681e-06,False,0.1757702615232353,-0.08508235053817155
sh,5,95.1,2,8.0,candidate1,6.708333333333332,6.55186141336681e-06,False,0.21194143348421446,-0.08367479944454881
sh,5,95.1,3,12.0,candidate1,6.708333333333332,6.55186141336681e-06,False,-0.4908423372591803,-0.08304961671504142
sh,5,95.1,4,16.0,candidate1,6.708333333333332,6.55186141336681e-06,False,-1.9589569928520505,-0.08299766460132288
sh,5,95.1,5,20.0,candidate1,6.708333333333332,6.55186141336681e-06,False,-3.0851069760009526,-0.08326175407824438
sh,5,95.1,6,24.0,candidate1,6.708333333333332,6.55186141336681e-06,False,1.7394820487550655,-0.08354706657064771
sh,5,95.1,7,28.0,candidate1,6.708333333333332,6.55186141336681e-06,False,0.6595362981244866,-0.08372879335974366
sh,5,95.1,8,32.0,candidate1,6.708333333333332,6.55186141336681e-06,False,-0.3970787085969021,-0.0838010594642362
sh,5,95.1,9,36.0,candidate1,6.708333333333332,6.55186141336681e-06,False,-1.977844758689692,-0.08381518689086387
sh,5,95.1,10,40.0,candidate1,6.708333333333332,6.55186141336681e-06,False,-2.326603890798547,-0.08374665217126845
sh,5,95.1,11,44.0,candidate1,6.708333333333332,6.55186141336681e-06,False,-2.920786691092939,-0.08368239558437437
sh,5,95.1,12,48.0,candidate1,6.708333333333332,6.55186141336681e-06,False,2.0520711573344417,-0.08367391507809845
sh,5,95.1,13,52.0,candidate1,6.708333333333332,6.55186141336681e-06,False,0.5298363257964627,-0.08369400910170433
sh,5,95.1,14,56.0,candidate1,6.708333333333332,6.55186141336681e-06,False,-0.9189813504905369,-0.08370793884250866
sh,5,95.1,15,60.0,candidate1,6.708333333333332,6.55186141336681e-06,False,-2.870904933229224,-0.08371658562917751
sh,5,95.1,16,64.0,candidate1,6.708333333333332,6.55186141336681e-06,False,2.134009009975941,-0.08373623827611307
sh,5,95.1,17,68.0,candidate1,6.708333333333332,6.55186141336681e-06,False,0.7580432197085603,-0.08380362024957347
sh,5,95.1,18,72.0,candidate1,6.708333333333332,6.55186141336681e-06,False,-1.110371223514282,-0.08381455745913456
sh,5,95.1,19,76.0,candidate1,6.708333333333332,6.55186141336681e-06,False,-2.2813071708433577,-0.08383401961533225
sh,5,95.1,20,80.0,candidate1,6.708333333333332,6.55186141336681e-06,False,1.48241222981852,-0.08384450509004471
sh,5,95.1,21,84.0,candidate1,6.708333333333332,6.55186141336681e-06,False,0.7559764586147248,-0.08388855207670538
sh,5,95.1,22,88.0,candidate1,6.708333333333332,6.55186141336681e-06,False,-2.069772707004046,-0.08391804758087952
sh,5,95.1,23,92.0,candidate1,6.708333333333332,6.55186141336681e-06,False,-2.028295595213301,-0.08394722952135067
sh,5,95.1,24,96.0,candidate1,6.708333333333332,6.55186141336681e-06,False,0.15843272153372667,-0.08393447988938887
sh,5,95.1,1,4.0,candidate2,6.708333333333332,6.55186141336681e-06,False,0.744348428670355,-0.086286684055684
sh,5,95.1,2,8.0,candidate2,6.708333333333332,6.55186141336681e-06,False,-0.532205879522156,-0.08613274387612575
sh,5,95.1,3,12.0,candidate2,6.708333333333332,6.55186141336681e-06,False,-0.8685897449220072,-0.08556497664586075
sh,5,95.1,4,16.0,candidate2,6.708333333333332,6.55186141336681e-06,False,0.13854913239610608,-0.08586483820989278
sh,5,95.1,5,20.0,candidate2,6.708333333333332,6.55186141336681e-06,False,0.38750712056889386,-0.08611589949864341
sh,5,95.1,6,24.0,candidate2,6.708333333333332,6.55186141336681e-06,False,0.03219326923725363,-0.08524921616947921
sh,5,95.1,7,28.0,candidate2,6.708333333333332,6.55186141336681e-06,False,-0.0011704242346477487,-0.08555353327946236
sh,5,95.1,8,32.0,candidate2,6.708333333333332,6.55186141336681e-06,False,0.4961645810511579,-0.08627068324000718
sh,5,95.1,9,36.0,candidate2,6.708333333333332,6.55186141336681e-06,False,0.45535736850241415,-0.08536096028821663
sh,5,95.1,10,40.0,candidate2,6.708333333333332,6.55186141336681e-06,False,0.30191661389309155,-0.08528912702667935
sh,5,95.1,11,44.0,candidate2,6.708333333333332,6.55186141336681e-06,False,0.5188178391056368,-0.08627076956968101
sh,5,95.1,12,48.0,candidate2,6.708333333333332,6.55186141336681e-06,False,0.8344550447406205,-0.08563322800110344
sh,5,95.1,13,52.0,candidate2,6.708333333333332,6.55186141336681e-06,False,0.6384492024080366,-0.08505840810692315
sh,5,95.1,14,56.0,candidate2,6.708333333333332,6.55186141336681e-06,False,0.5307542641184657,-0.08619745838338597
sh,5,95.1,15,60.0,candidate2,6.708333333333332,6.55186141336681e-06,False,0.7851824480797274,-0.08610664274350936
sh,5,95.1,16,64.0,candidate2,6.708333333333332,6.55186141336681e-06,False,0.9187611313674997,-0.08494658556759307
sh,5,95.1,17,68.0,candidate2,6.708333333333332,6.55186141336681e-06,False,0.7601992759016485,-0.08597521296877776
sh,5,95.1,18,72.0,candidate2,6.708333333333332,6.55186141336681e-06,False,0.7889663222071139,-0.08669915430885905
sh,5,95.1,19,76.0,candidate2,6.708333333333332,6.55186141336681e-06,False,1.005660608891615,-0.08505107096024322
sh,5,95.1,20,80.0,candidate2,6.708333333333332,6.55186141336681e-06,False,0.9824015123635775,-0.08539359469586648
sh,5,95.1,21,84.0,candidate2,6.708333333333332,6.55186141336681e-06,False,0.880527735815007,-0.0869471900462756
sh,5,95.1,22,88.0,candidate2,6.708333333333332,6.55186141336681e-06,False,1.0563070385579079,-0.08542971451867136
sh,5,95.1,23,92.0,candidate2,6.708333333333332,6.55186141336681e-06,False,1.2276789541653996,-0.08481919202304304
sh,5,95.1,24,96.0,candidate2,6.708333333333332,6.55186141336681e-06,False,1.0258042853040525,-0.08679034324841366
sh,5,95.1,1,4.0,fusion,6.708333333333332,6.55186141336681e-06,False,0.7438073572643857,-0.08628617204232153
sh,5,95.1,2,8.0,fusion,6.708333333333332,6.55186141336681e-06,False,-0.5313450486272717,-0.08613169889948526
sh,5,95.1,3,12.0,fusion,6.708333333333332,6.55186141336681e-06,False,-0.8683431163929929,-0.08556390725945137
sh,5,95.1,4,16.0,fusion,6.708333333333332,6.55186141336681e-06,False,0.1374428970522763,-0.0858636192525369
sh,5,95.1,5,20.0,fusion,6.708333333333332,6.55186141336681e-06,False,0.3876293503360073,-0.08611468608012401
sh,5,95.1,6,24.0,fusion,6.708333333333332,6.55186141336681e-06,False,0.032366659195750214,-0.08524849251334339
sh,5,95.1,7,28.0,fusion,6.708333333333332,6.55186141336681e-06,False,-0.0010330447601847315,-0.08555275750497104
sh,5,95.1,8,32.0,fusion,6.708333333333332,6.55186141336681e-06,False,0.49608011368539123,-0.08626963329798108
sh,5,95.1,9,36.0,fusion,6.708333333333332,6.55186141336681e-06,False,0.45531619837224213,-0.08536030311425004
sh,5,95.1,10,40.0,fusion,6.708333333333332,6.55186141336681e-06,False,0.3018889370426646,-0.08528847125506313
sh,5,95.1,11,44.0,fusion,6.708333333333332,6.55186141336681e-06,False,0.518832820772503,-0.08626966914189395
sh,5,95.1,12,48.0,fusion,6.708333333333332,6.55186141336681e-06,False,0.8344981276405279,-0.08563239501390907
sh,5,95.1,13,52.0,fusion,6.708333333333332,6.55186141336681e-06,False,0.6384457683544376,-0.08505782804291907
sh,5,95.1,14,56.0,fusion,6.708333333333332,6.55186141336681e-06,False,0.5307150774419687,-0.08619639998282456
sh,5,95.1,15,60.0,fusion,6.708333333333332,6.55186141336681e-06,False,0.7852034061119166,-0.08610562662865262
sh,5,95.1,16,64.0,fusion,6.708333333333332,6.55186141336681e-06,False,0.9188197454229132,-0.0849460709975197
sh,5,95.1,17,68.0,fusion,6.708333333333332,6.55186141336681e-06,False,0.7601992211681896,-0.08597428973242013
sh,5,95.1,18,72.0,fusion,6.708333333333332,6.55186141336681e-06,False,0.7889215701175492,-0.08669792794414286
sh,5,95.1,19,76.0,fusion,6.708333333333332,6.55186141336681e-06,False,1.0056626386733616,-0.08505055353999183
sh,5,95.1,20,80.0,fusion,6.708333333333332,6.55186141336681e-06,False,0.9824306793223324,-0.08539293611203874
sh,5,95.1,21,84.0,fusion,6.708333333333332,6.55186141336681e-06,False,0.880525199192967,-0.08694588968928263
sh,5,95.1,22,88.0,fusion,6.708333333333332,6.55186141336681e-06,False,1.0563057085468859,-0.08542907184481026
sh,5,95.1,23,92.0,fusion,6.708333333333332,6.55186141336681e-06,False,1.227683208525354,-0.08481882131472517
sh,5,95.1,24,96.0,fusion,6.708333333333332,6.55186141336681e-06,False,1.02562111900591,-0.08678912909952555
sh,6,95.1,1,4.0,reference,6.708333333333332,6.5561041063168895e-06,False,0.0,-0.08702119320252721
sh,6,95.1,2,8.0,reference,6.708333333333332,6.5561041063168895e-06,False,0.0,-0.08700679390300084
sh,6,95.1,3,12.0,reference,6.708333333333332,6.5561041063168895e-06,False,0.0,-0.08700661925118168
sh,6,95.1,4,16.0,reference,6.708333333333332,6.5561041063168895e-06,False,0.0,-0.08702089736501148
sh,6,95.1,5,20.0,reference,6.708333333333332,6.5561041063168895e-06,False,0.0,-0.08701277101000393
sh,6,95.1,6,24.0,reference,6.708333333333332,6.5561041063168895e-06,False,0.0,-0.08700309553130177
sh,6,95.1,7,28.0,reference,6.708333333333332,6.5561041063168895e-06,False,0.0,-0.0870167058332567
sh,6,95.1,8,32.0,reference,6.708333333333332,6.5561041063168895e-06,False,0.0,-0.08701837770946275
sh,6,95.1,9,36.0,reference,6.708333333333332,6.5561041063168895e-06,False,0.0,-0.08700370201300701
sh,6,95.1,10,40.0,reference,6.708333333333332,6.5561041063168895e-06,False,0.0,-0.08701049234307265
sh,6,95.1,11,44.0,reference,6.708333333333332,6.5561041063168895e-06,False,0.0,-0.08702101431982638
sh,6,95.1,12,48.0,reference,6.708333333333332,6.5561041063168895e-06,False,0.0,-0.08700809489902178
sh,6,95.1,13,52.0,reference,6.708333333333332,6.5561041063168895e-06,False,0.0,-0.08700499204298794
sh,6,95.1,14,56.0,reference,6.708333333333332,6.5561041063168895e-06,False,0.0,-0.08701951453267029
sh,6,95.1,15,60.0,reference,6.708333333333332,6.5561041063168895e-06,False,0.0,-0.08701416062104611
sh,6,95.1,16,64.0,reference,6.708333333333332,6.5561041063168895e-06,False,0.0,-0.08700263254798665
sh,6,95.1,17,68.0,reference,6.708333333333332,6.5561041063168895e-06,False,0.0,-0.08701457987745335
sh,6,95.1,18,72.0,reference,6.708333333333332,6.5561041063168895e-06,False,0.0,-0.08701903667438862
sh,6,95.1,19,76.0,reference,6.708333333333332,6.5561041063168895e-06,False,0.0,-0.08700443318203463
sh,6,95.1,20,80.0,reference,6.708333333333332,6.5561041063168895e-06,False,0.0,-0.08700839974137434
sh,6,95.1,21,84.0,reference,6.708333333333332,6.5561041063168895e-06,False,0.0,-0.08702048484531513
sh,6,95.1,22,88.0,reference,6.708333333333332,6.5561041063168895e-06,False,0.0,-0.08700949335303433
sh,6,95.1,23,92.0,reference,6.708333333333332,6.5561041063168895e-06,False,0.0,-0.08700369794003725
sh,6,95.1,24,96.0,reference,6.708333333333332,6.5561041063168895e-06,False,0.0,-0.08701788717832337
sh,6,95.1,1,4.0,candidate1,6.708333333333332,6.5561041063168895e-06,False,-0.5437099017531017,-0.08508552781122698
sh,6,95.1,2,8.0,candidate1,6.708333333333332,6.5561041063168895e-06,False,-0.6693568134569666,-0.08367874037296358
sh,6,95.1,3,12.0,candidate1,6.708333333333332,6.5561041063168895e-06,False,-1.5208598848968138,-0.083054857591705
sh,6,95.1,4,16.0,candidate1,6.708333333333332,6.5561041063168895e-06,False,-3.062052518174796,-0.08299845320875229
sh,6,95.1,5,20.0,candidate1,6.708333333333332,6.5561041063168895e-06,False,2.2515702482132975,-0.08325422255527935
sh,6,95.1,6,24.0,candidate1,6.708333333333332,6.5561041063168895e-06,False,0.8378897190661552,-0.08353409183768262
sh,6,95.1,7,28.0,candidate1,6.708333333333332,6.5561041063168895e-06,False,-0.30078471625302017,-0.08374169836351086
sh,6,95.1,8,32.0,candidate1,6.708333333333332,6.5561041063168895e-06,False,-1.2236827936781325,-0.08381142754004858
sh,6,95.1,9,36.0,candidate1,6.708333333333332,6.5561041063168895e-06,False,-2.595347205614606,-0.08380262658058162
sh,6,95.1,10,40.0,candidate1,6.708333333333332,6.5561041063168895e-06,False,-2.851940964054255,-0.08371024391393796
sh,6,95.1,11,44.0,candidate1,6.708333333333332,6.5561041063168895e-06,False,2.678854563416054,-0.0836392323709614
sh,6,95.1,12,48.0,candidate1,6.708333333333332,6.5561041063168895e-06,False,1.1818306937361438,-0.08363925502932543
sh,6,95.1,13,52.0,candidate1,6.708333333333332,6.5561041063168895e-06,False,-0.20729705258925957,-0.08365218045274674
sh,6,95.1,14,56.0,candidate1,6.708333333333332,6.5561041063168895e-06,False,-1.5717007357228723,-0.08369079508561748
sh,6,95.1,15,60.0,candidate1,6.708333333333332,6.5561041063168895e-06,False,-3.021437684483108,-0.0837628271651834
sh,6,95.1,16,64.0,candidate1,6.708333333333332,6.5561041063168895e-06,False,1.7894348074671325,-0.08382659200665254
sh,6,95.1,17,68.0,candidate1,6.708333333333332,6.5561041063168895e-06,False,0.32944181131121253,-0.08384263924602449
sh,6,95.1,18,72.0,candidate1,6.708333333333332,6.5561041063168895e-06,False,-1.7031010553950667,-0.08387272276180782
sh,6,95.1,19,76.0,candidate1,6.708333333333332,6.5561041063168895e-06,False,-2.471285321548055,-0.08389119549887045
sh,6,95.1,20,80.0,candidate1,6.708333333333332,6.5561041063168895e-06,False,0.8167256848740234,-0.08388944997167917
sh,6,95.1,21,84.0,candidate1,6.708333333333332,6.5561041063168895e-06,False,0.9001650861203514,-0.08388809986611045
sh,6,95.1,22,88.0,candidate1,6.708333333333332,6.5561041063168895e-06,False,3.1353408211182754,-0.08390558691259681
sh,6,95.1,23,92.0,candidate1,6.708333333333332,6.5561041063168895e-06,False,-2.6747813437704586,-0.08391675996446536
sh,6,95.1,24,96.0,candidate1,6.708333333333332,6.5561041063168895e-06,False,-0.6208690683701885,-0.08393796933313555
sh,6,95.1,1,4.0,candidate2,6.708333333333332,6.5561041063168895e-06,False,0.030604218863041766,-0.08629583256589975
sh,6,95.1,2,8.0,candidate2,6.708333333333332,6.5561041063168895e-06,False,-1.3954906917642251,-0.08613028378838489
sh,6,95.1,3,12.0,candidate2,6.708333333333332,6.5561041063168895e-06,False,-1.9024922065257606,-0.08557827130097664
sh,6,95.1,4,16.0,candidate2,6.708333333333332,6.5561041063168895e-06,False,-0.8805367494876042,-0.0858727368397542
sh,6,95.1,5,20.0,candidate2,6.708333333333332,6.5561041063168895e-06,False,-0.5001838758217385,-0.08609849546528983
sh,6,95.1,6,24.0,candidate2,6.708333333333332,6.5561041063168895e-06,False,-0.8250830163329113,-0.08524809498038635
sh,6,95.1,7,28.0,candidate2,6.708333333333332,6.5561041063168895e-06,False,-0.9950397478393074,-0.08556585171312965
sh,6,95.1,8,32.0,candidate2,6.708333333333332,6.5561041063168895e-06,False,-0.5296513581458111,-0.08625928579206037
sh,6,95.1,9,36.0,candidate2,6.708333333333332,6.5561041063168895e-06,False,-0.4561222260624184,-0.08534820521549497
sh,6,95.1,10,40.0,candidate2,6.708333333333332,6.5561041063168895e-06,False,-0.592262195097041,-0.08530709307355706
sh,6,95.1,11,44.0,candidate2,6.708333333333332,6.5561041063168895e-06,False,-0.46416258910275965,-0.08627502084409819
sh,6,95.1,12,48.0,candidate2,6.708333333333332,6.5561041063168895e-06,False,-0.16324411298610952,-0.08561271965602434
sh,6,95.1,13,52.0,candidate2,6.708333333333332,6.5561041063168895e-06,False,-0.2646065413502603,-0.08506916990139443
sh,6,95.1,14,56.0,candidate2,6.708333333333332,6.5561041063168895e-06,False,-0.3924630604449817,-0.08619515561488532
sh,6,95.1,15,60.0,candidate2,6.708333333333332,6.5561041063168895e-06,False,-0.20323111041409736,-0.08606420204623007
sh,6,95.1,16,64.0,candidate2,6.708333333333332,6.5561041063168895e-06,False,-0.02709411538300132,-0.08494774862247553
sh,6,95.1,17,68.0,candidate2,6.708333333333332,6.5561041063168895e-06,False,-0.10084295527035225,-0.0859995826283345
sh,6,95.1,18,72.0,candidate2,6.708333333333332,6.5561041063168895e-06,False,-0.14211771089613823,-0.08666651918104772
sh,6,95.1,19,76.0,candidate2,6.708333333333332,6.5561041063168895e-06,False,-0.02988292857904462,-0.08503727864332736
sh,6,95.1,20,80.0,candidate2,6.708333333333332,6.5561041063168895e-06,False,0.02479217863840488,-0.08543552068457974
sh,6,95.1,21,84.0,candidate2,6.708333333333332,6.5561041063168895e-06,False,0.010949238277952134,-0.08694060685957972
sh,6,95.1,22,88.0,candidate2,6.708333333333332,6.5561041063168895e-06,False,0.10298795143166962,-0.08539195189256027
sh,6,95.1,23,92.0,candidate2,6.708333333333332,6.5561041063168895e-06,False,0.23339143854235975,-0.08484816520371097
sh,6,95.1,24,96.0,candidate2,6.708333333333332,6.5561041063168895e-06,False,0.28477490455943855,-0.0868055923759452
sh,6,95.1,1,4.0,fusion,6.708333333333332,6.5561041063168895e-06,False,0.02974217970608972,-0.0862950110667063
sh,6,95.1,2,8.0,fusion,6.708333333333332,6.5561041063168895e-06,False,-1.3941535315676359,-0.0861286197934855
sh,6,95.1,3,12.0,fusion,6.708333333333332,6.5561041063168895e-06,False,-1.9020876122782946,-0.08557655852382783
sh,6,95.1,4,16.0,fusion,6.708333333333332,6.5561041063168895e-06,False,-0.8823590948746209,-0.08587078590824253
sh,6,95.1,5,20.0,fusion,6.708333333333332,6.5561041063168895e-06,False,-0.4999571963625975,-0.08609656490367508
sh,6,95.1,6,24.0,fusion,6.708333333333332,6.5561041063168895e-06,False,-0.8247952599445605,-0.08524693159389723
sh,6,95.1,7,28.0,fusion,6.708333333333332,6.5561041063168895e-06,False,-0.9948010857423522,-0.085564613561747
sh,6,95.1,8,32.0,fusion,6.708333333333332,6.5561041063168895e-06,False,-0.5297596354354428,-0.08625762429848038
sh,6,95.1,9,36.0,fusion,6.708333333333332,6.5561041063168895e-06,False,-0.45619507188119,-0.08534715614781421
sh,6,95.1,10,40.0,fusion,6.708333333333332,6.5561041063168895e-06,False,-0.5923495439353235,-0.08530600920580257
sh,6,95.1,11,44.0,fusion,6.708333333333332,6.5561041063168895e-06,False,-0.46416277932524636,-0.0862732317921289
sh,6,95.1,12,48.0,fusion,6.708333333333332,6.5561041063168895e-06,False,-0.16313189104242065,-0.08561138015901511
sh,6,95.1,13,52.0,fusion,6.708333333333332,6.5561041063168895e-06,False,-0.2646007254040561,-0.0850682081141382
sh,6,95.1,14,56.0,fusion,6.708333333333332,6.5561041063168895e-06,False,-0.3925847110595009,-0.08619345577015865
sh,6,95.1,15,60.0,fusion,6.708333333333332,6.5561041063168895e-06,False,-0.20327392662585742,-0.08606263997882406
sh,6,95.1,16,64.0,fusion,6.708333333333332,6.5561041063168895e-06,False,-0.026989325537925917,-0.08494698763293793
sh,6,95.1,17,68.0,fusion,6.708333333333332,6.5561041063168895e-06,False,-0.10082468966440095,-0.08599811859438598
sh,6,95.1,18,72.0,fusion,6.708333333333332,6.5561041063168895e-06,False,-0.14220670080125108,-0.08666462288055297
sh,6,95.1,19,76.0,fusion,6.708333333333332,6.5561041063168895e-06,False,-0.0299133587796635,-0.08503650073480873
sh,6,95.1,20,80.0,fusion,6.708333333333332,6.5561041063168895e-06,False,0.024843895002532923,-0.08543447128289909
sh,6,95.1,21,84.0,fusion,6.708333333333332,6.5561041063168895e-06,False,0.010974802873163991,-0.08693853495824788
sh,6,95.1,22,88.0,fusion,6.708333333333332,6.5561041063168895e-06,False,0.1030008076929061,-0.08539094301638467
sh,6,95.1,23,92.0,fusion,6.708333333333332,6.5561041063168895e-06,False,0.23338101530207722,-0.08484753300867921
sh,6,95.1,24,96.0,fusion,6.708333333333332,6.5561041063168895e-06,False,0.28446103817070245,-0.08680364596533441
sh,7,95.1,1,4.0,reference,6.708333333333332,6.318648136749169e-06,False,0.0,-0.08700263254798665
sh,7,95.1,2,8.0,reference,6.708333333333332,6.318648136749169e-06,False,0.0,-0.08701457987745335
sh,7,95.1,3,12.0,reference,6.708333333333332,6.318648136749169e-06,False,0.0,-0.08701903667438862
sh,7,95.1,4,16.0,reference,6.708333333333332,6.318648136749169e-06,False,0.0,-0.08700443318203463
sh,7,95.1,5,20.0,reference,6.708333333333332,6.318648136749169e-06,False,0.0,-0.08700839974137434
sh,7,95.1,6,24.0,reference,6.708333333333332,6.318648136749169e-06,False,0.0,-0.08702048484531513
sh,7,95.1,7,28.0,reference,6.708333333333332,6.318648136749169e-06,False,0.0,-0.08700949335303433
sh,7,95.1,8,32.0,reference,6.708333333333332,6.318648136749169e-06,False,0.0,-0.08700369794003725
sh,7,95.1,9,36.0,reference,6.708333333333332,6.318648136749169e-06,False,0.0,-0.08701788717832337
sh,7,95.1,10,40.0,reference,6.708333333333332,6.318648136749169e-06,False,0.0,-0.08701539547911993
sh,7,95.1,11,44.0,reference,6.708333333333332,6.318648136749169e-06,False,0.0,-0.08700254898686649
sh,7,95.1,12,48.0,reference,6.708333333333332,6.318648136749169e-06,False,0.0,-0.08701242541243857
sh,7,95.1,13,52.0,reference,6.708333333333332,6.318648136749169e-06,False,0.0,-0.08701937519124323
sh,7,95.1,14,56.0,reference,6.708333333333332,6.318648136749169e-06,False,0.0,-0.08700541950625919
sh,7,95.1,15,60.0,reference,6.708333333333332,6.318648136749169e-06,False,0.0,-0.08700651408509506
sh,7,95.1,16,64.0,reference,6.708333333333332,6.318648136749169e-06,False,0.0,-0.08701962822489133
sh,7,95.1,17,68.0,reference,6.708333333333332,6.318648136749169e-06,False,0.0,-0.0870109134004621
sh,7,95.1,18,72.0,reference,6.708333333333332,6.318648136749169e-06,False,0.0,-0.08700276193955561
sh,7,95.1,19,76.0,reference,6.708333333333332,6.318648136749169e-06,False,0.0,-0.08701607460579434
sh,7,95.1,20,80.0,reference,6.708333333333332,6.318648136749169e-06,False,0.0,-0.08701641956930317
sh,7,95.1,21,84.0,reference,6.708333333333332,6.318648136749169e-06,False,0.0,-0.08700281870767018
sh,7,95.1,22,88.0,reference,6.708333333333332,6.318648136749169e-06,False,0.0,-0.0870103125992278
sh,7,95.1,23,92.0,reference,6.708333333333332,6.318648136749169e-06,False,0.0,-0.08701938102367918
sh,7,95.1,24,96.0,reference,6.708333333333332,6.318648136749169e-06,False,0.0,-0.08700659925181665
sh,7,95.1,1,4.0,candidate1,6.708333333333332,6.318648136749169e-06,False,2.7737475862374392,-0.08503928460720274
sh,7,95.1,2,8.0,candidate1,6.708333333333332,6.318648136749169e-06,False,2.7542561394985983,-0.08363281898132942
sh,7,95.1,3,12.0,candidate1,6.708333333333332,6.318648136749169e-06,False,2.031153286641176,-0.0830093079061639
sh,7,95.1,4,16.0,candidate1,6.708333333333332,6.318648136749169e-06,False,0.49626225476231967,-0.08296850010050663
sh,7,95.1,5,20.0,candidate1,6.708333333333332,6.318648136749169e-06,False,-0.5484207689694893,-0.08324109646693206
sh,7,95.1,6,24.0,candidate1,6.708333333333332,6.318648136749169e-06,False,-1.836066425958558,-0.08357188511996816
sh,7,95.1,7,28.0,candidate1,6.708333333333332,6.318648136749169e-06,False,-2.993983656908352,-0.08377876834838156
sh,7,95.1,8,32.0,candidate1,6.708333333333332,6.318648136749169e-06,False,2.171246691998182,-0.08383448214356246
sh,7,95.1,9,36.0,candidate1,6.708333333333332,6.318648136749169e-06,False,0.652204780774604,-0.08383952357273883
sh,7,95.1,10,40.0,candidate1,6.708333333333332,6.318648136749169e-06,False,0.07279629335421056,-0.08376333824929873
sh,7,95.1,11,44.0,candidate1,6.708333333333332,6.318648136749169e-06,False,-0.8309629028951735,-0.08369408833744049
sh,7,95.1,12,48.0,candidate1,6.708333333333332,6.318648136749169e-06,False,-2.0081360377878616,-0.0836727273043967
sh,7,95.1,13,52.0,candidate1,6.708333333333332,6.318648136749169e-06,False,2.937203880945584,-0.08370217498203879
sh,7,95.1,14,56.0,candidate1,6.708333333333332,6.318648136749169e-06,False,1.3929558446762975,-0.08370870727264407
sh,7,95.1,15,60.0,candidate1,6.708333333333332,6.318648136749169e-06,False,-0.3734566258062041,-0.08372727374953015
sh,7,95.1,16,64.0,candidate1,6.708333333333332,6.318648136749169e-06,False,-1.7163944257951023,-0.0837520194348212
sh,7,95.1,17,68.0,candidate1,6.708333333333332,6.318648136749169e-06,False,2.742544341680838,-0.08377982564830047
sh,7,95.1,18,72.0,candidate1,6.708333333333332,6.318648136749169e-06,False,1.3369255121892591,-0.0838160159066372
sh,7,95.1,19,76.0,candidate1,6.708333333333332,6.318648136749169e-06,False,0.46247097761138933,-0.0838630288959094
sh,7,95.1,20,80.0,candidate1,6.708333333333332,6.318648136749169e-06,False,-2.199690833951598,-0.08386900877866899
sh,7,95.1,21,84.0,candidate1,6.708333333333332,6.318648136749169e-06,False,-1.8741828314380546,-0.0838683080570069
sh,7,95.1,22,88.0,candidate1,6.708333333333332,6.318648136749169e-06,False,0.2021005192677907,-0.08387510722158222
sh,7,95.1,23,92.0,candidate1,6.708333333333332,6.318648136749169e-06,False,0.11316970636269552,-0.08394705522741615
sh,7,95.1,24,96.0,candidate1,6.708333333333332,6.318648136749169e-06,False,2.7235282388114106,-0.08396512222188193
sh,7,95.1,1,4.0,candidate2,6.708333333333332,6.318648136749169e-06,False,-2.96245334317136,-0.08630221971860218
sh,7,95.1,2,8.0,candidate2,6.708333333333332,6.318648136749169e-06,False,2.0044698439168567,-0.0861314407234334
sh,7,95.1,3,12.0,candidate2,6.708333333333332,6.318648136749169e-06,False,1.596428161227005,-0.08557460064343442
sh,7,95.1,4,16.0,candidate2,6.708333333333332,6.318648136749169e-06,False,2.5993806050440957,-0.08587368990966525
sh,7,95.1,5,20.0,candidate2,6.708333333333332,6.318648136749169e-06,False,2.898518664626937,-0.08610237270319696
sh,7,95.1,6,24.0,candidate2,6.708333333333332,6.318648136749169e-06,False,2.577934859426027,-0.08524738439207863
sh,7,95.1,7,28.0,candidate2,6.708333333333332,6.318648136749169e-06,False,2.4665122602646004,-0.08556417318941091
sh,7,95.1,8,32.0,candidate2,6.708333333333332,6.318648136749169e-06,False,2.93207715053603,-0.08626054981199302
sh,7,95.1,9,36.0,candidate2,6.708333333333332,6.318648136749169e-06,False,2.967002305954658,-0.08534578854918701
sh,7,95.1,10,40.0,candidate2,6.708333333333332,6.318648136749169e-06,False,2.8444696864688153,-0.08530377612256942
sh,7,95.1,11,44.0,candidate2,6.708333333333332,6.318648136749169e-06,False,3.005287862916247,-0.08627340620607048
sh,7,95.1,12,48.0,candidate2,6.708333333333332,6.318648136749169e-06,False,-3.000589882643723,-0.08560950532956708
sh,7,95.1,13,52.0,candidate2,6.708333333333332,6.318648136749169e-06,False,-3.1315955807234808,-0.08506467469594498
sh,7,95.1,14,56.0,candidate2,6.708333333333332,6.318648136749169e-06,False,3.0468335281041234,-0.08619484571229408
sh,7,95.1,15,60.0,candidate2,6.708333333333332,6.318648136749169e-06,False,-3.025641262773431,-0.08606345946304746
sh,7,95.1,16,64.0,candidate2,6.708333333333332,6.318648136749169e-06,False,-2.8816780559927566,-0.08493994868946525
sh,7,95.1,17,68.0,candidate2,6.708333333333332,6.318648136749169e-06,False,-2.966996215124148,-0.08599572313841782
sh,7,95.1,18,72.0,candidate2,6.708333333333332,6.318648136749169e-06,False,-2.972164475601441,-0.08666863936694914
sh,7,95.1,19,76.0,candidate2,6.708333333333332,6.318648136749169e-06,False,-2.8514770405004453,-0.08503059795910853
sh,7,95.1,20,80.0,candidate2,6.708333333333332,6.318648136749169e-06,False,-2.8340628194297546,-0.08542661455936588
sh,7,95.1,21,84.0,candidate2,6.708333333333332,6.318648136749169e-06,False,-2.8376331586302284,-0.08694162851574674
sh,7,95.1,22,88.0,candidate2,6.708333333333332,6.318648136749169e-06,False,-2.699815347364407,-0.08538876647264677
sh,7,95.1,23,92.0,candidate2,6.708333333333332,6.318648136749169e-06,False,-2.6337610724727014,-0.0848378156869631
sh,7,95.1,24,96.0,candidate2,6.708333333333332,6.318648136749169e-06,False,-2.708661059828483,-0.08680524788432557
sh,7,95.1,1,4.0,fusion,6.708333333333332,6.318648136749169e-06,False,-2.962478295254031,-0.08630219287011723
sh,7,95.1,2,8.0,fusion,6.708333333333332,6.318648136749169e-06,False,2.0045123212703,-0.08613138760573351
sh,7,95.1,3,12.0,fusion,6.708333333333332,6.318648136749169e-06,False,1.5964427310721092,-0.08557454610838916
sh,7,95.1,4,16.0,fusion,6.708333333333332,6.318648136749169e-06,False,2.599320459093349,-0.08587362814881613
sh,7,95.1,5,20.0,fusion,6.708333333333332,6.318648136749169e-06,False,2.898524775978572,-0.0861023118758977
sh,7,95.1,6,24.0,fusion,6.708333333333332,6.318648136749169e-06,False,2.5779446261535766,-0.0852473487729747
sh,7,95.1,7,28.0,fusion,6.708333333333332,6.318648136749169e-06,False,2.466521558889615,-0.08556413523384647
sh,7,95.1,8,32.0,fusion,6.708333333333332,6.318648136749169e-06,False,2.9320725024945165,-0.08626049823670567
sh,7,95.1,9,36.0,fusion,6.708333333333332,6.318648136749169e-06,False,2.9669994460520597,-0.08534575652780112
sh,7,95.1,10,40.0,fusion,6.708333333333332,6.318648136749169e-06,False,2.8444684380986356,-0.08530374337470877
sh,7,95.1,11,44.0,fusion,6.708333333333332,6.318648136749169e-06,False,3.005289702521601,-0.08627335137286778
sh,7,95.1,12,48.0,fusion,6.708333333333332,6.318648136749169e-06,False,-3.0005878675194735,-0.0856094641559904
sh,7,95.1,13,52.0,fusion,6.708333333333332,6.318648136749169e-06,False,-3.131595870505168,-0.08506464573083605
sh,7,95.1,14,56.0,fusion,6.708333333333332,6.318648136749169e-06,False,3.046831695901874,-0.08619479285997421
sh,7,95.1,15,60.0,fusion,6.708333333333332,6.318648136749169e-06,False,-3.025640325019962,-0.0860634097985426
sh,7,95.1,16,64.0,fusion,6.708333333333332,6.318648136749169e-06,False,-2.8816759435817407,-0.08493992343551482
sh,7,95.1,17,68.0,fusion,6.708333333333332,6.318648136749169e-06,False,-2.966996762537966,-0.08599567603109626
sh,7,95.1,18,72.0,fusion,6.708333333333332,6.318648136749169e-06,False,-2.9721670174220693,-0.08666857872359753
sh,7,95.1,19,76.0,fusion,6.708333333333332,6.318648136749169e-06,False,-2.8514772269964728,-0.08503057313799132
sh,7,95.1,20,80.0,fusion,6.708333333333332,6.318648136749169e-06,False,-2.834061388776764,-0.0854265814465361
sh,7,95.1,21,84.0,fusion,6.708333333333332,6.318648136749169e-06,False,-2.8376325721498006,-0.08694156318064176
sh,7,95.1,22,88.0,fusion,6.708333333333332,6.318648136749169e-06,False,-2.699814364579472,-0.08538873429406749
sh,7,95.1,23,92.0,fusion,6.708333333333332,6.318648136749169e-06,False,-2.6337605314640813,-0.08483779675046464
sh,7,95.1,24,96.0,fusion,6.708333333333332,6.318648136749169e-06,False,-2.7086698548574817,-0.08680518750666213
sh,8,95.3,1,4.0,reference,0.9583333333333333,0.004568396598090091,False,0.0,-0.1102327570291728
sh,8,95.3,2,8.0,reference,0.9583333333333333,0.004568396598090091,False,0.0,-0.09366005553404112
sh,8,95.3,3,12.0,reference,0.9583333333333333,0.004568396598090091,False,0.0,-0.08720680660491797
sh,8,95.3,4,16.0,reference,0.9583333333333333,0.004568396598090091,False,0.0,-0.0854119295230765
sh,8,95.3,5,20.0,reference,0.9583333333333333,0.004568396598090091,False,0.0,-0.08515888811863415
sh,8,95.3,6,24.0,reference,0.9583333333333333,0.004568396598090091,False,0.0,-0.08535967278054535
sh,8,95.3,7,28.0,reference,0.9583333333333333,0.004568396598090091,False,0.0,-0.08576345402158052
sh,8,95.3,8,32.0,reference,0.9583333333333333,0.004568396598090091,False,0.0,-0.08622260997199661
sh,8,95.3,9,36.0,reference,0.9583333333333333,0.004568396598090091,False,0.0,-0.08657567836433891
sh,8,95.3,10,40.0,reference,0.9583333333333333,0.004568396598090091,False,0.0,-0.08678196406805866
sh,8,95.3,11,44.0,reference,0.9583333333333333,0.004568396598090091,False,0.0,-0.0868581399464664
sh,8,95.3,12,48.0,reference,0.9583333333333333,0.004568396598090091,False,0.0,-0.08686172137587192
sh,8,95.3,13,52.0,reference,0.9583333333333333,0.004568396598090091,False,0.0,-0.08687332698606692
sh,8,95.3,14,56.0,reference,0.9583333333333333,0.004568396598090091,False,0.0,-0.08689242291887468
sh,8,95.3,15,60.0,reference,0.9583333333333333,0.004568396598090091,False,0.0,-0.08688125210719852
sh,8,95.3,16,64.0,reference,0.9583333333333333,0.004568396598090091,False,0.0,-0.08687374090079598
sh,8,95.3,17,68.0,reference,0.9583333333333333,0.004568396598090091,False,0.0,-0.08689174666314287
sh,8,95.3,18,72.0,reference,0.9583333333333333,0.004568396598090091,False,0.0,-0.08689013919586525
sh,8,95.3,19,76.0,reference,0.9583333333333333,0.004568396598090091,False,0.0,-0.08687361223333448
sh,8,95.3,20,80.0,reference,0.9583333333333333,0.004568396598090091,False,0.0,-0.0868852130070965
sh,8,95.3,21,84.0,reference,0.9583333333333333,0.004568396598090091,False,0.0,-0.08689512804640157
sh,8,95.3,22,88.0,reference,0.9583333333333333,0.004568396598090091,False,0.0,-0.0868778887016308
sh,8,95.3,23,92.0,reference,0.9583333333333333,0.004568396598090091,False,0.0,-0.08687804599529375
sh,8,95.3,24,96.0,reference,0.9583333333333333,0.004568396598090091,False,0.0,-0.08689512615142099
sh,8,95.3,1,4.0,candidate1,0.9583333333333333,0.004568396598090091,False,0.1439471637761387,-0.10343826710314033
sh,8,95.3,2,8.0,candidate1,0.9583333333333333,0.004568396598090091,False,0.3630910893983348,-0.07974052632748341
sh,8,95.3,3,12.0,candidate1,0.9583333333333333,0.004568396598090091,False,0.8423324250554592,-0.07116145653924608
sh,8,95.3,4,16.0,candidate1,0.9583333333333333,0.004568396598090091,False,1.1002727599848257,-0.07264056709603772
sh,8,95.3,5,20.0,candidate1,0.9583333333333333,0.004568396598090091,False,1.4098280336470839,-0.07858814090478275
sh,8,95.3,6,24.0,candidate1,0.9583333333333333,0.004568396598090091,False,2.1262528928269346,-0.08473518559350485
sh,8,95.3,7,28.0,candidate1,0.9583333333333333,0.004568396598090091,False,2.1551066428274317,-0.08840592871504357
sh,8,95.3,8,32.0,candidate1,0.9583333333333333,0.004568396598090091,False,3.094531381681029,-0.08862832986387648
sh,8,95.3,9,36.0,candidate1,0.9583333333333333,0.004568396598090091,False,-3.138791134860702,-0.08671779024861241
sh,8,95.3,10,40.0,candidate1,0.9583333333333333,0.004568396598090091,False,-2.3226823699403027,-0.08410731638946076
sh,8,95.3,11,44.0,candidate1,0.9583333333333333,0.004568396598090091,False,-1.9028725300858733,-0.08201789006893129
sh,8,95.3,12,48.0,candidate1,0.9583333333333333,0.004568396598090091,False,-1.3642412458281015,-0.08110029985700577
sh,8,95.3,13,52.0,candidate1,0.9583333333333333,0.004568396598090091,False,-0.8783490097394014,-0.08129432494644198
sh,8,95.3,14,56.0,candidate1,0.9583333333333333,0.004568396598090091,False,-0.41662074270439264,-0.08209473700650916
sh,8,95.3,15,60.0,candidate1,0.9583333333333333,0.004568396598090091,False,-0.07682696458521088,-0.0829464458072626
sh,8,95.3,16,64.0,candidate1,0.9583333333333333,0.004568396598090091,False,0.21666719441911297,-0.08354618682302924
sh,8,95.3,17,68.0,candidate1,0.9583333333333333,0.004568396598090091,False,0.9430020627455219,-0.08381070583450739
sh,8,95.3,18,72.0,candidate1,0.9583333333333333,0.004568396598090091,False,0.30656405086042926,-0.08382186533517968
sh,8,95.3,19,76.0,candidate1,0.9583333333333333,0.004568396598090091,False,1.9494018694813005,-0.08365902400387804
sh,8,95.3,20,80.0,candidate1,0.9583333333333333,0.004568396598090091,False,-0.15388209554953478,-0.08351903961004979
sh,8,95.3,21,84.0,candidate1,0.9583333333333333,0.004568396598090091,False,1.8421748020543458,-0.0834212070372942
sh,8,95.3,22,88.0,candidate1,0.9583333333333333,0.004568396598090091,False,-0.3462147474939885,-0.08340572845703519
sh,8,95.3,23,92.0,candidate1,0.9583333333333333,0.004568396598090091,False,1.3281748416828667,-0.08348525444001388
sh,8,95.3,24,96.0,candidate1,0.9583333333333333,0.004568396598090091,False,-0.17120590447385964,-0.0835819871124772
sh,8,95.3,1,4.0,candidate2,0.9583333333333333,0.004568396598090091,False,0.02549472214440396,-0.12499101063767708
sh,8,95.3,2,8.0,candidate2,0.9583333333333333,0.004568396598090091,False,-0.09340299653088557,-0.11126465906283785
sh,8,95.3,3,12.0,candidate2,0.9583333333333333,0.004568396598090091,False,-0.6539153301705063,-0.10847521950431303
sh,8,95.3,4,16.0,candidate2,0.9583333333333333,0.004568396598090091,False,-0.4069366114828713,-0.10451609604421505
sh,8,95.3,5,20.0,candidate2,0.9583333333333333,0.004568396598090091,False,-0.2957568623372084,-0.10199835025917917
sh,8,95.3,6,24.0,candidate2,0.9583333333333333,0.004568396598090091,False,-0.6493192140742801,-0.10322404932190633
sh,8,95.3,7,28.0,candidate2,0.9583333333333333,0.004568396598090091,False,-0.9480615049915956,-0.10138865036468811
sh,8,95.3,8,32.0,candidate2,0.9583333333333333,0.004568396598090091,False,-0.5685741964368133,-0.09957494140574992
sh,8,95.3,9,36.0,candidate2,0.9583333333333333,0.004568396598090091,False,-0.5347434650020393,-0.09936184179784244
sh,8,95.3,10,40.0,candidate2,0.9583333333333333,0.004568396598090091,False,-0.44874957357359524,-0.09944708908043334
sh,8,95.3,11,44.0,candidate2,0.9583333333333333,0.004568396598090091,False,-0.5392741090854868,-0.09885606426207189
sh,8,95.3,12,48.0,candidate2,0.9583333333333333,0.004568396598090091,False,-0.40116905164593397,-0.09839681039924328
sh,8,95.3,13,52.0,candidate2,0.9583333333333333,0.004568396598090091,False,-0.30465613829911853,-0.09834946788801627
sh,8,95.3,14,56.0,candidate2,0.9583333333333333,0.004568396598090091,False,-0.23332712470016692,-0.0983810389559921
sh,8,95.3,15,60.0,candidate2,0.9583333333333333,0.004568396598090091,False,-0.19411307602206374,-0.09827163539981387
sh,8,95.3,16,64.0,candidate2,0.9583333333333333,0.004568396598090091,False,-0.17007413804165394,-0.09807026118635002
sh,8,95.3,17,68.0,candidate2,0.9583333333333333,0.004568396598090091,False,-0.22773960327592402,-0.09782393847746629
sh,8,95.3,18,72.0,candidate2,0.9583333333333333,0.004568396598090091,False,-0.11460212521216984,-0.09766877542015456
sh,8,95.3,19,76.0,candidate2,0.9583333333333333,0.004568396598090091,False,-0.2329785259012285,-0.0975501184174239
sh,8,95.3,20,80.0,candidate2,0.9583333333333333,0.004568396598090091,False,0.019701831976570272,-0.09746228938597944
sh,8,95.3,21,84.0,candidate2,0.9583333333333333,0.004568396598090091,False,-0.2738348072901089,-0.09730793977953206
sh,8,95.3,22,88.0,candidate2,0.9583333333333333,0.004568396598090091,False,0.14817207755542694,-0.09714005223366766
sh,8,95.3,23,92.0,candidate2,0.9583333333333333,0.004568396598090091,False,-0.28936547669750934,-0.09701920597433429
sh,8,95.3,24,96.0,candidate2,0.9583333333333333,0.004568396598090091,False,0.20296639953879356,-0.09684783348496506
sh,8,95.3,1,4.0,fusion,0.9583333333333333,0.004568396598090091,False,0.12152139408033769,-0.10826185082976798
sh,8,95.3,2,8.0,fusion,0.9583333333333333,0.004568396598090091,False,0.29827256810115177,-0.08679574384142272
sh,8,95.3,3,12.0,fusion,0.9583333333333333,0.004568396598090091,False,0.7142030233145915,-0.07951241471443726
sh,8,95.3,4,16.0,fusion,0.9583333333333333,0.004568396598090091,False,0.8796916235807036,-0.07977442838222139
sh,8,95.3,5,20.0,fusion,0.9583333333333333,0.004568396598090091,False,1.2794338096338602,-0.08382743235266107
sh,8,95.3,6,24.0,fusion,0.9583333333333333,0.004568396598090091,False,2.061911943532359,-0.08887306168622804
sh,8,95.3,7,28.0,fusion,0.9583333333333333,0.004568396598090091,False,2.1469220395175483,-0.0913115098433214
sh,8,95.3,8,32.0,fusion,0.9583333333333333,0.004568396598090091,False,-3.0236404338869374,-0.09107822201846384
sh,8,95.3,9,36.0,fusion,0.9583333333333333,0.004568396598090091,False,-2.9542020757659526,-0.08954757575567676
sh,8,95.3,10,40.0,fusion,0.9583333333333333,0.004568396598090091,False,-2.0818527804236027,-0.0875404142595196
sh,8,95.3,11,44.0,fusion,0.9583333333333333,0.004568396598090091,False,-1.6059811149590622,-0.0857863357377625
sh,8,95.3,12,48.0,fusion,0.9583333333333333,0.004568396598090091,False,-1.1134575601847065,-0.08497132289615102
sh,8,95.3,13,52.0,fusion,0.9583333333333333,0.004568396598090091,False,-0.7047395544457254,-0.08511132902374005
sh,8,95.3,14,56.0,fusion,0.9583333333333333,0.004568396598090091,False,-0.35659703114943087,-0.08573967162583435
sh,8,95.3,15,60.0,fusion,0.9583333333333333,0.004568396598090091,False,-0.12227410985817966,-0.08637627992595188
sh,8,95.3,16,64.0,fusion,0.9583333333333333,0.004568396598090091,False,0.07576606124305595,-0.0867967283900915
sh,8,95.3,17,68.0,fusion,0.9583333333333333,0.004568396598090091,False,0.3046052066856175,-0.08694691913494913
sh,8,95.3,18,72.0,fusion,0.9583333333333333,0.004568396598090091,False,0.11628575059107461,-0.08692085503191747
sh,8,95.3,19,76.0,fusion,0.9583333333333333,0.004568396598090091,False,0.8285422604824997,-0.08676790231678784
sh,8,95.3,20,80.0,fusion,0.9583333333333333,0.004568396598090091,False,-0.07550957175019124,-0.08663959048598377
sh,8,95.3,21,84.0,fusion,0.9583333333333333,0.004568396598090091,False,1.0421316449333384,-0.08652910919203145
sh,8,95.3,22,88.0,fusion,0.9583333333333333,0.004568396598090091,False,-0.18580260879896815,-0.08647952092150918
sh,8,95.3,23,92.0,fusion,0.9583333333333333,0.004568396598090091,False,0.8283861155239669,-0.08651420285548152
sh,8,95.3,24,96.0,fusion,0.9583333333333333,0.004568396598090091,False,-0.09807768865968569,-0.08655093260100573
sh,9,95.3,1,4.0,reference,6.708333333333332,7.798949209586624e-06,False,0.0,-0.08688125210719852
sh,9,95.3,2,8.0,reference,6.708333333333332,7.798949209586624e-06,False,0.0,-0.08687374090079598
sh,9,95.3,3,12.0,reference,6.708333333333332,7.798949209586624e-06,False,0.0,-0.08689174666314287
sh,9,95.3,4,16.0,reference,6.708333333333332,7.798949209586624e-06,False,0.0,-0.08689013919586525
sh,9,95.3,5,20.0,reference,6.708333333333332,7.798949209586624e-06,False,0.0,-0.08687361223333448
sh,9,95.3,6,24.0,reference,6.708333333333332,7.798949209586624e-06,False,0.0,-0.0868852130070965
sh,9,95.3,7,28.0,reference,6.708333333333332,7.798949209586624e-06,False,0.0,-0.08689512804640157
sh,9,95.3,8,32.0,reference,6.708333333333332,7.798949209586624e-06,False,0.0,-0.0868778887016308
sh,9,95.3,9,36.0,reference,6.708333333333332,7.798949209586624e-06,False,0.0,-0.08687804599529375
sh,9,95.3,10,40.0,reference,6.708333333333332,7.798949209586624e-06,False,0.0,-0.08689512615142099
sh,9,95.3,11,44.0,reference,6.708333333333332,7.798949209586624e-06,False,0.0,-0.08688518485206016
sh,9,95.3,12,48.0,reference,6.708333333333332,7.798949209586624e-06,False,0.0,-0.08687378823212344
sh,9,95.3,13,52.0,reference,6.708333333333332,7.798949209586624e-06,False,0.0,-0.08689035472714998
sh,9,95.3,14,56.0,reference,6.708333333333332,7.798949209586624e-06,False,0.0,-0.08689217734247846
sh,9,95.3,15,60.0,reference,6.708333333333332,7.798949209586624e-06,False,0.0,-0.08687447883731512
sh,9,95.3,16,64.0,reference,6.708333333333332,7.798949209586624e-06,False,0.0,-0.0868829941684012
sh,9,95.3,17,68.0,reference,6.708333333333332,7.798949209586624e-06,False,0.0,-0.08689566271631469
sh,9,95.3,18,72.0,reference,6.708333333333332,7.798949209586624e-06,False,0.0,-0.0868798553581106
sh,9,95.3,19,76.0,reference,6.708333333333332,7.798949209586624e-06,False,0.0,-0.08687633985537266
sh,9,95.3,20,80.0,reference,6.708333333333332,7.798949209586624e-06,False,0.0,-0.08689411303142028
sh,9,95.3,21,84.0,reference,6.708333333333332,7.798949209586624e-06,False,0.0,-0.08688742222350802
sh,9,95.3,22,88.0,reference,6.708333333333332,7.798949209586624e-06,False,0.0,-0.08687342461628769
sh,9,95.3,23,92.0,reference,6.708333333333332,7.798949209586624e-06,False,0.0,-0.08688827607645458
sh,9,95.3,24,96.0,reference,6.708333333333332,7.798949209586624e-06,False,0.0,-0.08689364905845048
sh,9,95.3,1,4.0,candidate1,6.708333333333332,7.798949209586624e-06,False,-1.6618274434551026,-0.08493144267971808
sh,9,95.3,2,8.0,candidate1,6.708333333333332,7.798949209586624e-06,False,-2.0909010848411884,-0.0834709626968821
sh,9,95.3,3,12.0,candidate1,6.708333333333332,7.798949209586624e-06,False,-2.93775398908829,-0.08282077338119814
sh,9,95.3,4,16.0,candidate1,6.708333333333332,7.798949209586624e-06,False,1.971761232319408,-0.08276496065430053
sh,9,95.3,5,20.0,candidate1,6.708333333333332,7.798949209586624e-06,False,0.930765216812031,-0.08304149073670763
sh,9,95.3,6,24.0,candidate1,6.708333333333332,7.798949209586624e-06,False,-0.49357121909429913,-0.08339334855369798
sh,9,95.3,7,28.0,candidate1,6.708333333333332,7.798949209586624e-06,False,-1.5977784465214058,-0.08362457187693045
sh,9,95.3,8,32.0,candidate1,6.708333333333332,7.798949209586624e-06,False,-2.4943600314175196,-0.0837046552792057
sh,9,95.3,9,36.0,candidate1,6.708333333333332,7.798949209586624e-06,False,2.1843149313050367,-0.08368203387708652
sh,9,95.3,10,40.0,candidate1,6.708333333333332,7.798949209586624e-06,False,1.441201860133716,-0.08361362966521423
sh,9,95.3,11,44.0,candidate1,6.708333333333332,7.798949209586624e-06,False,0.6331161380281534,-0.08353150673596733
sh,9,95.3,12,48.0,candidate1,6.708333333333332,7.798949209586624e-06,False,-0.5554300384880813,-0.08348977728059817
sh,9,95.3,13,52.0,candidate1,6.708333333333332,7.798949209586624e-06,False,-1.786836203817796,-0.08349062234832533
sh,9,95.3,14,56.0,candidate1,6.708333333333332,7.798949209586624e-06,False,-3.0325281550396093,-0.08355387459536476
sh,9,95.3,15,60.0,candidate1,6.708333333333332,7.798949209586624e-06,False,1.7986223292541106,-0.08360865781940661
sh,9,95.3,16,64.0,candidate1,6.708333333333332,7.798949209586624e-06,False,0.3310518422390085,-0.08366438713594528
sh,9,95.3,17,68.0,candidate1,6.708333333333332,7.798949209586624e-06,False,-1.1122410252254886,-0.08370952564302074
sh,9,95.3,18,72.0,candidate1,6.708333333333332,7.798949209586624e-06,False,-2.9568307854324667,-0.08374135265272337
sh,9,95.3,19,76.0,candidate1,6.708333333333332,7.798949209586624e-06,False,2.931084275412695,-0.08372389171232783
sh,9,95.3,20,80.0,candidate1,6.708333333333332,7.798949209586624e-06,False,-0.48614243481030966,-0.08375212004218391
sh,9,95.3,21,84.0,candidate1,6.708333333333332,7.798949209586624e-06,False,-0.19953802786835628,-0.08373468288795251
sh,9,95.3,22,88.0,candidate1,6.708333333333332,7.798949209586624e-06,False,1.5797850494264665,-0.08376170150878941
sh,9,95.3,23,92.0,candidate1,6.708333333333332,7.798949209586624e-06,False,2.5195402567617045,-0.08377702597852105
sh,9,95.3,24,96.0,candidate1,6.708333333333332,7.798949209586624e-06,False,-1.6048907678590345,-0.08381311155727308
sh,9,95.3,1,4.0,candidate2,6.708333333333332,7.798949209586624e-06,False,-0.9368069627480682,-0.08603020495417361
sh,9,95.3,2,8.0,candidate2,6.708333333333332,7.798949209586624e-06,False,-2.7688783696101256,-0.08582853653097017
sh,9,95.3,3,12.0,candidate2,6.708333333333332,7.798949209586624e-06,False,2.90153856995321,-0.08544099032047543
sh,9,95.3,4,16.0,candidate2,6.708333333333332,7.798949209586624e-06,False,-1.447303312243456,-0.08581858821889751
sh,9,95.3,5,20.0,candidate2,6.708333333333332,7.798949209586624e-06,False,-1.7082227393068954,-0.08582597492111406
sh,9,95.3,6,24.0,candidate2,6.708333333333332,7.798949209586624e-06,False,-2.1965212600286352,-0.08503246522409547
sh,9,95.3,7,28.0,candidate2,6.708333333333332,7.798949209586624e-06,False,-2.1726379230886637,-0.08549588746653877
sh,9,95.3,8,32.0,candidate2,6.708333333333332,7.798949209586624e-06,False,-1.5923352092595864,-0.08605584745440197
sh,9,95.3,9,36.0,candidate2,6.708333333333332,7.798949209586624e-06,False,-1.710369394568393,-0.08507003203779924
sh,9,95.3,10,40.0,candidate2,6.708333333333332,7.798949209586624e-06,False,-1.8260386547683187,-0.08527230468744665
sh,9,95.3,11,44.0,candidate2,6.708333333333332,7.798949209586624e-06,False,-1.4539638974616613,-0.08625295093646615
sh,9,95.3,12,48.0,candidate2,6.708333333333332,7.798949209586624e-06,False,-1.275589948265697,-0.08527762217276903
sh,9,95.3,13,52.0,candidate2,6.708333333333332,7.798949209586624e-06,False,-1.5240416142746172,-0.08497567189606417
sh,9,95.3,14,56.0,candidate2,6.708333333333332,7.798949209586624e-06,False,-1.5051268011393575,-0.0861579712761193
sh,9,95.3,15,60.0,candidate2,6.708333333333332,7.798949209586624e-06,False,-1.0475013191922287,-0.0856262018135273
sh,9,95.3,16,64.0,candidate2,6.708333333333332,7.798949209586624e-06,False,-1.0887662862531644,-0.08475852963320404
sh,9,95.3,17,68.0,candidate2,6.708333333333332,7.798949209586624e-06,False,-1.3992387026534294,-0.08604005830761938
sh,9,95.3,18,72.0,candidate2,6.708333333333332,7.798949209586624e-06,False,-1.291096363677218,-0.08626937070213107
sh,9,95.3,19,76.0,candidate2,6.708333333333332,7.798949209586624e-06,False,-0.9040588376374368,-0.08474754416064693
sh,9,95.3,20,80.0,candidate2,6.708333333333332,7.798949209586624e-06,False,-0.9845020568891366,-0.08561838800625488
sh,9,95.3,21,84.0,candidate2,6.708333333333332,7.798949209586624e-06,False,-1.269555378560134,-0.08679238656016033
sh,9,95.3,22,88.0,candidate2,6.708333333333332,7.798949209586624e-06,False,-1.0703836582508306,-0.08496581390329667
sh,9,95.3,23,92.0,candidate2,6.708333333333332,7.798949209586624e-06,False,-0.7273814359056443,-0.08493832063132953
sh,9,95.3,24,96.0,candidate2,6.708333333333332,7.798949209586624e-06,False,-0.5478646766153867,-0.08693731685778416
sh,9,95.3,1,4.0,fusion,6.708333333333332,7.798949209586624e-06,False,-0.9371260490979951,-0.08602996571890557
sh,9,95.3,2,8.0,fusion,6.708333333333332,7.798949209586624e-06,False,-2.7683596787878177,-0.08582802321264715
sh,9,95.3,3,12.0,fusion,6.708333333333332,7.798949209586624e-06,False,2.901770904905535,-0.0854404198164489
sh,9,95.3,4,16.0,fusion,6.708333333333332,7.798949209586624e-06,False,-1.4474778833297164,-0.08581792334768205
sh,9,95.3,5,20.0,fusion,6.708333333333332,7.798949209586624e-06,False,-1.7081252587685132,-0.0858253686509174
sh,9,95.3,6,24.0,fusion,6.708333333333332,7.798949209586624e-06,False,-2.1964035703481963,-0.08503210833660023
sh,9,95.3,7,28.0,fusion,6.708333333333332,7.798949209586624e-06,False,-2.17254778685062,-0.08549548002200134
sh,9,95.3,8,32.0,fusion,6.708333333333332,7.798949209586624e-06,False,-1.5923942161712556,-0.08605533552556774
sh,9,95.3,9,36.0,fusion,6.708333333333332,7.798949209586624e-06,False,-1.7103950922005726,-0.0850697298267389
sh,9,95.3,10,40.0,fusion,6.708333333333332,7.798949209586624e-06,False,-1.8260434441370408,-0.08527194354148018
sh,9,95.3,11,44.0,fusion,6.708333333333332,7.798949209586624e-06,False,-1.453936562251859,-0.08625235839206606
sh,9,95.3,12,48.0,fusion,6.708333333333332,7.798949209586624e-06,False,-1.2755694672260183,-0.0852772329024401
sh,9,95.3,13,52.0,fusion,6.708333333333332,7.798949209586624e-06,False,-1.5240502463352255,-0.08497534855385006
sh,9,95.3,14,56.0,fusion,6.708333333333332,7.798949209586624e-06,False,-1.5051684692513752,-0.08615740428198243
sh,9,95.3,15,60.0,fusion,6.708333333333332,7.798949209586624e-06,False,-1.0474922884011295,-0.08562576253044539
sh,9,95.3,16,64.0,fusion,6.708333333333332,7.798949209586624e-06,False,-1.088737256752048,-0.08475829140380749
sh,9,95.3,17,68.0,fusion,6.708333333333332,7.798949209586624e-06,False,-1.3992339362008421,-0.08603955087701345
sh,9,95.3,18,72.0,fusion,6.708333333333332,7.798949209586624e-06,False,-1.291123245847989,-0.08626882027271635
sh,9,95.3,19,76.0,fusion,6.708333333333332,7.798949209586624e-06,False,-0.9040645374729843,-0.08474732127916151
sh,9,95.3,20,80.0,fusion,6.708333333333332,7.798949209586624e-06,False,-0.9844916062795672,-0.08561798166074502
sh,9,95.3,21,84.0,fusion,6.708333333333332,7.798949209586624e-06,False,-1.2695456706675134,-0.08679172080144745
sh,9,95.3,22,88.0,fusion,6.708333333333332,7.798949209586624e-06,False,-1.070365345295784,-0.08496555172997844
sh,9,95.3,23,92.0,fusion,6.708333333333332,7.798949209586624e-06,False,-0.7273827328749637,-0.08493806778078669
sh,9,95.3,24,96.0,fusion,6.708333333333332,7.798949209586624e-06,False,-0.547966740774726,-0.08693663661956534
sh,10,95.3,1,4.0,reference,6.708333333333332,7.80562969706316e-06,False,0.0,-0.08687447883731512
sh,10,95.3,2,8.0,reference,6.708333333333332,7.80562969706316e-06,False,0.0,-0.0868829941684012
sh,10,95.3,3,12.0,reference,6.708333333333332,7.80562969706316e-06,False,0.0,-0.08689566271631469
sh,10,95.3,4,16.0,reference,6.708333333333332,7.80562969706316e-06,False,0.0,-0.0868798553581106
sh,10,95.3,5,20.0,reference,6.708333333333332,7.80562969706316e-06,False,0.0,-0.08687633985537266
sh,10,95.3,6,24.0,reference,6.708333333333332,7.80562969706316e-06,False,0.0,-0.08689411303142028
sh,10,95.3,7,28.0,reference,6.708333333333332,7.80562969706316e-06,False,0.0,-0.08688742222350802
sh,10,95.3,8,32.0,reference,6.708333333333332,7.80562969706316e-06,False,0.0,-0.08687342461628769
sh,10,95.3,9,36.0,reference,6.708333333333332,7.80562969706316e-06,False,0.0,-0.08688827607645458
sh,10,95.3,10,40.0,reference,6.708333333333332,7.80562969706316e-06,False,0.0,-0.08689364905845048
sh,10,95.3,11,44.0,reference,6.708333333333332,7.80562969706316e-06,False,0.0,-0.0868756395066136
sh,10,95.3,12,48.0,reference,6.708333333333332,7.80562969706316e-06,False,0.0,-0.08688077180802825
sh,10,95.3,13,52.0,reference,6.708333333333332,7.80562969706316e-06,False,0.0,-0.08689570036842974
sh,10,95.3,14,56.0,reference,6.708333333333332,7.80562969706316e-06,False,0.0,-0.0868819959293787
sh,10,95.3,15,60.0,reference,6.708333333333332,7.80562969706316e-06,False,0.0,-0.08687496434399623
sh,10,95.3,16,64.0,reference,6.708333333333332,7.80562969706316e-06,False,0.0,-0.08689270562488642
sh,10,95.3,17,68.0,reference,6.708333333333332,7.80562969706316e-06,False,0.0,-0.08688952780800842
sh,10,95.3,18,72.0,reference,6.708333333333332,7.80562969706316e-06,False,0.0,-0.08687352602732856
sh,10,95.3,19,76.0,reference,6.708333333333332,7.80562969706316e-06,False,0.0,-0.08688604947444331
sh,10,95.3,20,80.0,reference,6.708333333333332,7.80562969706316e-06,False,0.0,-0.08689473783934977
sh,10,95.3,21,84.0,reference,6.708333333333332,7.80562969706316e-06,False,0.0,-0.08687717555105305
sh,10,95.3,22,88.0,reference,6.708333333333332,7.80562969706316e-06,False,0.0,-0.0868787063209632
sh,10,95.3,23,92.0,reference,6.708333333333332,7.80562969706316e-06,False,0.0,-0.08689527999031076
sh,10,95.3,24,96.0,reference,6.708333333333332,7.80562969706316e-06,False,0.0,-0.08688424031792646
sh,10,95.3,1,4.0,candidate1,6.708333333333332,7.80562969706316e-06,False,3.0762662321167245,-0.08496836377083261
sh,10,95.3,2,8.0,candidate1,6.708333333333332,7.80562969706316e-06,False,3.13644083289426,-0.08353336996281666
sh,10,95.3,3,12.0,candidate1,6.708333333333332,7.80562969706316e-06,False,2.460910722327938,-0.08287967069360308
sh,10,95.3,4,16.0,candidate1,6.708333333333332,7.80562969706316e-06,False,0.9660389869186881,-0.0828347218705833
sh,10,95.3,5,20.0,candidate1,6.708333333333332,7.80562969706316e-06,False,-0.16779753737251935,-0.08309428295653888
sh,10,95.3,6,24.0,candidate1,6.708333333333332,7.80562969706316e-06,False,-1.574713023377052,-0.08339525448385125
sh,10,95.3,7,28.0,candidate1,6.708333333333332,7.80562969706316e-06,False,-2.630748157148589,-0.08359670824462412
sh,10,95.3,8,32.0,candidate1,6.708333333333332,7.80562969706316e-06,False,2.7186494301721305,-0.08367433960098729
sh,10,95.3,9,36.0,candidate1,6.708333333333332,7.80562969706316e-06,False,1.1796754594243266,-0.08366507105572564
sh,10,95.3,10,40.0,candidate1,6.708333333333332,7.80562969706316e-06,False,0.7428802786181885,-0.08360056937485216
sh,10,95.3,11,44.0,candidate1,6.708333333333332,7.80562969706316e-06,False,-0.025770750115586605,-0.08350662187038235
sh,10,95.3,12,48.0,candidate1,6.708333333333332,7.80562969706316e-06,False,-1.2062930373022087,-0.08346591622624633
sh,10,95.3,13,52.0,candidate1,6.708333333333332,7.80562969706316e-06,False,-2.580782115570313,-0.08350806813232861
sh,10,95.3,14,56.0,candidate1,6.708333333333332,7.80562969706316e-06,False,2.296578087079347,-0.08354225546411391
sh,10,95.3,15,60.0,candidate1,6.708333333333332,7.80562969706316e-06,False,0.9715294081516314,-0.08362379228135082
sh,10,95.3,16,64.0,candidate1,6.708333333333332,7.80562969706316e-06,False,-0.5060690355162827,-0.08370570403791708
sh,10,95.3,17,68.0,candidate1,6.708333333333332,7.80562969706316e-06,False,-1.6281632684106742,-0.08375132179886291
sh,10,95.3,18,72.0,candidate1,6.708333333333332,7.80562969706316e-06,False,2.3918130421807913,-0.08373140058579556
sh,10,95.3,19,76.0,candidate1,6.708333333333332,7.80562969706316e-06,False,1.578148922026742,-0.08372955235402284
sh,10,95.3,20,80.0,candidate1,6.708333333333332,7.80562969706316e-06,False,-1.5967708536693392,-0.08375100941615106
sh,10,95.3,21,84.0,candidate1,6.708333333333332,7.80562969706316e-06,False,-1.287024877312139,-0.08373898668428079
sh,10,95.3,22,88.0,candidate1,6.708333333333332,7.80562969706316e-06,False,0.7752093829679088,-0.08377140528728932
sh,10,95.3,23,92.0,candidate1,6.708333333333332,7.80562969706316e-06,False,1.096531921757917,-0.08380197375850254
sh,10,95.3,24,96.0,candidate1,6.708333333333332,7.80562969706316e-06,False,3.0425993432864424,-0.08381046632996574
sh,10,95.3,1,4.0,candidate2,6.708333333333332,7.80562969706316e-06,False,-2.553385017282155,-0.08621304637147925
sh,10,95.3,2,8.0,candidate2,6.708333333333332,7.80562969706316e-06,False,2.498761719479776,-0.08597462357752293
sh,10,95.3,3,12.0,candidate2,6.708333333333332,7.80562969706316e-06,False,2.121025586058755,-0.08542823113319581
sh,10,95.3,4,16.0,candidate2,6.708333333333332,7.80562969706316e-06,False,-2.904963673921434,-0.08580506862910652
sh,10,95.3,5,20.0,candidate2,6.708333333333332,7.80562969706316e-06,False,-2.8547132845460563,-0.08595989273829142
sh,10,95.3,6,24.0,candidate2,6.708333333333332,7.80562969706316e-06,False,3.0943315050438427,-0.08505333284733961
sh,10,95.3,7,28.0,candidate2,6.708333333333332,7.80562969706316e-06,False,3.1172612852277632,-0.0854932286307837
sh,10,95.3,8,32.0,candidate2,6.708333333333332,7.80562969706316e-06,False,-2.7269388396693808,-0.08620803184376143
sh,10,95.3,9,36.0,candidate2,6.708333333333332,7.80562969706316e-06,False,-2.7920538617025383,-0.08510986793355514
sh,10,95.3,10,40.0,candidate2,6.708333333333332,7.80562969706316e-06,False,-2.8419543331003574,-0.08520574155391793
sh,10,95.3,11,44.0,candidate2,6.708333333333332,7.80562969706316e-06,False,-2.552603118707699,-0.086342576547509
sh,10,95.3,12,48.0,candidate2,6.708333333333332,7.80562969706316e-06,False,-2.4273350441122528,-0.08537359859771232
sh,10,95.3,13,52.0,candidate2,6.708333333333332,7.80562969706316e-06,False,-2.6240963909637403,-0.08486696661270185
sh,10,95.3,14,56.0,candidate2,6.708333333333332,7.80562969706316e-06,False,-2.607083907861808,-0.08618525337340681
sh,10,95.3,15,60.0,candidate2,6.708333333333332,7.80562969706316e-06,False,-2.227353360867277,-0.08580236364466423
sh,10,95.3,16,64.0,candidate2,6.708333333333332,7.80562969706316e-06,False,-2.246703894334977,-0.08465916726901428
sh,10,95.3,17,68.0,candidate2,6.708333333333332,7.80562969706316e-06,False,-2.4547130481698276,-0.0859890562597602
sh,10,95.3,18,72.0,candidate2,6.708333333333332,7.80562969706316e-06,False,-2.3961677605568763,-0.08654185194702939
sh,10,95.3,19,76.0,candidate2,6.708333333333332,7.80562969706316e-06,False,-2.156240675045518,-0.08474792180050865
sh,10,95.3,20,80.0,candidate2,6.708333333333332,7.80562969706316e-06,False,-2.224661278452566,-0.08540652672220117
sh,10,95.3,21,84.0,candidate2,6.708333333333332,7.80562969706316e-06,False,-2.3140146733085776,-0.08695712579252773
sh,10,95.3,22,88.0,candidate2,6.708333333333332,7.80562969706316e-06,False,-2.1193501187747747,-0.08510362667824116
sh,10,95.3,23,92.0,candidate2,6.708333333333332,7.80562969706316e-06,False,-2.024745403191047,-0.0846800447888044
sh,10,95.3,24,96.0,candidate2,6.708333333333332,7.80562969706316e-06,False,-2.2829496665483573,-0.08691102320752533
sh,10,95.3,1,4.0,fusion,6.708333333333332,7.80562969706316e-06,False,-2.5533949437836476,-0.08621303633137153
sh,10,95.3,2,8.0,fusion,6.708333333333332,7.80562969706316e-06,False,2.49877604913572,-0.08597460388539477
sh,10,95.3,3,12.0,fusion,6.708333333333332,7.80562969706316e-06,False,2.121030116732763,-0.08542821057548787
sh,10,95.3,4,16.0,fusion,6.708333333333332,7.80562969706316e-06,False,-2.9049792330496254,-0.08580504466910142
sh,10,95.3,5,20.0,fusion,6.708333333333332,7.80562969706316e-06,False,-2.854710372979599,-0.08595986962313669
sh,10,95.3,6,24.0,fusion,6.708333333333332,7.80562969706316e-06,False,3.0943348345833654,-0.08505331947261631
sh,10,95.3,7,28.0,fusion,6.708333333333332,7.80562969706316e-06,False,3.1172634320718897,-0.08549321333269166
sh,10,95.3,8,32.0,fusion,6.708333333333332,7.80562969706316e-06,False,-2.726940173154536,-0.08620801140598633
sh,10,95.3,9,36.0,fusion,6.708333333333332,7.80562969706316e-06,False,-2.792054548708351,-0.08510985627924561
sh,10,95.3,10,40.0,fusion,6.708333333333332,7.80562969706316e-06,False,-2.841954818553596,-0.08520572860595707
sh,10,95.3,11,44.0,fusion,6.708333333333332,7.80562969706316e-06,False,-2.5526023286919504,-0.0863425536715642
sh,10,95.3,12,48.0,fusion,6.708333333333332,7.80562969706316e-06,False,-2.4273337728367013,-0.08537358320958324
sh,10,95.3,13,52.0,fusion,6.708333333333332,7.80562969706316e-06,False,-2.624096341793388,-0.08486695565128315
sh,10,95.3,14,56.0,fusion,6.708333333333332,7.80562969706316e-06,False,-2.60708550895502,-0.08618523205392847
sh,10,95.3,15,60.0,fusion,6.708333333333332,7.80562969706316e-06,False,-2.227353450636504,-0.08580234607143619
sh,10,95.3,16,64.0,fusion,6.708333333333332,7.80562969706316e-06,False,-2.2467026391150093,-0.08465915957799848
sh,10,95.3,17,68.0,fusion,6.708333333333332,7.80562969706316e-06,False,-2.4547125679031208,-0.08598903820929894
sh,10,95.3,18,72.0,fusion,6.708333333333332,7.80562969706316e-06,False,-2.396168427898622,-0.08654182927680452
sh,10,95.3,19,76.0,fusion,6.708333333333332,7.80562969706316e-06,False,-2.1562408399158506,-0.08474791358593335
sh,10,95.3,20,80.0,fusion,6.708333333333332,7.80562969706316e-06,False,-2.2246608327009416,-0.08540651336813637
sh,10,95.3,21,84.0,fusion,6.708333333333332,7.80562969706316e-06,False,-2.3140144378003527,-0.08695709983373044
sh,10,95.3,22,88.0,fusion,6.708333333333332,7.80562969706316e-06,False,-2.1193497775194228,-0.08510361593201053
sh,10,95.3,23,92.0,fusion,6.708333333333332,7.80562969706316e-06,False,-2.0247453931855715,-0.08468003770593226
sh,10,95.3,24,96.0,fusion,6.708333333333332,7.80562969706316e-06,False,-2.2829530001995746,-0.08691099819719335
sh,11,95.3,1,4.0,reference,6.708333333333332,7.998599496089083e-06,False,0.0,-0.08687496434399623
sh,11,95.3,2,8.0,reference,6.708333333333332,7.998599496089083e-06,False,0.0,-0.08689270562488642
sh,11,95.3,3,12.0,reference,6.708333333333332,7.998599496089083e-06,False,0.0,-0.08688952780800842
sh,11,95.3,4,16.0,reference,6.708333333333332,7.998599496089083e-06,False,0.0,-0.08687352602732856
sh,11,95.3,5,20.0,reference,6.708333333333332,7.998599496089083e-06,False,0.0,-0.08688604947444331
sh,11,95.3,6,24.0,reference,6.708333333333332,7.998599496089083e-06,False,0.0,-0.08689473783934977
sh,11,95.3,7,28.0,reference,6.708333333333332,7.998599496089083e-06,False,0.0,-0.08687717555105305
sh,11,95.3,8,32.0,reference,6.708333333333332,7.998599496089083e-06,False,0.0,-0.0868787063209632
sh,11,95.3,9,36.0,reference,6.708333333333332,7.998599496089083e-06,False,0.0,-0.08689527999031076
sh,11,95.3,10,40.0,reference,6.708333333333332,7.998599496089083e-06,False,0.0,-0.08688424031792646
sh,11,95.3,11,44.0,reference,6.708333333333332,7.998599496089083e-06,False,0.0,-0.08687398894310784
sh,11,95.3,12,48.0,reference,6.708333333333332,7.998599496089083e-06,False,0.0,-0.08689097106373955
sh,11,95.3,13,52.0,reference,6.708333333333332,7.998599496089083e-06,False,0.0,-0.08689141900675351
sh,11,95.3,14,56.0,reference,6.708333333333332,7.998599496089083e-06,False,0.0,-0.08687409100621331
sh,11,95.3,15,60.0,reference,6.708333333333332,7.998599496089083e-06,False,0.0,-0.08688376556233772
sh,11,95.3,16,64.0,reference,6.708333333333332,7.998599496089083e-06,False,0.0,-0.08689540090461095
sh,11,95.3,17,68.0,reference,6.708333333333332,7.998599496089083e-06,False,0.0,-0.0868790181516488
sh,11,95.3,18,72.0,reference,6.708333333333332,7.998599496089083e-06,False,0.0,-0.0868768839658475
sh,11,95.3,19,76.0,reference,6.708333333333332,7.998599496089083e-06,False,0.0,-0.08689442071040963
sh,11,95.3,20,80.0,reference,6.708333333333332,7.998599496089083e-06,False,0.0,-0.08688648889057163
sh,11,95.3,21,84.0,reference,6.708333333333332,7.998599496089083e-06,False,0.0,-0.08687345183215783
sh,11,95.3,22,88.0,reference,6.708333333333332,7.998599496089083e-06,False,0.0,-0.08688897612697487
sh,11,95.3,23,92.0,reference,6.708333333333332,7.998599496089083e-06,False,0.0,-0.08689301556657512
sh,11,95.3,24,96.0,reference,6.708333333333332,7.998599496089083e-06,False,0.0,-0.08687509243065172
sh,11,95.3,1,4.0,candidate1,6.708333333333332,7.998599496089083e-06,False,2.501500870999439,-0.08496451708307445
sh,11,95.3,2,8.0,candidate1,6.708333333333332,7.998599496089083e-06,False,2.3134087789890367,-0.08354206893122076
sh,11,95.3,3,12.0,candidate1,6.708333333333332,7.998599496089083e-06,False,1.4126225670784656,-0.08289526251194246
sh,11,95.3,4,16.0,candidate1,6.708333333333332,7.998599496089083e-06,False,-0.11201604221945383,-0.08285406823792149
sh,11,95.3,5,20.0,candidate1,6.708333333333332,7.998599496089083e-06,False,-1.038276646081663,-0.0831078722660706
sh,11,95.3,6,24.0,candidate1,6.708333333333332,7.998599496089083e-06,False,-2.3743981267391066,-0.08342571918843054
sh,11,95.3,7,28.0,candidate1,6.708333333333332,7.998599496089083e-06,False,2.7137122898134027,-0.08362813195937602
sh,11,95.3,8,32.0,candidate1,6.708333333333332,7.998599496089083e-06,False,1.9683950686936875,-0.08369534078141914
sh,11,95.3,9,36.0,candidate1,6.708333333333332,7.998599496089083e-06,False,0.8951817599977272,-0.0836328992318361
sh,11,95.3,10,40.0,candidate1,6.708333333333332,7.998599496089083e-06,False,0.36622739600447707,-0.0835447863172229
sh,11,95.3,11,44.0,candidate1,6.708333333333332,7.998599496089083e-06,False,-0.6074271190748151,-0.08349758052194951
sh,11,95.3,12,48.0,candidate1,6.708333333333332,7.998599496089083e-06,False,-1.9861596093178724,-0.08349009656508487
sh,11,95.3,13,52.0,candidate1,6.708333333333332,7.998599496089083e-06,False,2.911702690735408,-0.08352510945233328
sh,11,95.3,14,56.0,candidate1,6.708333333333332,7.998599496089083e-06,False,1.4232962186150822,-0.08355580320198833
sh,11,95.3,15,60.0,candidate1,6.708333333333332,7.998599496089083e-06,False,-0.003497632145732288,-0.08362800016665123
sh,11,95.3,16,64.0,candidate1,6.708333333333332,7.998599496089083e-06,False,-1.5189264231509496,-0.08368244411288014
sh,11,95.3,17,68.0,candidate1,6.708333333333332,7.998599496089083e-06,False,-2.679955526554501,-0.0837179955770485
sh,11,95.3,18,72.0,candidate1,6.708333333333332,7.998599496089083e-06,False,1.281142241682079,-0.08371090300267293
sh,11,95.3,19,76.0,candidate1,6.708333333333332,7.998599496089083e-06,False,0.2333678734927358,-0.08371581568157951
sh,11,95.3,20,80.0,candidate1,6.708333333333332,7.998599496089083e-06,False,-2.4599726872859944,-0.08374418013495338
sh,11,95.3,21,84.0,candidate1,6.708333333333332,7.998599496089083e-06,False,-2.2692273627470447,-0.08372730818889026
sh,11,95.3,22,88.0,candidate1,6.708333333333332,7.998599496089083e-06,False,-0.27059530233042217,-0.0837464211773331
sh,11,95.3,23,92.0,candidate1,6.708333333333332,7.998599496089083e-06,False,0.2260345544915783,-0.08376182410901635
sh,11,95.3,24,96.0,candidate1,6.708333333333332,7.998599496089083e-06,False,2.4388484093145855,-0.08379819229185251
sh,11,95.3,1,4.0,candidate2,6.708333333333332,7.998599496089083e-06,False,-3.13433400146862,-0.0862016115720853
sh,11,95.3,2,8.0,candidate2,6.708333333333332,7.998599496089083e-06,False,1.656393525855336,-0.08597726878453839
sh,11,95.3,3,12.0,candidate2,6.708333333333332,7.998599496089083e-06,False,1.0812887490966776,-0.0854139526607409
sh,11,95.3,4,16.0,candidate2,6.708333333333332,7.998599496089083e-06,False,2.2065995269486094,-0.08579482178007894
sh,11,95.3,5,20.0,candidate2,6.708333333333332,7.998599496089083e-06,False,2.5070151189241514,-0.08598049786852666
sh,11,95.3,6,24.0,candidate2,6.708333333333332,7.998599496089083e-06,False,2.1927268641199973,-0.08505095042897022
sh,11,95.3,7,28.0,candidate2,6.708333333333332,7.998599496089083e-06,False,2.054609825688144,-0.0854759410937725
sh,11,95.3,8,32.0,candidate2,6.708333333333332,7.998599496089083e-06,False,2.467582315204284,-0.08622623449284449
sh,11,95.3,9,36.0,candidate2,6.708333333333332,7.998599496089083e-06,False,2.5470454466220485,-0.08512171649984944
sh,11,95.3,10,40.0,candidate2,6.708333333333332,7.998599496089083e-06,False,2.483574722989224,-0.08517980377917399
sh,11,95.3,11,44.0,candidate2,6.708333333333332,7.998599496089083e-06,False,2.6614853776471707,-0.0863384153936505
sh,11,95.3,12,48.0,candidate2,6.708333333333332,7.998599496089083e-06,False,2.839452104279707,-0.0854012696629979
sh,11,95.3,13,52.0,candidate2,6.708333333333332,7.998599496089083e-06,False,2.7345366419454797,-0.08484651887582005
sh,11,95.3,14,56.0,candidate2,6.708333333333332,7.998599496089083e-06,False,2.666778879557893,-0.08617521188390244
sh,11,95.3,15,60.0,candidate2,6.708333333333332,7.998599496089083e-06,False,2.9329569304252003,-0.08585300241447638
sh,11,95.3,16,64.0,candidate2,6.708333333333332,7.998599496089083e-06,False,3.0174828531920053,-0.08465401740960604
sh,11,95.3,17,68.0,candidate2,6.708333333333332,7.998599496089083e-06,False,2.896877174041145,-0.08596102929996696
sh,11,95.3,18,72.0,candidate2,6.708333333333332,7.998599496089083e-06,False,2.864528503241524,-0.08658989513038048
sh,11,95.3,19,76.0,candidate2,6.708333333333332,7.998599496089083e-06,False,3.0352110313182563,-0.08476420776654375
sh,11,95.3,20,80.0,candidate2,6.708333333333332,7.998599496089083e-06,False,3.083650112962186,-0.08536039675763271
sh,11,95.3,21,84.0,candidate2,6.708333333333332,7.998599496089083e-06,False,3.0166638422510035,-0.08698152601105769
sh,11,95.3,22,88.0,candidate2,6.708333333333332,7.998599496089083e-06,False,3.0722559085611976,-0.08515680413682138
sh,11,95.3,23,92.0,candidate2,6.708333333333332,7.998599496089083e-06,False,-3.0342201582930355,-0.08463301683984523
sh,11,95.3,24,96.0,candidate2,6.708333333333332,7.998599496089083e-06,False,-2.9222549152497237,-0.08688497448530445
sh,11,95.3,1,4.0,fusion,6.708333333333332,7.998599496089083e-06,False,-3.1343519044354715,-0.08620159354786601
sh,11,95.3,2,8.0,fusion,6.708333333333332,7.998599496089083e-06,False,1.6564199185975828,-0.08597723330416356
sh,11,95.3,3,12.0,fusion,6.708333333333332,7.998599496089083e-06,False,1.0812964424748404,-0.08541391596392917
sh,11,95.3,4,16.0,fusion,6.708333333333332,7.998599496089083e-06,False,2.206571022963345,-0.08579477893388797
sh,11,95.3,5,20.0,fusion,6.708333333333332,7.998599496089083e-06,False,2.5070198193752695,-0.08598045601494615
sh,11,95.3,6,24.0,fusion,6.708333333333332,7.998599496089083e-06,False,2.192732723984416,-0.08505092674967608
sh,11,95.3,7,28.0,fusion,6.708333333333332,7.998599496089083e-06,False,2.054614224579028,-0.08547591417156297
sh,11,95.3,8,32.0,fusion,6.708333333333332,7.998599496089083e-06,False,2.467580722097287,-0.08622619761822928
sh,11,95.3,9,36.0,fusion,6.708333333333332,7.998599496089083e-06,False,2.5470441341113164,-0.0851216948080796
sh,11,95.3,10,40.0,fusion,6.708333333333332,7.998599496089083e-06,False,2.4835731689242633,-0.08517977995729657
sh,11,95.3,11,44.0,fusion,6.708333333333332,7.998599496089083e-06,False,2.6614856463047305,-0.08633837400325459
sh,11,95.3,12,48.0,fusion,6.708333333333332,7.998599496089083e-06,False,2.8394541241040265,-0.0854012418175881
sh,11,95.3,13,52.0,fusion,6.708333333333332,7.998599496089083e-06,False,2.7345369514841775,-0.08484649962314902
sh,11,95.3,14,56.0,fusion,6.708333333333332,7.998599496089083e-06,False,2.666776469210071,-0.08617517371964183
sh,11,95.3,15,60.0,fusion,6.708333333333332,7.998599496089083e-06,False,2.932956454306066,-0.08585296999663863
sh,11,95.3,16,64.0,fusion,6.708333333333332,7.998599496089083e-06,False,3.0174847315045916,-0.08465400325397743
sh,11,95.3,17,68.0,fusion,6.708333333333332,7.998599496089083e-06,False,2.8968777851358283,-0.08596099661941423
sh,11,95.3,18,72.0,fusion,6.708333333333332,7.998599496089083e-06,False,2.864527274628618,-0.08658985318404097
sh,11,95.3,19,76.0,fusion,6.708333333333332,7.998599496089083e-06,False,3.0352108461268545,-0.08476419249168075
sh,11,95.3,20,80.0,fusion,6.708333333333332,7.998599496089083e-06,False,3.0836510711881875,-0.08536037320967976
sh,11,95.3,21,84.0,fusion,6.708333333333332,7.998599496089083e-06,False,3.016664324447347,-0.08698147859775486
sh,11,95.3,22,88.0,fusion,6.708333333333332,7.998599496089083e-06,False,3.0722563622207537,-0.08515678358782372
sh,11,95.3,23,92.0,fusion,6.708333333333332,7.998599496089083e-06,False,-3.0342202426918217,-0.08463300414674137
sh,11,95.3,24,96.0,fusion,6.708333333333332,7.998599496089083e-06,False,-2.922260842795545,-0.08688492951150525
sh,12,95.3,1,4.0,reference,6.708333333333332,7.791254492734419e-06,False,0.0,-0.08688376556233772
sh,12,95.3,2,8.0,reference,6.708333333333332,7.791254492734419e-06,False,0.0,-0.08689540090461095
sh,12,95.3,3,12.0,reference,6.708333333333332,7.791254492734419e-06,False,0.0,-0.0868790181516488
sh,12,95.3,4,16.0,reference,6.708333333333332,7.791254492734419e-06,False,0.0,-0.0868768839658475
sh,12,95.3,5,20.0,reference,6.708333333333332,7.791254492734419e-06,False,0.0,-0.08689442071040963
sh,12,95.3,6,24.0,reference,6.708333333333332,7.791254492734419e-06,False,0.0,-0.08688648889057163
sh,12,95.3,7,28.0,reference,6.708333333333332,7.791254492734419e-06,False,0.0,-0.08687345183215783
sh,12,95.3,8,32.0,reference,6.708333333333332,7.791254492734419e-06,False,0.0,-0.08688897612697487
sh,12,95.3,9,36.0,reference,6.708333333333332,7.791254492734419e-06,False,0.0,-0.08689301556657512
sh,12,95.3,10,40.0,reference,6.708333333333332,7.791254492734419e-06,False,0.0,-0.08687509243065172
sh,12,95.3,11,44.0,reference,6.708333333333332,7.791254492734419e-06,False,0.0,-0.08688151426013889
sh,12,95.3,12,48.0,reference,6.708333333333332,7.791254492734419e-06,False,0.0,-0.0868956120742968
sh,12,95.3,13,52.0,reference,6.708333333333332,7.791254492734419e-06,False,0.0,-0.08688108935318764
sh,12,95.3,14,56.0,reference,6.708333333333332,7.791254492734419e-06,False,0.0,-0.0868753767858897
sh,12,95.3,15,60.0,reference,6.708333333333332,7.791254492734419e-06,False,0.0,-0.08689315856520789
sh,12,95.3,16,64.0,reference,6.708333333333332,7.791254492734419e-06,False,0.0,-0.08688864714216883
sh,12,95.3,17,68.0,reference,6.708333333333332,7.791254492734419e-06,False,0.0,-0.08687337625645475
sh,12,95.3,18,72.0,reference,6.708333333333332,7.791254492734419e-06,False,0.0,-0.08688680217234476
sh,12,95.3,19,76.0,reference,6.708333333333332,7.791254492734419e-06,False,0.0,-0.0868942500327026
sh,12,95.3,20,80.0,reference,6.708333333333332,7.791254492734419e-06,False,0.0,-0.08687648869105427
sh,12,95.3,21,84.0,reference,6.708333333333332,7.791254492734419e-06,False,0.0,-0.08687938602262339
sh,12,95.3,22,88.0,reference,6.708333333333332,7.791254492734419e-06,False,0.0,-0.086895363500554
sh,12,95.3,23,92.0,reference,6.708333333333332,7.791254492734419e-06,False,0.0,-0.0868832975948592
sh,12,95.3,24,96.0,reference,6.708333333333332,7.791254492734419e-06,False,0.0,-0.08687424786947312
sh,12,95.3,1,4.0,candidate1,6.708333333333332,7.791254492734419e-06,False,1.876277858809256,-0.08496199307314228
sh,12,95.3,2,8.0,candidate1,6.708333333333332,7.791254492734419e-06,False,1.3370631940830107,-0.083555196014677
sh,12,95.3,3,12.0,candidate1,6.708333333333332,7.791254492734419e-06,False,0.3350026078388786,-0.08289269357719264
sh,12,95.3,4,16.0,candidate1,6.708333333333332,7.791254492734419e-06,False,-1.0771870338309755,-0.08285359248159871
sh,12,95.3,5,20.0,candidate1,6.708333333333332,7.791254492734419e-06,False,-2.013913725364697,-0.08309761104041696
sh,12,95.3,6,24.0,candidate1,6.708333333333332,7.791254492734419e-06,False,2.753467533268606,-0.08339284639659658
sh,12,95.3,7,28.0,candidate1,6.708333333333332,7.791254492734419e-06,False,1.5835237767514143,-0.08358260358329217
sh,12,95.3,8,32.0,candidate1,6.708333333333332,7.791254492734419e-06,False,0.7436263142218764,-0.08365315868892328
sh,12,95.3,9,36.0,candidate1,6.708333333333332,7.791254492734419e-06,False,-0.799852645436847,-0.08363656253256775
sh,12,95.3,10,40.0,candidate1,6.708333333333332,7.791254492734419e-06,False,-1.0095661062285521,-0.0835759762917802
sh,12,95.3,11,44.0,candidate1,6.708333333333332,7.791254492734419e-06,False,-1.7162672256757405,-0.0835001980074281
sh,12,95.3,12,48.0,candidate1,6.708333333333332,7.791254492734419e-06,False,-2.9194363781005888,-0.08347232997603202
sh,12,95.3,13,52.0,candidate1,6.708333333333332,7.791254492734419e-06,False,2.0852631505832626,-0.0835183221698661
sh,12,95.3,14,56.0,candidate1,6.708333333333332,7.791254492734419e-06,False,0.6881264015756038,-0.08359419139182192
sh,12,95.3,15,60.0,candidate1,6.708333333333332,7.791254492734419e-06,False,-0.8082581036531041,-0.08364489917075706
sh,12,95.3,16,64.0,candidate1,6.708333333333332,7.791254492734419e-06,False,-2.3223756177089445,-0.08370229586879614
sh,12,95.3,17,68.0,candidate1,6.708333333333332,7.791254492734419e-06,False,2.8312160526034624,-0.08373321538138488
sh,12,95.3,18,72.0,candidate1,6.708333333333332,7.791254492734419e-06,False,0.3049800854546021,-0.08372020882529962
sh,12,95.3,19,76.0,candidate1,6.708333333333332,7.791254492734419e-06,False,-0.1435910064121333,-0.08371665765053851
sh,12,95.3,20,80.0,candidate1,6.708333333333332,7.791254492734419e-06,False,2.7632139799805793,-0.08373822196225728
sh,12,95.3,21,84.0,candidate1,6.708333333333332,7.791254492734419e-06,False,2.4899444170895277,-0.0837667431726918
sh,12,95.3,22,88.0,candidate1,6.708333333333332,7.791254492734419e-06,False,-1.236845010245278,-0.08377702074002168
sh,12,95.3,23,92.0,candidate1,6.708333333333332,7.791254492734419e-06,False,-0.4254109075921346,-0.0837807202255283
sh,12,95.3,24,96.0,candidate1,6.708333333333332,7.791254492734419e-06,False,1.7990463880680359,-0.08374792424156888
sh,12,95.3,1,4.0,candidate2,6.708333333333332,7.791254492734419e-06,False,2.553265671192076,-0.08619043925050289
sh,12,95.3,2,8.0,candidate2,6.708333333333332,7.791254492734419e-06,False,0.6778605616739539,-0.085982467570363
sh,12,95.3,3,12.0,candidate2,6.708333333333332,7.791254492734419e-06,False,0.026503557811606182,-0.08540166263809791
sh,12,95.3,4,16.0,candidate2,6.708333333333332,7.791254492734419e-06,False,1.1978870726266828,-0.08578360018174704
sh,12,95.3,5,20.0,candidate2,6.708333333333332,7.791254492734419e-06,False,1.5462528928172683,-0.08599578619173003
sh,12,95.3,6,24.0,candidate2,6.708333333333332,7.791254492734419e-06,False,1.1498035751580158,-0.08504834551288164
sh,12,95.3,7,28.0,candidate2,6.708333333333332,7.791254492734419e-06,False,1.057286564138105,-0.08545955965701538
sh,12,95.3,8,32.0,candidate2,6.708333333333332,7.791254492734419e-06,False,1.5399451764256302,-0.08623943754999115
sh,12,95.3,9,36.0,candidate2,6.708333333333332,7.791254492734419e-06,False,1.564823296191825,-0.08513332195327054
sh,12,95.3,10,40.0,candidate2,6.708333333333332,7.791254492734419e-06,False,1.4121876776964126,-0.08516246085423887
sh,12,95.3,11,44.0,candidate2,6.708333333333332,7.791254492734419e-06,False,1.6489987114218871,-0.08633799858225853
sh,12,95.3,12,48.0,candidate2,6.708333333333332,7.791254492734419e-06,False,1.9005870030829695,-0.08542621104366857
sh,12,95.3,13,52.0,candidate2,6.708333333333332,7.791254492734419e-06,False,1.7222598608535042,-0.08483412415392674
sh,12,95.3,14,56.0,candidate2,6.708333333333332,7.791254492734419e-06,False,1.6015287681630017,-0.08616755619529716
sh,12,95.3,15,60.0,candidate2,6.708333333333332,7.791254492734419e-06,False,1.9445419528094574,-0.0858978625596702
sh,12,95.3,16,64.0,candidate2,6.708333333333332,7.791254492734419e-06,False,2.0739256561628903,-0.08465660411727306
sh,12,95.3,17,68.0,candidate2,6.708333333333332,7.791254492734419e-06,False,1.840087466443952,-0.08593445136572801
sh,12,95.3,18,72.0,candidate2,6.708333333333332,7.791254492734419e-06,False,1.7999676299099356,-0.08662515148316394
sh,12,95.3,19,76.0,candidate2,6.708333333333332,7.791254492734419e-06,False,2.105494104704042,-0.08478550762972661
sh,12,95.3,20,80.0,candidate2,6.708333333333332,7.791254492734419e-06,False,2.1543189133947656,-0.08531803376483185
sh,12,95.3,21,84.0,candidate2,6.708333333333332,7.791254492734419e-06,False,1.8830754241350673,-0.08699039077529332
sh,12,95.3,22,88.0,candidate2,6.708333333333332,7.791254492734419e-06,False,1.9510792835702022,-0.08520188851588975
sh,12,95.3,23,92.0,candidate2,6.708333333333332,7.791254492734419e-06,False,2.387879398530584,-0.08460141022229226
sh,12,95.3,24,96.0,candidate2,6.708333333333332,7.791254492734419e-06,False,2.7900178527115296,-0.08686081239683993
sh,12,95.3,1,4.0,fusion,6.708333333333332,7.791254492734419e-06,False,2.5531898294736983,-0.08619036794485314
sh,12,95.3,2,8.0,fusion,6.708333333333332,7.791254492734419e-06,False,0.677967132548059,-0.08598232667841464
sh,12,95.3,3,12.0,fusion,6.708333333333332,7.791254492734419e-06,False,0.026531416869839508,-0.08540151700398518
sh,12,95.3,4,16.0,fusion,6.708333333333332,7.791254492734419e-06,False,1.1977750157786673,-0.08578343010827807
sh,12,95.3,5,20.0,fusion,6.708333333333332,7.791254492734419e-06,False,1.5462718321097422,-0.0859956179659941
sh,12,95.3,6,24.0,fusion,6.708333333333332,7.791254492734419e-06,False,1.1498260658674766,-0.08504824941877324
sh,12,95.3,7,28.0,fusion,6.708333333333332,7.791254492734419e-06,False,1.0573000609434993,-0.0854594507083493
sh,12,95.3,8,32.0,fusion,6.708333333333332,7.791254492734419e-06,False,1.5399377785199049,-0.08623928742840015
sh,12,95.3,9,36.0,fusion,6.708333333333332,7.791254492734419e-06,False,1.564820021426674,-0.08513323507327127
sh,12,95.3,10,40.0,fusion,6.708333333333332,7.791254492734419e-06,False,1.4121835936927885,-0.08516236876610786
sh,12,95.3,11,44.0,fusion,6.708333333333332,7.791254492734419e-06,False,1.649000599417817,-0.08633783386098905
sh,12,95.3,12,48.0,fusion,6.708333333333332,7.791254492734419e-06,False,1.900596384274735,-0.08542609762986045
sh,12,95.3,13,52.0,fusion,6.708333333333332,7.791254492734419e-06,False,1.7222630101263914,-0.08483404777767425
sh,12,95.3,14,56.0,fusion,6.708333333333332,7.791254492734419e-06,False,1.601520677158847,-0.0861674068233078
sh,12,95.3,15,60.0,fusion,6.708333333333332,7.791254492734419e-06,False,1.9445387717374703,-0.08589773178550911
sh,12,95.3,16,64.0,fusion,6.708333333333332,7.791254492734419e-06,False,2.0739333626696093,-0.08465654872406907
sh,12,95.3,17,68.0,fusion,6.708333333333332,7.791254492734419e-06,False,1.8400906261350571,-0.0859343235941048
sh,12,95.3,18,72.0,fusion,6.708333333333332,7.791254492734419e-06,False,1.7999629465029454,-0.08662498286460538
sh,12,95.3,19,76.0,fusion,6.708333333333332,7.791254492734419e-06,False,2.105492624418847,-0.08478544558790203
sh,12,95.3,20,80.0,fusion,6.708333333333332,7.791254492734419e-06,False,2.1543225631521077,-0.08531794206402385
sh,12,95.3,21,84.0,fusion,6.708333333333332,7.791254492734419e-06,False,1.883077177533289,-0.08699020365737876
sh,12,95.3,22,88.0,fusion,6.708333333333332,7.791254492734419e-06,False,1.9510796803346218,-0.08520180580886975
sh,12,95.3,23,92.0,fusion,6.708333333333332,7.791254492734419e-06,False,2.387877902760221,-0.08460136258501312
sh,12,95.3,24,96.0,fusion,6.708333333333332,7.791254492734419e-06,False,2.789993190669371,-0.0868606317080018
sh,13,95.3,1,4.0,reference,6.708333333333332,7.72162668031283e-06,False,0.0,-0.08689315856520789
sh,13,95.3,2,8.0,reference,6.708333333333332,7.72162668031283e-06,False,0.0,-0.08688864714216883
sh,13,95.3,3,12.0,reference,6.708333333333332,7.72162668031283e-06,False,0.0,-0.08687337625645475
sh,13,95.3,4,16.0,reference,6.708333333333332,7.72162668031283e-06,False,0.0,-0.08688680217234476
sh,13,95.3,5,20.0,reference,6.708333333333332,7.72162668031283e-06,False,0.0,-0.0868942500327026
sh,13,95.3,6,24.0,reference,6.708333333333332,7.72162668031283e-06,False,0.0,-0.08687648869105427
sh,13,95.3,7,28.0,reference,6.708333333333332,7.72162668031283e-06,False,0.0,-0.08687938602262339
sh,13,95.3,8,32.0,reference,6.708333333333332,7.72162668031283e-06,False,0.0,-0.086895363500554
sh,13,95.3,9,36.0,reference,6.708333333333332,7.72162668031283e-06,False,0.0,-0.0868832975948592
sh,13,95.3,10,40.0,reference,6.708333333333332,7.72162668031283e-06,False,0.0,-0.08687424786947312
sh,13,95.3,11,44.0,reference,6.708333333333332,7.72162668031283e-06,False,0.0,-0.08689154582851863
sh,13,95.3,12,48.0,reference,6.708333333333332,7.72162668031283e-06,False,0.0,-0.08689062329221858
sh,13,95.3,13,52.0,reference,6.708333333333332,7.72162668031283e-06,False,0.0,-0.08687376703180032
sh,13,95.3,14,56.0,reference,6.708333333333332,7.72162668031283e-06,False,0.0,-0.08688453661165409
sh,13,95.3,15,60.0,reference,6.708333333333332,7.72162668031283e-06,False,0.0,-0.08689507552547497
sh,13,95.3,16,64.0,reference,6.708333333333332,7.72162668031283e-06,False,0.0,-0.08687821954345094
sh,13,95.3,17,68.0,reference,6.708333333333332,7.72162668031283e-06,False,0.0,-0.08687746908975937
sh,13,95.3,18,72.0,reference,6.708333333333332,7.72162668031283e-06,False,0.0,-0.08689466927966379
sh,13,95.3,19,76.0,reference,6.708333333333332,7.72162668031283e-06,False,0.0,-0.0868855490630728
sh,13,95.3,20,80.0,reference,6.708333333333332,7.72162668031283e-06,False,0.0,-0.08687354359769278
sh,13,95.3,21,84.0,reference,6.708333333333332,7.72162668031283e-06,False,0.0,-0.08688964549603012
sh,13,95.3,22,88.0,reference,6.708333333333332,7.72162668031283e-06,False,0.0,-0.08689233360679408
sh,13,95.3,23,92.0,reference,6.708333333333332,7.72162668031283e-06,False,0.0,-0.08687460506078888
sh,13,95.3,24,96.0,reference,6.708333333333332,7.72162668031283e-06,False,0.0,-0.08688226944334923
sh,13,95.3,1,4.0,candidate1,6.708333333333332,7.72162668031283e-06,False,0.19983030699583118,-0.08496320039086708
sh,13,95.3,2,8.0,candidate1,6.708333333333332,7.72162668031283e-06,False,0.23051574461068114,-0.0835563248891319
sh,13,95.3,3,12.0,candidate1,6.708333333333332,7.72162668031283e-06,False,-0.4809985559140372,-0.08292052837812382
sh,13,95.3,4,16.0,candidate1,6.708333333333332,7.72162668031283e-06,False,-1.947989867354383,-0.08286253042455638
sh,13,95.3,5,20.0,candidate1,6.708333333333332,7.72162668031283e-06,False,-3.0940769421760614,-0.08310670590727784
sh,13,95.3,6,24.0,candidate1,6.708333333333332,7.72162668031283e-06,False,1.7619436547701488,-0.08340201972540906
sh,13,95.3,7,28.0,candidate1,6.708333333333332,7.72162668031283e-06,False,0.7392854240998051,-0.08361117353924287
sh,13,95.3,8,32.0,candidate1,6.708333333333332,7.72162668031283e-06,False,-0.2030286845532383,-0.08368162711713134
sh,13,95.3,9,36.0,candidate1,6.708333333333332,7.72162668031283e-06,False,-1.5894245810263836,-0.08367138693924289
sh,13,95.3,10,40.0,candidate1,6.708333333333332,7.72162668031283e-06,False,-1.8339686363075796,-0.08356688582823686
sh,13,95.3,11,44.0,candidate1,6.708333333333332,7.72162668031283e-06,False,-2.5255126282917075,-0.0835150582173719
sh,13,95.3,12,48.0,candidate1,6.708333333333332,7.72162668031283e-06,False,2.354848573312919,-0.0835025231757266
sh,13,95.3,13,52.0,candidate1,6.708333333333332,7.72162668031283e-06,False,1.0149632778536464,-0.08354797426031083
sh,13,95.3,14,56.0,candidate1,6.708333333333332,7.72162668031283e-06,False,-0.5718594916146147,-0.08357754097506669
sh,13,95.3,15,60.0,candidate1,6.708333333333332,7.72162668031283e-06,False,-2.389551757080082,-0.083589712122992
sh,13,95.3,16,64.0,candidate1,6.708333333333332,7.72162668031283e-06,False,2.3910479860917233,-0.08362106113377063
sh,13,95.3,17,68.0,candidate1,6.708333333333332,7.72162668031283e-06,False,1.0931374232126592,-0.08369943498138088
sh,13,95.3,18,72.0,candidate1,6.708333333333332,7.72162668031283e-06,False,-0.7802862309609773,-0.08371518504363731
sh,13,95.3,19,76.0,candidate1,6.708333333333332,7.72162668031283e-06,False,-1.8237253232008508,-0.08374823630564125
sh,13,95.3,20,80.0,candidate1,6.708333333333332,7.72162668031283e-06,False,2.1236913187622943,-0.08377941672175278
sh,13,95.3,21,84.0,candidate1,6.708333333333332,7.72162668031283e-06,False,1.870456711869757,-0.0837574724833222
sh,13,95.3,22,88.0,candidate1,6.708333333333332,7.72162668031283e-06,False,-2.121280141801636,-0.08374247740522145
sh,13,95.3,23,92.0,candidate1,6.708333333333332,7.72162668031283e-06,False,-1.2885535008158784,-0.0837333913471531
sh,13,95.3,24,96.0,candidate1,6.708333333333332,7.72162668031283e-06,False,0.16457843094215696,-0.08375705349575563
sh,13,95.3,1,4.0,candidate2,6.708333333333332,7.72162668031283e-06,False,0.8585962218728114,-0.08618922895034119
sh,13,95.3,2,8.0,candidate2,6.708333333333332,7.72162668031283e-06,False,-0.4358583778595575,-0.08597823823219213
sh,13,95.3,3,12.0,candidate2,6.708333333333332,7.72162668031283e-06,False,-0.7919289476038303,-0.08540639465526262
sh,13,95.3,4,16.0,candidate2,6.708333333333332,7.72162668031283e-06,False,0.34725674553794317,-0.08578450062210755
sh,13,95.3,5,20.0,candidate2,6.708333333333332,7.72162668031283e-06,False,0.4747276396087728,-0.08598537159904233
sh,13,95.3,6,24.0,candidate2,6.708333333333332,7.72162668031283e-06,False,0.13440888741855905,-0.08504815942354561
sh,13,95.3,7,28.0,candidate2,6.708333333333332,7.72162668031283e-06,False,0.1616296157573962,-0.08546725200183992
sh,13,95.3,8,32.0,candidate2,6.708333333333332,7.72162668031283e-06,False,0.6007630982626495,-0.08623287620341889
sh,13,95.3,9,36.0,candidate2,6.708333333333332,7.72162668031283e-06,False,0.5392713000462596,-0.08512989049155215
sh,13,95.3,10,40.0,candidate2,6.708333333333332,7.72162668031283e-06,False,0.4695350324449705,-0.08517180891676517
sh,13,95.3,11,44.0,candidate2,6.708333333333332,7.72162668031283e-06,False,0.7592060340143947,-0.08633553448114242
sh,13,95.3,12,48.0,candidate2,6.708333333333332,7.72162668031283e-06,False,0.9234306708655348,-0.08541634492771505
sh,13,95.3,13,52.0,candidate2,6.708333333333332,7.72162668031283e-06,False,0.7073969108415896,-0.08484366711485981
sh,13,95.3,14,56.0,candidate2,6.708333333333332,7.72162668031283e-06,False,0.6829267772439835,-0.08617214488027766
sh,13,95.3,15,60.0,candidate2,6.708333333333332,7.72162668031283e-06,False,1.04618699951437,-0.08587701978487386
sh,13,95.3,16,64.0,candidate2,6.708333333333332,7.72162668031283e-06,False,1.0716911530952962,-0.08466407808816122
sh,13,95.3,17,68.0,candidate2,6.708333333333332,7.72162668031283e-06,False,0.8513839552518427,-0.08595207645093515
sh,13,95.3,18,72.0,candidate2,6.708333333333332,7.72162668031283e-06,False,0.9029384222029998,-0.08660609690908912
sh,13,95.3,19,76.0,candidate2,6.708333333333332,7.72162668031283e-06,False,1.1731536088522994,-0.0847814983597856
sh,13,95.3,20,80.0,candidate2,6.708333333333332,7.72162668031283e-06,False,1.1240859172140527,-0.0853453270716735
sh,13,95.3,21,84.0,candidate2,6.708333333333332,7.72162668031283e-06,False,0.983408579059657,-0.08698392990248482
sh,13,95.3,22,88.0,candidate2,6.708333333333332,7.72162668031283e-06,False,1.155381576114705,-0.08518357468481258
sh,13,95.3,23,92.0,candidate2,6.708333333333332,7.72162668031283e-06,False,1.3286389476724239,-0.08462859630977315
sh,13,95.3,24,96.0,candidate2,6.708333333333332,7.72162668031283e-06,False,1.1280336570338205,-0.08687429064007404
sh,13,95.3,1,4.0,fusion,6.708333333333332,7.72162668031283e-06,False,0.858365583864382,-0.08618900424542064
sh,13,95.3,2,8.0,fusion,6.708333333333332,7.72162668031283e-06,False,-0.43552539846621485,-0.0859777943470631
sh,13,95.3,3,12.0,fusion,6.708333333333332,7.72162668031283e-06,False,-0.7918405102147543,-0.08540593904892298
sh,13,95.3,4,16.0,fusion,6.708333333333332,7.72162668031283e-06,False,0.3468956307485853,-0.0857839650872083
sh,13,95.3,5,20.0,fusion,6.708333333333332,7.72162668031283e-06,False,0.4747895295463867,-0.08598484400093662
sh,13,95.3,6,24.0,fusion,6.708333333333332,7.72162668031283e-06,False,0.13448536475424,-0.08504785772120173
sh,13,95.3,7,28.0,fusion,6.708333333333332,7.72162668031283e-06,False,0.1616793088455104,-0.0854669118221922
sh,13,95.3,8,32.0,fusion,6.708333333333332,7.72162668031283e-06,False,0.6007344331127629,-0.08623240861380298
sh,13,95.3,9,36.0,fusion,6.708333333333332,7.72162668031283e-06,False,0.5392533281621426,-0.08512962317891713
sh,13,95.3,10,40.0,fusion,6.708333333333332,7.72162668031283e-06,False,0.4695177739219468,-0.0851715147685479
sh,13,95.3,11,44.0,fusion,6.708333333333332,7.72162668031283e-06,False,0.7592092728832504,-0.08633501754791942
sh,13,95.3,12,48.0,fusion,6.708333333333332,7.72162668031283e-06,False,0.9234536088108343,-0.08541599416495231
sh,13,95.3,13,52.0,fusion,6.708333333333332,7.72162668031283e-06,False,0.7074025211122703,-0.08484342964195783
sh,13,95.3,14,56.0,fusion,6.708333333333332,7.72162668031283e-06,False,0.682907007149538,-0.0861716693446469
sh,13,95.3,15,60.0,fusion,6.708333333333332,7.72162668031283e-06,False,1.0461928886838263,-0.08587660057009909
sh,13,95.3,16,64.0,fusion,6.708333333333332,7.72162668031283e-06,False,1.0717166379837983,-0.08466388692536973
sh,13,95.3,17,68.0,fusion,6.708333333333332,7.72162668031283e-06,False,0.851387586221058,-0.08595166358973505
sh,13,95.3,18,72.0,fusion,6.708333333333332,7.72162668031283e-06,False,0.902916499747873,-0.0866055670665206
sh,13,95.3,19,76.0,fusion,6.708333333333332,7.72162668031283e-06,False,1.1731515561651928,-0.08478130898485955
sh,13,95.3,20,80.0,fusion,6.708333333333332,7.72162668031283e-06,False,1.124103813379627,-0.08534504007366026
sh,13,95.3,21,84.0,fusion,6.708333333333332,7.72162668031283e-06,False,0.9834188708421565,-0.08698333856156343
sh,13,95.3,22,88.0,fusion,6.708333333333332,7.72162668031283e-06,False,1.1553846838037503,-0.0851833105623766
sh,13,95.3,23,92.0,fusion,6.708333333333332,7.72162668031283e-06,False,1.3286333702789808,-0.08462843223777138
sh,13,95.3,24,96.0,fusion,6.708333333333332,7.72162668031283e-06,False,1.1279560541208844,-0.08687371931690265
sh,14,95.3,1,4.0,reference,6.708333333333332,7.939968547563974e-06,False,0.0,-0.08689507552547497
sh,14,95.3,2,8.0,reference,6.708333333333332,7.939968547563974e-06,False,0.0,-0.08687821954345094
sh,14,95.3,3,12.0,reference,6.708333333333332,7.939968547563974e-06,False,0.0,-0.08687746908975937
sh,14,95.3,4,16.0,reference,6.708333333333332,7.939968547563974e-06,False,0.0,-0.08689466927966379
sh,14,95.3,5,20.0,reference,6.708333333333332,7.939968547563974e-06,False,0.0,-0.0868855490630728
sh,14,95.3,6,24.0,reference,6.708333333333332,7.939968547563974e-06,False,0.0,-0.08687354359769278
sh,14,95.3,7,28.0,reference,6.708333333333332,7.939968547563974e-06,False,0.0,-0.08688964549603012
sh,14,95.3,8,32.0,reference,6.708333333333332,7.939968547563974e-06,False,0.0,-0.08689233360679408
sh,14,95.3,9,36.0,reference,6.708333333333332,7.939968547563974e-06,False,0.0,-0.08687460506078888
sh,14,95.3,10,40.0,reference,6.708333333333332,7.939968547563974e-06,False,0.0,-0.08688226944334923
sh,14,95.3,11,44.0,reference,6.708333333333332,7.939968547563974e-06,False,0.0,-0.08689545738738963
sh,14,95.3,12,48.0,reference,6.708333333333332,7.939968547563974e-06,False,0.0,-0.08688020739617061
sh,14,95.3,13,52.0,reference,6.708333333333332,7.939968547563974e-06,False,0.0,-0.08687583963471375
sh,14,95.3,14,56.0,reference,6.708333333333332,7.939968547563974e-06,False,0.0,-0.08689355885955673
sh,14,95.3,15,60.0,reference,6.708333333333332,7.939968547563974e-06,False,0.0,-0.08688774610845869
sh,14,95.3,16,64.0,reference,6.708333333333332,7.939968547563974e-06,False,0.0,-0.0868732932271522
sh,14,95.3,17,68.0,reference,6.708333333333332,7.939968547563974e-06,False,0.0,-0.08688753642001901
sh,14,95.3,18,72.0,reference,6.708333333333332,7.939968547563974e-06,False,0.0,-0.08689370790112559
sh,14,95.3,19,76.0,reference,6.708333333333332,7.939968547563974e-06,False,0.0,-0.08687585447358034
sh,14,95.3,20,80.0,reference,6.708333333333332,7.939968547563974e-06,False,0.0,-0.0868800912067714
sh,14,95.3,21,84.0,reference,6.708333333333332,7.939968547563974e-06,False,0.0,-0.08689538268226768
sh,14,95.3,22,88.0,reference,6.708333333333332,7.939968547563974e-06,False,0.0,-0.08688236759311399
sh,14,95.3,23,92.0,reference,6.708333333333332,7.939968547563974e-06,False,0.0,-0.08687456612733366
sh,14,95.3,24,96.0,reference,6.708333333333332,7.939968547563974e-06,False,0.0,-0.08689207461987761
sh,14,95.3,1,4.0,candidate1,6.708333333333332,7.939968547563974e-06,False,-0.5539067371008497,-0.08497064260876575
sh,14,95.3,2,8.0,candidate1,6.708333333333332,7.939968547563974e-06,False,-0.6639505796710234,-0.08356376718451351
sh,14,95.3,3,12.0,candidate1,6.708333333333332,7.939968547563974e-06,False,-1.4864478984549718,-0.08289937120099097
sh,14,95.3,4,16.0,candidate1,6.708333333333332,7.939968547563974e-06,False,-3.045176663120652,-0.08285329085159637
sh,14,95.3,5,20.0,candidate1,6.708333333333332,7.939968547563974e-06,False,2.2317325635414544,-0.08308469305714053
sh,14,95.3,6,24.0,candidate1,6.708333333333332,7.939968547563974e-06,False,0.8171114915993917,-0.08337228546217351
sh,14,95.3,7,28.0,candidate1,6.708333333333332,7.939968547563974e-06,False,-0.3598719609728729,-0.08357153357853261
sh,14,95.3,8,32.0,candidate1,6.708333333333332,7.939968547563974e-06,False,-1.4030985975033767,-0.08365019047143679
sh,14,95.3,9,36.0,candidate1,6.708333333333332,7.939968547563974e-06,False,-2.8920674609364183,-0.08364986607826079
sh,14,95.3,10,40.0,candidate1,6.708333333333332,7.939968547563974e-06,False,-3.0990947880489257,-0.08359253754066133
sh,14,95.3,11,44.0,candidate1,6.708333333333332,7.939968547563974e-06,False,2.4508582725088455,-0.08349996801997728
sh,14,95.3,12,48.0,candidate1,6.708333333333332,7.939968547563974e-06,False,1.2465355106975495,-0.0834587796264772
sh,14,95.3,13,52.0,candidate1,6.708333333333332,7.939968547563974e-06,False,0.07248024931310959,-0.08350091191707158
sh,14,95.3,14,56.0,candidate1,6.708333333333332,7.939968547563974e-06,False,-1.2171331873237592,-0.08358066194250509
sh,14,95.3,15,60.0,candidate1,6.708333333333332,7.939968547563974e-06,False,-2.800361610009926,-0.08363378283368803
sh,14,95.3,16,64.0,candidate1,6.708333333333332,7.939968547563974e-06,False,1.879897727827299,-0.0836843010718259
sh,14,95.3,17,68.0,candidate1,6.708333333333332,7.939968547563974e-06,False,0.8358790097700894,-0.08372029324887911
sh,14,95.3,18,72.0,candidate1,6.708333333333332,7.939968547563974e-06,False,-1.6357405212257528,-0.08370810808720235
sh,14,95.3,19,76.0,candidate1,6.708333333333332,7.939968547563974e-06,False,-2.5008670546872285,-0.08372336395942588
sh,14,95.3,20,80.0,candidate1,6.708333333333332,7.939968547563974e-06,False,0.9037299717064193,-0.08374449769424783
sh,14,95.3,21,84.0,candidate1,6.708333333333332,7.939968547563974e-06,False,1.115884326499016,-0.0837368018694804
sh,14,95.3,22,88.0,candidate1,6.708333333333332,7.939968547563974e-06,False,3.0476284573473498,-0.08372219910113768
sh,14,95.3,23,92.0,candidate1,6.708333333333332,7.939968547563974e-06,False,-2.778574278879751,-0.08376196554088171
sh,14,95.3,24,96.0,candidate1,6.708333333333332,7.939968547563974e-06,False,-0.612827495588435,-0.0837798165840314
sh,14,95.3,1,4.0,candidate2,6.708333333333332,7.939968547563974e-06,False,0.11002319065282508,-0.08619947008816574
sh,14,95.3,2,8.0,candidate2,6.708333333333332,7.939968547563974e-06,False,-1.301084721948227,-0.08597496682706798
sh,14,95.3,3,12.0,candidate2,6.708333333333332,7.939968547563974e-06,False,-1.8088995863445168,-0.08542317963063793
sh,14,95.3,4,16.0,candidate2,6.708333333333332,7.939968547563974e-06,False,-0.6272614280372921,-0.08579606239131962
sh,14,95.3,5,20.0,candidate2,6.708333333333332,7.939968547563974e-06,False,-0.40316917991546863,-0.0859604631479098
sh,14,95.3,6,24.0,candidate2,6.708333333333332,7.939968547563974e-06,False,-0.7111868206249958,-0.08505005403409246
sh,14,95.3,7,28.0,candidate2,6.708333333333332,7.939968547563974e-06,False,-0.8143383292625241,-0.08548577158420531
sh,14,95.3,8,32.0,candidate2,6.708333333333332,7.939968547563974e-06,False,-0.4141693295571476,-0.08621324129245055
sh,14,95.3,9,36.0,candidate2,6.708333333333332,7.939968547563974e-06,False,-0.36429350626559476,-0.08511585519792167
sh,14,95.3,10,40.0,candidate2,6.708333333333332,7.939968547563974e-06,False,-0.40894362716059407,-0.08520128929586585
sh,14,95.3,11,44.0,candidate2,6.708333333333332,7.939968547563974e-06,False,-0.21076895200107004,-0.08634030951246369
sh,14,95.3,12,48.0,candidate2,6.708333333333332,7.939968547563974e-06,False,-0.06602111796229204,-0.08538642864999084
sh,14,95.3,13,52.0,candidate2,6.708333333333332,7.939968547563974e-06,False,-0.17702462258789708,-0.08486771533519492
sh,14,95.3,14,56.0,candidate2,6.708333333333332,7.939968547563974e-06,False,-0.20038927735982615,-0.08618298650799297
sh,14,95.3,15,60.0,candidate2,6.708333333333332,7.939968547563974e-06,False,0.08977286249874794,-0.08582076033086998
sh,14,95.3,16,64.0,candidate2,6.708333333333332,7.939968547563974e-06,False,0.13067076649770756,-0.0846696542850289
sh,14,95.3,17,68.0,candidate2,6.708333333333332,7.939968547563974e-06,False,0.001202099559818981,-0.08598416935410609
sh,14,95.3,18,72.0,candidate2,6.708333333333332,7.939968547563974e-06,False,-0.0028558591644722857,-0.0865529749696442
sh,14,95.3,19,76.0,candidate2,6.708333333333332,7.939968547563974e-06,False,0.15842720847657155,-0.08476465757342501
sh,14,95.3,20,80.0,candidate2,6.708333333333332,7.939968547563974e-06,False,0.17169827199748,-0.08540829835264778
sh,14,95.3,21,84.0,candidate2,6.708333333333332,7.939968547563974e-06,False,0.13486068268925955,-0.08696525700428198
sh,14,95.3,22,88.0,candidate2,6.708333333333332,7.939968547563974e-06,False,0.24037532500678457,-0.08513128499096695
sh,14,95.3,23,92.0,candidate2,6.708333333333332,7.939968547563974e-06,False,0.34015633274651713,-0.08468135717867856
sh,14,95.3,24,96.0,candidate2,6.708333333333332,7.939968547563974e-06,False,0.34430344972475435,-0.08690306072950638
sh,14,95.3,1,4.0,fusion,6.708333333333332,7.939968547563974e-06,False,0.1096314051280074,-0.08619908872327786
sh,14,95.3,2,8.0,fusion,6.708333333333332,7.939968547563974e-06,False,-1.300534795092305,-0.0859742185146346
sh,14,95.3,3,12.0,fusion,6.708333333333332,7.939968547563974e-06,False,-1.808736542334936,-0.08542239637022513
sh,14,95.3,4,16.0,fusion,6.708333333333332,7.939968547563974e-06,False,-0.6278482621778947,-0.08579514910629216
sh,14,95.3,5,20.0,fusion,6.708333333333332,7.939968547563974e-06,False,-0.40304688384108794,-0.0859595706566882
sh,14,95.3,6,24.0,fusion,6.708333333333332,7.939968547563974e-06,False,-0.7110583364265136,-0.08504953334096504
sh,14,95.3,7,28.0,fusion,6.708333333333332,7.939968547563974e-06,False,-0.8142693493614852,-0.08548517750312018
sh,14,95.3,8,32.0,fusion,6.708333333333332,7.939968547563974e-06,False,-0.4142207941947356,-0.08621244585321652
sh,14,95.3,9,36.0,fusion,6.708333333333332,7.939968547563974e-06,False,-0.36431219861229047,-0.08511540023025077
sh,14,95.3,10,40.0,fusion,6.708333333333332,7.939968547563974e-06,False,-0.408959930698777,-0.08520079002201088
sh,14,95.3,11,44.0,fusion,6.708333333333332,7.939968547563974e-06,False,-0.21074672151003807,-0.08633942801645797
sh,14,95.3,12,48.0,fusion,6.708333333333332,7.939968547563974e-06,False,-0.06597059710108155,-0.0853858304068151
sh,14,95.3,13,52.0,fusion,6.708333333333332,7.939968547563974e-06,False,-0.17701232541694578,-0.08486729114966764
sh,14,95.3,14,56.0,fusion,6.708333333333332,7.939968547563974e-06,False,-0.2004396483346249,-0.08618217888020732
sh,14,95.3,15,60.0,fusion,6.708333333333332,7.939968547563974e-06,False,0.08976165830697558,-0.0858200816054655
sh,14,95.3,16,64.0,fusion,6.708333333333332,7.939968547563974e-06,False,0.1307131834225022,-0.08466934848203868
sh,14,95.3,17,68.0,fusion,6.708333333333332,7.939968547563974e-06,False,0.001217426082760209,-0.08598346676332626
sh,14,95.3,18,72.0,fusion,6.708333333333332,7.939968547563974e-06,False,-0.0028845725869639516,-0.08655209206919004
sh,14,95.3,19,76.0,fusion,6.708333333333332,7.939968547563974e-06,False,0.158420165286962,-0.08476433440940971
sh,14,95.3,20,80.0,fusion,6.708333333333332,7.939968547563974e-06,False,0.17171919185347928,-0.08540778199444277
sh,14,95.3,21,84.0,fusion,6.708333333333332,7.939968547563974e-06,False,0.13487576455367511,-0.08696425505775074
sh,14,95.3,22,88.0,fusion,6.708333333333332,7.939968547563974e-06,False,0.24039068674731734,-0.08513084768313375
sh,14,95.3,23,92.0,fusion,6.708333333333332,7.939968547563974e-06,False,0.3401559909073778,-0.08468107184677091
sh,14,95.3,24,96.0,fusion,6.708333333333332,7.939968547563974e-06,False,0.34417381297035154,-0.08690209143505837
sh,15,95.3,1,4.0,reference,6.708333333333332,7.873066534633989e-06,False,0.0,-0.0868732932271522
sh,15,95.3,2,8.0,reference,6.708333333333332,7.873066534633989e-06,False,0.0,-0.08688753642001901
sh,15,95.3,3,12.0,reference,6.708333333333332,7.873066534633989e-06,False,0.0,-0.08689370790112559
sh,15,95.3,4,16.0,reference,6.708333333333332,7.873066534633989e-06,False,0.0,-0.08687585447358034
sh,15,95.3,5,20.0,reference,6.708333333333332,7.873066534633989e-06,False,0.0,-0.0868800912067714
sh,15,95.3,6,24.0,reference,6.708333333333332,7.873066534633989e-06,False,0.0,-0.08689538268226768
sh,15,95.3,7,28.0,reference,6.708333333333332,7.873066534633989e-06,False,0.0,-0.08688236759311399
sh,15,95.3,8,32.0,reference,6.708333333333332,7.873066534633989e-06,False,0.0,-0.08687456612733366
sh,15,95.3,9,36.0,reference,6.708333333333332,7.873066534633989e-06,False,0.0,-0.08689207461987761
sh,15,95.3,10,40.0,reference,6.708333333333332,7.873066534633989e-06,False,0.0,-0.08688979454151381
sh,15,95.3,11,44.0,reference,6.708333333333332,7.873066534633989e-06,False,0.0,-0.08687350871138247
sh,15,95.3,12,48.0,reference,6.708333333333332,7.873066534633989e-06,False,0.0,-0.0868853023811457
sh,15,95.3,13,52.0,reference,6.708333333333332,7.873066534633989e-06,False,0.0,-0.08689468858892407
sh,15,95.3,14,56.0,reference,6.708333333333332,7.873066534633989e-06,False,0.0,-0.08687746104684038
sh,15,95.3,15,60.0,reference,6.708333333333332,7.873066534633989e-06,False,0.0,-0.08687809233916906
sh,15,95.3,16,64.0,reference,6.708333333333332,7.873066534633989e-06,False,0.0,-0.08689485732057312
sh,15,95.3,17,68.0,reference,6.708333333333332,7.873066534633989e-06,False,0.0,-0.08688460678928116
sh,15,95.3,18,72.0,reference,6.708333333333332,7.873066534633989e-06,False,0.0,-0.08687369982153545
sh,15,95.3,19,76.0,reference,6.708333333333332,7.873066534633989e-06,False,0.0,-0.08689028103885485
sh,15,95.3,20,80.0,reference,6.708333333333332,7.873066534633989e-06,False,0.0,-0.08689160710745769
sh,15,95.3,21,84.0,reference,6.708333333333332,7.873066534633989e-06,False,0.0,-0.08687417852809971
sh,15,95.3,22,88.0,reference,6.708333333333332,7.873066534633989e-06,False,0.0,-0.08688303235727311
sh,15,95.3,23,92.0,reference,6.708333333333332,7.873066534633989e-06,False,0.0,-0.08689523982171354
sh,15,95.3,24,96.0,reference,6.708333333333332,7.873066534633989e-06,False,0.0,-0.08687935621409697
sh,15,95.3,1,4.0,candidate1,6.708333333333332,7.873066534633989e-06,False,2.7581796737173656,-0.08496942542112557
sh,15,95.3,2,8.0,candidate1,6.708333333333332,7.873066534633989e-06,False,2.752540071452384,-0.08353561556119597
sh,15,95.3,3,12.0,candidate1,6.708333333333332,7.873066534633989e-06,False,2.0310429621252974,-0.08288191629198241
sh,15,95.3,4,16.0,candidate1,6.708333333333332,7.873066534633989e-06,False,0.47693760183240447,-0.08284339494913562
sh,15,95.3,5,20.0,candidate1,6.708333333333332,7.873066534633989e-06,False,-0.5811407769046117,-0.08310165016793278
sh,15,95.3,6,24.0,candidate1,6.708333333333332,7.873066534633989e-06,False,-1.960733530560162,-0.08340316620741739
sh,15,95.3,7,28.0,candidate1,6.708333333333332,7.873066534633989e-06,False,-3.1120357945487034,-0.08358480969987028
sh,15,95.3,8,32.0,candidate1,6.708333333333332,7.873066534633989e-06,False,2.2095799319513816,-0.08366290138460619
sh,15,95.3,9,36.0,candidate1,6.708333333333332,7.873066534633989e-06,False,0.8224767834394096,-0.08365409316771731
sh,15,95.3,10,40.0,candidate1,6.708333333333332,7.873066534633989e-06,False,0.4624576352999017,-0.08358414827684375
sh,15,95.3,11,44.0,candidate1,6.708333333333332,7.873066534633989e-06,False,-0.39392843486221496,-0.08349894876054774
sh,15,95.3,12,48.0,candidate1,6.708333333333332,7.873066534633989e-06,False,-1.6131788635471322,-0.08345859251214183
sh,15,95.3,13,52.0,candidate1,6.708333333333332,7.873066534633989e-06,False,-2.9003998239237245,-0.08350596614214847
sh,15,95.3,14,56.0,candidate1,6.708333333333332,7.873066534633989e-06,False,1.976030084309866,-0.08355113461011371
sh,15,95.3,15,60.0,candidate1,6.708333333333332,7.873066534633989e-06,False,0.5762379182202636,-0.08363054394902643
sh,15,95.3,16,64.0,candidate1,6.708333333333332,7.873066534633989e-06,False,-0.9802124378528108,-0.08369242175558088
sh,15,95.3,17,68.0,candidate1,6.708333333333332,7.873066534633989e-06,False,-2.134452462401234,-0.08373315225625556
sh,15,95.3,18,72.0,candidate1,6.708333333333332,7.873066534633989e-06,False,1.9394723454863272,-0.08372586352700098
sh,15,95.3,19,76.0,candidate1,6.708333333333332,7.873066534633989e-06,False,1.0439039228850604,-0.08372341784297882
sh,15,95.3,20,80.0,candidate1,6.708333333333332,7.873066534633989e-06,False,-2.0381524246154994,-0.08374460028827643
sh,15,95.3,21,84.0,candidate1,6.708333333333332,7.873066534633989e-06,False,-1.7194565215106257,-0.08373227415193661
sh,15,95.3,22,88.0,candidate1,6.708333333333332,7.873066534633989e-06,False,0.3566537331151829,-0.08376453583104194
sh,15,95.3,23,92.0,candidate1,6.708333333333332,7.873066534633989e-06,False,0.5964441950236883,-0.08379461518624345
sh,15,95.3,24,96.0,candidate1,6.708333333333332,7.873066534633989e-06,False,2.6957558648561104,-0.08380283314087605
sh,15,95.3,1,4.0,candidate2,6.708333333333332,7.873066534633989e-06,False,-2.870782821399097,-0.08620872122127704
sh,15,95.3,2,8.0,candidate2,6.708333333333332,7.873066534633989e-06,False,2.111626674421302,-0.0859749718906247
sh,15,95.3,3,12.0,candidate2,6.708333333333332,7.873066534633989e-06,False,1.6960198045455035,-0.08542178483362035
sh,15,95.3,4,16.0,candidate2,6.708333333333332,7.873066534633989e-06,False,2.8607312041078528,-0.08580061331745775
sh,15,95.3,5,20.0,candidate2,6.708333333333332,7.873066534633989e-06,False,3.001083982528096,-0.0859653211365942
sh,15,95.3,6,24.0,candidate2,6.708333333333332,7.873066534633989e-06,False,2.6974081482377636,-0.08505090108019422
sh,15,95.3,7,28.0,candidate2,6.708333333333332,7.873066534633989e-06,False,2.654520521729115,-0.08548560701970342
sh,15,95.3,8,32.0,candidate2,6.708333333333332,7.873066534633989e-06,False,3.055241605654387,-0.0862144884631028
sh,15,95.3,9,36.0,candidate2,6.708333333333332,7.873066534633989e-06,False,3.064639245120078,-0.08511509382483215
sh,15,95.3,10,40.0,candidate2,6.708333333333332,7.873066534633989e-06,False,3.0323674597061836,-0.0851962268415849
sh,15,95.3,11,44.0,candidate2,6.708333333333332,7.873066534633989e-06,False,-3.0199014836479607,-0.08633943236501357
sh,15,95.3,12,48.0,candidate2,6.708333333333332,7.873066534633989e-06,False,-2.899380016890161,-0.08538390919603991
sh,15,95.3,13,52.0,candidate2,6.708333333333332,7.873066534633989e-06,False,-3.041410051478931,-0.08486006414528659
sh,15,95.3,14,56.0,candidate2,6.708333333333332,7.873066534633989e-06,False,-3.0428513670915067,-0.0861814013609377
sh,15,95.3,15,60.0,candidate2,6.708333333333332,7.873066534633989e-06,False,-2.7304964103571523,-0.08582046819470708
sh,15,95.3,16,64.0,candidate2,6.708333333333332,7.873066534633989e-06,False,-2.7185276311188833,-0.08465637732915222
sh,15,95.3,17,68.0,candidate2,6.708333333333332,7.873066534633989e-06,False,-2.8595074081271887,-0.08597854403551701
sh,15,95.3,18,72.0,candidate2,6.708333333333332,7.873066534633989e-06,False,-2.828968511848401,-0.08655953411852459
sh,15,95.3,19,76.0,candidate2,6.708333333333332,7.873066534633989e-06,False,-2.6606773898698597,-0.08475360508786378
sh,15,95.3,20,80.0,candidate2,6.708333333333332,7.873066534633989e-06,False,-2.6850604083469314,-0.08538635738108886
sh,15,95.3,21,84.0,candidate2,6.708333333333332,7.873066534633989e-06,False,-2.714003820395493,-0.08696286025612476
sh,15,95.3,22,88.0,candidate2,6.708333333333332,7.873066534633989e-06,False,-2.5614899058043235,-0.08512049650634113
sh,15,95.3,23,92.0,candidate2,6.708333333333332,7.873066534633989e-06,False,-2.5169367643214544,-0.08466396669312272
sh,15,95.3,24,96.0,candidate2,6.708333333333332,7.873066534633989e-06,False,-2.638589238178514,-0.08690259382785291
sh,15,95.3,1,4.0,fusion,6.708333333333332,7.873066534633989e-06,False,-2.870794385706763,-0.08620870965542504
sh,15,95.3,2,8.0,fusion,6.708333333333332,7.873066534633989e-06,False,2.1116433312316865,-0.08597494912508781
sh,15,95.3,3,12.0,fusion,6.708333333333332,7.873066534633989e-06,False,1.696024894215467,-0.08542176113004321
sh,15,95.3,4,16.0,fusion,6.708333333333332,7.873066534633989e-06,False,2.860713266654858,-0.0858005857189216
sh,15,95.3,5,20.0,fusion,6.708333333333332,7.873066534633989e-06,False,3.0010871978254463,-0.08596529441109853
sh,15,95.3,6,24.0,fusion,6.708333333333332,7.873066534633989e-06,False,2.6974117631313113,-0.08505088570254375
sh,15,95.3,7,28.0,fusion,6.708333333333332,7.873066534633989e-06,False,2.6545227402004246,-0.08548558928032236
sh,15,95.3,8,32.0,fusion,6.708333333333332,7.873066534633989e-06,False,3.0552401661724753,-0.08621446465016122
sh,15,95.3,9,36.0,fusion,6.708333333333332,7.873066534633989e-06,False,3.064638475644823,-0.08511508018989741
sh,15,95.3,10,40.0,fusion,6.708333333333332,7.873066534633989e-06,False,3.0323667929182654,-0.08519621179670049
sh,15,95.3,11,44.0,fusion,6.708333333333332,7.873066534633989e-06,False,-3.0199007157721827,-0.08633940585591628
sh,15,95.3,12,48.0,fusion,6.708333333333332,7.873066534633989e-06,False,-2.8993784679863035,-0.08538389122782943
sh,15,95.3,13,52.0,fusion,6.708333333333332,7.873066534633989e-06,False,-3.0414098599575565,-0.08486005150803155
sh,15,95.3,14,56.0,fusion,6.708333333333332,7.873066534633989e-06,False,-3.0428531206875165,-0.08618137681371023
sh,15,95.3,15,60.0,fusion,6.708333333333332,7.873066534633989e-06,False,-2.730496682937163,-0.08582044775702007
sh,15,95.3,16,64.0,fusion,6.708333333333332,7.873066534633989e-06,False,-2.71852631866942,-0.08465636833294043
sh,15,95.3,17,68.0,fusion,6.708333333333332,7.873066534633989e-06,False,-2.8595069520939393,-0.08597852308017369
sh,15,95.3,18,72.0,fusion,6.708333333333332,7.873066534633989e-06,False,-2.8289693310378254,-0.08655950767301043
sh,15,95.3,19,76.0,fusion,6.708333333333332,7.873066534633989e-06,False,-2.66067757567843,-0.08475359547353829
sh,15,95.3,20,80.0,fusion,6.708333333333332,7.873066534633989e-06,False,-2.685059868916859,-0.08538634205922661
sh,15,95.3,21,84.0,fusion,6.708333333333332,7.873066534633989e-06,False,-2.714003558115773,-0.08696283010635689
sh,15,95.3,22,88.0,fusion,6.708333333333332,7.873066534633989e-06,False,-2.561489548369282,-0.08512048385170252
sh,15,95.3,23,92.0,fusion,6.708333333333332,7.873066534633989e-06,False,-2.516936748201384,-0.08466395857981285
sh,15,95.3,24,96.0,fusion,6.708333333333332,7.873066534633989e-06,False,-2.6385930785923426,-0.08690256489902631
hp,0,100.5,1,4.0,reference,0.9583333333333333,0.006094028398024858,False,0.0,-0.109257031283829
hp,0,100.5,2,8.0,reference,0.9583333333333333,0.006094028398024858,False,0.0,-0.08898561584204093
hp,0,100.5,3,12.0,reference,0.9583333333333333,0.006094028398024858,False,0.0,-0.08786978829467576
hp,0,100.5,4,16.0,reference,0.9583333333333333,0.006094028398024858,False,0.0,-0.08189641290756733
hp,0,100.5,5,20.0,reference,0.9583333333333333,0.006094028398024858,False,0.0,-0.08173750387857386
hp,0,100.5,6,24.0,reference,0.9583333333333333,0.006094028398024858,False,0.0,-0.0869399831753638
hp,0,100.5,7,28.0,reference,0.9583333333333333,0.006094028398024858,False,0.0,-0.08353612537839206
hp,0,100.5,8,32.0,reference,0.9583333333333333,0.006094028398024858,False,0.0,-0.07896808471219446
hp,0,100.5,9,36.0,reference,0.9583333333333333,0.006094028398024858,False,0.0,-0.08450040394455298
hp,0,100.5,10,40.0,reference,0.9583333333333333,0.006094028398024858,False,0.0,-0.08616596049733319
hp,0,100.5,11,44.0,reference,0.9583333333333333,0.006094028398024858,False,0.0,-0.07903542337224859
hp,0,100.5,12,48.0,reference,0.9583333333333333,0.006094028398024858,False,0.0,-0.08131847019539393
hp,0,100.5,13,52.0,reference,0.9583333333333333,0.006094028398024858,False,0.0,-0.08783175191558398
hp,0,100.5,14,56.0,reference,0.9583333333333333,0.006094028398024858,False,0.0,-0.08154270155087766
hp,0,100.5,15,60.0,reference,0.9583333333333333,0.006094028398024858,False,0.0,-0.07791371825213828
hp,0,100.5,16,64.0,reference,0.9583333333333333,0.006094028398024858,False,0.0,-0.08698069192016071
hp,0,100.5,17,68.0,reference,0.9583333333333333,0.006094028398024858,False,0.0,-0.08572827972733724
hp,0,100.5,18,72.0,reference,0.9583333333333333,0.006094028398024858,False,0.0,-0.07637604604352835
hp,0,100.5,19,76.0,reference,0.9583333333333333,0.006094028398024858,False,0.0,-0.08332988089215482
hp,0,100.5,20,80.0,reference,0.9583333333333333,0.006094028398024858,False,0.0,-0.08948817424605397
hp,0,100.5,21,84.0,reference,0.9583333333333333,0.006094028398024858,False,0.0,-0.07831191760479067
hp,0,100.5,22,88.0,reference,0.9583333333333333,0.006094028398024858,False,0.0,-0.07805038448318927
hp,0,100.5,23,92.0,reference,0.9583333333333333,0.006094028398024858,False,0.0,-0.09044843280270617
hp,0,100.5,24,96.0,reference,0.9583333333333333,0.006094028398024858,False,0.0,-0.0836878283700543
hp,0,100.5,1,4.0,candidate1,0.9583333333333333,0.006094028398024858,False,-0.018923367242707375,-0.11775904506211199
hp,0,100.5,2,8.0,candidate1,0.9583333333333333,0.006094028398024858,False,0.06322662611790264,-0.08818828960826908
hp,0,100.5,3,12.0,candidate1,0.9583333333333333,0.006094028398024858,False,0.5097335889712957,-0.0834158363112717
hp,0,100.5,4,16.0,candidate1,0.9583333333333333,0.006094028398024858,False,0.5038271119782127,-0.07446709004842456
hp,0,100.5,5,20.0,candidate1,0.9583333333333333,0.006094028398024858,False,0.7370601017502366,-0.08264540515879545
hp,0,100.5,6,24.0,candidate1,0.9583333333333333,0.006094028398024858,False,-0.22223041930854093,-0.08791126562931179
hp,0,100.5,7,28.0,candidate1,0.9583333333333333,0.006094028398024858,False,0.43025980652636153,-0.08342373816249071
hp,0,100.5,8,32.0,candidate1,0.9583333333333333,0.006094028398024858,False,0.08729420524742207,-0.0797717301977656
hp,0,100.5,9,36.0,candidate1,0.9583333333333333,0.006094028398024858,False,0.07382794709957241,-0.08487167431055181
hp,0,100.5,10,40.0,candidate1,0.9583333333333333,0.006094028398024858,False,-0.8956369722201718,-0.08805765231666823
hp,0,100.5,11,44.0,candidate1,0.9583333333333333,0.006094028398024858,False,-0.0627914442183321,-0.08150556448781876
hp,0,100.5,12,48.0,candidate1,0.9583333333333333,0.006094028398024858,False,0.15371420537535063,-0.08288941965805217
hp,0,100.5,13,52.0,candidate1,0.9583333333333333,0.006094028398024858,False,0.32076207353790265,-0.09038224916414866
hp,0,100.5,14,56.0,candidate1,0.9583333333333333,0.006094028398024858,False,-0.24068666343433853,-0.08194957666522892
hp,0,100.5,15,60.0,candidate1,0.9583333333333333,0.006094028398024858,False,-0.09233732108994586,-0.07744445530468066
hp,0,100.5,16,64.0,candidate1,0.9583333333333333,0.006094028398024858,False,0.11826155800997018,-0.08832560210866282
hp,0,100.5,17,68.0,candidate1,0.9583333333333333,0.006094028398024858,False,0.30526645624820925,-0.0853991624240291
hp,0,100.5,18,72.0,candidate1,0.9583333333333333,0.006094028398024858,False,0.0423050999717593,-0.074295309096833
hp,0,100.5,19,76.0,candidate1,0.9583333333333333,0.006094028398024858,False,0.11000605140005693,-0.08508105275211014
hp,0,100.5,20,80.0,candidate1,0.9583333333333333,0.006094028398024858,False,0.25955830513266975,-0.09163846211906669
hp,0,100.5,21,84.0,candidate1,0.9583333333333333,0.006094028398024858,False,0.25760202758272455,-0.0741276471128556
hp,0,100.5,22,88.0,candidate1,0.9583333333333333,0.006094028398024858,False,0.08049746107731037,-0.07808760959179395
hp,0,100.5,23,92.0,candidate1,0.9583333333333333,0.006094028398024858,False,0.25301866509586013,-0.09613310658467503
hp,0,100.5,24,96.0,candidate1,0.9583333333333333,0.006094028398024858,False,-0.34428074802445807,-0.08172111222792966
hp,0,100.5,1,4.0,candidate2,0.9583333333333333,0.006094028398024858,False,-0.13616235738875404,-0.1364953844667635
hp,0,100.5,2,8.0,candidate2,0.9583333333333333,0.006094028398024858,False,-0.5497429209151581,-0.12026531668635339
hp,0,100.5,3,12.0,candidate2,0.9583333333333333,0.006094028398024858,False,-0.4762454199089494,-0.11364045429332141
hp,0,100.5,4,16.0,candidate2,0.9583333333333333,0.006094028398024858,False,-0.6561398841301167,-0.10827866114794267
hp,0,100.5,5,20.0,candidate2,0.9583333333333333,0.006094028398024858,False,-1.5418132736121248,-0.10072677670004929
hp,0,100.5,6,24.0,candidate2,0.9583333333333333,0.006094028398024858,False,0.7728559480550616,-0.09631703273200336
hp,0,100.5,7,28.0,candidate2,0.9583333333333333,0.006094028398024858,False,0.20690055777730243,-0.09754425388571959
hp,0,100.5,8,32.0,candidate2,0.9583333333333333,0.006094028398024858,False,-0.8252016891270555,-0.09618006568796139
hp,0,100.5,9,36.0,candidate2,0.9583333333333333,0.006094028398024858,False,-1.8411583012310093,-0.09135758451972538
hp,0,100.5,10,40.0,candidate2,0.9583333333333333,0.006094028398024858,False,1.643760095861755,-0.08878140240700731
hp,0,100.5,11,44.0,candidate2,0.9583333333333333,0.006094028398024858,False,0.2992640603339767,-0.08791989268017059
hp,0,100.5,12,48.0,candidate2,0.9583333333333333,0.006094028398024858,False,-0.6717879535097717,-0.08763040067690556
hp,0,100.5,13,52.0,candidate2,0.9583333333333333,0.006094028398024858,False,-1.9754127778596382,-0.08878787965657019
hp,0,100.5,14,56.0,candidate2,0.9583333333333333,0.006094028398024858,False,1.9039395772026875,-0.09089154702603633
hp,0,100.5,15,60.0,candidate2,0.9583333333333333,0.006094028398024858,False,0.6520828518559145,-0.0932525294567256
hp,0,100.5,16,64.0,candidate2,0.9583333333333333,0.006094028398024858,False,-0.4642584233214315,-0.09544145491932665
hp,0,100.5,17,68.0,candidate2,0.9583333333333333,0.006094028398024858,False,-2.2274201121791677,-0.09700047634095461
hp,0,100.5,18,72.0,candidate2,0.9583333333333333,0.006094028398024858,False,1.8168477735252568,-0.09737941391099388
hp,0,100.5,19,76.0,candidate2,0.9583333333333333,0.006094028398024858,False,0.6376935404179012,-0.09647029054971551
hp,0,100.5,20,80.0,candidate2,0.9583333333333333,0.006094028398024858,False,-0.8037597364263469,-0.09531810074393171
hp,0,100.5,21,84.0,candidate2,0.9583333333333333,0.006094028398024858,False,-2.856504982472721,-0.09488976091203424
hp,0,100.5,22,88.0,candidate2,0.9583333333333333,0.006094028398024858,False,0.9476218721008731,-0.09499980591809594
hp,0,100.5,23,92.0,candidate2,0.9583333333333333,0.006094028398024858,False,-0.10764930396381532,-0.0951962530820297
hp,0,100.5,24,96.0,candidate2,0.9583333333333333,0.006094028398024858,False,0.13923212999291887,-0.09533398890220507
hp,0,100.5,1,4.0,fusion,0.9583333333333333,0.006094028398024858,False,-0.021257494319310677,-0.11815155610064919
hp,0,100.5,2,8.0,fusion,0.9583333333333333,0.006094028398024858,False,0.05258485788483602,-0.08886027717957018
hp,0,100.5,3,12.0,fusion,0.9583333333333333,0.006094028398024858,False,0.4848837054782584,-0.08404901742190951
hp,0,100.5,4,16.0,fusion,0.9583333333333333,0.006094028398024858,False,0.4821804142131395,-0.07517541490314786
hp,0,100.5,5,20.0,fusion,0.9583333333333333,0.006094028398024858,False,0.7105527730213004,-0.08302419515445877
hp,0,100.5,6,24.0,fusion,0.9583333333333333,0.006094028398024858,False,-0.14226079622910315,-0.08808735959857242
hp,0,100.5,7,28.0,fusion,0.9583333333333333,0.006094028398024858,False,0.42098512660017406,-0.08371955145725998
hp,0,100.5,8,32.0,fusion,0.9583333333333333,0.006094028398024858,False,0.06190895668786642,-0.08011547145185094
hp,0,100.5,9,36.0,fusion,0.9583333333333333,0.006094028398024858,False,0.0364167272673761,-0.0850075488427686
hp,0,100.5,10,40.0,fusion,0.9583333333333333,0.006094028398024858,False,-0.830144508520936,-0.08807281429113213
hp,0,100.5,11,44.0,fusion,0.9583333333333333,0.006094028398024858,False,-0.04216316256522695,-0.08163993943512962
hp,0,100.5,12,48.0,fusion,0.9583333333333333,0.006094028398024858,False,0.12368226313431352,-0.08298873934602352
hp,0,100.5,13,52.0,fusion,0.9583333333333333,0.006094028398024858,False,0.2861899597206774,-0.09034884842253549
hp,0,100.5,14,56.0,fusion,0.9583333333333333,0.006094028398024858,False,-0.2061621070383537,-0.08213690365568779
hp,0,100.5,15,60.0,fusion,0.9583333333333333,0.006094028398024858,False,-0.07347075262869042,-0.07777562157300477
hp,0,100.5,16,64.0,fusion,0.9583333333333333,0.006094028398024858,False,0.10329066932731701,-0.08847467342491461
hp,0,100.5,17,68.0,fusion,0.9583333333333333,0.006094028398024858,False,0.28912678312174145,-0.08564220049435772
hp,0,100.5,18,72.0,fusion,0.9583333333333333,0.006094028398024858,False,0.06042824535584207,-0.07477890227683584
hp,0,100.5,19,76.0,fusion,0.9583333333333333,0.006094028398024858,False,0.11624642409941123,-0.08531964800060225
hp,0,100.5,20,80.0,fusion,0.9583333333333333,0.006094028398024858,False,0.24601516485155567,-0.09171554754898417
hp,0,100.5,21,84.0,fusion,0.9583333333333333,0.006094028398024858,False,0.2573022812454797,-0.07456259647374945
hp,0,100.5,22,88.0,fusion,0.9583333333333333,0.006094028398024858,False,0.08757260400591815,-0.07844190631969875
hp,0,100.5,23,92.0,fusion,0.9583333333333333,0.006094028398024858,False,0.2495498988407472,-0.09611348026742389
hp,0,100.5,24,96.0,fusion,0.9583333333333333,0.006094028398024858,False,-0.3286721975809328,-0.08200629089839995
hp,1,100.5,1,4.0,reference,6.708333333333332,0.007770659027734741,True,0.0,-0.07791371825213828
hp,1,100.5,2,8.0,reference,6.708333333333332,0.007770659027734741,True,0.0,-0.08698069192016071
hp,1,100.5,3,12.0,reference,6.708333333333332,0.007770659027734741,True,0.0,-0.08572827972733724
hp,1,100.5,4,16.0,reference,6.708333333333332,0.007770659027734741,True,0.0,-0.07637604604352835
hp,1,100.5,5,20.0,reference,6.708333333333332,0.007770659027734741,True,0.0,-0.08332988089215482
hp,1,100.5,6,24.0,reference,6.708333333333332,0.007770659027734741,True,0.0,-0.08948817424605397
hp,1,100.5,7,28.0,reference,6.708333333333332,0.007770659027734741,True,0.0,-0.07831191760479067
hp,1,100.5,8,32.0,reference,6.708333333333332,0.007770659027734741,True,0.0,-0.07805038448318927
hp,1,100.5,9,36.0,reference,6.708333333333332,0.007770659027734741,True,0.0,-0.09044843280270617
hp,1,100.5,10,40.0,reference,6.708333333333332,0.007770659027734741,True,0.0,-0.0836878283700543
hp,1,100.5,11,44.0,reference,6.708333333333332,0.007770659027734741,True,0.0,-0.07378017329270503
hp,1,100.5,12,48.0,reference,6.708333333333332,0.007770659027734741,True,0.0,-0.08720104347660367
hp,1,100.5,13,52.0,reference,6.708333333333332,0.007770659027734741,True,0.0,-0.09024673733553115
hp,1,100.5,14,56.0,reference,6.708333333333332,0.007770659027734741,True,0.0,-0.0736563034423649
hp,1,100.5,15,60.0,reference,6.708333333333332,0.007770659027734741,True,0.0,-0.08020346231765675
hp,1,100.5,16,64.0,reference,6.708333333333332,0.007770659027734741,True,0.0,-0.09437499121211322
hp,1,100.5,17,68.0,reference,6.708333333333332,0.007770659027734741,True,0.0,-0.079281882588087
hp,1,100.5,18,72.0,reference,6.708333333333332,0.007770659027734741,True,0.0,-0.07224655002769742
hp,1,100.5,19,76.0,reference,6.708333333333332,0.007770659027734741,True,0.0,-0.09303325683801972
hp,1,100.5,20,80.0,reference,6.708333333333332,0.007770659027734741,True,0.0,-0.08894179827092841
hp,1,100.5,21,84.0,reference,6.708333333333332,0.007770659027734741,True,0.0,-0.06808555189776762
hp,1,100.5,22,88.0,reference,6.708333333333332,0.007770659027734741,True,0.0,-0.08533944983873104
hp,1,100.5,23,92.0,reference,6.708333333333332,0.007770659027734741,True,0.0,-0.0977945923276235
hp,1,100.5,24,96.0,reference,6.708333333333332,0.007770659027734741,True,0.0,-0.07199675858692492
hp,1,100.5,1,4.0,candidate1,6.708333333333332,0.007770659027734741,True,0.1956061671515763,-0.07896772944044621
hp,1,100.5,2,8.0,candidate1,6.708333333333332,0.007770659027734741,True,0.11126181628220788,-0.08623056264012494
hp,1,100.5,3,12.0,candidate1,6.708333333333332,0.007770659027734741,True,-0.5687988741168528,-0.08629043999301408
hp,1,100.5,4,16.0,candidate1,6.708333333333332,0.007770659027734741,True,-0.1890937442152141,-0.07798703804502202
hp,1,100.5,5,20.0,candidate1,6.708333333333332,0.007770659027734741,True,-0.0077401524366296215,-0.08382265796619981
hp,1,100.5,6,24.0,candidate1,6.708333333333332,0.007770659027734741,True,0.10581014799241827,-0.09043471303516785
hp,1,100.5,7,28.0,candidate1,6.708333333333332,0.007770659027734741,True,0.1039983187694089,-0.07722234295719335
hp,1,100.5,8,32.0,candidate1,6.708333333333332,0.007770659027734741,True,-0.00398989726649146,-0.07741538404302879
hp,1,100.5,9,36.0,candidate1,6.708333333333332,0.007770659027734741,True,-0.05536877996955569,-0.09176677244025286
hp,1,100.5,10,40.0,candidate1,6.708333333333332,0.007770659027734741,True,0.008653825963874207,-0.0840513892534885
hp,1,100.5,11,44.0,candidate1,6.708333333333332,0.007770659027734741,True,0.08301828122115334,-0.07327214101836615
hp,1,100.5,12,48.0,candidate1,6.708333333333332,0.007770659027734741,True,0.10359718093026915,-0.08936474915358142
hp,1,100.5,13,52.0,candidate1,6.708333333333332,0.007770659027734741,True,0.14139158821561226,-0.09103177109648018
hp,1,100.5,14,56.0,candidate1,6.708333333333332,0.007770659027734741,True,0.1778999286488025,-0.0697105582666249
hp,1,100.5,15,60.0,candidate1,6.708333333333332,0.007770659027734741,True,0.14741044968184713,-0.08156694021111818
hp,1,100.5,16,64.0,candidate1,6.708333333333332,0.007770659027734741,True,0.1073550682559663,-0.09946298341261013
hp,1,100.5,17,68.0,candidate1,6.708333333333332,0.007770659027734741,True,0.14907020103716448,-0.07555223430060853
hp,1,100.5,18,72.0,candidate1,6.708333333333332,0.007770659027734741,True,0.2248707472443945,-0.07000648299728461
hp,1,100.5,19,76.0,candidate1,6.708333333333332,0.007770659027734741,True,0.22417421402072923,-0.10131892064776142
hp,1,100.5,20,80.0,candidate1,6.708333333333332,0.007770659027734741,True,0.177616107374452,-0.08862421556189848
hp,1,100.5,21,84.0,candidate1,6.708333333333332,0.007770659027734741,True,0.17787645979326414,-0.061252572015248787
hp,1,100.5,22,88.0,candidate1,6.708333333333332,0.007770659027734741,True,0.22166518274273672,-0.09206996079122848
hp,1,100.5,23,92.0,candidate1,6.708333333333332,0.007770659027734741,True,0.21027617503690577,-0.10430757664095697
hp,1,100.5,24,96.0,candidate1,6.708333333333332,0.007770659027734741,True,0.17388657606231595,-0.0618558658079566
hp,1,100.5,1,4.0,candidate2,6.708333333333332,0.007770659027734741,True,-0.059760646591912714,-0.07684416832317095
hp,1,100.5,2,8.0,candidate2,6.708333333333332,0.007770659027734741,True,-0.07860552895259598,-0.08632604067807839
hp,1,100.5,3,12.0,candidate2,6.708333333333332,0.007770659027734741,True,0.07132797790958723,-0.08469421141062337
hp,1,100.5,4,16.0,candidate2,6.708333333333332,0.007770659027734741,True,0.1829727550468506,-0.07610404834512008
hp,1,100.5,5,20.0,candidate2,6.708333333333332,0.007770659027734741,True,0.14514586415074127,-0.08402590502556993
hp,1,100.5,6,24.0,candidate2,6.708333333333332,0.007770659027734741,True,0.0781964989031052,-0.08906858761368071
hp,1,100.5,7,28.0,candidate2,6.708333333333332,0.007770659027734741,True,0.062330603260378314,-0.0776937397672981
hp,1,100.5,8,32.0,candidate2,6.708333333333332,0.007770659027734741,True,0.09733124039241749,-0.07859483503079902
hp,1,100.5,9,36.0,candidate2,6.708333333333332,0.007770659027734741,True,0.11467051385141236,-0.08983709047143726
hp,1,100.5,10,40.0,candidate2,6.708333333333332,0.007770659027734741,True,0.10601793780524703,-0.08242239153059433
hp,1,100.5,11,44.0,candidate2,6.708333333333332,0.007770659027734741,True,0.09474748017995394,-0.07380948122114142
hp,1,100.5,12,48.0,candidate2,6.708333333333332,0.007770659027734741,True,0.08245123241716268,-0.08758383968478507
hp,1,100.5,13,52.0,candidate2,6.708333333333332,0.007770659027734741,True,0.06493980883638661,-0.08936897372794558
hp,1,100.5,14,56.0,candidate2,6.708333333333332,0.007770659027734741,True,0.06032728345166083,-0.07360945506970462
hp,1,100.5,15,60.0,candidate2,6.708333333333332,0.007770659027734741,True,0.07988922192592374,-0.08095521518790362
hp,1,100.5,16,64.0,candidate2,6.708333333333332,0.007770659027734741,True,0.0912046127726649,-0.09341493163589584
hp,1,100.5,17,68.0,candidate2,6.708333333333332,0.007770659027734741,True,0.07365698326056846,-0.0784133297805492
hp,1,100.5,18,72.0,candidate2,6.708333333333332,0.007770659027734741,True,0.052022285288074184,-0.07287758843917988
hp,1,100.5,19,76.0,candidate2,6.708333333333332,0.007770659027734741,True,0.05976383811411479,-0.09273983868410071
hp,1,100.5,20,80.0,candidate2,6.708333333333332,0.007770659027734741,True,0.09492068349979266,-0.08720365247071328
hp,1,100.5,21,84.0,candidate2,6.708333333333332,0.007770659027734741,True,0.12644527634296923,-0.06924813707452618
hp,1,100.5,22,88.0,candidate2,6.708333333333332,0.007770659027734741,True,0.13084873286596754,-0.08697773837062343
hp,1,100.5,23,92.0,candidate2,6.708333333333332,0.007770659027734741,True,0.09617610600933534,-0.09609006523258476
hp,1,100.5,24,96.0,candidate2,6.708333333333332,0.007770659027734741,True,0.027145154140940653,-0.07187986083113462
hp,1,100.5,1,4.0,fusion,6.708333333333332,0.007770659027734741,True,0.06850566299038463,-0.07773540438694959
hp,1,100.5,2,8.0,fusion,6.708333333333332,0.007770659027734741,True,-0.01932506999834871,-0.08628596955884818
hp,1,100.5,3,12.0,fusion,6.708333333333332,0.007770659027734741,True,-0.14379504954587485,-0.08536413160603842
hp,1,100.5,4,16.0,fusion,6.708333333333332,0.007770659027734741,True,0.03051311029608228,-0.07689431913818753
hp,1,100.5,5,20.0,fusion,6.708333333333332,0.007770659027734741,True,0.07985156641872138,-0.083940604391793
hp,1,100.5,6,24.0,fusion,6.708333333333332,0.007770659027734741,True,0.09033271495690043,-0.08964193595452638
hp,1,100.5,7,28.0,fusion,6.708333333333332,0.007770659027734741,True,0.08195583043463116,-0.07749589952898434
hp,1,100.5,8,32.0,fusion,6.708333333333332,0.007770659027734741,True,0.04775739053412986,-0.07809983196862724
hp,1,100.5,9,36.0,fusion,6.708333333333332,0.007770659027734741,True,0.03437785814256378,-0.0906469575142274
hp,1,100.5,10,40.0,fusion,6.708333333333332,0.007770659027734741,True,0.062293764679824726,-0.08310606458650308
hp,1,100.5,11,44.0,fusion,6.708333333333332,0.007770659027734741,True,0.08946293998494947,-0.07358396524077448
hp,1,100.5,12,48.0,fusion,6.708333333333332,0.007770659027734741,True,0.09223620793728537,-0.0883312684882248
hp,1,100.5,13,52.0,fusion,6.708333333333332,0.007770659027734741,True,0.10153462868214104,-0.09006683213641736
hp,1,100.5,14,56.0,fusion,6.708333333333332,0.007770659027734741,True,0.11987626672480377,-0.07197312946005394
hp,1,100.5,15,60.0,fusion,6.708333333333332,0.007770659027734741,True,0.11552766314862173,-0.08121194968797027
hp,1,100.5,16,64.0,fusion,6.708333333333332,0.007770659027734741,True,0.09967694931045701,-0.09595323477921412
hp,1,100.5,17,68.0,fusion,6.708333333333332,0.007770659027734741,True,0.11256391693611811,-0.07721255837213832
hp,1,100.5,18,72.0,fusion,6.708333333333332,0.007770659027734741,True,0.14335033396872143,-0.07167261595597138
hp,1,100.5,19,76.0,fusion,6.708333333333332,0.007770659027734741,True,0.14936742438704267,-0.09634038833531014
hp,1,100.5,20,80.0,fusion,6.708333333333332,0.007770659027734741,True,0.1397859644342665,-0.08779984772378968
hp,1,100.5,21,84.0,fusion,6.708333333333332,0.007770659027734741,True,0.1540196612931521,-0.06589248327527987
hp,1,100.5,22,88.0,fusion,6.708333333333332,0.007770659027734741,True,0.18058721975883074,-0.08911489007730404
hp,1,100.5,23,92.0,fusion,6.708333333333332,0.007770659027734741,True,0.16026462337987057,-0.09953886755905175
hp,1,100.5,24,96.0,fusion,6.708333333333332,0.007770659027734741,True,0.10846089062181385,-0.06767289650356359
hp,2,100.5,1,4.0,reference,6.708333333333332,0.015087707834244757,True,0.0,-0.08020346231765675
hp,2,100.5,2,8.0,reference,6.708333333333332,0.015087707834244757,True,0.0,-0.09437499121211322
hp,2,100.5,3,12.0,reference,6.708333333333332,0.015087707834244757,True,0.0,-0.079281882588087
hp,2,100.5,4,16.0,reference,6.708333333333332,0.015087707834244757,True,0.0,-0.07224655002769742
hp,2,100.5,5,20.0,reference,6.708333333333332,0.015087707834244757,True,0.0,-0.09303325683801972
hp,2,100.5,6,24.0,reference,6.708333333333332,0.015087707834244757,True,0.0,-0.08894179827092841
hp,2,100.5,7,28.0,reference,6.708333333333332,0.015087707834244757,True,0.0,-0.06808555189776762
hp,2,100.5,8,32.0,reference,6.708333333333332,0.015087707834244757,True,0.0,-0.08533944983873104
hp,2,100.5,9,36.0,reference,6.708333333333332,0.015087707834244757,True,0.0,-0.0977945923276235
hp,2,100.5,10,40.0,reference,6.708333333333332,0.015087707834244757,True,0.0,-0.07199675858692492
hp,2,100.5,11,44.0,reference,6.708333333333332,0.015087707834244757,True,0.0,-0.07338781163926375
hp,2,100.5,12,48.0,reference,6.708333333333332,0.015087707834244757,True,0.0,-0.10047840568739341
hp,2,100.5,13,52.0,reference,6.708333333333332,0.015087707834244757,True,0.0,-0.08419669137754081
hp,2,100.5,14,56.0,reference,6.708333333333332,0.015087707834244757,True,0.0,-0.0630231996468972
hp,2,100.5,15,60.0,reference,6.708333333333332,0.015087707834244757,True,0.0,-0.093996712709178
hp,2,100.5,16,64.0,reference,6.708333333333332,0.015087707834244757,True,0.0,-0.09921830388423483
hp,2,100.5,17,68.0,reference,6.708333333333332,0.015087707834244757,True,0.0,-0.062200579471112134
hp,2,100.5,18,72.0,reference,6.708333333333332,0.015087707834244757,True,0.0,-0.07890465577320863
hp,2,100.5,19,76.0,reference,6.708333333333332,0.015087707834244757,True,0.0,-0.1084778567012112
hp,2,100.5,20,80.0,reference,6.708333333333332,0.015087707834244757,True,0.0,-0.07498961162356237
hp,2,100.5,21,84.0,reference,6.708333333333332,0.015087707834244757,True,0.0,-0.06088741110525106
hp,2,100.5,22,88.0,reference,6.708333333333332,0.015087707834244757,True,0.0,-0.10579843007655547
hp,2,100.5,23,92.0,reference,6.708333333333332,0.015087707834244757,True,0.0,-0.0967111628933033
hp,2,100.5,24,96.0,reference,6.708333333333332,0.015087707834244757,True,0.0,-0.05175426765488339
hp,2,100.5,1,4.0,candidate1,6.708333333333332,0.015087707834244757,True,-0.05563399440237715,-0.07799613661409807
hp,2,100.5,2,8.0,candidate1,6.708333333333332,0.015087707834244757,True,-0.09020247938113622,-0.09271275991348653
hp,2,100.5,3,12.0,candidate1,6.708333333333332,0.015087707834244757,True,0.08836378393719024,-0.07996033724525174
hp,2,100.5,4,16.0,candidate1,6.708333333333332,0.015087707834244757,True,-0.03076350813303752,-0.07265003611176177
hp,2,100.5,5,20.0,candidate1,6.708333333333332,0.015087707834244757,True,-0.11236340530722355,-0.09221858764112867
hp,2,100.5,6,24.0,candidate1,6.708333333333332,0.015087707834244757,True,-0.11136668794956828,-0.0901810842290264
hp,2,100.5,7,28.0,candidate1,6.708333333333332,0.015087707834244757,True,-0.025519345744853657,-0.06864766372856264
hp,2,100.5,8,32.0,candidate1,6.708333333333332,0.015087707834244757,True,-0.029902160054726457,-0.08499261025992763
hp,2,100.5,9,36.0,candidate1,6.708333333333332,0.015087707834244757,True,-0.05778518916381703,-0.0997571103568774
hp,2,100.5,10,40.0,candidate1,6.708333333333332,0.015087707834244757,True,-0.03535369234932306,-0.07094350695110886
hp,2,100.5,11,44.0,candidate1,6.708333333333332,0.015087707834244757,True,0.0036620068684523055,-0.07156357605671879
hp,2,100.5,12,48.0,candidate1,6.708333333333332,0.015087707834244757,True,0.011129671937229357,-0.10516193708505708
hp,2,100.5,13,52.0,candidate1,6.708333333333332,0.015087707834244757,True,-0.006898781614916416,-0.08487837249214598
hp,2,100.5,14,56.0,candidate1,6.708333333333332,0.015087707834244757,True,-0.0042782164966935765,-0.05972061549122012
hp,2,100.5,15,60.0,candidate1,6.708333333333332,0.015087707834244757,True,0.005163256574177488,-0.09643371916202331
hp,2,100.5,16,64.0,candidate1,6.708333333333332,0.015087707834244757,True,0.004590534099352617,-0.10292614736563543
hp,2,100.5,17,68.0,candidate1,6.708333333333332,0.015087707834244757,True,0.025383315117374794,-0.05738459390650761
hp,2,100.5,18,72.0,candidate1,6.708333333333332,0.015087707834244757,True,0.060909458843419584,-0.08022581749044544
hp,2,100.5,19,76.0,candidate1,6.708333333333332,0.015087707834244757,True,0.06046791867456047,-0.11742737091978682
hp,2,100.5,20,80.0,candidate1,6.708333333333332,0.015087707834244757,True,0.006653892670475781,-0.07277466681843062
hp,2,100.5,21,84.0,candidate1,6.708333333333332,0.015087707834244757,True,-0.07399710754831812,-0.05385032674303976
hp,2,100.5,22,88.0,candidate1,6.708333333333332,0.015087707834244757,True,-0.06900938591048034,-0.11055788597267766
hp,2,100.5,23,92.0,candidate1,6.708333333333332,0.015087707834244757,True,-0.031077965193471613,-0.10256330013554199
hp,2,100.5,24,96.0,candidate1,6.708333333333332,0.015087707834244757,True,-0.018910961833495388,-0.04376528219158651
hp,2,100.5,1,4.0,candidate2,6.708333333333332,0.015087707834244757,True,0.0011451654030492087,-0.0801192643204898
hp,2,100.5,2,8.0,candidate2,6.708333333333332,0.015087707834244757,True,0.07717224723502136,-0.09343160990481558
hp,2,100.5,3,12.0,candidate2,6.708333333333332,0.015087707834244757,True,0.19873328720416528,-0.07705912018751992
hp,2,100.5,4,16.0,candidate2,6.708333333333332,0.015087707834244757,True,0.1652546937298074,-0.07237568260980387
hp,2,100.5,5,20.0,candidate2,6.708333333333332,0.015087707834244757,True,0.12517193251964986,-0.09489652219054162
hp,2,100.5,6,24.0,candidate2,6.708333333333332,0.015087707834244757,True,0.15826538142959978,-0.08693263964075061
hp,2,100.5,7,28.0,candidate2,6.708333333333332,0.015087707834244757,True,0.19460196992077466,-0.0672735431169375
hp,2,100.5,8,32.0,candidate2,6.708333333333332,0.015087707834244757,True,0.1805794406403063,-0.08862770533773873
hp,2,100.5,9,36.0,candidate2,6.708333333333332,0.015087707834244757,True,0.16346009257277094,-0.09760271245916492
hp,2,100.5,10,40.0,candidate2,6.708333333333332,0.015087707834244757,True,0.17885138891446473,-0.06946655967659882
hp,2,100.5,11,44.0,candidate2,6.708333333333332,0.015087707834244757,True,0.18480813007804373,-0.07612181308739967
hp,2,100.5,12,48.0,candidate2,6.708333333333332,0.015087707834244757,True,0.16512771618135244,-0.10229101383088705
hp,2,100.5,13,52.0,candidate2,6.708333333333332,0.015087707834244757,True,0.1534444111890545,-0.08145636628765468
hp,2,100.5,14,56.0,candidate2,6.708333333333332,0.015087707834244757,True,0.17772121995137513,-0.06471169057814637
hp,2,100.5,15,60.0,candidate2,6.708333333333332,0.015087707834244757,True,0.1809025473818413,-0.09758661748630389
hp,2,100.5,16,64.0,candidate2,6.708333333333332,0.015087707834244757,True,0.15684389138656263,-0.0970709167500924
hp,2,100.5,17,68.0,candidate2,6.708333333333332,0.015087707834244757,True,0.13055195883929926,-0.06035565435865588
hp,2,100.5,18,72.0,candidate2,6.708333333333332,0.015087707834244757,True,0.11984035347486333,-0.08202819321178426
hp,2,100.5,19,76.0,candidate2,6.708333333333332,0.015087707834244757,True,0.11709353904236151,-0.10968531312726645
hp,2,100.5,20,80.0,candidate2,6.708333333333332,0.015087707834244757,True,0.11976650071225259,-0.07201354362393023
hp,2,100.5,21,84.0,candidate2,6.708333333333332,0.015087707834244757,True,0.14256307716692485,-0.06353436189370562
hp,2,100.5,22,88.0,candidate2,6.708333333333332,0.015087707834244757,True,0.1511229000422536,-0.10819739354579999
hp,2,100.5,23,92.0,candidate2,6.708333333333332,0.015087707834244757,True,0.11079091052066725,-0.09346881430816428
hp,2,100.5,24,96.0,candidate2,6.708333333333332,0.015087707834244757,True,0.0543759357605046,-0.05099550358881848
hp,2,100.5,1,4.0,fusion,6.708333333333332,0.015087707834244757,True,-0.02731202237986685,-0.07916085850648653
hp,2,100.5,2,8.0,fusion,6.708333333333332,0.015087707834244757,True,0.006360190968119905,-0.09310711222669107
hp,2,100.5,3,12.0,fusion,6.708333333333332,0.015087707834244757,True,0.15874765965679014,-0.07836876505129554
hp,2,100.5,4,16.0,fusion,6.708333333333332,0.015087707834244757,True,0.08398133440134592,-0.07249952913612305
hp,2,100.5,5,20.0,fusion,6.708333333333332,0.015087707834244757,True,0.01893847889924993,-0.09368766978192253
hp,2,100.5,6,24.0,fusion,6.708333333333332,0.015087707834244757,True,0.039925940469126564,-0.08839902725864954
hp,2,100.5,7,28.0,fusion,6.708333333333332,0.015087707834244757,True,0.10025025767989945,-0.06789383796748205
hp,2,100.5,8,32.0,fusion,6.708333333333332,0.015087707834244757,True,0.08778524957093237,-0.08698677895985743
hp,2,100.5,9,36.0,fusion,6.708333333333332,0.015087707834244757,True,0.061677044656433644,-0.0985752340199867
hp,2,100.5,10,40.0,fusion,6.708333333333332,0.015087707834244757,True,0.07724548752935612,-0.07013327174041167
hp,2,100.5,11,44.0,fusion,6.708333333333332,0.015087707834244757,True,0.096866646536121,-0.07406416914132066
hp,2,100.5,12,48.0,fusion,6.708333333333332,0.015087707834244757,True,0.08879217690028707,-0.10358698370122046
hp,2,100.5,13,52.0,fusion,6.708333333333332,0.015087707834244757,True,0.07305523202436204,-0.08300110174189335
hp,2,100.5,14,56.0,fusion,6.708333333333332,0.015087707834244757,True,0.08738881402353216,-0.0624586582395658
hp,2,100.5,15,60.0,fusion,6.708333333333332,0.015087707834244757,True,0.09451853001370701,-0.0970661850819701
hp,2,100.5,16,64.0,fusion,6.708333333333332,0.015087707834244757,True,0.08189876471398837,-0.09971403946351762
hp,2,100.5,17,68.0,fusion,6.708333333333332,0.015087707834244757,True,0.07846779276762267,-0.05901448133240708
hp,2,100.5,18,72.0,fusion,6.708333333333332,0.015087707834244757,True,0.09023026528389488,-0.08121457876685519
hp,2,100.5,19,76.0,fusion,6.708333333333332,0.015087707834244757,True,0.08822851373831453,-0.1131801727055964
hp,2,100.5,20,80.0,fusion,6.708333333333332,0.015087707834244757,True,0.06119991681029302,-0.07235712394299716
hp,2,100.5,21,84.0,fusion,6.708333333333332,0.015087707834244757,True,0.03009574833064721,-0.05916286998416634
hp,2,100.5,22,88.0,fusion,6.708333333333332,0.015087707834244757,True,0.03912771860857723,-0.1092629486977673
hp,2,100.5,23,92.0,fusion,6.708333333333332,0.015087707834244757,True,0.03851389741189348,-0.09757417644257038
hp,2,100.5,24,96.0,fusion,6.708333333333332,0.015087707834244757,True,0.016876110744097617,-0.047731693219439125
hp,3,100.5,1,4.0,reference,6.708333333333332,0.02542395409417918,True,0.0,-0.093996712709178
hp,3,100.5,2,8.0,reference,6.708333333333332,0.02542395409417918,True,0.0,-0.09921830388423483
hp,3,100.5,3,12.0,reference,6.708333333333332,0.02542395409417918,True,0.0,-0.062200579471112134
hp,3,100.5,4,16.0,reference,6.708333333333332,0.02542395409417918,True,0.0,-0.07890465577320863
hp,3,100.5,5,20.0,reference,6.708333333333332,0.02542395409417918,True,0.0,-0.1084778567012112
hp,3,100.5,6,24.0,reference,6.708333333333332,0.02542395409417918,True,0.0,-0.07498961162356237
hp,3,100.5,7,28.0,reference,6.708333333333332,0.02542395409417918,True,0.0,-0.06088741110525106
hp,3,100.5,8,32.0,reference,6.708333333333332,0.02542395409417918,True,0.0,-0.10579843007655547
hp,3,100.5,9,36.0,reference,6.708333333333332,0.02542395409417918,True,0.0,-0.0967111628933033
hp,3,100.5,10,40.0,reference,6.708333333333332,0.02542395409417918,True,0.0,-0.05175426765488339
hp,3,100.5,11,44.0,reference,6.708333333333332,0.02542395409417918,True,0.0,-0.08972470299466878
hp,3,100.5,12,48.0,reference,6.708333333333332,0.02542395409417918,True,0.0,-0.11517358037695205
hp,3,100.5,13,52.0,reference,6.708333333333332,0.02542395409417918,True,0.0,-0.06170187122836935
hp,3,100.5,14,56.0,reference,6.708333333333332,0.02542395409417918,True,0.0,-0.06425441793300331
hp,3,100.5,15,60.0,reference,6.708333333333332,0.02542395409417918,True,0.0,-0.11913932873366201
hp,3,100.5,16,64.0,reference,6.708333333333332,0.02542395409417918,True,0.0,-0.08893203729471276
hp,3,100.5,17,68.0,reference,6.708333333333332,0.02542395409417918,True,0.0,-0.04395019694584046
hp,3,100.5,18,72.0,reference,6.708333333333332,0.02542395409417918,True,0.0,-0.10483942552348277
hp,3,100.5,19,76.0,reference,6.708333333333332,0.02542395409417918,True,0.0,-0.11818368531241559
hp,3,100.5,20,80.0,reference,6.708333333333332,0.02542395409417918,True,0.0,-0.046870597702580064
hp,3,100.5,21,84.0,reference,6.708333333333332,0.02542395409417918,True,0.0,-0.0741979805474009
hp,3,100.5,22,88.0,reference,6.708333333333332,0.02542395409417918,True,0.0,-0.13139058920790142
hp,3,100.5,23,92.0,reference,6.708333333333332,0.02542395409417918,True,0.0,-0.07629399683666391
hp,3,100.5,24,96.0,reference,6.708333333333332,0.02542395409417918,True,0.0,-0.041946723208126535
hp,3,100.5,1,4.0,candidate1,6.708333333333332,0.02542395409417918,True,-0.265449417983267,-0.0871557425266292
hp,3,100.5,2,8.0,candidate1,6.708333333333332,0.02542395409417918,True,-0.07656703906567497,-0.09693891071681084
hp,3,100.5,3,12.0,candidate1,6.708333333333332,0.02542395409417918,True,0.04944469119705536,-0.06107672337057228
hp,3,100.5,4,16.0,candidate1,6.708333333333332,0.02542395409417918,True,-0.026259153958352544,-0.07597968451710077
hp,3,100.5,5,20.0,candidate1,6.708333333333332,0.02542395409417918,True,-0.1690693200465232,-0.11250167688734994
hp,3,100.5,6,24.0,candidate1,6.708333333333332,0.02542395409417918,True,-0.17283093620117285,-0.07762413988378389
hp,3,100.5,7,28.0,candidate1,6.708333333333332,0.02542395409417918,True,-0.0945123388218384,-0.05553268725943353
hp,3,100.5,8,32.0,candidate1,6.708333333333332,0.02542395409417918,True,-0.10537123253477798,-0.10609255732929894
hp,3,100.5,9,36.0,candidate1,6.708333333333332,0.02542395409417918,True,-0.15175012764703721,-0.10199635612188147
hp,3,100.5,10,40.0,candidate1,6.708333333333332,0.02542395409417918,True,-0.072060120992681,-0.04918864778672391
hp,3,100.5,11,44.0,candidate1,6.708333333333332,0.02542395409417918,True,-0.005597707323358403,-0.08942356202598416
hp,3,100.5,12,48.0,candidate1,6.708333333333332,0.02542395409417918,True,-0.05635279051216057,-0.12067080319423498
hp,3,100.5,13,52.0,candidate1,6.708333333333332,0.02542395409417918,True,-0.16207873146776464,-0.0625230929264295
hp,3,100.5,14,56.0,candidate1,6.708333333333332,0.02542395409417918,True,-0.149816258680315,-0.05660957487224311
hp,3,100.5,15,60.0,candidate1,6.708333333333332,0.02542395409417918,True,-0.0897117101856071,-0.12286146481934088
hp,3,100.5,16,64.0,candidate1,6.708333333333332,0.02542395409417918,True,-0.08626822130489731,-0.09373999908455238
hp,3,100.5,17,68.0,candidate1,6.708333333333332,0.02542395409417918,True,-0.1074116037016091,-0.036084260204916896
hp,3,100.5,18,72.0,candidate1,6.708333333333332,0.02542395409417918,True,-0.05302276330101652,-0.10437978726574335
hp,3,100.5,19,76.0,candidate1,6.708333333333332,0.02542395409417918,True,-0.011576098089146392,-0.12249970312310748
hp,3,100.5,20,80.0,candidate1,6.708333333333332,0.02542395409417918,True,-0.04581807531215575,-0.04234428740801216
hp,3,100.5,21,84.0,candidate1,6.708333333333332,0.02542395409417918,True,-0.10929813354197426,-0.0679441032219922
hp,3,100.5,22,88.0,candidate1,6.708333333333332,0.02542395409417918,True,-0.09700560645882407,-0.13549069151538096
hp,3,100.5,23,92.0,candidate1,6.708333333333332,0.02542395409417918,True,-0.08647241319932264,-0.08037764064012844
hp,3,100.5,24,96.0,candidate1,6.708333333333332,0.02542395409417918,True,-0.12401024445886077,-0.03562441898692609
hp,3,100.5,1,4.0,candidate2,6.708333333333332,0.02542395409417918,True,0.10672051739176823,-0.09678407439740769
hp,3,100.5,2,8.0,candidate2,6.708333333333332,0.02542395409417918,True,0.12420637100536469,-0.09827871221208007
hp,3,100.5,3,12.0,candidate2,6.708333333333332,0.02542395409417918,True,0.10570970226349719,-0.058119692108041604
hp,3,100.5,4,16.0,candidate2,6.708333333333332,0.02542395409417918,True,0.13277034559421044,-0.08209088005527894
hp,3,100.5,5,20.0,candidate2,6.708333333333332,0.02542395409417918,True,0.18310536818223433,-0.11114602107162283
hp,3,100.5,6,24.0,candidate2,6.708333333333332,0.02542395409417918,True,0.17632369747074617,-0.06976520153985423
hp,3,100.5,7,28.0,candidate2,6.708333333333332,0.02542395409417918,True,0.14394965635735477,-0.06210649068095735
hp,3,100.5,8,32.0,candidate2,6.708333333333332,0.02542395409417918,True,0.1315169243151968,-0.11069397740560963
hp,3,100.5,9,36.0,candidate2,6.708333333333332,0.02542395409417918,True,0.13810145670723495,-0.09446061704528928
hp,3,100.5,10,40.0,candidate2,6.708333333333332,0.02542395409417918,True,0.11712434147690119,-0.049253686921836265
hp,3,100.5,11,44.0,candidate2,6.708333333333332,0.02542395409417918,True,0.09440059360037778,-0.09466093584290226
hp,3,100.5,12,48.0,candidate2,6.708333333333332,0.02542395409417918,True,0.09211330471891399,-0.11620148515527962
hp,3,100.5,13,52.0,candidate2,6.708333333333332,0.02542395409417918,True,0.09977919484336872,-0.05921790401899276
hp,3,100.5,14,56.0,candidate2,6.708333333333332,0.02542395409417918,True,0.06693325445750564,-0.06594672217409418
hp,3,100.5,15,60.0,candidate2,6.708333333333332,0.02542395409417918,True,0.033083941775874155,-0.12458744920309259
hp,3,100.5,16,64.0,candidate2,6.708333333333332,0.02542395409417918,True,0.03600667132954883,-0.08918970052745266
hp,3,100.5,17,68.0,candidate2,6.708333333333332,0.02542395409417918,True,0.08642657508319823,-0.044503011692131264
hp,3,100.5,18,72.0,candidate2,6.708333333333332,0.02542395409417918,True,0.098151709260903,-0.11137829736460382
hp,3,100.5,19,76.0,candidate2,6.708333333333332,0.02542395409417918,True,0.05824823440103888,-0.1194303413453015
hp,3,100.5,20,80.0,candidate2,6.708333333333332,0.02542395409417918,True,0.014001750061922502,-0.046959815399297555
hp,3,100.5,21,84.0,candidate2,6.708333333333332,0.02542395409417918,True,0.026178410740407276,-0.07670320913410501
hp,3,100.5,22,88.0,candidate2,6.708333333333332,0.02542395409417918,True,0.05293937520952108,-0.13653723272429902
hp,3,100.5,23,92.0,candidate2,6.708333333333332,0.02542395409417918,True,0.07044058103881179,-0.07379767094786158
hp,3,100.5,24,96.0,candidate2,6.708333333333332,0.02542395409417918,True,0.0816132050044192,-0.041449695010313654
hp,3,100.5,1,4.0,fusion,6.708333333333332,0.02542395409417918,True,-0.0727344130323484,-0.09219686231505689
hp,3,100.5,2,8.0,fusion,6.708333333333332,0.02542395409417918,True,0.044210169555040306,-0.09764039254367485
hp,3,100.5,3,12.0,fusion,6.708333333333332,0.02542395409417918,True,0.08081298882482363,-0.059528506191043606
hp,3,100.5,4,16.0,fusion,6.708333333333332,0.02542395409417918,True,0.05542900937645867,-0.07917933209592587
hp,3,100.5,5,20.0,fusion,6.708333333333332,0.02542395409417918,True,0.007531908582731007,-0.11179189419075429
hp,3,100.5,6,24.0,fusion,6.708333333333332,0.02542395409417918,True,0.012158579312494755,-0.07350942405000015
hp,3,100.5,7,28.0,fusion,6.708333333333332,0.02542395409417918,True,0.029208557362615295,-0.058974543123797074
hp,3,100.5,8,32.0,fusion,6.708333333333332,0.02542395409417918,True,0.012648334728664334,-0.10850172956316823
hp,3,100.5,9,36.0,fusion,6.708333333333332,0.02542395409417918,True,-0.003938957941540977,-0.09805085820082102
hp,3,100.5,10,40.0,fusion,6.708333333333332,0.02542395409417918,True,0.0286163069971811,-0.04922270042174288
hp,3,100.5,11,44.0,fusion,6.708333333333332,0.02542395409417918,True,0.0461881145342169,-0.09216570148920607
hp,3,100.5,12,48.0,fusion,6.708333333333332,0.02542395409417918,True,0.017157479231696193,-0.11833079581711774
hp,3,100.5,13,52.0,fusion,6.708333333333332,0.02542395409417918,True,-0.030938570824718625,-0.060792590339959776
hp,3,100.5,14,56.0,fusion,6.708333333333332,0.02542395409417918,True,-0.03736711164475415,-0.061498238730380336
hp,3,100.5,15,60.0,fusion,6.708333333333332,0.02542395409417918,True,-0.027136113444003577,-0.12376514098549533
hp,3,100.5,16,64.0,fusion,6.708333333333332,0.02542395409417918,True,-0.026311006440869592,-0.09135759261920537
hp,3,100.5,17,68.0,fusion,6.708333333333332,0.02542395409417918,True,-0.011420280893372103,-0.04049207822424115
hp,3,100.5,18,72.0,fusion,6.708333333333332,0.02542395409417918,True,0.02424791420453465,-0.10804400742582639
hp,3,100.5,19,76.0,fusion,6.708333333333332,0.02542395409417918,True,0.02380246572798184,-0.12089267289153631
hp,3,100.5,20,80.0,fusion,6.708333333333332,0.02542395409417918,True,-0.016210120535579017,-0.04476084614354206
hp,3,100.5,21,84.0,fusion,6.708333333333332,0.02542395409417918,True,-0.040919614589203235,-0.07253012110495449
hp,3,100.5,22,88.0,fusion,6.708333333333332,0.02542395409417918,True,-0.018877699367220835,-0.1360386306255495
hp,3,100.5,23,92.0,fusion,6.708333333333332,0.02542395409417918,True,-0.005372994510481233,-0.07693255629238056
hp,3,100.5,24,96.0,fusion,6.708333333333332,0.02542395409417918,True,-0.020514048926892972,-0.0386743672675495
hp,4,100.5,1,4.0,reference,6.708333333333332,0.03664686454961039,True,0.0,-0.11913932873366201
hp,4,100.5,2,8.0,reference,6.708333333333332,0.03664686454961039,True,0.0,-0.08893203729471276
hp,4,100.5,3,12.0,reference,6.708333333333332,0.03664686454961039,True,0.0,-0.04395019694584046
hp,4,100.5,4,16.0,reference,6.708333333333332,0.03664686454961039,True,0.0,-0.10483942552348277
hp,4,100.5,5,20.0,reference,6.708333333333332,0.03664686454961039,True,0.0,-0.11818368531241559
hp,4,100.5,6,24.0,reference,6.708333333333332,0.03664686454961039,True,0.0,-0.046870597702580064
hp,4,100.5,7,28.0,reference,6.708333333333332,0.03664686454961039,True,0.0,-0.0741979805474009
hp,4,100.5,8,32.0,reference,6.708333333333332,0.03664686454961039,True,0.0,-0.13139058920790142
hp,4,100.5,9,36.0,reference,6.708333333333332,0.03664686454961039,True,0.0,-0.07629399683666391
hp,4,100.5,10,40.0,reference,6.708333333333332,0.03664686454961039,True,0.0,-0.041946723208126535
hp,4,100.5,11,44.0,reference,6.708333333333332,0.03664686454961039,True,0.0,-0.12143178848741022
hp,4,100.5,12,48.0,reference,6.708333333333332,0.03664686454961039,True,0.0,-0.11572490294791032
hp,4,100.5,13,52.0,reference,6.708333333333332,0.03664686454961039,True,0.0,-0.03420479951853331
hp,4,100.5,14,56.0,reference,6.708333333333332,0.03664686454961039,True,0.0,-0.08894523262498744
hp,4,100.5,15,60.0,reference,6.708333333333332,0.03664686454961039,True,0.0,-0.1397707359151869
hp,4,100.5,16,64.0,reference,6.708333333333332,0.03664686454961039,True,0.0,-0.061402755056055726
hp,4,100.5,17,68.0,reference,6.708333333333332,0.03664686454961039,True,0.0,-0.04665935108134471
hp,4,100.5,18,72.0,reference,6.708333333333332,0.03664686454961039,True,0.0,-0.1361033761330685
hp,4,100.5,19,76.0,reference,6.708333333333332,0.03664686454961039,True,0.0,-0.10794605207461672
hp,4,100.5,20,80.0,reference,6.708333333333332,0.03664686454961039,True,0.0,-0.02641331945377945
hp,4,100.5,21,84.0,reference,6.708333333333332,0.03664686454961039,True,0.0,-0.10504424242974907
hp,4,100.5,22,88.0,reference,6.708333333333332,0.03664686454961039,True,0.0,-0.14280428167605155
hp,4,100.5,23,92.0,reference,6.708333333333332,0.03664686454961039,True,0.0,-0.0472179961341745
hp,4,100.5,24,96.0,reference,6.708333333333332,0.03664686454961039,True,0.0,-0.05651490117113315
hp,4,100.5,1,4.0,candidate1,6.708333333333332,0.03664686454961039,True,0.12968937205106676,-0.12961935784828638
hp,4,100.5,2,8.0,candidate1,6.708333333333332,0.03664686454961039,True,0.08770926714697946,-0.08379991625497021
hp,4,100.5,3,12.0,candidate1,6.708333333333332,0.03664686454961039,True,0.009371115664042707,-0.038437318047882876
hp,4,100.5,4,16.0,candidate1,6.708333333333332,0.03664686454961039,True,-0.08175612094402207,-0.10127210269649575
hp,4,100.5,5,20.0,candidate1,6.708333333333332,0.03664686454961039,True,-0.07993363321154011,-0.12044548536266911
hp,4,100.5,6,24.0,candidate1,6.708333333333332,0.03664686454961039,True,-0.0500820980096478,-0.04354649553065387
hp,4,100.5,7,28.0,candidate1,6.708333333333332,0.03664686454961039,True,-0.042186300558633594,-0.06954457014286541
hp,4,100.5,8,32.0,candidate1,6.708333333333332,0.03664686454961039,True,-0.05445497927270271,-0.1345896211970395
hp,4,100.5,9,36.0,candidate1,6.708333333333332,0.03664686454961039,True,-0.05499039075232037,-0.07749199843838114
hp,4,100.5,10,40.0,candidate1,6.708333333333332,0.03664686454961039,True,-0.04396877146301126,-0.0378072362464134
hp,4,100.5,11,44.0,candidate1,6.708333333333332,0.03664686454961039,True,-0.03647609602968371,-0.1212090686167942
hp,4,100.5,12,48.0,candidate1,6.708333333333332,0.03664686454961039,True,-0.024178137486502216,-0.11842804026498369
hp,4,100.5,13,52.0,candidate1,6.708333333333332,0.03664686454961039,True,-0.023502015608602624,-0.027633110548613934
hp,4,100.5,14,56.0,candidate1,6.708333333333332,0.03664686454961039,True,-0.043786953265821715,-0.0854643133875731
hp,4,100.5,15,60.0,candidate1,6.708333333333332,0.03664686454961039,True,-0.06998351925391155,-0.14414005864895255
hp,4,100.5,16,64.0,candidate1,6.708333333333332,0.03664686454961039,True,-0.07183117648081172,-0.06337708679132881
hp,4,100.5,17,68.0,candidate1,6.708333333333332,0.03664686454961039,True,-0.018967545415846776,-0.045070131416978826
hp,4,100.5,18,72.0,candidate1,6.708333333333332,0.03664686454961039,True,0.002669293410888507,-0.13755336727857792
hp,4,100.5,19,76.0,candidate1,6.708333333333332,0.03664686454961039,True,-0.009738578256541786,-0.10972734323893858
hp,4,100.5,20,80.0,candidate1,6.708333333333332,0.03664686454961039,True,-0.05113790981647295,-0.019775834254641522
hp,4,100.5,21,84.0,candidate1,6.708333333333332,0.03664686454961039,True,-0.0771966014761194,-0.0995362902653488
hp,4,100.5,22,88.0,candidate1,6.708333333333332,0.03664686454961039,True,-0.08139235822980462,-0.14514378618294332
hp,4,100.5,23,92.0,candidate1,6.708333333333332,0.03664686454961039,True,-0.06432397204875862,-0.047213619900558834
hp,4,100.5,24,96.0,candidate1,6.708333333333332,0.03664686454961039,True,0.044557551144170815,-0.05251667463494741
hp,4,100.5,1,4.0,candidate2,6.708333333333332,0.03664686454961039,True,0.1051736806146959,-0.12561644258528182
hp,4,100.5,2,8.0,candidate2,6.708333333333332,0.03664686454961039,True,0.08551983107864358,-0.08702969490878461
hp,4,100.5,3,12.0,candidate2,6.708333333333332,0.03664686454961039,True,0.09644613623208563,-0.042194179347666026
hp,4,100.5,4,16.0,candidate2,6.708333333333332,0.03664686454961039,True,0.10572050467831073,-0.11256470749709656
hp,4,100.5,5,20.0,candidate2,6.708333333333332,0.03664686454961039,True,0.0889465229568156,-0.11919187396965152
hp,4,100.5,6,24.0,candidate2,6.708333333333332,0.03664686454961039,True,0.06015853191279252,-0.0452332161863213
hp,4,100.5,7,28.0,candidate2,6.708333333333332,0.03664686454961039,True,0.05583110947423009,-0.07797160505481585
hp,4,100.5,8,32.0,candidate2,6.708333333333332,0.03664686454961039,True,0.08114129248082635,-0.13743228596566687
hp,4,100.5,9,36.0,candidate2,6.708333333333332,0.03664686454961039,True,0.09518511884692905,-0.07225283128424057
hp,4,100.5,10,40.0,candidate2,6.708333333333332,0.03664686454961039,True,0.08730289512971469,-0.04153832661132209
hp,4,100.5,11,44.0,candidate2,6.708333333333332,0.03664686454961039,True,0.07674698034359874,-0.1291406032441051
hp,4,100.5,12,48.0,candidate2,6.708333333333332,0.03664686454961039,True,0.07137462676946704,-0.11562842623535932
hp,4,100.5,13,52.0,candidate2,6.708333333333332,0.03664686454961039,True,0.06858496988048421,-0.03261016811324745
hp,4,100.5,14,56.0,candidate2,6.708333333333332,0.03664686454961039,True,0.0559052322249467,-0.09437771037733683
hp,4,100.5,15,60.0,candidate2,6.708333333333332,0.03664686454961039,True,0.04591554252854069,-0.14537978797186818
hp,4,100.5,16,64.0,candidate2,6.708333333333332,0.03664686454961039,True,0.047209117525990545,-0.05903425610628514
hp,4,100.5,17,68.0,candidate2,6.708333333333332,0.03664686454961039,True,0.06680241957325705,-0.048890313018466316
hp,4,100.5,18,72.0,candidate2,6.708333333333332,0.03664686454961039,True,0.08438110533478227,-0.14350817299667437
hp,4,100.5,19,76.0,candidate2,6.708333333333332,0.03664686454961039,True,0.08546293455344811,-0.10584619662741836
hp,4,100.5,20,80.0,candidate2,6.708333333333332,0.03664686454961039,True,0.06248632079735674,-0.024458278029197256
hp,4,100.5,21,84.0,candidate2,6.708333333333332,0.03664686454961039,True,0.03750970330839354,-0.10976269372090824
hp,4,100.5,22,88.0,candidate2,6.708333333333332,0.03664686454961039,True,0.035350930738832886,-0.14400984732387057
hp,4,100.5,23,92.0,candidate2,6.708333333333332,0.03664686454961039,True,0.047281115187349565,-0.046109690409517234
hp,4,100.5,24,96.0,candidate2,6.708333333333332,0.03664686454961039,True,0.08749112467494402,-0.0596741291059057
hp,4,100.5,1,4.0,fusion,6.708333333333332,0.03664686454961039,True,0.11872395727393004,-0.12765091280775775
hp,4,100.5,2,8.0,fusion,6.708333333333332,0.03664686454961039,True,0.0866902617623273,-0.08538816915451675
hp,4,100.5,3,12.0,fusion,6.708333333333332,0.03664686454961039,True,0.051991737918385725,-0.04028476534756946
hp,4,100.5,4,16.0,fusion,6.708333333333332,0.03664686454961039,True,0.012721700075665199,-0.10682527343678948
hp,4,100.5,5,20.0,fusion,6.708333333333332,0.03664686454961039,True,0.00523204582270731,-0.11982901837118864
hp,4,100.5,6,24.0,fusion,6.708333333333332,0.03664686454961039,True,0.003228743370070508,-0.0443759452419909
hp,4,100.5,7,28.0,fusion,6.708333333333332,0.03664686454961039,True,0.004526694179427748,-0.0736885886865753
hp,4,100.5,8,32.0,fusion,6.708333333333332,0.03664686454961039,True,0.01201332445612513,-0.13598750973527696
hp,4,100.5,9,36.0,fusion,6.708333333333332,0.03664686454961039,True,0.021441705872400352,-0.07491562299112087
hp,4,100.5,10,40.0,fusion,6.708333333333332,0.03664686454961039,True,0.022398346299065897,-0.039642010615095855
hp,4,100.5,11,44.0,fusion,6.708333333333332,0.03664686454961039,True,0.0193182703544168,-0.12510942347696483
hp,4,100.5,12,48.0,fusion,6.708333333333332,0.03664686454961039,True,0.021909319387286352,-0.11705132205090091
hp,4,100.5,13,52.0,fusion,6.708333333333332,0.03664686454961039,True,0.02049213135368083,-0.03008059285484057
hp,4,100.5,14,56.0,fusion,6.708333333333332,0.03664686454961039,True,0.004141028358894294,-0.08984750187545365
hp,4,100.5,15,60.0,fusion,6.708333333333332,0.03664686454961039,True,-0.013054999920669275,-0.1447496990927174
hp,4,100.5,16,64.0,fusion,6.708333333333332,0.03664686454961039,True,-0.01141893272796146,-0.06124148736886861
hp,4,100.5,17,68.0,fusion,6.708333333333332,0.03664686454961039,True,0.02467056052477934,-0.046948716656308204
hp,4,100.5,18,72.0,fusion,6.708333333333332,0.03664686454961039,True,0.04298870820033063,-0.14048166003846513
hp,4,100.5,19,76.0,fusion,6.708333333333332,0.03664686454961039,True,0.036121888814107495,-0.10781877828138887
hp,4,100.5,20,80.0,fusion,6.708333333333332,0.03664686454961039,True,0.003756748028245889,-0.022078439386147584
hp,4,100.5,21,84.0,fusion,6.708333333333332,0.03664686454961039,True,-0.020730701072895426,-0.10456515344179061
hp,4,100.5,22,88.0,fusion,6.708333333333332,0.03664686454961039,True,-0.023939651588179792,-0.14458616850264072
hp,4,100.5,23,92.0,fusion,6.708333333333332,0.03664686454961039,True,-0.010519802444894477,-0.04667075941289939
hp,4,100.5,24,96.0,fusion,6.708333333333332,0.03664686454961039,True,0.06452333214776107,-0.05603637336211756
hp,5,100.5,1,4.0,reference,6.708333333333332,0.04465484898970484,True,0.0,-0.1397707359151869
hp,5,100.5,2,8.0,reference,6.708333333333332,0.04465484898970484,True,0.0,-0.061402755056055726
hp,5,100.5,3,12.0,reference,6.708333333333332,0.04465484898970484,True,0.0,-0.04665935108134471
hp,5,100.5,4,16.0,reference,6.708333333333332,0.04465484898970484,True,0.0,-0.1361033761330685
hp,5,100.5,5,20.0,reference,6.708333333333332,0.04465484898970484,True,0.0,-0.10794605207461672
hp,5,100.5,6,24.0,reference,6.708333333333332,0.04465484898970484,True,0.0,-0.02641331945377945
hp,5,100.5,7,28.0,reference,6.708333333333332,0.04465484898970484,True,0.0,-0.10504424242974907
hp,5,100.5,8,32.0,reference,6.708333333333332,0.04465484898970484,True,0.0,-0.14280428167605155
hp,5,100.5,9,36.0,reference,6.708333333333332,0.04465484898970484,True,0.0,-0.0472179961341745
hp,5,100.5,10,40.0,reference,6.708333333333332,0.04465484898970484,True,0.0,-0.05651490117113315
hp,5,100.5,11,44.0,reference,6.708333333333332,0.04465484898970484,True,0.0,-0.1468499675747294
hp,5,100.5,12,48.0,reference,6.708333333333332,0.04465484898970484,True,0.0,-0.0965676693617603
hp,5,100.5,13,52.0,reference,6.708333333333332,0.04465484898970484,True,0.0,-0.02406440151453569
hp,5,100.5,14,56.0,reference,6.708333333333332,0.04465484898970484,True,0.0,-0.11979438507457328
hp,5,100.5,15,60.0,reference,6.708333333333332,0.04465484898970484,True,0.0,-0.1407489026302228
hp,5,100.5,16,64.0,reference,6.708333333333332,0.04465484898970484,True,0.0,-0.03550209990330949
hp,5,100.5,17,68.0,reference,6.708333333333332,0.04465484898970484,True,0.0,-0.06917378662063374
hp,5,100.5,18,72.0,reference,6.708333333333332,0.04465484898970484,True,0.0,-0.15337255875552402
hp,5,100.5,19,76.0,reference,6.708333333333332,0.04465484898970484,True,0.0,-0.08352139291517699
hp,5,100.5,20,80.0,reference,6.708333333333332,0.04465484898970484,True,0.0,-0.026409901283157053
hp,5,100.5,21,84.0,reference,6.708333333333332,0.04465484898970484,True,0.0,-0.1320671641185941
hp,5,100.5,22,88.0,reference,6.708333333333332,0.04465484898970484,True,0.0,-0.13470523477237356
hp,5,100.5,23,92.0,reference,6.708333333333332,0.04465484898970484,True,0.0,-0.02684227737030047
hp,5,100.5,24,96.0,reference,6.708333333333332,0.04465484898970484,True,0.0,-0.08281763907579881
hp,5,100.5,1,4.0,candidate1,6.708333333333332,0.04465484898970484,True,-0.0547484107466314,-0.1464278067064374
hp,5,100.5,2,8.0,candidate1,6.708333333333332,0.04465484898970484,True,0.000893737195247435,-0.05803694036166608
hp,5,100.5,3,12.0,candidate1,6.708333333333332,0.04465484898970484,True,0.027562655226651356,-0.04691180694150229
hp,5,100.5,4,16.0,candidate1,6.708333333333332,0.04465484898970484,True,0.02084970898222238,-0.13506292900889474
hp,5,100.5,5,20.0,candidate1,6.708333333333332,0.04465484898970484,True,-0.029478586565553133,-0.10953063893389953
hp,5,100.5,6,24.0,candidate1,6.708333333333332,0.04465484898970484,True,-0.08584737237460707,-0.020430078402578253
hp,5,100.5,7,28.0,candidate1,6.708333333333332,0.04465484898970484,True,-0.09993141130385054,-0.09822304291722067
hp,5,100.5,8,32.0,candidate1,6.708333333333332,0.04465484898970484,True,-0.06959154908694964,-0.14466401023784178
hp,5,100.5,9,36.0,candidate1,6.708333333333332,0.04465484898970484,True,-0.029453415703049823,-0.04673650302551244
hp,5,100.5,10,40.0,candidate1,6.708333333333332,0.04465484898970484,True,-0.027392756749986202,-0.052684614270956956
hp,5,100.5,11,44.0,candidate1,6.708333333333332,0.04465484898970484,True,-0.03667326284030148,-0.14663887167477474
hp,5,100.5,12,48.0,candidate1,6.708333333333332,0.04465484898970484,True,-0.04562795392056284,-0.09808626632138367
hp,5,100.5,13,52.0,candidate1,6.708333333333332,0.04465484898970484,True,-0.05886416150975663,-0.019250801567945994
hp,5,100.5,14,56.0,candidate1,6.708333333333332,0.04465484898970484,True,-0.06462525296786126,-0.1143049566610341
hp,5,100.5,15,60.0,candidate1,6.708333333333332,0.04465484898970484,True,-0.05197164105789076,-0.14149582226464574
hp,5,100.5,16,64.0,candidate1,6.708333333333332,0.04465484898970484,True,-0.0445282677682326,-0.03373622689679709
hp,5,100.5,17,68.0,candidate1,6.708333333333332,0.04465484898970484,True,-0.08653284157101915,-0.06061580982855522
hp,5,100.5,18,72.0,candidate1,6.708333333333332,0.04465484898970484,True,-0.13471262215156754,-0.15191851391826056
hp,5,100.5,19,76.0,candidate1,6.708333333333332,0.04465484898970484,True,-0.1253690772968954,-0.08909033491615927
hp,5,100.5,20,80.0,candidate1,6.708333333333332,0.04465484898970484,True,-0.044713021111656814,-0.022680692565990465
hp,5,100.5,21,84.0,candidate1,6.708333333333332,0.04465484898970484,True,-0.009333407187272602,-0.12998140073450792
hp,5,100.5,22,88.0,candidate1,6.708333333333332,0.04465484898970484,True,-0.049196021797263345,-0.13670475844418428
hp,5,100.5,23,92.0,candidate1,6.708333333333332,0.04465484898970484,True,-0.1008112670368646,-0.02420782466848609
hp,5,100.5,24,96.0,candidate1,6.708333333333332,0.04465484898970484,True,-0.10469075845414368,-0.07380551307064687
hp,5,100.5,1,4.0,candidate2,6.708333333333332,0.04465484898970484,True,0.00730117446310663,-0.1448591155945138
hp,5,100.5,2,8.0,candidate2,6.708333333333332,0.04465484898970484,True,0.028137257905515804,-0.05886648399683066
hp,5,100.5,3,12.0,candidate2,6.708333333333332,0.04465484898970484,True,0.04772669112254002,-0.04676854204683728
hp,5,100.5,4,16.0,candidate2,6.708333333333332,0.04465484898970484,True,0.05409784855716104,-0.1422977154188038
hp,5,100.5,5,20.0,candidate2,6.708333333333332,0.04465484898970484,True,0.045842625736184806,-0.10772012208312744
hp,5,100.5,6,24.0,candidate2,6.708333333333332,0.04465484898970484,True,0.030794625872333534,-0.024387863094500473
hp,5,100.5,7,28.0,candidate2,6.708333333333332,0.04465484898970484,True,0.015197737336504645,-0.10810113413072298
hp,5,100.5,8,32.0,candidate2,6.708333333333332,0.04465484898970484,True,0.005013142052518127,-0.1451899128693803
hp,5,100.5,9,36.0,candidate2,6.708333333333332,0.04465484898970484,True,0.010334762358911398,-0.0474367802735836
hp,5,100.5,10,40.0,candidate2,6.708333333333332,0.04465484898970484,True,0.02299255612965756,-0.05777768441414567
hp,5,100.5,11,44.0,candidate2,6.708333333333332,0.04465484898970484,True,0.04118861785877215,-0.15306060007026473
hp,5,100.5,12,48.0,candidate2,6.708333333333332,0.04465484898970484,True,0.05459371610511287,-0.09487184605781175
hp,5,100.5,13,52.0,candidate2,6.708333333333332,0.04465484898970484,True,0.05726642710303695,-0.023703786789064332
hp,5,100.5,14,56.0,candidate2,6.708333333333332,0.04465484898970484,True,0.05211853220323004,-0.12457739428400197
hp,5,100.5,15,60.0,candidate2,6.708333333333332,0.04465484898970484,True,0.03909316790378581,-0.1396921445674793
hp,5,100.5,16,64.0,candidate2,6.708333333333332,0.04465484898970484,True,0.021349893770740924,-0.03568743008636346
hp,5,100.5,17,68.0,candidate2,6.708333333333332,0.04465484898970484,True,0.0015893004344706974,-0.0695945755831123
hp,5,100.5,18,72.0,candidate2,6.708333333333332,0.04465484898970484,True,0.0007976918714676095,-0.15955238052839044
hp,5,100.5,19,76.0,candidate2,6.708333333333332,0.04465484898970484,True,0.02149275571360176,-0.08301303860457943
hp,5,100.5,20,80.0,candidate2,6.708333333333332,0.04465484898970484,True,0.05264674770009786,-0.02737902573846046
hp,5,100.5,21,84.0,candidate2,6.708333333333332,0.04465484898970484,True,0.06653882683215027,-0.13706658526259757
hp,5,100.5,22,88.0,candidate2,6.708333333333332,0.04465484898970484,True,0.04953121127542914,-0.13289655526014685
hp,5,100.5,23,92.0,candidate2,6.708333333333332,0.04465484898970484,True,0.02412549543044834,-0.0261541880253471
hp,5,100.5,24,96.0,candidate2,6.708333333333332,0.04465484898970484,True,0.00692424947711623,-0.08409793888377272
hp,5,100.5,1,4.0,fusion,6.708333333333332,0.04465484898970484,True,-0.02631810298069892,-0.14569307554574107
hp,5,100.5,2,8.0,fusion,6.708333333333332,0.04465484898970484,True,0.013603455971733734,-0.05842547546158473
hp,5,100.5,3,12.0,fusion,6.708333333333332,0.04465484898970484,True,0.03733338614940507,-0.04684470566098621
hp,5,100.5,4,16.0,fusion,6.708333333333332,0.04465484898970484,True,0.03714078584771486,-0.1384515011605049
hp,5,100.5,5,20.0,fusion,6.708333333333332,0.04465484898970484,True,0.006217623059956434,-0.1086826433424686
hp,5,100.5,6,24.0,fusion,6.708333333333332,0.04465484898970484,True,-0.03196409159174853,-0.022283794356203094
hp,5,100.5,7,28.0,fusion,6.708333333333332,0.04465484898970484,True,-0.04676371815445246,-0.1028496653080757
hp,5,100.5,8,32.0,fusion,6.708333333333332,0.04465484898970484,True,-0.03465766836637352,-0.14491032836124196
hp,5,100.5,9,36.0,fusion,6.708333333333332,0.04465484898970484,True,-0.010743379966313138,-0.04706449335539557
hp,5,100.5,10,40.0,fusion,6.708333333333332,0.04465484898970484,True,-0.0036258000013212883,-0.055070066262983816
hp,5,100.5,11,44.0,fusion,6.708333333333332,0.04465484898970484,True,0.0002947297121749237,-0.14964663013138343
hp,5,100.5,12,48.0,fusion,6.708333333333332,0.04465484898970484,True,0.0019574235381598637,-0.09658072153103676
hp,5,100.5,13,52.0,fusion,6.708333333333332,0.04465484898970484,True,-0.004339628456469763,-0.021336455636619858
hp,5,100.5,14,56.0,fusion,6.708333333333332,0.04465484898970484,True,-0.010457310481273296,-0.11911627991042065
hp,5,100.5,15,60.0,fusion,6.708333333333332,0.04465484898970484,True,-0.009868063214203193,-0.14065102994199646
hp,5,100.5,16,64.0,fusion,6.708333333333332,0.04465484898970484,True,-0.013937964113780787,-0.034650116045098926
hp,5,100.5,17,68.0,fusion,6.708333333333332,0.04465484898970484,True,-0.04511514795510241,-0.06482121325968505
hp,5,100.5,18,72.0,fusion,6.708333333333332,0.04465484898970484,True,-0.07017406978072849,-0.15549400410395048
hp,5,100.5,19,76.0,fusion,6.708333333333332,0.04465484898970484,True,-0.05498596988217175,-0.0862438988402722
hp,5,100.5,20,80.0,fusion,6.708333333333332,0.04465484898970484,True,0.0014508896066107722,-0.024881260771488896
hp,5,100.5,21,84.0,fusion,6.708333333333332,0.04465484898970484,True,0.025762565803695292,-0.13329990353757898
hp,5,100.5,22,88.0,fusion,6.708333333333332,0.04465484898970484,True,-0.0038467706669185198,-0.13492110229651583
hp,5,100.5,23,92.0,fusion,6.708333333333332,0.04465484898970484,True,-0.04331112461697506,-0.025119446974148127
hp,5,100.5,24,96.0,fusion,6.708333333333332,0.04465484898970484,True,-0.05323151003025761,-0.07862619823076483
hp,6,100.5,1,4.0,reference,6.708333333333332,0.0483044669006268,True,0.0,-0.1407489026302228
hp,6,100.5,2,8.0,reference,6.708333333333332,0.0483044669006268,True,0.0,-0.03550209990330949
hp,6,100.5,3,12.0,reference,6.708333333333332,0.0483044669006268,True,0.0,-0.06917378662063374
hp,6,100.5,4,16.0,reference,6.708333333333332,0.0483044669006268,True,0.0,-0.15337255875552402
hp,6,100.5,5,20.0,reference,6.708333333333332,0.0483044669006268,True,0.0,-0.08352139291517699
hp,6,100.5,6,24.0,reference,6.708333333333332,0.0483044669006268,True,0.0,-0.026409901283157053
hp,6,100.5,7,28.0,reference,6.708333333333332,0.0483044669006268,True,0.0,-0.1320671641185941
hp,6,100.5,8,32.0,reference,6.708333333333332,0.0483044669006268,True,0.0,-0.13470523477237356
hp,6,100.5,9,36.0,reference,6.708333333333332,0.0483044669006268,True,0.0,-0.02684227737030047
hp,6,100.5,10,40.0,reference,6.708333333333332,0.0483044669006268,True,0.0,-0.08281763907579881
hp,6,100.5,11,44.0,reference,6.708333333333332,0.0483044669006268,True,0.0,-0.1562236430645576
hp,6,100.5,12,48.0,reference,6.708333333333332,0.0483044669006268,True,0.0,-0.0702168876087623
hp,6,100.5,13,52.0,reference,6.708333333333332,0.0483044669006268,True,0.0,-0.0324149369461766
hp,6,100.5,14,56.0,reference,6.708333333333332,0.0483044669006268,True,0.0,-0.14174571301070482
hp,6,100.5,15,60.0,reference,6.708333333333332,0.0483044669006268,True,0.0,-0.12579301988696837
hp,6,100.5,16,64.0,reference,6.708333333333332,0.0483044669006268,True,0.0,-0.02126992674599612
hp,6,100.5,17,68.0,reference,6.708333333333332,0.0483044669006268,True,0.0,-0.09633494481610352
hp,6,100.5,18,72.0,reference,6.708333333333332,0.0483044669006268,True,0.0,-0.15605055703126963
hp,6,100.5,19,76.0,reference,6.708333333333332,0.0483044669006268,True,0.0,-0.0575416995619179
hp,6,100.5,20,80.0,reference,6.708333333333332,0.0483044669006268,True,0.0,-0.04117562861263435
hp,6,100.5,21,84.0,reference,6.708333333333332,0.0483044669006268,True,0.0,-0.14906424821281608
hp,6,100.5,22,88.0,reference,6.708333333333332,0.0483044669006268,True,0.0,-0.11489408796927236
hp,6,100.5,23,92.0,reference,6.708333333333332,0.0483044669006268,True,0.0,-0.018675650509234462
hp,6,100.5,24,96.0,reference,6.708333333333332,0.0483044669006268,True,0.0,-0.1090839775036321
hp,6,100.5,1,4.0,candidate1,6.708333333333332,0.0483044669006268,True,-0.04838852712327402,-0.14479260075285047
hp,6,100.5,2,8.0,candidate1,6.708333333333332,0.0483044669006268,True,-0.015343167861307183,-0.03365302543949947
hp,6,100.5,3,12.0,candidate1,6.708333333333332,0.0483044669006268,True,-0.01900433529976953,-0.06778697509304685
hp,6,100.5,4,16.0,candidate1,6.708333333333332,0.0483044669006268,True,-0.04546267780637425,-0.15210244381704177
hp,6,100.5,5,20.0,candidate1,6.708333333333332,0.0483044669006268,True,-0.06581850778441933,-0.08785307711338465
hp,6,100.5,6,24.0,candidate1,6.708333333333332,0.0483044669006268,True,-0.06444216266757043,-0.024292256017078323
hp,6,100.5,7,28.0,candidate1,6.708333333333332,0.0483044669006268,True,-0.040261528549265346,-0.12996400012402562
hp,6,100.5,8,32.0,candidate1,6.708333333333332,0.0483044669006268,True,-0.01743642140591861,-0.13617989950134002
hp,6,100.5,9,36.0,candidate1,6.708333333333332,0.0483044669006268,True,-0.041137869449874576,-0.025076491856006855
hp,6,100.5,10,40.0,candidate1,6.708333333333332,0.0483044669006268,True,-0.09695435547398423,-0.07516262509163692
hp,6,100.5,11,44.0,candidate1,6.708333333333332,0.0483044669006268,True,-0.12397560238407769,-0.15716698065415868
hp,6,100.5,12,48.0,candidate1,6.708333333333332,0.0483044669006268,True,-0.08400129838493053,-0.0750624149143024
hp,6,100.5,13,52.0,candidate1,6.708333333333332,0.0483044669006268,True,-0.02632420047225348,-0.03170661665517824
hp,6,100.5,14,56.0,candidate1,6.708333333333332,0.0483044669006268,True,-0.013429311010315637,-0.14058735871824088
hp,6,100.5,15,60.0,candidate1,6.708333333333332,0.0483044669006268,True,-0.02999529776278198,-0.12781546215842898
hp,6,100.5,16,64.0,candidate1,6.708333333333332,0.0483044669006268,True,-0.058077910696281605,-0.017961065714497237
hp,6,100.5,17,68.0,candidate1,6.708333333333332,0.0483044669006268,True,-0.09294182952173102,-0.08862123985521635
hp,6,100.5,18,72.0,candidate1,6.708333333333332,0.0483044669006268,True,-0.11467318695148032,-0.15849723740840568
hp,6,100.5,19,76.0,candidate1,6.708333333333332,0.0483044669006268,True,-0.08493543208980325,-0.06172348901393935
hp,6,100.5,20,80.0,candidate1,6.708333333333332,0.0483044669006268,True,0.0008588568960518072,-0.04117994878490715
hp,6,100.5,21,84.0,candidate1,6.708333333333332,0.0483044669006268,True,0.028683814805371632,-0.14949296133512308
hp,6,100.5,22,88.0,candidate1,6.708333333333332,0.0483044669006268,True,-0.025850133805028985,-0.11631731541648284
hp,6,100.5,23,92.0,candidate1,6.708333333333332,0.0483044669006268,True,-0.09705879864025545,-0.014900531871670425
hp,6,100.5,24,96.0,candidate1,6.708333333333332,0.0483044669006268,True,-0.10703815887552892,-0.10095375678245963
hp,6,100.5,1,4.0,candidate2,6.708333333333332,0.0483044669006268,True,0.021844632313950285,-0.14125161891912552
hp,6,100.5,2,8.0,candidate2,6.708333333333332,0.0483044669006268,True,0.02440607091246194,-0.03623436607124811
hp,6,100.5,3,12.0,candidate2,6.708333333333332,0.0483044669006268,True,0.019944235811275357,-0.07123750258391609
hp,6,100.5,4,16.0,candidate2,6.708333333333332,0.0483044669006268,True,0.012322430677084828,-0.15985583330507647
hp,6,100.5,5,20.0,candidate2,6.708333333333332,0.0483044669006268,True,0.015073077575280758,-0.08367031798663101
hp,6,100.5,6,24.0,candidate2,6.708333333333332,0.0483044669006268,True,0.03423672127181587,-0.027282957932365924
hp,6,100.5,7,28.0,candidate2,6.708333333333332,0.0483044669006268,True,0.05233471931626932,-0.13661557657571344
hp,6,100.5,8,32.0,candidate2,6.708333333333332,0.0483044669006268,True,0.052575403709015596,-0.13324721190046326
hp,6,100.5,9,36.0,candidate2,6.708333333333332,0.0483044669006268,True,0.026358716469892685,-0.02640542456546619
hp,6,100.5,10,40.0,candidate2,6.708333333333332,0.0483044669006268,True,-0.004916784775364391,-0.08348662194864104
hp,6,100.5,11,44.0,candidate2,6.708333333333332,0.0483044669006268,True,-0.013644926871254182,-0.16059177523324636
hp,6,100.5,12,48.0,candidate2,6.708333333333332,0.0483044669006268,True,0.012094590680623352,-0.06989876243803178
hp,6,100.5,13,52.0,candidate2,6.708333333333332,0.0483044669006268,True,0.0514065681386644,-0.03409886751848606
hp,6,100.5,14,56.0,candidate2,6.708333333333332,0.0483044669006268,True,0.06663310094097374,-0.1472899432559924
hp,6,100.5,15,60.0,candidate2,6.708333333333332,0.0483044669006268,True,0.048701483419284486,-0.1244506360992631
hp,6,100.5,16,64.0,candidate2,6.708333333333332,0.0483044669006268,True,0.014894639412885406,-0.020536414371184072
hp,6,100.5,17,68.0,candidate2,6.708333333333332,0.0483044669006268,True,-0.003843598162499795,-0.09699881730122648
hp,6,100.5,18,72.0,candidate2,6.708333333333332,0.0483044669006268,True,-0.0007363400429958311,-0.15892813510364956
hp,6,100.5,19,76.0,candidate2,6.708333333333332,0.0483044669006268,True,0.01181031439666902,-0.05590000212876094
hp,6,100.5,20,80.0,candidate2,6.708333333333332,0.0483044669006268,True,0.022303522746578208,-0.04011444941998333
hp,6,100.5,21,84.0,candidate2,6.708333333333332,0.0483044669006268,True,0.02983090724391957,-0.1537106164387415
hp,6,100.5,22,88.0,candidate2,6.708333333333332,0.0483044669006268,True,0.03311142260971889,-0.11390205866202657
hp,6,100.5,23,92.0,candidate2,6.708333333333332,0.0483044669006268,True,0.02699695017125433,-0.017096651446857916
hp,6,100.5,24,96.0,candidate2,6.708333333333332,0.0483044669006268,True,0.017636012523494227,-0.11048258511517817
hp,6,100.5,1,4.0,fusion,6.708333333333332,0.0483044669006268,True,-0.025367938735612938,-0.1435995610418576
hp,6,100.5,2,8.0,fusion,6.708333333333332,0.0483044669006268,True,-0.0023151145223379017,-0.03452273955436572
hp,6,100.5,3,12.0,fusion,6.708333333333332,0.0483044669006268,True,-0.005668352438016555,-0.06894953861745474
hp,6,100.5,4,16.0,fusion,6.708333333333332,0.0483044669006268,True,-0.02483064208022867,-0.15471474232304383
hp,6,100.5,5,20.0,fusion,6.708333333333332,0.0483044669006268,True,-0.03725635474581912,-0.08644380760168949
hp,6,100.5,6,24.0,fusion,6.708333333333332,0.0483044669006268,True,-0.030839132794327595,-0.025299893535773853
hp,6,100.5,7,28.0,fusion,6.708333333333332,0.0483044669006268,True,-0.00933853896242276,-0.13220507201318038
hp,6,100.5,8,32.0,fusion,6.708333333333332,0.0483044669006268,True,0.005857508600623618,-0.13519180836388794
hp,6,100.5,9,36.0,fusion,6.708333333333332,0.0483044669006268,True,-0.01869370844506657,-0.025524240409959334
hp,6,100.5,10,40.0,fusion,6.708333333333332,0.0483044669006268,True,-0.06608198416181854,-0.07796717458409759
hp,6,100.5,11,44.0,fusion,6.708333333333332,0.0483044669006268,True,-0.08618385919546981,-0.15832087415791227
hp,6,100.5,12,48.0,fusion,6.708333333333332,0.0483044669006268,True,-0.05048371466641476,-0.07332265946024037
hp,6,100.5,13,52.0,fusion,6.708333333333332,0.0483044669006268,True,0.0005847026127773214,-0.03251262199849876
hp,6,100.5,14,56.0,fusion,6.708333333333332,0.0483044669006268,True,0.013799060260176077,-0.14284561642622026
hp,6,100.5,15,60.0,fusion,6.708333333333332,0.0483044669006268,True,-0.0035994130150585057,-0.12668177345352377
hp,6,100.5,16,64.0,fusion,6.708333333333332,0.0483044669006268,True,-0.0339096910530218,-0.01882876099263071
hp,6,100.5,17,68.0,fusion,6.708333333333332,0.0483044669006268,True,-0.06350123656435325,-0.09144384190299198
hp,6,100.5,18,72.0,fusion,6.708333333333332,0.0483044669006268,True,-0.07614299468321573,-0.1586424169337297
hp,6,100.5,19,76.0,fusion,6.708333333333332,0.0483044669006268,True,-0.05086167777568807,-0.059761419893930495
hp,6,100.5,20,80.0,fusion,6.708333333333332,0.0483044669006268,True,0.008497581542022181,-0.040820957094442986
hp,6,100.5,21,84.0,fusion,6.708333333333332,0.0483044669006268,True,0.029078932842543814,-0.15091398811870171
hp,6,100.5,22,88.0,fusion,6.708333333333332,0.0483044669006268,True,-0.006063862806529707,-0.11550355884962724
hp,6,100.5,23,92.0,fusion,6.708333333333332,0.0483044669006268,True,-0.05573614437810997,-0.01564045599054999
hp,6,100.5,24,96.0,fusion,6.708333333333332,0.0483044669006268,True,-0.06541046444500687,-0.1041642422167236
hp,7,100.5,1,4.0,reference,6.708333333333332,0.049676482160821975,True,0.0,-0.02126992674599612
hp,7,100.5,2,8.0,reference,6.708333333333332,0.049676482160821975,True,0.0,-0.09633494481610352
hp,7,100.5,3,12.0,reference,6.708333333333332,0.049676482160821975,True,0.0,-0.15605055703126963
hp,7,100.5,4,16.0,reference,6.708333333333332,0.049676482160821975,True,0.0,-0.0575416995619179
hp,7,100.5,5,20.0,reference,6.708333333333332,0.049676482160821975,True,0.0,-0.04117562861263435
hp,7,100.5,6,24.0,reference,6.708333333333332,0.049676482160821975,True,0.0,-0.14906424821281608
hp,7,100.5,7,28.0,reference,6.708333333333332,0.049676482160821975,True,0.0,-0.11489408796927236
hp,7,100.5,8,32.0,reference,6.708333333333332,0.049676482160821975,True,0.0,-0.018675650509234462
hp,7,100.5,9,36.0,reference,6.708333333333332,0.049676482160821975,True,0.0,-0.1090839775036321
hp,7,100.5,10,40.0,reference,6.708333333333332,0.049676482160821975,True,0.0,-0.15332225729563545
hp,7,100.5,11,44.0,reference,6.708333333333332,0.049676482160821975,True,0.0,-0.046064960087607326
hp,7,100.5,12,48.0,reference,6.708333333333332,0.049676482160821975,True,0.0,-0.051942427900809454
hp,7,100.5,13,52.0,reference,6.708333333333332,0.049676482160821975,True,0.0,-0.15427548123235735
hp,7,100.5,14,56.0,reference,6.708333333333332,0.049676482160821975,True,0.0,-0.10270022425153547
hp,7,100.5,15,60.0,reference,6.708333333333332,0.049676482160821975,True,0.0,-0.018942076553445403
hp,7,100.5,16,64.0,reference,6.708333333333332,0.049676482160821975,True,0.0,-0.12068830683626659
hp,7,100.5,17,68.0,reference,6.708333333333332,0.049676482160821975,True,0.0,-0.14833514306321022
hp,7,100.5,18,72.0,reference,6.708333333333332,0.049676482160821975,True,0.0,-0.03618743884691855
hp,7,100.5,19,76.0,reference,6.708333333333332,0.049676482160821975,True,0.0,-0.06405579490077157
hp,7,100.5,20,80.0,reference,6.708333333333332,0.049676482160821975,True,0.0,-0.1575516781135151
hp,7,100.5,21,84.0,reference,6.708333333333332,0.049676482160821975,True,0.0,-0.08980402045984387
hp,7,100.5,22,88.0,reference,6.708333333333332,0.049676482160821975,True,0.0,-0.02194621780812149
hp,7,100.5,23,92.0,reference,6.708333333333332,0.049676482160821975,True,0.0,-0.13092268517147632
hp,7,100.5,24,96.0,reference,6.708333333333332,0.049676482160821975,True,0.0,-0.14130120946197913
hp,7,100.5,1,4.0,candidate1,6.708333333333332,0.049676482160821975,True,-0.03421268292309229,-0.014961633005497743
hp,7,100.5,2,8.0,candidate1,6.708333333333332,0.049676482160821975,True,-0.07290772883388552,-0.08953980049137258
hp,7,100.5,3,12.0,candidate1,6.708333333333332,0.049676482160821975,True,-0.07640340670545955,-0.15569753578817655
hp,7,100.5,4,16.0,candidate1,6.708333333333332,0.049676482160821975,True,-0.017722885257204446,-0.05857174587074631
hp,7,100.5,5,20.0,candidate1,6.708333333333332,0.049676482160821975,True,0.0817345744496031,-0.04489233397422339
hp,7,100.5,6,24.0,candidate1,6.708333333333332,0.049676482160821975,True,0.05900136137717871,-0.1512646839835297
hp,7,100.5,7,28.0,candidate1,6.708333333333332,0.049676482160821975,True,0.0001525125835393215,-0.11472498631658079
hp,7,100.5,8,32.0,candidate1,6.708333333333332,0.049676482160821975,True,-0.051464162560323046,-0.01404035032439177
hp,7,100.5,9,36.0,candidate1,6.708333333333332,0.049676482160821975,True,-0.07119602483095377,-0.10333373397392187
hp,7,100.5,10,40.0,candidate1,6.708333333333332,0.049676482160821975,True,-0.06513325596692222,-0.15585103647759774
hp,7,100.5,11,44.0,candidate1,6.708333333333332,0.049676482160821975,True,-0.04532165088385054,-0.04686079720465185
hp,7,100.5,12,48.0,candidate1,6.708333333333332,0.049676482160821975,True,0.005534149971947566,-0.051243393035454374
hp,7,100.5,13,52.0,candidate1,6.708333333333332,0.049676482160821975,True,0.03824413189356157,-0.15484549003682893
hp,7,100.5,14,56.0,candidate1,6.708333333333332,0.049676482160821975,True,0.0018624328706604576,-0.10155914429270259
hp,7,100.5,15,60.0,candidate1,6.708333333333332,0.049676482160821975,True,-0.04916699810219309,-0.0149138925782316
hp,7,100.5,16,64.0,candidate1,6.708333333333332,0.049676482160821975,True,-0.06777645757213824,-0.11483286985303943
hp,7,100.5,17,68.0,candidate1,6.708333333333332,0.049676482160821975,True,-0.03933271200258127,-0.14865295310360002
hp,7,100.5,18,72.0,candidate1,6.708333333333332,0.049676482160821975,True,-0.039947195666401814,-0.034826638743287924
hp,7,100.5,19,76.0,candidate1,6.708333333333332,0.049676482160821975,True,-0.06899206047634887,-0.05682445890777673
hp,7,100.5,20,80.0,candidate1,6.708333333333332,0.049676482160821975,True,-0.09169868088558085,-0.15620916846253055
hp,7,100.5,21,84.0,candidate1,6.708333333333332,0.049676482160821975,True,-0.05263745855420909,-0.09218196751601779
hp,7,100.5,22,88.0,candidate1,6.708333333333332,0.049676482160821975,True,-0.017000942928243,-0.019762879219817606
hp,7,100.5,23,92.0,candidate1,6.708333333333332,0.049676482160821975,True,0.003863365691224363,-0.13044833129271857
hp,7,100.5,24,96.0,candidate1,6.708333333333332,0.049676482160821975,True,0.01945268905394482,-0.1410927030687
hp,7,100.5,1,4.0,candidate2,6.708333333333332,0.049676482160821975,True,0.0018331821727970569,-0.021696564217514425
hp,7,100.5,2,8.0,candidate2,6.708333333333332,0.049676482160821975,True,0.0038417347203754115,-0.09729091521693331
hp,7,100.5,3,12.0,candidate2,6.708333333333332,0.049676482160821975,True,0.0014476158940754935,-0.15893946639088802
hp,7,100.5,4,16.0,candidate2,6.708333333333332,0.049676482160821975,True,-0.002675204033847578,-0.0569073857867865
hp,7,100.5,5,20.0,candidate2,6.708333333333332,0.049676482160821975,True,0.001412332496542379,-0.03954258033804322
hp,7,100.5,6,24.0,candidate2,6.708333333333332,0.049676482160821975,True,0.019825110329013018,-0.15342644886037518
hp,7,100.5,7,28.0,candidate2,6.708333333333332,0.049676482160821975,True,0.0271964636583244,-0.11473918360205197
hp,7,100.5,8,32.0,candidate2,6.708333333333332,0.049676482160821975,True,0.011700765687478588,-0.017267765207430563
hp,7,100.5,9,36.0,candidate2,6.708333333333332,0.049676482160821975,True,-0.01349162898500511,-0.10947042465994966
hp,7,100.5,10,40.0,candidate2,6.708333333333332,0.049676482160821975,True,-0.028299753474957615,-0.15687132707297174
hp,7,100.5,11,44.0,candidate2,6.708333333333332,0.049676482160821975,True,-0.036743661811005635,-0.04719751196745037
hp,7,100.5,12,48.0,candidate2,6.708333333333332,0.049676482160821975,True,-0.036189927432307756,-0.04867433150412136
hp,7,100.5,13,52.0,candidate2,6.708333333333332,0.049676482160821975,True,-0.011849268133174107,-0.15856845194133432
hp,7,100.5,14,56.0,candidate2,6.708333333333332,0.049676482160821975,True,0.020377773738786464,-0.1027395272298621
hp,7,100.5,15,60.0,candidate2,6.708333333333332,0.049676482160821975,True,0.02761269568114262,-0.01756136630638294
hp,7,100.5,16,64.0,candidate2,6.708333333333332,0.049676482160821975,True,0.0006388110304647032,-0.12247818107613312
hp,7,100.5,17,68.0,candidate2,6.708333333333332,0.049676482160821975,True,-0.028775323910747556,-0.15075070447371358
hp,7,100.5,18,72.0,candidate2,6.708333333333332,0.049676482160821975,True,-0.03763654209510836,-0.03881480102781141
hp,7,100.5,19,76.0,candidate2,6.708333333333332,0.049676482160821975,True,-0.028566252436029727,-0.061868673996917214
hp,7,100.5,20,80.0,candidate2,6.708333333333332,0.049676482160821975,True,-0.016297451227324622,-0.16424755054232015
hp,7,100.5,21,84.0,candidate2,6.708333333333332,0.049676482160821975,True,-0.002540471187654436,-0.09090125604749238
hp,7,100.5,22,88.0,candidate2,6.708333333333332,0.049676482160821975,True,0.0144179266456822,-0.021149784923408008
hp,7,100.5,23,92.0,candidate2,6.708333333333332,0.049676482160821975,True,0.014340951444446137,-0.13411745599575364
hp,7,100.5,24,96.0,candidate2,6.708333333333332,0.049676482160821975,True,0.0019288845052227719,-0.14320985258256466
hp,7,100.5,1,4.0,fusion,6.708333333333332,0.049676482160821975,True,-0.022804023753660113,-0.017206881712558582
hp,7,100.5,2,8.0,fusion,6.708333333333332,0.049676482160821975,True,-0.04793274855951046,-0.09212381802146913
hp,7,100.5,3,12.0,fusion,6.708333333333332,0.049676482160821975,True,-0.04992300138989059,-0.15677831007747167
hp,7,100.5,4,16.0,fusion,6.708333333333332,0.049676482160821975,True,-0.012298771059642277,-0.05801689204834543
hp,7,100.5,5,20.0,fusion,6.708333333333332,0.049676482160821975,True,0.0532801244939668,-0.043108866993403126
hp,7,100.5,6,24.0,fusion,6.708333333333332,0.049676482160821975,True,0.04577939417589682,-0.15198535946512137
hp,7,100.5,7,28.0,fusion,6.708333333333332,0.049676482160821975,True,0.009096974405046199,-0.11472971931768274
hp,7,100.5,8,32.0,fusion,6.708333333333332,0.049676482160821975,True,-0.03067382383377812,-0.015116285455007891
hp,7,100.5,9,36.0,fusion,6.708333333333332,0.049676482160821975,True,-0.05214799461871111,-0.10537954504380367
hp,7,100.5,10,40.0,fusion,6.708333333333332,0.049676482160821975,True,-0.0528679697743697,-0.15619117449355885
hp,7,100.5,11,44.0,fusion,6.708333333333332,0.049676482160821975,True,-0.04238802224965076,-0.04697304903945497
hp,7,100.5,12,48.0,fusion,6.708333333333332,0.049676482160821975,True,-0.009063613113024062,-0.050386935575088124
hp,7,100.5,13,52.0,fusion,6.708333333333332,0.049676482160821975,True,0.021152240524126675,-0.15608662749456764
hp,7,100.5,14,56.0,fusion,6.708333333333332,0.049676482160821975,True,0.00804447444074241,-0.10195265287951122
hp,7,100.5,15,60.0,fusion,6.708333333333332,0.049676482160821975,True,-0.02351521516157635,-0.015796490600094606
hp,7,100.5,16,64.0,fusion,6.708333333333332,0.049676482160821975,True,-0.0446479758862981,-0.11738161528166406
hp,7,100.5,17,68.0,fusion,6.708333333333332,0.049676482160821975,True,-0.03581831512529554,-0.14935228816779175
hp,7,100.5,18,72.0,fusion,6.708333333333332,0.049676482160821975,True,-0.039188450014502774,-0.036156187023884824
hp,7,100.5,19,76.0,fusion,6.708333333333332,0.049676482160821975,True,-0.05546959297545096,-0.05850606738312717
hp,7,100.5,20,80.0,fusion,6.708333333333332,0.049676482160821975,True,-0.06548044468871161,-0.15888895336357103
hp,7,100.5,21,84.0,fusion,6.708333333333332,0.049676482160821975,True,-0.03514737405562096,-0.09175501203892338
hp,7,100.5,22,88.0,fusion,6.708333333333332,0.049676482160821975,True,-0.006331344535594974,-0.020225237058342466
hp,7,100.5,23,92.0,fusion,6.708333333333332,0.049676482160821975,True,0.007357399006366672,-0.13167152084524672
hp,7,100.5,24,96.0,fusion,6.708333333333332,0.049676482160821975,True,0.0137639346990972,-0.14179850496318375
hp,8,102.0,1,4.0,reference,6.708333333333332,0.006995067759136101,True,0.0,-0.10902709254172462
hp,8,102.0,2,8.0,reference,6.708333333333332,0.006995067759136101,True,0.0,-0.08806774642375502
hp,8,102.0,3,12.0,reference,6.708333333333332,0.006995067759136101,True,0.0,-0.08679006509233088
hp,8,102.0,4,16.0,reference,6.708333333333332,0.006995067759136101,True,0.0,-0.08042755724190576
hp,8,102.0,5,20.0,reference,6.708333333333332,0.006995067759136101,True,0.0,-0.08020024003413981
hp,8,102.0,6,24.0,reference,6.708333333333332,0.006995067759136101,True,0.0,-0.08590386879834415
hp,8,102.0,7,28.0,reference,6.708333333333332,0.006995067759136101,True,0.0,-0.08218904140800516
hp,8,102.0,8,32.0,reference,6.708333333333332,0.006995067759136101,True,0.0,-0.07697625026464147
hp,8,102.0,9,36.0,reference,6.708333333333332,0.006995067759136101,True,0.0,-0.08324828680131346
hp,8,102.0,10,40.0,reference,6.708333333333332,0.006995067759136101,True,0.0,-0.08532389402217662
hp,8,102.0,11,44.0,reference,6.708333333333332,0.006995067759136101,True,0.0,-0.07692669520999759
hp,8,102.0,12,48.0,reference,6.708333333333332,0.006995067759136101,True,0.0,-0.07943022478027462
hp,8,102.0,13,52.0,reference,6.708333333333332,0.006995067759136101,True,0.0,-0.0874598037018349
hp,8,102.0,14,56.0,reference,6.708333333333332,0.006995067759136101,True,0.0,-0.07999379603705509
hp,8,102.0,15,60.0,reference,6.708333333333332,0.006995067759136101,True,0.0,-0.07510472559936185
hp,8,102.0,16,64.0,reference,6.708333333333332,0.006995067759136101,True,0.0,-0.08646624274333682
hp,8,102.0,17,68.0,reference,6.708333333333332,0.006995067759136101,True,0.0,-0.08541145922314301
hp,8,102.0,18,72.0,reference,6.708333333333332,0.006995067759136101,True,0.0,-0.07303226922702305
hp,8,102.0,19,76.0,reference,6.708333333333332,0.006995067759136101,True,0.0,-0.08168192706614899
hp,8,102.0,20,80.0,reference,6.708333333333332,0.006995067759136101,True,0.0,-0.09047745365928492
hp,8,102.0,21,84.0,reference,6.708333333333332,0.006995067759136101,True,0.0,-0.0757020629699765
hp,8,102.0,22,88.0,reference,6.708333333333332,0.006995067759136101,True,0.0,-0.07438445609509317
hp,8,102.0,23,92.0,reference,6.708333333333332,0.006995067759136101,True,0.0,-0.09178461267753991
hp,8,102.0,24,96.0,reference,6.708333333333332,0.006995067759136101,True,0.0,-0.08344101581589138
hp,8,102.0,1,4.0,candidate1,6.708333333333332,0.006995067759136101,True,-0.037030250721657776,-0.11778848649052448
hp,8,102.0,2,8.0,candidate1,6.708333333333332,0.006995067759136101,True,0.05101647509507545,-0.08763332337775262
hp,8,102.0,3,12.0,candidate1,6.708333333333332,0.006995067759136101,True,0.4591634495978174,-0.08260886533149192
hp,8,102.0,4,16.0,candidate1,6.708333333333332,0.006995067759136101,True,0.47862262204865774,-0.07237687108428137
hp,8,102.0,5,20.0,candidate1,6.708333333333332,0.006995067759136101,True,0.7238441431550301,-0.080875651485528
hp,8,102.0,6,24.0,candidate1,6.708333333333332,0.006995067759136101,True,-0.16409976188415,-0.08679320886363034
hp,8,102.0,7,28.0,candidate1,6.708333333333332,0.006995067759136101,True,0.39091102434799385,-0.08225161488590353
hp,8,102.0,8,32.0,candidate1,6.708333333333332,0.006995067759136101,True,4.331130776775993e-05,-0.07795983073648441
hp,8,102.0,9,36.0,candidate1,6.708333333333332,0.006995067759136101,True,-0.018605496379299424,-0.08302356418122156
hp,8,102.0,10,40.0,candidate1,6.708333333333332,0.006995067759136101,True,-0.8513635896323326,-0.08740473880850684
hp,8,102.0,11,44.0,candidate1,6.708333333333332,0.006995067759136101,True,-0.19124897688415982,-0.0797095520328805
hp,8,102.0,12,48.0,candidate1,6.708333333333332,0.006995067759136101,True,0.021977001715869134,-0.08036403973268552
hp,8,102.0,13,52.0,candidate1,6.708333333333332,0.006995067759136101,True,0.15887937251173012,-0.08943852144051088
hp,8,102.0,14,56.0,candidate1,6.708333333333332,0.006995067759136101,True,-0.23069725343961933,-0.08093947052498446
hp,8,102.0,15,60.0,candidate1,6.708333333333332,0.006995067759136101,True,-0.14193946700770863,-0.07458577726142102
hp,8,102.0,16,64.0,candidate1,6.708333333333332,0.006995067759136101,True,0.027493476958292185,-0.08710479915721882
hp,8,102.0,17,68.0,candidate1,6.708333333333332,0.006995067759136101,True,0.240642034047444,-0.08495957746563657
hp,8,102.0,18,72.0,candidate1,6.708333333333332,0.006995067759136101,True,0.07893246359410808,-0.07096011243049236
hp,8,102.0,19,76.0,candidate1,6.708333333333332,0.006995067759136101,True,0.06231625436659494,-0.08298060471867583
hp,8,102.0,20,80.0,candidate1,6.708333333333332,0.006995067759136101,True,0.10429404724440293,-0.09289387591586401
hp,8,102.0,21,84.0,candidate1,6.708333333333332,0.006995067759136101,True,0.13985341748900193,-0.07232240589923007
hp,8,102.0,22,88.0,candidate1,6.708333333333332,0.006995067759136101,True,0.0811024967256535,-0.07386029569419211
hp,8,102.0,23,92.0,candidate1,6.708333333333332,0.006995067759136101,True,0.24090986660666802,-0.09856494645350834
hp,8,102.0,24,96.0,candidate1,6.708333333333332,0.006995067759136101,True,-0.4276479903901371,-0.08099678072015014
hp,8,102.0,1,4.0,candidate2,6.708333333333332,0.006995067759136101,True,-0.12066150759954475,-0.13988413381274972
hp,8,102.0,2,8.0,candidate2,6.708333333333332,0.006995067759136101,True,-0.5665399181764823,-0.1225710056674191
hp,8,102.0,3,12.0,candidate2,6.708333333333332,0.006995067759136101,True,-0.49607599100928645,-0.11544760766331852
hp,8,102.0,4,16.0,candidate2,6.708333333333332,0.006995067759136101,True,-0.7163105425220355,-0.1100373769709862
hp,8,102.0,5,20.0,candidate2,6.708333333333332,0.006995067759136101,True,-1.633554652538852,-0.10121604174115222
hp,8,102.0,6,24.0,candidate2,6.708333333333332,0.006995067759136101,True,0.8288432757246837,-0.09447395962758291
hp,8,102.0,7,28.0,candidate2,6.708333333333332,0.006995067759136101,True,0.32014862636148567,-0.09515383398815497
hp,8,102.0,8,32.0,candidate2,6.708333333333332,0.006995067759136101,True,-0.7269249500305526,-0.09475902380995438
hp,8,102.0,9,36.0,candidate2,6.708333333333332,0.006995067759136101,True,-1.9575174309743608,-0.09118710069151091
hp,8,102.0,10,40.0,candidate2,6.708333333333332,0.006995067759136101,True,1.6358511294364078,-0.08720550107729601
hp,8,102.0,11,44.0,candidate2,6.708333333333332,0.006995067759136101,True,0.26761079591921877,-0.08690123947650455
hp,8,102.0,12,48.0,candidate2,6.708333333333332,0.006995067759136101,True,-0.8861155406495248,-0.08544344505751766
hp,8,102.0,13,52.0,candidate2,6.708333333333332,0.006995067759136101,True,-2.258520965922387,-0.0847938900826461
hp,8,102.0,14,56.0,candidate2,6.708333333333332,0.006995067759136101,True,1.7648429387832754,-0.08619592206035359
hp,8,102.0,15,60.0,candidate2,6.708333333333332,0.006995067759136101,True,0.44533786756650584,-0.08808780778126267
hp,8,102.0,16,64.0,candidate2,6.708333333333332,0.006995067759136101,True,-0.7562558395168739,-0.09003832780552684
hp,8,102.0,17,68.0,candidate2,6.708333333333332,0.006995067759136101,True,-2.5715463587995853,-0.09198065258254962
hp,8,102.0,18,72.0,candidate2,6.708333333333332,0.006995067759136101,True,1.6365557086105278,-0.09366585044740183
hp,8,102.0,19,76.0,candidate2,6.708333333333332,0.006995067759136101,True,0.43943228218562314,-0.09482076273478351
hp,8,102.0,20,80.0,candidate2,6.708333333333332,0.006995067759136101,True,-0.8300171947625441,-0.09524184249530909
hp,8,102.0,21,84.0,candidate2,6.708333333333332,0.006995067759136101,True,-2.76966670503475,-0.09503380566310593
hp,8,102.0,22,88.0,candidate2,6.708333333333332,0.006995067759136101,True,1.1794462670213326,-0.09460971586168607
hp,8,102.0,23,92.0,candidate2,6.708333333333332,0.006995067759136101,True,0.04412406055076845,-0.09435658830864331
hp,8,102.0,24,96.0,candidate2,6.708333333333332,0.006995067759136101,True,0.07387785444663919,-0.09432218064161409
hp,8,102.0,1,4.0,fusion,6.708333333333332,0.006995067759136101,True,-0.03865744961049167,-0.11821547605223451
hp,8,102.0,2,8.0,fusion,6.708333333333332,0.006995067759136101,True,0.04061138875825266,-0.08830848013738389
hp,8,102.0,3,12.0,fusion,6.708333333333332,0.006995067759136101,True,0.434890146611985,-0.08324346091454465
hp,8,102.0,4,16.0,fusion,6.708333333333332,0.006995067759136101,True,0.45747263134025484,-0.07310464532270193
hp,8,102.0,5,20.0,fusion,6.708333333333332,0.006995067759136101,True,0.6979281752840986,-0.08126872140530012
hp,8,102.0,6,24.0,fusion,6.708333333333332,0.006995067759136101,True,-0.0824754220178725,-0.08694163630521994
hp,8,102.0,7,28.0,fusion,6.708333333333332,0.006995067759136101,True,0.38756697481875,-0.08250094511819844
hp,8,102.0,8,32.0,fusion,6.708333333333332,0.006995067759136101,True,-0.018378197616311293,-0.07828446843471143
hp,8,102.0,9,36.0,fusion,6.708333333333332,0.006995067759136101,True,-0.04952600984926648,-0.08318132126458277
hp,8,102.0,10,40.0,fusion,6.708333333333332,0.006995067759136101,True,-0.7976016039826284,-0.08740088861890682
hp,8,102.0,11,44.0,fusion,6.708333333333332,0.006995067759136101,True,-0.17157386345090136,-0.07984852852108774
hp,8,102.0,12,48.0,fusion,6.708333333333332,0.006995067759136101,True,-0.004633600898194201,-0.08046219721238136
hp,8,102.0,13,52.0,fusion,6.708333333333332,0.006995067759136101,True,0.13033645155583695,-0.08934876579412145
hp,8,102.0,14,56.0,fusion,6.708333333333332,0.006995067759136101,True,-0.1962697419525431,-0.08104104935200436
hp,8,102.0,15,60.0,fusion,6.708333333333332,0.006995067759136101,True,-0.1278056703111212,-0.07484669860985617
hp,8,102.0,16,64.0,fusion,6.708333333333332,0.006995067759136101,True,0.009535317358602136,-0.08716148842698937
hp,8,102.0,17,68.0,fusion,6.708333333333332,0.006995067759136101,True,0.23138005221093463,-0.08509525693875561
hp,8,102.0,18,72.0,fusion,6.708333333333332,0.006995067759136101,True,0.09928803036891096,-0.07139889175126794
hp,8,102.0,19,76.0,fusion,6.708333333333332,0.006995067759136101,True,0.06815452001040988,-0.083209411044562
hp,8,102.0,20,80.0,fusion,6.708333333333332,0.006995067759136101,True,0.08976528383108473,-0.09293924943246874
hp,8,102.0,21,84.0,fusion,6.708333333333332,0.006995067759136101,True,0.1368692004177089,-0.07276129463100504
hp,8,102.0,22,88.0,fusion,6.708333333333332,0.006995067759136101,True,0.0891856716266688,-0.07426126995368545
hp,8,102.0,23,92.0,fusion,6.708333333333332,0.006995067759136101,True,0.239066600601328,-0.09848362161275623
hp,8,102.0,24,96.0,fusion,6.708333333333332,0.006995067759136101,True,-0.40860149741958085,-0.08125428875280025
hp,9,102.0,1,4.0,reference,6.708333333333332,0.011931281454121742,True,0.0,-0.07510472559936185
hp,9,102.0,2,8.0,reference,6.708333333333332,0.011931281454121742,True,0.0,-0.08646624274333682
hp,9,102.0,3,12.0,reference,6.708333333333332,0.011931281454121742,True,0.0,-0.08541145922314301
hp,9,102.0,4,16.0,reference,6.708333333333332,0.011931281454121742,True,0.0,-0.07303226922702305
hp,9,102.0,5,20.0,reference,6.708333333333332,0.011931281454121742,True,0.0,-0.08168192706614899
hp,9,102.0,6,24.0,reference,6.708333333333332,0.011931281454121742,True,0.0,-0.09047745365928492
hp,9,102.0,7,28.0,reference,6.708333333333332,0.011931281454121742,True,0.0,-0.0757020629699765
hp,9,102.0,8,32.0,reference,6.708333333333332,0.011931281454121742,True,0.0,-0.07438445609509317
hp,9,102.0,9,36.0,reference,6.708333333333332,0.011931281454121742,True,0.0,-0.09178461267753991
hp,9,102.0,10,40.0,reference,6.708333333333332,0.011931281454121742,True,0.0,-0.08344101581589138
hp,9,102.0,11,44.0,reference,6.708333333333332,0.011931281454121742,True,0.0,-0.06827119248291116
hp,9,102.0,12,48.0,reference,6.708333333333332,0.011931281454121742,True,0.0,-0.08702307221180053
hp,9,102.0,13,52.0,reference,6.708333333333332,0.011931281454121742,True,0.0,-0.09309160981621206
hp,9,102.0,14,56.0,reference,6.708333333333332,0.011931281454121742,True,0.0,-0.0683869313251464
hp,9,102.0,15,60.0,reference,6.708333333333332,0.011931281454121742,True,0.0,-0.07640261534000502
hp,9,102.0,16,64.0,reference,6.708333333333332,0.011931281454121742,True,0.0,-0.0990648817648857
hp,9,102.0,17,68.0,reference,6.708333333333332,0.011931281454121742,True,0.0,-0.07771825823777437
hp,9,102.0,18,72.0,reference,6.708333333333332,0.011931281454121742,True,0.0,-0.0639426624909054
hp,9,102.0,19,76.0,reference,6.708333333333332,0.011931281454121742,True,0.0,-0.09645692785854676
hp,9,102.0,20,80.0,reference,6.708333333333332,0.011931281454121742,True,0.0,-0.09362694484468559
hp,9,102.0,21,84.0,reference,6.708333333333332,0.011931281454121742,True,0.0,-0.05801052368684031
hp,9,102.0,22,88.0,reference,6.708333333333332,0.011931281454121742,True,0.0,-0.08338319042003312
hp,9,102.0,23,92.0,reference,6.708333333333332,0.011931281454121742,True,0.0,-0.10756527653303746
hp,9,102.0,24,96.0,reference,6.708333333333332,0.011931281454121742,True,0.0,-0.06669372023307417
hp,9,102.0,1,4.0,candidate1,6.708333333333332,0.011931281454121742,True,0.16053922915622065,-0.07650021820154551
hp,9,102.0,2,8.0,candidate1,6.708333333333332,0.011931281454121742,True,0.23137011007655328,-0.08547761398243718
hp,9,102.0,3,12.0,candidate1,6.708333333333332,0.011931281454121742,True,-0.34847138156907764,-0.08544095416999581
hp,9,102.0,4,16.0,candidate1,6.708333333333332,0.011931281454121742,True,-0.1401776220129289,-0.07469511532764236
hp,9,102.0,5,20.0,candidate1,6.708333333333332,0.011931281454121742,True,-0.014710457524787167,-0.08190694095374251
hp,9,102.0,6,24.0,candidate1,6.708333333333332,0.011931281454121742,True,0.028155412531997825,-0.09126360408718162
hp,9,102.0,7,28.0,candidate1,6.708333333333332,0.011931281454121742,True,0.004654215907532788,-0.07548010097816447
hp,9,102.0,8,32.0,candidate1,6.708333333333332,0.011931281454121742,True,-0.01993635249670911,-0.07371312066580397
hp,9,102.0,9,36.0,candidate1,6.708333333333332,0.011931281454121742,True,0.009807137894056517,-0.09361292317729966
hp,9,102.0,10,40.0,candidate1,6.708333333333332,0.011931281454121742,True,0.057898570002100413,-0.083323231698259
hp,9,102.0,11,44.0,candidate1,6.708333333333332,0.011931281454121742,True,0.07868882647198698,-0.06735543222867285
hp,9,102.0,12,48.0,candidate1,6.708333333333332,0.011931281454121742,True,0.08544251613528164,-0.08938015157676957
hp,9,102.0,13,52.0,candidate1,6.708333333333332,0.011931281454121742,True,0.10478027384090449,-0.09432227325657117
hp,9,102.0,14,56.0,candidate1,6.708333333333332,0.011931281454121742,True,0.12074471765065803,-0.06400280271614539
hp,9,102.0,15,60.0,candidate1,6.708333333333332,0.011931281454121742,True,0.12616558118998,-0.07770831361929278
hp,9,102.0,16,64.0,candidate1,6.708333333333332,0.011931281454121742,True,0.13140124575577364,-0.10652044436132309
hp,9,102.0,17,68.0,candidate1,6.708333333333332,0.011931281454121742,True,0.12918469367989527,-0.07326552275605815
hp,9,102.0,18,72.0,candidate1,6.708333333333332,0.011931281454121742,True,0.10098280517923976,-0.05846790145178376
hp,9,102.0,19,76.0,candidate1,6.708333333333332,0.011931281454121742,True,0.060930292149668386,-0.1043891555436583
hp,9,102.0,20,80.0,candidate1,6.708333333333332,0.011931281454121742,True,0.061703947687022254,-0.09702140792670326
hp,9,102.0,21,84.0,candidate1,6.708333333333332,0.011931281454121742,True,0.11873067513710359,-0.04905051955782477
hp,9,102.0,22,88.0,candidate1,6.708333333333332,0.011931281454121742,True,0.16073095690882955,-0.0908193356613794
hp,9,102.0,23,92.0,candidate1,6.708333333333332,0.011931281454121742,True,0.15158140936159456,-0.11657667341135805
hp,9,102.0,24,96.0,candidate1,6.708333333333332,0.011931281454121742,True,0.12640149874651452,-0.0585049886083314
hp,9,102.0,1,4.0,candidate2,6.708333333333332,0.011931281454121742,True,0.017872863960005425,-0.0747176364411562
hp,9,102.0,2,8.0,candidate2,6.708333333333332,0.011931281454121742,True,-0.016655904000574928,-0.08575430020729441
hp,9,102.0,3,12.0,candidate2,6.708333333333332,0.011931281454121742,True,0.10777807581512899,-0.08410802341843378
hp,9,102.0,4,16.0,candidate2,6.708333333333332,0.011931281454121742,True,0.18740422732704445,-0.07269055906988117
hp,9,102.0,5,20.0,candidate2,6.708333333333332,0.011931281454121742,True,0.12088960756834899,-0.08295802178793801
hp,9,102.0,6,24.0,candidate2,6.708333333333332,0.011931281454121742,True,0.14021299056078762,-0.08965881389282379
hp,9,102.0,7,28.0,candidate2,6.708333333333332,0.011931281454121742,True,0.22445807613395874,-0.0743435347522974
hp,9,102.0,8,32.0,candidate2,6.708333333333332,0.011931281454121742,True,0.20374079440196335,-0.07606508622791756
hp,9,102.0,9,36.0,candidate2,6.708333333333332,0.011931281454121742,True,0.15081621473420403,-0.09254491599943844
hp,9,102.0,10,40.0,candidate2,6.708333333333332,0.011931281454121742,True,0.2044300370014127,-0.0811419853169829
hp,9,102.0,11,44.0,candidate2,6.708333333333332,0.011931281454121742,True,0.27086665478522937,-0.06966266597585055
hp,9,102.0,12,48.0,candidate2,6.708333333333332,0.011931281454121742,True,0.21715314299968114,-0.09042606321486532
hp,9,102.0,13,52.0,candidate2,6.708333333333332,0.011931281454121742,True,0.14765936903214658,-0.09211167378709165
hp,9,102.0,14,56.0,candidate2,6.708333333333332,0.011931281454121742,True,0.18864003130647122,-0.06788344919767705
hp,9,102.0,15,60.0,candidate2,6.708333333333332,0.011931281454121742,True,0.25600230424707093,-0.08099323808697477
hp,9,102.0,16,64.0,candidate2,6.708333333333332,0.011931281454121742,True,0.2214474244404079,-0.10049440850182581
hp,9,102.0,17,68.0,candidate2,6.708333333333332,0.011931281454121742,True,0.16185305251437931,-0.0752750744494647
hp,9,102.0,18,72.0,candidate2,6.708333333333332,0.011931281454121742,True,0.18716658314421616,-0.0673894053622221
hp,9,102.0,19,76.0,candidate2,6.708333333333332,0.011931281454121742,True,0.23625561436262732,-0.1001051830861638
hp,9,102.0,20,80.0,candidate2,6.708333333333332,0.011931281454121742,True,0.20136049652170995,-0.09068583407512433
hp,9,102.0,21,84.0,candidate2,6.708333333333332,0.011931281454121742,True,0.13756338954715613,-0.057803414806922866
hp,9,102.0,22,88.0,candidate2,6.708333333333332,0.011931281454121742,True,0.13575770469440185,-0.087965743186314
hp,9,102.0,23,92.0,candidate2,6.708333333333332,0.011931281454121742,True,0.1538106648737445,-0.10698134408548213
hp,9,102.0,24,96.0,candidate2,6.708333333333332,0.011931281454121742,True,0.10979283024505138,-0.06460031547903897
hp,9,102.0,1,4.0,fusion,6.708333333333332,0.011931281454121742,True,0.07902956238185244,-0.07542492532587206
hp,9,102.0,2,8.0,fusion,6.708333333333332,0.011931281454121742,True,0.06598646134139985,-0.08564451725329808
hp,9,102.0,3,12.0,fusion,6.708333333333332,0.011931281454121742,True,-0.0570306791690487,-0.0846369007611874
hp,9,102.0,4,16.0,fusion,6.708333333333332,0.011931281454121742,True,0.06400102816442088,-0.07348592250925154
hp,9,102.0,5,20.0,fusion,6.708333333333332,0.011931281454121742,True,0.06824692437556722,-0.08254097623777935
hp,9,102.0,6,24.0,fusion,6.708333333333332,0.011931281454121742,True,0.09356447171839477,-0.09029555902956435
hp,9,102.0,7,28.0,fusion,6.708333333333332,0.011931281454121742,True,0.1307949287716278,-0.07479449900883936
hp,9,102.0,8,32.0,fusion,6.708333333333332,0.011931281454121742,True,0.10973476661165371,-0.07513187848604427
hp,9,102.0,9,36.0,fusion,6.708333333333332,0.011931281454121742,True,0.09047602226725626,-0.09296867754714608
hp,9,102.0,10,40.0,fusion,6.708333333333332,0.011931281454121742,True,0.13983410693958298,-0.08200745547638044
hp,9,102.0,11,44.0,fusion,6.708333333333332,0.011931281454121742,True,0.1887258068097431,-0.06874720682548668
hp,9,102.0,12,48.0,fusion,6.708333333333332,0.011931281454121742,True,0.16278982137221654,-0.09001106868700787
hp,9,102.0,13,52.0,fusion,6.708333333333332,0.011931281454121742,True,0.1291501390616112,-0.0929887906005051
hp,9,102.0,14,56.0,fusion,6.708333333333332,0.011931281454121742,True,0.15712678064291669,-0.06634369479039556
hp,9,102.0,15,60.0,fusion,6.708333333333332,0.011931281454121742,True,0.19497247608994897,-0.0796898529549429
hp,9,102.0,16,64.0,fusion,6.708333333333332,0.011931281454121742,True,0.17960326735447854,-0.10288540580530477
hp,9,102.0,17,68.0,fusion,6.708333333333332,0.011931281454121742,True,0.14626722705429884,-0.07447772893208547
hp,9,102.0,18,72.0,fusion,6.708333333333332,0.011931281454121742,True,0.14461490111408037,-0.0638495505903299
hp,9,102.0,19,76.0,fusion,6.708333333333332,0.011931281454121742,True,0.15113961452766622,-0.10180496829037962
hp,9,102.0,20,80.0,fusion,6.708333333333332,0.011931281454121742,True,0.1361000077167449,-0.09319964918481083
hp,9,102.0,21,84.0,fusion,6.708333333333332,0.011931281454121742,True,0.12872357354200206,-0.05433046021020508
hp,9,102.0,22,88.0,fusion,6.708333333333332,0.011931281454121742,True,0.14784764778491377,-0.08909798535549326
hp,9,102.0,23,92.0,fusion,6.708333333333332,0.011931281454121742,True,0.15273747411323368,-0.11078855782915803
hp,9,102.0,24,96.0,fusion,6.708333333333332,0.011931281454121742,True,0.11742902845933789,-0.062181825039969385
hp,10,102.0,1,4.0,reference,6.708333333333332,0.026043017820992564,True,0.0,-0.07640261534000502
hp,10,102.0,2,8.0,reference,6.708333333333332,0.026043017820992564,True,0.0,-0.0990648817648857
hp,10,102.0,3,12.0,reference,6.708333333333332,0.026043017820992564,True,0.0,-0.07771825823777437
hp,10,102.0,4,16.0,reference,6.708333333333332,0.026043017820992564,True,0.0,-0.0639426624909054
hp,10,102.0,5,20.0,reference,6.708333333333332,0.026043017820992564,True,0.0,-0.09645692785854676
hp,10,102.0,6,24.0,reference,6.708333333333332,0.026043017820992564,True,0.0,-0.09362694484468559
hp,10,102.0,7,28.0,reference,6.708333333333332,0.026043017820992564,True,0.0,-0.05801052368684031
hp,10,102.0,8,32.0,reference,6.708333333333332,0.026043017820992564,True,0.0,-0.08338319042003312
hp,10,102.0,9,36.0,reference,6.708333333333332,0.026043017820992564,True,0.0,-0.10756527653303746
hp,10,102.0,10,40.0,reference,6.708333333333332,0.026043017820992564,True,0.0,-0.06669372023307417
hp,10,102.0,11,44.0,reference,6.708333333333332,0.026043017820992564,True,0.0,-0.06282504180905829
hp,10,102.0,12,48.0,reference,6.708333333333332,0.026043017820992564,True,0.0,-0.11025493091551383
hp,10,102.0,13,52.0,reference,6.708333333333332,0.026043017820992564,True,0.0,-0.08979840545544407
hp,10,102.0,14,56.0,reference,6.708333333333332,0.026043017820992564,True,0.0,-0.046531583437598126
hp,10,102.0,15,60.0,reference,6.708333333333332,0.026043017820992564,True,0.0,-0.0969447797469819
hp,10,102.0,16,64.0,reference,6.708333333333332,0.026043017820992564,True,0.0,-0.11537150667704041
hp,10,102.0,17,68.0,reference,6.708333333333332,0.026043017820992564,True,0.0,-0.050762601085293485
hp,10,102.0,18,72.0,reference,6.708333333333332,0.026043017820992564,True,0.0,-0.06823648144235152
hp,10,102.0,19,76.0,reference,6.708333333333332,0.026043017820992564,True,0.0,-0.1269129023549705
hp,10,102.0,20,80.0,reference,6.708333333333332,0.026043017820992564,True,0.0,-0.0802274915971728
hp,10,102.0,21,84.0,reference,6.708333333333332,0.026043017820992564,True,0.0,-0.03820991036701907
hp,10,102.0,22,88.0,reference,6.708333333333332,0.026043017820992564,True,0.0,-0.11594787118550016
hp,10,102.0,23,92.0,reference,6.708333333333332,0.026043017820992564,True,0.0,-0.11957938012980325
hp,10,102.0,24,96.0,reference,6.708333333333332,0.026043017820992564,True,0.0,-0.03384405824430502
hp,10,102.0,1,4.0,candidate1,6.708333333333332,0.026043017820992564,True,-0.05215060291413476,-0.07481052275444963
hp,10,102.0,2,8.0,candidate1,6.708333333333332,0.026043017820992564,True,-0.04701854465620503,-0.10004525211222852
hp,10,102.0,3,12.0,candidate1,6.708333333333332,0.026043017820992564,True,0.03388113034607598,-0.0779325160934933
hp,10,102.0,4,16.0,candidate1,6.708333333333332,0.026043017820992564,True,-0.008919020234113617,-0.06380803348684636
hp,10,102.0,5,20.0,candidate1,6.708333333333332,0.026043017820992564,True,-0.08880636766288985,-0.09563880143300144
hp,10,102.0,6,24.0,candidate1,6.708333333333332,0.026043017820992564,True,-0.1079687659745856,-0.09580692877939867
hp,10,102.0,7,28.0,candidate1,6.708333333333332,0.026043017820992564,True,-0.03797441791734579,-0.058340821954128944
hp,10,102.0,8,32.0,candidate1,6.708333333333332,0.026043017820992564,True,-0.014851267478030781,-0.0830821314766711
hp,10,102.0,9,36.0,candidate1,6.708333333333332,0.026043017820992564,True,-0.05497523923855896,-0.11122429847775749
hp,10,102.0,10,40.0,candidate1,6.708333333333332,0.026043017820992564,True,-0.09808386450960006,-0.06731929508976936
hp,10,102.0,11,44.0,candidate1,6.708333333333332,0.026043017820992564,True,-0.09842094576093574,-0.0580464090890649
hp,10,102.0,12,48.0,candidate1,6.708333333333332,0.026043017820992564,True,-0.10265259209666366,-0.11195399968163275
hp,10,102.0,13,52.0,candidate1,6.708333333333332,0.026043017820992564,True,-0.12330377323491803,-0.09487139149738835
hp,10,102.0,14,56.0,candidate1,6.708333333333332,0.026043017820992564,True,-0.10859807631526541,-0.042301032078582476
hp,10,102.0,15,60.0,candidate1,6.708333333333332,0.026043017820992564,True,-0.06300710806298437,-0.0947916706609889
hp,10,102.0,16,64.0,candidate1,6.708333333333332,0.026043017820992564,True,-0.05234483007757884,-0.11870825561643282
hp,10,102.0,17,68.0,candidate1,6.708333333333332,0.026043017820992564,True,-0.08402931564082783,-0.049213612490195985
hp,10,102.0,18,72.0,candidate1,6.708333333333332,0.026043017820992564,True,-0.10494798969555942,-0.06157787323156504
hp,10,102.0,19,76.0,candidate1,6.708333333333332,0.026043017820992564,True,-0.09978594472268298,-0.1294284672703655
hp,10,102.0,20,80.0,candidate1,6.708333333333332,0.026043017820992564,True,-0.09938326384286089,-0.08382419791699997
hp,10,102.0,21,84.0,candidate1,6.708333333333332,0.026043017820992564,True,-0.10342591251750696,-0.03105236970931112
hp,10,102.0,22,88.0,candidate1,6.708333333333332,0.026043017820992564,True,-0.07380748028778993,-0.11328931671156961
hp,10,102.0,23,92.0,candidate1,6.708333333333332,0.026043017820992564,True,-0.03952760754757234,-0.12264292773036584
hp,10,102.0,24,96.0,candidate1,6.708333333333332,0.026043017820992564,True,-0.03211654172911971,-0.029013244663544435
hp,10,102.0,1,4.0,candidate2,6.708333333333332,0.026043017820992564,True,0.008014785807233249,-0.0770837544109686
hp,10,102.0,2,8.0,candidate2,6.708333333333332,0.026043017820992564,True,0.0554331848687899,-0.10114100524297137
hp,10,102.0,3,12.0,candidate2,6.708333333333332,0.026043017820992564,True,0.13308583013240963,-0.07545408513805889
hp,10,102.0,4,16.0,candidate2,6.708333333333332,0.026043017820992564,True,0.16127454789798212,-0.06517413054369955
hp,10,102.0,5,20.0,candidate2,6.708333333333332,0.026043017820992564,True,0.15164017581902556,-0.100470061056772
hp,10,102.0,6,24.0,candidate2,6.708333333333332,0.026043017820992564,True,0.11530652668274155,-0.09279815731310229
hp,10,102.0,7,28.0,candidate2,6.708333333333332,0.026043017820992564,True,0.07624349087175171,-0.05659436883570611
hp,10,102.0,8,32.0,candidate2,6.708333333333332,0.026043017820992564,True,0.08145177165197426,-0.08686785411176522
hp,10,102.0,9,36.0,candidate2,6.708333333333332,0.026043017820992564,True,0.10305873760758688,-0.10929574541325941
hp,10,102.0,10,40.0,candidate2,6.708333333333332,0.026043017820992564,True,0.09084318558246096,-0.06507890676289216
hp,10,102.0,11,44.0,candidate2,6.708333333333332,0.026043017820992564,True,0.04955724008598405,-0.06444850239113027
hp,10,102.0,12,48.0,candidate2,6.708333333333332,0.026043017820992564,True,0.027473630888367847,-0.11368901894368807
hp,10,102.0,13,52.0,candidate2,6.708333333333332,0.026043017820992564,True,0.04654121460491866,-0.09025426031310707
hp,10,102.0,14,56.0,candidate2,6.708333333333332,0.026043017820992564,True,0.07851573421808743,-0.04750774922536773
hp,10,102.0,15,60.0,candidate2,6.708333333333332,0.026043017820992564,True,0.07686652732065657,-0.10208461229854812
hp,10,102.0,16,64.0,candidate2,6.708333333333332,0.026043017820992564,True,0.03508401542049722,-0.11661780569326811
hp,10,102.0,17,68.0,candidate2,6.708333333333332,0.026043017820992564,True,-0.021755147100950167,-0.05386819261399459
hp,10,102.0,18,72.0,candidate2,6.708333333333332,0.026043017820992564,True,-0.0430751054988503,-0.06893082016591591
hp,10,102.0,19,76.0,candidate2,6.708333333333332,0.026043017820992564,True,-0.02312482045502806,-0.12959660421167404
hp,10,102.0,20,80.0,candidate2,6.708333333333332,0.026043017820992564,True,0.013254313651187344,-0.08204720158289347
hp,10,102.0,21,84.0,candidate2,6.708333333333332,0.026043017820992564,True,0.035846758045804894,-0.041647332274276
hp,10,102.0,22,88.0,candidate2,6.708333333333332,0.026043017820992564,True,0.0322970078294027,-0.1187431517396573
hp,10,102.0,23,92.0,candidate2,6.708333333333332,0.026043017820992564,True,0.015787568795906815,-0.11984380085904715
hp,10,102.0,24,96.0,candidate2,6.708333333333332,0.026043017820992564,True,0.0019484481247396546,-0.03858808322915083
hp,10,102.0,1,4.0,fusion,6.708333333333332,0.026043017820992564,True,-0.028435729635609475,-0.0757553745785016
hp,10,102.0,2,8.0,fusion,6.708333333333332,0.026043017820992564,True,-0.0021544133669952896,-0.10050069374807061
hp,10,102.0,3,12.0,fusion,6.708333333333332,0.026043017820992564,True,0.0790867756568656,-0.0769023747076325
hp,10,102.0,4,16.0,fusion,6.708333333333332,0.026043017820992564,True,0.06290773002311223,-0.06437584156408224
hp,10,102.0,5,20.0,fusion,6.708333333333332,0.026043017820992564,True,0.010755921810080782,-0.09764687854863444
hp,10,102.0,6,24.0,fusion,6.708333333333332,0.026043017820992564,True,-0.010334065329794306,-0.09455635530619667
hp,10,102.0,7,28.0,fusion,6.708333333333332,0.026043017820992564,True,0.011906263926217991,-0.05761492170994092
hp,10,102.0,8,32.0,fusion,6.708333333333332,0.026043017820992564,True,0.024932432789855682,-0.0846556389222787
hp,10,102.0,9,36.0,fusion,6.708333333333332,0.026043017820992564,True,0.00796567182616048,-0.11042270974589793
hp,10,102.0,10,40.0,fusion,6.708333333333332,0.026043017820992564,True,-0.021883958436189732,-0.0663880943513122
hp,10,102.0,11,44.0,fusion,6.708333333333332,0.026043017820992564,True,-0.03861613702473398,-0.060707391535293156
hp,10,102.0,12,48.0,fusion,6.708333333333332,0.026043017820992564,True,-0.05128374089587328,-0.11267514752849522
hp,10,102.0,13,52.0,fusion,6.708333333333332,0.026043017820992564,True,-0.05683087838060663,-0.09295231527440642
hp,10,102.0,14,56.0,fusion,6.708333333333332,0.026043017820992564,True,-0.03344952745670249,-0.04446516532006484
hp,10,102.0,15,60.0,fusion,6.708333333333332,0.026043017820992564,True,-0.006438968635953168,-0.09782292758950814
hp,10,102.0,16,64.0,fusion,6.708333333333332,0.026043017820992564,True,-0.01770731060922781,-0.11783937565986208
hp,10,102.0,17,68.0,fusion,6.708333333333332,0.026043017820992564,True,-0.05974362068916972,-0.051148254086249456
hp,10,102.0,18,72.0,fusion,6.708333333333332,0.026043017820992564,True,-0.08064898502700224,-0.06463407091522631
hp,10,102.0,19,76.0,fusion,6.708333333333332,0.026043017820992564,True,-0.06947674309303586,-0.1294983521389975
hp,10,102.0,20,80.0,fusion,6.708333333333332,0.026043017820992564,True,-0.05521408537566242,-0.08308560261246982
hp,10,102.0,21,84.0,fusion,6.708333333333332,0.026043017820992564,True,-0.04908147193611245,-0.03545608706761981
hp,10,102.0,22,88.0,fusion,6.708333333333332,0.026043017820992564,True,-0.03224867824067701,-0.11555616266173474
hp,10,102.0,23,92.0,fusion,6.708333333333332,0.026043017820992564,True,-0.018020606927765748,-0.1214794914732057
hp,10,102.0,24,96.0,fusion,6.708333333333332,0.026043017820992564,True,-0.01895916996633301,-0.032992955071752386
hp,11,102.0,1,4.0,reference,6.708333333333332,0.04222706763960599,True,0.0,-0.0969447797469819
hp,11,102.0,2,8.0,reference,6.708333333333332,0.04222706763960599,True,0.0,-0.11537150667704041
hp,11,102.0,3,12.0,reference,6.708333333333332,0.04222706763960599,True,0.0,-0.050762601085293485
hp,11,102.0,4,16.0,reference,6.708333333333332,0.04222706763960599,True,0.0,-0.06823648144235152
hp,11,102.0,5,20.0,reference,6.708333333333332,0.04222706763960599,True,0.0,-0.1269129023549705
hp,11,102.0,6,24.0,reference,6.708333333333332,0.04222706763960599,True,0.0,-0.0802274915971728
hp,11,102.0,7,28.0,reference,6.708333333333332,0.04222706763960599,True,0.0,-0.03820991036701907
hp,11,102.0,8,32.0,reference,6.708333333333332,0.04222706763960599,True,0.0,-0.11594787118550016
hp,11,102.0,9,36.0,reference,6.708333333333332,0.04222706763960599,True,0.0,-0.11957938012980325
hp,11,102.0,10,40.0,reference,6.708333333333332,0.04222706763960599,True,0.0,-0.03384405824430502
hp,11,102.0,11,44.0,reference,6.708333333333332,0.04222706763960599,True,0.0,-0.08094080895698688
hp,11,102.0,12,48.0,reference,6.708333333333332,0.04222706763960599,True,0.0,-0.14255832935500232
hp,11,102.0,13,52.0,reference,6.708333333333332,0.04222706763960599,True,0.0,-0.06665334002469803
hp,11,102.0,14,56.0,reference,6.708333333333332,0.04222706763960599,True,0.0,-0.03666206951812291
hp,11,102.0,15,60.0,reference,6.708333333333332,0.04222706763960599,True,0.0,-0.13559427968796114
hp,11,102.0,16,64.0,reference,6.708333333333332,0.04222706763960599,True,0.0,-0.11845337182296477
hp,11,102.0,17,68.0,reference,6.708333333333332,0.04222706763960599,True,0.0,-0.02102717732636397
hp,11,102.0,18,72.0,reference,6.708333333333332,0.04222706763960599,True,0.0,-0.09692544639769468
hp,11,102.0,19,76.0,reference,6.708333333333332,0.04222706763960599,True,0.0,-0.15301662233632748
hp,11,102.0,20,80.0,reference,6.708333333333332,0.04222706763960599,True,0.0,-0.05305802210292482
hp,11,102.0,21,84.0,reference,6.708333333333332,0.04222706763960599,True,0.0,-0.0412291193582085
hp,11,102.0,22,88.0,reference,6.708333333333332,0.04222706763960599,True,0.0,-0.15096510150691966
hp,11,102.0,23,92.0,reference,6.708333333333332,0.04222706763960599,True,0.0,-0.11298737440265423
hp,11,102.0,24,96.0,reference,6.708333333333332,0.04222706763960599,True,0.0,-0.014023223670458898
hp,11,102.0,1,4.0,candidate1,6.708333333333332,0.04222706763960599,True,-0.04884250445840177,-0.09409148091814563
hp,11,102.0,2,8.0,candidate1,6.708333333333332,0.04222706763960599,True,-0.08652724799908239,-0.11900479110174295
hp,11,102.0,3,12.0,candidate1,6.708333333333332,0.04222706763960599,True,-0.06205736559949748,-0.04869461573033776
hp,11,102.0,4,16.0,candidate1,6.708333333333332,0.04222706763960599,True,-0.0399849445617908,-0.06432663844628772
hp,11,102.0,5,20.0,candidate1,6.708333333333332,0.04222706763960599,True,-0.0568365292745705,-0.12796477588968078
hp,11,102.0,6,24.0,candidate1,6.708333333333332,0.04222706763960599,True,-0.09775994186159798,-0.08336833342742507
hp,11,102.0,7,28.0,candidate1,6.708333333333332,0.04222706763960599,True,-0.10168247538921238,-0.033304479401950596
hp,11,102.0,8,32.0,candidate1,6.708333333333332,0.04222706763960599,True,-0.06800646420630851,-0.11246160642685016
hp,11,102.0,9,36.0,candidate1,6.708333333333332,0.04222706763960599,True,-0.016506018168597425,-0.12061089659897413
hp,11,102.0,10,40.0,candidate1,6.708333333333332,0.04222706763960599,True,-0.018053681885621394,-0.029103360020957578
hp,11,102.0,11,44.0,candidate1,6.708333333333332,0.04222706763960599,True,-0.059702698542458466,-0.0757626538974383
hp,11,102.0,12,48.0,candidate1,6.708333333333332,0.04222706763960599,True,-0.10350163063558807,-0.14395141140981038
hp,11,102.0,13,52.0,candidate1,6.708333333333332,0.04222706763960599,True,-0.10518334933086959,-0.07151241415045467
hp,11,102.0,14,56.0,candidate1,6.708333333333332,0.04222706763960599,True,-0.05447812696081433,-0.035715819728918075
hp,11,102.0,15,60.0,candidate1,6.708333333333332,0.04222706763960599,True,-0.023115083092146715,-0.13332066157984257
hp,11,102.0,16,64.0,candidate1,6.708333333333332,0.04222706763960599,True,-0.017066124954948417,-0.11966066852961063
hp,11,102.0,17,68.0,candidate1,6.708333333333332,0.04222706763960599,True,-0.04077958048699418,-0.016854492114705022
hp,11,102.0,18,72.0,candidate1,6.708333333333332,0.04222706763960599,True,-0.07051209773669553,-0.09151277812988069
hp,11,102.0,19,76.0,candidate1,6.708333333333332,0.04222706763960599,True,-0.08092603070142923,-0.15500502496014124
hp,11,102.0,20,80.0,candidate1,6.708333333333332,0.04222706763960599,True,-0.06693514742494222,-0.05706671369529687
hp,11,102.0,21,84.0,candidate1,6.708333333333332,0.04222706763960599,True,-0.007959350607705695,-0.042625452802138156
hp,11,102.0,22,88.0,candidate1,6.708333333333332,0.04222706763960599,True,0.01874118159379945,-0.14940316833832626
hp,11,102.0,23,92.0,candidate1,6.708333333333332,0.04222706763960599,True,0.0034685593201033704,-0.11233973733930985
hp,11,102.0,24,96.0,candidate1,6.708333333333332,0.04222706763960599,True,-0.01639419353199298,-0.010631750469422857
hp,11,102.0,1,4.0,candidate2,6.708333333333332,0.04222706763960599,True,0.08471099980555685,-0.1031891555935811
hp,11,102.0,2,8.0,candidate2,6.708333333333332,0.04222706763960599,True,0.07935919006804593,-0.11714592825160175
hp,11,102.0,3,12.0,candidate2,6.708333333333332,0.04222706763960599,True,0.03543577483349508,-0.04943690482496603
hp,11,102.0,4,16.0,candidate2,6.708333333333332,0.04222706763960599,True,0.0194565926276733,-0.07019330348799432
hp,11,102.0,5,20.0,candidate2,6.708333333333332,0.04222706763960599,True,0.030324945274995407,-0.13068982463451623
hp,11,102.0,6,24.0,candidate2,6.708333333333332,0.04222706763960599,True,0.07556777288072958,-0.07895280461147197
hp,11,102.0,7,28.0,candidate2,6.708333333333332,0.04222706763960599,True,0.09504106792353867,-0.041335220935002984
hp,11,102.0,8,32.0,candidate2,6.708333333333332,0.04222706763960599,True,0.0831138010030501,-0.12207093620958012
hp,11,102.0,9,36.0,candidate2,6.708333333333332,0.04222706763960599,True,0.05092428045920494,-0.11906700611011607
hp,11,102.0,10,40.0,candidate2,6.708333333333332,0.04222706763960599,True,0.031745565469390946,-0.0361729451345429
hp,11,102.0,11,44.0,candidate2,6.708333333333332,0.04222706763960599,True,0.024486616793748084,-0.08412512535870378
hp,11,102.0,12,48.0,candidate2,6.708333333333332,0.04222706763960599,True,0.01747704244426362,-0.14778405353446847
hp,11,102.0,13,52.0,candidate2,6.708333333333332,0.04222706763960599,True,-0.002652174670217722,-0.06722565055801527
hp,11,102.0,14,56.0,candidate2,6.708333333333332,0.04222706763960599,True,-0.007695928117294137,-0.03775769186604136
hp,11,102.0,15,60.0,candidate2,6.708333333333332,0.04222706763960599,True,0.005137076713635391,-0.13536346897162543
hp,11,102.0,16,64.0,candidate2,6.708333333333332,0.04222706763960599,True,0.022724526147834823,-0.11706352663255651
hp,11,102.0,17,68.0,candidate2,6.708333333333332,0.04222706763960599,True,0.03465714743057201,-0.023351038932009155
hp,11,102.0,18,72.0,candidate2,6.708333333333332,0.04222706763960599,True,0.028515868735027317,-0.10001746935888182
hp,11,102.0,19,76.0,candidate2,6.708333333333332,0.04222706763960599,True,0.02580575851068234,-0.1535801187647985
hp,11,102.0,20,80.0,candidate2,6.708333333333332,0.04222706763960599,True,0.034126021869843814,-0.051856178538520224
hp,11,102.0,21,84.0,candidate2,6.708333333333332,0.04222706763960599,True,0.043795935157308286,-0.043486498221294696
hp,11,102.0,22,88.0,candidate2,6.708333333333332,0.04222706763960599,True,0.04187249558769679,-0.15380350120360647
hp,11,102.0,23,92.0,candidate2,6.708333333333332,0.04222706763960599,True,0.038542260550994634,-0.11031843688340906
hp,11,102.0,24,96.0,candidate2,6.708333333333332,0.04222706763960599,True,0.04386546379514458,-0.016076803490019526
hp,11,102.0,1,4.0,fusion,6.708333333333332,0.04222706763960599,True,-0.0049163934740010795,-0.09730615929952793
hp,11,102.0,2,8.0,fusion,6.708333333333332,0.04222706763960599,True,-0.028694919024454535,-0.1183479588416888
hp,11,102.0,3,12.0,fusion,6.708333333333332,0.04222706763960599,True,-0.02730596980028077,-0.048956904808631616
hp,11,102.0,4,16.0,fusion,6.708333333333332,0.04222706763960599,True,-0.018938458708984696,-0.0663996342340254
hp,11,102.0,5,20.0,fusion,6.708333333333332,0.04222706763960599,True,-0.026821226511681843,-0.12892767636708394
hp,11,102.0,6,24.0,fusion,6.708333333333332,0.04222706763960599,True,-0.038121029970825226,-0.08180809902320511
hp,11,102.0,7,28.0,fusion,6.708333333333332,0.04222706763960599,True,-0.032933556192642766,-0.03614215519425811
hp,11,102.0,8,32.0,fusion,6.708333333333332,0.04222706763960599,True,-0.01518953670626555,-0.1158570789859562
hp,11,102.0,9,36.0,fusion,6.708333333333332,0.04222706763960599,True,0.006476970692656625,-0.12006536034330272
hp,11,102.0,10,40.0,fusion,6.708333333333332,0.04222706763960599,True,-0.0014987816892287897,-0.031601409604039316
hp,11,102.0,11,44.0,fusion,6.708333333333332,0.04222706763960599,True,-0.03098814811920847,-0.0787175470080968
hp,11,102.0,12,48.0,fusion,6.708333333333332,0.04222706763960599,True,-0.060066325871698016,-0.1453056818383827
hp,11,102.0,13,52.0,fusion,6.708333333333332,0.04222706763960599,True,-0.06700215055865509,-0.06999767915076069
hp,11,102.0,14,56.0,fusion,6.708333333333332,0.04222706763960599,True,-0.037518935957825406,-0.03643731862296848
hp,11,102.0,15,60.0,fusion,6.708333333333332,0.04222706763960599,True,-0.013336303272079686,-0.13404249094767254
hp,11,102.0,16,64.0,fusion,6.708333333333332,0.04222706763960599,True,-0.0036899318891787662,-0.11874296414824985
hp,11,102.0,17,68.0,fusion,6.708333333333332,0.04222706763960599,True,-0.01548934604065108,-0.019150057668792707
hp,11,102.0,18,72.0,fusion,6.708333333333332,0.04222706763960599,True,-0.03664546075670261,-0.09451792483050098
hp,11,102.0,19,76.0,fusion,6.708333333333332,0.04222706763960599,True,-0.0435325019547701,-0.1545015320012169
hp,11,102.0,20,80.0,fusion,6.708333333333332,0.04222706763960599,True,-0.03029619853837562,-0.055225562486719434
hp,11,102.0,21,84.0,fusion,6.708333333333332,0.04222706763960599,True,0.01122493194425589,-0.04292970462396078
hp,11,102.0,22,88.0,fusion,6.708333333333332,0.04222706763960599,True,0.02708418752730202,-0.15095803322826312
hp,11,102.0,23,92.0,fusion,6.708333333333332,0.04222706763960599,True,0.015696114795498817,-0.11162550748281616
hp,11,102.0,24,96.0,fusion,6.708333333333332,0.04222706763960599,True,0.0039058498440578127,-0.012555768952745312
hp,12,102.0,1,4.0,reference,6.708333333333332,0.05291803740580697,True,0.0,-0.13559427968796114
hp,12,102.0,2,8.0,reference,6.708333333333332,0.05291803740580697,True,0.0,-0.11845337182296477
hp,12,102.0,3,12.0,reference,6.708333333333332,0.05291803740580697,True,0.0,-0.02102717732636397
hp,12,102.0,4,16.0,reference,6.708333333333332,0.05291803740580697,True,0.0,-0.09692544639769468
hp,12,102.0,5,20.0,reference,6.708333333333332,0.05291803740580697,True,0.0,-0.15301662233632748
hp,12,102.0,6,24.0,reference,6.708333333333332,0.05291803740580697,True,0.0,-0.05305802210292482
hp,12,102.0,7,28.0,reference,6.708333333333332,0.05291803740580697,True,0.0,-0.0412291193582085
hp,12,102.0,8,32.0,reference,6.708333333333332,0.05291803740580697,True,0.0,-0.15096510150691966
hp,12,102.0,9,36.0,reference,6.708333333333332,0.05291803740580697,True,0.0,-0.11298737440265423
hp,12,102.0,10,40.0,reference,6.708333333333332,0.05291803740580697,True,0.0,-0.014023223670458898
hp,12,102.0,11,44.0,reference,6.708333333333332,0.05291803740580697,True,0.0,-0.11161385184739606
hp,12,102.0,12,48.0,reference,6.708333333333332,0.05291803740580697,True,0.0,-0.15735448667581325
hp,12,102.0,13,52.0,reference,6.708333333333332,0.05291803740580697,True,0.0,-0.041766836632147836
hp,12,102.0,14,56.0,reference,6.708333333333332,0.05291803740580697,True,0.0,-0.04892502076059502
hp,12,102.0,15,60.0,reference,6.708333333333332,0.05291803740580697,True,0.0,-0.16086030968308238
hp,12,102.0,16,64.0,reference,6.708333333333332,0.05291803740580697,True,0.0,-0.10525149438193254
hp,12,102.0,17,68.0,reference,6.708333333333332,0.05291803740580697,True,0.0,-0.011530267356042137
hp,12,102.0,18,72.0,reference,6.708333333333332,0.05291803740580697,True,0.0,-0.12342813310176083
hp,12,102.0,19,76.0,reference,6.708333333333332,0.05291803740580697,True,0.0,-0.1572047000644412
hp,12,102.0,20,80.0,reference,6.708333333333332,0.05291803740580697,True,0.0,-0.032927249934329494
hp,12,102.0,21,84.0,reference,6.708333333333332,0.05291803740580697,True,0.0,-0.057682750657237276
hp,12,102.0,22,88.0,reference,6.708333333333332,0.05291803740580697,True,0.0,-0.16659307021990838
hp,12,102.0,23,92.0,reference,6.708333333333332,0.05291803740580697,True,0.0,-0.09664171620511444
hp,12,102.0,24,96.0,reference,6.708333333333332,0.05291803740580697,True,0.0,-0.011895485302180236
hp,12,102.0,1,4.0,candidate1,6.708333333333332,0.05291803740580697,True,0.08984768089776507,-0.14255370934929937
hp,12,102.0,2,8.0,candidate1,6.708333333333332,0.05291803740580697,True,0.035258674782597144,-0.11804311331080622
hp,12,102.0,3,12.0,candidate1,6.708333333333332,0.05291803740580697,True,-0.024418159571596734,-0.016098378022647103
hp,12,102.0,4,16.0,candidate1,6.708333333333332,0.05291803740580697,True,-0.08324137516120889,-0.09100409839408061
hp,12,102.0,5,20.0,candidate1,6.708333333333332,0.05291803740580697,True,-0.09572622724088786,-0.15717519008593642
hp,12,102.0,6,24.0,candidate1,6.708333333333332,0.05291803740580697,True,-0.029312344818014147,-0.05376339348103717
hp,12,102.0,7,28.0,candidate1,6.708333333333332,0.05291803740580697,True,0.03180095171244912,-0.04236862519219506
hp,12,102.0,8,32.0,candidate1,6.708333333333332,0.05291803740580697,True,0.059199522279352206,-0.15342331371640072
hp,12,102.0,9,36.0,candidate1,6.708333333333332,0.05291803740580697,True,0.035794399227932816,-0.11090634287986446
hp,12,102.0,10,40.0,candidate1,6.708333333333332,0.05291803740580697,True,-0.017718224618163823,-0.009357675587200381
hp,12,102.0,11,44.0,candidate1,6.708333333333332,0.05291803740580697,True,-0.052554870852165925,-0.10759239688820062
hp,12,102.0,12,48.0,candidate1,6.708333333333332,0.05291803740580697,True,-0.06912217682603172,-0.16013315044639073
hp,12,102.0,13,52.0,candidate1,6.708333333333332,0.05291803740580697,True,-0.046337916279293956,-0.04435725905073107
hp,12,102.0,14,56.0,candidate1,6.708333333333332,0.05291803740580697,True,-0.0023597498760798974,-0.04894048091878411
hp,12,102.0,15,60.0,candidate1,6.708333333333332,0.05291803740580697,True,0.015269914319946398,-0.16027352240859627
hp,12,102.0,16,64.0,candidate1,6.708333333333332,0.05291803740580697,True,-0.0031683805447491054,-0.1049838755234694
hp,12,102.0,17,68.0,candidate1,6.708333333333332,0.05291803740580697,True,-0.051616341423551385,-0.007805970504698001
hp,12,102.0,18,72.0,candidate1,6.708333333333332,0.05291803740580697,True,-0.0713449156068311,-0.1168863817078134
hp,12,102.0,19,76.0,candidate1,6.708333333333332,0.05291803740580697,True,-0.060981341335831996,-0.15779752825107346
hp,12,102.0,20,80.0,candidate1,6.708333333333332,0.05291803740580697,True,-0.046754597670537246,-0.03557890656730987
hp,12,102.0,21,84.0,candidate1,6.708333333333332,0.05291803740580697,True,-0.054919039771268885,-0.05348457036718529
hp,12,102.0,22,88.0,candidate1,6.708333333333332,0.05291803740580697,True,-0.07236475242409579,-0.16425407979157794
hp,12,102.0,23,92.0,candidate1,6.708333333333332,0.05291803740580697,True,-0.05377520418435333,-0.10034641084867138
hp,12,102.0,24,96.0,candidate1,6.708333333333332,0.05291803740580697,True,0.011962933662593711,-0.00908081616800585
hp,12,102.0,1,4.0,candidate2,6.708333333333332,0.05291803740580697,True,0.032883135024399664,-0.13628161693214108
hp,12,102.0,2,8.0,candidate2,6.708333333333332,0.05291803740580697,True,0.022465660913106422,-0.11739704517397943
hp,12,102.0,3,12.0,candidate2,6.708333333333332,0.05291803740580697,True,0.01811809058327646,-0.023242116905031446
hp,12,102.0,4,16.0,candidate2,6.708333333333332,0.05291803740580697,True,0.02112768575063861,-0.0993942365535229
hp,12,102.0,5,20.0,candidate2,6.708333333333332,0.05291803740580697,True,0.009437415641181612,-0.15525807069067613
hp,12,102.0,6,24.0,candidate2,6.708333333333332,0.05291803740580697,True,0.0030404493313465064,-0.053023247245528204
hp,12,102.0,7,28.0,candidate2,6.708333333333332,0.05291803740580697,True,0.017035558606485646,-0.04224311491272869
hp,12,102.0,8,32.0,candidate2,6.708333333333332,0.05291803740580697,True,0.03341195155599764,-0.1540292869422222
hp,12,102.0,9,36.0,candidate2,6.708333333333332,0.05291803740580697,True,0.030247906440708624,-0.11188573105073675
hp,12,102.0,10,40.0,candidate2,6.708333333333332,0.05291803740580697,True,0.018327862424059378,-0.015325703802507862
hp,12,102.0,11,44.0,candidate2,6.708333333333332,0.05291803740580697,True,0.013455370530577548,-0.11286648186209255
hp,12,102.0,12,48.0,candidate2,6.708333333333332,0.05291803740580697,True,0.012727857513250118,-0.15681285420644608
hp,12,102.0,13,52.0,candidate2,6.708333333333332,0.05291803740580697,True,0.011596839671314974,-0.04109562815066053
hp,12,102.0,14,56.0,candidate2,6.708333333333332,0.05291803740580697,True,0.020891597861590446,-0.04996595561561654
hp,12,102.0,15,60.0,candidate2,6.708333333333332,0.05291803740580697,True,0.04562525496555292,-0.16341796036886336
hp,12,102.0,16,64.0,candidate2,6.708333333333332,0.05291803740580697,True,0.06787982336258813,-0.1005142765216556
hp,12,102.0,17,68.0,candidate2,6.708333333333332,0.05291803740580697,True,0.061025794599082694,-0.012738734195353998
hp,12,102.0,18,72.0,candidate2,6.708333333333332,0.05291803740580697,True,0.03664206976946138,-0.12560332625700826
hp,12,102.0,19,76.0,candidate2,6.708333333333332,0.05291803740580697,True,0.02109263260701999,-0.15439886932149868
hp,12,102.0,20,80.0,candidate2,6.708333333333332,0.05291803740580697,True,0.026097282404250247,-0.03175331049048271
hp,12,102.0,21,84.0,candidate2,6.708333333333332,0.05291803740580697,True,0.0377401369707151,-0.05911991791018595
hp,12,102.0,22,88.0,candidate2,6.708333333333332,0.05291803740580697,True,0.04798777792883557,-0.1700020099472584
hp,12,102.0,23,92.0,candidate2,6.708333333333332,0.05291803740580697,True,0.0530769855107629,-0.09171656887565592
hp,12,102.0,24,96.0,candidate2,6.708333333333332,0.05291803740580697,True,0.043033167155883234,-0.014123947134320053
hp,12,102.0,1,4.0,fusion,6.708333333333332,0.05291803740580697,True,0.07852973219258885,-0.14117700559229163
hp,12,102.0,2,8.0,fusion,6.708333333333332,0.05291803740580697,True,0.0327315765752858,-0.11790130346935375
hp,12,102.0,3,12.0,fusion,6.708333333333332,0.05291803740580697,True,-0.015686956531842485,-0.017666405325873106
hp,12,102.0,4,16.0,fusion,6.708333333333332,0.05291803740580697,True,-0.061288522667290124,-0.092845706259156
hp,12,102.0,5,20.0,fusion,6.708333333333332,0.05291803740580697,True,-0.07292661685205505,-0.15675438865340857
hp,12,102.0,6,24.0,fusion,6.708333333333332,0.05291803740580697,True,-0.022220481531430417,-0.053600933804841586
hp,12,102.0,7,28.0,fusion,6.708333333333332,0.05291803740580697,True,0.028543793295251585,-0.042341076096647334
hp,12,102.0,8,32.0,fusion,6.708333333333332,0.05291803740580697,True,0.05349451320880583,-0.15355632285611817
hp,12,102.0,9,36.0,fusion,6.708333333333332,0.05291803740580697,True,0.03460037071480082,-0.11112131537783344
hp,12,102.0,10,40.0,fusion,6.708333333333332,0.05291803740580697,True,-0.010168747345264413,-0.010667638247104025
hp,12,102.0,11,44.0,fusion,6.708333333333332,0.05291803740580697,True,-0.03877184358558816,-0.10875004127788979
hp,12,102.0,12,48.0,fusion,6.708333333333332,0.05291803740580697,True,-0.05154680541656198,-0.15940435628905247
hp,12,102.0,13,52.0,fusion,6.708333333333332,0.05291803740580697,True,-0.03332133431709805,-0.04364134174348352
hp,12,102.0,14,56.0,fusion,6.708333333333332,0.05291803740580697,True,0.0029008216662833597,-0.049165569258360145
hp,12,102.0,15,60.0,fusion,6.708333333333332,0.05291803740580697,True,0.022007827362401592,-0.16096371624912945
hp,12,102.0,16,64.0,fusion,6.708333333333332,0.05291803740580697,True,0.012192973306939471,-0.1040028131715688
hp,12,102.0,17,68.0,fusion,6.708333333333332,0.05291803740580697,True,-0.027521414684627973,-0.008888695989861433
hp,12,102.0,18,72.0,fusion,6.708333333333332,0.05291803740580697,True,-0.04816791426624434,-0.11879972250580217
hp,12,102.0,19,76.0,fusion,6.708333333333332,0.05291803740580697,True,-0.043141390406383984,-0.15705153373984246
hp,12,102.0,20,80.0,fusion,6.708333333333332,0.05291803740580697,True,-0.030419189347580367,-0.03473920074962227
hp,12,102.0,21,84.0,fusion,6.708333333333332,0.05291803740580697,True,-0.03368827494984573,-0.05472151070838143
hp,12,102.0,22,88.0,fusion,6.708333333333332,0.05291803740580697,True,-0.04540889460343278,-0.1655157316477744
hp,12,102.0,23,92.0,fusion,6.708333333333332,0.05291803740580697,True,-0.030742537851841334,-0.09845218878106726
hp,12,102.0,24,96.0,fusion,6.708333333333332,0.05291803740580697,True,0.018509805213596325,-0.010187766908944166
hp,13,102.0,1,4.0,reference,6.708333333333332,0.05698462302356683,True,0.0,-0.16086030968308238
hp,13,102.0,2,8.0,reference,6.708333333333332,0.05698462302356683,True,0.0,-0.10525149438193254
hp,13,102.0,3,12.0,reference,6.708333333333332,0.05698462302356683,True,0.0,-0.011530267356042137
hp,13,102.0,4,16.0,reference,6.708333333333332,0.05698462302356683,True,0.0,-0.12342813310176083
hp,13,102.0,5,20.0,reference,6.708333333333332,0.05698462302356683,True,0.0,-0.1572047000644412
hp,13,102.0,6,24.0,reference,6.708333333333332,0.05698462302356683,True,0.0,-0.032927249934329494
hp,13,102.0,7,28.0,reference,6.708333333333332,0.05698462302356683,True,0.0,-0.057682750657237276
hp,13,102.0,8,32.0,reference,6.708333333333332,0.05698462302356683,True,0.0,-0.16659307021990838
hp,13,102.0,9,36.0,reference,6.708333333333332,0.05698462302356683,True,0.0,-0.09664171620511444
hp,13,102.0,10,40.0,reference,6.708333333333332,0.05698462302356683,True,0.0,-0.011895485302180236
hp,13,102.0,11,44.0,reference,6.708333333333332,0.05698462302356683,True,0.0,-0.13276866055336067
hp,13,102.0,12,48.0,reference,6.708333333333332,0.05698462302356683,True,0.0,-0.15434584708635912
hp,13,102.0,13,52.0,reference,6.708333333333332,0.05698462302356683,True,0.0,-0.025973524857558147
hp,13,102.0,14,56.0,reference,6.708333333333332,0.05698462302356683,True,0.0,-0.06669494263671369
hp,13,102.0,15,60.0,reference,6.708333333333332,0.05698462302356683,True,0.0,-0.1696960785879798
hp,13,102.0,16,64.0,reference,6.708333333333332,0.05698462302356683,True,0.0,-0.08778892233623616
hp,13,102.0,17,68.0,reference,6.708333333333332,0.05698462302356683,True,0.0,-0.014091588619462234
hp,13,102.0,18,72.0,reference,6.708333333333332,0.05698462302356683,True,0.0,-0.14038320604852084
hp,13,102.0,19,76.0,reference,6.708333333333332,0.05698462302356683,True,0.0,-0.14987052241228305
hp,13,102.0,20,80.0,reference,6.708333333333332,0.05698462302356683,True,0.0,-0.020425436917825404
hp,13,102.0,21,84.0,reference,6.708333333333332,0.05698462302356683,True,0.0,-0.07571945842217317
hp,13,102.0,22,88.0,reference,6.708333333333332,0.05698462302356683,True,0.0,-0.17115476651059885
hp,13,102.0,23,92.0,reference,6.708333333333332,0.05698462302356683,True,0.0,-0.0789568650789015
hp,13,102.0,24,96.0,reference,6.708333333333332,0.05698462302356683,True,0.0,-0.017599701556183317
hp,13,102.0,1,4.0,candidate1,6.708333333333332,0.05698462302356683,True,0.011802418997657327,-0.16626115594662141
hp,13,102.0,2,8.0,candidate1,6.708333333333332,0.05698462302356683,True,-0.02658593289996403,-0.10776076056258416
hp,13,102.0,3,12.0,candidate1,6.708333333333332,0.05698462302356683,True,-0.05589678025495742,-0.006742047571596244
hp,13,102.0,4,16.0,candidate1,6.708333333333332,0.05698462302356683,True,-0.09143295190206935,-0.11659756822948213
hp,13,102.0,5,20.0,candidate1,6.708333333333332,0.05698462302356683,True,-0.10263493467127649,-0.1608299379981185
hp,13,102.0,6,24.0,candidate1,6.708333333333332,0.05698462302356683,True,-0.08232194148465267,-0.037618677801407374
hp,13,102.0,7,28.0,candidate1,6.708333333333332,0.05698462302356683,True,-0.06465895738465499,-0.05313719437234108
hp,13,102.0,8,32.0,candidate1,6.708333333333332,0.05698462302356683,True,-0.05589054872979027,-0.1654210626783956
hp,13,102.0,9,36.0,candidate1,6.708333333333332,0.05698462302356683,True,-0.06161146610078072,-0.10101890300536194
hp,13,102.0,10,40.0,candidate1,6.708333333333332,0.05698462302356683,True,-0.06427907525672674,-0.008541123713968979
hp,13,102.0,11,44.0,candidate1,6.708333333333332,0.05698462302356683,True,-0.05757249648422702,-0.1279691064516917
hp,13,102.0,12,48.0,candidate1,6.708333333333332,0.05698462302356683,True,-0.05800754544406539,-0.15718985722703738
hp,13,102.0,13,52.0,candidate1,6.708333333333332,0.05698462302356683,True,-0.08343791285143787,-0.028062859933290704
hp,13,102.0,14,56.0,candidate1,6.708333333333332,0.05698462302356683,True,-0.10973283281780266,-0.057306982898891606
hp,13,102.0,15,60.0,candidate1,6.708333333333332,0.05698462302356683,True,-0.11033984954314578,-0.1681548120629461
hp,13,102.0,16,64.0,candidate1,6.708333333333332,0.05698462302356683,True,-0.08482719755843893,-0.09369768811374674
hp,13,102.0,17,68.0,candidate1,6.708333333333332,0.05698462302356683,True,-0.053117388482288815,-0.011406739710713792
hp,13,102.0,18,72.0,candidate1,6.708333333333332,0.05698462302356683,True,-0.04381943210124283,-0.1374691224439309
hp,13,102.0,19,76.0,candidate1,6.708333333333332,0.05698462302356683,True,-0.04699735580042663,-0.15358702913582079
hp,13,102.0,20,80.0,candidate1,6.708333333333332,0.05698462302356683,True,-0.07130240142165484,-0.02121834941621155
hp,13,102.0,21,84.0,candidate1,6.708333333333332,0.05698462302356683,True,-0.11776727437232058,-0.06634789479608202
hp,13,102.0,22,88.0,candidate1,6.708333333333332,0.05698462302356683,True,-0.13499959138545606,-0.1707702441281575
hp,13,102.0,23,92.0,candidate1,6.708333333333332,0.05698462302356683,True,-0.10877207423392508,-0.08803686085461318
hp,13,102.0,24,96.0,candidate1,6.708333333333332,0.05698462302356683,True,-0.0341145950845862,-0.015056311432992353
hp,13,102.0,1,4.0,candidate2,6.708333333333332,0.05698462302356683,True,0.08746716846618874,-0.16603814301709402
hp,13,102.0,2,8.0,candidate2,6.708333333333332,0.05698462302356683,True,0.05139955652420758,-0.10115769602310122
hp,13,102.0,3,12.0,candidate2,6.708333333333332,0.05698462302356683,True,0.0364171417188918,-0.012971990688741733
hp,13,102.0,4,16.0,candidate2,6.708333333333332,0.05698462302356683,True,0.027681357458627206,-0.1251596412617221
hp,13,102.0,5,20.0,candidate2,6.708333333333332,0.05698462302356683,True,0.01938341992662851,-0.1557751703604339
hp,13,102.0,6,24.0,candidate2,6.708333333333332,0.05698462302356683,True,0.006207652203271573,-0.032378626489250766
hp,13,102.0,7,28.0,candidate2,6.708333333333332,0.05698462302356683,True,0.01430035646431138,-0.05803369361837169
hp,13,102.0,8,32.0,candidate2,6.708333333333332,0.05698462302356683,True,0.041350475910936435,-0.1702533598578811
hp,13,102.0,9,36.0,candidate2,6.708333333333332,0.05698462302356683,True,0.05506574944486586,-0.0928643563857371
hp,13,102.0,10,40.0,candidate2,6.708333333333332,0.05698462302356683,True,0.04557257280227939,-0.013473728621774941
hp,13,102.0,11,44.0,candidate2,6.708333333333332,0.05698462302356683,True,0.03277926093148765,-0.13469476169684869
hp,13,102.0,12,48.0,candidate2,6.708333333333332,0.05698462302356683,True,0.027518027510939458,-0.15137166500584334
hp,13,102.0,13,52.0,candidate2,6.708333333333332,0.05698462302356683,True,0.02090525214829364,-0.026054421789746006
hp,13,102.0,14,56.0,candidate2,6.708333333333332,0.05698462302356683,True,0.010377706488539971,-0.06744682346624731
hp,13,102.0,15,60.0,candidate2,6.708333333333332,0.05698462302356683,True,0.015707643324542886,-0.1723312588832216
hp,13,102.0,16,64.0,candidate2,6.708333333333332,0.05698462302356683,True,0.03256448665601663,-0.08569258266694914
hp,13,102.0,17,68.0,candidate2,6.708333333333332,0.05698462302356683,True,0.046189991722285384,-0.01642766372718557
hp,13,102.0,18,72.0,candidate2,6.708333333333332,0.05698462302356683,True,0.04556511733269275,-0.14267311625765436
hp,13,102.0,19,76.0,candidate2,6.708333333333332,0.05698462302356683,True,0.03901398125472078,-0.145381189102332
hp,13,102.0,20,80.0,candidate2,6.708333333333332,0.05698462302356683,True,0.03275942548129296,-0.021690959655220707
hp,13,102.0,21,84.0,candidate2,6.708333333333332,0.05698462302356683,True,0.011468885143234964,-0.07695420244240178
hp,13,102.0,22,88.0,candidate2,6.708333333333332,0.05698462302356683,True,0.0018747648116246296,-0.1726355440158885
hp,13,102.0,23,92.0,candidate2,6.708333333333332,0.05698462302356683,True,0.0206685808590501,-0.07749603579194102
hp,13,102.0,24,96.0,candidate2,6.708333333333332,0.05698462302356683,True,0.06902082498556888,-0.019984428850323976
hp,13,102.0,1,4.0,fusion,6.708333333333332,0.05698462302356683,True,0.027069469920712574,-0.1662144981403275
hp,13,102.0,2,8.0,fusion,6.708333333333332,0.05698462302356683,True,-0.010942243434448384,-0.10637929578884922
hp,13,102.0,3,12.0,fusion,6.708333333333332,0.05698462302356683,True,-0.037388553758191126,-0.008045449485547985
hp,13,102.0,4,16.0,fusion,6.708333333333332,0.05698462302356683,True,-0.06746142114751662,-0.11838888833751057
hp,13,102.0,5,20.0,fusion,6.708333333333332,0.05698462302356683,True,-0.07730417474473095,-0.1597724012454301
hp,13,102.0,6,24.0,fusion,6.708333333333332,0.05698462302356683,True,-0.06348406637515924,-0.03652237679495458
hp,13,102.0,7,28.0,fusion,6.708333333333332,0.05698462302356683,True,-0.04771407057839561,-0.05416161889258675
hp,13,102.0,8,32.0,fusion,6.708333333333332,0.05698462302356683,True,-0.035179176343339336,-0.16643205511830908
hp,13,102.0,9,36.0,fusion,6.708333333333332,0.05698462302356683,True,-0.037228150789222036,-0.09931284382126176
hp,13,102.0,10,40.0,fusion,6.708333333333332,0.05698462302356683,True,-0.04170312171347221,-0.009573102105538602
hp,13,102.0,11,44.0,fusion,6.708333333333332,0.05698462302356683,True,-0.03919681014685095,-0.1293762191258013
hp,13,102.0,12,48.0,fusion,6.708333333333332,0.05698462302356683,True,-0.04065569865182229,-0.1559726000652548
hp,13,102.0,13,52.0,fusion,6.708333333333332,0.05698462302356683,True,-0.06199289115067353,-0.027642663139977236
hp,13,102.0,14,56.0,fusion,6.708333333333332,0.05698462302356683,True,-0.08461362991570542,-0.05942839674716323
hp,13,102.0,15,60.0,fusion,6.708333333333332,0.05698462302356683,True,-0.0837858599592809,-0.16902859031046868
hp,13,102.0,16,64.0,fusion,6.708333333333332,0.05698462302356683,True,-0.060148852875474335,-0.0920228943693181
hp,13,102.0,17,68.0,fusion,6.708333333333332,0.05698462302356683,True,-0.03263612939291288,-0.0124571958464793
hp,13,102.0,18,72.0,fusion,6.708333333333332,0.05698462302356683,True,-0.02579479466669099,-0.1385578796555871
hp,13,102.0,19,76.0,fusion,6.708333333333332,0.05698462302356683,True,-0.029859855548522773,-0.1518702385642029
hp,13,102.0,20,80.0,fusion,6.708333333333332,0.05698462302356683,True,-0.050425650298366265,-0.021317226898476583
hp,13,102.0,21,84.0,fusion,6.708333333333332,0.05698462302356683,True,-0.09098947565990922,-0.06856690088108594
hp,13,102.0,22,88.0,fusion,6.708333333333332,0.05698462302356683,True,-0.1063591058637814,-0.17116049415099824
hp,13,102.0,23,92.0,fusion,6.708333333333332,0.05698462302356683,True,-0.0819898443038456,-0.08583155475422419
hp,13,102.0,24,96.0,fusion,6.708333333333332,0.05698462302356683,True,-0.012954719334420606,-0.016087350971098452
hp,14,102.0,1,4.0,reference,6.708333333333332,0.05794941705404186,True,0.0,-0.1696960785879798
hp,14,102.0,2,8.0,reference,6.708333333333332,0.05794941705404186,True,0.0,-0.08778892233623616
hp,14,102.0,3,12.0,reference,6.708333333333332,0.05794941705404186,True,0.0,-0.014091588619462234
hp,14,102.0,4,16.0,reference,6.708333333333332,0.05794941705404186,True,0.0,-0.14038320604852084
hp,14,102.0,5,20.0,reference,6.708333333333332,0.05794941705404186,True,0.0,-0.14987052241228305
hp,14,102.0,6,24.0,reference,6.708333333333332,0.05794941705404186,True,0.0,-0.020425436917825404
hp,14,102.0,7,28.0,reference,6.708333333333332,0.05794941705404186,True,0.0,-0.07571945842217317
hp,14,102.0,8,32.0,reference,6.708333333333332,0.05794941705404186,True,0.0,-0.17115476651059885
hp,14,102.0,9,36.0,reference,6.708333333333332,0.05794941705404186,True,0.0,-0.0789568650789015
hp,14,102.0,10,40.0,reference,6.708333333333332,0.05794941705404186,True,0.0,-0.017599701556183317
hp,14,102.0,11,44.0,reference,6.708333333333332,0.05794941705404186,True,0.0,-0.14679793748798853
hp,14,102.0,12,48.0,reference,6.708333333333332,0.05794941705404186,True,0.0,-0.14433266557718066
hp,14,102.0,13,52.0,reference,6.708333333333332,0.05794941705404186,True,0.0,-0.01601468844657039
hp,14,102.0,14,56.0,reference,6.708333333333332,0.05794941705404186,True,0.0,-0.08467207626800677
hp,14,102.0,15,60.0,reference,6.708333333333332,0.05794941705404186,True,0.0,-0.17148410778858916
hp,14,102.0,16,64.0,reference,6.708333333333332,0.05794941705404186,True,0.0,-0.07027853645016675
hp,14,102.0,17,68.0,reference,6.708333333333332,0.05794941705404186,True,0.0,-0.022160850489267747
hp,14,102.0,18,72.0,reference,6.708333333333332,0.05794941705404186,True,0.0,-0.15230850018507502
hp,14,102.0,19,76.0,reference,6.708333333333332,0.05794941705404186,True,0.0,-0.13800740134203487
hp,14,102.0,20,80.0,reference,6.708333333333332,0.05794941705404186,True,0.0,-0.012620388703077953
hp,14,102.0,21,84.0,reference,6.708333333333332,0.05794941705404186,True,0.0,-0.09349019642897188
hp,14,102.0,22,88.0,reference,6.708333333333332,0.05794941705404186,True,0.0,-0.17092423722274816
hp,14,102.0,23,92.0,reference,6.708333333333332,0.05794941705404186,True,0.0,-0.06184999055295497
hp,14,102.0,24,96.0,reference,6.708333333333332,0.05794941705404186,True,0.0,-0.027628561408913663
hp,14,102.0,1,4.0,candidate1,6.708333333333332,0.05794941705404186,True,-0.024429470879415938,-0.17161030174327474
hp,14,102.0,2,8.0,candidate1,6.708333333333332,0.05794941705404186,True,-0.06424761663198053,-0.0933481697342518
hp,14,102.0,3,12.0,candidate1,6.708333333333332,0.05794941705404186,True,-0.06414147313592616,-0.012839627469720019
hp,14,102.0,4,16.0,candidate1,6.708333333333332,0.05794941705404186,True,-0.03733516999420017,-0.1373555158430798
hp,14,102.0,5,20.0,candidate1,6.708333333333332,0.05794941705404186,True,-0.028987489830918808,-0.1522991887804448
hp,14,102.0,6,24.0,candidate1,6.708333333333332,0.05794941705404186,True,-0.062146156404282116,-0.020999632159572817
hp,14,102.0,7,28.0,candidate1,6.708333333333332,0.05794941705404186,True,-0.09541355591280798,-0.06765163628096907
hp,14,102.0,8,32.0,candidate1,6.708333333333332,0.05794941705404186,True,-0.10894900411969077,-0.16961337843889643
hp,14,102.0,9,36.0,candidate1,6.708333333333332,0.05794941705404186,True,-0.08297832634583013,-0.08498728882597095
hp,14,102.0,10,40.0,candidate1,6.708333333333332,0.05794941705404186,True,-0.048201154987155714,-0.01578673182344313
hp,14,102.0,11,44.0,candidate1,6.708333333333332,0.05794941705404186,True,-0.01912435202789009,-0.14543787521110144
hp,14,102.0,12,48.0,candidate1,6.708333333333332,0.05794941705404186,True,-0.0037051366407370163,-0.14558544377225943
hp,14,102.0,13,52.0,candidate1,6.708333333333332,0.05794941705404186,True,-0.03506282244364651,-0.013289918335083806
hp,14,102.0,14,56.0,candidate1,6.708333333333332,0.05794941705404186,True,-0.08462611130696351,-0.07681980585638624
hp,14,102.0,15,60.0,candidate1,6.708333333333332,0.05794941705404186,True,-0.11638035149021977,-0.17106029078135526
hp,14,102.0,16,64.0,candidate1,6.708333333333332,0.05794941705404186,True,-0.10131294784160795,-0.07747631907700929
hp,14,102.0,17,68.0,candidate1,6.708333333333332,0.05794941705404186,True,-0.04371468517798705,-0.021130801093635826
hp,14,102.0,18,72.0,candidate1,6.708333333333332,0.05794941705404186,True,-0.017175199245075934,-0.15122223435151166
hp,14,102.0,19,76.0,candidate1,6.708333333333332,0.05794941705404186,True,-0.020691033582562746,-0.14034541865054462
hp,14,102.0,20,80.0,candidate1,6.708333333333332,0.05794941705404186,True,-0.05471184878934249,-0.010536204558728779
hp,14,102.0,21,84.0,candidate1,6.708333333333332,0.05794941705404186,True,-0.09343704842719491,-0.08564225863196961
hp,14,102.0,22,88.0,candidate1,6.708333333333332,0.05794941705404186,True,-0.09005709976019284,-0.1715193877245884
hp,14,102.0,23,92.0,candidate1,6.708333333333332,0.05794941705404186,True,-0.0623266649047125,-0.06680610193982864
hp,14,102.0,24,96.0,candidate1,6.708333333333332,0.05794941705404186,True,-0.011046213159923936,-0.027853978571840604
hp,14,102.0,1,4.0,candidate2,6.708333333333332,0.05794941705404186,True,0.06510094795067234,-0.17362322891220355
hp,14,102.0,2,8.0,candidate2,6.708333333333332,0.05794941705404186,True,0.02632406843044044,-0.08591667209290704
hp,14,102.0,3,12.0,candidate2,6.708333333333332,0.05794941705404186,True,0.025619628267233685,-0.01710809926380283
hp,14,102.0,4,16.0,candidate2,6.708333333333332,0.05794941705404186,True,0.04155223355888093,-0.14215809968371207
hp,14,102.0,5,20.0,candidate2,6.708333333333332,0.05794941705404186,True,0.04162434783861668,-0.14633544827760794
hp,14,102.0,6,24.0,candidate2,6.708333333333332,0.05794941705404186,True,0.011487469425074948,-0.02223798929058285
hp,14,102.0,7,28.0,candidate2,6.708333333333332,0.05794941705404186,True,-0.009285781904599943,-0.07560136446790228
hp,14,102.0,8,32.0,candidate2,6.708333333333332,0.05794941705404186,True,-0.008962870758925323,-0.17294522445823757
hp,14,102.0,9,36.0,candidate2,6.708333333333332,0.05794941705404186,True,0.002600354336317334,-0.07881634813533284
hp,14,102.0,10,40.0,candidate2,6.708333333333332,0.05794941705404186,True,0.01864811094287111,-0.01904013121594174
hp,14,102.0,11,44.0,candidate2,6.708333333333332,0.05794941705404186,True,0.033658447483842835,-0.14758794818223991
hp,14,102.0,12,48.0,candidate2,6.708333333333332,0.05794941705404186,True,0.045287943028448296,-0.1393475315949813
hp,14,102.0,13,52.0,candidate2,6.708333333333332,0.05794941705404186,True,0.030694122310267635,-0.01803801428639701
hp,14,102.0,14,56.0,candidate2,6.708333333333332,0.05794941705404186,True,0.000823486322950151,-0.08509374500278614
hp,14,102.0,15,60.0,candidate2,6.708333333333332,0.05794941705404186,True,-0.006389827638842771,-0.17185972082908832
hp,14,102.0,16,64.0,candidate2,6.708333333333332,0.05794941705404186,True,0.012175751865200368,-0.06953806422397077
hp,14,102.0,17,68.0,candidate2,6.708333333333332,0.05794941705404186,True,0.03415476097066872,-0.024580455235184477
hp,14,102.0,18,72.0,candidate2,6.708333333333332,0.05794941705404186,True,0.042319545598595625,-0.1525752670380799
hp,14,102.0,19,76.0,candidate2,6.708333333333332,0.05794941705404186,True,0.04382403447432637,-0.132085398081977
hp,14,102.0,20,80.0,candidate2,6.708333333333332,0.05794941705404186,True,0.04413714383933928,-0.015130279479421305
hp,14,102.0,21,84.0,candidate2,6.708333333333332,0.05794941705404186,True,0.019885870189719327,-0.09494390450083098
hp,14,102.0,22,88.0,candidate2,6.708333333333332,0.05794941705404186,True,0.010823970254140391,-0.17038782562118043
hp,14,102.0,23,92.0,candidate2,6.708333333333332,0.05794941705404186,True,0.032772549787631,-0.0595000751069685
hp,14,102.0,24,96.0,candidate2,6.708333333333332,0.05794941705404186,True,0.08236184207910169,-0.03158397170647412
hp,14,102.0,1,4.0,fusion,6.708333333333332,0.05794941705404186,True,0.002343332671477239,-0.1722111201929244
hp,14,102.0,2,8.0,fusion,6.708333333333332,0.05794941705404186,True,-0.037297798878875854,-0.0911300165092527
hp,14,102.0,3,12.0,fusion,6.708333333333332,0.05794941705404186,True,-0.037638009195422206,-0.01411368082111813
hp,14,102.0,4,16.0,fusion,6.708333333333332,0.05794941705404186,True,-0.014329476685546627,-0.13878899094440533
hp,14,102.0,5,20.0,fusion,6.708333333333332,0.05794941705404186,True,-0.008641857230061502,-0.15051913166842618
hp,14,102.0,6,24.0,fusion,6.708333333333332,0.05794941705404186,True,-0.04082157526160035,-0.021369256964210912
hp,14,102.0,7,28.0,fusion,6.708333333333332,0.05794941705404186,True,-0.06997684073016686,-0.07002447094589688
hp,14,102.0,8,32.0,fusion,6.708333333333332,0.05794941705404186,True,-0.07861963595887866,-0.17060786775312092
hp,14,102.0,9,36.0,fusion,6.708333333333332,0.05794941705404186,True,-0.05683802670336414,-0.08314538660722245
hp,14,102.0,10,40.0,fusion,6.708333333333332,0.05794941705404186,True,-0.028281090433783962,-0.01675780639050375
hp,14,102.0,11,44.0,fusion,6.708333333333332,0.05794941705404186,True,-0.0038477708620350275,-0.14607962893626997
hp,14,102.0,12,48.0,fusion,6.708333333333332,0.05794941705404186,True,0.010144829714113346,-0.1437235519058998
hp,14,102.0,13,52.0,fusion,6.708333333333332,0.05794941705404186,True,-0.016449077752530628,-0.014707129892605704
hp,14,102.0,14,56.0,fusion,6.708333333333332,0.05794941705404186,True,-0.05982792970577578,-0.07928941100016346
hp,14,102.0,15,60.0,fusion,6.708333333333332,0.05794941705404186,True,-0.08356065646643021,-0.17129890464145728
hp,14,102.0,16,64.0,fusion,6.708333333333332,0.05794941705404186,True,-0.0667388592846805,-0.07510690897248751
hp,14,102.0,17,68.0,fusion,6.708333333333332,0.05794941705404186,True,-0.020366488843456265,-0.022160453773149156
hp,14,102.0,18,72.0,fusion,6.708333333333332,0.05794941705404186,True,2.747810491143809e-06,-0.1516260875130256
hp,14,102.0,19,76.0,fusion,6.708333333333332,0.05794941705404186,True,-0.002560730278222678,-0.13787996792352109
hp,14,102.0,20,80.0,fusion,6.708333333333332,0.05794941705404186,True,-0.026918452789945313,-0.011907443922989359
hp,14,102.0,21,84.0,fusion,6.708333333333332,0.05794941705404186,True,-0.0603538974554767,-0.08841861365185505
hp,14,102.0,22,88.0,fusion,6.708333333333332,0.05794941705404186,True,-0.05998336878371058,-0.17118163909704434
hp,14,102.0,23,92.0,fusion,6.708333333333332,0.05794941705404186,True,-0.03387341325433568,-0.06462539923852144
hp,14,102.0,24,96.0,fusion,6.708333333333332,0.05794941705404186,True,0.016913296479739715,-0.028967306826805192
hp,15,102.0,1,4.0,reference,6.708333333333332,0.057844606384809684,True,0.0,-0.07027853645016675
hp,15,102.0,2,8.0,reference,6.708333333333332,0.057844606384809684,True,0.0,-0.022160850489267747
hp,15,102.0,3,12.0,reference,6.708333333333332,0.057844606384809684,True,0.0,-0.15230850018507502
hp,15,102.0,4,16.0,reference,6.708333333333332,0.057844606384809684,True,0.0,-0.13800740134203487
hp,15,102.0,5,20.0,reference,6.708333333333332,0.057844606384809684,True,0.0,-0.012620388703077953
hp,15,102.0,6,24.0,reference,6.708333333333332,0.057844606384809684,True,0.0,-0.09349019642897188
hp,15,102.0,7,28.0,reference,6.708333333333332,0.057844606384809684,True,0.0,-0.17092423722274816
hp,15,102.0,8,32.0,reference,6.708333333333332,0.057844606384809684,True,0.0,-0.06184999055295497
hp,15,102.0,9,36.0,reference,6.708333333333332,0.057844606384809684,True,0.0,-0.027628561408913663
hp,15,102.0,10,40.0,reference,6.708333333333332,0.057844606384809684,True,0.0,-0.1570617313531759
hp,15,102.0,11,44.0,reference,6.708333333333332,0.057844606384809684,True,0.0,-0.13104630088573688
hp,15,102.0,12,48.0,reference,6.708333333333332,0.057844606384809684,True,0.0,-0.010200775504477733
hp,15,102.0,13,52.0,reference,6.708333333333332,0.057844606384809684,True,0.0,-0.10210246299532871
hp,15,102.0,14,56.0,reference,6.708333333333332,0.057844606384809684,True,0.0,-0.16958094779890756
hp,15,102.0,15,60.0,reference,6.708333333333332,0.057844606384809684,True,0.0,-0.053761516657841874
hp,15,102.0,16,64.0,reference,6.708333333333332,0.057844606384809684,True,0.0,-0.033893604916285014
hp,15,102.0,17,68.0,reference,6.708333333333332,0.057844606384809684,True,0.0,-0.16112642435297433
hp,15,102.0,18,72.0,reference,6.708333333333332,0.057844606384809684,True,0.0,-0.1235540110100797
hp,15,102.0,19,76.0,reference,6.708333333333332,0.057844606384809684,True,0.0,-0.008751409800564075
hp,15,102.0,20,80.0,reference,6.708333333333332,0.057844606384809684,True,0.0,-0.1104336428433789
hp,15,102.0,21,84.0,reference,6.708333333333332,0.057844606384809684,True,0.0,-0.1674950148798382
hp,15,102.0,22,88.0,reference,6.708333333333332,0.057844606384809684,True,0.0,-0.04610043610221011
hp,15,102.0,23,92.0,reference,6.708333333333332,0.057844606384809684,True,0.0,-0.040855067067409906
hp,15,102.0,24,96.0,reference,6.708333333333332,0.057844606384809684,True,0.0,-0.16453321806105092
hp,15,102.0,1,4.0,candidate1,6.708333333333332,0.057844606384809684,True,0.042013650903468536,-0.0666441042764728
hp,15,102.0,2,8.0,candidate1,6.708333333333332,0.057844606384809684,True,0.0532673111853208,-0.023592394761635632
hp,15,102.0,3,12.0,candidate1,6.708333333333332,0.057844606384809684,True,0.0498798760516892,-0.1556713494560386
hp,15,102.0,4,16.0,candidate1,6.708333333333332,0.057844606384809684,True,0.024199541137829964,-0.13698969965425517
hp,15,102.0,5,20.0,candidate1,6.708333333333332,0.057844606384809684,True,-0.022479437977403927,-0.009792154426377792
hp,15,102.0,6,24.0,candidate1,6.708333333333332,0.057844606384809684,True,-0.04784191771048474,-0.08907582876350068
hp,15,102.0,7,28.0,candidate1,6.708333333333332,0.057844606384809684,True,-0.0379629879260035,-0.17275536504131667
hp,15,102.0,8,32.0,candidate1,6.708333333333332,0.057844606384809684,True,-0.007856182121861231,-0.06201836302667038
hp,15,102.0,9,36.0,candidate1,6.708333333333332,0.057844606384809684,True,0.034238134140946896,-0.029951393173335353
hp,15,102.0,10,40.0,candidate1,6.708333333333332,0.057844606384809684,True,0.0535948930999921,-0.15932147725967166
hp,15,102.0,11,44.0,candidate1,6.708333333333332,0.057844606384809684,True,0.03323836529593094,-0.12913413898044976
hp,15,102.0,12,48.0,candidate1,6.708333333333332,0.057844606384809684,True,-0.008885485460249004,-0.006752345123133788
hp,15,102.0,13,52.0,candidate1,6.708333333333332,0.057844606384809684,True,-0.04767826979155033,-0.09874352663841196
hp,15,102.0,14,56.0,candidate1,6.708333333333332,0.057844606384809684,True,-0.04433016133897816,-0.1723433856570467
hp,15,102.0,15,60.0,candidate1,6.708333333333332,0.057844606384809684,True,-0.011818211995333394,-0.05517962986972231
hp,15,102.0,16,64.0,candidate1,6.708333333333332,0.057844606384809684,True,0.02889957007428423,-0.03703847637172336
hp,15,102.0,17,68.0,candidate1,6.708333333333332,0.057844606384809684,True,0.05988439585310034,-0.16376734740743007
hp,15,102.0,18,72.0,candidate1,6.708333333333332,0.057844606384809684,True,0.0475543440489119,-0.12087234543560665
hp,15,102.0,19,76.0,candidate1,6.708333333333332,0.057844606384809684,True,0.006238433731112561,-0.005155388294250704
hp,15,102.0,20,80.0,candidate1,6.708333333333332,0.057844606384809684,True,-0.03967071918788467,-0.10864829037807787
hp,15,102.0,21,84.0,candidate1,6.708333333333332,0.057844606384809684,True,-0.04390833926318516,-0.16999915722358083
hp,15,102.0,22,88.0,candidate1,6.708333333333332,0.057844606384809684,True,5.0479203730025006e-05,-0.04831616755262058
hp,15,102.0,23,92.0,candidate1,6.708333333333332,0.057844606384809684,True,0.02915032819705332,-0.04470162073545339
hp,15,102.0,24,96.0,candidate1,6.708333333333332,0.057844606384809684,True,0.036753854185563206,-0.16682636305811105
hp,15,102.0,1,4.0,candidate2,6.708333333333332,0.057844606384809684,True,-0.001898513997061979,-0.07017625950595222
hp,15,102.0,2,8.0,candidate2,6.708333333333332,0.057844606384809684,True,0.015091694866818606,-0.02341848172226263
hp,15,102.0,3,12.0,candidate2,6.708333333333332,0.057844606384809684,True,0.030924938607895136,-0.15283051118227714
hp,15,102.0,4,16.0,candidate2,6.708333333333332,0.057844606384809684,True,0.02712522394530259,-0.13420533153856862
hp,15,102.0,5,20.0,candidate2,6.708333333333332,0.057844606384809684,True,0.01022938584857447,-0.015775885503565443
hp,15,102.0,6,24.0,candidate2,6.708333333333332,0.057844606384809684,True,-0.00820305674971955,-0.09269761488357459
hp,15,102.0,7,28.0,candidate2,6.708333333333332,0.057844606384809684,True,-0.01701800502051798,-0.17137699803084538
hp,15,102.0,8,32.0,candidate2,6.708333333333332,0.057844606384809684,True,-0.007251037098682023,-0.062166927358718496
hp,15,102.0,9,36.0,candidate2,6.708333333333332,0.057844606384809684,True,0.015217548378924861,-0.02944051265543627
hp,15,102.0,10,40.0,candidate2,6.708333333333332,0.057844606384809684,True,0.03586535910749733,-0.15616879559499894
hp,15,102.0,11,44.0,candidate2,6.708333333333332,0.057844606384809684,True,0.03470916177106953,-0.1266728505315541
hp,15,102.0,12,48.0,candidate2,6.708333333333332,0.057844606384809684,True,0.020953492352622838,-0.01310782132434092
hp,15,102.0,13,52.0,candidate2,6.708333333333332,0.057844606384809684,True,0.0099526037905453,-0.1028903192214186
hp,15,102.0,14,56.0,candidate2,6.708333333333332,0.057844606384809684,True,0.010473789160398983,-0.16932833947430515
hp,15,102.0,15,60.0,candidate2,6.708333333333332,0.057844606384809684,True,0.02262419037037611,-0.05232544254549103
hp,15,102.0,16,64.0,candidate2,6.708333333333332,0.057844606384809684,True,0.03900491977256959,-0.03703427335159731
hp,15,102.0,17,68.0,candidate2,6.708333333333332,0.057844606384809684,True,0.05332294729276788,-0.16147994217122758
hp,15,102.0,18,72.0,candidate2,6.708333333333332,0.057844606384809684,True,0.0526291080293828,-0.11877891637519924
hp,15,102.0,19,76.0,candidate2,6.708333333333332,0.057844606384809684,True,0.039097427968154616,-0.010268301947250202
hp,15,102.0,20,80.0,candidate2,6.708333333333332,0.057844606384809684,True,0.03160423201381102,-0.1132554468544699
hp,15,102.0,21,84.0,candidate2,6.708333333333332,0.057844606384809684,True,0.04349269642358866,-0.1661957291087464
hp,15,102.0,22,88.0,candidate2,6.708333333333332,0.057844606384809684,True,0.05736380505674654,-0.04305545592033522
hp,15,102.0,23,92.0,candidate2,6.708333333333332,0.057844606384809684,True,0.051654904456820076,-0.044715791367245294
hp,15,102.0,24,96.0,candidate2,6.708333333333332,0.057844606384809684,True,0.02650709998001588,-0.16667600952971923
hp,15,102.0,1,4.0,fusion,6.708333333333332,0.057844606384809684,True,0.03291890458275959,-0.0673731574570003
hp,15,102.0,2,8.0,fusion,6.708333333333332,0.057844606384809684,True,0.04548956381739122,-0.02355649830571776
hp,15,102.0,3,12.0,fusion,6.708333333333332,0.057844606384809684,True,0.04607698313791886,-0.15508498729348005
hp,15,102.0,4,16.0,fusion,6.708333333333332,0.057844606384809684,True,0.024772035409645902,-0.1364149931935768
hp,15,102.0,5,20.0,fusion,6.708333333333332,0.057844606384809684,True,-0.016156934624815433,-0.011027224203842778
hp,15,102.0,6,24.0,fusion,6.708333333333332,0.057844606384809684,True,-0.039999759542515896,-0.08982338217451523
hp,15,102.0,7,28.0,fusion,6.708333333333332,0.057844606384809684,True,-0.03370030819576941,-0.17247086371347825
hp,15,102.0,8,32.0,fusion,6.708333333333332,0.057844606384809684,True,-0.0077306394499017115,-0.06204902739212314
hp,15,102.0,9,36.0,fusion,6.708333333333332,0.057844606384809684,True,0.03031480104154427,-0.02984594507090335
hp,15,102.0,10,40.0,fusion,6.708333333333332,0.057844606384809684,True,0.05004416519297861,-0.15867074917851676
hp,15,102.0,11,44.0,fusion,6.708333333333332,0.057844606384809684,True,0.03352559259795874,-0.1286261176576928
hp,15,102.0,12,48.0,fusion,6.708333333333332,0.057844606384809684,True,-0.0031190738349113623,-0.008064144814038037
hp,15,102.0,13,52.0,fusion,6.708333333333332,0.057844606384809684,True,-0.036336774047166065,-0.09959944381226574
hp,15,102.0,14,56.0,fusion,6.708333333333332,0.057844606384809684,True,-0.03317764583989157,-0.1717210661761192
hp,15,102.0,15,60.0,fusion,6.708333333333332,0.057844606384809684,True,-0.004675308723434579,-0.054590512401388736
hp,15,102.0,16,64.0,fusion,6.708333333333332,0.057844606384809684,True,0.03099327652064632,-0.03703760884892449
hp,15,102.0,17,68.0,fusion,6.708333333333332,0.057844606384809684,True,0.05855760464773585,-0.16329521638422628
hp,15,102.0,18,72.0,fusion,6.708333333333332,0.057844606384809684,True,0.04855577703253,-0.12044025199249836
hp,15,102.0,19,76.0,fusion,6.708333333333332,0.057844606384809684,True,0.012682058696003973,-0.006210717326613525
hp,15,102.0,20,80.0,fusion,6.708333333333332,0.057844606384809684,True,-0.025503284653824787,-0.10959922878935391
hp,15,102.0,21,84.0,fusion,6.708333333333332,0.057844606384809684,True,-0.02592597834529764,-0.16921411206449918
hp,15,102.0,22,88.0,fusion,6.708333333333332,0.057844606384809684,True,0.01202837907427623,-0.04723033233356058
hp,15,102.0,23,92.0,fusion,6.708333333333332,0.057844606384809684,True,0.03384127342725607,-0.044704545619414254
hp,15,102.0,24,96.0,fusion,6.708333333333332,0.057844606384809684,True,0.03461392354154125,-0.1667953293942554
