snapshot_id,Re,Re_label,time,phase,regime,local_snapshot_index
0,21.25,Re_021.250,36.25,0.4756146967411041,periodic,0
1,21.25,Re_021.250,36.75,0.4327640235424042,periodic,1
2,21.25,Re_021.250,37.500000000001,0.36937516927719116,periodic,2
3,21.25,Re_021.250,38.000000000001,0.32783401012420654,periodic,3
4,21.25,Re_021.250,38.500000000001,0.2869790494441986,periodic,4
5,21.25,Re_021.250,39.000000000001,0.24684327840805054,periodic,5
6,21.25,Re_021.250,39.750000000002,0.18800446391105652,periodic,6
7,21.25,Re_021.250,40.250000000002,0.14951416850090027,periodic,7
8,21.25,Re_021.250,40.750000000002,0.11139217019081116,periodic,8
9,21.25,Re_021.250,41.250000000003,0.07343406230211258,periodic,9
10,21.25,Re_021.250,42.000000000003,0.016259483993053436,periodic,10
11,21.25,Re_021.250,42.500000000003,0.9778050780296326,periodic,11
12,21.25,Re_021.250,43.000000000004,0.9390709400177002,periodic,12
13,21.25,Re_021.250,43.750000000004,0.8808504939079285,periodic,13
14,21.25,Re_021.250,44.250000000004,0.8423976302146912,periodic,14
15,21.25,Re_021.250,44.750000000004,0.8046755790710449,periodic,15
16,21.25,Re_021.250,45.250000000005,0.7679266929626465,periodic,16
17,21.25,Re_021.250,46.000000000005,0.7150294780731201,periodic,17
18,21.25,Re_021.250,46.500000000005,0.6811920404434204,periodic,18
19,21.25,Re_021.250,47.000000000006,0.6483447551727295,periodic,19
20,21.25,Re_021.250,47.500000000006,0.6162012815475464,periodic,20
21,21.25,Re_021.250,48.250000000006,0.568636417388916,periodic,21
22,21.25,Re_021.250,48.750000000006,0.5368555784225464,periodic,22
23,21.25,Re_021.250,49.250000000007,0.5046138167381287,periodic,23
24,21.25,Re_021.250,49.750000000007,0.4715965688228607,periodic,24
25,21.25,Re_021.250,50.500000000007,0.42002835869789124,periodic,25
26,21.25,Re_021.250,51.000000000008,0.38404417037963867,periodic,26
27,21.25,Re_021.250,51.500000000008,0.34675997495651245,periodic,27
28,21.25,Re_021.250,52.250000000008,0.28870126605033875,periodic,28
29,21.25,Re_021.250,52.750000000009,0.2489957958459854,periodic,29
30,21.25,Re_021.250,53.250000000009,0.2088615447282791,periodic,30
31,21.25,Re_021.250,53.750000000009,0.16858331859111786,periodic,31
32,21.25,Re_021.250,54.500000000009,0.10826778411865234,periodic,32
33,21.25,Re_021.250,55.00000000001,0.06817448884248734,periodic,33
34,21.25,Re_021.250,55.50000000001,0.028112007305026054,periodic,34
35,21.25,Re_021.250,56.00000000001,0.9880384206771851,periodic,35
36,21.25,Re_021.250,56.750000000011,0.9280052781105042,periodic,36
37,21.25,Re_021.250,57.250000000011,0.8882754445075989,periodic,37
38,21.25,Re_021.250,57.750000000011,0.8491007685661316,periodic,38
39,21.25,Re_021.250,58.500000000011,0.7920075058937073,periodic,39
40,21.25,Re_021.250,59.000000000012,0.7553914785385132,periodic,40
41,21.25,Re_021.250,59.500000000012,0.7200056314468384,periodic,41
42,21.25,Re_021.250,60.000000000012,0.6857922077178955,periodic,42
43,21.25,Re_021.250,60.750000000013,0.6362743377685547,periodic,43
44,21.25,Re_021.250,61.250000000013,0.6040350794792175,periodic,44
45,21.25,Re_021.250,61.750000000013,0.5720489025115967,periodic,45
46,21.25,Re_021.250,62.250000000013,0.5399651527404785,periodic,46
47,21.25,Re_021.250,63.000000000014,0.4909159541130066,periodic,47
48,21.25,Re_021.250,63.500000000014,0.45716139674186707,periodic,48
49,21.25,Re_021.250,64.000000000014,0.42229366302490234,periodic,49
50,21.25,Re_021.250,64.500000000014,0.3861945867538452,periodic,50
51,21.25,Re_021.250,65.250000000013,0.3298323154449463,periodic,51
52,21.25,Re_021.250,65.750000000013,0.29106247425079346,periodic,52
53,21.25,Re_021.250,66.250000000012,0.25169816613197327,periodic,53
54,21.25,Re_021.250,67.000000000012,0.19227488338947296,periodic,54
55,21.25,Re_021.250,67.500000000011,0.15273945033550262,periodic,55
56,21.25,Re_021.250,68.000000000011,0.11339583992958069,periodic,56
57,21.25,Re_021.250,68.50000000001,0.07417792081832886,periodic,57
58,21.25,Re_021.250,69.25000000001,0.01535982359200716,periodic,58
59,21.25,Re_021.250,69.750000000009,0.9760355353355408,periodic,59
60,21.25,Re_021.250,70.250000000009,0.936606764793396,periodic,60
61,21.25,Re_021.250,70.750000000008,0.8972115516662598,periodic,61
62,21.25,Re_021.250,71.500000000007,0.83875972032547,periodic,62
63,21.25,Re_021.250,72.000000000007,0.8006498217582703,periodic,63
64,21.5,Re_021.500,36.25,0.4796096980571747,periodic,0
65,21.5,Re_021.500,36.5,0.457193523645401,periodic,1
66,21.5,Re_021.500,36.75,0.43496689200401306,periodic,2
67,21.5,Re_021.500,37.0,0.412954717874527,periodic,3
68,21.5,Re_021.500,37.250000000001,0.39117828011512756,periodic,4
69,21.5,Re_021.500,37.500000000001,0.3696202039718628,periodic,5
70,21.5,Re_021.500,37.750000000001,0.3483050465583801,periodic,6
71,21.5,Re_021.500,38.000000000001,0.32724398374557495,periodic,7
72,21.5,Re_021.500,38.250000000001,0.30644288659095764,periodic,8
73,21.5,Re_021.500,38.500000000001,0.2858736515045166,periodic,9
74,21.5,Re_021.500,38.750000000001,0.26557090878486633,periodic,10
75,21.5,Re_021.500,39.000000000001,0.24547863006591797,periodic,11
76,21.5,Re_021.500,39.250000000002,0.2256300002336502,periodic,12
77,21.5,Re_021.500,39.500000000002,0.20599794387817383,periodic,13
78,21.5,Re_021.500,39.750000000002,0.18652944266796112,periodic,14
79,21.5,Re_021.500,40.000000000002,0.16721877455711365,periodic,15
80,21.5,Re_021.500,40.250000000002,0.1480633169412613,periodic,16
81,21.5,Re_021.500,40.500000000002,0.12897707521915436,periodic,17
82,21.5,Re_021.500,40.750000000002,0.10997556895017624,periodic,18
83,21.5,Re_021.500,41.000000000003,0.09100821614265442,periodic,19
84,21.5,Re_021.500,41.250000000003,0.07204977422952652,periodic,20
85,21.5,Re_021.500,41.500000000003,0.05306800827383995,periodic,21
86,21.5,Re_021.500,41.750000000003,0.0340321883559227,periodic,22
87,21.5,Re_021.500,42.000000000003,0.014938722364604473,periodic,23
88,21.5,Re_021.500,42.250000000003,0.9957647919654846,periodic,24
89,21.5,Re_021.500,42.500000000003,0.9765233397483826,periodic,25
90,21.5,Re_021.500,42.750000000003,0.9572181105613708,periodic,26
91,21.5,Re_021.500,43.000000000004,0.9378519058227539,periodic,27
92,21.5,Re_021.500,43.250000000004,0.9184697866439819,periodic,28
93,21.5,Re_021.500,43.500000000004,0.8991031646728516,periodic,29
94,21.5,Re_021.500,43.750000000004,0.8797893524169922,periodic,30
95,21.5,Re_021.500,44.000000000004,0.8605656623840332,periodic,31
96,21.5,Re_021.500,44.250000000004,0.8414843678474426,periodic,32
97,21.5,Re_021.500,44.500000000004,0.8225878477096558,periodic,33
98,21.5,Re_021.500,44.750000000004,0.8039367198944092,periodic,34
99,21.5,Re_021.500,45.000000000005,0.7855270504951477,periodic,35
100,21.5,Re_021.500,45.250000000005,0.7674062252044678,periodic,36
101,21.5,Re_021.500,45.500000000005,0.7495827078819275,periodic,37
102,21.5,Re_021.500,45.750000000005,0.732063889503479,periodic,38
103,21.5,Re_021.500,46.000000000005,0.7148414850234985,periodic,39
104,21.5,Re_021.500,46.250000000005,0.6979143619537354,periodic,40
105,21.5,Re_021.500,46.500000000005,0.6812531352043152,periodic,41
106,21.5,Re_021.500,46.750000000005,0.6648297905921936,periodic,42
107,21.5,Re_021.500,47.000000000006,0.6486283540725708,periodic,43
108,21.5,Re_021.500,47.250000000006,0.6326057314872742,periodic,44
109,21.5,Re_021.500,47.500000000006,0.6167246103286743,periodic,45
110,21.5,Re_021.500,47.750000000006,0.6009390354156494,periodic,46
111,21.5,Re_021.500,48.000000000006,0.5852161645889282,periodic,47
112,21.5,Re_021.500,48.250000000006,0.5695096254348755,periodic,48
113,21.5,Re_021.500,48.500000000006,0.5537721514701843,periodic,49
114,21.5,Re_021.500,48.750000000006,0.5379666090011597,periodic,50
115,21.5,Re_021.500,49.000000000007,0.5220413208007812,periodic,51
116,21.5,Re_021.500,49.250000000007,0.5059594511985779,periodic,52
117,21.5,Re_021.500,49.500000000007,0.48968634009361267,periodic,53
118,21.5,Re_021.500,49.750000000007,0.4731725752353668,periodic,54
119,21.5,Re_021.500,50.000000000007,0.4563963711261749,periodic,55
120,21.5,Re_021.500,50.250000000007,0.4393157362937927,periodic,56
121,21.5,Re_021.500,50.500000000007,0.4219200015068054,periodic,57
122,21.5,Re_021.500,50.750000000008,0.40418872237205505,periodic,58
123,21.5,Re_021.500,51.000000000008,0.38611066341400146,periodic,59
124,21.5,Re_021.500,51.250000000008,0.36767682433128357,periodic,60
125,21.5,Re_021.500,51.500000000008,0.3489091694355011,periodic,61
126,21.5,Re_021.500,51.750000000008,0.3298261761665344,periodic,62
127,21.5,Re_021.500,52.000000000008,0.3104580044746399,periodic,63
128,21.5,Re_021.500,52.250000000008,0.29082196950912476,periodic,64
129,21.5,Re_021.500,52.500000000008,0.2709752321243286,periodic,65
130,21.5,Re_021.500,52.750000000009,0.2509647011756897,periodic,66
131,21.5,Re_021.500,53.000000000009,0.23081614077091217,periodic,67
132,21.5,Re_021.500,53.250000000009,0.21056921780109406,periodic,68
133,21.5,Re_021.500,53.500000000009,0.19028395414352417,periodic,69
134,21.5,Re_021.500,53.750000000009,0.16997621953487396,periodic,70
135,21.5,Re_021.500,54.000000000009,0.14966744184494019,periodic,71
136,21.5,Re_021.500,54.250000000009,0.12937217950820923,periodic,72
137,21.5,Re_021.500,54.500000000009,0.10909662395715714,periodic,73
138,21.5,Re_021.500,54.75000000001,0.08885260671377182,periodic,74
139,21.5,Re_021.500,55.00000000001,0.06862328201532364,periodic,75
140,21.5,Re_021.500,55.25000000001,0.048413414508104324,periodic,76
141,21.5,Re_021.500,55.50000000001,0.02821034938097,periodic,77
142,21.5,Re_021.500,55.75000000001,0.008024684153497219,periodic,78
143,21.5,Re_021.500,56.00000000001,0.9878503084182739,periodic,79
144,21.5,Re_021.500,56.25000000001,0.9677017331123352,periodic,80
145,21.5,Re_021.500,56.50000000001,0.9475893974304199,periodic,81
146,21.5,Re_021.500,56.750000000011,0.9275359511375427,periodic,82
147,21.5,Re_021.500,57.000000000011,0.9075748920440674,periodic,83
148,21.5,Re_021.500,57.250000000011,0.8877362608909607,periodic,84
149,21.5,Re_021.500,57.500000000011,0.8680567741394043,periodic,85
150,21.5,Re_021.500,57.750000000011,0.8485859632492065,periodic,86
151,21.5,Re_021.500,58.000000000011,0.8293325901031494,periodic,87
152,21.5,Re_021.500,58.250000000011,0.810335636138916,periodic,88
153,21.5,Re_021.500,58.500000000011,0.7916410565376282,periodic,89
154,21.5,Re_021.500,58.750000000012,0.7732516527175903,periodic,90
155,21.5,Re_021.500,59.000000000012,0.7551754713058472,periodic,91
156,21.5,Re_021.500,59.250000000012,0.7374175190925598,periodic,92
157,21.5,Re_021.500,59.500000000012,0.7199817895889282,periodic,93
158,21.5,Re_021.500,59.750000000012,0.7028306722640991,periodic,94
159,21.5,Re_021.500,60.000000000012,0.6859632134437561,periodic,95
160,21.5,Re_021.500,60.250000000012,0.669342041015625,periodic,96
161,21.5,Re_021.500,60.500000000012,0.6529384851455688,periodic,97
162,21.5,Re_021.500,60.750000000013,0.6367271542549133,periodic,98
163,21.5,Re_021.500,61.000000000013,0.6206512451171875,periodic,99
164,21.5,Re_021.500,61.250000000013,0.6046797037124634,periodic,100
165,21.5,Re_021.500,61.500000000013,0.588771402835846,periodic,101
166,21.5,Re_021.500,61.750000000013,0.5728814601898193,periodic,102
167,21.5,Re_021.500,62.000000000013,0.5569705963134766,periodic,103
168,21.5,Re_021.500,62.250000000013,0.5409862995147705,periodic,104
169,21.5,Re_021.500,62.500000000014,0.5248905420303345,periodic,105
170,21.5,Re_021.500,62.750000000014,0.5086443424224854,periodic,106
171,21.5,Re_021.500,63.000000000014,0.492210328578949,periodic,107
172,21.5,Re_021.500,63.250000000014,0.4755481779575348,periodic,108
173,21.5,Re_021.500,63.500000000014,0.45862576365470886,periodic,109
174,21.5,Re_021.500,63.750000000014,0.44142451882362366,periodic,110
175,21.5,Re_021.500,64.000000000014,0.4239170551300049,periodic,111
176,21.5,Re_021.500,64.250000000014,0.40609219670295715,periodic,112
177,21.5,Re_021.500,64.500000000014,0.3879399597644806,periodic,113
178,21.5,Re_021.500,64.750000000014,0.3694782257080078,periodic,114
179,21.5,Re_021.500,65.000000000013,0.3507159650325775,periodic,115
180,21.5,Re_021.500,65.250000000013,0.3316677212715149,periodic,116
181,21.5,Re_021.500,65.500000000013,0.3123842775821686,periodic,117
182,21.5,Re_021.500,65.750000000013,0.2928788959980011,periodic,118
183,21.5,Re_021.500,66.000000000012,0.2732207179069519,periodic,119
184,21.5,Re_021.500,66.250000000012,0.25343671441078186,periodic,120
185,21.5,Re_021.500,66.500000000012,0.23358005285263062,periodic,121
186,21.5,Re_021.500,66.750000000012,0.2136666625738144,periodic,122
187,21.5,Re_021.500,67.000000000012,0.19375289976596832,periodic,123
188,21.5,Re_021.500,67.250000000011,0.17386433482170105,periodic,124
189,21.5,Re_021.500,67.500000000011,0.1540067195892334,periodic,125
190,21.5,Re_021.500,67.750000000011,0.13418225944042206,periodic,126
191,21.5,Re_021.500,68.000000000011,0.11442100256681442,periodic,127
192,21.5,Re_021.500,68.25000000001,0.09468257427215576,periodic,128
193,21.5,Re_021.500,68.50000000001,0.07497044652700424,periodic,129
194,21.5,Re_021.500,68.75000000001,0.05527365207672119,periodic,130
195,21.5,Re_021.500,69.00000000001,0.03557729348540306,periodic,131
196,21.5,Re_021.500,69.25000000001,0.01586790755391121,periodic,132
197,21.5,Re_021.500,69.500000000009,0.9961416721343994,periodic,133
198,21.5,Re_021.500,69.750000000009,0.9763965606689453,periodic,134
199,21.5,Re_021.500,70.000000000009,0.9566355347633362,periodic,135
200,21.5,Re_021.500,70.250000000009,0.9368753433227539,periodic,136
201,21.5,Re_021.500,70.500000000008,0.9171380400657654,periodic,137
202,21.5,Re_021.500,70.750000000008,0.8974456787109375,periodic,138
203,21.5,Re_021.500,71.000000000008,0.8778318762779236,periodic,139
204,21.5,Re_021.500,71.250000000008,0.8583442568778992,periodic,140
205,21.5,Re_021.500,71.500000000007,0.8390164375305176,periodic,141
206,21.5,Re_021.500,71.750000000007,0.8198690414428711,periodic,142
207,21.5,Re_021.500,72.000000000007,0.8009645938873291,periodic,143
208,21.75,Re_021.750,36.25,0.477842777967453,periodic,0
209,21.75,Re_021.750,36.75,0.43131402134895325,periodic,1
210,21.75,Re_021.750,37.500000000001,0.36458081007003784,periodic,2
211,21.75,Re_021.750,38.000000000001,0.32213395833969116,periodic,3
212,21.75,Re_021.750,38.500000000001,0.281154990196228,periodic,4
213,21.75,Re_021.750,39.000000000001,0.2414621263742447,periodic,5
214,21.75,Re_021.750,39.750000000002,0.1837335079908371,periodic,6
215,21.75,Re_021.750,40.250000000002,0.14606867730617523,periodic,7
216,21.75,Re_021.750,40.750000000002,0.1087215468287468,periodic,8
217,21.75,Re_021.750,41.250000000003,0.07137621194124222,periodic,9
218,21.75,Re_021.750,42.000000000003,0.014839986339211464,periodic,10
219,21.75,Re_021.750,42.500000000003,0.9765850305557251,periodic,11
220,21.75,Re_021.750,43.000000000004,0.9379022717475891,periodic,12
221,21.75,Re_021.750,43.750000000004,0.8795022368431091,periodic,13
222,21.75,Re_021.750,44.250000000004,0.8408684134483337,periodic,14
223,21.75,Re_021.750,44.750000000004,0.802890956401825,periodic,15
224,21.75,Re_021.750,45.250000000005,0.7659633755683899,periodic,16
225,21.75,Re_021.750,46.000000000005,0.7128210067749023,periodic,17
226,21.75,Re_021.750,46.500000000005,0.6789149641990662,periodic,18
227,21.75,Re_021.750,47.000000000006,0.6460423469543457,periodic,19
228,21.75,Re_021.750,47.500000000006,0.6139177083969116,periodic,20
229,21.75,Re_021.750,48.250000000006,0.5664774775505066,periodic,21
230,21.75,Re_021.750,48.750000000006,0.5348415374755859,periodic,22
231,21.75,Re_021.750,49.250000000007,0.5027820467948914,periodic,23
232,21.75,Re_021.750,49.750000000007,0.46999403834342957,periodic,24
233,21.75,Re_021.750,50.500000000007,0.4188458323478699,periodic,25
234,21.75,Re_021.750,51.000000000008,0.38319045305252075,periodic,26
235,21.75,Re_021.750,51.500000000008,0.34622615575790405,periodic,27
236,21.75,Re_021.750,52.250000000008,0.2886052429676056,periodic,28
237,21.75,Re_021.750,52.750000000009,0.24909727275371552,periodic,29
238,21.75,Re_021.750,53.250000000009,0.20907045900821686,periodic,30
239,21.75,Re_021.750,53.750000000009,0.16877366602420807,periodic,31
240,21.75,Re_021.750,54.500000000009,0.10821846127510071,periodic,32
241,21.75,Re_021.750,55.00000000001,0.06781598180532455,periodic,33
242,21.75,Re_021.750,55.50000000001,0.027382172644138336,periodic,34
243,21.75,Re_021.750,56.00000000001,0.9868807792663574,periodic,35
244,21.75,Re_021.750,56.750000000011,0.9261928200721741,periodic,36
245,21.75,Re_021.750,57.250000000011,0.8860655426979065,periodic,37
246,21.75,Re_021.750,57.750000000011,0.8465413451194763,periodic,38
247,21.75,Re_021.750,58.500000000011,0.7890946865081787,periodic,39
248,21.75,Re_021.750,59.000000000012,0.7523295879364014,periodic,40
249,21.75,Re_021.750,59.500000000012,0.7168744206428528,periodic,41
250,21.75,Re_021.750,60.000000000012,0.6826511025428772,periodic,42
251,21.75,Re_021.750,60.750000000013,0.6331562399864197,periodic,43
252,21.75,Re_021.750,61.250000000013,0.6009826064109802,periodic,44
253,21.75,Re_021.750,61.750000000013,0.5690701007843018,periodic,45
254,21.75,Re_021.750,62.250000000013,0.5370755195617676,periodic,46
255,21.75,Re_021.750,63.000000000014,0.48820042610168457,periodic,47
256,21.75,Re_021.750,63.500000000014,0.45458778738975525,periodic,48
257,21.75,Re_021.750,64.000000000014,0.4198940396308899,periodic,49
258,21.75,Re_021.750,64.500000000014,0.383990615606308,periodic,50
259,21.75,Re_021.750,65.250000000013,0.3279443085193634,periodic,51
260,21.75,Re_021.750,65.750000000013,0.2893970310688019,periodic,52
261,21.75,Re_021.750,66.250000000012,0.2502109706401825,periodic,53
262,21.75,Re_021.750,67.000000000012,0.19095107913017273,periodic,54
263,21.75,Re_021.750,67.500000000011,0.15144269168376923,periodic,55
264,21.75,Re_021.750,68.000000000011,0.11203770339488983,periodic,56
265,21.75,Re_021.750,68.50000000001,0.07270808517932892,periodic,57
266,21.75,Re_021.750,69.25000000001,0.013608981855213642,periodic,58
267,21.75,Re_021.750,69.750000000009,0.9740362763404846,periodic,59
268,21.75,Re_021.750,70.250000000009,0.9343413710594177,periodic,60
269,21.75,Re_021.750,70.750000000008,0.8946864008903503,periodic,61
270,21.75,Re_021.750,71.500000000007,0.835860013961792,periodic,62
271,21.75,Re_021.750,72.000000000007,0.7975543141365051,periodic,63
272,22.0,Re_022.000,36.25,0.4780711233615875,periodic,0
273,22.0,Re_022.000,36.75,0.4295474588871002,periodic,1
274,22.0,Re_022.000,37.500000000001,0.3611627519130707,periodic,2
275,22.0,Re_022.000,38.000000000001,0.3183760941028595,periodic,3
276,22.0,Re_022.000,38.500000000001,0.2774496078491211,periodic,4
277,22.0,Re_022.000,39.000000000001,0.23804697394371033,periodic,5
278,22.0,Re_022.000,39.750000000002,0.18098628520965576,periodic,6
279,22.0,Re_022.000,40.250000000002,0.14376406371593475,periodic,7
280,22.0,Re_022.000,40.750000000002,0.10679737478494644,periodic,8
281,22.0,Re_022.000,41.250000000003,0.06977428495883942,periodic,9
282,22.0,Re_022.000,42.000000000003,0.013542508706450462,periodic,10
283,22.0,Re_022.000,42.500000000003,0.9753741025924683,periodic,11
284,22.0,Re_022.000,43.000000000004,0.9366869330406189,periodic,12
285,22.0,Re_022.000,43.750000000004,0.87818443775177,periodic,13
286,22.0,Re_022.000,44.250000000004,0.8394126892089844,periodic,14
287,22.0,Re_022.000,44.750000000004,0.8013218641281128,periodic,15
288,22.0,Re_022.000,45.250000000005,0.7642786502838135,periodic,16
289,22.0,Re_022.000,46.000000000005,0.7110317945480347,periodic,17
290,22.0,Re_022.000,46.500000000005,0.677087664604187,periodic,18
291,22.0,Re_022.000,47.000000000006,0.6441909074783325,periodic,19
292,22.0,Re_022.000,47.500000000006,0.6120810508728027,periodic,20
293,22.0,Re_022.000,48.250000000006,0.5646821856498718,periodic,21
294,22.0,Re_022.000,48.750000000006,0.5330929160118103,periodic,22
295,22.0,Re_022.000,49.250000000007,0.5011061429977417,periodic,23
296,22.0,Re_022.000,49.750000000007,0.4683968424797058,periodic,24
297,22.0,Re_022.000,50.500000000007,0.41741517186164856,periodic,25
298,22.0,Re_022.000,51.000000000008,0.38187214732170105,periodic,26
299,22.0,Re_022.000,51.500000000008,0.3450371325016022,periodic,27
300,22.0,Re_022.000,52.250000000008,0.28760984539985657,periodic,28
301,22.0,Re_022.000,52.750000000009,0.2481861412525177,periodic,29
302,22.0,Re_022.000,53.250000000009,0.20821236073970795,periodic,30
303,22.0,Re_022.000,53.750000000009,0.167917400598526,periodic,31
304,22.0,Re_022.000,54.500000000009,0.10724708437919617,periodic,32
305,22.0,Re_022.000,55.00000000001,0.06671539694070816,periodic,33
306,22.0,Re_022.000,55.50000000001,0.02609497681260109,periodic,34
307,22.0,Re_022.000,56.00000000001,0.9853813648223877,periodic,35
308,22.0,Re_022.000,56.750000000011,0.9243559837341309,periodic,36
309,22.0,Re_022.000,57.250000000011,0.8840330839157104,periodic,37
310,22.0,Re_022.000,57.750000000011,0.844345211982727,periodic,38
311,22.0,Re_022.000,58.500000000011,0.7867493033409119,periodic,39
312,22.0,Re_022.000,59.000000000012,0.7499302625656128,periodic,40
313,22.0,Re_022.000,59.500000000012,0.7144591808319092,periodic,41
314,22.0,Re_022.000,60.000000000012,0.6802434921264648,periodic,42
315,22.0,Re_022.000,60.750000000013,0.6307921409606934,periodic,43
316,22.0,Re_022.000,61.250000000013,0.5986515283584595,periodic,44
317,22.0,Re_022.000,61.750000000013,0.5667827129364014,periodic,45
318,22.0,Re_022.000,62.250000000013,0.5348273515701294,periodic,46
319,22.0,Re_022.000,63.000000000014,0.48601317405700684,periodic,47
320,22.0,Re_022.000,63.500000000014,0.4524494409561157,periodic,48
321,22.0,Re_022.000,64.000000000014,0.4178002178668976,periodic,49
322,22.0,Re_022.000,64.500000000014,0.38196244835853577,periodic,50
323,22.0,Re_022.000,65.250000000013,0.3260241448879242,periodic,51
324,22.0,Re_022.000,65.750000000013,0.2875513434410095,periodic,52
325,22.0,Re_022.000,66.250000000012,0.24844607710838318,periodic,53
326,22.0,Re_022.000,67.000000000012,0.18925757706165314,periodic,54
327,22.0,Re_022.000,67.500000000011,0.1497531533241272,periodic,55
328,22.0,Re_022.000,68.000000000011,0.11033549159765244,periodic,56
329,22.0,Re_022.000,68.50000000001,0.07093934714794159,periodic,57
330,22.0,Re_022.000,69.25000000001,0.011683625169098377,periodic,58
331,22.0,Re_022.000,69.750000000009,0.9719806909561157,periodic,59
332,22.0,Re_022.000,70.250000000009,0.932141900062561,periodic,60
333,22.0,Re_022.000,70.750000000008,0.8923433423042297,periodic,61
334,22.0,Re_022.000,71.500000000007,0.8333467245101929,periodic,62
335,22.0,Re_022.000,72.000000000007,0.7949671149253845,periodic,63
336,22.25,Re_022.250,36.25,0.48001542687416077,periodic,0
337,22.25,Re_022.250,36.5,0.45438605546951294,periodic,1
338,22.25,Re_022.250,36.75,0.4294363558292389,periodic,2
339,22.25,Re_022.250,37.0,0.40525367856025696,periodic,3
340,22.25,Re_022.250,37.250000000001,0.3818052113056183,periodic,4
341,22.25,Re_022.250,37.500000000001,0.35907503962516785,periodic,5
342,22.25,Re_022.250,37.750000000001,0.3370507061481476,periodic,6
343,22.25,Re_022.250,38.000000000001,0.31561279296875,periodic,7
344,22.25,Re_022.250,38.250000000001,0.29475855827331543,periodic,8
345,22.25,Re_022.250,38.500000000001,0.27439001202583313,periodic,9
346,22.25,Re_022.250,38.750000000001,0.2544468939304352,periodic,10
347,22.25,Re_022.250,39.000000000001,0.2349056452512741,periodic,11
348,22.25,Re_022.250,39.250000000002,0.21564261615276337,periodic,12
349,22.25,Re_022.250,39.500000000002,0.19667337834835052,periodic,13
350,22.25,Re_022.250,39.750000000002,0.17787879705429077,periodic,14
351,22.25,Re_022.250,40.000000000002,0.1592562347650528,periodic,15
352,22.25,Re_022.250,40.250000000002,0.1407432109117508,periodic,16
353,22.25,Re_022.250,40.500000000002,0.1222786232829094,periodic,17
354,22.25,Re_022.250,40.750000000002,0.10385289043188095,periodic,18
355,22.25,Re_022.250,41.000000000003,0.0853811651468277,periodic,19
356,22.25,Re_022.250,41.250000000003,0.06685344129800797,periodic,20
357,22.25,Re_022.250,41.500000000003,0.04822993278503418,periodic,21
358,22.25,Re_022.250,41.750000000003,0.029495317488908768,periodic,22
359,22.25,Re_022.250,42.000000000003,0.010624019429087639,periodic,23
360,22.25,Re_022.250,42.250000000003,0.9916052222251892,periodic,24
361,22.25,Re_022.250,42.500000000003,0.9724451303482056,periodic,25
362,22.25,Re_022.250,42.750000000003,0.9531531929969788,periodic,26
363,22.25,Re_022.250,43.000000000004,0.933751106262207,periodic,27
364,22.25,Re_022.250,43.250000000004,0.914275586605072,periodic,28
365,22.25,Re_022.250,43.500000000004,0.8947746157646179,periodic,29
366,22.25,Re_022.250,43.750000000004,0.8752984404563904,periodic,30
367,22.25,Re_022.250,44.000000000004,0.8558869361877441,periodic,31
368,22.25,Re_022.250,44.250000000004,0.836606502532959,periodic,32
369,22.25,Re_022.250,44.500000000004,0.8175250291824341,periodic,33
370,22.25,Re_022.250,44.750000000004,0.7986645102500916,periodic,34
371,22.25,Re_022.250,45.000000000005,0.7800716161727905,periodic,35
372,22.25,Re_022.250,45.250000000005,0.7617855668067932,periodic,36
373,22.25,Re_022.250,45.500000000005,0.7438048124313354,periodic,37
374,22.25,Re_022.250,45.750000000005,0.7261569499969482,periodic,38
375,22.25,Re_022.250,46.000000000005,0.7088203430175781,periodic,39
376,22.25,Re_022.250,46.250000000005,0.6918079853057861,periodic,40
377,22.25,Re_022.250,46.500000000005,0.6750780344009399,periodic,41
378,22.25,Re_022.250,46.750000000005,0.6586260795593262,periodic,42
379,22.25,Re_022.250,47.000000000006,0.6423952579498291,periodic,43
380,22.25,Re_022.250,47.250000000006,0.6263598203659058,periodic,44
381,22.25,Re_022.250,47.500000000006,0.6104704141616821,periodic,45
382,22.25,Re_022.250,47.750000000006,0.5947052240371704,periodic,46
383,22.25,Re_022.250,48.000000000006,0.5790123343467712,periodic,47
384,22.25,Re_022.250,48.250000000006,0.563342809677124,periodic,48
385,22.25,Re_022.250,48.500000000006,0.5476593971252441,periodic,49
386,22.25,Re_022.250,48.750000000006,0.5319139957427979,periodic,50
387,22.25,Re_022.250,49.000000000007,0.516063928604126,periodic,51
388,22.25,Re_022.250,49.250000000007,0.5000714659690857,periodic,52
389,22.25,Re_022.250,49.500000000007,0.48388993740081787,periodic,53
390,22.25,Re_022.250,49.750000000007,0.4674903154373169,periodic,54
391,22.25,Re_022.250,50.000000000007,0.45083504915237427,periodic,55
392,22.25,Re_022.250,50.250000000007,0.4338928163051605,periodic,56
393,22.25,Re_022.250,50.500000000007,0.4166417419910431,periodic,57
394,22.25,Re_022.250,50.750000000008,0.39906662702560425,periodic,58
395,22.25,Re_022.250,51.000000000008,0.3811489939689636,periodic,59
396,22.25,Re_022.250,51.250000000008,0.36289605498313904,periodic,60
397,22.25,Re_022.250,51.500000000008,0.34429627656936646,periodic,61
398,22.25,Re_022.250,51.750000000008,0.3253941535949707,periodic,62
399,22.25,Re_022.250,52.000000000008,0.3061908185482025,periodic,63
400,22.25,Re_022.250,52.250000000008,0.2867182791233063,periodic,64
401,22.25,Re_022.250,52.500000000008,0.26701003313064575,periodic,65
402,22.25,Re_022.250,52.750000000009,0.24710063636302948,periodic,66
403,22.25,Re_022.250,53.000000000009,0.22703541815280914,periodic,67
404,22.25,Re_022.250,53.250000000009,0.2068415880203247,periodic,68
405,22.25,Re_022.250,53.500000000009,0.1865643411874771,periodic,69
406,22.25,Re_022.250,53.750000000009,0.16622638702392578,periodic,70
407,22.25,Re_022.250,54.000000000009,0.14583401381969452,periodic,71
408,22.25,Re_022.250,54.250000000009,0.12541742622852325,periodic,72
409,22.25,Re_022.250,54.500000000009,0.10498625785112381,periodic,73
410,22.25,Re_022.250,54.75000000001,0.08453543484210968,periodic,74
411,22.25,Re_022.250,55.00000000001,0.0640610083937645,periodic,75
412,22.25,Re_022.250,55.25000000001,0.04357634484767914,periodic,76
413,22.25,Re_022.250,55.50000000001,0.023076893761754036,periodic,77
414,22.25,Re_022.250,55.75000000001,0.002564309863373637,periodic,78
415,22.25,Re_022.250,56.00000000001,0.9820560812950134,periodic,79
416,22.25,Re_022.250,56.25000000001,0.9615585803985596,periodic,80
417,22.25,Re_022.250,56.50000000001,0.941105306148529,periodic,81
418,22.25,Re_022.250,56.750000000011,0.9207218885421753,periodic,82
419,22.25,Re_022.250,57.000000000011,0.9004440307617188,periodic,83
420,22.25,Re_022.250,57.250000000011,0.8803097605705261,periodic,84
421,22.25,Re_022.250,57.500000000011,0.8603634834289551,periodic,85
422,22.25,Re_022.250,57.750000000011,0.8406566381454468,periodic,86
423,22.25,Re_022.250,58.000000000011,0.821212649345398,periodic,87
424,22.25,Re_022.250,58.250000000011,0.8020612001419067,periodic,88
425,22.25,Re_022.250,58.500000000011,0.783240020275116,periodic,89
426,22.25,Re_022.250,58.750000000012,0.764763593673706,periodic,90
427,22.25,Re_022.250,59.000000000012,0.7466249465942383,periodic,91
428,22.25,Re_022.250,59.250000000012,0.7288358211517334,periodic,92
429,22.25,Re_022.250,59.500000000012,0.7113672494888306,periodic,93
430,22.25,Re_022.250,59.750000000012,0.69422847032547,periodic,94
431,22.25,Re_022.250,60.000000000012,0.6773736476898193,periodic,95
432,22.25,Re_022.250,60.250000000012,0.6607745289802551,periodic,96
433,22.25,Re_022.250,60.500000000012,0.6444071531295776,periodic,97
434,22.25,Re_022.250,60.750000000013,0.6282278895378113,periodic,98
435,22.25,Re_022.250,61.000000000013,0.6121839880943298,periodic,99
436,22.25,Re_022.250,61.250000000013,0.5962525606155396,periodic,100
437,22.25,Re_022.250,61.500000000013,0.5803837776184082,periodic,101
438,22.25,Re_022.250,61.750000000013,0.5645237565040588,periodic,102
439,22.25,Re_022.250,62.000000000013,0.5486453771591187,periodic,103
440,22.25,Re_022.250,62.250000000013,0.5326924324035645,periodic,104
441,22.25,Re_022.250,62.500000000014,0.516627311706543,periodic,105
442,22.25,Re_022.250,62.750000000014,0.5004093050956726,periodic,106
443,22.25,Re_022.250,63.000000000014,0.48400330543518066,periodic,107
444,22.25,Re_022.250,63.250000000014,0.4673713147640228,periodic,108
445,22.25,Re_022.250,63.500000000014,0.4504871666431427,periodic,109
446,22.25,Re_022.250,63.750000000014,0.43332040309906006,periodic,110
447,22.25,Re_022.250,64.000000000014,0.4158565402030945,periodic,111
448,22.25,Re_022.250,64.250000000014,0.398085355758667,periodic,112
449,22.25,Re_022.250,64.500000000014,0.38000166416168213,periodic,113
450,22.25,Re_022.250,64.750000000014,0.3616103231906891,periodic,114
451,22.25,Re_022.250,65.000000000013,0.34292295575141907,periodic,115
452,22.25,Re_022.250,65.250000000013,0.32396450638771057,periodic,116
453,22.25,Re_022.250,65.500000000013,0.3047611117362976,periodic,117
454,22.25,Re_022.250,65.750000000013,0.2853561043739319,periodic,118
455,22.25,Re_022.250,66.000000000012,0.2657856345176697,periodic,119
456,22.25,Re_022.250,66.250000000012,0.24609047174453735,periodic,120
457,22.25,Re_022.250,66.500000000012,0.22630497813224792,periodic,121
458,22.25,Re_022.250,66.750000000012,0.20645864307880402,periodic,122
459,22.25,Re_022.250,67.000000000012,0.18659017980098724,periodic,123
460,22.25,Re_022.250,67.250000000011,0.16672246158123016,periodic,124
461,22.25,Re_022.250,67.500000000011,0.14685887098312378,periodic,125
462,22.25,Re_022.250,67.750000000011,0.12701742351055145,periodic,126
463,22.25,Re_022.250,68.000000000011,0.10718801617622375,periodic,127
464,22.25,Re_022.250,68.25000000001,0.08736158162355423,periodic,128
465,22.25,Re_022.250,68.50000000001,0.06753439456224442,periodic,129
466,22.25,Re_022.250,68.75000000001,0.047698572278022766,periodic,130
467,22.25,Re_022.250,69.00000000001,0.02783357724547386,periodic,131
468,22.25,Re_022.250,69.25000000001,0.007935341447591782,periodic,132
469,22.25,Re_022.250,69.500000000009,0.988000750541687,periodic,133
470,22.25,Re_022.250,69.750000000009,0.9680365324020386,periodic,134
471,22.25,Re_022.250,70.000000000009,0.9480475783348083,periodic,135
472,22.25,Re_022.250,70.250000000009,0.9280592799186707,periodic,136
473,22.25,Re_022.250,70.500000000008,0.9080963134765625,periodic,137
474,22.25,Re_022.250,70.750000000008,0.8881996273994446,periodic,138
475,22.25,Re_022.250,71.000000000008,0.8683940172195435,periodic,139
476,22.25,Re_022.250,71.250000000008,0.8487313985824585,periodic,140
477,22.25,Re_022.250,71.500000000007,0.8292526602745056,periodic,141
478,22.25,Re_022.250,71.750000000007,0.809984564781189,periodic,142
479,22.25,Re_022.250,72.000000000007,0.7909714579582214,periodic,143
480,22.5,Re_022.500,36.25,0.4775800108909607,periodic,0
481,22.5,Re_022.500,36.75,0.424974650144577,periodic,1
482,22.5,Re_022.500,37.500000000001,0.35362210869789124,periodic,2
483,22.5,Re_022.500,38.000000000001,0.3104293942451477,periodic,3
484,22.5,Re_022.500,38.500000000001,0.2698552906513214,periodic,4
485,22.5,Re_022.500,39.000000000001,0.23120713233947754,periodic,5
486,22.5,Re_022.500,39.750000000002,0.1754981130361557,periodic,6
487,22.5,Re_022.500,40.250000000002,0.1391599476337433,periodic,7
488,22.5,Re_022.500,40.750000000002,0.1029374748468399,periodic,8
489,22.5,Re_022.500,41.250000000003,0.06648209691047668,periodic,9
490,22.5,Re_022.500,42.000000000003,0.010771247558295727,periodic,10
491,22.5,Re_022.500,42.500000000003,0.9727227091789246,periodic,11
492,22.5,Re_022.500,43.000000000004,0.9339738488197327,periodic,12
493,22.5,Re_022.500,43.750000000004,0.8751503229141235,periodic,13
494,22.5,Re_022.500,44.250000000004,0.8360910415649414,periodic,14
495,22.5,Re_022.500,44.750000000004,0.7976959943771362,periodic,15
496,22.5,Re_022.500,45.250000000005,0.7603741884231567,periodic,16
497,22.5,Re_022.500,46.000000000005,0.7068567276000977,periodic,17
498,22.5,Re_022.500,46.500000000005,0.6728019118309021,periodic,18
499,22.5,Re_022.500,47.000000000006,0.6398610472679138,periodic,19
500,22.5,Re_022.500,47.500000000006,0.6077499389648438,periodic,20
501,22.5,Re_022.500,48.250000000006,0.5604251623153687,periodic,21
502,22.5,Re_022.500,48.750000000006,0.5289226770401001,periodic,22
503,22.5,Re_022.500,49.250000000007,0.4970476031303406,periodic,23
504,22.5,Re_022.500,49.750000000007,0.4644792675971985,periodic,24
505,22.5,Re_022.500,50.500000000007,0.4137502610683441,periodic,25
506,22.5,Re_022.500,51.000000000008,0.37842267751693726,periodic,26
507,22.5,Re_022.500,51.500000000008,0.3418045938014984,periodic,27
508,22.5,Re_022.500,52.250000000008,0.28467604517936707,periodic,28
509,22.5,Re_022.500,52.750000000009,0.24541305005550385,periodic,29
510,22.5,Re_022.500,53.250000000009,0.20551002025604248,periodic,30
511,22.5,Re_022.500,53.750000000009,0.16519880294799805,periodic,31
512,22.5,Re_022.500,54.500000000009,0.10430406033992767,periodic,32
513,22.5,Re_022.500,55.00000000001,0.06348596513271332,periodic,33
514,22.5,Re_022.500,55.50000000001,0.022493191063404083,periodic,34
515,22.5,Re_022.500,56.00000000001,0.9813486337661743,periodic,35
516,22.5,Re_022.500,56.750000000011,0.9196457266807556,periodic,36
517,22.5,Re_022.500,57.250000000011,0.878908634185791,periodic,37
518,22.5,Re_022.500,57.750000000011,0.8388997912406921,periodic,38
519,22.5,Re_022.500,58.500000000011,0.7809809446334839,periodic,39
520,22.5,Re_022.500,59.000000000012,0.7440613508224487,periodic,40
521,22.5,Re_022.500,59.500000000012,0.7085725665092468,periodic,41
522,22.5,Re_022.500,60.000000000012,0.6743813753128052,periodic,42
523,22.5,Re_022.500,60.750000000013,0.6250019073486328,periodic,43
524,22.5,Re_022.500,61.250000000013,0.5929224491119385,periodic,44
525,22.5,Re_022.500,61.750000000013,0.5611029863357544,periodic,45
526,22.5,Re_022.500,62.250000000013,0.5291985273361206,periodic,46
527,22.5,Re_022.500,63.000000000014,0.48044946789741516,periodic,47
528,22.5,Re_022.500,63.500000000014,0.44692325592041016,periodic,48
529,22.5,Re_022.500,64.000000000014,0.41232743859291077,periodic,49
530,22.5,Re_022.500,64.500000000014,0.3765515685081482,periodic,50
531,22.5,Re_022.500,65.250000000013,0.3207378685474396,periodic,51
532,22.5,Re_022.500,65.750000000013,0.2823561131954193,periodic,52
533,22.5,Re_022.500,66.250000000012,0.2433295100927353,periodic,53
534,22.5,Re_022.500,67.000000000012,0.18422943353652954,periodic,54
535,22.5,Re_022.500,67.500000000011,0.14473079144954681,periodic,55
536,22.5,Re_022.500,68.000000000011,0.105228953063488,periodic,56
537,22.5,Re_022.500,68.50000000001,0.06568748503923416,periodic,57
538,22.5,Re_022.500,69.25000000001,0.0060974787920713425,periodic,58
539,22.5,Re_022.500,69.750000000009,0.9661027193069458,periodic,59
540,22.5,Re_022.500,70.250000000009,0.9259648323059082,periodic,60
541,22.5,Re_022.500,70.750000000008,0.8858779668807983,periodic,61
542,22.5,Re_022.500,71.500000000007,0.8265564441680908,periodic,62
543,22.5,Re_022.500,72.000000000007,0.7880358695983887,periodic,63
544,22.75,Re_022.750,36.25,0.4785744547843933,periodic,0
545,22.75,Re_022.750,36.75,0.423902690410614,periodic,1
546,22.75,Re_022.750,37.500000000001,0.35110723972320557,periodic,2
547,22.75,Re_022.750,38.000000000001,0.3077380061149597,periodic,3
548,22.75,Re_022.750,38.500000000001,0.2673366367816925,periodic,4
549,22.75,Re_022.750,39.000000000001,0.22899514436721802,periodic,5
550,22.75,Re_022.750,39.750000000002,0.1738191843032837,periodic,6
551,22.75,Re_022.750,40.250000000002,0.1378156840801239,periodic,7
552,22.75,Re_022.750,40.750000000002,0.10187506675720215,periodic,8
553,22.75,Re_022.750,41.250000000003,0.06564895063638687,periodic,9
554,22.75,Re_022.750,42.000000000003,0.010138141922652721,periodic,10
555,22.75,Re_022.750,42.500000000003,0.9721348881721497,periodic,11
556,22.75,Re_022.750,43.000000000004,0.9333880543708801,periodic,12
557,22.75,Re_022.750,43.750000000004,0.8744547367095947,periodic,13
558,22.75,Re_022.750,44.250000000004,0.8352903723716736,periodic,14
559,22.75,Re_022.750,44.750000000004,0.7968126535415649,periodic,15
560,22.75,Re_022.750,45.250000000005,0.7594156265258789,periodic,16
561,22.75,Re_022.750,46.000000000005,0.7058019638061523,periodic,17
562,22.75,Re_022.750,46.500000000005,0.6717336773872375,periodic,18
563,22.75,Re_022.750,47.000000000006,0.6387909650802612,periodic,19
564,22.75,Re_022.750,47.500000000006,0.6067017316818237,periodic,20
565,22.75,Re_022.750,48.250000000006,0.5594487190246582,periodic,21
566,22.75,Re_022.750,48.750000000006,0.5280095338821411,periodic,22
567,22.75,Re_022.750,49.250000000007,0.4962216019630432,periodic,23
568,22.75,Re_022.750,49.750000000007,0.46376004815101624,periodic,24
569,22.75,Re_022.750,50.500000000007,0.413213849067688,periodic,25
570,22.75,Re_022.750,51.000000000008,0.3780207633972168,periodic,26
571,22.75,Re_022.750,51.500000000008,0.34153833985328674,periodic,27
572,22.75,Re_022.750,52.250000000008,0.28457921743392944,periodic,28
573,22.75,Re_022.750,52.750000000009,0.245384082198143,periodic,29
574,22.75,Re_022.750,53.250000000009,0.2055043876171112,periodic,30
575,22.75,Re_022.750,53.750000000009,0.16517983376979828,periodic,31
576,22.75,Re_022.750,54.500000000009,0.10415443032979965,periodic,32
577,22.75,Re_022.750,55.00000000001,0.06320454180240631,periodic,33
578,22.75,Re_022.750,55.50000000001,0.022049633786082268,periodic,34
579,22.75,Re_022.750,56.00000000001,0.9807332754135132,periodic,35
580,22.75,Re_022.750,56.750000000011,0.9187864661216736,periodic,36
581,22.75,Re_022.750,57.250000000011,0.8779060244560242,periodic,37
582,22.75,Re_022.750,57.750000000011,0.837776243686676,periodic,38
583,22.75,Re_022.750,58.500000000011,0.7797480225563049,periodic,39
584,22.75,Re_022.750,59.000000000012,0.7428003549575806,periodic,40
585,22.75,Re_022.750,59.500000000012,0.7072796821594238,periodic,41
586,22.75,Re_022.750,60.000000000012,0.6730811595916748,periodic,42
587,22.75,Re_022.750,60.750000000013,0.6237245798110962,periodic,43
588,22.75,Re_022.750,61.250000000013,0.591661810874939,periodic,44
589,22.75,Re_022.750,61.750000000013,0.5598688125610352,periodic,45
590,22.75,Re_022.750,62.250000000013,0.527993381023407,periodic,46
591,22.75,Re_022.750,63.000000000014,0.4793016314506531,periodic,47
592,22.75,Re_022.750,63.500000000014,0.4458281099796295,periodic,48
593,22.75,Re_022.750,64.000000000014,0.4112916588783264,periodic,49
594,22.75,Re_022.750,64.500000000014,0.3755844235420227,periodic,50
595,22.75,Re_022.750,65.250000000013,0.31988105177879333,periodic,51
596,22.75,Re_022.750,65.750000000013,0.28155145049095154,periodic,52
597,22.75,Re_022.750,66.250000000012,0.2425796091556549,periodic,53
598,22.75,Re_022.750,67.000000000012,0.18352049589157104,periodic,54
599,22.75,Re_022.750,67.500000000011,0.14401686191558838,periodic,55
600,22.75,Re_022.750,68.000000000011,0.10449282079935074,periodic,56
601,22.75,Re_022.750,68.50000000001,0.06490804255008698,periodic,57
602,22.75,Re_022.750,69.25000000001,0.00522347167134285,periodic,58
603,22.75,Re_022.750,69.750000000009,0.9651598334312439,periodic,59
604,22.75,Re_022.750,70.250000000009,0.9249440431594849,periodic,60
605,22.75,Re_022.750,70.750000000008,0.8847870826721191,periodic,61
606,22.75,Re_022.750,71.500000000007,0.8253685235977173,periodic,62
607,22.75,Re_022.750,72.000000000007,0.7867904305458069,periodic,63
608,23.0,Re_023.000,36.25,0.9670253992080688,periodic,0
609,23.0,Re_023.000,36.75,0.9522473812103271,periodic,1
610,23.0,Re_023.000,37.500000000001,0.9252769947052002,periodic,2
611,23.0,Re_023.000,38.000000000001,0.903697669506073,periodic,3
612,23.0,Re_023.000,38.500000000001,0.8786838054656982,periodic,4
613,23.0,Re_023.000,39.000000000001,0.8494925498962402,periodic,5
614,23.0,Re_023.000,39.750000000002,0.7957456111907959,periodic,6
615,23.0,Re_023.000,40.250000000002,0.751692533493042,periodic,7
616,23.0,Re_023.000,40.750000000002,0.7006267309188843,periodic,8
617,23.0,Re_023.000,41.250000000003,0.6440296173095703,periodic,9
618,23.0,Re_023.000,42.000000000003,0.5571497082710266,periodic,10
619,23.0,Re_023.000,42.500000000003,0.5034584999084473,periodic,11
620,23.0,Re_023.000,43.000000000004,0.4549477994441986,periodic,12
621,23.0,Re_023.000,43.750000000004,0.39083123207092285,periodic,13
622,23.0,Re_023.000,44.250000000004,0.3523979187011719,periodic,14
623,23.0,Re_023.000,44.750000000004,0.3163278102874756,periodic,15
624,23.0,Re_023.000,45.250000000005,0.2819775342941284,periodic,16
625,23.0,Re_023.000,46.000000000005,0.23258940875530243,periodic,17
626,23.0,Re_023.000,46.500000000005,0.2005791962146759,periodic,18
627,23.0,Re_023.000,47.000000000006,0.16894057393074036,periodic,19
628,23.0,Re_023.000,47.500000000006,0.13735833764076233,periodic,20
629,23.0,Re_023.000,48.250000000006,0.08939047157764435,periodic,21
630,23.0,Re_023.000,48.750000000006,0.05651025101542473,periodic,22
631,23.0,Re_023.000,49.250000000007,0.022508591413497925,periodic,23
632,23.0,Re_023.000,49.750000000007,0.9870221614837646,periodic,24
633,23.0,Re_023.000,50.500000000007,0.9304447174072266,periodic,25
634,23.0,Re_023.000,51.000000000008,0.890399694442749,periodic,26
635,23.0,Re_023.000,51.500000000008,0.8488032221794128,periodic,27
636,23.0,Re_023.000,52.250000000008,0.7848367691040039,periodic,28
637,23.0,Re_023.000,52.750000000009,0.7422878742218018,periodic,29
638,23.0,Re_023.000,53.250000000009,0.7006851434707642,periodic,30
639,23.0,Re_023.000,53.750000000009,0.6604107022285461,periodic,31
640,23.0,Re_023.000,54.500000000009,0.6026659607887268,periodic,32
641,23.0,Re_023.000,55.00000000001,0.5657061338424683,periodic,33
642,23.0,Re_023.000,55.50000000001,0.5296157598495483,periodic,34
643,23.0,Re_023.000,56.00000000001,0.4940672516822815,periodic,35
644,23.0,Re_023.000,56.750000000011,0.44117191433906555,periodic,36
645,23.0,Re_023.000,57.250000000011,0.4059378504753113,periodic,37
646,23.0,Re_023.000,57.750000000011,0.37064915895462036,periodic,38
647,23.0,Re_023.000,58.500000000011,0.3176898658275604,periodic,39
648,23.0,Re_023.000,59.000000000012,0.2825063169002533,periodic,40
649,23.0,Re_023.000,59.500000000012,0.24755451083183289,periodic,41
650,23.0,Re_023.000,60.000000000012,0.21286240220069885,periodic,42
651,23.0,Re_023.000,60.750000000013,0.16126474738121033,periodic,43
652,23.0,Re_023.000,61.250000000013,0.1269562691450119,periodic,44
653,23.0,Re_023.000,61.750000000013,0.0924675315618515,periodic,45
654,23.0,Re_023.000,62.250000000013,0.05748991295695305,periodic,46
655,23.0,Re_023.000,63.000000000014,0.0034226574935019016,periodic,47
656,23.0,Re_023.000,63.500000000014,0.965904176235199,periodic,48
657,23.0,Re_023.000,64.000000000014,0.9270159006118774,periodic,49
658,23.0,Re_023.000,64.500000000014,0.8868422508239746,periodic,50
659,23.0,Re_023.000,65.250000000013,0.8248305320739746,periodic,51
660,23.0,Re_023.000,65.750000000013,0.7831646203994751,periodic,52
661,23.0,Re_023.000,66.250000000012,0.741960883140564,periodic,53
662,23.0,Re_023.000,67.000000000012,0.6820013523101807,periodic,54
663,23.0,Re_023.000,67.500000000011,0.643568217754364,periodic,55
664,23.0,Re_023.000,68.000000000011,0.606269359588623,periodic,56
665,23.0,Re_023.000,68.50000000001,0.5698866844177246,periodic,57
666,23.0,Re_023.000,69.25000000001,0.5163639187812805,periodic,58
667,23.0,Re_023.000,69.750000000009,0.48094943165779114,periodic,59
668,23.0,Re_023.000,70.250000000009,0.44547516107559204,periodic,60
669,23.0,Re_023.000,70.750000000008,0.40980425477027893,periodic,61
670,23.0,Re_023.000,71.500000000007,0.3559190630912781,periodic,62
671,23.0,Re_023.000,72.000000000007,0.3198673129081726,periodic,63
672,23.25,Re_023.250,36.25,0.6559827327728271,periodic,0
673,23.25,Re_023.250,36.5,0.6396225094795227,periodic,1
674,23.25,Re_023.250,36.75,0.6231464147567749,periodic,2
675,23.25,Re_023.250,37.0,0.6065152287483215,periodic,3
676,23.25,Re_023.250,37.250000000001,0.5896848440170288,periodic,4
677,23.25,Re_023.250,37.500000000001,0.5726054906845093,periodic,5
678,23.25,Re_023.250,37.750000000001,0.5552286505699158,periodic,6
679,23.25,Re_023.250,38.000000000001,0.5375024080276489,periodic,7
680,23.25,Re_023.250,38.250000000001,0.5193699598312378,periodic,8
681,23.25,Re_023.250,38.500000000001,0.5007800459861755,periodic,9
682,23.25,Re_023.250,38.750000000001,0.48169004917144775,periodic,10
683,23.25,Re_023.250,39.000000000001,0.4620633125305176,periodic,11
684,23.25,Re_023.250,39.250000000002,0.44187694787979126,periodic,12
685,23.25,Re_023.250,39.500000000002,0.42112988233566284,periodic,13
686,23.25,Re_023.250,39.750000000002,0.39984214305877686,periodic,14
687,23.25,Re_023.250,40.000000000002,0.37806764245033264,periodic,15
688,23.25,Re_023.250,40.250000000002,0.35587820410728455,periodic,16
689,23.25,Re_023.250,40.500000000002,0.333389014005661,periodic,17
690,23.25,Re_023.250,40.750000000002,0.3107191026210785,periodic,18
691,23.25,Re_023.250,41.000000000003,0.2880047559738159,periodic,19
692,23.25,Re_023.250,41.250000000003,0.26539963483810425,periodic,20
693,23.25,Re_023.250,41.500000000003,0.24301981925964355,periodic,21
694,23.25,Re_023.250,41.750000000003,0.22097833454608917,periodic,22
695,23.25,Re_023.250,42.000000000003,0.19936226308345795,periodic,23
696,23.25,Re_023.250,42.250000000003,0.17821456491947174,periodic,24
697,23.25,Re_023.250,42.500000000003,0.15756995975971222,periodic,25
698,23.25,Re_023.250,42.750000000003,0.13742734491825104,periodic,26
699,23.25,Re_023.250,43.000000000004,0.11776059865951538,periodic,27
700,23.25,Re_023.250,43.250000000004,0.09854281693696976,periodic,28
701,23.25,Re_023.250,43.500000000004,0.07972762733697891,periodic,29
702,23.25,Re_023.250,43.750000000004,0.06126924231648445,periodic,30
703,23.25,Re_023.250,44.000000000004,0.04311263561248779,periodic,31
704,23.25,Re_023.250,44.250000000004,0.025211423635482788,periodic,32
705,23.25,Re_023.250,44.500000000004,0.0075150891207158566,periodic,33
706,23.25,Re_023.250,44.750000000004,0.9899829626083374,periodic,34
707,23.25,Re_023.250,45.000000000005,0.9725739359855652,periodic,35
708,23.25,Re_023.250,45.250000000005,0.9552592039108276,periodic,36
709,23.25,Re_023.250,45.500000000005,0.9380067586898804,periodic,37
710,23.25,Re_023.250,45.750000000005,0.9208029508590698,periodic,38
711,23.25,Re_023.250,46.000000000005,0.9036311507225037,periodic,39
712,23.25,Re_023.250,46.250000000005,0.8864797353744507,periodic,40
713,23.25,Re_023.250,46.500000000005,0.8693510293960571,periodic,41
714,23.25,Re_023.250,46.750000000005,0.852242648601532,periodic,42
715,23.25,Re_023.250,47.000000000006,0.8351620435714722,periodic,43
716,23.25,Re_023.250,47.250000000006,0.8181140422821045,periodic,44
717,23.25,Re_023.250,47.500000000006,0.8011091947555542,periodic,45
718,23.25,Re_023.250,47.750000000006,0.7841501235961914,periodic,46
719,23.25,Re_023.250,48.000000000006,0.7672460079193115,periodic,47
720,23.25,Re_023.250,48.250000000006,0.7504021525382996,periodic,48
721,23.25,Re_023.250,48.500000000006,0.7336174249649048,periodic,49
722,23.25,Re_023.250,48.750000000006,0.7168864011764526,periodic,50
723,23.25,Re_023.250,49.000000000007,0.7002012729644775,periodic,51
724,23.25,Re_023.250,49.250000000007,0.6835510730743408,periodic,52
725,23.25,Re_023.250,49.500000000007,0.6669148206710815,periodic,53
726,23.25,Re_023.250,49.750000000007,0.6502655744552612,periodic,54
727,23.25,Re_023.250,50.000000000007,0.6335800290107727,periodic,55
728,23.25,Re_023.250,50.250000000007,0.6168230772018433,periodic,56
729,23.25,Re_023.250,50.500000000007,0.5999520421028137,periodic,57
730,23.25,Re_023.250,50.750000000008,0.5829318165779114,periodic,58
731,23.25,Re_023.250,51.000000000008,0.5657154321670532,periodic,59
732,23.25,Re_023.250,51.250000000008,0.5482574105262756,periodic,60
733,23.25,Re_023.250,51.500000000008,0.5305103659629822,periodic,61
734,23.25,Re_023.250,51.750000000008,0.512430727481842,periodic,62
735,23.25,Re_023.250,52.000000000008,0.49397823214530945,periodic,63
736,23.25,Re_023.250,52.250000000008,0.4751175343990326,periodic,64
737,23.25,Re_023.250,52.500000000008,0.45582327246665955,periodic,65
738,23.25,Re_023.250,52.750000000009,0.43608301877975464,periodic,66
739,23.25,Re_023.250,53.000000000009,0.415902316570282,periodic,67
740,23.25,Re_023.250,53.250000000009,0.39530447125434875,periodic,68
741,23.25,Re_023.250,53.500000000009,0.3743339478969574,periodic,69
742,23.25,Re_023.250,53.750000000009,0.3530537188053131,periodic,70
743,23.25,Re_023.250,54.000000000009,0.3315478563308716,periodic,71
744,23.25,Re_023.250,54.250000000009,0.30991148948669434,periodic,72
745,23.25,Re_023.250,54.500000000009,0.288256973028183,periodic,73
746,23.25,Re_023.250,54.75000000001,0.2666756510734558,periodic,74
747,23.25,Re_023.250,55.00000000001,0.24527527391910553,periodic,75
748,23.25,Re_023.250,55.25000000001,0.22413045167922974,periodic,76
749,23.25,Re_023.250,55.50000000001,0.20330531895160675,periodic,77
750,23.25,Re_023.250,55.75000000001,0.182845339179039,periodic,78
751,23.25,Re_023.250,56.00000000001,0.16276347637176514,periodic,79
752,23.25,Re_023.250,56.25000000001,0.14306892454624176,periodic,80
753,23.25,Re_023.250,56.50000000001,0.12374541163444519,periodic,81
754,23.25,Re_023.250,56.750000000011,0.1047666072845459,periodic,82
755,23.25,Re_023.250,57.000000000011,0.08610142767429352,periodic,83
756,23.25,Re_023.250,57.250000000011,0.06770490109920502,periodic,84
757,23.25,Re_023.250,57.500000000011,0.04953983426094055,periodic,85
758,23.25,Re_023.250,57.750000000011,0.03156106173992157,periodic,86
759,23.25,Re_023.250,58.000000000011,0.013726584613323212,periodic,87
760,23.25,Re_023.250,58.250000000011,0.9959967136383057,periodic,88
761,23.25,Re_023.250,58.500000000011,0.9783415794372559,periodic,89
762,23.25,Re_023.250,58.750000000012,0.9607281684875488,periodic,90
763,23.25,Re_023.250,59.000000000012,0.9431368708610535,periodic,91
764,23.25,Re_023.250,59.250000000012,0.9255499839782715,periodic,92
765,23.25,Re_023.250,59.500000000012,0.9079557061195374,periodic,93
766,23.25,Re_023.250,59.750000000012,0.8903543949127197,periodic,94
767,23.25,Re_023.250,60.000000000012,0.8727432489395142,periodic,95
768,23.25,Re_023.250,60.250000000012,0.8551299571990967,periodic,96
769,23.25,Re_023.250,60.500000000012,0.837523341178894,periodic,97
770,23.25,Re_023.250,60.750000000013,0.8199393153190613,periodic,98
771,23.25,Re_023.250,61.000000000013,0.8023920059204102,periodic,99
772,23.25,Re_023.250,61.250000000013,0.7848905920982361,periodic,100
773,23.25,Re_023.250,61.500000000013,0.7674528360366821,periodic,101
774,23.25,Re_023.250,61.750000000013,0.7500858902931213,periodic,102
775,23.25,Re_023.250,62.000000000013,0.7327919602394104,periodic,103
776,23.25,Re_023.250,62.250000000013,0.7155770063400269,periodic,104
777,23.25,Re_023.250,62.500000000014,0.6984297037124634,periodic,105
778,23.25,Re_023.250,62.750000000014,0.6813411116600037,periodic,106
779,23.25,Re_023.250,63.000000000014,0.6643003821372986,periodic,107
780,23.25,Re_023.250,63.250000000014,0.6472773551940918,periodic,108
781,23.25,Re_023.250,63.500000000014,0.6302481293678284,periodic,109
782,23.25,Re_023.250,63.750000000014,0.6131824254989624,periodic,110
783,23.25,Re_023.250,64.000000000014,0.5960429906845093,periodic,111
784,23.25,Re_023.250,64.250000000014,0.5787917375564575,periodic,112
785,23.25,Re_023.250,64.500000000014,0.5613864660263062,periodic,113
786,23.25,Re_023.250,64.750000000014,0.5437853336334229,periodic,114
787,23.25,Re_023.250,65.000000000013,0.5259484052658081,periodic,115
788,23.25,Re_023.250,65.250000000013,0.5078352093696594,periodic,116
789,23.25,Re_023.250,65.500000000013,0.4894121587276459,periodic,117
790,23.25,Re_023.250,65.750000000013,0.4706500768661499,periodic,118
791,23.25,Re_023.250,66.000000000012,0.45153191685676575,periodic,119
792,23.25,Re_023.250,66.250000000012,0.4320504665374756,periodic,120
793,23.25,Re_023.250,66.500000000012,0.4122123122215271,periodic,121
794,23.25,Re_023.250,66.750000000012,0.3920411169528961,periodic,122
795,23.25,Re_023.250,67.000000000012,0.3715773820877075,periodic,123
796,23.25,Re_023.250,67.250000000011,0.35087767243385315,periodic,124
797,23.25,Re_023.250,67.500000000011,0.33000999689102173,periodic,125
798,23.25,Re_023.250,67.750000000011,0.3090532124042511,periodic,126
799,23.25,Re_023.250,68.000000000011,0.2880915105342865,periodic,127
800,23.25,Re_023.250,68.25000000001,0.2672055959701538,periodic,128
801,23.25,Re_023.250,68.50000000001,0.24647395312786102,periodic,129
802,23.25,Re_023.250,68.75000000001,0.22596056759357452,periodic,130
803,23.25,Re_023.250,69.00000000001,0.2057121843099594,periodic,131
804,23.25,Re_023.250,69.25000000001,0.18576309084892273,periodic,132
805,23.25,Re_023.250,69.500000000009,0.16612687706947327,periodic,133
806,23.25,Re_023.250,69.750000000009,0.14680327475070953,periodic,134
807,23.25,Re_023.250,70.000000000009,0.1277812421321869,periodic,135
808,23.25,Re_023.250,70.250000000009,0.10903768986463547,periodic,136
809,23.25,Re_023.250,70.500000000008,0.09054166823625565,periodic,137
810,23.25,Re_023.250,70.750000000008,0.07225630432367325,periodic,138
811,23.25,Re_023.250,71.000000000008,0.05414438247680664,periodic,139
812,23.25,Re_023.250,71.250000000008,0.03616582602262497,periodic,140
813,23.25,Re_023.250,71.500000000007,0.018282225355505943,periodic,141
814,23.25,Re_023.250,71.750000000007,0.0004578667867463082,periodic,142
815,23.25,Re_023.250,72.000000000007,0.9826616644859314,periodic,143
816,23.5,Re_023.500,36.25,0.6543487310409546,periodic,0
817,23.5,Re_023.500,36.75,0.6212857961654663,periodic,1
818,23.5,Re_023.500,37.500000000001,0.5705119371414185,periodic,2
819,23.5,Re_023.500,38.000000000001,0.5353436470031738,periodic,3
820,23.5,Re_023.500,38.500000000001,0.4986492097377777,periodic,4
821,23.5,Re_023.500,39.000000000001,0.4600629508495331,periodic,5
822,23.5,Re_023.500,39.750000000002,0.3982539772987366,periodic,6
823,23.5,Re_023.500,40.250000000002,0.3546779155731201,periodic,7
824,23.5,Re_023.500,40.750000000002,0.3099215626716614,periodic,8
825,23.5,Re_023.500,41.250000000003,0.26495641469955444,periodic,9
826,23.5,Re_023.500,42.000000000003,0.19921575486660004,periodic,10
827,23.5,Re_023.500,42.500000000003,0.1574338674545288,periodic,11
828,23.5,Re_023.500,43.000000000004,0.11750395596027374,periodic,12
829,23.5,Re_023.500,43.750000000004,0.060652755200862885,periodic,13
830,23.5,Re_023.500,44.250000000004,0.024276014417409897,periodic,14
831,23.5,Re_023.500,44.750000000004,0.9886886477470398,periodic,15
832,23.5,Re_023.500,45.250000000005,0.9535844922065735,periodic,16
833,23.5,Re_023.500,46.000000000005,0.9013817310333252,periodic,17
834,23.5,Re_023.500,46.500000000005,0.8667362332344055,periodic,18
835,23.5,Re_023.500,47.000000000006,0.832218587398529,periodic,19
836,23.5,Re_023.500,47.500000000006,0.7978854179382324,periodic,20
837,23.5,Re_023.500,48.250000000006,0.7468674778938293,periodic,21
838,23.5,Re_023.500,48.750000000006,0.7132232189178467,periodic,22
839,23.5,Re_023.500,49.250000000007,0.6798166632652283,periodic,23
840,23.5,Re_023.500,49.750000000007,0.6465181112289429,periodic,24
841,23.5,Re_023.500,50.500000000007,0.5962721705436707,periodic,25
842,23.5,Re_023.500,51.000000000008,0.562137246131897,periodic,26
843,23.5,Re_023.500,51.500000000008,0.5270837545394897,periodic,27
844,23.5,Re_023.500,52.250000000008,0.47202110290527344,periodic,28
845,23.5,Re_023.500,52.750000000009,0.43328243494033813,periodic,29
846,23.5,Re_023.500,53.250000000009,0.3928554356098175,periodic,30
847,23.5,Re_023.500,53.750000000009,0.3509799540042877,periodic,31
848,23.5,Re_023.500,54.500000000009,0.2867101728916168,periodic,32
849,23.5,Re_023.500,55.00000000001,0.2439919412136078,periodic,33
850,23.5,Re_023.500,55.50000000001,0.20217067003250122,periodic,34
851,23.5,Re_023.500,56.00000000001,0.16165375709533691,periodic,35
852,23.5,Re_023.500,56.750000000011,0.10351172089576721,periodic,36
853,23.5,Re_023.500,57.250000000011,0.0662509948015213,periodic,37
854,23.5,Re_023.500,57.750000000011,0.02984580025076866,periodic,38
855,23.5,Re_023.500,58.500000000011,0.9761579036712646,periodic,39
856,23.5,Re_023.500,59.000000000012,0.9406118988990784,periodic,40
857,23.5,Re_023.500,59.500000000012,0.9050842523574829,periodic,41
858,23.5,Re_023.500,60.000000000012,0.8695363998413086,periodic,42
859,23.5,Re_023.500,60.750000000013,0.81629878282547,periodic,43
860,23.5,Re_023.500,61.250000000013,0.7810239791870117,periodic,44
861,23.5,Re_023.500,61.750000000013,0.7460494041442871,periodic,45
862,23.5,Re_023.500,62.250000000013,0.7114289999008179,periodic,46
863,23.5,Re_023.500,63.000000000014,0.6600832939147949,periodic,47
864,23.5,Re_023.500,63.500000000014,0.6260393857955933,periodic,48
865,23.5,Re_023.500,64.000000000014,0.5918722152709961,periodic,49
866,23.5,Re_023.500,64.500000000014,0.557283878326416,periodic,50
867,23.5,Re_023.500,65.250000000013,0.5038899779319763,periodic,51
868,23.5,Re_023.500,65.750000000013,0.4668535888195038,periodic,52
869,23.5,Re_023.500,66.250000000012,0.4284411370754242,periodic,53
870,23.5,Re_023.500,67.000000000012,0.36831918358802795,periodic,54
871,23.5,Re_023.500,67.500000000011,0.32701581716537476,periodic,55
872,23.5,Re_023.500,68.000000000011,0.2853550314903259,periodic,56
873,23.5,Re_023.500,68.50000000001,0.24396444857120514,periodic,57
874,23.5,Re_023.500,69.25000000001,0.18346457183361053,periodic,58
875,23.5,Re_023.500,69.750000000009,0.14455008506774902,periodic,59
876,23.5,Re_023.500,70.250000000009,0.106748066842556,periodic,60
877,23.5,Re_023.500,70.750000000008,0.06985899806022644,periodic,61
878,23.5,Re_023.500,71.500000000007,0.015606273896992207,periodic,62
879,23.5,Re_023.500,72.000000000007,0.979740560054779,periodic,63
880,23.75,Re_023.750,36.25,0.6556692123413086,periodic,0
881,23.75,Re_023.750,36.75,0.6224541068077087,periodic,1
882,23.75,Re_023.750,37.500000000001,0.5714426040649414,periodic,2
883,23.75,Re_023.750,38.000000000001,0.5361142158508301,periodic,3
884,23.75,Re_023.750,38.500000000001,0.4992661476135254,periodic,4
885,23.75,Re_023.750,39.000000000001,0.4605300724506378,periodic,5
886,23.75,Re_023.750,39.750000000002,0.3984951078891754,periodic,6
887,23.75,Re_023.750,40.250000000002,0.3547636568546295,periodic,7
888,23.75,Re_023.750,40.750000000002,0.30985504388809204,periodic,8
889,23.75,Re_023.750,41.250000000003,0.2647424638271332,periodic,9
890,23.75,Re_023.750,42.000000000003,0.19879083335399628,periodic,10
891,23.75,Re_023.750,42.500000000003,0.15690287947654724,periodic,11
892,23.75,Re_023.750,43.000000000004,0.11687810719013214,periodic,12
893,23.75,Re_023.750,43.750000000004,0.059921592473983765,periodic,13
894,23.75,Re_023.750,44.250000000004,0.023494495078921318,periodic,14
895,23.75,Re_023.750,44.750000000004,0.9878724813461304,periodic,15
896,23.75,Re_023.750,45.250000000005,0.9527459144592285,periodic,16
897,23.75,Re_023.750,46.000000000005,0.9005323648452759,periodic,17
898,23.75,Re_023.750,46.500000000005,0.8658978343009949,periodic,18
899,23.75,Re_023.750,47.000000000006,0.831397294998169,periodic,19
900,23.75,Re_023.750,47.500000000006,0.7970877289772034,periodic,20
901,23.75,Re_023.750,48.250000000006,0.7461240291595459,periodic,21
902,23.75,Re_023.750,48.750000000006,0.7125141620635986,periodic,22
903,23.75,Re_023.750,49.250000000007,0.67914879322052,periodic,23
904,23.75,Re_023.750,49.750000000007,0.6458922624588013,periodic,24
905,23.75,Re_023.750,50.500000000007,0.595718264579773,periodic,25
906,23.75,Re_023.750,51.000000000008,0.5616360902786255,periodic,26
907,23.75,Re_023.750,51.500000000008,0.5266420841217041,periodic,27
908,23.75,Re_023.750,52.250000000008,0.47167786955833435,periodic,28
909,23.75,Re_023.750,52.750000000009,0.43300995230674744,periodic,29
910,23.75,Re_023.750,53.250000000009,0.3926425278186798,periodic,30
911,23.75,Re_023.750,53.750000000009,0.35081177949905396,periodic,31
912,23.75,Re_023.750,54.500000000009,0.28655558824539185,periodic,32
913,23.75,Re_023.750,55.00000000001,0.24380140006542206,periodic,33
914,23.75,Re_023.750,55.50000000001,0.2019147127866745,periodic,34
915,23.75,Re_023.750,56.00000000001,0.16131889820098877,periodic,35
916,23.75,Re_023.750,56.750000000011,0.10303183645009995,periodic,36
917,23.75,Re_023.750,57.250000000011,0.06567835062742233,periodic,37
918,23.75,Re_023.750,57.750000000011,0.029186103492975235,periodic,38
919,23.75,Re_023.750,58.500000000011,0.9753820896148682,periodic,39
920,23.75,Re_023.750,59.000000000012,0.9397700428962708,periodic,40
921,23.75,Re_023.750,59.500000000012,0.9041889309883118,periodic,41
922,23.75,Re_023.750,60.000000000012,0.8685954213142395,periodic,42
923,23.75,Re_023.750,60.750000000013,0.8153104186058044,periodic,43
924,23.75,Re_023.750,61.250000000013,0.7800161838531494,periodic,44
925,23.75,Re_023.750,61.750000000013,0.7450299263000488,periodic,45
926,23.75,Re_023.750,62.250000000013,0.7104066014289856,periodic,46
927,23.75,Re_023.750,63.000000000014,0.6590648293495178,periodic,47
928,23.75,Re_023.750,63.500000000014,0.6250287294387817,periodic,48
929,23.75,Re_023.750,64.000000000014,0.5908756256103516,periodic,49
930,23.75,Re_023.750,64.500000000014,0.5563042163848877,periodic,50
931,23.75,Re_023.750,65.250000000013,0.5029525756835938,periodic,51
932,23.75,Re_023.750,65.750000000013,0.4659521281719208,periodic,52
933,23.75,Re_023.750,66.250000000012,0.4275815784931183,periodic,53
934,23.75,Re_023.750,67.000000000012,0.36753377318382263,periodic,54
935,23.75,Re_023.750,67.500000000011,0.3262767493724823,periodic,55
936,23.75,Re_023.750,68.000000000011,0.2846546173095703,periodic,56
937,23.75,Re_023.750,68.50000000001,0.2432844489812851,periodic,57
938,23.75,Re_023.750,69.25000000001,0.18277624249458313,periodic,58
939,23.75,Re_023.750,69.750000000009,0.14383026957511902,periodic,59
940,23.75,Re_023.750,70.250000000009,0.10598777234554291,periodic,60
941,23.75,Re_023.750,70.750000000008,0.069043830037117,periodic,61
942,23.75,Re_023.750,71.500000000007,0.014699622988700867,periodic,62
943,23.75,Re_023.750,72.000000000007,0.9787675142288208,periodic,63
944,24.0,Re_024.000,36.25,0.657609224319458,periodic,0
945,24.0,Re_024.000,36.5,0.641026496887207,periodic,1
946,24.0,Re_024.000,36.75,0.6243188381195068,periodic,2
947,24.0,Re_024.000,37.0,0.6074512004852295,periodic,3
948,24.0,Re_024.000,37.250000000001,0.5903761386871338,periodic,4
949,24.0,Re_024.000,37.500000000001,0.5730510354042053,periodic,5
950,24.0,Re_024.000,37.750000000001,0.5554243326187134,periodic,6
951,24.0,Re_024.000,38.000000000001,0.5374459028244019,periodic,7
952,24.0,Re_024.000,38.250000000001,0.519062876701355,periodic,8
953,24.0,Re_024.000,38.500000000001,0.5002246499061584,periodic,9
954,24.0,Re_024.000,38.750000000001,0.48088210821151733,periodic,10
955,24.0,Re_024.000,39.000000000001,0.4610045254230499,periodic,11
956,24.0,Re_024.000,39.250000000002,0.44056516885757446,periodic,12
957,24.0,Re_024.000,39.500000000002,0.4195692837238312,periodic,13
958,24.0,Re_024.000,39.750000000002,0.3980288803577423,periodic,14
959,24.0,Re_024.000,40.000000000002,0.37600311636924744,periodic,15
960,24.0,Re_024.000,40.250000000002,0.3535733222961426,periodic,16
961,24.0,Re_024.000,40.500000000002,0.33083945512771606,periodic,17
962,24.0,Re_024.000,40.750000000002,0.30794116854667664,periodic,18
963,24.0,Re_024.000,41.000000000003,0.2850072979927063,periodic,19
964,24.0,Re_024.000,41.250000000003,0.262195885181427,periodic,20
965,24.0,Re_024.000,41.500000000003,0.2396218180656433,periodic,21
966,24.0,Re_024.000,41.750000000003,0.21740590035915375,periodic,22
967,24.0,Re_024.000,42.000000000003,0.19562198221683502,periodic,23
968,24.0,Re_024.000,42.250000000003,0.17432525753974915,periodic,24
969,24.0,Re_024.000,42.500000000003,0.15354284644126892,periodic,25
970,24.0,Re_024.000,42.750000000003,0.13326621055603027,periodic,26
971,24.0,Re_024.000,43.000000000004,0.11347649991512299,periodic,27
972,24.0,Re_024.000,43.250000000004,0.09413938224315643,periodic,28
973,24.0,Re_024.000,43.500000000004,0.07521162182092667,periodic,29
974,24.0,Re_024.000,43.750000000004,0.056643255054950714,periodic,30
975,24.0,Re_024.000,44.000000000004,0.03838160261511803,periodic,31
976,24.0,Re_024.000,44.250000000004,0.02037719264626503,periodic,32
977,24.0,Re_024.000,44.500000000004,0.002583937020972371,periodic,33
978,24.0,Re_024.000,44.750000000004,0.9849568605422974,periodic,34
979,24.0,Re_024.000,45.000000000005,0.9674590229988098,periodic,35
980,24.0,Re_024.000,45.250000000005,0.9500601291656494,periodic,36
981,24.0,Re_024.000,45.500000000005,0.9327325224876404,periodic,37
982,24.0,Re_024.000,45.750000000005,0.9154572486877441,periodic,38
983,24.0,Re_024.000,46.000000000005,0.8982235789299011,periodic,39
984,24.0,Re_024.000,46.250000000005,0.8810232281684875,periodic,40
985,24.0,Re_024.000,46.500000000005,0.8638527989387512,periodic,41
986,24.0,Re_024.000,46.750000000005,0.8467167615890503,periodic,42
987,24.0,Re_024.000,47.000000000006,0.8296180963516235,periodic,43
988,24.0,Re_024.000,47.250000000006,0.8125653862953186,periodic,44
989,24.0,Re_024.000,47.500000000006,0.7955648899078369,periodic,45
990,24.0,Re_024.000,47.750000000006,0.7786237001419067,periodic,46
991,24.0,Re_024.000,48.000000000006,0.7617455124855042,periodic,47
992,24.0,Re_024.000,48.250000000006,0.7449361085891724,periodic,48
993,24.0,Re_024.000,48.500000000006,0.728194534778595,periodic,49
994,24.0,Re_024.000,48.750000000006,0.7115148305892944,periodic,50
995,24.0,Re_024.000,49.000000000007,0.6948883533477783,periodic,51
996,24.0,Re_024.000,49.250000000007,0.6782993078231812,periodic,52
997,24.0,Re_024.000,49.500000000007,0.6617268323898315,periodic,53
998,24.0,Re_024.000,49.750000000007,0.6451467871665955,periodic,54
999,24.0,Re_024.000,50.000000000007,0.6285277605056763,periodic,55
1000,24.0,Re_024.000,50.250000000007,0.6118385791778564,periodic,56
1001,24.0,Re_024.000,50.500000000007,0.5950379371643066,periodic,57
1002,24.0,Re_024.000,50.750000000008,0.5780843496322632,periodic,58
1003,24.0,Re_024.000,51.000000000008,0.5609355568885803,periodic,59
1004,24.0,Re_024.000,51.250000000008,0.543543815612793,periodic,60
1005,24.0,Re_024.000,51.500000000008,0.5258615016937256,periodic,61
1006,24.0,Re_024.000,51.750000000008,0.5078461170196533,periodic,62
1007,24.0,Re_024.000,52.000000000008,0.489454448223114,periodic,63
1008,24.0,Re_024.000,52.250000000008,0.47065430879592896,periodic,64
1009,24.0,Re_024.000,52.500000000008,0.45141667127609253,periodic,65
1010,24.0,Re_024.000,52.750000000009,0.4317303001880646,periodic,66
1011,24.0,Re_024.000,53.000000000009,0.41159963607788086,periodic,67
1012,24.0,Re_024.000,53.250000000009,0.3910433351993561,periodic,68
1013,24.0,Re_024.000,53.500000000009,0.37010717391967773,periodic,69
1014,24.0,Re_024.000,53.750000000009,0.3488524854183197,periodic,70
1015,24.0,Re_024.000,54.000000000009,0.32735973596572876,periodic,71
1016,24.0,Re_024.000,54.250000000009,0.3057292699813843,periodic,72
1017,24.0,Re_024.000,54.500000000009,0.2840578854084015,periodic,73
1018,24.0,Re_024.000,54.75000000001,0.2624516487121582,periodic,74
1019,24.0,Re_024.000,55.00000000001,0.24100416898727417,periodic,75
1020,24.0,Re_024.000,55.25000000001,0.21980270743370056,periodic,76
1021,24.0,Re_024.000,55.50000000001,0.1989019364118576,periodic,77
1022,24.0,Re_024.000,55.75000000001,0.17835478484630585,periodic,78
1023,24.0,Re_024.000,56.00000000001,0.15817518532276154,periodic,79
1024,24.0,Re_024.000,56.25000000001,0.13837316632270813,periodic,80
1025,24.0,Re_024.000,56.50000000001,0.11893090605735779,periodic,81
1026,24.0,Re_024.000,56.750000000011,0.09982864558696747,periodic,82
1027,24.0,Re_024.000,57.000000000011,0.08102947473526001,periodic,83
1028,24.0,Re_024.000,57.250000000011,0.062497783452272415,periodic,84
1029,24.0,Re_024.000,57.500000000011,0.044187720865011215,periodic,85
1030,24.0,Re_024.000,57.750000000011,0.02606118842959404,periodic,86
1031,24.0,Re_024.000,58.000000000011,0.008077515289187431,periodic,87
1032,24.0,Re_024.000,58.250000000011,0.9901989102363586,periodic,88
1033,24.0,Re_024.000,58.500000000011,0.9723924398422241,periodic,89
1034,24.0,Re_024.000,58.750000000012,0.954632043838501,periodic,90
1035,24.0,Re_024.000,59.000000000012,0.9368969798088074,periodic,91
1036,24.0,Re_024.000,59.250000000012,0.919171929359436,periodic,92
1037,24.0,Re_024.000,59.500000000012,0.9014483690261841,periodic,93
1038,24.0,Re_024.000,59.750000000012,0.8837246298789978,periodic,94
1039,24.0,Re_024.000,60.000000000012,0.8660032749176025,periodic,95
1040,24.0,Re_024.000,60.250000000012,0.8482933640480042,periodic,96
1041,24.0,Re_024.000,60.500000000012,0.8306064605712891,periodic,97
1042,24.0,Re_024.000,60.750000000013,0.8129545450210571,periodic,98
1043,24.0,Re_024.000,61.000000000013,0.7953515648841858,periodic,99
1044,24.0,Re_024.000,61.250000000013,0.7778127193450928,periodic,100
1045,24.0,Re_024.000,61.500000000013,0.760346531867981,periodic,101
1046,24.0,Re_024.000,61.750000000013,0.7429646253585815,periodic,102
1047,24.0,Re_024.000,62.000000000013,0.725666880607605,periodic,103
1048,24.0,Re_024.000,62.250000000013,0.7084550857543945,periodic,104
1049,24.0,Re_024.000,62.500000000014,0.6913182735443115,periodic,105
1050,24.0,Re_024.000,62.750000000014,0.6742473840713501,periodic,106
1051,24.0,Re_024.000,63.000000000014,0.6572242975234985,periodic,107
1052,24.0,Re_024.000,63.250000000014,0.6402245759963989,periodic,108
1053,24.0,Re_024.000,63.500000000014,0.6232174038887024,periodic,109
1054,24.0,Re_024.000,63.750000000014,0.6061707735061646,periodic,110
1055,24.0,Re_024.000,64.000000000014,0.58905029296875,periodic,111
1056,24.0,Re_024.000,64.250000000014,0.5718138217926025,periodic,112
1057,24.0,Re_024.000,64.500000000014,0.5544207692146301,periodic,113
1058,24.0,Re_024.000,64.750000000014,0.5368281602859497,periodic,114
1059,24.0,Re_024.000,65.000000000013,0.5189977884292603,periodic,115
1060,24.0,Re_024.000,65.250000000013,0.5008881092071533,periodic,116
1061,24.0,Re_024.000,65.500000000013,0.4824678897857666,periodic,117
1062,24.0,Re_024.000,65.750000000013,0.4637088477611542,periodic,118
1063,24.0,Re_024.000,66.000000000012,0.4445950984954834,periodic,119
1064,24.0,Re_024.000,66.250000000012,0.42512068152427673,periodic,120
1065,24.0,Re_024.000,66.500000000012,0.40529581904411316,periodic,121
1066,24.0,Re_024.000,66.750000000012,0.38514387607574463,periodic,122
1067,24.0,Re_024.000,67.000000000012,0.3647058308124542,periodic,123
1068,24.0,Re_024.000,67.250000000011,0.3440358638763428,periodic,124
1069,24.0,Re_024.000,67.500000000011,0.32320746779441833,periodic,125
1070,24.0,Re_024.000,67.750000000011,0.3022976517677307,periodic,126
1071,24.0,Re_024.000,68.000000000011,0.2813839912414551,periodic,127
1072,24.0,Re_024.000,68.25000000001,0.2605489492416382,periodic,128
1073,24.0,Re_024.000,68.50000000001,0.2398642599582672,periodic,129
1074,24.0,Re_024.000,68.75000000001,0.2193925529718399,periodic,130
1075,24.0,Re_024.000,69.00000000001,0.19917365908622742,periodic,131
1076,24.0,Re_024.000,69.25000000001,0.17924417555332184,periodic,132
1077,24.0,Re_024.000,69.500000000009,0.15961503982543945,periodic,133
1078,24.0,Re_024.000,69.750000000009,0.14028382301330566,periodic,134
1079,24.0,Re_024.000,70.000000000009,0.12123716622591019,periodic,135
1080,24.0,Re_024.000,70.250000000009,0.10245279967784882,periodic,136
1081,24.0,Re_024.000,70.500000000008,0.08389837294816971,periodic,137
1082,24.0,Re_024.000,70.750000000008,0.06554009765386581,periodic,138
1083,24.0,Re_024.000,71.000000000008,0.04733856022357941,periodic,139
1084,24.0,Re_024.000,71.250000000008,0.029256673529744148,periodic,140
1085,24.0,Re_024.000,71.500000000007,0.011256479658186436,periodic,141
1086,24.0,Re_024.000,71.750000000007,0.9933050870895386,periodic,142
1087,24.0,Re_024.000,72.000000000007,0.9753722548484802,periodic,143
1088,24.25,Re_024.250,36.25,0.6571154594421387,periodic,0
1089,24.25,Re_024.250,36.75,0.6236388683319092,periodic,1
1090,24.25,Re_024.250,37.500000000001,0.5722053050994873,periodic,2
1091,24.25,Re_024.250,38.000000000001,0.5365986824035645,periodic,3
1092,24.25,Re_024.250,38.500000000001,0.49947497248649597,periodic,4
1093,24.25,Re_024.250,39.000000000001,0.46047142148017883,periodic,5
1094,24.25,Re_024.250,39.750000000002,0.39803409576416016,periodic,6
1095,24.25,Re_024.250,40.250000000002,0.3540307283401489,periodic,7
1096,24.25,Re_024.250,40.750000000002,0.30884602665901184,periodic,8
1097,24.25,Re_024.250,41.250000000003,0.2634669244289398,periodic,9
1098,24.25,Re_024.250,42.000000000003,0.19715717434883118,periodic,10
1099,24.25,Re_024.250,42.500000000003,0.15505261719226837,periodic,11
1100,24.25,Re_024.250,43.000000000004,0.11484664678573608,periodic,12
1101,24.25,Re_024.250,43.750000000004,0.05765371397137642,periodic,13
1102,24.25,Re_024.250,44.250000000004,0.021095607429742813,periodic,14
1103,24.25,Re_024.250,44.750000000004,0.9853585362434387,periodic,15
1104,24.25,Re_024.250,45.250000000005,0.9501371383666992,periodic,16
1105,24.25,Re_024.250,46.000000000005,0.8978223204612732,periodic,17
1106,24.25,Re_024.250,46.500000000005,0.863152265548706,periodic,18
1107,24.25,Re_024.250,47.000000000006,0.8286427855491638,periodic,19
1108,24.25,Re_024.250,47.500000000006,0.7943544983863831,periodic,20
1109,24.25,Re_024.250,48.250000000006,0.7434613704681396,periodic,21
1110,24.25,Re_024.250,48.750000000006,0.7099223136901855,periodic,22
1111,24.25,Re_024.250,49.250000000007,0.6766417026519775,periodic,23
1112,24.25,Re_024.250,49.750000000007,0.6434780359268188,periodic,24
1113,24.25,Re_024.250,50.500000000007,0.5934505462646484,periodic,25
1114,24.25,Re_024.250,51.000000000008,0.5594732165336609,periodic,26
1115,24.25,Re_024.250,51.500000000008,0.5245845913887024,periodic,27
1116,24.25,Re_024.250,52.250000000008,0.46978047490119934,periodic,28
1117,24.25,Re_024.250,52.750000000009,0.43121108412742615,periodic,29
1118,24.25,Re_024.250,53.250000000009,0.39092913269996643,periodic,30
1119,24.25,Re_024.250,53.750000000009,0.34915849566459656,periodic,31
1120,24.25,Re_024.250,54.500000000009,0.284909725189209,periodic,32
1121,24.25,Re_024.250,55.00000000001,0.24209460616111755,periodic,33
1122,24.25,Re_024.250,55.50000000001,0.20010757446289062,periodic,34
1123,24.25,Re_024.250,56.00000000001,0.1593756526708603,periodic,35
1124,24.25,Re_024.250,56.750000000011,0.10084673762321472,periodic,36
1125,24.25,Re_024.250,57.250000000011,0.06332043558359146,periodic,37
1126,24.25,Re_024.250,57.750000000011,0.026652395725250244,periodic,38
1127,24.25,Re_024.250,58.500000000011,0.972593367099762,periodic,39
1128,24.25,Re_024.250,59.000000000012,0.9368241429328918,periodic,40
1129,24.25,Re_024.250,59.500000000012,0.9011030197143555,periodic,41
1130,24.25,Re_024.250,60.000000000012,0.8653966784477234,periodic,42
1131,24.25,Re_024.250,60.750000000013,0.8119894862174988,periodic,43
1132,24.25,Re_024.250,61.250000000013,0.7766507863998413,periodic,44
1133,24.25,Re_024.250,61.750000000013,0.7416451573371887,periodic,45
1134,24.25,Re_024.250,62.250000000013,0.7070244550704956,periodic,46
1135,24.25,Re_024.250,63.000000000014,0.6557140350341797,periodic,47
1136,24.25,Re_024.250,63.500000000014,0.6217092275619507,periodic,48
1137,24.25,Re_024.250,64.000000000014,0.5875893235206604,periodic,49
1138,24.25,Re_024.250,64.500000000014,0.5530507564544678,periodic,50
1139,24.25,Re_024.250,65.250000000013,0.499746173620224,periodic,51
1140,24.25,Re_024.250,65.750000000013,0.4627811312675476,periodic,52
1141,24.25,Re_024.250,66.250000000012,0.4244530498981476,periodic,53
1142,24.25,Re_024.250,67.000000000012,0.3644845485687256,periodic,54
1143,24.25,Re_024.250,67.500000000011,0.32328474521636963,periodic,55
1144,24.25,Re_024.250,68.000000000011,0.28171950578689575,periodic,56
1145,24.25,Re_024.250,68.50000000001,0.24038846790790558,periodic,57
1146,24.25,Re_024.250,69.25000000001,0.1799004226922989,periodic,58
1147,24.25,Re_024.250,69.750000000009,0.14092984795570374,periodic,59
1148,24.25,Re_024.250,70.250000000009,0.10302834212779999,periodic,60
1149,24.25,Re_024.250,70.750000000008,0.06599999964237213,periodic,61
1150,24.25,Re_024.250,71.500000000007,0.01147892139852047,periodic,62
1151,24.25,Re_024.250,72.000000000007,0.9754061698913574,periodic,63
1152,24.5,Re_024.500,36.25,0.6586627960205078,periodic,0
1153,24.5,Re_024.500,36.75,0.6250864267349243,periodic,1
1154,24.5,Re_024.500,37.500000000001,0.5734853744506836,periodic,2
1155,24.5,Re_024.500,38.000000000001,0.5377599000930786,periodic,3
1156,24.5,Re_024.500,38.500000000001,0.5005195140838623,periodic,4
1157,24.5,Re_024.500,39.000000000001,0.4613901674747467,periodic,5
1158,24.5,Re_024.500,39.750000000002,0.3987433910369873,periodic,6
1159,24.5,Re_024.500,40.250000000002,0.3545837700366974,periodic,7
1160,24.5,Re_024.500,40.750000000002,0.30923226475715637,periodic,8
1161,24.5,Re_024.500,41.250000000003,0.2636839747428894,periodic,9
1162,24.5,Re_024.500,42.000000000003,0.1971539407968521,periodic,10
1163,24.5,Re_024.500,42.500000000003,0.15494491159915924,periodic,11
1164,24.5,Re_024.500,43.000000000004,0.11466079205274582,periodic,12
1165,24.5,Re_024.500,43.750000000004,0.05741201713681221,periodic,13
1166,24.5,Re_024.500,44.250000000004,0.020841674879193306,periodic,14
1167,24.5,Re_024.500,44.750000000004,0.985110878944397,periodic,15
1168,24.5,Re_024.500,45.250000000005,0.9499081969261169,periodic,16
1169,24.5,Re_024.500,46.000000000005,0.8976414203643799,periodic,17
1170,24.5,Re_024.500,46.500000000005,0.8630091547966003,periodic,18
1171,24.5,Re_024.500,47.000000000006,0.8285423517227173,periodic,19
1172,24.5,Re_024.500,47.500000000006,0.7942958474159241,periodic,20
1173,24.5,Re_024.500,48.250000000006,0.7434680461883545,periodic,21
1174,24.5,Re_024.500,48.750000000006,0.7099752426147461,periodic,22
1175,24.5,Re_024.500,49.250000000007,0.6767406463623047,periodic,23
1176,24.5,Re_024.500,49.750000000007,0.6436231732368469,periodic,24
1177,24.5,Re_024.500,50.500000000007,0.5936774015426636,periodic,25
1178,24.5,Re_024.500,51.000000000008,0.5597630739212036,periodic,26
1179,24.5,Re_024.500,51.500000000008,0.5249441862106323,periodic,27
1180,24.5,Re_024.500,52.250000000008,0.47025278210639954,periodic,28
1181,24.5,Re_024.500,52.750000000009,0.4317552149295807,periodic,29
1182,24.5,Re_024.500,53.250000000009,0.3915351331233978,periodic,30
1183,24.5,Re_024.500,53.750000000009,0.3497994840145111,periodic,31
1184,24.5,Re_024.500,54.500000000009,0.2855398952960968,periodic,32
1185,24.5,Re_024.500,55.00000000001,0.24268195033073425,periodic,33
1186,24.5,Re_024.500,55.50000000001,0.20062266290187836,periodic,34
1187,24.5,Re_024.500,56.00000000001,0.15981139242649078,periodic,35
1188,24.5,Re_024.500,56.750000000011,0.1011747345328331,periodic,36
1189,24.5,Re_024.500,57.250000000011,0.0635892003774643,periodic,37
1190,24.5,Re_024.500,57.750000000011,0.026874281466007233,periodic,38
1191,24.5,Re_024.500,58.500000000011,0.9727674126625061,periodic,39
1192,24.5,Re_024.500,59.000000000012,0.9369797706604004,periodic,40
1193,24.5,Re_024.500,59.500000000012,0.9012463688850403,periodic,41
1194,24.5,Re_024.500,60.000000000012,0.8655266761779785,periodic,42
1195,24.5,Re_024.500,60.750000000013,0.8121081590652466,periodic,43
1196,24.5,Re_024.500,61.250000000013,0.7767633199691772,periodic,44
1197,24.5,Re_024.500,61.750000000013,0.7417551279067993,periodic,45
1198,24.5,Re_024.500,62.250000000013,0.7071353197097778,periodic,46
1199,24.5,Re_024.500,63.000000000014,0.6558350324630737,periodic,47
1200,24.5,Re_024.500,63.500000000014,0.621846079826355,periodic,48
1201,24.5,Re_024.500,64.000000000014,0.5877529382705688,periodic,49
1202,24.5,Re_024.500,64.500000000014,0.5532500743865967,periodic,50
1203,24.5,Re_024.500,65.250000000013,0.5000202655792236,periodic,51
1204,24.5,Re_024.500,65.750000000013,0.4631156623363495,periodic,52
1205,24.5,Re_024.500,66.250000000012,0.4248521625995636,periodic,53
1206,24.5,Re_024.500,67.000000000012,0.3649747967720032,periodic,54
1207,24.5,Re_024.500,67.500000000011,0.3238186538219452,periodic,55
1208,24.5,Re_024.500,68.000000000011,0.28227391839027405,periodic,56
1209,24.5,Re_024.500,68.50000000001,0.24094487726688385,periodic,57
1210,24.5,Re_024.500,69.25000000001,0.18042618036270142,periodic,58
1211,24.5,Re_024.500,69.750000000009,0.14142273366451263,periodic,59
1212,24.5,Re_024.500,70.250000000009,0.10348998755216599,periodic,60
1213,24.5,Re_024.500,70.750000000008,0.06643091887235641,periodic,61
1214,24.5,Re_024.500,71.500000000007,0.011872957460582256,periodic,62
1215,24.5,Re_024.500,72.000000000007,0.9757792949676514,periodic,63
1216,25.0,Re_025.000,36.25,0.9620890617370605,periodic,0
1217,25.0,Re_025.000,36.75,0.9497777223587036,periodic,1
1218,25.0,Re_025.000,37.500000000001,0.926885724067688,periodic,2
1219,25.0,Re_025.000,38.000000000001,0.9083431363105774,periodic,3
1220,25.0,Re_025.000,38.500000000001,0.8866846561431885,periodic,4
1221,25.0,Re_025.000,39.000000000001,0.8611801862716675,periodic,5
1222,25.0,Re_025.000,39.750000000002,0.8131637573242188,periodic,6
1223,25.0,Re_025.000,40.250000000002,0.7720843553543091,periodic,7
1224,25.0,Re_025.000,40.750000000002,0.721460223197937,periodic,8
1225,25.0,Re_025.000,41.250000000003,0.6607949137687683,periodic,9
1226,25.0,Re_025.000,42.000000000003,0.5608830451965332,periodic,10
1227,25.0,Re_025.000,42.500000000003,0.4991406500339508,periodic,11
1228,25.0,Re_025.000,43.000000000004,0.4456518590450287,periodic,12
1229,25.0,Re_025.000,43.750000000004,0.37868836522102356,periodic,13
1230,25.0,Re_025.000,44.250000000004,0.3400212228298187,periodic,14
1231,25.0,Re_025.000,44.750000000004,0.30429932475090027,periodic,15
1232,25.0,Re_025.000,45.250000000005,0.2705392837524414,periodic,16
1233,25.0,Re_025.000,46.000000000005,0.22205570340156555,periodic,17
1234,25.0,Re_025.000,46.500000000005,0.19052021205425262,periodic,18
1235,25.0,Re_025.000,47.000000000006,0.1591995656490326,periodic,19
1236,25.0,Re_025.000,47.500000000006,0.12778395414352417,periodic,20
1237,25.0,Re_025.000,48.250000000006,0.07972876727581024,periodic,21
1238,25.0,Re_025.000,48.750000000006,0.04659111797809601,periodic,22
1239,25.0,Re_025.000,49.250000000007,0.012148146517574787,periodic,23
1240,25.0,Re_025.000,49.750000000007,0.9760771989822388,periodic,24
1241,25.0,Re_025.000,50.500000000007,0.9184662103652954,periodic,25
1242,25.0,Re_025.000,51.000000000008,0.87776118516922,periodic,26
1243,25.0,Re_025.000,51.500000000008,0.835614800453186,periodic,27
1244,25.0,Re_025.000,52.250000000008,0.7713012099266052,periodic,28
1245,25.0,Re_025.000,52.750000000009,0.7288811206817627,periodic,29
1246,25.0,Re_025.000,53.250000000009,0.6875919103622437,periodic,30
1247,25.0,Re_025.000,53.750000000009,0.6477974653244019,periodic,31
1248,25.0,Re_025.000,54.500000000009,0.59084153175354,periodic,32
1249,25.0,Re_025.000,55.00000000001,0.5543563961982727,periodic,33
1250,25.0,Re_025.000,55.50000000001,0.5186640620231628,periodic,34
1251,25.0,Re_025.000,56.00000000001,0.483428418636322,periodic,35
1252,25.0,Re_025.000,56.750000000011,0.43081918358802795,periodic,36
1253,25.0,Re_025.000,57.250000000011,0.39564886689186096,periodic,37
1254,25.0,Re_025.000,57.750000000011,0.3603210151195526,periodic,38
1255,25.0,Re_025.000,58.500000000011,0.3071326017379761,periodic,39
1256,25.0,Re_025.000,59.000000000012,0.2716810405254364,periodic,40
1257,25.0,Re_025.000,59.500000000012,0.23636004328727722,periodic,41
1258,25.0,Re_025.000,60.000000000012,0.20121723413467407,periodic,42
1259,25.0,Re_025.000,60.750000000013,0.1487841159105301,periodic,43
1260,25.0,Re_025.000,61.250000000013,0.11382605135440826,periodic,44
1261,25.0,Re_025.000,61.750000000013,0.0786033347249031,periodic,45
1262,25.0,Re_025.000,62.250000000013,0.04282420873641968,periodic,46
1263,25.0,Re_025.000,63.000000000014,0.9874846339225769,periodic,47
1264,25.0,Re_025.000,63.500000000014,0.9491493701934814,periodic,48
1265,25.0,Re_025.000,64.000000000014,0.909566342830658,periodic,49
1266,25.0,Re_025.000,64.500000000014,0.8688920736312866,periodic,50
1267,25.0,Re_025.000,65.250000000013,0.8067288994789124,periodic,51
1268,25.0,Re_025.000,65.750000000013,0.7653436064720154,periodic,52
1269,25.0,Re_025.000,66.250000000012,0.7246786952018738,periodic,53
1270,25.0,Re_025.000,67.000000000012,0.6657485961914062,periodic,54
1271,25.0,Re_025.000,67.500000000011,0.6279724836349487,periodic,55
1272,25.0,Re_025.000,68.000000000011,0.5912429094314575,periodic,56
1273,25.0,Re_025.000,68.50000000001,0.5552921295166016,periodic,57
1274,25.0,Re_025.000,69.25000000001,0.5021291971206665,periodic,58
1275,25.0,Re_025.000,69.750000000009,0.466765433549881,periodic,59
1276,25.0,Re_025.000,70.250000000009,0.4312102496623993,periodic,60
1277,25.0,Re_025.000,70.750000000008,0.3953551650047302,periodic,61
1278,25.0,Re_025.000,71.500000000007,0.34101739525794983,periodic,62
1279,25.0,Re_025.000,72.000000000007,0.30459579825401306,periodic,63
1280,25.5,Re_025.500,0.25,0.8801136016845703,periodic,0
1281,25.5,Re_025.500,1.25,0.8096933364868164,periodic,1
1282,25.5,Re_025.500,2.25,0.7321161031723022,periodic,2
1283,25.5,Re_025.500,3.25,0.6479982137680054,periodic,3
1284,25.5,Re_025.500,4.25,0.5590828657150269,periodic,4
1285,25.5,Re_025.500,5.25,0.46807071566581726,periodic,5
1286,25.5,Re_025.500,6.25,0.3789602518081665,periodic,6
1287,25.5,Re_025.500,7.25,0.29598554968833923,periodic,7
1288,25.5,Re_025.500,8.5,0.2036551684141159,periodic,8
1289,25.5,Re_025.500,9.5,0.13750411570072174,periodic,9
1290,25.5,Re_025.500,10.5,0.07533418387174606,periodic,10
1291,25.5,Re_025.500,11.5,0.014187328517436981,periodic,11
1292,25.5,Re_025.500,12.5,0.9512916207313538,periodic,12
1293,25.5,Re_025.500,13.5,0.8843684792518616,periodic,13
1294,25.5,Re_025.500,14.5,0.8121659755706787,periodic,14
1295,25.5,Re_025.500,15.500000000001,0.7350049018859863,periodic,15
1296,25.5,Re_025.500,16.500000000001,0.6544770002365112,periodic,16
1297,25.5,Re_025.500,17.500000000001,0.5720652341842651,periodic,17
1298,25.5,Re_025.500,18.500000000001,0.48839402198791504,periodic,18
1299,25.5,Re_025.500,19.5,0.4043199419975281,periodic,19
1300,25.5,Re_025.500,20.5,0.32218900322914124,periodic,20
1301,25.5,Re_025.500,21.5,0.24485032260417938,periodic,21
1302,25.5,Re_025.500,22.5,0.173435777425766,periodic,22
1303,25.5,Re_025.500,23.5,0.10678835213184357,periodic,23
1304,25.5,Re_025.500,24.749999999999,0.02635755017399788,periodic,24
1305,25.5,Re_025.500,25.749999999999,0.9609279632568359,periodic,25
1306,25.5,Re_025.500,26.749999999999,0.8920599222183228,periodic,26
1307,25.5,Re_025.500,27.749999999999,0.8187944889068604,periodic,27
1308,25.5,Re_025.500,28.749999999999,0.7419731616973877,periodic,28
1309,25.5,Re_025.500,29.749999999998,0.6635501980781555,periodic,29
1310,25.5,Re_025.500,30.749999999998,0.5848197937011719,periodic,30
1311,25.5,Re_025.500,31.749999999998,0.5055861473083496,periodic,31
1312,25.5,Re_025.500,32.749999999998,0.4252771735191345,periodic,32
1313,25.5,Re_025.500,33.749999999999,0.3447257876396179,periodic,33
1314,25.5,Re_025.500,34.749999999999,0.2664085626602173,periodic,34
1315,25.5,Re_025.500,35.75,0.1924765408039093,periodic,35
1316,25.5,Re_025.500,36.75,0.1230020672082901,periodic,36
1317,25.5,Re_025.500,37.750000000001,0.05616286024451256,periodic,37
1318,25.5,Re_025.500,38.750000000001,0.9893292188644409,periodic,38
1319,25.5,Re_025.500,39.750000000002,0.9200642108917236,periodic,39
1320,25.5,Re_025.500,41.000000000003,0.8282595872879028,periodic,40
1321,25.5,Re_025.500,42.000000000003,0.751604437828064,periodic,41
1322,25.5,Re_025.500,43.000000000004,0.6743255853652954,periodic,42
1323,25.5,Re_025.500,44.000000000004,0.5976845026016235,periodic,43
1324,25.5,Re_025.500,45.000000000005,0.5211879014968872,periodic,44
1325,25.5,Re_025.500,46.000000000005,0.44357845187187195,periodic,45
1326,25.5,Re_025.500,47.000000000006,0.3646489977836609,periodic,46
1327,25.5,Re_025.500,48.000000000006,0.28617292642593384,periodic,47
1328,26.0,Re_026.000,0.25,0.850676953792572,periodic,0
1329,26.0,Re_026.000,0.5,0.8350948095321655,periodic,1
1330,26.0,Re_026.000,0.75,0.8193985223770142,periodic,2
1331,26.0,Re_026.000,1.0,0.8035839796066284,periodic,3
1332,26.0,Re_026.000,1.25,0.7876484394073486,periodic,4
1333,26.0,Re_026.000,1.5,0.7715891599655151,periodic,5
1334,26.0,Re_026.000,1.75,0.7554014325141907,periodic,6
1335,26.0,Re_026.000,2.0,0.739079475402832,periodic,7
1336,26.0,Re_026.000,2.25,0.7226142287254333,periodic,8
1337,26.0,Re_026.000,2.5,0.7059927582740784,periodic,9
1338,26.0,Re_026.000,2.75,0.6891978979110718,periodic,10
1339,26.0,Re_026.000,3.0,0.6722065210342407,periodic,11
1340,26.0,Re_026.000,3.25,0.6549901962280273,periodic,12
1341,26.0,Re_026.000,3.5,0.6375138163566589,periodic,13
1342,26.0,Re_026.000,3.75,0.6197370290756226,periodic,14
1343,26.0,Re_026.000,4.0,0.6016135215759277,periodic,15
1344,26.0,Re_026.000,4.25,0.583092451095581,periodic,16
1345,26.0,Re_026.000,4.5,0.5641201138496399,periodic,17
1346,26.0,Re_026.000,4.75,0.5446423888206482,periodic,18
1347,26.0,Re_026.000,5.0,0.5246084928512573,periodic,19
1348,26.0,Re_026.000,5.25,0.5039767026901245,periodic,20
1349,26.0,Re_026.000,5.5,0.4827202558517456,periodic,21
1350,26.0,Re_026.000,5.75,0.4608347415924072,periodic,22
1351,26.0,Re_026.000,6.0,0.43834540247917175,periodic,23
1352,26.0,Re_026.000,6.25,0.41531437635421753,periodic,24
1353,26.0,Re_026.000,6.5,0.3918425440788269,periodic,25
1354,26.0,Re_026.000,6.75,0.36806824803352356,periodic,26
1355,26.0,Re_026.000,7.0,0.3441597521305084,periodic,27
1356,26.0,Re_026.000,7.25,0.3203011751174927,periodic,28
1357,26.0,Re_026.000,7.5,0.29667556285858154,periodic,29
1358,26.0,Re_026.000,7.75,0.27344831824302673,periodic,30
1359,26.0,Re_026.000,8.0,0.25075361132621765,periodic,31
1360,26.0,Re_026.000,8.25,0.2286870926618576,periodic,32
1361,26.0,Re_026.000,8.5,0.2073039412498474,periodic,33
1362,26.0,Re_026.000,8.75,0.18662261962890625,periodic,34
1363,26.0,Re_026.000,9.0,0.1666310876607895,periodic,35
1364,26.0,Re_026.000,9.25,0.14729401469230652,periodic,36
1365,26.0,Re_026.000,9.5,0.12855978310108185,periodic,37
1366,26.0,Re_026.000,9.75,0.11036723852157593,periodic,38
1367,26.0,Re_026.000,10.0,0.09264940768480301,periodic,39
1368,26.0,Re_026.000,10.25,0.07533847540616989,periodic,40
1369,26.0,Re_026.000,10.5,0.05836781486868858,periodic,41
1370,26.0,Re_026.000,10.75,0.04167349636554718,periodic,42
1371,26.0,Re_026.000,11.0,0.02519545704126358,periodic,43
1372,26.0,Re_026.000,11.25,0.008878268301486969,periodic,44
1373,26.0,Re_026.000,11.5,0.9926716089248657,periodic,45
1374,26.0,Re_026.000,11.75,0.9765302538871765,periodic,46
1375,26.0,Re_026.000,12.0,0.9604145884513855,periodic,47
1376,26.0,Re_026.000,12.25,0.9442901611328125,periodic,48
1377,26.0,Re_026.000,12.5,0.9281280636787415,periodic,49
1378,26.0,Re_026.000,12.75,0.9119049906730652,periodic,50
1379,26.0,Re_026.000,13.0,0.8956029415130615,periodic,51
1380,26.0,Re_026.000,13.25,0.8792089819908142,periodic,52
1381,26.0,Re_026.000,13.5,0.8627152442932129,periodic,53
1382,26.0,Re_026.000,13.75,0.8461178541183472,periodic,54
1383,26.0,Re_026.000,14.0,0.8294169306755066,periodic,55
1384,26.0,Re_026.000,14.25,0.8126160502433777,periodic,56
1385,26.0,Re_026.000,14.5,0.7957197427749634,periodic,57
1386,26.0,Re_026.000,14.75,0.778734564781189,periodic,58
1387,26.0,Re_026.000,15.0,0.7616665959358215,periodic,59
1388,26.0,Re_026.000,15.25,0.7445195913314819,periodic,60
1389,26.0,Re_026.000,15.500000000001,0.727295994758606,periodic,61
1390,26.0,Re_026.000,15.750000000001,0.709994375705719,periodic,62
1391,26.0,Re_026.000,16.000000000001,0.6926097869873047,periodic,63
1392,26.0,Re_026.000,16.250000000001,0.6751312017440796,periodic,64
1393,26.0,Re_026.000,16.500000000001,0.6575428247451782,periodic,65
1394,26.0,Re_026.000,16.750000000001,0.6398230791091919,periodic,66
1395,26.0,Re_026.000,17.000000000001,0.6219450831413269,periodic,67
1396,26.0,Re_026.000,17.250000000001,0.6038776636123657,periodic,68
1397,26.0,Re_026.000,17.500000000001,0.5855854749679565,periodic,69
1398,26.0,Re_026.000,17.750000000001,0.5670304298400879,periodic,70
1399,26.0,Re_026.000,18.000000000001,0.5481737852096558,periodic,71
1400,26.0,Re_026.000,18.250000000001,0.5289781093597412,periodic,72
1401,26.0,Re_026.000,18.500000000001,0.5094105005264282,periodic,73
1402,26.0,Re_026.000,18.750000000001,0.4894455671310425,periodic,74
1403,26.0,Re_026.000,19.000000000001,0.46906915307044983,periodic,75
1404,26.0,Re_026.000,19.25,0.4482831060886383,periodic,76
1405,26.0,Re_026.000,19.5,0.42710819840431213,periodic,77
1406,26.0,Re_026.000,19.75,0.40558701753616333,periodic,78
1407,26.0,Re_026.000,20.0,0.383784681558609,periodic,79
1408,26.0,Re_026.000,20.25,0.36178696155548096,periodic,80
1409,26.0,Re_026.000,20.5,0.3396965563297272,periodic,81
1410,26.0,Re_026.000,20.75,0.3176255226135254,periodic,82
1411,26.0,Re_026.000,21.0,0.29568713903427124,periodic,83
1412,26.0,Re_026.000,21.25,0.2739875912666321,periodic,84
1413,26.0,Re_026.000,21.5,0.25261807441711426,periodic,85
1414,26.0,Re_026.000,21.75,0.2316494882106781,periodic,86
1415,26.0,Re_026.000,22.0,0.21113084256649017,periodic,87
1416,26.0,Re_026.000,22.25,0.19108721613883972,periodic,88
1417,26.0,Re_026.000,22.5,0.17152388393878937,periodic,89
1418,26.0,Re_026.000,22.75,0.15242719650268555,periodic,90
1419,26.0,Re_026.000,23.0,0.1337689757347107,periodic,91
1420,26.0,Re_026.000,23.25,0.11551124602556229,periodic,92
1421,26.0,Re_026.000,23.5,0.09760840237140656,periodic,93
1422,26.0,Re_026.000,23.75,0.08001101762056351,periodic,94
1423,26.0,Re_026.000,24.0,0.0626673772931099,periodic,95
1424,26.0,Re_026.000,24.249999999999,0.04552615061402321,periodic,96
1425,26.0,Re_026.000,24.499999999999,0.028537051752209663,periodic,97
1426,26.0,Re_026.000,24.749999999999,0.011652408167719841,periodic,98
1427,26.0,Re_026.000,24.999999999999,0.9948281049728394,periodic,99
1428,26.0,Re_026.000,25.249999999999,0.9780239462852478,periodic,100
1429,26.0,Re_026.000,25.499999999999,0.9612047672271729,periodic,101
1430,26.0,Re_026.000,25.749999999999,0.9443407654762268,periodic,102
1431,26.0,Re_026.000,25.999999999999,0.927407443523407,periodic,103
1432,26.0,Re_026.000,26.249999999999,0.9103867411613464,periodic,104
1433,26.0,Re_026.000,26.499999999999,0.8932663798332214,periodic,105
1434,26.0,Re_026.000,26.749999999999,0.8760401010513306,periodic,106
1435,26.0,Re_026.000,26.999999999999,0.8587076663970947,periodic,107
1436,26.0,Re_026.000,27.249999999999,0.8412735462188721,periodic,108
1437,26.0,Re_026.000,27.499999999999,0.8237466812133789,periodic,109
1438,26.0,Re_026.000,27.749999999999,0.8061392903327942,periodic,110
1439,26.0,Re_026.000,27.999999999999,0.7884658575057983,periodic,111
1440,26.0,Re_026.000,28.249999999999,0.7707408666610718,periodic,112
1441,26.0,Re_026.000,28.499999999999,0.7529785633087158,periodic,113
1442,26.0,Re_026.000,28.749999999999,0.7351908683776855,periodic,114
1443,26.0,Re_026.000,28.999999999999,0.7173860669136047,periodic,115
1444,26.0,Re_026.000,29.249999999998,0.6995677947998047,periodic,116
1445,26.0,Re_026.000,29.499999999998,0.6817344427108765,periodic,117
1446,26.0,Re_026.000,29.749999999998,0.6638786792755127,periodic,118
1447,26.0,Re_026.000,29.999999999998,0.6459869146347046,periodic,119
1448,26.0,Re_026.000,30.249999999998,0.6280401945114136,periodic,120
1449,26.0,Re_026.000,30.499999999998,0.6100139021873474,periodic,121
1450,26.0,Re_026.000,30.749999999998,0.5918792486190796,periodic,122
1451,26.0,Re_026.000,30.999999999998,0.5736041069030762,periodic,123
1452,26.0,Re_026.000,31.249999999998,0.5551543235778809,periodic,124
1453,26.0,Re_026.000,31.499999999998,0.5364958047866821,periodic,125
1454,26.0,Re_026.000,31.749999999998,0.5175959467887878,periodic,126
1455,26.0,Re_026.000,31.999999999998,0.49842676520347595,periodic,127
1456,26.0,Re_026.000,32.249999999998,0.47896695137023926,periodic,128
1457,26.0,Re_026.000,32.499999999998,0.4592045843601227,periodic,129
1458,26.0,Re_026.000,32.749999999998,0.4391399323940277,periodic,130
1459,26.0,Re_026.000,32.999999999998,0.4187880754470825,periodic,131
1460,26.0,Re_026.000,33.249999999999,0.3981795608997345,periodic,132
1461,26.0,Re_026.000,33.499999999999,0.37736085057258606,periodic,133
1462,26.0,Re_026.000,33.749999999999,0.35639336705207825,periodic,134
1463,26.0,Re_026.000,33.999999999999,0.33534976840019226,periodic,135
1464,26.0,Re_026.000,34.249999999999,0.3143099546432495,periodic,136
1465,26.0,Re_026.000,34.499999999999,0.29335564374923706,periodic,137
1466,26.0,Re_026.000,34.749999999999,0.27256470918655396,periodic,138
1467,26.0,Re_026.000,34.999999999999,0.25200578570365906,periodic,139
1468,26.0,Re_026.000,35.25,0.23173511028289795,periodic,140
1469,26.0,Re_026.000,35.5,0.21179302036762238,periodic,141
1470,26.0,Re_026.000,35.75,0.19220322370529175,periodic,142
1471,26.0,Re_026.000,36.0,0.17297367751598358,periodic,143
1472,26.0,Re_026.000,36.25,0.1540977954864502,periodic,144
1473,26.0,Re_026.000,36.5,0.13555675745010376,periodic,145
1474,26.0,Re_026.000,36.75,0.1173221692442894,periodic,146
1475,26.0,Re_026.000,37.0,0.09935832023620605,periodic,147
1476,26.0,Re_026.000,37.250000000001,0.08162438124418259,periodic,148
1477,26.0,Re_026.000,37.500000000001,0.06407684087753296,periodic,149
1478,26.0,Re_026.000,37.750000000001,0.04667085036635399,periodic,150
1479,26.0,Re_026.000,38.000000000001,0.029362130910158157,periodic,151
1480,26.0,Re_026.000,38.250000000001,0.012108231894671917,periodic,152
1481,26.0,Re_026.000,38.500000000001,0.9948692917823792,periodic,153
1482,26.0,Re_026.000,38.750000000001,0.977609395980835,periodic,154
1483,26.0,Re_026.000,39.000000000001,0.9602974057197571,periodic,155
1484,26.0,Re_026.000,39.250000000002,0.9429075717926025,periodic,156
1485,26.0,Re_026.000,39.500000000002,0.9254202842712402,periodic,157
1486,26.0,Re_026.000,39.750000000002,0.9078225493431091,periodic,158
1487,26.0,Re_026.000,40.000000000002,0.8901082277297974,periodic,159
1488,26.0,Re_026.000,40.250000000002,0.8722780346870422,periodic,160
1489,26.0,Re_026.000,40.500000000002,0.8543391227722168,periodic,161
1490,26.0,Re_026.000,40.750000000002,0.8363040089607239,periodic,162
1491,26.0,Re_026.000,41.000000000003,0.8181900978088379,periodic,163
1492,26.0,Re_026.000,41.250000000003,0.8000176548957825,periodic,164
1493,26.0,Re_026.000,41.500000000003,0.781808614730835,periodic,165
1494,26.0,Re_026.000,41.750000000003,0.7635852098464966,periodic,166
1495,26.0,Re_026.000,42.000000000003,0.7453672885894775,periodic,167
1496,26.0,Re_026.000,42.250000000003,0.7271716594696045,periodic,168
1497,26.0,Re_026.000,42.500000000003,0.7090098857879639,periodic,169
1498,26.0,Re_026.000,42.750000000003,0.6908878087997437,periodic,170
1499,26.0,Re_026.000,43.000000000004,0.6728049516677856,periodic,171
1500,26.0,Re_026.000,43.250000000004,0.6547538042068481,periodic,172
1501,26.0,Re_026.000,43.500000000004,0.6367207765579224,periodic,173
1502,26.0,Re_026.000,43.750000000004,0.6186859607696533,periodic,174
1503,26.0,Re_026.000,44.000000000004,0.6006239652633667,periodic,175
1504,26.0,Re_026.000,44.250000000004,0.5825057625770569,periodic,176
1505,26.0,Re_026.000,44.500000000004,0.5642991662025452,periodic,177
1506,26.0,Re_026.000,44.750000000004,0.5459707379341125,periodic,178
1507,26.0,Re_026.000,45.000000000005,0.5274871587753296,periodic,179
1508,26.0,Re_026.000,45.250000000005,0.5088174343109131,periodic,180
1509,26.0,Re_026.000,45.500000000005,0.4899349808692932,periodic,181
1510,26.0,Re_026.000,45.750000000005,0.47081953287124634,periodic,182
1511,26.0,Re_026.000,46.000000000005,0.4514594078063965,periodic,183
1512,26.0,Re_026.000,46.250000000005,0.4318535029888153,periodic,184
1513,26.0,Re_026.000,46.500000000005,0.41201287508010864,periodic,185
1514,26.0,Re_026.000,46.750000000005,0.3919616639614105,periodic,186
1515,26.0,Re_026.000,47.000000000006,0.3717370629310608,periodic,187
1516,26.0,Re_026.000,47.250000000006,0.3513878285884857,periodic,188
1517,26.0,Re_026.000,47.500000000006,0.33097195625305176,periodic,189
1518,26.0,Re_026.000,47.750000000006,0.3105534315109253,periodic,190
1519,26.0,Re_026.000,48.000000000006,0.29019781947135925,periodic,191
1520,26.0,Re_026.000,48.250000000006,0.2699676752090454,periodic,192
1521,26.0,Re_026.000,48.500000000006,0.24991925060749054,periodic,193
1522,26.0,Re_026.000,48.750000000006,0.23009878396987915,periodic,194
1523,26.0,Re_026.000,49.000000000007,0.21054008603096008,periodic,195
1524,26.0,Re_026.000,49.250000000007,0.1912636160850525,periodic,196
1525,26.0,Re_026.000,49.500000000007,0.1722767949104309,periodic,197
1526,26.0,Re_026.000,49.750000000007,0.15357466042041779,periodic,198
1527,26.0,Re_026.000,50.000000000007,0.13514158129692078,periodic,199
1528,26.0,Re_026.000,50.250000000007,0.11695294827222824,periodic,200
1529,26.0,Re_026.000,50.500000000007,0.09897696226835251,periodic,201
1530,26.0,Re_026.000,50.750000000008,0.08117696642875671,periodic,202
1531,26.0,Re_026.000,51.000000000008,0.06351344287395477,periodic,203
1532,26.0,Re_026.000,51.250000000008,0.045945391058921814,periodic,204
1533,26.0,Re_026.000,51.500000000008,0.028431927785277367,periodic,205
1534,26.0,Re_026.000,51.750000000008,0.010933603160083294,periodic,206
1535,26.0,Re_026.000,52.000000000008,0.9934136271476746,periodic,207
1536,26.0,Re_026.000,52.250000000008,0.9758393168449402,periodic,208
1537,26.0,Re_026.000,52.500000000008,0.958182692527771,periodic,209
1538,26.0,Re_026.000,52.750000000009,0.9404217600822449,periodic,210
1539,26.0,Re_026.000,53.000000000009,0.9225412607192993,periodic,211
1540,26.0,Re_026.000,53.250000000009,0.9045330286026001,periodic,212
1541,26.0,Re_026.000,53.500000000009,0.8863964676856995,periodic,213
1542,26.0,Re_026.000,53.750000000009,0.868138313293457,periodic,214
1543,26.0,Re_026.000,54.000000000009,0.8497723937034607,periodic,215
1544,26.0,Re_026.000,54.250000000009,0.8313182592391968,periodic,216
1545,26.0,Re_026.000,54.500000000009,0.8128001689910889,periodic,217
1546,26.0,Re_026.000,54.75000000001,0.7942450642585754,periodic,218
1547,26.0,Re_026.000,55.00000000001,0.7756810188293457,periodic,219
1548,26.0,Re_026.000,55.25000000001,0.7571350336074829,periodic,220
1549,26.0,Re_026.000,55.50000000001,0.7386307716369629,periodic,221
1550,26.0,Re_026.000,55.75000000001,0.7201870679855347,periodic,222
1551,26.0,Re_026.000,56.00000000001,0.7018170356750488,periodic,223
1552,26.0,Re_026.000,56.25000000001,0.6835265755653381,periodic,224
1553,26.0,Re_026.000,56.50000000001,0.6653143167495728,periodic,225
1554,26.0,Re_026.000,56.750000000011,0.6471714973449707,periodic,226
1555,26.0,Re_026.000,57.000000000011,0.6290825605392456,periodic,227
1556,26.0,Re_026.000,57.250000000011,0.6110256314277649,periodic,228
1557,26.0,Re_026.000,57.500000000011,0.5929740071296692,periodic,229
1558,26.0,Re_026.000,57.750000000011,0.5748971104621887,periodic,230
1559,26.0,Re_026.000,58.000000000011,0.5567620992660522,periodic,231
1560,26.0,Re_026.000,58.250000000011,0.538534939289093,periodic,232
1561,26.0,Re_026.000,58.500000000011,0.5201824903488159,periodic,233
1562,26.0,Re_026.000,58.750000000012,0.5016742944717407,periodic,234
1563,26.0,Re_026.000,59.000000000012,0.4829843044281006,periodic,235
1564,26.0,Re_026.000,59.250000000012,0.46409305930137634,periodic,236
1565,26.0,Re_026.000,59.500000000012,0.44498905539512634,periodic,237
1566,26.0,Re_026.000,59.750000000012,0.4256705939769745,periodic,238
1567,26.0,Re_026.000,60.000000000012,0.40614694356918335,periodic,239
1568,26.0,Re_026.000,60.250000000012,0.38643884658813477,periodic,240
1569,26.0,Re_026.000,60.500000000012,0.3665786683559418,periodic,241
1570,26.0,Re_026.000,60.750000000013,0.34660905599594116,periodic,242
1571,26.0,Re_026.000,61.000000000013,0.32658013701438904,periodic,243
1572,26.0,Re_026.000,61.250000000013,0.30654722452163696,periodic,244
1573,26.0,Re_026.000,61.500000000013,0.28656694293022156,periodic,245
1574,26.0,Re_026.000,61.750000000013,0.26669347286224365,periodic,246
1575,26.0,Re_026.000,62.000000000013,0.2469751536846161,periodic,247
1576,26.0,Re_026.000,62.250000000013,0.22745157778263092,periodic,248
1577,26.0,Re_026.000,62.500000000014,0.20815177261829376,periodic,249
1578,26.0,Re_026.000,62.750000000014,0.18909314274787903,periodic,250
1579,26.0,Re_026.000,63.000000000014,0.17028121650218964,periodic,251
1580,26.0,Re_026.000,63.250000000014,0.15171056985855103,periodic,252
1581,26.0,Re_026.000,63.500000000014,0.1333659440279007,periodic,253
1582,26.0,Re_026.000,63.750000000014,0.11522377282381058,periodic,254
1583,26.0,Re_026.000,64.000000000014,0.09725400805473328,periodic,255
1584,26.5,Re_026.500,0.25,0.8796777725219727,periodic,0
1585,26.5,Re_026.500,1.25,0.8107221722602844,periodic,1
1586,26.5,Re_026.500,2.25,0.7340788841247559,periodic,2
1587,26.5,Re_026.500,3.25,0.6497215032577515,periodic,3
1588,26.5,Re_026.500,4.25,0.5590702295303345,periodic,4
1589,26.5,Re_026.500,5.25,0.46542418003082275,periodic,5
1590,26.5,Re_026.500,6.25,0.37407803535461426,periodic,6
1591,26.5,Re_026.500,7.25,0.29008749127388,periodic,7
1592,26.5,Re_026.500,8.5,0.19787350296974182,periodic,8
1593,26.5,Re_026.500,9.5,0.1322917342185974,periodic,9
1594,26.5,Re_026.500,10.5,0.07079493999481201,periodic,10
1595,26.5,Re_026.500,11.5,0.01034533604979515,periodic,11
1596,26.5,Re_026.500,12.5,0.948173463344574,periodic,12
1597,26.5,Re_026.500,13.5,0.881992757320404,periodic,13
1598,26.5,Re_026.500,14.5,0.8104596138000488,periodic,14
1599,26.5,Re_026.500,15.500000000001,0.733699381351471,periodic,15
1600,26.5,Re_026.500,16.500000000001,0.6531035900115967,periodic,16
1601,26.5,Re_026.500,17.500000000001,0.5701131820678711,periodic,17
1602,26.5,Re_026.500,18.500000000001,0.48551809787750244,periodic,18
1603,26.5,Re_026.500,19.5,0.4004836976528168,periodic,19
1604,26.5,Re_026.500,20.5,0.31768009066581726,periodic,20
1605,26.5,Re_026.500,21.5,0.24008038640022278,periodic,21
1606,26.5,Re_026.500,22.5,0.1687047779560089,periodic,22
1607,26.5,Re_026.500,23.5,0.10222936421632767,periodic,23
1608,26.5,Re_026.500,24.749999999999,0.02206326462328434,periodic,24
1609,26.5,Re_026.500,25.749999999999,0.9568543434143066,periodic,25
1610,26.5,Re_026.500,26.749999999999,0.8882147073745728,periodic,26
1611,26.5,Re_026.500,27.749999999999,0.8151724338531494,periodic,27
1612,26.5,Re_026.500,28.749999999999,0.7385216355323792,periodic,28
1613,26.5,Re_026.500,29.749999999998,0.6601485013961792,periodic,29
1614,26.5,Re_026.500,30.749999999998,0.5813099145889282,periodic,30
1615,26.5,Re_026.500,31.749999999998,0.5018184185028076,periodic,31
1616,26.5,Re_026.500,32.749999999998,0.42116236686706543,periodic,32
1617,26.5,Re_026.500,33.749999999999,0.3402788043022156,periodic,33
1618,26.5,Re_026.500,34.749999999999,0.2617402672767639,periodic,34
1619,26.5,Re_026.500,35.75,0.18770281970500946,periodic,35
1620,26.5,Re_026.500,36.75,0.11818140000104904,periodic,36
1621,26.5,Re_026.500,37.750000000001,0.051295194774866104,periodic,37
1622,26.5,Re_026.500,38.750000000001,0.9843878149986267,periodic,38
1623,26.5,Re_026.500,39.750000000002,0.9150382280349731,periodic,39
1624,26.5,Re_026.500,41.000000000003,0.823181688785553,periodic,40
1625,26.5,Re_026.500,42.000000000003,0.7465742826461792,periodic,41
1626,26.5,Re_026.500,43.000000000004,0.6693980693817139,periodic,42
1627,26.5,Re_026.500,44.000000000004,0.592841625213623,periodic,43
1628,26.5,Re_026.500,45.000000000005,0.5163453817367554,periodic,44
1629,26.5,Re_026.500,46.000000000005,0.43864119052886963,periodic,45
1630,26.5,Re_026.500,47.000000000006,0.359566330909729,periodic,46
1631,26.5,Re_026.500,48.000000000006,0.2809552252292633,periodic,47
1632,27.0,Re_027.000,0.25,0.8773547410964966,periodic,0
1633,27.0,Re_027.000,1.25,0.8091560006141663,periodic,1
1634,27.0,Re_027.000,2.25,0.7331264019012451,periodic,2
1635,27.0,Re_027.000,3.25,0.6488762497901917,periodic,3
1636,27.0,Re_027.000,4.25,0.5574888586997986,periodic,4
1637,27.0,Re_027.000,5.25,0.4624178409576416,periodic,5
1638,27.0,Re_027.000,6.25,0.3697306513786316,periodic,6
1639,27.0,Re_027.000,7.25,0.2850881516933441,periodic,7
1640,27.0,Re_027.000,8.5,0.19288374483585358,periodic,8
1641,27.0,Re_027.000,9.5,0.12758028507232666,periodic,9
1642,27.0,Re_027.000,10.5,0.06639858335256577,periodic,10
1643,27.0,Re_027.000,11.5,0.006245109718292952,periodic,11
1644,27.0,Re_027.000,12.5,0.9443538188934326,periodic,12
1645,27.0,Re_027.000,13.5,0.8784633278846741,periodic,13
1646,27.0,Re_027.000,14.5,0.8072323203086853,periodic,14
1647,27.0,Re_027.000,15.500000000001,0.7307248115539551,periodic,15
1648,27.0,Re_027.000,16.500000000001,0.6502083539962769,periodic,16
1649,27.0,Re_027.000,17.500000000001,0.5670128464698792,periodic,17
1650,27.0,Re_027.000,18.500000000001,0.48193350434303284,periodic,18
1651,27.0,Re_027.000,19.5,0.39631110429763794,periodic,19
1652,27.0,Re_027.000,20.5,0.31308385729789734,periodic,20
1653,27.0,Re_027.000,21.5,0.23534074425697327,periodic,21
1654,27.0,Re_027.000,22.5,0.1640152782201767,periodic,22
1655,27.0,Re_027.000,23.5,0.09764957427978516,periodic,23
1656,27.0,Re_027.000,24.749999999999,0.017585299909114838,periodic,24
1657,27.0,Re_027.000,25.749999999999,0.9524081945419312,periodic,25
1658,27.0,Re_027.000,26.749999999999,0.8837893009185791,periodic,26
1659,27.0,Re_027.000,27.749999999999,0.8108054399490356,periodic,27
1660,27.0,Re_027.000,28.749999999999,0.7342636585235596,periodic,28
1661,27.0,Re_027.000,29.749999999998,0.6559948921203613,periodic,29
1662,27.0,Re_027.000,30.749999999998,0.5771603584289551,periodic,30
1663,27.0,Re_027.000,31.749999999998,0.49751558899879456,periodic,31
1664,27.0,Re_027.000,32.749999999998,0.4165884554386139,periodic,32
1665,27.0,Re_027.000,33.749999999999,0.3354552388191223,periodic,33
1666,27.0,Re_027.000,34.749999999999,0.25679758191108704,periodic,34
1667,27.0,Re_027.000,35.75,0.1827622652053833,periodic,35
1668,27.0,Re_027.000,36.75,0.11327188462018967,periodic,36
1669,27.0,Re_027.000,37.750000000001,0.04636773467063904,periodic,37
1670,27.0,Re_027.000,38.750000000001,0.9793651700019836,periodic,38
1671,27.0,Re_027.000,39.750000000002,0.9098731875419617,periodic,39
1672,27.0,Re_027.000,41.000000000003,0.8178926110267639,periodic,40
1673,27.0,Re_027.000,42.000000000003,0.7413135766983032,periodic,41
1674,27.0,Re_027.000,43.000000000004,0.664250373840332,periodic,42
1675,27.0,Re_027.000,44.000000000004,0.58777916431427,periodic,43
1676,27.0,Re_027.000,45.000000000005,0.5112491846084595,periodic,44
1677,27.0,Re_027.000,46.000000000005,0.43339279294013977,periodic,45
1678,27.0,Re_027.000,47.000000000006,0.35413867235183716,periodic,46
1679,27.0,Re_027.000,48.000000000006,0.27543172240257263,periodic,47
1680,27.5,Re_027.500,0.25,0.8352522850036621,periodic,0
1681,27.5,Re_027.500,0.5,0.8204134702682495,periodic,1
1682,27.5,Re_027.500,0.75,0.8054825067520142,periodic,2
1683,27.5,Re_027.500,1.0,0.7904531359672546,periodic,3
1684,27.5,Re_027.500,1.25,0.7753196954727173,periodic,4
1685,27.5,Re_027.500,1.5,0.7600752115249634,periodic,5
1686,27.5,Re_027.500,1.75,0.7447108030319214,periodic,6
1687,27.5,Re_027.500,2.0,0.729215681552887,periodic,7
1688,27.5,Re_027.500,2.25,0.713575005531311,periodic,8
1689,27.5,Re_027.500,2.5,0.697769820690155,periodic,9
1690,27.5,Re_027.500,2.75,0.6817761659622192,periodic,10
1691,27.5,Re_027.500,3.0,0.6655638813972473,periodic,11
1692,27.5,Re_027.500,3.25,0.6490964889526367,periodic,12
1693,27.5,Re_027.500,3.5,0.6323302984237671,periodic,13
1694,27.5,Re_027.500,3.75,0.6152135133743286,periodic,14
1695,27.5,Re_027.500,4.0,0.5976872444152832,periodic,15
1696,27.5,Re_027.500,4.25,0.5796846747398376,periodic,16
1697,27.5,Re_027.500,4.5,0.5611335039138794,periodic,17
1698,27.5,Re_027.500,4.75,0.5419571399688721,periodic,18
1699,27.5,Re_027.500,5.0,0.5220794081687927,periodic,19
1700,27.5,Re_027.500,5.25,0.501429557800293,periodic,20
1701,27.5,Re_027.500,5.5,0.4799509644508362,periodic,21
1702,27.5,Re_027.500,5.75,0.4576128423213959,periodic,22
1703,27.5,Re_027.500,6.0,0.43442144989967346,periodic,23
1704,27.5,Re_027.500,6.25,0.4104345142841339,periodic,24
1705,27.5,Re_027.500,6.5,0.38576945662498474,periodic,25
1706,27.5,Re_027.500,6.75,0.360605925321579,periodic,26
1707,27.5,Re_027.500,7.0,0.33517542481422424,periodic,27
1708,27.5,Re_027.500,7.25,0.30974167585372925,periodic,28
1709,27.5,Re_027.500,7.5,0.28457003831863403,periodic,29
1710,27.5,Re_027.500,7.75,0.2598998248577118,periodic,30
1711,27.5,Re_027.500,8.0,0.23591986298561096,periodic,31
1712,27.5,Re_027.500,8.25,0.212757408618927,periodic,32
1713,27.5,Re_027.500,8.5,0.1904766708612442,periodic,33
1714,27.5,Re_027.500,8.75,0.16908909380435944,periodic,34
1715,27.5,Re_027.500,9.0,0.14856389164924622,periodic,35
1716,27.5,Re_027.500,9.25,0.1288425624370575,periodic,36
1717,27.5,Re_027.500,9.5,0.10984881967306137,periodic,37
1718,27.5,Re_027.500,9.75,0.09149804711341858,periodic,38
1719,27.5,Re_027.500,10.0,0.07370337843894958,periodic,39
1720,27.5,Re_027.500,10.25,0.05637982487678528,periodic,40
1721,27.5,Re_027.500,10.5,0.039447661489248276,periodic,41
1722,27.5,Re_027.500,10.75,0.022832613438367844,periodic,42
1723,27.5,Re_027.500,11.0,0.006467574276030064,periodic,43
1724,27.5,Re_027.500,11.25,0.9902921915054321,periodic,44
1725,27.5,Re_027.500,11.5,0.9742531180381775,periodic,45
1726,27.5,Re_027.500,11.75,0.9583035111427307,periodic,46
1727,27.5,Re_027.500,12.0,0.9424030780792236,periodic,47
1728,27.5,Re_027.500,12.25,0.9265176653862,periodic,48
1729,27.5,Re_027.500,12.5,0.9106191396713257,periodic,49
1730,27.5,Re_027.500,12.75,0.8946851491928101,periodic,50
1731,27.5,Re_027.500,13.0,0.8786985874176025,periodic,51
1732,27.5,Re_027.500,13.25,0.8626469373703003,periodic,52
1733,27.5,Re_027.500,13.5,0.8465222120285034,periodic,53
1734,27.5,Re_027.500,13.75,0.8303201794624329,periodic,54
1735,27.5,Re_027.500,14.0,0.8140393495559692,periodic,55
1736,27.5,Re_027.500,14.25,0.7976805567741394,periodic,56
1737,27.5,Re_027.500,14.5,0.7812453508377075,periodic,57
1738,27.5,Re_027.500,14.75,0.7647361755371094,periodic,58
1739,27.5,Re_027.500,15.0,0.7481536865234375,periodic,59
1740,27.5,Re_027.500,15.25,0.7314969897270203,periodic,60
1741,27.5,Re_027.500,15.500000000001,0.7147618532180786,periodic,61
1742,27.5,Re_027.500,15.750000000001,0.6979409456253052,periodic,62
1743,27.5,Re_027.500,16.000000000001,0.6810217499732971,periodic,63
1744,27.5,Re_027.500,16.250000000001,0.6639872193336487,periodic,64
1745,27.5,Re_027.500,16.500000000001,0.6468145847320557,periodic,65
1746,27.5,Re_027.500,16.750000000001,0.6294755935668945,periodic,66
1747,27.5,Re_027.500,17.000000000001,0.6119368076324463,periodic,67
1748,27.5,Re_027.500,17.250000000001,0.5941594839096069,periodic,68
1749,27.5,Re_027.500,17.500000000001,0.5761011838912964,periodic,69
1750,27.5,Re_027.500,17.750000000001,0.5577163100242615,periodic,70
1751,27.5,Re_027.500,18.000000000001,0.5389584898948669,periodic,71
1752,27.5,Re_027.500,18.250000000001,0.519782543182373,periodic,72
1753,27.5,Re_027.500,18.500000000001,0.5001480579376221,periodic,73
1754,27.5,Re_027.500,18.750000000001,0.4800235331058502,periodic,74
1755,27.5,Re_027.500,19.000000000001,0.459391325712204,periodic,75
1756,27.5,Re_027.500,19.25,0.4382524788379669,periodic,76
1757,27.5,Re_027.500,19.5,0.41663166880607605,periodic,77
1758,27.5,Re_027.500,19.75,0.39458081126213074,periodic,78
1759,27.5,Re_027.500,20.0,0.37217995524406433,periodic,79
1760,27.5,Re_027.500,20.25,0.3495354652404785,periodic,80
1761,27.5,Re_027.500,20.5,0.3267742395401001,periodic,81
1762,27.5,Re_027.500,20.75,0.3040342330932617,periodic,82
1763,27.5,Re_027.500,21.0,0.2814532518386841,periodic,83
1764,27.5,Re_027.500,21.25,0.25915834307670593,periodic,84
1765,27.5,Re_027.500,21.5,0.23725630342960358,periodic,85
1766,27.5,Re_027.500,21.75,0.21582643687725067,periodic,86
1767,27.5,Re_027.500,22.0,0.1949191391468048,periodic,87
1768,27.5,Re_027.500,22.25,0.17455729842185974,periodic,88
1769,27.5,Re_027.500,22.5,0.15473894774913788,periodic,89
1770,27.5,Re_027.500,22.75,0.13544216752052307,periodic,90
1771,27.5,Re_027.500,23.0,0.11663029342889786,periodic,91
1772,27.5,Re_027.500,23.25,0.09825629740953445,periodic,92
1773,27.5,Re_027.500,23.5,0.0802667960524559,periodic,93
1774,27.5,Re_027.500,23.75,0.0626056045293808,periodic,94
1775,27.5,Re_027.500,24.0,0.04521574825048447,periodic,95
1776,27.5,Re_027.500,24.249999999999,0.028041861951351166,periodic,96
1777,27.5,Re_027.500,24.499999999999,0.011031261645257473,periodic,97
1778,27.5,Re_027.500,24.749999999999,0.9941351413726807,periodic,98
1779,27.5,Re_027.500,24.999999999999,0.9773091077804565,periodic,99
1780,27.5,Re_027.500,25.249999999999,0.9605141878128052,periodic,100
1781,27.5,Re_027.500,25.499999999999,0.9437167048454285,periodic,101
1782,27.5,Re_027.500,25.749999999999,0.9268888235092163,periodic,102
1783,27.5,Re_027.500,25.999999999999,0.9100087285041809,periodic,103
1784,27.5,Re_027.500,26.249999999999,0.8930607438087463,periodic,104
1785,27.5,Re_027.500,26.499999999999,0.876035213470459,periodic,105
1786,27.5,Re_027.500,26.749999999999,0.8589279055595398,periodic,106
1787,27.5,Re_027.500,26.999999999999,0.8417397737503052,periodic,107
1788,27.5,Re_027.500,27.249999999999,0.8244759440422058,periodic,108
1789,27.5,Re_027.500,27.499999999999,0.8071447610855103,periodic,109
1790,27.5,Re_027.500,27.749999999999,0.7897573709487915,periodic,110
1791,27.5,Re_027.500,27.999999999999,0.7723251581192017,periodic,111
1792,27.5,Re_027.500,28.249999999999,0.7548593282699585,periodic,112
1793,27.5,Re_027.500,28.499999999999,0.7373694181442261,periodic,113
1794,27.5,Re_027.500,28.749999999999,0.7198616862297058,periodic,114
1795,27.5,Re_027.500,28.999999999999,0.7023383378982544,periodic,115
1796,27.5,Re_027.500,29.249999999998,0.6847968101501465,periodic,116
1797,27.5,Re_027.500,29.499999999998,0.6672294735908508,periodic,117
1798,27.5,Re_027.500,29.749999999998,0.6496224403381348,periodic,118
1799,27.5,Re_027.500,29.999999999998,0.6319564580917358,periodic,119
1800,27.5,Re_027.500,30.249999999998,0.6142067909240723,periodic,120
1801,27.5,Re_027.500,30.499999999998,0.5963438749313354,periodic,121
1802,27.5,Re_027.500,30.749999999998,0.5783342123031616,periodic,122
1803,27.5,Re_027.500,30.999999999998,0.5601414442062378,periodic,123
1804,27.5,Re_027.500,31.249999999998,0.5417283773422241,periodic,124
1805,27.5,Re_027.500,31.499999999998,0.5230578184127808,periodic,125
1806,27.5,Re_027.500,31.749999999998,0.5040960907936096,periodic,126
1807,27.5,Re_027.500,31.999999999998,0.48481473326683044,periodic,127
1808,27.5,Re_027.500,32.249999999998,0.465193510055542,periodic,128
1809,27.5,Re_027.500,32.499999999998,0.44522345066070557,periodic,129
1810,27.5,Re_027.500,32.749999999998,0.42490991950035095,periodic,130
1811,27.5,Re_027.500,32.999999999998,0.40427517890930176,periodic,131
1812,27.5,Re_027.500,33.249999999999,0.38335901498794556,periodic,132
1813,27.5,Re_027.500,33.499999999999,0.3622187674045563,periodic,133
1814,27.5,Re_027.500,33.749999999999,0.340927392244339,periodic,134
1815,27.5,Re_027.500,33.999999999999,0.3195692002773285,periodic,135
1816,27.5,Re_027.500,34.249999999999,0.29823508858680725,periodic,136
1817,27.5,Re_027.500,34.499999999999,0.27701520919799805,periodic,137
1818,27.5,Re_027.500,34.749999999999,0.2559930086135864,periodic,138
1819,27.5,Re_027.500,34.999999999999,0.23524005711078644,periodic,139
1820,27.5,Re_027.500,35.25,0.2148112654685974,periodic,140
1821,27.5,Re_027.500,35.5,0.19474391639232635,periodic,141
1822,27.5,Re_027.500,35.75,0.17505693435668945,periodic,142
1823,27.5,Re_027.500,36.0,0.1557522714138031,periodic,143
1824,27.5,Re_027.500,36.25,0.13681696355342865,periodic,144
1825,27.5,Re_027.500,36.5,0.11822628229856491,periodic,145
1826,27.5,Re_027.500,36.75,0.09994618594646454,periodic,146
1827,27.5,Re_027.500,37.0,0.08193639665842056,periodic,147
1828,27.5,Re_027.500,37.250000000001,0.06415270268917084,periodic,148
1829,27.5,Re_027.500,37.500000000001,0.04654920473694801,periodic,149
1830,27.5,Re_027.500,37.750000000001,0.029079828411340714,periodic,150
1831,27.5,Re_027.500,38.000000000001,0.011700081638991833,periodic,151
1832,27.5,Re_027.500,38.250000000001,0.9943682551383972,periodic,152
1833,27.5,Re_027.500,38.500000000001,0.9770462512969971,periodic,153
1834,27.5,Re_027.500,38.750000000001,0.9597007632255554,periodic,154
1835,27.5,Re_027.500,39.000000000001,0.9423041343688965,periodic,155
1836,27.5,Re_027.500,39.250000000002,0.9248343110084534,periodic,156
1837,27.5,Re_027.500,39.500000000002,0.9072760343551636,periodic,157
1838,27.5,Re_027.500,39.750000000002,0.889620840549469,periodic,158
1839,27.5,Re_027.500,40.000000000002,0.8718668222427368,periodic,159
1840,27.5,Re_027.500,40.250000000002,0.8540184497833252,periodic,160
1841,27.5,Re_027.500,40.500000000002,0.8360860347747803,periodic,161
1842,27.5,Re_027.500,40.750000000002,0.8180844783782959,periodic,162
1843,27.5,Re_027.500,41.000000000003,0.8000319004058838,periodic,163
1844,27.5,Re_027.500,41.250000000003,0.781948447227478,periodic,164
1845,27.5,Re_027.500,41.500000000003,0.7638542652130127,periodic,165
1846,27.5,Re_027.500,41.750000000003,0.7457682490348816,periodic,166
1847,27.5,Re_027.500,42.000000000003,0.7277058959007263,periodic,167
1848,27.5,Re_027.500,42.250000000003,0.7096779942512512,periodic,168
1849,27.5,Re_027.500,42.500000000003,0.6916903853416443,periodic,169
1850,27.5,Re_027.500,42.750000000003,0.6737422943115234,periodic,170
1851,27.5,Re_027.500,43.000000000004,0.6558266878128052,periodic,171
1852,27.5,Re_027.500,43.250000000004,0.6379297971725464,periodic,172
1853,27.5,Re_027.500,43.500000000004,0.6200317740440369,periodic,173
1854,27.5,Re_027.500,43.750000000004,0.6021077632904053,periodic,174
1855,27.5,Re_027.500,44.000000000004,0.5841281414031982,periodic,175
1856,27.5,Re_027.500,44.250000000004,0.5660605430603027,periodic,176
1857,27.5,Re_027.500,44.500000000004,0.547870397567749,periodic,177
1858,27.5,Re_027.500,44.750000000004,0.5295227766036987,periodic,178
1859,27.5,Re_027.500,45.000000000005,0.5109837055206299,periodic,179
1860,27.5,Re_027.500,45.250000000005,0.4922232925891876,periodic,180
1861,27.5,Re_027.500,45.500000000005,0.47321707010269165,periodic,181
1862,27.5,Re_027.500,45.750000000005,0.45394858717918396,periodic,182
1863,27.5,Re_027.500,46.000000000005,0.4344114363193512,periodic,183
1864,27.5,Re_027.500,46.250000000005,0.41461142897605896,periodic,184
1865,27.5,Re_027.500,46.500000000005,0.3945673406124115,periodic,185
1866,27.5,Re_027.500,46.750000000005,0.37431222200393677,periodic,186
1867,27.5,Re_027.500,47.000000000006,0.35389193892478943,periodic,187
1868,27.5,Re_027.500,47.250000000006,0.3333636522293091,periodic,188
1869,27.5,Re_027.500,47.500000000006,0.31279265880584717,periodic,189
1870,27.5,Re_027.500,47.750000000006,0.2922477722167969,periodic,190
1871,27.5,Re_027.500,48.000000000006,0.2717974781990051,periodic,191
1872,27.5,Re_027.500,48.250000000006,0.25150471925735474,periodic,192
1873,27.5,Re_027.500,48.500000000006,0.23142336308956146,periodic,193
1874,27.5,Re_027.500,48.750000000006,0.2115948498249054,periodic,194
1875,27.5,Re_027.500,49.000000000007,0.19204692542552948,periodic,195
1876,27.5,Re_027.500,49.250000000007,0.1727934032678604,periodic,196
1877,27.5,Re_027.500,49.500000000007,0.15383464097976685,periodic,197
1878,27.5,Re_027.500,49.750000000007,0.13515889644622803,periodic,198
1879,27.5,Re_027.500,50.000000000007,0.11674457043409348,periodic,199
1880,27.5,Re_027.500,50.250000000007,0.09856188297271729,periodic,200
1881,27.5,Re_027.500,50.500000000007,0.0805756002664566,periodic,201
1882,27.5,Re_027.500,50.750000000008,0.06274668127298355,periodic,202
1883,27.5,Re_027.500,51.000000000008,0.045033831149339676,periodic,203
1884,27.5,Re_027.500,51.250000000008,0.027395710349082947,periodic,204
1885,27.5,Re_027.500,51.500000000008,0.009791932068765163,periodic,205
1886,27.5,Re_027.500,51.750000000008,0.9921847581863403,periodic,206
1887,27.5,Re_027.500,52.000000000008,0.9745402932167053,periodic,207
1888,27.5,Re_027.500,52.250000000008,0.9568294286727905,periodic,208
1889,27.5,Re_027.500,52.500000000008,0.9390289187431335,periodic,209
1890,27.5,Re_027.500,52.750000000009,0.9211218953132629,periodic,210
1891,27.5,Re_027.500,53.000000000009,0.9030989408493042,periodic,211
1892,27.5,Re_027.500,53.250000000009,0.8849580883979797,periodic,212
1893,27.5,Re_027.500,53.500000000009,0.8667048215866089,periodic,213
1894,27.5,Re_027.500,53.750000000009,0.8483514785766602,periodic,214
1895,27.5,Re_027.500,54.000000000009,0.8299165964126587,periodic,215
1896,27.5,Re_027.500,54.250000000009,0.8114234209060669,periodic,216
1897,27.5,Re_027.500,54.500000000009,0.7928979992866516,periodic,217
1898,27.5,Re_027.500,54.75000000001,0.7743674516677856,periodic,218
1899,27.5,Re_027.500,55.00000000001,0.7558581829071045,periodic,219
1900,27.5,Re_027.500,55.25000000001,0.7373932600021362,periodic,220
1901,27.5,Re_027.500,55.50000000001,0.7189916372299194,periodic,221
1902,27.5,Re_027.500,55.75000000001,0.7006661295890808,periodic,222
1903,27.5,Re_027.500,56.00000000001,0.6824228167533875,periodic,223
1904,27.5,Re_027.500,56.25000000001,0.6642603874206543,periodic,224
1905,27.5,Re_027.500,56.50000000001,0.6461705565452576,periodic,225
1906,27.5,Re_027.500,56.750000000011,0.6281378865242004,periodic,226
1907,27.5,Re_027.500,57.000000000011,0.6101405620574951,periodic,227
1908,27.5,Re_027.500,57.250000000011,0.5921521186828613,periodic,228
1909,27.5,Re_027.500,57.500000000011,0.5741416215896606,periodic,229
1910,27.5,Re_027.500,57.750000000011,0.5560756921768188,periodic,230
1911,27.5,Re_027.500,58.000000000011,0.5379194021224976,periodic,231
1912,27.5,Re_027.500,58.250000000011,0.5196385383605957,periodic,232
1913,27.5,Re_027.500,58.500000000011,0.501200795173645,periodic,233
1914,27.5,Re_027.500,58.750000000012,0.48257797956466675,periodic,234
1915,27.5,Re_027.500,59.000000000012,0.46374788880348206,periodic,235
1916,27.5,Re_027.500,59.250000000012,0.4446963369846344,periodic,236
1917,27.5,Re_027.500,59.500000000012,0.4254186153411865,periodic,237
1918,27.5,Re_027.500,59.750000000012,0.40592071413993835,periodic,238
1919,27.5,Re_027.500,60.000000000012,0.38622069358825684,periodic,239
1920,27.5,Re_027.500,60.250000000012,0.36634841561317444,periodic,240
1921,27.5,Re_027.500,60.500000000012,0.3463442623615265,periodic,241
1922,27.5,Re_027.500,60.750000000013,0.3262577950954437,periodic,242
1923,27.5,Re_027.500,61.000000000013,0.3061445653438568,periodic,243
1924,27.5,Re_027.500,61.250000000013,0.2860625982284546,periodic,244
1925,27.5,Re_027.500,61.500000000013,0.2660687565803528,periodic,245
1926,27.5,Re_027.500,61.750000000013,0.24621480703353882,periodic,246
1927,27.5,Re_027.500,62.000000000013,0.22654412686824799,periodic,247
1928,27.5,Re_027.500,62.250000000013,0.20708972215652466,periodic,248
1929,27.5,Re_027.500,62.500000000014,0.18787287175655365,periodic,249
1930,27.5,Re_027.500,62.750000000014,0.16890259087085724,periodic,250
1931,27.5,Re_027.500,63.000000000014,0.15017648041248322,periodic,251
1932,27.5,Re_027.500,63.250000000014,0.13168172538280487,periodic,252
1933,27.5,Re_027.500,63.500000000014,0.11339692026376724,periodic,253
1934,27.5,Re_027.500,63.750000000014,0.09529326111078262,periodic,254
1935,27.5,Re_027.500,64.000000000014,0.07733695209026337,periodic,255
1936,28.0,Re_028.000,0.25,0.8694940805435181,periodic,0
1937,28.0,Re_028.000,1.25,0.8026435375213623,periodic,1
1938,28.0,Re_028.000,2.25,0.7278801798820496,periodic,2
1939,28.0,Re_028.000,3.25,0.6441471576690674,periodic,3
1940,28.0,Re_028.000,4.25,0.551651120185852,periodic,4
1941,28.0,Re_028.000,5.25,0.4538452625274658,periodic,5
1942,28.0,Re_028.000,6.25,0.35840627551078796,periodic,6
1943,28.0,Re_028.000,7.25,0.27244672179222107,periodic,7
1944,28.0,Re_028.000,8.5,0.18032188713550568,periodic,8
1945,28.0,Re_028.000,9.5,0.11560124158859253,periodic,9
1946,28.0,Re_028.000,10.5,0.05502207577228546,periodic,10
1947,28.0,Re_028.000,11.5,0.9953704476356506,periodic,11
1948,28.0,Re_028.000,12.5,0.9339002370834351,periodic,12
1949,28.0,Re_028.000,13.5,0.8684326410293579,periodic,13
1950,28.0,Re_028.000,14.5,0.7977002859115601,periodic,14
1951,28.0,Re_028.000,15.500000000001,0.7217158079147339,periodic,15
1952,28.0,Re_028.000,16.500000000001,0.6414806246757507,periodic,16
1953,28.0,Re_028.000,17.500000000001,0.5579913854598999,periodic,17
1954,28.0,Re_028.000,18.500000000001,0.47194814682006836,periodic,18
1955,28.0,Re_028.000,19.5,0.3850843012332916,periodic,19
1956,28.0,Re_028.000,20.5,0.30098384618759155,periodic,20
1957,28.0,Re_028.000,21.5,0.22302304208278656,periodic,21
1958,28.0,Re_028.000,22.5,0.1519007682800293,periodic,22
1959,28.0,Re_028.000,23.5,0.08581521362066269,periodic,23
1960,28.0,Re_028.000,24.749999999999,0.005925099365413189,periodic,24
1961,28.0,Re_028.000,25.749999999999,0.9407179355621338,periodic,25
1962,28.0,Re_028.000,26.749999999999,0.8720240592956543,periodic,26
1963,28.0,Re_028.000,27.749999999999,0.7990809679031372,periodic,27
1964,28.0,Re_028.000,28.749999999999,0.7227815389633179,periodic,28
1965,28.0,Re_028.000,29.749999999998,0.644812822341919,periodic,29
1966,28.0,Re_028.000,30.749999999998,0.5660487413406372,periodic,30
1967,28.0,Re_028.000,31.749999999998,0.48606982827186584,periodic,31
1968,28.0,Re_028.000,32.749999999998,0.40451934933662415,periodic,32
1969,28.0,Re_028.000,33.749999999999,0.322837233543396,periodic,33
1970,28.0,Re_028.000,34.749999999999,0.24400542676448822,periodic,34
1971,28.0,Re_028.000,35.75,0.17010915279388428,periodic,35
1972,28.0,Re_028.000,36.75,0.10079603642225266,periodic,36
1973,28.0,Re_028.000,37.750000000001,0.03389686346054077,periodic,37
1974,28.0,Re_028.000,38.750000000001,0.9666727185249329,periodic,38
1975,28.0,Re_028.000,39.750000000002,0.896824300289154,periodic,39
1976,28.0,Re_028.000,41.000000000003,0.8045505285263062,periodic,40
1977,28.0,Re_028.000,42.000000000003,0.7280882596969604,periodic,41
1978,28.0,Re_028.000,43.000000000004,0.6513592600822449,periodic,42
1979,28.0,Re_028.000,44.000000000004,0.5751257538795471,periodic,43
1980,28.0,Re_028.000,45.000000000005,0.49850985407829285,periodic,44
1981,28.0,Re_028.000,46.000000000005,0.4202648997306824,periodic,45
1982,28.0,Re_028.000,47.000000000006,0.3405969738960266,periodic,46
1983,28.0,Re_028.000,48.000000000006,0.26175442337989807,periodic,47
1984,28.5,Re_028.500,0.25,0.8633361458778381,periodic,0
1985,28.5,Re_028.500,1.25,0.7972584962844849,periodic,1
1986,28.5,Re_028.500,2.25,0.7233256101608276,periodic,2
1987,28.5,Re_028.500,3.25,0.6400947570800781,periodic,3
1988,28.5,Re_028.500,4.25,0.547116756439209,periodic,4
1989,28.5,Re_028.500,5.25,0.44766101241111755,periodic,5
1990,28.5,Re_028.500,6.25,0.35046467185020447,periodic,6
1991,28.5,Re_028.500,7.25,0.2636931240558624,periodic,7
1992,28.5,Re_028.500,8.5,0.17164504528045654,periodic,8
1993,28.5,Re_028.500,9.5,0.10726939141750336,periodic,9
1994,28.5,Re_028.500,10.5,0.04700598120689392,periodic,10
1995,28.5,Re_028.500,11.5,0.9875766634941101,periodic,11
1996,28.5,Re_028.500,12.5,0.9262657761573792,periodic,12
1997,28.5,Re_028.500,13.5,0.8609739542007446,periodic,13
1998,28.5,Re_028.500,14.5,0.7905167937278748,periodic,14
1999,28.5,Re_028.500,15.500000000001,0.7148923873901367,periodic,15
2000,28.5,Re_028.500,16.500000000001,0.6349172592163086,periodic,16
2001,28.5,Re_028.500,17.500000000001,0.5513173341751099,periodic,17
2002,28.5,Re_028.500,18.500000000001,0.46468979120254517,periodic,18
2003,28.5,Re_028.500,19.5,0.3770364224910736,periodic,19
2004,28.5,Re_028.500,20.5,0.29241469502449036,periodic,20
2005,28.5,Re_028.500,21.5,0.2143709808588028,periodic,21
2006,28.5,Re_028.500,22.5,0.14341162145137787,periodic,22
2007,28.5,Re_028.500,23.5,0.07749360054731369,periodic,23
2008,28.5,Re_028.500,24.749999999999,0.9976449012756348,periodic,24
2009,28.5,Re_028.500,25.749999999999,0.9323420524597168,periodic,25
2010,28.5,Re_028.500,26.749999999999,0.8635393381118774,periodic,26
2011,28.5,Re_028.500,27.749999999999,0.7906085252761841,periodic,27
2012,28.5,Re_028.500,28.749999999999,0.7144988775253296,periodic,28
2013,28.5,Re_028.500,29.749999999998,0.6367727518081665,periodic,29
2014,28.5,Re_028.500,30.749999999998,0.5580751895904541,periodic,30
2015,28.5,Re_028.500,31.749999999998,0.4778606593608856,periodic,31
2016,28.5,Re_028.500,32.749999999998,0.39587706327438354,periodic,32
2017,28.5,Re_028.500,33.749999999999,0.3138534128665924,periodic,33
2018,28.5,Re_028.500,34.749999999999,0.2349669188261032,periodic,34
2019,28.5,Re_028.500,35.75,0.16121584177017212,periodic,35
2020,28.5,Re_028.500,36.75,0.09203677624464035,periodic,36
2021,28.5,Re_028.500,37.750000000001,0.025118397548794746,periodic,37
2022,28.5,Re_028.500,38.750000000001,0.9577008485794067,periodic,38
2023,28.5,Re_028.500,39.750000000002,0.8875761032104492,periodic,39
2024,28.5,Re_028.500,41.000000000003,0.7951099276542664,periodic,40
2025,28.5,Re_028.500,42.000000000003,0.7187647223472595,periodic,41
2026,28.5,Re_028.500,43.000000000004,0.6422895193099976,periodic,42
2027,28.5,Re_028.500,44.000000000004,0.5662079453468323,periodic,43
2028,28.5,Re_028.500,45.000000000005,0.48948943614959717,periodic,44
2029,28.5,Re_028.500,46.000000000005,0.41093650460243225,periodic,45
2030,28.5,Re_028.500,47.000000000006,0.33098646998405457,periodic,46
2031,28.5,Re_028.500,48.000000000006,0.25210124254226685,periodic,47
2032,29.0,Re_029.000,0.25,0.8619742393493652,periodic,0
2033,29.0,Re_029.000,1.25,0.7966670393943787,periodic,1
2034,29.0,Re_029.000,2.25,0.7234344482421875,periodic,2
2035,29.0,Re_029.000,3.25,0.6405140161514282,periodic,3
2036,29.0,Re_029.000,4.25,0.5469951033592224,periodic,4
2037,29.0,Re_029.000,5.25,0.4460735023021698,periodic,5
2038,29.0,Re_029.000,6.25,0.34738507866859436,periodic,6
2039,29.0,Re_029.000,7.25,0.25990769267082214,periodic,7
2040,29.0,Re_029.000,8.5,0.1678491085767746,periodic,8
2041,29.0,Re_029.000,9.5,0.1037229374051094,periodic,9
2042,29.0,Re_029.000,10.5,0.04375182464718819,periodic,10
2043,29.0,Re_029.000,11.5,0.9846137762069702,periodic,11
2044,29.0,Re_029.000,12.5,0.923595130443573,periodic,12
2045,29.0,Re_029.000,13.5,0.8586090207099915,periodic,13
2046,29.0,Re_029.000,14.5,0.7884576916694641,periodic,14
2047,29.0,Re_029.000,15.500000000001,0.7130758762359619,periodic,15
2048,29.0,Re_029.000,16.500000000001,0.6331709623336792,periodic,16
2049,29.0,Re_029.000,17.500000000001,0.5493733882904053,periodic,17
2050,29.0,Re_029.000,18.500000000001,0.46228182315826416,periodic,18
2051,29.0,Re_029.000,19.5,0.37406685948371887,periodic,19
2052,29.0,Re_029.000,20.5,0.28903964161872864,periodic,20
2053,29.0,Re_029.000,21.5,0.21085038781166077,periodic,21
2054,29.0,Re_029.000,22.5,0.1399192065000534,periodic,22
2055,29.0,Re_029.000,23.5,0.07408814877271652,periodic,23
2056,29.0,Re_029.000,24.749999999999,0.9943400621414185,periodic,24
2057,29.0,Re_029.000,25.749999999999,0.9290933609008789,periodic,25
2058,29.0,Re_029.000,26.749999999999,0.8603429198265076,periodic,26
2059,29.0,Re_029.000,27.749999999999,0.7874834537506104,periodic,27
2060,29.0,Re_029.000,28.749999999999,0.7114616632461548,periodic,28
2061,29.0,Re_029.000,29.749999999998,0.6337954998016357,periodic,29
2062,29.0,Re_029.000,30.749999999998,0.555069625377655,periodic,30
2063,29.0,Re_029.000,31.749999999998,0.4747089743614197,periodic,31
2064,29.0,Re_029.000,32.749999999998,0.3924989700317383,periodic,32
2065,29.0,Re_029.000,33.749999999999,0.3102739453315735,periodic,33
2066,29.0,Re_029.000,34.749999999999,0.23129507899284363,periodic,34
2067,29.0,Re_029.000,35.75,0.15754321217536926,periodic,35
2068,29.0,Re_029.000,36.75,0.08838382363319397,periodic,36
2069,29.0,Re_029.000,37.750000000001,0.021451743319630623,periodic,37
2070,29.0,Re_029.000,38.750000000001,0.9539734721183777,periodic,38
2071,29.0,Re_029.000,39.750000000002,0.8837640285491943,periodic,39
2072,29.0,Re_029.000,41.000000000003,0.7912388443946838,periodic,40
2073,29.0,Re_029.000,42.000000000003,0.7149293422698975,periodic,41
2074,29.0,Re_029.000,43.000000000004,0.6385297775268555,periodic,42
2075,29.0,Re_029.000,44.000000000004,0.5624864101409912,periodic,43
2076,29.0,Re_029.000,45.000000000005,0.4857187569141388,periodic,44
2077,29.0,Re_029.000,46.000000000005,0.40704336762428284,periodic,45
2078,29.0,Re_029.000,47.000000000006,0.3269720673561096,periodic,46
2079,29.0,Re_029.000,48.000000000006,0.2480374425649643,periodic,47
2080,29.5,Re_029.500,0.25,0.8140550851821899,periodic,0
2081,29.5,Re_029.500,0.5,0.8002350926399231,periodic,1
2082,29.5,Re_029.500,0.75,0.7863468527793884,periodic,2
2083,29.5,Re_029.500,1.0,0.7723830938339233,periodic,3
2084,29.5,Re_029.500,1.25,0.7583360075950623,periodic,4
2085,29.5,Re_029.500,1.5,0.7441962361335754,periodic,5
2086,29.5,Re_029.500,1.75,0.7299528121948242,periodic,6
2087,29.5,Re_029.500,2.0,0.7155914306640625,periodic,7
2088,29.5,Re_029.500,2.25,0.7010940909385681,periodic,8
2089,29.5,Re_029.500,2.5,0.6864380836486816,periodic,9
2090,29.5,Re_029.500,2.75,0.6715953350067139,periodic,10
2091,29.5,Re_029.500,3.0,0.6565312743186951,periodic,11
2092,29.5,Re_029.500,3.25,0.6412036418914795,periodic,12
2093,29.5,Re_029.500,3.5,0.6255614757537842,periodic,13
2094,29.5,Re_029.500,3.75,0.6095442771911621,periodic,14
2095,29.5,Re_029.500,4.0,0.5930803418159485,periodic,15
2096,29.5,Re_029.500,4.25,0.5760864019393921,periodic,16
2097,29.5,Re_029.500,4.5,0.5584670305252075,periodic,17
2098,29.5,Re_029.500,4.75,0.5401142835617065,periodic,18
2099,29.5,Re_029.500,5.0,0.520910382270813,periodic,19
2100,29.5,Re_029.500,5.25,0.500731348991394,periodic,20
2101,29.5,Re_029.500,5.5,0.47945597767829895,periodic,21
2102,29.5,Re_029.500,5.75,0.4569798707962036,periodic,22
2103,29.5,Re_029.500,6.0,0.43323567509651184,periodic,23
2104,29.5,Re_029.500,6.25,0.40822046995162964,periodic,24
2105,29.5,Re_029.500,6.5,0.3820248544216156,periodic,25
2106,29.5,Re_029.500,6.75,0.3548540472984314,periodic,26
2107,29.5,Re_029.500,7.0,0.32703110575675964,periodic,27
2108,29.5,Re_029.500,7.25,0.2989687919616699,periodic,28
2109,29.5,Re_029.500,7.5,0.27111464738845825,periodic,29
2110,29.5,Re_029.500,7.75,0.24388398230075836,periodic,30
2111,29.5,Re_029.500,8.0,0.21760234236717224,periodic,31
2112,29.5,Re_029.500,8.25,0.192478746175766,periodic,32
2113,29.5,Re_029.500,8.5,0.16860486567020416,periodic,33
2114,29.5,Re_029.500,8.75,0.14597785472869873,periodic,34
2115,29.5,Re_029.500,9.0,0.12452913075685501,periodic,35
2116,29.5,Re_029.500,9.25,0.10415079444646835,periodic,36
2117,29.5,Re_029.500,9.5,0.0847170352935791,periodic,37
2118,29.5,Re_029.500,9.75,0.06609822064638138,periodic,38
2119,29.5,Re_029.500,10.0,0.04816974699497223,periodic,39
2120,29.5,Re_029.500,10.25,0.030816741287708282,periodic,40
2121,29.5,Re_029.500,10.5,0.013935750350356102,periodic,41
2122,29.5,Re_029.500,10.75,0.9974352717399597,periodic,42
2123,29.5,Re_029.500,11.0,0.981235682964325,periodic,43
2124,29.5,Re_029.500,11.25,0.9652683138847351,periodic,44
2125,29.5,Re_029.500,11.5,0.9494743943214417,periodic,45
2126,29.5,Re_029.500,11.75,0.9338042140007019,periodic,46
2127,29.5,Re_029.500,12.0,0.9182159304618835,periodic,47
2128,29.5,Re_029.500,12.25,0.9026750922203064,periodic,48
2129,29.5,Re_029.500,12.5,0.8871541023254395,periodic,49
2130,29.5,Re_029.500,12.75,0.8716315031051636,periodic,50
2131,29.5,Re_029.500,13.0,0.8560906648635864,periodic,51
2132,29.5,Re_029.500,13.25,0.8405194878578186,periodic,52
2133,29.5,Re_029.500,13.5,0.8249097466468811,periodic,53
2134,29.5,Re_029.500,13.75,0.8092557191848755,periodic,54
2135,29.5,Re_029.500,14.0,0.7935541272163391,periodic,55
2136,29.5,Re_029.500,14.25,0.7778027057647705,periodic,56
2137,29.5,Re_029.500,14.5,0.7619995474815369,periodic,57
2138,29.5,Re_029.500,14.75,0.7461415529251099,periodic,58
2139,29.5,Re_029.500,15.0,0.7302241325378418,periodic,59
2140,29.5,Re_029.500,15.25,0.7142400741577148,periodic,60
2141,29.5,Re_029.500,15.500000000001,0.6981785893440247,periodic,61
2142,29.5,Re_029.500,15.750000000001,0.6820253133773804,periodic,62
2143,29.5,Re_029.500,16.000000000001,0.66576087474823,periodic,63
2144,29.5,Re_029.500,16.250000000001,0.649360179901123,periodic,64
2145,29.5,Re_029.500,16.500000000001,0.6327930688858032,periodic,65
2146,29.5,Re_029.500,16.750000000001,0.616023063659668,periodic,66
2147,29.5,Re_029.500,17.000000000001,0.599008321762085,periodic,67
2148,29.5,Re_029.500,17.250000000001,0.5817012786865234,periodic,68
2149,29.5,Re_029.500,17.500000000001,0.5640493035316467,periodic,69
2150,29.5,Re_029.500,17.750000000001,0.5459957122802734,periodic,70
2151,29.5,Re_029.500,18.000000000001,0.527481734752655,periodic,71
2152,29.5,Re_029.500,18.250000000001,0.5084490776062012,periodic,72
2153,29.5,Re_029.500,18.500000000001,0.4888436496257782,periodic,73
2154,29.5,Re_029.500,18.750000000001,0.4686208665370941,periodic,74
2155,29.5,Re_029.500,19.000000000001,0.4477510154247284,periodic,75
2156,29.5,Re_029.500,19.25,0.42622753977775574,periodic,76
2157,29.5,Re_029.500,19.5,0.4040732681751251,periodic,77
2158,29.5,Re_029.500,19.75,0.3813469707965851,periodic,78
2159,29.5,Re_029.500,20.0,0.3581463396549225,periodic,79
2160,29.5,Re_029.500,20.25,0.33460602164268494,periodic,80
2161,29.5,Re_029.500,20.5,0.3108895719051361,periodic,81
2162,29.5,Re_029.500,20.75,0.2871767580509186,periodic,82
2163,29.5,Re_029.500,21.0,0.26364704966545105,periodic,83
2164,29.5,Re_029.500,21.25,0.2404630482196808,periodic,84
2165,29.5,Re_029.500,21.5,0.21775738894939423,periodic,85
2166,29.5,Re_029.500,21.75,0.19562533497810364,periodic,86
2167,29.5,Re_029.500,22.0,0.17412205040454865,periodic,87
2168,29.5,Re_029.500,22.25,0.1532670110464096,periodic,88
2169,29.5,Re_029.500,22.5,0.13304908573627472,periodic,89
2170,29.5,Re_029.500,22.75,0.11343400180339813,periodic,90
2171,29.5,Re_029.500,23.0,0.09437176585197449,periodic,91
2172,29.5,Re_029.500,23.25,0.07580268383026123,periodic,92
2173,29.5,Re_029.500,23.5,0.05766214802861214,periodic,93
2174,29.5,Re_029.500,23.75,0.039884600788354874,periodic,94
2175,29.5,Re_029.500,24.0,0.02240607887506485,periodic,95
2176,29.5,Re_029.500,24.249999999999,0.00516597181558609,periodic,96
2177,29.5,Re_029.500,24.499999999999,0.988108217716217,periodic,97
2178,29.5,Re_029.500,24.749999999999,0.9711825847625732,periodic,98
2179,29.5,Re_029.500,24.999999999999,0.9543449282646179,periodic,99
2180,29.5,Re_029.500,25.249999999999,0.9375571012496948,periodic,100
2181,29.5,Re_029.500,25.499999999999,0.9207874536514282,periodic,101
2182,29.5,Re_029.500,25.749999999999,0.9040109515190125,periodic,102
2183,29.5,Re_029.500,25.999999999999,0.8872087597846985,periodic,103
2184,29.5,Re_029.500,26.249999999999,0.870368242263794,periodic,104
2185,29.5,Re_029.500,26.499999999999,0.8534823656082153,periodic,105
2186,29.5,Re_029.500,26.749999999999,0.8365491032600403,periodic,106
2187,29.5,Re_029.500,26.999999999999,0.8195701837539673,periodic,107
2188,29.5,Re_029.500,27.249999999999,0.802550733089447,periodic,108
2189,29.5,Re_029.500,27.499999999999,0.7854979038238525,periodic,109
2190,29.5,Re_029.500,27.749999999999,0.768419623374939,periodic,110
2191,29.5,Re_029.500,27.999999999999,0.7513235211372375,periodic,111
2192,29.5,Re_029.500,28.249999999999,0.7342155575752258,periodic,112
2193,29.5,Re_029.500,28.499999999999,0.7170986533164978,periodic,113
2194,29.5,Re_029.500,28.749999999999,0.69997239112854,periodic,114
2195,29.5,Re_029.500,28.999999999999,0.6828314065933228,periodic,115
2196,29.5,Re_029.500,29.249999999998,0.6656654477119446,periodic,116
2197,29.5,Re_029.500,29.499999999998,0.6484583616256714,periodic,117
2198,29.5,Re_029.500,29.749999999998,0.6311888694763184,periodic,118
2199,29.5,Re_029.500,29.999999999998,0.6138302683830261,periodic,119
2200,29.5,Re_029.500,30.249999999998,0.5963510274887085,periodic,120
2201,29.5,Re_029.500,30.499999999998,0.5787153244018555,periodic,121
2202,29.5,Re_029.500,30.749999999998,0.5608839988708496,periodic,122
2203,29.5,Re_029.500,30.999999999998,0.5428155660629272,periodic,123
2204,29.5,Re_029.500,31.249999999998,0.5244680643081665,periodic,124
2205,29.5,Re_029.500,31.499999999998,0.5058008432388306,periodic,125
2206,29.5,Re_029.500,31.749999999998,0.4867773950099945,periodic,126
2207,29.5,Re_029.500,31.999999999998,0.467367947101593,periodic,127
2208,29.5,Re_029.500,32.249999999998,0.44755324721336365,periodic,128
2209,29.5,Re_029.500,32.499999999998,0.4273279011249542,periodic,129
2210,29.5,Re_029.500,32.749999999998,0.4067036807537079,periodic,130
2211,29.5,Re_029.500,32.999999999998,0.3857118487358093,periodic,131
2212,29.5,Re_029.500,33.249999999999,0.3644046187400818,periodic,132
2213,29.5,Re_029.500,33.499999999999,0.342853844165802,periodic,133
2214,29.5,Re_029.500,33.749999999999,0.3211483657360077,periodic,134
2215,29.5,Re_029.500,33.999999999999,0.2993886470794678,periodic,135
2216,29.5,Re_029.500,34.249999999999,0.2776793837547302,periodic,136
2217,29.5,Re_029.500,34.499999999999,0.25612151622772217,periodic,137
2218,29.5,Re_029.500,34.749999999999,0.23480519652366638,periodic,138
2219,29.5,Re_029.500,34.999999999999,0.21380417048931122,periodic,139
2220,29.5,Re_029.500,35.25,0.19317206740379333,periodic,140
2221,29.5,Re_029.500,35.5,0.1729412078857422,periodic,141
2222,29.5,Re_029.500,35.75,0.15312352776527405,periodic,142
2223,29.5,Re_029.500,36.0,0.13371290266513824,periodic,143
2224,29.5,Re_029.500,36.25,0.1146884635090828,periodic,144
2225,29.5,Re_029.500,36.5,0.09601788967847824,periodic,145
2226,29.5,Re_029.500,36.75,0.07766088843345642,periodic,146
2227,29.5,Re_029.500,37.0,0.05957238748669624,periodic,147
2228,29.5,Re_029.500,37.250000000001,0.04170439764857292,periodic,148
2229,29.5,Re_029.500,37.500000000001,0.024008825421333313,periodic,149
2230,29.5,Re_029.500,37.750000000001,0.0064390054903924465,periodic,150
2231,29.5,Re_029.500,38.000000000001,0.9889508485794067,periodic,151
2232,29.5,Re_029.500,38.250000000001,0.9715043306350708,periodic,152
2233,29.5,Re_029.500,38.500000000001,0.9540643692016602,periodic,153
2234,29.5,Re_029.500,38.750000000001,0.9366017580032349,periodic,154
2235,29.5,Re_029.500,39.000000000001,0.9190933108329773,periodic,155
2236,29.5,Re_029.500,39.250000000002,0.9015228152275085,periodic,156
2237,29.5,Re_029.500,39.500000000002,0.883880615234375,periodic,157
2238,29.5,Re_029.500,39.750000000002,0.8661638498306274,periodic,158
2239,29.5,Re_029.500,40.000000000002,0.8483757972717285,periodic,159
2240,29.5,Re_029.500,40.250000000002,0.8305249810218811,periodic,160
2241,29.5,Re_029.500,40.500000000002,0.8126250505447388,periodic,161
2242,29.5,Re_029.500,40.750000000002,0.7946924567222595,periodic,162
2243,29.5,Re_029.500,41.000000000003,0.7767453193664551,periodic,163
2244,29.5,Re_029.500,41.250000000003,0.7588016986846924,periodic,164
2245,29.5,Re_029.500,41.500000000003,0.7408783435821533,periodic,165
2246,29.5,Re_029.500,41.750000000003,0.7229883074760437,periodic,166
2247,29.5,Re_029.500,42.000000000003,0.7051404714584351,periodic,167
2248,29.5,Re_029.500,42.250000000003,0.6873382329940796,periodic,168
2249,29.5,Re_029.500,42.500000000003,0.6695787906646729,periodic,169
2250,29.5,Re_029.500,42.750000000003,0.6518535614013672,periodic,170
2251,29.5,Re_029.500,43.000000000004,0.6341471672058105,periodic,171
2252,29.5,Re_029.500,43.250000000004,0.6164385080337524,periodic,172
2253,29.5,Re_029.500,43.500000000004,0.5987012386322021,periodic,173
2254,29.5,Re_029.500,43.750000000004,0.580904483795166,periodic,174
2255,29.5,Re_029.500,44.000000000004,0.5630139112472534,periodic,175
2256,29.5,Re_029.500,44.250000000004,0.5449929237365723,periodic,176
2257,29.5,Re_029.500,44.500000000004,0.5268042087554932,periodic,177
2258,29.5,Re_029.500,44.750000000004,0.5084116458892822,periodic,178
2259,29.5,Re_029.500,45.000000000005,0.4897818863391876,periodic,179
2260,29.5,Re_029.500,45.250000000005,0.4708871841430664,periodic,180
2261,29.5,Re_029.500,45.500000000005,0.45170703530311584,periodic,181
2262,29.5,Re_029.500,45.750000000005,0.43223071098327637,periodic,182
2263,29.5,Re_029.500,46.000000000005,0.41245970129966736,periodic,183
2264,29.5,Re_029.500,46.250000000005,0.39240920543670654,periodic,184
2265,29.5,Re_029.500,46.500000000005,0.37210914492607117,periodic,185
2266,29.5,Re_029.500,46.750000000005,0.3516039252281189,periodic,186
2267,29.5,Re_029.500,47.000000000006,0.33095088601112366,periodic,187
2268,29.5,Re_029.500,47.250000000006,0.3102172315120697,periodic,188
2269,29.5,Re_029.500,47.500000000006,0.28947603702545166,periodic,189
2270,29.5,Re_029.500,47.750000000006,0.26880136132240295,periodic,190
2271,29.5,Re_029.500,48.000000000006,0.2482629120349884,periodic,191
2272,29.5,Re_029.500,48.250000000006,0.22792160511016846,periodic,192
2273,29.5,Re_029.500,48.500000000006,0.20782583951950073,periodic,193
2274,29.5,Re_029.500,48.750000000006,0.18800979852676392,periodic,194
2275,29.5,Re_029.500,49.000000000007,0.16849273443222046,periodic,195
2276,29.5,Re_029.500,49.250000000007,0.14927923679351807,periodic,196
2277,29.5,Re_029.500,49.500000000007,0.13036082684993744,periodic,197
2278,29.5,Re_029.500,49.750000000007,0.11171784996986389,periodic,198
2279,29.5,Re_029.500,50.000000000007,0.09332180768251419,periodic,199
2280,29.5,Re_029.500,50.250000000007,0.0751376673579216,periodic,200
2281,29.5,Re_029.500,50.500000000007,0.05712595582008362,periodic,201
2282,29.5,Re_029.500,50.750000000008,0.03924516960978508,periodic,202
2283,29.5,Re_029.500,51.000000000008,0.021453240886330605,periodic,203
2284,29.5,Re_029.500,51.250000000008,0.0037093774881213903,periodic,204
2285,29.5,Re_029.500,51.500000000008,0.985975444316864,periodic,205
2286,29.5,Re_029.500,51.750000000008,0.9682169556617737,periodic,206
2287,29.5,Re_029.500,52.000000000008,0.9504045844078064,periodic,207
2288,29.5,Re_029.500,52.250000000008,0.9325149059295654,periodic,208
2289,29.5,Re_029.500,52.500000000008,0.9145313501358032,periodic,209
2290,29.5,Re_029.500,52.750000000009,0.8964447975158691,periodic,210
2291,29.5,Re_029.500,53.000000000009,0.8782537579536438,periodic,211
2292,29.5,Re_029.500,53.250000000009,0.8599638938903809,periodic,212
2293,29.5,Re_029.500,53.500000000009,0.8415877819061279,periodic,213
2294,29.5,Re_029.500,53.750000000009,0.8231440782546997,periodic,214
2295,29.5,Re_029.500,54.000000000009,0.8046557903289795,periodic,215
2296,29.5,Re_029.500,54.250000000009,0.7861487865447998,periodic,216
2297,29.5,Re_029.500,54.500000000009,0.7676496505737305,periodic,217
2298,29.5,Re_029.500,54.75000000001,0.7491836547851562,periodic,218
2299,29.5,Re_029.500,55.00000000001,0.730772852897644,periodic,219
2300,29.5,Re_029.500,55.25000000001,0.7124342918395996,periodic,220
2301,29.5,Re_029.500,55.50000000001,0.6941794157028198,periodic,221
2302,29.5,Re_029.500,55.75000000001,0.6760123372077942,periodic,222
2303,29.5,Re_029.500,56.00000000001,0.6579300165176392,periodic,223
2304,29.5,Re_029.500,56.25000000001,0.639922022819519,periodic,224
2305,29.5,Re_029.500,56.50000000001,0.6219711303710938,periodic,225
2306,29.5,Re_029.500,56.750000000011,0.60405433177948,periodic,226
2307,29.5,Re_029.500,57.000000000011,0.5861433744430542,periodic,227
2308,29.5,Re_029.500,57.250000000011,0.5682061910629272,periodic,228
2309,29.5,Re_029.500,57.500000000011,0.5502079725265503,periodic,229
2310,29.5,Re_029.500,57.750000000011,0.5321128368377686,periodic,230
2311,29.5,Re_029.500,58.000000000011,0.5138851404190063,periodic,231
2312,29.5,Re_029.500,58.250000000011,0.49549153447151184,periodic,232
2313,29.5,Re_029.500,58.500000000011,0.47690266370773315,periodic,233
2314,29.5,Re_029.500,58.750000000012,0.45809492468833923,periodic,234
2315,29.5,Re_029.500,59.000000000012,0.4390527009963989,periodic,235
2316,29.5,Re_029.500,59.250000000012,0.4197699725627899,periodic,236
2317,29.5,Re_029.500,59.500000000012,0.4002518951892853,periodic,237
2318,29.5,Re_029.500,59.750000000012,0.3805159628391266,periodic,238
2319,29.5,Re_029.500,60.000000000012,0.3605916202068329,periodic,239
2320,29.5,Re_029.500,60.250000000012,0.34051981568336487,periodic,240
2321,29.5,Re_029.500,60.500000000012,0.32035109400749207,periodic,241
2322,29.5,Re_029.500,60.750000000013,0.3001427948474884,periodic,242
2323,29.5,Re_029.500,61.000000000013,0.2799551784992218,periodic,243
2324,29.5,Re_029.500,61.250000000013,0.25984737277030945,periodic,244
2325,29.5,Re_029.500,61.500000000013,0.23987360298633575,periodic,245
2326,29.5,Re_029.500,61.750000000013,0.22007982432842255,periodic,246
2327,29.5,Re_029.500,62.000000000013,0.2005012035369873,periodic,247
2328,29.5,Re_029.500,62.250000000013,0.18116074800491333,periodic,248
2329,29.5,Re_029.500,62.500000000014,0.16206881403923035,periodic,249
2330,29.5,Re_029.500,62.750000000014,0.14322367310523987,periodic,250
2331,29.5,Re_029.500,63.000000000014,0.12461293488740921,periodic,251
2332,29.5,Re_029.500,63.250000000014,0.1062147319316864,periodic,252
2333,29.5,Re_029.500,63.500000000014,0.08800020813941956,periodic,253
2334,29.5,Re_029.500,63.750000000014,0.06993533670902252,periodic,254
2335,29.5,Re_029.500,64.000000000014,0.0519820936024189,periodic,255
2336,30.0,Re_030.000,0.25,0.7345292568206787,periodic,0
2337,30.0,Re_030.000,1.25,0.6703686714172363,periodic,1
2338,30.0,Re_030.000,2.25,0.6016459465026855,periodic,2
2339,30.0,Re_030.000,3.25,0.5249710083007812,periodic,3
2340,30.0,Re_030.000,4.25,0.4361611306667328,periodic,4
2341,30.0,Re_030.000,5.25,0.33602088689804077,periodic,5
2342,30.0,Re_030.000,6.25,0.23653249442577362,periodic,6
2343,30.0,Re_030.000,7.25,0.1494637280702591,periodic,7
2344,30.0,Re_030.000,8.5,0.057872503995895386,periodic,8
2345,30.0,Re_030.000,9.5,0.9922491312026978,periodic,9
2346,30.0,Re_030.000,10.5,0.928799033164978,periodic,10
2347,30.0,Re_030.000,11.5,0.8649662733078003,periodic,11
2348,30.0,Re_030.000,12.5,0.7996251583099365,periodic,12
2349,30.0,Re_030.000,13.5,0.7326430082321167,periodic,13
2350,30.0,Re_030.000,14.5,0.6640393137931824,periodic,14
2351,30.0,Re_030.000,15.500000000001,0.5930033922195435,periodic,15
2352,30.0,Re_030.000,16.500000000001,0.5174895524978638,periodic,16
2353,30.0,Re_030.000,17.500000000001,0.43514275550842285,periodic,17
2354,30.0,Re_030.000,18.500000000001,0.34620869159698486,periodic,18
2355,30.0,Re_030.000,19.5,0.2562147378921509,periodic,19
2356,30.0,Re_030.000,20.5,0.17222444713115692,periodic,20
2357,30.0,Re_030.000,21.5,0.09645506739616394,periodic,21
2358,30.0,Re_030.000,22.5,0.026584303006529808,periodic,22
2359,30.0,Re_030.000,23.5,0.9591615200042725,periodic,23
2360,30.0,Re_030.000,24.749999999999,0.8743700981140137,periodic,24
2361,30.0,Re_030.000,25.749999999999,0.8048086166381836,periodic,25
2362,30.0,Re_030.000,26.749999999999,0.7340521216392517,periodic,26
2363,30.0,Re_030.000,27.749999999999,0.6627568006515503,periodic,27
2364,30.0,Re_030.000,28.749999999999,0.5905954241752625,periodic,28
2365,30.0,Re_030.000,29.749999999998,0.5159173011779785,periodic,29
2366,30.0,Re_030.000,30.749999999998,0.4367199242115021,periodic,30
2367,30.0,Re_030.000,31.749999999998,0.35274165868759155,periodic,31
2368,30.0,Re_030.000,32.749999999998,0.2672977149486542,periodic,32
2369,30.0,Re_030.000,33.749999999999,0.18545211851596832,periodic,33
2370,30.0,Re_030.000,34.749999999999,0.10956858843564987,periodic,34
2371,30.0,Re_030.000,35.75,0.03829529508948326,periodic,35
2372,30.0,Re_030.000,36.75,0.9687708020210266,periodic,36
2373,30.0,Re_030.000,37.750000000001,0.8985604047775269,periodic,37
2374,30.0,Re_030.000,38.750000000001,0.8266165852546692,periodic,38
2375,30.0,Re_030.000,39.750000000002,0.7534863948822021,periodic,39
2376,30.0,Re_030.000,41.000000000003,0.6621482372283936,periodic,40
2377,30.0,Re_030.000,42.000000000003,0.5891150832176208,periodic,41
2378,30.0,Re_030.000,43.000000000004,0.5143625140190125,periodic,42
2379,30.0,Re_030.000,44.000000000004,0.43594929575920105,periodic,43
2380,30.0,Re_030.000,45.000000000005,0.35354292392730713,periodic,44
2381,30.0,Re_030.000,46.000000000005,0.269832968711853,periodic,45
2382,30.0,Re_030.000,47.000000000006,0.18911005556583405,periodic,46
2383,30.0,Re_030.000,48.000000000006,0.11343127489089966,periodic,47
2384,30.5,Re_030.500,0.25,0.06301790475845337,periodic,0
2385,30.5,Re_030.500,1.25,0.9779460430145264,periodic,1
2386,30.5,Re_030.500,2.25,0.8913669586181641,periodic,2
2387,30.5,Re_030.500,3.25,0.8046290874481201,periodic,3
2388,30.5,Re_030.500,4.25,0.7206602692604065,periodic,4
2389,30.5,Re_030.500,5.25,0.6408106684684753,periodic,5
2390,30.5,Re_030.500,6.25,0.5615612864494324,periodic,6
2391,30.5,Re_030.500,7.25,0.480093389749527,periodic,7
2392,30.5,Re_030.500,8.5,0.37505942583084106,periodic,8
2393,30.5,Re_030.500,9.5,0.289195716381073,periodic,9
2394,30.5,Re_030.500,10.5,0.20474208891391754,periodic,10
2395,30.5,Re_030.500,11.5,0.12241154909133911,periodic,11
2396,30.5,Re_030.500,12.5,0.038925278931856155,periodic,12
2397,30.5,Re_030.500,13.5,0.9531704187393188,periodic,13
2398,30.5,Re_030.500,14.5,0.866295576095581,periodic,14
2399,30.5,Re_030.500,15.500000000001,0.7798937559127808,periodic,15
2400,30.5,Re_030.500,16.500000000001,0.6971031427383423,periodic,16
2401,30.5,Re_030.500,17.500000000001,0.6177276372909546,periodic,17
2402,30.5,Re_030.500,18.500000000001,0.5377756357192993,periodic,18
2403,30.5,Re_030.500,19.5,0.4554508924484253,periodic,19
2404,30.5,Re_030.500,20.5,0.3709280490875244,periodic,20
2405,30.5,Re_030.500,21.5,0.2849433720111847,periodic,21
2406,30.5,Re_030.500,22.5,0.20051774382591248,periodic,22
2407,30.5,Re_030.500,23.5,0.11809937655925751,periodic,23
2408,30.5,Re_030.500,24.749999999999,0.01307115238159895,periodic,24
2409,30.5,Re_030.500,25.749999999999,0.9267913699150085,periodic,25
2410,30.5,Re_030.500,26.749999999999,0.8397632837295532,periodic,26
2411,30.5,Re_030.500,27.749999999999,0.7540852427482605,periodic,27
2412,30.5,Re_030.500,28.749999999999,0.6725572347640991,periodic,28
2413,30.5,Re_030.500,29.749999999998,0.5933141112327576,periodic,29
2414,30.5,Re_030.500,30.749999999998,0.5125534534454346,periodic,30
2415,30.5,Re_030.500,31.749999999998,0.4294467568397522,periodic,31
2416,30.5,Re_030.500,32.749999999998,0.3442208468914032,periodic,32
2417,30.5,Re_030.500,33.749999999999,0.2582980692386627,periodic,33
2418,30.5,Re_030.500,34.749999999999,0.17466013133525848,periodic,34
2419,30.5,Re_030.500,35.75,0.09211057424545288,periodic,35
2420,30.5,Re_030.500,36.75,0.00757019966840744,periodic,36
2421,30.5,Re_030.500,37.750000000001,0.9211731553077698,periodic,37
2422,30.5,Re_030.500,38.750000000001,0.8341139554977417,periodic,38
2423,30.5,Re_030.500,39.750000000002,0.7486094236373901,periodic,39
2424,30.5,Re_030.500,41.000000000003,0.6474579572677612,periodic,40
2425,30.5,Re_030.500,42.000000000003,0.5679664015769958,periodic,41
2426,30.5,Re_030.500,43.000000000004,0.4863739311695099,periodic,42
2427,30.5,Re_030.500,44.000000000004,0.4025297462940216,periodic,43
2428,30.5,Re_030.500,45.000000000005,0.3167364299297333,periodic,44
2429,30.5,Re_030.500,46.000000000005,0.231280118227005,periodic,45
2430,30.5,Re_030.500,47.000000000006,0.14832277595996857,periodic,46
2431,30.5,Re_030.500,48.000000000006,0.06530396640300751,periodic,47
2432,31.0,Re_031.000,0.25,0.04843573644757271,periodic,0
2433,31.0,Re_031.000,0.5,0.027098774909973145,periodic,1
2434,31.0,Re_031.000,0.75,0.005467134062200785,periodic,2
2435,31.0,Re_031.000,1.0,0.9835642576217651,periodic,3
2436,31.0,Re_031.000,1.25,0.9614161252975464,periodic,4
2437,31.0,Re_031.000,1.5,0.9390484094619751,periodic,5
2438,31.0,Re_031.000,1.75,0.9164863228797913,periodic,6
2439,31.0,Re_031.000,2.0,0.8937583565711975,periodic,7
2440,31.0,Re_031.000,2.25,0.8709017634391785,periodic,8
2441,31.0,Re_031.000,2.5,0.8479698896408081,periodic,9
2442,31.0,Re_031.000,2.75,0.825036346912384,periodic,10
2443,31.0,Re_031.000,3.0,0.8021934628486633,periodic,11
2444,31.0,Re_031.000,3.25,0.7795423269271851,periodic,12
2445,31.0,Re_031.000,3.5,0.7571764588356018,periodic,13
2446,31.0,Re_031.000,3.75,0.7351655960083008,periodic,14
2447,31.0,Re_031.000,4.0,0.713544487953186,periodic,15
2448,31.0,Re_031.000,4.25,0.6923098564147949,periodic,16
2449,31.0,Re_031.000,4.5,0.671424388885498,periodic,17
2450,31.0,Re_031.000,4.75,0.6508259773254395,periodic,18
2451,31.0,Re_031.000,5.0,0.6304386258125305,periodic,19
2452,31.0,Re_031.000,5.25,0.6101847887039185,periodic,20
2453,31.0,Re_031.000,5.5,0.5899962782859802,periodic,21
2454,31.0,Re_031.000,5.75,0.5698221921920776,periodic,22
2455,31.0,Re_031.000,6.0,0.5496317148208618,periodic,23
2456,31.0,Re_031.000,6.25,0.5294123888015747,periodic,24
2457,31.0,Re_031.000,6.5,0.509164571762085,periodic,25
2458,31.0,Re_031.000,6.75,0.48889410495758057,periodic,26
2459,31.0,Re_031.000,7.0,0.46860647201538086,periodic,27
2460,31.0,Re_031.000,7.25,0.44830262660980225,periodic,28
2461,31.0,Re_031.000,7.5,0.4279775023460388,periodic,29
2462,31.0,Re_031.000,7.75,0.40762126445770264,periodic,30
2463,31.0,Re_031.000,8.0,0.3872228264808655,periodic,31
2464,31.0,Re_031.000,8.25,0.3667759597301483,periodic,32
2465,31.0,Re_031.000,8.5,0.346285343170166,periodic,33
2466,31.0,Re_031.000,8.75,0.3257714509963989,periodic,34
2467,31.0,Re_031.000,9.0,0.30527016520500183,periodic,35
2468,31.0,Re_031.000,9.25,0.2848266065120697,periodic,36
2469,31.0,Re_031.000,9.5,0.2644842565059662,periodic,37
2470,31.0,Re_031.000,9.75,0.24427297711372375,periodic,38
2471,31.0,Re_031.000,10.0,0.22420021891593933,periodic,39
2472,31.0,Re_031.000,10.25,0.20424731075763702,periodic,40
2473,31.0,Re_031.000,10.5,0.1843705177307129,periodic,41
2474,31.0,Re_031.000,10.75,0.16450604796409607,periodic,42
2475,31.0,Re_031.000,11.0,0.1445777863264084,periodic,43
2476,31.0,Re_031.000,11.25,0.12450706213712692,periodic,44
2477,31.0,Re_031.000,11.5,0.10422313213348389,periodic,45
2478,31.0,Re_031.000,11.75,0.08367184549570084,periodic,46
2479,31.0,Re_031.000,12.0,0.06282059848308563,periodic,47
2480,31.0,Re_031.000,12.25,0.041658710688352585,periodic,48
2481,31.0,Re_031.000,12.5,0.020193377509713173,periodic,49
2482,31.0,Re_031.000,12.75,0.9984437227249146,periodic,50
2483,31.0,Re_031.000,13.0,0.9764345288276672,periodic,51
2484,31.0,Re_031.000,13.25,0.9541917443275452,periodic,52
2485,31.0,Re_031.000,13.5,0.9317402243614197,periodic,53
2486,31.0,Re_031.000,13.75,0.9091050624847412,periodic,54
2487,31.0,Re_031.000,14.0,0.8863157033920288,periodic,55
2488,31.0,Re_031.000,14.25,0.8634129762649536,periodic,56
2489,31.0,Re_031.000,14.5,0.8404555320739746,periodic,57
2490,31.0,Re_031.000,14.75,0.8175230622291565,periodic,58
2491,31.0,Re_031.000,15.0,0.7947120666503906,periodic,59
2492,31.0,Re_031.000,15.25,0.7721227407455444,periodic,60
2493,31.0,Re_031.000,15.500000000001,0.7498422861099243,periodic,61
2494,31.0,Re_031.000,15.750000000001,0.7279297113418579,periodic,62
2495,31.0,Re_031.000,16.000000000001,0.706406831741333,periodic,63
2496,31.0,Re_031.000,16.250000000001,0.6852583885192871,periodic,64
2497,31.0,Re_031.000,16.500000000001,0.664438009262085,periodic,65
2498,31.0,Re_031.000,16.750000000001,0.6438779234886169,periodic,66
2499,31.0,Re_031.000,17.000000000001,0.6235009431838989,periodic,67
2500,31.0,Re_031.000,17.250000000001,0.6032320857048035,periodic,68
2501,31.0,Re_031.000,17.500000000001,0.5830090045928955,periodic,69
2502,31.0,Re_031.000,17.750000000001,0.5627881288528442,periodic,70
2503,31.0,Re_031.000,18.000000000001,0.5425457954406738,periodic,71
2504,31.0,Re_031.000,18.250000000001,0.5222751498222351,periodic,72
2505,31.0,Re_031.000,18.500000000001,0.5019794702529907,periodic,73
2506,31.0,Re_031.000,18.750000000001,0.4816651940345764,periodic,74
2507,31.0,Re_031.000,19.000000000001,0.4613368511199951,periodic,75
2508,31.0,Re_031.000,19.25,0.4409930408000946,periodic,76
2509,31.0,Re_031.000,19.5,0.42062661051750183,periodic,77
2510,31.0,Re_031.000,19.75,0.4002262353897095,periodic,78
2511,31.0,Re_031.000,20.0,0.3797815144062042,periodic,79
2512,31.0,Re_031.000,20.25,0.35928893089294434,periodic,80
2513,31.0,Re_031.000,20.5,0.3387584090232849,periodic,81
2514,31.0,Re_031.000,20.75,0.3182162046432495,periodic,82
2515,31.0,Re_031.000,21.0,0.29770272970199585,periodic,83
2516,31.0,Re_031.000,21.25,0.277263879776001,periodic,84
2517,31.0,Re_031.000,21.5,0.2569392919540405,periodic,85
2518,31.0,Re_031.000,21.75,0.2367512583732605,periodic,86
2519,31.0,Re_031.000,22.0,0.21669745445251465,periodic,87
2520,31.0,Re_031.000,22.25,0.1967494934797287,periodic,88
2521,31.0,Re_031.000,22.5,0.17685535550117493,periodic,89
2522,31.0,Re_031.000,22.75,0.15694579482078552,periodic,90
2523,31.0,Re_031.000,23.0,0.13694272935390472,periodic,91
2524,31.0,Re_031.000,23.25,0.11676964908838272,periodic,92
2525,31.0,Re_031.000,23.5,0.09636155515909195,periodic,93
2526,31.0,Re_031.000,23.75,0.07567247748374939,periodic,94
2527,31.0,Re_031.000,24.0,0.05467859283089638,periodic,95
2528,31.0,Re_031.000,24.249999999999,0.03337695822119713,periodic,96
2529,31.0,Re_031.000,24.499999999999,0.01178026758134365,periodic,97
2530,31.0,Re_031.000,24.749999999999,0.9899106025695801,periodic,98
2531,31.0,Re_031.000,24.999999999999,0.9677936434745789,periodic,99
2532,31.0,Re_031.000,25.249999999999,0.9454547762870789,periodic,100
2533,31.0,Re_031.000,25.499999999999,0.9229182600975037,periodic,101
2534,31.0,Re_031.000,25.749999999999,0.9002096056938171,periodic,102
2535,31.0,Re_031.000,25.999999999999,0.8773612976074219,periodic,103
2536,31.0,Re_031.000,26.249999999999,0.8544197678565979,periodic,104
2537,31.0,Re_031.000,26.499999999999,0.8314513564109802,periodic,105
2538,31.0,Re_031.000,26.749999999999,0.8085431456565857,periodic,106
2539,31.0,Re_031.000,26.999999999999,0.7857946753501892,periodic,107
2540,31.0,Re_031.000,27.249999999999,0.7633031606674194,periodic,108
2541,31.0,Re_031.000,27.499999999999,0.7411460876464844,periodic,109
2542,31.0,Re_031.000,27.749999999999,0.7193681001663208,periodic,110
2543,31.0,Re_031.000,27.999999999999,0.6979763507843018,periodic,111
2544,31.0,Re_031.000,28.249999999999,0.676941990852356,periodic,112
2545,31.0,Re_031.000,28.499999999999,0.6562093496322632,periodic,113
2546,31.0,Re_031.000,28.749999999999,0.6357056498527527,periodic,114
2547,31.0,Re_031.000,28.999999999999,0.6153535842895508,periodic,115
2548,31.0,Re_031.000,29.249999999998,0.5950826406478882,periodic,116
2549,31.0,Re_031.000,29.499999999998,0.5748378038406372,periodic,117
2550,31.0,Re_031.000,29.749999999998,0.5545839071273804,periodic,118
2551,31.0,Re_031.000,29.999999999998,0.5343048572540283,periodic,119
2552,31.0,Re_031.000,30.249999999998,0.5139989852905273,periodic,120
2553,31.0,Re_031.000,30.499999999998,0.49367180466651917,periodic,121
2554,31.0,Re_031.000,30.749999999998,0.47332963347435,periodic,122
2555,31.0,Re_031.000,30.999999999998,0.45297476649284363,periodic,123
2556,31.0,Re_031.000,31.249999999998,0.43260326981544495,periodic,124
2557,31.0,Re_031.000,31.499999999998,0.41220569610595703,periodic,125
2558,31.0,Re_031.000,31.749999999998,0.3917701542377472,periodic,126
2559,31.0,Re_031.000,31.999999999998,0.371288001537323,periodic,127
2560,31.0,Re_031.000,32.249999999998,0.35076048970222473,periodic,128
2561,31.0,Re_031.000,32.499999999998,0.3302038908004761,periodic,129
2562,31.0,Re_031.000,32.749999999998,0.30965113639831543,periodic,130
2563,31.0,Re_031.000,32.999999999998,0.28914615511894226,periodic,131
2564,31.0,Re_031.000,33.249999999999,0.26873382925987244,periodic,132
2565,31.0,Re_031.000,33.499999999999,0.24844759702682495,periodic,133
2566,31.0,Re_031.000,33.749999999999,0.22829988598823547,periodic,134
2567,31.0,Re_031.000,33.999999999999,0.20827732980251312,periodic,135
2568,31.0,Re_031.000,34.249999999999,0.18834108114242554,periodic,136
2569,31.0,Re_031.000,34.499999999999,0.16843101382255554,periodic,137
2570,31.0,Re_031.000,34.749999999999,0.14847317337989807,periodic,138
2571,31.0,Re_031.000,34.999999999999,0.12838900089263916,periodic,139
2572,31.0,Re_031.000,35.25,0.10810590535402298,periodic,140
2573,31.0,Re_031.000,35.5,0.08756649494171143,periodic,141
2574,31.0,Re_031.000,35.75,0.06673421710729599,periodic,142
2575,31.0,Re_031.000,36.0,0.04559473693370819,periodic,143
2576,31.0,Re_031.000,36.25,0.02415257692337036,periodic,144
2577,31.0,Re_031.000,36.5,0.00242533884011209,periodic,145
2578,31.0,Re_031.000,36.75,0.9804372787475586,periodic,146
2579,31.0,Re_031.000,37.0,0.9582141637802124,periodic,147
2580,31.0,Re_031.000,37.250000000001,0.9357806444168091,periodic,148
2581,31.0,Re_031.000,37.500000000001,0.9131608605384827,periodic,149
2582,31.0,Re_031.000,37.750000000001,0.8903820514678955,periodic,150
2583,31.0,Re_031.000,38.000000000001,0.8674813508987427,periodic,151
2584,31.0,Re_031.000,38.250000000001,0.8445130586624146,periodic,152
2585,31.0,Re_031.000,38.500000000001,0.8215524554252625,periodic,153
2586,31.0,Re_031.000,38.750000000001,0.7986934185028076,periodic,154
2587,31.0,Re_031.000,39.000000000001,0.7760365009307861,periodic,155
2588,31.0,Re_031.000,39.250000000002,0.7536724209785461,periodic,156
2589,31.0,Re_031.000,39.500000000002,0.7316654920578003,periodic,157
2590,31.0,Re_031.000,39.750000000002,0.710044264793396,periodic,158
2591,31.0,Re_031.000,40.000000000002,0.6887996196746826,periodic,159
2592,31.0,Re_031.000,40.250000000002,0.6678899526596069,periodic,160
2593,31.0,Re_031.000,40.500000000002,0.6472510695457458,periodic,161
2594,31.0,Re_031.000,40.750000000002,0.6268068552017212,periodic,162
2595,31.0,Re_031.000,41.000000000003,0.6064818501472473,periodic,163
2596,31.0,Re_031.000,41.250000000003,0.5862116813659668,periodic,164
2597,31.0,Re_031.000,41.500000000003,0.5659499168395996,periodic,165
2598,31.0,Re_031.000,41.750000000003,0.5456704497337341,periodic,166
2599,31.0,Re_031.000,42.000000000003,0.5253642797470093,periodic,167
2600,31.0,Re_031.000,42.250000000003,0.5050338506698608,periodic,168
2601,31.0,Re_031.000,42.500000000003,0.48468583822250366,periodic,169
2602,31.0,Re_031.000,42.750000000003,0.46432527899742126,periodic,170
2603,31.0,Re_031.000,43.000000000004,0.443951815366745,periodic,171
2604,31.0,Re_031.000,43.250000000004,0.42355868220329285,periodic,172
2605,31.0,Re_031.000,43.500000000004,0.4031347632408142,periodic,173
2606,31.0,Re_031.000,43.750000000004,0.38266855478286743,periodic,174
2607,31.0,Re_031.000,44.000000000004,0.36215490102767944,periodic,175
2608,31.0,Re_031.000,44.250000000004,0.3416011333465576,periodic,176
2609,31.0,Re_031.000,44.500000000004,0.3210310637950897,periodic,177
2610,31.0,Re_031.000,44.750000000004,0.3004835844039917,periodic,178
2611,31.0,Re_031.000,45.000000000005,0.2800045609474182,periodic,179
2612,31.0,Re_031.000,45.250000000005,0.25963515043258667,periodic,180
2613,31.0,Re_031.000,45.500000000005,0.23940026760101318,periodic,181
2614,31.0,Re_031.000,45.750000000005,0.2193010449409485,periodic,182
2615,31.0,Re_031.000,46.000000000005,0.19931243360042572,periodic,183
2616,31.0,Re_031.000,46.250000000005,0.1793852001428604,periodic,184
2617,31.0,Re_031.000,46.500000000005,0.15945212543010712,periodic,185
2618,31.0,Re_031.000,46.750000000005,0.13943596184253693,periodic,186
2619,31.0,Re_031.000,47.000000000006,0.1192597821354866,periodic,187
2620,31.0,Re_031.000,47.250000000006,0.09885693341493607,periodic,188
2621,31.0,Re_031.000,47.500000000006,0.07817903906106949,periodic,189
2622,31.0,Re_031.000,47.750000000006,0.057199783623218536,periodic,190
2623,31.0,Re_031.000,48.000000000006,0.0359141007065773,periodic,191
2624,31.0,Re_031.000,48.250000000006,0.014333236962556839,periodic,192
2625,31.0,Re_031.000,48.500000000006,0.992478609085083,periodic,193
2626,31.0,Re_031.000,48.750000000006,0.970375657081604,periodic,194
2627,31.0,Re_031.000,49.000000000007,0.9480497241020203,periodic,195
2628,31.0,Re_031.000,49.250000000007,0.9255247712135315,periodic,196
2629,31.0,Re_031.000,49.500000000007,0.9028255343437195,periodic,197
2630,31.0,Re_031.000,49.750000000007,0.879982590675354,periodic,198
2631,31.0,Re_031.000,50.000000000007,0.8570398688316345,periodic,199
2632,31.0,Re_031.000,50.250000000007,0.834060788154602,periodic,200
2633,31.0,Re_031.000,50.500000000007,0.8111299276351929,periodic,201
2634,31.0,Re_031.000,50.750000000008,0.7883459329605103,periodic,202
2635,31.0,Re_031.000,51.000000000008,0.7658071517944336,periodic,203
2636,31.0,Re_031.000,51.250000000008,0.7435938119888306,periodic,204
2637,31.0,Re_031.000,51.500000000008,0.7217546701431274,periodic,205
2638,31.0,Re_031.000,51.750000000008,0.700300931930542,periodic,206
2639,31.0,Re_031.000,52.000000000008,0.6792076826095581,periodic,207
2640,31.0,Re_031.000,52.250000000008,0.6584216356277466,periodic,208
2641,31.0,Re_031.000,52.500000000008,0.6378719806671143,periodic,209
2642,31.0,Re_031.000,52.750000000009,0.6174814701080322,periodic,210
2643,31.0,Re_031.000,53.000000000009,0.5971787571907043,periodic,211
2644,31.0,Re_031.000,53.250000000009,0.576907217502594,periodic,212
2645,31.0,Re_031.000,53.500000000009,0.5566298961639404,periodic,213
2646,31.0,Re_031.000,53.750000000009,0.5363291501998901,periodic,214
2647,31.0,Re_031.000,54.000000000009,0.5160022974014282,periodic,215
2648,31.0,Re_031.000,54.250000000009,0.49565449357032776,periodic,216
2649,31.0,Re_031.000,54.500000000009,0.4752923548221588,periodic,217
2650,31.0,Re_031.000,54.75000000001,0.4549187421798706,periodic,218
2651,31.0,Re_031.000,55.00000000001,0.4345302879810333,periodic,219
2652,31.0,Re_031.000,55.25000000001,0.414117693901062,periodic,220
2653,31.0,Re_031.000,55.50000000001,0.3936689496040344,periodic,221
2654,31.0,Re_031.000,55.75000000001,0.3731745183467865,periodic,222
2655,31.0,Re_031.000,56.00000000001,0.35263416171073914,periodic,223
2656,31.0,Re_031.000,56.25000000001,0.332062691450119,periodic,224
2657,31.0,Re_031.000,56.50000000001,0.3114914000034332,periodic,225
2658,31.0,Re_031.000,56.750000000011,0.2909637689590454,periodic,226
2659,31.0,Re_031.000,57.000000000011,0.2705250084400177,periodic,227
2660,31.0,Re_031.000,57.250000000011,0.2502099573612213,periodic,228
2661,31.0,Re_031.000,57.500000000011,0.23003315925598145,periodic,229
2662,31.0,Re_031.000,57.750000000011,0.2099834382534027,periodic,230
2663,31.0,Re_031.000,58.000000000011,0.19002404808998108,periodic,231
2664,31.0,Re_031.000,58.250000000011,0.1700965166091919,periodic,232
2665,31.0,Re_031.000,58.500000000011,0.1501278132200241,periodic,233
2666,31.0,Re_031.000,58.750000000012,0.13003963232040405,periodic,234
2667,31.0,Re_031.000,59.000000000012,0.10975868254899979,periodic,235
2668,31.0,Re_031.000,59.250000000012,0.08922617137432098,periodic,236
2669,31.0,Re_031.000,59.500000000012,0.06840390712022781,periodic,237
2670,31.0,Re_031.000,59.750000000012,0.047275930643081665,periodic,238
2671,31.0,Re_031.000,60.000000000012,0.02584555372595787,periodic,239
2672,31.0,Re_031.000,60.250000000012,0.004129635635763407,periodic,240
2673,31.0,Re_031.000,60.500000000012,0.9821521639823914,periodic,241
2674,31.0,Re_031.000,60.750000000013,0.9599387645721436,periodic,242
2675,31.0,Re_031.000,61.000000000013,0.9375141859054565,periodic,243
2676,31.0,Re_031.000,61.250000000013,0.9149021506309509,periodic,244
2677,31.0,Re_031.000,61.500000000013,0.8921291828155518,periodic,245
2678,31.0,Re_031.000,61.750000000013,0.8692309260368347,periodic,246
2679,31.0,Re_031.000,62.000000000013,0.8462598323822021,periodic,247
2680,31.0,Re_031.000,62.250000000013,0.8232893347740173,periodic,248
2681,31.0,Re_031.000,62.500000000014,0.8004120588302612,periodic,249
2682,31.0,Re_031.000,62.750000000014,0.7777286767959595,periodic,250
2683,31.0,Re_031.000,63.000000000014,0.7553309202194214,periodic,251
2684,31.0,Re_031.000,63.250000000014,0.733285665512085,periodic,252
2685,31.0,Re_031.000,63.500000000014,0.711624264717102,periodic,253
2686,31.0,Re_031.000,63.750000000014,0.6903401613235474,periodic,254
2687,31.0,Re_031.000,64.000000000014,0.6693940758705139,periodic,255
2688,31.5,Re_031.500,0.25,0.018305713310837746,periodic,0
2689,31.5,Re_031.500,1.25,0.9308275580406189,periodic,1
2690,31.5,Re_031.500,2.25,0.8423913717269897,periodic,2
2691,31.5,Re_031.500,3.25,0.755286455154419,periodic,3
2692,31.5,Re_031.500,4.25,0.6727261543273926,periodic,4
2693,31.5,Re_031.500,5.25,0.5931464433670044,periodic,5
2694,31.5,Re_031.500,6.25,0.5125985741615295,periodic,6
2695,31.5,Re_031.500,7.25,0.430062472820282,periodic,7
2696,31.5,Re_031.500,8.5,0.3241642713546753,periodic,8
2697,31.5,Re_031.500,9.5,0.23890958726406097,periodic,9
2698,31.5,Re_031.500,10.5,0.15566959977149963,periodic,10
2699,31.5,Re_031.500,11.5,0.07218600809574127,periodic,11
2700,31.5,Re_031.500,12.5,0.9859544634819031,periodic,12
2701,31.5,Re_031.500,13.5,0.8978767991065979,periodic,13
2702,31.5,Re_031.500,14.5,0.8094574809074402,periodic,14
2703,31.5,Re_031.500,15.500000000001,0.7237210273742676,periodic,15
2704,31.5,Re_031.500,16.500000000001,0.6426048278808594,periodic,16
2705,31.5,Re_031.500,17.500000000001,0.5628265142440796,periodic,17
2706,31.5,Re_031.500,18.500000000001,0.48135215044021606,periodic,18
2707,31.5,Re_031.500,19.5,0.3979605734348297,periodic,19
2708,31.5,Re_031.500,20.5,0.3126834034919739,periodic,20
2709,31.5,Re_031.500,21.5,0.22753190994262695,periodic,21
2710,31.5,Re_031.500,22.5,0.1443636268377304,periodic,22
2711,31.5,Re_031.500,23.5,0.06046077236533165,periodic,23
2712,31.5,Re_031.500,24.749999999999,0.9518327713012695,periodic,24
2713,31.5,Re_031.500,25.749999999999,0.8633773326873779,periodic,25
2714,31.5,Re_031.500,26.749999999999,0.7754761576652527,periodic,26
2715,31.5,Re_031.500,27.749999999999,0.691548764705658,periodic,27
2716,31.5,Re_031.500,28.749999999999,0.6113967895507812,periodic,28
2717,31.5,Re_031.500,29.749999999998,0.5310037136077881,periodic,29
2718,31.5,Re_031.500,30.749999999998,0.4486725330352783,periodic,30
2719,31.5,Re_031.500,31.749999999998,0.3644307255744934,periodic,31
2720,31.5,Re_031.500,32.749999999998,0.2787373661994934,periodic,32
2721,31.5,Re_031.500,33.749999999999,0.19434891641139984,periodic,33
2722,31.5,Re_031.500,34.749999999999,0.11127730458974838,periodic,34
2723,31.5,Re_031.500,35.75,0.026224223896861076,periodic,35
2724,31.5,Re_031.500,36.75,0.9387068152427673,periodic,36
2725,31.5,Re_031.500,37.750000000001,0.850152850151062,periodic,37
2726,31.5,Re_031.500,38.750000000001,0.7625955939292908,periodic,38
2727,31.5,Re_031.500,39.750000000002,0.6793535947799683,periodic,39
2728,31.5,Re_031.500,41.000000000003,0.5793501734733582,periodic,40
2729,31.5,Re_031.500,42.000000000003,0.4981360137462616,periodic,41
2730,31.5,Re_031.500,43.000000000004,0.4150085151195526,periodic,42
2731,31.5,Re_031.500,44.000000000004,0.32995185256004333,periodic,43
2732,31.5,Re_031.500,45.000000000005,0.2444002479314804,periodic,44
2733,31.5,Re_031.500,46.000000000005,0.16082008183002472,periodic,45
2734,31.5,Re_031.500,47.000000000006,0.07724089175462723,periodic,46
2735,31.5,Re_031.500,48.000000000006,0.9910109639167786,periodic,47
2736,32.0,Re_032.000,0.25,0.9963842630386353,periodic,0
2737,32.0,Re_032.000,1.25,0.90786212682724,periodic,1
2738,32.0,Re_032.000,2.25,0.818632185459137,periodic,2
2739,32.0,Re_032.000,3.25,0.7316868901252747,periodic,3
2740,32.0,Re_032.000,4.25,0.6496531963348389,periodic,4
2741,32.0,Re_032.000,5.25,0.569709062576294,periodic,5
2742,32.0,Re_032.000,6.25,0.4884752333164215,periodic,6
2743,32.0,Re_032.000,7.25,0.4055401086807251,periodic,7
2744,32.0,Re_032.000,8.5,0.29944905638694763,periodic,8
2745,32.0,Re_032.000,9.5,0.2148745059967041,periodic,9
2746,32.0,Re_032.000,10.5,0.13193346560001373,periodic,10
2747,32.0,Re_032.000,11.5,0.04746901988983154,periodic,11
2748,32.0,Re_032.000,12.5,0.9599944949150085,periodic,12
2749,32.0,Re_032.000,13.5,0.8709059953689575,periodic,13
2750,32.0,Re_032.000,14.5,0.7820314168930054,periodic,14
2751,32.0,Re_032.000,15.500000000001,0.696982741355896,periodic,15
2752,32.0,Re_032.000,16.500000000001,0.6162109971046448,periodic,16
2753,32.0,Re_032.000,17.500000000001,0.5357635021209717,periodic,17
2754,32.0,Re_032.000,18.500000000001,0.4536556899547577,periodic,18
2755,32.0,Re_032.000,19.5,0.36985087394714355,periodic,19
2756,32.0,Re_032.000,20.5,0.2845287024974823,periodic,20
2757,32.0,Re_032.000,21.5,0.20019352436065674,periodic,21
2758,32.0,Re_032.000,22.5,0.11714067310094833,periodic,22
2759,32.0,Re_032.000,23.5,0.03202452138066292,periodic,23
2760,32.0,Re_032.000,24.749999999999,0.9218383431434631,periodic,24
2761,32.0,Re_032.000,25.749999999999,0.8324780464172363,periodic,25
2762,32.0,Re_032.000,26.749999999999,0.744743824005127,periodic,26
2763,32.0,Re_032.000,27.749999999999,0.6617806553840637,periodic,27
2764,32.0,Re_032.000,28.749999999999,0.5815300345420837,periodic,28
2765,32.0,Re_032.000,29.749999999998,0.5003014802932739,periodic,29
2766,32.0,Re_032.000,30.749999999998,0.4174056053161621,periodic,30
2767,32.0,Re_032.000,31.749999999998,0.3327331244945526,periodic,31
2768,32.0,Re_032.000,32.749999999998,0.24741698801517487,periodic,32
2769,32.0,Re_032.000,33.749999999999,0.16386808454990387,periodic,33
2770,32.0,Re_032.000,34.749999999999,0.08022072166204453,periodic,34
2771,32.0,Re_032.000,35.75,0.9936725497245789,periodic,35
2772,32.0,Re_032.000,36.75,0.9049452543258667,periodic,36
2773,32.0,Re_032.000,37.750000000001,0.8155836462974548,periodic,37
2774,32.0,Re_032.000,38.750000000001,0.7285796403884888,periodic,38
2775,32.0,Re_032.000,39.750000000002,0.6463962197303772,periodic,39
2776,32.0,Re_032.000,41.000000000003,0.5458588004112244,periodic,40
2777,32.0,Re_032.000,42.000000000003,0.46381884813308716,periodic,41
2778,32.0,Re_032.000,43.000000000004,0.380126416683197,periodic,42
2779,32.0,Re_032.000,44.000000000004,0.2947925329208374,periodic,43
2780,32.0,Re_032.000,45.000000000005,0.21010468900203705,periodic,44
2781,32.0,Re_032.000,46.000000000005,0.12694287300109863,periodic,45
2782,32.0,Re_032.000,47.000000000006,0.04209693521261215,periodic,46
2783,32.0,Re_032.000,48.000000000006,0.9543478488922119,periodic,47
2784,32.5,Re_032.500,0.25,0.9747954607009888,periodic,0
2785,32.5,Re_032.500,1.25,0.885312557220459,periodic,1
2786,32.5,Re_032.500,2.25,0.795425534248352,periodic,2
2787,32.5,Re_032.500,3.25,0.7088081240653992,periodic,3
2788,32.5,Re_032.500,4.25,0.6270499229431152,periodic,4
2789,32.5,Re_032.500,5.25,0.546506404876709,periodic,5
2790,32.5,Re_032.500,6.25,0.4646526575088501,periodic,6
2791,32.5,Re_032.500,7.25,0.38137054443359375,periodic,7
2792,32.5,Re_032.500,8.5,0.27531471848487854,periodic,8
2793,32.5,Re_032.500,9.5,0.19152164459228516,periodic,9
2794,32.5,Re_032.500,10.5,0.1085750013589859,periodic,10
2795,32.5,Re_032.500,11.5,0.02302202768623829,periodic,11
2796,32.5,Re_032.500,12.5,0.9344407916069031,periodic,12
2797,32.5,Re_032.500,13.5,0.8444199562072754,periodic,13
2798,32.5,Re_032.500,14.5,0.7553858757019043,periodic,14
2799,32.5,Re_032.500,15.500000000001,0.6710448265075684,periodic,15
2800,32.5,Re_032.500,16.500000000001,0.5902084708213806,periodic,16
2801,32.5,Re_032.500,17.500000000001,0.5089857578277588,periodic,17
2802,32.5,Re_032.500,18.500000000001,0.4263634979724884,periodic,18
2803,32.5,Re_032.500,19.5,0.342202752828598,periodic,19
2804,32.5,Re_032.500,20.5,0.25715363025665283,periodic,20
2805,32.5,Re_032.500,21.5,0.1736460030078888,periodic,21
2806,32.5,Re_032.500,22.5,0.09027932584285736,periodic,22
2807,32.5,Re_032.500,23.5,0.0038797962479293346,periodic,23
2808,32.5,Re_032.500,24.749999999999,0.892306387424469,periodic,24
2809,32.5,Re_032.500,25.749999999999,0.8022302389144897,periodic,25
2810,32.5,Re_032.500,26.749999999999,0.7150473594665527,periodic,26
2811,32.5,Re_032.500,27.749999999999,0.6327600479125977,periodic,27
2812,32.5,Re_032.500,28.749999999999,0.5519813299179077,periodic,28
2813,32.5,Re_032.500,29.749999999998,0.46999117732048035,periodic,29
2814,32.5,Re_032.500,30.749999999998,0.38662511110305786,periodic,30
2815,32.5,Re_032.500,31.749999999998,0.30170372128486633,periodic,31
2816,32.5,Re_032.500,32.749999999998,0.21714073419570923,periodic,32
2817,32.5,Re_032.500,33.749999999999,0.1340920627117157,periodic,33
2818,32.5,Re_032.500,34.749999999999,0.04942147433757782,periodic,34
2819,32.5,Re_032.500,35.75,0.9614927768707275,periodic,35
2820,32.5,Re_032.500,36.75,0.8716820478439331,periodic,36
2821,32.5,Re_032.500,37.750000000001,0.7818456292152405,periodic,37
2822,32.5,Re_032.500,38.750000000001,0.6957862377166748,periodic,38
2823,32.5,Re_032.500,39.750000000002,0.6141798496246338,periodic,39
2824,32.5,Re_032.500,41.000000000003,0.5126985311508179,periodic,40
2825,32.5,Re_032.500,42.000000000003,0.4300118386745453,periodic,41
2826,32.5,Re_032.500,43.000000000004,0.3458203971385956,periodic,42
2827,32.5,Re_032.500,44.000000000004,0.26065054535865784,periodic,43
2828,32.5,Re_032.500,45.000000000005,0.17695462703704834,periodic,44
2829,32.5,Re_032.500,46.000000000005,0.09354295581579208,periodic,45
2830,32.5,Re_032.500,47.000000000006,0.0071937283501029015,periodic,46
2831,32.5,Re_032.500,48.000000000006,0.9181404709815979,periodic,47
2832,33.0,Re_033.000,0.25,0.9613614082336426,periodic,0
2833,33.0,Re_033.000,0.5,0.9395171999931335,periodic,1
2834,33.0,Re_033.000,0.75,0.9174081087112427,periodic,2
2835,33.0,Re_033.000,1.0,0.895038366317749,periodic,3
2836,33.0,Re_033.000,1.25,0.872420608997345,periodic,4
2837,33.0,Re_033.000,1.5,0.8495855927467346,periodic,5
2838,33.0,Re_033.000,1.75,0.8265899419784546,periodic,6
2839,33.0,Re_033.000,2.0,0.8035179972648621,periodic,7
2840,33.0,Re_033.000,2.25,0.780472457408905,periodic,8
2841,33.0,Re_033.000,2.5,0.757557213306427,periodic,9
2842,33.0,Re_033.000,2.75,0.734857976436615,periodic,10
2843,33.0,Re_033.000,3.0,0.7124278545379639,periodic,11
2844,33.0,Re_033.000,3.25,0.6902822256088257,periodic,12
2845,33.0,Re_033.000,3.5,0.6684013605117798,periodic,13
2846,33.0,Re_033.000,3.75,0.6467388868331909,periodic,14
2847,33.0,Re_033.000,4.0,0.6252331733703613,periodic,15
2848,33.0,Re_033.000,4.25,0.6038207411766052,periodic,16
2849,33.0,Re_033.000,4.5,0.5824486017227173,periodic,17
2850,33.0,Re_033.000,4.75,0.5610829591751099,periodic,18
2851,33.0,Re_033.000,5.0,0.539712131023407,periodic,19
2852,33.0,Re_033.000,5.25,0.5183431506156921,periodic,20
2853,33.0,Re_033.000,5.5,0.4969945549964905,periodic,21
2854,33.0,Re_033.000,5.75,0.4756874442100525,periodic,22
2855,33.0,Re_033.000,6.0,0.4544382095336914,periodic,23
2856,33.0,Re_033.000,6.25,0.43325451016426086,periodic,24
2857,33.0,Re_033.000,6.5,0.41213446855545044,periodic,25
2858,33.0,Re_033.000,6.75,0.3910695016384125,periodic,26
2859,33.0,Re_033.000,7.0,0.37004995346069336,periodic,27
2860,33.0,Re_033.000,7.25,0.3490729331970215,periodic,28
2861,33.0,Re_033.000,7.5,0.3281495273113251,periodic,29
2862,33.0,Re_033.000,7.75,0.3073086142539978,periodic,30
2863,33.0,Re_033.000,8.0,0.2865932583808899,periodic,31
2864,33.0,Re_033.000,8.25,0.26604989171028137,periodic,32
2865,33.0,Re_033.000,8.5,0.2457149475812912,periodic,33
2866,33.0,Re_033.000,8.75,0.2256035953760147,periodic,34
2867,33.0,Re_033.000,9.0,0.20570407807826996,periodic,35
2868,33.0,Re_033.000,9.25,0.18597805500030518,periodic,36
2869,33.0,Re_033.000,9.5,0.16636469960212708,periodic,37
2870,33.0,Re_033.000,9.75,0.146787628531456,periodic,38
2871,33.0,Re_033.000,10.0,0.1271636039018631,periodic,39
2872,33.0,Re_033.000,10.25,0.10741215199232101,periodic,40
2873,33.0,Re_033.000,10.5,0.08746476471424103,periodic,41
2874,33.0,Re_033.000,10.75,0.06727134436368942,periodic,42
2875,33.0,Re_033.000,11.0,0.04680249094963074,periodic,43
2876,33.0,Re_033.000,11.25,0.026046890765428543,periodic,44
2877,33.0,Re_033.000,11.5,0.005005814600735903,periodic,45
2878,33.0,Re_033.000,11.75,0.9836865663528442,periodic,46
2879,33.0,Re_033.000,12.0,0.9620969891548157,periodic,47
2880,33.0,Re_033.000,12.25,0.9402421712875366,periodic,48
2881,33.0,Re_033.000,12.5,0.9181244373321533,periodic,49
2882,33.0,Re_033.000,12.75,0.8957470655441284,periodic,50
2883,33.0,Re_033.000,13.0,0.8731213212013245,periodic,51
2884,33.0,Re_033.000,13.25,0.8502762317657471,periodic,52
2885,33.0,Re_033.000,13.5,0.8272668123245239,periodic,53
2886,33.0,Re_033.000,13.75,0.8041761517524719,periodic,54
2887,33.0,Re_033.000,14.0,0.7811063528060913,periodic,55
2888,33.0,Re_033.000,14.25,0.7581610679626465,periodic,56
2889,33.0,Re_033.000,14.5,0.7354265451431274,periodic,57
2890,33.0,Re_033.000,14.75,0.7129567265510559,periodic,58
2891,33.0,Re_033.000,15.0,0.6907681226730347,periodic,59
2892,33.0,Re_033.000,15.25,0.6688423156738281,periodic,60
2893,33.0,Re_033.000,15.500000000001,0.6471338868141174,periodic,61
2894,33.0,Re_033.000,15.750000000001,0.6255823969841003,periodic,62
2895,33.0,Re_033.000,16.000000000001,0.6041253209114075,periodic,63
2896,33.0,Re_033.000,16.250000000001,0.5827100276947021,periodic,64
2897,33.0,Re_033.000,16.500000000001,0.5613030195236206,periodic,65
2898,33.0,Re_033.000,16.750000000001,0.5398925542831421,periodic,66
2899,33.0,Re_033.000,17.000000000001,0.5184860825538635,periodic,67
2900,33.0,Re_033.000,17.250000000001,0.4971020519733429,periodic,68
2901,33.0,Re_033.000,17.500000000001,0.4757615923881531,periodic,69
2902,33.0,Re_033.000,17.750000000001,0.4544811248779297,periodic,70
2903,33.0,Re_033.000,18.000000000001,0.43326810002326965,periodic,71
2904,33.0,Re_033.000,18.250000000001,0.4121203124523163,periodic,72
2905,33.0,Re_033.000,18.500000000001,0.3910287618637085,periodic,73
2906,33.0,Re_033.000,18.750000000001,0.36998316645622253,periodic,74
2907,33.0,Re_033.000,19.000000000001,0.34898024797439575,periodic,75
2908,33.0,Re_033.000,19.25,0.3280308246612549,periodic,76
2909,33.0,Re_033.000,19.5,0.3071638345718384,periodic,77
2910,33.0,Re_033.000,19.75,0.28642237186431885,periodic,78
2911,33.0,Re_033.000,20.0,0.26585283875465393,periodic,79
2912,33.0,Re_033.000,20.25,0.24549144506454468,periodic,80
2913,33.0,Re_033.000,20.5,0.22535301744937897,periodic,81
2914,33.0,Re_033.000,20.75,0.205425426363945,periodic,82
2915,33.0,Re_033.000,21.0,0.18567010760307312,periodic,83
2916,33.0,Re_033.000,21.25,0.16602618992328644,periodic,84
2917,33.0,Re_033.000,21.5,0.1464175134897232,periodic,85
2918,33.0,Re_033.000,21.75,0.12676119804382324,periodic,86
2919,33.0,Re_033.000,22.0,0.10697729140520096,periodic,87
2920,33.0,Re_033.000,22.25,0.08699788898229599,periodic,88
2921,33.0,Re_033.000,22.5,0.06677350401878357,periodic,89
2922,33.0,Re_033.000,22.75,0.04627523198723793,periodic,90
2923,33.0,Re_033.000,23.0,0.02549217827618122,periodic,91
2924,33.0,Re_033.000,23.25,0.004425840452313423,periodic,92
2925,33.0,Re_033.000,23.5,0.9830835461616516,periodic,93
2926,33.0,Re_033.000,23.75,0.9614729881286621,periodic,94
2927,33.0,Re_033.000,24.0,0.9395988583564758,periodic,95
2928,33.0,Re_033.000,24.249999999999,0.9174631834030151,periodic,96
2929,33.0,Re_033.000,24.499999999999,0.8950686454772949,periodic,97
2930,33.0,Re_033.000,24.749999999999,0.8724263906478882,periodic,98
2931,33.0,Re_033.000,24.999999999999,0.8495655059814453,periodic,99
2932,33.0,Re_033.000,25.249999999999,0.826541543006897,periodic,100
2933,33.0,Re_033.000,25.499999999999,0.8034379482269287,periodic,101
2934,33.0,Re_033.000,25.749999999999,0.7803569436073303,periodic,102
2935,33.0,Re_033.000,25.999999999999,0.7574018836021423,periodic,103
2936,33.0,Re_033.000,26.249999999999,0.7346577644348145,periodic,104
2937,33.0,Re_033.000,26.499999999999,0.7121773958206177,periodic,105
2938,33.0,Re_033.000,26.749999999999,0.6899760961532593,periodic,106
2939,33.0,Re_033.000,26.999999999999,0.6680346131324768,periodic,107
2940,33.0,Re_033.000,27.249999999999,0.6463073492050171,periodic,108
2941,33.0,Re_033.000,27.499999999999,0.6247340440750122,periodic,109
2942,33.0,Re_033.000,27.749999999999,0.6032528877258301,periodic,110
2943,33.0,Re_033.000,27.999999999999,0.5818123817443848,periodic,111
2944,33.0,Re_033.000,28.249999999999,0.560380220413208,periodic,112
2945,33.0,Re_033.000,28.499999999999,0.5389457941055298,periodic,113
2946,33.0,Re_033.000,28.749999999999,0.5175172686576843,periodic,114
2947,33.0,Re_033.000,28.999999999999,0.49611353874206543,periodic,115
2948,33.0,Re_033.000,29.249999999998,0.4747556149959564,periodic,116
2949,33.0,Re_033.000,29.499999999998,0.45345959067344666,periodic,117
2950,33.0,Re_033.000,29.749999999998,0.43223223090171814,periodic,118
2951,33.0,Re_033.000,29.999999999998,0.4110707640647888,periodic,119
2952,33.0,Re_033.000,30.249999999998,0.3899655342102051,periodic,120
2953,33.0,Re_033.000,30.499999999998,0.3689061999320984,periodic,121
2954,33.0,Re_033.000,30.749999999998,0.3478897213935852,periodic,122
2955,33.0,Re_033.000,30.999999999998,0.32692769169807434,periodic,123
2956,33.0,Re_033.000,31.249999999998,0.3060498833656311,periodic,124
2957,33.0,Re_033.000,31.499999999998,0.28529980778694153,periodic,125
2958,33.0,Re_033.000,31.749999999998,0.2647237479686737,periodic,126
2959,33.0,Re_033.000,31.999999999998,0.24435697495937347,periodic,127
2960,33.0,Re_033.000,32.249999999998,0.22421273589134216,periodic,128
2961,33.0,Re_033.000,32.499999999998,0.2042774260044098,periodic,129
2962,33.0,Re_033.000,32.749999999998,0.18451112508773804,periodic,130
2963,33.0,Re_033.000,32.999999999998,0.1648520529270172,periodic,131
2964,33.0,Re_033.000,33.249999999999,0.14522363245487213,periodic,132
2965,33.0,Re_033.000,33.499999999999,0.12554311752319336,periodic,133
2966,33.0,Re_033.000,33.749999999999,0.1057313084602356,periodic,134
2967,33.0,Re_033.000,33.999999999999,0.08572143316268921,periodic,135
2968,33.0,Re_033.000,34.249999999999,0.06546537578105927,periodic,136
2969,33.0,Re_033.000,34.499999999999,0.04493553191423416,periodic,137
2970,33.0,Re_033.000,34.749999999999,0.024121960625052452,periodic,138
2971,33.0,Re_033.000,34.999999999999,0.003026735968887806,periodic,139
2972,33.0,Re_033.000,35.25,0.9816573262214661,periodic,140
2973,33.0,Re_033.000,35.5,0.9600211381912231,periodic,141
2974,33.0,Re_033.000,35.75,0.938122570514679,periodic,142
2975,33.0,Re_033.000,36.0,0.9159631729125977,periodic,143
2976,33.0,Re_033.000,36.25,0.8935457468032837,periodic,144
2977,33.0,Re_033.000,36.5,0.8708818554878235,periodic,145
2978,33.0,Re_033.000,36.75,0.8480018377304077,periodic,146
2979,33.0,Re_033.000,37.0,0.8249629735946655,periodic,147
2980,33.0,Re_033.000,37.250000000001,0.8018501996994019,periodic,148
2981,33.0,Re_033.000,37.500000000001,0.7787663340568542,periodic,149
2982,33.0,Re_033.000,37.750000000001,0.7558139562606812,periodic,150
2983,33.0,Re_033.000,38.000000000001,0.7330760359764099,periodic,151
2984,33.0,Re_033.000,38.250000000001,0.710602879524231,periodic,152
2985,33.0,Re_033.000,38.500000000001,0.6884071826934814,periodic,153
2986,33.0,Re_033.000,38.750000000001,0.6664678454399109,periodic,154
2987,33.0,Re_033.000,39.000000000001,0.6447380781173706,periodic,155
2988,33.0,Re_033.000,39.250000000002,0.6231573820114136,periodic,156
2989,33.0,Re_033.000,39.500000000002,0.601664662361145,periodic,157
2990,33.0,Re_033.000,39.750000000002,0.5802099704742432,periodic,158
2991,33.0,Re_033.000,40.000000000002,0.5587626099586487,periodic,159
2992,33.0,Re_033.000,40.250000000002,0.5373138785362244,periodic,160
2993,33.0,Re_033.000,40.500000000002,0.5158729553222656,periodic,161
2994,33.0,Re_033.000,40.750000000002,0.4944593012332916,periodic,162
2995,33.0,Re_033.000,41.000000000003,0.47309383749961853,periodic,163
2996,33.0,Re_033.000,41.250000000003,0.4517918527126312,periodic,164
2997,33.0,Re_033.000,41.500000000003,0.43055933713912964,periodic,165
2998,33.0,Re_033.000,41.750000000003,0.40939268469810486,periodic,166
2999,33.0,Re_033.000,42.000000000003,0.38828176259994507,periodic,167
3000,33.0,Re_033.000,42.250000000003,0.3672162592411041,periodic,168
3001,33.0,Re_033.000,42.500000000003,0.34619396924972534,periodic,169
3002,33.0,Re_033.000,42.750000000003,0.32522767782211304,periodic,170
3003,33.0,Re_033.000,43.000000000004,0.3043486475944519,periodic,171
3004,33.0,Re_033.000,43.250000000004,0.2836011052131653,periodic,172
3005,33.0,Re_033.000,43.500000000004,0.2630309462547302,periodic,173
3006,33.0,Re_033.000,43.750000000004,0.24267181754112244,periodic,174
3007,33.0,Re_033.000,44.000000000004,0.2225348949432373,periodic,175
3008,33.0,Re_033.000,44.250000000004,0.20260430872440338,periodic,176
3009,33.0,Re_033.000,44.500000000004,0.18283811211585999,periodic,177
3010,33.0,Re_033.000,44.750000000004,0.16317306458950043,periodic,178
3011,33.0,Re_033.000,45.000000000005,0.14353187382221222,periodic,179
3012,33.0,Re_033.000,45.250000000005,0.12383188307285309,periodic,180
3013,33.0,Re_033.000,45.500000000005,0.10399477928876877,periodic,181
3014,33.0,Re_033.000,45.750000000005,0.08395528048276901,periodic,182
3015,33.0,Re_033.000,46.000000000005,0.06366711109876633,periodic,183
3016,33.0,Re_033.000,46.250000000005,0.04310441017150879,periodic,184
3017,33.0,Re_033.000,46.500000000005,0.022258561104536057,periodic,185
3018,33.0,Re_033.000,46.750000000005,0.0011323512298986316,periodic,186
3019,33.0,Re_033.000,47.000000000006,0.979733407497406,periodic,187
3020,33.0,Re_033.000,47.250000000006,0.9580689072608948,periodic,188
3021,33.0,Re_033.000,47.500000000006,0.9361427426338196,periodic,189
3022,33.0,Re_033.000,47.750000000006,0.913956344127655,periodic,190
3023,33.0,Re_033.000,48.000000000006,0.8915125727653503,periodic,191
3024,33.0,Re_033.000,48.250000000006,0.8688241839408875,periodic,192
3025,33.0,Re_033.000,48.500000000006,0.8459234237670898,periodic,193
3026,33.0,Re_033.000,48.750000000006,0.8228700160980225,periodic,194
3027,33.0,Re_033.000,49.000000000007,0.7997509837150574,periodic,195
3028,33.0,Re_033.000,49.250000000007,0.7766699194908142,periodic,196
3029,33.0,Re_033.000,49.500000000007,0.7537282109260559,periodic,197
3030,33.0,Re_033.000,49.750000000007,0.731006383895874,periodic,198
3031,33.0,Re_033.000,50.000000000007,0.7085510492324829,periodic,199
3032,33.0,Re_033.000,50.250000000007,0.6863719820976257,periodic,200
3033,33.0,Re_033.000,50.500000000007,0.664445161819458,periodic,201
3034,33.0,Re_033.000,50.750000000008,0.6427223682403564,periodic,202
3035,33.0,Re_033.000,51.000000000008,0.6211426258087158,periodic,203
3036,33.0,Re_033.000,51.250000000008,0.5996456742286682,periodic,204
3037,33.0,Re_033.000,51.500000000008,0.578183114528656,periodic,205
3038,33.0,Re_033.000,51.750000000008,0.5567266941070557,periodic,206
3039,33.0,Re_033.000,52.000000000008,0.5352694392204285,periodic,207
3040,33.0,Re_033.000,52.250000000008,0.513822078704834,periodic,208
3041,33.0,Re_033.000,52.500000000008,0.4924045503139496,periodic,209
3042,33.0,Re_033.000,52.750000000009,0.47103750705718994,periodic,210
3043,33.0,Re_033.000,53.000000000009,0.4497354328632355,periodic,211
3044,33.0,Re_033.000,53.250000000009,0.42850327491760254,periodic,212
3045,33.0,Re_033.000,53.500000000009,0.4073365032672882,periodic,213
3046,33.0,Re_033.000,53.750000000009,0.38622456789016724,periodic,214
3047,33.0,Re_033.000,54.000000000009,0.36515742540359497,periodic,215
3048,33.0,Re_033.000,54.250000000009,0.3441339433193207,periodic,216
3049,33.0,Re_033.000,54.500000000009,0.3231687545776367,periodic,217
3050,33.0,Re_033.000,54.75000000001,0.30229461193084717,periodic,218
3051,33.0,Re_033.000,55.00000000001,0.28155654668807983,periodic,219
3052,33.0,Re_033.000,55.25000000001,0.2609998285770416,periodic,220
3053,33.0,Re_033.000,55.50000000001,0.2406562864780426,periodic,221
3054,33.0,Re_033.000,55.75000000001,0.22053442895412445,periodic,222
3055,33.0,Re_033.000,56.00000000001,0.20061565935611725,periodic,223
3056,33.0,Re_033.000,56.25000000001,0.18085570633411407,periodic,224
3057,33.0,Re_033.000,56.50000000001,0.16118961572647095,periodic,225
3058,33.0,Re_033.000,56.750000000011,0.1415392905473709,periodic,226
3059,33.0,Re_033.000,57.000000000011,0.1218220517039299,periodic,227
3060,33.0,Re_033.000,57.250000000011,0.10196071118116379,periodic,228
3061,33.0,Re_033.000,57.500000000011,0.0818917453289032,periodic,229
3062,33.0,Re_033.000,57.750000000011,0.06157102808356285,periodic,230
3063,33.0,Re_033.000,58.000000000011,0.04097464680671692,periodic,231
3064,33.0,Re_033.000,58.250000000011,0.020095454528927803,periodic,232
3065,33.0,Re_033.000,58.500000000011,0.9989370107650757,periodic,233
3066,33.0,Re_033.000,58.750000000012,0.9775071144104004,periodic,234
3067,33.0,Re_033.000,59.000000000012,0.9558126330375671,periodic,235
3068,33.0,Re_033.000,59.250000000012,0.9338570833206177,periodic,236
3069,33.0,Re_033.000,59.500000000012,0.9116415977478027,periodic,237
3070,33.0,Re_033.000,59.750000000012,0.8891695737838745,periodic,238
3071,33.0,Re_033.000,60.000000000012,0.8664551377296448,periodic,239
3072,33.0,Re_033.000,60.250000000012,0.8435330390930176,periodic,240
3073,33.0,Re_033.000,60.500000000012,0.8204658627510071,periodic,241
3074,33.0,Re_033.000,60.750000000013,0.7973430752754211,periodic,242
3075,33.0,Re_033.000,61.000000000013,0.7742689251899719,periodic,243
3076,33.0,Re_033.000,61.250000000013,0.751343309879303,periodic,244
3077,33.0,Re_033.000,61.500000000013,0.7286436557769775,periodic,245
3078,33.0,Re_033.000,61.750000000013,0.7062128782272339,periodic,246
3079,33.0,Re_033.000,62.000000000013,0.6840567588806152,periodic,247
3080,33.0,Re_033.000,62.250000000013,0.6621484160423279,periodic,248
3081,33.0,Re_033.000,62.500000000014,0.64043790102005,periodic,249
3082,33.0,Re_033.000,62.750000000014,0.6188637614250183,periodic,250
3083,33.0,Re_033.000,63.000000000014,0.5973665118217468,periodic,251
3084,33.0,Re_033.000,63.250000000014,0.5758998990058899,periodic,252
3085,33.0,Re_033.000,63.500000000014,0.5544378161430359,periodic,253
3086,33.0,Re_033.000,63.750000000014,0.5329757332801819,periodic,254
3087,33.0,Re_033.000,64.000000000014,0.5115256905555725,periodic,255
3088,33.5,Re_033.500,0.25,0.9326888918876648,periodic,0
3089,33.5,Re_033.500,1.25,0.8414816856384277,periodic,1
3090,33.5,Re_033.500,2.25,0.7508530616760254,periodic,2
3091,33.5,Re_033.500,3.25,0.6650161743164062,periodic,3
3092,33.5,Re_033.500,4.25,0.5829314589500427,periodic,4
3093,33.5,Re_033.500,5.25,0.5008715391159058,periodic,5
3094,33.5,Re_033.500,6.25,0.4180198907852173,periodic,6
3095,33.5,Re_033.500,7.25,0.3341390788555145,periodic,7
3096,33.5,Re_033.500,8.5,0.22893939912319183,periodic,8
3097,33.5,Re_033.500,9.5,0.14648598432540894,periodic,9
3098,33.5,Re_033.500,10.5,0.0626986101269722,periodic,10
3099,33.5,Re_033.500,11.5,0.9750674962997437,periodic,11
3100,33.5,Re_033.500,12.5,0.8846004605293274,periodic,12
3101,33.5,Re_033.500,13.5,0.7930791974067688,periodic,13
3102,33.5,Re_033.500,14.5,0.704562783241272,periodic,14
3103,33.5,Re_033.500,15.500000000001,0.6210577487945557,periodic,15
3104,33.5,Re_033.500,16.500000000001,0.5391156673431396,periodic,16
3105,33.5,Re_033.500,17.500000000001,0.45647338032722473,periodic,17
3106,33.5,Re_033.500,18.500000000001,0.37303438782691956,periodic,18
3107,33.5,Re_033.500,19.5,0.28852373361587524,periodic,19
3108,33.5,Re_033.500,20.5,0.2048446536064148,periodic,20
3109,33.5,Re_033.500,21.5,0.12231528013944626,periodic,21
3110,33.5,Re_033.500,22.5,0.0373714417219162,periodic,22
3111,33.5,Re_033.500,23.5,0.9486794471740723,periodic,23
3112,33.5,Re_033.500,24.749999999999,0.8346888422966003,periodic,24
3113,33.5,Re_033.500,25.749999999999,0.7441439032554626,periodic,25
3114,33.5,Re_033.500,26.749999999999,0.6584748029708862,periodic,26
3115,33.5,Re_033.500,27.749999999999,0.576220691204071,periodic,27
3116,33.5,Re_033.500,28.749999999999,0.493847519159317,periodic,28
3117,33.5,Re_033.500,29.749999999998,0.4107397198677063,periodic,29
3118,33.5,Re_033.500,30.749999999998,0.3265850245952606,periodic,30
3119,33.5,Re_033.500,31.749999999998,0.2421455681324005,periodic,31
3120,33.5,Re_033.500,32.749999999998,0.15933506190776825,periodic,32
3121,33.5,Re_033.500,33.749999999999,0.07583640515804291,periodic,33
3122,33.5,Re_033.500,34.749999999999,0.9886630773544312,periodic,34
3123,33.5,Re_033.500,35.75,0.8984596729278564,periodic,35
3124,33.5,Re_033.500,36.75,0.8068417906761169,periodic,36
3125,33.5,Re_033.500,37.750000000001,0.717475175857544,periodic,37
3126,33.5,Re_033.500,38.750000000001,0.6332076787948608,periodic,38
3127,33.5,Re_033.500,39.750000000002,0.551102876663208,periodic,39
3128,33.5,Re_033.500,41.000000000003,0.44766345620155334,periodic,40
3129,33.5,Re_033.500,42.000000000003,0.364003986120224,periodic,41
3130,33.5,Re_033.500,43.000000000004,0.27934911847114563,periodic,42
3131,33.5,Re_033.500,44.000000000004,0.19576065242290497,periodic,43
3132,33.5,Re_033.500,45.000000000005,0.11303549259901047,periodic,44
3133,33.5,Re_033.500,46.000000000005,0.027564622461795807,periodic,45
3134,33.5,Re_033.500,47.000000000006,0.9384782910346985,periodic,46
3135,33.5,Re_033.500,48.000000000006,0.8472195863723755,periodic,47
3136,34.0,Re_034.000,0.25,0.9121571779251099,periodic,0
3137,34.0,Re_034.000,1.25,0.820197343826294,periodic,1
3138,34.0,Re_034.000,2.25,0.7295125722885132,periodic,2
3139,34.0,Re_034.000,3.25,0.6439319252967834,periodic,3
3140,34.0,Re_034.000,4.25,0.5612907409667969,periodic,4
3141,34.0,Re_034.000,5.25,0.47847267985343933,periodic,5
3142,34.0,Re_034.000,6.25,0.39520463347435,periodic,6
3143,34.0,Re_034.000,7.25,0.31110283732414246,periodic,7
3144,34.0,Re_034.000,8.5,0.20666374266147614,periodic,8
3145,34.0,Re_034.000,9.5,0.12457931041717529,periodic,9
3146,34.0,Re_034.000,10.5,0.04010436683893204,periodic,10
3147,34.0,Re_034.000,11.5,0.9515959024429321,periodic,11
3148,34.0,Re_034.000,12.5,0.8602878451347351,periodic,12
3149,34.0,Re_034.000,13.5,0.7683224081993103,periodic,13
3150,34.0,Re_034.000,14.5,0.6802917718887329,periodic,14
3151,34.0,Re_034.000,15.500000000001,0.5967361927032471,periodic,15
3152,34.0,Re_034.000,16.500000000001,0.5139846801757812,periodic,16
3153,34.0,Re_034.000,17.500000000001,0.43078282475471497,periodic,17
3154,34.0,Re_034.000,18.500000000001,0.34697645902633667,periodic,18
3155,34.0,Re_034.000,19.5,0.2626184821128845,periodic,19
3156,34.0,Re_034.000,20.5,0.17978264391422272,periodic,20
3157,34.0,Re_034.000,21.5,0.09723260998725891,periodic,21
3158,34.0,Re_034.000,22.5,0.011304290033876896,periodic,22
3159,34.0,Re_034.000,23.5,0.921667218208313,periodic,23
3160,34.0,Re_034.000,24.749999999999,0.8066578507423401,periodic,24
3161,34.0,Re_034.000,25.749999999999,0.7164211273193359,periodic,25
3162,34.0,Re_034.000,26.749999999999,0.6312777400016785,periodic,26
3163,34.0,Re_034.000,27.749999999999,0.5484520196914673,periodic,27
3164,34.0,Re_034.000,28.749999999999,0.46533212065696716,periodic,28
3165,34.0,Re_034.000,29.749999999998,0.38179370760917664,periodic,29
3166,34.0,Re_034.000,30.749999999998,0.2974126636981964,periodic,30
3167,34.0,Re_034.000,31.749999999998,0.21371106803417206,periodic,31
3168,34.0,Re_034.000,32.749999999998,0.1314329206943512,periodic,32
3169,34.0,Re_034.000,33.749999999999,0.04711569473147392,periodic,33
3170,34.0,Re_034.000,34.749999999999,0.9588000774383545,periodic,34
3171,34.0,Re_034.000,35.75,0.8676046133041382,periodic,35
3172,34.0,Re_034.000,36.75,0.7754597663879395,periodic,36
3173,34.0,Re_034.000,37.750000000001,0.6868759989738464,periodic,37
3174,34.0,Re_034.000,38.750000000001,0.602933406829834,periodic,38
3175,34.0,Re_034.000,39.750000000002,0.5200512409210205,periodic,39
3176,34.0,Re_034.000,41.000000000003,0.41587361693382263,periodic,40
3177,34.0,Re_034.000,42.000000000003,0.3317939341068268,periodic,41
3178,34.0,Re_034.000,43.000000000004,0.24745891988277435,periodic,42
3179,34.0,Re_034.000,44.000000000004,0.1648019701242447,periodic,43
3180,34.0,Re_034.000,45.000000000005,0.08174193650484085,periodic,44
3181,34.0,Re_034.000,46.000000000005,0.9949697256088257,periodic,45
3182,34.0,Re_034.000,47.000000000006,0.9047604203224182,periodic,46
3183,34.0,Re_034.000,48.000000000006,0.8125811815261841,periodic,47
3184,34.5,Re_034.500,0.25,0.8987118601799011,periodic,0
3185,34.5,Re_034.500,0.5,0.8766506314277649,periodic,1
3186,34.5,Re_034.500,0.75,0.854332447052002,periodic,2
3187,34.5,Re_034.500,1.0,0.8317870497703552,periodic,3
3188,34.5,Re_034.500,1.25,0.8090730905532837,periodic,4
3189,34.5,Re_034.500,1.5,0.7862735986709595,periodic,5
3190,34.5,Re_034.500,1.75,0.7634812593460083,periodic,6
3191,34.5,Re_034.500,2.0,0.7407793998718262,periodic,7
3192,34.5,Re_034.500,2.25,0.7182260751724243,periodic,8
3193,34.5,Re_034.500,2.5,0.6958461403846741,periodic,9
3194,34.5,Re_034.500,2.75,0.6736314296722412,periodic,10
3195,34.5,Re_034.500,3.0,0.6515467166900635,periodic,11
3196,34.5,Re_034.500,3.25,0.6295396685600281,periodic,12
3197,34.5,Re_034.500,3.5,0.6075539588928223,periodic,13
3198,34.5,Re_034.500,3.75,0.5855419635772705,periodic,14
3199,34.5,Re_034.500,4.0,0.5634756088256836,periodic,15
3200,34.5,Re_034.500,4.25,0.5413508415222168,periodic,16
3201,34.5,Re_034.500,4.5,0.5191857814788818,periodic,17
3202,34.5,Re_034.500,4.75,0.49701276421546936,periodic,18
3203,34.5,Re_034.500,5.0,0.4748678505420685,periodic,19
3204,34.5,Re_034.500,5.25,0.4527820348739624,periodic,20
3205,34.5,Re_034.500,5.5,0.4307754933834076,periodic,21
3206,34.5,Re_034.500,5.75,0.4088561236858368,periodic,22
3207,34.5,Re_034.500,6.0,0.3870224058628082,periodic,23
3208,34.5,Re_034.500,6.25,0.3652697801589966,periodic,24
3209,34.5,Re_034.500,6.5,0.3435998558998108,periodic,25
3210,34.5,Re_034.500,6.75,0.32202938199043274,periodic,26
3211,34.5,Re_034.500,7.0,0.30059441924095154,periodic,27
3212,34.5,Re_034.500,7.25,0.2793460190296173,periodic,28
3213,34.5,Re_034.500,7.5,0.2583373188972473,periodic,29
3214,34.5,Re_034.500,7.75,0.23760798573493958,periodic,30
3215,34.5,Re_034.500,8.0,0.2171727865934372,periodic,31
3216,34.5,Re_034.500,8.25,0.1970168650150299,periodic,32
3217,34.5,Re_034.500,8.5,0.1770976334810257,periodic,33
3218,34.5,Re_034.500,8.75,0.15735042095184326,periodic,34
3219,34.5,Re_034.500,9.0,0.13769616186618805,periodic,35
3220,34.5,Re_034.500,9.25,0.11805036664009094,periodic,36
3221,34.5,Re_034.500,9.5,0.09833282977342606,periodic,37
3222,34.5,Re_034.500,9.75,0.0784762054681778,periodic,38
3223,34.5,Re_034.500,10.0,0.058431848883628845,periodic,39
3224,34.5,Re_034.500,10.25,0.038171082735061646,periodic,40
3225,34.5,Re_034.500,10.5,0.017681727185845375,periodic,41
3226,34.5,Re_034.500,10.75,0.9969618320465088,periodic,42
3227,34.5,Re_034.500,11.0,0.976012647151947,periodic,43
3228,34.5,Re_034.500,11.25,0.9548333287239075,periodic,44
3229,34.5,Re_034.500,11.5,0.9334178566932678,periodic,45
3230,34.5,Re_034.500,11.75,0.9117553234100342,periodic,46
3231,34.5,Re_034.500,12.0,0.8898341655731201,periodic,47
3232,34.5,Re_034.500,12.25,0.8676501512527466,periodic,48
3233,34.5,Re_034.500,12.5,0.8452168107032776,periodic,49
3234,34.5,Re_034.500,12.75,0.8225747346878052,periodic,50
3235,34.5,Re_034.500,13.0,0.7997932434082031,periodic,51
3236,34.5,Re_034.500,13.25,0.7769611477851868,periodic,52
3237,34.5,Re_034.500,13.5,0.7541691660881042,periodic,53
3238,34.5,Re_034.500,13.75,0.7314915060997009,periodic,54
3239,34.5,Re_034.500,14.0,0.7089729309082031,periodic,55
3240,34.5,Re_034.500,14.25,0.6866249442100525,periodic,56
3241,34.5,Re_034.500,14.5,0.6644275784492493,periodic,57
3242,34.5,Re_034.500,14.75,0.6423382759094238,periodic,58
3243,34.5,Re_034.500,15.0,0.6203024983406067,periodic,59
3244,34.5,Re_034.500,15.25,0.5982670187950134,periodic,60
3245,34.5,Re_034.500,15.500000000001,0.5761922597885132,periodic,61
3246,34.5,Re_034.500,15.750000000001,0.5540605187416077,periodic,62
3247,34.5,Re_034.500,16.000000000001,0.5318782329559326,periodic,63
3248,34.5,Re_034.500,16.250000000001,0.5096708536148071,periodic,64
3249,34.5,Re_034.500,16.500000000001,0.4874735176563263,periodic,65
3250,34.5,Re_034.500,16.750000000001,0.46532097458839417,periodic,66
3251,34.5,Re_034.500,17.000000000001,0.44323986768722534,periodic,67
3252,34.5,Re_034.500,17.250000000001,0.4212445914745331,periodic,68
3253,34.5,Re_034.500,17.500000000001,0.39933788776397705,periodic,69
3254,34.5,Re_034.500,17.750000000001,0.37751540541648865,periodic,70
3255,34.5,Re_034.500,18.000000000001,0.3557734787464142,periodic,71
3256,34.5,Re_034.500,18.250000000001,0.33411896228790283,periodic,72
3257,34.5,Re_034.500,18.500000000001,0.3125768303871155,periodic,73
3258,34.5,Re_034.500,18.750000000001,0.2911909222602844,periodic,74
3259,34.5,Re_034.500,19.000000000001,0.27001506090164185,periodic,75
3260,34.5,Re_034.500,19.25,0.24909822642803192,periodic,76
3261,34.5,Re_034.500,19.5,0.22847002744674683,periodic,77
3262,34.5,Re_034.500,19.75,0.20813210308551788,periodic,78
3263,34.5,Re_034.500,20.0,0.18805694580078125,periodic,79
3264,34.5,Re_034.500,20.25,0.16819144785404205,periodic,80
3265,34.5,Re_034.500,20.5,0.14846393465995789,periodic,81
3266,34.5,Re_034.500,20.75,0.12879224121570587,periodic,82
3267,34.5,Re_034.500,21.0,0.109093077480793,periodic,83
3268,34.5,Re_034.500,21.25,0.08929150551557541,periodic,84
3269,34.5,Re_034.500,21.5,0.06932833790779114,periodic,85
3270,34.5,Re_034.500,21.75,0.04916423559188843,periodic,86
3271,34.5,Re_034.500,22.0,0.028778651729226112,periodic,87
3272,34.5,Re_034.500,22.25,0.008164835162460804,periodic,88
3273,34.5,Re_034.500,22.5,0.987322986125946,periodic,89
3274,34.5,Re_034.500,22.75,0.9662537574768066,periodic,90
3275,34.5,Re_034.500,23.0,0.9449537396430969,periodic,91
3276,34.5,Re_034.500,23.25,0.9234141111373901,periodic,92
3277,34.5,Re_034.500,23.5,0.901622474193573,periodic,93
3278,34.5,Re_034.500,23.75,0.8795688152313232,periodic,94
3279,34.5,Re_034.500,24.0,0.8572552800178528,periodic,95
3280,34.5,Re_034.500,24.249999999999,0.8347066640853882,periodic,96
3281,34.5,Re_034.500,24.499999999999,0.8119770884513855,periodic,97
3282,34.5,Re_034.500,24.749999999999,0.789146363735199,periodic,98
3283,34.5,Re_034.500,24.999999999999,0.7663065195083618,periodic,99
3284,34.5,Re_034.500,25.249999999999,0.7435421943664551,periodic,100
3285,34.5,Re_034.500,25.499999999999,0.7209150791168213,periodic,101
3286,34.5,Re_034.500,25.749999999999,0.6984542608261108,periodic,102
3287,34.5,Re_034.500,25.999999999999,0.6761562824249268,periodic,103
3288,34.5,Re_034.500,26.249999999999,0.6539897918701172,periodic,104
3289,34.5,Re_034.500,26.499999999999,0.6319057941436768,periodic,105
3290,34.5,Re_034.500,26.749999999999,0.6098493337631226,periodic,106
3291,34.5,Re_034.500,26.999999999999,0.587772786617279,periodic,107
3292,34.5,Re_034.500,27.249999999999,0.565646767616272,periodic,108
3293,34.5,Re_034.500,27.499999999999,0.5434654355049133,periodic,109
3294,34.5,Re_034.500,27.749999999999,0.5212453603744507,periodic,110
3295,34.5,Re_034.500,27.999999999999,0.4990180432796478,periodic,111
3296,34.5,Re_034.500,28.249999999999,0.47681954503059387,periodic,112
3297,34.5,Re_034.500,28.499999999999,0.45468130707740784,periodic,113
3298,34.5,Re_034.500,28.749999999999,0.43262413144111633,periodic,114
3299,34.5,Re_034.500,28.999999999999,0.41065630316734314,periodic,115
3300,34.5,Re_034.500,29.249999999998,0.38877594470977783,periodic,116
3301,34.5,Re_034.500,29.499999999998,0.3669774830341339,periodic,117
3302,34.5,Re_034.500,29.749999999998,0.3452609181404114,periodic,118
3303,34.5,Re_034.500,29.999999999998,0.3236410617828369,periodic,119
3304,34.5,Re_034.500,30.249999999998,0.302152544260025,periodic,120
3305,34.5,Re_034.500,30.499999999998,0.280845582485199,periodic,121
3306,34.5,Re_034.500,30.749999999998,0.25977376103401184,periodic,122
3307,34.5,Re_034.500,30.999999999998,0.23897801339626312,periodic,123
3308,34.5,Re_034.500,31.249999999998,0.218474879860878,periodic,124
3309,34.5,Re_034.500,31.499999999998,0.19825153052806854,periodic,125
3310,34.5,Re_034.500,31.749999999998,0.1782674342393875,periodic,126
3311,34.5,Re_034.500,31.999999999998,0.1584596037864685,periodic,127
3312,34.5,Re_034.500,32.249999999998,0.13875043392181396,periodic,128
3313,34.5,Re_034.500,32.499999999998,0.11905628442764282,periodic,129
3314,34.5,Re_034.500,32.749999999998,0.0992971733212471,periodic,130
3315,34.5,Re_034.500,32.999999999998,0.07940535992383957,periodic,131
3316,34.5,Re_034.500,33.249999999999,0.05933130905032158,periodic,132
3317,34.5,Re_034.500,33.499999999999,0.03904542326927185,periodic,133
3318,34.5,Re_034.500,33.749999999999,0.0185347069054842,periodic,134
3319,34.5,Re_034.500,33.999999999999,0.9977966547012329,periodic,135
3320,34.5,Re_034.500,34.249999999999,0.9768323302268982,periodic,136
3321,34.5,Re_034.500,34.499999999999,0.9556406140327454,periodic,137
3322,34.5,Re_034.500,34.749999999999,0.9342151284217834,periodic,138
3323,34.5,Re_034.500,34.999999999999,0.9125444889068604,periodic,139
3324,34.5,Re_034.500,35.25,0.890616238117218,periodic,140
3325,34.5,Re_034.500,35.5,0.8684247732162476,periodic,141
3326,34.5,Re_034.500,35.75,0.8459818959236145,periodic,142
3327,34.5,Re_034.500,36.0,0.8233267068862915,periodic,143
3328,34.5,Re_034.500,36.25,0.8005271553993225,periodic,144
3329,34.5,Re_034.500,36.5,0.7776712775230408,periodic,145
3330,34.5,Re_034.500,36.75,0.7548496723175049,periodic,146
3331,34.5,Re_034.500,37.0,0.7321368455886841,periodic,147
3332,34.5,Re_034.500,37.250000000001,0.7095786333084106,periodic,148
3333,34.5,Re_034.500,37.500000000001,0.6871877908706665,periodic,149
3334,34.5,Re_034.500,37.750000000001,0.6649457216262817,periodic,150
3335,34.5,Re_034.500,38.000000000001,0.6428115367889404,periodic,151
3336,34.5,Re_034.500,38.250000000001,0.6207317113876343,periodic,152
3337,34.5,Re_034.500,38.500000000001,0.5986539125442505,periodic,153
3338,34.5,Re_034.500,38.750000000001,0.5765390396118164,periodic,154
3339,34.5,Re_034.500,39.000000000001,0.5543695092201233,periodic,155
3340,34.5,Re_034.500,39.250000000002,0.5321516394615173,periodic,156
3341,34.5,Re_034.500,39.500000000002,0.5099108219146729,periodic,157
3342,34.5,Re_034.500,39.750000000002,0.4876819849014282,periodic,158
3343,34.5,Re_034.500,40.000000000002,0.46549999713897705,periodic,159
3344,34.5,Re_034.500,40.250000000002,0.44339120388031006,periodic,160
3345,34.5,Re_034.500,40.500000000002,0.4213697910308838,periodic,161
3346,34.5,Re_034.500,40.750000000002,0.39943814277648926,periodic,162
3347,34.5,Re_034.500,41.000000000003,0.37759125232696533,periodic,163
3348,34.5,Re_034.500,41.250000000003,0.3558250069618225,periodic,164
3349,34.5,Re_034.500,41.500000000003,0.3341456651687622,periodic,165
3350,34.5,Re_034.500,41.750000000003,0.3125782608985901,periodic,166
3351,34.5,Re_034.500,42.000000000003,0.29116639494895935,periodic,167
3352,34.5,Re_034.500,42.250000000003,0.2699640691280365,periodic,168
3353,34.5,Re_034.500,42.500000000003,0.24902011454105377,periodic,169
3354,34.5,Re_034.500,42.750000000003,0.2283640056848526,periodic,170
3355,34.5,Re_034.500,43.000000000004,0.20799726247787476,periodic,171
3356,34.5,Re_034.500,43.250000000004,0.18789231777191162,periodic,172
3357,34.5,Re_034.500,43.500000000004,0.16799627244472504,periodic,173
3358,34.5,Re_034.500,43.750000000004,0.14823777973651886,periodic,174
3359,34.5,Re_034.500,44.000000000004,0.12853509187698364,periodic,175
3360,34.5,Re_034.500,44.250000000004,0.10880550742149353,periodic,176
3361,34.5,Re_034.500,44.500000000004,0.08897452056407928,periodic,177
3362,34.5,Re_034.500,44.750000000004,0.06898342818021774,periodic,178
3363,34.5,Re_034.500,45.000000000005,0.04879322275519371,periodic,179
3364,34.5,Re_034.500,45.250000000005,0.028383497148752213,periodic,180
3365,34.5,Re_034.500,45.500000000005,0.007747573312371969,periodic,181
3366,34.5,Re_034.500,45.750000000005,0.9868855476379395,periodic,182
3367,34.5,Re_034.500,46.000000000005,0.9657978415489197,periodic,183
3368,34.5,Re_034.500,46.250000000005,0.9444806575775146,periodic,184
3369,34.5,Re_034.500,46.500000000005,0.9229246377944946,periodic,185
3370,34.5,Re_034.500,46.750000000005,0.9011169075965881,periodic,186
3371,34.5,Re_034.500,47.000000000006,0.879047155380249,periodic,187
3372,34.5,Re_034.500,47.250000000006,0.8567172884941101,periodic,188
3373,34.5,Re_034.500,47.500000000006,0.8341524004936218,periodic,189
3374,34.5,Re_034.500,47.750000000006,0.8114069104194641,periodic,190
3375,34.5,Re_034.500,48.000000000006,0.7885611057281494,periodic,191
3376,34.5,Re_034.500,48.250000000006,0.7657065391540527,periodic,192
3377,34.5,Re_034.500,48.500000000006,0.7429275512695312,periodic,193
3378,34.5,Re_034.500,48.750000000006,0.7202845811843872,periodic,194
3379,34.5,Re_034.500,49.000000000007,0.6978062391281128,periodic,195
3380,34.5,Re_034.500,49.250000000007,0.6754882335662842,periodic,196
3381,34.5,Re_034.500,49.500000000007,0.6532992720603943,periodic,197
3382,34.5,Re_034.500,49.750000000007,0.6311905384063721,periodic,198
3383,34.5,Re_034.500,50.000000000007,0.6091077923774719,periodic,199
3384,34.5,Re_034.500,50.250000000007,0.587004542350769,periodic,200
3385,34.5,Re_034.500,50.500000000007,0.5648523569107056,periodic,201
3386,34.5,Re_034.500,50.750000000008,0.542646586894989,periodic,202
3387,34.5,Re_034.500,51.000000000008,0.5204046964645386,periodic,203
3388,34.5,Re_034.500,51.250000000008,0.4981582462787628,periodic,204
3389,34.5,Re_034.500,51.500000000008,0.4759434163570404,periodic,205
3390,34.5,Re_034.500,51.750000000008,0.45379123091697693,periodic,206
3391,34.5,Re_034.500,52.000000000008,0.4317217469215393,periodic,207
3392,34.5,Re_034.500,52.250000000008,0.4097425043582916,periodic,208
3393,34.5,Re_034.500,52.500000000008,0.3878510296344757,periodic,209
3394,34.5,Re_034.500,52.750000000009,0.3660414516925812,periodic,210
3395,34.5,Re_034.500,53.000000000009,0.3443138599395752,periodic,211
3396,34.5,Re_034.500,53.250000000009,0.32268378138542175,periodic,212
3397,34.5,Re_034.500,53.500000000009,0.3011866807937622,periodic,213
3398,34.5,Re_034.500,53.750000000009,0.27987322211265564,periodic,214
3399,34.5,Re_034.500,54.000000000009,0.2587967813014984,periodic,215
3400,34.5,Re_034.500,54.250000000009,0.23799732327461243,periodic,216
3401,34.5,Re_034.500,54.500000000009,0.2174900323152542,periodic,217
3402,34.5,Re_034.500,54.75000000001,0.19726066291332245,periodic,218
3403,34.5,Re_034.500,55.00000000001,0.1772676259279251,periodic,219
3404,34.5,Re_034.500,55.25000000001,0.15744726359844208,periodic,220
3405,34.5,Re_034.500,55.50000000001,0.1377217173576355,periodic,221
3406,34.5,Re_034.500,55.75000000001,0.11800768226385117,periodic,222
3407,34.5,Re_034.500,56.00000000001,0.09822581708431244,periodic,223
3408,34.5,Re_034.500,56.25000000001,0.07830937951803207,periodic,224
3409,34.5,Re_034.500,56.50000000001,0.05821001157164574,periodic,225
3410,34.5,Re_034.500,56.750000000011,0.037899065762758255,periodic,226
3411,34.5,Re_034.500,57.000000000011,0.01736423932015896,periodic,227
3412,34.5,Re_034.500,57.250000000011,0.9966033697128296,periodic,228
3413,34.5,Re_034.500,57.500000000011,0.9756172299385071,periodic,229
3414,34.5,Re_034.500,57.750000000011,0.9544044733047485,periodic,230
3415,34.5,Re_034.500,58.000000000011,0.9329582452774048,periodic,231
3416,34.5,Re_034.500,58.250000000011,0.911266565322876,periodic,232
3417,34.5,Re_034.500,58.500000000011,0.8893167972564697,periodic,233
3418,34.5,Re_034.500,58.750000000012,0.8671038150787354,periodic,234
3419,34.5,Re_034.500,59.000000000012,0.8446404337882996,periodic,235
3420,34.5,Re_034.500,59.250000000012,0.821967363357544,periodic,236
3421,34.5,Re_034.500,59.500000000012,0.7991539239883423,periodic,237
3422,34.5,Re_034.500,59.750000000012,0.776288628578186,periodic,238
3423,34.5,Re_034.500,60.000000000012,0.7534615993499756,periodic,239
3424,34.5,Re_034.500,60.250000000012,0.7307456731796265,periodic,240
3425,34.5,Re_034.500,60.500000000012,0.7081847786903381,periodic,241
3426,34.5,Re_034.500,60.750000000013,0.6857896447181702,periodic,242
3427,34.5,Re_034.500,61.000000000013,0.6635404825210571,periodic,243
3428,34.5,Re_034.500,61.250000000013,0.6413953304290771,periodic,244
3429,34.5,Re_034.500,61.500000000013,0.6193010807037354,periodic,245
3430,34.5,Re_034.500,61.750000000013,0.5972061157226562,periodic,246
3431,34.5,Re_034.500,62.000000000013,0.5750728845596313,periodic,247
3432,34.5,Re_034.500,62.250000000013,0.5528855323791504,periodic,248
3433,34.5,Re_034.500,62.500000000014,0.5306519269943237,periodic,249
3434,34.5,Re_034.500,62.750000000014,0.5083985328674316,periodic,250
3435,34.5,Re_034.500,63.000000000014,0.4861604869365692,periodic,251
3436,34.5,Re_034.500,63.250000000014,0.4639722406864166,periodic,252
3437,34.5,Re_034.500,63.500000000014,0.44185930490493774,periodic,253
3438,34.5,Re_034.500,63.750000000014,0.4198348820209503,periodic,254
3439,34.5,Re_034.500,64.000000000014,0.39790037274360657,periodic,255
3440,35.0,Re_035.000,0.25,0.8720906972885132,periodic,0
3441,35.0,Re_035.000,1.25,0.7789902687072754,periodic,1
3442,35.0,Re_035.000,2.25,0.6886459589004517,periodic,2
3443,35.0,Re_035.000,3.25,0.6029824018478394,periodic,3
3444,35.0,Re_035.000,4.25,0.5187578201293945,periodic,4
3445,35.0,Re_035.000,5.25,0.4346189498901367,periodic,5
3446,35.0,Re_035.000,6.25,0.35055792331695557,periodic,6
3447,35.0,Re_035.000,7.25,0.26638543605804443,periodic,7
3448,35.0,Re_035.000,8.5,0.16368500888347626,periodic,8
3449,35.0,Re_035.000,9.5,0.08159486949443817,periodic,9
3450,35.0,Re_035.000,10.5,0.9956541061401367,periodic,10
3451,35.0,Re_035.000,11.5,0.9057116508483887,periodic,11
3452,35.0,Re_035.000,12.5,0.812907874584198,periodic,12
3453,35.0,Re_035.000,13.5,0.7208520174026489,periodic,13
3454,35.0,Re_035.000,14.5,0.6335760354995728,periodic,14
3455,35.0,Re_035.000,15.500000000001,0.549017071723938,periodic,15
3456,35.0,Re_035.000,16.500000000001,0.4646780490875244,periodic,16
3457,35.0,Re_035.000,17.500000000001,0.3805600702762604,periodic,17
3458,35.0,Re_035.000,18.500000000001,0.29618969559669495,periodic,18
3459,35.0,Re_035.000,19.5,0.21288752555847168,periodic,19
3460,35.0,Re_035.000,20.5,0.13131171464920044,periodic,20
3461,35.0,Re_035.000,21.5,0.04784499108791351,periodic,21
3462,35.0,Re_035.000,22.5,0.9601195454597473,periodic,22
3463,35.0,Re_035.000,23.5,0.868825376033783,periodic,23
3464,35.0,Re_035.000,24.749999999999,0.7525418996810913,periodic,24
3465,35.0,Re_035.000,25.749999999999,0.6634467840194702,periodic,25
3466,35.0,Re_035.000,26.749999999999,0.578274130821228,periodic,26
3467,35.0,Re_035.000,27.749999999999,0.4938223958015442,periodic,27
3468,35.0,Re_035.000,28.749999999999,0.4095778167247772,periodic,28
3469,35.0,Re_035.000,29.749999999998,0.3252459466457367,periodic,29
3470,35.0,Re_035.000,30.749999999998,0.24122944474220276,periodic,30
3471,35.0,Re_035.000,31.749999999998,0.1592327058315277,periodic,31
3472,35.0,Re_035.000,32.749999999998,0.07681092619895935,periodic,32
3473,35.0,Re_035.000,33.749999999999,0.9904950261116028,periodic,33
3474,35.0,Re_035.000,34.749999999999,0.900283694267273,periodic,34
3475,35.0,Re_035.000,35.75,0.8073142170906067,periodic,35
3476,35.0,Re_035.000,36.75,0.7153733372688293,periodic,36
3477,35.0,Re_035.000,37.750000000001,0.6282077431678772,periodic,37
3478,35.0,Re_035.000,38.750000000001,0.5435329675674438,periodic,38
3479,35.0,Re_035.000,39.750000000002,0.45907503366470337,periodic,39
3480,35.0,Re_035.000,41.000000000003,0.3537581264972687,periodic,40
3481,35.0,Re_035.000,42.000000000003,0.2693517208099365,periodic,41
3482,35.0,Re_035.000,43.000000000004,0.1866496354341507,periodic,42
3483,35.0,Re_035.000,44.000000000004,0.10482048988342285,periodic,43
3484,35.0,Re_035.000,45.000000000005,0.019940802827477455,periodic,44
3485,35.0,Re_035.000,46.000000000005,0.9309008121490479,periodic,45
3486,35.0,Re_035.000,47.000000000006,0.8386414051055908,periodic,46
3487,35.0,Re_035.000,48.000000000006,0.7456920146942139,periodic,47
3488,35.5,Re_035.500,0.25,0.0766136571764946,periodic,0
3489,35.5,Re_035.500,1.25,0.9860210418701172,periodic,1
3490,35.5,Re_035.500,2.25,0.8939856886863708,periodic,2
3491,35.5,Re_035.500,3.25,0.8023771643638611,periodic,3
3492,35.5,Re_035.500,4.25,0.714158296585083,periodic,4
3493,35.5,Re_035.500,5.25,0.6314325928688049,periodic,5
3494,35.5,Re_035.500,6.25,0.550811231136322,periodic,6
3495,35.5,Re_035.500,7.25,0.4690302610397339,periodic,7
3496,35.5,Re_035.500,8.5,0.3640511631965637,periodic,8
3497,35.5,Re_035.500,9.5,0.277103453874588,periodic,9
3498,35.5,Re_035.500,10.5,0.18979036808013916,periodic,10
3499,35.5,Re_035.500,11.5,0.1026020422577858,periodic,11
3500,35.5,Re_035.500,12.5,0.012857349589467049,periodic,12
3501,35.5,Re_035.500,13.5,0.9210017919540405,periodic,13
3502,35.5,Re_035.500,14.5,0.8290884494781494,periodic,14
3503,35.5,Re_035.500,15.500000000001,0.7394464612007141,periodic,15
3504,35.5,Re_035.500,16.500000000001,0.6552629470825195,periodic,16
3505,35.5,Re_035.500,17.500000000001,0.5745047330856323,periodic,17
3506,35.5,Re_035.500,18.500000000001,0.49318981170654297,periodic,18
3507,35.5,Re_035.500,19.5,0.410163551568985,periodic,19
3508,35.5,Re_035.500,20.5,0.324603796005249,periodic,20
3509,35.5,Re_035.500,21.5,0.23711398243904114,periodic,21
3510,35.5,Re_035.500,22.5,0.15012423694133759,periodic,22
3511,35.5,Re_035.500,23.5,0.06201498210430145,periodic,23
3512,35.5,Re_035.500,24.749999999999,0.9480180144309998,periodic,24
3513,35.5,Re_035.500,25.749999999999,0.8559682369232178,periodic,25
3514,35.5,Re_035.500,26.749999999999,0.7652550935745239,periodic,26
3515,35.5,Re_035.500,27.749999999999,0.6793985366821289,periodic,27
3516,35.5,Re_035.500,28.749999999999,0.5981166362762451,periodic,28
3517,35.5,Re_035.500,29.749999999998,0.5172032117843628,periodic,29
3518,35.5,Re_035.500,30.749999999998,0.4347211420536041,periodic,30
3519,35.5,Re_035.500,31.749999999998,0.35000550746917725,periodic,31
3520,35.5,Re_035.500,32.749999999998,0.26278021931648254,periodic,32
3521,35.5,Re_035.500,33.749999999999,0.17559896409511566,periodic,33
3522,35.5,Re_035.500,34.749999999999,0.0881560891866684,periodic,34
3523,35.5,Re_035.500,35.75,0.997922420501709,periodic,35
3524,35.5,Re_035.500,36.75,0.9059457778930664,periodic,36
3525,35.5,Re_035.500,37.750000000001,0.8141757845878601,periodic,37
3526,35.5,Re_035.500,38.750000000001,0.7252881526947021,periodic,38
3527,35.5,Re_035.500,39.750000000002,0.641952633857727,periodic,39
3528,35.5,Re_035.500,41.000000000003,0.5410706400871277,periodic,40
3529,35.5,Re_035.500,42.000000000003,0.45908987522125244,periodic,41
3530,35.5,Re_035.500,43.000000000004,0.3751501142978668,periodic,42
3531,35.5,Re_035.500,44.000000000004,0.28847968578338623,periodic,43
3532,35.5,Re_035.500,45.000000000005,0.20107059180736542,periodic,44
3533,35.5,Re_035.500,46.000000000005,0.11401619017124176,periodic,45
3534,35.5,Re_035.500,47.000000000006,0.02467449940741062,periodic,46
3535,35.5,Re_035.500,48.000000000006,0.9329565763473511,periodic,47
3536,36.0,Re_036.000,0.25,0.056747112423181534,periodic,0
3537,36.0,Re_036.000,1.25,0.9652852416038513,periodic,1
3538,36.0,Re_036.000,2.25,0.8724496364593506,periodic,2
3539,36.0,Re_036.000,3.25,0.7802255153656006,periodic,3
3540,36.0,Re_036.000,4.25,0.6923155784606934,periodic,4
3541,36.0,Re_036.000,5.25,0.6097699403762817,periodic,5
3542,36.0,Re_036.000,6.25,0.5286238193511963,periodic,6
3543,36.0,Re_036.000,7.25,0.4464036822319031,periodic,7
3544,36.0,Re_036.000,8.5,0.3410269320011139,periodic,8
3545,36.0,Re_036.000,9.5,0.2542020380496979,periodic,9
3546,36.0,Re_036.000,10.5,0.16752435266971588,periodic,10
3547,36.0,Re_036.000,11.5,0.08007911592721939,periodic,11
3548,36.0,Re_036.000,12.5,0.9893720149993896,periodic,12
3549,36.0,Re_036.000,13.5,0.8966893553733826,periodic,13
3550,36.0,Re_036.000,14.5,0.8040507435798645,periodic,14
3551,36.0,Re_036.000,15.500000000001,0.7146435379981995,periodic,15
3552,36.0,Re_036.000,16.500000000001,0.6309828758239746,periodic,16
3553,36.0,Re_036.000,17.500000000001,0.5498601198196411,periodic,17
3554,36.0,Re_036.000,18.500000000001,0.4679790139198303,periodic,18
3555,36.0,Re_036.000,19.5,0.3845796287059784,periodic,19
3556,36.0,Re_036.000,20.5,0.29869216680526733,periodic,20
3557,36.0,Re_036.000,21.5,0.21171574294567108,periodic,21
3558,36.0,Re_036.000,22.5,0.12506212294101715,periodic,22
3559,36.0,Re_036.000,23.5,0.03611552715301514,periodic,23
3560,36.0,Re_036.000,24.749999999999,0.9209244251251221,periodic,24
3561,36.0,Re_036.000,25.749999999999,0.8280894756317139,periodic,25
3562,36.0,Re_036.000,26.749999999999,0.7374039888381958,periodic,26
3563,36.0,Re_036.000,27.749999999999,0.6523622274398804,periodic,27
3564,36.0,Re_036.000,28.749999999999,0.5710210800170898,periodic,28
3565,36.0,Re_036.000,29.749999999998,0.4894563853740692,periodic,29
3566,36.0,Re_036.000,30.749999999998,0.40653175115585327,periodic,30
3567,36.0,Re_036.000,31.749999999998,0.3213227391242981,periodic,31
3568,36.0,Re_036.000,32.749999999998,0.23433807492256165,periodic,32
3569,36.0,Re_036.000,33.749999999999,0.14774364233016968,periodic,33
3570,36.0,Re_036.000,34.749999999999,0.05966191366314888,periodic,34
3571,36.0,Re_036.000,35.75,0.9682847261428833,periodic,35
3572,36.0,Re_036.000,36.75,0.8754618763923645,periodic,36
3573,36.0,Re_036.000,37.750000000001,0.7831713557243347,periodic,37
3574,36.0,Re_036.000,38.750000000001,0.6950667500495911,periodic,38
3575,36.0,Re_036.000,39.750000000002,0.6123982667922974,periodic,39
3576,36.0,Re_036.000,41.000000000003,0.5108414888381958,periodic,40
3577,36.0,Re_036.000,42.000000000003,0.4283190965652466,periodic,41
3578,36.0,Re_036.000,43.000000000004,0.3438076972961426,periodic,42
3579,36.0,Re_036.000,44.000000000004,0.25701823830604553,periodic,43
3580,36.0,Re_036.000,45.000000000005,0.17032083868980408,periodic,44
3581,36.0,Re_036.000,46.000000000005,0.08295195549726486,periodic,45
3582,36.0,Re_036.000,47.000000000006,0.9923476576805115,periodic,46
3583,36.0,Re_036.000,48.000000000006,0.8996917605400085,periodic,47
3584,36.5,Re_036.500,0.25,0.04095734655857086,periodic,0
3585,36.5,Re_036.500,0.5,0.01953146792948246,periodic,1
3586,36.5,Re_036.500,0.75,0.9978295564651489,periodic,2
3587,36.5,Re_036.500,1.0,0.9758626818656921,periodic,3
3588,36.5,Re_036.500,1.25,0.9536415934562683,periodic,4
3589,36.5,Re_036.500,1.5,0.9311724901199341,periodic,5
3590,36.5,Re_036.500,1.75,0.9084562659263611,periodic,6
3591,36.5,Re_036.500,2.0,0.8854923248291016,periodic,7
3592,36.5,Re_036.500,2.25,0.862287700176239,periodic,8
3593,36.5,Re_036.500,2.5,0.838869571685791,periodic,9
3594,36.5,Re_036.500,2.75,0.8152964115142822,periodic,10
3595,36.5,Re_036.500,3.0,0.7916592955589294,periodic,11
3596,36.5,Re_036.500,3.25,0.7680692076683044,periodic,12
3597,36.5,Re_036.500,3.5,0.7446352243423462,periodic,13
3598,36.5,Re_036.500,3.75,0.7214423418045044,periodic,14
3599,36.5,Re_036.500,4.0,0.6985394954681396,periodic,15
3600,36.5,Re_036.500,4.25,0.6759371161460876,periodic,16
3601,36.5,Re_036.500,4.5,0.6536116600036621,periodic,17
3602,36.5,Re_036.500,4.75,0.631515622138977,periodic,18
3603,36.5,Re_036.500,5.0,0.6095890998840332,periodic,19
3604,36.5,Re_036.500,5.25,0.5877729654312134,periodic,20
3605,36.5,Re_036.500,5.5,0.566019594669342,periodic,21
3606,36.5,Re_036.500,5.75,0.5443009734153748,periodic,22
3607,36.5,Re_036.500,6.0,0.5226101875305176,periodic,23
3608,36.5,Re_036.500,6.25,0.5009559988975525,periodic,24
3609,36.5,Re_036.500,6.5,0.4793546795845032,periodic,25
3610,36.5,Re_036.500,6.75,0.45782020688056946,periodic,26
3611,36.5,Re_036.500,7.0,0.43635794520378113,periodic,27
3612,36.5,Re_036.500,7.25,0.4149616062641144,periodic,28
3613,36.5,Re_036.500,7.5,0.3936145305633545,periodic,29
3614,36.5,Re_036.500,7.75,0.3722946345806122,periodic,30
3615,36.5,Re_036.500,8.0,0.3509831726551056,periodic,31
3616,36.5,Re_036.500,8.25,0.3296757638454437,periodic,32
3617,36.5,Re_036.500,8.5,0.30839020013809204,periodic,33
3618,36.5,Re_036.500,8.75,0.2871662974357605,periodic,34
3619,36.5,Re_036.500,9.0,0.26605504751205444,periodic,35
3620,36.5,Re_036.500,9.25,0.245102196931839,periodic,36
3621,36.5,Re_036.500,9.5,0.22433385252952576,periodic,37
3622,36.5,Re_036.500,9.75,0.2037491649389267,periodic,38
3623,36.5,Re_036.500,10.0,0.18331973254680634,periodic,39
3624,36.5,Re_036.500,10.25,0.16299337148666382,periodic,40
3625,36.5,Re_036.500,10.5,0.14270058274269104,periodic,41
3626,36.5,Re_036.500,10.75,0.12236256152391434,periodic,42
3627,36.5,Re_036.500,11.0,0.10190075635910034,periodic,43
3628,36.5,Re_036.500,11.25,0.08124660700559616,periodic,44
3629,36.5,Re_036.500,11.5,0.06034956872463226,periodic,45
3630,36.5,Re_036.500,11.75,0.03918082267045975,periodic,46
3631,36.5,Re_036.500,12.0,0.017731618136167526,periodic,47
3632,36.5,Re_036.500,12.25,0.9960071444511414,periodic,48
3633,36.5,Re_036.500,12.5,0.9740186929702759,periodic,49
3634,36.5,Re_036.500,12.75,0.9517768025398254,periodic,50
3635,36.5,Re_036.500,13.0,0.9292871356010437,periodic,51
3636,36.5,Re_036.500,13.25,0.9065502882003784,periodic,52
3637,36.5,Re_036.500,13.5,0.8835659027099609,periodic,53
3638,36.5,Re_036.500,13.75,0.8603420853614807,periodic,54
3639,36.5,Re_036.500,14.0,0.8369083404541016,periodic,55
3640,36.5,Re_036.500,14.25,0.8133260011672974,periodic,56
3641,36.5,Re_036.500,14.5,0.7896884679794312,periodic,57
3642,36.5,Re_036.500,14.75,0.7661075592041016,periodic,58
3643,36.5,Re_036.500,15.0,0.7426908016204834,periodic,59
3644,36.5,Re_036.500,15.25,0.7195208668708801,periodic,60
3645,36.5,Re_036.500,15.500000000001,0.6966432929039001,periodic,61
3646,36.5,Re_036.500,15.750000000001,0.674065351486206,periodic,62
3647,36.5,Re_036.500,16.000000000001,0.6517611145973206,periodic,63
3648,36.5,Re_036.500,16.250000000001,0.6296815872192383,periodic,64
3649,36.5,Re_036.500,16.500000000001,0.6077665090560913,periodic,65
3650,36.5,Re_036.500,16.750000000001,0.5859570503234863,periodic,66
3651,36.5,Re_036.500,17.000000000001,0.5642073750495911,periodic,67
3652,36.5,Re_036.500,17.250000000001,0.54249107837677,periodic,68
3653,36.5,Re_036.500,17.500000000001,0.5208027958869934,periodic,69
3654,36.5,Re_036.500,17.750000000001,0.4991523325443268,periodic,70
3655,36.5,Re_036.500,18.000000000001,0.4775560796260834,periodic,71
3656,36.5,Re_036.500,18.250000000001,0.4560275375843048,periodic,72
3657,36.5,Re_036.500,18.500000000001,0.43457114696502686,periodic,73
3658,36.5,Re_036.500,18.750000000001,0.4131796956062317,periodic,74
3659,36.5,Re_036.500,19.000000000001,0.3918357193470001,periodic,75
3660,36.5,Re_036.500,19.25,0.3705171048641205,periodic,76
3661,36.5,Re_036.500,19.5,0.3492058515548706,periodic,77
3662,36.5,Re_036.500,19.75,0.3278992474079132,periodic,78
3663,36.5,Re_036.500,20.0,0.30661705136299133,periodic,79
3664,36.5,Re_036.500,20.25,0.28540050983428955,periodic,80
3665,36.5,Re_036.500,20.5,0.2643009126186371,periodic,81
3666,36.5,Re_036.500,20.75,0.24336281418800354,periodic,82
3667,36.5,Re_036.500,21.0,0.222610205411911,periodic,83
3668,36.5,Re_036.500,21.25,0.20203986763954163,periodic,84
3669,36.5,Re_036.500,21.5,0.18162131309509277,periodic,85
3670,36.5,Re_036.500,21.75,0.16130055487155914,periodic,86
3671,36.5,Re_036.500,22.0,0.14100699126720428,periodic,87
3672,36.5,Re_036.500,22.25,0.12066150456666946,periodic,88
3673,36.5,Re_036.500,22.5,0.10018596798181534,periodic,89
3674,36.5,Re_036.500,22.75,0.07951311022043228,periodic,90
3675,36.5,Re_036.500,23.0,0.05859410762786865,periodic,91
3676,36.5,Re_036.500,23.25,0.0374019555747509,periodic,92
3677,36.5,Re_036.500,23.5,0.015929345041513443,periodic,93
3678,36.5,Re_036.500,23.75,0.994182288646698,periodic,94
3679,36.5,Re_036.500,24.0,0.9721722602844238,periodic,95
3680,36.5,Re_036.500,24.249999999999,0.9499094486236572,periodic,96
3681,36.5,Re_036.500,24.499999999999,0.9273991584777832,periodic,97
3682,36.5,Re_036.500,24.749999999999,0.9046415686607361,periodic,98
3683,36.5,Re_036.500,24.999999999999,0.8816366195678711,periodic,99
3684,36.5,Re_036.500,25.249999999999,0.858393669128418,periodic,100
3685,36.5,Re_036.500,25.499999999999,0.8349447250366211,periodic,101
3686,36.5,Re_036.500,25.749999999999,0.8113537430763245,periodic,102
3687,36.5,Re_036.500,25.999999999999,0.7877163887023926,periodic,103
3688,36.5,Re_036.500,26.249999999999,0.7641451954841614,periodic,104
3689,36.5,Re_036.500,26.499999999999,0.740746259689331,periodic,105
3690,36.5,Re_036.500,26.749999999999,0.7175993323326111,periodic,106
3691,36.5,Re_036.500,26.999999999999,0.6947468519210815,periodic,107
3692,36.5,Re_036.500,27.249999999999,0.6721929311752319,periodic,108
3693,36.5,Re_036.500,27.499999999999,0.6499093174934387,periodic,109
3694,36.5,Re_036.500,27.749999999999,0.6278456449508667,periodic,110
3695,36.5,Re_036.500,27.999999999999,0.6059412956237793,periodic,111
3696,36.5,Re_036.500,28.249999999999,0.5841382145881653,periodic,112
3697,36.5,Re_036.500,28.499999999999,0.5623918175697327,periodic,113
3698,36.5,Re_036.500,28.749999999999,0.5406776070594788,periodic,114
3699,36.5,Re_036.500,28.999999999999,0.5189918279647827,periodic,115
3700,36.5,Re_036.500,29.249999999998,0.49734506011009216,periodic,116
3701,36.5,Re_036.500,29.499999999998,0.47575393319129944,periodic,117
3702,36.5,Re_036.500,29.749999999998,0.45423129200935364,periodic,118
3703,36.5,Re_036.500,29.999999999998,0.4327806234359741,periodic,119
3704,36.5,Re_036.500,30.249999999998,0.4113937318325043,periodic,120
3705,36.5,Re_036.500,30.499999999998,0.3900526762008667,periodic,121
3706,36.5,Re_036.500,30.749999999998,0.36873504519462585,periodic,122
3707,36.5,Re_036.500,30.999999999998,0.34742385149002075,periodic,123
3708,36.5,Re_036.500,31.249999999998,0.32611802220344543,periodic,124
3709,36.5,Re_036.500,31.499999999998,0.3048393130302429,periodic,125
3710,36.5,Re_036.500,31.749999999998,0.2836304008960724,periodic,126
3711,36.5,Re_036.500,31.999999999998,0.26254257559776306,periodic,127
3712,36.5,Re_036.500,32.249999999998,0.24161918461322784,periodic,128
3713,36.5,Re_036.500,32.499999999998,0.2208820879459381,periodic,129
3714,36.5,Re_036.500,32.749999999998,0.20032572746276855,periodic,130
3715,36.5,Re_036.500,32.999999999998,0.17991743981838226,periodic,131
3716,36.5,Re_036.500,33.249999999999,0.1596015989780426,periodic,132
3717,36.5,Re_036.500,33.499999999999,0.13930654525756836,periodic,133
3718,36.5,Re_036.500,33.749999999999,0.11895286291837692,periodic,134
3719,36.5,Re_036.500,33.999999999999,0.0984630286693573,periodic,135
3720,36.5,Re_036.500,34.249999999999,0.07777099311351776,periodic,136
3721,36.5,Re_036.500,34.499999999999,0.05682973936200142,periodic,137
3722,36.5,Re_036.500,34.749999999999,0.03561406955122948,periodic,138
3723,36.5,Re_036.500,34.999999999999,0.014118046499788761,periodic,139
3724,36.5,Re_036.500,35.25,0.9923484325408936,periodic,140
3725,36.5,Re_036.500,35.5,0.9703168272972107,periodic,141
3726,36.5,Re_036.500,35.75,0.9480331540107727,periodic,142
3727,36.5,Re_036.500,36.0,0.9255021214485168,periodic,143
3728,36.5,Re_036.500,36.25,0.9027237296104431,periodic,144
3729,36.5,Re_036.500,36.5,0.8796981573104858,periodic,145
3730,36.5,Re_036.500,36.75,0.8564363121986389,periodic,146
3731,36.5,Re_036.500,37.0,0.8329724073410034,periodic,147
3732,36.5,Re_036.500,37.250000000001,0.8093734383583069,periodic,148
3733,36.5,Re_036.500,37.500000000001,0.7857372164726257,periodic,149
3734,36.5,Re_036.500,37.750000000001,0.762176513671875,periodic,150
3735,36.5,Re_036.500,38.000000000001,0.738796055316925,periodic,151
3736,36.5,Re_036.500,38.250000000001,0.7156726121902466,periodic,152
3737,36.5,Re_036.500,38.500000000001,0.692845344543457,periodic,153
3738,36.5,Re_036.500,38.750000000001,0.6703155040740967,periodic,154
3739,36.5,Re_036.500,39.000000000001,0.648052453994751,periodic,155
3740,36.5,Re_036.500,39.250000000002,0.6260043978691101,periodic,156
3741,36.5,Re_036.500,39.500000000002,0.604110598564148,periodic,157
3742,36.5,Re_036.500,39.750000000002,0.5823136568069458,periodic,158
3743,36.5,Re_036.500,40.000000000002,0.560570478439331,periodic,159
3744,36.5,Re_036.500,40.250000000002,0.5388585329055786,periodic,160
3745,36.5,Re_036.500,40.500000000002,0.5171753168106079,periodic,161
3746,36.5,Re_036.500,40.750000000002,0.4955326020717621,periodic,162
3747,36.5,Re_036.500,41.000000000003,0.473946750164032,periodic,163
3748,36.5,Re_036.500,41.250000000003,0.4524300992488861,periodic,164
3749,36.5,Re_036.500,41.500000000003,0.4309851825237274,periodic,165
3750,36.5,Re_036.500,41.750000000003,0.40960294008255005,periodic,166
3751,36.5,Re_036.500,42.000000000003,0.38826459646224976,periodic,167
3752,36.5,Re_036.500,42.250000000003,0.3669479489326477,periodic,168
3753,36.5,Re_036.500,42.500000000003,0.3456369638442993,periodic,169
3754,36.5,Re_036.500,42.750000000003,0.32433220744132996,periodic,170
3755,36.5,Re_036.500,43.000000000004,0.3030574321746826,periodic,171
3756,36.5,Re_036.500,43.250000000004,0.2818566560745239,periodic,172
3757,36.5,Re_036.500,43.500000000004,0.2607811391353607,periodic,173
3758,36.5,Re_036.500,43.750000000004,0.23987285792827606,periodic,174
3759,36.5,Re_036.500,44.000000000004,0.21915148198604584,periodic,175
3760,36.5,Re_036.500,44.250000000004,0.1986091136932373,periodic,176
3761,36.5,Re_036.500,44.500000000004,0.17821094393730164,periodic,177
3762,36.5,Re_036.500,44.750000000004,0.15789973735809326,periodic,178
3763,36.5,Re_036.500,45.000000000005,0.1376028209924698,periodic,179
3764,36.5,Re_036.500,45.250000000005,0.11724058538675308,periodic,180
3765,36.5,Re_036.500,45.500000000005,0.09673605859279633,periodic,181
3766,36.5,Re_036.500,45.750000000005,0.0760246217250824,periodic,182
3767,36.5,Re_036.500,46.000000000005,0.05506099388003349,periodic,183
3768,36.5,Re_036.500,46.250000000005,0.03382178395986557,periodic,184
3769,36.5,Re_036.500,46.500000000005,0.012302422896027565,periodic,185
3770,36.5,Re_036.500,46.750000000005,0.9905104041099548,periodic,186
3771,36.5,Re_036.500,47.000000000006,0.9684572815895081,periodic,187
3772,36.5,Re_036.500,47.250000000006,0.9461527466773987,periodic,188
3773,36.5,Re_036.500,47.500000000006,0.923600971698761,periodic,189
3774,36.5,Re_036.500,47.750000000006,0.9008017778396606,periodic,190
3775,36.5,Re_036.500,48.000000000006,0.8777557611465454,periodic,191
3776,36.5,Re_036.500,48.250000000006,0.854475200176239,periodic,192
3777,36.5,Re_036.500,48.500000000006,0.8309969305992126,periodic,193
3778,36.5,Re_036.500,48.750000000006,0.8073906898498535,periodic,194
3779,36.5,Re_036.500,49.000000000007,0.7837563753128052,periodic,195
3780,36.5,Re_036.500,49.250000000007,0.7602070569992065,periodic,196
3781,36.5,Re_036.500,49.500000000007,0.7368456125259399,periodic,197
3782,36.5,Re_036.500,49.750000000007,0.7137460708618164,periodic,198
3783,36.5,Re_036.500,50.000000000007,0.6909441947937012,periodic,199
3784,36.5,Re_036.500,50.250000000007,0.668438196182251,periodic,200
3785,36.5,Re_036.500,50.500000000007,0.6461953520774841,periodic,201
3786,36.5,Re_036.500,50.750000000008,0.6241626143455505,periodic,202
3787,36.5,Re_036.500,51.000000000008,0.6022789478302002,periodic,203
3788,36.5,Re_036.500,51.250000000008,0.5804879069328308,periodic,204
3789,36.5,Re_036.500,51.500000000008,0.5587478876113892,periodic,205
3790,36.5,Re_036.500,51.750000000008,0.5370381474494934,periodic,206
3791,36.5,Re_036.500,52.000000000008,0.5153577327728271,periodic,207
3792,36.5,Re_036.500,52.250000000008,0.4937191605567932,periodic,208
3793,36.5,Re_036.500,52.500000000008,0.4721387028694153,periodic,209
3794,36.5,Re_036.500,52.750000000009,0.4506281316280365,periodic,210
3795,36.5,Re_036.500,53.000000000009,0.429188996553421,periodic,211
3796,36.5,Re_036.500,53.250000000009,0.4078112244606018,periodic,212
3797,36.5,Re_036.500,53.500000000009,0.386475533246994,periodic,213
3798,36.5,Re_036.500,53.750000000009,0.365159809589386,periodic,214
3799,36.5,Re_036.500,54.000000000009,0.34384897351264954,periodic,215
3800,36.5,Re_036.500,54.250000000009,0.32254549860954285,periodic,216
3801,36.5,Re_036.500,54.500000000009,0.30127498507499695,periodic,217
3802,36.5,Re_036.500,54.75000000001,0.2800827622413635,periodic,218
3803,36.5,Re_036.500,55.00000000001,0.2590199112892151,periodic,219
3804,36.5,Re_036.500,55.25000000001,0.23812688887119293,periodic,220
3805,36.5,Re_036.500,55.50000000001,0.21742121875286102,periodic,221
3806,36.5,Re_036.500,55.75000000001,0.1968926042318344,periodic,222
3807,36.5,Re_036.500,56.00000000001,0.17650416493415833,periodic,223
3808,36.5,Re_036.500,56.25000000001,0.15619707107543945,periodic,224
3809,36.5,Re_036.500,56.50000000001,0.13589775562286377,periodic,225
3810,36.5,Re_036.500,56.750000000011,0.11552637815475464,periodic,226
3811,36.5,Re_036.500,57.000000000011,0.09500673413276672,periodic,227
3812,36.5,Re_036.500,57.250000000011,0.07427554577589035,periodic,228
3813,36.5,Re_036.500,57.500000000011,0.05328936502337456,periodic,229
3814,36.5,Re_036.500,57.750000000011,0.032026588916778564,periodic,230
3815,36.5,Re_036.500,58.000000000011,0.010483937337994576,periodic,231
3816,36.5,Re_036.500,58.250000000011,0.9886695146560669,periodic,232
3817,36.5,Re_036.500,58.500000000011,0.9665949940681458,periodic,233
3818,36.5,Re_036.500,58.750000000012,0.944269597530365,periodic,234
3819,36.5,Re_036.500,59.000000000012,0.9216971397399902,periodic,235
3820,36.5,Re_036.500,59.250000000012,0.8988770842552185,periodic,236
3821,36.5,Re_036.500,59.500000000012,0.8758106827735901,periodic,237
3822,36.5,Re_036.500,59.750000000012,0.8525116443634033,periodic,238
3823,36.5,Re_036.500,60.000000000012,0.8290194869041443,periodic,239
3824,36.5,Re_036.500,60.250000000012,0.8054066896438599,periodic,240
3825,36.5,Re_036.500,60.500000000012,0.781775176525116,periodic,241
3826,36.5,Re_036.500,60.750000000013,0.7582379579544067,periodic,242
3827,36.5,Re_036.500,61.000000000013,0.734896183013916,periodic,243
3828,36.5,Re_036.500,61.250000000013,0.7118207216262817,periodic,244
3829,36.5,Re_036.500,61.500000000013,0.6890442371368408,periodic,245
3830,36.5,Re_036.500,61.750000000013,0.6665619611740112,periodic,246
3831,36.5,Re_036.500,62.000000000013,0.6443389654159546,periodic,247
3832,36.5,Re_036.500,62.250000000013,0.6223210096359253,periodic,248
3833,36.5,Re_036.500,62.500000000014,0.6004471778869629,periodic,249
3834,36.5,Re_036.500,62.750000000014,0.5786616802215576,periodic,250
3835,36.5,Re_036.500,63.000000000014,0.5569247007369995,periodic,251
3836,36.5,Re_036.500,63.250000000014,0.5352172255516052,periodic,252
3837,36.5,Re_036.500,63.500000000014,0.5135396718978882,periodic,253
3838,36.5,Re_036.500,63.750000000014,0.4919053614139557,periodic,254
3839,36.5,Re_036.500,64.000000000014,0.4703304171562195,periodic,255
3840,37.0,Re_037.000,0.25,0.017643436789512634,periodic,0
3841,37.0,Re_037.000,1.25,0.9247296452522278,periodic,1
3842,37.0,Re_037.000,2.25,0.8303396105766296,periodic,2
3843,37.0,Re_037.000,3.25,0.7373857498168945,periodic,3
3844,37.0,Re_037.000,4.25,0.6501752138137817,periodic,4
3845,37.0,Re_037.000,5.25,0.5673061609268188,periodic,5
3846,37.0,Re_037.000,6.25,0.48496949672698975,periodic,6
3847,37.0,Re_037.000,7.25,0.4020252227783203,periodic,7
3848,37.0,Re_037.000,8.5,0.2959361672401428,periodic,8
3849,37.0,Re_037.000,9.5,0.20996928215026855,periodic,9
3850,37.0,Re_037.000,10.5,0.12420874089002609,periodic,10
3851,37.0,Re_037.000,11.5,0.035697091370821,periodic,11
3852,37.0,Re_037.000,12.5,0.9433199763298035,periodic,12
3853,37.0,Re_037.000,13.5,0.8490760326385498,periodic,13
3854,37.0,Re_037.000,14.5,0.7554408311843872,periodic,14
3855,37.0,Re_037.000,15.500000000001,0.6669803857803345,periodic,15
3856,37.0,Re_037.000,16.500000000001,0.5836031436920166,periodic,16
3857,37.0,Re_037.000,17.500000000001,0.5013253092765808,periodic,17
3858,37.0,Re_037.000,18.500000000001,0.4185492694377899,periodic,18
3859,37.0,Re_037.000,19.5,0.33436131477355957,periodic,19
3860,37.0,Re_037.000,20.5,0.24842935800552368,periodic,20
3861,37.0,Re_037.000,21.5,0.16276338696479797,periodic,21
3862,37.0,Re_037.000,22.5,0.07589973509311676,periodic,22
3863,37.0,Re_037.000,23.5,0.9850814938545227,periodic,23
3864,37.0,Re_037.000,24.749999999999,0.8678183555603027,periodic,24
3865,37.0,Re_037.000,25.749999999999,0.773722231388092,periodic,25
3866,37.0,Re_037.000,26.749999999999,0.6839980483055115,periodic,26
3867,37.0,Re_037.000,27.749999999999,0.5999269485473633,periodic,27
3868,37.0,Re_037.000,28.749999999999,0.5176582336425781,periodic,28
3869,37.0,Re_037.000,29.749999999998,0.43501609563827515,periodic,29
3870,37.0,Re_037.000,30.749999999998,0.35122326016426086,periodic,30
3871,37.0,Re_037.000,31.749999999998,0.26548266410827637,periodic,31
3872,37.0,Re_037.000,32.749999999998,0.1797167807817459,periodic,32
3873,37.0,Re_037.000,33.749999999999,0.0933847427368164,periodic,33
3874,37.0,Re_037.000,34.749999999999,0.0033762797247618437,periodic,34
3875,37.0,Re_037.000,35.75,0.9101061820983887,periodic,35
3876,37.0,Re_037.000,36.75,0.8156670928001404,periodic,36
3877,37.0,Re_037.000,37.750000000001,0.7233980894088745,periodic,37
3878,37.0,Re_037.000,38.750000000001,0.6371167898178101,periodic,38
3879,37.0,Re_037.000,39.750000000002,0.5545240044593811,periodic,39
3880,37.0,Re_037.000,41.000000000003,0.4514378607273102,periodic,40
3881,37.0,Re_037.000,42.000000000003,0.367986261844635,periodic,41
3882,37.0,Re_037.000,43.000000000004,0.28254449367523193,periodic,42
3883,37.0,Re_037.000,44.000000000004,0.1966567039489746,periodic,43
3884,37.0,Re_037.000,45.000000000005,0.11070472002029419,periodic,44
3885,37.0,Re_037.000,46.000000000005,0.02153732255101204,periodic,45
3886,37.0,Re_037.000,47.000000000006,0.9287304878234863,periodic,46
3887,37.0,Re_037.000,48.000000000006,0.8343643546104431,periodic,47
3888,37.5,Re_037.500,0.25,0.9984118342399597,periodic,0
3889,37.5,Re_037.500,1.25,0.904888927936554,periodic,1
3890,37.5,Re_037.500,2.25,0.8097604513168335,periodic,2
3891,37.5,Re_037.500,3.25,0.7167297601699829,periodic,3
3892,37.5,Re_037.500,4.25,0.6297519207000732,periodic,4
3893,37.5,Re_037.500,5.25,0.5464299917221069,periodic,5
3894,37.5,Re_037.500,6.25,0.4635303318500519,periodic,6
3895,37.5,Re_037.500,7.25,0.3802422881126404,periodic,7
3896,37.5,Re_037.500,8.5,0.27393749356269836,periodic,8
3897,37.5,Re_037.500,9.5,0.18858744204044342,periodic,9
3898,37.5,Re_037.500,10.5,0.10300058871507645,periodic,10
3899,37.5,Re_037.500,11.5,0.013826955109834671,periodic,11
3900,37.5,Re_037.500,12.5,0.9207585453987122,periodic,12
3901,37.5,Re_037.500,13.5,0.825748085975647,periodic,13
3902,37.5,Re_037.500,14.5,0.7319645881652832,periodic,14
3903,37.5,Re_037.500,15.500000000001,0.6439831852912903,periodic,15
3904,37.5,Re_037.500,16.500000000001,0.5603517293930054,periodic,16
3905,37.5,Re_037.500,17.500000000001,0.4774639308452606,periodic,17
3906,37.5,Re_037.500,18.500000000001,0.39431074261665344,periodic,18
3907,37.5,Re_037.500,19.5,0.3097386658191681,periodic,19
3908,37.5,Re_037.500,20.5,0.22415782511234283,periodic,20
3909,37.5,Re_037.500,21.5,0.13902153074741364,periodic,21
3910,37.5,Re_037.500,22.5,0.051666997373104095,periodic,22
3911,37.5,Re_037.500,23.5,0.9599982500076294,periodic,23
3912,37.5,Re_037.500,24.749999999999,0.8417591452598572,periodic,24
3913,37.5,Re_037.500,25.749999999999,0.7473850250244141,periodic,25
3914,37.5,Re_037.500,26.749999999999,0.6583406925201416,periodic,26
3915,37.5,Re_037.500,27.749999999999,0.5742821097373962,periodic,27
3916,37.5,Re_037.500,28.749999999999,0.4913909137248993,periodic,28
3917,37.5,Re_037.500,29.749999999998,0.4083325266838074,periodic,29
3918,37.5,Re_037.500,30.749999999998,0.32407575845718384,periodic,30
3919,37.5,Re_037.500,31.749999999998,0.23849014937877655,periodic,31
3920,37.5,Re_037.500,32.749999999998,0.15336132049560547,periodic,32
3921,37.5,Re_037.500,33.749999999999,0.06663819402456284,periodic,33
3922,37.5,Re_037.500,34.749999999999,0.975638747215271,periodic,34
3923,37.5,Re_037.500,35.75,0.8815478086471558,periodic,35
3924,37.5,Re_037.500,36.75,0.7864350080490112,periodic,36
3925,37.5,Re_037.500,37.750000000001,0.6947507262229919,periodic,37
3926,37.5,Re_037.500,38.750000000001,0.6090754270553589,periodic,38
3927,37.5,Re_037.500,39.750000000002,0.5260299444198608,periodic,39
3928,37.5,Re_037.500,41.000000000003,0.42231547832489014,periodic,40
3929,37.5,Re_037.500,42.000000000003,0.3383600413799286,periodic,41
3930,37.5,Re_037.500,43.000000000004,0.25284576416015625,periodic,42
3931,37.5,Re_037.500,44.000000000004,0.16765543818473816,periodic,43
3932,37.5,Re_037.500,45.000000000005,0.08147230744361877,periodic,44
3933,37.5,Re_037.500,46.000000000005,0.9911915063858032,periodic,45
3934,37.5,Re_037.500,47.000000000006,0.8974757790565491,periodic,46
3935,37.5,Re_037.500,48.000000000006,0.8023247718811035,periodic,47
3936,38.0,Re_038.000,0.25,0.9811757206916809,periodic,0
3937,38.0,Re_038.000,0.5,0.9594820141792297,periodic,1
3938,38.0,Re_038.000,0.75,0.9375613331794739,periodic,2
3939,38.0,Re_038.000,1.0,0.9154039621353149,periodic,3
3940,38.0,Re_038.000,1.25,0.8929949998855591,periodic,4
3941,38.0,Re_038.000,1.5,0.870320737361908,periodic,5
3942,38.0,Re_038.000,1.75,0.8473809957504272,periodic,6
3943,38.0,Re_038.000,2.0,0.8242026567459106,periodic,7
3944,38.0,Re_038.000,2.25,0.8008475303649902,periodic,8
3945,38.0,Re_038.000,2.5,0.777407169342041,periodic,9
3946,38.0,Re_038.000,2.75,0.7539838552474976,periodic,10
3947,38.0,Re_038.000,3.0,0.7306686639785767,periodic,11
3948,38.0,Re_038.000,3.25,0.707524836063385,periodic,12
3949,38.0,Re_038.000,3.5,0.6845810413360596,periodic,13
3950,38.0,Re_038.000,3.75,0.6618326902389526,periodic,14
3951,38.0,Re_038.000,4.0,0.6392489671707153,periodic,15
3952,38.0,Re_038.000,4.25,0.616782546043396,periodic,16
3953,38.0,Re_038.000,4.5,0.5943821668624878,periodic,17
3954,38.0,Re_038.000,4.75,0.5720043182373047,periodic,18
3955,38.0,Re_038.000,5.0,0.5496238470077515,periodic,19
3956,38.0,Re_038.000,5.25,0.5272375345230103,periodic,20
3957,38.0,Re_038.000,5.5,0.50486159324646,periodic,21
3958,38.0,Re_038.000,5.75,0.48252299427986145,periodic,22
3959,38.0,Re_038.000,6.0,0.4602483808994293,periodic,23
3960,38.0,Re_038.000,6.25,0.43805596232414246,periodic,24
3961,38.0,Re_038.000,6.5,0.4159504175186157,periodic,25
3962,38.0,Re_038.000,6.75,0.3939231336116791,periodic,26
3963,38.0,Re_038.000,7.0,0.37195682525634766,periodic,27
3964,38.0,Re_038.000,7.25,0.35003453493118286,periodic,28
3965,38.0,Re_038.000,7.5,0.3281523287296295,periodic,29
3966,38.0,Re_038.000,7.75,0.3063291311264038,periodic,30
3967,38.0,Re_038.000,8.0,0.28460854291915894,periodic,31
3968,38.0,Re_038.000,8.25,0.2630481719970703,periodic,32
3969,38.0,Re_038.000,8.5,0.24170127511024475,periodic,33
3970,38.0,Re_038.000,8.75,0.22060026228427887,periodic,34
3971,38.0,Re_038.000,9.0,0.19974863529205322,periodic,35
3972,38.0,Re_038.000,9.25,0.17912077903747559,periodic,36
3973,38.0,Re_038.000,9.5,0.15866614878177643,periodic,37
3974,38.0,Re_038.000,9.75,0.13831624388694763,periodic,38
3975,38.0,Re_038.000,10.0,0.11799269169569016,periodic,39
3976,38.0,Re_038.000,10.25,0.09761631488800049,periodic,40
3977,38.0,Re_038.000,10.5,0.07711656391620636,periodic,41
3978,38.0,Re_038.000,10.75,0.05643923208117485,periodic,42
3979,38.0,Re_038.000,11.0,0.03555045649409294,periodic,43
3980,38.0,Re_038.000,11.25,0.014435270801186562,periodic,44
3981,38.0,Re_038.000,11.5,0.9930915832519531,periodic,45
3982,38.0,Re_038.000,11.75,0.9715222120285034,periodic,46
3983,38.0,Re_038.000,12.0,0.9497279524803162,periodic,47
3984,38.0,Re_038.000,12.25,0.9277032613754272,periodic,48
3985,38.0,Re_038.000,12.5,0.9054356217384338,periodic,49
3986,38.0,Re_038.000,12.75,0.8829094767570496,periodic,50
3987,38.0,Re_038.000,13.0,0.8601154685020447,periodic,51
3988,38.0,Re_038.000,13.25,0.8370639085769653,periodic,52
3989,38.0,Re_038.000,13.5,0.8137970566749573,periodic,53
3990,38.0,Re_038.000,13.75,0.7903914451599121,periodic,54
3991,38.0,Re_038.000,14.0,0.7669463157653809,periodic,55
3992,38.0,Re_038.000,14.25,0.7435614466667175,periodic,56
3993,38.0,Re_038.000,14.5,0.720317006111145,periodic,57
3994,38.0,Re_038.000,14.75,0.6972609758377075,periodic,58
3995,38.0,Re_038.000,15.0,0.674406886100769,periodic,59
3996,38.0,Re_038.000,15.25,0.6517370939254761,periodic,60
3997,38.0,Re_038.000,15.500000000001,0.6292122006416321,periodic,61
3998,38.0,Re_038.000,15.750000000001,0.6067814230918884,periodic,62
3999,38.0,Re_038.000,16.000000000001,0.5843955874443054,periodic,63
4000,38.0,Re_038.000,16.250000000001,0.5620185136795044,periodic,64
4001,38.0,Re_038.000,16.500000000001,0.5396345257759094,periodic,65
4002,38.0,Re_038.000,16.750000000001,0.5172499418258667,periodic,66
4003,38.0,Re_038.000,17.000000000001,0.4948871433734894,periodic,67
4004,38.0,Re_038.000,17.250000000001,0.4725741744041443,periodic,68
4005,38.0,Re_038.000,17.500000000001,0.4503348171710968,periodic,69
4006,38.0,Re_038.000,17.750000000001,0.4281814396381378,periodic,70
4007,38.0,Re_038.000,18.000000000001,0.4061126410961151,periodic,71
4008,38.0,Re_038.000,18.250000000001,0.38411495089530945,periodic,72
4009,38.0,Re_038.000,18.500000000001,0.36216992139816284,periodic,73
4010,38.0,Re_038.000,18.750000000001,0.3402649164199829,periodic,74
4011,38.0,Re_038.000,19.000000000001,0.3184052109718323,periodic,75
4012,38.0,Re_038.000,19.25,0.296621173620224,periodic,76
4013,38.0,Re_038.000,19.5,0.274964839220047,periodic,77
4014,38.0,Re_038.000,19.75,0.25349417328834534,periodic,78
4015,38.0,Re_038.000,20.0,0.23225469887256622,periodic,79
4016,38.0,Re_038.000,20.25,0.2112663835287094,periodic,80
4017,38.0,Re_038.000,20.5,0.19051945209503174,periodic,81
4018,38.0,Re_038.000,20.75,0.16997644305229187,periodic,82
4019,38.0,Re_038.000,21.0,0.14957782626152039,periodic,83
4020,38.0,Re_038.000,21.25,0.12924963235855103,periodic,84
4021,38.0,Re_038.000,21.5,0.10891198366880417,periodic,85
4022,38.0,Re_038.000,21.75,0.08848841488361359,periodic,86
4023,38.0,Re_038.000,22.0,0.06791490316390991,periodic,87
4024,38.0,Re_038.000,22.25,0.047146134078502655,periodic,88
4025,38.0,Re_038.000,22.5,0.02615717239677906,periodic,89
4026,38.0,Re_038.000,22.75,0.004939752630889416,periodic,90
4027,38.0,Re_038.000,23.0,0.9834949374198914,periodic,91
4028,38.0,Re_038.000,23.25,0.9618253707885742,periodic,92
4029,38.0,Re_038.000,23.5,0.9399293661117554,periodic,93
4030,38.0,Re_038.000,23.75,0.9177981019020081,periodic,94
4031,38.0,Re_038.000,24.0,0.8954169154167175,periodic,95
4032,38.0,Re_038.000,24.249999999999,0.8727715015411377,periodic,96
4033,38.0,Re_038.000,24.499999999999,0.8498595952987671,periodic,97
4034,38.0,Re_038.000,24.749999999999,0.8267046213150024,periodic,98
4035,38.0,Re_038.000,24.999999999999,0.8033645153045654,periodic,99
4036,38.0,Re_038.000,25.249999999999,0.7799283266067505,periodic,100
4037,38.0,Re_038.000,25.499999999999,0.7564984560012817,periodic,101
4038,38.0,Re_038.000,25.749999999999,0.7331680059432983,periodic,102
4039,38.0,Re_038.000,25.999999999999,0.7100036144256592,periodic,103
4040,38.0,Re_038.000,26.249999999999,0.6870379447937012,periodic,104
4041,38.0,Re_038.000,26.499999999999,0.6642695665359497,periodic,105
4042,38.0,Re_038.000,26.749999999999,0.6416701078414917,periodic,106
4043,38.0,Re_038.000,26.999999999999,0.6191935539245605,periodic,107
4044,38.0,Re_038.000,27.249999999999,0.5967881679534912,periodic,108
4045,38.0,Re_038.000,27.499999999999,0.5744094848632812,periodic,109
4046,38.0,Re_038.000,27.749999999999,0.5520296096801758,periodic,110
4047,38.0,Re_038.000,27.999999999999,0.5296433568000793,periodic,111
4048,38.0,Re_038.000,28.249999999999,0.507265031337738,periodic,112
4049,38.0,Re_038.000,28.499999999999,0.4849209487438202,periodic,113
4050,38.0,Re_038.000,28.749999999999,0.4626382887363434,periodic,114
4051,38.0,Re_038.000,28.999999999999,0.4404365122318268,periodic,115
4052,38.0,Re_038.000,29.249999999998,0.41832175850868225,periodic,116
4053,38.0,Re_038.000,29.499999999998,0.3962867259979248,periodic,117
4054,38.0,Re_038.000,29.749999999998,0.37431469559669495,periodic,118
4055,38.0,Re_038.000,29.999999999998,0.3523881435394287,periodic,119
4056,38.0,Re_038.000,30.249999999998,0.33050107955932617,periodic,120
4057,38.0,Re_038.000,30.499999999998,0.30866971611976624,periodic,121
4058,38.0,Re_038.000,30.749999999998,0.28693529963493347,periodic,122
4059,38.0,Re_038.000,30.999999999998,0.26535481214523315,periodic,123
4060,38.0,Re_038.000,31.249999999998,0.24398279190063477,periodic,124
4061,38.0,Re_038.000,31.499999999998,0.22285448014736176,periodic,125
4062,38.0,Re_038.000,31.749999999998,0.20197661221027374,periodic,126
4063,38.0,Re_038.000,31.999999999998,0.18132655322551727,periodic,127
4064,38.0,Re_038.000,32.249999999998,0.16085612773895264,periodic,128
4065,38.0,Re_038.000,32.499999999998,0.14049841463565826,periodic,129
4066,38.0,Re_038.000,32.749999999998,0.12017565965652466,periodic,130
4067,38.0,Re_038.000,32.999999999998,0.09980835765600204,periodic,131
4068,38.0,Re_038.000,33.249999999999,0.07932458817958832,periodic,132
4069,38.0,Re_038.000,33.499999999999,0.05866813287138939,periodic,133
4070,38.0,Re_038.000,33.749999999999,0.03780291602015495,periodic,134
4071,38.0,Re_038.000,33.999999999999,0.016712160781025887,periodic,135
4072,38.0,Re_038.000,34.249999999999,0.9953927397727966,periodic,136
4073,38.0,Re_038.000,34.499999999999,0.9738473892211914,periodic,137
4074,38.0,Re_038.000,34.749999999999,0.9520772695541382,periodic,138
4075,38.0,Re_038.000,34.999999999999,0.9300776720046997,periodic,139
4076,38.0,Re_038.000,35.25,0.9078367948532104,periodic,140
4077,38.0,Re_038.000,35.5,0.8853389620780945,periodic,141
4078,38.0,Re_038.000,35.75,0.8625735640525818,periodic,142
4079,38.0,Re_038.000,36.0,0.8395482301712036,periodic,143
4080,38.0,Re_038.000,36.25,0.8163012266159058,periodic,144
4081,38.0,Re_038.000,36.5,0.7929058074951172,periodic,145
4082,38.0,Re_038.000,36.75,0.7694597840309143,periodic,146
4083,38.0,Re_038.000,37.0,0.7460639476776123,periodic,147
4084,38.0,Re_038.000,37.250000000001,0.7228013277053833,periodic,148
4085,38.0,Re_038.000,37.500000000001,0.6997236609458923,periodic,149
4086,38.0,Re_038.000,37.750000000001,0.6768479347229004,periodic,150
4087,38.0,Re_038.000,38.000000000001,0.6541597843170166,periodic,151
4088,38.0,Re_038.000,38.250000000001,0.6316214203834534,periodic,152
4089,38.0,Re_038.000,38.500000000001,0.6091828346252441,periodic,153
4090,38.0,Re_038.000,38.750000000001,0.5867940187454224,periodic,154
4091,38.0,Re_038.000,39.000000000001,0.5644168257713318,periodic,155
4092,38.0,Re_038.000,39.250000000002,0.5420334339141846,periodic,156
4093,38.0,Re_038.000,39.500000000002,0.5196479558944702,periodic,157
4094,38.0,Re_038.000,39.750000000002,0.4972812831401825,periodic,158
4095,38.0,Re_038.000,40.000000000002,0.4749614894390106,periodic,159
4096,38.0,Re_038.000,40.250000000002,0.4527132213115692,periodic,160
4097,38.0,Re_038.000,40.500000000002,0.43055030703544617,periodic,161
4098,38.0,Re_038.000,40.750000000002,0.4084727466106415,periodic,162
4099,38.0,Re_038.000,41.000000000003,0.38646814227104187,periodic,163
4100,38.0,Re_038.000,41.250000000003,0.3645181655883789,periodic,164
4101,38.0,Re_038.000,41.500000000003,0.34260880947113037,periodic,165
4102,38.0,Re_038.000,41.750000000003,0.32074302434921265,periodic,166
4103,38.0,Re_038.000,42.000000000003,0.2989484965801239,periodic,167
4104,38.0,Re_038.000,42.250000000003,0.277275413274765,periodic,168
4105,38.0,Re_038.000,42.500000000003,0.2557820677757263,periodic,169
4106,38.0,Re_038.000,42.750000000003,0.23451609909534454,periodic,170
4107,38.0,Re_038.000,43.000000000004,0.21350057423114777,periodic,171
4108,38.0,Re_038.000,43.250000000004,0.19272883236408234,periodic,172
4109,38.0,Re_038.000,43.500000000004,0.17216622829437256,periodic,173
4110,38.0,Re_038.000,43.750000000004,0.151755228638649,periodic,174
4111,38.0,Re_038.000,44.000000000004,0.1314230114221573,periodic,175
4112,38.0,Re_038.000,44.250000000004,0.11108995974063873,periodic,176
4113,38.0,Re_038.000,44.500000000004,0.09067873656749725,periodic,177
4114,38.0,Re_038.000,44.750000000004,0.07012364268302917,periodic,178
4115,38.0,Re_038.000,45.000000000005,0.049377162009477615,periodic,179
4116,38.0,Re_038.000,45.250000000005,0.028412291780114174,periodic,180
4117,38.0,Re_038.000,45.500000000005,0.007219269406050444,periodic,181
4118,38.0,Re_038.000,45.750000000005,0.9857985377311707,periodic,182
4119,38.0,Re_038.000,46.000000000005,0.9641529321670532,periodic,183
4120,38.0,Re_038.000,46.250000000005,0.9422813653945923,periodic,184
4121,38.0,Re_038.000,46.500000000005,0.9201757907867432,periodic,185
4122,38.0,Re_038.000,46.750000000005,0.8978220820426941,periodic,186
4123,38.0,Re_038.000,47.000000000006,0.8752053380012512,periodic,187
4124,38.0,Re_038.000,47.250000000006,0.8523212671279907,periodic,188
4125,38.0,Re_038.000,47.500000000006,0.8291900157928467,periodic,189
4126,38.0,Re_038.000,47.750000000006,0.8058658242225647,periodic,190
4127,38.0,Re_038.000,48.000000000006,0.7824349999427795,periodic,191
4128,38.0,Re_038.000,48.250000000006,0.7589995861053467,periodic,192
4129,38.0,Re_038.000,48.500000000006,0.7356545925140381,periodic,193
4130,38.0,Re_038.000,48.750000000006,0.7124702334403992,periodic,194
4131,38.0,Re_038.000,49.000000000007,0.6894826889038086,periodic,195
4132,38.0,Re_038.000,49.250000000007,0.666694164276123,periodic,196
4133,38.0,Re_038.000,49.500000000007,0.6440784931182861,periodic,197
4134,38.0,Re_038.000,49.750000000007,0.6215910911560059,periodic,198
4135,38.0,Re_038.000,50.000000000007,0.5991803407669067,periodic,199
4136,38.0,Re_038.000,50.250000000007,0.5768003463745117,periodic,200
4137,38.0,Re_038.000,50.500000000007,0.5544213056564331,periodic,201
4138,38.0,Re_038.000,50.750000000008,0.532035231590271,periodic,202
4139,38.0,Re_038.000,51.000000000008,0.5096548795700073,periodic,203
4140,38.0,Re_038.000,51.250000000008,0.4873056411743164,periodic,204
4141,38.0,Re_038.000,51.500000000008,0.4650152325630188,periodic,205
4142,38.0,Re_038.000,51.750000000008,0.4428041875362396,periodic,206
4143,38.0,Re_038.000,52.000000000008,0.4206802248954773,periodic,207
4144,38.0,Re_038.000,52.250000000008,0.3986372947692871,periodic,208
4145,38.0,Re_038.000,52.500000000008,0.37665942311286926,periodic,209
4146,38.0,Re_038.000,52.750000000009,0.3547285199165344,periodic,210
4147,38.0,Re_038.000,53.000000000009,0.3328368663787842,periodic,211
4148,38.0,Re_038.000,53.250000000009,0.31099793314933777,periodic,212
4149,38.0,Re_038.000,53.500000000009,0.28925052285194397,periodic,213
4150,38.0,Re_038.000,53.750000000009,0.2676507234573364,periodic,214
4151,38.0,Re_038.000,54.000000000009,0.24625425040721893,periodic,215
4152,38.0,Re_038.000,54.250000000009,0.22509901225566864,periodic,216
4153,38.0,Re_038.000,54.500000000009,0.20419491827487946,periodic,217
4154,38.0,Re_038.000,54.75000000001,0.18352237343788147,periodic,218
4155,38.0,Re_038.000,55.00000000001,0.16303563117980957,periodic,219
4156,38.0,Re_038.000,55.25000000001,0.1426694244146347,periodic,220
4157,38.0,Re_038.000,55.50000000001,0.12234675884246826,periodic,221
4158,38.0,Re_038.000,55.75000000001,0.1019878014922142,periodic,222
4159,38.0,Re_038.000,56.00000000001,0.08151945471763611,periodic,223
4160,38.0,Re_038.000,56.25000000001,0.06088348850607872,periodic,224
4161,38.0,Re_038.000,56.50000000001,0.04004164785146713,periodic,225
4162,38.0,Re_038.000,56.750000000011,0.018975265324115753,periodic,226
4163,38.0,Re_038.000,57.000000000011,0.9976801872253418,periodic,227
4164,38.0,Re_038.000,57.250000000011,0.9761587381362915,periodic,228
4165,38.0,Re_038.000,57.500000000011,0.9544126987457275,periodic,229
4166,38.0,Re_038.000,57.750000000011,0.93243807554245,periodic,230
4167,38.0,Re_038.000,58.000000000011,0.910223662853241,periodic,231
4168,38.0,Re_038.000,58.250000000011,0.887753963470459,periodic,232
4169,38.0,Re_038.000,58.500000000011,0.8650172352790833,periodic,233
4170,38.0,Re_038.000,58.750000000012,0.8420183658599854,periodic,234
4171,38.0,Re_038.000,59.000000000012,0.8187921047210693,periodic,235
4172,38.0,Re_038.000,59.250000000012,0.7954081296920776,periodic,236
4173,38.0,Re_038.000,59.500000000012,0.7719625234603882,periodic,237
4174,38.0,Re_038.000,59.750000000012,0.7485569715499878,periodic,238
4175,38.0,Re_038.000,60.000000000012,0.7252769470214844,periodic,239
4176,38.0,Re_038.000,60.250000000012,0.7021780610084534,periodic,240
4177,38.0,Re_038.000,60.500000000012,0.6792809963226318,periodic,241
4178,38.0,Re_038.000,60.750000000013,0.6565742492675781,periodic,242
4179,38.0,Re_038.000,61.000000000013,0.634022057056427,periodic,243
4180,38.0,Re_038.000,61.250000000013,0.611575186252594,periodic,244
4181,38.0,Re_038.000,61.500000000013,0.5891831517219543,periodic,245
4182,38.0,Re_038.000,61.750000000013,0.5668059587478638,periodic,246
4183,38.0,Re_038.000,62.000000000013,0.5444233417510986,periodic,247
4184,38.0,Re_038.000,62.250000000013,0.5220372676849365,periodic,248
4185,38.0,Re_038.000,62.500000000014,0.4996672570705414,periodic,249
4186,38.0,Re_038.000,62.750000000014,0.4773411452770233,periodic,250
4187,38.0,Re_038.000,63.000000000014,0.45508432388305664,periodic,251
4188,38.0,Re_038.000,63.250000000014,0.43291202187538147,periodic,252
4189,38.0,Re_038.000,63.500000000014,0.4108257293701172,periodic,253
4190,38.0,Re_038.000,63.750000000014,0.38881421089172363,periodic,254
4191,38.0,Re_038.000,64.000000000014,0.36685919761657715,periodic,255
4192,38.5,Re_038.500,0.25,0.9606378078460693,periodic,0
4193,38.5,Re_038.500,1.25,0.8660025000572205,periodic,1
4194,38.5,Re_038.500,2.25,0.769650936126709,periodic,2
4195,38.5,Re_038.500,3.25,0.6768957376480103,periodic,3
4196,38.5,Re_038.500,4.25,0.5899032354354858,periodic,4
4197,38.5,Re_038.500,5.25,0.5053461790084839,periodic,5
4198,38.5,Re_038.500,6.25,0.42147281765937805,periodic,6
4199,38.5,Re_038.500,7.25,0.3374215066432953,periodic,7
4200,38.5,Re_038.500,8.5,0.23121364414691925,periodic,8
4201,38.5,Re_038.500,9.5,0.14705906808376312,periodic,9
4202,38.5,Re_038.500,10.5,0.06123865768313408,periodic,10
4203,38.5,Re_038.500,11.5,0.970809817314148,periodic,11
4204,38.5,Re_038.500,12.5,0.876508891582489,periodic,12
4205,38.5,Re_038.500,13.5,0.7801468968391418,periodic,13
4206,38.5,Re_038.500,14.5,0.686743974685669,periodic,14
4207,38.5,Re_038.500,15.500000000001,0.5992511510848999,periodic,15
4208,38.5,Re_038.500,16.500000000001,0.514572024345398,periodic,16
4209,38.5,Re_038.500,17.500000000001,0.43064314126968384,periodic,17
4210,38.5,Re_038.500,18.500000000001,0.3466915190219879,periodic,18
4211,38.5,Re_038.500,19.5,0.2617042064666748,periodic,19
4212,38.5,Re_038.500,20.5,0.17729191482067108,periodic,20
4213,38.5,Re_038.500,21.5,0.09255612641572952,periodic,21
4214,38.5,Re_038.500,22.5,0.0038605534937232733,periodic,22
4215,38.5,Re_038.500,23.5,0.9107706546783447,periodic,23
4216,38.5,Re_038.500,24.749999999999,0.7906832098960876,periodic,24
4217,38.5,Re_038.500,25.749999999999,0.6966726183891296,periodic,25
4218,38.5,Re_038.500,26.749999999999,0.6086304187774658,periodic,26
4219,38.5,Re_038.500,27.749999999999,0.5238049030303955,periodic,27
4220,38.5,Re_038.500,28.749999999999,0.43981409072875977,periodic,28
4221,38.5,Re_038.500,29.749999999998,0.3559417426586151,periodic,29
4222,38.5,Re_038.500,30.749999999998,0.2710215747356415,periodic,30
4223,38.5,Re_038.500,31.749999999998,0.1864924281835556,periodic,31
4224,38.5,Re_038.500,32.749999999998,0.10197726637125015,periodic,32
4225,38.5,Re_038.500,33.749999999999,0.01381587702780962,periodic,33
4226,38.5,Re_038.500,34.749999999999,0.9211326837539673,periodic,34
4227,38.5,Re_038.500,35.75,0.8253909349441528,periodic,35
4228,38.5,Re_038.500,36.75,0.7298117876052856,periodic,36
4229,38.5,Re_038.500,37.750000000001,0.6396957039833069,periodic,37
4230,38.5,Re_038.500,38.750000000001,0.5541573166847229,periodic,38
4231,38.5,Re_038.500,39.750000000002,0.4699404835700989,periodic,39
4232,38.5,Re_038.500,41.000000000003,0.36517030000686646,periodic,40
4233,38.5,Re_038.500,42.000000000003,0.2803433835506439,periodic,41
4234,38.5,Re_038.500,43.000000000004,0.19569502770900726,periodic,42
4235,38.5,Re_038.500,44.000000000004,0.11134825646877289,periodic,43
4236,38.5,Re_038.500,45.000000000005,0.023712849244475365,periodic,44
4237,38.5,Re_038.500,46.000000000005,0.9314559698104858,periodic,45
4238,38.5,Re_038.500,47.000000000006,0.8359682559967041,periodic,46
4239,38.5,Re_038.500,48.000000000006,0.7400717735290527,periodic,47
4240,39.0,Re_039.000,0.25,0.9421045184135437,periodic,0
4241,39.0,Re_039.000,1.25,0.8469254374504089,periodic,1
4242,39.0,Re_039.000,2.25,0.7501769661903381,periodic,2
4243,39.0,Re_039.000,3.25,0.6576508283615112,periodic,3
4244,39.0,Re_039.000,4.25,0.5703853368759155,periodic,4
4245,39.0,Re_039.000,5.25,0.4851556718349457,periodic,5
4246,39.0,Re_039.000,6.25,0.4008477032184601,periodic,6
4247,39.0,Re_039.000,7.25,0.31638452410697937,periodic,7
4248,39.0,Re_039.000,8.5,0.21051445603370667,periodic,8
4249,39.0,Re_039.000,9.5,0.12680263817310333,periodic,9
4250,39.0,Re_039.000,10.5,0.040648892521858215,periodic,10
4251,39.0,Re_039.000,11.5,0.9496919512748718,periodic,11
4252,39.0,Re_039.000,12.5,0.8547831773757935,periodic,12
4253,39.0,Re_039.000,13.5,0.7579637169837952,periodic,13
4254,39.0,Re_039.000,14.5,0.6649428606033325,periodic,14
4255,39.0,Re_039.000,15.500000000001,0.5773728489875793,periodic,15
4256,39.0,Re_039.000,16.500000000001,0.4920518696308136,periodic,16
4257,39.0,Re_039.000,17.500000000001,0.4076884388923645,periodic,17
4258,39.0,Re_039.000,18.500000000001,0.32329466938972473,periodic,18
4259,39.0,Re_039.000,19.5,0.23840120434761047,periodic,19
4260,39.0,Re_039.000,20.5,0.15459568798542023,periodic,20
4261,39.0,Re_039.000,21.5,0.06970720738172531,periodic,21
4262,39.0,Re_039.000,22.5,0.980331540107727,periodic,22
4263,39.0,Re_039.000,23.5,0.8866055011749268,periodic,23
4264,39.0,Re_039.000,24.749999999999,0.765782356262207,periodic,24
4265,39.0,Re_039.000,25.749999999999,0.6722762584686279,periodic,25
4266,39.0,Re_039.000,26.749999999999,0.584373950958252,periodic,26
4267,39.0,Re_039.000,27.749999999999,0.49895498156547546,periodic,27
4268,39.0,Re_039.000,28.749999999999,0.41452911496162415,periodic,28
4269,39.0,Re_039.000,29.749999999998,0.3301977515220642,periodic,29
4270,39.0,Re_039.000,30.749999999998,0.24527369439601898,periodic,30
4271,39.0,Re_039.000,31.749999999998,0.16139478981494904,periodic,31
4272,39.0,Re_039.000,32.749999999998,0.07675401121377945,periodic,32
4273,39.0,Re_039.000,33.749999999999,0.9877806901931763,periodic,33
4274,39.0,Re_039.000,34.749999999999,0.8943625092506409,periodic,34
4275,39.0,Re_039.000,35.75,0.7978329062461853,periodic,35
4276,39.0,Re_039.000,36.75,0.702569305896759,periodic,36
4277,39.0,Re_039.000,37.750000000001,0.6130530834197998,periodic,37
4278,39.0,Re_039.000,38.750000000001,0.5271327495574951,periodic,38
4279,39.0,Re_039.000,39.750000000002,0.4424114227294922,periodic,39
4280,39.0,Re_039.000,41.000000000003,0.3370906710624695,periodic,40
4281,39.0,Re_039.000,42.000000000003,0.2521537244319916,periodic,41
4282,39.0,Re_039.000,43.000000000004,0.16818839311599731,periodic,42
4283,39.0,Re_039.000,44.000000000004,0.08376774191856384,periodic,43
4284,39.0,Re_039.000,45.000000000005,0.9951990246772766,periodic,44
4285,39.0,Re_039.000,46.000000000005,0.9020959138870239,periodic,45
4286,39.0,Re_039.000,47.000000000006,0.8057287931442261,periodic,46
4287,39.0,Re_039.000,48.000000000006,0.7101130485534668,periodic,47
4288,39.5,Re_039.500,0.25,0.9238017797470093,periodic,0
4289,39.5,Re_039.500,1.25,0.8280822038650513,periodic,1
4290,39.5,Re_039.500,2.25,0.7311170697212219,periodic,2
4291,39.5,Re_039.500,3.25,0.638795018196106,periodic,3
4292,39.5,Re_039.500,4.25,0.551098108291626,periodic,4
4293,39.5,Re_039.500,5.25,0.4652145802974701,periodic,5
4294,39.5,Re_039.500,6.25,0.3804744482040405,periodic,6
4295,39.5,Re_039.500,7.25,0.295620322227478,periodic,7
4296,39.5,Re_039.500,8.5,0.19024136662483215,periodic,8
4297,39.5,Re_039.500,9.5,0.10681601613759995,periodic,9
4298,39.5,Re_039.500,10.5,0.020254826173186302,periodic,10
4299,39.5,Re_039.500,11.5,0.9288375377655029,periodic,11
4300,39.5,Re_039.500,12.5,0.8333084583282471,periodic,12
4301,39.5,Re_039.500,13.5,0.736248254776001,periodic,13
4302,39.5,Re_039.500,14.5,0.6436101794242859,periodic,14
4303,39.5,Re_039.500,15.500000000001,0.5557522773742676,periodic,15
4304,39.5,Re_039.500,16.500000000001,0.46979865431785583,periodic,16
4305,39.5,Re_039.500,17.500000000001,0.3850193917751312,periodic,17
4306,39.5,Re_039.500,18.500000000001,0.3001960515975952,periodic,18
4307,39.5,Re_039.500,19.5,0.2156098484992981,periodic,19
4308,39.5,Re_039.500,20.5,0.13229988515377045,periodic,20
4309,39.5,Re_039.500,21.5,0.0470726378262043,periodic,21
4310,39.5,Re_039.500,22.5,0.9570792317390442,periodic,22
4311,39.5,Re_039.500,23.5,0.8627088069915771,periodic,23
4312,39.5,Re_039.500,24.749999999999,0.7413984537124634,periodic,24
4313,39.5,Re_039.500,25.749999999999,0.6484429240226746,periodic,25
4314,39.5,Re_039.500,26.749999999999,0.5604128241539001,periodic,26
4315,39.5,Re_039.500,27.749999999999,0.4743879437446594,periodic,27
4316,39.5,Re_039.500,28.749999999999,0.38956448435783386,periodic,28
4317,39.5,Re_039.500,29.749999999998,0.30477190017700195,periodic,29
4318,39.5,Re_039.500,30.749999999998,0.2201157659292221,periodic,30
4319,39.5,Re_039.500,31.749999999998,0.1367868036031723,periodic,31
4320,39.5,Re_039.500,32.749999999998,0.051768429577350616,periodic,32
4321,39.5,Re_039.500,33.749999999999,0.9620360136032104,periodic,33
4322,39.5,Re_039.500,34.749999999999,0.8678807020187378,periodic,34
4323,39.5,Re_039.500,35.75,0.7707232236862183,periodic,35
4324,39.5,Re_039.500,36.75,0.6760363578796387,periodic,36
4325,39.5,Re_039.500,37.750000000001,0.5868345499038696,periodic,37
4326,39.5,Re_039.500,38.750000000001,0.500381588935852,periodic,38
4327,39.5,Re_039.500,39.750000000002,0.41524431109428406,periodic,39
4328,39.5,Re_039.500,41.000000000003,0.3093453347682953,periodic,40
4329,39.5,Re_039.500,42.000000000003,0.22462552785873413,periodic,41
4330,39.5,Re_039.500,43.000000000004,0.14126794040203094,periodic,42
4331,39.5,Re_039.500,44.000000000004,0.056448791176080704,periodic,43
4332,39.5,Re_039.500,45.000000000005,0.9669796824455261,periodic,44
4333,39.5,Re_039.500,46.000000000005,0.8730417490005493,periodic,45
4334,39.5,Re_039.500,47.000000000006,0.7759455442428589,periodic,46
4335,39.5,Re_039.500,48.000000000006,0.6809759140014648,periodic,47
4336,40.0,Re_040.000,0.25,0.6916792988777161,periodic,0
4337,40.0,Re_040.000,0.5,0.6703605651855469,periodic,1
4338,40.0,Re_040.000,0.75,0.6490746736526489,periodic,2
4339,40.0,Re_040.000,1.0,0.6277540922164917,periodic,3
4340,40.0,Re_040.000,1.25,0.6063247919082642,periodic,4
4341,40.0,Re_040.000,1.5,0.584717869758606,periodic,5
4342,40.0,Re_040.000,1.75,0.5628803372383118,periodic,6
4343,40.0,Re_040.000,2.0,0.5407830476760864,periodic,7
4344,40.0,Re_040.000,2.25,0.5184229612350464,periodic,8
4345,40.0,Re_040.000,2.5,0.4958178997039795,periodic,9
4346,40.0,Re_040.000,2.75,0.4729970693588257,periodic,10
4347,40.0,Re_040.000,3.0,0.4499906003475189,periodic,11
4348,40.0,Re_040.000,3.25,0.4268222153186798,periodic,12
4349,40.0,Re_040.000,3.5,0.4035058319568634,periodic,13
4350,40.0,Re_040.000,3.75,0.3800475001335144,periodic,14
4351,40.0,Re_040.000,4.0,0.3564540445804596,periodic,15
4352,40.0,Re_040.000,4.25,0.33274683356285095,periodic,16
4353,40.0,Re_040.000,4.5,0.30897632241249084,periodic,17
4354,40.0,Re_040.000,4.75,0.2852277457714081,periodic,18
4355,40.0,Re_040.000,5.0,0.26161012053489685,periodic,19
4356,40.0,Re_040.000,5.25,0.23823122680187225,periodic,20
4357,40.0,Re_040.000,5.5,0.21517311036586761,periodic,21
4358,40.0,Re_040.000,5.75,0.19247858226299286,periodic,22
4359,40.0,Re_040.000,6.0,0.17014962434768677,periodic,23
4360,40.0,Re_040.000,6.25,0.1481536328792572,periodic,24
4361,40.0,Re_040.000,6.5,0.12643341720104218,periodic,25
4362,40.0,Re_040.000,6.75,0.10491853207349777,periodic,26
4363,40.0,Re_040.000,7.0,0.08353686332702637,periodic,27
4364,40.0,Re_040.000,7.25,0.062225524336099625,periodic,28
4365,40.0,Re_040.000,7.5,0.04093889147043228,periodic,29
4366,40.0,Re_040.000,7.75,0.019651852548122406,periodic,30
4367,40.0,Re_040.000,8.0,0.9983567595481873,periodic,31
4368,40.0,Re_040.000,8.25,0.977055549621582,periodic,32
4369,40.0,Re_040.000,8.5,0.9557508826255798,periodic,33
4370,40.0,Re_040.000,8.75,0.9344393610954285,periodic,34
4371,40.0,Re_040.000,9.0,0.9131075739860535,periodic,35
4372,40.0,Re_040.000,9.25,0.8917326331138611,periodic,36
4373,40.0,Re_040.000,9.5,0.8702864646911621,periodic,37
4374,40.0,Re_040.000,9.75,0.8487446904182434,periodic,38
4375,40.0,Re_040.000,10.0,0.8270984888076782,periodic,39
4376,40.0,Re_040.000,10.25,0.805364727973938,periodic,40
4377,40.0,Re_040.000,10.5,0.7835873961448669,periodic,41
4378,40.0,Re_040.000,10.75,0.7618253231048584,periodic,42
4379,40.0,Re_040.000,11.0,0.7401335835456848,periodic,43
4380,40.0,Re_040.000,11.25,0.7185470461845398,periodic,44
4381,40.0,Re_040.000,11.5,0.6970729827880859,periodic,45
4382,40.0,Re_040.000,11.75,0.6756904125213623,periodic,46
4383,40.0,Re_040.000,12.0,0.6543534994125366,periodic,47
4384,40.0,Re_040.000,12.25,0.6329993605613708,periodic,48
4385,40.0,Re_040.000,12.5,0.611555814743042,periodic,49
4386,40.0,Re_040.000,12.75,0.589952826499939,periodic,50
4387,40.0,Re_040.000,13.0,0.5681331753730774,periodic,51
4388,40.0,Re_040.000,13.25,0.5460619926452637,periodic,52
4389,40.0,Re_040.000,13.5,0.5237299203872681,periodic,53
4390,40.0,Re_040.000,13.75,0.501150369644165,periodic,54
4391,40.0,Re_040.000,14.0,0.47835031151771545,periodic,55
4392,40.0,Re_040.000,14.25,0.45535996556282043,periodic,56
4393,40.0,Re_040.000,14.5,0.43220454454421997,periodic,57
4394,40.0,Re_040.000,14.75,0.4088996648788452,periodic,58
4395,40.0,Re_040.000,15.0,0.385452002286911,periodic,59
4396,40.0,Re_040.000,15.25,0.3618665337562561,periodic,60
4397,40.0,Re_040.000,15.500000000001,0.3381592333316803,periodic,61
4398,40.0,Re_040.000,15.750000000001,0.3143727779388428,periodic,62
4399,40.0,Re_040.000,16.000000000001,0.29058465361595154,periodic,63
4400,40.0,Re_040.000,16.250000000001,0.2669003903865814,periodic,64
4401,40.0,Re_040.000,16.500000000001,0.24343040585517883,periodic,65
4402,40.0,Re_040.000,16.750000000001,0.22026410698890686,periodic,66
4403,40.0,Re_040.000,17.000000000001,0.19745378196239471,periodic,67
4404,40.0,Re_040.000,17.250000000001,0.17501072585582733,periodic,68
4405,40.0,Re_040.000,17.500000000001,0.15291012823581696,periodic,69
4406,40.0,Re_040.000,17.750000000001,0.13110016286373138,periodic,70
4407,40.0,Re_040.000,18.000000000001,0.10951338708400726,periodic,71
4408,40.0,Re_040.000,18.250000000001,0.08807789534330368,periodic,72
4409,40.0,Re_040.000,18.500000000001,0.06672848761081696,periodic,73
4410,40.0,Re_040.000,18.750000000001,0.0454154834151268,periodic,74
4411,40.0,Re_040.000,19.000000000001,0.024109184741973877,periodic,75
4412,40.0,Re_040.000,19.25,0.0027982748579233885,periodic,76
4413,40.0,Re_040.000,19.5,0.9814828634262085,periodic,77
4414,40.0,Re_040.000,19.75,0.9601655006408691,periodic,78
4415,40.0,Re_040.000,20.0,0.9388439059257507,periodic,79
4416,40.0,Re_040.000,20.25,0.9175062775611877,periodic,80
4417,40.0,Re_040.000,20.5,0.8961310386657715,periodic,81
4418,40.0,Re_040.000,20.75,0.8746899962425232,periodic,82
4419,40.0,Re_040.000,21.0,0.8531565070152283,periodic,83
4420,40.0,Re_040.000,21.25,0.831517219543457,periodic,84
4421,40.0,Re_040.000,21.5,0.8097831010818481,periodic,85
4422,40.0,Re_040.000,21.75,0.7879930734634399,periodic,86
4423,40.0,Re_040.000,22.0,0.7662040591239929,periodic,87
4424,40.0,Re_040.000,22.25,0.7444732189178467,periodic,88
4425,40.0,Re_040.000,22.5,0.7228401303291321,periodic,89
4426,40.0,Re_040.000,22.75,0.7013179659843445,periodic,90
4427,40.0,Re_040.000,23.0,0.6798915863037109,periodic,91
4428,40.0,Re_040.000,23.25,0.6585202217102051,periodic,92
4429,40.0,Re_040.000,23.5,0.6371444463729858,periodic,93
4430,40.0,Re_040.000,23.75,0.6156941056251526,periodic,94
4431,40.0,Re_040.000,24.0,0.5940984487533569,periodic,95
4432,40.0,Re_040.000,24.249999999999,0.5722976326942444,periodic,96
4433,40.0,Re_040.000,24.499999999999,0.5502520799636841,periodic,97
4434,40.0,Re_040.000,24.749999999999,0.5279477834701538,periodic,98
4435,40.0,Re_040.000,24.999999999999,0.5053941011428833,periodic,99
4436,40.0,Re_040.000,25.249999999999,0.48261600732803345,periodic,100
4437,40.0,Re_040.000,25.499999999999,0.4596434235572815,periodic,101
4438,40.0,Re_040.000,25.749999999999,0.43650269508361816,periodic,102
4439,40.0,Re_040.000,25.999999999999,0.413210928440094,periodic,103
4440,40.0,Re_040.000,26.249999999999,0.3897757828235626,periodic,104
4441,40.0,Re_040.000,26.499999999999,0.3662013113498688,periodic,105
4442,40.0,Re_040.000,26.749999999999,0.34249991178512573,periodic,106
4443,40.0,Re_040.000,26.999999999999,0.3187081217765808,periodic,107
4444,40.0,Re_040.000,27.249999999999,0.2948971688747406,periodic,108
4445,40.0,Re_040.000,27.499999999999,0.2711687982082367,periodic,109
4446,40.0,Re_040.000,27.749999999999,0.24763455986976624,periodic,110
4447,40.0,Re_040.000,27.999999999999,0.2243892252445221,periodic,111
4448,40.0,Re_040.000,28.249999999999,0.20149239897727966,periodic,112
4449,40.0,Re_040.000,28.499999999999,0.17896290123462677,periodic,113
4450,40.0,Re_040.000,28.749999999999,0.1567823439836502,periodic,114
4451,40.0,Re_040.000,28.999999999999,0.13490350544452667,periodic,115
4452,40.0,Re_040.000,29.249999999998,0.11326152086257935,periodic,116
4453,40.0,Re_040.000,29.499999999998,0.0917850211262703,periodic,117
4454,40.0,Re_040.000,29.749999999998,0.0704072117805481,periodic,118
4455,40.0,Re_040.000,29.999999999998,0.04907537251710892,periodic,119
4456,40.0,Re_040.000,30.249999999998,0.027756163850426674,periodic,120
4457,40.0,Re_040.000,30.499999999998,0.006435129325836897,periodic,121
4458,40.0,Re_040.000,30.749999999998,0.9851106405258179,periodic,122
4459,40.0,Re_040.000,30.999999999998,0.9637851715087891,periodic,123
4460,40.0,Re_040.000,31.249999999998,0.9424571394920349,periodic,124
4461,40.0,Re_040.000,31.499999999998,0.9211162328720093,periodic,125
4462,40.0,Re_040.000,31.749999999998,0.8997421264648438,periodic,126
4463,40.0,Re_040.000,31.999999999998,0.8783068656921387,periodic,127
4464,40.0,Re_040.000,32.249999999998,0.8567824959754944,periodic,128
4465,40.0,Re_040.000,32.499999999998,0.8351523876190186,periodic,129
4466,40.0,Re_040.000,32.749999999998,0.813422679901123,periodic,130
4467,40.0,Re_040.000,32.999999999998,0.7916277050971985,periodic,131
4468,40.0,Re_040.000,33.249999999999,0.7698225975036621,periodic,132
4469,40.0,Re_040.000,33.499999999999,0.7480655312538147,periodic,133
4470,40.0,Re_040.000,33.749999999999,0.7263998985290527,periodic,134
4471,40.0,Re_040.000,33.999999999999,0.7048433423042297,periodic,135
4472,40.0,Re_040.000,34.249999999999,0.6833856105804443,periodic,136
4473,40.0,Re_040.000,34.499999999999,0.6619901657104492,periodic,137
4474,40.0,Re_040.000,34.749999999999,0.6406006813049316,periodic,138
4475,40.0,Re_040.000,34.999999999999,0.6191484928131104,periodic,139
4476,40.0,Re_040.000,35.25,0.5975627899169922,periodic,140
4477,40.0,Re_040.000,35.5,0.5757814645767212,periodic,141
4478,40.0,Re_040.000,35.75,0.5537616014480591,periodic,142
4479,40.0,Re_040.000,36.0,0.531484842300415,periodic,143
4480,40.0,Re_040.000,36.25,0.5089572668075562,periodic,144
4481,40.0,Re_040.000,36.5,0.4862016439437866,periodic,145
4482,40.0,Re_040.000,36.75,0.4632478654384613,periodic,146
4483,40.0,Re_040.000,37.0,0.44012293219566345,periodic,147
4484,40.0,Re_040.000,37.250000000001,0.41684532165527344,periodic,148
4485,40.0,Re_040.000,37.500000000001,0.39342376589775085,periodic,149
4486,40.0,Re_040.000,37.750000000001,0.369861900806427,periodic,150
4487,40.0,Re_040.000,38.000000000001,0.34616968035697937,periodic,151
4488,40.0,Re_040.000,38.250000000001,0.3223787844181061,periodic,152
4489,40.0,Re_040.000,38.500000000001,0.2985548675060272,periodic,153
4490,40.0,Re_040.000,38.750000000001,0.2747960388660431,periodic,154
4491,40.0,Re_040.000,39.000000000001,0.25121405720710754,periodic,155
4492,40.0,Re_040.000,39.250000000002,0.22790774703025818,periodic,156
4493,40.0,Re_040.000,39.500000000002,0.20494282245635986,periodic,157
4494,40.0,Re_040.000,39.750000000002,0.18234437704086304,periodic,158
4495,40.0,Re_040.000,40.000000000002,0.160099595785141,periodic,159
4496,40.0,Re_040.000,40.250000000002,0.13816528022289276,periodic,160
4497,40.0,Re_040.000,40.500000000002,0.11647894978523254,periodic,161
4498,40.0,Re_040.000,40.750000000002,0.09496980905532837,periodic,162
4499,40.0,Re_040.000,41.000000000003,0.07356998324394226,periodic,163
4500,40.0,Re_040.000,41.250000000003,0.052224285900592804,periodic,164
4501,40.0,Re_040.000,41.500000000003,0.030896279960870743,periodic,165
4502,40.0,Re_040.000,41.750000000003,0.009568792767822742,periodic,166
4503,40.0,Re_040.000,42.000000000003,0.9882386326789856,periodic,167
4504,40.0,Re_040.000,42.250000000003,0.9669078588485718,periodic,168
4505,40.0,Re_040.000,42.500000000003,0.9455758333206177,periodic,169
4506,40.0,Re_040.000,42.750000000003,0.9242333769798279,periodic,170
4507,40.0,Re_040.000,43.000000000004,0.9028612375259399,periodic,171
4508,40.0,Re_040.000,43.250000000004,0.8814321756362915,periodic,172
4509,40.0,Re_040.000,43.500000000004,0.8599174618721008,periodic,173
4510,40.0,Re_040.000,43.750000000004,0.8382976055145264,periodic,174
4511,40.0,Re_040.000,44.000000000004,0.8165750503540039,periodic,175
4512,40.0,Re_040.000,44.250000000004,0.7947799563407898,periodic,176
4513,40.0,Re_040.000,44.500000000004,0.7729653716087341,periodic,177
4514,40.0,Re_040.000,44.750000000004,0.7511901259422302,periodic,178
4515,40.0,Re_040.000,45.000000000005,0.7295005321502686,periodic,179
4516,40.0,Re_040.000,45.250000000005,0.7079182863235474,periodic,180
4517,40.0,Re_040.000,45.500000000005,0.6864371299743652,periodic,181
4518,40.0,Re_040.000,45.750000000005,0.6650242805480957,periodic,182
4519,40.0,Re_040.000,46.000000000005,0.6436260938644409,periodic,183
4520,40.0,Re_040.000,46.250000000005,0.6221753358840942,periodic,184
4521,40.0,Re_040.000,46.500000000005,0.6006012558937073,periodic,185
4522,40.0,Re_040.000,46.750000000005,0.5788401365280151,periodic,186
4523,40.0,Re_040.000,47.000000000006,0.5568458437919617,periodic,187
4524,40.0,Re_040.000,47.250000000006,0.5345965623855591,periodic,188
4525,40.0,Re_040.000,47.500000000006,0.5120952129364014,periodic,189
4526,40.0,Re_040.000,47.750000000006,0.4893627464771271,periodic,190
4527,40.0,Re_040.000,48.000000000006,0.4664284586906433,periodic,191
4528,40.0,Re_040.000,48.250000000006,0.443320095539093,periodic,192
4529,40.0,Re_040.000,48.500000000006,0.42005738615989685,periodic,193
4530,40.0,Re_040.000,48.750000000006,0.39665013551712036,periodic,194
4531,40.0,Re_040.000,49.000000000007,0.3731018900871277,periodic,195
4532,40.0,Re_040.000,49.250000000007,0.34942078590393066,periodic,196
4533,40.0,Re_040.000,49.500000000007,0.32563456892967224,periodic,197
4534,40.0,Re_040.000,49.750000000007,0.301803857088089,periodic,198
4535,40.0,Re_040.000,50.000000000007,0.2780230939388275,periodic,199
4536,40.0,Re_040.000,50.250000000007,0.2544037699699402,periodic,200
4537,40.0,Re_040.000,50.500000000007,0.2310478538274765,periodic,201
4538,40.0,Re_040.000,50.750000000008,0.20802630484104156,periodic,202
4539,40.0,Re_040.000,51.000000000008,0.18536989390850067,periodic,203
4540,40.0,Re_040.000,51.250000000008,0.1630706489086151,periodic,204
4541,40.0,Re_040.000,51.500000000008,0.14108918607234955,periodic,205
4542,40.0,Re_040.000,51.750000000008,0.11936521530151367,periodic,206
4543,40.0,Re_040.000,52.000000000008,0.09782865643501282,periodic,207
4544,40.0,Re_040.000,52.250000000008,0.07641074061393738,periodic,208
4545,40.0,Re_040.000,52.500000000008,0.055054232478141785,periodic,209
4546,40.0,Re_040.000,52.750000000009,0.0337199904024601,periodic,210
4547,40.0,Re_040.000,53.000000000009,0.01238835509866476,periodic,211
4548,40.0,Re_040.000,53.250000000009,0.9910545945167542,periodic,212
4549,40.0,Re_040.000,53.500000000009,0.9697204828262329,periodic,213
4550,40.0,Re_040.000,53.750000000009,0.9483858346939087,periodic,214
4551,40.0,Re_040.000,54.000000000009,0.9270428419113159,periodic,215
4552,40.0,Re_040.000,54.250000000009,0.9056732654571533,periodic,216
4553,40.0,Re_040.000,54.500000000009,0.8842505812644958,periodic,217
4554,40.0,Re_040.000,54.75000000001,0.8627455234527588,periodic,218
4555,40.0,Re_040.000,55.00000000001,0.841136634349823,periodic,219
4556,40.0,Re_040.000,55.25000000001,0.819422721862793,periodic,220
4557,40.0,Re_040.000,55.50000000001,0.7976304888725281,periodic,221
4558,40.0,Re_040.000,55.75000000001,0.7758105993270874,periodic,222
4559,40.0,Re_040.000,56.00000000001,0.7540222406387329,periodic,223
4560,40.0,Re_040.000,56.25000000001,0.7323139905929565,periodic,224
4561,40.0,Re_040.000,56.50000000001,0.7107113599777222,periodic,225
4562,40.0,Re_040.000,56.750000000011,0.6892116069793701,periodic,226
4563,40.0,Re_040.000,57.000000000011,0.6677853465080261,periodic,227
4564,40.0,Re_040.000,57.250000000011,0.6463813781738281,periodic,228
4565,40.0,Re_040.000,57.500000000011,0.6249339580535889,periodic,229
4566,40.0,Re_040.000,57.750000000011,0.6033724546432495,periodic,230
4567,40.0,Re_040.000,58.000000000011,0.5816316604614258,periodic,231
4568,40.0,Re_040.000,58.250000000011,0.559662938117981,periodic,232
4569,40.0,Re_040.000,58.500000000011,0.5374411344528198,periodic,233
4570,40.0,Re_040.000,58.750000000012,0.5149661302566528,periodic,234
4571,40.0,Re_040.000,59.000000000012,0.4922572076320648,periodic,235
4572,40.0,Re_040.000,59.250000000012,0.469342976808548,periodic,236
4573,40.0,Re_040.000,59.500000000012,0.4462517201900482,periodic,237
4574,40.0,Re_040.000,59.750000000012,0.4230044186115265,periodic,238
4575,40.0,Re_040.000,60.000000000012,0.39961183071136475,periodic,239
4576,40.0,Re_040.000,60.250000000012,0.376077800989151,periodic,240
4577,40.0,Re_040.000,60.500000000012,0.3524090647697449,periodic,241
4578,40.0,Re_040.000,60.750000000013,0.32862985134124756,periodic,242
4579,40.0,Re_040.000,61.000000000013,0.3047962784767151,periodic,243
4580,40.0,Re_040.000,61.250000000013,0.28099918365478516,periodic,244
4581,40.0,Re_040.000,61.500000000013,0.25734928250312805,periodic,245
4582,40.0,Re_040.000,61.750000000013,0.23395110666751862,periodic,246
4583,40.0,Re_040.000,62.000000000013,0.21088026463985443,periodic,247
4584,40.0,Re_040.000,62.250000000013,0.18817269802093506,periodic,248
4585,40.0,Re_040.000,62.500000000014,0.16582506895065308,periodic,249
4586,40.0,Re_040.000,62.750000000014,0.14380158483982086,periodic,250
4587,40.0,Re_040.000,63.000000000014,0.12204407155513763,periodic,251
4588,40.0,Re_040.000,63.250000000014,0.10048317164182663,periodic,252
4589,40.0,Re_040.000,63.500000000014,0.0790495052933693,periodic,253
4590,40.0,Re_040.000,63.750000000014,0.05768400430679321,periodic,254
4591,40.0,Re_040.000,64.000000000014,0.03634509816765785,periodic,255
4592,41.0,Re_041.000,0.25,0.12410423904657364,periodic,0
4593,41.0,Re_041.000,1.25,0.03130030259490013,periodic,1
4594,41.0,Re_041.000,2.25,0.935859739780426,periodic,2
4595,41.0,Re_041.000,3.25,0.8403224945068359,periodic,3
4596,41.0,Re_041.000,4.25,0.7466740608215332,periodic,4
4597,41.0,Re_041.000,5.25,0.6586915254592896,periodic,5
4598,41.0,Re_041.000,6.25,0.5758190751075745,periodic,6
4599,41.0,Re_041.000,7.25,0.49379003047943115,periodic,7
4600,41.0,Re_041.000,8.5,0.38932865858078003,periodic,8
4601,41.0,Re_041.000,9.5,0.30226150155067444,periodic,9
4602,41.0,Re_041.000,10.5,0.21236594021320343,periodic,10
4603,41.0,Re_041.000,11.5,0.1217833012342453,periodic,11
4604,41.0,Re_041.000,12.5,0.028897689655423164,periodic,12
4605,41.0,Re_041.000,13.5,0.9334242343902588,periodic,13
4606,41.0,Re_041.000,14.5,0.8379075527191162,periodic,14
4607,41.0,Re_041.000,15.500000000001,0.7443556785583496,periodic,15
4608,41.0,Re_041.000,16.500000000001,0.6565410494804382,periodic,16
4609,41.0,Re_041.000,17.500000000001,0.5737422704696655,periodic,17
4610,41.0,Re_041.000,18.500000000001,0.49169597029685974,periodic,18
4611,41.0,Re_041.000,19.5,0.4083615839481354,periodic,19
4612,41.0,Re_041.000,20.5,0.32216760516166687,periodic,20
4613,41.0,Re_041.000,21.5,0.232638880610466,periodic,21
4614,41.0,Re_041.000,22.5,0.14223772287368774,periodic,22
4615,41.0,Re_041.000,23.5,0.05006053298711777,periodic,23
4616,41.0,Re_041.000,24.749999999999,0.9309945106506348,periodic,24
4617,41.0,Re_041.000,25.749999999999,0.835498571395874,periodic,25
4618,41.0,Re_041.000,26.749999999999,0.7420454025268555,periodic,26
4619,41.0,Re_041.000,27.749999999999,0.6543967723846436,periodic,27
4620,41.0,Re_041.000,28.749999999999,0.5716673135757446,periodic,28
4621,41.0,Re_041.000,29.749999999998,0.48960208892822266,periodic,29
4622,41.0,Re_041.000,30.749999999998,0.406220018863678,periodic,30
4623,41.0,Re_041.000,31.749999999998,0.31992867588996887,periodic,31
4624,41.0,Re_041.000,32.749999999998,0.2303496152162552,periodic,32
4625,41.0,Re_041.000,33.749999999999,0.13993191719055176,periodic,33
4626,41.0,Re_041.000,34.749999999999,0.04767763987183571,periodic,34
4627,41.0,Re_041.000,35.75,0.9525213837623596,periodic,35
4628,41.0,Re_041.000,36.75,0.8568691611289978,periodic,36
4629,41.0,Re_041.000,37.750000000001,0.7626484632492065,periodic,37
4630,41.0,Re_041.000,38.750000000001,0.673515260219574,periodic,38
4631,41.0,Re_041.000,39.750000000002,0.5900583267211914,periodic,39
4632,41.0,Re_041.000,41.000000000003,0.4875057339668274,periodic,40
4633,41.0,Re_041.000,42.000000000003,0.40407514572143555,periodic,41
4634,41.0,Re_041.000,43.000000000004,0.3176860213279724,periodic,42
4635,41.0,Re_041.000,44.000000000004,0.22805942595005035,periodic,43
4636,41.0,Re_041.000,45.000000000005,0.13762490451335907,periodic,44
4637,41.0,Re_041.000,46.000000000005,0.04529298469424248,periodic,45
4638,41.0,Re_041.000,47.000000000006,0.9500892758369446,periodic,46
4639,41.0,Re_041.000,48.000000000006,0.854451596736908,periodic,47
4640,42.0,Re_042.000,0.25,0.09011141210794449,periodic,0
4641,42.0,Re_042.000,1.25,0.9964662194252014,periodic,1
4642,42.0,Re_042.000,2.25,0.8999597430229187,periodic,2
4643,42.0,Re_042.000,3.25,0.8030068278312683,periodic,3
4644,42.0,Re_042.000,4.25,0.7089065313339233,periodic,4
4645,42.0,Re_042.000,5.25,0.6214549541473389,periodic,5
4646,42.0,Re_042.000,6.25,0.5381292700767517,periodic,6
4647,42.0,Re_042.000,7.25,0.4552468955516815,periodic,7
4648,42.0,Re_042.000,8.5,0.3499615788459778,periodic,8
4649,42.0,Re_042.000,9.5,0.2623927891254425,periodic,9
4650,42.0,Re_042.000,10.5,0.17341698706150055,periodic,10
4651,42.0,Re_042.000,11.5,0.08318135887384415,periodic,11
4652,42.0,Re_042.000,12.5,0.9892365336418152,periodic,12
4653,42.0,Re_042.000,13.5,0.8926279544830322,periodic,13
4654,42.0,Re_042.000,14.5,0.7957283854484558,periodic,14
4655,42.0,Re_042.000,15.500000000001,0.7020626068115234,periodic,15
4656,42.0,Re_042.000,16.500000000001,0.6150786876678467,periodic,16
4657,42.0,Re_042.000,17.500000000001,0.5318824052810669,periodic,17
4658,42.0,Re_042.000,18.500000000001,0.4489678740501404,periodic,18
4659,42.0,Re_042.000,19.5,0.36490771174430847,periodic,19
4660,42.0,Re_042.000,20.5,0.27785757184028625,periodic,20
4661,42.0,Re_042.000,21.5,0.18897637724876404,periodic,21
4662,42.0,Re_042.000,22.5,0.09915244579315186,periodic,22
4663,42.0,Re_042.000,23.5,0.005911917891353369,periodic,23
4664,42.0,Re_042.000,24.749999999999,0.8853079676628113,periodic,24
4665,42.0,Re_042.000,25.749999999999,0.7884798049926758,periodic,25
4666,42.0,Re_042.000,26.749999999999,0.6952717900276184,periodic,26
4667,42.0,Re_042.000,27.749999999999,0.6087319850921631,periodic,27
4668,42.0,Re_042.000,28.749999999999,0.5256420373916626,periodic,28
4669,42.0,Re_042.000,29.749999999998,0.44268888235092163,periodic,29
4670,42.0,Re_042.000,30.749999999998,0.3584625720977783,periodic,30
4671,42.0,Re_042.000,31.749999999998,0.27118074893951416,periodic,31
4672,42.0,Re_042.000,32.749999999998,0.18225613236427307,periodic,32
4673,42.0,Re_042.000,33.749999999999,0.09226692467927933,periodic,33
4674,42.0,Re_042.000,34.749999999999,0.9987186193466187,periodic,34
4675,42.0,Re_042.000,35.75,0.902247965335846,periodic,35
4676,42.0,Re_042.000,36.75,0.80528324842453,periodic,36
4677,42.0,Re_042.000,37.750000000001,0.7110549807548523,periodic,37
4678,42.0,Re_042.000,38.750000000001,0.6234562993049622,periodic,38
4679,42.0,Re_042.000,39.750000000002,0.5400879979133606,periodic,39
4680,42.0,Re_042.000,41.000000000003,0.43640393018722534,periodic,40
4681,42.0,Re_042.000,42.000000000003,0.3519977331161499,periodic,41
4682,42.0,Re_042.000,43.000000000004,0.26449641585350037,periodic,42
4683,42.0,Re_042.000,44.000000000004,0.17553363740444183,periodic,43
4684,42.0,Re_042.000,45.000000000005,0.08536109328269958,periodic,44
4685,42.0,Re_042.000,46.000000000005,0.9915106296539307,periodic,45
4686,42.0,Re_042.000,47.000000000006,0.8949329853057861,periodic,46
4687,42.0,Re_042.000,48.000000000006,0.7980152368545532,periodic,47
4688,43.0,Re_043.000,0.25,0.05145394429564476,periodic,0
4689,43.0,Re_043.000,0.5,0.029870228841900826,periodic,1
4690,43.0,Re_043.000,0.75,0.008095519617199898,periodic,2
4691,43.0,Re_043.000,1.0,0.9861259460449219,periodic,3
4692,43.0,Re_043.000,1.25,0.9639651775360107,periodic,4
4693,43.0,Re_043.000,1.5,0.9416154623031616,periodic,5
4694,43.0,Re_043.000,1.75,0.9190717339515686,periodic,6
4695,43.0,Re_043.000,2.0,0.8963195085525513,periodic,7
4696,43.0,Re_043.000,2.25,0.8733381032943726,periodic,8
4697,43.0,Re_043.000,2.5,0.8501103520393372,periodic,9
4698,43.0,Re_043.000,2.75,0.8266384601593018,periodic,10
4699,43.0,Re_043.000,3.0,0.8029600381851196,periodic,11
4700,43.0,Re_043.000,3.25,0.7791528105735779,periodic,12
4701,43.0,Re_043.000,3.5,0.7553208470344543,periodic,13
4702,43.0,Re_043.000,3.75,0.7315678000450134,periodic,14
4703,43.0,Re_043.000,4.0,0.7079747319221497,periodic,15
4704,43.0,Re_043.000,4.25,0.684589147567749,periodic,16
4705,43.0,Re_043.000,4.5,0.6614237427711487,periodic,17
4706,43.0,Re_043.000,4.75,0.6384608745574951,periodic,18
4707,43.0,Re_043.000,5.0,0.6156617403030396,periodic,19
4708,43.0,Re_043.000,5.25,0.5929762125015259,periodic,20
4709,43.0,Re_043.000,5.5,0.5703548789024353,periodic,21
4710,43.0,Re_043.000,5.75,0.5477591156959534,periodic,22
4711,43.0,Re_043.000,6.0,0.5251691341400146,periodic,23
4712,43.0,Re_043.000,6.25,0.5025851726531982,periodic,24
4713,43.0,Re_043.000,6.5,0.4800221025943756,periodic,25
4714,43.0,Re_043.000,6.75,0.457498699426651,periodic,26
4715,43.0,Re_043.000,7.0,0.43502768874168396,periodic,27
4716,43.0,Re_043.000,7.25,0.41260913014411926,periodic,28
4717,43.0,Re_043.000,7.5,0.3902285099029541,periodic,29
4718,43.0,Re_043.000,7.75,0.3678600788116455,periodic,30
4719,43.0,Re_043.000,8.0,0.345476359128952,periodic,31
4720,43.0,Re_043.000,8.25,0.3230622410774231,periodic,32
4721,43.0,Re_043.000,8.5,0.3006305396556854,periodic,33
4722,43.0,Re_043.000,8.75,0.2782271206378937,periodic,34
4723,43.0,Re_043.000,9.0,0.2559199631214142,periodic,35
4724,43.0,Re_043.000,9.25,0.23377594351768494,periodic,36
4725,43.0,Re_043.000,9.5,0.21184056997299194,periodic,37
4726,43.0,Re_043.000,9.75,0.19012875854969025,periodic,38
4727,43.0,Re_043.000,10.0,0.16862502694129944,periodic,39
4728,43.0,Re_043.000,10.25,0.14728784561157227,periodic,40
4729,43.0,Re_043.000,10.5,0.12605665624141693,periodic,41
4730,43.0,Re_043.000,10.75,0.10486022382974625,periodic,42
4731,43.0,Re_043.000,11.0,0.08362535387277603,periodic,43
4732,43.0,Re_043.000,11.25,0.06228642910718918,periodic,44
4733,43.0,Re_043.000,11.5,0.040793512016534805,periodic,45
4734,43.0,Re_043.000,11.75,0.01911700889468193,periodic,46
4735,43.0,Re_043.000,12.0,0.9972460269927979,periodic,47
4736,43.0,Re_043.000,12.25,0.9751815795898438,periodic,48
4737,43.0,Re_043.000,12.5,0.9529276490211487,periodic,49
4738,43.0,Re_043.000,12.75,0.9304834604263306,periodic,50
4739,43.0,Re_043.000,13.0,0.9078391194343567,periodic,51
4740,43.0,Re_043.000,13.25,0.8849764466285706,periodic,52
4741,43.0,Re_043.000,13.5,0.8618748188018799,periodic,53
4742,43.0,Re_043.000,13.75,0.8385244607925415,periodic,54
4743,43.0,Re_043.000,14.0,0.8149434328079224,periodic,55
4744,43.0,Re_043.000,14.25,0.7911898493766785,periodic,56
4745,43.0,Re_043.000,14.5,0.7673572301864624,periodic,57
4746,43.0,Re_043.000,14.75,0.7435529232025146,periodic,58
4747,43.0,Re_043.000,15.0,0.7198715209960938,periodic,59
4748,43.0,Re_043.000,15.25,0.6963781714439392,periodic,60
4749,43.0,Re_043.000,15.500000000001,0.6731027364730835,periodic,61
4750,43.0,Re_043.000,15.750000000001,0.6500421762466431,periodic,62
4751,43.0,Re_043.000,16.000000000001,0.6271668672561646,periodic,63
4752,43.0,Re_043.000,16.250000000001,0.6044312715530396,periodic,64
4753,43.0,Re_043.000,16.500000000001,0.5817840099334717,periodic,65
4754,43.0,Re_043.000,16.750000000001,0.5591797232627869,periodic,66
4755,43.0,Re_043.000,17.000000000001,0.5365885496139526,periodic,67
4756,43.0,Re_043.000,17.250000000001,0.5140008926391602,periodic,68
4757,43.0,Re_043.000,17.500000000001,0.49142542481422424,periodic,69
4758,43.0,Re_043.000,17.750000000001,0.46888017654418945,periodic,70
4759,43.0,Re_043.000,18.000000000001,0.4463821351528168,periodic,71
4760,43.0,Re_043.000,18.250000000001,0.4239383637905121,periodic,72
4761,43.0,Re_043.000,18.500000000001,0.4015416204929352,periodic,73
4762,43.0,Re_043.000,18.750000000001,0.3791710436344147,periodic,74
4763,43.0,Re_043.000,19.000000000001,0.3567984998226166,periodic,75
4764,43.0,Re_043.000,19.25,0.33440059423446655,periodic,76
4765,43.0,Re_043.000,19.5,0.31197452545166016,periodic,77
4766,43.0,Re_043.000,19.75,0.28954967856407166,periodic,78
4767,43.0,Re_043.000,20.0,0.2671853005886078,periodic,79
4768,43.0,Re_043.000,20.25,0.24495193362236023,periodic,80
4769,43.0,Re_043.000,20.5,0.22290775179862976,periodic,81
4770,43.0,Re_043.000,20.75,0.20108357071876526,periodic,82
4771,43.0,Re_043.000,21.0,0.17947888374328613,periodic,83
4772,43.0,Re_043.000,21.25,0.15806464850902557,periodic,84
4773,43.0,Re_043.000,21.5,0.13678884506225586,periodic,85
4774,43.0,Re_043.000,21.75,0.115584596991539,periodic,86
4775,43.0,Re_043.000,22.0,0.09437853842973709,periodic,87
4776,43.0,Re_043.000,22.25,0.07310003787279129,periodic,88
4777,43.0,Re_043.000,22.5,0.051690347492694855,periodic,89
4778,43.0,Re_043.000,22.75,0.03010939247906208,periodic,90
4779,43.0,Re_043.000,23.0,0.008337412029504776,periodic,91
4780,43.0,Re_043.000,23.25,0.9863705039024353,periodic,92
4781,43.0,Re_043.000,23.5,0.96421217918396,periodic,93
4782,43.0,Re_043.000,23.75,0.9418649077415466,periodic,94
4783,43.0,Re_043.000,24.0,0.9193238019943237,periodic,95
4784,43.0,Re_043.000,24.249999999999,0.8965743780136108,periodic,96
4785,43.0,Re_043.000,24.499999999999,0.8735960125923157,periodic,97
4786,43.0,Re_043.000,24.749999999999,0.8503715395927429,periodic,98
4787,43.0,Re_043.000,24.999999999999,0.8269027471542358,periodic,99
4788,43.0,Re_043.000,25.249999999999,0.8032267689704895,periodic,100
4789,43.0,Re_043.000,25.499999999999,0.7794210910797119,periodic,101
4790,43.0,Re_043.000,25.749999999999,0.7555894255638123,periodic,102
4791,43.0,Re_043.000,25.999999999999,0.7318357825279236,periodic,103
4792,43.0,Re_043.000,26.249999999999,0.7082414627075195,periodic,104
4793,43.0,Re_043.000,26.499999999999,0.6848543882369995,periodic,105
4794,43.0,Re_043.000,26.749999999999,0.6616874933242798,periodic,106
4795,43.0,Re_043.000,26.999999999999,0.638723611831665,periodic,107
4796,43.0,Re_043.000,27.249999999999,0.6159238815307617,periodic,108
4797,43.0,Re_043.000,27.499999999999,0.593238353729248,periodic,109
4798,43.0,Re_043.000,27.749999999999,0.5706174373626709,periodic,110
4799,43.0,Re_043.000,27.999999999999,0.5480222702026367,periodic,111
4800,43.0,Re_043.000,28.249999999999,0.5254329442977905,periodic,112
4801,43.0,Re_043.000,28.499999999999,0.5028494596481323,periodic,113
4802,43.0,Re_043.000,28.749999999999,0.4802865982055664,periodic,114
4803,43.0,Re_043.000,28.999999999999,0.45776304602622986,periodic,115
4804,43.0,Re_043.000,29.249999999998,0.4352918863296509,periodic,116
4805,43.0,Re_043.000,29.499999999998,0.412873238325119,periodic,117
4806,43.0,Re_043.000,29.749999999998,0.3904927670955658,periodic,118
4807,43.0,Re_043.000,29.999999999998,0.3681248426437378,periodic,119
4808,43.0,Re_043.000,30.249999999998,0.3457418382167816,periodic,120
4809,43.0,Re_043.000,30.499999999998,0.32332858443260193,periodic,121
4810,43.0,Re_043.000,30.749999999998,0.30089735984802246,periodic,122
4811,43.0,Re_043.000,30.999999999998,0.278493732213974,periodic,123
4812,43.0,Re_043.000,31.249999999998,0.25618550181388855,periodic,124
4813,43.0,Re_043.000,31.499999999998,0.234039768576622,periodic,125
4814,43.0,Re_043.000,31.749999999998,0.21210232377052307,periodic,126
4815,43.0,Re_043.000,31.999999999998,0.19038845598697662,periodic,127
4816,43.0,Re_043.000,32.249999999998,0.16888302564620972,periodic,128
4817,43.0,Re_043.000,32.499999999998,0.1475447714328766,periodic,129
4818,43.0,Re_043.000,32.749999999998,0.12631326913833618,periodic,130
4819,43.0,Re_043.000,32.999999999998,0.10511739552021027,periodic,131
4820,43.0,Re_043.000,33.249999999999,0.0838838666677475,periodic,132
4821,43.0,Re_043.000,33.499999999999,0.06254694610834122,periodic,133
4822,43.0,Re_043.000,33.749999999999,0.041056450456380844,periodic,134
4823,43.0,Re_043.000,33.999999999999,0.019382530823349953,periodic,135
4824,43.0,Re_043.000,34.249999999999,0.9975141286849976,periodic,136
4825,43.0,Re_043.000,34.499999999999,0.975452184677124,periodic,137
4826,43.0,Re_043.000,34.749999999999,0.9532006978988647,periodic,138
4827,43.0,Re_043.000,34.999999999999,0.9307588934898376,periodic,139
4828,43.0,Re_043.000,35.25,0.9081172347068787,periodic,140
4829,43.0,Re_043.000,35.5,0.8852574825286865,periodic,141
4830,43.0,Re_043.000,35.75,0.862159013748169,periodic,142
4831,43.0,Re_043.000,36.0,0.8388117551803589,periodic,143
4832,43.0,Re_043.000,36.25,0.8152334094047546,periodic,144
4833,43.0,Re_043.000,36.5,0.791481614112854,periodic,145
4834,43.0,Re_043.000,36.75,0.7676495313644409,periodic,146
4835,43.0,Re_043.000,37.0,0.7438445091247559,periodic,147
4836,43.0,Re_043.000,37.250000000001,0.7201614379882812,periodic,148
4837,43.0,Re_043.000,37.500000000001,0.6966658234596252,periodic,149
4838,43.0,Re_043.000,37.750000000001,0.6733880043029785,periodic,150
4839,43.0,Re_043.000,38.000000000001,0.6503252983093262,periodic,151
4840,43.0,Re_043.000,38.250000000001,0.6274484395980835,periodic,152
4841,43.0,Re_043.000,38.500000000001,0.6047118306159973,periodic,153
4842,43.0,Re_043.000,38.750000000001,0.582064151763916,periodic,154
4843,43.0,Re_043.000,39.000000000001,0.5594598650932312,periodic,155
4844,43.0,Re_043.000,39.250000000002,0.5368689298629761,periodic,156
4845,43.0,Re_043.000,39.500000000002,0.5142815113067627,periodic,157
4846,43.0,Re_043.000,39.750000000002,0.491705983877182,periodic,158
4847,43.0,Re_043.000,40.000000000002,0.46916043758392334,periodic,159
4848,43.0,Re_043.000,40.250000000002,0.44666191935539246,periodic,160
4849,43.0,Re_043.000,40.500000000002,0.4242176413536072,periodic,161
4850,43.0,Re_043.000,40.750000000002,0.4018205404281616,periodic,162
4851,43.0,Re_043.000,41.000000000003,0.3794499635696411,periodic,163
4852,43.0,Re_043.000,41.250000000003,0.3570777177810669,periodic,164
4853,43.0,Re_043.000,41.500000000003,0.334680438041687,periodic,165
4854,43.0,Re_043.000,41.750000000003,0.31225475668907166,periodic,166
4855,43.0,Re_043.000,42.000000000003,0.28982970118522644,periodic,167
4856,43.0,Re_043.000,42.250000000003,0.2674643099308014,periodic,168
4857,43.0,Re_043.000,42.500000000003,0.24522902071475983,periodic,169
4858,43.0,Re_043.000,42.750000000003,0.22318236529827118,periodic,170
4859,43.0,Re_043.000,43.000000000004,0.20135553181171417,periodic,171
4860,43.0,Re_043.000,43.250000000004,0.17974840104579926,periodic,172
4861,43.0,Re_043.000,43.500000000004,0.1583322435617447,periodic,173
4862,43.0,Re_043.000,43.750000000004,0.13705527782440186,periodic,174
4863,43.0,Re_043.000,44.000000000004,0.11585082858800888,periodic,175
4864,43.0,Re_043.000,44.250000000004,0.09464545547962189,periodic,176
4865,43.0,Re_043.000,44.500000000004,0.07336847484111786,periodic,177
4866,43.0,Re_043.000,44.750000000004,0.05196092650294304,periodic,178
4867,43.0,Re_043.000,45.000000000005,0.03038245067000389,periodic,179
4868,43.0,Re_043.000,45.250000000005,0.008613071404397488,periodic,180
4869,43.0,Re_043.000,45.500000000005,0.986648678779602,periodic,181
4870,43.0,Re_043.000,45.750000000005,0.9644928574562073,periodic,182
4871,43.0,Re_043.000,46.000000000005,0.9421480894088745,periodic,183
4872,43.0,Re_043.000,46.250000000005,0.919609546661377,periodic,184
4873,43.0,Re_043.000,46.500000000005,0.8968629240989685,periodic,185
4874,43.0,Re_043.000,46.750000000005,0.8738876581192017,periodic,186
4875,43.0,Re_043.000,47.000000000006,0.8506664037704468,periodic,187
4876,43.0,Re_043.000,47.250000000006,0.8272006511688232,periodic,188
4877,43.0,Re_043.000,47.500000000006,0.8035269975662231,periodic,189
4878,43.0,Re_043.000,47.750000000006,0.7797225117683411,periodic,190
4879,43.0,Re_043.000,48.000000000006,0.7558906674385071,periodic,191
4880,43.0,Re_043.000,48.250000000006,0.7321356534957886,periodic,192
4881,43.0,Re_043.000,48.500000000006,0.7085392475128174,periodic,193
4882,43.0,Re_043.000,48.750000000006,0.6851496696472168,periodic,194
4883,43.0,Re_043.000,49.000000000007,0.661980390548706,periodic,195
4884,43.0,Re_043.000,49.250000000007,0.639014482498169,periodic,196
4885,43.0,Re_043.000,49.500000000007,0.6162132620811462,periodic,197
4886,43.0,Re_043.000,49.750000000007,0.5935270190238953,periodic,198
4887,43.0,Re_043.000,50.000000000007,0.5709058046340942,periodic,199
4888,43.0,Re_043.000,50.250000000007,0.5483108758926392,periodic,200
4889,43.0,Re_043.000,50.500000000007,0.5257216691970825,periodic,201
4890,43.0,Re_043.000,50.750000000008,0.5031383633613586,periodic,202
4891,43.0,Re_043.000,51.000000000008,0.48057523369789124,periodic,203
4892,43.0,Re_043.000,51.250000000008,0.45805129408836365,periodic,204
4893,43.0,Re_043.000,51.500000000008,0.4355795979499817,periodic,205
4894,43.0,Re_043.000,51.750000000008,0.4131604731082916,periodic,206
4895,43.0,Re_043.000,52.000000000008,0.3907798230648041,periodic,207
4896,43.0,Re_043.000,52.250000000008,0.3684120774269104,periodic,208
4897,43.0,Re_043.000,52.500000000008,0.3460295796394348,periodic,209
4898,43.0,Re_043.000,52.750000000009,0.3236169219017029,periodic,210
4899,43.0,Re_043.000,53.000000000009,0.3011859059333801,periodic,211
4900,43.0,Re_043.000,53.250000000009,0.2787817418575287,periodic,212
4901,43.0,Re_043.000,53.500000000009,0.25647208094596863,periodic,213
4902,43.0,Re_043.000,53.750000000009,0.2343241423368454,periodic,214
4903,43.0,Re_043.000,54.000000000009,0.21238411962985992,periodic,215
4904,43.0,Re_043.000,54.250000000009,0.19066771864891052,periodic,216
4905,43.0,Re_043.000,54.500000000009,0.1691601276397705,periodic,217
4906,43.0,Re_043.000,54.75000000001,0.1478203684091568,periodic,218
4907,43.0,Re_043.000,55.00000000001,0.12658824026584625,periodic,219
4908,43.0,Re_043.000,55.25000000001,0.105392687022686,periodic,220
4909,43.0,Re_043.000,55.50000000001,0.08416037261486053,periodic,221
4910,43.0,Re_043.000,55.75000000001,0.06282537430524826,periodic,222
4911,43.0,Re_043.000,56.00000000001,0.04133729636669159,periodic,223
4912,43.0,Re_043.000,56.25000000001,0.019666027277708054,periodic,224
4913,43.0,Re_043.000,56.50000000001,0.9978002905845642,periodic,225
4914,43.0,Re_043.000,56.750000000011,0.9757409691810608,periodic,226
4915,43.0,Re_043.000,57.000000000011,0.9534919857978821,periodic,227
4916,43.0,Re_043.000,57.250000000011,0.9310528039932251,periodic,228
4917,43.0,Re_043.000,57.500000000011,0.9084139466285706,periodic,229
4918,43.0,Re_043.000,57.750000000011,0.885557234287262,periodic,230
4919,43.0,Re_043.000,58.000000000011,0.862462043762207,periodic,231
4920,43.0,Re_043.000,58.250000000011,0.8391181230545044,periodic,232
4921,43.0,Re_043.000,58.500000000011,0.8155426979064941,periodic,233
4922,43.0,Re_043.000,58.750000000012,0.7917927503585815,periodic,234
4923,43.0,Re_043.000,59.000000000012,0.7679611444473267,periodic,235
4924,43.0,Re_043.000,59.250000000012,0.7441552877426147,periodic,236
4925,43.0,Re_043.000,59.500000000012,0.7204703092575073,periodic,237
4926,43.0,Re_043.000,59.750000000012,0.6969722509384155,periodic,238
4927,43.0,Re_043.000,60.000000000012,0.6736917495727539,periodic,239
4928,43.0,Re_043.000,60.250000000012,0.6506266593933105,periodic,240
4929,43.0,Re_043.000,60.500000000012,0.6277478933334351,periodic,241
4930,43.0,Re_043.000,60.750000000013,0.6050100326538086,periodic,242
4931,43.0,Re_043.000,61.000000000013,0.5823616981506348,periodic,243
4932,43.0,Re_043.000,61.250000000013,0.5597573518753052,periodic,244
4933,43.0,Re_043.000,61.500000000013,0.5371665358543396,periodic,245
4934,43.0,Re_043.000,61.750000000013,0.5145792365074158,periodic,246
4935,43.0,Re_043.000,62.000000000013,0.49200358986854553,periodic,247
4936,43.0,Re_043.000,62.250000000013,0.46945762634277344,periodic,248
4937,43.0,Re_043.000,62.500000000014,0.4469585418701172,periodic,249
4938,43.0,Re_043.000,62.750000000014,0.42451369762420654,periodic,250
4939,43.0,Re_043.000,63.000000000014,0.40211620926856995,periodic,251
4940,43.0,Re_043.000,63.250000000014,0.37974560260772705,periodic,252
4941,43.0,Re_043.000,63.500000000014,0.35737374424934387,periodic,253
4942,43.0,Re_043.000,63.750000000014,0.3349769413471222,periodic,254
4943,43.0,Re_043.000,64.000000000014,0.31255167722702026,periodic,255
4944,44.0,Re_044.000,0.25,0.02398047037422657,periodic,0
4945,44.0,Re_044.000,1.25,0.9289253950119019,periodic,1
4946,44.0,Re_044.000,2.25,0.8304240703582764,periodic,2
4947,44.0,Re_044.000,3.25,0.7312852144241333,periodic,3
4948,44.0,Re_044.000,4.25,0.6377037763595581,periodic,4
4949,44.0,Re_044.000,5.25,0.5501344203948975,periodic,5
4950,44.0,Re_044.000,6.25,0.4650026559829712,periodic,6
4951,44.0,Re_044.000,7.25,0.3806273341178894,periodic,7
4952,44.0,Re_044.000,8.5,0.27335676550865173,periodic,8
4953,44.0,Re_044.000,9.5,0.18645243346691132,periodic,9
4954,44.0,Re_044.000,10.5,0.09913665801286697,periodic,10
4955,44.0,Re_044.000,11.5,0.008136006072163582,periodic,11
4956,44.0,Re_044.000,12.5,0.9123765230178833,periodic,12
4957,44.0,Re_044.000,13.5,0.8134584426879883,periodic,13
4958,44.0,Re_044.000,14.5,0.7148560881614685,periodic,14
4959,44.0,Re_044.000,15.500000000001,0.6224966049194336,periodic,15
4960,44.0,Re_044.000,16.500000000001,0.535569965839386,periodic,16
4961,44.0,Re_044.000,17.500000000001,0.4506494104862213,periodic,17
4962,44.0,Re_044.000,18.500000000001,0.36624130606651306,periodic,18
4963,44.0,Re_044.000,19.5,0.2803235650062561,periodic,19
4964,44.0,Re_044.000,20.5,0.19341078400611877,periodic,20
4965,44.0,Re_044.000,21.5,0.10623250156641006,periodic,21
4966,44.0,Re_044.000,22.5,0.015632987022399902,periodic,22
4967,44.0,Re_044.000,23.5,0.9202002882957458,periodic,23
4968,44.0,Re_044.000,24.749999999999,0.796517014503479,periodic,24
4969,44.0,Re_044.000,25.749999999999,0.6986637115478516,periodic,25
4970,44.0,Re_044.000,26.749999999999,0.6074772477149963,periodic,26
4971,44.0,Re_044.000,27.749999999999,0.5210765600204468,periodic,27
4972,44.0,Re_044.000,28.749999999999,0.43633630871772766,periodic,28
4973,44.0,Re_044.000,29.749999999998,0.35182175040245056,periodic,29
4974,44.0,Re_044.000,30.749999999998,0.26557764410972595,periodic,30
4975,44.0,Re_044.000,31.749999999998,0.17869596183300018,periodic,31
4976,44.0,Re_044.000,32.749999999998,0.09120439738035202,periodic,32
4977,44.0,Re_044.000,33.749999999999,0.9997533559799194,periodic,33
4978,44.0,Re_044.000,34.749999999999,0.9036459922790527,periodic,34
4979,44.0,Re_044.000,35.75,0.8045400381088257,periodic,35
4980,44.0,Re_044.000,36.75,0.7063077688217163,periodic,36
4981,44.0,Re_044.000,37.750000000001,0.6145755052566528,periodic,37
4982,44.0,Re_044.000,38.750000000001,0.5279406309127808,periodic,38
4983,44.0,Re_044.000,39.750000000002,0.44311952590942383,periodic,39
4984,44.0,Re_044.000,41.000000000003,0.3373461961746216,periodic,40
4985,44.0,Re_044.000,42.000000000003,0.2508266568183899,periodic,41
4986,44.0,Re_044.000,43.000000000004,0.1639825850725174,periodic,42
4987,44.0,Re_044.000,44.000000000004,0.0760611966252327,periodic,43
4988,44.0,Re_044.000,45.000000000005,0.9837432503700256,periodic,44
4989,44.0,Re_044.000,46.000000000005,0.8870139122009277,periodic,45
4990,44.0,Re_044.000,47.000000000006,0.787628710269928,periodic,46
4991,44.0,Re_044.000,48.000000000006,0.6902470588684082,periodic,47
4992,45.0,Re_045.000,0.25,0.5426929593086243,periodic,0
4993,45.0,Re_045.000,1.25,0.4482681453227997,periodic,1
4994,45.0,Re_045.000,2.25,0.35037264227867126,periodic,2
4995,45.0,Re_045.000,3.25,0.25118428468704224,periodic,3
4996,45.0,Re_045.000,4.25,0.15651638805866241,periodic,4
4997,45.0,Re_045.000,5.25,0.06843804568052292,periodic,5
4998,45.0,Re_045.000,6.25,0.9832398891448975,periodic,6
4999,45.0,Re_045.000,7.25,0.8987206816673279,periodic,7
5000,45.0,Re_045.000,8.5,0.7915222644805908,periodic,8
5001,45.0,Re_045.000,9.5,0.7041265368461609,periodic,9
5002,45.0,Re_045.000,10.5,0.616595447063446,periodic,10
5003,45.0,Re_045.000,11.5,0.5260687470436096,periodic,11
5004,45.0,Re_045.000,12.5,0.4307623505592346,periodic,12
5005,45.0,Re_045.000,13.5,0.3323372006416321,periodic,13
5006,45.0,Re_045.000,14.5,0.23334696888923645,periodic,14
5007,45.0,Re_045.000,15.500000000001,0.1398603320121765,periodic,15
5008,45.0,Re_045.000,16.500000000001,0.05248384550213814,periodic,16
5009,45.0,Re_045.000,17.500000000001,0.967426061630249,periodic,17
5010,45.0,Re_045.000,18.500000000001,0.8828455209732056,periodic,18
5011,45.0,Re_045.000,19.5,0.7969100475311279,periodic,19
5012,45.0,Re_045.000,20.5,0.7094355821609497,periodic,20
5013,45.0,Re_045.000,21.5,0.6218328475952148,periodic,21
5014,45.0,Re_045.000,22.5,0.531470537185669,periodic,22
5015,45.0,Re_045.000,23.5,0.4363408088684082,periodic,23
5016,45.0,Re_045.000,24.749999999999,0.31309616565704346,periodic,24
5017,45.0,Re_045.000,25.749999999999,0.21462801098823547,periodic,25
5018,45.0,Re_045.000,26.749999999999,0.12245287746191025,periodic,26
5019,45.0,Re_045.000,27.749999999999,0.0357237346470356,periodic,27
5020,45.0,Re_045.000,28.749999999999,0.9508073329925537,periodic,28
5021,45.0,Re_045.000,29.749999999998,0.8661072850227356,periodic,29
5022,45.0,Re_045.000,30.749999999998,0.7796902656555176,periodic,30
5023,45.0,Re_045.000,31.749999999998,0.6921180486679077,periodic,31
5024,45.0,Re_045.000,32.749999999998,0.6041889190673828,periodic,32
5025,45.0,Re_045.000,33.749999999999,0.5128234624862671,periodic,33
5026,45.0,Re_045.000,34.749999999999,0.4168602526187897,periodic,34
5027,45.0,Re_045.000,35.75,0.3180278539657593,periodic,35
5028,45.0,Re_045.000,36.75,0.21933336555957794,periodic,36
5029,45.0,Re_045.000,37.750000000001,0.1267467737197876,periodic,37
5030,45.0,Re_045.000,38.750000000001,0.03980136662721634,periodic,38
5031,45.0,Re_045.000,39.750000000002,0.9548161625862122,periodic,39
5032,45.0,Re_045.000,41.000000000003,0.8487662672996521,periodic,40
5033,45.0,Re_045.000,42.000000000003,0.7618974447250366,periodic,41
5034,45.0,Re_045.000,43.000000000004,0.6742933988571167,periodic,42
5035,45.0,Re_045.000,44.000000000004,0.5859079957008362,periodic,43
5036,45.0,Re_045.000,45.000000000005,0.49349725246429443,periodic,44
5037,45.0,Re_045.000,46.000000000005,0.396788626909256,periodic,45
5038,45.0,Re_045.000,47.000000000006,0.29755863547325134,periodic,46
5039,45.0,Re_045.000,48.000000000006,0.1996900737285614,periodic,47
5040,46.0,Re_046.000,0.25,0.10832666605710983,periodic,0
5041,46.0,Re_046.000,1.25,0.014322870410978794,periodic,1
5042,46.0,Re_046.000,2.25,0.9166402816772461,periodic,2
5043,46.0,Re_046.000,3.25,0.8176659941673279,periodic,3
5044,46.0,Re_046.000,4.25,0.7201956510543823,periodic,4
5045,46.0,Re_046.000,5.25,0.6292416453361511,periodic,5
5046,46.0,Re_046.000,6.25,0.5438622236251831,periodic,6
5047,46.0,Re_046.000,7.25,0.4599975645542145,periodic,7
5048,46.0,Re_046.000,8.5,0.3541954755783081,periodic,8
5049,46.0,Re_046.000,9.5,0.26615574955940247,periodic,9
5050,46.0,Re_046.000,10.5,0.1760464459657669,periodic,10
5051,46.0,Re_046.000,11.5,0.0846405103802681,periodic,11
5052,46.0,Re_046.000,12.5,0.9895474910736084,periodic,12
5053,46.0,Re_046.000,13.5,0.8913253545761108,periodic,13
5054,46.0,Re_046.000,14.5,0.7923351526260376,periodic,14
5055,46.0,Re_046.000,15.500000000001,0.6961658000946045,periodic,15
5056,46.0,Re_046.000,16.500000000001,0.6070114970207214,periodic,16
5057,46.0,Re_046.000,17.500000000001,0.5223433971405029,periodic,17
5058,46.0,Re_046.000,18.500000000001,0.43849676847457886,periodic,18
5059,46.0,Re_046.000,19.5,0.35366091132164,periodic,19
5060,46.0,Re_046.000,20.5,0.26560086011886597,periodic,20
5061,46.0,Re_046.000,21.5,0.17548733949661255,periodic,21
5062,46.0,Re_046.000,22.5,0.08406728506088257,periodic,22
5063,46.0,Re_046.000,23.5,0.9889485836029053,periodic,23
5064,46.0,Re_046.000,24.749999999999,0.8659734725952148,periodic,24
5065,46.0,Re_046.000,25.749999999999,0.7671777009963989,periodic,25
5066,46.0,Re_046.000,26.749999999999,0.6726566553115845,periodic,26
5067,46.0,Re_046.000,27.749999999999,0.5850837230682373,periodic,27
5068,46.0,Re_046.000,28.749999999999,0.5008655786514282,periodic,28
5069,46.0,Re_046.000,29.749999999998,0.4169469177722931,periodic,29
5070,46.0,Re_046.000,30.749999999998,0.3314545452594757,periodic,30
5071,46.0,Re_046.000,31.749999999998,0.24259698390960693,periodic,31
5072,46.0,Re_046.000,32.749999999998,0.15227359533309937,periodic,32
5073,46.0,Re_046.000,33.749999999999,0.060117125511169434,periodic,33
5074,46.0,Re_046.000,34.749999999999,0.9639632105827332,periodic,34
5075,46.0,Re_046.000,35.75,0.8653591871261597,periodic,35
5076,46.0,Re_046.000,36.75,0.7665714025497437,periodic,36
5077,46.0,Re_046.000,37.750000000001,0.672093391418457,periodic,37
5078,46.0,Re_046.000,38.750000000001,0.5845555663108826,periodic,38
5079,46.0,Re_046.000,39.750000000002,0.5003458261489868,periodic,39
5080,46.0,Re_046.000,41.000000000003,0.39530205726623535,periodic,40
5081,46.0,Re_046.000,42.000000000003,0.3089851438999176,periodic,41
5082,46.0,Re_046.000,43.000000000004,0.21952052414417267,periodic,42
5083,46.0,Re_046.000,44.000000000004,0.12895341217517853,periodic,43
5084,46.0,Re_046.000,45.000000000005,0.0358726941049099,periodic,44
5085,46.0,Re_046.000,46.000000000005,0.9388236999511719,periodic,45
5086,46.0,Re_046.000,47.000000000006,0.8399754762649536,periodic,46
5087,46.0,Re_046.000,48.000000000006,0.7417112588882446,periodic,47
5088,47.0,Re_047.000,0.25,0.06839589029550552,periodic,0
5089,47.0,Re_047.000,0.5,0.046499498188495636,periodic,1
5090,47.0,Re_047.000,0.75,0.024485627189278603,periodic,2
5091,47.0,Re_047.000,1.0,0.0023298878222703934,periodic,3
5092,47.0,Re_047.000,1.25,0.980025053024292,periodic,4
5093,47.0,Re_047.000,1.5,0.9575729966163635,periodic,5
5094,47.0,Re_047.000,1.75,0.9349749088287354,periodic,6
5095,47.0,Re_047.000,2.0,0.9122239947319031,periodic,7
5096,47.0,Re_047.000,2.25,0.8893024921417236,periodic,8
5097,47.0,Re_047.000,2.5,0.8661841154098511,periodic,9
5098,47.0,Re_047.000,2.75,0.8428431749343872,periodic,10
5099,47.0,Re_047.000,3.0,0.8192716240882874,periodic,11
5100,47.0,Re_047.000,3.25,0.7954980134963989,periodic,12
5101,47.0,Re_047.000,3.5,0.7715949416160583,periodic,13
5102,47.0,Re_047.000,3.75,0.747664749622345,periodic,14
5103,47.0,Re_047.000,4.0,0.7238102555274963,periodic,15
5104,47.0,Re_047.000,4.25,0.7001104354858398,periodic,16
5105,47.0,Re_047.000,4.5,0.6766104102134705,periodic,17
5106,47.0,Re_047.000,4.75,0.6533212661743164,periodic,18
5107,47.0,Re_047.000,5.0,0.6302245855331421,periodic,19
5108,47.0,Re_047.000,5.25,0.6072807312011719,periodic,20
5109,47.0,Re_047.000,5.5,0.5844390988349915,periodic,21
5110,47.0,Re_047.000,5.75,0.5616484880447388,periodic,22
5111,47.0,Re_047.000,6.0,0.5388678312301636,periodic,23
5112,47.0,Re_047.000,6.25,0.5160733461380005,periodic,24
5113,47.0,Re_047.000,6.5,0.49326109886169434,periodic,25
5114,47.0,Re_047.000,6.75,0.4704415500164032,periodic,26
5115,47.0,Re_047.000,7.0,0.4476293623447418,periodic,27
5116,47.0,Re_047.000,7.25,0.424832820892334,periodic,28
5117,47.0,Re_047.000,7.5,0.4020467698574066,periodic,29
5118,47.0,Re_047.000,7.75,0.3792513906955719,periodic,30
5119,47.0,Re_047.000,8.0,0.35641613602638245,periodic,31
5120,47.0,Re_047.000,8.25,0.3335112929344177,periodic,32
5121,47.0,Re_047.000,8.5,0.31052520871162415,periodic,33
5122,47.0,Re_047.000,8.75,0.28748199343681335,periodic,34
5123,47.0,Re_047.000,9.0,0.2644447386264801,periodic,35
5124,47.0,Re_047.000,9.25,0.24149729311466217,periodic,36
5125,47.0,Re_047.000,9.5,0.21871566772460938,periodic,37
5126,47.0,Re_047.000,9.75,0.19614790380001068,periodic,38
5127,47.0,Re_047.000,10.0,0.1738085150718689,periodic,39
5128,47.0,Re_047.000,10.25,0.15168088674545288,periodic,40
5129,47.0,Re_047.000,10.5,0.12972275912761688,periodic,41
5130,47.0,Re_047.000,10.75,0.10787459462881088,periodic,42
5131,47.0,Re_047.000,11.0,0.08606822788715363,periodic,43
5132,47.0,Re_047.000,11.25,0.06423621624708176,periodic,44
5133,47.0,Re_047.000,11.5,0.042320869863033295,periodic,45
5134,47.0,Re_047.000,11.75,0.020281774923205376,periodic,46
5135,47.0,Re_047.000,12.0,0.9980981945991516,periodic,47
5136,47.0,Re_047.000,12.25,0.9757654070854187,periodic,48
5137,47.0,Re_047.000,12.5,0.9532859325408936,periodic,49
5138,47.0,Re_047.000,12.75,0.9306598901748657,periodic,50
5139,47.0,Re_047.000,13.0,0.907878577709198,periodic,51
5140,47.0,Re_047.000,13.25,0.8849220871925354,periodic,52
5141,47.0,Re_047.000,13.5,0.8617634177207947,periodic,53
5142,47.0,Re_047.000,13.75,0.8383787870407104,periodic,54
5143,47.0,Re_047.000,14.0,0.8147656321525574,periodic,55
5144,47.0,Re_047.000,14.25,0.7909610271453857,periodic,56
5145,47.0,Re_047.000,14.5,0.7670450210571289,periodic,57
5146,47.0,Re_047.000,14.75,0.7431223392486572,periodic,58
5147,47.0,Re_047.000,15.0,0.7192928791046143,periodic,59
5148,47.0,Re_047.000,15.25,0.695629358291626,periodic,60
5149,47.0,Re_047.000,15.500000000001,0.6721704006195068,periodic,61
5150,47.0,Re_047.000,15.750000000001,0.6489209532737732,periodic,62
5151,47.0,Re_047.000,16.000000000001,0.6258577108383179,periodic,63
5152,47.0,Re_047.000,16.250000000001,0.602938175201416,periodic,64
5153,47.0,Re_047.000,16.500000000001,0.5801107883453369,periodic,65
5154,47.0,Re_047.000,16.750000000001,0.5573254823684692,periodic,66
5155,47.0,Re_047.000,17.000000000001,0.5345439910888672,periodic,67
5156,47.0,Re_047.000,17.250000000001,0.5117464065551758,periodic,68
5157,47.0,Re_047.000,17.500000000001,0.48893216252326965,periodic,69
5158,47.0,Re_047.000,17.750000000001,0.4661133587360382,periodic,70
5159,47.0,Re_047.000,18.000000000001,0.44330424070358276,periodic,71
5160,47.0,Re_047.000,18.250000000001,0.4205109179019928,periodic,72
5161,47.0,Re_047.000,18.500000000001,0.3977254629135132,periodic,73
5162,47.0,Re_047.000,18.750000000001,0.374925434589386,periodic,74
5163,47.0,Re_047.000,19.000000000001,0.3520793914794922,periodic,75
5164,47.0,Re_047.000,19.25,0.32915955781936646,periodic,76
5165,47.0,Re_047.000,19.5,0.30616000294685364,periodic,77
5166,47.0,Re_047.000,19.75,0.2831125557422638,periodic,78
5167,47.0,Re_047.000,20.0,0.2600862681865692,periodic,79
5168,47.0,Re_047.000,20.25,0.2371656894683838,periodic,80
5169,47.0,Re_047.000,20.5,0.2144225537776947,periodic,81
5170,47.0,Re_047.000,20.75,0.1918986439704895,periodic,82
5171,47.0,Re_047.000,21.0,0.16960223019123077,periodic,83
5172,47.0,Re_047.000,21.25,0.14751124382019043,periodic,84
5173,47.0,Re_047.000,21.5,0.1255795657634735,periodic,85
5174,47.0,Re_047.000,21.75,0.103745236992836,periodic,86
5175,47.0,Re_047.000,22.0,0.08193950355052948,periodic,87
5176,47.0,Re_047.000,22.25,0.06009611487388611,periodic,88
5177,47.0,Re_047.000,22.5,0.03816015273332596,periodic,89
5178,47.0,Re_047.000,22.75,0.016094939783215523,periodic,90
5179,47.0,Re_047.000,23.0,0.9938833117485046,periodic,91
5180,47.0,Re_047.000,23.25,0.9715226292610168,periodic,92
5181,47.0,Re_047.000,23.5,0.949015736579895,periodic,93
5182,47.0,Re_047.000,23.75,0.9263614416122437,periodic,94
5183,47.0,Re_047.000,24.0,0.9035488367080688,periodic,95
5184,47.0,Re_047.000,24.249999999999,0.8805563449859619,periodic,96
5185,47.0,Re_047.000,24.499999999999,0.8573565483093262,periodic,97
5186,47.0,Re_047.000,24.749999999999,0.8339279294013977,periodic,98
5187,47.0,Re_047.000,24.999999999999,0.8102745413780212,periodic,99
5188,47.0,Re_047.000,25.249999999999,0.7864416837692261,periodic,100
5189,47.0,Re_047.000,25.499999999999,0.7625162601470947,periodic,101
5190,47.0,Re_047.000,25.749999999999,0.7386043667793274,periodic,102
5191,47.0,Re_047.000,25.999999999999,0.7148019075393677,periodic,103
5192,47.0,Re_047.000,26.249999999999,0.6911754012107849,periodic,104
5193,47.0,Re_047.000,26.499999999999,0.6677568554878235,periodic,105
5194,47.0,Re_047.000,26.749999999999,0.644545316696167,periodic,106
5195,47.0,Re_047.000,26.999999999999,0.6215131282806396,periodic,107
5196,47.0,Re_047.000,27.249999999999,0.598615288734436,periodic,108
5197,47.0,Re_047.000,27.499999999999,0.5757996439933777,periodic,109
5198,47.0,Re_047.000,27.749999999999,0.5530177354812622,periodic,110
5199,47.0,Re_047.000,27.999999999999,0.5302342176437378,periodic,111
5200,47.0,Re_047.000,28.249999999999,0.5074331760406494,periodic,112
5201,47.0,Re_047.000,28.499999999999,0.4846169352531433,periodic,113
5202,47.0,Re_047.000,28.749999999999,0.4617990553379059,periodic,114
5203,47.0,Re_047.000,28.999999999999,0.4389929175376892,periodic,115
5204,47.0,Re_047.000,29.249999999998,0.41620224714279175,periodic,116
5205,47.0,Re_047.000,29.499999999998,0.393416166305542,periodic,117
5206,47.0,Re_047.000,29.749999999998,0.37060999870300293,periodic,118
5207,47.0,Re_047.000,29.999999999998,0.34775179624557495,periodic,119
5208,47.0,Re_047.000,30.249999999998,0.32481640577316284,periodic,120
5209,47.0,Re_047.000,30.499999999998,0.3018040657043457,periodic,121
5210,47.0,Re_047.000,30.749999999998,0.27875450253486633,periodic,122
5211,47.0,Re_047.000,30.999999999998,0.2557417154312134,periodic,123
5212,47.0,Re_047.000,31.249999999998,0.23284991085529327,periodic,124
5213,47.0,Re_047.000,31.499999999998,0.2101459801197052,periodic,125
5214,47.0,Re_047.000,31.749999999998,0.18766538798809052,periodic,126
5215,47.0,Re_047.000,31.999999999998,0.16541026532649994,periodic,127
5216,47.0,Re_047.000,32.249999999998,0.14335349202156067,periodic,128
5217,47.0,Re_047.000,32.499999999998,0.12144523859024048,periodic,129
5218,47.0,Re_047.000,32.749999999998,0.09962161630392075,periodic,130
5219,47.0,Re_047.000,32.999999999998,0.07781360298395157,periodic,131
5220,47.0,Re_047.000,33.249999999999,0.055956438183784485,periodic,132
5221,47.0,Re_047.000,33.499999999999,0.03399825841188431,periodic,133
5222,47.0,Re_047.000,33.749999999999,0.011906147934496403,periodic,134
5223,47.0,Re_047.000,33.999999999999,0.989666223526001,periodic,135
5224,47.0,Re_047.000,34.249999999999,0.9672777652740479,periodic,136
5225,47.0,Re_047.000,34.499999999999,0.944743275642395,periodic,137
5226,47.0,Re_047.000,34.749999999999,0.9220601916313171,periodic,138
5227,47.0,Re_047.000,34.999999999999,0.899215579032898,periodic,139
5228,47.0,Re_047.000,35.25,0.8761860132217407,periodic,140
5229,47.0,Re_047.000,35.5,0.852944016456604,periodic,141
5230,47.0,Re_047.000,35.75,0.8294715881347656,periodic,142
5231,47.0,Re_047.000,36.0,0.8057793378829956,periodic,143
5232,47.0,Re_047.000,36.25,0.78192138671875,periodic,144
5233,47.0,Re_047.000,36.5,0.7579903602600098,periodic,145
5234,47.0,Re_047.000,36.75,0.734092652797699,periodic,146
5235,47.0,Re_047.000,37.0,0.710319459438324,periodic,147
5236,47.0,Re_047.000,37.250000000001,0.6867310404777527,periodic,148
5237,47.0,Re_047.000,37.500000000001,0.6633528470993042,periodic,149
5238,47.0,Re_047.000,37.750000000001,0.6401782035827637,periodic,150
5239,47.0,Re_047.000,38.000000000001,0.6171754598617554,periodic,151
5240,47.0,Re_047.000,38.250000000001,0.5942972898483276,periodic,152
5241,47.0,Re_047.000,38.500000000001,0.5714915990829468,periodic,153
5242,47.0,Re_047.000,38.750000000001,0.5487117171287537,periodic,154
5243,47.0,Re_047.000,39.000000000001,0.5259256958961487,periodic,155
5244,47.0,Re_047.000,39.250000000002,0.5031211972236633,periodic,156
5245,47.0,Re_047.000,39.500000000002,0.4803035855293274,periodic,157
5246,47.0,Re_047.000,39.750000000002,0.45748719573020935,periodic,158
5247,47.0,Re_047.000,40.000000000002,0.434684157371521,periodic,159
5248,47.0,Re_047.000,40.250000000002,0.4118956923484802,periodic,160
5249,47.0,Re_047.000,40.500000000002,0.3891081213951111,periodic,161
5250,47.0,Re_047.000,40.750000000002,0.3662946820259094,periodic,162
5251,47.0,Re_047.000,41.000000000003,0.34342342615127563,periodic,163
5252,47.0,Re_047.000,41.250000000003,0.32047250866889954,periodic,164
5253,47.0,Re_047.000,41.500000000003,0.2974489629268646,periodic,165
5254,47.0,Re_047.000,41.750000000003,0.27440008521080017,periodic,166
5255,47.0,Re_047.000,42.000000000003,0.2514040470123291,periodic,167
5256,47.0,Re_047.000,42.250000000003,0.22854362428188324,periodic,168
5257,47.0,Re_047.000,42.500000000003,0.20588041841983795,periodic,169
5258,47.0,Re_047.000,42.750000000003,0.18344341218471527,periodic,170
5259,47.0,Re_047.000,43.000000000004,0.16122885048389435,periodic,171
5260,47.0,Re_047.000,43.250000000004,0.13920477032661438,periodic,172
5261,47.0,Re_047.000,43.500000000004,0.11731790751218796,periodic,173
5262,47.0,Re_047.000,43.750000000004,0.09550272673368454,periodic,174
5263,47.0,Re_047.000,44.000000000004,0.07369031012058258,periodic,175
5264,47.0,Re_047.000,44.250000000004,0.05181766673922539,periodic,176
5265,47.0,Re_047.000,44.500000000004,0.029836222529411316,periodic,177
5266,47.0,Re_047.000,44.750000000004,0.007716849446296692,periodic,178
5267,47.0,Re_047.000,45.000000000005,0.9854487776756287,periodic,179
5268,47.0,Re_047.000,45.250000000005,0.963032603263855,periodic,180
5269,47.0,Re_047.000,45.500000000005,0.9404706358909607,periodic,181
5270,47.0,Re_047.000,45.750000000005,0.9177584648132324,periodic,182
5271,47.0,Re_047.000,46.000000000005,0.8948809504508972,periodic,183
5272,47.0,Re_047.000,46.250000000005,0.8718134164810181,periodic,184
5273,47.0,Re_047.000,46.500000000005,0.8485287427902222,periodic,185
5274,47.0,Re_047.000,46.750000000005,0.8250128626823425,periodic,186
5275,47.0,Re_047.000,47.000000000006,0.8012838959693909,periodic,187
5276,47.0,Re_047.000,47.250000000006,0.7774043083190918,periodic,188
5277,47.0,Re_047.000,47.500000000006,0.7534716725349426,periodic,189
5278,47.0,Re_047.000,47.750000000006,0.7295913696289062,periodic,190
5279,47.0,Re_047.000,48.000000000006,0.7058497071266174,periodic,191
5280,47.0,Re_047.000,48.250000000006,0.6823002696037292,periodic,192
5281,47.0,Re_047.000,48.500000000006,0.658962070941925,periodic,193
5282,47.0,Re_047.000,48.750000000006,0.635823130607605,periodic,194
5283,47.0,Re_047.000,49.000000000007,0.6128479242324829,periodic,195
5284,47.0,Re_047.000,49.250000000007,0.5899876952171326,periodic,196
5285,47.0,Re_047.000,49.500000000007,0.5671902894973755,periodic,197
5286,47.0,Re_047.000,49.750000000007,0.5444112420082092,periodic,198
5287,47.0,Re_047.000,50.000000000007,0.5216221809387207,periodic,199
5288,47.0,Re_047.000,50.250000000007,0.49881449341773987,periodic,200
5289,47.0,Re_047.000,50.500000000007,0.4759960174560547,periodic,201
5290,47.0,Re_047.000,50.750000000008,0.45318156480789185,periodic,202
5291,47.0,Re_047.000,51.000000000008,0.4303816556930542,periodic,203
5292,47.0,Re_047.000,51.250000000008,0.4075950086116791,periodic,204
5293,47.0,Re_047.000,51.500000000008,0.38480499386787415,periodic,205
5294,47.0,Re_047.000,51.750000000008,0.36198312044143677,periodic,206
5295,47.0,Re_047.000,52.000000000008,0.3390980064868927,periodic,207
5296,47.0,Re_047.000,52.250000000008,0.31613174080848694,periodic,208
5297,47.0,Re_047.000,52.500000000008,0.29309868812561035,periodic,209
5298,47.0,Re_047.000,52.750000000009,0.27005335688591003,periodic,210
5299,47.0,Re_047.000,53.000000000009,0.2470770627260208,periodic,211
5300,47.0,Re_047.000,53.250000000009,0.2242501825094223,periodic,212
5301,47.0,Re_047.000,53.500000000009,0.20162858068943024,periodic,213
5302,47.0,Re_047.000,53.750000000009,0.17923493683338165,periodic,214
5303,47.0,Re_047.000,54.000000000009,0.1570596694946289,periodic,215
5304,47.0,Re_047.000,54.250000000009,0.1350661665201187,periodic,216
5305,47.0,Re_047.000,54.500000000009,0.1131981909275055,periodic,217
5306,47.0,Re_047.000,54.75000000001,0.09138889610767365,periodic,218
5307,47.0,Re_047.000,55.00000000001,0.06956969201564789,periodic,219
5308,47.0,Re_047.000,55.25000000001,0.047679755836725235,periodic,220
5309,47.0,Re_047.000,55.50000000001,0.02567397430539131,periodic,221
5310,47.0,Re_047.000,55.75000000001,0.0035269500222057104,periodic,222
5311,47.0,Re_047.000,56.00000000001,0.9812307357788086,periodic,223
5312,47.0,Re_047.000,56.25000000001,0.9587870240211487,periodic,224
5313,47.0,Re_047.000,56.50000000001,0.9361974000930786,periodic,225
5314,47.0,Re_047.000,56.750000000011,0.9134555459022522,periodic,226
5315,47.0,Re_047.000,57.000000000011,0.8905443549156189,periodic,227
5316,47.0,Re_047.000,57.250000000011,0.8674378395080566,periodic,228
5317,47.0,Re_047.000,57.500000000011,0.8441099524497986,periodic,229
5318,47.0,Re_047.000,57.750000000011,0.8205512166023254,periodic,230
5319,47.0,Re_047.000,58.000000000011,0.7967877984046936,periodic,231
5320,47.0,Re_047.000,58.250000000011,0.7728900909423828,periodic,232
5321,47.0,Re_047.000,58.500000000011,0.7489596605300903,periodic,233
5322,47.0,Re_047.000,58.750000000012,0.7250999212265015,periodic,234
5323,47.0,Re_047.000,59.000000000012,0.7013915181159973,periodic,235
5324,47.0,Re_047.000,59.250000000012,0.6778815984725952,periodic,236
5325,47.0,Re_047.000,59.500000000012,0.6545827984809875,periodic,237
5326,47.0,Re_047.000,59.750000000012,0.6314781308174133,periodic,238
5327,47.0,Re_047.000,60.000000000012,0.6085287928581238,periodic,239
5328,47.0,Re_047.000,60.250000000012,0.5856844186782837,periodic,240
5329,47.0,Re_047.000,60.500000000012,0.5628935098648071,periodic,241
5330,47.0,Re_047.000,60.750000000013,0.5401142239570618,periodic,242
5331,47.0,Re_047.000,61.000000000013,0.5173218250274658,periodic,243
5332,47.0,Re_047.000,61.250000000013,0.494511216878891,periodic,244
5333,47.0,Re_047.000,61.500000000013,0.47169238328933716,periodic,245
5334,47.0,Re_047.000,61.750000000013,0.4488801658153534,periodic,246
5335,47.0,Re_047.000,62.000000000013,0.42608341574668884,periodic,247
5336,47.0,Re_047.000,62.250000000013,0.4032978415489197,periodic,248
5337,47.0,Re_047.000,62.500000000014,0.3805043697357178,periodic,249
5338,47.0,Re_047.000,62.750000000014,0.35767287015914917,periodic,250
5339,47.0,Re_047.000,63.000000000014,0.33477309346199036,periodic,251
5340,47.0,Re_047.000,63.250000000014,0.3117919862270355,periodic,252
5341,47.0,Re_047.000,63.500000000014,0.28875139355659485,periodic,253
5342,47.0,Re_047.000,63.750000000014,0.26571252942085266,periodic,254
5343,47.0,Re_047.000,64.000000000014,0.2427588403224945,periodic,255
5344,48.0,Re_048.000,0.25,0.047780491411685944,periodic,0
5345,48.0,Re_048.000,1.25,0.9529781341552734,periodic,1
5346,48.0,Re_048.000,2.25,0.85399329662323,periodic,2
5347,48.0,Re_048.000,3.25,0.7527008652687073,periodic,3
5348,48.0,Re_048.000,4.25,0.6551418304443359,periodic,4
5349,48.0,Re_048.000,5.25,0.5646194815635681,periodic,5
5350,48.0,Re_048.000,6.25,0.4779045581817627,periodic,6
5351,48.0,Re_048.000,7.25,0.3925440013408661,periodic,7
5352,48.0,Re_048.000,8.5,0.28454798460006714,periodic,8
5353,48.0,Re_048.000,9.5,0.19631755352020264,periodic,9
5354,48.0,Re_048.000,10.5,0.10784371197223663,periodic,10
5355,48.0,Re_048.000,11.5,0.016371846199035645,periodic,11
5356,48.0,Re_048.000,12.5,0.9199756979942322,periodic,12
5357,48.0,Re_048.000,13.5,0.8199077844619751,periodic,13
5358,48.0,Re_048.000,14.5,0.7190130949020386,periodic,14
5359,48.0,Re_048.000,15.500000000001,0.6239350438117981,periodic,15
5360,48.0,Re_048.000,16.500000000001,0.5351349115371704,periodic,16
5361,48.0,Re_048.000,17.500000000001,0.44904372096061707,periodic,17
5362,48.0,Re_048.000,18.500000000001,0.36375153064727783,periodic,18
5363,48.0,Re_048.000,19.5,0.27688947319984436,periodic,19
5364,48.0,Re_048.000,20.5,0.18864190578460693,periodic,20
5365,48.0,Re_048.000,21.5,0.10006199032068253,periodic,21
5366,48.0,Re_048.000,22.5,0.008176859468221664,periodic,22
5367,48.0,Re_048.000,23.5,0.9114012718200684,periodic,23
5368,48.0,Re_048.000,24.749999999999,0.7856845259666443,periodic,24
5369,48.0,Re_048.000,25.749999999999,0.6861163377761841,periodic,25
5370,48.0,Re_048.000,26.749999999999,0.5935067534446716,periodic,26
5371,48.0,Re_048.000,27.749999999999,0.5059541463851929,periodic,27
5372,48.0,Re_048.000,28.749999999999,0.4203150272369385,periodic,28
5373,48.0,Re_048.000,29.749999999998,0.33477699756622314,periodic,29
5374,48.0,Re_048.000,30.749999999998,0.24717915058135986,periodic,30
5375,48.0,Re_048.000,31.749999999998,0.15893399715423584,periodic,31
5376,48.0,Re_048.000,32.749999999998,0.0696568414568901,periodic,32
5377,48.0,Re_048.000,33.749999999999,0.9760703444480896,periodic,33
5378,48.0,Re_048.000,34.749999999999,0.8779439926147461,periodic,34
5379,48.0,Re_048.000,35.75,0.776869535446167,periodic,35
5380,48.0,Re_048.000,36.75,0.6777811646461487,periodic,36
5381,48.0,Re_048.000,37.750000000001,0.5857675075531006,periodic,37
5382,48.0,Re_048.000,38.750000000001,0.4984704554080963,periodic,38
5383,48.0,Re_048.000,39.750000000002,0.4129236936569214,periodic,39
5384,48.0,Re_048.000,41.000000000003,0.3055165112018585,periodic,40
5385,48.0,Re_048.000,42.000000000003,0.21743956208229065,periodic,41
5386,48.0,Re_048.000,43.000000000004,0.12915192544460297,periodic,42
5387,48.0,Re_048.000,44.000000000004,0.038731444627046585,periodic,43
5388,48.0,Re_048.000,45.000000000005,0.9434518814086914,periodic,44
5389,48.0,Re_048.000,46.000000000005,0.844139039516449,periodic,45
5390,48.0,Re_048.000,47.000000000006,0.7428734302520752,periodic,46
5391,48.0,Re_048.000,48.000000000006,0.6460187435150146,periodic,47
5392,49.0,Re_049.000,0.25,0.018242819234728813,periodic,0
5393,49.0,Re_049.000,1.25,0.9230982065200806,periodic,1
5394,49.0,Re_049.000,2.25,0.8233543038368225,periodic,2
5395,49.0,Re_049.000,3.25,0.7213374972343445,periodic,3
5396,49.0,Re_049.000,4.25,0.6242046356201172,periodic,4
5397,49.0,Re_049.000,5.25,0.5334292650222778,periodic,5
5398,49.0,Re_049.000,6.25,0.44585728645324707,periodic,6
5399,49.0,Re_049.000,7.25,0.3597090542316437,periodic,7
5400,49.0,Re_049.000,8.5,0.25062546133995056,periodic,8
5401,49.0,Re_049.000,9.5,0.16296012699604034,periodic,9
5402,49.0,Re_049.000,10.5,0.07497788965702057,periodic,10
5403,49.0,Re_049.000,11.5,0.9830905199050903,periodic,11
5404,49.0,Re_049.000,12.5,0.8861277103424072,periodic,12
5405,49.0,Re_049.000,13.5,0.7849506735801697,periodic,13
5406,49.0,Re_049.000,14.5,0.6839873194694519,periodic,14
5407,49.0,Re_049.000,15.500000000001,0.5895394086837769,periodic,15
5408,49.0,Re_049.000,16.500000000001,0.5002923011779785,periodic,16
5409,49.0,Re_049.000,17.500000000001,0.41344454884529114,periodic,17
5410,49.0,Re_049.000,18.500000000001,0.3272416293621063,periodic,18
5411,49.0,Re_049.000,19.5,0.23959477245807648,periodic,19
5412,49.0,Re_049.000,20.5,0.15201616287231445,periodic,20
5413,49.0,Re_049.000,21.5,0.06375087052583694,periodic,21
5414,49.0,Re_049.000,22.5,0.971209704875946,periodic,22
5415,49.0,Re_049.000,23.5,0.8736695051193237,periodic,23
5416,49.0,Re_049.000,24.749999999999,0.746573805809021,periodic,24
5417,49.0,Re_049.000,25.749999999999,0.6477212905883789,periodic,25
5418,49.0,Re_049.000,26.749999999999,0.555654764175415,periodic,26
5419,49.0,Re_049.000,27.749999999999,0.467509925365448,periodic,27
5420,49.0,Re_049.000,28.749999999999,0.38118407130241394,periodic,28
5421,49.0,Re_049.000,29.749999999998,0.29452791810035706,periodic,29
5422,49.0,Re_049.000,30.749999999998,0.20665964484214783,periodic,30
5423,49.0,Re_049.000,31.749999999998,0.11919669061899185,periodic,31
5424,49.0,Re_049.000,32.749999999998,0.029678551480174065,periodic,32
5425,49.0,Re_049.000,33.749999999999,0.9351692795753479,periodic,33
5426,49.0,Re_049.000,34.749999999999,0.8359586596488953,periodic,34
5427,49.0,Re_049.000,35.75,0.7338789701461792,periodic,35
5428,49.0,Re_049.000,36.75,0.635878324508667,periodic,36
5429,49.0,Re_049.000,37.750000000001,0.5444962978363037,periodic,37
5430,49.0,Re_049.000,38.750000000001,0.4566546380519867,periodic,38
5431,49.0,Re_049.000,39.750000000002,0.3704410791397095,periodic,39
5432,49.0,Re_049.000,41.000000000003,0.26160120964050293,periodic,40
5433,49.0,Re_049.000,42.000000000003,0.17386384308338165,periodic,41
5434,49.0,Re_049.000,43.000000000004,0.08611127734184265,periodic,42
5435,49.0,Re_049.000,44.000000000004,0.9948682188987732,periodic,43
5436,49.0,Re_049.000,45.000000000005,0.8984975814819336,periodic,44
5437,49.0,Re_049.000,46.000000000005,0.7977592349052429,periodic,45
5438,49.0,Re_049.000,47.000000000006,0.696315586566925,periodic,46
5439,49.0,Re_049.000,48.000000000006,0.6009993553161621,periodic,47
5440,50.0,Re_050.000,0.25,0.3973829746246338,periodic,0
5441,50.0,Re_050.000,0.5,0.3747290074825287,periodic,1
5442,50.0,Re_050.000,0.75,0.3519185185432434,periodic,2
5443,50.0,Re_050.000,1.0,0.32891586422920227,periodic,3
5444,50.0,Re_050.000,1.25,0.3057076930999756,periodic,4
5445,50.0,Re_050.000,1.5,0.28232258558273315,periodic,5
5446,50.0,Re_050.000,1.75,0.2588345408439636,periodic,6
5447,50.0,Re_050.000,2.0,0.23534104228019714,periodic,7
5448,50.0,Re_050.000,2.25,0.21193088591098785,periodic,8
5449,50.0,Re_050.000,2.5,0.1886627972126007,periodic,9
5450,50.0,Re_050.000,2.75,0.16556015610694885,periodic,10
5451,50.0,Re_050.000,3.0,0.14261366426944733,periodic,11
5452,50.0,Re_050.000,3.25,0.11978756636381149,periodic,12
5453,50.0,Re_050.000,3.5,0.09702914953231812,periodic,13
5454,50.0,Re_050.000,3.75,0.07427888363599777,periodic,14
5455,50.0,Re_050.000,4.0,0.05148092657327652,periodic,15
5456,50.0,Re_050.000,4.25,0.02859349548816681,periodic,16
5457,50.0,Re_050.000,4.5,0.005595604423433542,periodic,17
5458,50.0,Re_050.000,4.75,0.9824880957603455,periodic,18
5459,50.0,Re_050.000,5.0,0.9592865109443665,periodic,19
5460,50.0,Re_050.000,5.25,0.9360092282295227,periodic,20
5461,50.0,Re_050.000,5.5,0.912667453289032,periodic,21
5462,50.0,Re_050.000,5.75,0.8892591595649719,periodic,22
5463,50.0,Re_050.000,6.0,0.8657693266868591,periodic,23
5464,50.0,Re_050.000,6.25,0.8421764373779297,periodic,24
5465,50.0,Re_050.000,6.5,0.8184666633605957,periodic,25
5466,50.0,Re_050.000,6.75,0.7946544885635376,periodic,26
5467,50.0,Re_050.000,7.0,0.7707979083061218,periodic,27
5468,50.0,Re_050.000,7.25,0.7469925284385681,periodic,28
5469,50.0,Re_050.000,7.5,0.723342776298523,periodic,29
5470,50.0,Re_050.000,7.75,0.6999303102493286,periodic,30
5471,50.0,Re_050.000,8.0,0.6767990589141846,periodic,31
5472,50.0,Re_050.000,8.25,0.6539548635482788,periodic,32
5473,50.0,Re_050.000,8.5,0.6313709020614624,periodic,33
5474,50.0,Re_050.000,8.75,0.6089965105056763,periodic,34
5475,50.0,Re_050.000,9.0,0.5867669582366943,periodic,35
5476,50.0,Re_050.000,9.25,0.5646142363548279,periodic,36
5477,50.0,Re_050.000,9.5,0.5424765348434448,periodic,37
5478,50.0,Re_050.000,9.75,0.5203069448471069,periodic,38
5479,50.0,Re_050.000,10.0,0.4980781674385071,periodic,39
5480,50.0,Re_050.000,10.25,0.4757808744907379,periodic,40
5481,50.0,Re_050.000,10.5,0.4534156918525696,periodic,41
5482,50.0,Re_050.000,10.75,0.4309821128845215,periodic,42
5483,50.0,Re_050.000,11.0,0.408470094203949,periodic,43
5484,50.0,Re_050.000,11.25,0.38585588335990906,periodic,44
5485,50.0,Re_050.000,11.5,0.3631039559841156,periodic,45
5486,50.0,Re_050.000,11.75,0.3401746153831482,periodic,46
5487,50.0,Re_050.000,12.0,0.3170403838157654,periodic,47
5488,50.0,Re_050.000,12.25,0.2937072813510895,periodic,48
5489,50.0,Re_050.000,12.5,0.2702282667160034,periodic,49
5490,50.0,Re_050.000,12.75,0.2466931790113449,periodic,50
5491,50.0,Re_050.000,13.0,0.22319848835468292,periodic,51
5492,50.0,Re_050.000,13.25,0.1998189091682434,periodic,52
5493,50.0,Re_050.000,13.5,0.17659561336040497,periodic,53
5494,50.0,Re_050.000,13.75,0.15353567898273468,periodic,54
5495,50.0,Re_050.000,14.0,0.13061659038066864,periodic,55
5496,50.0,Re_050.000,14.25,0.10779402405023575,periodic,56
5497,50.0,Re_050.000,14.5,0.08501183986663818,periodic,57
5498,50.0,Re_050.000,14.75,0.06221216544508934,periodic,58
5499,50.0,Re_050.000,15.0,0.03934584930539131,periodic,59
5500,50.0,Re_050.000,15.25,0.016381263732910156,periodic,60
5501,50.0,Re_050.000,15.500000000001,0.9933086037635803,periodic,61
5502,50.0,Re_050.000,15.750000000001,0.9701366424560547,periodic,62
5503,50.0,Re_050.000,16.000000000001,0.9468828439712524,periodic,63
5504,50.0,Re_050.000,16.250000000001,0.9235617518424988,periodic,64
5505,50.0,Re_050.000,16.500000000001,0.9001769423484802,periodic,65
5506,50.0,Re_050.000,16.750000000001,0.8767184615135193,periodic,66
5507,50.0,Re_050.000,17.000000000001,0.8531656265258789,periodic,67
5508,50.0,Re_050.000,17.250000000001,0.8294981718063354,periodic,68
5509,50.0,Re_050.000,17.500000000001,0.8057144284248352,periodic,69
5510,50.0,Re_050.000,17.750000000001,0.7818509936332703,periodic,70
5511,50.0,Re_050.000,18.000000000001,0.7579883337020874,periodic,71
5512,50.0,Re_050.000,18.250000000001,0.7342311143875122,periodic,72
5513,50.0,Re_050.000,18.500000000001,0.7106741666793823,periodic,73
5514,50.0,Re_050.000,18.750000000001,0.6873798370361328,periodic,74
5515,50.0,Re_050.000,19.000000000001,0.6643717288970947,periodic,75
5516,50.0,Re_050.000,19.25,0.6416382789611816,periodic,76
5517,50.0,Re_050.000,19.5,0.6191399097442627,periodic,77
5518,50.0,Re_050.000,19.75,0.5968182682991028,periodic,78
5519,50.0,Re_050.000,20.0,0.5746066570281982,periodic,79
5520,50.0,Re_050.000,20.25,0.5524399876594543,periodic,80
5521,50.0,Re_050.000,20.5,0.5302639603614807,periodic,81
5522,50.0,Re_050.000,20.75,0.5080418586730957,periodic,82
5523,50.0,Re_050.000,21.0,0.48575636744499207,periodic,83
5524,50.0,Re_050.000,21.25,0.46340423822402954,periodic,84
5525,50.0,Re_050.000,21.5,0.4409859776496887,periodic,85
5526,50.0,Re_050.000,21.75,0.4184960126876831,periodic,86
5527,50.0,Re_050.000,22.0,0.39591631293296814,periodic,87
5528,50.0,Re_050.000,22.25,0.3732154965400696,periodic,88
5529,50.0,Re_050.000,22.5,0.350353866815567,periodic,89
5530,50.0,Re_050.000,22.75,0.32729560136795044,periodic,90
5531,50.0,Re_050.000,23.0,0.3040291368961334,periodic,91
5532,50.0,Re_050.000,23.25,0.280586302280426,periodic,92
5533,50.0,Re_050.000,23.5,0.2570434510707855,periodic,93
5534,50.0,Re_050.000,23.75,0.23349815607070923,periodic,94
5535,50.0,Re_050.000,24.0,0.2100370079278946,periodic,95
5536,50.0,Re_050.000,24.249999999999,0.18671675026416779,periodic,96
5537,50.0,Re_050.000,24.499999999999,0.16355964541435242,periodic,97
5538,50.0,Re_050.000,24.749999999999,0.14055640995502472,periodic,98
5539,50.0,Re_050.000,24.999999999999,0.11767210811376572,periodic,99
5540,50.0,Re_050.000,25.249999999999,0.09485547989606857,periodic,100
5541,50.0,Re_050.000,25.499999999999,0.07204893976449966,periodic,101
5542,50.0,Re_050.000,25.749999999999,0.04919874295592308,periodic,102
5543,50.0,Re_050.000,25.999999999999,0.026264889165759087,periodic,103
5544,50.0,Re_050.000,26.249999999999,0.0032276110723614693,periodic,104
5545,50.0,Re_050.000,26.499999999999,0.98008793592453,periodic,105
5546,50.0,Re_050.000,26.749999999999,0.9568602442741394,periodic,106
5547,50.0,Re_050.000,26.999999999999,0.933560848236084,periodic,107
5548,50.0,Re_050.000,27.249999999999,0.9101982712745667,periodic,108
5549,50.0,Re_050.000,27.499999999999,0.8867675065994263,periodic,109
5550,50.0,Re_050.000,27.749999999999,0.8632513284683228,periodic,110
5551,50.0,Re_050.000,27.999999999999,0.8396270275115967,periodic,111
5552,50.0,Re_050.000,28.249999999999,0.8158819079399109,periodic,112
5553,50.0,Re_050.000,28.499999999999,0.7920342087745667,periodic,113
5554,50.0,Re_050.000,28.749999999999,0.7681466341018677,periodic,114
5555,50.0,Re_050.000,28.999999999999,0.7443170547485352,periodic,115
5556,50.0,Re_050.000,29.249999999998,0.7206484079360962,periodic,116
5557,50.0,Re_050.000,29.499999999998,0.6972181797027588,periodic,117
5558,50.0,Re_050.000,29.749999999998,0.674066960811615,periodic,118
5559,50.0,Re_050.000,29.999999999998,0.6511979699134827,periodic,119
5560,50.0,Re_050.000,30.249999999998,0.6285833120346069,periodic,120
5561,50.0,Re_050.000,30.499999999998,0.6061719655990601,periodic,121
5562,50.0,Re_050.000,30.749999999998,0.5839005708694458,periodic,122
5563,50.0,Re_050.000,30.999999999998,0.5617026090621948,periodic,123
5564,50.0,Re_050.000,31.249999999998,0.5395185947418213,periodic,124
5565,50.0,Re_050.000,31.499999999998,0.5173037052154541,periodic,125
5566,50.0,Re_050.000,31.749999999998,0.4950324296951294,periodic,126
5567,50.0,Re_050.000,31.999999999998,0.47269633412361145,periodic,127
5568,50.0,Re_050.000,32.249999999998,0.4502951502799988,periodic,128
5569,50.0,Re_050.000,32.499999999998,0.4278264045715332,periodic,129
5570,50.0,Re_050.000,32.749999999998,0.40527722239494324,periodic,130
5571,50.0,Re_050.000,32.999999999998,0.3826213479042053,periodic,131
5572,50.0,Re_050.000,33.249999999999,0.35982102155685425,periodic,132
5573,50.0,Re_050.000,33.499999999999,0.33683666586875916,periodic,133
5574,50.0,Re_050.000,33.749999999999,0.3136437237262726,periodic,134
5575,50.0,Re_050.000,33.999999999999,0.29025453329086304,periodic,135
5576,50.0,Re_050.000,34.249999999999,0.26672863960266113,periodic,136
5577,50.0,Re_050.000,34.499999999999,0.2431587278842926,periodic,137
5578,50.0,Re_050.000,34.749999999999,0.21963919699192047,periodic,138
5579,50.0,Re_050.000,34.999999999999,0.19624020159244537,periodic,139
5580,50.0,Re_050.000,35.25,0.17299850285053253,periodic,140
5581,50.0,Re_050.000,35.5,0.14991770684719086,periodic,141
5582,50.0,Re_050.000,35.75,0.12697304785251617,periodic,142
5583,50.0,Re_050.000,36.0,0.10411941260099411,periodic,143
5584,50.0,Re_050.000,36.25,0.08130115270614624,periodic,144
5585,50.0,Re_050.000,36.5,0.05846209079027176,periodic,145
5586,50.0,Re_050.000,36.75,0.03555574640631676,periodic,146
5587,50.0,Re_050.000,37.0,0.012553472071886063,periodic,147
5588,50.0,Re_050.000,37.250000000001,0.9894479513168335,periodic,148
5589,50.0,Re_050.000,37.500000000001,0.9662489295005798,periodic,149
5590,50.0,Re_050.000,37.750000000001,0.9429728984832764,periodic,150
5591,50.0,Re_050.000,38.000000000001,0.9196319580078125,periodic,151
5592,50.0,Re_050.000,38.250000000001,0.8962264657020569,periodic,152
5593,50.0,Re_050.000,38.500000000001,0.8727433681488037,periodic,153
5594,50.0,Re_050.000,38.750000000001,0.8491604328155518,periodic,154
5595,50.0,Re_050.000,39.000000000001,0.8254584074020386,periodic,155
5596,50.0,Re_050.000,39.250000000002,0.8016403913497925,periodic,156
5597,50.0,Re_050.000,39.500000000002,0.7777507901191711,periodic,157
5598,50.0,Re_050.000,39.750000000002,0.7538760900497437,periodic,158
5599,50.0,Re_050.000,40.000000000002,0.7301212549209595,periodic,159
5600,50.0,Re_050.000,40.250000000002,0.7065764665603638,periodic,160
5601,50.0,Re_050.000,40.500000000002,0.6832976341247559,periodic,161
5602,50.0,Re_050.000,40.750000000002,0.6603029370307922,periodic,162
5603,50.0,Re_050.000,41.000000000003,0.6375765204429626,periodic,163
5604,50.0,Re_050.000,41.250000000003,0.6150761246681213,periodic,164
5605,50.0,Re_050.000,41.500000000003,0.5927424430847168,periodic,165
5606,50.0,Re_050.000,41.750000000003,0.5705095529556274,periodic,166
5607,50.0,Re_050.000,42.000000000003,0.5483143329620361,periodic,167
5608,50.0,Re_050.000,42.250000000003,0.5261054039001465,periodic,168
5609,50.0,Re_050.000,42.500000000003,0.5038492679595947,periodic,169
5610,50.0,Re_050.000,42.750000000003,0.48153117299079895,periodic,170
5611,50.0,Re_050.000,43.000000000004,0.4591486155986786,periodic,171
5612,50.0,Re_050.000,43.250000000004,0.43670082092285156,periodic,172
5613,50.0,Re_050.000,43.500000000004,0.41417938470840454,periodic,173
5614,50.0,Re_050.000,43.750000000004,0.3915632367134094,periodic,174
5615,50.0,Re_050.000,44.000000000004,0.3688182532787323,periodic,175
5616,50.0,Re_050.000,44.250000000004,0.34590375423431396,periodic,176
5617,50.0,Re_050.000,44.500000000004,0.32278668880462646,periodic,177
5618,50.0,Re_050.000,44.750000000004,0.2994624376296997,periodic,178
5619,50.0,Re_050.000,45.000000000005,0.2759722173213959,periodic,179
5620,50.0,Re_050.000,45.250000000005,0.25239890813827515,periodic,180
5621,50.0,Re_050.000,45.500000000005,0.22883999347686768,periodic,181
5622,50.0,Re_050.000,45.750000000005,0.20537711679935455,periodic,182
5623,50.0,Re_050.000,46.000000000005,0.1820606291294098,periodic,183
5624,50.0,Re_050.000,46.250000000005,0.1589069366455078,periodic,184
5625,50.0,Re_050.000,46.500000000005,0.13590209186077118,periodic,185
5626,50.0,Re_050.000,46.750000000005,0.11300823092460632,periodic,186
5627,50.0,Re_050.000,47.000000000006,0.09017309546470642,periodic,187
5628,50.0,Re_050.000,47.250000000006,0.06733974069356918,periodic,188
5629,50.0,Re_050.000,47.500000000006,0.044456932693719864,periodic,189
5630,50.0,Re_050.000,47.750000000006,0.02148832194507122,periodic,190
5631,50.0,Re_050.000,48.000000000006,0.9984181523323059,periodic,191
5632,50.0,Re_050.000,48.250000000006,0.9752501845359802,periodic,192
5633,50.0,Re_050.000,48.500000000006,0.9519993662834167,periodic,193
5634,50.0,Re_050.000,48.750000000006,0.9286803603172302,periodic,194
5635,50.0,Re_050.000,49.000000000007,0.9052983522415161,periodic,195
5636,50.0,Re_050.000,49.250000000007,0.8818450570106506,periodic,196
5637,50.0,Re_050.000,49.500000000007,0.8583006858825684,periodic,197
5638,50.0,Re_050.000,49.750000000007,0.8346426486968994,periodic,198
5639,50.0,Re_050.000,50.000000000007,0.8108627200126648,periodic,199
5640,50.0,Re_050.000,50.250000000007,0.7869877815246582,periodic,200
5641,50.0,Re_050.000,50.500000000007,0.7630895972251892,periodic,201
5642,50.0,Re_050.000,50.750000000008,0.7392698526382446,periodic,202
5643,50.0,Re_050.000,51.000000000008,0.715627908706665,periodic,203
5644,50.0,Re_050.000,51.250000000008,0.6922339200973511,periodic,204
5645,50.0,Re_050.000,51.500000000008,0.6691205501556396,periodic,205
5646,50.0,Re_050.000,51.750000000008,0.646284818649292,periodic,206
5647,50.0,Re_050.000,52.000000000008,0.6236937642097473,periodic,207
5648,50.0,Re_050.000,52.250000000008,0.6012939214706421,periodic,208
5649,50.0,Re_050.000,52.500000000008,0.5790210962295532,periodic,209
5650,50.0,Re_050.000,52.750000000009,0.5568100214004517,periodic,210
5651,50.0,Re_050.000,53.000000000009,0.5346040725708008,periodic,211
5652,50.0,Re_050.000,53.250000000009,0.5123624801635742,periodic,212
5653,50.0,Re_050.000,53.500000000009,0.4900633990764618,periodic,213
5654,50.0,Re_050.000,53.750000000009,0.4677006006240845,periodic,214
5655,50.0,Re_050.000,54.000000000009,0.44527363777160645,periodic,215
5656,50.0,Re_050.000,54.250000000009,0.42277783155441284,periodic,216
5657,50.0,Re_050.000,54.500000000009,0.4001970589160919,periodic,217
5658,50.0,Re_050.000,54.75000000001,0.37750157713890076,periodic,218
5659,50.0,Re_050.000,55.00000000001,0.3546520173549652,periodic,219
5660,50.0,Re_050.000,55.25000000001,0.3316099941730499,periodic,220
5661,50.0,Re_050.000,55.50000000001,0.30835744738578796,periodic,221
5662,50.0,Re_050.000,55.75000000001,0.2849171459674835,periodic,222
5663,50.0,Re_050.000,56.00000000001,0.2613583505153656,periodic,223
5664,50.0,Re_050.000,56.25000000001,0.23777686059474945,periodic,224
5665,50.0,Re_050.000,56.50000000001,0.2142631560564041,periodic,225
5666,50.0,Re_050.000,56.750000000011,0.19088022410869598,periodic,226
5667,50.0,Re_050.000,57.000000000011,0.16765740513801575,periodic,227
5668,50.0,Re_050.000,57.250000000011,0.14459194242954254,periodic,228
5669,50.0,Re_050.000,57.500000000011,0.12165428698062897,periodic,229
5670,50.0,Re_050.000,57.750000000011,0.0987967699766159,periodic,230
5671,50.0,Re_050.000,58.000000000011,0.07596325129270554,periodic,231
5672,50.0,Re_050.000,58.250000000011,0.053099293261766434,periodic,232
5673,50.0,Re_050.000,58.500000000011,0.03016204573214054,periodic,233
5674,50.0,Re_050.000,58.750000000012,0.007127535063773394,periodic,234
5675,50.0,Re_050.000,59.000000000012,0.9839926362037659,periodic,235
5676,50.0,Re_050.000,59.250000000012,0.9607691764831543,periodic,236
5677,50.0,Re_050.000,59.500000000012,0.937472939491272,periodic,237
5678,50.0,Re_050.000,59.750000000012,0.9141132831573486,periodic,238
5679,50.0,Re_050.000,60.000000000012,0.890687108039856,periodic,239
5680,50.0,Re_050.000,60.250000000012,0.8671779632568359,periodic,240
5681,50.0,Re_050.000,60.500000000012,0.8435627818107605,periodic,241
5682,50.0,Re_050.000,60.750000000013,0.8198253512382507,periodic,242
5683,50.0,Re_050.000,61.000000000013,0.7959771156311035,periodic,243
5684,50.0,Re_050.000,61.250000000013,0.7720732688903809,periodic,244
5685,50.0,Re_050.000,61.500000000013,0.7482075095176697,periodic,245
5686,50.0,Re_050.000,61.750000000013,0.7244839072227478,periodic,246
5687,50.0,Re_050.000,62.000000000013,0.7009855508804321,periodic,247
5688,50.0,Re_050.000,62.250000000013,0.6777595281600952,periodic,248
5689,50.0,Re_050.000,62.500000000014,0.6548156142234802,periodic,249
5690,50.0,Re_050.000,62.750000000014,0.6321316361427307,periodic,250
5691,50.0,Re_050.000,63.000000000014,0.609660804271698,periodic,251
5692,50.0,Re_050.000,63.250000000014,0.5873420238494873,periodic,252
5693,50.0,Re_050.000,63.500000000014,0.5651094913482666,periodic,253
5694,50.0,Re_050.000,63.750000000014,0.5429023504257202,periodic,254
5695,50.0,Re_050.000,64.000000000014,0.5206732749938965,periodic,255
5696,51.0,Re_051.000,0.25,0.25610724091529846,periodic,0
5697,51.0,Re_051.000,1.25,0.158813938498497,periodic,1
5698,51.0,Re_051.000,2.25,0.06106238812208176,periodic,2
5699,51.0,Re_051.000,3.25,0.962515652179718,periodic,3
5700,51.0,Re_051.000,4.25,0.8648169040679932,periodic,4
5701,51.0,Re_051.000,5.25,0.7690293788909912,periodic,5
5702,51.0,Re_051.000,6.25,0.6769618988037109,periodic,6
5703,51.0,Re_051.000,7.25,0.5906746983528137,periodic,7
5704,51.0,Re_051.000,8.5,0.48548588156700134,periodic,8
5705,51.0,Re_051.000,9.5,0.39932888746261597,periodic,9
5706,51.0,Re_051.000,10.5,0.30879905819892883,periodic,10
5707,51.0,Re_051.000,11.5,0.2127971351146698,periodic,11
5708,51.0,Re_051.000,12.5,0.11523696780204773,periodic,12
5709,51.0,Re_051.000,13.5,0.017135823145508766,periodic,13
5710,51.0,Re_051.000,14.5,0.9186566472053528,periodic,14
5711,51.0,Re_051.000,15.500000000001,0.8218296766281128,periodic,15
5712,51.0,Re_051.000,16.500000000001,0.7272100448608398,periodic,16
5713,51.0,Re_051.000,17.500000000001,0.6378542184829712,periodic,17
5714,51.0,Re_051.000,18.500000000001,0.553170919418335,periodic,18
5715,51.0,Re_051.000,19.5,0.4687822163105011,periodic,19
5716,51.0,Re_051.000,20.5,0.3820013105869293,periodic,20
5717,51.0,Re_051.000,21.5,0.2902914583683014,periodic,21
5718,51.0,Re_051.000,22.5,0.19366346299648285,periodic,22
5719,51.0,Re_051.000,23.5,0.0960543304681778,periodic,23
5720,51.0,Re_051.000,24.749999999999,0.9730928540229797,periodic,24
5721,51.0,Re_051.000,25.749999999999,0.8751999139785767,periodic,25
5722,51.0,Re_051.000,26.749999999999,0.7792036533355713,periodic,26
5723,51.0,Re_051.000,27.749999999999,0.6865459680557251,periodic,27
5724,51.0,Re_051.000,28.749999999999,0.5997416973114014,periodic,28
5725,51.0,Re_051.000,29.749999999998,0.5156900882720947,periodic,29
5726,51.0,Re_051.000,30.749999999998,0.430463582277298,periodic,30
5727,51.0,Re_051.000,31.749999999998,0.34185469150543213,periodic,31
5728,51.0,Re_051.000,32.749999999998,0.24750159680843353,periodic,32
5729,51.0,Re_051.000,33.749999999999,0.15012383460998535,periodic,33
5730,51.0,Re_051.000,34.749999999999,0.05232135206460953,periodic,34
5731,51.0,Re_051.000,35.75,0.9537476301193237,periodic,35
5732,51.0,Re_051.000,36.75,0.856220006942749,periodic,36
5733,51.0,Re_051.000,37.750000000001,0.760621964931488,periodic,37
5734,51.0,Re_051.000,38.750000000001,0.669074296951294,periodic,38
5735,51.0,Re_051.000,39.750000000002,0.583184540271759,periodic,39
5736,51.0,Re_051.000,41.000000000003,0.4779360294342041,periodic,40
5737,51.0,Re_051.000,42.000000000003,0.3915092349052429,periodic,41
5738,51.0,Re_051.000,43.000000000004,0.30045315623283386,periodic,42
5739,51.0,Re_051.000,44.000000000004,0.20414403080940247,periodic,43
5740,51.0,Re_051.000,45.000000000005,0.10656295716762543,periodic,44
5741,51.0,Re_051.000,46.000000000005,0.008378127589821815,periodic,45
5742,51.0,Re_051.000,47.000000000006,0.9099780321121216,periodic,46
5743,51.0,Re_051.000,48.000000000006,0.8133202195167542,periodic,47
5744,52.0,Re_052.000,0.25,0.22726069390773773,periodic,0
5745,52.0,Re_052.000,1.25,0.13083916902542114,periodic,1
5746,52.0,Re_052.000,2.25,0.033296138048172,periodic,2
5747,52.0,Re_052.000,3.25,0.9341176748275757,periodic,3
5748,52.0,Re_052.000,4.25,0.8354911804199219,periodic,4
5749,52.0,Re_052.000,5.25,0.738556981086731,periodic,5
5750,52.0,Re_052.000,6.25,0.6467256546020508,periodic,6
5751,52.0,Re_052.000,7.25,0.560674786567688,periodic,7
5752,52.0,Re_052.000,8.5,0.4548538625240326,periodic,8
5753,52.0,Re_052.000,9.5,0.36813026666641235,periodic,9
5754,52.0,Re_052.000,10.5,0.2766830325126648,periodic,10
5755,52.0,Re_052.000,11.5,0.1809743195772171,periodic,11
5756,52.0,Re_052.000,12.5,0.08415505290031433,periodic,12
5757,52.0,Re_052.000,13.5,0.985700786113739,periodic,13
5758,52.0,Re_052.000,14.5,0.8865143060684204,periodic,14
5759,52.0,Re_052.000,15.500000000001,0.7885582447052002,periodic,15
5760,52.0,Re_052.000,16.500000000001,0.6935333013534546,periodic,16
5761,52.0,Re_052.000,17.500000000001,0.6048663854598999,periodic,17
5762,52.0,Re_052.000,18.500000000001,0.5201001167297363,periodic,18
5763,52.0,Re_052.000,19.5,0.435099720954895,periodic,19
5764,52.0,Re_052.000,20.5,0.34755727648735046,periodic,20
5765,52.0,Re_052.000,21.5,0.25482362508773804,periodic,21
5766,52.0,Re_052.000,22.5,0.15871791541576385,periodic,22
5767,52.0,Re_052.000,23.5,0.0616326741874218,periodic,23
5768,52.0,Re_052.000,24.749999999999,0.9379426836967468,periodic,24
5769,52.0,Re_052.000,25.749999999999,0.8392669558525085,periodic,25
5770,52.0,Re_052.000,26.749999999999,0.7422323226928711,periodic,26
5771,52.0,Re_052.000,27.749999999999,0.6501467227935791,periodic,27
5772,52.0,Re_052.000,28.749999999999,0.5639492273330688,periodic,28
5773,52.0,Re_052.000,29.749999999998,0.47943949699401855,periodic,29
5774,52.0,Re_052.000,30.749999999998,0.3935202658176422,periodic,30
5775,52.0,Re_052.000,31.749999999998,0.3037015497684479,periodic,31
5776,52.0,Re_052.000,32.749999999998,0.2088014781475067,periodic,32
5777,52.0,Re_052.000,33.749999999999,0.11223649233579636,periodic,33
5778,52.0,Re_052.000,34.749999999999,0.01434346754103899,periodic,34
5779,52.0,Re_052.000,35.75,0.9150813817977905,periodic,35
5780,52.0,Re_052.000,36.75,0.8167185187339783,periodic,36
5781,52.0,Re_052.000,37.750000000001,0.7204086780548096,periodic,37
5782,52.0,Re_052.000,38.750000000001,0.6298819184303284,periodic,38
5783,52.0,Re_052.000,39.750000000002,0.5444865226745605,periodic,39
5784,52.0,Re_052.000,41.000000000003,0.4384543299674988,periodic,40
5785,52.0,Re_052.000,42.000000000003,0.35106509923934937,periodic,41
5786,52.0,Re_052.000,43.000000000004,0.25854554772377014,periodic,42
5787,52.0,Re_052.000,44.000000000004,0.16249796748161316,periodic,43
5788,52.0,Re_052.000,45.000000000005,0.06546655297279358,periodic,44
5789,52.0,Re_052.000,46.000000000005,0.9666816592216492,periodic,45
5790,52.0,Re_052.000,47.000000000006,0.8676586151123047,periodic,46
5791,52.0,Re_052.000,48.000000000006,0.7700088024139404,periodic,47
5792,53.0,Re_053.000,0.25,0.19902485609054565,periodic,0
5793,53.0,Re_053.000,1.25,0.10346858948469162,periodic,1
5794,53.0,Re_053.000,2.25,0.005908844526857138,periodic,2
5795,53.0,Re_053.000,3.25,0.9061498045921326,periodic,3
5796,53.0,Re_053.000,4.25,0.80649334192276,periodic,4
5797,53.0,Re_053.000,5.25,0.7087417840957642,periodic,5
5798,53.0,Re_053.000,6.25,0.6173382997512817,periodic,6
5799,53.0,Re_053.000,7.25,0.5312415361404419,periodic,7
5800,53.0,Re_053.000,8.5,0.4246941804885864,periodic,8
5801,53.0,Re_053.000,9.5,0.33725348114967346,periodic,9
5802,53.0,Re_053.000,10.5,0.24504032731056213,periodic,10
5803,53.0,Re_053.000,11.5,0.1500001847743988,periodic,11
5804,53.0,Re_053.000,12.5,0.053656697273254395,periodic,12
5805,53.0,Re_053.000,13.5,0.9547170400619507,periodic,13
5806,53.0,Re_053.000,14.5,0.8548179268836975,periodic,14
5807,53.0,Re_053.000,15.500000000001,0.7556999921798706,periodic,15
5808,53.0,Re_053.000,16.500000000001,0.6608387231826782,periodic,16
5809,53.0,Re_053.000,17.500000000001,0.5727109313011169,periodic,17
5810,53.0,Re_053.000,18.500000000001,0.4875580072402954,periodic,18
5811,53.0,Re_053.000,19.5,0.40193408727645874,periodic,19
5812,53.0,Re_053.000,20.5,0.3134135901927948,periodic,20
5813,53.0,Re_053.000,21.5,0.22007586061954498,periodic,21
5814,53.0,Re_053.000,22.5,0.12476252764463425,periodic,22
5815,53.0,Re_053.000,23.5,0.02781001292169094,periodic,23
5816,53.0,Re_053.000,24.749999999999,0.9033434391021729,periodic,24
5817,53.0,Re_053.000,25.749999999999,0.8037099838256836,periodic,25
5818,53.0,Re_053.000,26.749999999999,0.7060849666595459,periodic,26
5819,53.0,Re_053.000,27.749999999999,0.6148894429206848,periodic,27
5820,53.0,Re_053.000,28.749999999999,0.5288832187652588,periodic,28
5821,53.0,Re_053.000,29.749999999998,0.44375601410865784,periodic,29
5822,53.0,Re_053.000,30.749999999998,0.35704341530799866,periodic,30
5823,53.0,Re_053.000,31.749999999998,0.26594406366348267,periodic,31
5824,53.0,Re_053.000,32.749999999998,0.1712293028831482,periodic,32
5825,53.0,Re_053.000,33.749999999999,0.07529928535223007,periodic,33
5826,53.0,Re_053.000,34.749999999999,0.9769312739372253,periodic,34
5827,53.0,Re_053.000,35.75,0.8770179748535156,periodic,35
5828,53.0,Re_053.000,36.75,0.7776080965995789,periodic,36
5829,53.0,Re_053.000,37.750000000001,0.6813368797302246,periodic,37
5830,53.0,Re_053.000,38.750000000001,0.591912031173706,periodic,38
5831,53.0,Re_053.000,39.750000000002,0.5064964294433594,periodic,39
5832,53.0,Re_053.000,41.000000000003,0.39958468079566956,periodic,40
5833,53.0,Re_053.000,42.000000000003,0.31094303727149963,periodic,41
5834,53.0,Re_053.000,43.000000000004,0.2175084948539734,periodic,42
5835,53.0,Re_053.000,44.000000000004,0.12217289954423904,periodic,43
5836,53.0,Re_053.000,45.000000000005,0.025153836235404015,periodic,44
5837,53.0,Re_053.000,46.000000000005,0.9256431460380554,periodic,45
5838,53.0,Re_053.000,47.000000000006,0.8258702754974365,periodic,46
5839,53.0,Re_053.000,48.000000000006,0.7274253964424133,periodic,47
5840,54.0,Re_054.000,0.25,0.15938477218151093,periodic,0
5841,54.0,Re_054.000,0.5,0.13616861402988434,periodic,1
5842,54.0,Re_054.000,0.75,0.11314163357019424,periodic,2
5843,54.0,Re_054.000,1.0,0.09025236964225769,periodic,3
5844,54.0,Re_054.000,1.25,0.06743976473808289,periodic,4
5845,54.0,Re_054.000,1.5,0.04464291036128998,periodic,5
5846,54.0,Re_054.000,1.75,0.02181042730808258,periodic,6
5847,54.0,Re_054.000,2.0,0.9989079236984253,periodic,7
5848,54.0,Re_054.000,2.25,0.9759207963943481,periodic,8
5849,54.0,Re_054.000,2.5,0.9528488516807556,periodic,9
5850,54.0,Re_054.000,2.75,0.9296960830688477,periodic,10
5851,54.0,Re_054.000,3.0,0.9064601063728333,periodic,11
5852,54.0,Re_054.000,3.25,0.8831259608268738,periodic,12
5853,54.0,Re_054.000,3.5,0.8596656322479248,periodic,13
5854,54.0,Re_054.000,3.75,0.8360446691513062,periodic,14
5855,54.0,Re_054.000,4.0,0.8122366666793823,periodic,15
5856,54.0,Re_054.000,4.25,0.7882463335990906,periodic,16
5857,54.0,Re_054.000,4.5,0.7641290426254272,periodic,17
5858,54.0,Re_054.000,4.75,0.7399840354919434,periodic,18
5859,54.0,Re_054.000,5.0,0.7159215807914734,periodic,19
5860,54.0,Re_054.000,5.25,0.6920292973518372,periodic,20
5861,54.0,Re_054.000,5.5,0.6683580875396729,periodic,21
5862,54.0,Re_054.000,5.75,0.6449218988418579,periodic,22
5863,54.0,Re_054.000,6.0,0.6217021942138672,periodic,23
5864,54.0,Re_054.000,6.25,0.5986563563346863,periodic,24
5865,54.0,Re_054.000,6.5,0.5757280588150024,periodic,25
5866,54.0,Re_054.000,6.75,0.5528573989868164,periodic,26
5867,54.0,Re_054.000,7.0,0.5299904346466064,periodic,27
5868,54.0,Re_054.000,7.25,0.5070880055427551,periodic,28
5869,54.0,Re_054.000,7.5,0.4841300845146179,periodic,29
5870,54.0,Re_054.000,7.75,0.4611138105392456,periodic,30
5871,54.0,Re_054.000,8.0,0.4380436837673187,periodic,31
5872,54.0,Re_054.000,8.25,0.41492027044296265,periodic,32
5873,54.0,Re_054.000,8.5,0.3917316794395447,periodic,33
5874,54.0,Re_054.000,8.75,0.3684511184692383,periodic,34
5875,54.0,Re_054.000,9.0,0.34504058957099915,periodic,35
5876,54.0,Re_054.000,9.25,0.3214625418186188,periodic,36
5877,54.0,Re_054.000,9.5,0.2977008819580078,periodic,37
5878,54.0,Re_054.000,9.75,0.27378544211387634,periodic,38
5879,54.0,Re_054.000,10.0,0.2497980296611786,periodic,39
5880,54.0,Re_054.000,10.25,0.22584748268127441,periodic,40
5881,54.0,Re_054.000,10.5,0.20203180611133575,periodic,41
5882,54.0,Re_054.000,10.75,0.1784152239561081,periodic,42
5883,54.0,Re_054.000,11.0,0.15502382814884186,periodic,43
5884,54.0,Re_054.000,11.25,0.13184921443462372,periodic,44
5885,54.0,Re_054.000,11.5,0.10885518044233322,periodic,45
5886,54.0,Re_054.000,11.75,0.0859876498579979,periodic,46
5887,54.0,Re_054.000,12.0,0.0631847232580185,periodic,47
5888,54.0,Re_054.000,12.25,0.040386609733104706,periodic,48
5889,54.0,Re_054.000,12.5,0.01754457876086235,periodic,49
5890,54.0,Re_054.000,12.75,0.9946280717849731,periodic,50
5891,54.0,Re_054.000,13.0,0.9716256856918335,periodic,51
5892,54.0,Re_054.000,13.25,0.9485392570495605,periodic,52
5893,54.0,Re_054.000,13.5,0.9253721833229065,periodic,53
5894,54.0,Re_054.000,13.75,0.9021201729774475,periodic,54
5895,54.0,Re_054.000,14.0,0.8787657022476196,periodic,55
5896,54.0,Re_054.000,14.25,0.8552789688110352,periodic,56
5897,54.0,Re_054.000,14.5,0.8316255211830139,periodic,57
5898,54.0,Re_054.000,14.75,0.8077829480171204,periodic,58
5899,54.0,Re_054.000,15.0,0.7837645411491394,periodic,59
5900,54.0,Re_054.000,15.25,0.7596351504325867,periodic,60
5901,54.0,Re_054.000,15.500000000001,0.7354992032051086,periodic,61
5902,54.0,Re_054.000,15.750000000001,0.7114647626876831,periodic,62
5903,54.0,Re_054.000,16.000000000001,0.6876131296157837,periodic,63
5904,54.0,Re_054.000,16.250000000001,0.6639881134033203,periodic,64
5905,54.0,Re_054.000,16.500000000001,0.640596866607666,periodic,65
5906,54.0,Re_054.000,16.750000000001,0.6174159049987793,periodic,66
5907,54.0,Re_054.000,17.000000000001,0.5943988561630249,periodic,67
5908,54.0,Re_054.000,17.250000000001,0.5714880228042603,periodic,68
5909,54.0,Re_054.000,17.500000000001,0.5486238598823547,periodic,69
5910,54.0,Re_054.000,17.750000000001,0.5257545113563538,periodic,70
5911,54.0,Re_054.000,18.000000000001,0.5028441548347473,periodic,71
5912,54.0,Re_054.000,18.250000000001,0.4798766076564789,periodic,72
5913,54.0,Re_054.000,18.500000000001,0.45685112476348877,periodic,73
5914,54.0,Re_054.000,18.750000000001,0.4337724447250366,periodic,74
5915,54.0,Re_054.000,19.000000000001,0.41063931584358215,periodic,75
5916,54.0,Re_054.000,19.25,0.3874371647834778,periodic,76
5917,54.0,Re_054.000,19.5,0.36413663625717163,periodic,77
5918,54.0,Re_054.000,19.75,0.340698778629303,periodic,78
5919,54.0,Re_054.000,20.0,0.3170880973339081,periodic,79
5920,54.0,Re_054.000,20.25,0.2932954430580139,periodic,80
5921,54.0,Re_054.000,20.5,0.26936060190200806,periodic,81
5922,54.0,Re_054.000,20.75,0.24537312984466553,periodic,82
5923,54.0,Re_054.000,21.0,0.2214425504207611,periodic,83
5924,54.0,Re_054.000,21.25,0.19766169786453247,periodic,84
5925,54.0,Re_054.000,21.5,0.17408768832683563,periodic,85
5926,54.0,Re_054.000,21.75,0.15073980391025543,periodic,86
5927,54.0,Re_054.000,22.0,0.12760384380817413,periodic,87
5928,54.0,Re_054.000,22.25,0.10463938862085342,periodic,88
5929,54.0,Re_054.000,22.5,0.08179014921188354,periodic,89
5930,54.0,Re_054.000,22.75,0.05899381265044212,periodic,90
5931,54.0,Re_054.000,23.0,0.03619196265935898,periodic,91
5932,54.0,Re_054.000,23.25,0.013338816352188587,periodic,92
5933,54.0,Re_054.000,23.5,0.9904075264930725,periodic,93
5934,54.0,Re_054.000,23.75,0.9673898816108704,periodic,94
5935,54.0,Re_054.000,24.0,0.9442888498306274,periodic,95
5936,54.0,Re_054.000,24.249999999999,0.9211072325706482,periodic,96
5937,54.0,Re_054.000,24.499999999999,0.8978384733200073,periodic,97
5938,54.0,Re_054.000,24.749999999999,0.8744626045227051,periodic,98
5939,54.0,Re_054.000,24.999999999999,0.8509481549263,periodic,99
5940,54.0,Re_054.000,25.249999999999,0.8272614479064941,periodic,100
5941,54.0,Re_054.000,25.499999999999,0.8033847808837891,periodic,101
5942,54.0,Re_054.000,25.749999999999,0.7793402671813965,periodic,102
5943,54.0,Re_054.000,25.999999999999,0.755202054977417,periodic,103
5944,54.0,Re_054.000,26.249999999999,0.731078028678894,periodic,104
5945,54.0,Re_054.000,26.499999999999,0.7070732116699219,periodic,105
5946,54.0,Re_054.000,26.749999999999,0.6832622289657593,periodic,106
5947,54.0,Re_054.000,26.999999999999,0.6596819162368774,periodic,107
5948,54.0,Re_054.000,27.249999999999,0.6363332271575928,periodic,108
5949,54.0,Re_054.000,27.499999999999,0.6131875514984131,periodic,109
5950,54.0,Re_054.000,27.749999999999,0.590195894241333,periodic,110
5951,54.0,Re_054.000,27.999999999999,0.5672991871833801,periodic,111
5952,54.0,Re_054.000,28.249999999999,0.5444386005401611,periodic,112
5953,54.0,Re_054.000,28.499999999999,0.5215648412704468,periodic,113
5954,54.0,Re_054.000,28.749999999999,0.4986454248428345,periodic,114
5955,54.0,Re_054.000,28.999999999999,0.4756675958633423,periodic,115
5956,54.0,Re_054.000,29.249999999998,0.4526326358318329,periodic,116
5957,54.0,Re_054.000,29.499999999998,0.42954492568969727,periodic,117
5958,54.0,Re_054.000,29.749999999998,0.4064011871814728,periodic,118
5959,54.0,Re_054.000,29.999999999998,0.38318416476249695,periodic,119
5960,54.0,Re_054.000,30.249999999998,0.3598620295524597,periodic,120
5961,54.0,Re_054.000,30.499999999998,0.3363952934741974,periodic,121
5962,54.0,Re_054.000,30.749999999998,0.3127514123916626,periodic,122
5963,54.0,Re_054.000,30.999999999998,0.28892871737480164,periodic,123
5964,54.0,Re_054.000,31.249999999998,0.2649770677089691,periodic,124
5965,54.0,Re_054.000,31.499999999998,0.24099251627922058,periodic,125
5966,54.0,Re_054.000,31.749999999998,0.21708397567272186,periodic,126
5967,54.0,Re_054.000,31.999999999998,0.1933385133743286,periodic,127
5968,54.0,Re_054.000,32.249999999998,0.16980622708797455,periodic,128
5969,54.0,Re_054.000,32.499999999998,0.14649975299835205,periodic,129
5970,54.0,Re_054.000,32.749999999998,0.12339955568313599,periodic,130
5971,54.0,Re_054.000,32.999999999998,0.10046137869358063,periodic,131
5972,54.0,Re_054.000,33.249999999999,0.07762715965509415,periodic,132
5973,54.0,Re_054.000,33.499999999999,0.05483448877930641,periodic,133
5974,54.0,Re_054.000,33.749999999999,0.03202669322490692,periodic,134
5975,54.0,Re_054.000,33.999999999999,0.00916107278317213,periodic,135
5976,54.0,Re_054.000,34.249999999999,0.9862144589424133,periodic,136
5977,54.0,Re_054.000,34.499999999999,0.9631814360618591,periodic,137
5978,54.0,Re_054.000,34.749999999999,0.9400659203529358,periodic,138
5979,54.0,Re_054.000,34.999999999999,0.9168694019317627,periodic,139
5980,54.0,Re_054.000,35.25,0.8935831189155579,periodic,140
5981,54.0,Re_054.000,35.5,0.8701847195625305,periodic,141
5982,54.0,Re_054.000,35.75,0.8466414213180542,periodic,142
5983,54.0,Re_054.000,36.0,0.8229207992553711,periodic,143
5984,54.0,Re_054.000,36.25,0.799010694026947,periodic,144
5985,54.0,Re_054.000,36.5,0.7749425768852234,periodic,145
5986,54.0,Re_054.000,36.75,0.7507990002632141,periodic,146
5987,54.0,Re_054.000,37.0,0.7266901135444641,periodic,147
5988,54.0,Re_054.000,37.250000000001,0.7027168869972229,periodic,148
5989,54.0,Re_054.000,37.500000000001,0.6789471507072449,periodic,149
5990,54.0,Re_054.000,37.750000000001,0.6554108262062073,periodic,150
5991,54.0,Re_054.000,38.000000000001,0.6321030259132385,periodic,151
5992,54.0,Re_054.000,38.250000000001,0.6089904308319092,periodic,152
5993,54.0,Re_054.000,38.500000000001,0.5860215425491333,periodic,153
5994,54.0,Re_054.000,38.750000000001,0.5631365776062012,periodic,154
5995,54.0,Re_054.000,39.000000000001,0.5402776002883911,periodic,155
5996,54.0,Re_054.000,39.250000000002,0.5173979997634888,periodic,156
5997,54.0,Re_054.000,39.500000000002,0.49446895718574524,periodic,157
5998,54.0,Re_054.000,39.750000000002,0.4714808464050293,periodic,158
5999,54.0,Re_054.000,40.000000000002,0.4484364688396454,periodic,159
6000,54.0,Re_054.000,40.250000000002,0.42533957958221436,periodic,160
6001,54.0,Re_054.000,40.500000000002,0.4021846055984497,periodic,161
6002,54.0,Re_054.000,40.750000000002,0.3789515495300293,periodic,162
6003,54.0,Re_054.000,41.000000000003,0.3556066155433655,periodic,163
6004,54.0,Re_054.000,41.250000000003,0.3321099579334259,periodic,164
6005,54.0,Re_054.000,41.500000000003,0.30843284726142883,periodic,165
6006,54.0,Re_054.000,41.750000000003,0.28458189964294434,periodic,166
6007,54.0,Re_054.000,42.000000000003,0.2606167495250702,periodic,167
6008,54.0,Re_054.000,42.250000000003,0.23663879930973053,periodic,168
6009,54.0,Re_054.000,42.500000000003,0.21275511384010315,periodic,169
6010,54.0,Re_054.000,42.750000000003,0.18904654681682587,periodic,170
6011,54.0,Re_054.000,43.000000000004,0.1655561774969101,periodic,171
6012,54.0,Re_054.000,43.250000000004,0.14229032397270203,periodic,172
6013,54.0,Re_054.000,43.500000000004,0.1192241907119751,periodic,173
6014,54.0,Re_054.000,43.750000000004,0.09631027281284332,periodic,174
6015,54.0,Re_054.000,44.000000000004,0.07348889857530594,periodic,175
6016,54.0,Re_054.000,44.250000000004,0.05069799721240997,periodic,176
6017,54.0,Re_054.000,44.500000000004,0.027882833033800125,periodic,177
6018,54.0,Re_054.000,44.750000000004,0.005004021804779768,periodic,178
6019,54.0,Re_054.000,45.000000000005,0.9820420145988464,periodic,179
6020,54.0,Re_054.000,45.250000000005,0.9589939117431641,periodic,180
6021,54.0,Re_054.000,45.500000000005,0.9358639121055603,periodic,181
6022,54.0,Re_054.000,45.750000000005,0.9126523733139038,periodic,182
6023,54.0,Re_054.000,46.000000000005,0.8893479704856873,periodic,183
6024,54.0,Re_054.000,46.250000000005,0.8659261465072632,periodic,184
6025,54.0,Re_054.000,46.500000000005,0.8423530459403992,periodic,185
6026,54.0,Re_054.000,46.750000000005,0.8185982704162598,periodic,186
6027,54.0,Re_054.000,47.000000000006,0.7946559190750122,periodic,187
6028,54.0,Re_054.000,47.250000000006,0.7705670595169067,periodic,188
6029,54.0,Re_054.000,47.500000000006,0.7464218735694885,periodic,189
6030,54.0,Re_054.000,47.750000000006,0.7223314046859741,periodic,190
6031,54.0,Re_054.000,48.000000000006,0.6983917951583862,periodic,191
6032,54.0,Re_054.000,48.250000000006,0.6746638417243958,periodic,192
6033,54.0,Re_054.000,48.500000000006,0.6511709690093994,periodic,193
6034,54.0,Re_054.000,48.750000000006,0.6279023885726929,periodic,194
6035,54.0,Re_054.000,49.000000000007,0.6048208475112915,periodic,195
6036,54.0,Re_054.000,49.250000000007,0.581872284412384,periodic,196
6037,54.0,Re_054.000,49.500000000007,0.5589966773986816,periodic,197
6038,54.0,Re_054.000,49.750000000007,0.536137580871582,periodic,198
6039,54.0,Re_054.000,50.000000000007,0.5132510662078857,periodic,199
6040,54.0,Re_054.000,50.250000000007,0.4903119206428528,periodic,200
6041,54.0,Re_054.000,50.500000000007,0.46731358766555786,periodic,201
6042,54.0,Re_054.000,50.750000000008,0.4442599415779114,periodic,202
6043,54.0,Re_054.000,51.000000000008,0.42115357518196106,periodic,203
6044,54.0,Re_054.000,51.250000000008,0.3979867398738861,periodic,204
6045,54.0,Re_054.000,51.500000000008,0.37473657727241516,periodic,205
6046,54.0,Re_054.000,51.750000000008,0.35136738419532776,periodic,206
6047,54.0,Re_054.000,52.000000000008,0.3278398811817169,periodic,207
6048,54.0,Re_054.000,52.250000000008,0.3041296899318695,periodic,208
6049,54.0,Re_054.000,52.500000000008,0.28025248646736145,periodic,209
6050,54.0,Re_054.000,52.750000000009,0.2562772333621979,periodic,210
6051,54.0,Re_054.000,53.000000000009,0.2323092818260193,periodic,211
6052,54.0,Re_054.000,53.250000000009,0.20845282077789307,periodic,212
6053,54.0,Re_054.000,53.500000000009,0.18478214740753174,periodic,213
6054,54.0,Re_054.000,53.750000000009,0.16133342683315277,periodic,214
6055,54.0,Re_054.000,54.000000000009,0.13810689747333527,periodic,215
6056,54.0,Re_054.000,54.250000000009,0.1150728166103363,periodic,216
6057,54.0,Re_054.000,54.500000000009,0.09218072146177292,periodic,217
6058,54.0,Re_054.000,54.75000000001,0.06936979293823242,periodic,218
6059,54.0,Re_054.000,55.00000000001,0.04657858610153198,periodic,219
6060,54.0,Re_054.000,55.25000000001,0.02375456877052784,periodic,220
6061,54.0,Re_054.000,55.50000000001,0.0008618275751359761,periodic,221
6062,54.0,Re_054.000,55.75000000001,0.9778842926025391,periodic,222
6063,54.0,Re_054.000,56.00000000001,0.9548211693763733,periodic,223
6064,54.0,Re_054.000,56.25000000001,0.9316768646240234,periodic,224
6065,54.0,Re_054.000,56.50000000001,0.9084498286247253,periodic,225
6066,54.0,Re_054.000,56.750000000011,0.8851265907287598,periodic,226
6067,54.0,Re_054.000,57.000000000011,0.8616801500320435,periodic,227
6068,54.0,Re_054.000,57.250000000011,0.8380762338638306,periodic,228
6069,54.0,Re_054.000,57.500000000011,0.8142870664596558,periodic,229
6070,54.0,Re_054.000,57.750000000011,0.7903138399124146,periodic,230
6071,54.0,Re_054.000,58.000000000011,0.7662073373794556,periodic,231
6072,54.0,Re_054.000,58.250000000011,0.7420640587806702,periodic,232
6073,54.0,Re_054.000,58.500000000011,0.7179949283599854,periodic,233
6074,54.0,Re_054.000,58.750000000012,0.6940905451774597,periodic,234
6075,54.0,Re_054.000,59.000000000012,0.6704047918319702,periodic,235
6076,54.0,Re_054.000,59.250000000012,0.6469545960426331,periodic,236
6077,54.0,Re_054.000,59.500000000012,0.6237236857414246,periodic,237
6078,54.0,Re_054.000,59.750000000012,0.6006708741188049,periodic,238
6079,54.0,Re_054.000,60.000000000012,0.577740490436554,periodic,239
6080,54.0,Re_054.000,60.250000000012,0.5548721551895142,periodic,240
6081,54.0,Re_054.000,60.500000000012,0.5320112109184265,periodic,241
6082,54.0,Re_054.000,60.750000000013,0.5091167092323303,periodic,242
6083,54.0,Re_054.000,61.000000000013,0.48616722226142883,periodic,243
6084,54.0,Re_054.000,61.250000000013,0.4631587564945221,periodic,244
6085,54.0,Re_054.000,61.500000000013,0.44009578227996826,periodic,245
6086,54.0,Re_054.000,61.750000000013,0.41697970032691956,periodic,246
6087,54.0,Re_054.000,62.000000000013,0.39380010962486267,periodic,247
6088,54.0,Re_054.000,62.250000000013,0.3705316185951233,periodic,248
6089,54.0,Re_054.000,62.500000000014,0.34713685512542725,periodic,249
6090,54.0,Re_054.000,62.750000000014,0.32357755303382874,periodic,250
6091,54.0,Re_054.000,63.000000000014,0.29983484745025635,periodic,251
6092,54.0,Re_054.000,63.250000000014,0.2759336531162262,periodic,252
6093,54.0,Re_054.000,63.500000000014,0.251951664686203,periodic,253
6094,54.0,Re_054.000,63.750000000014,0.2279970347881317,periodic,254
6095,54.0,Re_054.000,64.000000000014,0.20416998863220215,periodic,255
6096,55.0,Re_055.000,0.25,0.2847484052181244,periodic,0
6097,55.0,Re_055.000,1.25,0.18673846125602722,periodic,1
6098,55.0,Re_055.000,2.25,0.08811844885349274,periodic,2
6099,55.0,Re_055.000,3.25,0.9891955852508545,periodic,3
6100,55.0,Re_055.000,4.25,0.8905481100082397,periodic,4
6101,55.0,Re_055.000,5.25,0.7938199043273926,periodic,5
6102,55.0,Re_055.000,6.25,0.6995798945426941,periodic,6
6103,55.0,Re_055.000,7.25,0.6109952926635742,periodic,7
6104,55.0,Re_055.000,8.5,0.5047398805618286,periodic,8
6105,55.0,Re_055.000,9.5,0.4182996451854706,periodic,9
6106,55.0,Re_055.000,10.5,0.3280278742313385,periodic,10
6107,55.0,Re_055.000,11.5,0.23169183731079102,periodic,11
6108,55.0,Re_055.000,12.5,0.1328599750995636,periodic,12
6109,55.0,Re_055.000,13.5,0.0340660884976387,periodic,13
6110,55.0,Re_055.000,14.5,0.934950590133667,periodic,14
6111,55.0,Re_055.000,15.500000000001,0.8373121619224548,periodic,15
6112,55.0,Re_055.000,16.500000000001,0.7415523529052734,periodic,16
6113,55.0,Re_055.000,17.500000000001,0.6501233577728271,periodic,17
6114,55.0,Re_055.000,18.500000000001,0.5639707446098328,periodic,18
6115,55.0,Re_055.000,19.5,0.47882145643234253,periodic,19
6116,55.0,Re_055.000,20.5,0.3914288282394409,periodic,20
6117,55.0,Re_055.000,21.5,0.2993229627609253,periodic,21
6118,55.0,Re_055.000,22.5,0.20155242085456848,periodic,22
6119,55.0,Re_055.000,23.5,0.10262398421764374,periodic,23
6120,55.0,Re_055.000,24.749999999999,0.9787992835044861,periodic,24
6121,55.0,Re_055.000,25.749999999999,0.8802710771560669,periodic,25
6122,55.0,Re_055.000,26.749999999999,0.7836476564407349,periodic,26
6123,55.0,Re_055.000,27.749999999999,0.6897271871566772,periodic,27
6124,55.0,Re_055.000,28.749999999999,0.6015123128890991,periodic,28
6125,55.0,Re_055.000,29.749999999998,0.5164130926132202,periodic,29
6126,55.0,Re_055.000,30.749999999998,0.4302005469799042,periodic,30
6127,55.0,Re_055.000,31.749999999998,0.34052276611328125,periodic,31
6128,55.0,Re_055.000,32.749999999998,0.24481044709682465,periodic,32
6129,55.0,Re_055.000,33.749999999999,0.1458592265844345,periodic,33
6130,55.0,Re_055.000,34.749999999999,0.04694006219506264,periodic,34
6131,55.0,Re_055.000,35.75,0.9477351903915405,periodic,35
6132,55.0,Re_055.000,36.75,0.849797248840332,periodic,36
6133,55.0,Re_055.000,37.750000000001,0.7536956667900085,periodic,37
6134,55.0,Re_055.000,38.750000000001,0.6613818407058716,periodic,38
6135,55.0,Re_055.000,39.750000000002,0.5745993852615356,periodic,39
6136,55.0,Re_055.000,41.000000000003,0.46793943643569946,periodic,40
6137,55.0,Re_055.000,42.000000000003,0.3800519108772278,periodic,41
6138,55.0,Re_055.000,43.000000000004,0.28706368803977966,periodic,42
6139,55.0,Re_055.000,44.000000000004,0.1887863129377365,periodic,43
6140,55.0,Re_055.000,45.000000000005,0.08976893872022629,periodic,44
6141,55.0,Re_055.000,46.000000000005,0.9906328916549683,periodic,45
6142,55.0,Re_055.000,47.000000000006,0.8918886184692383,periodic,46
6143,55.0,Re_055.000,48.000000000006,0.795029878616333,periodic,47
6144,56.0,Re_056.000,0.25,0.4034821093082428,periodic,0
6145,56.0,Re_056.000,1.25,0.30713266134262085,periodic,1
6146,56.0,Re_056.000,2.25,0.2048015594482422,periodic,2
6147,56.0,Re_056.000,3.25,0.10324160754680634,periodic,3
6148,56.0,Re_056.000,4.25,0.00519573176279664,periodic,4
6149,56.0,Re_056.000,5.25,0.9098592400550842,periodic,5
6150,56.0,Re_056.000,6.25,0.8170733451843262,periodic,6
6151,56.0,Re_056.000,7.25,0.725337564945221,periodic,7
6152,56.0,Re_056.000,8.5,0.614956796169281,periodic,8
6153,56.0,Re_056.000,9.5,0.5287024974822998,periodic,9
6154,56.0,Re_056.000,10.5,0.43976151943206787,periodic,10
6155,56.0,Re_056.000,11.5,0.3459562063217163,periodic,11
6156,56.0,Re_056.000,12.5,0.24547183513641357,periodic,12
6157,56.0,Re_056.000,13.5,0.14283311367034912,periodic,13
6158,56.0,Re_056.000,14.5,0.04350123181939125,periodic,14
6159,56.0,Re_056.000,15.500000000001,0.9471010565757751,periodic,15
6160,56.0,Re_056.000,16.500000000001,0.8534519672393799,periodic,16
6161,56.0,Re_056.000,17.500000000001,0.7613371014595032,periodic,17
6162,56.0,Re_056.000,18.500000000001,0.6711013913154602,periodic,18
6163,56.0,Re_056.000,19.5,0.5843385457992554,periodic,19
6164,56.0,Re_056.000,20.5,0.4975225031375885,periodic,20
6165,56.0,Re_056.000,21.5,0.40705373883247375,periodic,21
6166,56.0,Re_056.000,22.5,0.31097039580345154,periodic,22
6167,56.0,Re_056.000,23.5,0.2087680846452713,periodic,23
6168,56.0,Re_056.000,24.749999999999,0.08224610984325409,periodic,24
6169,56.0,Re_056.000,25.749999999999,0.9848048686981201,periodic,25
6170,56.0,Re_056.000,26.749999999999,0.890067994594574,periodic,26
6171,56.0,Re_056.000,27.749999999999,0.7975970506668091,periodic,27
6172,56.0,Re_056.000,28.749999999999,0.7062346935272217,periodic,28
6173,56.0,Re_056.000,29.749999999998,0.6182873845100403,periodic,29
6174,56.0,Re_056.000,30.749999999998,0.5320616364479065,periodic,30
6175,56.0,Re_056.000,31.749999999998,0.44327595829963684,periodic,31
6176,56.0,Re_056.000,32.749999999998,0.34969866275787354,periodic,32
6177,56.0,Re_056.000,33.749999999999,0.24945160746574402,periodic,33
6178,56.0,Re_056.000,34.749999999999,0.14674948155879974,periodic,34
6179,56.0,Re_056.000,35.75,0.0472809299826622,periodic,35
6180,56.0,Re_056.000,36.75,0.9507802128791809,periodic,36
6181,56.0,Re_056.000,37.750000000001,0.8570308685302734,periodic,37
6182,56.0,Re_056.000,38.750000000001,0.7648882269859314,periodic,38
6183,56.0,Re_056.000,39.750000000002,0.6745208501815796,periodic,39
6184,56.0,Re_056.000,41.000000000003,0.5661641359329224,periodic,40
6185,56.0,Re_056.000,42.000000000003,0.4787781238555908,periodic,41
6186,56.0,Re_056.000,43.000000000004,0.3873099982738495,periodic,42
6187,56.0,Re_056.000,44.000000000004,0.28975123167037964,periodic,43
6188,56.0,Re_056.000,45.000000000005,0.1870189607143402,periodic,44
6189,56.0,Re_056.000,46.000000000005,0.08608438074588776,periodic,45
6190,56.0,Re_056.000,47.000000000006,0.9885373115539551,periodic,46
6191,56.0,Re_056.000,48.000000000006,0.893690288066864,periodic,47
6192,57.0,Re_057.000,0.25,0.3660227358341217,periodic,0
6193,57.0,Re_057.000,0.5,0.34229257702827454,periodic,1
6194,57.0,Re_057.000,0.75,0.31837955117225647,periodic,2
6195,57.0,Re_057.000,1.0,0.2942643165588379,periodic,3
6196,57.0,Re_057.000,1.25,0.2699747681617737,periodic,4
6197,57.0,Re_057.000,1.5,0.24559758603572845,periodic,5
6198,57.0,Re_057.000,1.75,0.2212531715631485,periodic,6
6199,57.0,Re_057.000,2.0,0.19705283641815186,periodic,7
6200,57.0,Re_057.000,2.25,0.173071026802063,periodic,8
6201,57.0,Re_057.000,2.5,0.1493404060602188,periodic,9
6202,57.0,Re_057.000,2.75,0.12585587799549103,periodic,10
6203,57.0,Re_057.000,3.0,0.10258223861455917,periodic,11
6204,57.0,Re_057.000,3.25,0.07946503907442093,periodic,12
6205,57.0,Re_057.000,3.5,0.05644147843122482,periodic,13
6206,57.0,Re_057.000,3.75,0.03345054015517235,periodic,14
6207,57.0,Re_057.000,4.0,0.010442133992910385,periodic,15
6208,57.0,Re_057.000,4.25,0.9873841404914856,periodic,16
6209,57.0,Re_057.000,4.5,0.9642635583877563,periodic,17
6210,57.0,Re_057.000,4.75,0.9410802721977234,periodic,18
6211,57.0,Re_057.000,5.0,0.917834997177124,periodic,19
6212,57.0,Re_057.000,5.25,0.894519567489624,periodic,20
6213,57.0,Re_057.000,5.5,0.8711118698120117,periodic,21
6214,57.0,Re_057.000,5.75,0.8475769758224487,periodic,22
6215,57.0,Re_057.000,6.0,0.8238754272460938,periodic,23
6216,57.0,Re_057.000,6.25,0.799980640411377,periodic,24
6217,57.0,Re_057.000,6.5,0.7759050130844116,periodic,25
6218,57.0,Re_057.000,6.75,0.7517164349555969,periodic,26
6219,57.0,Re_057.000,7.0,0.7275229692459106,periodic,27
6220,57.0,Re_057.000,7.25,0.7034330368041992,periodic,28
6221,57.0,Re_057.000,7.5,0.6795245409011841,periodic,29
6222,57.0,Re_057.000,7.75,0.6558358669281006,periodic,30
6223,57.0,Re_057.000,8.0,0.6323685646057129,periodic,31
6224,57.0,Re_057.000,8.25,0.6090933084487915,periodic,32
6225,57.0,Re_057.000,8.5,0.585959792137146,periodic,33
6226,57.0,Re_057.000,8.75,0.5629072189331055,periodic,34
6227,57.0,Re_057.000,9.0,0.5398746728897095,periodic,35
6228,57.0,Re_057.000,9.25,0.5168105363845825,periodic,36
6229,57.0,Re_057.000,9.5,0.49368077516555786,periodic,37
6230,57.0,Re_057.000,9.75,0.4704711437225342,periodic,38
6231,57.0,Re_057.000,10.0,0.44718289375305176,periodic,39
6232,57.0,Re_057.000,10.25,0.42382094264030457,periodic,40
6233,57.0,Re_057.000,10.5,0.4003823697566986,periodic,41
6234,57.0,Re_057.000,10.75,0.3768499195575714,periodic,42
6235,57.0,Re_057.000,11.0,0.3531915843486786,periodic,43
6236,57.0,Re_057.000,11.25,0.32936742901802063,periodic,44
6237,57.0,Re_057.000,11.5,0.305345743894577,periodic,45
6238,57.0,Re_057.000,11.75,0.2811296880245209,periodic,46
6239,57.0,Re_057.000,12.0,0.2567797899246216,periodic,47
6240,57.0,Re_057.000,12.25,0.2324061095714569,periodic,48
6241,57.0,Re_057.000,12.5,0.2081291228532791,periodic,49
6242,57.0,Re_057.000,12.75,0.1840418577194214,periodic,50
6243,57.0,Re_057.000,13.0,0.16019590198993683,periodic,51
6244,57.0,Re_057.000,13.25,0.13660265505313873,periodic,52
6245,57.0,Re_057.000,13.5,0.11323950439691544,periodic,53
6246,57.0,Re_057.000,13.75,0.09005935490131378,periodic,54
6247,57.0,Re_057.000,14.0,0.06700189411640167,periodic,55
6248,57.0,Re_057.000,14.25,0.044004008173942566,periodic,56
6249,57.0,Re_057.000,14.5,0.021009599789977074,periodic,57
6250,57.0,Re_057.000,14.75,0.9979776740074158,periodic,58
6251,57.0,Re_057.000,15.0,0.9748868346214294,periodic,59
6252,57.0,Re_057.000,15.25,0.9517324566841125,periodic,60
6253,57.0,Re_057.000,15.500000000001,0.9285162687301636,periodic,61
6254,57.0,Re_057.000,15.750000000001,0.9052352905273438,periodic,62
6255,57.0,Re_057.000,16.000000000001,0.8818740248680115,periodic,63
6256,57.0,Re_057.000,16.250000000001,0.8584028482437134,periodic,64
6257,57.0,Re_057.000,16.500000000001,0.8347829580307007,periodic,65
6258,57.0,Re_057.000,16.750000000001,0.810978889465332,periodic,66
6259,57.0,Re_057.000,17.000000000001,0.7869819402694702,periodic,67
6260,57.0,Re_057.000,17.250000000001,0.7628340721130371,periodic,68
6261,57.0,Re_057.000,17.500000000001,0.7386292219161987,periodic,69
6262,57.0,Re_057.000,17.750000000001,0.7144806981086731,periodic,70
6263,57.0,Re_057.000,18.000000000001,0.6904826760292053,periodic,71
6264,57.0,Re_057.000,18.250000000001,0.666691780090332,periodic,72
6265,57.0,Re_057.000,18.500000000001,0.6431258916854858,periodic,73
6266,57.0,Re_057.000,18.750000000001,0.6197687387466431,periodic,74
6267,57.0,Re_057.000,19.000000000001,0.5965784192085266,periodic,75
6268,57.0,Re_057.000,19.25,0.5734974145889282,periodic,76
6269,57.0,Re_057.000,19.5,0.5504637956619263,periodic,77
6270,57.0,Re_057.000,19.75,0.5274204015731812,periodic,78
6271,57.0,Re_057.000,20.0,0.5043244361877441,periodic,79
6272,57.0,Re_057.000,20.25,0.48115262389183044,periodic,80
6273,57.0,Re_057.000,20.5,0.4579003155231476,periodic,81
6274,57.0,Re_057.000,20.75,0.43457233905792236,periodic,82
6275,57.0,Re_057.000,21.0,0.4111705422401428,periodic,83
6276,57.0,Re_057.000,21.25,0.38768482208251953,periodic,84
6277,57.0,Re_057.000,21.5,0.3640894889831543,periodic,85
6278,57.0,Re_057.000,21.75,0.34034696221351624,periodic,86
6279,57.0,Re_057.000,22.0,0.31641897559165955,periodic,87
6280,57.0,Re_057.000,22.25,0.29228901863098145,periodic,88
6281,57.0,Re_057.000,22.5,0.2679898142814636,periodic,89
6282,57.0,Re_057.000,22.75,0.24361220002174377,periodic,90
6283,57.0,Re_057.000,23.0,0.21927742660045624,periodic,91
6284,57.0,Re_057.000,23.25,0.195094496011734,periodic,92
6285,57.0,Re_057.000,23.5,0.17113442718982697,periodic,93
6286,57.0,Re_057.000,23.75,0.14742648601531982,periodic,94
6287,57.0,Re_057.000,24.0,0.12396275252103806,periodic,95
6288,57.0,Re_057.000,24.249999999999,0.10070590674877167,periodic,96
6289,57.0,Re_057.000,24.499999999999,0.07760041952133179,periodic,97
6290,57.0,Re_057.000,24.749999999999,0.05458317697048187,periodic,98
6291,57.0,Re_057.000,24.999999999999,0.03159371390938759,periodic,99
6292,57.0,Re_057.000,25.249999999999,0.008583186194300652,periodic,100
6293,57.0,Re_057.000,25.499999999999,0.9855210781097412,periodic,101
6294,57.0,Re_057.000,25.749999999999,0.9623960256576538,periodic,102
6295,57.0,Re_057.000,25.999999999999,0.9392082095146179,periodic,103
6296,57.0,Re_057.000,26.249999999999,0.9159582257270813,periodic,104
6297,57.0,Re_057.000,26.499999999999,0.8926368355751038,periodic,105
6298,57.0,Re_057.000,26.749999999999,0.8692207932472229,periodic,106
6299,57.0,Re_057.000,26.999999999999,0.8456745147705078,periodic,107
6300,57.0,Re_057.000,27.249999999999,0.8219586610794067,periodic,108
6301,57.0,Re_057.000,27.499999999999,0.7980489730834961,periodic,109
6302,57.0,Re_057.000,27.749999999999,0.7739618420600891,periodic,110
6303,57.0,Re_057.000,27.999999999999,0.7497696876525879,periodic,111
6304,57.0,Re_057.000,28.249999999999,0.7255820035934448,periodic,112
6305,57.0,Re_057.000,28.499999999999,0.701505720615387,periodic,113
6306,57.0,Re_057.000,28.749999999999,0.6776155829429626,periodic,114
6307,57.0,Re_057.000,28.999999999999,0.6539467573165894,periodic,115
6308,57.0,Re_057.000,29.249999999998,0.6304980516433716,periodic,116
6309,57.0,Re_057.000,29.499999999998,0.6072379946708679,periodic,117
6310,57.0,Re_057.000,29.749999999998,0.5841149091720581,periodic,118
6311,57.0,Re_057.000,29.999999999998,0.5610675811767578,periodic,119
6312,57.0,Re_057.000,30.249999999998,0.5380356311798096,periodic,120
6313,57.0,Re_057.000,30.499999999998,0.5149683952331543,periodic,121
6314,57.0,Re_057.000,30.749999999998,0.4918334186077118,periodic,122
6315,57.0,Re_057.000,30.999999999998,0.46861812472343445,periodic,123
6316,57.0,Re_057.000,31.249999999998,0.445324569940567,periodic,124
6317,57.0,Re_057.000,31.499999999998,0.4219573438167572,periodic,125
6318,57.0,Re_057.000,31.749999999998,0.39851272106170654,periodic,126
6319,57.0,Re_057.000,31.999999999998,0.3749721646308899,periodic,127
6320,57.0,Re_057.000,32.249999999998,0.35130277276039124,periodic,128
6321,57.0,Re_057.000,32.499999999998,0.3274644613265991,periodic,129
6322,57.0,Re_057.000,32.749999999998,0.30342724919319153,periodic,130
6323,57.0,Re_057.000,32.999999999998,0.2791983187198639,periodic,131
6324,57.0,Re_057.000,33.249999999999,0.25484293699264526,periodic,132
6325,57.0,Re_057.000,33.499999999999,0.2304736226797104,periodic,133
6326,57.0,Re_057.000,33.749999999999,0.20620983839035034,periodic,134
6327,57.0,Re_057.000,33.999999999999,0.1821414977312088,periodic,135
6328,57.0,Re_057.000,34.249999999999,0.15831688046455383,periodic,136
6329,57.0,Re_057.000,34.499999999999,0.1347443163394928,periodic,137
6330,57.0,Re_057.000,34.749999999999,0.11139881610870361,periodic,138
6331,57.0,Re_057.000,34.999999999999,0.08823180943727493,periodic,139
6332,57.0,Re_057.000,35.25,0.06518232077360153,periodic,140
6333,57.0,Re_057.000,35.5,0.04218744859099388,periodic,141
6334,57.0,Re_057.000,35.75,0.019191976636648178,periodic,142
6335,57.0,Re_057.000,36.0,0.9961563944816589,periodic,143
6336,57.0,Re_057.000,36.25,0.9730609655380249,periodic,144
6337,57.0,Re_057.000,36.5,0.9499018788337708,periodic,145
6338,57.0,Re_057.000,36.75,0.9266810417175293,periodic,146
6339,57.0,Re_057.000,37.0,0.9033946990966797,periodic,147
6340,57.0,Re_057.000,37.250000000001,0.8800261616706848,periodic,148
6341,57.0,Re_057.000,37.500000000001,0.8565449714660645,periodic,149
6342,57.0,Re_057.000,37.750000000001,0.8329119086265564,periodic,150
6343,57.0,Re_057.000,38.000000000001,0.8090928196907043,periodic,151
6344,57.0,Re_057.000,38.250000000001,0.7850821018218994,periodic,152
6345,57.0,Re_057.000,38.500000000001,0.7609264254570007,periodic,153
6346,57.0,Re_057.000,38.750000000001,0.7367225885391235,periodic,154
6347,57.0,Re_057.000,39.000000000001,0.7125837802886963,periodic,155
6348,57.0,Re_057.000,39.250000000002,0.6886014938354492,periodic,156
6349,57.0,Re_057.000,39.500000000002,0.6648292541503906,periodic,157
6350,57.0,Re_057.000,39.750000000002,0.6412819623947144,periodic,158
6351,57.0,Re_057.000,40.000000000002,0.6179409027099609,periodic,159
6352,57.0,Re_057.000,40.250000000002,0.5947625637054443,periodic,160
6353,57.0,Re_057.000,40.500000000002,0.5716886520385742,periodic,161
6354,57.0,Re_057.000,40.750000000002,0.5486570596694946,periodic,162
6355,57.0,Re_057.000,41.000000000003,0.5256118178367615,periodic,163
6356,57.0,Re_057.000,41.250000000003,0.5025111436843872,periodic,164
6357,57.0,Re_057.000,41.500000000003,0.4793335795402527,periodic,165
6358,57.0,Re_057.000,41.750000000003,0.45607566833496094,periodic,166
6359,57.0,Re_057.000,42.000000000003,0.4327423572540283,periodic,167
6360,57.0,Re_057.000,42.250000000003,0.40933501720428467,periodic,168
6361,57.0,Re_057.000,42.500000000003,0.3858422338962555,periodic,169
6362,57.0,Re_057.000,42.750000000003,0.36223724484443665,periodic,170
6363,57.0,Re_057.000,43.000000000004,0.33848193287849426,periodic,171
6364,57.0,Re_057.000,43.250000000004,0.3145388066768646,periodic,172
6365,57.0,Re_057.000,43.500000000004,0.2903941869735718,periodic,173
6366,57.0,Re_057.000,43.750000000004,0.26608556509017944,periodic,174
6367,57.0,Re_057.000,44.000000000004,0.24170748889446259,periodic,175
6368,57.0,Re_057.000,44.250000000004,0.21738184988498688,periodic,176
6369,57.0,Re_057.000,44.500000000004,0.19321517646312714,periodic,177
6370,57.0,Re_057.000,44.750000000004,0.1692751944065094,periodic,178
6371,57.0,Re_057.000,45.000000000005,0.14558804035186768,periodic,179
6372,57.0,Re_057.000,45.250000000005,0.12214310467243195,periodic,180
6373,57.0,Re_057.000,45.500000000005,0.09890121221542358,periodic,181
6374,57.0,Re_057.000,45.750000000005,0.07580579072237015,periodic,182
6375,57.0,Re_057.000,46.000000000005,0.05279356241226196,periodic,183
6376,57.0,Re_057.000,46.250000000005,0.029804637655615807,periodic,184
6377,57.0,Re_057.000,46.500000000005,0.006791419815272093,periodic,185
6378,57.0,Re_057.000,46.750000000005,0.9837250113487244,periodic,186
6379,57.0,Re_057.000,47.000000000006,0.9605951905250549,periodic,187
6380,57.0,Re_057.000,47.250000000006,0.9374028444290161,periodic,188
6381,57.0,Re_057.000,47.500000000006,0.9141479730606079,periodic,189
6382,57.0,Re_057.000,47.750000000006,0.8908205032348633,periodic,190
6383,57.0,Re_057.000,48.000000000006,0.8673958778381348,periodic,191
6384,57.0,Re_057.000,48.250000000006,0.843838095664978,periodic,192
6385,57.0,Re_057.000,48.500000000006,0.8201079964637756,periodic,193
6386,57.0,Re_057.000,48.750000000006,0.7961835861206055,periodic,194
6387,57.0,Re_057.000,49.000000000007,0.7720854878425598,periodic,195
6388,57.0,Re_057.000,49.250000000007,0.747890055179596,periodic,196
6389,57.0,Re_057.000,49.500000000007,0.7237080931663513,periodic,197
6390,57.0,Re_057.000,49.750000000007,0.6996448040008545,periodic,198
6391,57.0,Re_057.000,50.000000000007,0.6757718324661255,periodic,199
6392,57.0,Re_057.000,50.250000000007,0.6521214842796326,periodic,200
6393,57.0,Re_057.000,50.500000000007,0.6286897659301758,periodic,201
6394,57.0,Re_057.000,50.750000000008,0.6054432392120361,periodic,202
6395,57.0,Re_057.000,51.000000000008,0.582329273223877,periodic,203
6396,57.0,Re_057.000,51.250000000008,0.5592859983444214,periodic,204
6397,57.0,Re_057.000,51.500000000008,0.5362535715103149,periodic,205
6398,57.0,Re_057.000,51.750000000008,0.5131826400756836,periodic,206
6399,57.0,Re_057.000,52.000000000008,0.49004217982292175,periodic,207
6400,57.0,Re_057.000,52.250000000008,0.4668211042881012,periodic,208
6401,57.0,Re_057.000,52.500000000008,0.4435221254825592,periodic,209
6402,57.0,Re_057.000,52.750000000009,0.4201495945453644,periodic,210
6403,57.0,Re_057.000,53.000000000009,0.3966987729072571,periodic,211
6404,57.0,Re_057.000,53.250000000009,0.3731499910354614,periodic,212
6405,57.0,Re_057.000,53.500000000009,0.34946930408477783,periodic,213
6406,57.0,Re_057.000,53.750000000009,0.32561683654785156,periodic,214
6407,57.0,Re_057.000,54.000000000009,0.30156436562538147,periodic,215
6408,57.0,Re_057.000,54.250000000009,0.27732303738594055,periodic,216
6409,57.0,Re_057.000,54.500000000009,0.2529626786708832,periodic,217
6410,57.0,Re_057.000,54.75000000001,0.2285979986190796,periodic,218
6411,57.0,Re_057.000,55.00000000001,0.20434719324111938,periodic,219
6412,57.0,Re_057.000,55.25000000001,0.1802971065044403,periodic,220
6413,57.0,Re_057.000,55.50000000001,0.15649275481700897,periodic,221
6414,57.0,Re_057.000,55.75000000001,0.1329396367073059,periodic,222
6415,57.0,Re_057.000,56.00000000001,0.10961049050092697,periodic,223
6416,57.0,Re_057.000,56.25000000001,0.08645540475845337,periodic,224
6417,57.0,Re_057.000,56.50000000001,0.0634128674864769,periodic,225
6418,57.0,Re_057.000,56.750000000011,0.040420204401016235,periodic,226
6419,57.0,Re_057.000,57.000000000011,0.017423173412680626,periodic,227
6420,57.0,Re_057.000,57.250000000011,0.9943837523460388,periodic,228
6421,57.0,Re_057.000,57.500000000011,0.9712836146354675,periodic,229
6422,57.0,Re_057.000,57.750000000011,0.9481198787689209,periodic,230
6423,57.0,Re_057.000,58.000000000011,0.924894392490387,periodic,231
6424,57.0,Re_057.000,58.250000000011,0.9016026854515076,periodic,232
6425,57.0,Re_057.000,58.500000000011,0.8782268762588501,periodic,233
6426,57.0,Re_057.000,58.750000000012,0.8547356128692627,periodic,234
6427,57.0,Re_057.000,59.000000000012,0.8310894966125488,periodic,235
6428,57.0,Re_057.000,59.250000000012,0.8072555065155029,periodic,236
6429,57.0,Re_057.000,59.500000000012,0.7832316160202026,periodic,237
6430,57.0,Re_057.000,59.750000000012,0.7590686678886414,periodic,238
6431,57.0,Re_057.000,60.000000000012,0.7348662614822388,periodic,239
6432,57.0,Re_057.000,60.250000000012,0.7107371091842651,periodic,240
6433,57.0,Re_057.000,60.500000000012,0.6867700815200806,periodic,241
6434,57.0,Re_057.000,60.750000000013,0.6630155444145203,periodic,242
6435,57.0,Re_057.000,61.000000000013,0.6394857168197632,periodic,243
6436,57.0,Re_057.000,61.250000000013,0.6161595582962036,periodic,244
6437,57.0,Re_057.000,61.500000000013,0.5929919481277466,periodic,245
6438,57.0,Re_057.000,61.750000000013,0.569923996925354,periodic,246
6439,57.0,Re_057.000,62.000000000013,0.546893835067749,periodic,247
6440,57.0,Re_057.000,62.250000000013,0.523845911026001,periodic,248
6441,57.0,Re_057.000,62.500000000014,0.5007402300834656,periodic,249
6442,57.0,Re_057.000,62.750000000014,0.4775567650794983,periodic,250
6443,57.0,Re_057.000,63.000000000014,0.4542931318283081,periodic,251
6444,57.0,Re_057.000,63.250000000014,0.4309544861316681,periodic,252
6445,57.0,Re_057.000,63.500000000014,0.4075414836406708,periodic,253
6446,57.0,Re_057.000,63.750000000014,0.3840414583683014,periodic,254
6447,57.0,Re_057.000,64.000000000014,0.3604266941547394,periodic,255
6448,58.0,Re_058.000,0.25,0.35210922360420227,periodic,0
6449,58.0,Re_058.000,1.25,0.25434863567352295,periodic,1
6450,58.0,Re_058.000,2.25,0.15273389220237732,periodic,2
6451,58.0,Re_058.000,3.25,0.0524422749876976,periodic,3
6452,58.0,Re_058.000,4.25,0.953569769859314,periodic,4
6453,58.0,Re_058.000,5.25,0.8566997647285461,periodic,5
6454,58.0,Re_058.000,6.25,0.7616679668426514,periodic,6
6455,58.0,Re_058.000,7.25,0.6691757440567017,periodic,7
6456,58.0,Re_058.000,8.5,0.5599331855773926,periodic,8
6457,58.0,Re_058.000,9.5,0.47320109605789185,periodic,9
6458,58.0,Re_058.000,10.5,0.3833741843700409,periodic,10
6459,58.0,Re_058.000,11.5,0.2879653871059418,periodic,11
6460,58.0,Re_058.000,12.5,0.18686431646347046,periodic,12
6461,58.0,Re_058.000,13.5,0.08595064282417297,periodic,13
6462,58.0,Re_058.000,14.5,0.9866593480110168,periodic,14
6463,58.0,Re_058.000,15.500000000001,0.8889850378036499,periodic,15
6464,58.0,Re_058.000,16.500000000001,0.793503999710083,periodic,16
6465,58.0,Re_058.000,17.500000000001,0.6997385025024414,periodic,17
6466,58.0,Re_058.000,18.500000000001,0.6105607748031616,periodic,18
6467,58.0,Re_058.000,19.5,0.5242970585823059,periodic,19
6468,58.0,Re_058.000,20.5,0.43653854727745056,periodic,20
6469,58.0,Re_058.000,21.5,0.3447853624820709,periodic,21
6470,58.0,Re_058.000,22.5,0.24651850759983063,periodic,22
6471,58.0,Re_058.000,23.5,0.14490599930286407,periodic,23
6472,58.0,Re_058.000,24.749999999999,0.019956719130277634,periodic,24
6473,58.0,Re_058.000,25.749999999999,0.921595573425293,periodic,25
6474,58.0,Re_058.000,26.749999999999,0.8254911303520203,periodic,26
6475,58.0,Re_058.000,27.749999999999,0.730929970741272,periodic,27
6476,58.0,Re_058.000,28.749999999999,0.6400455236434937,periodic,28
6477,58.0,Re_058.000,29.749999999998,0.553322434425354,periodic,29
6478,58.0,Re_058.000,30.749999999998,0.4664400517940521,periodic,30
6479,58.0,Re_058.000,31.749999999998,0.3762950301170349,periodic,31
6480,58.0,Re_058.000,32.749999999998,0.2803530693054199,periodic,32
6481,58.0,Re_058.000,33.749999999999,0.1790713369846344,periodic,33
6482,58.0,Re_058.000,34.749999999999,0.07830911129713058,periodic,34
6483,58.0,Re_058.000,35.75,0.9791159629821777,periodic,35
6484,58.0,Re_058.000,36.75,0.8816200494766235,periodic,36
6485,58.0,Re_058.000,37.750000000001,0.7862553000450134,periodic,37
6486,58.0,Re_058.000,38.750000000001,0.6927424669265747,periodic,38
6487,58.0,Re_058.000,39.750000000002,0.6039354801177979,periodic,39
6488,58.0,Re_058.000,41.000000000003,0.4959888160228729,periodic,40
6489,58.0,Re_058.000,42.000000000003,0.4071652889251709,periodic,41
6490,58.0,Re_058.000,43.000000000004,0.31351032853126526,periodic,42
6491,58.0,Re_058.000,44.000000000004,0.21339024603366852,periodic,43
6492,58.0,Re_058.000,45.000000000005,0.11205244064331055,periodic,44
6493,58.0,Re_058.000,46.000000000005,0.012428746558725834,periodic,45
6494,58.0,Re_058.000,47.000000000006,0.9142091870307922,periodic,46
6495,58.0,Re_058.000,48.000000000006,0.8182645440101624,periodic,47
6496,59.0,Re_059.000,0.25,0.32676252722740173,periodic,0
6497,59.0,Re_059.000,1.25,0.22846409678459167,periodic,1
6498,59.0,Re_059.000,2.25,0.12763547897338867,periodic,2
6499,59.0,Re_059.000,3.25,0.027706291526556015,periodic,3
6500,59.0,Re_059.000,4.25,0.9283025860786438,periodic,4
6501,59.0,Re_059.000,5.25,0.8306223750114441,periodic,5
6502,59.0,Re_059.000,6.25,0.7344856262207031,periodic,6
6503,59.0,Re_059.000,7.25,0.6421821117401123,periodic,7
6504,59.0,Re_059.000,8.5,0.5332289338111877,periodic,8
6505,59.0,Re_059.000,9.5,0.4460482895374298,periodic,9
6506,59.0,Re_059.000,10.5,0.3556787371635437,periodic,10
6507,59.0,Re_059.000,11.5,0.2593403160572052,periodic,11
6508,59.0,Re_059.000,12.5,0.1586381196975708,periodic,12
6509,59.0,Re_059.000,13.5,0.058452341705560684,periodic,13
6510,59.0,Re_059.000,14.5,0.958843469619751,periodic,14
6511,59.0,Re_059.000,15.500000000001,0.8605318069458008,periodic,15
6512,59.0,Re_059.000,16.500000000001,0.763953685760498,periodic,16
6513,59.0,Re_059.000,17.500000000001,0.6700283288955688,periodic,17
6514,59.0,Re_059.000,18.500000000001,0.5814663171768188,periodic,18
6515,59.0,Re_059.000,19.5,0.495024174451828,periodic,19
6516,59.0,Re_059.000,20.5,0.40670299530029297,periodic,20
6517,59.0,Re_059.000,21.5,0.31405287981033325,periodic,21
6518,59.0,Re_059.000,22.5,0.21505610644817352,periodic,22
6519,59.0,Re_059.000,23.5,0.11431404948234558,periodic,23
6520,59.0,Re_059.000,24.749999999999,0.9895744323730469,periodic,24
6521,59.0,Re_059.000,25.749999999999,0.8906784653663635,periodic,25
6522,59.0,Re_059.000,26.749999999999,0.7936808466911316,periodic,26
6523,59.0,Re_059.000,27.749999999999,0.6984983682632446,periodic,27
6524,59.0,Re_059.000,28.749999999999,0.6083815097808838,periodic,28
6525,59.0,Re_059.000,29.749999999998,0.5218203067779541,periodic,29
6526,59.0,Re_059.000,30.749999999998,0.4343462884426117,periodic,30
6527,59.0,Re_059.000,31.749999999998,0.3433713912963867,periodic,31
6528,59.0,Re_059.000,32.749999999998,0.24616621434688568,periodic,32
6529,59.0,Re_059.000,33.749999999999,0.1453699916601181,periodic,33
6530,59.0,Re_059.000,34.749999999999,0.04532140493392944,periodic,34
6531,59.0,Re_059.000,35.75,0.9457884430885315,periodic,35
6532,59.0,Re_059.000,36.75,0.847750723361969,periodic,36
6533,59.0,Re_059.000,37.750000000001,0.751350998878479,periodic,37
6534,59.0,Re_059.000,38.750000000001,0.6580953001976013,periodic,38
6535,59.0,Re_059.000,39.750000000002,0.5701010227203369,periodic,39
6536,59.0,Re_059.000,41.000000000003,0.4616985321044922,periodic,40
6537,59.0,Re_059.000,42.000000000003,0.3720729649066925,periodic,41
6538,59.0,Re_059.000,43.000000000004,0.276956707239151,periodic,42
6539,59.0,Re_059.000,44.000000000004,0.17657482624053955,periodic,43
6540,59.0,Re_059.000,45.000000000005,0.07621344923973083,periodic,44
6541,59.0,Re_059.000,46.000000000005,0.976540207862854,periodic,45
6542,59.0,Re_059.000,47.000000000006,0.8778793215751648,periodic,46
6543,59.0,Re_059.000,48.000000000006,0.7810721397399902,periodic,47
6544,60.0,Re_060.000,0.25,0.1700742542743683,periodic,0
6545,60.0,Re_060.000,1.25,0.07541071623563766,periodic,1
6546,60.0,Re_060.000,2.25,0.9779619574546814,periodic,2
6547,60.0,Re_060.000,3.25,0.8771123290061951,periodic,3
6548,60.0,Re_060.000,4.25,0.7748135328292847,periodic,4
6549,60.0,Re_060.000,5.25,0.6741888523101807,periodic,5
6550,60.0,Re_060.000,6.25,0.5807974338531494,periodic,6
6551,60.0,Re_060.000,7.25,0.4924010634422302,periodic,7
6552,60.0,Re_060.000,8.5,0.3830013573169708,periodic,8
6553,60.0,Re_060.000,9.5,0.2933182716369629,periodic,9
6554,60.0,Re_060.000,10.5,0.1996886432170868,periodic,10
6555,60.0,Re_060.000,11.5,0.10510660707950592,periodic,11
6556,60.0,Re_060.000,12.5,0.008710794150829315,periodic,12
6557,60.0,Re_060.000,13.5,0.9086582660675049,periodic,13
6558,60.0,Re_060.000,14.5,0.806652307510376,periodic,14
6559,60.0,Re_060.000,15.500000000001,0.7047093510627747,periodic,15
6560,60.0,Re_060.000,16.500000000001,0.6088160276412964,periodic,16
6561,60.0,Re_060.000,17.500000000001,0.5192832946777344,periodic,17
6562,60.0,Re_060.000,18.500000000001,0.4317297637462616,periodic,18
6563,60.0,Re_060.000,19.5,0.3435930013656616,periodic,19
6564,60.0,Re_060.000,20.5,0.2519361972808838,periodic,20
6565,60.0,Re_060.000,21.5,0.15749163925647736,periodic,21
6566,60.0,Re_060.000,22.5,0.062379881739616394,periodic,22
6567,60.0,Re_060.000,23.5,0.9642637372016907,periodic,23
6568,60.0,Re_060.000,24.749999999999,0.8375547528266907,periodic,24
6569,60.0,Re_060.000,25.749999999999,0.7350888252258301,periodic,25
6570,60.0,Re_060.000,26.749999999999,0.636789083480835,periodic,26
6571,60.0,Re_060.000,27.749999999999,0.54570472240448,periodic,27
6572,60.0,Re_060.000,28.749999999999,0.45785656571388245,periodic,28
6573,60.0,Re_060.000,29.749999999998,0.37009868025779724,periodic,29
6574,60.0,Re_060.000,30.749999999998,0.27971550822257996,periodic,30
6575,60.0,Re_060.000,31.749999999998,0.18560820817947388,periodic,31
6576,60.0,Re_060.000,32.749999999998,0.09075390547513962,periodic,32
6577,60.0,Re_060.000,33.749999999999,0.9937118291854858,periodic,33
6578,60.0,Re_060.000,34.749999999999,0.893193244934082,periodic,34
6579,60.0,Re_060.000,35.75,0.7909720540046692,periodic,35
6580,60.0,Re_060.000,36.75,0.6894415616989136,periodic,36
6581,60.0,Re_060.000,37.750000000001,0.5945918560028076,periodic,37
6582,60.0,Re_060.000,38.750000000001,0.5054980516433716,periodic,38
6583,60.0,Re_060.000,39.750000000002,0.417909175157547,periodic,39
6584,60.0,Re_060.000,41.000000000003,0.3066941499710083,periodic,40
6585,60.0,Re_060.000,42.000000000003,0.21332450211048126,periodic,41
6586,60.0,Re_060.000,43.000000000004,0.11856627464294434,periodic,42
6587,60.0,Re_060.000,44.000000000004,0.022436337545514107,periodic,43
6588,60.0,Re_060.000,45.000000000005,0.9227745532989502,periodic,44
6589,60.0,Re_060.000,46.000000000005,0.8209124803543091,periodic,45
6590,60.0,Re_060.000,47.000000000006,0.7185711860656738,periodic,46
6591,60.0,Re_060.000,48.000000000006,0.621415376663208,periodic,47
