snapshot_id,Re,Re_label,regime,target_regime,split,time,local_snapshot_index
0,60.3077454666,Re_60p307745,developing_periodic_shedding,periodic,train,932.7971165,0
1,60.3077454666,Re_60p307745,developing_periodic_shedding,periodic,train,934.68845588,1
2,60.3077454666,Re_60p307745,developing_periodic_shedding,periodic,train,952.32408713,2
3,60.3077454666,Re_60p307745,developing_periodic_shedding,periodic,train,969.95971837,3
4,60.3077454666,Re_60p307745,developing_periodic_shedding,periodic,train,987.59534961,4
5,60.3077454666,Re_60p307745,developing_periodic_shedding,periodic,train,1005.23098086,5
6,60.3077454666,Re_60p307745,developing_periodic_shedding,periodic,train,1022.8666121,6
7,60.3077454666,Re_60p307745,developing_periodic_shedding,periodic,train,1040.50224334,7
8,60.3077454666,Re_60p307745,developing_periodic_shedding,periodic,train,1058.13787459,8
9,60.3077454666,Re_60p307745,developing_periodic_shedding,periodic,train,1075.77350583,9
10,60.3077454666,Re_60p307745,developing_periodic_shedding,periodic,train,1093.40913707,10
11,60.3077454666,Re_60p307745,developing_periodic_shedding,periodic,train,1111.04476832,11
12,60.3077454666,Re_60p307745,developing_periodic_shedding,periodic,train,1128.68039956,12
13,60.3077454666,Re_60p307745,developing_periodic_shedding,periodic,train,1146.3160308,13
14,60.3077454666,Re_60p307745,developing_periodic_shedding,periodic,train,1163.95166204,14
15,60.3077454666,Re_60p307745,developing_periodic_shedding,periodic,train,1181.58729329,15
16,60.3077454666,Re_60p307745,developing_periodic_shedding,periodic,train,1199.22292453,16
17,60.3077454666,Re_60p307745,developing_periodic_shedding,periodic,train,1216.85855577,17
18,60.3077454666,Re_60p307745,developing_periodic_shedding,periodic,train,1234.49418702,18
19,60.3077454666,Re_60p307745,developing_periodic_shedding,periodic,train,1252.12981826,19
20,60.3077454666,Re_60p307745,developing_periodic_shedding,periodic,train,1269.7654495,20
21,60.3077454666,Re_60p307745,developing_periodic_shedding,periodic,train,1287.40108075,21
22,60.3077454666,Re_60p307745,developing_periodic_shedding,periodic,train,1305.03671199,22
23,60.3077454666,Re_60p307745,developing_periodic_shedding,periodic,train,1322.67234323,23
24,60.3077454666,Re_60p307745,developing_periodic_shedding,periodic,train,1340.30797448,24
25,60.3077454666,Re_60p307745,developing_periodic_shedding,periodic,train,1357.94360572,25
26,60.3077454666,Re_60p307745,developing_periodic_shedding,periodic,train,1375.57923696,26
27,60.3077454666,Re_60p307745,developing_periodic_shedding,periodic,train,1393.2148682,27
28,60.3077454666,Re_60p307745,developing_periodic_shedding,periodic,train,1410.85049945,28
29,60.3077454666,Re_60p307745,developing_periodic_shedding,periodic,train,1428.48613069,29
30,60.3077454666,Re_60p307745,developing_periodic_shedding,periodic,train,1446.12176193,30
31,60.3077454666,Re_60p307745,developing_periodic_shedding,periodic,train,1463.75739318,31
32,60.3077454666,Re_60p307745,developing_periodic_shedding,periodic,train,1481.39302442,32
33,60.3077454666,Re_60p307745,developing_periodic_shedding,periodic,train,1499.02865566,33
34,60.3077454666,Re_60p307745,developing_periodic_shedding,periodic,train,1516.66428691,34
35,60.3077454666,Re_60p307745,developing_periodic_shedding,periodic,train,1534.29991815,35
36,60.3077454666,Re_60p307745,developing_periodic_shedding,periodic,train,1551.93554939,36
37,60.3077454666,Re_60p307745,developing_periodic_shedding,periodic,train,1569.57118064,37
38,60.3077454666,Re_60p307745,developing_periodic_shedding,periodic,train,1587.20681188,38
39,60.3077454666,Re_60p307745,developing_periodic_shedding,periodic,train,1604.84244312,39
40,60.3077454666,Re_60p307745,developing_periodic_shedding,periodic,train,1622.47807437,40
41,60.3077454666,Re_60p307745,developing_periodic_shedding,periodic,train,1640.11370561,41
42,60.3077454666,Re_60p307745,developing_periodic_shedding,periodic,train,1657.74933685,42
43,60.3077454666,Re_60p307745,developing_periodic_shedding,periodic,train,1675.38496809,43
44,60.3077454666,Re_60p307745,developing_periodic_shedding,periodic,train,1693.02059934,44
45,60.3077454666,Re_60p307745,developing_periodic_shedding,periodic,train,1710.65623058,45
46,60.3077454666,Re_60p307745,developing_periodic_shedding,periodic,train,1728.29186182,46
47,60.3077454666,Re_60p307745,developing_periodic_shedding,periodic,train,1745.92749307,47
48,60.3077454666,Re_60p307745,developing_periodic_shedding,periodic,train,1763.56312431,48
49,60.3077454666,Re_60p307745,developing_periodic_shedding,periodic,train,1781.19875555,49
50,60.3077454666,Re_60p307745,developing_periodic_shedding,periodic,train,1798.8343868,50
51,60.3077454666,Re_60p307745,developing_periodic_shedding,periodic,train,1816.47001804,51
52,60.3077454666,Re_60p307745,developing_periodic_shedding,periodic,train,1834.10564928,52
53,60.3077454666,Re_60p307745,developing_periodic_shedding,periodic,train,1851.74128053,53
54,60.3077454666,Re_60p307745,developing_periodic_shedding,periodic,train,1869.37691177,54
55,60.3077454666,Re_60p307745,developing_periodic_shedding,periodic,train,1887.01254301,55
56,60.3077454666,Re_60p307745,developing_periodic_shedding,periodic,train,1904.64817425,56
57,60.3077454666,Re_60p307745,developing_periodic_shedding,periodic,train,1922.2838055,57
58,60.3077454666,Re_60p307745,developing_periodic_shedding,periodic,train,1939.91943674,58
59,60.3077454666,Re_60p307745,developing_periodic_shedding,periodic,train,1957.55506798,59
60,60.3077454666,Re_60p307745,developing_periodic_shedding,periodic,train,1975.19069923,60
61,60.3077454666,Re_60p307745,developing_periodic_shedding,periodic,train,1992.82633047,61
62,60.3077454666,Re_60p307745,developing_periodic_shedding,periodic,train,2010.46196171,62
63,60.3077454666,Re_60p307745,developing_periodic_shedding,periodic,train,2028.09759296,63
64,60.3077454666,Re_60p307745,developing_periodic_shedding,periodic,train,2045.7332242,64
65,60.3077454666,Re_60p307745,developing_periodic_shedding,periodic,train,2063.36885544,65
66,60.3077454666,Re_60p307745,developing_periodic_shedding,periodic,train,2081.00448669,66
67,60.3077454666,Re_60p307745,developing_periodic_shedding,periodic,train,2098.64011793,67
68,60.3077454666,Re_60p307745,developing_periodic_shedding,periodic,train,2116.27574917,68
69,60.3077454666,Re_60p307745,developing_periodic_shedding,periodic,train,2133.91138042,69
70,60.3077454666,Re_60p307745,developing_periodic_shedding,periodic,train,2151.54701166,70
71,60.3077454666,Re_60p307745,developing_periodic_shedding,periodic,train,2169.1826429,71
72,60.3077454666,Re_60p307745,developing_periodic_shedding,periodic,train,2186.81827414,72
73,60.3077454666,Re_60p307745,developing_periodic_shedding,periodic,train,2204.45390539,73
74,60.3077454666,Re_60p307745,developing_periodic_shedding,periodic,train,2222.08953663,74
75,60.3077454666,Re_60p307745,developing_periodic_shedding,periodic,train,2239.72516787,75
76,60.3077454666,Re_60p307745,developing_periodic_shedding,periodic,train,2257.36079912,76
77,60.3077454666,Re_60p307745,developing_periodic_shedding,periodic,train,2274.99643036,77
78,60.3077454666,Re_60p307745,developing_periodic_shedding,periodic,train,2292.6320616,78
79,60.3077454666,Re_60p307745,developing_periodic_shedding,periodic,train,2310.26769285,79
80,60.3077454666,Re_60p307745,developing_periodic_shedding,periodic,train,2327.90332409,80
81,60.3077454666,Re_60p307745,developing_periodic_shedding,periodic,train,2345.53895533,81
82,60.3077454666,Re_60p307745,developing_periodic_shedding,periodic,train,2363.17458658,82
83,60.3077454666,Re_60p307745,developing_periodic_shedding,periodic,train,2380.81021782,83
84,60.3077454666,Re_60p307745,developing_periodic_shedding,periodic,train,2398.44584906,84
85,60.3077454666,Re_60p307745,developing_periodic_shedding,periodic,train,2416.0814803,85
86,60.3077454666,Re_60p307745,developing_periodic_shedding,periodic,train,2433.71711155,86
87,60.3077454666,Re_60p307745,developing_periodic_shedding,periodic,train,2451.35274279,87
88,60.3077454666,Re_60p307745,developing_periodic_shedding,periodic,train,2468.98837403,88
89,60.3077454666,Re_60p307745,developing_periodic_shedding,periodic,train,2486.62400528,89
90,60.3077454666,Re_60p307745,developing_periodic_shedding,periodic,train,2504.25963652,90
91,60.3077454666,Re_60p307745,developing_periodic_shedding,periodic,train,2521.89526776,91
92,60.3077454666,Re_60p307745,developing_periodic_shedding,periodic,train,2539.53089901,92
93,60.3077454666,Re_60p307745,developing_periodic_shedding,periodic,train,2557.16653025,93
94,60.3077454666,Re_60p307745,developing_periodic_shedding,periodic,train,2574.80216149,94
95,60.3077454666,Re_60p307745,developing_periodic_shedding,periodic,train,2592.43779274,95
96,60.3077454666,Re_60p307745,developing_periodic_shedding,periodic,train,2610.07342398,96
97,60.3077454666,Re_60p307745,developing_periodic_shedding,periodic,train,2627.70905522,97
98,60.3077454666,Re_60p307745,developing_periodic_shedding,periodic,train,2645.34468646,98
99,60.3077454666,Re_60p307745,developing_periodic_shedding,periodic,train,2662.98031771,99
100,60.3077454666,Re_60p307745,developing_periodic_shedding,periodic,train,2680.61594895,100
101,60.3077454666,Re_60p307745,developing_periodic_shedding,periodic,train,2698.25158019,101
102,60.3077454666,Re_60p307745,developing_periodic_shedding,periodic,train,2715.88721144,102
103,60.3077454666,Re_60p307745,developing_periodic_shedding,periodic,train,2733.52284268,103
104,60.3077454666,Re_60p307745,developing_periodic_shedding,periodic,train,2751.15847392,104
105,60.3077454666,Re_60p307745,developing_periodic_shedding,periodic,train,2768.79410517,105
106,60.3077454666,Re_60p307745,developing_periodic_shedding,periodic,train,2786.42973641,106
107,60.3077454666,Re_60p307745,developing_periodic_shedding,periodic,train,2804.06536765,107
108,60.3077454666,Re_60p307745,developing_periodic_shedding,periodic,train,2821.7009989,108
109,60.3077454666,Re_60p307745,developing_periodic_shedding,periodic,train,2839.33663014,109
110,60.3077454666,Re_60p307745,developing_periodic_shedding,periodic,train,2856.97226138,110
111,60.3077454666,Re_60p307745,developing_periodic_shedding,periodic,train,2874.60789263,111
112,60.3077454666,Re_60p307745,developing_periodic_shedding,periodic,train,2892.24352387,112
113,60.3077454666,Re_60p307745,developing_periodic_shedding,periodic,train,2909.87915511,113
114,60.3077454666,Re_60p307745,developing_periodic_shedding,periodic,train,2927.51478635,114
115,60.3077454666,Re_60p307745,developing_periodic_shedding,periodic,train,2945.1504176,115
116,60.3077454666,Re_60p307745,developing_periodic_shedding,periodic,train,2962.78604884,116
117,60.3077454666,Re_60p307745,developing_periodic_shedding,periodic,train,2980.42168008,117
118,60.3077454666,Re_60p307745,developing_periodic_shedding,periodic,train,2998.05731133,118
119,60.3077454666,Re_60p307745,developing_periodic_shedding,periodic,train,3015.69294257,119
120,60.3077454666,Re_60p307745,developing_periodic_shedding,periodic,train,3033.32857381,120
121,60.3077454666,Re_60p307745,developing_periodic_shedding,periodic,train,3050.96420506,121
122,60.3077454666,Re_60p307745,developing_periodic_shedding,periodic,train,3068.5998363,122
123,60.3077454666,Re_60p307745,developing_periodic_shedding,periodic,train,3086.23546754,123
124,60.3077454666,Re_60p307745,developing_periodic_shedding,periodic,train,3103.87109879,124
125,60.3077454666,Re_60p307745,developing_periodic_shedding,periodic,train,3121.50673003,125
126,60.3077454666,Re_60p307745,developing_periodic_shedding,periodic,train,3139.14236127,126
127,60.3077454666,Re_60p307745,developing_periodic_shedding,periodic,train,3156.77799251,127
128,60.3077454666,Re_60p307745,developing_periodic_shedding,periodic,train,3174.41362376,128
129,60.3077454666,Re_60p307745,developing_periodic_shedding,periodic,train,3192.049255,129
130,60.3077454666,Re_60p307745,developing_periodic_shedding,periodic,train,3209.68488624,130
131,60.3077454666,Re_60p307745,developing_periodic_shedding,periodic,train,3227.32051749,131
132,60.3077454666,Re_60p307745,developing_periodic_shedding,periodic,train,3244.95614873,132
133,60.3077454666,Re_60p307745,developing_periodic_shedding,periodic,train,3262.59177997,133
134,60.3077454666,Re_60p307745,developing_periodic_shedding,periodic,train,3280.22741122,134
135,60.3077454666,Re_60p307745,developing_periodic_shedding,periodic,train,3297.86304246,135
136,60.3077454666,Re_60p307745,developing_periodic_shedding,periodic,train,3315.4986737,136
137,60.3077454666,Re_60p307745,developing_periodic_shedding,periodic,train,3333.13430495,137
138,60.3077454666,Re_60p307745,developing_periodic_shedding,periodic,train,3350.76993619,138
139,60.3077454666,Re_60p307745,developing_periodic_shedding,periodic,train,3368.40556743,139
140,60.3077454666,Re_60p307745,developing_periodic_shedding,periodic,train,3386.04119868,140
141,60.3077454666,Re_60p307745,developing_periodic_shedding,periodic,train,3403.67682992,141
142,60.3077454666,Re_60p307745,developing_periodic_shedding,periodic,train,3421.31246116,142
143,60.3077454666,Re_60p307745,developing_periodic_shedding,periodic,train,3438.9480924,143
144,60.3077454666,Re_60p307745,developing_periodic_shedding,periodic,train,3456.58372365,144
145,60.3077454666,Re_60p307745,developing_periodic_shedding,periodic,train,3474.21935489,145
146,60.3077454666,Re_60p307745,developing_periodic_shedding,periodic,train,3491.85498613,146
147,60.3077454666,Re_60p307745,developing_periodic_shedding,periodic,train,3509.49061738,147
148,60.3077454666,Re_60p307745,developing_periodic_shedding,periodic,train,3527.12624862,148
149,60.3077454666,Re_60p307745,developing_periodic_shedding,periodic,train,3544.76187986,149
150,60.3077454666,Re_60p307745,developing_periodic_shedding,periodic,train,3562.39751111,150
151,60.3077454666,Re_60p307745,developing_periodic_shedding,periodic,train,3580.03314235,151
152,60.3077454666,Re_60p307745,developing_periodic_shedding,periodic,train,3597.66877359,152
153,60.3077454666,Re_60p307745,developing_periodic_shedding,periodic,train,3615.30440484,153
154,60.3077454666,Re_60p307745,developing_periodic_shedding,periodic,train,3632.94003608,154
155,60.3077454666,Re_60p307745,developing_periodic_shedding,periodic,train,3650.57566732,155
156,60.3077454666,Re_60p307745,developing_periodic_shedding,periodic,train,3668.21129856,156
157,60.3077454666,Re_60p307745,developing_periodic_shedding,periodic,train,3685.84692981,157
158,60.3077454666,Re_60p307745,developing_periodic_shedding,periodic,train,3703.48256105,158
159,60.3077454666,Re_60p307745,developing_periodic_shedding,periodic,train,3721.11819229,159
160,60.3077454666,Re_60p307745,developing_periodic_shedding,periodic,train,3738.75382354,160
161,60.3077454666,Re_60p307745,developing_periodic_shedding,periodic,train,3756.38945478,161
162,61.7559536282,Re_61p755954,developing_periodic_shedding,periodic,train,1531.14919146,0
163,61.7559536282,Re_61p755954,developing_periodic_shedding,periodic,train,1546.16045804,1
164,61.7559536282,Re_61p755954,developing_periodic_shedding,periodic,train,1561.17172462,2
165,61.7559536282,Re_61p755954,developing_periodic_shedding,periodic,train,1576.1829912,3
166,61.7559536282,Re_61p755954,developing_periodic_shedding,periodic,train,1591.19425779,4
167,61.7559536282,Re_61p755954,developing_periodic_shedding,periodic,train,1606.20552437,5
168,61.7559536282,Re_61p755954,developing_periodic_shedding,periodic,train,1621.21679095,6
169,61.7559536282,Re_61p755954,developing_periodic_shedding,periodic,train,1636.22805754,7
170,61.7559536282,Re_61p755954,developing_periodic_shedding,periodic,train,1651.23932412,8
171,61.7559536282,Re_61p755954,developing_periodic_shedding,periodic,train,1666.2505907,9
172,61.7559536282,Re_61p755954,developing_periodic_shedding,periodic,train,1681.26185728,10
173,61.7559536282,Re_61p755954,developing_periodic_shedding,periodic,train,1696.27312387,11
174,61.7559536282,Re_61p755954,developing_periodic_shedding,periodic,train,1711.28439045,12
175,61.7559536282,Re_61p755954,developing_periodic_shedding,periodic,train,1726.29565703,13
176,61.7559536282,Re_61p755954,developing_periodic_shedding,periodic,train,1741.30692362,14
177,61.7559536282,Re_61p755954,developing_periodic_shedding,periodic,train,1756.3181902,15
178,61.7559536282,Re_61p755954,developing_periodic_shedding,periodic,train,1771.32945678,16
179,61.7559536282,Re_61p755954,developing_periodic_shedding,periodic,train,1786.34072337,17
180,61.7559536282,Re_61p755954,developing_periodic_shedding,periodic,train,1801.35198995,18
181,61.7559536282,Re_61p755954,developing_periodic_shedding,periodic,train,1816.36325653,19
182,61.7559536282,Re_61p755954,developing_periodic_shedding,periodic,train,1831.37452311,20
183,61.7559536282,Re_61p755954,developing_periodic_shedding,periodic,train,1846.3857897,21
184,61.7559536282,Re_61p755954,developing_periodic_shedding,periodic,train,1861.39705628,22
185,61.7559536282,Re_61p755954,developing_periodic_shedding,periodic,train,1876.40832286,23
186,61.7559536282,Re_61p755954,developing_periodic_shedding,periodic,train,1891.41958945,24
187,61.7559536282,Re_61p755954,developing_periodic_shedding,periodic,train,1906.43085603,25
188,61.7559536282,Re_61p755954,developing_periodic_shedding,periodic,train,1921.44212261,26
189,61.7559536282,Re_61p755954,developing_periodic_shedding,periodic,train,1936.45338919,27
190,61.7559536282,Re_61p755954,developing_periodic_shedding,periodic,train,1951.46465578,28
191,61.7559536282,Re_61p755954,developing_periodic_shedding,periodic,train,1966.47592236,29
192,61.7559536282,Re_61p755954,developing_periodic_shedding,periodic,train,1981.48718894,30
193,61.7559536282,Re_61p755954,developing_periodic_shedding,periodic,train,1996.49845553,31
194,61.7559536282,Re_61p755954,developing_periodic_shedding,periodic,train,2011.50972211,32
195,61.7559536282,Re_61p755954,developing_periodic_shedding,periodic,train,2026.52098869,33
196,61.7559536282,Re_61p755954,developing_periodic_shedding,periodic,train,2041.53225527,34
197,61.7559536282,Re_61p755954,developing_periodic_shedding,periodic,train,2056.54352186,35
198,61.7559536282,Re_61p755954,developing_periodic_shedding,periodic,train,2071.55478844,36
199,61.7559536282,Re_61p755954,developing_periodic_shedding,periodic,train,2086.56605502,37
200,61.7559536282,Re_61p755954,developing_periodic_shedding,periodic,train,2101.57732161,38
201,61.7559536282,Re_61p755954,developing_periodic_shedding,periodic,train,2116.58858819,39
202,61.7559536282,Re_61p755954,developing_periodic_shedding,periodic,train,2131.59985477,40
203,61.7559536282,Re_61p755954,developing_periodic_shedding,periodic,train,2146.61112135,41
204,61.7559536282,Re_61p755954,developing_periodic_shedding,periodic,train,2161.62238794,42
205,61.7559536282,Re_61p755954,developing_periodic_shedding,periodic,train,2176.63365452,43
206,61.7559536282,Re_61p755954,developing_periodic_shedding,periodic,train,2191.6449211,44
207,61.7559536282,Re_61p755954,developing_periodic_shedding,periodic,train,2206.65618769,45
208,61.7559536282,Re_61p755954,developing_periodic_shedding,periodic,train,2221.66745427,46
209,61.7559536282,Re_61p755954,developing_periodic_shedding,periodic,train,2236.67872085,47
210,61.7559536282,Re_61p755954,developing_periodic_shedding,periodic,train,2251.68998743,48
211,61.7559536282,Re_61p755954,developing_periodic_shedding,periodic,train,2266.70125402,49
212,61.7559536282,Re_61p755954,developing_periodic_shedding,periodic,train,2281.7125206,50
213,61.7559536282,Re_61p755954,developing_periodic_shedding,periodic,train,2296.72378718,51
214,61.7559536282,Re_61p755954,developing_periodic_shedding,periodic,train,2311.73505377,52
215,61.7559536282,Re_61p755954,developing_periodic_shedding,periodic,train,2326.74632035,53
216,61.7559536282,Re_61p755954,developing_periodic_shedding,periodic,train,2341.75758693,54
217,61.7559536282,Re_61p755954,developing_periodic_shedding,periodic,train,2356.76885352,55
218,61.7559536282,Re_61p755954,developing_periodic_shedding,periodic,train,2371.7801201,56
219,61.7559536282,Re_61p755954,developing_periodic_shedding,periodic,train,2386.79138668,57
220,61.7559536282,Re_61p755954,developing_periodic_shedding,periodic,train,2401.80265326,58
221,61.7559536282,Re_61p755954,developing_periodic_shedding,periodic,train,2416.81391985,59
222,61.7559536282,Re_61p755954,developing_periodic_shedding,periodic,train,2431.82518643,60
223,61.7559536282,Re_61p755954,developing_periodic_shedding,periodic,train,2446.83645301,61
224,61.7559536282,Re_61p755954,developing_periodic_shedding,periodic,train,2461.8477196,62
225,61.7559536282,Re_61p755954,developing_periodic_shedding,periodic,train,2476.85898618,63
226,61.7559536282,Re_61p755954,developing_periodic_shedding,periodic,train,2491.87025276,64
227,61.7559536282,Re_61p755954,developing_periodic_shedding,periodic,train,2506.88151934,65
228,61.7559536282,Re_61p755954,developing_periodic_shedding,periodic,train,2521.89278593,66
229,61.7559536282,Re_61p755954,developing_periodic_shedding,periodic,train,2536.90405251,67
230,61.7559536282,Re_61p755954,developing_periodic_shedding,periodic,train,2551.91531909,68
231,61.7559536282,Re_61p755954,developing_periodic_shedding,periodic,train,2566.92658568,69
232,61.7559536282,Re_61p755954,developing_periodic_shedding,periodic,train,2581.93785226,70
233,61.7559536282,Re_61p755954,developing_periodic_shedding,periodic,train,2596.94911884,71
234,61.7559536282,Re_61p755954,developing_periodic_shedding,periodic,train,2611.96038542,72
235,61.7559536282,Re_61p755954,developing_periodic_shedding,periodic,train,2626.97165201,73
236,61.7559536282,Re_61p755954,developing_periodic_shedding,periodic,train,2641.98291859,74
237,61.7559536282,Re_61p755954,developing_periodic_shedding,periodic,train,2656.99418517,75
238,61.7559536282,Re_61p755954,developing_periodic_shedding,periodic,train,2672.00545176,76
239,61.7559536282,Re_61p755954,developing_periodic_shedding,periodic,train,2687.01671834,77
240,61.7559536282,Re_61p755954,developing_periodic_shedding,periodic,train,2702.02798492,78
241,61.7559536282,Re_61p755954,developing_periodic_shedding,periodic,train,2717.0392515,79
242,61.7559536282,Re_61p755954,developing_periodic_shedding,periodic,train,2732.05051809,80
243,61.7559536282,Re_61p755954,developing_periodic_shedding,periodic,train,2747.06178467,81
244,61.7559536282,Re_61p755954,developing_periodic_shedding,periodic,train,2762.07305125,82
245,61.7559536282,Re_61p755954,developing_periodic_shedding,periodic,train,2777.08431784,83
246,61.7559536282,Re_61p755954,developing_periodic_shedding,periodic,train,2792.09558442,84
247,61.7559536282,Re_61p755954,developing_periodic_shedding,periodic,train,2807.106851,85
248,61.7559536282,Re_61p755954,developing_periodic_shedding,periodic,train,2822.11811759,86
249,61.7559536282,Re_61p755954,developing_periodic_shedding,periodic,train,2837.12938417,87
250,61.7559536282,Re_61p755954,developing_periodic_shedding,periodic,train,2852.14065075,88
251,61.7559536282,Re_61p755954,developing_periodic_shedding,periodic,train,2867.15191733,89
252,61.7559536282,Re_61p755954,developing_periodic_shedding,periodic,train,2882.16318392,90
253,61.7559536282,Re_61p755954,developing_periodic_shedding,periodic,train,2897.1744505,91
254,61.7559536282,Re_61p755954,developing_periodic_shedding,periodic,train,2912.18571708,92
255,61.7559536282,Re_61p755954,developing_periodic_shedding,periodic,train,2927.19698367,93
256,61.7559536282,Re_61p755954,developing_periodic_shedding,periodic,train,2942.20825025,94
257,61.7559536282,Re_61p755954,developing_periodic_shedding,periodic,train,2957.21951683,95
258,61.7559536282,Re_61p755954,developing_periodic_shedding,periodic,train,2972.23078341,96
259,61.7559536282,Re_61p755954,developing_periodic_shedding,periodic,train,2987.24205,97
260,61.7559536282,Re_61p755954,developing_periodic_shedding,periodic,train,3002.25331658,98
261,61.7559536282,Re_61p755954,developing_periodic_shedding,periodic,train,3017.26458316,99
262,61.7559536282,Re_61p755954,developing_periodic_shedding,periodic,train,3032.27584975,100
263,61.7559536282,Re_61p755954,developing_periodic_shedding,periodic,train,3047.28711633,101
264,61.7559536282,Re_61p755954,developing_periodic_shedding,periodic,train,3062.29838291,102
265,61.7559536282,Re_61p755954,developing_periodic_shedding,periodic,train,3077.30964949,103
266,61.7559536282,Re_61p755954,developing_periodic_shedding,periodic,train,3092.32091608,104
267,61.7559536282,Re_61p755954,developing_periodic_shedding,periodic,train,3107.33218266,105
268,61.7559536282,Re_61p755954,developing_periodic_shedding,periodic,train,3122.34344924,106
269,61.7559536282,Re_61p755954,developing_periodic_shedding,periodic,train,3137.35471583,107
270,61.7559536282,Re_61p755954,developing_periodic_shedding,periodic,train,3152.36598241,108
271,61.7559536282,Re_61p755954,developing_periodic_shedding,periodic,train,3167.37724899,109
272,61.7559536282,Re_61p755954,developing_periodic_shedding,periodic,train,3182.38851557,110
273,61.7559536282,Re_61p755954,developing_periodic_shedding,periodic,train,3197.39978216,111
274,61.7559536282,Re_61p755954,developing_periodic_shedding,periodic,train,3212.41104874,112
275,61.7559536282,Re_61p755954,developing_periodic_shedding,periodic,train,3227.42231532,113
276,61.7559536282,Re_61p755954,developing_periodic_shedding,periodic,train,3242.43358191,114
277,61.7559536282,Re_61p755954,developing_periodic_shedding,periodic,train,3257.44484849,115
278,61.7559536282,Re_61p755954,developing_periodic_shedding,periodic,train,3272.45611507,116
279,61.7559536282,Re_61p755954,developing_periodic_shedding,periodic,train,3287.46738166,117
280,61.7559536282,Re_61p755954,developing_periodic_shedding,periodic,train,3302.47864824,118
281,61.7559536282,Re_61p755954,developing_periodic_shedding,periodic,train,3317.48991482,119
282,61.7559536282,Re_61p755954,developing_periodic_shedding,periodic,train,3332.5011814,120
283,61.7559536282,Re_61p755954,developing_periodic_shedding,periodic,train,3347.51244799,121
284,61.7559536282,Re_61p755954,developing_periodic_shedding,periodic,train,3362.52371457,122
285,61.7559536282,Re_61p755954,developing_periodic_shedding,periodic,train,3377.53498115,123
286,61.7559536282,Re_61p755954,developing_periodic_shedding,periodic,train,3392.54624774,124
287,61.7559536282,Re_61p755954,developing_periodic_shedding,periodic,train,3407.55751432,125
288,61.7559536282,Re_61p755954,developing_periodic_shedding,periodic,train,3422.5687809,126
289,61.7559536282,Re_61p755954,developing_periodic_shedding,periodic,train,3437.58004748,127
290,61.7559536282,Re_61p755954,developing_periodic_shedding,periodic,train,3452.59131407,128
291,61.7559536282,Re_61p755954,developing_periodic_shedding,periodic,train,3467.60258065,129
292,61.7559536282,Re_61p755954,developing_periodic_shedding,periodic,train,3482.61384723,130
293,61.7559536282,Re_61p755954,developing_periodic_shedding,periodic,train,3497.62511382,131
294,61.7559536282,Re_61p755954,developing_periodic_shedding,periodic,train,3512.6363804,132
295,61.7559536282,Re_61p755954,developing_periodic_shedding,periodic,train,3527.64764698,133
296,61.7559536282,Re_61p755954,developing_periodic_shedding,periodic,train,3542.65891356,134
297,61.7559536282,Re_61p755954,developing_periodic_shedding,periodic,train,3557.67018015,135
298,61.7559536282,Re_61p755954,developing_periodic_shedding,periodic,train,3572.68144673,136
299,61.7559536282,Re_61p755954,developing_periodic_shedding,periodic,train,3587.69271331,137
300,61.7559536282,Re_61p755954,developing_periodic_shedding,periodic,train,3602.7039799,138
301,61.7559536282,Re_61p755954,developing_periodic_shedding,periodic,train,3617.71524648,139
302,61.7559536282,Re_61p755954,developing_periodic_shedding,periodic,train,3632.72651306,140
303,61.7559536282,Re_61p755954,developing_periodic_shedding,periodic,train,3647.73777964,141
304,61.7559536282,Re_61p755954,developing_periodic_shedding,periodic,train,3662.74904623,142
305,61.7559536282,Re_61p755954,developing_periodic_shedding,periodic,train,3677.76031281,143
306,61.7559536282,Re_61p755954,developing_periodic_shedding,periodic,train,3692.77157939,144
307,61.7559536282,Re_61p755954,developing_periodic_shedding,periodic,train,3707.78284598,145
308,61.7559536282,Re_61p755954,developing_periodic_shedding,periodic,train,3722.79411256,146
309,61.7559536282,Re_61p755954,developing_periodic_shedding,periodic,train,3737.80537914,147
310,61.7559536282,Re_61p755954,developing_periodic_shedding,periodic,train,3752.81664572,148
311,61.7559536282,Re_61p755954,developing_periodic_shedding,periodic,train,3767.82791231,149
312,61.7559536282,Re_61p755954,developing_periodic_shedding,periodic,train,3782.83917889,150
313,61.7559536282,Re_61p755954,developing_periodic_shedding,periodic,train,3797.85044547,151
314,61.7559536282,Re_61p755954,developing_periodic_shedding,periodic,train,3812.86171206,152
315,61.7559536282,Re_61p755954,developing_periodic_shedding,periodic,train,3827.87297864,153
316,61.7559536282,Re_61p755954,developing_periodic_shedding,periodic,train,3842.88424522,154
317,61.7559536282,Re_61p755954,developing_periodic_shedding,periodic,train,3857.89551181,155
318,61.7559536282,Re_61p755954,developing_periodic_shedding,periodic,train,3872.90677839,156
319,61.7559536282,Re_61p755954,developing_periodic_shedding,periodic,train,3887.91804497,157
320,61.7559536282,Re_61p755954,developing_periodic_shedding,periodic,train,3902.92931155,158
321,61.7559536282,Re_61p755954,developing_periodic_shedding,periodic,train,3917.94057814,159
322,61.7559536282,Re_61p755954,developing_periodic_shedding,periodic,train,3932.95184472,160
323,63.499816815,Re_63p499817,developing_periodic_shedding,periodic,train,691.85290046,0
324,63.499816815,Re_63p499817,developing_periodic_shedding,periodic,train,704.5003649,1
325,63.499816815,Re_63p499817,developing_periodic_shedding,periodic,train,720.88409431,2
326,63.499816815,Re_63p499817,developing_periodic_shedding,periodic,train,737.26782373,3
327,63.499816815,Re_63p499817,developing_periodic_shedding,periodic,train,753.65155315,4
328,63.499816815,Re_63p499817,developing_periodic_shedding,periodic,train,770.03528256,5
329,63.499816815,Re_63p499817,developing_periodic_shedding,periodic,train,786.41901198,6
330,63.499816815,Re_63p499817,developing_periodic_shedding,periodic,train,802.80274139,7
331,63.499816815,Re_63p499817,developing_periodic_shedding,periodic,train,819.18647081,8
332,63.499816815,Re_63p499817,developing_periodic_shedding,periodic,train,835.57020023,9
333,63.499816815,Re_63p499817,developing_periodic_shedding,periodic,train,851.95392964,10
334,63.499816815,Re_63p499817,developing_periodic_shedding,periodic,train,868.33765906,11
335,63.499816815,Re_63p499817,developing_periodic_shedding,periodic,train,884.72138847,12
336,63.499816815,Re_63p499817,developing_periodic_shedding,periodic,train,901.10511789,13
337,63.499816815,Re_63p499817,developing_periodic_shedding,periodic,train,917.48884731,14
338,63.499816815,Re_63p499817,developing_periodic_shedding,periodic,train,933.87257672,15
339,63.499816815,Re_63p499817,developing_periodic_shedding,periodic,train,950.25630614,16
340,63.499816815,Re_63p499817,developing_periodic_shedding,periodic,train,966.64003556,17
341,63.499816815,Re_63p499817,developing_periodic_shedding,periodic,train,983.02376497,18
342,63.499816815,Re_63p499817,developing_periodic_shedding,periodic,train,999.40749439,19
343,63.499816815,Re_63p499817,developing_periodic_shedding,periodic,train,1015.7912238,20
344,63.499816815,Re_63p499817,developing_periodic_shedding,periodic,train,1032.17495322,21
345,63.499816815,Re_63p499817,developing_periodic_shedding,periodic,train,1048.55868264,22
346,63.499816815,Re_63p499817,developing_periodic_shedding,periodic,train,1064.94241205,23
347,63.499816815,Re_63p499817,developing_periodic_shedding,periodic,train,1081.32614147,24
348,63.499816815,Re_63p499817,developing_periodic_shedding,periodic,train,1097.70987089,25
349,63.499816815,Re_63p499817,developing_periodic_shedding,periodic,train,1114.0936003,26
350,63.499816815,Re_63p499817,developing_periodic_shedding,periodic,train,1130.47732972,27
351,63.499816815,Re_63p499817,developing_periodic_shedding,periodic,train,1146.86105913,28
352,63.499816815,Re_63p499817,developing_periodic_shedding,periodic,train,1163.24478855,29
353,63.499816815,Re_63p499817,developing_periodic_shedding,periodic,train,1179.62851797,30
354,63.499816815,Re_63p499817,developing_periodic_shedding,periodic,train,1196.01224738,31
355,63.499816815,Re_63p499817,developing_periodic_shedding,periodic,train,1212.3959768,32
356,63.499816815,Re_63p499817,developing_periodic_shedding,periodic,train,1228.77970622,33
357,63.499816815,Re_63p499817,developing_periodic_shedding,periodic,train,1245.16343563,34
358,63.499816815,Re_63p499817,developing_periodic_shedding,periodic,train,1261.54716505,35
359,63.499816815,Re_63p499817,developing_periodic_shedding,periodic,train,1277.93089446,36
360,63.499816815,Re_63p499817,developing_periodic_shedding,periodic,train,1294.31462388,37
361,63.499816815,Re_63p499817,developing_periodic_shedding,periodic,train,1310.6983533,38
362,63.499816815,Re_63p499817,developing_periodic_shedding,periodic,train,1327.08208271,39
363,63.499816815,Re_63p499817,developing_periodic_shedding,periodic,train,1343.46581213,40
364,63.499816815,Re_63p499817,developing_periodic_shedding,periodic,train,1359.84954154,41
365,63.499816815,Re_63p499817,developing_periodic_shedding,periodic,train,1376.23327096,42
366,63.499816815,Re_63p499817,developing_periodic_shedding,periodic,train,1392.61700038,43
367,63.499816815,Re_63p499817,developing_periodic_shedding,periodic,train,1409.00072979,44
368,63.499816815,Re_63p499817,developing_periodic_shedding,periodic,train,1425.38445921,45
369,63.499816815,Re_63p499817,developing_periodic_shedding,periodic,train,1441.76818863,46
370,63.499816815,Re_63p499817,developing_periodic_shedding,periodic,train,1458.15191804,47
371,63.499816815,Re_63p499817,developing_periodic_shedding,periodic,train,1474.53564746,48
372,63.499816815,Re_63p499817,developing_periodic_shedding,periodic,train,1490.91937687,49
373,63.499816815,Re_63p499817,developing_periodic_shedding,periodic,train,1507.30310629,50
374,63.499816815,Re_63p499817,developing_periodic_shedding,periodic,train,1523.68683571,51
375,63.499816815,Re_63p499817,developing_periodic_shedding,periodic,train,1540.07056512,52
376,63.499816815,Re_63p499817,developing_periodic_shedding,periodic,train,1556.45429454,53
377,63.499816815,Re_63p499817,developing_periodic_shedding,periodic,train,1572.83802396,54
378,63.499816815,Re_63p499817,developing_periodic_shedding,periodic,train,1589.22175337,55
379,63.499816815,Re_63p499817,developing_periodic_shedding,periodic,train,1605.60548279,56
380,63.499816815,Re_63p499817,developing_periodic_shedding,periodic,train,1621.9892122,57
381,63.499816815,Re_63p499817,developing_periodic_shedding,periodic,train,1638.37294162,58
382,63.499816815,Re_63p499817,developing_periodic_shedding,periodic,train,1654.75667104,59
383,63.499816815,Re_63p499817,developing_periodic_shedding,periodic,train,1671.14040045,60
384,63.499816815,Re_63p499817,developing_periodic_shedding,periodic,train,1687.52412987,61
385,63.499816815,Re_63p499817,developing_periodic_shedding,periodic,train,1703.90785928,62
386,63.499816815,Re_63p499817,developing_periodic_shedding,periodic,train,1720.2915887,63
387,63.499816815,Re_63p499817,developing_periodic_shedding,periodic,train,1736.67531812,64
388,63.499816815,Re_63p499817,developing_periodic_shedding,periodic,train,1753.05904753,65
389,63.499816815,Re_63p499817,developing_periodic_shedding,periodic,train,1769.44277695,66
390,63.499816815,Re_63p499817,developing_periodic_shedding,periodic,train,1785.82650637,67
391,63.499816815,Re_63p499817,developing_periodic_shedding,periodic,train,1802.21023578,68
392,63.499816815,Re_63p499817,developing_periodic_shedding,periodic,train,1818.5939652,69
393,63.499816815,Re_63p499817,developing_periodic_shedding,periodic,train,1834.97769461,70
394,63.499816815,Re_63p499817,developing_periodic_shedding,periodic,train,1851.36142403,71
395,63.499816815,Re_63p499817,developing_periodic_shedding,periodic,train,1867.74515345,72
396,63.499816815,Re_63p499817,developing_periodic_shedding,periodic,train,1884.12888286,73
397,63.499816815,Re_63p499817,developing_periodic_shedding,periodic,train,1900.51261228,74
398,63.499816815,Re_63p499817,developing_periodic_shedding,periodic,train,1916.8963417,75
399,63.499816815,Re_63p499817,developing_periodic_shedding,periodic,train,1933.28007111,76
400,63.499816815,Re_63p499817,developing_periodic_shedding,periodic,train,1949.66380053,77
401,63.499816815,Re_63p499817,developing_periodic_shedding,periodic,train,1966.04752994,78
402,63.499816815,Re_63p499817,developing_periodic_shedding,periodic,train,1982.43125936,79
403,63.499816815,Re_63p499817,developing_periodic_shedding,periodic,train,1998.81498878,80
404,63.499816815,Re_63p499817,developing_periodic_shedding,periodic,train,2015.19871819,81
405,63.499816815,Re_63p499817,developing_periodic_shedding,periodic,train,2031.58244761,82
406,63.499816815,Re_63p499817,developing_periodic_shedding,periodic,train,2047.96617703,83
407,63.499816815,Re_63p499817,developing_periodic_shedding,periodic,train,2064.34990644,84
408,63.499816815,Re_63p499817,developing_periodic_shedding,periodic,train,2080.73363586,85
409,63.499816815,Re_63p499817,developing_periodic_shedding,periodic,train,2097.11736527,86
410,63.499816815,Re_63p499817,developing_periodic_shedding,periodic,train,2113.50109469,87
411,63.499816815,Re_63p499817,developing_periodic_shedding,periodic,train,2129.88482411,88
412,63.499816815,Re_63p499817,developing_periodic_shedding,periodic,train,2146.26855352,89
413,63.499816815,Re_63p499817,developing_periodic_shedding,periodic,train,2162.65228294,90
414,63.499816815,Re_63p499817,developing_periodic_shedding,periodic,train,2179.03601235,91
415,63.499816815,Re_63p499817,developing_periodic_shedding,periodic,train,2195.41974177,92
416,63.499816815,Re_63p499817,developing_periodic_shedding,periodic,train,2211.80347119,93
417,63.499816815,Re_63p499817,developing_periodic_shedding,periodic,train,2228.1872006,94
418,63.499816815,Re_63p499817,developing_periodic_shedding,periodic,train,2244.57093002,95
419,63.499816815,Re_63p499817,developing_periodic_shedding,periodic,train,2260.95465944,96
420,63.499816815,Re_63p499817,developing_periodic_shedding,periodic,train,2277.33838885,97
421,63.499816815,Re_63p499817,developing_periodic_shedding,periodic,train,2293.72211827,98
422,63.499816815,Re_63p499817,developing_periodic_shedding,periodic,train,2310.10584768,99
423,63.499816815,Re_63p499817,developing_periodic_shedding,periodic,train,2326.4895771,100
424,63.499816815,Re_63p499817,developing_periodic_shedding,periodic,train,2342.87330652,101
425,63.499816815,Re_63p499817,developing_periodic_shedding,periodic,train,2359.25703593,102
426,63.499816815,Re_63p499817,developing_periodic_shedding,periodic,train,2375.64076535,103
427,63.499816815,Re_63p499817,developing_periodic_shedding,periodic,train,2392.02449477,104
428,63.499816815,Re_63p499817,developing_periodic_shedding,periodic,train,2408.40822418,105
429,63.499816815,Re_63p499817,developing_periodic_shedding,periodic,train,2424.7919536,106
430,63.499816815,Re_63p499817,developing_periodic_shedding,periodic,train,2441.17568301,107
431,63.499816815,Re_63p499817,developing_periodic_shedding,periodic,train,2457.55941243,108
432,63.499816815,Re_63p499817,developing_periodic_shedding,periodic,train,2473.94314185,109
433,63.499816815,Re_63p499817,developing_periodic_shedding,periodic,train,2490.32687126,110
434,63.499816815,Re_63p499817,developing_periodic_shedding,periodic,train,2506.71060068,111
435,63.499816815,Re_63p499817,developing_periodic_shedding,periodic,train,2523.09433009,112
436,63.499816815,Re_63p499817,developing_periodic_shedding,periodic,train,2539.47805951,113
437,63.499816815,Re_63p499817,developing_periodic_shedding,periodic,train,2555.86178893,114
438,63.499816815,Re_63p499817,developing_periodic_shedding,periodic,train,2572.24551834,115
439,63.499816815,Re_63p499817,developing_periodic_shedding,periodic,train,2588.62924776,116
440,63.499816815,Re_63p499817,developing_periodic_shedding,periodic,train,2605.01297718,117
441,63.499816815,Re_63p499817,developing_periodic_shedding,periodic,train,2621.39670659,118
442,63.499816815,Re_63p499817,developing_periodic_shedding,periodic,train,2637.78043601,119
443,63.499816815,Re_63p499817,developing_periodic_shedding,periodic,train,2654.16416542,120
444,63.499816815,Re_63p499817,developing_periodic_shedding,periodic,train,2670.54789484,121
445,63.499816815,Re_63p499817,developing_periodic_shedding,periodic,train,2686.93162426,122
446,63.499816815,Re_63p499817,developing_periodic_shedding,periodic,train,2703.31535367,123
447,63.499816815,Re_63p499817,developing_periodic_shedding,periodic,train,2719.69908309,124
448,63.499816815,Re_63p499817,developing_periodic_shedding,periodic,train,2736.08281251,125
449,63.499816815,Re_63p499817,developing_periodic_shedding,periodic,train,2752.46654192,126
450,63.499816815,Re_63p499817,developing_periodic_shedding,periodic,train,2768.85027134,127
451,63.499816815,Re_63p499817,developing_periodic_shedding,periodic,train,2785.23400075,128
452,63.499816815,Re_63p499817,developing_periodic_shedding,periodic,train,2801.61773017,129
453,63.499816815,Re_63p499817,developing_periodic_shedding,periodic,train,2818.00145959,130
454,63.499816815,Re_63p499817,developing_periodic_shedding,periodic,train,2834.385189,131
455,63.499816815,Re_63p499817,developing_periodic_shedding,periodic,train,2850.76891842,132
456,63.499816815,Re_63p499817,developing_periodic_shedding,periodic,train,2867.15264784,133
457,63.499816815,Re_63p499817,developing_periodic_shedding,periodic,train,2883.53637725,134
458,63.499816815,Re_63p499817,developing_periodic_shedding,periodic,train,2899.92010667,135
459,63.499816815,Re_63p499817,developing_periodic_shedding,periodic,train,2916.30383608,136
460,63.499816815,Re_63p499817,developing_periodic_shedding,periodic,train,2932.6875655,137
461,63.499816815,Re_63p499817,developing_periodic_shedding,periodic,train,2949.07129492,138
462,63.499816815,Re_63p499817,developing_periodic_shedding,periodic,train,2965.45502433,139
463,63.499816815,Re_63p499817,developing_periodic_shedding,periodic,train,2981.83875375,140
464,63.499816815,Re_63p499817,developing_periodic_shedding,periodic,train,2998.22248316,141
465,63.499816815,Re_63p499817,developing_periodic_shedding,periodic,train,3014.60621258,142
466,63.499816815,Re_63p499817,developing_periodic_shedding,periodic,train,3030.989942,143
467,63.499816815,Re_63p499817,developing_periodic_shedding,periodic,train,3047.37367141,144
468,63.499816815,Re_63p499817,developing_periodic_shedding,periodic,train,3063.75740083,145
469,63.499816815,Re_63p499817,developing_periodic_shedding,periodic,train,3080.14113025,146
470,63.499816815,Re_63p499817,developing_periodic_shedding,periodic,train,3096.52485966,147
471,63.499816815,Re_63p499817,developing_periodic_shedding,periodic,train,3112.90858908,148
472,63.499816815,Re_63p499817,developing_periodic_shedding,periodic,train,3129.29231849,149
473,63.499816815,Re_63p499817,developing_periodic_shedding,periodic,train,3145.67604791,150
474,63.499816815,Re_63p499817,developing_periodic_shedding,periodic,train,3162.05977733,151
475,63.499816815,Re_63p499817,developing_periodic_shedding,periodic,train,3178.44350674,152
476,63.499816815,Re_63p499817,developing_periodic_shedding,periodic,train,3194.82723616,153
477,63.499816815,Re_63p499817,developing_periodic_shedding,periodic,train,3211.21096558,154
478,63.499816815,Re_63p499817,developing_periodic_shedding,periodic,train,3227.59469499,155
479,63.499816815,Re_63p499817,developing_periodic_shedding,periodic,train,3243.97842441,156
480,63.499816815,Re_63p499817,developing_periodic_shedding,periodic,train,3260.36215382,157
481,63.499816815,Re_63p499817,developing_periodic_shedding,periodic,train,3276.74588324,158
482,63.499816815,Re_63p499817,developing_periodic_shedding,periodic,train,3293.12961266,159
483,63.499816815,Re_63p499817,developing_periodic_shedding,periodic,train,3309.51334207,160
484,65.2598292316,Re_65p259829,developing_periodic_shedding,periodic,train,1413.39290511,0
485,65.2598292316,Re_65p259829,developing_periodic_shedding,periodic,train,1427.24969829,1
486,65.2598292316,Re_65p259829,developing_periodic_shedding,periodic,train,1441.10649148,2
487,65.2598292316,Re_65p259829,developing_periodic_shedding,periodic,train,1454.96328467,3
488,65.2598292316,Re_65p259829,developing_periodic_shedding,periodic,train,1468.82007785,4
489,65.2598292316,Re_65p259829,developing_periodic_shedding,periodic,train,1482.67687104,5
490,65.2598292316,Re_65p259829,developing_periodic_shedding,periodic,train,1496.53366423,6
491,65.2598292316,Re_65p259829,developing_periodic_shedding,periodic,train,1510.39045742,7
492,65.2598292316,Re_65p259829,developing_periodic_shedding,periodic,train,1524.2472506,8
493,65.2598292316,Re_65p259829,developing_periodic_shedding,periodic,train,1538.10404379,9
494,65.2598292316,Re_65p259829,developing_periodic_shedding,periodic,train,1551.96083698,10
495,65.2598292316,Re_65p259829,developing_periodic_shedding,periodic,train,1565.81763016,11
496,65.2598292316,Re_65p259829,developing_periodic_shedding,periodic,train,1579.67442335,12
497,65.2598292316,Re_65p259829,developing_periodic_shedding,periodic,train,1593.53121654,13
498,65.2598292316,Re_65p259829,developing_periodic_shedding,periodic,train,1607.38800973,14
499,65.2598292316,Re_65p259829,developing_periodic_shedding,periodic,train,1621.24480291,15
500,65.2598292316,Re_65p259829,developing_periodic_shedding,periodic,train,1635.1015961,16
501,65.2598292316,Re_65p259829,developing_periodic_shedding,periodic,train,1648.95838929,17
502,65.2598292316,Re_65p259829,developing_periodic_shedding,periodic,train,1662.81518248,18
503,65.2598292316,Re_65p259829,developing_periodic_shedding,periodic,train,1676.67197566,19
504,65.2598292316,Re_65p259829,developing_periodic_shedding,periodic,train,1690.52876885,20
505,65.2598292316,Re_65p259829,developing_periodic_shedding,periodic,train,1704.38556204,21
506,65.2598292316,Re_65p259829,developing_periodic_shedding,periodic,train,1718.24235523,22
507,65.2598292316,Re_65p259829,developing_periodic_shedding,periodic,train,1732.09914841,23
508,65.2598292316,Re_65p259829,developing_periodic_shedding,periodic,train,1745.9559416,24
509,65.2598292316,Re_65p259829,developing_periodic_shedding,periodic,train,1759.81273479,25
510,65.2598292316,Re_65p259829,developing_periodic_shedding,periodic,train,1773.66952797,26
511,65.2598292316,Re_65p259829,developing_periodic_shedding,periodic,train,1787.52632116,27
512,65.2598292316,Re_65p259829,developing_periodic_shedding,periodic,train,1801.38311435,28
513,65.2598292316,Re_65p259829,developing_periodic_shedding,periodic,train,1815.23990754,29
514,65.2598292316,Re_65p259829,developing_periodic_shedding,periodic,train,1829.09670072,30
515,65.2598292316,Re_65p259829,developing_periodic_shedding,periodic,train,1842.95349391,31
516,65.2598292316,Re_65p259829,developing_periodic_shedding,periodic,train,1856.8102871,32
517,65.2598292316,Re_65p259829,developing_periodic_shedding,periodic,train,1870.66708029,33
518,65.2598292316,Re_65p259829,developing_periodic_shedding,periodic,train,1884.52387347,34
519,65.2598292316,Re_65p259829,developing_periodic_shedding,periodic,train,1898.38066666,35
520,65.2598292316,Re_65p259829,developing_periodic_shedding,periodic,train,1912.23745985,36
521,65.2598292316,Re_65p259829,developing_periodic_shedding,periodic,train,1926.09425303,37
522,65.2598292316,Re_65p259829,developing_periodic_shedding,periodic,train,1939.95104622,38
523,65.2598292316,Re_65p259829,developing_periodic_shedding,periodic,train,1953.80783941,39
524,65.2598292316,Re_65p259829,developing_periodic_shedding,periodic,train,1967.6646326,40
525,65.2598292316,Re_65p259829,developing_periodic_shedding,periodic,train,1981.52142578,41
526,65.2598292316,Re_65p259829,developing_periodic_shedding,periodic,train,1995.37821897,42
527,65.2598292316,Re_65p259829,developing_periodic_shedding,periodic,train,2009.23501216,43
528,65.2598292316,Re_65p259829,developing_periodic_shedding,periodic,train,2023.09180535,44
529,65.2598292316,Re_65p259829,developing_periodic_shedding,periodic,train,2036.94859853,45
530,65.2598292316,Re_65p259829,developing_periodic_shedding,periodic,train,2050.80539172,46
531,65.2598292316,Re_65p259829,developing_periodic_shedding,periodic,train,2064.66218491,47
532,65.2598292316,Re_65p259829,developing_periodic_shedding,periodic,train,2078.51897809,48
533,65.2598292316,Re_65p259829,developing_periodic_shedding,periodic,train,2092.37577128,49
534,65.2598292316,Re_65p259829,developing_periodic_shedding,periodic,train,2106.23256447,50
535,65.2598292316,Re_65p259829,developing_periodic_shedding,periodic,train,2120.08935766,51
536,65.2598292316,Re_65p259829,developing_periodic_shedding,periodic,train,2133.94615084,52
537,65.2598292316,Re_65p259829,developing_periodic_shedding,periodic,train,2147.80294403,53
538,65.2598292316,Re_65p259829,developing_periodic_shedding,periodic,train,2161.65973722,54
539,65.2598292316,Re_65p259829,developing_periodic_shedding,periodic,train,2175.51653041,55
540,65.2598292316,Re_65p259829,developing_periodic_shedding,periodic,train,2189.37332359,56
541,65.2598292316,Re_65p259829,developing_periodic_shedding,periodic,train,2203.23011678,57
542,65.2598292316,Re_65p259829,developing_periodic_shedding,periodic,train,2217.08690997,58
543,65.2598292316,Re_65p259829,developing_periodic_shedding,periodic,train,2230.94370316,59
544,65.2598292316,Re_65p259829,developing_periodic_shedding,periodic,train,2244.80049634,60
545,65.2598292316,Re_65p259829,developing_periodic_shedding,periodic,train,2258.65728953,61
546,65.2598292316,Re_65p259829,developing_periodic_shedding,periodic,train,2272.51408272,62
547,65.2598292316,Re_65p259829,developing_periodic_shedding,periodic,train,2286.3708759,63
548,65.2598292316,Re_65p259829,developing_periodic_shedding,periodic,train,2300.22766909,64
549,65.2598292316,Re_65p259829,developing_periodic_shedding,periodic,train,2314.08446228,65
550,65.2598292316,Re_65p259829,developing_periodic_shedding,periodic,train,2327.94125547,66
551,65.2598292316,Re_65p259829,developing_periodic_shedding,periodic,train,2341.79804865,67
552,65.2598292316,Re_65p259829,developing_periodic_shedding,periodic,train,2355.65484184,68
553,65.2598292316,Re_65p259829,developing_periodic_shedding,periodic,train,2369.51163503,69
554,65.2598292316,Re_65p259829,developing_periodic_shedding,periodic,train,2383.36842822,70
555,65.2598292316,Re_65p259829,developing_periodic_shedding,periodic,train,2397.2252214,71
556,65.2598292316,Re_65p259829,developing_periodic_shedding,periodic,train,2411.08201459,72
557,65.2598292316,Re_65p259829,developing_periodic_shedding,periodic,train,2424.93880778,73
558,65.2598292316,Re_65p259829,developing_periodic_shedding,periodic,train,2438.79560096,74
559,65.2598292316,Re_65p259829,developing_periodic_shedding,periodic,train,2452.65239415,75
560,65.2598292316,Re_65p259829,developing_periodic_shedding,periodic,train,2466.50918734,76
561,65.2598292316,Re_65p259829,developing_periodic_shedding,periodic,train,2480.36598053,77
562,65.2598292316,Re_65p259829,developing_periodic_shedding,periodic,train,2494.22277371,78
563,65.2598292316,Re_65p259829,developing_periodic_shedding,periodic,train,2508.0795669,79
564,65.2598292316,Re_65p259829,developing_periodic_shedding,periodic,train,2521.93636009,80
565,65.2598292316,Re_65p259829,developing_periodic_shedding,periodic,train,2535.79315328,81
566,65.2598292316,Re_65p259829,developing_periodic_shedding,periodic,train,2549.64994646,82
567,65.2598292316,Re_65p259829,developing_periodic_shedding,periodic,train,2563.50673965,83
568,65.2598292316,Re_65p259829,developing_periodic_shedding,periodic,train,2577.36353284,84
569,65.2598292316,Re_65p259829,developing_periodic_shedding,periodic,train,2591.22032603,85
570,65.2598292316,Re_65p259829,developing_periodic_shedding,periodic,train,2605.07711921,86
571,65.2598292316,Re_65p259829,developing_periodic_shedding,periodic,train,2618.9339124,87
572,65.2598292316,Re_65p259829,developing_periodic_shedding,periodic,train,2632.79070559,88
573,65.2598292316,Re_65p259829,developing_periodic_shedding,periodic,train,2646.64749877,89
574,65.2598292316,Re_65p259829,developing_periodic_shedding,periodic,train,2660.50429196,90
575,65.2598292316,Re_65p259829,developing_periodic_shedding,periodic,train,2674.36108515,91
576,65.2598292316,Re_65p259829,developing_periodic_shedding,periodic,train,2688.21787834,92
577,65.2598292316,Re_65p259829,developing_periodic_shedding,periodic,train,2702.07467152,93
578,65.2598292316,Re_65p259829,developing_periodic_shedding,periodic,train,2715.93146471,94
579,65.2598292316,Re_65p259829,developing_periodic_shedding,periodic,train,2729.7882579,95
580,65.2598292316,Re_65p259829,developing_periodic_shedding,periodic,train,2743.64505109,96
581,65.2598292316,Re_65p259829,developing_periodic_shedding,periodic,train,2757.50184427,97
582,65.2598292316,Re_65p259829,developing_periodic_shedding,periodic,train,2771.35863746,98
583,65.2598292316,Re_65p259829,developing_periodic_shedding,periodic,train,2785.21543065,99
584,65.2598292316,Re_65p259829,developing_periodic_shedding,periodic,train,2799.07222383,100
585,65.2598292316,Re_65p259829,developing_periodic_shedding,periodic,train,2812.92901702,101
586,65.2598292316,Re_65p259829,developing_periodic_shedding,periodic,train,2826.78581021,102
587,65.2598292316,Re_65p259829,developing_periodic_shedding,periodic,train,2840.6426034,103
588,65.2598292316,Re_65p259829,developing_periodic_shedding,periodic,train,2854.49939658,104
589,65.2598292316,Re_65p259829,developing_periodic_shedding,periodic,train,2868.35618977,105
590,65.2598292316,Re_65p259829,developing_periodic_shedding,periodic,train,2882.21298296,106
591,65.2598292316,Re_65p259829,developing_periodic_shedding,periodic,train,2896.06977615,107
592,65.2598292316,Re_65p259829,developing_periodic_shedding,periodic,train,2909.92656933,108
593,65.2598292316,Re_65p259829,developing_periodic_shedding,periodic,train,2923.78336252,109
594,65.2598292316,Re_65p259829,developing_periodic_shedding,periodic,train,2937.64015571,110
595,65.2598292316,Re_65p259829,developing_periodic_shedding,periodic,train,2951.49694889,111
596,65.2598292316,Re_65p259829,developing_periodic_shedding,periodic,train,2965.35374208,112
597,65.2598292316,Re_65p259829,developing_periodic_shedding,periodic,train,2979.21053527,113
598,65.2598292316,Re_65p259829,developing_periodic_shedding,periodic,train,2993.06732846,114
599,65.2598292316,Re_65p259829,developing_periodic_shedding,periodic,train,3006.92412164,115
600,65.2598292316,Re_65p259829,developing_periodic_shedding,periodic,train,3020.78091483,116
601,65.2598292316,Re_65p259829,developing_periodic_shedding,periodic,train,3034.63770802,117
602,65.2598292316,Re_65p259829,developing_periodic_shedding,periodic,train,3048.49450121,118
603,65.2598292316,Re_65p259829,developing_periodic_shedding,periodic,train,3062.35129439,119
604,65.2598292316,Re_65p259829,developing_periodic_shedding,periodic,train,3076.20808758,120
605,65.2598292316,Re_65p259829,developing_periodic_shedding,periodic,train,3090.06488077,121
606,65.2598292316,Re_65p259829,developing_periodic_shedding,periodic,train,3103.92167396,122
607,65.2598292316,Re_65p259829,developing_periodic_shedding,periodic,train,3117.77846714,123
608,65.2598292316,Re_65p259829,developing_periodic_shedding,periodic,train,3131.63526033,124
609,65.2598292316,Re_65p259829,developing_periodic_shedding,periodic,train,3145.49205352,125
610,65.2598292316,Re_65p259829,developing_periodic_shedding,periodic,train,3159.3488467,126
611,65.2598292316,Re_65p259829,developing_periodic_shedding,periodic,train,3173.20563989,127
612,65.2598292316,Re_65p259829,developing_periodic_shedding,periodic,train,3187.06243308,128
613,65.2598292316,Re_65p259829,developing_periodic_shedding,periodic,train,3200.91922627,129
614,65.2598292316,Re_65p259829,developing_periodic_shedding,periodic,train,3214.77601945,130
615,65.2598292316,Re_65p259829,developing_periodic_shedding,periodic,train,3228.63281264,131
616,65.2598292316,Re_65p259829,developing_periodic_shedding,periodic,train,3242.48960583,132
617,65.2598292316,Re_65p259829,developing_periodic_shedding,periodic,train,3256.34639902,133
618,65.2598292316,Re_65p259829,developing_periodic_shedding,periodic,train,3270.2031922,134
619,65.2598292316,Re_65p259829,developing_periodic_shedding,periodic,train,3284.05998539,135
620,65.2598292316,Re_65p259829,developing_periodic_shedding,periodic,train,3297.91677858,136
621,65.2598292316,Re_65p259829,developing_periodic_shedding,periodic,train,3311.77357176,137
622,65.2598292316,Re_65p259829,developing_periodic_shedding,periodic,train,3325.63036495,138
623,65.2598292316,Re_65p259829,developing_periodic_shedding,periodic,train,3339.48715814,139
624,65.2598292316,Re_65p259829,developing_periodic_shedding,periodic,train,3353.34395133,140
625,65.2598292316,Re_65p259829,developing_periodic_shedding,periodic,train,3367.20074451,141
626,65.2598292316,Re_65p259829,developing_periodic_shedding,periodic,train,3381.0575377,142
627,65.2598292316,Re_65p259829,developing_periodic_shedding,periodic,train,3394.91433089,143
628,65.2598292316,Re_65p259829,developing_periodic_shedding,periodic,train,3408.77112408,144
629,65.2598292316,Re_65p259829,developing_periodic_shedding,periodic,train,3422.62791726,145
630,65.2598292316,Re_65p259829,developing_periodic_shedding,periodic,train,3436.48471045,146
631,65.2598292316,Re_65p259829,developing_periodic_shedding,periodic,train,3450.34150364,147
632,65.2598292316,Re_65p259829,developing_periodic_shedding,periodic,train,3464.19829682,148
633,65.2598292316,Re_65p259829,developing_periodic_shedding,periodic,train,3478.05509001,149
634,65.2598292316,Re_65p259829,developing_periodic_shedding,periodic,train,3491.9118832,150
635,65.2598292316,Re_65p259829,developing_periodic_shedding,periodic,train,3505.76867639,151
636,65.2598292316,Re_65p259829,developing_periodic_shedding,periodic,train,3519.62546957,152
637,65.2598292316,Re_65p259829,developing_periodic_shedding,periodic,train,3533.48226276,153
638,65.2598292316,Re_65p259829,developing_periodic_shedding,periodic,train,3547.33905595,154
639,65.2598292316,Re_65p259829,developing_periodic_shedding,periodic,train,3561.19584914,155
640,65.2598292316,Re_65p259829,developing_periodic_shedding,periodic,train,3575.05264232,156
641,65.2598292316,Re_65p259829,developing_periodic_shedding,periodic,train,3588.90943551,157
642,65.2598292316,Re_65p259829,developing_periodic_shedding,periodic,train,3602.7662287,158
643,65.2598292316,Re_65p259829,developing_periodic_shedding,periodic,train,3616.62302189,159
644,65.2598292316,Re_65p259829,developing_periodic_shedding,periodic,train,3630.47981507,160
645,66.9701121204,Re_66p970112,developing_periodic_shedding,periodic,validation,641.06110487,0
646,66.9701121204,Re_66p970112,developing_periodic_shedding,periodic,validation,647.2240949,1
647,66.9701121204,Re_66p970112,developing_periodic_shedding,periodic,validation,662.63419239,2
648,66.9701121204,Re_66p970112,developing_periodic_shedding,periodic,validation,678.04428989,3
649,66.9701121204,Re_66p970112,developing_periodic_shedding,periodic,validation,693.45438739,4
650,66.9701121204,Re_66p970112,developing_periodic_shedding,periodic,validation,708.86448489,5
651,66.9701121204,Re_66p970112,developing_periodic_shedding,periodic,validation,724.27458238,6
652,66.9701121204,Re_66p970112,developing_periodic_shedding,periodic,validation,739.68467988,7
653,66.9701121204,Re_66p970112,developing_periodic_shedding,periodic,validation,755.09477738,8
654,66.9701121204,Re_66p970112,developing_periodic_shedding,periodic,validation,770.50487488,9
655,66.9701121204,Re_66p970112,developing_periodic_shedding,periodic,validation,785.91497237,10
656,66.9701121204,Re_66p970112,developing_periodic_shedding,periodic,validation,801.32506987,11
657,66.9701121204,Re_66p970112,developing_periodic_shedding,periodic,validation,816.73516737,12
658,66.9701121204,Re_66p970112,developing_periodic_shedding,periodic,validation,832.14526487,13
659,66.9701121204,Re_66p970112,developing_periodic_shedding,periodic,validation,847.55536236,14
660,66.9701121204,Re_66p970112,developing_periodic_shedding,periodic,validation,862.96545986,15
661,66.9701121204,Re_66p970112,developing_periodic_shedding,periodic,validation,878.37555736,16
662,66.9701121204,Re_66p970112,developing_periodic_shedding,periodic,validation,893.78565486,17
663,66.9701121204,Re_66p970112,developing_periodic_shedding,periodic,validation,909.19575235,18
664,66.9701121204,Re_66p970112,developing_periodic_shedding,periodic,validation,924.60584985,19
665,66.9701121204,Re_66p970112,developing_periodic_shedding,periodic,validation,940.01594735,20
666,66.9701121204,Re_66p970112,developing_periodic_shedding,periodic,validation,955.42604485,21
667,66.9701121204,Re_66p970112,developing_periodic_shedding,periodic,validation,970.83614234,22
668,66.9701121204,Re_66p970112,developing_periodic_shedding,periodic,validation,986.24623984,23
669,66.9701121204,Re_66p970112,developing_periodic_shedding,periodic,validation,1001.65633734,24
670,66.9701121204,Re_66p970112,developing_periodic_shedding,periodic,validation,1017.06643483,25
671,66.9701121204,Re_66p970112,developing_periodic_shedding,periodic,validation,1032.47653233,26
672,66.9701121204,Re_66p970112,developing_periodic_shedding,periodic,validation,1047.88662983,27
673,66.9701121204,Re_66p970112,developing_periodic_shedding,periodic,validation,1063.29672733,28
674,66.9701121204,Re_66p970112,developing_periodic_shedding,periodic,validation,1078.70682483,29
675,66.9701121204,Re_66p970112,developing_periodic_shedding,periodic,validation,1094.11692232,30
676,66.9701121204,Re_66p970112,developing_periodic_shedding,periodic,validation,1109.52701982,31
677,66.9701121204,Re_66p970112,developing_periodic_shedding,periodic,validation,1124.93711732,32
678,66.9701121204,Re_66p970112,developing_periodic_shedding,periodic,validation,1140.34721482,33
679,66.9701121204,Re_66p970112,developing_periodic_shedding,periodic,validation,1155.75731231,34
680,66.9701121204,Re_66p970112,developing_periodic_shedding,periodic,validation,1171.16740981,35
681,66.9701121204,Re_66p970112,developing_periodic_shedding,periodic,validation,1186.57750731,36
682,66.9701121204,Re_66p970112,developing_periodic_shedding,periodic,validation,1201.98760481,37
683,66.9701121204,Re_66p970112,developing_periodic_shedding,periodic,validation,1217.3977023,38
684,66.9701121204,Re_66p970112,developing_periodic_shedding,periodic,validation,1232.8077998,39
685,66.9701121204,Re_66p970112,developing_periodic_shedding,periodic,validation,1248.2178973,40
686,66.9701121204,Re_66p970112,developing_periodic_shedding,periodic,validation,1263.62799479,41
687,66.9701121204,Re_66p970112,developing_periodic_shedding,periodic,validation,1279.03809229,42
688,66.9701121204,Re_66p970112,developing_periodic_shedding,periodic,validation,1294.44818979,43
689,66.9701121204,Re_66p970112,developing_periodic_shedding,periodic,validation,1309.85828729,44
690,66.9701121204,Re_66p970112,developing_periodic_shedding,periodic,validation,1325.26838479,45
691,66.9701121204,Re_66p970112,developing_periodic_shedding,periodic,validation,1340.67848228,46
692,66.9701121204,Re_66p970112,developing_periodic_shedding,periodic,validation,1356.08857978,47
693,66.9701121204,Re_66p970112,developing_periodic_shedding,periodic,validation,1371.49867728,48
694,66.9701121204,Re_66p970112,developing_periodic_shedding,periodic,validation,1386.90877477,49
695,66.9701121204,Re_66p970112,developing_periodic_shedding,periodic,validation,1402.31887227,50
696,66.9701121204,Re_66p970112,developing_periodic_shedding,periodic,validation,1417.72896977,51
697,66.9701121204,Re_66p970112,developing_periodic_shedding,periodic,validation,1433.13906727,52
698,66.9701121204,Re_66p970112,developing_periodic_shedding,periodic,validation,1448.54916477,53
699,66.9701121204,Re_66p970112,developing_periodic_shedding,periodic,validation,1463.95926226,54
700,66.9701121204,Re_66p970112,developing_periodic_shedding,periodic,validation,1479.36935976,55
701,66.9701121204,Re_66p970112,developing_periodic_shedding,periodic,validation,1494.77945726,56
702,66.9701121204,Re_66p970112,developing_periodic_shedding,periodic,validation,1510.18955476,57
703,66.9701121204,Re_66p970112,developing_periodic_shedding,periodic,validation,1525.59965225,58
704,66.9701121204,Re_66p970112,developing_periodic_shedding,periodic,validation,1541.00974975,59
705,66.9701121204,Re_66p970112,developing_periodic_shedding,periodic,validation,1556.41984725,60
706,66.9701121204,Re_66p970112,developing_periodic_shedding,periodic,validation,1571.82994475,61
707,66.9701121204,Re_66p970112,developing_periodic_shedding,periodic,validation,1587.24004224,62
708,66.9701121204,Re_66p970112,developing_periodic_shedding,periodic,validation,1602.65013974,63
709,66.9701121204,Re_66p970112,developing_periodic_shedding,periodic,validation,1618.06023724,64
710,66.9701121204,Re_66p970112,developing_periodic_shedding,periodic,validation,1633.47033474,65
711,66.9701121204,Re_66p970112,developing_periodic_shedding,periodic,validation,1648.88043223,66
712,66.9701121204,Re_66p970112,developing_periodic_shedding,periodic,validation,1664.29052973,67
713,66.9701121204,Re_66p970112,developing_periodic_shedding,periodic,validation,1679.70062723,68
714,66.9701121204,Re_66p970112,developing_periodic_shedding,periodic,validation,1695.11072473,69
715,66.9701121204,Re_66p970112,developing_periodic_shedding,periodic,validation,1710.52082222,70
716,66.9701121204,Re_66p970112,developing_periodic_shedding,periodic,validation,1725.93091972,71
717,66.9701121204,Re_66p970112,developing_periodic_shedding,periodic,validation,1741.34101722,72
718,66.9701121204,Re_66p970112,developing_periodic_shedding,periodic,validation,1756.75111472,73
719,66.9701121204,Re_66p970112,developing_periodic_shedding,periodic,validation,1772.16121221,74
720,66.9701121204,Re_66p970112,developing_periodic_shedding,periodic,validation,1787.57130971,75
721,66.9701121204,Re_66p970112,developing_periodic_shedding,periodic,validation,1802.98140721,76
722,66.9701121204,Re_66p970112,developing_periodic_shedding,periodic,validation,1818.3915047,77
723,66.9701121204,Re_66p970112,developing_periodic_shedding,periodic,validation,1833.8016022,78
724,66.9701121204,Re_66p970112,developing_periodic_shedding,periodic,validation,1849.2116997,79
725,66.9701121204,Re_66p970112,developing_periodic_shedding,periodic,validation,1864.6217972,80
726,66.9701121204,Re_66p970112,developing_periodic_shedding,periodic,validation,1880.0318947,81
727,66.9701121204,Re_66p970112,developing_periodic_shedding,periodic,validation,1895.44199219,82
728,66.9701121204,Re_66p970112,developing_periodic_shedding,periodic,validation,1910.85208969,83
729,66.9701121204,Re_66p970112,developing_periodic_shedding,periodic,validation,1926.26218719,84
730,66.9701121204,Re_66p970112,developing_periodic_shedding,periodic,validation,1941.67228469,85
731,66.9701121204,Re_66p970112,developing_periodic_shedding,periodic,validation,1957.08238218,86
732,66.9701121204,Re_66p970112,developing_periodic_shedding,periodic,validation,1972.49247968,87
733,66.9701121204,Re_66p970112,developing_periodic_shedding,periodic,validation,1987.90257718,88
734,66.9701121204,Re_66p970112,developing_periodic_shedding,periodic,validation,2003.31267468,89
735,66.9701121204,Re_66p970112,developing_periodic_shedding,periodic,validation,2018.72277217,90
736,66.9701121204,Re_66p970112,developing_periodic_shedding,periodic,validation,2034.13286967,91
737,66.9701121204,Re_66p970112,developing_periodic_shedding,periodic,validation,2049.54296717,92
738,66.9701121204,Re_66p970112,developing_periodic_shedding,periodic,validation,2064.95306467,93
739,66.9701121204,Re_66p970112,developing_periodic_shedding,periodic,validation,2080.36316216,94
740,66.9701121204,Re_66p970112,developing_periodic_shedding,periodic,validation,2095.77325966,95
741,66.9701121204,Re_66p970112,developing_periodic_shedding,periodic,validation,2111.18335716,96
742,66.9701121204,Re_66p970112,developing_periodic_shedding,periodic,validation,2126.59345466,97
743,66.9701121204,Re_66p970112,developing_periodic_shedding,periodic,validation,2142.00355215,98
744,66.9701121204,Re_66p970112,developing_periodic_shedding,periodic,validation,2157.41364965,99
745,66.9701121204,Re_66p970112,developing_periodic_shedding,periodic,validation,2172.82374715,100
746,66.9701121204,Re_66p970112,developing_periodic_shedding,periodic,validation,2188.23384465,101
747,66.9701121204,Re_66p970112,developing_periodic_shedding,periodic,validation,2203.64394214,102
748,66.9701121204,Re_66p970112,developing_periodic_shedding,periodic,validation,2219.05403964,103
749,66.9701121204,Re_66p970112,developing_periodic_shedding,periodic,validation,2234.46413714,104
750,66.9701121204,Re_66p970112,developing_periodic_shedding,periodic,validation,2249.87423463,105
751,66.9701121204,Re_66p970112,developing_periodic_shedding,periodic,validation,2265.28433213,106
752,66.9701121204,Re_66p970112,developing_periodic_shedding,periodic,validation,2280.69442963,107
753,66.9701121204,Re_66p970112,developing_periodic_shedding,periodic,validation,2296.10452713,108
754,66.9701121204,Re_66p970112,developing_periodic_shedding,periodic,validation,2311.51462463,109
755,66.9701121204,Re_66p970112,developing_periodic_shedding,periodic,validation,2326.92472212,110
756,66.9701121204,Re_66p970112,developing_periodic_shedding,periodic,validation,2342.33481962,111
757,66.9701121204,Re_66p970112,developing_periodic_shedding,periodic,validation,2357.74491712,112
758,66.9701121204,Re_66p970112,developing_periodic_shedding,periodic,validation,2373.15501462,113
759,66.9701121204,Re_66p970112,developing_periodic_shedding,periodic,validation,2388.56511211,114
760,66.9701121204,Re_66p970112,developing_periodic_shedding,periodic,validation,2403.97520961,115
761,66.9701121204,Re_66p970112,developing_periodic_shedding,periodic,validation,2419.38530711,116
762,66.9701121204,Re_66p970112,developing_periodic_shedding,periodic,validation,2434.7954046,117
763,66.9701121204,Re_66p970112,developing_periodic_shedding,periodic,validation,2450.2055021,118
764,66.9701121204,Re_66p970112,developing_periodic_shedding,periodic,validation,2465.6155996,119
765,66.9701121204,Re_66p970112,developing_periodic_shedding,periodic,validation,2481.0256971,120
766,66.9701121204,Re_66p970112,developing_periodic_shedding,periodic,validation,2496.4357946,121
767,66.9701121204,Re_66p970112,developing_periodic_shedding,periodic,validation,2511.84589209,122
768,66.9701121204,Re_66p970112,developing_periodic_shedding,periodic,validation,2527.25598959,123
769,66.9701121204,Re_66p970112,developing_periodic_shedding,periodic,validation,2542.66608709,124
770,66.9701121204,Re_66p970112,developing_periodic_shedding,periodic,validation,2558.07618459,125
771,66.9701121204,Re_66p970112,developing_periodic_shedding,periodic,validation,2573.48628208,126
772,66.9701121204,Re_66p970112,developing_periodic_shedding,periodic,validation,2588.89637958,127
773,66.9701121204,Re_66p970112,developing_periodic_shedding,periodic,validation,2604.30647708,128
774,66.9701121204,Re_66p970112,developing_periodic_shedding,periodic,validation,2619.71657458,129
775,66.9701121204,Re_66p970112,developing_periodic_shedding,periodic,validation,2635.12667207,130
776,66.9701121204,Re_66p970112,developing_periodic_shedding,periodic,validation,2650.53676957,131
777,66.9701121204,Re_66p970112,developing_periodic_shedding,periodic,validation,2665.94686707,132
778,66.9701121204,Re_66p970112,developing_periodic_shedding,periodic,validation,2681.35696456,133
779,66.9701121204,Re_66p970112,developing_periodic_shedding,periodic,validation,2696.76706206,134
780,66.9701121204,Re_66p970112,developing_periodic_shedding,periodic,validation,2712.17715956,135
781,66.9701121204,Re_66p970112,developing_periodic_shedding,periodic,validation,2727.58725706,136
782,66.9701121204,Re_66p970112,developing_periodic_shedding,periodic,validation,2742.99735456,137
783,66.9701121204,Re_66p970112,developing_periodic_shedding,periodic,validation,2758.40745205,138
784,66.9701121204,Re_66p970112,developing_periodic_shedding,periodic,validation,2773.81754955,139
785,66.9701121204,Re_66p970112,developing_periodic_shedding,periodic,validation,2789.22764705,140
786,66.9701121204,Re_66p970112,developing_periodic_shedding,periodic,validation,2804.63774455,141
787,66.9701121204,Re_66p970112,developing_periodic_shedding,periodic,validation,2820.04784204,142
788,66.9701121204,Re_66p970112,developing_periodic_shedding,periodic,validation,2835.45793954,143
789,66.9701121204,Re_66p970112,developing_periodic_shedding,periodic,validation,2850.86803704,144
790,66.9701121204,Re_66p970112,developing_periodic_shedding,periodic,validation,2866.27813453,145
791,66.9701121204,Re_66p970112,developing_periodic_shedding,periodic,validation,2881.68823203,146
792,66.9701121204,Re_66p970112,developing_periodic_shedding,periodic,validation,2897.09832953,147
793,66.9701121204,Re_66p970112,developing_periodic_shedding,periodic,validation,2912.50842703,148
794,66.9701121204,Re_66p970112,developing_periodic_shedding,periodic,validation,2927.91852453,149
795,66.9701121204,Re_66p970112,developing_periodic_shedding,periodic,validation,2943.32862202,150
796,66.9701121204,Re_66p970112,developing_periodic_shedding,periodic,validation,2958.73871952,151
797,66.9701121204,Re_66p970112,developing_periodic_shedding,periodic,validation,2974.14881702,152
798,66.9701121204,Re_66p970112,developing_periodic_shedding,periodic,validation,2989.55891452,153
799,66.9701121204,Re_66p970112,developing_periodic_shedding,periodic,validation,3004.96901201,154
800,66.9701121204,Re_66p970112,developing_periodic_shedding,periodic,validation,3020.37910951,155
801,66.9701121204,Re_66p970112,developing_periodic_shedding,periodic,validation,3035.78920701,156
802,66.9701121204,Re_66p970112,developing_periodic_shedding,periodic,validation,3051.19930451,157
803,66.9701121204,Re_66p970112,developing_periodic_shedding,periodic,validation,3066.609402,158
804,66.9701121204,Re_66p970112,developing_periodic_shedding,periodic,validation,3082.0194995,159
805,66.9701121204,Re_66p970112,developing_periodic_shedding,periodic,validation,3097.429597,160
806,68.6497139288,Re_68p649714,developing_periodic_shedding,periodic,train,1315.51206791,0
807,68.6497139288,Re_68p649714,developing_periodic_shedding,periodic,train,1328.40924505,1
808,68.6497139288,Re_68p649714,developing_periodic_shedding,periodic,train,1341.30642219,2
809,68.6497139288,Re_68p649714,developing_periodic_shedding,periodic,train,1354.20359932,3
810,68.6497139288,Re_68p649714,developing_periodic_shedding,periodic,train,1367.10077646,4
811,68.6497139288,Re_68p649714,developing_periodic_shedding,periodic,train,1379.99795359,5
812,68.6497139288,Re_68p649714,developing_periodic_shedding,periodic,train,1392.89513073,6
813,68.6497139288,Re_68p649714,developing_periodic_shedding,periodic,train,1405.79230787,7
814,68.6497139288,Re_68p649714,developing_periodic_shedding,periodic,train,1418.689485,8
815,68.6497139288,Re_68p649714,developing_periodic_shedding,periodic,train,1431.58666214,9
816,68.6497139288,Re_68p649714,developing_periodic_shedding,periodic,train,1444.48383928,10
817,68.6497139288,Re_68p649714,developing_periodic_shedding,periodic,train,1457.38101641,11
818,68.6497139288,Re_68p649714,developing_periodic_shedding,periodic,train,1470.27819355,12
819,68.6497139288,Re_68p649714,developing_periodic_shedding,periodic,train,1483.17537069,13
820,68.6497139288,Re_68p649714,developing_periodic_shedding,periodic,train,1496.07254782,14
821,68.6497139288,Re_68p649714,developing_periodic_shedding,periodic,train,1508.96972496,15
822,68.6497139288,Re_68p649714,developing_periodic_shedding,periodic,train,1521.8669021,16
823,68.6497139288,Re_68p649714,developing_periodic_shedding,periodic,train,1534.76407923,17
824,68.6497139288,Re_68p649714,developing_periodic_shedding,periodic,train,1547.66125637,18
825,68.6497139288,Re_68p649714,developing_periodic_shedding,periodic,train,1560.5584335,19
826,68.6497139288,Re_68p649714,developing_periodic_shedding,periodic,train,1573.45561064,20
827,68.6497139288,Re_68p649714,developing_periodic_shedding,periodic,train,1586.35278778,21
828,68.6497139288,Re_68p649714,developing_periodic_shedding,periodic,train,1599.24996491,22
829,68.6497139288,Re_68p649714,developing_periodic_shedding,periodic,train,1612.14714205,23
830,68.6497139288,Re_68p649714,developing_periodic_shedding,periodic,train,1625.04431919,24
831,68.6497139288,Re_68p649714,developing_periodic_shedding,periodic,train,1637.94149632,25
832,68.6497139288,Re_68p649714,developing_periodic_shedding,periodic,train,1650.83867346,26
833,68.6497139288,Re_68p649714,developing_periodic_shedding,periodic,train,1663.7358506,27
834,68.6497139288,Re_68p649714,developing_periodic_shedding,periodic,train,1676.63302773,28
835,68.6497139288,Re_68p649714,developing_periodic_shedding,periodic,train,1689.53020487,29
836,68.6497139288,Re_68p649714,developing_periodic_shedding,periodic,train,1702.427382,30
837,68.6497139288,Re_68p649714,developing_periodic_shedding,periodic,train,1715.32455914,31
838,68.6497139288,Re_68p649714,developing_periodic_shedding,periodic,train,1728.22173628,32
839,68.6497139288,Re_68p649714,developing_periodic_shedding,periodic,train,1741.11891341,33
840,68.6497139288,Re_68p649714,developing_periodic_shedding,periodic,train,1754.01609055,34
841,68.6497139288,Re_68p649714,developing_periodic_shedding,periodic,train,1766.91326769,35
842,68.6497139288,Re_68p649714,developing_periodic_shedding,periodic,train,1779.81044482,36
843,68.6497139288,Re_68p649714,developing_periodic_shedding,periodic,train,1792.70762196,37
844,68.6497139288,Re_68p649714,developing_periodic_shedding,periodic,train,1805.6047991,38
845,68.6497139288,Re_68p649714,developing_periodic_shedding,periodic,train,1818.50197623,39
846,68.6497139288,Re_68p649714,developing_periodic_shedding,periodic,train,1831.39915337,40
847,68.6497139288,Re_68p649714,developing_periodic_shedding,periodic,train,1844.29633051,41
848,68.6497139288,Re_68p649714,developing_periodic_shedding,periodic,train,1857.19350764,42
849,68.6497139288,Re_68p649714,developing_periodic_shedding,periodic,train,1870.09068478,43
850,68.6497139288,Re_68p649714,developing_periodic_shedding,periodic,train,1882.98786191,44
851,68.6497139288,Re_68p649714,developing_periodic_shedding,periodic,train,1895.88503905,45
852,68.6497139288,Re_68p649714,developing_periodic_shedding,periodic,train,1908.78221619,46
853,68.6497139288,Re_68p649714,developing_periodic_shedding,periodic,train,1921.67939332,47
854,68.6497139288,Re_68p649714,developing_periodic_shedding,periodic,train,1934.57657046,48
855,68.6497139288,Re_68p649714,developing_periodic_shedding,periodic,train,1947.4737476,49
856,68.6497139288,Re_68p649714,developing_periodic_shedding,periodic,train,1960.37092473,50
857,68.6497139288,Re_68p649714,developing_periodic_shedding,periodic,train,1973.26810187,51
858,68.6497139288,Re_68p649714,developing_periodic_shedding,periodic,train,1986.16527901,52
859,68.6497139288,Re_68p649714,developing_periodic_shedding,periodic,train,1999.06245614,53
860,68.6497139288,Re_68p649714,developing_periodic_shedding,periodic,train,2011.95963328,54
861,68.6497139288,Re_68p649714,developing_periodic_shedding,periodic,train,2024.85681041,55
862,68.6497139288,Re_68p649714,developing_periodic_shedding,periodic,train,2037.75398755,56
863,68.6497139288,Re_68p649714,developing_periodic_shedding,periodic,train,2050.65116469,57
864,68.6497139288,Re_68p649714,developing_periodic_shedding,periodic,train,2063.54834182,58
865,68.6497139288,Re_68p649714,developing_periodic_shedding,periodic,train,2076.44551896,59
866,68.6497139288,Re_68p649714,developing_periodic_shedding,periodic,train,2089.3426961,60
867,68.6497139288,Re_68p649714,developing_periodic_shedding,periodic,train,2102.23987323,61
868,68.6497139288,Re_68p649714,developing_periodic_shedding,periodic,train,2115.13705037,62
869,68.6497139288,Re_68p649714,developing_periodic_shedding,periodic,train,2128.03422751,63
870,68.6497139288,Re_68p649714,developing_periodic_shedding,periodic,train,2140.93140464,64
871,68.6497139288,Re_68p649714,developing_periodic_shedding,periodic,train,2153.82858178,65
872,68.6497139288,Re_68p649714,developing_periodic_shedding,periodic,train,2166.72575892,66
873,68.6497139288,Re_68p649714,developing_periodic_shedding,periodic,train,2179.62293605,67
874,68.6497139288,Re_68p649714,developing_periodic_shedding,periodic,train,2192.52011319,68
875,68.6497139288,Re_68p649714,developing_periodic_shedding,periodic,train,2205.41729032,69
876,68.6497139288,Re_68p649714,developing_periodic_shedding,periodic,train,2218.31446746,70
877,68.6497139288,Re_68p649714,developing_periodic_shedding,periodic,train,2231.2116446,71
878,68.6497139288,Re_68p649714,developing_periodic_shedding,periodic,train,2244.10882173,72
879,68.6497139288,Re_68p649714,developing_periodic_shedding,periodic,train,2257.00599887,73
880,68.6497139288,Re_68p649714,developing_periodic_shedding,periodic,train,2269.90317601,74
881,68.6497139288,Re_68p649714,developing_periodic_shedding,periodic,train,2282.80035314,75
882,68.6497139288,Re_68p649714,developing_periodic_shedding,periodic,train,2295.69753028,76
883,68.6497139288,Re_68p649714,developing_periodic_shedding,periodic,train,2308.59470742,77
884,68.6497139288,Re_68p649714,developing_periodic_shedding,periodic,train,2321.49188455,78
885,68.6497139288,Re_68p649714,developing_periodic_shedding,periodic,train,2334.38906169,79
886,68.6497139288,Re_68p649714,developing_periodic_shedding,periodic,train,2347.28623882,80
887,68.6497139288,Re_68p649714,developing_periodic_shedding,periodic,train,2360.18341596,81
888,68.6497139288,Re_68p649714,developing_periodic_shedding,periodic,train,2373.0805931,82
889,68.6497139288,Re_68p649714,developing_periodic_shedding,periodic,train,2385.97777023,83
890,68.6497139288,Re_68p649714,developing_periodic_shedding,periodic,train,2398.87494737,84
891,68.6497139288,Re_68p649714,developing_periodic_shedding,periodic,train,2411.77212451,85
892,68.6497139288,Re_68p649714,developing_periodic_shedding,periodic,train,2424.66930164,86
893,68.6497139288,Re_68p649714,developing_periodic_shedding,periodic,train,2437.56647878,87
894,68.6497139288,Re_68p649714,developing_periodic_shedding,periodic,train,2450.46365592,88
895,68.6497139288,Re_68p649714,developing_periodic_shedding,periodic,train,2463.36083305,89
896,68.6497139288,Re_68p649714,developing_periodic_shedding,periodic,train,2476.25801019,90
897,68.6497139288,Re_68p649714,developing_periodic_shedding,periodic,train,2489.15518733,91
898,68.6497139288,Re_68p649714,developing_periodic_shedding,periodic,train,2502.05236446,92
899,68.6497139288,Re_68p649714,developing_periodic_shedding,periodic,train,2514.9495416,93
900,68.6497139288,Re_68p649714,developing_periodic_shedding,periodic,train,2527.84671873,94
901,68.6497139288,Re_68p649714,developing_periodic_shedding,periodic,train,2540.74389587,95
902,68.6497139288,Re_68p649714,developing_periodic_shedding,periodic,train,2553.64107301,96
903,68.6497139288,Re_68p649714,developing_periodic_shedding,periodic,train,2566.53825014,97
904,68.6497139288,Re_68p649714,developing_periodic_shedding,periodic,train,2579.43542728,98
905,68.6497139288,Re_68p649714,developing_periodic_shedding,periodic,train,2592.33260442,99
906,68.6497139288,Re_68p649714,developing_periodic_shedding,periodic,train,2605.22978155,100
907,68.6497139288,Re_68p649714,developing_periodic_shedding,periodic,train,2618.12695869,101
908,68.6497139288,Re_68p649714,developing_periodic_shedding,periodic,train,2631.02413583,102
909,68.6497139288,Re_68p649714,developing_periodic_shedding,periodic,train,2643.92131296,103
910,68.6497139288,Re_68p649714,developing_periodic_shedding,periodic,train,2656.8184901,104
911,68.6497139288,Re_68p649714,developing_periodic_shedding,periodic,train,2669.71566723,105
912,68.6497139288,Re_68p649714,developing_periodic_shedding,periodic,train,2682.61284437,106
913,68.6497139288,Re_68p649714,developing_periodic_shedding,periodic,train,2695.51002151,107
914,68.6497139288,Re_68p649714,developing_periodic_shedding,periodic,train,2708.40719864,108
915,68.6497139288,Re_68p649714,developing_periodic_shedding,periodic,train,2721.30437578,109
916,68.6497139288,Re_68p649714,developing_periodic_shedding,periodic,train,2734.20155292,110
917,68.6497139288,Re_68p649714,developing_periodic_shedding,periodic,train,2747.09873005,111
918,68.6497139288,Re_68p649714,developing_periodic_shedding,periodic,train,2759.99590719,112
919,68.6497139288,Re_68p649714,developing_periodic_shedding,periodic,train,2772.89308433,113
920,68.6497139288,Re_68p649714,developing_periodic_shedding,periodic,train,2785.79026146,114
921,68.6497139288,Re_68p649714,developing_periodic_shedding,periodic,train,2798.6874386,115
922,68.6497139288,Re_68p649714,developing_periodic_shedding,periodic,train,2811.58461574,116
923,68.6497139288,Re_68p649714,developing_periodic_shedding,periodic,train,2824.48179287,117
924,68.6497139288,Re_68p649714,developing_periodic_shedding,periodic,train,2837.37897001,118
925,68.6497139288,Re_68p649714,developing_periodic_shedding,periodic,train,2850.27614714,119
926,68.6497139288,Re_68p649714,developing_periodic_shedding,periodic,train,2863.17332428,120
927,68.6497139288,Re_68p649714,developing_periodic_shedding,periodic,train,2876.07050142,121
928,68.6497139288,Re_68p649714,developing_periodic_shedding,periodic,train,2888.96767855,122
929,68.6497139288,Re_68p649714,developing_periodic_shedding,periodic,train,2901.86485569,123
930,68.6497139288,Re_68p649714,developing_periodic_shedding,periodic,train,2914.76203283,124
931,68.6497139288,Re_68p649714,developing_periodic_shedding,periodic,train,2927.65920996,125
932,68.6497139288,Re_68p649714,developing_periodic_shedding,periodic,train,2940.5563871,126
933,68.6497139288,Re_68p649714,developing_periodic_shedding,periodic,train,2953.45356424,127
934,68.6497139288,Re_68p649714,developing_periodic_shedding,periodic,train,2966.35074137,128
935,68.6497139288,Re_68p649714,developing_periodic_shedding,periodic,train,2979.24791851,129
936,68.6497139288,Re_68p649714,developing_periodic_shedding,periodic,train,2992.14509564,130
937,68.6497139288,Re_68p649714,developing_periodic_shedding,periodic,train,3005.04227278,131
938,68.6497139288,Re_68p649714,developing_periodic_shedding,periodic,train,3017.93944992,132
939,68.6497139288,Re_68p649714,developing_periodic_shedding,periodic,train,3030.83662705,133
940,68.6497139288,Re_68p649714,developing_periodic_shedding,periodic,train,3043.73380419,134
941,68.6497139288,Re_68p649714,developing_periodic_shedding,periodic,train,3056.63098133,135
942,68.6497139288,Re_68p649714,developing_periodic_shedding,periodic,train,3069.52815846,136
943,68.6497139288,Re_68p649714,developing_periodic_shedding,periodic,train,3082.4253356,137
944,68.6497139288,Re_68p649714,developing_periodic_shedding,periodic,train,3095.32251274,138
945,68.6497139288,Re_68p649714,developing_periodic_shedding,periodic,train,3108.21968987,139
946,68.6497139288,Re_68p649714,developing_periodic_shedding,periodic,train,3121.11686701,140
947,68.6497139288,Re_68p649714,developing_periodic_shedding,periodic,train,3134.01404415,141
948,68.6497139288,Re_68p649714,developing_periodic_shedding,periodic,train,3146.91122128,142
949,68.6497139288,Re_68p649714,developing_periodic_shedding,periodic,train,3159.80839842,143
950,68.6497139288,Re_68p649714,developing_periodic_shedding,periodic,train,3172.70557555,144
951,68.6497139288,Re_68p649714,developing_periodic_shedding,periodic,train,3185.60275269,145
952,68.6497139288,Re_68p649714,developing_periodic_shedding,periodic,train,3198.49992983,146
953,68.6497139288,Re_68p649714,developing_periodic_shedding,periodic,train,3211.39710696,147
954,68.6497139288,Re_68p649714,developing_periodic_shedding,periodic,train,3224.2942841,148
955,68.6497139288,Re_68p649714,developing_periodic_shedding,periodic,train,3237.19146124,149
956,68.6497139288,Re_68p649714,developing_periodic_shedding,periodic,train,3250.08863837,150
957,68.6497139288,Re_68p649714,developing_periodic_shedding,periodic,train,3262.98581551,151
958,68.6497139288,Re_68p649714,developing_periodic_shedding,periodic,train,3275.88299265,152
959,68.6497139288,Re_68p649714,developing_periodic_shedding,periodic,train,3288.78016978,153
960,68.6497139288,Re_68p649714,developing_periodic_shedding,periodic,train,3301.67734692,154
961,68.6497139288,Re_68p649714,developing_periodic_shedding,periodic,train,3314.57452405,155
962,68.6497139288,Re_68p649714,developing_periodic_shedding,periodic,train,3327.47170119,156
963,68.6497139288,Re_68p649714,developing_periodic_shedding,periodic,train,3340.36887833,157
964,68.6497139288,Re_68p649714,developing_periodic_shedding,periodic,train,3353.26605546,158
965,68.6497139288,Re_68p649714,developing_periodic_shedding,periodic,train,3366.1632326,159
966,68.6497139288,Re_68p649714,developing_periodic_shedding,periodic,train,3379.06040974,160
967,70.3146353337,Re_70p314635,developing_periodic_shedding,periodic,heldout,1272.23952063,0
968,70.3146353337,Re_70p314635,developing_periodic_shedding,periodic,heldout,1284.71245711,1
969,70.3146353337,Re_70p314635,developing_periodic_shedding,periodic,heldout,1297.18539359,2
970,70.3146353337,Re_70p314635,developing_periodic_shedding,periodic,heldout,1309.65833006,3
971,70.3146353337,Re_70p314635,developing_periodic_shedding,periodic,heldout,1322.13126654,4
972,70.3146353337,Re_70p314635,developing_periodic_shedding,periodic,heldout,1334.60420302,5
973,70.3146353337,Re_70p314635,developing_periodic_shedding,periodic,heldout,1347.07713949,6
974,70.3146353337,Re_70p314635,developing_periodic_shedding,periodic,heldout,1359.55007597,7
975,70.3146353337,Re_70p314635,developing_periodic_shedding,periodic,heldout,1372.02301245,8
976,70.3146353337,Re_70p314635,developing_periodic_shedding,periodic,heldout,1384.49594892,9
977,70.3146353337,Re_70p314635,developing_periodic_shedding,periodic,heldout,1396.9688854,10
978,70.3146353337,Re_70p314635,developing_periodic_shedding,periodic,heldout,1409.44182188,11
979,70.3146353337,Re_70p314635,developing_periodic_shedding,periodic,heldout,1421.91475836,12
980,70.3146353337,Re_70p314635,developing_periodic_shedding,periodic,heldout,1434.38769483,13
981,70.3146353337,Re_70p314635,developing_periodic_shedding,periodic,heldout,1446.86063131,14
982,70.3146353337,Re_70p314635,developing_periodic_shedding,periodic,heldout,1459.33356779,15
983,70.3146353337,Re_70p314635,developing_periodic_shedding,periodic,heldout,1471.80650426,16
984,70.3146353337,Re_70p314635,developing_periodic_shedding,periodic,heldout,1484.27944074,17
985,70.3146353337,Re_70p314635,developing_periodic_shedding,periodic,heldout,1496.75237722,18
986,70.3146353337,Re_70p314635,developing_periodic_shedding,periodic,heldout,1509.22531369,19
987,70.3146353337,Re_70p314635,developing_periodic_shedding,periodic,heldout,1521.69825017,20
988,70.3146353337,Re_70p314635,developing_periodic_shedding,periodic,heldout,1534.17118665,21
989,70.3146353337,Re_70p314635,developing_periodic_shedding,periodic,heldout,1546.64412312,22
990,70.3146353337,Re_70p314635,developing_periodic_shedding,periodic,heldout,1559.1170596,23
991,70.3146353337,Re_70p314635,developing_periodic_shedding,periodic,heldout,1571.58999608,24
992,70.3146353337,Re_70p314635,developing_periodic_shedding,periodic,heldout,1584.06293255,25
993,70.3146353337,Re_70p314635,developing_periodic_shedding,periodic,heldout,1596.53586903,26
994,70.3146353337,Re_70p314635,developing_periodic_shedding,periodic,heldout,1609.00880551,27
995,70.3146353337,Re_70p314635,developing_periodic_shedding,periodic,heldout,1621.48174198,28
996,70.3146353337,Re_70p314635,developing_periodic_shedding,periodic,heldout,1633.95467846,29
997,70.3146353337,Re_70p314635,developing_periodic_shedding,periodic,heldout,1646.42761494,30
998,70.3146353337,Re_70p314635,developing_periodic_shedding,periodic,heldout,1658.90055141,31
999,70.3146353337,Re_70p314635,developing_periodic_shedding,periodic,heldout,1671.37348789,32
1000,70.3146353337,Re_70p314635,developing_periodic_shedding,periodic,heldout,1683.84642437,33
1001,70.3146353337,Re_70p314635,developing_periodic_shedding,periodic,heldout,1696.31936084,34
1002,70.3146353337,Re_70p314635,developing_periodic_shedding,periodic,heldout,1708.79229732,35
1003,70.3146353337,Re_70p314635,developing_periodic_shedding,periodic,heldout,1721.2652338,36
1004,70.3146353337,Re_70p314635,developing_periodic_shedding,periodic,heldout,1733.73817028,37
1005,70.3146353337,Re_70p314635,developing_periodic_shedding,periodic,heldout,1746.21110675,38
1006,70.3146353337,Re_70p314635,developing_periodic_shedding,periodic,heldout,1758.68404323,39
1007,70.3146353337,Re_70p314635,developing_periodic_shedding,periodic,heldout,1771.15697971,40
1008,70.3146353337,Re_70p314635,developing_periodic_shedding,periodic,heldout,1783.62991618,41
1009,70.3146353337,Re_70p314635,developing_periodic_shedding,periodic,heldout,1796.10285266,42
1010,70.3146353337,Re_70p314635,developing_periodic_shedding,periodic,heldout,1808.57578914,43
1011,70.3146353337,Re_70p314635,developing_periodic_shedding,periodic,heldout,1821.04872561,44
1012,70.3146353337,Re_70p314635,developing_periodic_shedding,periodic,heldout,1833.52166209,45
1013,70.3146353337,Re_70p314635,developing_periodic_shedding,periodic,heldout,1845.99459857,46
1014,70.3146353337,Re_70p314635,developing_periodic_shedding,periodic,heldout,1858.46753504,47
1015,70.3146353337,Re_70p314635,developing_periodic_shedding,periodic,heldout,1870.94047152,48
1016,70.3146353337,Re_70p314635,developing_periodic_shedding,periodic,heldout,1883.413408,49
1017,70.3146353337,Re_70p314635,developing_periodic_shedding,periodic,heldout,1895.88634447,50
1018,70.3146353337,Re_70p314635,developing_periodic_shedding,periodic,heldout,1908.35928095,51
1019,70.3146353337,Re_70p314635,developing_periodic_shedding,periodic,heldout,1920.83221743,52
1020,70.3146353337,Re_70p314635,developing_periodic_shedding,periodic,heldout,1933.3051539,53
1021,70.3146353337,Re_70p314635,developing_periodic_shedding,periodic,heldout,1945.77809038,54
1022,70.3146353337,Re_70p314635,developing_periodic_shedding,periodic,heldout,1958.25102686,55
1023,70.3146353337,Re_70p314635,developing_periodic_shedding,periodic,heldout,1970.72396333,56
1024,70.3146353337,Re_70p314635,developing_periodic_shedding,periodic,heldout,1983.19689981,57
1025,70.3146353337,Re_70p314635,developing_periodic_shedding,periodic,heldout,1995.66983629,58
1026,70.3146353337,Re_70p314635,developing_periodic_shedding,periodic,heldout,2008.14277276,59
1027,70.3146353337,Re_70p314635,developing_periodic_shedding,periodic,heldout,2020.61570924,60
1028,70.3146353337,Re_70p314635,developing_periodic_shedding,periodic,heldout,2033.08864572,61
1029,70.3146353337,Re_70p314635,developing_periodic_shedding,periodic,heldout,2045.5615822,62
1030,70.3146353337,Re_70p314635,developing_periodic_shedding,periodic,heldout,2058.03451867,63
1031,70.3146353337,Re_70p314635,developing_periodic_shedding,periodic,heldout,2070.50745515,64
1032,70.3146353337,Re_70p314635,developing_periodic_shedding,periodic,heldout,2082.98039163,65
1033,70.3146353337,Re_70p314635,developing_periodic_shedding,periodic,heldout,2095.4533281,66
1034,70.3146353337,Re_70p314635,developing_periodic_shedding,periodic,heldout,2107.92626458,67
1035,70.3146353337,Re_70p314635,developing_periodic_shedding,periodic,heldout,2120.39920106,68
1036,70.3146353337,Re_70p314635,developing_periodic_shedding,periodic,heldout,2132.87213753,69
1037,70.3146353337,Re_70p314635,developing_periodic_shedding,periodic,heldout,2145.34507401,70
1038,70.3146353337,Re_70p314635,developing_periodic_shedding,periodic,heldout,2157.81801049,71
1039,70.3146353337,Re_70p314635,developing_periodic_shedding,periodic,heldout,2170.29094696,72
1040,70.3146353337,Re_70p314635,developing_periodic_shedding,periodic,heldout,2182.76388344,73
1041,70.3146353337,Re_70p314635,developing_periodic_shedding,periodic,heldout,2195.23681992,74
1042,70.3146353337,Re_70p314635,developing_periodic_shedding,periodic,heldout,2207.70975639,75
1043,70.3146353337,Re_70p314635,developing_periodic_shedding,periodic,heldout,2220.18269287,76
1044,70.3146353337,Re_70p314635,developing_periodic_shedding,periodic,heldout,2232.65562935,77
1045,70.3146353337,Re_70p314635,developing_periodic_shedding,periodic,heldout,2245.12856582,78
1046,70.3146353337,Re_70p314635,developing_periodic_shedding,periodic,heldout,2257.6015023,79
1047,70.3146353337,Re_70p314635,developing_periodic_shedding,periodic,heldout,2270.07443878,80
1048,70.3146353337,Re_70p314635,developing_periodic_shedding,periodic,heldout,2282.54737525,81
1049,70.3146353337,Re_70p314635,developing_periodic_shedding,periodic,heldout,2295.02031173,82
1050,70.3146353337,Re_70p314635,developing_periodic_shedding,periodic,heldout,2307.49324821,83
1051,70.3146353337,Re_70p314635,developing_periodic_shedding,periodic,heldout,2319.96618468,84
1052,70.3146353337,Re_70p314635,developing_periodic_shedding,periodic,heldout,2332.43912116,85
1053,70.3146353337,Re_70p314635,developing_periodic_shedding,periodic,heldout,2344.91205764,86
1054,70.3146353337,Re_70p314635,developing_periodic_shedding,periodic,heldout,2357.38499412,87
1055,70.3146353337,Re_70p314635,developing_periodic_shedding,periodic,heldout,2369.85793059,88
1056,70.3146353337,Re_70p314635,developing_periodic_shedding,periodic,heldout,2382.33086707,89
1057,70.3146353337,Re_70p314635,developing_periodic_shedding,periodic,heldout,2394.80380355,90
1058,70.3146353337,Re_70p314635,developing_periodic_shedding,periodic,heldout,2407.27674002,91
1059,70.3146353337,Re_70p314635,developing_periodic_shedding,periodic,heldout,2419.7496765,92
1060,70.3146353337,Re_70p314635,developing_periodic_shedding,periodic,heldout,2432.22261298,93
1061,70.3146353337,Re_70p314635,developing_periodic_shedding,periodic,heldout,2444.69554945,94
1062,70.3146353337,Re_70p314635,developing_periodic_shedding,periodic,heldout,2457.16848593,95
1063,70.3146353337,Re_70p314635,developing_periodic_shedding,periodic,heldout,2469.64142241,96
1064,70.3146353337,Re_70p314635,developing_periodic_shedding,periodic,heldout,2482.11435888,97
1065,70.3146353337,Re_70p314635,developing_periodic_shedding,periodic,heldout,2494.58729536,98
1066,70.3146353337,Re_70p314635,developing_periodic_shedding,periodic,heldout,2507.06023184,99
1067,70.3146353337,Re_70p314635,developing_periodic_shedding,periodic,heldout,2519.53316831,100
1068,70.3146353337,Re_70p314635,developing_periodic_shedding,periodic,heldout,2532.00610479,101
1069,70.3146353337,Re_70p314635,developing_periodic_shedding,periodic,heldout,2544.47904127,102
1070,70.3146353337,Re_70p314635,developing_periodic_shedding,periodic,heldout,2556.95197774,103
1071,70.3146353337,Re_70p314635,developing_periodic_shedding,periodic,heldout,2569.42491422,104
1072,70.3146353337,Re_70p314635,developing_periodic_shedding,periodic,heldout,2581.8978507,105
1073,70.3146353337,Re_70p314635,developing_periodic_shedding,periodic,heldout,2594.37078717,106
1074,70.3146353337,Re_70p314635,developing_periodic_shedding,periodic,heldout,2606.84372365,107
1075,70.3146353337,Re_70p314635,developing_periodic_shedding,periodic,heldout,2619.31666013,108
1076,70.3146353337,Re_70p314635,developing_periodic_shedding,periodic,heldout,2631.7895966,109
1077,70.3146353337,Re_70p314635,developing_periodic_shedding,periodic,heldout,2644.26253308,110
1078,70.3146353337,Re_70p314635,developing_periodic_shedding,periodic,heldout,2656.73546956,111
1079,70.3146353337,Re_70p314635,developing_periodic_shedding,periodic,heldout,2669.20840604,112
1080,70.3146353337,Re_70p314635,developing_periodic_shedding,periodic,heldout,2681.68134251,113
1081,70.3146353337,Re_70p314635,developing_periodic_shedding,periodic,heldout,2694.15427899,114
1082,70.3146353337,Re_70p314635,developing_periodic_shedding,periodic,heldout,2706.62721547,115
1083,70.3146353337,Re_70p314635,developing_periodic_shedding,periodic,heldout,2719.10015194,116
1084,70.3146353337,Re_70p314635,developing_periodic_shedding,periodic,heldout,2731.57308842,117
1085,70.3146353337,Re_70p314635,developing_periodic_shedding,periodic,heldout,2744.0460249,118
1086,70.3146353337,Re_70p314635,developing_periodic_shedding,periodic,heldout,2756.51896137,119
1087,70.3146353337,Re_70p314635,developing_periodic_shedding,periodic,heldout,2768.99189785,120
1088,70.3146353337,Re_70p314635,developing_periodic_shedding,periodic,heldout,2781.46483433,121
1089,70.3146353337,Re_70p314635,developing_periodic_shedding,periodic,heldout,2793.9377708,122
1090,70.3146353337,Re_70p314635,developing_periodic_shedding,periodic,heldout,2806.41070728,123
1091,70.3146353337,Re_70p314635,developing_periodic_shedding,periodic,heldout,2818.88364376,124
1092,70.3146353337,Re_70p314635,developing_periodic_shedding,periodic,heldout,2831.35658023,125
1093,70.3146353337,Re_70p314635,developing_periodic_shedding,periodic,heldout,2843.82951671,126
1094,70.3146353337,Re_70p314635,developing_periodic_shedding,periodic,heldout,2856.30245319,127
1095,70.3146353337,Re_70p314635,developing_periodic_shedding,periodic,heldout,2868.77538966,128
1096,70.3146353337,Re_70p314635,developing_periodic_shedding,periodic,heldout,2881.24832614,129
1097,70.3146353337,Re_70p314635,developing_periodic_shedding,periodic,heldout,2893.72126262,130
1098,70.3146353337,Re_70p314635,developing_periodic_shedding,periodic,heldout,2906.19419909,131
1099,70.3146353337,Re_70p314635,developing_periodic_shedding,periodic,heldout,2918.66713557,132
1100,70.3146353337,Re_70p314635,developing_periodic_shedding,periodic,heldout,2931.14007205,133
1101,70.3146353337,Re_70p314635,developing_periodic_shedding,periodic,heldout,2943.61300852,134
1102,70.3146353337,Re_70p314635,developing_periodic_shedding,periodic,heldout,2956.085945,135
1103,70.3146353337,Re_70p314635,developing_periodic_shedding,periodic,heldout,2968.55888148,136
1104,70.3146353337,Re_70p314635,developing_periodic_shedding,periodic,heldout,2981.03181796,137
1105,70.3146353337,Re_70p314635,developing_periodic_shedding,periodic,heldout,2993.50475443,138
1106,70.3146353337,Re_70p314635,developing_periodic_shedding,periodic,heldout,3005.97769091,139
1107,70.3146353337,Re_70p314635,developing_periodic_shedding,periodic,heldout,3018.45062739,140
1108,70.3146353337,Re_70p314635,developing_periodic_shedding,periodic,heldout,3030.92356386,141
1109,70.3146353337,Re_70p314635,developing_periodic_shedding,periodic,heldout,3043.39650034,142
1110,70.3146353337,Re_70p314635,developing_periodic_shedding,periodic,heldout,3055.86943682,143
1111,70.3146353337,Re_70p314635,developing_periodic_shedding,periodic,heldout,3068.34237329,144
1112,70.3146353337,Re_70p314635,developing_periodic_shedding,periodic,heldout,3080.81530977,145
1113,70.3146353337,Re_70p314635,developing_periodic_shedding,periodic,heldout,3093.28824625,146
1114,70.3146353337,Re_70p314635,developing_periodic_shedding,periodic,heldout,3105.76118272,147
1115,70.3146353337,Re_70p314635,developing_periodic_shedding,periodic,heldout,3118.2341192,148
1116,70.3146353337,Re_70p314635,developing_periodic_shedding,periodic,heldout,3130.70705568,149
1117,70.3146353337,Re_70p314635,developing_periodic_shedding,periodic,heldout,3143.17999215,150
1118,70.3146353337,Re_70p314635,developing_periodic_shedding,periodic,heldout,3155.65292863,151
1119,70.3146353337,Re_70p314635,developing_periodic_shedding,periodic,heldout,3168.12586511,152
1120,70.3146353337,Re_70p314635,developing_periodic_shedding,periodic,heldout,3180.59880158,153
1121,70.3146353337,Re_70p314635,developing_periodic_shedding,periodic,heldout,3193.07173806,154
1122,70.3146353337,Re_70p314635,developing_periodic_shedding,periodic,heldout,3205.54467454,155
1123,70.3146353337,Re_70p314635,developing_periodic_shedding,periodic,heldout,3218.01761101,156
1124,70.3146353337,Re_70p314635,developing_periodic_shedding,periodic,heldout,3230.49054749,157
1125,70.3146353337,Re_70p314635,developing_periodic_shedding,periodic,heldout,3242.96348397,158
1126,70.3146353337,Re_70p314635,developing_periodic_shedding,periodic,heldout,3255.43642044,159
1127,70.3146353337,Re_70p314635,developing_periodic_shedding,periodic,heldout,3267.90935692,160
1128,71.9729308789,Re_71p972931,developing_periodic_shedding,periodic,train,1231.87925971,0
1129,71.9729308789,Re_71p972931,developing_periodic_shedding,periodic,train,1243.95650735,1
1130,71.9729308789,Re_71p972931,developing_periodic_shedding,periodic,train,1256.033755,2
1131,71.9729308789,Re_71p972931,developing_periodic_shedding,periodic,train,1268.11100264,3
1132,71.9729308789,Re_71p972931,developing_periodic_shedding,periodic,train,1280.18825029,4
1133,71.9729308789,Re_71p972931,developing_periodic_shedding,periodic,train,1292.26549793,5
1134,71.9729308789,Re_71p972931,developing_periodic_shedding,periodic,train,1304.34274557,6
1135,71.9729308789,Re_71p972931,developing_periodic_shedding,periodic,train,1316.41999322,7
1136,71.9729308789,Re_71p972931,developing_periodic_shedding,periodic,train,1328.49724086,8
1137,71.9729308789,Re_71p972931,developing_periodic_shedding,periodic,train,1340.57448851,9
1138,71.9729308789,Re_71p972931,developing_periodic_shedding,periodic,train,1352.65173615,10
1139,71.9729308789,Re_71p972931,developing_periodic_shedding,periodic,train,1364.72898379,11
1140,71.9729308789,Re_71p972931,developing_periodic_shedding,periodic,train,1376.80623144,12
1141,71.9729308789,Re_71p972931,developing_periodic_shedding,periodic,train,1388.88347908,13
1142,71.9729308789,Re_71p972931,developing_periodic_shedding,periodic,train,1400.96072673,14
1143,71.9729308789,Re_71p972931,developing_periodic_shedding,periodic,train,1413.03797437,15
1144,71.9729308789,Re_71p972931,developing_periodic_shedding,periodic,train,1425.11522202,16
1145,71.9729308789,Re_71p972931,developing_periodic_shedding,periodic,train,1437.19246966,17
1146,71.9729308789,Re_71p972931,developing_periodic_shedding,periodic,train,1449.2697173,18
1147,71.9729308789,Re_71p972931,developing_periodic_shedding,periodic,train,1461.34696495,19
1148,71.9729308789,Re_71p972931,developing_periodic_shedding,periodic,train,1473.42421259,20
1149,71.9729308789,Re_71p972931,developing_periodic_shedding,periodic,train,1485.50146024,21
1150,71.9729308789,Re_71p972931,developing_periodic_shedding,periodic,train,1497.57870788,22
1151,71.9729308789,Re_71p972931,developing_periodic_shedding,periodic,train,1509.65595553,23
1152,71.9729308789,Re_71p972931,developing_periodic_shedding,periodic,train,1521.73320317,24
1153,71.9729308789,Re_71p972931,developing_periodic_shedding,periodic,train,1533.81045081,25
1154,71.9729308789,Re_71p972931,developing_periodic_shedding,periodic,train,1545.88769846,26
1155,71.9729308789,Re_71p972931,developing_periodic_shedding,periodic,train,1557.9649461,27
1156,71.9729308789,Re_71p972931,developing_periodic_shedding,periodic,train,1570.04219375,28
1157,71.9729308789,Re_71p972931,developing_periodic_shedding,periodic,train,1582.11944139,29
1158,71.9729308789,Re_71p972931,developing_periodic_shedding,periodic,train,1594.19668903,30
1159,71.9729308789,Re_71p972931,developing_periodic_shedding,periodic,train,1606.27393668,31
1160,71.9729308789,Re_71p972931,developing_periodic_shedding,periodic,train,1618.35118432,32
1161,71.9729308789,Re_71p972931,developing_periodic_shedding,periodic,train,1630.42843197,33
1162,71.9729308789,Re_71p972931,developing_periodic_shedding,periodic,train,1642.50567961,34
1163,71.9729308789,Re_71p972931,developing_periodic_shedding,periodic,train,1654.58292726,35
1164,71.9729308789,Re_71p972931,developing_periodic_shedding,periodic,train,1666.6601749,36
1165,71.9729308789,Re_71p972931,developing_periodic_shedding,periodic,train,1678.73742254,37
1166,71.9729308789,Re_71p972931,developing_periodic_shedding,periodic,train,1690.81467019,38
1167,71.9729308789,Re_71p972931,developing_periodic_shedding,periodic,train,1702.89191783,39
1168,71.9729308789,Re_71p972931,developing_periodic_shedding,periodic,train,1714.96916548,40
1169,71.9729308789,Re_71p972931,developing_periodic_shedding,periodic,train,1727.04641312,41
1170,71.9729308789,Re_71p972931,developing_periodic_shedding,periodic,train,1739.12366076,42
1171,71.9729308789,Re_71p972931,developing_periodic_shedding,periodic,train,1751.20090841,43
1172,71.9729308789,Re_71p972931,developing_periodic_shedding,periodic,train,1763.27815605,44
1173,71.9729308789,Re_71p972931,developing_periodic_shedding,periodic,train,1775.3554037,45
1174,71.9729308789,Re_71p972931,developing_periodic_shedding,periodic,train,1787.43265134,46
1175,71.9729308789,Re_71p972931,developing_periodic_shedding,periodic,train,1799.50989899,47
1176,71.9729308789,Re_71p972931,developing_periodic_shedding,periodic,train,1811.58714663,48
1177,71.9729308789,Re_71p972931,developing_periodic_shedding,periodic,train,1823.66439427,49
1178,71.9729308789,Re_71p972931,developing_periodic_shedding,periodic,train,1835.74164192,50
1179,71.9729308789,Re_71p972931,developing_periodic_shedding,periodic,train,1847.81888956,51
1180,71.9729308789,Re_71p972931,developing_periodic_shedding,periodic,train,1859.89613721,52
1181,71.9729308789,Re_71p972931,developing_periodic_shedding,periodic,train,1871.97338485,53
1182,71.9729308789,Re_71p972931,developing_periodic_shedding,periodic,train,1884.0506325,54
1183,71.9729308789,Re_71p972931,developing_periodic_shedding,periodic,train,1896.12788014,55
1184,71.9729308789,Re_71p972931,developing_periodic_shedding,periodic,train,1908.20512778,56
1185,71.9729308789,Re_71p972931,developing_periodic_shedding,periodic,train,1920.28237543,57
1186,71.9729308789,Re_71p972931,developing_periodic_shedding,periodic,train,1932.35962307,58
1187,71.9729308789,Re_71p972931,developing_periodic_shedding,periodic,train,1944.43687072,59
1188,71.9729308789,Re_71p972931,developing_periodic_shedding,periodic,train,1956.51411836,60
1189,71.9729308789,Re_71p972931,developing_periodic_shedding,periodic,train,1968.591366,61
1190,71.9729308789,Re_71p972931,developing_periodic_shedding,periodic,train,1980.66861365,62
1191,71.9729308789,Re_71p972931,developing_periodic_shedding,periodic,train,1992.74586129,63
1192,71.9729308789,Re_71p972931,developing_periodic_shedding,periodic,train,2004.82310894,64
1193,71.9729308789,Re_71p972931,developing_periodic_shedding,periodic,train,2016.90035658,65
1194,71.9729308789,Re_71p972931,developing_periodic_shedding,periodic,train,2028.97760423,66
1195,71.9729308789,Re_71p972931,developing_periodic_shedding,periodic,train,2041.05485187,67
1196,71.9729308789,Re_71p972931,developing_periodic_shedding,periodic,train,2053.13209951,68
1197,71.9729308789,Re_71p972931,developing_periodic_shedding,periodic,train,2065.20934716,69
1198,71.9729308789,Re_71p972931,developing_periodic_shedding,periodic,train,2077.2865948,70
1199,71.9729308789,Re_71p972931,developing_periodic_shedding,periodic,train,2089.36384245,71
1200,71.9729308789,Re_71p972931,developing_periodic_shedding,periodic,train,2101.44109009,72
1201,71.9729308789,Re_71p972931,developing_periodic_shedding,periodic,train,2113.51833773,73
1202,71.9729308789,Re_71p972931,developing_periodic_shedding,periodic,train,2125.59558538,74
1203,71.9729308789,Re_71p972931,developing_periodic_shedding,periodic,train,2137.67283302,75
1204,71.9729308789,Re_71p972931,developing_periodic_shedding,periodic,train,2149.75008067,76
1205,71.9729308789,Re_71p972931,developing_periodic_shedding,periodic,train,2161.82732831,77
1206,71.9729308789,Re_71p972931,developing_periodic_shedding,periodic,train,2173.90457596,78
1207,71.9729308789,Re_71p972931,developing_periodic_shedding,periodic,train,2185.9818236,79
1208,71.9729308789,Re_71p972931,developing_periodic_shedding,periodic,train,2198.05907124,80
1209,71.9729308789,Re_71p972931,developing_periodic_shedding,periodic,train,2210.13631889,81
1210,71.9729308789,Re_71p972931,developing_periodic_shedding,periodic,train,2222.21356653,82
1211,71.9729308789,Re_71p972931,developing_periodic_shedding,periodic,train,2234.29081418,83
1212,71.9729308789,Re_71p972931,developing_periodic_shedding,periodic,train,2246.36806182,84
1213,71.9729308789,Re_71p972931,developing_periodic_shedding,periodic,train,2258.44530947,85
1214,71.9729308789,Re_71p972931,developing_periodic_shedding,periodic,train,2270.52255711,86
1215,71.9729308789,Re_71p972931,developing_periodic_shedding,periodic,train,2282.59980475,87
1216,71.9729308789,Re_71p972931,developing_periodic_shedding,periodic,train,2294.6770524,88
1217,71.9729308789,Re_71p972931,developing_periodic_shedding,periodic,train,2306.75430004,89
1218,71.9729308789,Re_71p972931,developing_periodic_shedding,periodic,train,2318.83154769,90
1219,71.9729308789,Re_71p972931,developing_periodic_shedding,periodic,train,2330.90879533,91
1220,71.9729308789,Re_71p972931,developing_periodic_shedding,periodic,train,2342.98604297,92
1221,71.9729308789,Re_71p972931,developing_periodic_shedding,periodic,train,2355.06329062,93
1222,71.9729308789,Re_71p972931,developing_periodic_shedding,periodic,train,2367.14053826,94
1223,71.9729308789,Re_71p972931,developing_periodic_shedding,periodic,train,2379.21778591,95
1224,71.9729308789,Re_71p972931,developing_periodic_shedding,periodic,train,2391.29503355,96
1225,71.9729308789,Re_71p972931,developing_periodic_shedding,periodic,train,2403.3722812,97
1226,71.9729308789,Re_71p972931,developing_periodic_shedding,periodic,train,2415.44952884,98
1227,71.9729308789,Re_71p972931,developing_periodic_shedding,periodic,train,2427.52677648,99
1228,71.9729308789,Re_71p972931,developing_periodic_shedding,periodic,train,2439.60402413,100
1229,71.9729308789,Re_71p972931,developing_periodic_shedding,periodic,train,2451.68127177,101
1230,71.9729308789,Re_71p972931,developing_periodic_shedding,periodic,train,2463.75851942,102
1231,71.9729308789,Re_71p972931,developing_periodic_shedding,periodic,train,2475.83576706,103
1232,71.9729308789,Re_71p972931,developing_periodic_shedding,periodic,train,2487.91301471,104
1233,71.9729308789,Re_71p972931,developing_periodic_shedding,periodic,train,2499.99026235,105
1234,71.9729308789,Re_71p972931,developing_periodic_shedding,periodic,train,2512.06750999,106
1235,71.9729308789,Re_71p972931,developing_periodic_shedding,periodic,train,2524.14475764,107
1236,71.9729308789,Re_71p972931,developing_periodic_shedding,periodic,train,2536.22200528,108
1237,71.9729308789,Re_71p972931,developing_periodic_shedding,periodic,train,2548.29925293,109
1238,71.9729308789,Re_71p972931,developing_periodic_shedding,periodic,train,2560.37650057,110
1239,71.9729308789,Re_71p972931,developing_periodic_shedding,periodic,train,2572.45374821,111
1240,71.9729308789,Re_71p972931,developing_periodic_shedding,periodic,train,2584.53099586,112
1241,71.9729308789,Re_71p972931,developing_periodic_shedding,periodic,train,2596.6082435,113
1242,71.9729308789,Re_71p972931,developing_periodic_shedding,periodic,train,2608.68549115,114
1243,71.9729308789,Re_71p972931,developing_periodic_shedding,periodic,train,2620.76273879,115
1244,71.9729308789,Re_71p972931,developing_periodic_shedding,periodic,train,2632.83998644,116
1245,71.9729308789,Re_71p972931,developing_periodic_shedding,periodic,train,2644.91723408,117
1246,71.9729308789,Re_71p972931,developing_periodic_shedding,periodic,train,2656.99448172,118
1247,71.9729308789,Re_71p972931,developing_periodic_shedding,periodic,train,2669.07172937,119
1248,71.9729308789,Re_71p972931,developing_periodic_shedding,periodic,train,2681.14897701,120
1249,71.9729308789,Re_71p972931,developing_periodic_shedding,periodic,train,2693.22622466,121
1250,71.9729308789,Re_71p972931,developing_periodic_shedding,periodic,train,2705.3034723,122
1251,71.9729308789,Re_71p972931,developing_periodic_shedding,periodic,train,2717.38071994,123
1252,71.9729308789,Re_71p972931,developing_periodic_shedding,periodic,train,2729.45796759,124
1253,71.9729308789,Re_71p972931,developing_periodic_shedding,periodic,train,2741.53521523,125
1254,71.9729308789,Re_71p972931,developing_periodic_shedding,periodic,train,2753.61246288,126
1255,71.9729308789,Re_71p972931,developing_periodic_shedding,periodic,train,2765.68971052,127
1256,71.9729308789,Re_71p972931,developing_periodic_shedding,periodic,train,2777.76695817,128
1257,71.9729308789,Re_71p972931,developing_periodic_shedding,periodic,train,2789.84420581,129
1258,71.9729308789,Re_71p972931,developing_periodic_shedding,periodic,train,2801.92145345,130
1259,71.9729308789,Re_71p972931,developing_periodic_shedding,periodic,train,2813.9987011,131
1260,71.9729308789,Re_71p972931,developing_periodic_shedding,periodic,train,2826.07594874,132
1261,71.9729308789,Re_71p972931,developing_periodic_shedding,periodic,train,2838.15319639,133
1262,71.9729308789,Re_71p972931,developing_periodic_shedding,periodic,train,2850.23044403,134
1263,71.9729308789,Re_71p972931,developing_periodic_shedding,periodic,train,2862.30769168,135
1264,71.9729308789,Re_71p972931,developing_periodic_shedding,periodic,train,2874.38493932,136
1265,71.9729308789,Re_71p972931,developing_periodic_shedding,periodic,train,2886.46218696,137
1266,71.9729308789,Re_71p972931,developing_periodic_shedding,periodic,train,2898.53943461,138
1267,71.9729308789,Re_71p972931,developing_periodic_shedding,periodic,train,2910.61668225,139
1268,71.9729308789,Re_71p972931,developing_periodic_shedding,periodic,train,2922.6939299,140
1269,71.9729308789,Re_71p972931,developing_periodic_shedding,periodic,train,2934.77117754,141
1270,71.9729308789,Re_71p972931,developing_periodic_shedding,periodic,train,2946.84842518,142
1271,71.9729308789,Re_71p972931,developing_periodic_shedding,periodic,train,2958.92567283,143
1272,71.9729308789,Re_71p972931,developing_periodic_shedding,periodic,train,2971.00292047,144
1273,71.9729308789,Re_71p972931,developing_periodic_shedding,periodic,train,2983.08016812,145
1274,71.9729308789,Re_71p972931,developing_periodic_shedding,periodic,train,2995.15741576,146
1275,71.9729308789,Re_71p972931,developing_periodic_shedding,periodic,train,3007.23466341,147
1276,71.9729308789,Re_71p972931,developing_periodic_shedding,periodic,train,3019.31191105,148
1277,71.9729308789,Re_71p972931,developing_periodic_shedding,periodic,train,3031.38915869,149
1278,71.9729308789,Re_71p972931,developing_periodic_shedding,periodic,train,3043.46640634,150
1279,71.9729308789,Re_71p972931,developing_periodic_shedding,periodic,train,3055.54365398,151
1280,71.9729308789,Re_71p972931,developing_periodic_shedding,periodic,train,3067.62090163,152
1281,71.9729308789,Re_71p972931,developing_periodic_shedding,periodic,train,3079.69814927,153
1282,71.9729308789,Re_71p972931,developing_periodic_shedding,periodic,train,3091.77539692,154
1283,71.9729308789,Re_71p972931,developing_periodic_shedding,periodic,train,3103.85264456,155
1284,71.9729308789,Re_71p972931,developing_periodic_shedding,periodic,train,3115.9298922,156
1285,71.9729308789,Re_71p972931,developing_periodic_shedding,periodic,train,3128.00713985,157
1286,71.9729308789,Re_71p972931,developing_periodic_shedding,periodic,train,3140.08438749,158
1287,71.9729308789,Re_71p972931,developing_periodic_shedding,periodic,train,3152.16163514,159
1288,71.9729308789,Re_71p972931,developing_periodic_shedding,periodic,train,3164.23888278,160
1289,73.6282869994,Re_73p628287,developing_periodic_shedding,periodic,train,1123.82691864,0
1290,73.6282869994,Re_73p628287,developing_periodic_shedding,periodic,train,1135.53344904,1
1291,73.6282869994,Re_73p628287,developing_periodic_shedding,periodic,train,1147.23997945,2
1292,73.6282869994,Re_73p628287,developing_periodic_shedding,periodic,train,1158.94650985,3
1293,73.6282869994,Re_73p628287,developing_periodic_shedding,periodic,train,1170.65304025,4
1294,73.6282869994,Re_73p628287,developing_periodic_shedding,periodic,train,1182.35957065,5
1295,73.6282869994,Re_73p628287,developing_periodic_shedding,periodic,train,1194.06610105,6
1296,73.6282869994,Re_73p628287,developing_periodic_shedding,periodic,train,1205.77263146,7
1297,73.6282869994,Re_73p628287,developing_periodic_shedding,periodic,train,1217.47916186,8
1298,73.6282869994,Re_73p628287,developing_periodic_shedding,periodic,train,1229.18569226,9
1299,73.6282869994,Re_73p628287,developing_periodic_shedding,periodic,train,1240.89222266,10
1300,73.6282869994,Re_73p628287,developing_periodic_shedding,periodic,train,1252.59875307,11
1301,73.6282869994,Re_73p628287,developing_periodic_shedding,periodic,train,1264.30528347,12
1302,73.6282869994,Re_73p628287,developing_periodic_shedding,periodic,train,1276.01181387,13
1303,73.6282869994,Re_73p628287,developing_periodic_shedding,periodic,train,1287.71834427,14
1304,73.6282869994,Re_73p628287,developing_periodic_shedding,periodic,train,1299.42487468,15
1305,73.6282869994,Re_73p628287,developing_periodic_shedding,periodic,train,1311.13140508,16
1306,73.6282869994,Re_73p628287,developing_periodic_shedding,periodic,train,1322.83793548,17
1307,73.6282869994,Re_73p628287,developing_periodic_shedding,periodic,train,1334.54446589,18
1308,73.6282869994,Re_73p628287,developing_periodic_shedding,periodic,train,1346.25099629,19
1309,73.6282869994,Re_73p628287,developing_periodic_shedding,periodic,train,1357.95752669,20
1310,73.6282869994,Re_73p628287,developing_periodic_shedding,periodic,train,1369.66405709,21
1311,73.6282869994,Re_73p628287,developing_periodic_shedding,periodic,train,1381.3705875,22
1312,73.6282869994,Re_73p628287,developing_periodic_shedding,periodic,train,1393.0771179,23
1313,73.6282869994,Re_73p628287,developing_periodic_shedding,periodic,train,1404.7836483,24
1314,73.6282869994,Re_73p628287,developing_periodic_shedding,periodic,train,1416.4901787,25
1315,73.6282869994,Re_73p628287,developing_periodic_shedding,periodic,train,1428.19670911,26
1316,73.6282869994,Re_73p628287,developing_periodic_shedding,periodic,train,1439.90323951,27
1317,73.6282869994,Re_73p628287,developing_periodic_shedding,periodic,train,1451.60976991,28
1318,73.6282869994,Re_73p628287,developing_periodic_shedding,periodic,train,1463.31630031,29
1319,73.6282869994,Re_73p628287,developing_periodic_shedding,periodic,train,1475.02283072,30
1320,73.6282869994,Re_73p628287,developing_periodic_shedding,periodic,train,1486.72936112,31
1321,73.6282869994,Re_73p628287,developing_periodic_shedding,periodic,train,1498.43589152,32
1322,73.6282869994,Re_73p628287,developing_periodic_shedding,periodic,train,1510.14242192,33
1323,73.6282869994,Re_73p628287,developing_periodic_shedding,periodic,train,1521.84895233,34
1324,73.6282869994,Re_73p628287,developing_periodic_shedding,periodic,train,1533.55548273,35
1325,73.6282869994,Re_73p628287,developing_periodic_shedding,periodic,train,1545.26201313,36
1326,73.6282869994,Re_73p628287,developing_periodic_shedding,periodic,train,1556.96854353,37
1327,73.6282869994,Re_73p628287,developing_periodic_shedding,periodic,train,1568.67507394,38
1328,73.6282869994,Re_73p628287,developing_periodic_shedding,periodic,train,1580.38160434,39
1329,73.6282869994,Re_73p628287,developing_periodic_shedding,periodic,train,1592.08813474,40
1330,73.6282869994,Re_73p628287,developing_periodic_shedding,periodic,train,1603.79466514,41
1331,73.6282869994,Re_73p628287,developing_periodic_shedding,periodic,train,1615.50119554,42
1332,73.6282869994,Re_73p628287,developing_periodic_shedding,periodic,train,1627.20772595,43
1333,73.6282869994,Re_73p628287,developing_periodic_shedding,periodic,train,1638.91425635,44
1334,73.6282869994,Re_73p628287,developing_periodic_shedding,periodic,train,1650.62078675,45
1335,73.6282869994,Re_73p628287,developing_periodic_shedding,periodic,train,1662.32731715,46
1336,73.6282869994,Re_73p628287,developing_periodic_shedding,periodic,train,1674.03384756,47
1337,73.6282869994,Re_73p628287,developing_periodic_shedding,periodic,train,1685.74037796,48
1338,73.6282869994,Re_73p628287,developing_periodic_shedding,periodic,train,1697.44690836,49
1339,73.6282869994,Re_73p628287,developing_periodic_shedding,periodic,train,1709.15343877,50
1340,73.6282869994,Re_73p628287,developing_periodic_shedding,periodic,train,1720.85996917,51
1341,73.6282869994,Re_73p628287,developing_periodic_shedding,periodic,train,1732.56649957,52
1342,73.6282869994,Re_73p628287,developing_periodic_shedding,periodic,train,1744.27302997,53
1343,73.6282869994,Re_73p628287,developing_periodic_shedding,periodic,train,1755.97956038,54
1344,73.6282869994,Re_73p628287,developing_periodic_shedding,periodic,train,1767.68609078,55
1345,73.6282869994,Re_73p628287,developing_periodic_shedding,periodic,train,1779.39262118,56
1346,73.6282869994,Re_73p628287,developing_periodic_shedding,periodic,train,1791.09915158,57
1347,73.6282869994,Re_73p628287,developing_periodic_shedding,periodic,train,1802.80568199,58
1348,73.6282869994,Re_73p628287,developing_periodic_shedding,periodic,train,1814.51221239,59
1349,73.6282869994,Re_73p628287,developing_periodic_shedding,periodic,train,1826.21874279,60
1350,73.6282869994,Re_73p628287,developing_periodic_shedding,periodic,train,1837.92527319,61
1351,73.6282869994,Re_73p628287,developing_periodic_shedding,periodic,train,1849.6318036,62
1352,73.6282869994,Re_73p628287,developing_periodic_shedding,periodic,train,1861.338334,63
1353,73.6282869994,Re_73p628287,developing_periodic_shedding,periodic,train,1873.0448644,64
1354,73.6282869994,Re_73p628287,developing_periodic_shedding,periodic,train,1884.7513948,65
1355,73.6282869994,Re_73p628287,developing_periodic_shedding,periodic,train,1896.45792521,66
1356,73.6282869994,Re_73p628287,developing_periodic_shedding,periodic,train,1908.16445561,67
1357,73.6282869994,Re_73p628287,developing_periodic_shedding,periodic,train,1919.87098601,68
1358,73.6282869994,Re_73p628287,developing_periodic_shedding,periodic,train,1931.57751641,69
1359,73.6282869994,Re_73p628287,developing_periodic_shedding,periodic,train,1943.28404682,70
1360,73.6282869994,Re_73p628287,developing_periodic_shedding,periodic,train,1954.99057722,71
1361,73.6282869994,Re_73p628287,developing_periodic_shedding,periodic,train,1966.69710762,72
1362,73.6282869994,Re_73p628287,developing_periodic_shedding,periodic,train,1978.40363802,73
1363,73.6282869994,Re_73p628287,developing_periodic_shedding,periodic,train,1990.11016842,74
1364,73.6282869994,Re_73p628287,developing_periodic_shedding,periodic,train,2001.81669883,75
1365,73.6282869994,Re_73p628287,developing_periodic_shedding,periodic,train,2013.52322923,76
1366,73.6282869994,Re_73p628287,developing_periodic_shedding,periodic,train,2025.22975963,77
1367,73.6282869994,Re_73p628287,developing_periodic_shedding,periodic,train,2036.93629003,78
1368,73.6282869994,Re_73p628287,developing_periodic_shedding,periodic,train,2048.64282044,79
1369,73.6282869994,Re_73p628287,developing_periodic_shedding,periodic,train,2060.34935084,80
1370,73.6282869994,Re_73p628287,developing_periodic_shedding,periodic,train,2072.05588124,81
1371,73.6282869994,Re_73p628287,developing_periodic_shedding,periodic,train,2083.76241165,82
1372,73.6282869994,Re_73p628287,developing_periodic_shedding,periodic,train,2095.46894205,83
1373,73.6282869994,Re_73p628287,developing_periodic_shedding,periodic,train,2107.17547245,84
1374,73.6282869994,Re_73p628287,developing_periodic_shedding,periodic,train,2118.88200285,85
1375,73.6282869994,Re_73p628287,developing_periodic_shedding,periodic,train,2130.58853326,86
1376,73.6282869994,Re_73p628287,developing_periodic_shedding,periodic,train,2142.29506366,87
1377,73.6282869994,Re_73p628287,developing_periodic_shedding,periodic,train,2154.00159406,88
1378,73.6282869994,Re_73p628287,developing_periodic_shedding,periodic,train,2165.70812446,89
1379,73.6282869994,Re_73p628287,developing_periodic_shedding,periodic,train,2177.41465487,90
1380,73.6282869994,Re_73p628287,developing_periodic_shedding,periodic,train,2189.12118527,91
1381,73.6282869994,Re_73p628287,developing_periodic_shedding,periodic,train,2200.82771567,92
1382,73.6282869994,Re_73p628287,developing_periodic_shedding,periodic,train,2212.53424607,93
1383,73.6282869994,Re_73p628287,developing_periodic_shedding,periodic,train,2224.24077648,94
1384,73.6282869994,Re_73p628287,developing_periodic_shedding,periodic,train,2235.94730688,95
1385,73.6282869994,Re_73p628287,developing_periodic_shedding,periodic,train,2247.65383728,96
1386,73.6282869994,Re_73p628287,developing_periodic_shedding,periodic,train,2259.36036768,97
1387,73.6282869994,Re_73p628287,developing_periodic_shedding,periodic,train,2271.06689809,98
1388,73.6282869994,Re_73p628287,developing_periodic_shedding,periodic,train,2282.77342849,99
1389,73.6282869994,Re_73p628287,developing_periodic_shedding,periodic,train,2294.47995889,100
1390,73.6282869994,Re_73p628287,developing_periodic_shedding,periodic,train,2306.18648929,101
1391,73.6282869994,Re_73p628287,developing_periodic_shedding,periodic,train,2317.8930197,102
1392,73.6282869994,Re_73p628287,developing_periodic_shedding,periodic,train,2329.5995501,103
1393,73.6282869994,Re_73p628287,developing_periodic_shedding,periodic,train,2341.3060805,104
1394,73.6282869994,Re_73p628287,developing_periodic_shedding,periodic,train,2353.0126109,105
1395,73.6282869994,Re_73p628287,developing_periodic_shedding,periodic,train,2364.7191413,106
1396,73.6282869994,Re_73p628287,developing_periodic_shedding,periodic,train,2376.42567171,107
1397,73.6282869994,Re_73p628287,developing_periodic_shedding,periodic,train,2388.13220211,108
1398,73.6282869994,Re_73p628287,developing_periodic_shedding,periodic,train,2399.83873251,109
1399,73.6282869994,Re_73p628287,developing_periodic_shedding,periodic,train,2411.54526291,110
1400,73.6282869994,Re_73p628287,developing_periodic_shedding,periodic,train,2423.25179332,111
1401,73.6282869994,Re_73p628287,developing_periodic_shedding,periodic,train,2434.95832372,112
1402,73.6282869994,Re_73p628287,developing_periodic_shedding,periodic,train,2446.66485412,113
1403,73.6282869994,Re_73p628287,developing_periodic_shedding,periodic,train,2458.37138452,114
1404,73.6282869994,Re_73p628287,developing_periodic_shedding,periodic,train,2470.07791493,115
1405,73.6282869994,Re_73p628287,developing_periodic_shedding,periodic,train,2481.78444533,116
1406,73.6282869994,Re_73p628287,developing_periodic_shedding,periodic,train,2493.49097573,117
1407,73.6282869994,Re_73p628287,developing_periodic_shedding,periodic,train,2505.19750613,118
1408,73.6282869994,Re_73p628287,developing_periodic_shedding,periodic,train,2516.90403654,119
1409,73.6282869994,Re_73p628287,developing_periodic_shedding,periodic,train,2528.61056694,120
1410,73.6282869994,Re_73p628287,developing_periodic_shedding,periodic,train,2540.31709734,121
1411,73.6282869994,Re_73p628287,developing_periodic_shedding,periodic,train,2552.02362774,122
1412,73.6282869994,Re_73p628287,developing_periodic_shedding,periodic,train,2563.73015815,123
1413,73.6282869994,Re_73p628287,developing_periodic_shedding,periodic,train,2575.43668855,124
1414,73.6282869994,Re_73p628287,developing_periodic_shedding,periodic,train,2587.14321895,125
1415,73.6282869994,Re_73p628287,developing_periodic_shedding,periodic,train,2598.84974935,126
1416,73.6282869994,Re_73p628287,developing_periodic_shedding,periodic,train,2610.55627976,127
1417,73.6282869994,Re_73p628287,developing_periodic_shedding,periodic,train,2622.26281016,128
1418,73.6282869994,Re_73p628287,developing_periodic_shedding,periodic,train,2633.96934056,129
1419,73.6282869994,Re_73p628287,developing_periodic_shedding,periodic,train,2645.67587097,130
1420,73.6282869994,Re_73p628287,developing_periodic_shedding,periodic,train,2657.38240137,131
1421,73.6282869994,Re_73p628287,developing_periodic_shedding,periodic,train,2669.08893177,132
1422,73.6282869994,Re_73p628287,developing_periodic_shedding,periodic,train,2680.79546217,133
1423,73.6282869994,Re_73p628287,developing_periodic_shedding,periodic,train,2692.50199258,134
1424,73.6282869994,Re_73p628287,developing_periodic_shedding,periodic,train,2704.20852298,135
1425,73.6282869994,Re_73p628287,developing_periodic_shedding,periodic,train,2715.91505338,136
1426,73.6282869994,Re_73p628287,developing_periodic_shedding,periodic,train,2727.62158378,137
1427,73.6282869994,Re_73p628287,developing_periodic_shedding,periodic,train,2739.32811419,138
1428,73.6282869994,Re_73p628287,developing_periodic_shedding,periodic,train,2751.03464459,139
1429,73.6282869994,Re_73p628287,developing_periodic_shedding,periodic,train,2762.74117499,140
1430,73.6282869994,Re_73p628287,developing_periodic_shedding,periodic,train,2774.44770539,141
1431,73.6282869994,Re_73p628287,developing_periodic_shedding,periodic,train,2786.1542358,142
1432,73.6282869994,Re_73p628287,developing_periodic_shedding,periodic,train,2797.8607662,143
1433,73.6282869994,Re_73p628287,developing_periodic_shedding,periodic,train,2809.5672966,144
1434,73.6282869994,Re_73p628287,developing_periodic_shedding,periodic,train,2821.273827,145
1435,73.6282869994,Re_73p628287,developing_periodic_shedding,periodic,train,2832.98035741,146
1436,73.6282869994,Re_73p628287,developing_periodic_shedding,periodic,train,2844.68688781,147
1437,73.6282869994,Re_73p628287,developing_periodic_shedding,periodic,train,2856.39341821,148
1438,73.6282869994,Re_73p628287,developing_periodic_shedding,periodic,train,2868.09994861,149
1439,73.6282869994,Re_73p628287,developing_periodic_shedding,periodic,train,2879.80647902,150
1440,73.6282869994,Re_73p628287,developing_periodic_shedding,periodic,train,2891.51300942,151
1441,73.6282869994,Re_73p628287,developing_periodic_shedding,periodic,train,2903.21953982,152
1442,73.6282869994,Re_73p628287,developing_periodic_shedding,periodic,train,2914.92607022,153
1443,73.6282869994,Re_73p628287,developing_periodic_shedding,periodic,train,2926.63260063,154
1444,73.6282869994,Re_73p628287,developing_periodic_shedding,periodic,train,2938.33913103,155
1445,73.6282869994,Re_73p628287,developing_periodic_shedding,periodic,train,2950.04566143,156
1446,73.6282869994,Re_73p628287,developing_periodic_shedding,periodic,train,2961.75219183,157
1447,73.6282869994,Re_73p628287,developing_periodic_shedding,periodic,train,2973.45872224,158
1448,73.6282869994,Re_73p628287,developing_periodic_shedding,periodic,train,2985.16525264,159
1449,73.6282869994,Re_73p628287,developing_periodic_shedding,periodic,train,2996.87178304,160
1450,75.2823402819,Re_75p282340,developing_periodic_shedding,periodic,train,1090.38338974,0
1451,75.2823402819,Re_75p282340,developing_periodic_shedding,periodic,train,1101.74155005,1
1452,75.2823402819,Re_75p282340,developing_periodic_shedding,periodic,train,1113.09971036,2
1453,75.2823402819,Re_75p282340,developing_periodic_shedding,periodic,train,1124.45787067,3
1454,75.2823402819,Re_75p282340,developing_periodic_shedding,periodic,train,1135.81603098,4
1455,75.2823402819,Re_75p282340,developing_periodic_shedding,periodic,train,1147.17419129,5
1456,75.2823402819,Re_75p282340,developing_periodic_shedding,periodic,train,1158.5323516,6
1457,75.2823402819,Re_75p282340,developing_periodic_shedding,periodic,train,1169.89051191,7
1458,75.2823402819,Re_75p282340,developing_periodic_shedding,periodic,train,1181.24867222,8
1459,75.2823402819,Re_75p282340,developing_periodic_shedding,periodic,train,1192.60683253,9
1460,75.2823402819,Re_75p282340,developing_periodic_shedding,periodic,train,1203.96499284,10
1461,75.2823402819,Re_75p282340,developing_periodic_shedding,periodic,train,1215.32315315,11
1462,75.2823402819,Re_75p282340,developing_periodic_shedding,periodic,train,1226.68131346,12
1463,75.2823402819,Re_75p282340,developing_periodic_shedding,periodic,train,1238.03947377,13
1464,75.2823402819,Re_75p282340,developing_periodic_shedding,periodic,train,1249.39763408,14
1465,75.2823402819,Re_75p282340,developing_periodic_shedding,periodic,train,1260.75579439,15
1466,75.2823402819,Re_75p282340,developing_periodic_shedding,periodic,train,1272.1139547,16
1467,75.2823402819,Re_75p282340,developing_periodic_shedding,periodic,train,1283.47211501,17
1468,75.2823402819,Re_75p282340,developing_periodic_shedding,periodic,train,1294.83027532,18
1469,75.2823402819,Re_75p282340,developing_periodic_shedding,periodic,train,1306.18843563,19
1470,75.2823402819,Re_75p282340,developing_periodic_shedding,periodic,train,1317.54659594,20
1471,75.2823402819,Re_75p282340,developing_periodic_shedding,periodic,train,1328.90475625,21
1472,75.2823402819,Re_75p282340,developing_periodic_shedding,periodic,train,1340.26291656,22
1473,75.2823402819,Re_75p282340,developing_periodic_shedding,periodic,train,1351.62107687,23
1474,75.2823402819,Re_75p282340,developing_periodic_shedding,periodic,train,1362.97923718,24
1475,75.2823402819,Re_75p282340,developing_periodic_shedding,periodic,train,1374.33739749,25
1476,75.2823402819,Re_75p282340,developing_periodic_shedding,periodic,train,1385.6955578,26
1477,75.2823402819,Re_75p282340,developing_periodic_shedding,periodic,train,1397.05371811,27
1478,75.2823402819,Re_75p282340,developing_periodic_shedding,periodic,train,1408.41187842,28
1479,75.2823402819,Re_75p282340,developing_periodic_shedding,periodic,train,1419.77003873,29
1480,75.2823402819,Re_75p282340,developing_periodic_shedding,periodic,train,1431.12819903,30
1481,75.2823402819,Re_75p282340,developing_periodic_shedding,periodic,train,1442.48635934,31
1482,75.2823402819,Re_75p282340,developing_periodic_shedding,periodic,train,1453.84451965,32
1483,75.2823402819,Re_75p282340,developing_periodic_shedding,periodic,train,1465.20267996,33
1484,75.2823402819,Re_75p282340,developing_periodic_shedding,periodic,train,1476.56084027,34
1485,75.2823402819,Re_75p282340,developing_periodic_shedding,periodic,train,1487.91900058,35
1486,75.2823402819,Re_75p282340,developing_periodic_shedding,periodic,train,1499.27716089,36
1487,75.2823402819,Re_75p282340,developing_periodic_shedding,periodic,train,1510.6353212,37
1488,75.2823402819,Re_75p282340,developing_periodic_shedding,periodic,train,1521.99348151,38
1489,75.2823402819,Re_75p282340,developing_periodic_shedding,periodic,train,1533.35164182,39
1490,75.2823402819,Re_75p282340,developing_periodic_shedding,periodic,train,1544.70980213,40
1491,75.2823402819,Re_75p282340,developing_periodic_shedding,periodic,train,1556.06796244,41
1492,75.2823402819,Re_75p282340,developing_periodic_shedding,periodic,train,1567.42612275,42
1493,75.2823402819,Re_75p282340,developing_periodic_shedding,periodic,train,1578.78428306,43
1494,75.2823402819,Re_75p282340,developing_periodic_shedding,periodic,train,1590.14244337,44
1495,75.2823402819,Re_75p282340,developing_periodic_shedding,periodic,train,1601.50060368,45
1496,75.2823402819,Re_75p282340,developing_periodic_shedding,periodic,train,1612.85876399,46
1497,75.2823402819,Re_75p282340,developing_periodic_shedding,periodic,train,1624.2169243,47
1498,75.2823402819,Re_75p282340,developing_periodic_shedding,periodic,train,1635.57508461,48
1499,75.2823402819,Re_75p282340,developing_periodic_shedding,periodic,train,1646.93324492,49
1500,75.2823402819,Re_75p282340,developing_periodic_shedding,periodic,train,1658.29140523,50
1501,75.2823402819,Re_75p282340,developing_periodic_shedding,periodic,train,1669.64956554,51
1502,75.2823402819,Re_75p282340,developing_periodic_shedding,periodic,train,1681.00772585,52
1503,75.2823402819,Re_75p282340,developing_periodic_shedding,periodic,train,1692.36588616,53
1504,75.2823402819,Re_75p282340,developing_periodic_shedding,periodic,train,1703.72404647,54
1505,75.2823402819,Re_75p282340,developing_periodic_shedding,periodic,train,1715.08220678,55
1506,75.2823402819,Re_75p282340,developing_periodic_shedding,periodic,train,1726.44036709,56
1507,75.2823402819,Re_75p282340,developing_periodic_shedding,periodic,train,1737.7985274,57
1508,75.2823402819,Re_75p282340,developing_periodic_shedding,periodic,train,1749.15668771,58
1509,75.2823402819,Re_75p282340,developing_periodic_shedding,periodic,train,1760.51484802,59
1510,75.2823402819,Re_75p282340,developing_periodic_shedding,periodic,train,1771.87300833,60
1511,75.2823402819,Re_75p282340,developing_periodic_shedding,periodic,train,1783.23116864,61
1512,75.2823402819,Re_75p282340,developing_periodic_shedding,periodic,train,1794.58932895,62
1513,75.2823402819,Re_75p282340,developing_periodic_shedding,periodic,train,1805.94748926,63
1514,75.2823402819,Re_75p282340,developing_periodic_shedding,periodic,train,1817.30564957,64
1515,75.2823402819,Re_75p282340,developing_periodic_shedding,periodic,train,1828.66380988,65
1516,75.2823402819,Re_75p282340,developing_periodic_shedding,periodic,train,1840.02197019,66
1517,75.2823402819,Re_75p282340,developing_periodic_shedding,periodic,train,1851.3801305,67
1518,75.2823402819,Re_75p282340,developing_periodic_shedding,periodic,train,1862.73829081,68
1519,75.2823402819,Re_75p282340,developing_periodic_shedding,periodic,train,1874.09645112,69
1520,75.2823402819,Re_75p282340,developing_periodic_shedding,periodic,train,1885.45461143,70
1521,75.2823402819,Re_75p282340,developing_periodic_shedding,periodic,train,1896.81277174,71
1522,75.2823402819,Re_75p282340,developing_periodic_shedding,periodic,train,1908.17093205,72
1523,75.2823402819,Re_75p282340,developing_periodic_shedding,periodic,train,1919.52909236,73
1524,75.2823402819,Re_75p282340,developing_periodic_shedding,periodic,train,1930.88725267,74
1525,75.2823402819,Re_75p282340,developing_periodic_shedding,periodic,train,1942.24541298,75
1526,75.2823402819,Re_75p282340,developing_periodic_shedding,periodic,train,1953.60357329,76
1527,75.2823402819,Re_75p282340,developing_periodic_shedding,periodic,train,1964.9617336,77
1528,75.2823402819,Re_75p282340,developing_periodic_shedding,periodic,train,1976.31989391,78
1529,75.2823402819,Re_75p282340,developing_periodic_shedding,periodic,train,1987.67805422,79
1530,75.2823402819,Re_75p282340,developing_periodic_shedding,periodic,train,1999.03621452,80
1531,75.2823402819,Re_75p282340,developing_periodic_shedding,periodic,train,2010.39437483,81
1532,75.2823402819,Re_75p282340,developing_periodic_shedding,periodic,train,2021.75253514,82
1533,75.2823402819,Re_75p282340,developing_periodic_shedding,periodic,train,2033.11069545,83
1534,75.2823402819,Re_75p282340,developing_periodic_shedding,periodic,train,2044.46885576,84
1535,75.2823402819,Re_75p282340,developing_periodic_shedding,periodic,train,2055.82701607,85
1536,75.2823402819,Re_75p282340,developing_periodic_shedding,periodic,train,2067.18517638,86
1537,75.2823402819,Re_75p282340,developing_periodic_shedding,periodic,train,2078.54333669,87
1538,75.2823402819,Re_75p282340,developing_periodic_shedding,periodic,train,2089.901497,88
1539,75.2823402819,Re_75p282340,developing_periodic_shedding,periodic,train,2101.25965731,89
1540,75.2823402819,Re_75p282340,developing_periodic_shedding,periodic,train,2112.61781762,90
1541,75.2823402819,Re_75p282340,developing_periodic_shedding,periodic,train,2123.97597793,91
1542,75.2823402819,Re_75p282340,developing_periodic_shedding,periodic,train,2135.33413824,92
1543,75.2823402819,Re_75p282340,developing_periodic_shedding,periodic,train,2146.69229855,93
1544,75.2823402819,Re_75p282340,developing_periodic_shedding,periodic,train,2158.05045886,94
1545,75.2823402819,Re_75p282340,developing_periodic_shedding,periodic,train,2169.40861917,95
1546,75.2823402819,Re_75p282340,developing_periodic_shedding,periodic,train,2180.76677948,96
1547,75.2823402819,Re_75p282340,developing_periodic_shedding,periodic,train,2192.12493979,97
1548,75.2823402819,Re_75p282340,developing_periodic_shedding,periodic,train,2203.4831001,98
1549,75.2823402819,Re_75p282340,developing_periodic_shedding,periodic,train,2214.84126041,99
1550,75.2823402819,Re_75p282340,developing_periodic_shedding,periodic,train,2226.19942072,100
1551,75.2823402819,Re_75p282340,developing_periodic_shedding,periodic,train,2237.55758103,101
1552,75.2823402819,Re_75p282340,developing_periodic_shedding,periodic,train,2248.91574134,102
1553,75.2823402819,Re_75p282340,developing_periodic_shedding,periodic,train,2260.27390165,103
1554,75.2823402819,Re_75p282340,developing_periodic_shedding,periodic,train,2271.63206196,104
1555,75.2823402819,Re_75p282340,developing_periodic_shedding,periodic,train,2282.99022227,105
1556,75.2823402819,Re_75p282340,developing_periodic_shedding,periodic,train,2294.34838258,106
1557,75.2823402819,Re_75p282340,developing_periodic_shedding,periodic,train,2305.70654289,107
1558,75.2823402819,Re_75p282340,developing_periodic_shedding,periodic,train,2317.0647032,108
1559,75.2823402819,Re_75p282340,developing_periodic_shedding,periodic,train,2328.42286351,109
1560,75.2823402819,Re_75p282340,developing_periodic_shedding,periodic,train,2339.78102382,110
1561,75.2823402819,Re_75p282340,developing_periodic_shedding,periodic,train,2351.13918413,111
1562,75.2823402819,Re_75p282340,developing_periodic_shedding,periodic,train,2362.49734444,112
1563,75.2823402819,Re_75p282340,developing_periodic_shedding,periodic,train,2373.85550475,113
1564,75.2823402819,Re_75p282340,developing_periodic_shedding,periodic,train,2385.21366506,114
1565,75.2823402819,Re_75p282340,developing_periodic_shedding,periodic,train,2396.57182537,115
1566,75.2823402819,Re_75p282340,developing_periodic_shedding,periodic,train,2407.92998568,116
1567,75.2823402819,Re_75p282340,developing_periodic_shedding,periodic,train,2419.28814599,117
1568,75.2823402819,Re_75p282340,developing_periodic_shedding,periodic,train,2430.6463063,118
1569,75.2823402819,Re_75p282340,developing_periodic_shedding,periodic,train,2442.00446661,119
1570,75.2823402819,Re_75p282340,developing_periodic_shedding,periodic,train,2453.36262692,120
1571,75.2823402819,Re_75p282340,developing_periodic_shedding,periodic,train,2464.72078723,121
1572,75.2823402819,Re_75p282340,developing_periodic_shedding,periodic,train,2476.07894754,122
1573,75.2823402819,Re_75p282340,developing_periodic_shedding,periodic,train,2487.43710785,123
1574,75.2823402819,Re_75p282340,developing_periodic_shedding,periodic,train,2498.79526816,124
1575,75.2823402819,Re_75p282340,developing_periodic_shedding,periodic,train,2510.15342847,125
1576,75.2823402819,Re_75p282340,developing_periodic_shedding,periodic,train,2521.51158878,126
1577,75.2823402819,Re_75p282340,developing_periodic_shedding,periodic,train,2532.86974909,127
1578,75.2823402819,Re_75p282340,developing_periodic_shedding,periodic,train,2544.2279094,128
1579,75.2823402819,Re_75p282340,developing_periodic_shedding,periodic,train,2555.58606971,129
1580,75.2823402819,Re_75p282340,developing_periodic_shedding,periodic,train,2566.94423001,130
1581,75.2823402819,Re_75p282340,developing_periodic_shedding,periodic,train,2578.30239032,131
1582,75.2823402819,Re_75p282340,developing_periodic_shedding,periodic,train,2589.66055063,132
1583,75.2823402819,Re_75p282340,developing_periodic_shedding,periodic,train,2601.01871094,133
1584,75.2823402819,Re_75p282340,developing_periodic_shedding,periodic,train,2612.37687125,134
1585,75.2823402819,Re_75p282340,developing_periodic_shedding,periodic,train,2623.73503156,135
1586,75.2823402819,Re_75p282340,developing_periodic_shedding,periodic,train,2635.09319187,136
1587,75.2823402819,Re_75p282340,developing_periodic_shedding,periodic,train,2646.45135218,137
1588,75.2823402819,Re_75p282340,developing_periodic_shedding,periodic,train,2657.80951249,138
1589,75.2823402819,Re_75p282340,developing_periodic_shedding,periodic,train,2669.1676728,139
1590,75.2823402819,Re_75p282340,developing_periodic_shedding,periodic,train,2680.52583311,140
1591,75.2823402819,Re_75p282340,developing_periodic_shedding,periodic,train,2691.88399342,141
1592,75.2823402819,Re_75p282340,developing_periodic_shedding,periodic,train,2703.24215373,142
1593,75.2823402819,Re_75p282340,developing_periodic_shedding,periodic,train,2714.60031404,143
1594,75.2823402819,Re_75p282340,developing_periodic_shedding,periodic,train,2725.95847435,144
1595,75.2823402819,Re_75p282340,developing_periodic_shedding,periodic,train,2737.31663466,145
1596,75.2823402819,Re_75p282340,developing_periodic_shedding,periodic,train,2748.67479497,146
1597,75.2823402819,Re_75p282340,developing_periodic_shedding,periodic,train,2760.03295528,147
1598,75.2823402819,Re_75p282340,developing_periodic_shedding,periodic,train,2771.39111559,148
1599,75.2823402819,Re_75p282340,developing_periodic_shedding,periodic,train,2782.7492759,149
1600,75.2823402819,Re_75p282340,developing_periodic_shedding,periodic,train,2794.10743621,150
1601,75.2823402819,Re_75p282340,developing_periodic_shedding,periodic,train,2805.46559652,151
1602,75.2823402819,Re_75p282340,developing_periodic_shedding,periodic,train,2816.82375683,152
1603,75.2823402819,Re_75p282340,developing_periodic_shedding,periodic,train,2828.18191714,153
1604,75.2823402819,Re_75p282340,developing_periodic_shedding,periodic,train,2839.54007745,154
1605,75.2823402819,Re_75p282340,developing_periodic_shedding,periodic,train,2850.89823776,155
1606,75.2823402819,Re_75p282340,developing_periodic_shedding,periodic,train,2862.25639807,156
1607,75.2823402819,Re_75p282340,developing_periodic_shedding,periodic,train,2873.61455838,157
1608,75.2823402819,Re_75p282340,developing_periodic_shedding,periodic,train,2884.97271869,158
1609,75.2823402819,Re_75p282340,developing_periodic_shedding,periodic,train,2896.330879,159
1610,75.2823402819,Re_75p282340,developing_periodic_shedding,periodic,train,2907.68903931,160
1611,76.9358029334,Re_76p935803,developing_periodic_shedding,periodic,train,1058.88373186,0
1612,76.9358029334,Re_76p935803,developing_periodic_shedding,periodic,train,1069.91377073,1
1613,76.9358029334,Re_76p935803,developing_periodic_shedding,periodic,train,1080.9438096,2
1614,76.9358029334,Re_76p935803,developing_periodic_shedding,periodic,train,1091.97384848,3
1615,76.9358029334,Re_76p935803,developing_periodic_shedding,periodic,train,1103.00388735,4
1616,76.9358029334,Re_76p935803,developing_periodic_shedding,periodic,train,1114.03392622,5
1617,76.9358029334,Re_76p935803,developing_periodic_shedding,periodic,train,1125.0639651,6
1618,76.9358029334,Re_76p935803,developing_periodic_shedding,periodic,train,1136.09400397,7
1619,76.9358029334,Re_76p935803,developing_periodic_shedding,periodic,train,1147.12404284,8
1620,76.9358029334,Re_76p935803,developing_periodic_shedding,periodic,train,1158.15408172,9
1621,76.9358029334,Re_76p935803,developing_periodic_shedding,periodic,train,1169.18412059,10
1622,76.9358029334,Re_76p935803,developing_periodic_shedding,periodic,train,1180.21415946,11
1623,76.9358029334,Re_76p935803,developing_periodic_shedding,periodic,train,1191.24419834,12
1624,76.9358029334,Re_76p935803,developing_periodic_shedding,periodic,train,1202.27423721,13
1625,76.9358029334,Re_76p935803,developing_periodic_shedding,periodic,train,1213.30427609,14
1626,76.9358029334,Re_76p935803,developing_periodic_shedding,periodic,train,1224.33431496,15
1627,76.9358029334,Re_76p935803,developing_periodic_shedding,periodic,train,1235.36435383,16
1628,76.9358029334,Re_76p935803,developing_periodic_shedding,periodic,train,1246.39439271,17
1629,76.9358029334,Re_76p935803,developing_periodic_shedding,periodic,train,1257.42443158,18
1630,76.9358029334,Re_76p935803,developing_periodic_shedding,periodic,train,1268.45447045,19
1631,76.9358029334,Re_76p935803,developing_periodic_shedding,periodic,train,1279.48450933,20
1632,76.9358029334,Re_76p935803,developing_periodic_shedding,periodic,train,1290.5145482,21
1633,76.9358029334,Re_76p935803,developing_periodic_shedding,periodic,train,1301.54458707,22
1634,76.9358029334,Re_76p935803,developing_periodic_shedding,periodic,train,1312.57462595,23
1635,76.9358029334,Re_76p935803,developing_periodic_shedding,periodic,train,1323.60466482,24
1636,76.9358029334,Re_76p935803,developing_periodic_shedding,periodic,train,1334.63470369,25
1637,76.9358029334,Re_76p935803,developing_periodic_shedding,periodic,train,1345.66474257,26
1638,76.9358029334,Re_76p935803,developing_periodic_shedding,periodic,train,1356.69478144,27
1639,76.9358029334,Re_76p935803,developing_periodic_shedding,periodic,train,1367.72482031,28
1640,76.9358029334,Re_76p935803,developing_periodic_shedding,periodic,train,1378.75485919,29
1641,76.9358029334,Re_76p935803,developing_periodic_shedding,periodic,train,1389.78489806,30
1642,76.9358029334,Re_76p935803,developing_periodic_shedding,periodic,train,1400.81493693,31
1643,76.9358029334,Re_76p935803,developing_periodic_shedding,periodic,train,1411.84497581,32
1644,76.9358029334,Re_76p935803,developing_periodic_shedding,periodic,train,1422.87501468,33
1645,76.9358029334,Re_76p935803,developing_periodic_shedding,periodic,train,1433.90505355,34
1646,76.9358029334,Re_76p935803,developing_periodic_shedding,periodic,train,1444.93509243,35
1647,76.9358029334,Re_76p935803,developing_periodic_shedding,periodic,train,1455.9651313,36
1648,76.9358029334,Re_76p935803,developing_periodic_shedding,periodic,train,1466.99517018,37
1649,76.9358029334,Re_76p935803,developing_periodic_shedding,periodic,train,1478.02520905,38
1650,76.9358029334,Re_76p935803,developing_periodic_shedding,periodic,train,1489.05524792,39
1651,76.9358029334,Re_76p935803,developing_periodic_shedding,periodic,train,1500.0852868,40
1652,76.9358029334,Re_76p935803,developing_periodic_shedding,periodic,train,1511.11532567,41
1653,76.9358029334,Re_76p935803,developing_periodic_shedding,periodic,train,1522.14536454,42
1654,76.9358029334,Re_76p935803,developing_periodic_shedding,periodic,train,1533.17540342,43
1655,76.9358029334,Re_76p935803,developing_periodic_shedding,periodic,train,1544.20544229,44
1656,76.9358029334,Re_76p935803,developing_periodic_shedding,periodic,train,1555.23548116,45
1657,76.9358029334,Re_76p935803,developing_periodic_shedding,periodic,train,1566.26552004,46
1658,76.9358029334,Re_76p935803,developing_periodic_shedding,periodic,train,1577.29555891,47
1659,76.9358029334,Re_76p935803,developing_periodic_shedding,periodic,train,1588.32559778,48
1660,76.9358029334,Re_76p935803,developing_periodic_shedding,periodic,train,1599.35563666,49
1661,76.9358029334,Re_76p935803,developing_periodic_shedding,periodic,train,1610.38567553,50
1662,76.9358029334,Re_76p935803,developing_periodic_shedding,periodic,train,1621.4157144,51
1663,76.9358029334,Re_76p935803,developing_periodic_shedding,periodic,train,1632.44575328,52
1664,76.9358029334,Re_76p935803,developing_periodic_shedding,periodic,train,1643.47579215,53
1665,76.9358029334,Re_76p935803,developing_periodic_shedding,periodic,train,1654.50583103,54
1666,76.9358029334,Re_76p935803,developing_periodic_shedding,periodic,train,1665.5358699,55
1667,76.9358029334,Re_76p935803,developing_periodic_shedding,periodic,train,1676.56590877,56
1668,76.9358029334,Re_76p935803,developing_periodic_shedding,periodic,train,1687.59594765,57
1669,76.9358029334,Re_76p935803,developing_periodic_shedding,periodic,train,1698.62598652,58
1670,76.9358029334,Re_76p935803,developing_periodic_shedding,periodic,train,1709.65602539,59
1671,76.9358029334,Re_76p935803,developing_periodic_shedding,periodic,train,1720.68606427,60
1672,76.9358029334,Re_76p935803,developing_periodic_shedding,periodic,train,1731.71610314,61
1673,76.9358029334,Re_76p935803,developing_periodic_shedding,periodic,train,1742.74614201,62
1674,76.9358029334,Re_76p935803,developing_periodic_shedding,periodic,train,1753.77618089,63
1675,76.9358029334,Re_76p935803,developing_periodic_shedding,periodic,train,1764.80621976,64
1676,76.9358029334,Re_76p935803,developing_periodic_shedding,periodic,train,1775.83625863,65
1677,76.9358029334,Re_76p935803,developing_periodic_shedding,periodic,train,1786.86629751,66
1678,76.9358029334,Re_76p935803,developing_periodic_shedding,periodic,train,1797.89633638,67
1679,76.9358029334,Re_76p935803,developing_periodic_shedding,periodic,train,1808.92637525,68
1680,76.9358029334,Re_76p935803,developing_periodic_shedding,periodic,train,1819.95641413,69
1681,76.9358029334,Re_76p935803,developing_periodic_shedding,periodic,train,1830.986453,70
1682,76.9358029334,Re_76p935803,developing_periodic_shedding,periodic,train,1842.01649187,71
1683,76.9358029334,Re_76p935803,developing_periodic_shedding,periodic,train,1853.04653075,72
1684,76.9358029334,Re_76p935803,developing_periodic_shedding,periodic,train,1864.07656962,73
1685,76.9358029334,Re_76p935803,developing_periodic_shedding,periodic,train,1875.1066085,74
1686,76.9358029334,Re_76p935803,developing_periodic_shedding,periodic,train,1886.13664737,75
1687,76.9358029334,Re_76p935803,developing_periodic_shedding,periodic,train,1897.16668624,76
1688,76.9358029334,Re_76p935803,developing_periodic_shedding,periodic,train,1908.19672512,77
1689,76.9358029334,Re_76p935803,developing_periodic_shedding,periodic,train,1919.22676399,78
1690,76.9358029334,Re_76p935803,developing_periodic_shedding,periodic,train,1930.25680286,79
1691,76.9358029334,Re_76p935803,developing_periodic_shedding,periodic,train,1941.28684174,80
1692,76.9358029334,Re_76p935803,developing_periodic_shedding,periodic,train,1952.31688061,81
1693,76.9358029334,Re_76p935803,developing_periodic_shedding,periodic,train,1963.34691948,82
1694,76.9358029334,Re_76p935803,developing_periodic_shedding,periodic,train,1974.37695836,83
1695,76.9358029334,Re_76p935803,developing_periodic_shedding,periodic,train,1985.40699723,84
1696,76.9358029334,Re_76p935803,developing_periodic_shedding,periodic,train,1996.4370361,85
1697,76.9358029334,Re_76p935803,developing_periodic_shedding,periodic,train,2007.46707498,86
1698,76.9358029334,Re_76p935803,developing_periodic_shedding,periodic,train,2018.49711385,87
1699,76.9358029334,Re_76p935803,developing_periodic_shedding,periodic,train,2029.52715272,88
1700,76.9358029334,Re_76p935803,developing_periodic_shedding,periodic,train,2040.5571916,89
1701,76.9358029334,Re_76p935803,developing_periodic_shedding,periodic,train,2051.58723047,90
1702,76.9358029334,Re_76p935803,developing_periodic_shedding,periodic,train,2062.61726934,91
1703,76.9358029334,Re_76p935803,developing_periodic_shedding,periodic,train,2073.64730822,92
1704,76.9358029334,Re_76p935803,developing_periodic_shedding,periodic,train,2084.67734709,93
1705,76.9358029334,Re_76p935803,developing_periodic_shedding,periodic,train,2095.70738596,94
1706,76.9358029334,Re_76p935803,developing_periodic_shedding,periodic,train,2106.73742484,95
1707,76.9358029334,Re_76p935803,developing_periodic_shedding,periodic,train,2117.76746371,96
1708,76.9358029334,Re_76p935803,developing_periodic_shedding,periodic,train,2128.79750259,97
1709,76.9358029334,Re_76p935803,developing_periodic_shedding,periodic,train,2139.82754146,98
1710,76.9358029334,Re_76p935803,developing_periodic_shedding,periodic,train,2150.85758033,99
1711,76.9358029334,Re_76p935803,developing_periodic_shedding,periodic,train,2161.88761921,100
1712,76.9358029334,Re_76p935803,developing_periodic_shedding,periodic,train,2172.91765808,101
1713,76.9358029334,Re_76p935803,developing_periodic_shedding,periodic,train,2183.94769695,102
1714,76.9358029334,Re_76p935803,developing_periodic_shedding,periodic,train,2194.97773583,103
1715,76.9358029334,Re_76p935803,developing_periodic_shedding,periodic,train,2206.0077747,104
1716,76.9358029334,Re_76p935803,developing_periodic_shedding,periodic,train,2217.03781357,105
1717,76.9358029334,Re_76p935803,developing_periodic_shedding,periodic,train,2228.06785245,106
1718,76.9358029334,Re_76p935803,developing_periodic_shedding,periodic,train,2239.09789132,107
1719,76.9358029334,Re_76p935803,developing_periodic_shedding,periodic,train,2250.12793019,108
1720,76.9358029334,Re_76p935803,developing_periodic_shedding,periodic,train,2261.15796907,109
1721,76.9358029334,Re_76p935803,developing_periodic_shedding,periodic,train,2272.18800794,110
1722,76.9358029334,Re_76p935803,developing_periodic_shedding,periodic,train,2283.21804681,111
1723,76.9358029334,Re_76p935803,developing_periodic_shedding,periodic,train,2294.24808569,112
1724,76.9358029334,Re_76p935803,developing_periodic_shedding,periodic,train,2305.27812456,113
1725,76.9358029334,Re_76p935803,developing_periodic_shedding,periodic,train,2316.30816344,114
1726,76.9358029334,Re_76p935803,developing_periodic_shedding,periodic,train,2327.33820231,115
1727,76.9358029334,Re_76p935803,developing_periodic_shedding,periodic,train,2338.36824118,116
1728,76.9358029334,Re_76p935803,developing_periodic_shedding,periodic,train,2349.39828006,117
1729,76.9358029334,Re_76p935803,developing_periodic_shedding,periodic,train,2360.42831893,118
1730,76.9358029334,Re_76p935803,developing_periodic_shedding,periodic,train,2371.4583578,119
1731,76.9358029334,Re_76p935803,developing_periodic_shedding,periodic,train,2382.48839668,120
1732,76.9358029334,Re_76p935803,developing_periodic_shedding,periodic,train,2393.51843555,121
1733,76.9358029334,Re_76p935803,developing_periodic_shedding,periodic,train,2404.54847442,122
1734,76.9358029334,Re_76p935803,developing_periodic_shedding,periodic,train,2415.5785133,123
1735,76.9358029334,Re_76p935803,developing_periodic_shedding,periodic,train,2426.60855217,124
1736,76.9358029334,Re_76p935803,developing_periodic_shedding,periodic,train,2437.63859104,125
1737,76.9358029334,Re_76p935803,developing_periodic_shedding,periodic,train,2448.66862992,126
1738,76.9358029334,Re_76p935803,developing_periodic_shedding,periodic,train,2459.69866879,127
1739,76.9358029334,Re_76p935803,developing_periodic_shedding,periodic,train,2470.72870766,128
1740,76.9358029334,Re_76p935803,developing_periodic_shedding,periodic,train,2481.75874654,129
1741,76.9358029334,Re_76p935803,developing_periodic_shedding,periodic,train,2492.78878541,130
1742,76.9358029334,Re_76p935803,developing_periodic_shedding,periodic,train,2503.81882428,131
1743,76.9358029334,Re_76p935803,developing_periodic_shedding,periodic,train,2514.84886316,132
1744,76.9358029334,Re_76p935803,developing_periodic_shedding,periodic,train,2525.87890203,133
1745,76.9358029334,Re_76p935803,developing_periodic_shedding,periodic,train,2536.90894091,134
1746,76.9358029334,Re_76p935803,developing_periodic_shedding,periodic,train,2547.93897978,135
1747,76.9358029334,Re_76p935803,developing_periodic_shedding,periodic,train,2558.96901865,136
1748,76.9358029334,Re_76p935803,developing_periodic_shedding,periodic,train,2569.99905753,137
1749,76.9358029334,Re_76p935803,developing_periodic_shedding,periodic,train,2581.0290964,138
1750,76.9358029334,Re_76p935803,developing_periodic_shedding,periodic,train,2592.05913527,139
1751,76.9358029334,Re_76p935803,developing_periodic_shedding,periodic,train,2603.08917415,140
1752,76.9358029334,Re_76p935803,developing_periodic_shedding,periodic,train,2614.11921302,141
1753,76.9358029334,Re_76p935803,developing_periodic_shedding,periodic,train,2625.14925189,142
1754,76.9358029334,Re_76p935803,developing_periodic_shedding,periodic,train,2636.17929077,143
1755,76.9358029334,Re_76p935803,developing_periodic_shedding,periodic,train,2647.20932964,144
1756,76.9358029334,Re_76p935803,developing_periodic_shedding,periodic,train,2658.23936851,145
1757,76.9358029334,Re_76p935803,developing_periodic_shedding,periodic,train,2669.26940739,146
1758,76.9358029334,Re_76p935803,developing_periodic_shedding,periodic,train,2680.29944626,147
1759,76.9358029334,Re_76p935803,developing_periodic_shedding,periodic,train,2691.32948513,148
1760,76.9358029334,Re_76p935803,developing_periodic_shedding,periodic,train,2702.35952401,149
1761,76.9358029334,Re_76p935803,developing_periodic_shedding,periodic,train,2713.38956288,150
1762,76.9358029334,Re_76p935803,developing_periodic_shedding,periodic,train,2724.41960175,151
1763,76.9358029334,Re_76p935803,developing_periodic_shedding,periodic,train,2735.44964063,152
1764,76.9358029334,Re_76p935803,developing_periodic_shedding,periodic,train,2746.4796795,153
1765,76.9358029334,Re_76p935803,developing_periodic_shedding,periodic,train,2757.50971837,154
1766,76.9358029334,Re_76p935803,developing_periodic_shedding,periodic,train,2768.53975725,155
1767,76.9358029334,Re_76p935803,developing_periodic_shedding,periodic,train,2779.56979612,156
1768,76.9358029334,Re_76p935803,developing_periodic_shedding,periodic,train,2790.599835,157
1769,76.9358029334,Re_76p935803,developing_periodic_shedding,periodic,train,2801.62987387,158
1770,76.9358029334,Re_76p935803,developing_periodic_shedding,periodic,train,2812.65991274,159
1771,76.9358029334,Re_76p935803,developing_periodic_shedding,periodic,train,2823.68995162,160
1772,78.5889708164,Re_78p588971,developing_periodic_shedding,periodic,train,1029.15808794,0
1773,78.5889708164,Re_78p588971,developing_periodic_shedding,periodic,train,1039.87848469,1
1774,78.5889708164,Re_78p588971,developing_periodic_shedding,periodic,train,1050.59888144,2
1775,78.5889708164,Re_78p588971,developing_periodic_shedding,periodic,train,1061.31927819,3
1776,78.5889708164,Re_78p588971,developing_periodic_shedding,periodic,train,1072.03967494,4
1777,78.5889708164,Re_78p588971,developing_periodic_shedding,periodic,train,1082.76007169,5
1778,78.5889708164,Re_78p588971,developing_periodic_shedding,periodic,train,1093.48046844,6
1779,78.5889708164,Re_78p588971,developing_periodic_shedding,periodic,train,1104.20086519,7
1780,78.5889708164,Re_78p588971,developing_periodic_shedding,periodic,train,1114.92126194,8
1781,78.5889708164,Re_78p588971,developing_periodic_shedding,periodic,train,1125.64165869,9
1782,78.5889708164,Re_78p588971,developing_periodic_shedding,periodic,train,1136.36205544,10
1783,78.5889708164,Re_78p588971,developing_periodic_shedding,periodic,train,1147.08245219,11
1784,78.5889708164,Re_78p588971,developing_periodic_shedding,periodic,train,1157.80284894,12
1785,78.5889708164,Re_78p588971,developing_periodic_shedding,periodic,train,1168.52324568,13
1786,78.5889708164,Re_78p588971,developing_periodic_shedding,periodic,train,1179.24364243,14
1787,78.5889708164,Re_78p588971,developing_periodic_shedding,periodic,train,1189.96403918,15
1788,78.5889708164,Re_78p588971,developing_periodic_shedding,periodic,train,1200.68443593,16
1789,78.5889708164,Re_78p588971,developing_periodic_shedding,periodic,train,1211.40483268,17
1790,78.5889708164,Re_78p588971,developing_periodic_shedding,periodic,train,1222.12522943,18
1791,78.5889708164,Re_78p588971,developing_periodic_shedding,periodic,train,1232.84562618,19
1792,78.5889708164,Re_78p588971,developing_periodic_shedding,periodic,train,1243.56602293,20
1793,78.5889708164,Re_78p588971,developing_periodic_shedding,periodic,train,1254.28641968,21
1794,78.5889708164,Re_78p588971,developing_periodic_shedding,periodic,train,1265.00681643,22
1795,78.5889708164,Re_78p588971,developing_periodic_shedding,periodic,train,1275.72721318,23
1796,78.5889708164,Re_78p588971,developing_periodic_shedding,periodic,train,1286.44760993,24
1797,78.5889708164,Re_78p588971,developing_periodic_shedding,periodic,train,1297.16800668,25
1798,78.5889708164,Re_78p588971,developing_periodic_shedding,periodic,train,1307.88840343,26
1799,78.5889708164,Re_78p588971,developing_periodic_shedding,periodic,train,1318.60880018,27
1800,78.5889708164,Re_78p588971,developing_periodic_shedding,periodic,train,1329.32919693,28
1801,78.5889708164,Re_78p588971,developing_periodic_shedding,periodic,train,1340.04959368,29
1802,78.5889708164,Re_78p588971,developing_periodic_shedding,periodic,train,1350.76999042,30
1803,78.5889708164,Re_78p588971,developing_periodic_shedding,periodic,train,1361.49038717,31
1804,78.5889708164,Re_78p588971,developing_periodic_shedding,periodic,train,1372.21078392,32
1805,78.5889708164,Re_78p588971,developing_periodic_shedding,periodic,train,1382.93118067,33
1806,78.5889708164,Re_78p588971,developing_periodic_shedding,periodic,train,1393.65157742,34
1807,78.5889708164,Re_78p588971,developing_periodic_shedding,periodic,train,1404.37197417,35
1808,78.5889708164,Re_78p588971,developing_periodic_shedding,periodic,train,1415.09237092,36
1809,78.5889708164,Re_78p588971,developing_periodic_shedding,periodic,train,1425.81276767,37
1810,78.5889708164,Re_78p588971,developing_periodic_shedding,periodic,train,1436.53316442,38
1811,78.5889708164,Re_78p588971,developing_periodic_shedding,periodic,train,1447.25356117,39
1812,78.5889708164,Re_78p588971,developing_periodic_shedding,periodic,train,1457.97395792,40
1813,78.5889708164,Re_78p588971,developing_periodic_shedding,periodic,train,1468.69435467,41
1814,78.5889708164,Re_78p588971,developing_periodic_shedding,periodic,train,1479.41475142,42
1815,78.5889708164,Re_78p588971,developing_periodic_shedding,periodic,train,1490.13514817,43
1816,78.5889708164,Re_78p588971,developing_periodic_shedding,periodic,train,1500.85554492,44
1817,78.5889708164,Re_78p588971,developing_periodic_shedding,periodic,train,1511.57594167,45
1818,78.5889708164,Re_78p588971,developing_periodic_shedding,periodic,train,1522.29633841,46
1819,78.5889708164,Re_78p588971,developing_periodic_shedding,periodic,train,1533.01673516,47
1820,78.5889708164,Re_78p588971,developing_periodic_shedding,periodic,train,1543.73713191,48
1821,78.5889708164,Re_78p588971,developing_periodic_shedding,periodic,train,1554.45752866,49
1822,78.5889708164,Re_78p588971,developing_periodic_shedding,periodic,train,1565.17792541,50
1823,78.5889708164,Re_78p588971,developing_periodic_shedding,periodic,train,1575.89832216,51
1824,78.5889708164,Re_78p588971,developing_periodic_shedding,periodic,train,1586.61871891,52
1825,78.5889708164,Re_78p588971,developing_periodic_shedding,periodic,train,1597.33911566,53
1826,78.5889708164,Re_78p588971,developing_periodic_shedding,periodic,train,1608.05951241,54
1827,78.5889708164,Re_78p588971,developing_periodic_shedding,periodic,train,1618.77990916,55
1828,78.5889708164,Re_78p588971,developing_periodic_shedding,periodic,train,1629.50030591,56
1829,78.5889708164,Re_78p588971,developing_periodic_shedding,periodic,train,1640.22070266,57
1830,78.5889708164,Re_78p588971,developing_periodic_shedding,periodic,train,1650.94109941,58
1831,78.5889708164,Re_78p588971,developing_periodic_shedding,periodic,train,1661.66149616,59
1832,78.5889708164,Re_78p588971,developing_periodic_shedding,periodic,train,1672.38189291,60
1833,78.5889708164,Re_78p588971,developing_periodic_shedding,periodic,train,1683.10228966,61
1834,78.5889708164,Re_78p588971,developing_periodic_shedding,periodic,train,1693.82268641,62
1835,78.5889708164,Re_78p588971,developing_periodic_shedding,periodic,train,1704.54308315,63
1836,78.5889708164,Re_78p588971,developing_periodic_shedding,periodic,train,1715.2634799,64
1837,78.5889708164,Re_78p588971,developing_periodic_shedding,periodic,train,1725.98387665,65
1838,78.5889708164,Re_78p588971,developing_periodic_shedding,periodic,train,1736.7042734,66
1839,78.5889708164,Re_78p588971,developing_periodic_shedding,periodic,train,1747.42467015,67
1840,78.5889708164,Re_78p588971,developing_periodic_shedding,periodic,train,1758.1450669,68
1841,78.5889708164,Re_78p588971,developing_periodic_shedding,periodic,train,1768.86546365,69
1842,78.5889708164,Re_78p588971,developing_periodic_shedding,periodic,train,1779.5858604,70
1843,78.5889708164,Re_78p588971,developing_periodic_shedding,periodic,train,1790.30625715,71
1844,78.5889708164,Re_78p588971,developing_periodic_shedding,periodic,train,1801.0266539,72
1845,78.5889708164,Re_78p588971,developing_periodic_shedding,periodic,train,1811.74705065,73
1846,78.5889708164,Re_78p588971,developing_periodic_shedding,periodic,train,1822.4674474,74
1847,78.5889708164,Re_78p588971,developing_periodic_shedding,periodic,train,1833.18784415,75
1848,78.5889708164,Re_78p588971,developing_periodic_shedding,periodic,train,1843.9082409,76
1849,78.5889708164,Re_78p588971,developing_periodic_shedding,periodic,train,1854.62863765,77
1850,78.5889708164,Re_78p588971,developing_periodic_shedding,periodic,train,1865.3490344,78
1851,78.5889708164,Re_78p588971,developing_periodic_shedding,periodic,train,1876.06943115,79
1852,78.5889708164,Re_78p588971,developing_periodic_shedding,periodic,train,1886.78982789,80
1853,78.5889708164,Re_78p588971,developing_periodic_shedding,periodic,train,1897.51022464,81
1854,78.5889708164,Re_78p588971,developing_periodic_shedding,periodic,train,1908.23062139,82
1855,78.5889708164,Re_78p588971,developing_periodic_shedding,periodic,train,1918.95101814,83
1856,78.5889708164,Re_78p588971,developing_periodic_shedding,periodic,train,1929.67141489,84
1857,78.5889708164,Re_78p588971,developing_periodic_shedding,periodic,train,1940.39181164,85
1858,78.5889708164,Re_78p588971,developing_periodic_shedding,periodic,train,1951.11220839,86
1859,78.5889708164,Re_78p588971,developing_periodic_shedding,periodic,train,1961.83260514,87
1860,78.5889708164,Re_78p588971,developing_periodic_shedding,periodic,train,1972.55300189,88
1861,78.5889708164,Re_78p588971,developing_periodic_shedding,periodic,train,1983.27339864,89
1862,78.5889708164,Re_78p588971,developing_periodic_shedding,periodic,train,1993.99379539,90
1863,78.5889708164,Re_78p588971,developing_periodic_shedding,periodic,train,2004.71419214,91
1864,78.5889708164,Re_78p588971,developing_periodic_shedding,periodic,train,2015.43458889,92
1865,78.5889708164,Re_78p588971,developing_periodic_shedding,periodic,train,2026.15498564,93
1866,78.5889708164,Re_78p588971,developing_periodic_shedding,periodic,train,2036.87538239,94
1867,78.5889708164,Re_78p588971,developing_periodic_shedding,periodic,train,2047.59577914,95
1868,78.5889708164,Re_78p588971,developing_periodic_shedding,periodic,train,2058.31617588,96
1869,78.5889708164,Re_78p588971,developing_periodic_shedding,periodic,train,2069.03657263,97
1870,78.5889708164,Re_78p588971,developing_periodic_shedding,periodic,train,2079.75696938,98
1871,78.5889708164,Re_78p588971,developing_periodic_shedding,periodic,train,2090.47736613,99
1872,78.5889708164,Re_78p588971,developing_periodic_shedding,periodic,train,2101.19776288,100
1873,78.5889708164,Re_78p588971,developing_periodic_shedding,periodic,train,2111.91815963,101
1874,78.5889708164,Re_78p588971,developing_periodic_shedding,periodic,train,2122.63855638,102
1875,78.5889708164,Re_78p588971,developing_periodic_shedding,periodic,train,2133.35895313,103
1876,78.5889708164,Re_78p588971,developing_periodic_shedding,periodic,train,2144.07934988,104
1877,78.5889708164,Re_78p588971,developing_periodic_shedding,periodic,train,2154.79974663,105
1878,78.5889708164,Re_78p588971,developing_periodic_shedding,periodic,train,2165.52014338,106
1879,78.5889708164,Re_78p588971,developing_periodic_shedding,periodic,train,2176.24054013,107
1880,78.5889708164,Re_78p588971,developing_periodic_shedding,periodic,train,2186.96093688,108
1881,78.5889708164,Re_78p588971,developing_periodic_shedding,periodic,train,2197.68133363,109
1882,78.5889708164,Re_78p588971,developing_periodic_shedding,periodic,train,2208.40173038,110
1883,78.5889708164,Re_78p588971,developing_periodic_shedding,periodic,train,2219.12212713,111
1884,78.5889708164,Re_78p588971,developing_periodic_shedding,periodic,train,2229.84252388,112
1885,78.5889708164,Re_78p588971,developing_periodic_shedding,periodic,train,2240.56292062,113
1886,78.5889708164,Re_78p588971,developing_periodic_shedding,periodic,train,2251.28331737,114
1887,78.5889708164,Re_78p588971,developing_periodic_shedding,periodic,train,2262.00371412,115
1888,78.5889708164,Re_78p588971,developing_periodic_shedding,periodic,train,2272.72411087,116
1889,78.5889708164,Re_78p588971,developing_periodic_shedding,periodic,train,2283.44450762,117
1890,78.5889708164,Re_78p588971,developing_periodic_shedding,periodic,train,2294.16490437,118
1891,78.5889708164,Re_78p588971,developing_periodic_shedding,periodic,train,2304.88530112,119
1892,78.5889708164,Re_78p588971,developing_periodic_shedding,periodic,train,2315.60569787,120
1893,78.5889708164,Re_78p588971,developing_periodic_shedding,periodic,train,2326.32609462,121
1894,78.5889708164,Re_78p588971,developing_periodic_shedding,periodic,train,2337.04649137,122
1895,78.5889708164,Re_78p588971,developing_periodic_shedding,periodic,train,2347.76688812,123
1896,78.5889708164,Re_78p588971,developing_periodic_shedding,periodic,train,2358.48728487,124
1897,78.5889708164,Re_78p588971,developing_periodic_shedding,periodic,train,2369.20768162,125
1898,78.5889708164,Re_78p588971,developing_periodic_shedding,periodic,train,2379.92807837,126
1899,78.5889708164,Re_78p588971,developing_periodic_shedding,periodic,train,2390.64847512,127
1900,78.5889708164,Re_78p588971,developing_periodic_shedding,periodic,train,2401.36887187,128
1901,78.5889708164,Re_78p588971,developing_periodic_shedding,periodic,train,2412.08926862,129
1902,78.5889708164,Re_78p588971,developing_periodic_shedding,periodic,train,2422.80966536,130
1903,78.5889708164,Re_78p588971,developing_periodic_shedding,periodic,train,2433.53006211,131
1904,78.5889708164,Re_78p588971,developing_periodic_shedding,periodic,train,2444.25045886,132
1905,78.5889708164,Re_78p588971,developing_periodic_shedding,periodic,train,2454.97085561,133
1906,78.5889708164,Re_78p588971,developing_periodic_shedding,periodic,train,2465.69125236,134
1907,78.5889708164,Re_78p588971,developing_periodic_shedding,periodic,train,2476.41164911,135
1908,78.5889708164,Re_78p588971,developing_periodic_shedding,periodic,train,2487.13204586,136
1909,78.5889708164,Re_78p588971,developing_periodic_shedding,periodic,train,2497.85244261,137
1910,78.5889708164,Re_78p588971,developing_periodic_shedding,periodic,train,2508.57283936,138
1911,78.5889708164,Re_78p588971,developing_periodic_shedding,periodic,train,2519.29323611,139
1912,78.5889708164,Re_78p588971,developing_periodic_shedding,periodic,train,2530.01363286,140
1913,78.5889708164,Re_78p588971,developing_periodic_shedding,periodic,train,2540.73402961,141
1914,78.5889708164,Re_78p588971,developing_periodic_shedding,periodic,train,2551.45442636,142
1915,78.5889708164,Re_78p588971,developing_periodic_shedding,periodic,train,2562.17482311,143
1916,78.5889708164,Re_78p588971,developing_periodic_shedding,periodic,train,2572.89521986,144
1917,78.5889708164,Re_78p588971,developing_periodic_shedding,periodic,train,2583.61561661,145
1918,78.5889708164,Re_78p588971,developing_periodic_shedding,periodic,train,2594.33601335,146
1919,78.5889708164,Re_78p588971,developing_periodic_shedding,periodic,train,2605.0564101,147
1920,78.5889708164,Re_78p588971,developing_periodic_shedding,periodic,train,2615.77680685,148
1921,78.5889708164,Re_78p588971,developing_periodic_shedding,periodic,train,2626.4972036,149
1922,78.5889708164,Re_78p588971,developing_periodic_shedding,periodic,train,2637.21760035,150
1923,78.5889708164,Re_78p588971,developing_periodic_shedding,periodic,train,2647.9379971,151
1924,78.5889708164,Re_78p588971,developing_periodic_shedding,periodic,train,2658.65839385,152
1925,78.5889708164,Re_78p588971,developing_periodic_shedding,periodic,train,2669.3787906,153
1926,78.5889708164,Re_78p588971,developing_periodic_shedding,periodic,train,2680.09918735,154
1927,78.5889708164,Re_78p588971,developing_periodic_shedding,periodic,train,2690.8195841,155
1928,78.5889708164,Re_78p588971,developing_periodic_shedding,periodic,train,2701.53998085,156
1929,78.5889708164,Re_78p588971,developing_periodic_shedding,periodic,train,2712.2603776,157
1930,78.5889708164,Re_78p588971,developing_periodic_shedding,periodic,train,2722.98077435,158
1931,78.5889708164,Re_78p588971,developing_periodic_shedding,periodic,train,2733.7011711,159
1932,78.5889708164,Re_78p588971,developing_periodic_shedding,periodic,train,2744.42156785,160
1933,80.2419430177,Re_80p241943,developing_periodic_shedding,periodic,train,1063.62525192,0
1934,80.2419430177,Re_80p241943,developing_periodic_shedding,periodic,train,1074.05295046,1
1935,80.2419430177,Re_80p241943,developing_periodic_shedding,periodic,train,1084.48064901,2
1936,80.2419430177,Re_80p241943,developing_periodic_shedding,periodic,train,1094.90834756,3
1937,80.2419430177,Re_80p241943,developing_periodic_shedding,periodic,train,1105.33604611,4
1938,80.2419430177,Re_80p241943,developing_periodic_shedding,periodic,train,1115.76374466,5
1939,80.2419430177,Re_80p241943,developing_periodic_shedding,periodic,train,1126.19144321,6
1940,80.2419430177,Re_80p241943,developing_periodic_shedding,periodic,train,1136.61914175,7
1941,80.2419430177,Re_80p241943,developing_periodic_shedding,periodic,train,1147.0468403,8
1942,80.2419430177,Re_80p241943,developing_periodic_shedding,periodic,train,1157.47453885,9
1943,80.2419430177,Re_80p241943,developing_periodic_shedding,periodic,train,1167.9022374,10
1944,80.2419430177,Re_80p241943,developing_periodic_shedding,periodic,train,1178.32993595,11
1945,80.2419430177,Re_80p241943,developing_periodic_shedding,periodic,train,1188.75763449,12
1946,80.2419430177,Re_80p241943,developing_periodic_shedding,periodic,train,1199.18533304,13
1947,80.2419430177,Re_80p241943,developing_periodic_shedding,periodic,train,1209.61303159,14
1948,80.2419430177,Re_80p241943,developing_periodic_shedding,periodic,train,1220.04073014,15
1949,80.2419430177,Re_80p241943,developing_periodic_shedding,periodic,train,1230.46842869,16
1950,80.2419430177,Re_80p241943,developing_periodic_shedding,periodic,train,1240.89612724,17
1951,80.2419430177,Re_80p241943,developing_periodic_shedding,periodic,train,1251.32382578,18
1952,80.2419430177,Re_80p241943,developing_periodic_shedding,periodic,train,1261.75152433,19
1953,80.2419430177,Re_80p241943,developing_periodic_shedding,periodic,train,1272.17922288,20
1954,80.2419430177,Re_80p241943,developing_periodic_shedding,periodic,train,1282.60692143,21
1955,80.2419430177,Re_80p241943,developing_periodic_shedding,periodic,train,1293.03461998,22
1956,80.2419430177,Re_80p241943,developing_periodic_shedding,periodic,train,1303.46231853,23
1957,80.2419430177,Re_80p241943,developing_periodic_shedding,periodic,train,1313.89001707,24
1958,80.2419430177,Re_80p241943,developing_periodic_shedding,periodic,train,1324.31771562,25
1959,80.2419430177,Re_80p241943,developing_periodic_shedding,periodic,train,1334.74541417,26
1960,80.2419430177,Re_80p241943,developing_periodic_shedding,periodic,train,1345.17311272,27
1961,80.2419430177,Re_80p241943,developing_periodic_shedding,periodic,train,1355.60081127,28
1962,80.2419430177,Re_80p241943,developing_periodic_shedding,periodic,train,1366.02850981,29
1963,80.2419430177,Re_80p241943,developing_periodic_shedding,periodic,train,1376.45620836,30
1964,80.2419430177,Re_80p241943,developing_periodic_shedding,periodic,train,1386.88390691,31
1965,80.2419430177,Re_80p241943,developing_periodic_shedding,periodic,train,1397.31160546,32
1966,80.2419430177,Re_80p241943,developing_periodic_shedding,periodic,train,1407.73930401,33
1967,80.2419430177,Re_80p241943,developing_periodic_shedding,periodic,train,1418.16700256,34
1968,80.2419430177,Re_80p241943,developing_periodic_shedding,periodic,train,1428.5947011,35
1969,80.2419430177,Re_80p241943,developing_periodic_shedding,periodic,train,1439.02239965,36
1970,80.2419430177,Re_80p241943,developing_periodic_shedding,periodic,train,1449.4500982,37
1971,80.2419430177,Re_80p241943,developing_periodic_shedding,periodic,train,1459.87779675,38
1972,80.2419430177,Re_80p241943,developing_periodic_shedding,periodic,train,1470.3054953,39
1973,80.2419430177,Re_80p241943,developing_periodic_shedding,periodic,train,1480.73319384,40
1974,80.2419430177,Re_80p241943,developing_periodic_shedding,periodic,train,1491.16089239,41
1975,80.2419430177,Re_80p241943,developing_periodic_shedding,periodic,train,1501.58859094,42
1976,80.2419430177,Re_80p241943,developing_periodic_shedding,periodic,train,1512.01628949,43
1977,80.2419430177,Re_80p241943,developing_periodic_shedding,periodic,train,1522.44398804,44
1978,80.2419430177,Re_80p241943,developing_periodic_shedding,periodic,train,1532.87168659,45
1979,80.2419430177,Re_80p241943,developing_periodic_shedding,periodic,train,1543.29938513,46
1980,80.2419430177,Re_80p241943,developing_periodic_shedding,periodic,train,1553.72708368,47
1981,80.2419430177,Re_80p241943,developing_periodic_shedding,periodic,train,1564.15478223,48
1982,80.2419430177,Re_80p241943,developing_periodic_shedding,periodic,train,1574.58248078,49
1983,80.2419430177,Re_80p241943,developing_periodic_shedding,periodic,train,1585.01017933,50
1984,80.2419430177,Re_80p241943,developing_periodic_shedding,periodic,train,1595.43787787,51
1985,80.2419430177,Re_80p241943,developing_periodic_shedding,periodic,train,1605.86557642,52
1986,80.2419430177,Re_80p241943,developing_periodic_shedding,periodic,train,1616.29327497,53
1987,80.2419430177,Re_80p241943,developing_periodic_shedding,periodic,train,1626.72097352,54
1988,80.2419430177,Re_80p241943,developing_periodic_shedding,periodic,train,1637.14867207,55
1989,80.2419430177,Re_80p241943,developing_periodic_shedding,periodic,train,1647.57637062,56
1990,80.2419430177,Re_80p241943,developing_periodic_shedding,periodic,train,1658.00406916,57
1991,80.2419430177,Re_80p241943,developing_periodic_shedding,periodic,train,1668.43176771,58
1992,80.2419430177,Re_80p241943,developing_periodic_shedding,periodic,train,1678.85946626,59
1993,80.2419430177,Re_80p241943,developing_periodic_shedding,periodic,train,1689.28716481,60
1994,80.2419430177,Re_80p241943,developing_periodic_shedding,periodic,train,1699.71486336,61
1995,80.2419430177,Re_80p241943,developing_periodic_shedding,periodic,train,1710.1425619,62
1996,80.2419430177,Re_80p241943,developing_periodic_shedding,periodic,train,1720.57026045,63
1997,80.2419430177,Re_80p241943,developing_periodic_shedding,periodic,train,1730.997959,64
1998,80.2419430177,Re_80p241943,developing_periodic_shedding,periodic,train,1741.42565755,65
1999,80.2419430177,Re_80p241943,developing_periodic_shedding,periodic,train,1751.8533561,66
2000,80.2419430177,Re_80p241943,developing_periodic_shedding,periodic,train,1762.28105465,67
2001,80.2419430177,Re_80p241943,developing_periodic_shedding,periodic,train,1772.70875319,68
2002,80.2419430177,Re_80p241943,developing_periodic_shedding,periodic,train,1783.13645174,69
2003,80.2419430177,Re_80p241943,developing_periodic_shedding,periodic,train,1793.56415029,70
2004,80.2419430177,Re_80p241943,developing_periodic_shedding,periodic,train,1803.99184884,71
2005,80.2419430177,Re_80p241943,developing_periodic_shedding,periodic,train,1814.41954739,72
2006,80.2419430177,Re_80p241943,developing_periodic_shedding,periodic,train,1824.84724594,73
2007,80.2419430177,Re_80p241943,developing_periodic_shedding,periodic,train,1835.27494448,74
2008,80.2419430177,Re_80p241943,developing_periodic_shedding,periodic,train,1845.70264303,75
2009,80.2419430177,Re_80p241943,developing_periodic_shedding,periodic,train,1856.13034158,76
2010,80.2419430177,Re_80p241943,developing_periodic_shedding,periodic,train,1866.55804013,77
2011,80.2419430177,Re_80p241943,developing_periodic_shedding,periodic,train,1876.98573868,78
2012,80.2419430177,Re_80p241943,developing_periodic_shedding,periodic,train,1887.41343722,79
2013,80.2419430177,Re_80p241943,developing_periodic_shedding,periodic,train,1897.84113577,80
2014,80.2419430177,Re_80p241943,developing_periodic_shedding,periodic,train,1908.26883432,81
2015,80.2419430177,Re_80p241943,developing_periodic_shedding,periodic,train,1918.69653287,82
2016,80.2419430177,Re_80p241943,developing_periodic_shedding,periodic,train,1929.12423142,83
2017,80.2419430177,Re_80p241943,developing_periodic_shedding,periodic,train,1939.55192997,84
2018,80.2419430177,Re_80p241943,developing_periodic_shedding,periodic,train,1949.97962851,85
2019,80.2419430177,Re_80p241943,developing_periodic_shedding,periodic,train,1960.40732706,86
2020,80.2419430177,Re_80p241943,developing_periodic_shedding,periodic,train,1970.83502561,87
2021,80.2419430177,Re_80p241943,developing_periodic_shedding,periodic,train,1981.26272416,88
2022,80.2419430177,Re_80p241943,developing_periodic_shedding,periodic,train,1991.69042271,89
2023,80.2419430177,Re_80p241943,developing_periodic_shedding,periodic,train,2002.11812125,90
2024,80.2419430177,Re_80p241943,developing_periodic_shedding,periodic,train,2012.5458198,91
2025,80.2419430177,Re_80p241943,developing_periodic_shedding,periodic,train,2022.97351835,92
2026,80.2419430177,Re_80p241943,developing_periodic_shedding,periodic,train,2033.4012169,93
2027,80.2419430177,Re_80p241943,developing_periodic_shedding,periodic,train,2043.82891545,94
2028,80.2419430177,Re_80p241943,developing_periodic_shedding,periodic,train,2054.256614,95
2029,80.2419430177,Re_80p241943,developing_periodic_shedding,periodic,train,2064.68431254,96
2030,80.2419430177,Re_80p241943,developing_periodic_shedding,periodic,train,2075.11201109,97
2031,80.2419430177,Re_80p241943,developing_periodic_shedding,periodic,train,2085.53970964,98
2032,80.2419430177,Re_80p241943,developing_periodic_shedding,periodic,train,2095.96740819,99
2033,80.2419430177,Re_80p241943,developing_periodic_shedding,periodic,train,2106.39510674,100
2034,80.2419430177,Re_80p241943,developing_periodic_shedding,periodic,train,2116.82280528,101
2035,80.2419430177,Re_80p241943,developing_periodic_shedding,periodic,train,2127.25050383,102
2036,80.2419430177,Re_80p241943,developing_periodic_shedding,periodic,train,2137.67820238,103
2037,80.2419430177,Re_80p241943,developing_periodic_shedding,periodic,train,2148.10590093,104
2038,80.2419430177,Re_80p241943,developing_periodic_shedding,periodic,train,2158.53359948,105
2039,80.2419430177,Re_80p241943,developing_periodic_shedding,periodic,train,2168.96129803,106
2040,80.2419430177,Re_80p241943,developing_periodic_shedding,periodic,train,2179.38899657,107
2041,80.2419430177,Re_80p241943,developing_periodic_shedding,periodic,train,2189.81669512,108
2042,80.2419430177,Re_80p241943,developing_periodic_shedding,periodic,train,2200.24439367,109
2043,80.2419430177,Re_80p241943,developing_periodic_shedding,periodic,train,2210.67209222,110
2044,80.2419430177,Re_80p241943,developing_periodic_shedding,periodic,train,2221.09979077,111
2045,80.2419430177,Re_80p241943,developing_periodic_shedding,periodic,train,2231.52748931,112
2046,80.2419430177,Re_80p241943,developing_periodic_shedding,periodic,train,2241.95518786,113
2047,80.2419430177,Re_80p241943,developing_periodic_shedding,periodic,train,2252.38288641,114
2048,80.2419430177,Re_80p241943,developing_periodic_shedding,periodic,train,2262.81058496,115
2049,80.2419430177,Re_80p241943,developing_periodic_shedding,periodic,train,2273.23828351,116
2050,80.2419430177,Re_80p241943,developing_periodic_shedding,periodic,train,2283.66598206,117
2051,80.2419430177,Re_80p241943,developing_periodic_shedding,periodic,train,2294.0936806,118
2052,80.2419430177,Re_80p241943,developing_periodic_shedding,periodic,train,2304.52137915,119
2053,80.2419430177,Re_80p241943,developing_periodic_shedding,periodic,train,2314.9490777,120
2054,80.2419430177,Re_80p241943,developing_periodic_shedding,periodic,train,2325.37677625,121
2055,80.2419430177,Re_80p241943,developing_periodic_shedding,periodic,train,2335.8044748,122
2056,80.2419430177,Re_80p241943,developing_periodic_shedding,periodic,train,2346.23217335,123
2057,80.2419430177,Re_80p241943,developing_periodic_shedding,periodic,train,2356.65987189,124
2058,80.2419430177,Re_80p241943,developing_periodic_shedding,periodic,train,2367.08757044,125
2059,80.2419430177,Re_80p241943,developing_periodic_shedding,periodic,train,2377.51526899,126
2060,80.2419430177,Re_80p241943,developing_periodic_shedding,periodic,train,2387.94296754,127
2061,80.2419430177,Re_80p241943,developing_periodic_shedding,periodic,train,2398.37066609,128
2062,80.2419430177,Re_80p241943,developing_periodic_shedding,periodic,train,2408.79836463,129
2063,80.2419430177,Re_80p241943,developing_periodic_shedding,periodic,train,2419.22606318,130
2064,80.2419430177,Re_80p241943,developing_periodic_shedding,periodic,train,2429.65376173,131
2065,80.2419430177,Re_80p241943,developing_periodic_shedding,periodic,train,2440.08146028,132
2066,80.2419430177,Re_80p241943,developing_periodic_shedding,periodic,train,2450.50915883,133
2067,80.2419430177,Re_80p241943,developing_periodic_shedding,periodic,train,2460.93685738,134
2068,80.2419430177,Re_80p241943,developing_periodic_shedding,periodic,train,2471.36455592,135
2069,80.2419430177,Re_80p241943,developing_periodic_shedding,periodic,train,2481.79225447,136
2070,80.2419430177,Re_80p241943,developing_periodic_shedding,periodic,train,2492.21995302,137
2071,80.2419430177,Re_80p241943,developing_periodic_shedding,periodic,train,2502.64765157,138
2072,80.2419430177,Re_80p241943,developing_periodic_shedding,periodic,train,2513.07535012,139
2073,80.2419430177,Re_80p241943,developing_periodic_shedding,periodic,train,2523.50304866,140
2074,80.2419430177,Re_80p241943,developing_periodic_shedding,periodic,train,2533.93074721,141
2075,80.2419430177,Re_80p241943,developing_periodic_shedding,periodic,train,2544.35844576,142
2076,80.2419430177,Re_80p241943,developing_periodic_shedding,periodic,train,2554.78614431,143
2077,80.2419430177,Re_80p241943,developing_periodic_shedding,periodic,train,2565.21384286,144
2078,80.2419430177,Re_80p241943,developing_periodic_shedding,periodic,train,2575.64154141,145
2079,80.2419430177,Re_80p241943,developing_periodic_shedding,periodic,train,2586.06923995,146
2080,80.2419430177,Re_80p241943,developing_periodic_shedding,periodic,train,2596.4969385,147
2081,80.2419430177,Re_80p241943,developing_periodic_shedding,periodic,train,2606.92463705,148
2082,80.2419430177,Re_80p241943,developing_periodic_shedding,periodic,train,2617.3523356,149
2083,80.2419430177,Re_80p241943,developing_periodic_shedding,periodic,train,2627.78003415,150
2084,80.2419430177,Re_80p241943,developing_periodic_shedding,periodic,train,2638.20773269,151
2085,80.2419430177,Re_80p241943,developing_periodic_shedding,periodic,train,2648.63543124,152
2086,80.2419430177,Re_80p241943,developing_periodic_shedding,periodic,train,2659.06312979,153
2087,80.2419430177,Re_80p241943,developing_periodic_shedding,periodic,train,2669.49082834,154
2088,80.2419430177,Re_80p241943,developing_periodic_shedding,periodic,train,2679.91852689,155
2089,80.2419430177,Re_80p241943,developing_periodic_shedding,periodic,train,2690.34622544,156
2090,80.2419430177,Re_80p241943,developing_periodic_shedding,periodic,train,2700.77392398,157
2091,80.2419430177,Re_80p241943,developing_periodic_shedding,periodic,train,2711.20162253,158
2092,80.2419430177,Re_80p241943,developing_periodic_shedding,periodic,train,2721.62932108,159
2093,80.2419430177,Re_80p241943,developing_periodic_shedding,periodic,train,2732.05701963,160
2094,81.8947080155,Re_81p894708,developing_periodic_shedding,periodic,train,1035.36042613,0
2095,81.8947080155,Re_81p894708,developing_periodic_shedding,periodic,train,1045.51101854,1
2096,81.8947080155,Re_81p894708,developing_periodic_shedding,periodic,train,1055.66161095,2
2097,81.8947080155,Re_81p894708,developing_periodic_shedding,periodic,train,1065.81220336,3
2098,81.8947080155,Re_81p894708,developing_periodic_shedding,periodic,train,1075.96279578,4
2099,81.8947080155,Re_81p894708,developing_periodic_shedding,periodic,train,1086.11338819,5
2100,81.8947080155,Re_81p894708,developing_periodic_shedding,periodic,train,1096.2639806,6
2101,81.8947080155,Re_81p894708,developing_periodic_shedding,periodic,train,1106.41457302,7
2102,81.8947080155,Re_81p894708,developing_periodic_shedding,periodic,train,1116.56516543,8
2103,81.8947080155,Re_81p894708,developing_periodic_shedding,periodic,train,1126.71575784,9
2104,81.8947080155,Re_81p894708,developing_periodic_shedding,periodic,train,1136.86635026,10
2105,81.8947080155,Re_81p894708,developing_periodic_shedding,periodic,train,1147.01694267,11
2106,81.8947080155,Re_81p894708,developing_periodic_shedding,periodic,train,1157.16753508,12
2107,81.8947080155,Re_81p894708,developing_periodic_shedding,periodic,train,1167.31812749,13
2108,81.8947080155,Re_81p894708,developing_periodic_shedding,periodic,train,1177.46871991,14
2109,81.8947080155,Re_81p894708,developing_periodic_shedding,periodic,train,1187.61931232,15
2110,81.8947080155,Re_81p894708,developing_periodic_shedding,periodic,train,1197.76990473,16
2111,81.8947080155,Re_81p894708,developing_periodic_shedding,periodic,train,1207.92049715,17
2112,81.8947080155,Re_81p894708,developing_periodic_shedding,periodic,train,1218.07108956,18
2113,81.8947080155,Re_81p894708,developing_periodic_shedding,periodic,train,1228.22168197,19
2114,81.8947080155,Re_81p894708,developing_periodic_shedding,periodic,train,1238.37227439,20
2115,81.8947080155,Re_81p894708,developing_periodic_shedding,periodic,train,1248.5228668,21
2116,81.8947080155,Re_81p894708,developing_periodic_shedding,periodic,train,1258.67345921,22
2117,81.8947080155,Re_81p894708,developing_periodic_shedding,periodic,train,1268.82405163,23
2118,81.8947080155,Re_81p894708,developing_periodic_shedding,periodic,train,1278.97464404,24
2119,81.8947080155,Re_81p894708,developing_periodic_shedding,periodic,train,1289.12523645,25
2120,81.8947080155,Re_81p894708,developing_periodic_shedding,periodic,train,1299.27582886,26
2121,81.8947080155,Re_81p894708,developing_periodic_shedding,periodic,train,1309.42642128,27
2122,81.8947080155,Re_81p894708,developing_periodic_shedding,periodic,train,1319.57701369,28
2123,81.8947080155,Re_81p894708,developing_periodic_shedding,periodic,train,1329.7276061,29
2124,81.8947080155,Re_81p894708,developing_periodic_shedding,periodic,train,1339.87819852,30
2125,81.8947080155,Re_81p894708,developing_periodic_shedding,periodic,train,1350.02879093,31
2126,81.8947080155,Re_81p894708,developing_periodic_shedding,periodic,train,1360.17938334,32
2127,81.8947080155,Re_81p894708,developing_periodic_shedding,periodic,train,1370.32997576,33
2128,81.8947080155,Re_81p894708,developing_periodic_shedding,periodic,train,1380.48056817,34
2129,81.8947080155,Re_81p894708,developing_periodic_shedding,periodic,train,1390.63116058,35
2130,81.8947080155,Re_81p894708,developing_periodic_shedding,periodic,train,1400.78175299,36
2131,81.8947080155,Re_81p894708,developing_periodic_shedding,periodic,train,1410.93234541,37
2132,81.8947080155,Re_81p894708,developing_periodic_shedding,periodic,train,1421.08293782,38
2133,81.8947080155,Re_81p894708,developing_periodic_shedding,periodic,train,1431.23353023,39
2134,81.8947080155,Re_81p894708,developing_periodic_shedding,periodic,train,1441.38412265,40
2135,81.8947080155,Re_81p894708,developing_periodic_shedding,periodic,train,1451.53471506,41
2136,81.8947080155,Re_81p894708,developing_periodic_shedding,periodic,train,1461.68530747,42
2137,81.8947080155,Re_81p894708,developing_periodic_shedding,periodic,train,1471.83589989,43
2138,81.8947080155,Re_81p894708,developing_periodic_shedding,periodic,train,1481.9864923,44
2139,81.8947080155,Re_81p894708,developing_periodic_shedding,periodic,train,1492.13708471,45
2140,81.8947080155,Re_81p894708,developing_periodic_shedding,periodic,train,1502.28767712,46
2141,81.8947080155,Re_81p894708,developing_periodic_shedding,periodic,train,1512.43826954,47
2142,81.8947080155,Re_81p894708,developing_periodic_shedding,periodic,train,1522.58886195,48
2143,81.8947080155,Re_81p894708,developing_periodic_shedding,periodic,train,1532.73945436,49
2144,81.8947080155,Re_81p894708,developing_periodic_shedding,periodic,train,1542.89004678,50
2145,81.8947080155,Re_81p894708,developing_periodic_shedding,periodic,train,1553.04063919,51
2146,81.8947080155,Re_81p894708,developing_periodic_shedding,periodic,train,1563.1912316,52
2147,81.8947080155,Re_81p894708,developing_periodic_shedding,periodic,train,1573.34182401,53
2148,81.8947080155,Re_81p894708,developing_periodic_shedding,periodic,train,1583.49241643,54
2149,81.8947080155,Re_81p894708,developing_periodic_shedding,periodic,train,1593.64300884,55
2150,81.8947080155,Re_81p894708,developing_periodic_shedding,periodic,train,1603.79360125,56
2151,81.8947080155,Re_81p894708,developing_periodic_shedding,periodic,train,1613.94419367,57
2152,81.8947080155,Re_81p894708,developing_periodic_shedding,periodic,train,1624.09478608,58
2153,81.8947080155,Re_81p894708,developing_periodic_shedding,periodic,train,1634.24537849,59
2154,81.8947080155,Re_81p894708,developing_periodic_shedding,periodic,train,1644.39597091,60
2155,81.8947080155,Re_81p894708,developing_periodic_shedding,periodic,train,1654.54656332,61
2156,81.8947080155,Re_81p894708,developing_periodic_shedding,periodic,train,1664.69715573,62
2157,81.8947080155,Re_81p894708,developing_periodic_shedding,periodic,train,1674.84774814,63
2158,81.8947080155,Re_81p894708,developing_periodic_shedding,periodic,train,1684.99834056,64
2159,81.8947080155,Re_81p894708,developing_periodic_shedding,periodic,train,1695.14893297,65
2160,81.8947080155,Re_81p894708,developing_periodic_shedding,periodic,train,1705.29952538,66
2161,81.8947080155,Re_81p894708,developing_periodic_shedding,periodic,train,1715.4501178,67
2162,81.8947080155,Re_81p894708,developing_periodic_shedding,periodic,train,1725.60071021,68
2163,81.8947080155,Re_81p894708,developing_periodic_shedding,periodic,train,1735.75130262,69
2164,81.8947080155,Re_81p894708,developing_periodic_shedding,periodic,train,1745.90189504,70
2165,81.8947080155,Re_81p894708,developing_periodic_shedding,periodic,train,1756.05248745,71
2166,81.8947080155,Re_81p894708,developing_periodic_shedding,periodic,train,1766.20307986,72
2167,81.8947080155,Re_81p894708,developing_periodic_shedding,periodic,train,1776.35367228,73
2168,81.8947080155,Re_81p894708,developing_periodic_shedding,periodic,train,1786.50426469,74
2169,81.8947080155,Re_81p894708,developing_periodic_shedding,periodic,train,1796.6548571,75
2170,81.8947080155,Re_81p894708,developing_periodic_shedding,periodic,train,1806.80544951,76
2171,81.8947080155,Re_81p894708,developing_periodic_shedding,periodic,train,1816.95604193,77
2172,81.8947080155,Re_81p894708,developing_periodic_shedding,periodic,train,1827.10663434,78
2173,81.8947080155,Re_81p894708,developing_periodic_shedding,periodic,train,1837.25722675,79
2174,81.8947080155,Re_81p894708,developing_periodic_shedding,periodic,train,1847.40781917,80
2175,81.8947080155,Re_81p894708,developing_periodic_shedding,periodic,train,1857.55841158,81
2176,81.8947080155,Re_81p894708,developing_periodic_shedding,periodic,train,1867.70900399,82
2177,81.8947080155,Re_81p894708,developing_periodic_shedding,periodic,train,1877.85959641,83
2178,81.8947080155,Re_81p894708,developing_periodic_shedding,periodic,train,1888.01018882,84
2179,81.8947080155,Re_81p894708,developing_periodic_shedding,periodic,train,1898.16078123,85
2180,81.8947080155,Re_81p894708,developing_periodic_shedding,periodic,train,1908.31137364,86
2181,81.8947080155,Re_81p894708,developing_periodic_shedding,periodic,train,1918.46196606,87
2182,81.8947080155,Re_81p894708,developing_periodic_shedding,periodic,train,1928.61255847,88
2183,81.8947080155,Re_81p894708,developing_periodic_shedding,periodic,train,1938.76315088,89
2184,81.8947080155,Re_81p894708,developing_periodic_shedding,periodic,train,1948.9137433,90
2185,81.8947080155,Re_81p894708,developing_periodic_shedding,periodic,train,1959.06433571,91
2186,81.8947080155,Re_81p894708,developing_periodic_shedding,periodic,train,1969.21492812,92
2187,81.8947080155,Re_81p894708,developing_periodic_shedding,periodic,train,1979.36552054,93
2188,81.8947080155,Re_81p894708,developing_periodic_shedding,periodic,train,1989.51611295,94
2189,81.8947080155,Re_81p894708,developing_periodic_shedding,periodic,train,1999.66670536,95
2190,81.8947080155,Re_81p894708,developing_periodic_shedding,periodic,train,2009.81729777,96
2191,81.8947080155,Re_81p894708,developing_periodic_shedding,periodic,train,2019.96789019,97
2192,81.8947080155,Re_81p894708,developing_periodic_shedding,periodic,train,2030.1184826,98
2193,81.8947080155,Re_81p894708,developing_periodic_shedding,periodic,train,2040.26907501,99
2194,81.8947080155,Re_81p894708,developing_periodic_shedding,periodic,train,2050.41966743,100
2195,81.8947080155,Re_81p894708,developing_periodic_shedding,periodic,train,2060.57025984,101
2196,81.8947080155,Re_81p894708,developing_periodic_shedding,periodic,train,2070.72085225,102
2197,81.8947080155,Re_81p894708,developing_periodic_shedding,periodic,train,2080.87144467,103
2198,81.8947080155,Re_81p894708,developing_periodic_shedding,periodic,train,2091.02203708,104
2199,81.8947080155,Re_81p894708,developing_periodic_shedding,periodic,train,2101.17262949,105
2200,81.8947080155,Re_81p894708,developing_periodic_shedding,periodic,train,2111.3232219,106
2201,81.8947080155,Re_81p894708,developing_periodic_shedding,periodic,train,2121.47381432,107
2202,81.8947080155,Re_81p894708,developing_periodic_shedding,periodic,train,2131.62440673,108
2203,81.8947080155,Re_81p894708,developing_periodic_shedding,periodic,train,2141.77499914,109
2204,81.8947080155,Re_81p894708,developing_periodic_shedding,periodic,train,2151.92559156,110
2205,81.8947080155,Re_81p894708,developing_periodic_shedding,periodic,train,2162.07618397,111
2206,81.8947080155,Re_81p894708,developing_periodic_shedding,periodic,train,2172.22677638,112
2207,81.8947080155,Re_81p894708,developing_periodic_shedding,periodic,train,2182.3773688,113
2208,81.8947080155,Re_81p894708,developing_periodic_shedding,periodic,train,2192.52796121,114
2209,81.8947080155,Re_81p894708,developing_periodic_shedding,periodic,train,2202.67855362,115
2210,81.8947080155,Re_81p894708,developing_periodic_shedding,periodic,train,2212.82914603,116
2211,81.8947080155,Re_81p894708,developing_periodic_shedding,periodic,train,2222.97973845,117
2212,81.8947080155,Re_81p894708,developing_periodic_shedding,periodic,train,2233.13033086,118
2213,81.8947080155,Re_81p894708,developing_periodic_shedding,periodic,train,2243.28092327,119
2214,81.8947080155,Re_81p894708,developing_periodic_shedding,periodic,train,2253.43151569,120
2215,81.8947080155,Re_81p894708,developing_periodic_shedding,periodic,train,2263.5821081,121
2216,81.8947080155,Re_81p894708,developing_periodic_shedding,periodic,train,2273.73270051,122
2217,81.8947080155,Re_81p894708,developing_periodic_shedding,periodic,train,2283.88329293,123
2218,81.8947080155,Re_81p894708,developing_periodic_shedding,periodic,train,2294.03388534,124
2219,81.8947080155,Re_81p894708,developing_periodic_shedding,periodic,train,2304.18447775,125
2220,81.8947080155,Re_81p894708,developing_periodic_shedding,periodic,train,2314.33507016,126
2221,81.8947080155,Re_81p894708,developing_periodic_shedding,periodic,train,2324.48566258,127
2222,81.8947080155,Re_81p894708,developing_periodic_shedding,periodic,train,2334.63625499,128
2223,81.8947080155,Re_81p894708,developing_periodic_shedding,periodic,train,2344.7868474,129
2224,81.8947080155,Re_81p894708,developing_periodic_shedding,periodic,train,2354.93743982,130
2225,81.8947080155,Re_81p894708,developing_periodic_shedding,periodic,train,2365.08803223,131
2226,81.8947080155,Re_81p894708,developing_periodic_shedding,periodic,train,2375.23862464,132
2227,81.8947080155,Re_81p894708,developing_periodic_shedding,periodic,train,2385.38921705,133
2228,81.8947080155,Re_81p894708,developing_periodic_shedding,periodic,train,2395.53980947,134
2229,81.8947080155,Re_81p894708,developing_periodic_shedding,periodic,train,2405.69040188,135
2230,81.8947080155,Re_81p894708,developing_periodic_shedding,periodic,train,2415.84099429,136
2231,81.8947080155,Re_81p894708,developing_periodic_shedding,periodic,train,2425.99158671,137
2232,81.8947080155,Re_81p894708,developing_periodic_shedding,periodic,train,2436.14217912,138
2233,81.8947080155,Re_81p894708,developing_periodic_shedding,periodic,train,2446.29277153,139
2234,81.8947080155,Re_81p894708,developing_periodic_shedding,periodic,train,2456.44336395,140
2235,81.8947080155,Re_81p894708,developing_periodic_shedding,periodic,train,2466.59395636,141
2236,81.8947080155,Re_81p894708,developing_periodic_shedding,periodic,train,2476.74454877,142
2237,81.8947080155,Re_81p894708,developing_periodic_shedding,periodic,train,2486.89514118,143
2238,81.8947080155,Re_81p894708,developing_periodic_shedding,periodic,train,2497.0457336,144
2239,81.8947080155,Re_81p894708,developing_periodic_shedding,periodic,train,2507.19632601,145
2240,81.8947080155,Re_81p894708,developing_periodic_shedding,periodic,train,2517.34691842,146
2241,81.8947080155,Re_81p894708,developing_periodic_shedding,periodic,train,2527.49751084,147
2242,81.8947080155,Re_81p894708,developing_periodic_shedding,periodic,train,2537.64810325,148
2243,81.8947080155,Re_81p894708,developing_periodic_shedding,periodic,train,2547.79869566,149
2244,81.8947080155,Re_81p894708,developing_periodic_shedding,periodic,train,2557.94928808,150
2245,81.8947080155,Re_81p894708,developing_periodic_shedding,periodic,train,2568.09988049,151
2246,81.8947080155,Re_81p894708,developing_periodic_shedding,periodic,train,2578.2504729,152
2247,81.8947080155,Re_81p894708,developing_periodic_shedding,periodic,train,2588.40106531,153
2248,81.8947080155,Re_81p894708,developing_periodic_shedding,periodic,train,2598.55165773,154
2249,81.8947080155,Re_81p894708,developing_periodic_shedding,periodic,train,2608.70225014,155
2250,81.8947080155,Re_81p894708,developing_periodic_shedding,periodic,train,2618.85284255,156
2251,81.8947080155,Re_81p894708,developing_periodic_shedding,periodic,train,2629.00343497,157
2252,81.8947080155,Re_81p894708,developing_periodic_shedding,periodic,train,2639.15402738,158
2253,81.8947080155,Re_81p894708,developing_periodic_shedding,periodic,train,2649.30461979,159
2254,81.8947080155,Re_81p894708,developing_periodic_shedding,periodic,train,2659.45521221,160
2255,83.5471642516,Re_83p547164,developing_periodic_shedding,periodic,train,949.2365294,0
2256,83.5471642516,Re_83p547164,developing_periodic_shedding,periodic,train,959.12440991,1
2257,83.5471642516,Re_83p547164,developing_periodic_shedding,periodic,train,969.01229043,2
2258,83.5471642516,Re_83p547164,developing_periodic_shedding,periodic,train,978.90017094,3
2259,83.5471642516,Re_83p547164,developing_periodic_shedding,periodic,train,988.78805145,4
2260,83.5471642516,Re_83p547164,developing_periodic_shedding,periodic,train,998.67593197,5
2261,83.5471642516,Re_83p547164,developing_periodic_shedding,periodic,train,1008.56381248,6
2262,83.5471642516,Re_83p547164,developing_periodic_shedding,periodic,train,1018.451693,7
2263,83.5471642516,Re_83p547164,developing_periodic_shedding,periodic,train,1028.33957351,8
2264,83.5471642516,Re_83p547164,developing_periodic_shedding,periodic,train,1038.22745403,9
2265,83.5471642516,Re_83p547164,developing_periodic_shedding,periodic,train,1048.11533454,10
2266,83.5471642516,Re_83p547164,developing_periodic_shedding,periodic,train,1058.00321506,11
2267,83.5471642516,Re_83p547164,developing_periodic_shedding,periodic,train,1067.89109557,12
2268,83.5471642516,Re_83p547164,developing_periodic_shedding,periodic,train,1077.77897609,13
2269,83.5471642516,Re_83p547164,developing_periodic_shedding,periodic,train,1087.6668566,14
2270,83.5471642516,Re_83p547164,developing_periodic_shedding,periodic,train,1097.55473712,15
2271,83.5471642516,Re_83p547164,developing_periodic_shedding,periodic,train,1107.44261763,16
2272,83.5471642516,Re_83p547164,developing_periodic_shedding,periodic,train,1117.33049814,17
2273,83.5471642516,Re_83p547164,developing_periodic_shedding,periodic,train,1127.21837866,18
2274,83.5471642516,Re_83p547164,developing_periodic_shedding,periodic,train,1137.10625917,19
2275,83.5471642516,Re_83p547164,developing_periodic_shedding,periodic,train,1146.99413969,20
2276,83.5471642516,Re_83p547164,developing_periodic_shedding,periodic,train,1156.8820202,21
2277,83.5471642516,Re_83p547164,developing_periodic_shedding,periodic,train,1166.76990072,22
2278,83.5471642516,Re_83p547164,developing_periodic_shedding,periodic,train,1176.65778123,23
2279,83.5471642516,Re_83p547164,developing_periodic_shedding,periodic,train,1186.54566175,24
2280,83.5471642516,Re_83p547164,developing_periodic_shedding,periodic,train,1196.43354226,25
2281,83.5471642516,Re_83p547164,developing_periodic_shedding,periodic,train,1206.32142278,26
2282,83.5471642516,Re_83p547164,developing_periodic_shedding,periodic,train,1216.20930329,27
2283,83.5471642516,Re_83p547164,developing_periodic_shedding,periodic,train,1226.0971838,28
2284,83.5471642516,Re_83p547164,developing_periodic_shedding,periodic,train,1235.98506432,29
2285,83.5471642516,Re_83p547164,developing_periodic_shedding,periodic,train,1245.87294483,30
2286,83.5471642516,Re_83p547164,developing_periodic_shedding,periodic,train,1255.76082535,31
2287,83.5471642516,Re_83p547164,developing_periodic_shedding,periodic,train,1265.64870586,32
2288,83.5471642516,Re_83p547164,developing_periodic_shedding,periodic,train,1275.53658638,33
2289,83.5471642516,Re_83p547164,developing_periodic_shedding,periodic,train,1285.42446689,34
2290,83.5471642516,Re_83p547164,developing_periodic_shedding,periodic,train,1295.31234741,35
2291,83.5471642516,Re_83p547164,developing_periodic_shedding,periodic,train,1305.20022792,36
2292,83.5471642516,Re_83p547164,developing_periodic_shedding,periodic,train,1315.08810844,37
2293,83.5471642516,Re_83p547164,developing_periodic_shedding,periodic,train,1324.97598895,38
2294,83.5471642516,Re_83p547164,developing_periodic_shedding,periodic,train,1334.86386946,39
2295,83.5471642516,Re_83p547164,developing_periodic_shedding,periodic,train,1344.75174998,40
2296,83.5471642516,Re_83p547164,developing_periodic_shedding,periodic,train,1354.63963049,41
2297,83.5471642516,Re_83p547164,developing_periodic_shedding,periodic,train,1364.52751101,42
2298,83.5471642516,Re_83p547164,developing_periodic_shedding,periodic,train,1374.41539152,43
2299,83.5471642516,Re_83p547164,developing_periodic_shedding,periodic,train,1384.30327204,44
2300,83.5471642516,Re_83p547164,developing_periodic_shedding,periodic,train,1394.19115255,45
2301,83.5471642516,Re_83p547164,developing_periodic_shedding,periodic,train,1404.07903307,46
2302,83.5471642516,Re_83p547164,developing_periodic_shedding,periodic,train,1413.96691358,47
2303,83.5471642516,Re_83p547164,developing_periodic_shedding,periodic,train,1423.8547941,48
2304,83.5471642516,Re_83p547164,developing_periodic_shedding,periodic,train,1433.74267461,49
2305,83.5471642516,Re_83p547164,developing_periodic_shedding,periodic,train,1443.63055512,50
2306,83.5471642516,Re_83p547164,developing_periodic_shedding,periodic,train,1453.51843564,51
2307,83.5471642516,Re_83p547164,developing_periodic_shedding,periodic,train,1463.40631615,52
2308,83.5471642516,Re_83p547164,developing_periodic_shedding,periodic,train,1473.29419667,53
2309,83.5471642516,Re_83p547164,developing_periodic_shedding,periodic,train,1483.18207718,54
2310,83.5471642516,Re_83p547164,developing_periodic_shedding,periodic,train,1493.0699577,55
2311,83.5471642516,Re_83p547164,developing_periodic_shedding,periodic,train,1502.95783821,56
2312,83.5471642516,Re_83p547164,developing_periodic_shedding,periodic,train,1512.84571873,57
2313,83.5471642516,Re_83p547164,developing_periodic_shedding,periodic,train,1522.73359924,58
2314,83.5471642516,Re_83p547164,developing_periodic_shedding,periodic,train,1532.62147976,59
2315,83.5471642516,Re_83p547164,developing_periodic_shedding,periodic,train,1542.50936027,60
2316,83.5471642516,Re_83p547164,developing_periodic_shedding,periodic,train,1552.39724078,61
2317,83.5471642516,Re_83p547164,developing_periodic_shedding,periodic,train,1562.2851213,62
2318,83.5471642516,Re_83p547164,developing_periodic_shedding,periodic,train,1572.17300181,63
2319,83.5471642516,Re_83p547164,developing_periodic_shedding,periodic,train,1582.06088233,64
2320,83.5471642516,Re_83p547164,developing_periodic_shedding,periodic,train,1591.94876284,65
2321,83.5471642516,Re_83p547164,developing_periodic_shedding,periodic,train,1601.83664336,66
2322,83.5471642516,Re_83p547164,developing_periodic_shedding,periodic,train,1611.72452387,67
2323,83.5471642516,Re_83p547164,developing_periodic_shedding,periodic,train,1621.61240439,68
2324,83.5471642516,Re_83p547164,developing_periodic_shedding,periodic,train,1631.5002849,69
2325,83.5471642516,Re_83p547164,developing_periodic_shedding,periodic,train,1641.38816542,70
2326,83.5471642516,Re_83p547164,developing_periodic_shedding,periodic,train,1651.27604593,71
2327,83.5471642516,Re_83p547164,developing_periodic_shedding,periodic,train,1661.16392644,72
2328,83.5471642516,Re_83p547164,developing_periodic_shedding,periodic,train,1671.05180696,73
2329,83.5471642516,Re_83p547164,developing_periodic_shedding,periodic,train,1680.93968747,74
2330,83.5471642516,Re_83p547164,developing_periodic_shedding,periodic,train,1690.82756799,75
2331,83.5471642516,Re_83p547164,developing_periodic_shedding,periodic,train,1700.7154485,76
2332,83.5471642516,Re_83p547164,developing_periodic_shedding,periodic,train,1710.60332902,77
2333,83.5471642516,Re_83p547164,developing_periodic_shedding,periodic,train,1720.49120953,78
2334,83.5471642516,Re_83p547164,developing_periodic_shedding,periodic,train,1730.37909005,79
2335,83.5471642516,Re_83p547164,developing_periodic_shedding,periodic,train,1740.26697056,80
2336,83.5471642516,Re_83p547164,developing_periodic_shedding,periodic,train,1750.15485108,81
2337,83.5471642516,Re_83p547164,developing_periodic_shedding,periodic,train,1760.04273159,82
2338,83.5471642516,Re_83p547164,developing_periodic_shedding,periodic,train,1769.9306121,83
2339,83.5471642516,Re_83p547164,developing_periodic_shedding,periodic,train,1779.81849262,84
2340,83.5471642516,Re_83p547164,developing_periodic_shedding,periodic,train,1789.70637313,85
2341,83.5471642516,Re_83p547164,developing_periodic_shedding,periodic,train,1799.59425365,86
2342,83.5471642516,Re_83p547164,developing_periodic_shedding,periodic,train,1809.48213416,87
2343,83.5471642516,Re_83p547164,developing_periodic_shedding,periodic,train,1819.37001468,88
2344,83.5471642516,Re_83p547164,developing_periodic_shedding,periodic,train,1829.25789519,89
2345,83.5471642516,Re_83p547164,developing_periodic_shedding,periodic,train,1839.14577571,90
2346,83.5471642516,Re_83p547164,developing_periodic_shedding,periodic,train,1849.03365622,91
2347,83.5471642516,Re_83p547164,developing_periodic_shedding,periodic,train,1858.92153674,92
2348,83.5471642516,Re_83p547164,developing_periodic_shedding,periodic,train,1868.80941725,93
2349,83.5471642516,Re_83p547164,developing_periodic_shedding,periodic,train,1878.69729776,94
2350,83.5471642516,Re_83p547164,developing_periodic_shedding,periodic,train,1888.58517828,95
2351,83.5471642516,Re_83p547164,developing_periodic_shedding,periodic,train,1898.47305879,96
2352,83.5471642516,Re_83p547164,developing_periodic_shedding,periodic,train,1908.36093931,97
2353,83.5471642516,Re_83p547164,developing_periodic_shedding,periodic,train,1918.24881982,98
2354,83.5471642516,Re_83p547164,developing_periodic_shedding,periodic,train,1928.13670034,99
2355,83.5471642516,Re_83p547164,developing_periodic_shedding,periodic,train,1938.02458085,100
2356,83.5471642516,Re_83p547164,developing_periodic_shedding,periodic,train,1947.91246137,101
2357,83.5471642516,Re_83p547164,developing_periodic_shedding,periodic,train,1957.80034188,102
2358,83.5471642516,Re_83p547164,developing_periodic_shedding,periodic,train,1967.6882224,103
2359,83.5471642516,Re_83p547164,developing_periodic_shedding,periodic,train,1977.57610291,104
2360,83.5471642516,Re_83p547164,developing_periodic_shedding,periodic,train,1987.46398342,105
2361,83.5471642516,Re_83p547164,developing_periodic_shedding,periodic,train,1997.35186394,106
2362,83.5471642516,Re_83p547164,developing_periodic_shedding,periodic,train,2007.23974445,107
2363,83.5471642516,Re_83p547164,developing_periodic_shedding,periodic,train,2017.12762497,108
2364,83.5471642516,Re_83p547164,developing_periodic_shedding,periodic,train,2027.01550548,109
2365,83.5471642516,Re_83p547164,developing_periodic_shedding,periodic,train,2036.903386,110
2366,83.5471642516,Re_83p547164,developing_periodic_shedding,periodic,train,2046.79126651,111
2367,83.5471642516,Re_83p547164,developing_periodic_shedding,periodic,train,2056.67914703,112
2368,83.5471642516,Re_83p547164,developing_periodic_shedding,periodic,train,2066.56702754,113
2369,83.5471642516,Re_83p547164,developing_periodic_shedding,periodic,train,2076.45490806,114
2370,83.5471642516,Re_83p547164,developing_periodic_shedding,periodic,train,2086.34278857,115
2371,83.5471642516,Re_83p547164,developing_periodic_shedding,periodic,train,2096.23066908,116
2372,83.5471642516,Re_83p547164,developing_periodic_shedding,periodic,train,2106.1185496,117
2373,83.5471642516,Re_83p547164,developing_periodic_shedding,periodic,train,2116.00643011,118
2374,83.5471642516,Re_83p547164,developing_periodic_shedding,periodic,train,2125.89431063,119
2375,83.5471642516,Re_83p547164,developing_periodic_shedding,periodic,train,2135.78219114,120
2376,83.5471642516,Re_83p547164,developing_periodic_shedding,periodic,train,2145.67007166,121
2377,83.5471642516,Re_83p547164,developing_periodic_shedding,periodic,train,2155.55795217,122
2378,83.5471642516,Re_83p547164,developing_periodic_shedding,periodic,train,2165.44583269,123
2379,83.5471642516,Re_83p547164,developing_periodic_shedding,periodic,train,2175.3337132,124
2380,83.5471642516,Re_83p547164,developing_periodic_shedding,periodic,train,2185.22159372,125
2381,83.5471642516,Re_83p547164,developing_periodic_shedding,periodic,train,2195.10947423,126
2382,83.5471642516,Re_83p547164,developing_periodic_shedding,periodic,train,2204.99735474,127
2383,83.5471642516,Re_83p547164,developing_periodic_shedding,periodic,train,2214.88523526,128
2384,83.5471642516,Re_83p547164,developing_periodic_shedding,periodic,train,2224.77311577,129
2385,83.5471642516,Re_83p547164,developing_periodic_shedding,periodic,train,2234.66099629,130
2386,83.5471642516,Re_83p547164,developing_periodic_shedding,periodic,train,2244.5488768,131
2387,83.5471642516,Re_83p547164,developing_periodic_shedding,periodic,train,2254.43675732,132
2388,83.5471642516,Re_83p547164,developing_periodic_shedding,periodic,train,2264.32463783,133
2389,83.5471642516,Re_83p547164,developing_periodic_shedding,periodic,train,2274.21251835,134
2390,83.5471642516,Re_83p547164,developing_periodic_shedding,periodic,train,2284.10039886,135
2391,83.5471642516,Re_83p547164,developing_periodic_shedding,periodic,train,2293.98827938,136
2392,83.5471642516,Re_83p547164,developing_periodic_shedding,periodic,train,2303.87615989,137
2393,83.5471642516,Re_83p547164,developing_periodic_shedding,periodic,train,2313.7640404,138
2394,83.5471642516,Re_83p547164,developing_periodic_shedding,periodic,train,2323.65192092,139
2395,83.5471642516,Re_83p547164,developing_periodic_shedding,periodic,train,2333.53980143,140
2396,83.5471642516,Re_83p547164,developing_periodic_shedding,periodic,train,2343.42768195,141
2397,83.5471642516,Re_83p547164,developing_periodic_shedding,periodic,train,2353.31556246,142
2398,83.5471642516,Re_83p547164,developing_periodic_shedding,periodic,train,2363.20344298,143
2399,83.5471642516,Re_83p547164,developing_periodic_shedding,periodic,train,2373.09132349,144
2400,83.5471642516,Re_83p547164,developing_periodic_shedding,periodic,train,2382.97920401,145
2401,83.5471642516,Re_83p547164,developing_periodic_shedding,periodic,train,2392.86708452,146
2402,83.5471642516,Re_83p547164,developing_periodic_shedding,periodic,train,2402.75496504,147
2403,83.5471642516,Re_83p547164,developing_periodic_shedding,periodic,train,2412.64284555,148
2404,83.5471642516,Re_83p547164,developing_periodic_shedding,periodic,train,2422.53072606,149
2405,83.5471642516,Re_83p547164,developing_periodic_shedding,periodic,train,2432.41860658,150
2406,83.5471642516,Re_83p547164,developing_periodic_shedding,periodic,train,2442.30648709,151
2407,83.5471642516,Re_83p547164,developing_periodic_shedding,periodic,train,2452.19436761,152
2408,83.5471642516,Re_83p547164,developing_periodic_shedding,periodic,train,2462.08224812,153
2409,83.5471642516,Re_83p547164,developing_periodic_shedding,periodic,train,2471.97012864,154
2410,83.5471642516,Re_83p547164,developing_periodic_shedding,periodic,train,2481.85800915,155
2411,83.5471642516,Re_83p547164,developing_periodic_shedding,periodic,train,2491.74588967,156
2412,83.5471642516,Re_83p547164,developing_periodic_shedding,periodic,train,2501.63377018,157
2413,83.5471642516,Re_83p547164,developing_periodic_shedding,periodic,train,2511.5216507,158
2414,83.5471642516,Re_83p547164,developing_periodic_shedding,periodic,train,2521.40953121,159
2415,83.5471642516,Re_83p547164,developing_periodic_shedding,periodic,train,2531.29741172,160
2416,85.1991031321,Re_85p199103,developing_periodic_shedding,periodic,train,925.29603778,0
2417,85.1991031321,Re_85p199103,developing_periodic_shedding,periodic,train,934.93453817,1
2418,85.1991031321,Re_85p199103,developing_periodic_shedding,periodic,train,944.57303856,2
2419,85.1991031321,Re_85p199103,developing_periodic_shedding,periodic,train,954.21153896,3
2420,85.1991031321,Re_85p199103,developing_periodic_shedding,periodic,train,963.85003935,4
2421,85.1991031321,Re_85p199103,developing_periodic_shedding,periodic,train,973.48853974,5
2422,85.1991031321,Re_85p199103,developing_periodic_shedding,periodic,train,983.12704014,6
2423,85.1991031321,Re_85p199103,developing_periodic_shedding,periodic,train,992.76554053,7
2424,85.1991031321,Re_85p199103,developing_periodic_shedding,periodic,train,1002.40404093,8
2425,85.1991031321,Re_85p199103,developing_periodic_shedding,periodic,train,1012.04254132,9
2426,85.1991031321,Re_85p199103,developing_periodic_shedding,periodic,train,1021.68104171,10
2427,85.1991031321,Re_85p199103,developing_periodic_shedding,periodic,train,1031.31954211,11
2428,85.1991031321,Re_85p199103,developing_periodic_shedding,periodic,train,1040.9580425,12
2429,85.1991031321,Re_85p199103,developing_periodic_shedding,periodic,train,1050.59654289,13
2430,85.1991031321,Re_85p199103,developing_periodic_shedding,periodic,train,1060.23504329,14
2431,85.1991031321,Re_85p199103,developing_periodic_shedding,periodic,train,1069.87354368,15
2432,85.1991031321,Re_85p199103,developing_periodic_shedding,periodic,train,1079.51204407,16
2433,85.1991031321,Re_85p199103,developing_periodic_shedding,periodic,train,1089.15054447,17
2434,85.1991031321,Re_85p199103,developing_periodic_shedding,periodic,train,1098.78904486,18
2435,85.1991031321,Re_85p199103,developing_periodic_shedding,periodic,train,1108.42754525,19
2436,85.1991031321,Re_85p199103,developing_periodic_shedding,periodic,train,1118.06604565,20
2437,85.1991031321,Re_85p199103,developing_periodic_shedding,periodic,train,1127.70454604,21
2438,85.1991031321,Re_85p199103,developing_periodic_shedding,periodic,train,1137.34304643,22
2439,85.1991031321,Re_85p199103,developing_periodic_shedding,periodic,train,1146.98154683,23
2440,85.1991031321,Re_85p199103,developing_periodic_shedding,periodic,train,1156.62004722,24
2441,85.1991031321,Re_85p199103,developing_periodic_shedding,periodic,train,1166.25854761,25
2442,85.1991031321,Re_85p199103,developing_periodic_shedding,periodic,train,1175.89704801,26
2443,85.1991031321,Re_85p199103,developing_periodic_shedding,periodic,train,1185.5355484,27
2444,85.1991031321,Re_85p199103,developing_periodic_shedding,periodic,train,1195.1740488,28
2445,85.1991031321,Re_85p199103,developing_periodic_shedding,periodic,train,1204.81254919,29
2446,85.1991031321,Re_85p199103,developing_periodic_shedding,periodic,train,1214.45104958,30
2447,85.1991031321,Re_85p199103,developing_periodic_shedding,periodic,train,1224.08954998,31
2448,85.1991031321,Re_85p199103,developing_periodic_shedding,periodic,train,1233.72805037,32
2449,85.1991031321,Re_85p199103,developing_periodic_shedding,periodic,train,1243.36655076,33
2450,85.1991031321,Re_85p199103,developing_periodic_shedding,periodic,train,1253.00505116,34
2451,85.1991031321,Re_85p199103,developing_periodic_shedding,periodic,train,1262.64355155,35
2452,85.1991031321,Re_85p199103,developing_periodic_shedding,periodic,train,1272.28205194,36
2453,85.1991031321,Re_85p199103,developing_periodic_shedding,periodic,train,1281.92055234,37
2454,85.1991031321,Re_85p199103,developing_periodic_shedding,periodic,train,1291.55905273,38
2455,85.1991031321,Re_85p199103,developing_periodic_shedding,periodic,train,1301.19755312,39
2456,85.1991031321,Re_85p199103,developing_periodic_shedding,periodic,train,1310.83605352,40
2457,85.1991031321,Re_85p199103,developing_periodic_shedding,periodic,train,1320.47455391,41
2458,85.1991031321,Re_85p199103,developing_periodic_shedding,periodic,train,1330.1130543,42
2459,85.1991031321,Re_85p199103,developing_periodic_shedding,periodic,train,1339.7515547,43
2460,85.1991031321,Re_85p199103,developing_periodic_shedding,periodic,train,1349.39005509,44
2461,85.1991031321,Re_85p199103,developing_periodic_shedding,periodic,train,1359.02855548,45
2462,85.1991031321,Re_85p199103,developing_periodic_shedding,periodic,train,1368.66705588,46
2463,85.1991031321,Re_85p199103,developing_periodic_shedding,periodic,train,1378.30555627,47
2464,85.1991031321,Re_85p199103,developing_periodic_shedding,periodic,train,1387.94405667,48
2465,85.1991031321,Re_85p199103,developing_periodic_shedding,periodic,train,1397.58255706,49
2466,85.1991031321,Re_85p199103,developing_periodic_shedding,periodic,train,1407.22105745,50
2467,85.1991031321,Re_85p199103,developing_periodic_shedding,periodic,train,1416.85955785,51
2468,85.1991031321,Re_85p199103,developing_periodic_shedding,periodic,train,1426.49805824,52
2469,85.1991031321,Re_85p199103,developing_periodic_shedding,periodic,train,1436.13655863,53
2470,85.1991031321,Re_85p199103,developing_periodic_shedding,periodic,train,1445.77505903,54
2471,85.1991031321,Re_85p199103,developing_periodic_shedding,periodic,train,1455.41355942,55
2472,85.1991031321,Re_85p199103,developing_periodic_shedding,periodic,train,1465.05205981,56
2473,85.1991031321,Re_85p199103,developing_periodic_shedding,periodic,train,1474.69056021,57
2474,85.1991031321,Re_85p199103,developing_periodic_shedding,periodic,train,1484.3290606,58
2475,85.1991031321,Re_85p199103,developing_periodic_shedding,periodic,train,1493.96756099,59
2476,85.1991031321,Re_85p199103,developing_periodic_shedding,periodic,train,1503.60606139,60
2477,85.1991031321,Re_85p199103,developing_periodic_shedding,periodic,train,1513.24456178,61
2478,85.1991031321,Re_85p199103,developing_periodic_shedding,periodic,train,1522.88306217,62
2479,85.1991031321,Re_85p199103,developing_periodic_shedding,periodic,train,1532.52156257,63
2480,85.1991031321,Re_85p199103,developing_periodic_shedding,periodic,train,1542.16006296,64
2481,85.1991031321,Re_85p199103,developing_periodic_shedding,periodic,train,1551.79856336,65
2482,85.1991031321,Re_85p199103,developing_periodic_shedding,periodic,train,1561.43706375,66
2483,85.1991031321,Re_85p199103,developing_periodic_shedding,periodic,train,1571.07556414,67
2484,85.1991031321,Re_85p199103,developing_periodic_shedding,periodic,train,1580.71406454,68
2485,85.1991031321,Re_85p199103,developing_periodic_shedding,periodic,train,1590.35256493,69
2486,85.1991031321,Re_85p199103,developing_periodic_shedding,periodic,train,1599.99106532,70
2487,85.1991031321,Re_85p199103,developing_periodic_shedding,periodic,train,1609.62956572,71
2488,85.1991031321,Re_85p199103,developing_periodic_shedding,periodic,train,1619.26806611,72
2489,85.1991031321,Re_85p199103,developing_periodic_shedding,periodic,train,1628.9065665,73
2490,85.1991031321,Re_85p199103,developing_periodic_shedding,periodic,train,1638.5450669,74
2491,85.1991031321,Re_85p199103,developing_periodic_shedding,periodic,train,1648.18356729,75
2492,85.1991031321,Re_85p199103,developing_periodic_shedding,periodic,train,1657.82206768,76
2493,85.1991031321,Re_85p199103,developing_periodic_shedding,periodic,train,1667.46056808,77
2494,85.1991031321,Re_85p199103,developing_periodic_shedding,periodic,train,1677.09906847,78
2495,85.1991031321,Re_85p199103,developing_periodic_shedding,periodic,train,1686.73756886,79
2496,85.1991031321,Re_85p199103,developing_periodic_shedding,periodic,train,1696.37606926,80
2497,85.1991031321,Re_85p199103,developing_periodic_shedding,periodic,train,1706.01456965,81
2498,85.1991031321,Re_85p199103,developing_periodic_shedding,periodic,train,1715.65307004,82
2499,85.1991031321,Re_85p199103,developing_periodic_shedding,periodic,train,1725.29157044,83
2500,85.1991031321,Re_85p199103,developing_periodic_shedding,periodic,train,1734.93007083,84
2501,85.1991031321,Re_85p199103,developing_periodic_shedding,periodic,train,1744.56857123,85
2502,85.1991031321,Re_85p199103,developing_periodic_shedding,periodic,train,1754.20707162,86
2503,85.1991031321,Re_85p199103,developing_periodic_shedding,periodic,train,1763.84557201,87
2504,85.1991031321,Re_85p199103,developing_periodic_shedding,periodic,train,1773.48407241,88
2505,85.1991031321,Re_85p199103,developing_periodic_shedding,periodic,train,1783.1225728,89
2506,85.1991031321,Re_85p199103,developing_periodic_shedding,periodic,train,1792.76107319,90
2507,85.1991031321,Re_85p199103,developing_periodic_shedding,periodic,train,1802.39957359,91
2508,85.1991031321,Re_85p199103,developing_periodic_shedding,periodic,train,1812.03807398,92
2509,85.1991031321,Re_85p199103,developing_periodic_shedding,periodic,train,1821.67657437,93
2510,85.1991031321,Re_85p199103,developing_periodic_shedding,periodic,train,1831.31507477,94
2511,85.1991031321,Re_85p199103,developing_periodic_shedding,periodic,train,1840.95357516,95
2512,85.1991031321,Re_85p199103,developing_periodic_shedding,periodic,train,1850.59207555,96
2513,85.1991031321,Re_85p199103,developing_periodic_shedding,periodic,train,1860.23057595,97
2514,85.1991031321,Re_85p199103,developing_periodic_shedding,periodic,train,1869.86907634,98
2515,85.1991031321,Re_85p199103,developing_periodic_shedding,periodic,train,1879.50757673,99
2516,85.1991031321,Re_85p199103,developing_periodic_shedding,periodic,train,1889.14607713,100
2517,85.1991031321,Re_85p199103,developing_periodic_shedding,periodic,train,1898.78457752,101
2518,85.1991031321,Re_85p199103,developing_periodic_shedding,periodic,train,1908.42307791,102
2519,85.1991031321,Re_85p199103,developing_periodic_shedding,periodic,train,1918.06157831,103
2520,85.1991031321,Re_85p199103,developing_periodic_shedding,periodic,train,1927.7000787,104
2521,85.1991031321,Re_85p199103,developing_periodic_shedding,periodic,train,1937.3385791,105
2522,85.1991031321,Re_85p199103,developing_periodic_shedding,periodic,train,1946.97707949,106
2523,85.1991031321,Re_85p199103,developing_periodic_shedding,periodic,train,1956.61557988,107
2524,85.1991031321,Re_85p199103,developing_periodic_shedding,periodic,train,1966.25408028,108
2525,85.1991031321,Re_85p199103,developing_periodic_shedding,periodic,train,1975.89258067,109
2526,85.1991031321,Re_85p199103,developing_periodic_shedding,periodic,train,1985.53108106,110
2527,85.1991031321,Re_85p199103,developing_periodic_shedding,periodic,train,1995.16958146,111
2528,85.1991031321,Re_85p199103,developing_periodic_shedding,periodic,train,2004.80808185,112
2529,85.1991031321,Re_85p199103,developing_periodic_shedding,periodic,train,2014.44658224,113
2530,85.1991031321,Re_85p199103,developing_periodic_shedding,periodic,train,2024.08508264,114
2531,85.1991031321,Re_85p199103,developing_periodic_shedding,periodic,train,2033.72358303,115
2532,85.1991031321,Re_85p199103,developing_periodic_shedding,periodic,train,2043.36208342,116
2533,85.1991031321,Re_85p199103,developing_periodic_shedding,periodic,train,2053.00058382,117
2534,85.1991031321,Re_85p199103,developing_periodic_shedding,periodic,train,2062.63908421,118
2535,85.1991031321,Re_85p199103,developing_periodic_shedding,periodic,train,2072.2775846,119
2536,85.1991031321,Re_85p199103,developing_periodic_shedding,periodic,train,2081.916085,120
2537,85.1991031321,Re_85p199103,developing_periodic_shedding,periodic,train,2091.55458539,121
2538,85.1991031321,Re_85p199103,developing_periodic_shedding,periodic,train,2101.19308579,122
2539,85.1991031321,Re_85p199103,developing_periodic_shedding,periodic,train,2110.83158618,123
2540,85.1991031321,Re_85p199103,developing_periodic_shedding,periodic,train,2120.47008657,124
2541,85.1991031321,Re_85p199103,developing_periodic_shedding,periodic,train,2130.10858697,125
2542,85.1991031321,Re_85p199103,developing_periodic_shedding,periodic,train,2139.74708736,126
2543,85.1991031321,Re_85p199103,developing_periodic_shedding,periodic,train,2149.38558775,127
2544,85.1991031321,Re_85p199103,developing_periodic_shedding,periodic,train,2159.02408815,128
2545,85.1991031321,Re_85p199103,developing_periodic_shedding,periodic,train,2168.66258854,129
2546,85.1991031321,Re_85p199103,developing_periodic_shedding,periodic,train,2178.30108893,130
2547,85.1991031321,Re_85p199103,developing_periodic_shedding,periodic,train,2187.93958933,131
2548,85.1991031321,Re_85p199103,developing_periodic_shedding,periodic,train,2197.57808972,132
2549,85.1991031321,Re_85p199103,developing_periodic_shedding,periodic,train,2207.21659011,133
2550,85.1991031321,Re_85p199103,developing_periodic_shedding,periodic,train,2216.85509051,134
2551,85.1991031321,Re_85p199103,developing_periodic_shedding,periodic,train,2226.4935909,135
2552,85.1991031321,Re_85p199103,developing_periodic_shedding,periodic,train,2236.13209129,136
2553,85.1991031321,Re_85p199103,developing_periodic_shedding,periodic,train,2245.77059169,137
2554,85.1991031321,Re_85p199103,developing_periodic_shedding,periodic,train,2255.40909208,138
2555,85.1991031321,Re_85p199103,developing_periodic_shedding,periodic,train,2265.04759247,139
2556,85.1991031321,Re_85p199103,developing_periodic_shedding,periodic,train,2274.68609287,140
2557,85.1991031321,Re_85p199103,developing_periodic_shedding,periodic,train,2284.32459326,141
2558,85.1991031321,Re_85p199103,developing_periodic_shedding,periodic,train,2293.96309366,142
2559,85.1991031321,Re_85p199103,developing_periodic_shedding,periodic,train,2303.60159405,143
2560,85.1991031321,Re_85p199103,developing_periodic_shedding,periodic,train,2313.24009444,144
2561,85.1991031321,Re_85p199103,developing_periodic_shedding,periodic,train,2322.87859484,145
2562,85.1991031321,Re_85p199103,developing_periodic_shedding,periodic,train,2332.51709523,146
2563,85.1991031321,Re_85p199103,developing_periodic_shedding,periodic,train,2342.15559562,147
2564,85.1991031321,Re_85p199103,developing_periodic_shedding,periodic,train,2351.79409602,148
2565,85.1991031321,Re_85p199103,developing_periodic_shedding,periodic,train,2361.43259641,149
2566,85.1991031321,Re_85p199103,developing_periodic_shedding,periodic,train,2371.0710968,150
2567,85.1991031321,Re_85p199103,developing_periodic_shedding,periodic,train,2380.7095972,151
2568,85.1991031321,Re_85p199103,developing_periodic_shedding,periodic,train,2390.34809759,152
2569,85.1991031321,Re_85p199103,developing_periodic_shedding,periodic,train,2399.98659798,153
2570,85.1991031321,Re_85p199103,developing_periodic_shedding,periodic,train,2409.62509838,154
2571,85.1991031321,Re_85p199103,developing_periodic_shedding,periodic,train,2419.26359877,155
2572,85.1991031321,Re_85p199103,developing_periodic_shedding,periodic,train,2428.90209916,156
2573,85.1991031321,Re_85p199103,developing_periodic_shedding,periodic,train,2438.54059956,157
2574,85.1991031321,Re_85p199103,developing_periodic_shedding,periodic,train,2448.17909995,158
2575,85.1991031321,Re_85p199103,developing_periodic_shedding,periodic,train,2457.81760035,159
2576,85.1991031321,Re_85p199103,developing_periodic_shedding,periodic,train,2467.45610074,160
2577,86.8501684903,Re_86p850168,developing_periodic_shedding,periodic,train,902.54517552,0
2578,86.8501684903,Re_86p850168,developing_periodic_shedding,periodic,train,911.94668776,1
2579,86.8501684903,Re_86p850168,developing_periodic_shedding,periodic,train,921.34820001,2
2580,86.8501684903,Re_86p850168,developing_periodic_shedding,periodic,train,930.74971225,3
2581,86.8501684903,Re_86p850168,developing_periodic_shedding,periodic,train,940.1512245,4
2582,86.8501684903,Re_86p850168,developing_periodic_shedding,periodic,train,949.55273674,5
2583,86.8501684903,Re_86p850168,developing_periodic_shedding,periodic,train,958.95424899,6
2584,86.8501684903,Re_86p850168,developing_periodic_shedding,periodic,train,968.35576123,7
2585,86.8501684903,Re_86p850168,developing_periodic_shedding,periodic,train,977.75727348,8
2586,86.8501684903,Re_86p850168,developing_periodic_shedding,periodic,train,987.15878572,9
2587,86.8501684903,Re_86p850168,developing_periodic_shedding,periodic,train,996.56029797,10
2588,86.8501684903,Re_86p850168,developing_periodic_shedding,periodic,train,1005.96181021,11
2589,86.8501684903,Re_86p850168,developing_periodic_shedding,periodic,train,1015.36332246,12
2590,86.8501684903,Re_86p850168,developing_periodic_shedding,periodic,train,1024.7648347,13
2591,86.8501684903,Re_86p850168,developing_periodic_shedding,periodic,train,1034.16634695,14
2592,86.8501684903,Re_86p850168,developing_periodic_shedding,periodic,train,1043.56785919,15
2593,86.8501684903,Re_86p850168,developing_periodic_shedding,periodic,train,1052.96937144,16
2594,86.8501684903,Re_86p850168,developing_periodic_shedding,periodic,train,1062.37088368,17
2595,86.8501684903,Re_86p850168,developing_periodic_shedding,periodic,train,1071.77239593,18
2596,86.8501684903,Re_86p850168,developing_periodic_shedding,periodic,train,1081.17390817,19
2597,86.8501684903,Re_86p850168,developing_periodic_shedding,periodic,train,1090.57542042,20
2598,86.8501684903,Re_86p850168,developing_periodic_shedding,periodic,train,1099.97693266,21
2599,86.8501684903,Re_86p850168,developing_periodic_shedding,periodic,train,1109.37844491,22
2600,86.8501684903,Re_86p850168,developing_periodic_shedding,periodic,train,1118.77995715,23
2601,86.8501684903,Re_86p850168,developing_periodic_shedding,periodic,train,1128.1814694,24
2602,86.8501684903,Re_86p850168,developing_periodic_shedding,periodic,train,1137.58298164,25
2603,86.8501684903,Re_86p850168,developing_periodic_shedding,periodic,train,1146.98449389,26
2604,86.8501684903,Re_86p850168,developing_periodic_shedding,periodic,train,1156.38600613,27
2605,86.8501684903,Re_86p850168,developing_periodic_shedding,periodic,train,1165.78751838,28
2606,86.8501684903,Re_86p850168,developing_periodic_shedding,periodic,train,1175.18903062,29
2607,86.8501684903,Re_86p850168,developing_periodic_shedding,periodic,train,1184.59054286,30
2608,86.8501684903,Re_86p850168,developing_periodic_shedding,periodic,train,1193.99205511,31
2609,86.8501684903,Re_86p850168,developing_periodic_shedding,periodic,train,1203.39356735,32
2610,86.8501684903,Re_86p850168,developing_periodic_shedding,periodic,train,1212.7950796,33
2611,86.8501684903,Re_86p850168,developing_periodic_shedding,periodic,train,1222.19659184,34
2612,86.8501684903,Re_86p850168,developing_periodic_shedding,periodic,train,1231.59810409,35
2613,86.8501684903,Re_86p850168,developing_periodic_shedding,periodic,train,1240.99961633,36
2614,86.8501684903,Re_86p850168,developing_periodic_shedding,periodic,train,1250.40112858,37
2615,86.8501684903,Re_86p850168,developing_periodic_shedding,periodic,train,1259.80264082,38
2616,86.8501684903,Re_86p850168,developing_periodic_shedding,periodic,train,1269.20415307,39
2617,86.8501684903,Re_86p850168,developing_periodic_shedding,periodic,train,1278.60566531,40
2618,86.8501684903,Re_86p850168,developing_periodic_shedding,periodic,train,1288.00717756,41
2619,86.8501684903,Re_86p850168,developing_periodic_shedding,periodic,train,1297.4086898,42
2620,86.8501684903,Re_86p850168,developing_periodic_shedding,periodic,train,1306.81020205,43
2621,86.8501684903,Re_86p850168,developing_periodic_shedding,periodic,train,1316.21171429,44
2622,86.8501684903,Re_86p850168,developing_periodic_shedding,periodic,train,1325.61322654,45
2623,86.8501684903,Re_86p850168,developing_periodic_shedding,periodic,train,1335.01473878,46
2624,86.8501684903,Re_86p850168,developing_periodic_shedding,periodic,train,1344.41625103,47
2625,86.8501684903,Re_86p850168,developing_periodic_shedding,periodic,train,1353.81776327,48
2626,86.8501684903,Re_86p850168,developing_periodic_shedding,periodic,train,1363.21927552,49
2627,86.8501684903,Re_86p850168,developing_periodic_shedding,periodic,train,1372.62078776,50
2628,86.8501684903,Re_86p850168,developing_periodic_shedding,periodic,train,1382.02230001,51
2629,86.8501684903,Re_86p850168,developing_periodic_shedding,periodic,train,1391.42381225,52
2630,86.8501684903,Re_86p850168,developing_periodic_shedding,periodic,train,1400.8253245,53
2631,86.8501684903,Re_86p850168,developing_periodic_shedding,periodic,train,1410.22683674,54
2632,86.8501684903,Re_86p850168,developing_periodic_shedding,periodic,train,1419.62834899,55
2633,86.8501684903,Re_86p850168,developing_periodic_shedding,periodic,train,1429.02986123,56
2634,86.8501684903,Re_86p850168,developing_periodic_shedding,periodic,train,1438.43137348,57
2635,86.8501684903,Re_86p850168,developing_periodic_shedding,periodic,train,1447.83288572,58
2636,86.8501684903,Re_86p850168,developing_periodic_shedding,periodic,train,1457.23439797,59
2637,86.8501684903,Re_86p850168,developing_periodic_shedding,periodic,train,1466.63591021,60
2638,86.8501684903,Re_86p850168,developing_periodic_shedding,periodic,train,1476.03742246,61
2639,86.8501684903,Re_86p850168,developing_periodic_shedding,periodic,train,1485.4389347,62
2640,86.8501684903,Re_86p850168,developing_periodic_shedding,periodic,train,1494.84044695,63
2641,86.8501684903,Re_86p850168,developing_periodic_shedding,periodic,train,1504.24195919,64
2642,86.8501684903,Re_86p850168,developing_periodic_shedding,periodic,train,1513.64347144,65
2643,86.8501684903,Re_86p850168,developing_periodic_shedding,periodic,train,1523.04498368,66
2644,86.8501684903,Re_86p850168,developing_periodic_shedding,periodic,train,1532.44649593,67
2645,86.8501684903,Re_86p850168,developing_periodic_shedding,periodic,train,1541.84800817,68
2646,86.8501684903,Re_86p850168,developing_periodic_shedding,periodic,train,1551.24952042,69
2647,86.8501684903,Re_86p850168,developing_periodic_shedding,periodic,train,1560.65103266,70
2648,86.8501684903,Re_86p850168,developing_periodic_shedding,periodic,train,1570.05254491,71
2649,86.8501684903,Re_86p850168,developing_periodic_shedding,periodic,train,1579.45405715,72
2650,86.8501684903,Re_86p850168,developing_periodic_shedding,periodic,train,1588.8555694,73
2651,86.8501684903,Re_86p850168,developing_periodic_shedding,periodic,train,1598.25708164,74
2652,86.8501684903,Re_86p850168,developing_periodic_shedding,periodic,train,1607.65859389,75
2653,86.8501684903,Re_86p850168,developing_periodic_shedding,periodic,train,1617.06010613,76
2654,86.8501684903,Re_86p850168,developing_periodic_shedding,periodic,train,1626.46161838,77
2655,86.8501684903,Re_86p850168,developing_periodic_shedding,periodic,train,1635.86313062,78
2656,86.8501684903,Re_86p850168,developing_periodic_shedding,periodic,train,1645.26464287,79
2657,86.8501684903,Re_86p850168,developing_periodic_shedding,periodic,train,1654.66615511,80
2658,86.8501684903,Re_86p850168,developing_periodic_shedding,periodic,train,1664.06766736,81
2659,86.8501684903,Re_86p850168,developing_periodic_shedding,periodic,train,1673.4691796,82
2660,86.8501684903,Re_86p850168,developing_periodic_shedding,periodic,train,1682.87069185,83
2661,86.8501684903,Re_86p850168,developing_periodic_shedding,periodic,train,1692.27220409,84
2662,86.8501684903,Re_86p850168,developing_periodic_shedding,periodic,train,1701.67371634,85
2663,86.8501684903,Re_86p850168,developing_periodic_shedding,periodic,train,1711.07522858,86
2664,86.8501684903,Re_86p850168,developing_periodic_shedding,periodic,train,1720.47674083,87
2665,86.8501684903,Re_86p850168,developing_periodic_shedding,periodic,train,1729.87825307,88
2666,86.8501684903,Re_86p850168,developing_periodic_shedding,periodic,train,1739.27976532,89
2667,86.8501684903,Re_86p850168,developing_periodic_shedding,periodic,train,1748.68127756,90
2668,86.8501684903,Re_86p850168,developing_periodic_shedding,periodic,train,1758.08278981,91
2669,86.8501684903,Re_86p850168,developing_periodic_shedding,periodic,train,1767.48430205,92
2670,86.8501684903,Re_86p850168,developing_periodic_shedding,periodic,train,1776.8858143,93
2671,86.8501684903,Re_86p850168,developing_periodic_shedding,periodic,train,1786.28732654,94
2672,86.8501684903,Re_86p850168,developing_periodic_shedding,periodic,train,1795.68883879,95
2673,86.8501684903,Re_86p850168,developing_periodic_shedding,periodic,train,1805.09035103,96
2674,86.8501684903,Re_86p850168,developing_periodic_shedding,periodic,train,1814.49186328,97
2675,86.8501684903,Re_86p850168,developing_periodic_shedding,periodic,train,1823.89337552,98
2676,86.8501684903,Re_86p850168,developing_periodic_shedding,periodic,train,1833.29488777,99
2677,86.8501684903,Re_86p850168,developing_periodic_shedding,periodic,train,1842.69640001,100
2678,86.8501684903,Re_86p850168,developing_periodic_shedding,periodic,train,1852.09791226,101
2679,86.8501684903,Re_86p850168,developing_periodic_shedding,periodic,train,1861.4994245,102
2680,86.8501684903,Re_86p850168,developing_periodic_shedding,periodic,train,1870.90093675,103
2681,86.8501684903,Re_86p850168,developing_periodic_shedding,periodic,train,1880.30244899,104
2682,86.8501684903,Re_86p850168,developing_periodic_shedding,periodic,train,1889.70396124,105
2683,86.8501684903,Re_86p850168,developing_periodic_shedding,periodic,train,1899.10547348,106
2684,86.8501684903,Re_86p850168,developing_periodic_shedding,periodic,train,1908.50698573,107
2685,86.8501684903,Re_86p850168,developing_periodic_shedding,periodic,train,1917.90849797,108
2686,86.8501684903,Re_86p850168,developing_periodic_shedding,periodic,train,1927.31001022,109
2687,86.8501684903,Re_86p850168,developing_periodic_shedding,periodic,train,1936.71152246,110
2688,86.8501684903,Re_86p850168,developing_periodic_shedding,periodic,train,1946.11303471,111
2689,86.8501684903,Re_86p850168,developing_periodic_shedding,periodic,train,1955.51454695,112
2690,86.8501684903,Re_86p850168,developing_periodic_shedding,periodic,train,1964.9160592,113
2691,86.8501684903,Re_86p850168,developing_periodic_shedding,periodic,train,1974.31757144,114
2692,86.8501684903,Re_86p850168,developing_periodic_shedding,periodic,train,1983.71908369,115
2693,86.8501684903,Re_86p850168,developing_periodic_shedding,periodic,train,1993.12059593,116
2694,86.8501684903,Re_86p850168,developing_periodic_shedding,periodic,train,2002.52210818,117
2695,86.8501684903,Re_86p850168,developing_periodic_shedding,periodic,train,2011.92362042,118
2696,86.8501684903,Re_86p850168,developing_periodic_shedding,periodic,train,2021.32513267,119
2697,86.8501684903,Re_86p850168,developing_periodic_shedding,periodic,train,2030.72664491,120
2698,86.8501684903,Re_86p850168,developing_periodic_shedding,periodic,train,2040.12815716,121
2699,86.8501684903,Re_86p850168,developing_periodic_shedding,periodic,train,2049.5296694,122
2700,86.8501684903,Re_86p850168,developing_periodic_shedding,periodic,train,2058.93118165,123
2701,86.8501684903,Re_86p850168,developing_periodic_shedding,periodic,train,2068.33269389,124
2702,86.8501684903,Re_86p850168,developing_periodic_shedding,periodic,train,2077.73420614,125
2703,86.8501684903,Re_86p850168,developing_periodic_shedding,periodic,train,2087.13571838,126
2704,86.8501684903,Re_86p850168,developing_periodic_shedding,periodic,train,2096.53723063,127
2705,86.8501684903,Re_86p850168,developing_periodic_shedding,periodic,train,2105.93874287,128
2706,86.8501684903,Re_86p850168,developing_periodic_shedding,periodic,train,2115.34025512,129
2707,86.8501684903,Re_86p850168,developing_periodic_shedding,periodic,train,2124.74176736,130
2708,86.8501684903,Re_86p850168,developing_periodic_shedding,periodic,train,2134.14327961,131
2709,86.8501684903,Re_86p850168,developing_periodic_shedding,periodic,train,2143.54479185,132
2710,86.8501684903,Re_86p850168,developing_periodic_shedding,periodic,train,2152.9463041,133
2711,86.8501684903,Re_86p850168,developing_periodic_shedding,periodic,train,2162.34781634,134
2712,86.8501684903,Re_86p850168,developing_periodic_shedding,periodic,train,2171.74932859,135
2713,86.8501684903,Re_86p850168,developing_periodic_shedding,periodic,train,2181.15084083,136
2714,86.8501684903,Re_86p850168,developing_periodic_shedding,periodic,train,2190.55235308,137
2715,86.8501684903,Re_86p850168,developing_periodic_shedding,periodic,train,2199.95386532,138
2716,86.8501684903,Re_86p850168,developing_periodic_shedding,periodic,train,2209.35537757,139
2717,86.8501684903,Re_86p850168,developing_periodic_shedding,periodic,train,2218.75688981,140
2718,86.8501684903,Re_86p850168,developing_periodic_shedding,periodic,train,2228.15840206,141
2719,86.8501684903,Re_86p850168,developing_periodic_shedding,periodic,train,2237.5599143,142
2720,86.8501684903,Re_86p850168,developing_periodic_shedding,periodic,train,2246.96142655,143
2721,86.8501684903,Re_86p850168,developing_periodic_shedding,periodic,train,2256.36293879,144
2722,86.8501684903,Re_86p850168,developing_periodic_shedding,periodic,train,2265.76445104,145
2723,86.8501684903,Re_86p850168,developing_periodic_shedding,periodic,train,2275.16596328,146
2724,86.8501684903,Re_86p850168,developing_periodic_shedding,periodic,train,2284.56747553,147
2725,86.8501684903,Re_86p850168,developing_periodic_shedding,periodic,train,2293.96898777,148
2726,86.8501684903,Re_86p850168,developing_periodic_shedding,periodic,train,2303.37050002,149
2727,86.8501684903,Re_86p850168,developing_periodic_shedding,periodic,train,2312.77201226,150
2728,86.8501684903,Re_86p850168,developing_periodic_shedding,periodic,train,2322.17352451,151
2729,86.8501684903,Re_86p850168,developing_periodic_shedding,periodic,train,2331.57503675,152
2730,86.8501684903,Re_86p850168,developing_periodic_shedding,periodic,train,2340.976549,153
2731,86.8501684903,Re_86p850168,developing_periodic_shedding,periodic,train,2350.37806124,154
2732,86.8501684903,Re_86p850168,developing_periodic_shedding,periodic,train,2359.77957348,155
2733,86.8501684903,Re_86p850168,developing_periodic_shedding,periodic,train,2369.18108573,156
2734,86.8501684903,Re_86p850168,developing_periodic_shedding,periodic,train,2378.58259797,157
2735,86.8501684903,Re_86p850168,developing_periodic_shedding,periodic,train,2387.98411022,158
2736,86.8501684903,Re_86p850168,developing_periodic_shedding,periodic,train,2397.38562246,159
2737,86.8501684903,Re_86p850168,developing_periodic_shedding,periodic,train,2406.78713471,160
2738,88.4998153335,Re_88p499815,developing_periodic_shedding,periodic,train,935.96093364,0
2739,88.4998153335,Re_88p499815,developing_periodic_shedding,periodic,train,945.13702123,1
2740,88.4998153335,Re_88p499815,developing_periodic_shedding,periodic,train,954.31310881,2
2741,88.4998153335,Re_88p499815,developing_periodic_shedding,periodic,train,963.4891964,3
2742,88.4998153335,Re_88p499815,developing_periodic_shedding,periodic,train,972.66528398,4
2743,88.4998153335,Re_88p499815,developing_periodic_shedding,periodic,train,981.84137157,5
2744,88.4998153335,Re_88p499815,developing_periodic_shedding,periodic,train,991.01745915,6
2745,88.4998153335,Re_88p499815,developing_periodic_shedding,periodic,train,1000.19354674,7
2746,88.4998153335,Re_88p499815,developing_periodic_shedding,periodic,train,1009.36963432,8
2747,88.4998153335,Re_88p499815,developing_periodic_shedding,periodic,train,1018.54572191,9
2748,88.4998153335,Re_88p499815,developing_periodic_shedding,periodic,train,1027.72180949,10
2749,88.4998153335,Re_88p499815,developing_periodic_shedding,periodic,train,1036.89789707,11
2750,88.4998153335,Re_88p499815,developing_periodic_shedding,periodic,train,1046.07398466,12
2751,88.4998153335,Re_88p499815,developing_periodic_shedding,periodic,train,1055.25007224,13
2752,88.4998153335,Re_88p499815,developing_periodic_shedding,periodic,train,1064.42615983,14
2753,88.4998153335,Re_88p499815,developing_periodic_shedding,periodic,train,1073.60224741,15
2754,88.4998153335,Re_88p499815,developing_periodic_shedding,periodic,train,1082.778335,16
2755,88.4998153335,Re_88p499815,developing_periodic_shedding,periodic,train,1091.95442258,17
2756,88.4998153335,Re_88p499815,developing_periodic_shedding,periodic,train,1101.13051017,18
2757,88.4998153335,Re_88p499815,developing_periodic_shedding,periodic,train,1110.30659775,19
2758,88.4998153335,Re_88p499815,developing_periodic_shedding,periodic,train,1119.48268534,20
2759,88.4998153335,Re_88p499815,developing_periodic_shedding,periodic,train,1128.65877292,21
2760,88.4998153335,Re_88p499815,developing_periodic_shedding,periodic,train,1137.83486051,22
2761,88.4998153335,Re_88p499815,developing_periodic_shedding,periodic,train,1147.01094809,23
2762,88.4998153335,Re_88p499815,developing_periodic_shedding,periodic,train,1156.18703568,24
2763,88.4998153335,Re_88p499815,developing_periodic_shedding,periodic,train,1165.36312326,25
2764,88.4998153335,Re_88p499815,developing_periodic_shedding,periodic,train,1174.53921085,26
2765,88.4998153335,Re_88p499815,developing_periodic_shedding,periodic,train,1183.71529843,27
2766,88.4998153335,Re_88p499815,developing_periodic_shedding,periodic,train,1192.89138601,28
2767,88.4998153335,Re_88p499815,developing_periodic_shedding,periodic,train,1202.0674736,29
2768,88.4998153335,Re_88p499815,developing_periodic_shedding,periodic,train,1211.24356118,30
2769,88.4998153335,Re_88p499815,developing_periodic_shedding,periodic,train,1220.41964877,31
2770,88.4998153335,Re_88p499815,developing_periodic_shedding,periodic,train,1229.59573635,32
2771,88.4998153335,Re_88p499815,developing_periodic_shedding,periodic,train,1238.77182394,33
2772,88.4998153335,Re_88p499815,developing_periodic_shedding,periodic,train,1247.94791152,34
2773,88.4998153335,Re_88p499815,developing_periodic_shedding,periodic,train,1257.12399911,35
2774,88.4998153335,Re_88p499815,developing_periodic_shedding,periodic,train,1266.30008669,36
2775,88.4998153335,Re_88p499815,developing_periodic_shedding,periodic,train,1275.47617428,37
2776,88.4998153335,Re_88p499815,developing_periodic_shedding,periodic,train,1284.65226186,38
2777,88.4998153335,Re_88p499815,developing_periodic_shedding,periodic,train,1293.82834945,39
2778,88.4998153335,Re_88p499815,developing_periodic_shedding,periodic,train,1303.00443703,40
2779,88.4998153335,Re_88p499815,developing_periodic_shedding,periodic,train,1312.18052462,41
2780,88.4998153335,Re_88p499815,developing_periodic_shedding,periodic,train,1321.3566122,42
2781,88.4998153335,Re_88p499815,developing_periodic_shedding,periodic,train,1330.53269979,43
2782,88.4998153335,Re_88p499815,developing_periodic_shedding,periodic,train,1339.70878737,44
2783,88.4998153335,Re_88p499815,developing_periodic_shedding,periodic,train,1348.88487496,45
2784,88.4998153335,Re_88p499815,developing_periodic_shedding,periodic,train,1358.06096254,46
2785,88.4998153335,Re_88p499815,developing_periodic_shedding,periodic,train,1367.23705012,47
2786,88.4998153335,Re_88p499815,developing_periodic_shedding,periodic,train,1376.41313771,48
2787,88.4998153335,Re_88p499815,developing_periodic_shedding,periodic,train,1385.58922529,49
2788,88.4998153335,Re_88p499815,developing_periodic_shedding,periodic,train,1394.76531288,50
2789,88.4998153335,Re_88p499815,developing_periodic_shedding,periodic,train,1403.94140046,51
2790,88.4998153335,Re_88p499815,developing_periodic_shedding,periodic,train,1413.11748805,52
2791,88.4998153335,Re_88p499815,developing_periodic_shedding,periodic,train,1422.29357563,53
2792,88.4998153335,Re_88p499815,developing_periodic_shedding,periodic,train,1431.46966322,54
2793,88.4998153335,Re_88p499815,developing_periodic_shedding,periodic,train,1440.6457508,55
2794,88.4998153335,Re_88p499815,developing_periodic_shedding,periodic,train,1449.82183839,56
2795,88.4998153335,Re_88p499815,developing_periodic_shedding,periodic,train,1458.99792597,57
2796,88.4998153335,Re_88p499815,developing_periodic_shedding,periodic,train,1468.17401356,58
2797,88.4998153335,Re_88p499815,developing_periodic_shedding,periodic,train,1477.35010114,59
2798,88.4998153335,Re_88p499815,developing_periodic_shedding,periodic,train,1486.52618873,60
2799,88.4998153335,Re_88p499815,developing_periodic_shedding,periodic,train,1495.70227631,61
2800,88.4998153335,Re_88p499815,developing_periodic_shedding,periodic,train,1504.8783639,62
2801,88.4998153335,Re_88p499815,developing_periodic_shedding,periodic,train,1514.05445148,63
2802,88.4998153335,Re_88p499815,developing_periodic_shedding,periodic,train,1523.23053907,64
2803,88.4998153335,Re_88p499815,developing_periodic_shedding,periodic,train,1532.40662665,65
2804,88.4998153335,Re_88p499815,developing_periodic_shedding,periodic,train,1541.58271423,66
2805,88.4998153335,Re_88p499815,developing_periodic_shedding,periodic,train,1550.75880182,67
2806,88.4998153335,Re_88p499815,developing_periodic_shedding,periodic,train,1559.9348894,68
2807,88.4998153335,Re_88p499815,developing_periodic_shedding,periodic,train,1569.11097699,69
2808,88.4998153335,Re_88p499815,developing_periodic_shedding,periodic,train,1578.28706457,70
2809,88.4998153335,Re_88p499815,developing_periodic_shedding,periodic,train,1587.46315216,71
2810,88.4998153335,Re_88p499815,developing_periodic_shedding,periodic,train,1596.63923974,72
2811,88.4998153335,Re_88p499815,developing_periodic_shedding,periodic,train,1605.81532733,73
2812,88.4998153335,Re_88p499815,developing_periodic_shedding,periodic,train,1614.99141491,74
2813,88.4998153335,Re_88p499815,developing_periodic_shedding,periodic,train,1624.1675025,75
2814,88.4998153335,Re_88p499815,developing_periodic_shedding,periodic,train,1633.34359008,76
2815,88.4998153335,Re_88p499815,developing_periodic_shedding,periodic,train,1642.51967767,77
2816,88.4998153335,Re_88p499815,developing_periodic_shedding,periodic,train,1651.69576525,78
2817,88.4998153335,Re_88p499815,developing_periodic_shedding,periodic,train,1660.87185284,79
2818,88.4998153335,Re_88p499815,developing_periodic_shedding,periodic,train,1670.04794042,80
2819,88.4998153335,Re_88p499815,developing_periodic_shedding,periodic,train,1679.22402801,81
2820,88.4998153335,Re_88p499815,developing_periodic_shedding,periodic,train,1688.40011559,82
2821,88.4998153335,Re_88p499815,developing_periodic_shedding,periodic,train,1697.57620318,83
2822,88.4998153335,Re_88p499815,developing_periodic_shedding,periodic,train,1706.75229076,84
2823,88.4998153335,Re_88p499815,developing_periodic_shedding,periodic,train,1715.92837834,85
2824,88.4998153335,Re_88p499815,developing_periodic_shedding,periodic,train,1725.10446593,86
2825,88.4998153335,Re_88p499815,developing_periodic_shedding,periodic,train,1734.28055351,87
2826,88.4998153335,Re_88p499815,developing_periodic_shedding,periodic,train,1743.4566411,88
2827,88.4998153335,Re_88p499815,developing_periodic_shedding,periodic,train,1752.63272868,89
2828,88.4998153335,Re_88p499815,developing_periodic_shedding,periodic,train,1761.80881627,90
2829,88.4998153335,Re_88p499815,developing_periodic_shedding,periodic,train,1770.98490385,91
2830,88.4998153335,Re_88p499815,developing_periodic_shedding,periodic,train,1780.16099144,92
2831,88.4998153335,Re_88p499815,developing_periodic_shedding,periodic,train,1789.33707902,93
2832,88.4998153335,Re_88p499815,developing_periodic_shedding,periodic,train,1798.51316661,94
2833,88.4998153335,Re_88p499815,developing_periodic_shedding,periodic,train,1807.68925419,95
2834,88.4998153335,Re_88p499815,developing_periodic_shedding,periodic,train,1816.86534178,96
2835,88.4998153335,Re_88p499815,developing_periodic_shedding,periodic,train,1826.04142936,97
2836,88.4998153335,Re_88p499815,developing_periodic_shedding,periodic,train,1835.21751695,98
2837,88.4998153335,Re_88p499815,developing_periodic_shedding,periodic,train,1844.39360453,99
2838,88.4998153335,Re_88p499815,developing_periodic_shedding,periodic,train,1853.56969212,100
2839,88.4998153335,Re_88p499815,developing_periodic_shedding,periodic,train,1862.7457797,101
2840,88.4998153335,Re_88p499815,developing_periodic_shedding,periodic,train,1871.92186728,102
2841,88.4998153335,Re_88p499815,developing_periodic_shedding,periodic,train,1881.09795487,103
2842,88.4998153335,Re_88p499815,developing_periodic_shedding,periodic,train,1890.27404245,104
2843,88.4998153335,Re_88p499815,developing_periodic_shedding,periodic,train,1899.45013004,105
2844,88.4998153335,Re_88p499815,developing_periodic_shedding,periodic,train,1908.62621762,106
2845,88.4998153335,Re_88p499815,developing_periodic_shedding,periodic,train,1917.80230521,107
2846,88.4998153335,Re_88p499815,developing_periodic_shedding,periodic,train,1926.97839279,108
2847,88.4998153335,Re_88p499815,developing_periodic_shedding,periodic,train,1936.15448038,109
2848,88.4998153335,Re_88p499815,developing_periodic_shedding,periodic,train,1945.33056796,110
2849,88.4998153335,Re_88p499815,developing_periodic_shedding,periodic,train,1954.50665555,111
2850,88.4998153335,Re_88p499815,developing_periodic_shedding,periodic,train,1963.68274313,112
2851,88.4998153335,Re_88p499815,developing_periodic_shedding,periodic,train,1972.85883072,113
2852,88.4998153335,Re_88p499815,developing_periodic_shedding,periodic,train,1982.0349183,114
2853,88.4998153335,Re_88p499815,developing_periodic_shedding,periodic,train,1991.21100589,115
2854,88.4998153335,Re_88p499815,developing_periodic_shedding,periodic,train,2000.38709347,116
2855,88.4998153335,Re_88p499815,developing_periodic_shedding,periodic,train,2009.56318106,117
2856,88.4998153335,Re_88p499815,developing_periodic_shedding,periodic,train,2018.73926864,118
2857,88.4998153335,Re_88p499815,developing_periodic_shedding,periodic,train,2027.91535623,119
2858,88.4998153335,Re_88p499815,developing_periodic_shedding,periodic,train,2037.09144381,120
2859,88.4998153335,Re_88p499815,developing_periodic_shedding,periodic,train,2046.26753139,121
2860,88.4998153335,Re_88p499815,developing_periodic_shedding,periodic,train,2055.44361898,122
2861,88.4998153335,Re_88p499815,developing_periodic_shedding,periodic,train,2064.61970656,123
2862,88.4998153335,Re_88p499815,developing_periodic_shedding,periodic,train,2073.79579415,124
2863,88.4998153335,Re_88p499815,developing_periodic_shedding,periodic,train,2082.97188173,125
2864,88.4998153335,Re_88p499815,developing_periodic_shedding,periodic,train,2092.14796932,126
2865,88.4998153335,Re_88p499815,developing_periodic_shedding,periodic,train,2101.3240569,127
2866,88.4998153335,Re_88p499815,developing_periodic_shedding,periodic,train,2110.50014449,128
2867,88.4998153335,Re_88p499815,developing_periodic_shedding,periodic,train,2119.67623207,129
2868,88.4998153335,Re_88p499815,developing_periodic_shedding,periodic,train,2128.85231966,130
2869,88.4998153335,Re_88p499815,developing_periodic_shedding,periodic,train,2138.02840724,131
2870,88.4998153335,Re_88p499815,developing_periodic_shedding,periodic,train,2147.20449483,132
2871,88.4998153335,Re_88p499815,developing_periodic_shedding,periodic,train,2156.38058241,133
2872,88.4998153335,Re_88p499815,developing_periodic_shedding,periodic,train,2165.55667,134
2873,88.4998153335,Re_88p499815,developing_periodic_shedding,periodic,train,2174.73275758,135
2874,88.4998153335,Re_88p499815,developing_periodic_shedding,periodic,train,2183.90884517,136
2875,88.4998153335,Re_88p499815,developing_periodic_shedding,periodic,train,2193.08493275,137
2876,88.4998153335,Re_88p499815,developing_periodic_shedding,periodic,train,2202.26102034,138
2877,88.4998153335,Re_88p499815,developing_periodic_shedding,periodic,train,2211.43710792,139
2878,88.4998153335,Re_88p499815,developing_periodic_shedding,periodic,train,2220.6131955,140
2879,88.4998153335,Re_88p499815,developing_periodic_shedding,periodic,train,2229.78928309,141
2880,88.4998153335,Re_88p499815,developing_periodic_shedding,periodic,train,2238.96537067,142
2881,88.4998153335,Re_88p499815,developing_periodic_shedding,periodic,train,2248.14145826,143
2882,88.4998153335,Re_88p499815,developing_periodic_shedding,periodic,train,2257.31754584,144
2883,88.4998153335,Re_88p499815,developing_periodic_shedding,periodic,train,2266.49363343,145
2884,88.4998153335,Re_88p499815,developing_periodic_shedding,periodic,train,2275.66972101,146
2885,88.4998153335,Re_88p499815,developing_periodic_shedding,periodic,train,2284.8458086,147
2886,88.4998153335,Re_88p499815,developing_periodic_shedding,periodic,train,2294.02189618,148
2887,88.4998153335,Re_88p499815,developing_periodic_shedding,periodic,train,2303.19798377,149
2888,88.4998153335,Re_88p499815,developing_periodic_shedding,periodic,train,2312.37407135,150
2889,88.4998153335,Re_88p499815,developing_periodic_shedding,periodic,train,2321.55015894,151
2890,88.4998153335,Re_88p499815,developing_periodic_shedding,periodic,train,2330.72624652,152
2891,88.4998153335,Re_88p499815,developing_periodic_shedding,periodic,train,2339.90233411,153
2892,88.4998153335,Re_88p499815,developing_periodic_shedding,periodic,train,2349.07842169,154
2893,88.4998153335,Re_88p499815,developing_periodic_shedding,periodic,train,2358.25450928,155
2894,88.4998153335,Re_88p499815,developing_periodic_shedding,periodic,train,2367.43059686,156
2895,88.4998153335,Re_88p499815,developing_periodic_shedding,periodic,train,2376.60668445,157
2896,88.4998153335,Re_88p499815,developing_periodic_shedding,periodic,train,2385.78277203,158
2897,88.4998153335,Re_88p499815,developing_periodic_shedding,periodic,train,2394.95885961,159
2898,88.4998153335,Re_88p499815,developing_periodic_shedding,periodic,train,2404.1349472,160
2899,90.1473406471,Re_90p147341,developing_periodic_shedding,periodic,train,860.30302989,0
2900,90.1473406471,Re_90p147341,developing_periodic_shedding,periodic,train,869.26451978,1
2901,90.1473406471,Re_90p147341,developing_periodic_shedding,periodic,train,878.22600967,2
2902,90.1473406471,Re_90p147341,developing_periodic_shedding,periodic,train,887.18749957,3
2903,90.1473406471,Re_90p147341,developing_periodic_shedding,periodic,train,896.14898946,4
2904,90.1473406471,Re_90p147341,developing_periodic_shedding,periodic,train,905.11047936,5
2905,90.1473406471,Re_90p147341,developing_periodic_shedding,periodic,train,914.07196925,6
2906,90.1473406471,Re_90p147341,developing_periodic_shedding,periodic,train,923.03345915,7
2907,90.1473406471,Re_90p147341,developing_periodic_shedding,periodic,train,931.99494904,8
2908,90.1473406471,Re_90p147341,developing_periodic_shedding,periodic,train,940.95643894,9
2909,90.1473406471,Re_90p147341,developing_periodic_shedding,periodic,train,949.91792883,10
2910,90.1473406471,Re_90p147341,developing_periodic_shedding,periodic,train,958.87941873,11
2911,90.1473406471,Re_90p147341,developing_periodic_shedding,periodic,train,967.84090862,12
2912,90.1473406471,Re_90p147341,developing_periodic_shedding,periodic,train,976.80239852,13
2913,90.1473406471,Re_90p147341,developing_periodic_shedding,periodic,train,985.76388841,14
2914,90.1473406471,Re_90p147341,developing_periodic_shedding,periodic,train,994.72537831,15
2915,90.1473406471,Re_90p147341,developing_periodic_shedding,periodic,train,1003.6868682,16
2916,90.1473406471,Re_90p147341,developing_periodic_shedding,periodic,train,1012.64835809,17
2917,90.1473406471,Re_90p147341,developing_periodic_shedding,periodic,train,1021.60984799,18
2918,90.1473406471,Re_90p147341,developing_periodic_shedding,periodic,train,1030.57133788,19
2919,90.1473406471,Re_90p147341,developing_periodic_shedding,periodic,train,1039.53282778,20
2920,90.1473406471,Re_90p147341,developing_periodic_shedding,periodic,train,1048.49431767,21
2921,90.1473406471,Re_90p147341,developing_periodic_shedding,periodic,train,1057.45580757,22
2922,90.1473406471,Re_90p147341,developing_periodic_shedding,periodic,train,1066.41729746,23
2923,90.1473406471,Re_90p147341,developing_periodic_shedding,periodic,train,1075.37878736,24
2924,90.1473406471,Re_90p147341,developing_periodic_shedding,periodic,train,1084.34027725,25
2925,90.1473406471,Re_90p147341,developing_periodic_shedding,periodic,train,1093.30176715,26
2926,90.1473406471,Re_90p147341,developing_periodic_shedding,periodic,train,1102.26325704,27
2927,90.1473406471,Re_90p147341,developing_periodic_shedding,periodic,train,1111.22474694,28
2928,90.1473406471,Re_90p147341,developing_periodic_shedding,periodic,train,1120.18623683,29
2929,90.1473406471,Re_90p147341,developing_periodic_shedding,periodic,train,1129.14772672,30
2930,90.1473406471,Re_90p147341,developing_periodic_shedding,periodic,train,1138.10921662,31
2931,90.1473406471,Re_90p147341,developing_periodic_shedding,periodic,train,1147.07070651,32
2932,90.1473406471,Re_90p147341,developing_periodic_shedding,periodic,train,1156.03219641,33
2933,90.1473406471,Re_90p147341,developing_periodic_shedding,periodic,train,1164.9936863,34
2934,90.1473406471,Re_90p147341,developing_periodic_shedding,periodic,train,1173.9551762,35
2935,90.1473406471,Re_90p147341,developing_periodic_shedding,periodic,train,1182.91666609,36
2936,90.1473406471,Re_90p147341,developing_periodic_shedding,periodic,train,1191.87815599,37
2937,90.1473406471,Re_90p147341,developing_periodic_shedding,periodic,train,1200.83964588,38
2938,90.1473406471,Re_90p147341,developing_periodic_shedding,periodic,train,1209.80113578,39
2939,90.1473406471,Re_90p147341,developing_periodic_shedding,periodic,train,1218.76262567,40
2940,90.1473406471,Re_90p147341,developing_periodic_shedding,periodic,train,1227.72411557,41
2941,90.1473406471,Re_90p147341,developing_periodic_shedding,periodic,train,1236.68560546,42
2942,90.1473406471,Re_90p147341,developing_periodic_shedding,periodic,train,1245.64709535,43
2943,90.1473406471,Re_90p147341,developing_periodic_shedding,periodic,train,1254.60858525,44
2944,90.1473406471,Re_90p147341,developing_periodic_shedding,periodic,train,1263.57007514,45
2945,90.1473406471,Re_90p147341,developing_periodic_shedding,periodic,train,1272.53156504,46
2946,90.1473406471,Re_90p147341,developing_periodic_shedding,periodic,train,1281.49305493,47
2947,90.1473406471,Re_90p147341,developing_periodic_shedding,periodic,train,1290.45454483,48
2948,90.1473406471,Re_90p147341,developing_periodic_shedding,periodic,train,1299.41603472,49
2949,90.1473406471,Re_90p147341,developing_periodic_shedding,periodic,train,1308.37752462,50
2950,90.1473406471,Re_90p147341,developing_periodic_shedding,periodic,train,1317.33901451,51
2951,90.1473406471,Re_90p147341,developing_periodic_shedding,periodic,train,1326.30050441,52
2952,90.1473406471,Re_90p147341,developing_periodic_shedding,periodic,train,1335.2619943,53
2953,90.1473406471,Re_90p147341,developing_periodic_shedding,periodic,train,1344.2234842,54
2954,90.1473406471,Re_90p147341,developing_periodic_shedding,periodic,train,1353.18497409,55
2955,90.1473406471,Re_90p147341,developing_periodic_shedding,periodic,train,1362.14646399,56
2956,90.1473406471,Re_90p147341,developing_periodic_shedding,periodic,train,1371.10795388,57
2957,90.1473406471,Re_90p147341,developing_periodic_shedding,periodic,train,1380.06944377,58
2958,90.1473406471,Re_90p147341,developing_periodic_shedding,periodic,train,1389.03093367,59
2959,90.1473406471,Re_90p147341,developing_periodic_shedding,periodic,train,1397.99242356,60
2960,90.1473406471,Re_90p147341,developing_periodic_shedding,periodic,train,1406.95391346,61
2961,90.1473406471,Re_90p147341,developing_periodic_shedding,periodic,train,1415.91540335,62
2962,90.1473406471,Re_90p147341,developing_periodic_shedding,periodic,train,1424.87689325,63
2963,90.1473406471,Re_90p147341,developing_periodic_shedding,periodic,train,1433.83838314,64
2964,90.1473406471,Re_90p147341,developing_periodic_shedding,periodic,train,1442.79987304,65
2965,90.1473406471,Re_90p147341,developing_periodic_shedding,periodic,train,1451.76136293,66
2966,90.1473406471,Re_90p147341,developing_periodic_shedding,periodic,train,1460.72285283,67
2967,90.1473406471,Re_90p147341,developing_periodic_shedding,periodic,train,1469.68434272,68
2968,90.1473406471,Re_90p147341,developing_periodic_shedding,periodic,train,1478.64583262,69
2969,90.1473406471,Re_90p147341,developing_periodic_shedding,periodic,train,1487.60732251,70
2970,90.1473406471,Re_90p147341,developing_periodic_shedding,periodic,train,1496.5688124,71
2971,90.1473406471,Re_90p147341,developing_periodic_shedding,periodic,train,1505.5303023,72
2972,90.1473406471,Re_90p147341,developing_periodic_shedding,periodic,train,1514.49179219,73
2973,90.1473406471,Re_90p147341,developing_periodic_shedding,periodic,train,1523.45328209,74
2974,90.1473406471,Re_90p147341,developing_periodic_shedding,periodic,train,1532.41477198,75
2975,90.1473406471,Re_90p147341,developing_periodic_shedding,periodic,train,1541.37626188,76
2976,90.1473406471,Re_90p147341,developing_periodic_shedding,periodic,train,1550.33775177,77
2977,90.1473406471,Re_90p147341,developing_periodic_shedding,periodic,train,1559.29924167,78
2978,90.1473406471,Re_90p147341,developing_periodic_shedding,periodic,train,1568.26073156,79
2979,90.1473406471,Re_90p147341,developing_periodic_shedding,periodic,train,1577.22222146,80
2980,90.1473406471,Re_90p147341,developing_periodic_shedding,periodic,train,1586.18371135,81
2981,90.1473406471,Re_90p147341,developing_periodic_shedding,periodic,train,1595.14520125,82
2982,90.1473406471,Re_90p147341,developing_periodic_shedding,periodic,train,1604.10669114,83
2983,90.1473406471,Re_90p147341,developing_periodic_shedding,periodic,train,1613.06818104,84
2984,90.1473406471,Re_90p147341,developing_periodic_shedding,periodic,train,1622.02967093,85
2985,90.1473406471,Re_90p147341,developing_periodic_shedding,periodic,train,1630.99116082,86
2986,90.1473406471,Re_90p147341,developing_periodic_shedding,periodic,train,1639.95265072,87
2987,90.1473406471,Re_90p147341,developing_periodic_shedding,periodic,train,1648.91414061,88
2988,90.1473406471,Re_90p147341,developing_periodic_shedding,periodic,train,1657.87563051,89
2989,90.1473406471,Re_90p147341,developing_periodic_shedding,periodic,train,1666.8371204,90
2990,90.1473406471,Re_90p147341,developing_periodic_shedding,periodic,train,1675.7986103,91
2991,90.1473406471,Re_90p147341,developing_periodic_shedding,periodic,train,1684.76010019,92
2992,90.1473406471,Re_90p147341,developing_periodic_shedding,periodic,train,1693.72159009,93
2993,90.1473406471,Re_90p147341,developing_periodic_shedding,periodic,train,1702.68307998,94
2994,90.1473406471,Re_90p147341,developing_periodic_shedding,periodic,train,1711.64456988,95
2995,90.1473406471,Re_90p147341,developing_periodic_shedding,periodic,train,1720.60605977,96
2996,90.1473406471,Re_90p147341,developing_periodic_shedding,periodic,train,1729.56754967,97
2997,90.1473406471,Re_90p147341,developing_periodic_shedding,periodic,train,1738.52903956,98
2998,90.1473406471,Re_90p147341,developing_periodic_shedding,periodic,train,1747.49052945,99
2999,90.1473406471,Re_90p147341,developing_periodic_shedding,periodic,train,1756.45201935,100
3000,90.1473406471,Re_90p147341,developing_periodic_shedding,periodic,train,1765.41350924,101
3001,90.1473406471,Re_90p147341,developing_periodic_shedding,periodic,train,1774.37499914,102
3002,90.1473406471,Re_90p147341,developing_periodic_shedding,periodic,train,1783.33648903,103
3003,90.1473406471,Re_90p147341,developing_periodic_shedding,periodic,train,1792.29797893,104
3004,90.1473406471,Re_90p147341,developing_periodic_shedding,periodic,train,1801.25946882,105
3005,90.1473406471,Re_90p147341,developing_periodic_shedding,periodic,train,1810.22095872,106
3006,90.1473406471,Re_90p147341,developing_periodic_shedding,periodic,train,1819.18244861,107
3007,90.1473406471,Re_90p147341,developing_periodic_shedding,periodic,train,1828.14393851,108
3008,90.1473406471,Re_90p147341,developing_periodic_shedding,periodic,train,1837.1054284,109
3009,90.1473406471,Re_90p147341,developing_periodic_shedding,periodic,train,1846.0669183,110
3010,90.1473406471,Re_90p147341,developing_periodic_shedding,periodic,train,1855.02840819,111
3011,90.1473406471,Re_90p147341,developing_periodic_shedding,periodic,train,1863.98989809,112
3012,90.1473406471,Re_90p147341,developing_periodic_shedding,periodic,train,1872.95138798,113
3013,90.1473406471,Re_90p147341,developing_periodic_shedding,periodic,train,1881.91287787,114
3014,90.1473406471,Re_90p147341,developing_periodic_shedding,periodic,train,1890.87436777,115
3015,90.1473406471,Re_90p147341,developing_periodic_shedding,periodic,train,1899.83585766,116
3016,90.1473406471,Re_90p147341,developing_periodic_shedding,periodic,train,1908.79734756,117
3017,90.1473406471,Re_90p147341,developing_periodic_shedding,periodic,train,1917.75883745,118
3018,90.1473406471,Re_90p147341,developing_periodic_shedding,periodic,train,1926.72032735,119
3019,90.1473406471,Re_90p147341,developing_periodic_shedding,periodic,train,1935.68181724,120
3020,90.1473406471,Re_90p147341,developing_periodic_shedding,periodic,train,1944.64330714,121
3021,90.1473406471,Re_90p147341,developing_periodic_shedding,periodic,train,1953.60479703,122
3022,90.1473406471,Re_90p147341,developing_periodic_shedding,periodic,train,1962.56628693,123
3023,90.1473406471,Re_90p147341,developing_periodic_shedding,periodic,train,1971.52777682,124
3024,90.1473406471,Re_90p147341,developing_periodic_shedding,periodic,train,1980.48926672,125
3025,90.1473406471,Re_90p147341,developing_periodic_shedding,periodic,train,1989.45075661,126
3026,90.1473406471,Re_90p147341,developing_periodic_shedding,periodic,train,1998.4122465,127
3027,90.1473406471,Re_90p147341,developing_periodic_shedding,periodic,train,2007.3737364,128
3028,90.1473406471,Re_90p147341,developing_periodic_shedding,periodic,train,2016.33522629,129
3029,90.1473406471,Re_90p147341,developing_periodic_shedding,periodic,train,2025.29671619,130
3030,90.1473406471,Re_90p147341,developing_periodic_shedding,periodic,train,2034.25820608,131
3031,90.1473406471,Re_90p147341,developing_periodic_shedding,periodic,train,2043.21969598,132
3032,90.1473406471,Re_90p147341,developing_periodic_shedding,periodic,train,2052.18118587,133
3033,90.1473406471,Re_90p147341,developing_periodic_shedding,periodic,train,2061.14267577,134
3034,90.1473406471,Re_90p147341,developing_periodic_shedding,periodic,train,2070.10416566,135
3035,90.1473406471,Re_90p147341,developing_periodic_shedding,periodic,train,2079.06565556,136
3036,90.1473406471,Re_90p147341,developing_periodic_shedding,periodic,train,2088.02714545,137
3037,90.1473406471,Re_90p147341,developing_periodic_shedding,periodic,train,2096.98863535,138
3038,90.1473406471,Re_90p147341,developing_periodic_shedding,periodic,train,2105.95012524,139
3039,90.1473406471,Re_90p147341,developing_periodic_shedding,periodic,train,2114.91161514,140
3040,90.1473406471,Re_90p147341,developing_periodic_shedding,periodic,train,2123.87310503,141
3041,90.1473406471,Re_90p147341,developing_periodic_shedding,periodic,train,2132.83459492,142
3042,90.1473406471,Re_90p147341,developing_periodic_shedding,periodic,train,2141.79608482,143
3043,90.1473406471,Re_90p147341,developing_periodic_shedding,periodic,train,2150.75757471,144
3044,90.1473406471,Re_90p147341,developing_periodic_shedding,periodic,train,2159.71906461,145
3045,90.1473406471,Re_90p147341,developing_periodic_shedding,periodic,train,2168.6805545,146
3046,90.1473406471,Re_90p147341,developing_periodic_shedding,periodic,train,2177.6420444,147
3047,90.1473406471,Re_90p147341,developing_periodic_shedding,periodic,train,2186.60353429,148
3048,90.1473406471,Re_90p147341,developing_periodic_shedding,periodic,train,2195.56502419,149
3049,90.1473406471,Re_90p147341,developing_periodic_shedding,periodic,train,2204.52651408,150
3050,90.1473406471,Re_90p147341,developing_periodic_shedding,periodic,train,2213.48800398,151
3051,90.1473406471,Re_90p147341,developing_periodic_shedding,periodic,train,2222.44949387,152
3052,90.1473406471,Re_90p147341,developing_periodic_shedding,periodic,train,2231.41098377,153
3053,90.1473406471,Re_90p147341,developing_periodic_shedding,periodic,train,2240.37247366,154
3054,90.1473406471,Re_90p147341,developing_periodic_shedding,periodic,train,2249.33396355,155
3055,90.1473406471,Re_90p147341,developing_periodic_shedding,periodic,train,2258.29545345,156
3056,90.1473406471,Re_90p147341,developing_periodic_shedding,periodic,train,2267.25694334,157
3057,90.1473406471,Re_90p147341,developing_periodic_shedding,periodic,train,2276.21843324,158
3058,90.1473406471,Re_90p147341,developing_periodic_shedding,periodic,train,2285.17992313,159
3059,90.1473406471,Re_90p147341,developing_periodic_shedding,periodic,train,2294.14141303,160
3060,91.792204085,Re_91p792204,developing_periodic_shedding,periodic,validation,840.67426396,0
3061,91.792204085,Re_91p792204,developing_periodic_shedding,periodic,validation,849.43128754,1
3062,91.792204085,Re_91p792204,developing_periodic_shedding,periodic,validation,858.18831112,2
3063,91.792204085,Re_91p792204,developing_periodic_shedding,periodic,validation,866.9453347,3
3064,91.792204085,Re_91p792204,developing_periodic_shedding,periodic,validation,875.70235829,4
3065,91.792204085,Re_91p792204,developing_periodic_shedding,periodic,validation,884.45938187,5
3066,91.792204085,Re_91p792204,developing_periodic_shedding,periodic,validation,893.21640545,6
3067,91.792204085,Re_91p792204,developing_periodic_shedding,periodic,validation,901.97342904,7
3068,91.792204085,Re_91p792204,developing_periodic_shedding,periodic,validation,910.73045262,8
3069,91.792204085,Re_91p792204,developing_periodic_shedding,periodic,validation,919.4874762,9
3070,91.792204085,Re_91p792204,developing_periodic_shedding,periodic,validation,928.24449978,10
3071,91.792204085,Re_91p792204,developing_periodic_shedding,periodic,validation,937.00152337,11
3072,91.792204085,Re_91p792204,developing_periodic_shedding,periodic,validation,945.75854695,12
3073,91.792204085,Re_91p792204,developing_periodic_shedding,periodic,validation,954.51557053,13
3074,91.792204085,Re_91p792204,developing_periodic_shedding,periodic,validation,963.27259412,14
3075,91.792204085,Re_91p792204,developing_periodic_shedding,periodic,validation,972.0296177,15
3076,91.792204085,Re_91p792204,developing_periodic_shedding,periodic,validation,980.78664128,16
3077,91.792204085,Re_91p792204,developing_periodic_shedding,periodic,validation,989.54366486,17
3078,91.792204085,Re_91p792204,developing_periodic_shedding,periodic,validation,998.30068845,18
3079,91.792204085,Re_91p792204,developing_periodic_shedding,periodic,validation,1007.05771203,19
3080,91.792204085,Re_91p792204,developing_periodic_shedding,periodic,validation,1015.81473561,20
3081,91.792204085,Re_91p792204,developing_periodic_shedding,periodic,validation,1024.5717592,21
3082,91.792204085,Re_91p792204,developing_periodic_shedding,periodic,validation,1033.32878278,22
3083,91.792204085,Re_91p792204,developing_periodic_shedding,periodic,validation,1042.08580636,23
3084,91.792204085,Re_91p792204,developing_periodic_shedding,periodic,validation,1050.84282994,24
3085,91.792204085,Re_91p792204,developing_periodic_shedding,periodic,validation,1059.59985353,25
3086,91.792204085,Re_91p792204,developing_periodic_shedding,periodic,validation,1068.35687711,26
3087,91.792204085,Re_91p792204,developing_periodic_shedding,periodic,validation,1077.11390069,27
3088,91.792204085,Re_91p792204,developing_periodic_shedding,periodic,validation,1085.87092428,28
3089,91.792204085,Re_91p792204,developing_periodic_shedding,periodic,validation,1094.62794786,29
3090,91.792204085,Re_91p792204,developing_periodic_shedding,periodic,validation,1103.38497144,30
3091,91.792204085,Re_91p792204,developing_periodic_shedding,periodic,validation,1112.14199502,31
3092,91.792204085,Re_91p792204,developing_periodic_shedding,periodic,validation,1120.89901861,32
3093,91.792204085,Re_91p792204,developing_periodic_shedding,periodic,validation,1129.65604219,33
3094,91.792204085,Re_91p792204,developing_periodic_shedding,periodic,validation,1138.41306577,34
3095,91.792204085,Re_91p792204,developing_periodic_shedding,periodic,validation,1147.17008936,35
3096,91.792204085,Re_91p792204,developing_periodic_shedding,periodic,validation,1155.92711294,36
3097,91.792204085,Re_91p792204,developing_periodic_shedding,periodic,validation,1164.68413652,37
3098,91.792204085,Re_91p792204,developing_periodic_shedding,periodic,validation,1173.4411601,38
3099,91.792204085,Re_91p792204,developing_periodic_shedding,periodic,validation,1182.19818369,39
3100,91.792204085,Re_91p792204,developing_periodic_shedding,periodic,validation,1190.95520727,40
3101,91.792204085,Re_91p792204,developing_periodic_shedding,periodic,validation,1199.71223085,41
3102,91.792204085,Re_91p792204,developing_periodic_shedding,periodic,validation,1208.46925444,42
3103,91.792204085,Re_91p792204,developing_periodic_shedding,periodic,validation,1217.22627802,43
3104,91.792204085,Re_91p792204,developing_periodic_shedding,periodic,validation,1225.9833016,44
3105,91.792204085,Re_91p792204,developing_periodic_shedding,periodic,validation,1234.74032518,45
3106,91.792204085,Re_91p792204,developing_periodic_shedding,periodic,validation,1243.49734877,46
3107,91.792204085,Re_91p792204,developing_periodic_shedding,periodic,validation,1252.25437235,47
3108,91.792204085,Re_91p792204,developing_periodic_shedding,periodic,validation,1261.01139593,48
3109,91.792204085,Re_91p792204,developing_periodic_shedding,periodic,validation,1269.76841952,49
3110,91.792204085,Re_91p792204,developing_periodic_shedding,periodic,validation,1278.5254431,50
3111,91.792204085,Re_91p792204,developing_periodic_shedding,periodic,validation,1287.28246668,51
3112,91.792204085,Re_91p792204,developing_periodic_shedding,periodic,validation,1296.03949026,52
3113,91.792204085,Re_91p792204,developing_periodic_shedding,periodic,validation,1304.79651385,53
3114,91.792204085,Re_91p792204,developing_periodic_shedding,periodic,validation,1313.55353743,54
3115,91.792204085,Re_91p792204,developing_periodic_shedding,periodic,validation,1322.31056101,55
3116,91.792204085,Re_91p792204,developing_periodic_shedding,periodic,validation,1331.0675846,56
3117,91.792204085,Re_91p792204,developing_periodic_shedding,periodic,validation,1339.82460818,57
3118,91.792204085,Re_91p792204,developing_periodic_shedding,periodic,validation,1348.58163176,58
3119,91.792204085,Re_91p792204,developing_periodic_shedding,periodic,validation,1357.33865534,59
3120,91.792204085,Re_91p792204,developing_periodic_shedding,periodic,validation,1366.09567893,60
3121,91.792204085,Re_91p792204,developing_periodic_shedding,periodic,validation,1374.85270251,61
3122,91.792204085,Re_91p792204,developing_periodic_shedding,periodic,validation,1383.60972609,62
3123,91.792204085,Re_91p792204,developing_periodic_shedding,periodic,validation,1392.36674968,63
3124,91.792204085,Re_91p792204,developing_periodic_shedding,periodic,validation,1401.12377326,64
3125,91.792204085,Re_91p792204,developing_periodic_shedding,periodic,validation,1409.88079684,65
3126,91.792204085,Re_91p792204,developing_periodic_shedding,periodic,validation,1418.63782042,66
3127,91.792204085,Re_91p792204,developing_periodic_shedding,periodic,validation,1427.39484401,67
3128,91.792204085,Re_91p792204,developing_periodic_shedding,periodic,validation,1436.15186759,68
3129,91.792204085,Re_91p792204,developing_periodic_shedding,periodic,validation,1444.90889117,69
3130,91.792204085,Re_91p792204,developing_periodic_shedding,periodic,validation,1453.66591476,70
3131,91.792204085,Re_91p792204,developing_periodic_shedding,periodic,validation,1462.42293834,71
3132,91.792204085,Re_91p792204,developing_periodic_shedding,periodic,validation,1471.17996192,72
3133,91.792204085,Re_91p792204,developing_periodic_shedding,periodic,validation,1479.93698551,73
3134,91.792204085,Re_91p792204,developing_periodic_shedding,periodic,validation,1488.69400909,74
3135,91.792204085,Re_91p792204,developing_periodic_shedding,periodic,validation,1497.45103267,75
3136,91.792204085,Re_91p792204,developing_periodic_shedding,periodic,validation,1506.20805625,76
3137,91.792204085,Re_91p792204,developing_periodic_shedding,periodic,validation,1514.96507984,77
3138,91.792204085,Re_91p792204,developing_periodic_shedding,periodic,validation,1523.72210342,78
3139,91.792204085,Re_91p792204,developing_periodic_shedding,periodic,validation,1532.479127,79
3140,91.792204085,Re_91p792204,developing_periodic_shedding,periodic,validation,1541.23615059,80
3141,91.792204085,Re_91p792204,developing_periodic_shedding,periodic,validation,1549.99317417,81
3142,91.792204085,Re_91p792204,developing_periodic_shedding,periodic,validation,1558.75019775,82
3143,91.792204085,Re_91p792204,developing_periodic_shedding,periodic,validation,1567.50722133,83
3144,91.792204085,Re_91p792204,developing_periodic_shedding,periodic,validation,1576.26424492,84
3145,91.792204085,Re_91p792204,developing_periodic_shedding,periodic,validation,1585.0212685,85
3146,91.792204085,Re_91p792204,developing_periodic_shedding,periodic,validation,1593.77829208,86
3147,91.792204085,Re_91p792204,developing_periodic_shedding,periodic,validation,1602.53531567,87
3148,91.792204085,Re_91p792204,developing_periodic_shedding,periodic,validation,1611.29233925,88
3149,91.792204085,Re_91p792204,developing_periodic_shedding,periodic,validation,1620.04936283,89
3150,91.792204085,Re_91p792204,developing_periodic_shedding,periodic,validation,1628.80638641,90
3151,91.792204085,Re_91p792204,developing_periodic_shedding,periodic,validation,1637.56341,91
3152,91.792204085,Re_91p792204,developing_periodic_shedding,periodic,validation,1646.32043358,92
3153,91.792204085,Re_91p792204,developing_periodic_shedding,periodic,validation,1655.07745716,93
3154,91.792204085,Re_91p792204,developing_periodic_shedding,periodic,validation,1663.83448075,94
3155,91.792204085,Re_91p792204,developing_periodic_shedding,periodic,validation,1672.59150433,95
3156,91.792204085,Re_91p792204,developing_periodic_shedding,periodic,validation,1681.34852791,96
3157,91.792204085,Re_91p792204,developing_periodic_shedding,periodic,validation,1690.10555149,97
3158,91.792204085,Re_91p792204,developing_periodic_shedding,periodic,validation,1698.86257508,98
3159,91.792204085,Re_91p792204,developing_periodic_shedding,periodic,validation,1707.61959866,99
3160,91.792204085,Re_91p792204,developing_periodic_shedding,periodic,validation,1716.37662224,100
3161,91.792204085,Re_91p792204,developing_periodic_shedding,periodic,validation,1725.13364583,101
3162,91.792204085,Re_91p792204,developing_periodic_shedding,periodic,validation,1733.89066941,102
3163,91.792204085,Re_91p792204,developing_periodic_shedding,periodic,validation,1742.64769299,103
3164,91.792204085,Re_91p792204,developing_periodic_shedding,periodic,validation,1751.40471657,104
3165,91.792204085,Re_91p792204,developing_periodic_shedding,periodic,validation,1760.16174016,105
3166,91.792204085,Re_91p792204,developing_periodic_shedding,periodic,validation,1768.91876374,106
3167,91.792204085,Re_91p792204,developing_periodic_shedding,periodic,validation,1777.67578732,107
3168,91.792204085,Re_91p792204,developing_periodic_shedding,periodic,validation,1786.43281091,108
3169,91.792204085,Re_91p792204,developing_periodic_shedding,periodic,validation,1795.18983449,109
3170,91.792204085,Re_91p792204,developing_periodic_shedding,periodic,validation,1803.94685807,110
3171,91.792204085,Re_91p792204,developing_periodic_shedding,periodic,validation,1812.70388165,111
3172,91.792204085,Re_91p792204,developing_periodic_shedding,periodic,validation,1821.46090524,112
3173,91.792204085,Re_91p792204,developing_periodic_shedding,periodic,validation,1830.21792882,113
3174,91.792204085,Re_91p792204,developing_periodic_shedding,periodic,validation,1838.9749524,114
3175,91.792204085,Re_91p792204,developing_periodic_shedding,periodic,validation,1847.73197599,115
3176,91.792204085,Re_91p792204,developing_periodic_shedding,periodic,validation,1856.48899957,116
3177,91.792204085,Re_91p792204,developing_periodic_shedding,periodic,validation,1865.24602315,117
3178,91.792204085,Re_91p792204,developing_periodic_shedding,periodic,validation,1874.00304673,118
3179,91.792204085,Re_91p792204,developing_periodic_shedding,periodic,validation,1882.76007032,119
3180,91.792204085,Re_91p792204,developing_periodic_shedding,periodic,validation,1891.5170939,120
3181,91.792204085,Re_91p792204,developing_periodic_shedding,periodic,validation,1900.27411748,121
3182,91.792204085,Re_91p792204,developing_periodic_shedding,periodic,validation,1909.03114107,122
3183,91.792204085,Re_91p792204,developing_periodic_shedding,periodic,validation,1917.78816465,123
3184,91.792204085,Re_91p792204,developing_periodic_shedding,periodic,validation,1926.54518823,124
3185,91.792204085,Re_91p792204,developing_periodic_shedding,periodic,validation,1935.30221181,125
3186,91.792204085,Re_91p792204,developing_periodic_shedding,periodic,validation,1944.0592354,126
3187,91.792204085,Re_91p792204,developing_periodic_shedding,periodic,validation,1952.81625898,127
3188,91.792204085,Re_91p792204,developing_periodic_shedding,periodic,validation,1961.57328256,128
3189,91.792204085,Re_91p792204,developing_periodic_shedding,periodic,validation,1970.33030615,129
3190,91.792204085,Re_91p792204,developing_periodic_shedding,periodic,validation,1979.08732973,130
3191,91.792204085,Re_91p792204,developing_periodic_shedding,periodic,validation,1987.84435331,131
3192,91.792204085,Re_91p792204,developing_periodic_shedding,periodic,validation,1996.60137689,132
3193,91.792204085,Re_91p792204,developing_periodic_shedding,periodic,validation,2005.35840048,133
3194,91.792204085,Re_91p792204,developing_periodic_shedding,periodic,validation,2014.11542406,134
3195,91.792204085,Re_91p792204,developing_periodic_shedding,periodic,validation,2022.87244764,135
3196,91.792204085,Re_91p792204,developing_periodic_shedding,periodic,validation,2031.62947123,136
3197,91.792204085,Re_91p792204,developing_periodic_shedding,periodic,validation,2040.38649481,137
3198,91.792204085,Re_91p792204,developing_periodic_shedding,periodic,validation,2049.14351839,138
3199,91.792204085,Re_91p792204,developing_periodic_shedding,periodic,validation,2057.90054197,139
3200,91.792204085,Re_91p792204,developing_periodic_shedding,periodic,validation,2066.65756556,140
3201,91.792204085,Re_91p792204,developing_periodic_shedding,periodic,validation,2075.41458914,141
3202,91.792204085,Re_91p792204,developing_periodic_shedding,periodic,validation,2084.17161272,142
3203,91.792204085,Re_91p792204,developing_periodic_shedding,periodic,validation,2092.92863631,143
3204,91.792204085,Re_91p792204,developing_periodic_shedding,periodic,validation,2101.68565989,144
3205,91.792204085,Re_91p792204,developing_periodic_shedding,periodic,validation,2110.44268347,145
3206,91.792204085,Re_91p792204,developing_periodic_shedding,periodic,validation,2119.19970705,146
3207,91.792204085,Re_91p792204,developing_periodic_shedding,periodic,validation,2127.95673064,147
3208,91.792204085,Re_91p792204,developing_periodic_shedding,periodic,validation,2136.71375422,148
3209,91.792204085,Re_91p792204,developing_periodic_shedding,periodic,validation,2145.4707778,149
3210,91.792204085,Re_91p792204,developing_periodic_shedding,periodic,validation,2154.22780139,150
3211,91.792204085,Re_91p792204,developing_periodic_shedding,periodic,validation,2162.98482497,151
3212,91.792204085,Re_91p792204,developing_periodic_shedding,periodic,validation,2171.74184855,152
3213,91.792204085,Re_91p792204,developing_periodic_shedding,periodic,validation,2180.49887213,153
3214,91.792204085,Re_91p792204,developing_periodic_shedding,periodic,validation,2189.25589572,154
3215,91.792204085,Re_91p792204,developing_periodic_shedding,periodic,validation,2198.0129193,155
3216,91.792204085,Re_91p792204,developing_periodic_shedding,periodic,validation,2206.76994288,156
3217,91.792204085,Re_91p792204,developing_periodic_shedding,periodic,validation,2215.52696647,157
3218,91.792204085,Re_91p792204,developing_periodic_shedding,periodic,validation,2224.28399005,158
3219,91.792204085,Re_91p792204,developing_periodic_shedding,periodic,validation,2233.04101363,159
3220,91.792204085,Re_91p792204,developing_periodic_shedding,periodic,validation,2241.79803721,160
3221,93.4352043333,Re_93p435204,developing_periodic_shedding,periodic,train,821.94199032,0
3222,93.4352043333,Re_93p435204,developing_periodic_shedding,periodic,train,830.50388605,1
3223,93.4352043333,Re_93p435204,developing_periodic_shedding,periodic,train,839.06578178,2
3224,93.4352043333,Re_93p435204,developing_periodic_shedding,periodic,train,847.62767751,3
3225,93.4352043333,Re_93p435204,developing_periodic_shedding,periodic,train,856.18957324,4
3226,93.4352043333,Re_93p435204,developing_periodic_shedding,periodic,train,864.75146898,5
3227,93.4352043333,Re_93p435204,developing_periodic_shedding,periodic,train,873.31336471,6
3228,93.4352043333,Re_93p435204,developing_periodic_shedding,periodic,train,881.87526044,7
3229,93.4352043333,Re_93p435204,developing_periodic_shedding,periodic,train,890.43715617,8
3230,93.4352043333,Re_93p435204,developing_periodic_shedding,periodic,train,898.99905191,9
3231,93.4352043333,Re_93p435204,developing_periodic_shedding,periodic,train,907.56094764,10
3232,93.4352043333,Re_93p435204,developing_periodic_shedding,periodic,train,916.12284337,11
3233,93.4352043333,Re_93p435204,developing_periodic_shedding,periodic,train,924.6847391,12
3234,93.4352043333,Re_93p435204,developing_periodic_shedding,periodic,train,933.24663484,13
3235,93.4352043333,Re_93p435204,developing_periodic_shedding,periodic,train,941.80853057,14
3236,93.4352043333,Re_93p435204,developing_periodic_shedding,periodic,train,950.3704263,15
3237,93.4352043333,Re_93p435204,developing_periodic_shedding,periodic,train,958.93232203,16
3238,93.4352043333,Re_93p435204,developing_periodic_shedding,periodic,train,967.49421777,17
3239,93.4352043333,Re_93p435204,developing_periodic_shedding,periodic,train,976.0561135,18
3240,93.4352043333,Re_93p435204,developing_periodic_shedding,periodic,train,984.61800923,19
3241,93.4352043333,Re_93p435204,developing_periodic_shedding,periodic,train,993.17990496,20
3242,93.4352043333,Re_93p435204,developing_periodic_shedding,periodic,train,1001.7418007,21
3243,93.4352043333,Re_93p435204,developing_periodic_shedding,periodic,train,1010.30369643,22
3244,93.4352043333,Re_93p435204,developing_periodic_shedding,periodic,train,1018.86559216,23
3245,93.4352043333,Re_93p435204,developing_periodic_shedding,periodic,train,1027.42748789,24
3246,93.4352043333,Re_93p435204,developing_periodic_shedding,periodic,train,1035.98938363,25
3247,93.4352043333,Re_93p435204,developing_periodic_shedding,periodic,train,1044.55127936,26
3248,93.4352043333,Re_93p435204,developing_periodic_shedding,periodic,train,1053.11317509,27
3249,93.4352043333,Re_93p435204,developing_periodic_shedding,periodic,train,1061.67507082,28
3250,93.4352043333,Re_93p435204,developing_periodic_shedding,periodic,train,1070.23696656,29
3251,93.4352043333,Re_93p435204,developing_periodic_shedding,periodic,train,1078.79886229,30
3252,93.4352043333,Re_93p435204,developing_periodic_shedding,periodic,train,1087.36075802,31
3253,93.4352043333,Re_93p435204,developing_periodic_shedding,periodic,train,1095.92265375,32
3254,93.4352043333,Re_93p435204,developing_periodic_shedding,periodic,train,1104.48454949,33
3255,93.4352043333,Re_93p435204,developing_periodic_shedding,periodic,train,1113.04644522,34
3256,93.4352043333,Re_93p435204,developing_periodic_shedding,periodic,train,1121.60834095,35
3257,93.4352043333,Re_93p435204,developing_periodic_shedding,periodic,train,1130.17023668,36
3258,93.4352043333,Re_93p435204,developing_periodic_shedding,periodic,train,1138.73213242,37
3259,93.4352043333,Re_93p435204,developing_periodic_shedding,periodic,train,1147.29402815,38
3260,93.4352043333,Re_93p435204,developing_periodic_shedding,periodic,train,1155.85592388,39
3261,93.4352043333,Re_93p435204,developing_periodic_shedding,periodic,train,1164.41781961,40
3262,93.4352043333,Re_93p435204,developing_periodic_shedding,periodic,train,1172.97971535,41
3263,93.4352043333,Re_93p435204,developing_periodic_shedding,periodic,train,1181.54161108,42
3264,93.4352043333,Re_93p435204,developing_periodic_shedding,periodic,train,1190.10350681,43
3265,93.4352043333,Re_93p435204,developing_periodic_shedding,periodic,train,1198.66540254,44
3266,93.4352043333,Re_93p435204,developing_periodic_shedding,periodic,train,1207.22729828,45
3267,93.4352043333,Re_93p435204,developing_periodic_shedding,periodic,train,1215.78919401,46
3268,93.4352043333,Re_93p435204,developing_periodic_shedding,periodic,train,1224.35108974,47
3269,93.4352043333,Re_93p435204,developing_periodic_shedding,periodic,train,1232.91298547,48
3270,93.4352043333,Re_93p435204,developing_periodic_shedding,periodic,train,1241.47488121,49
3271,93.4352043333,Re_93p435204,developing_periodic_shedding,periodic,train,1250.03677694,50
3272,93.4352043333,Re_93p435204,developing_periodic_shedding,periodic,train,1258.59867267,51
3273,93.4352043333,Re_93p435204,developing_periodic_shedding,periodic,train,1267.1605684,52
3274,93.4352043333,Re_93p435204,developing_periodic_shedding,periodic,train,1275.72246414,53
3275,93.4352043333,Re_93p435204,developing_periodic_shedding,periodic,train,1284.28435987,54
3276,93.4352043333,Re_93p435204,developing_periodic_shedding,periodic,train,1292.8462556,55
3277,93.4352043333,Re_93p435204,developing_periodic_shedding,periodic,train,1301.40815133,56
3278,93.4352043333,Re_93p435204,developing_periodic_shedding,periodic,train,1309.97004706,57
3279,93.4352043333,Re_93p435204,developing_periodic_shedding,periodic,train,1318.5319428,58
3280,93.4352043333,Re_93p435204,developing_periodic_shedding,periodic,train,1327.09383853,59
3281,93.4352043333,Re_93p435204,developing_periodic_shedding,periodic,train,1335.65573426,60
3282,93.4352043333,Re_93p435204,developing_periodic_shedding,periodic,train,1344.21762999,61
3283,93.4352043333,Re_93p435204,developing_periodic_shedding,periodic,train,1352.77952573,62
3284,93.4352043333,Re_93p435204,developing_periodic_shedding,periodic,train,1361.34142146,63
3285,93.4352043333,Re_93p435204,developing_periodic_shedding,periodic,train,1369.90331719,64
3286,93.4352043333,Re_93p435204,developing_periodic_shedding,periodic,train,1378.46521292,65
3287,93.4352043333,Re_93p435204,developing_periodic_shedding,periodic,train,1387.02710866,66
3288,93.4352043333,Re_93p435204,developing_periodic_shedding,periodic,train,1395.58900439,67
3289,93.4352043333,Re_93p435204,developing_periodic_shedding,periodic,train,1404.15090012,68
3290,93.4352043333,Re_93p435204,developing_periodic_shedding,periodic,train,1412.71279585,69
3291,93.4352043333,Re_93p435204,developing_periodic_shedding,periodic,train,1421.27469159,70
3292,93.4352043333,Re_93p435204,developing_periodic_shedding,periodic,train,1429.83658732,71
3293,93.4352043333,Re_93p435204,developing_periodic_shedding,periodic,train,1438.39848305,72
3294,93.4352043333,Re_93p435204,developing_periodic_shedding,periodic,train,1446.96037878,73
3295,93.4352043333,Re_93p435204,developing_periodic_shedding,periodic,train,1455.52227452,74
3296,93.4352043333,Re_93p435204,developing_periodic_shedding,periodic,train,1464.08417025,75
3297,93.4352043333,Re_93p435204,developing_periodic_shedding,periodic,train,1472.64606598,76
3298,93.4352043333,Re_93p435204,developing_periodic_shedding,periodic,train,1481.20796171,77
3299,93.4352043333,Re_93p435204,developing_periodic_shedding,periodic,train,1489.76985745,78
3300,93.4352043333,Re_93p435204,developing_periodic_shedding,periodic,train,1498.33175318,79
3301,93.4352043333,Re_93p435204,developing_periodic_shedding,periodic,train,1506.89364891,80
3302,93.4352043333,Re_93p435204,developing_periodic_shedding,periodic,train,1515.45554464,81
3303,93.4352043333,Re_93p435204,developing_periodic_shedding,periodic,train,1524.01744038,82
3304,93.4352043333,Re_93p435204,developing_periodic_shedding,periodic,train,1532.57933611,83
3305,93.4352043333,Re_93p435204,developing_periodic_shedding,periodic,train,1541.14123184,84
3306,93.4352043333,Re_93p435204,developing_periodic_shedding,periodic,train,1549.70312757,85
3307,93.4352043333,Re_93p435204,developing_periodic_shedding,periodic,train,1558.26502331,86
3308,93.4352043333,Re_93p435204,developing_periodic_shedding,periodic,train,1566.82691904,87
3309,93.4352043333,Re_93p435204,developing_periodic_shedding,periodic,train,1575.38881477,88
3310,93.4352043333,Re_93p435204,developing_periodic_shedding,periodic,train,1583.9507105,89
3311,93.4352043333,Re_93p435204,developing_periodic_shedding,periodic,train,1592.51260624,90
3312,93.4352043333,Re_93p435204,developing_periodic_shedding,periodic,train,1601.07450197,91
3313,93.4352043333,Re_93p435204,developing_periodic_shedding,periodic,train,1609.6363977,92
3314,93.4352043333,Re_93p435204,developing_periodic_shedding,periodic,train,1618.19829343,93
3315,93.4352043333,Re_93p435204,developing_periodic_shedding,periodic,train,1626.76018917,94
3316,93.4352043333,Re_93p435204,developing_periodic_shedding,periodic,train,1635.3220849,95
3317,93.4352043333,Re_93p435204,developing_periodic_shedding,periodic,train,1643.88398063,96
3318,93.4352043333,Re_93p435204,developing_periodic_shedding,periodic,train,1652.44587636,97
3319,93.4352043333,Re_93p435204,developing_periodic_shedding,periodic,train,1661.0077721,98
3320,93.4352043333,Re_93p435204,developing_periodic_shedding,periodic,train,1669.56966783,99
3321,93.4352043333,Re_93p435204,developing_periodic_shedding,periodic,train,1678.13156356,100
3322,93.4352043333,Re_93p435204,developing_periodic_shedding,periodic,train,1686.69345929,101
3323,93.4352043333,Re_93p435204,developing_periodic_shedding,periodic,train,1695.25535503,102
3324,93.4352043333,Re_93p435204,developing_periodic_shedding,periodic,train,1703.81725076,103
3325,93.4352043333,Re_93p435204,developing_periodic_shedding,periodic,train,1712.37914649,104
3326,93.4352043333,Re_93p435204,developing_periodic_shedding,periodic,train,1720.94104222,105
3327,93.4352043333,Re_93p435204,developing_periodic_shedding,periodic,train,1729.50293795,106
3328,93.4352043333,Re_93p435204,developing_periodic_shedding,periodic,train,1738.06483369,107
3329,93.4352043333,Re_93p435204,developing_periodic_shedding,periodic,train,1746.62672942,108
3330,93.4352043333,Re_93p435204,developing_periodic_shedding,periodic,train,1755.18862515,109
3331,93.4352043333,Re_93p435204,developing_periodic_shedding,periodic,train,1763.75052088,110
3332,93.4352043333,Re_93p435204,developing_periodic_shedding,periodic,train,1772.31241662,111
3333,93.4352043333,Re_93p435204,developing_periodic_shedding,periodic,train,1780.87431235,112
3334,93.4352043333,Re_93p435204,developing_periodic_shedding,periodic,train,1789.43620808,113
3335,93.4352043333,Re_93p435204,developing_periodic_shedding,periodic,train,1797.99810381,114
3336,93.4352043333,Re_93p435204,developing_periodic_shedding,periodic,train,1806.55999955,115
3337,93.4352043333,Re_93p435204,developing_periodic_shedding,periodic,train,1815.12189528,116
3338,93.4352043333,Re_93p435204,developing_periodic_shedding,periodic,train,1823.68379101,117
3339,93.4352043333,Re_93p435204,developing_periodic_shedding,periodic,train,1832.24568674,118
3340,93.4352043333,Re_93p435204,developing_periodic_shedding,periodic,train,1840.80758248,119
3341,93.4352043333,Re_93p435204,developing_periodic_shedding,periodic,train,1849.36947821,120
3342,93.4352043333,Re_93p435204,developing_periodic_shedding,periodic,train,1857.93137394,121
3343,93.4352043333,Re_93p435204,developing_periodic_shedding,periodic,train,1866.49326967,122
3344,93.4352043333,Re_93p435204,developing_periodic_shedding,periodic,train,1875.05516541,123
3345,93.4352043333,Re_93p435204,developing_periodic_shedding,periodic,train,1883.61706114,124
3346,93.4352043333,Re_93p435204,developing_periodic_shedding,periodic,train,1892.17895687,125
3347,93.4352043333,Re_93p435204,developing_periodic_shedding,periodic,train,1900.7408526,126
3348,93.4352043333,Re_93p435204,developing_periodic_shedding,periodic,train,1909.30274834,127
3349,93.4352043333,Re_93p435204,developing_periodic_shedding,periodic,train,1917.86464407,128
3350,93.4352043333,Re_93p435204,developing_periodic_shedding,periodic,train,1926.4265398,129
3351,93.4352043333,Re_93p435204,developing_periodic_shedding,periodic,train,1934.98843553,130
3352,93.4352043333,Re_93p435204,developing_periodic_shedding,periodic,train,1943.55033127,131
3353,93.4352043333,Re_93p435204,developing_periodic_shedding,periodic,train,1952.112227,132
3354,93.4352043333,Re_93p435204,developing_periodic_shedding,periodic,train,1960.67412273,133
3355,93.4352043333,Re_93p435204,developing_periodic_shedding,periodic,train,1969.23601846,134
3356,93.4352043333,Re_93p435204,developing_periodic_shedding,periodic,train,1977.7979142,135
3357,93.4352043333,Re_93p435204,developing_periodic_shedding,periodic,train,1986.35980993,136
3358,93.4352043333,Re_93p435204,developing_periodic_shedding,periodic,train,1994.92170566,137
3359,93.4352043333,Re_93p435204,developing_periodic_shedding,periodic,train,2003.48360139,138
3360,93.4352043333,Re_93p435204,developing_periodic_shedding,periodic,train,2012.04549713,139
3361,93.4352043333,Re_93p435204,developing_periodic_shedding,periodic,train,2020.60739286,140
3362,93.4352043333,Re_93p435204,developing_periodic_shedding,periodic,train,2029.16928859,141
3363,93.4352043333,Re_93p435204,developing_periodic_shedding,periodic,train,2037.73118432,142
3364,93.4352043333,Re_93p435204,developing_periodic_shedding,periodic,train,2046.29308006,143
3365,93.4352043333,Re_93p435204,developing_periodic_shedding,periodic,train,2054.85497579,144
3366,93.4352043333,Re_93p435204,developing_periodic_shedding,periodic,train,2063.41687152,145
3367,93.4352043333,Re_93p435204,developing_periodic_shedding,periodic,train,2071.97876725,146
3368,93.4352043333,Re_93p435204,developing_periodic_shedding,periodic,train,2080.54066299,147
3369,93.4352043333,Re_93p435204,developing_periodic_shedding,periodic,train,2089.10255872,148
3370,93.4352043333,Re_93p435204,developing_periodic_shedding,periodic,train,2097.66445445,149
3371,93.4352043333,Re_93p435204,developing_periodic_shedding,periodic,train,2106.22635018,150
3372,93.4352043333,Re_93p435204,developing_periodic_shedding,periodic,train,2114.78824592,151
3373,93.4352043333,Re_93p435204,developing_periodic_shedding,periodic,train,2123.35014165,152
3374,93.4352043333,Re_93p435204,developing_periodic_shedding,periodic,train,2131.91203738,153
3375,93.4352043333,Re_93p435204,developing_periodic_shedding,periodic,train,2140.47393311,154
3376,93.4352043333,Re_93p435204,developing_periodic_shedding,periodic,train,2149.03582884,155
3377,93.4352043333,Re_93p435204,developing_periodic_shedding,periodic,train,2157.59772458,156
3378,93.4352043333,Re_93p435204,developing_periodic_shedding,periodic,train,2166.15962031,157
3379,93.4352043333,Re_93p435204,developing_periodic_shedding,periodic,train,2174.72151604,158
3380,93.4352043333,Re_93p435204,developing_periodic_shedding,periodic,train,2183.28341177,159
3381,93.4352043333,Re_93p435204,developing_periodic_shedding,periodic,train,2191.84530751,160
3382,95.0817519005,Re_95p081752,developing_periodic_shedding,periodic,train,854.23776671,0
3383,95.0817519005,Re_95p081752,developing_periodic_shedding,periodic,train,862.61264677,1
3384,95.0817519005,Re_95p081752,developing_periodic_shedding,periodic,train,870.98752684,2
3385,95.0817519005,Re_95p081752,developing_periodic_shedding,periodic,train,879.3624069,3
3386,95.0817519005,Re_95p081752,developing_periodic_shedding,periodic,train,887.73728697,4
3387,95.0817519005,Re_95p081752,developing_periodic_shedding,periodic,train,896.11216704,5
3388,95.0817519005,Re_95p081752,developing_periodic_shedding,periodic,train,904.4870471,6
3389,95.0817519005,Re_95p081752,developing_periodic_shedding,periodic,train,912.86192717,7
3390,95.0817519005,Re_95p081752,developing_periodic_shedding,periodic,train,921.23680723,8
3391,95.0817519005,Re_95p081752,developing_periodic_shedding,periodic,train,929.6116873,9
3392,95.0817519005,Re_95p081752,developing_periodic_shedding,periodic,train,937.98656737,10
3393,95.0817519005,Re_95p081752,developing_periodic_shedding,periodic,train,946.36144743,11
3394,95.0817519005,Re_95p081752,developing_periodic_shedding,periodic,train,954.7363275,12
3395,95.0817519005,Re_95p081752,developing_periodic_shedding,periodic,train,963.11120756,13
3396,95.0817519005,Re_95p081752,developing_periodic_shedding,periodic,train,971.48608763,14
3397,95.0817519005,Re_95p081752,developing_periodic_shedding,periodic,train,979.86096769,15
3398,95.0817519005,Re_95p081752,developing_periodic_shedding,periodic,train,988.23584776,16
3399,95.0817519005,Re_95p081752,developing_periodic_shedding,periodic,train,996.61072783,17
3400,95.0817519005,Re_95p081752,developing_periodic_shedding,periodic,train,1004.98560789,18
3401,95.0817519005,Re_95p081752,developing_periodic_shedding,periodic,train,1013.36048796,19
3402,95.0817519005,Re_95p081752,developing_periodic_shedding,periodic,train,1021.73536802,20
3403,95.0817519005,Re_95p081752,developing_periodic_shedding,periodic,train,1030.11024809,21
3404,95.0817519005,Re_95p081752,developing_periodic_shedding,periodic,train,1038.48512815,22
3405,95.0817519005,Re_95p081752,developing_periodic_shedding,periodic,train,1046.86000822,23
3406,95.0817519005,Re_95p081752,developing_periodic_shedding,periodic,train,1055.23488829,24
3407,95.0817519005,Re_95p081752,developing_periodic_shedding,periodic,train,1063.60976835,25
3408,95.0817519005,Re_95p081752,developing_periodic_shedding,periodic,train,1071.98464842,26
3409,95.0817519005,Re_95p081752,developing_periodic_shedding,periodic,train,1080.35952848,27
3410,95.0817519005,Re_95p081752,developing_periodic_shedding,periodic,train,1088.73440855,28
3411,95.0817519005,Re_95p081752,developing_periodic_shedding,periodic,train,1097.10928861,29
3412,95.0817519005,Re_95p081752,developing_periodic_shedding,periodic,train,1105.48416868,30
3413,95.0817519005,Re_95p081752,developing_periodic_shedding,periodic,train,1113.85904875,31
3414,95.0817519005,Re_95p081752,developing_periodic_shedding,periodic,train,1122.23392881,32
3415,95.0817519005,Re_95p081752,developing_periodic_shedding,periodic,train,1130.60880888,33
3416,95.0817519005,Re_95p081752,developing_periodic_shedding,periodic,train,1138.98368894,34
3417,95.0817519005,Re_95p081752,developing_periodic_shedding,periodic,train,1147.35856901,35
3418,95.0817519005,Re_95p081752,developing_periodic_shedding,periodic,train,1155.73344907,36
3419,95.0817519005,Re_95p081752,developing_periodic_shedding,periodic,train,1164.10832914,37
3420,95.0817519005,Re_95p081752,developing_periodic_shedding,periodic,train,1172.48320921,38
3421,95.0817519005,Re_95p081752,developing_periodic_shedding,periodic,train,1180.85808927,39
3422,95.0817519005,Re_95p081752,developing_periodic_shedding,periodic,train,1189.23296934,40
3423,95.0817519005,Re_95p081752,developing_periodic_shedding,periodic,train,1197.6078494,41
3424,95.0817519005,Re_95p081752,developing_periodic_shedding,periodic,train,1205.98272947,42
3425,95.0817519005,Re_95p081752,developing_periodic_shedding,periodic,train,1214.35760954,43
3426,95.0817519005,Re_95p081752,developing_periodic_shedding,periodic,train,1222.7324896,44
3427,95.0817519005,Re_95p081752,developing_periodic_shedding,periodic,train,1231.10736967,45
3428,95.0817519005,Re_95p081752,developing_periodic_shedding,periodic,train,1239.48224973,46
3429,95.0817519005,Re_95p081752,developing_periodic_shedding,periodic,train,1247.8571298,47
3430,95.0817519005,Re_95p081752,developing_periodic_shedding,periodic,train,1256.23200986,48
3431,95.0817519005,Re_95p081752,developing_periodic_shedding,periodic,train,1264.60688993,49
3432,95.0817519005,Re_95p081752,developing_periodic_shedding,periodic,train,1272.98177,50
3433,95.0817519005,Re_95p081752,developing_periodic_shedding,periodic,train,1281.35665006,51
3434,95.0817519005,Re_95p081752,developing_periodic_shedding,periodic,train,1289.73153013,52
3435,95.0817519005,Re_95p081752,developing_periodic_shedding,periodic,train,1298.10641019,53
3436,95.0817519005,Re_95p081752,developing_periodic_shedding,periodic,train,1306.48129026,54
3437,95.0817519005,Re_95p081752,developing_periodic_shedding,periodic,train,1314.85617032,55
3438,95.0817519005,Re_95p081752,developing_periodic_shedding,periodic,train,1323.23105039,56
3439,95.0817519005,Re_95p081752,developing_periodic_shedding,periodic,train,1331.60593046,57
3440,95.0817519005,Re_95p081752,developing_periodic_shedding,periodic,train,1339.98081052,58
3441,95.0817519005,Re_95p081752,developing_periodic_shedding,periodic,train,1348.35569059,59
3442,95.0817519005,Re_95p081752,developing_periodic_shedding,periodic,train,1356.73057065,60
3443,95.0817519005,Re_95p081752,developing_periodic_shedding,periodic,train,1365.10545072,61
3444,95.0817519005,Re_95p081752,developing_periodic_shedding,periodic,train,1373.48033078,62
3445,95.0817519005,Re_95p081752,developing_periodic_shedding,periodic,train,1381.85521085,63
3446,95.0817519005,Re_95p081752,developing_periodic_shedding,periodic,train,1390.23009092,64
3447,95.0817519005,Re_95p081752,developing_periodic_shedding,periodic,train,1398.60497098,65
3448,95.0817519005,Re_95p081752,developing_periodic_shedding,periodic,train,1406.97985105,66
3449,95.0817519005,Re_95p081752,developing_periodic_shedding,periodic,train,1415.35473111,67
3450,95.0817519005,Re_95p081752,developing_periodic_shedding,periodic,train,1423.72961118,68
3451,95.0817519005,Re_95p081752,developing_periodic_shedding,periodic,train,1432.10449124,69
3452,95.0817519005,Re_95p081752,developing_periodic_shedding,periodic,train,1440.47937131,70
3453,95.0817519005,Re_95p081752,developing_periodic_shedding,periodic,train,1448.85425138,71
3454,95.0817519005,Re_95p081752,developing_periodic_shedding,periodic,train,1457.22913144,72
3455,95.0817519005,Re_95p081752,developing_periodic_shedding,periodic,train,1465.60401151,73
3456,95.0817519005,Re_95p081752,developing_periodic_shedding,periodic,train,1473.97889157,74
3457,95.0817519005,Re_95p081752,developing_periodic_shedding,periodic,train,1482.35377164,75
3458,95.0817519005,Re_95p081752,developing_periodic_shedding,periodic,train,1490.72865171,76
3459,95.0817519005,Re_95p081752,developing_periodic_shedding,periodic,train,1499.10353177,77
3460,95.0817519005,Re_95p081752,developing_periodic_shedding,periodic,train,1507.47841184,78
3461,95.0817519005,Re_95p081752,developing_periodic_shedding,periodic,train,1515.8532919,79
3462,95.0817519005,Re_95p081752,developing_periodic_shedding,periodic,train,1524.22817197,80
3463,95.0817519005,Re_95p081752,developing_periodic_shedding,periodic,train,1532.60305203,81
3464,95.0817519005,Re_95p081752,developing_periodic_shedding,periodic,train,1540.9779321,82
3465,95.0817519005,Re_95p081752,developing_periodic_shedding,periodic,train,1549.35281217,83
3466,95.0817519005,Re_95p081752,developing_periodic_shedding,periodic,train,1557.72769223,84
3467,95.0817519005,Re_95p081752,developing_periodic_shedding,periodic,train,1566.1025723,85
3468,95.0817519005,Re_95p081752,developing_periodic_shedding,periodic,train,1574.47745236,86
3469,95.0817519005,Re_95p081752,developing_periodic_shedding,periodic,train,1582.85233243,87
3470,95.0817519005,Re_95p081752,developing_periodic_shedding,periodic,train,1591.22721249,88
3471,95.0817519005,Re_95p081752,developing_periodic_shedding,periodic,train,1599.60209256,89
3472,95.0817519005,Re_95p081752,developing_periodic_shedding,periodic,train,1607.97697263,90
3473,95.0817519005,Re_95p081752,developing_periodic_shedding,periodic,train,1616.35185269,91
3474,95.0817519005,Re_95p081752,developing_periodic_shedding,periodic,train,1624.72673276,92
3475,95.0817519005,Re_95p081752,developing_periodic_shedding,periodic,train,1633.10161282,93
3476,95.0817519005,Re_95p081752,developing_periodic_shedding,periodic,train,1641.47649289,94
3477,95.0817519005,Re_95p081752,developing_periodic_shedding,periodic,train,1649.85137295,95
3478,95.0817519005,Re_95p081752,developing_periodic_shedding,periodic,train,1658.22625302,96
3479,95.0817519005,Re_95p081752,developing_periodic_shedding,periodic,train,1666.60113309,97
3480,95.0817519005,Re_95p081752,developing_periodic_shedding,periodic,train,1674.97601315,98
3481,95.0817519005,Re_95p081752,developing_periodic_shedding,periodic,train,1683.35089322,99
3482,95.0817519005,Re_95p081752,developing_periodic_shedding,periodic,train,1691.72577328,100
3483,95.0817519005,Re_95p081752,developing_periodic_shedding,periodic,train,1700.10065335,101
3484,95.0817519005,Re_95p081752,developing_periodic_shedding,periodic,train,1708.47553342,102
3485,95.0817519005,Re_95p081752,developing_periodic_shedding,periodic,train,1716.85041348,103
3486,95.0817519005,Re_95p081752,developing_periodic_shedding,periodic,train,1725.22529355,104
3487,95.0817519005,Re_95p081752,developing_periodic_shedding,periodic,train,1733.60017361,105
3488,95.0817519005,Re_95p081752,developing_periodic_shedding,periodic,train,1741.97505368,106
3489,95.0817519005,Re_95p081752,developing_periodic_shedding,periodic,train,1750.34993374,107
3490,95.0817519005,Re_95p081752,developing_periodic_shedding,periodic,train,1758.72481381,108
3491,95.0817519005,Re_95p081752,developing_periodic_shedding,periodic,train,1767.09969388,109
3492,95.0817519005,Re_95p081752,developing_periodic_shedding,periodic,train,1775.47457394,110
3493,95.0817519005,Re_95p081752,developing_periodic_shedding,periodic,train,1783.84945401,111
3494,95.0817519005,Re_95p081752,developing_periodic_shedding,periodic,train,1792.22433407,112
3495,95.0817519005,Re_95p081752,developing_periodic_shedding,periodic,train,1800.59921414,113
3496,95.0817519005,Re_95p081752,developing_periodic_shedding,periodic,train,1808.9740942,114
3497,95.0817519005,Re_95p081752,developing_periodic_shedding,periodic,train,1817.34897427,115
3498,95.0817519005,Re_95p081752,developing_periodic_shedding,periodic,train,1825.72385434,116
3499,95.0817519005,Re_95p081752,developing_periodic_shedding,periodic,train,1834.0987344,117
3500,95.0817519005,Re_95p081752,developing_periodic_shedding,periodic,train,1842.47361447,118
3501,95.0817519005,Re_95p081752,developing_periodic_shedding,periodic,train,1850.84849453,119
3502,95.0817519005,Re_95p081752,developing_periodic_shedding,periodic,train,1859.2233746,120
3503,95.0817519005,Re_95p081752,developing_periodic_shedding,periodic,train,1867.59825466,121
3504,95.0817519005,Re_95p081752,developing_periodic_shedding,periodic,train,1875.97313473,122
3505,95.0817519005,Re_95p081752,developing_periodic_shedding,periodic,train,1884.3480148,123
3506,95.0817519005,Re_95p081752,developing_periodic_shedding,periodic,train,1892.72289486,124
3507,95.0817519005,Re_95p081752,developing_periodic_shedding,periodic,train,1901.09777493,125
3508,95.0817519005,Re_95p081752,developing_periodic_shedding,periodic,train,1909.47265499,126
3509,95.0817519005,Re_95p081752,developing_periodic_shedding,periodic,train,1917.84753506,127
3510,95.0817519005,Re_95p081752,developing_periodic_shedding,periodic,train,1926.22241512,128
3511,95.0817519005,Re_95p081752,developing_periodic_shedding,periodic,train,1934.59729519,129
3512,95.0817519005,Re_95p081752,developing_periodic_shedding,periodic,train,1942.97217526,130
3513,95.0817519005,Re_95p081752,developing_periodic_shedding,periodic,train,1951.34705532,131
3514,95.0817519005,Re_95p081752,developing_periodic_shedding,periodic,train,1959.72193539,132
3515,95.0817519005,Re_95p081752,developing_periodic_shedding,periodic,train,1968.09681545,133
3516,95.0817519005,Re_95p081752,developing_periodic_shedding,periodic,train,1976.47169552,134
3517,95.0817519005,Re_95p081752,developing_periodic_shedding,periodic,train,1984.84657559,135
3518,95.0817519005,Re_95p081752,developing_periodic_shedding,periodic,train,1993.22145565,136
3519,95.0817519005,Re_95p081752,developing_periodic_shedding,periodic,train,2001.59633572,137
3520,95.0817519005,Re_95p081752,developing_periodic_shedding,periodic,train,2009.97121578,138
3521,95.0817519005,Re_95p081752,developing_periodic_shedding,periodic,train,2018.34609585,139
3522,95.0817519005,Re_95p081752,developing_periodic_shedding,periodic,train,2026.72097591,140
3523,95.0817519005,Re_95p081752,developing_periodic_shedding,periodic,train,2035.09585598,141
3524,95.0817519005,Re_95p081752,developing_periodic_shedding,periodic,train,2043.47073605,142
3525,95.0817519005,Re_95p081752,developing_periodic_shedding,periodic,train,2051.84561611,143
3526,95.0817519005,Re_95p081752,developing_periodic_shedding,periodic,train,2060.22049618,144
3527,95.0817519005,Re_95p081752,developing_periodic_shedding,periodic,train,2068.59537624,145
3528,95.0817519005,Re_95p081752,developing_periodic_shedding,periodic,train,2076.97025631,146
3529,95.0817519005,Re_95p081752,developing_periodic_shedding,periodic,train,2085.34513637,147
3530,95.0817519005,Re_95p081752,developing_periodic_shedding,periodic,train,2093.72001644,148
3531,95.0817519005,Re_95p081752,developing_periodic_shedding,periodic,train,2102.09489651,149
3532,95.0817519005,Re_95p081752,developing_periodic_shedding,periodic,train,2110.46977657,150
3533,95.0817519005,Re_95p081752,developing_periodic_shedding,periodic,train,2118.84465664,151
3534,95.0817519005,Re_95p081752,developing_periodic_shedding,periodic,train,2127.2195367,152
3535,95.0817519005,Re_95p081752,developing_periodic_shedding,periodic,train,2135.59441677,153
3536,95.0817519005,Re_95p081752,developing_periodic_shedding,periodic,train,2143.96929683,154
3537,95.0817519005,Re_95p081752,developing_periodic_shedding,periodic,train,2152.3441769,155
3538,95.0817519005,Re_95p081752,developing_periodic_shedding,periodic,train,2160.71905697,156
3539,95.0817519005,Re_95p081752,developing_periodic_shedding,periodic,train,2169.09393703,157
3540,95.0817519005,Re_95p081752,developing_periodic_shedding,periodic,train,2177.4688171,158
3541,95.0817519005,Re_95p081752,developing_periodic_shedding,periodic,train,2185.84369716,159
3542,95.0817519005,Re_95p081752,developing_periodic_shedding,periodic,train,2194.21857723,160
3543,96.749307569,Re_96p749308,developing_periodic_shedding,periodic,train,835.74974812,0
3544,96.749307569,Re_96p749308,developing_periodic_shedding,periodic,train,843.94337311,1
3545,96.749307569,Re_96p749308,developing_periodic_shedding,periodic,train,852.13699809,2
3546,96.749307569,Re_96p749308,developing_periodic_shedding,periodic,train,860.33062307,3
3547,96.749307569,Re_96p749308,developing_periodic_shedding,periodic,train,868.52424805,4
3548,96.749307569,Re_96p749308,developing_periodic_shedding,periodic,train,876.71787303,5
3549,96.749307569,Re_96p749308,developing_periodic_shedding,periodic,train,884.91149801,6
3550,96.749307569,Re_96p749308,developing_periodic_shedding,periodic,train,893.105123,7
3551,96.749307569,Re_96p749308,developing_periodic_shedding,periodic,train,901.29874798,8
3552,96.749307569,Re_96p749308,developing_periodic_shedding,periodic,train,909.49237296,9
3553,96.749307569,Re_96p749308,developing_periodic_shedding,periodic,train,917.68599794,10
3554,96.749307569,Re_96p749308,developing_periodic_shedding,periodic,train,925.87962292,11
3555,96.749307569,Re_96p749308,developing_periodic_shedding,periodic,train,934.0732479,12
3556,96.749307569,Re_96p749308,developing_periodic_shedding,periodic,train,942.26687289,13
3557,96.749307569,Re_96p749308,developing_periodic_shedding,periodic,train,950.46049787,14
3558,96.749307569,Re_96p749308,developing_periodic_shedding,periodic,train,958.65412285,15
3559,96.749307569,Re_96p749308,developing_periodic_shedding,periodic,train,966.84774783,16
3560,96.749307569,Re_96p749308,developing_periodic_shedding,periodic,train,975.04137281,17
3561,96.749307569,Re_96p749308,developing_periodic_shedding,periodic,train,983.23499779,18
3562,96.749307569,Re_96p749308,developing_periodic_shedding,periodic,train,991.42862277,19
3563,96.749307569,Re_96p749308,developing_periodic_shedding,periodic,train,999.62224776,20
3564,96.749307569,Re_96p749308,developing_periodic_shedding,periodic,train,1007.81587274,21
3565,96.749307569,Re_96p749308,developing_periodic_shedding,periodic,train,1016.00949772,22
3566,96.749307569,Re_96p749308,developing_periodic_shedding,periodic,train,1024.2031227,23
3567,96.749307569,Re_96p749308,developing_periodic_shedding,periodic,train,1032.39674768,24
3568,96.749307569,Re_96p749308,developing_periodic_shedding,periodic,train,1040.59037266,25
3569,96.749307569,Re_96p749308,developing_periodic_shedding,periodic,train,1048.78399765,26
3570,96.749307569,Re_96p749308,developing_periodic_shedding,periodic,train,1056.97762263,27
3571,96.749307569,Re_96p749308,developing_periodic_shedding,periodic,train,1065.17124761,28
3572,96.749307569,Re_96p749308,developing_periodic_shedding,periodic,train,1073.36487259,29
3573,96.749307569,Re_96p749308,developing_periodic_shedding,periodic,train,1081.55849757,30
3574,96.749307569,Re_96p749308,developing_periodic_shedding,periodic,train,1089.75212255,31
3575,96.749307569,Re_96p749308,developing_periodic_shedding,periodic,train,1097.94574754,32
3576,96.749307569,Re_96p749308,developing_periodic_shedding,periodic,train,1106.13937252,33
3577,96.749307569,Re_96p749308,developing_periodic_shedding,periodic,train,1114.3329975,34
3578,96.749307569,Re_96p749308,developing_periodic_shedding,periodic,train,1122.52662248,35
3579,96.749307569,Re_96p749308,developing_periodic_shedding,periodic,train,1130.72024746,36
3580,96.749307569,Re_96p749308,developing_periodic_shedding,periodic,train,1138.91387244,37
3581,96.749307569,Re_96p749308,developing_periodic_shedding,periodic,train,1147.10749743,38
3582,96.749307569,Re_96p749308,developing_periodic_shedding,periodic,train,1155.30112241,39
3583,96.749307569,Re_96p749308,developing_periodic_shedding,periodic,train,1163.49474739,40
3584,96.749307569,Re_96p749308,developing_periodic_shedding,periodic,train,1171.68837237,41
3585,96.749307569,Re_96p749308,developing_periodic_shedding,periodic,train,1179.88199735,42
3586,96.749307569,Re_96p749308,developing_periodic_shedding,periodic,train,1188.07562233,43
3587,96.749307569,Re_96p749308,developing_periodic_shedding,periodic,train,1196.26924732,44
3588,96.749307569,Re_96p749308,developing_periodic_shedding,periodic,train,1204.4628723,45
3589,96.749307569,Re_96p749308,developing_periodic_shedding,periodic,train,1212.65649728,46
3590,96.749307569,Re_96p749308,developing_periodic_shedding,periodic,train,1220.85012226,47
3591,96.749307569,Re_96p749308,developing_periodic_shedding,periodic,train,1229.04374724,48
3592,96.749307569,Re_96p749308,developing_periodic_shedding,periodic,train,1237.23737222,49
3593,96.749307569,Re_96p749308,developing_periodic_shedding,periodic,train,1245.4309972,50
3594,96.749307569,Re_96p749308,developing_periodic_shedding,periodic,train,1253.62462219,51
3595,96.749307569,Re_96p749308,developing_periodic_shedding,periodic,train,1261.81824717,52
3596,96.749307569,Re_96p749308,developing_periodic_shedding,periodic,train,1270.01187215,53
3597,96.749307569,Re_96p749308,developing_periodic_shedding,periodic,train,1278.20549713,54
3598,96.749307569,Re_96p749308,developing_periodic_shedding,periodic,train,1286.39912211,55
3599,96.749307569,Re_96p749308,developing_periodic_shedding,periodic,train,1294.59274709,56
3600,96.749307569,Re_96p749308,developing_periodic_shedding,periodic,train,1302.78637208,57
3601,96.749307569,Re_96p749308,developing_periodic_shedding,periodic,train,1310.97999706,58
3602,96.749307569,Re_96p749308,developing_periodic_shedding,periodic,train,1319.17362204,59
3603,96.749307569,Re_96p749308,developing_periodic_shedding,periodic,train,1327.36724702,60
3604,96.749307569,Re_96p749308,developing_periodic_shedding,periodic,train,1335.560872,61
3605,96.749307569,Re_96p749308,developing_periodic_shedding,periodic,train,1343.75449698,62
3606,96.749307569,Re_96p749308,developing_periodic_shedding,periodic,train,1351.94812197,63
3607,96.749307569,Re_96p749308,developing_periodic_shedding,periodic,train,1360.14174695,64
3608,96.749307569,Re_96p749308,developing_periodic_shedding,periodic,train,1368.33537193,65
3609,96.749307569,Re_96p749308,developing_periodic_shedding,periodic,train,1376.52899691,66
3610,96.749307569,Re_96p749308,developing_periodic_shedding,periodic,train,1384.72262189,67
3611,96.749307569,Re_96p749308,developing_periodic_shedding,periodic,train,1392.91624687,68
3612,96.749307569,Re_96p749308,developing_periodic_shedding,periodic,train,1401.10987186,69
3613,96.749307569,Re_96p749308,developing_periodic_shedding,periodic,train,1409.30349684,70
3614,96.749307569,Re_96p749308,developing_periodic_shedding,periodic,train,1417.49712182,71
3615,96.749307569,Re_96p749308,developing_periodic_shedding,periodic,train,1425.6907468,72
3616,96.749307569,Re_96p749308,developing_periodic_shedding,periodic,train,1433.88437178,73
3617,96.749307569,Re_96p749308,developing_periodic_shedding,periodic,train,1442.07799676,74
3618,96.749307569,Re_96p749308,developing_periodic_shedding,periodic,train,1450.27162174,75
3619,96.749307569,Re_96p749308,developing_periodic_shedding,periodic,train,1458.46524673,76
3620,96.749307569,Re_96p749308,developing_periodic_shedding,periodic,train,1466.65887171,77
3621,96.749307569,Re_96p749308,developing_periodic_shedding,periodic,train,1474.85249669,78
3622,96.749307569,Re_96p749308,developing_periodic_shedding,periodic,train,1483.04612167,79
3623,96.749307569,Re_96p749308,developing_periodic_shedding,periodic,train,1491.23974665,80
3624,96.749307569,Re_96p749308,developing_periodic_shedding,periodic,train,1499.43337163,81
3625,96.749307569,Re_96p749308,developing_periodic_shedding,periodic,train,1507.62699662,82
3626,96.749307569,Re_96p749308,developing_periodic_shedding,periodic,train,1515.8206216,83
3627,96.749307569,Re_96p749308,developing_periodic_shedding,periodic,train,1524.01424658,84
3628,96.749307569,Re_96p749308,developing_periodic_shedding,periodic,train,1532.20787156,85
3629,96.749307569,Re_96p749308,developing_periodic_shedding,periodic,train,1540.40149654,86
3630,96.749307569,Re_96p749308,developing_periodic_shedding,periodic,train,1548.59512152,87
3631,96.749307569,Re_96p749308,developing_periodic_shedding,periodic,train,1556.78874651,88
3632,96.749307569,Re_96p749308,developing_periodic_shedding,periodic,train,1564.98237149,89
3633,96.749307569,Re_96p749308,developing_periodic_shedding,periodic,train,1573.17599647,90
3634,96.749307569,Re_96p749308,developing_periodic_shedding,periodic,train,1581.36962145,91
3635,96.749307569,Re_96p749308,developing_periodic_shedding,periodic,train,1589.56324643,92
3636,96.749307569,Re_96p749308,developing_periodic_shedding,periodic,train,1597.75687141,93
3637,96.749307569,Re_96p749308,developing_periodic_shedding,periodic,train,1605.9504964,94
3638,96.749307569,Re_96p749308,developing_periodic_shedding,periodic,train,1614.14412138,95
3639,96.749307569,Re_96p749308,developing_periodic_shedding,periodic,train,1622.33774636,96
3640,96.749307569,Re_96p749308,developing_periodic_shedding,periodic,train,1630.53137134,97
3641,96.749307569,Re_96p749308,developing_periodic_shedding,periodic,train,1638.72499632,98
3642,96.749307569,Re_96p749308,developing_periodic_shedding,periodic,train,1646.9186213,99
3643,96.749307569,Re_96p749308,developing_periodic_shedding,periodic,train,1655.11224629,100
3644,96.749307569,Re_96p749308,developing_periodic_shedding,periodic,train,1663.30587127,101
3645,96.749307569,Re_96p749308,developing_periodic_shedding,periodic,train,1671.49949625,102
3646,96.749307569,Re_96p749308,developing_periodic_shedding,periodic,train,1679.69312123,103
3647,96.749307569,Re_96p749308,developing_periodic_shedding,periodic,train,1687.88674621,104
3648,96.749307569,Re_96p749308,developing_periodic_shedding,periodic,train,1696.08037119,105
3649,96.749307569,Re_96p749308,developing_periodic_shedding,periodic,train,1704.27399617,106
3650,96.749307569,Re_96p749308,developing_periodic_shedding,periodic,train,1712.46762116,107
3651,96.749307569,Re_96p749308,developing_periodic_shedding,periodic,train,1720.66124614,108
3652,96.749307569,Re_96p749308,developing_periodic_shedding,periodic,train,1728.85487112,109
3653,96.749307569,Re_96p749308,developing_periodic_shedding,periodic,train,1737.0484961,110
3654,96.749307569,Re_96p749308,developing_periodic_shedding,periodic,train,1745.24212108,111
3655,96.749307569,Re_96p749308,developing_periodic_shedding,periodic,train,1753.43574606,112
3656,96.749307569,Re_96p749308,developing_periodic_shedding,periodic,train,1761.62937105,113
3657,96.749307569,Re_96p749308,developing_periodic_shedding,periodic,train,1769.82299603,114
3658,96.749307569,Re_96p749308,developing_periodic_shedding,periodic,train,1778.01662101,115
3659,96.749307569,Re_96p749308,developing_periodic_shedding,periodic,train,1786.21024599,116
3660,96.749307569,Re_96p749308,developing_periodic_shedding,periodic,train,1794.40387097,117
3661,96.749307569,Re_96p749308,developing_periodic_shedding,periodic,train,1802.59749595,118
3662,96.749307569,Re_96p749308,developing_periodic_shedding,periodic,train,1810.79112094,119
3663,96.749307569,Re_96p749308,developing_periodic_shedding,periodic,train,1818.98474592,120
3664,96.749307569,Re_96p749308,developing_periodic_shedding,periodic,train,1827.1783709,121
3665,96.749307569,Re_96p749308,developing_periodic_shedding,periodic,train,1835.37199588,122
3666,96.749307569,Re_96p749308,developing_periodic_shedding,periodic,train,1843.56562086,123
3667,96.749307569,Re_96p749308,developing_periodic_shedding,periodic,train,1851.75924584,124
3668,96.749307569,Re_96p749308,developing_periodic_shedding,periodic,train,1859.95287083,125
3669,96.749307569,Re_96p749308,developing_periodic_shedding,periodic,train,1868.14649581,126
3670,96.749307569,Re_96p749308,developing_periodic_shedding,periodic,train,1876.34012079,127
3671,96.749307569,Re_96p749308,developing_periodic_shedding,periodic,train,1884.53374577,128
3672,96.749307569,Re_96p749308,developing_periodic_shedding,periodic,train,1892.72737075,129
3673,96.749307569,Re_96p749308,developing_periodic_shedding,periodic,train,1900.92099573,130
3674,96.749307569,Re_96p749308,developing_periodic_shedding,periodic,train,1909.11462072,131
3675,96.749307569,Re_96p749308,developing_periodic_shedding,periodic,train,1917.3082457,132
3676,96.749307569,Re_96p749308,developing_periodic_shedding,periodic,train,1925.50187068,133
3677,96.749307569,Re_96p749308,developing_periodic_shedding,periodic,train,1933.69549566,134
3678,96.749307569,Re_96p749308,developing_periodic_shedding,periodic,train,1941.88912064,135
3679,96.749307569,Re_96p749308,developing_periodic_shedding,periodic,train,1950.08274562,136
3680,96.749307569,Re_96p749308,developing_periodic_shedding,periodic,train,1958.2763706,137
3681,96.749307569,Re_96p749308,developing_periodic_shedding,periodic,train,1966.46999559,138
3682,96.749307569,Re_96p749308,developing_periodic_shedding,periodic,train,1974.66362057,139
3683,96.749307569,Re_96p749308,developing_periodic_shedding,periodic,train,1982.85724555,140
3684,96.749307569,Re_96p749308,developing_periodic_shedding,periodic,train,1991.05087053,141
3685,96.749307569,Re_96p749308,developing_periodic_shedding,periodic,train,1999.24449551,142
3686,96.749307569,Re_96p749308,developing_periodic_shedding,periodic,train,2007.43812049,143
3687,96.749307569,Re_96p749308,developing_periodic_shedding,periodic,train,2015.63174548,144
3688,96.749307569,Re_96p749308,developing_periodic_shedding,periodic,train,2023.82537046,145
3689,96.749307569,Re_96p749308,developing_periodic_shedding,periodic,train,2032.01899544,146
3690,96.749307569,Re_96p749308,developing_periodic_shedding,periodic,train,2040.21262042,147
3691,96.749307569,Re_96p749308,developing_periodic_shedding,periodic,train,2048.4062454,148
3692,96.749307569,Re_96p749308,developing_periodic_shedding,periodic,train,2056.59987038,149
3693,96.749307569,Re_96p749308,developing_periodic_shedding,periodic,train,2064.79349537,150
3694,96.749307569,Re_96p749308,developing_periodic_shedding,periodic,train,2072.98712035,151
3695,96.749307569,Re_96p749308,developing_periodic_shedding,periodic,train,2081.18074533,152
3696,96.749307569,Re_96p749308,developing_periodic_shedding,periodic,train,2089.37437031,153
3697,96.749307569,Re_96p749308,developing_periodic_shedding,periodic,train,2097.56799529,154
3698,96.749307569,Re_96p749308,developing_periodic_shedding,periodic,train,2105.76162027,155
3699,96.749307569,Re_96p749308,developing_periodic_shedding,periodic,train,2113.95524526,156
3700,96.749307569,Re_96p749308,developing_periodic_shedding,periodic,train,2122.14887024,157
3701,96.749307569,Re_96p749308,developing_periodic_shedding,periodic,train,2130.34249522,158
3702,96.749307569,Re_96p749308,developing_periodic_shedding,periodic,train,2138.5361202,159
3703,96.749307569,Re_96p749308,developing_periodic_shedding,periodic,train,2146.72974518,160
3704,98.4803451202,Re_98p480345,developing_periodic_shedding,periodic,train,817.38585044,0
3705,98.4803451202,Re_98p480345,developing_periodic_shedding,periodic,train,825.39943721,1
3706,98.4803451202,Re_98p480345,developing_periodic_shedding,periodic,train,833.41302398,2
3707,98.4803451202,Re_98p480345,developing_periodic_shedding,periodic,train,841.42661075,3
3708,98.4803451202,Re_98p480345,developing_periodic_shedding,periodic,train,849.44019752,4
3709,98.4803451202,Re_98p480345,developing_periodic_shedding,periodic,train,857.45378428,5
3710,98.4803451202,Re_98p480345,developing_periodic_shedding,periodic,train,865.46737105,6
3711,98.4803451202,Re_98p480345,developing_periodic_shedding,periodic,train,873.48095782,7
3712,98.4803451202,Re_98p480345,developing_periodic_shedding,periodic,train,881.49454459,8
3713,98.4803451202,Re_98p480345,developing_periodic_shedding,periodic,train,889.50813136,9
3714,98.4803451202,Re_98p480345,developing_periodic_shedding,periodic,train,897.52171813,10
3715,98.4803451202,Re_98p480345,developing_periodic_shedding,periodic,train,905.5353049,11
3716,98.4803451202,Re_98p480345,developing_periodic_shedding,periodic,train,913.54889167,12
3717,98.4803451202,Re_98p480345,developing_periodic_shedding,periodic,train,921.56247844,13
3718,98.4803451202,Re_98p480345,developing_periodic_shedding,periodic,train,929.57606521,14
3719,98.4803451202,Re_98p480345,developing_periodic_shedding,periodic,train,937.58965197,15
3720,98.4803451202,Re_98p480345,developing_periodic_shedding,periodic,train,945.60323874,16
3721,98.4803451202,Re_98p480345,developing_periodic_shedding,periodic,train,953.61682551,17
3722,98.4803451202,Re_98p480345,developing_periodic_shedding,periodic,train,961.63041228,18
3723,98.4803451202,Re_98p480345,developing_periodic_shedding,periodic,train,969.64399905,19
3724,98.4803451202,Re_98p480345,developing_periodic_shedding,periodic,train,977.65758582,20
3725,98.4803451202,Re_98p480345,developing_periodic_shedding,periodic,train,985.67117259,21
3726,98.4803451202,Re_98p480345,developing_periodic_shedding,periodic,train,993.68475936,22
3727,98.4803451202,Re_98p480345,developing_periodic_shedding,periodic,train,1001.69834613,23
3728,98.4803451202,Re_98p480345,developing_periodic_shedding,periodic,train,1009.7119329,24
3729,98.4803451202,Re_98p480345,developing_periodic_shedding,periodic,train,1017.72551966,25
3730,98.4803451202,Re_98p480345,developing_periodic_shedding,periodic,train,1025.73910643,26
3731,98.4803451202,Re_98p480345,developing_periodic_shedding,periodic,train,1033.7526932,27
3732,98.4803451202,Re_98p480345,developing_periodic_shedding,periodic,train,1041.76627997,28
3733,98.4803451202,Re_98p480345,developing_periodic_shedding,periodic,train,1049.77986674,29
3734,98.4803451202,Re_98p480345,developing_periodic_shedding,periodic,train,1057.79345351,30
3735,98.4803451202,Re_98p480345,developing_periodic_shedding,periodic,train,1065.80704028,31
3736,98.4803451202,Re_98p480345,developing_periodic_shedding,periodic,train,1073.82062705,32
3737,98.4803451202,Re_98p480345,developing_periodic_shedding,periodic,train,1081.83421382,33
3738,98.4803451202,Re_98p480345,developing_periodic_shedding,periodic,train,1089.84780059,34
3739,98.4803451202,Re_98p480345,developing_periodic_shedding,periodic,train,1097.86138735,35
3740,98.4803451202,Re_98p480345,developing_periodic_shedding,periodic,train,1105.87497412,36
3741,98.4803451202,Re_98p480345,developing_periodic_shedding,periodic,train,1113.88856089,37
3742,98.4803451202,Re_98p480345,developing_periodic_shedding,periodic,train,1121.90214766,38
3743,98.4803451202,Re_98p480345,developing_periodic_shedding,periodic,train,1129.91573443,39
3744,98.4803451202,Re_98p480345,developing_periodic_shedding,periodic,train,1137.9293212,40
3745,98.4803451202,Re_98p480345,developing_periodic_shedding,periodic,train,1145.94290797,41
3746,98.4803451202,Re_98p480345,developing_periodic_shedding,periodic,train,1153.95649474,42
3747,98.4803451202,Re_98p480345,developing_periodic_shedding,periodic,train,1161.97008151,43
3748,98.4803451202,Re_98p480345,developing_periodic_shedding,periodic,train,1169.98366828,44
3749,98.4803451202,Re_98p480345,developing_periodic_shedding,periodic,train,1177.99725504,45
3750,98.4803451202,Re_98p480345,developing_periodic_shedding,periodic,train,1186.01084181,46
3751,98.4803451202,Re_98p480345,developing_periodic_shedding,periodic,train,1194.02442858,47
3752,98.4803451202,Re_98p480345,developing_periodic_shedding,periodic,train,1202.03801535,48
3753,98.4803451202,Re_98p480345,developing_periodic_shedding,periodic,train,1210.05160212,49
3754,98.4803451202,Re_98p480345,developing_periodic_shedding,periodic,train,1218.06518889,50
3755,98.4803451202,Re_98p480345,developing_periodic_shedding,periodic,train,1226.07877566,51
3756,98.4803451202,Re_98p480345,developing_periodic_shedding,periodic,train,1234.09236243,52
3757,98.4803451202,Re_98p480345,developing_periodic_shedding,periodic,train,1242.1059492,53
3758,98.4803451202,Re_98p480345,developing_periodic_shedding,periodic,train,1250.11953597,54
3759,98.4803451202,Re_98p480345,developing_periodic_shedding,periodic,train,1258.13312273,55
3760,98.4803451202,Re_98p480345,developing_periodic_shedding,periodic,train,1266.1467095,56
3761,98.4803451202,Re_98p480345,developing_periodic_shedding,periodic,train,1274.16029627,57
3762,98.4803451202,Re_98p480345,developing_periodic_shedding,periodic,train,1282.17388304,58
3763,98.4803451202,Re_98p480345,developing_periodic_shedding,periodic,train,1290.18746981,59
3764,98.4803451202,Re_98p480345,developing_periodic_shedding,periodic,train,1298.20105658,60
3765,98.4803451202,Re_98p480345,developing_periodic_shedding,periodic,train,1306.21464335,61
3766,98.4803451202,Re_98p480345,developing_periodic_shedding,periodic,train,1314.22823012,62
3767,98.4803451202,Re_98p480345,developing_periodic_shedding,periodic,train,1322.24181689,63
3768,98.4803451202,Re_98p480345,developing_periodic_shedding,periodic,train,1330.25540366,64
3769,98.4803451202,Re_98p480345,developing_periodic_shedding,periodic,train,1338.26899042,65
3770,98.4803451202,Re_98p480345,developing_periodic_shedding,periodic,train,1346.28257719,66
3771,98.4803451202,Re_98p480345,developing_periodic_shedding,periodic,train,1354.29616396,67
3772,98.4803451202,Re_98p480345,developing_periodic_shedding,periodic,train,1362.30975073,68
3773,98.4803451202,Re_98p480345,developing_periodic_shedding,periodic,train,1370.3233375,69
3774,98.4803451202,Re_98p480345,developing_periodic_shedding,periodic,train,1378.33692427,70
3775,98.4803451202,Re_98p480345,developing_periodic_shedding,periodic,train,1386.35051104,71
3776,98.4803451202,Re_98p480345,developing_periodic_shedding,periodic,train,1394.36409781,72
3777,98.4803451202,Re_98p480345,developing_periodic_shedding,periodic,train,1402.37768458,73
3778,98.4803451202,Re_98p480345,developing_periodic_shedding,periodic,train,1410.39127135,74
3779,98.4803451202,Re_98p480345,developing_periodic_shedding,periodic,train,1418.40485811,75
3780,98.4803451202,Re_98p480345,developing_periodic_shedding,periodic,train,1426.41844488,76
3781,98.4803451202,Re_98p480345,developing_periodic_shedding,periodic,train,1434.43203165,77
3782,98.4803451202,Re_98p480345,developing_periodic_shedding,periodic,train,1442.44561842,78
3783,98.4803451202,Re_98p480345,developing_periodic_shedding,periodic,train,1450.45920519,79
3784,98.4803451202,Re_98p480345,developing_periodic_shedding,periodic,train,1458.47279196,80
3785,98.4803451202,Re_98p480345,developing_periodic_shedding,periodic,train,1466.48637873,81
3786,98.4803451202,Re_98p480345,developing_periodic_shedding,periodic,train,1474.4999655,82
3787,98.4803451202,Re_98p480345,developing_periodic_shedding,periodic,train,1482.51355227,83
3788,98.4803451202,Re_98p480345,developing_periodic_shedding,periodic,train,1490.52713904,84
3789,98.4803451202,Re_98p480345,developing_periodic_shedding,periodic,train,1498.5407258,85
3790,98.4803451202,Re_98p480345,developing_periodic_shedding,periodic,train,1506.55431257,86
3791,98.4803451202,Re_98p480345,developing_periodic_shedding,periodic,train,1514.56789934,87
3792,98.4803451202,Re_98p480345,developing_periodic_shedding,periodic,train,1522.58148611,88
3793,98.4803451202,Re_98p480345,developing_periodic_shedding,periodic,train,1530.59507288,89
3794,98.4803451202,Re_98p480345,developing_periodic_shedding,periodic,train,1538.60865965,90
3795,98.4803451202,Re_98p480345,developing_periodic_shedding,periodic,train,1546.62224642,91
3796,98.4803451202,Re_98p480345,developing_periodic_shedding,periodic,train,1554.63583319,92
3797,98.4803451202,Re_98p480345,developing_periodic_shedding,periodic,train,1562.64941996,93
3798,98.4803451202,Re_98p480345,developing_periodic_shedding,periodic,train,1570.66300673,94
3799,98.4803451202,Re_98p480345,developing_periodic_shedding,periodic,train,1578.67659349,95
3800,98.4803451202,Re_98p480345,developing_periodic_shedding,periodic,train,1586.69018026,96
3801,98.4803451202,Re_98p480345,developing_periodic_shedding,periodic,train,1594.70376703,97
3802,98.4803451202,Re_98p480345,developing_periodic_shedding,periodic,train,1602.7173538,98
3803,98.4803451202,Re_98p480345,developing_periodic_shedding,periodic,train,1610.73094057,99
3804,98.4803451202,Re_98p480345,developing_periodic_shedding,periodic,train,1618.74452734,100
3805,98.4803451202,Re_98p480345,developing_periodic_shedding,periodic,train,1626.75811411,101
3806,98.4803451202,Re_98p480345,developing_periodic_shedding,periodic,train,1634.77170088,102
3807,98.4803451202,Re_98p480345,developing_periodic_shedding,periodic,train,1642.78528765,103
3808,98.4803451202,Re_98p480345,developing_periodic_shedding,periodic,train,1650.79887442,104
3809,98.4803451202,Re_98p480345,developing_periodic_shedding,periodic,train,1658.81246119,105
3810,98.4803451202,Re_98p480345,developing_periodic_shedding,periodic,train,1666.82604795,106
3811,98.4803451202,Re_98p480345,developing_periodic_shedding,periodic,train,1674.83963472,107
3812,98.4803451202,Re_98p480345,developing_periodic_shedding,periodic,train,1682.85322149,108
3813,98.4803451202,Re_98p480345,developing_periodic_shedding,periodic,train,1690.86680826,109
3814,98.4803451202,Re_98p480345,developing_periodic_shedding,periodic,train,1698.88039503,110
3815,98.4803451202,Re_98p480345,developing_periodic_shedding,periodic,train,1706.8939818,111
3816,98.4803451202,Re_98p480345,developing_periodic_shedding,periodic,train,1714.90756857,112
3817,98.4803451202,Re_98p480345,developing_periodic_shedding,periodic,train,1722.92115534,113
3818,98.4803451202,Re_98p480345,developing_periodic_shedding,periodic,train,1730.93474211,114
3819,98.4803451202,Re_98p480345,developing_periodic_shedding,periodic,train,1738.94832888,115
3820,98.4803451202,Re_98p480345,developing_periodic_shedding,periodic,train,1746.96191564,116
3821,98.4803451202,Re_98p480345,developing_periodic_shedding,periodic,train,1754.97550241,117
3822,98.4803451202,Re_98p480345,developing_periodic_shedding,periodic,train,1762.98908918,118
3823,98.4803451202,Re_98p480345,developing_periodic_shedding,periodic,train,1771.00267595,119
3824,98.4803451202,Re_98p480345,developing_periodic_shedding,periodic,train,1779.01626272,120
3825,98.4803451202,Re_98p480345,developing_periodic_shedding,periodic,train,1787.02984949,121
3826,98.4803451202,Re_98p480345,developing_periodic_shedding,periodic,train,1795.04343626,122
3827,98.4803451202,Re_98p480345,developing_periodic_shedding,periodic,train,1803.05702303,123
3828,98.4803451202,Re_98p480345,developing_periodic_shedding,periodic,train,1811.0706098,124
3829,98.4803451202,Re_98p480345,developing_periodic_shedding,periodic,train,1819.08419657,125
3830,98.4803451202,Re_98p480345,developing_periodic_shedding,periodic,train,1827.09778333,126
3831,98.4803451202,Re_98p480345,developing_periodic_shedding,periodic,train,1835.1113701,127
3832,98.4803451202,Re_98p480345,developing_periodic_shedding,periodic,train,1843.12495687,128
3833,98.4803451202,Re_98p480345,developing_periodic_shedding,periodic,train,1851.13854364,129
3834,98.4803451202,Re_98p480345,developing_periodic_shedding,periodic,train,1859.15213041,130
3835,98.4803451202,Re_98p480345,developing_periodic_shedding,periodic,train,1867.16571718,131
3836,98.4803451202,Re_98p480345,developing_periodic_shedding,periodic,train,1875.17930395,132
3837,98.4803451202,Re_98p480345,developing_periodic_shedding,periodic,train,1883.19289072,133
3838,98.4803451202,Re_98p480345,developing_periodic_shedding,periodic,train,1891.20647749,134
3839,98.4803451202,Re_98p480345,developing_periodic_shedding,periodic,train,1899.22006426,135
3840,98.4803451202,Re_98p480345,developing_periodic_shedding,periodic,train,1907.23365102,136
3841,98.4803451202,Re_98p480345,developing_periodic_shedding,periodic,train,1915.24723779,137
3842,98.4803451202,Re_98p480345,developing_periodic_shedding,periodic,train,1923.26082456,138
3843,98.4803451202,Re_98p480345,developing_periodic_shedding,periodic,train,1931.27441133,139
3844,98.4803451202,Re_98p480345,developing_periodic_shedding,periodic,train,1939.2879981,140
3845,98.4803451202,Re_98p480345,developing_periodic_shedding,periodic,train,1947.30158487,141
3846,98.4803451202,Re_98p480345,developing_periodic_shedding,periodic,train,1955.31517164,142
3847,98.4803451202,Re_98p480345,developing_periodic_shedding,periodic,train,1963.32875841,143
3848,98.4803451202,Re_98p480345,developing_periodic_shedding,periodic,train,1971.34234518,144
3849,98.4803451202,Re_98p480345,developing_periodic_shedding,periodic,train,1979.35593195,145
3850,98.4803451202,Re_98p480345,developing_periodic_shedding,periodic,train,1987.36951871,146
3851,98.4803451202,Re_98p480345,developing_periodic_shedding,periodic,train,1995.38310548,147
3852,98.4803451202,Re_98p480345,developing_periodic_shedding,periodic,train,2003.39669225,148
3853,98.4803451202,Re_98p480345,developing_periodic_shedding,periodic,train,2011.41027902,149
3854,98.4803451202,Re_98p480345,developing_periodic_shedding,periodic,train,2019.42386579,150
3855,98.4803451202,Re_98p480345,developing_periodic_shedding,periodic,train,2027.43745256,151
3856,98.4803451202,Re_98p480345,developing_periodic_shedding,periodic,train,2035.45103933,152
3857,98.4803451202,Re_98p480345,developing_periodic_shedding,periodic,train,2043.4646261,153
3858,98.4803451202,Re_98p480345,developing_periodic_shedding,periodic,train,2051.47821287,154
3859,98.4803451202,Re_98p480345,developing_periodic_shedding,periodic,train,2059.49179964,155
3860,98.4803451202,Re_98p480345,developing_periodic_shedding,periodic,train,2067.5053864,156
3861,98.4803451202,Re_98p480345,developing_periodic_shedding,periodic,train,2075.51897317,157
3862,98.4803451202,Re_98p480345,developing_periodic_shedding,periodic,train,2083.53255994,158
3863,98.4803451202,Re_98p480345,developing_periodic_shedding,periodic,train,2091.54614671,159
3864,98.4803451202,Re_98p480345,developing_periodic_shedding,periodic,train,2099.55973348,160
3865,100.352251335,Re_100p352251,mature_periodic_shedding,periodic,heldout,798.41465462,0
3866,100.352251335,Re_100p352251,mature_periodic_shedding,periodic,heldout,806.24224927,1
3867,100.352251335,Re_100p352251,mature_periodic_shedding,periodic,heldout,814.06984393,2
3868,100.352251335,Re_100p352251,mature_periodic_shedding,periodic,heldout,821.89743858,3
3869,100.352251335,Re_100p352251,mature_periodic_shedding,periodic,heldout,829.72503323,4
3870,100.352251335,Re_100p352251,mature_periodic_shedding,periodic,heldout,837.55262789,5
3871,100.352251335,Re_100p352251,mature_periodic_shedding,periodic,heldout,845.38022254,6
3872,100.352251335,Re_100p352251,mature_periodic_shedding,periodic,heldout,853.20781719,7
3873,100.352251335,Re_100p352251,mature_periodic_shedding,periodic,heldout,861.03541185,8
3874,100.352251335,Re_100p352251,mature_periodic_shedding,periodic,heldout,868.8630065,9
3875,100.352251335,Re_100p352251,mature_periodic_shedding,periodic,heldout,876.69060115,10
3876,100.352251335,Re_100p352251,mature_periodic_shedding,periodic,heldout,884.5181958,11
3877,100.352251335,Re_100p352251,mature_periodic_shedding,periodic,heldout,892.34579046,12
3878,100.352251335,Re_100p352251,mature_periodic_shedding,periodic,heldout,900.17338511,13
3879,100.352251335,Re_100p352251,mature_periodic_shedding,periodic,heldout,908.00097976,14
3880,100.352251335,Re_100p352251,mature_periodic_shedding,periodic,heldout,915.82857442,15
3881,100.352251335,Re_100p352251,mature_periodic_shedding,periodic,heldout,923.65616907,16
3882,100.352251335,Re_100p352251,mature_periodic_shedding,periodic,heldout,931.48376372,17
3883,100.352251335,Re_100p352251,mature_periodic_shedding,periodic,heldout,939.31135838,18
3884,100.352251335,Re_100p352251,mature_periodic_shedding,periodic,heldout,947.13895303,19
3885,100.352251335,Re_100p352251,mature_periodic_shedding,periodic,heldout,954.96654768,20
3886,100.352251335,Re_100p352251,mature_periodic_shedding,periodic,heldout,962.79414234,21
3887,100.352251335,Re_100p352251,mature_periodic_shedding,periodic,heldout,970.62173699,22
3888,100.352251335,Re_100p352251,mature_periodic_shedding,periodic,heldout,978.44933164,23
3889,100.352251335,Re_100p352251,mature_periodic_shedding,periodic,heldout,986.2769263,24
3890,100.352251335,Re_100p352251,mature_periodic_shedding,periodic,heldout,994.10452095,25
3891,100.352251335,Re_100p352251,mature_periodic_shedding,periodic,heldout,1001.9321156,26
3892,100.352251335,Re_100p352251,mature_periodic_shedding,periodic,heldout,1009.75971026,27
3893,100.352251335,Re_100p352251,mature_periodic_shedding,periodic,heldout,1017.58730491,28
3894,100.352251335,Re_100p352251,mature_periodic_shedding,periodic,heldout,1025.41489956,29
3895,100.352251335,Re_100p352251,mature_periodic_shedding,periodic,heldout,1033.24249421,30
3896,100.352251335,Re_100p352251,mature_periodic_shedding,periodic,heldout,1041.07008887,31
3897,100.352251335,Re_100p352251,mature_periodic_shedding,periodic,heldout,1048.89768352,32
3898,100.352251335,Re_100p352251,mature_periodic_shedding,periodic,heldout,1056.72527817,33
3899,100.352251335,Re_100p352251,mature_periodic_shedding,periodic,heldout,1064.55287283,34
3900,100.352251335,Re_100p352251,mature_periodic_shedding,periodic,heldout,1072.38046748,35
3901,100.352251335,Re_100p352251,mature_periodic_shedding,periodic,heldout,1080.20806213,36
3902,100.352251335,Re_100p352251,mature_periodic_shedding,periodic,heldout,1088.03565679,37
3903,100.352251335,Re_100p352251,mature_periodic_shedding,periodic,heldout,1095.86325144,38
3904,100.352251335,Re_100p352251,mature_periodic_shedding,periodic,heldout,1103.69084609,39
3905,100.352251335,Re_100p352251,mature_periodic_shedding,periodic,heldout,1111.51844075,40
3906,100.352251335,Re_100p352251,mature_periodic_shedding,periodic,heldout,1119.3460354,41
3907,100.352251335,Re_100p352251,mature_periodic_shedding,periodic,heldout,1127.17363005,42
3908,100.352251335,Re_100p352251,mature_periodic_shedding,periodic,heldout,1135.00122471,43
3909,100.352251335,Re_100p352251,mature_periodic_shedding,periodic,heldout,1142.82881936,44
3910,100.352251335,Re_100p352251,mature_periodic_shedding,periodic,heldout,1150.65641401,45
3911,100.352251335,Re_100p352251,mature_periodic_shedding,periodic,heldout,1158.48400866,46
3912,100.352251335,Re_100p352251,mature_periodic_shedding,periodic,heldout,1166.31160332,47
3913,100.352251335,Re_100p352251,mature_periodic_shedding,periodic,heldout,1174.13919797,48
3914,100.352251335,Re_100p352251,mature_periodic_shedding,periodic,heldout,1181.96679262,49
3915,100.352251335,Re_100p352251,mature_periodic_shedding,periodic,heldout,1189.79438728,50
3916,100.352251335,Re_100p352251,mature_periodic_shedding,periodic,heldout,1197.62198193,51
3917,100.352251335,Re_100p352251,mature_periodic_shedding,periodic,heldout,1205.44957658,52
3918,100.352251335,Re_100p352251,mature_periodic_shedding,periodic,heldout,1213.27717124,53
3919,100.352251335,Re_100p352251,mature_periodic_shedding,periodic,heldout,1221.10476589,54
3920,100.352251335,Re_100p352251,mature_periodic_shedding,periodic,heldout,1228.93236054,55
3921,100.352251335,Re_100p352251,mature_periodic_shedding,periodic,heldout,1236.7599552,56
3922,100.352251335,Re_100p352251,mature_periodic_shedding,periodic,heldout,1244.58754985,57
3923,100.352251335,Re_100p352251,mature_periodic_shedding,periodic,heldout,1252.4151445,58
3924,100.352251335,Re_100p352251,mature_periodic_shedding,periodic,heldout,1260.24273916,59
3925,100.352251335,Re_100p352251,mature_periodic_shedding,periodic,heldout,1268.07033381,60
3926,100.352251335,Re_100p352251,mature_periodic_shedding,periodic,heldout,1275.89792846,61
3927,100.352251335,Re_100p352251,mature_periodic_shedding,periodic,heldout,1283.72552311,62
3928,100.352251335,Re_100p352251,mature_periodic_shedding,periodic,heldout,1291.55311777,63
3929,100.352251335,Re_100p352251,mature_periodic_shedding,periodic,heldout,1299.38071242,64
3930,100.352251335,Re_100p352251,mature_periodic_shedding,periodic,heldout,1307.20830707,65
3931,100.352251335,Re_100p352251,mature_periodic_shedding,periodic,heldout,1315.03590173,66
3932,100.352251335,Re_100p352251,mature_periodic_shedding,periodic,heldout,1322.86349638,67
3933,100.352251335,Re_100p352251,mature_periodic_shedding,periodic,heldout,1330.69109103,68
3934,100.352251335,Re_100p352251,mature_periodic_shedding,periodic,heldout,1338.51868569,69
3935,100.352251335,Re_100p352251,mature_periodic_shedding,periodic,heldout,1346.34628034,70
3936,100.352251335,Re_100p352251,mature_periodic_shedding,periodic,heldout,1354.17387499,71
3937,100.352251335,Re_100p352251,mature_periodic_shedding,periodic,heldout,1362.00146965,72
3938,100.352251335,Re_100p352251,mature_periodic_shedding,periodic,heldout,1369.8290643,73
3939,100.352251335,Re_100p352251,mature_periodic_shedding,periodic,heldout,1377.65665895,74
3940,100.352251335,Re_100p352251,mature_periodic_shedding,periodic,heldout,1385.48425361,75
3941,100.352251335,Re_100p352251,mature_periodic_shedding,periodic,heldout,1393.31184826,76
3942,100.352251335,Re_100p352251,mature_periodic_shedding,periodic,heldout,1401.13944291,77
3943,100.352251335,Re_100p352251,mature_periodic_shedding,periodic,heldout,1408.96703757,78
3944,100.352251335,Re_100p352251,mature_periodic_shedding,periodic,heldout,1416.79463222,79
3945,100.352251335,Re_100p352251,mature_periodic_shedding,periodic,heldout,1424.62222687,80
3946,100.352251335,Re_100p352251,mature_periodic_shedding,periodic,heldout,1432.44982152,81
3947,100.352251335,Re_100p352251,mature_periodic_shedding,periodic,heldout,1440.27741618,82
3948,100.352251335,Re_100p352251,mature_periodic_shedding,periodic,heldout,1448.10501083,83
3949,100.352251335,Re_100p352251,mature_periodic_shedding,periodic,heldout,1455.93260548,84
3950,100.352251335,Re_100p352251,mature_periodic_shedding,periodic,heldout,1463.76020014,85
3951,100.352251335,Re_100p352251,mature_periodic_shedding,periodic,heldout,1471.58779479,86
3952,100.352251335,Re_100p352251,mature_periodic_shedding,periodic,heldout,1479.41538944,87
3953,100.352251335,Re_100p352251,mature_periodic_shedding,periodic,heldout,1487.2429841,88
3954,100.352251335,Re_100p352251,mature_periodic_shedding,periodic,heldout,1495.07057875,89
3955,100.352251335,Re_100p352251,mature_periodic_shedding,periodic,heldout,1502.8981734,90
3956,100.352251335,Re_100p352251,mature_periodic_shedding,periodic,heldout,1510.72576806,91
3957,100.352251335,Re_100p352251,mature_periodic_shedding,periodic,heldout,1518.55336271,92
3958,100.352251335,Re_100p352251,mature_periodic_shedding,periodic,heldout,1526.38095736,93
3959,100.352251335,Re_100p352251,mature_periodic_shedding,periodic,heldout,1534.20855202,94
3960,100.352251335,Re_100p352251,mature_periodic_shedding,periodic,heldout,1542.03614667,95
3961,100.352251335,Re_100p352251,mature_periodic_shedding,periodic,heldout,1549.86374132,96
3962,100.352251335,Re_100p352251,mature_periodic_shedding,periodic,heldout,1557.69133597,97
3963,100.352251335,Re_100p352251,mature_periodic_shedding,periodic,heldout,1565.51893063,98
3964,100.352251335,Re_100p352251,mature_periodic_shedding,periodic,heldout,1573.34652528,99
3965,100.352251335,Re_100p352251,mature_periodic_shedding,periodic,heldout,1581.17411993,100
3966,100.352251335,Re_100p352251,mature_periodic_shedding,periodic,heldout,1589.00171459,101
3967,100.352251335,Re_100p352251,mature_periodic_shedding,periodic,heldout,1596.82930924,102
3968,100.352251335,Re_100p352251,mature_periodic_shedding,periodic,heldout,1604.65690389,103
3969,100.352251335,Re_100p352251,mature_periodic_shedding,periodic,heldout,1612.48449855,104
3970,100.352251335,Re_100p352251,mature_periodic_shedding,periodic,heldout,1620.3120932,105
3971,100.352251335,Re_100p352251,mature_periodic_shedding,periodic,heldout,1628.13968785,106
3972,100.352251335,Re_100p352251,mature_periodic_shedding,periodic,heldout,1635.96728251,107
3973,100.352251335,Re_100p352251,mature_periodic_shedding,periodic,heldout,1643.79487716,108
3974,100.352251335,Re_100p352251,mature_periodic_shedding,periodic,heldout,1651.62247181,109
3975,100.352251335,Re_100p352251,mature_periodic_shedding,periodic,heldout,1659.45006647,110
3976,100.352251335,Re_100p352251,mature_periodic_shedding,periodic,heldout,1667.27766112,111
3977,100.352251335,Re_100p352251,mature_periodic_shedding,periodic,heldout,1675.10525577,112
3978,100.352251335,Re_100p352251,mature_periodic_shedding,periodic,heldout,1682.93285043,113
3979,100.352251335,Re_100p352251,mature_periodic_shedding,periodic,heldout,1690.76044508,114
3980,100.352251335,Re_100p352251,mature_periodic_shedding,periodic,heldout,1698.58803973,115
3981,100.352251335,Re_100p352251,mature_periodic_shedding,periodic,heldout,1706.41563438,116
3982,100.352251335,Re_100p352251,mature_periodic_shedding,periodic,heldout,1714.24322904,117
3983,100.352251335,Re_100p352251,mature_periodic_shedding,periodic,heldout,1722.07082369,118
3984,100.352251335,Re_100p352251,mature_periodic_shedding,periodic,heldout,1729.89841834,119
3985,100.352251335,Re_100p352251,mature_periodic_shedding,periodic,heldout,1737.726013,120
3986,100.352251335,Re_100p352251,mature_periodic_shedding,periodic,heldout,1745.55360765,121
3987,100.352251335,Re_100p352251,mature_periodic_shedding,periodic,heldout,1753.3812023,122
3988,100.352251335,Re_100p352251,mature_periodic_shedding,periodic,heldout,1761.20879696,123
3989,100.352251335,Re_100p352251,mature_periodic_shedding,periodic,heldout,1769.03639161,124
3990,100.352251335,Re_100p352251,mature_periodic_shedding,periodic,heldout,1776.86398626,125
3991,100.352251335,Re_100p352251,mature_periodic_shedding,periodic,heldout,1784.69158092,126
3992,100.352251335,Re_100p352251,mature_periodic_shedding,periodic,heldout,1792.51917557,127
3993,100.352251335,Re_100p352251,mature_periodic_shedding,periodic,heldout,1800.34677022,128
3994,100.352251335,Re_100p352251,mature_periodic_shedding,periodic,heldout,1808.17436488,129
3995,100.352251335,Re_100p352251,mature_periodic_shedding,periodic,heldout,1816.00195953,130
3996,100.352251335,Re_100p352251,mature_periodic_shedding,periodic,heldout,1823.82955418,131
3997,100.352251335,Re_100p352251,mature_periodic_shedding,periodic,heldout,1831.65714883,132
3998,100.352251335,Re_100p352251,mature_periodic_shedding,periodic,heldout,1839.48474349,133
3999,100.352251335,Re_100p352251,mature_periodic_shedding,periodic,heldout,1847.31233814,134
4000,100.352251335,Re_100p352251,mature_periodic_shedding,periodic,heldout,1855.13993279,135
4001,100.352251335,Re_100p352251,mature_periodic_shedding,periodic,heldout,1862.96752745,136
4002,100.352251335,Re_100p352251,mature_periodic_shedding,periodic,heldout,1870.7951221,137
4003,100.352251335,Re_100p352251,mature_periodic_shedding,periodic,heldout,1878.62271675,138
4004,100.352251335,Re_100p352251,mature_periodic_shedding,periodic,heldout,1886.45031141,139
4005,100.352251335,Re_100p352251,mature_periodic_shedding,periodic,heldout,1894.27790606,140
4006,100.352251335,Re_100p352251,mature_periodic_shedding,periodic,heldout,1902.10550071,141
4007,100.352251335,Re_100p352251,mature_periodic_shedding,periodic,heldout,1909.93309537,142
4008,100.352251335,Re_100p352251,mature_periodic_shedding,periodic,heldout,1917.76069002,143
4009,100.352251335,Re_100p352251,mature_periodic_shedding,periodic,heldout,1925.58828467,144
4010,100.352251335,Re_100p352251,mature_periodic_shedding,periodic,heldout,1933.41587933,145
4011,100.352251335,Re_100p352251,mature_periodic_shedding,periodic,heldout,1941.24347398,146
4012,100.352251335,Re_100p352251,mature_periodic_shedding,periodic,heldout,1949.07106863,147
4013,100.352251335,Re_100p352251,mature_periodic_shedding,periodic,heldout,1956.89866329,148
4014,100.352251335,Re_100p352251,mature_periodic_shedding,periodic,heldout,1964.72625794,149
4015,100.352251335,Re_100p352251,mature_periodic_shedding,periodic,heldout,1972.55385259,150
4016,100.352251335,Re_100p352251,mature_periodic_shedding,periodic,heldout,1980.38144724,151
4017,100.352251335,Re_100p352251,mature_periodic_shedding,periodic,heldout,1988.2090419,152
4018,100.352251335,Re_100p352251,mature_periodic_shedding,periodic,heldout,1996.03663655,153
4019,100.352251335,Re_100p352251,mature_periodic_shedding,periodic,heldout,2003.8642312,154
4020,100.352251335,Re_100p352251,mature_periodic_shedding,periodic,heldout,2011.69182586,155
4021,100.352251335,Re_100p352251,mature_periodic_shedding,periodic,heldout,2019.51942051,156
4022,100.352251335,Re_100p352251,mature_periodic_shedding,periodic,heldout,2027.34701516,157
4023,100.352251335,Re_100p352251,mature_periodic_shedding,periodic,heldout,2035.17460982,158
4024,100.352251335,Re_100p352251,mature_periodic_shedding,periodic,heldout,2043.00220447,159
4025,100.352251335,Re_100p352251,mature_periodic_shedding,periodic,heldout,2050.82979912,160
4026,102.440041809,Re_102p440042,mature_periodic_shedding,periodic,train,778.26815151,0
4027,102.440041809,Re_102p440042,mature_periodic_shedding,periodic,train,785.89823142,1
4028,102.440041809,Re_102p440042,mature_periodic_shedding,periodic,train,793.52831134,2
4029,102.440041809,Re_102p440042,mature_periodic_shedding,periodic,train,801.15839126,3
4030,102.440041809,Re_102p440042,mature_periodic_shedding,periodic,train,808.78847117,4
4031,102.440041809,Re_102p440042,mature_periodic_shedding,periodic,train,816.41855109,5
4032,102.440041809,Re_102p440042,mature_periodic_shedding,periodic,train,824.04863101,6
4033,102.440041809,Re_102p440042,mature_periodic_shedding,periodic,train,831.67871092,7
4034,102.440041809,Re_102p440042,mature_periodic_shedding,periodic,train,839.30879084,8
4035,102.440041809,Re_102p440042,mature_periodic_shedding,periodic,train,846.93887076,9
4036,102.440041809,Re_102p440042,mature_periodic_shedding,periodic,train,854.56895067,10
4037,102.440041809,Re_102p440042,mature_periodic_shedding,periodic,train,862.19903059,11
4038,102.440041809,Re_102p440042,mature_periodic_shedding,periodic,train,869.82911051,12
4039,102.440041809,Re_102p440042,mature_periodic_shedding,periodic,train,877.45919042,13
4040,102.440041809,Re_102p440042,mature_periodic_shedding,periodic,train,885.08927034,14
4041,102.440041809,Re_102p440042,mature_periodic_shedding,periodic,train,892.71935026,15
4042,102.440041809,Re_102p440042,mature_periodic_shedding,periodic,train,900.34943017,16
4043,102.440041809,Re_102p440042,mature_periodic_shedding,periodic,train,907.97951009,17
4044,102.440041809,Re_102p440042,mature_periodic_shedding,periodic,train,915.60959001,18
4045,102.440041809,Re_102p440042,mature_periodic_shedding,periodic,train,923.23966992,19
4046,102.440041809,Re_102p440042,mature_periodic_shedding,periodic,train,930.86974984,20
4047,102.440041809,Re_102p440042,mature_periodic_shedding,periodic,train,938.49982976,21
4048,102.440041809,Re_102p440042,mature_periodic_shedding,periodic,train,946.12990967,22
4049,102.440041809,Re_102p440042,mature_periodic_shedding,periodic,train,953.75998959,23
4050,102.440041809,Re_102p440042,mature_periodic_shedding,periodic,train,961.39006951,24
4051,102.440041809,Re_102p440042,mature_periodic_shedding,periodic,train,969.02014942,25
4052,102.440041809,Re_102p440042,mature_periodic_shedding,periodic,train,976.65022934,26
4053,102.440041809,Re_102p440042,mature_periodic_shedding,periodic,train,984.28030926,27
4054,102.440041809,Re_102p440042,mature_periodic_shedding,periodic,train,991.91038917,28
4055,102.440041809,Re_102p440042,mature_periodic_shedding,periodic,train,999.54046909,29
4056,102.440041809,Re_102p440042,mature_periodic_shedding,periodic,train,1007.17054901,30
4057,102.440041809,Re_102p440042,mature_periodic_shedding,periodic,train,1014.80062892,31
4058,102.440041809,Re_102p440042,mature_periodic_shedding,periodic,train,1022.43070884,32
4059,102.440041809,Re_102p440042,mature_periodic_shedding,periodic,train,1030.06078876,33
4060,102.440041809,Re_102p440042,mature_periodic_shedding,periodic,train,1037.69086867,34
4061,102.440041809,Re_102p440042,mature_periodic_shedding,periodic,train,1045.32094859,35
4062,102.440041809,Re_102p440042,mature_periodic_shedding,periodic,train,1052.95102851,36
4063,102.440041809,Re_102p440042,mature_periodic_shedding,periodic,train,1060.58110842,37
4064,102.440041809,Re_102p440042,mature_periodic_shedding,periodic,train,1068.21118834,38
4065,102.440041809,Re_102p440042,mature_periodic_shedding,periodic,train,1075.84126826,39
4066,102.440041809,Re_102p440042,mature_periodic_shedding,periodic,train,1083.47134817,40
4067,102.440041809,Re_102p440042,mature_periodic_shedding,periodic,train,1091.10142809,41
4068,102.440041809,Re_102p440042,mature_periodic_shedding,periodic,train,1098.73150801,42
4069,102.440041809,Re_102p440042,mature_periodic_shedding,periodic,train,1106.36158792,43
4070,102.440041809,Re_102p440042,mature_periodic_shedding,periodic,train,1113.99166784,44
4071,102.440041809,Re_102p440042,mature_periodic_shedding,periodic,train,1121.62174776,45
4072,102.440041809,Re_102p440042,mature_periodic_shedding,periodic,train,1129.25182767,46
4073,102.440041809,Re_102p440042,mature_periodic_shedding,periodic,train,1136.88190759,47
4074,102.440041809,Re_102p440042,mature_periodic_shedding,periodic,train,1144.51198751,48
4075,102.440041809,Re_102p440042,mature_periodic_shedding,periodic,train,1152.14206742,49
4076,102.440041809,Re_102p440042,mature_periodic_shedding,periodic,train,1159.77214734,50
4077,102.440041809,Re_102p440042,mature_periodic_shedding,periodic,train,1167.40222726,51
4078,102.440041809,Re_102p440042,mature_periodic_shedding,periodic,train,1175.03230717,52
4079,102.440041809,Re_102p440042,mature_periodic_shedding,periodic,train,1182.66238709,53
4080,102.440041809,Re_102p440042,mature_periodic_shedding,periodic,train,1190.29246701,54
4081,102.440041809,Re_102p440042,mature_periodic_shedding,periodic,train,1197.92254693,55
4082,102.440041809,Re_102p440042,mature_periodic_shedding,periodic,train,1205.55262684,56
4083,102.440041809,Re_102p440042,mature_periodic_shedding,periodic,train,1213.18270676,57
4084,102.440041809,Re_102p440042,mature_periodic_shedding,periodic,train,1220.81278668,58
4085,102.440041809,Re_102p440042,mature_periodic_shedding,periodic,train,1228.44286659,59
4086,102.440041809,Re_102p440042,mature_periodic_shedding,periodic,train,1236.07294651,60
4087,102.440041809,Re_102p440042,mature_periodic_shedding,periodic,train,1243.70302643,61
4088,102.440041809,Re_102p440042,mature_periodic_shedding,periodic,train,1251.33310634,62
4089,102.440041809,Re_102p440042,mature_periodic_shedding,periodic,train,1258.96318626,63
4090,102.440041809,Re_102p440042,mature_periodic_shedding,periodic,train,1266.59326618,64
4091,102.440041809,Re_102p440042,mature_periodic_shedding,periodic,train,1274.22334609,65
4092,102.440041809,Re_102p440042,mature_periodic_shedding,periodic,train,1281.85342601,66
4093,102.440041809,Re_102p440042,mature_periodic_shedding,periodic,train,1289.48350593,67
4094,102.440041809,Re_102p440042,mature_periodic_shedding,periodic,train,1297.11358584,68
4095,102.440041809,Re_102p440042,mature_periodic_shedding,periodic,train,1304.74366576,69
4096,102.440041809,Re_102p440042,mature_periodic_shedding,periodic,train,1312.37374568,70
4097,102.440041809,Re_102p440042,mature_periodic_shedding,periodic,train,1320.00382559,71
4098,102.440041809,Re_102p440042,mature_periodic_shedding,periodic,train,1327.63390551,72
4099,102.440041809,Re_102p440042,mature_periodic_shedding,periodic,train,1335.26398543,73
4100,102.440041809,Re_102p440042,mature_periodic_shedding,periodic,train,1342.89406534,74
4101,102.440041809,Re_102p440042,mature_periodic_shedding,periodic,train,1350.52414526,75
4102,102.440041809,Re_102p440042,mature_periodic_shedding,periodic,train,1358.15422518,76
4103,102.440041809,Re_102p440042,mature_periodic_shedding,periodic,train,1365.78430509,77
4104,102.440041809,Re_102p440042,mature_periodic_shedding,periodic,train,1373.41438501,78
4105,102.440041809,Re_102p440042,mature_periodic_shedding,periodic,train,1381.04446493,79
4106,102.440041809,Re_102p440042,mature_periodic_shedding,periodic,train,1388.67454484,80
4107,102.440041809,Re_102p440042,mature_periodic_shedding,periodic,train,1396.30462476,81
4108,102.440041809,Re_102p440042,mature_periodic_shedding,periodic,train,1403.93470468,82
4109,102.440041809,Re_102p440042,mature_periodic_shedding,periodic,train,1411.56478459,83
4110,102.440041809,Re_102p440042,mature_periodic_shedding,periodic,train,1419.19486451,84
4111,102.440041809,Re_102p440042,mature_periodic_shedding,periodic,train,1426.82494443,85
4112,102.440041809,Re_102p440042,mature_periodic_shedding,periodic,train,1434.45502434,86
4113,102.440041809,Re_102p440042,mature_periodic_shedding,periodic,train,1442.08510426,87
4114,102.440041809,Re_102p440042,mature_periodic_shedding,periodic,train,1449.71518418,88
4115,102.440041809,Re_102p440042,mature_periodic_shedding,periodic,train,1457.34526409,89
4116,102.440041809,Re_102p440042,mature_periodic_shedding,periodic,train,1464.97534401,90
4117,102.440041809,Re_102p440042,mature_periodic_shedding,periodic,train,1472.60542393,91
4118,102.440041809,Re_102p440042,mature_periodic_shedding,periodic,train,1480.23550384,92
4119,102.440041809,Re_102p440042,mature_periodic_shedding,periodic,train,1487.86558376,93
4120,102.440041809,Re_102p440042,mature_periodic_shedding,periodic,train,1495.49566368,94
4121,102.440041809,Re_102p440042,mature_periodic_shedding,periodic,train,1503.12574359,95
4122,102.440041809,Re_102p440042,mature_periodic_shedding,periodic,train,1510.75582351,96
4123,102.440041809,Re_102p440042,mature_periodic_shedding,periodic,train,1518.38590343,97
4124,102.440041809,Re_102p440042,mature_periodic_shedding,periodic,train,1526.01598334,98
4125,102.440041809,Re_102p440042,mature_periodic_shedding,periodic,train,1533.64606326,99
4126,102.440041809,Re_102p440042,mature_periodic_shedding,periodic,train,1541.27614318,100
4127,102.440041809,Re_102p440042,mature_periodic_shedding,periodic,train,1548.90622309,101
4128,102.440041809,Re_102p440042,mature_periodic_shedding,periodic,train,1556.53630301,102
4129,102.440041809,Re_102p440042,mature_periodic_shedding,periodic,train,1564.16638293,103
4130,102.440041809,Re_102p440042,mature_periodic_shedding,periodic,train,1571.79646284,104
4131,102.440041809,Re_102p440042,mature_periodic_shedding,periodic,train,1579.42654276,105
4132,102.440041809,Re_102p440042,mature_periodic_shedding,periodic,train,1587.05662268,106
4133,102.440041809,Re_102p440042,mature_periodic_shedding,periodic,train,1594.68670259,107
4134,102.440041809,Re_102p440042,mature_periodic_shedding,periodic,train,1602.31678251,108
4135,102.440041809,Re_102p440042,mature_periodic_shedding,periodic,train,1609.94686243,109
4136,102.440041809,Re_102p440042,mature_periodic_shedding,periodic,train,1617.57694234,110
4137,102.440041809,Re_102p440042,mature_periodic_shedding,periodic,train,1625.20702226,111
4138,102.440041809,Re_102p440042,mature_periodic_shedding,periodic,train,1632.83710218,112
4139,102.440041809,Re_102p440042,mature_periodic_shedding,periodic,train,1640.46718209,113
4140,102.440041809,Re_102p440042,mature_periodic_shedding,periodic,train,1648.09726201,114
4141,102.440041809,Re_102p440042,mature_periodic_shedding,periodic,train,1655.72734193,115
4142,102.440041809,Re_102p440042,mature_periodic_shedding,periodic,train,1663.35742184,116
4143,102.440041809,Re_102p440042,mature_periodic_shedding,periodic,train,1670.98750176,117
4144,102.440041809,Re_102p440042,mature_periodic_shedding,periodic,train,1678.61758168,118
4145,102.440041809,Re_102p440042,mature_periodic_shedding,periodic,train,1686.2476616,119
4146,102.440041809,Re_102p440042,mature_periodic_shedding,periodic,train,1693.87774151,120
4147,102.440041809,Re_102p440042,mature_periodic_shedding,periodic,train,1701.50782143,121
4148,102.440041809,Re_102p440042,mature_periodic_shedding,periodic,train,1709.13790135,122
4149,102.440041809,Re_102p440042,mature_periodic_shedding,periodic,train,1716.76798126,123
4150,102.440041809,Re_102p440042,mature_periodic_shedding,periodic,train,1724.39806118,124
4151,102.440041809,Re_102p440042,mature_periodic_shedding,periodic,train,1732.0281411,125
4152,102.440041809,Re_102p440042,mature_periodic_shedding,periodic,train,1739.65822101,126
4153,102.440041809,Re_102p440042,mature_periodic_shedding,periodic,train,1747.28830093,127
4154,102.440041809,Re_102p440042,mature_periodic_shedding,periodic,train,1754.91838085,128
4155,102.440041809,Re_102p440042,mature_periodic_shedding,periodic,train,1762.54846076,129
4156,102.440041809,Re_102p440042,mature_periodic_shedding,periodic,train,1770.17854068,130
4157,102.440041809,Re_102p440042,mature_periodic_shedding,periodic,train,1777.8086206,131
4158,102.440041809,Re_102p440042,mature_periodic_shedding,periodic,train,1785.43870051,132
4159,102.440041809,Re_102p440042,mature_periodic_shedding,periodic,train,1793.06878043,133
4160,102.440041809,Re_102p440042,mature_periodic_shedding,periodic,train,1800.69886035,134
4161,102.440041809,Re_102p440042,mature_periodic_shedding,periodic,train,1808.32894026,135
4162,102.440041809,Re_102p440042,mature_periodic_shedding,periodic,train,1815.95902018,136
4163,102.440041809,Re_102p440042,mature_periodic_shedding,periodic,train,1823.5891001,137
4164,102.440041809,Re_102p440042,mature_periodic_shedding,periodic,train,1831.21918001,138
4165,102.440041809,Re_102p440042,mature_periodic_shedding,periodic,train,1838.84925993,139
4166,102.440041809,Re_102p440042,mature_periodic_shedding,periodic,train,1846.47933985,140
4167,102.440041809,Re_102p440042,mature_periodic_shedding,periodic,train,1854.10941976,141
4168,102.440041809,Re_102p440042,mature_periodic_shedding,periodic,train,1861.73949968,142
4169,102.440041809,Re_102p440042,mature_periodic_shedding,periodic,train,1869.3695796,143
4170,102.440041809,Re_102p440042,mature_periodic_shedding,periodic,train,1876.99965951,144
4171,102.440041809,Re_102p440042,mature_periodic_shedding,periodic,train,1884.62973943,145
4172,102.440041809,Re_102p440042,mature_periodic_shedding,periodic,train,1892.25981935,146
4173,102.440041809,Re_102p440042,mature_periodic_shedding,periodic,train,1899.88989926,147
4174,102.440041809,Re_102p440042,mature_periodic_shedding,periodic,train,1907.51997918,148
4175,102.440041809,Re_102p440042,mature_periodic_shedding,periodic,train,1915.1500591,149
4176,102.440041809,Re_102p440042,mature_periodic_shedding,periodic,train,1922.78013901,150
4177,102.440041809,Re_102p440042,mature_periodic_shedding,periodic,train,1930.41021893,151
4178,102.440041809,Re_102p440042,mature_periodic_shedding,periodic,train,1938.04029885,152
4179,102.440041809,Re_102p440042,mature_periodic_shedding,periodic,train,1945.67037876,153
4180,102.440041809,Re_102p440042,mature_periodic_shedding,periodic,train,1953.30045868,154
4181,102.440041809,Re_102p440042,mature_periodic_shedding,periodic,train,1960.9305386,155
4182,102.440041809,Re_102p440042,mature_periodic_shedding,periodic,train,1968.56061851,156
4183,102.440041809,Re_102p440042,mature_periodic_shedding,periodic,train,1976.19069843,157
4184,102.440041809,Re_102p440042,mature_periodic_shedding,periodic,train,1983.82077835,158
4185,102.440041809,Re_102p440042,mature_periodic_shedding,periodic,train,1991.45085826,159
4186,102.440041809,Re_102p440042,mature_periodic_shedding,periodic,train,1999.08093818,160
4187,104.710910987,Re_104p710911,mature_periodic_shedding,periodic,train,757.47852419,0
4188,104.710910987,Re_104p710911,mature_periodic_shedding,periodic,train,764.90478423,1
4189,104.710910987,Re_104p710911,mature_periodic_shedding,periodic,train,772.33104427,2
4190,104.710910987,Re_104p710911,mature_periodic_shedding,periodic,train,779.75730431,3
4191,104.710910987,Re_104p710911,mature_periodic_shedding,periodic,train,787.18356435,4
4192,104.710910987,Re_104p710911,mature_periodic_shedding,periodic,train,794.60982439,5
4193,104.710910987,Re_104p710911,mature_periodic_shedding,periodic,train,802.03608443,6
4194,104.710910987,Re_104p710911,mature_periodic_shedding,periodic,train,809.46234448,7
4195,104.710910987,Re_104p710911,mature_periodic_shedding,periodic,train,816.88860452,8
4196,104.710910987,Re_104p710911,mature_periodic_shedding,periodic,train,824.31486456,9
4197,104.710910987,Re_104p710911,mature_periodic_shedding,periodic,train,831.7411246,10
4198,104.710910987,Re_104p710911,mature_periodic_shedding,periodic,train,839.16738464,11
4199,104.710910987,Re_104p710911,mature_periodic_shedding,periodic,train,846.59364468,12
4200,104.710910987,Re_104p710911,mature_periodic_shedding,periodic,train,854.01990472,13
4201,104.710910987,Re_104p710911,mature_periodic_shedding,periodic,train,861.44616476,14
4202,104.710910987,Re_104p710911,mature_periodic_shedding,periodic,train,868.8724248,15
4203,104.710910987,Re_104p710911,mature_periodic_shedding,periodic,train,876.29868485,16
4204,104.710910987,Re_104p710911,mature_periodic_shedding,periodic,train,883.72494489,17
4205,104.710910987,Re_104p710911,mature_periodic_shedding,periodic,train,891.15120493,18
4206,104.710910987,Re_104p710911,mature_periodic_shedding,periodic,train,898.57746497,19
4207,104.710910987,Re_104p710911,mature_periodic_shedding,periodic,train,906.00372501,20
4208,104.710910987,Re_104p710911,mature_periodic_shedding,periodic,train,913.42998505,21
4209,104.710910987,Re_104p710911,mature_periodic_shedding,periodic,train,920.85624509,22
4210,104.710910987,Re_104p710911,mature_periodic_shedding,periodic,train,928.28250513,23
4211,104.710910987,Re_104p710911,mature_periodic_shedding,periodic,train,935.70876517,24
4212,104.710910987,Re_104p710911,mature_periodic_shedding,periodic,train,943.13502521,25
4213,104.710910987,Re_104p710911,mature_periodic_shedding,periodic,train,950.56128526,26
4214,104.710910987,Re_104p710911,mature_periodic_shedding,periodic,train,957.9875453,27
4215,104.710910987,Re_104p710911,mature_periodic_shedding,periodic,train,965.41380534,28
4216,104.710910987,Re_104p710911,mature_periodic_shedding,periodic,train,972.84006538,29
4217,104.710910987,Re_104p710911,mature_periodic_shedding,periodic,train,980.26632542,30
4218,104.710910987,Re_104p710911,mature_periodic_shedding,periodic,train,987.69258546,31
4219,104.710910987,Re_104p710911,mature_periodic_shedding,periodic,train,995.1188455,32
4220,104.710910987,Re_104p710911,mature_periodic_shedding,periodic,train,1002.54510554,33
4221,104.710910987,Re_104p710911,mature_periodic_shedding,periodic,train,1009.97136558,34
4222,104.710910987,Re_104p710911,mature_periodic_shedding,periodic,train,1017.39762563,35
4223,104.710910987,Re_104p710911,mature_periodic_shedding,periodic,train,1024.82388567,36
4224,104.710910987,Re_104p710911,mature_periodic_shedding,periodic,train,1032.25014571,37
4225,104.710910987,Re_104p710911,mature_periodic_shedding,periodic,train,1039.67640575,38
4226,104.710910987,Re_104p710911,mature_periodic_shedding,periodic,train,1047.10266579,39
4227,104.710910987,Re_104p710911,mature_periodic_shedding,periodic,train,1054.52892583,40
4228,104.710910987,Re_104p710911,mature_periodic_shedding,periodic,train,1061.95518587,41
4229,104.710910987,Re_104p710911,mature_periodic_shedding,periodic,train,1069.38144591,42
4230,104.710910987,Re_104p710911,mature_periodic_shedding,periodic,train,1076.80770595,43
4231,104.710910987,Re_104p710911,mature_periodic_shedding,periodic,train,1084.23396599,44
4232,104.710910987,Re_104p710911,mature_periodic_shedding,periodic,train,1091.66022604,45
4233,104.710910987,Re_104p710911,mature_periodic_shedding,periodic,train,1099.08648608,46
4234,104.710910987,Re_104p710911,mature_periodic_shedding,periodic,train,1106.51274612,47
4235,104.710910987,Re_104p710911,mature_periodic_shedding,periodic,train,1113.93900616,48
4236,104.710910987,Re_104p710911,mature_periodic_shedding,periodic,train,1121.3652662,49
4237,104.710910987,Re_104p710911,mature_periodic_shedding,periodic,train,1128.79152624,50
4238,104.710910987,Re_104p710911,mature_periodic_shedding,periodic,train,1136.21778628,51
4239,104.710910987,Re_104p710911,mature_periodic_shedding,periodic,train,1143.64404632,52
4240,104.710910987,Re_104p710911,mature_periodic_shedding,periodic,train,1151.07030636,53
4241,104.710910987,Re_104p710911,mature_periodic_shedding,periodic,train,1158.49656641,54
4242,104.710910987,Re_104p710911,mature_periodic_shedding,periodic,train,1165.92282645,55
4243,104.710910987,Re_104p710911,mature_periodic_shedding,periodic,train,1173.34908649,56
4244,104.710910987,Re_104p710911,mature_periodic_shedding,periodic,train,1180.77534653,57
4245,104.710910987,Re_104p710911,mature_periodic_shedding,periodic,train,1188.20160657,58
4246,104.710910987,Re_104p710911,mature_periodic_shedding,periodic,train,1195.62786661,59
4247,104.710910987,Re_104p710911,mature_periodic_shedding,periodic,train,1203.05412665,60
4248,104.710910987,Re_104p710911,mature_periodic_shedding,periodic,train,1210.48038669,61
4249,104.710910987,Re_104p710911,mature_periodic_shedding,periodic,train,1217.90664673,62
4250,104.710910987,Re_104p710911,mature_periodic_shedding,periodic,train,1225.33290677,63
4251,104.710910987,Re_104p710911,mature_periodic_shedding,periodic,train,1232.75916682,64
4252,104.710910987,Re_104p710911,mature_periodic_shedding,periodic,train,1240.18542686,65
4253,104.710910987,Re_104p710911,mature_periodic_shedding,periodic,train,1247.6116869,66
4254,104.710910987,Re_104p710911,mature_periodic_shedding,periodic,train,1255.03794694,67
4255,104.710910987,Re_104p710911,mature_periodic_shedding,periodic,train,1262.46420698,68
4256,104.710910987,Re_104p710911,mature_periodic_shedding,periodic,train,1269.89046702,69
4257,104.710910987,Re_104p710911,mature_periodic_shedding,periodic,train,1277.31672706,70
4258,104.710910987,Re_104p710911,mature_periodic_shedding,periodic,train,1284.7429871,71
4259,104.710910987,Re_104p710911,mature_periodic_shedding,periodic,train,1292.16924714,72
4260,104.710910987,Re_104p710911,mature_periodic_shedding,periodic,train,1299.59550719,73
4261,104.710910987,Re_104p710911,mature_periodic_shedding,periodic,train,1307.02176723,74
4262,104.710910987,Re_104p710911,mature_periodic_shedding,periodic,train,1314.44802727,75
4263,104.710910987,Re_104p710911,mature_periodic_shedding,periodic,train,1321.87428731,76
4264,104.710910987,Re_104p710911,mature_periodic_shedding,periodic,train,1329.30054735,77
4265,104.710910987,Re_104p710911,mature_periodic_shedding,periodic,train,1336.72680739,78
4266,104.710910987,Re_104p710911,mature_periodic_shedding,periodic,train,1344.15306743,79
4267,104.710910987,Re_104p710911,mature_periodic_shedding,periodic,train,1351.57932747,80
4268,104.710910987,Re_104p710911,mature_periodic_shedding,periodic,train,1359.00558751,81
4269,104.710910987,Re_104p710911,mature_periodic_shedding,periodic,train,1366.43184756,82
4270,104.710910987,Re_104p710911,mature_periodic_shedding,periodic,train,1373.8581076,83
4271,104.710910987,Re_104p710911,mature_periodic_shedding,periodic,train,1381.28436764,84
4272,104.710910987,Re_104p710911,mature_periodic_shedding,periodic,train,1388.71062768,85
4273,104.710910987,Re_104p710911,mature_periodic_shedding,periodic,train,1396.13688772,86
4274,104.710910987,Re_104p710911,mature_periodic_shedding,periodic,train,1403.56314776,87
4275,104.710910987,Re_104p710911,mature_periodic_shedding,periodic,train,1410.9894078,88
4276,104.710910987,Re_104p710911,mature_periodic_shedding,periodic,train,1418.41566784,89
4277,104.710910987,Re_104p710911,mature_periodic_shedding,periodic,train,1425.84192788,90
4278,104.710910987,Re_104p710911,mature_periodic_shedding,periodic,train,1433.26818792,91
4279,104.710910987,Re_104p710911,mature_periodic_shedding,periodic,train,1440.69444797,92
4280,104.710910987,Re_104p710911,mature_periodic_shedding,periodic,train,1448.12070801,93
4281,104.710910987,Re_104p710911,mature_periodic_shedding,periodic,train,1455.54696805,94
4282,104.710910987,Re_104p710911,mature_periodic_shedding,periodic,train,1462.97322809,95
4283,104.710910987,Re_104p710911,mature_periodic_shedding,periodic,train,1470.39948813,96
4284,104.710910987,Re_104p710911,mature_periodic_shedding,periodic,train,1477.82574817,97
4285,104.710910987,Re_104p710911,mature_periodic_shedding,periodic,train,1485.25200821,98
4286,104.710910987,Re_104p710911,mature_periodic_shedding,periodic,train,1492.67826825,99
4287,104.710910987,Re_104p710911,mature_periodic_shedding,periodic,train,1500.10452829,100
4288,104.710910987,Re_104p710911,mature_periodic_shedding,periodic,train,1507.53078834,101
4289,104.710910987,Re_104p710911,mature_periodic_shedding,periodic,train,1514.95704838,102
4290,104.710910987,Re_104p710911,mature_periodic_shedding,periodic,train,1522.38330842,103
4291,104.710910987,Re_104p710911,mature_periodic_shedding,periodic,train,1529.80956846,104
4292,104.710910987,Re_104p710911,mature_periodic_shedding,periodic,train,1537.2358285,105
4293,104.710910987,Re_104p710911,mature_periodic_shedding,periodic,train,1544.66208854,106
4294,104.710910987,Re_104p710911,mature_periodic_shedding,periodic,train,1552.08834858,107
4295,104.710910987,Re_104p710911,mature_periodic_shedding,periodic,train,1559.51460862,108
4296,104.710910987,Re_104p710911,mature_periodic_shedding,periodic,train,1566.94086866,109
4297,104.710910987,Re_104p710911,mature_periodic_shedding,periodic,train,1574.3671287,110
4298,104.710910987,Re_104p710911,mature_periodic_shedding,periodic,train,1581.79338875,111
4299,104.710910987,Re_104p710911,mature_periodic_shedding,periodic,train,1589.21964879,112
4300,104.710910987,Re_104p710911,mature_periodic_shedding,periodic,train,1596.64590883,113
4301,104.710910987,Re_104p710911,mature_periodic_shedding,periodic,train,1604.07216887,114
4302,104.710910987,Re_104p710911,mature_periodic_shedding,periodic,train,1611.49842891,115
4303,104.710910987,Re_104p710911,mature_periodic_shedding,periodic,train,1618.92468895,116
4304,104.710910987,Re_104p710911,mature_periodic_shedding,periodic,train,1626.35094899,117
4305,104.710910987,Re_104p710911,mature_periodic_shedding,periodic,train,1633.77720903,118
4306,104.710910987,Re_104p710911,mature_periodic_shedding,periodic,train,1641.20346907,119
4307,104.710910987,Re_104p710911,mature_periodic_shedding,periodic,train,1648.62972912,120
4308,104.710910987,Re_104p710911,mature_periodic_shedding,periodic,train,1656.05598916,121
4309,104.710910987,Re_104p710911,mature_periodic_shedding,periodic,train,1663.4822492,122
4310,104.710910987,Re_104p710911,mature_periodic_shedding,periodic,train,1670.90850924,123
4311,104.710910987,Re_104p710911,mature_periodic_shedding,periodic,train,1678.33476928,124
4312,104.710910987,Re_104p710911,mature_periodic_shedding,periodic,train,1685.76102932,125
4313,104.710910987,Re_104p710911,mature_periodic_shedding,periodic,train,1693.18728936,126
4314,104.710910987,Re_104p710911,mature_periodic_shedding,periodic,train,1700.6135494,127
4315,104.710910987,Re_104p710911,mature_periodic_shedding,periodic,train,1708.03980944,128
4316,104.710910987,Re_104p710911,mature_periodic_shedding,periodic,train,1715.46606948,129
4317,104.710910987,Re_104p710911,mature_periodic_shedding,periodic,train,1722.89232953,130
4318,104.710910987,Re_104p710911,mature_periodic_shedding,periodic,train,1730.31858957,131
4319,104.710910987,Re_104p710911,mature_periodic_shedding,periodic,train,1737.74484961,132
4320,104.710910987,Re_104p710911,mature_periodic_shedding,periodic,train,1745.17110965,133
4321,104.710910987,Re_104p710911,mature_periodic_shedding,periodic,train,1752.59736969,134
4322,104.710910987,Re_104p710911,mature_periodic_shedding,periodic,train,1760.02362973,135
4323,104.710910987,Re_104p710911,mature_periodic_shedding,periodic,train,1767.44988977,136
4324,104.710910987,Re_104p710911,mature_periodic_shedding,periodic,train,1774.87614981,137
4325,104.710910987,Re_104p710911,mature_periodic_shedding,periodic,train,1782.30240985,138
4326,104.710910987,Re_104p710911,mature_periodic_shedding,periodic,train,1789.7286699,139
4327,104.710910987,Re_104p710911,mature_periodic_shedding,periodic,train,1797.15492994,140
4328,104.710910987,Re_104p710911,mature_periodic_shedding,periodic,train,1804.58118998,141
4329,104.710910987,Re_104p710911,mature_periodic_shedding,periodic,train,1812.00745002,142
4330,104.710910987,Re_104p710911,mature_periodic_shedding,periodic,train,1819.43371006,143
4331,104.710910987,Re_104p710911,mature_periodic_shedding,periodic,train,1826.8599701,144
4332,104.710910987,Re_104p710911,mature_periodic_shedding,periodic,train,1834.28623014,145
4333,104.710910987,Re_104p710911,mature_periodic_shedding,periodic,train,1841.71249018,146
4334,104.710910987,Re_104p710911,mature_periodic_shedding,periodic,train,1849.13875022,147
4335,104.710910987,Re_104p710911,mature_periodic_shedding,periodic,train,1856.56501026,148
4336,104.710910987,Re_104p710911,mature_periodic_shedding,periodic,train,1863.99127031,149
4337,104.710910987,Re_104p710911,mature_periodic_shedding,periodic,train,1871.41753035,150
4338,104.710910987,Re_104p710911,mature_periodic_shedding,periodic,train,1878.84379039,151
4339,104.710910987,Re_104p710911,mature_periodic_shedding,periodic,train,1886.27005043,152
4340,104.710910987,Re_104p710911,mature_periodic_shedding,periodic,train,1893.69631047,153
4341,104.710910987,Re_104p710911,mature_periodic_shedding,periodic,train,1901.12257051,154
4342,104.710910987,Re_104p710911,mature_periodic_shedding,periodic,train,1908.54883055,155
4343,104.710910987,Re_104p710911,mature_periodic_shedding,periodic,train,1915.97509059,156
4344,104.710910987,Re_104p710911,mature_periodic_shedding,periodic,train,1923.40135063,157
4345,104.710910987,Re_104p710911,mature_periodic_shedding,periodic,train,1930.82761068,158
4346,104.710910987,Re_104p710911,mature_periodic_shedding,periodic,train,1938.25387072,159
4347,104.710910987,Re_104p710911,mature_periodic_shedding,periodic,train,1945.68013076,160
4348,107.050736557,Re_107p050737,mature_periodic_shedding,periodic,train,737.18828177,0
4349,107.050736557,Re_107p050737,mature_periodic_shedding,periodic,train,744.41561786,1
4350,107.050736557,Re_107p050737,mature_periodic_shedding,periodic,train,751.64295396,2
4351,107.050736557,Re_107p050737,mature_periodic_shedding,periodic,train,758.87029005,3
4352,107.050736557,Re_107p050737,mature_periodic_shedding,periodic,train,766.09762615,4
4353,107.050736557,Re_107p050737,mature_periodic_shedding,periodic,train,773.32496225,5
4354,107.050736557,Re_107p050737,mature_periodic_shedding,periodic,train,780.55229834,6
4355,107.050736557,Re_107p050737,mature_periodic_shedding,periodic,train,787.77963444,7
4356,107.050736557,Re_107p050737,mature_periodic_shedding,periodic,train,795.00697053,8
4357,107.050736557,Re_107p050737,mature_periodic_shedding,periodic,train,802.23430663,9
4358,107.050736557,Re_107p050737,mature_periodic_shedding,periodic,train,809.46164273,10
4359,107.050736557,Re_107p050737,mature_periodic_shedding,periodic,train,816.68897882,11
4360,107.050736557,Re_107p050737,mature_periodic_shedding,periodic,train,823.91631492,12
4361,107.050736557,Re_107p050737,mature_periodic_shedding,periodic,train,831.14365101,13
4362,107.050736557,Re_107p050737,mature_periodic_shedding,periodic,train,838.37098711,14
4363,107.050736557,Re_107p050737,mature_periodic_shedding,periodic,train,845.5983232,15
4364,107.050736557,Re_107p050737,mature_periodic_shedding,periodic,train,852.8256593,16
4365,107.050736557,Re_107p050737,mature_periodic_shedding,periodic,train,860.0529954,17
4366,107.050736557,Re_107p050737,mature_periodic_shedding,periodic,train,867.28033149,18
4367,107.050736557,Re_107p050737,mature_periodic_shedding,periodic,train,874.50766759,19
4368,107.050736557,Re_107p050737,mature_periodic_shedding,periodic,train,881.73500368,20
4369,107.050736557,Re_107p050737,mature_periodic_shedding,periodic,train,888.96233978,21
4370,107.050736557,Re_107p050737,mature_periodic_shedding,periodic,train,896.18967587,22
4371,107.050736557,Re_107p050737,mature_periodic_shedding,periodic,train,903.41701197,23
4372,107.050736557,Re_107p050737,mature_periodic_shedding,periodic,train,910.64434807,24
4373,107.050736557,Re_107p050737,mature_periodic_shedding,periodic,train,917.87168416,25
4374,107.050736557,Re_107p050737,mature_periodic_shedding,periodic,train,925.09902026,26
4375,107.050736557,Re_107p050737,mature_periodic_shedding,periodic,train,932.32635635,27
4376,107.050736557,Re_107p050737,mature_periodic_shedding,periodic,train,939.55369245,28
4377,107.050736557,Re_107p050737,mature_periodic_shedding,periodic,train,946.78102854,29
4378,107.050736557,Re_107p050737,mature_periodic_shedding,periodic,train,954.00836464,30
4379,107.050736557,Re_107p050737,mature_periodic_shedding,periodic,train,961.23570074,31
4380,107.050736557,Re_107p050737,mature_periodic_shedding,periodic,train,968.46303683,32
4381,107.050736557,Re_107p050737,mature_periodic_shedding,periodic,train,975.69037293,33
4382,107.050736557,Re_107p050737,mature_periodic_shedding,periodic,train,982.91770902,34
4383,107.050736557,Re_107p050737,mature_periodic_shedding,periodic,train,990.14504512,35
4384,107.050736557,Re_107p050737,mature_periodic_shedding,periodic,train,997.37238121,36
4385,107.050736557,Re_107p050737,mature_periodic_shedding,periodic,train,1004.59971731,37
4386,107.050736557,Re_107p050737,mature_periodic_shedding,periodic,train,1011.82705341,38
4387,107.050736557,Re_107p050737,mature_periodic_shedding,periodic,train,1019.0543895,39
4388,107.050736557,Re_107p050737,mature_periodic_shedding,periodic,train,1026.2817256,40
4389,107.050736557,Re_107p050737,mature_periodic_shedding,periodic,train,1033.50906169,41
4390,107.050736557,Re_107p050737,mature_periodic_shedding,periodic,train,1040.73639779,42
4391,107.050736557,Re_107p050737,mature_periodic_shedding,periodic,train,1047.96373389,43
4392,107.050736557,Re_107p050737,mature_periodic_shedding,periodic,train,1055.19106998,44
4393,107.050736557,Re_107p050737,mature_periodic_shedding,periodic,train,1062.41840608,45
4394,107.050736557,Re_107p050737,mature_periodic_shedding,periodic,train,1069.64574217,46
4395,107.050736557,Re_107p050737,mature_periodic_shedding,periodic,train,1076.87307827,47
4396,107.050736557,Re_107p050737,mature_periodic_shedding,periodic,train,1084.10041436,48
4397,107.050736557,Re_107p050737,mature_periodic_shedding,periodic,train,1091.32775046,49
4398,107.050736557,Re_107p050737,mature_periodic_shedding,periodic,train,1098.55508656,50
4399,107.050736557,Re_107p050737,mature_periodic_shedding,periodic,train,1105.78242265,51
4400,107.050736557,Re_107p050737,mature_periodic_shedding,periodic,train,1113.00975875,52
4401,107.050736557,Re_107p050737,mature_periodic_shedding,periodic,train,1120.23709484,53
4402,107.050736557,Re_107p050737,mature_periodic_shedding,periodic,train,1127.46443094,54
4403,107.050736557,Re_107p050737,mature_periodic_shedding,periodic,train,1134.69176703,55
4404,107.050736557,Re_107p050737,mature_periodic_shedding,periodic,train,1141.91910313,56
4405,107.050736557,Re_107p050737,mature_periodic_shedding,periodic,train,1149.14643923,57
4406,107.050736557,Re_107p050737,mature_periodic_shedding,periodic,train,1156.37377532,58
4407,107.050736557,Re_107p050737,mature_periodic_shedding,periodic,train,1163.60111142,59
4408,107.050736557,Re_107p050737,mature_periodic_shedding,periodic,train,1170.82844751,60
4409,107.050736557,Re_107p050737,mature_periodic_shedding,periodic,train,1178.05578361,61
4410,107.050736557,Re_107p050737,mature_periodic_shedding,periodic,train,1185.2831197,62
4411,107.050736557,Re_107p050737,mature_periodic_shedding,periodic,train,1192.5104558,63
4412,107.050736557,Re_107p050737,mature_periodic_shedding,periodic,train,1199.7377919,64
4413,107.050736557,Re_107p050737,mature_periodic_shedding,periodic,train,1206.96512799,65
4414,107.050736557,Re_107p050737,mature_periodic_shedding,periodic,train,1214.19246409,66
4415,107.050736557,Re_107p050737,mature_periodic_shedding,periodic,train,1221.41980018,67
4416,107.050736557,Re_107p050737,mature_periodic_shedding,periodic,train,1228.64713628,68
4417,107.050736557,Re_107p050737,mature_periodic_shedding,periodic,train,1235.87447237,69
4418,107.050736557,Re_107p050737,mature_periodic_shedding,periodic,train,1243.10180847,70
4419,107.050736557,Re_107p050737,mature_periodic_shedding,periodic,train,1250.32914457,71
4420,107.050736557,Re_107p050737,mature_periodic_shedding,periodic,train,1257.55648066,72
4421,107.050736557,Re_107p050737,mature_periodic_shedding,periodic,train,1264.78381676,73
4422,107.050736557,Re_107p050737,mature_periodic_shedding,periodic,train,1272.01115285,74
4423,107.050736557,Re_107p050737,mature_periodic_shedding,periodic,train,1279.23848895,75
4424,107.050736557,Re_107p050737,mature_periodic_shedding,periodic,train,1286.46582505,76
4425,107.050736557,Re_107p050737,mature_periodic_shedding,periodic,train,1293.69316114,77
4426,107.050736557,Re_107p050737,mature_periodic_shedding,periodic,train,1300.92049724,78
4427,107.050736557,Re_107p050737,mature_periodic_shedding,periodic,train,1308.14783333,79
4428,107.050736557,Re_107p050737,mature_periodic_shedding,periodic,train,1315.37516943,80
4429,107.050736557,Re_107p050737,mature_periodic_shedding,periodic,train,1322.60250552,81
4430,107.050736557,Re_107p050737,mature_periodic_shedding,periodic,train,1329.82984162,82
4431,107.050736557,Re_107p050737,mature_periodic_shedding,periodic,train,1337.05717772,83
4432,107.050736557,Re_107p050737,mature_periodic_shedding,periodic,train,1344.28451381,84
4433,107.050736557,Re_107p050737,mature_periodic_shedding,periodic,train,1351.51184991,85
4434,107.050736557,Re_107p050737,mature_periodic_shedding,periodic,train,1358.739186,86
4435,107.050736557,Re_107p050737,mature_periodic_shedding,periodic,train,1365.9665221,87
4436,107.050736557,Re_107p050737,mature_periodic_shedding,periodic,train,1373.19385819,88
4437,107.050736557,Re_107p050737,mature_periodic_shedding,periodic,train,1380.42119429,89
4438,107.050736557,Re_107p050737,mature_periodic_shedding,periodic,train,1387.64853039,90
4439,107.050736557,Re_107p050737,mature_periodic_shedding,periodic,train,1394.87586648,91
4440,107.050736557,Re_107p050737,mature_periodic_shedding,periodic,train,1402.10320258,92
4441,107.050736557,Re_107p050737,mature_periodic_shedding,periodic,train,1409.33053867,93
4442,107.050736557,Re_107p050737,mature_periodic_shedding,periodic,train,1416.55787477,94
4443,107.050736557,Re_107p050737,mature_periodic_shedding,periodic,train,1423.78521086,95
4444,107.050736557,Re_107p050737,mature_periodic_shedding,periodic,train,1431.01254696,96
4445,107.050736557,Re_107p050737,mature_periodic_shedding,periodic,train,1438.23988306,97
4446,107.050736557,Re_107p050737,mature_periodic_shedding,periodic,train,1445.46721915,98
4447,107.050736557,Re_107p050737,mature_periodic_shedding,periodic,train,1452.69455525,99
4448,107.050736557,Re_107p050737,mature_periodic_shedding,periodic,train,1459.92189134,100
4449,107.050736557,Re_107p050737,mature_periodic_shedding,periodic,train,1467.14922744,101
4450,107.050736557,Re_107p050737,mature_periodic_shedding,periodic,train,1474.37656354,102
4451,107.050736557,Re_107p050737,mature_periodic_shedding,periodic,train,1481.60389963,103
4452,107.050736557,Re_107p050737,mature_periodic_shedding,periodic,train,1488.83123573,104
4453,107.050736557,Re_107p050737,mature_periodic_shedding,periodic,train,1496.05857182,105
4454,107.050736557,Re_107p050737,mature_periodic_shedding,periodic,train,1503.28590792,106
4455,107.050736557,Re_107p050737,mature_periodic_shedding,periodic,train,1510.51324401,107
4456,107.050736557,Re_107p050737,mature_periodic_shedding,periodic,train,1517.74058011,108
4457,107.050736557,Re_107p050737,mature_periodic_shedding,periodic,train,1524.96791621,109
4458,107.050736557,Re_107p050737,mature_periodic_shedding,periodic,train,1532.1952523,110
4459,107.050736557,Re_107p050737,mature_periodic_shedding,periodic,train,1539.4225884,111
4460,107.050736557,Re_107p050737,mature_periodic_shedding,periodic,train,1546.64992449,112
4461,107.050736557,Re_107p050737,mature_periodic_shedding,periodic,train,1553.87726059,113
4462,107.050736557,Re_107p050737,mature_periodic_shedding,periodic,train,1561.10459668,114
4463,107.050736557,Re_107p050737,mature_periodic_shedding,periodic,train,1568.33193278,115
4464,107.050736557,Re_107p050737,mature_periodic_shedding,periodic,train,1575.55926888,116
4465,107.050736557,Re_107p050737,mature_periodic_shedding,periodic,train,1582.78660497,117
4466,107.050736557,Re_107p050737,mature_periodic_shedding,periodic,train,1590.01394107,118
4467,107.050736557,Re_107p050737,mature_periodic_shedding,periodic,train,1597.24127716,119
4468,107.050736557,Re_107p050737,mature_periodic_shedding,periodic,train,1604.46861326,120
4469,107.050736557,Re_107p050737,mature_periodic_shedding,periodic,train,1611.69594935,121
4470,107.050736557,Re_107p050737,mature_periodic_shedding,periodic,train,1618.92328545,122
4471,107.050736557,Re_107p050737,mature_periodic_shedding,periodic,train,1626.15062155,123
4472,107.050736557,Re_107p050737,mature_periodic_shedding,periodic,train,1633.37795764,124
4473,107.050736557,Re_107p050737,mature_periodic_shedding,periodic,train,1640.60529374,125
4474,107.050736557,Re_107p050737,mature_periodic_shedding,periodic,train,1647.83262983,126
4475,107.050736557,Re_107p050737,mature_periodic_shedding,periodic,train,1655.05996593,127
4476,107.050736557,Re_107p050737,mature_periodic_shedding,periodic,train,1662.28730202,128
4477,107.050736557,Re_107p050737,mature_periodic_shedding,periodic,train,1669.51463812,129
4478,107.050736557,Re_107p050737,mature_periodic_shedding,periodic,train,1676.74197422,130
4479,107.050736557,Re_107p050737,mature_periodic_shedding,periodic,train,1683.96931031,131
4480,107.050736557,Re_107p050737,mature_periodic_shedding,periodic,train,1691.19664641,132
4481,107.050736557,Re_107p050737,mature_periodic_shedding,periodic,train,1698.4239825,133
4482,107.050736557,Re_107p050737,mature_periodic_shedding,periodic,train,1705.6513186,134
4483,107.050736557,Re_107p050737,mature_periodic_shedding,periodic,train,1712.8786547,135
4484,107.050736557,Re_107p050737,mature_periodic_shedding,periodic,train,1720.10599079,136
4485,107.050736557,Re_107p050737,mature_periodic_shedding,periodic,train,1727.33332689,137
4486,107.050736557,Re_107p050737,mature_periodic_shedding,periodic,train,1734.56066298,138
4487,107.050736557,Re_107p050737,mature_periodic_shedding,periodic,train,1741.78799908,139
4488,107.050736557,Re_107p050737,mature_periodic_shedding,periodic,train,1749.01533517,140
4489,107.050736557,Re_107p050737,mature_periodic_shedding,periodic,train,1756.24267127,141
4490,107.050736557,Re_107p050737,mature_periodic_shedding,periodic,train,1763.47000737,142
4491,107.050736557,Re_107p050737,mature_periodic_shedding,periodic,train,1770.69734346,143
4492,107.050736557,Re_107p050737,mature_periodic_shedding,periodic,train,1777.92467956,144
4493,107.050736557,Re_107p050737,mature_periodic_shedding,periodic,train,1785.15201565,145
4494,107.050736557,Re_107p050737,mature_periodic_shedding,periodic,train,1792.37935175,146
4495,107.050736557,Re_107p050737,mature_periodic_shedding,periodic,train,1799.60668784,147
4496,107.050736557,Re_107p050737,mature_periodic_shedding,periodic,train,1806.83402394,148
4497,107.050736557,Re_107p050737,mature_periodic_shedding,periodic,train,1814.06136004,149
4498,107.050736557,Re_107p050737,mature_periodic_shedding,periodic,train,1821.28869613,150
4499,107.050736557,Re_107p050737,mature_periodic_shedding,periodic,train,1828.51603223,151
4500,107.050736557,Re_107p050737,mature_periodic_shedding,periodic,train,1835.74336832,152
4501,107.050736557,Re_107p050737,mature_periodic_shedding,periodic,train,1842.97070442,153
4502,107.050736557,Re_107p050737,mature_periodic_shedding,periodic,train,1850.19804051,154
4503,107.050736557,Re_107p050737,mature_periodic_shedding,periodic,train,1857.42537661,155
4504,107.050736557,Re_107p050737,mature_periodic_shedding,periodic,train,1864.65271271,156
4505,107.050736557,Re_107p050737,mature_periodic_shedding,periodic,train,1871.8800488,157
4506,107.050736557,Re_107p050737,mature_periodic_shedding,periodic,train,1879.1073849,158
4507,107.050736557,Re_107p050737,mature_periodic_shedding,periodic,train,1886.33472099,159
4508,107.050736557,Re_107p050737,mature_periodic_shedding,periodic,train,1893.56205709,160
4509,109.395985153,Re_109p395985,mature_periodic_shedding,periodic,train,675.6830922,0
4510,109.395985153,Re_109p395985,mature_periodic_shedding,periodic,train,682.72145774,1
4511,109.395985153,Re_109p395985,mature_periodic_shedding,periodic,train,689.75982328,2
4512,109.395985153,Re_109p395985,mature_periodic_shedding,periodic,train,696.79818883,3
4513,109.395985153,Re_109p395985,mature_periodic_shedding,periodic,train,703.83655437,4
4514,109.395985153,Re_109p395985,mature_periodic_shedding,periodic,train,710.87491992,5
4515,109.395985153,Re_109p395985,mature_periodic_shedding,periodic,train,717.91328546,6
4516,109.395985153,Re_109p395985,mature_periodic_shedding,periodic,train,724.951651,7
4517,109.395985153,Re_109p395985,mature_periodic_shedding,periodic,train,731.99001655,8
4518,109.395985153,Re_109p395985,mature_periodic_shedding,periodic,train,739.02838209,9
4519,109.395985153,Re_109p395985,mature_periodic_shedding,periodic,train,746.06674763,10
4520,109.395985153,Re_109p395985,mature_periodic_shedding,periodic,train,753.10511318,11
4521,109.395985153,Re_109p395985,mature_periodic_shedding,periodic,train,760.14347872,12
4522,109.395985153,Re_109p395985,mature_periodic_shedding,periodic,train,767.18184427,13
4523,109.395985153,Re_109p395985,mature_periodic_shedding,periodic,train,774.22020981,14
4524,109.395985153,Re_109p395985,mature_periodic_shedding,periodic,train,781.25857535,15
4525,109.395985153,Re_109p395985,mature_periodic_shedding,periodic,train,788.2969409,16
4526,109.395985153,Re_109p395985,mature_periodic_shedding,periodic,train,795.33530644,17
4527,109.395985153,Re_109p395985,mature_periodic_shedding,periodic,train,802.37367198,18
4528,109.395985153,Re_109p395985,mature_periodic_shedding,periodic,train,809.41203753,19
4529,109.395985153,Re_109p395985,mature_periodic_shedding,periodic,train,816.45040307,20
4530,109.395985153,Re_109p395985,mature_periodic_shedding,periodic,train,823.48876862,21
4531,109.395985153,Re_109p395985,mature_periodic_shedding,periodic,train,830.52713416,22
4532,109.395985153,Re_109p395985,mature_periodic_shedding,periodic,train,837.5654997,23
4533,109.395985153,Re_109p395985,mature_periodic_shedding,periodic,train,844.60386525,24
4534,109.395985153,Re_109p395985,mature_periodic_shedding,periodic,train,851.64223079,25
4535,109.395985153,Re_109p395985,mature_periodic_shedding,periodic,train,858.68059633,26
4536,109.395985153,Re_109p395985,mature_periodic_shedding,periodic,train,865.71896188,27
4537,109.395985153,Re_109p395985,mature_periodic_shedding,periodic,train,872.75732742,28
4538,109.395985153,Re_109p395985,mature_periodic_shedding,periodic,train,879.79569297,29
4539,109.395985153,Re_109p395985,mature_periodic_shedding,periodic,train,886.83405851,30
4540,109.395985153,Re_109p395985,mature_periodic_shedding,periodic,train,893.87242405,31
4541,109.395985153,Re_109p395985,mature_periodic_shedding,periodic,train,900.9107896,32
4542,109.395985153,Re_109p395985,mature_periodic_shedding,periodic,train,907.94915514,33
4543,109.395985153,Re_109p395985,mature_periodic_shedding,periodic,train,914.98752068,34
4544,109.395985153,Re_109p395985,mature_periodic_shedding,periodic,train,922.02588623,35
4545,109.395985153,Re_109p395985,mature_periodic_shedding,periodic,train,929.06425177,36
4546,109.395985153,Re_109p395985,mature_periodic_shedding,periodic,train,936.10261731,37
4547,109.395985153,Re_109p395985,mature_periodic_shedding,periodic,train,943.14098286,38
4548,109.395985153,Re_109p395985,mature_periodic_shedding,periodic,train,950.1793484,39
4549,109.395985153,Re_109p395985,mature_periodic_shedding,periodic,train,957.21771395,40
4550,109.395985153,Re_109p395985,mature_periodic_shedding,periodic,train,964.25607949,41
4551,109.395985153,Re_109p395985,mature_periodic_shedding,periodic,train,971.29444503,42
4552,109.395985153,Re_109p395985,mature_periodic_shedding,periodic,train,978.33281058,43
4553,109.395985153,Re_109p395985,mature_periodic_shedding,periodic,train,985.37117612,44
4554,109.395985153,Re_109p395985,mature_periodic_shedding,periodic,train,992.40954166,45
4555,109.395985153,Re_109p395985,mature_periodic_shedding,periodic,train,999.44790721,46
4556,109.395985153,Re_109p395985,mature_periodic_shedding,periodic,train,1006.48627275,47
4557,109.395985153,Re_109p395985,mature_periodic_shedding,periodic,train,1013.5246383,48
4558,109.395985153,Re_109p395985,mature_periodic_shedding,periodic,train,1020.56300384,49
4559,109.395985153,Re_109p395985,mature_periodic_shedding,periodic,train,1027.60136938,50
4560,109.395985153,Re_109p395985,mature_periodic_shedding,periodic,train,1034.63973493,51
4561,109.395985153,Re_109p395985,mature_periodic_shedding,periodic,train,1041.67810047,52
4562,109.395985153,Re_109p395985,mature_periodic_shedding,periodic,train,1048.71646601,53
4563,109.395985153,Re_109p395985,mature_periodic_shedding,periodic,train,1055.75483156,54
4564,109.395985153,Re_109p395985,mature_periodic_shedding,periodic,train,1062.7931971,55
4565,109.395985153,Re_109p395985,mature_periodic_shedding,periodic,train,1069.83156265,56
4566,109.395985153,Re_109p395985,mature_periodic_shedding,periodic,train,1076.86992819,57
4567,109.395985153,Re_109p395985,mature_periodic_shedding,periodic,train,1083.90829373,58
4568,109.395985153,Re_109p395985,mature_periodic_shedding,periodic,train,1090.94665928,59
4569,109.395985153,Re_109p395985,mature_periodic_shedding,periodic,train,1097.98502482,60
4570,109.395985153,Re_109p395985,mature_periodic_shedding,periodic,train,1105.02339036,61
4571,109.395985153,Re_109p395985,mature_periodic_shedding,periodic,train,1112.06175591,62
4572,109.395985153,Re_109p395985,mature_periodic_shedding,periodic,train,1119.10012145,63
4573,109.395985153,Re_109p395985,mature_periodic_shedding,periodic,train,1126.138487,64
4574,109.395985153,Re_109p395985,mature_periodic_shedding,periodic,train,1133.17685254,65
4575,109.395985153,Re_109p395985,mature_periodic_shedding,periodic,train,1140.21521808,66
4576,109.395985153,Re_109p395985,mature_periodic_shedding,periodic,train,1147.25358363,67
4577,109.395985153,Re_109p395985,mature_periodic_shedding,periodic,train,1154.29194917,68
4578,109.395985153,Re_109p395985,mature_periodic_shedding,periodic,train,1161.33031471,69
4579,109.395985153,Re_109p395985,mature_periodic_shedding,periodic,train,1168.36868026,70
4580,109.395985153,Re_109p395985,mature_periodic_shedding,periodic,train,1175.4070458,71
4581,109.395985153,Re_109p395985,mature_periodic_shedding,periodic,train,1182.44541134,72
4582,109.395985153,Re_109p395985,mature_periodic_shedding,periodic,train,1189.48377689,73
4583,109.395985153,Re_109p395985,mature_periodic_shedding,periodic,train,1196.52214243,74
4584,109.395985153,Re_109p395985,mature_periodic_shedding,periodic,train,1203.56050798,75
4585,109.395985153,Re_109p395985,mature_periodic_shedding,periodic,train,1210.59887352,76
4586,109.395985153,Re_109p395985,mature_periodic_shedding,periodic,train,1217.63723906,77
4587,109.395985153,Re_109p395985,mature_periodic_shedding,periodic,train,1224.67560461,78
4588,109.395985153,Re_109p395985,mature_periodic_shedding,periodic,train,1231.71397015,79
4589,109.395985153,Re_109p395985,mature_periodic_shedding,periodic,train,1238.75233569,80
4590,109.395985153,Re_109p395985,mature_periodic_shedding,periodic,train,1245.79070124,81
4591,109.395985153,Re_109p395985,mature_periodic_shedding,periodic,train,1252.82906678,82
4592,109.395985153,Re_109p395985,mature_periodic_shedding,periodic,train,1259.86743233,83
4593,109.395985153,Re_109p395985,mature_periodic_shedding,periodic,train,1266.90579787,84
4594,109.395985153,Re_109p395985,mature_periodic_shedding,periodic,train,1273.94416341,85
4595,109.395985153,Re_109p395985,mature_periodic_shedding,periodic,train,1280.98252896,86
4596,109.395985153,Re_109p395985,mature_periodic_shedding,periodic,train,1288.0208945,87
4597,109.395985153,Re_109p395985,mature_periodic_shedding,periodic,train,1295.05926004,88
4598,109.395985153,Re_109p395985,mature_periodic_shedding,periodic,train,1302.09762559,89
4599,109.395985153,Re_109p395985,mature_periodic_shedding,periodic,train,1309.13599113,90
4600,109.395985153,Re_109p395985,mature_periodic_shedding,periodic,train,1316.17435668,91
4601,109.395985153,Re_109p395985,mature_periodic_shedding,periodic,train,1323.21272222,92
4602,109.395985153,Re_109p395985,mature_periodic_shedding,periodic,train,1330.25108776,93
4603,109.395985153,Re_109p395985,mature_periodic_shedding,periodic,train,1337.28945331,94
4604,109.395985153,Re_109p395985,mature_periodic_shedding,periodic,train,1344.32781885,95
4605,109.395985153,Re_109p395985,mature_periodic_shedding,periodic,train,1351.36618439,96
4606,109.395985153,Re_109p395985,mature_periodic_shedding,periodic,train,1358.40454994,97
4607,109.395985153,Re_109p395985,mature_periodic_shedding,periodic,train,1365.44291548,98
4608,109.395985153,Re_109p395985,mature_periodic_shedding,periodic,train,1372.48128103,99
4609,109.395985153,Re_109p395985,mature_periodic_shedding,periodic,train,1379.51964657,100
4610,109.395985153,Re_109p395985,mature_periodic_shedding,periodic,train,1386.55801211,101
4611,109.395985153,Re_109p395985,mature_periodic_shedding,periodic,train,1393.59637766,102
4612,109.395985153,Re_109p395985,mature_periodic_shedding,periodic,train,1400.6347432,103
4613,109.395985153,Re_109p395985,mature_periodic_shedding,periodic,train,1407.67310874,104
4614,109.395985153,Re_109p395985,mature_periodic_shedding,periodic,train,1414.71147429,105
4615,109.395985153,Re_109p395985,mature_periodic_shedding,periodic,train,1421.74983983,106
4616,109.395985153,Re_109p395985,mature_periodic_shedding,periodic,train,1428.78820538,107
4617,109.395985153,Re_109p395985,mature_periodic_shedding,periodic,train,1435.82657092,108
4618,109.395985153,Re_109p395985,mature_periodic_shedding,periodic,train,1442.86493646,109
4619,109.395985153,Re_109p395985,mature_periodic_shedding,periodic,train,1449.90330201,110
4620,109.395985153,Re_109p395985,mature_periodic_shedding,periodic,train,1456.94166755,111
4621,109.395985153,Re_109p395985,mature_periodic_shedding,periodic,train,1463.98003309,112
4622,109.395985153,Re_109p395985,mature_periodic_shedding,periodic,train,1471.01839864,113
4623,109.395985153,Re_109p395985,mature_periodic_shedding,periodic,train,1478.05676418,114
4624,109.395985153,Re_109p395985,mature_periodic_shedding,periodic,train,1485.09512972,115
4625,109.395985153,Re_109p395985,mature_periodic_shedding,periodic,train,1492.13349527,116
4626,109.395985153,Re_109p395985,mature_periodic_shedding,periodic,train,1499.17186081,117
4627,109.395985153,Re_109p395985,mature_periodic_shedding,periodic,train,1506.21022636,118
4628,109.395985153,Re_109p395985,mature_periodic_shedding,periodic,train,1513.2485919,119
4629,109.395985153,Re_109p395985,mature_periodic_shedding,periodic,train,1520.28695744,120
4630,109.395985153,Re_109p395985,mature_periodic_shedding,periodic,train,1527.32532299,121
4631,109.395985153,Re_109p395985,mature_periodic_shedding,periodic,train,1534.36368853,122
4632,109.395985153,Re_109p395985,mature_periodic_shedding,periodic,train,1541.40205407,123
4633,109.395985153,Re_109p395985,mature_periodic_shedding,periodic,train,1548.44041962,124
4634,109.395985153,Re_109p395985,mature_periodic_shedding,periodic,train,1555.47878516,125
4635,109.395985153,Re_109p395985,mature_periodic_shedding,periodic,train,1562.51715071,126
4636,109.395985153,Re_109p395985,mature_periodic_shedding,periodic,train,1569.55551625,127
4637,109.395985153,Re_109p395985,mature_periodic_shedding,periodic,train,1576.59388179,128
4638,109.395985153,Re_109p395985,mature_periodic_shedding,periodic,train,1583.63224734,129
4639,109.395985153,Re_109p395985,mature_periodic_shedding,periodic,train,1590.67061288,130
4640,109.395985153,Re_109p395985,mature_periodic_shedding,periodic,train,1597.70897842,131
4641,109.395985153,Re_109p395985,mature_periodic_shedding,periodic,train,1604.74734397,132
4642,109.395985153,Re_109p395985,mature_periodic_shedding,periodic,train,1611.78570951,133
4643,109.395985153,Re_109p395985,mature_periodic_shedding,periodic,train,1618.82407506,134
4644,109.395985153,Re_109p395985,mature_periodic_shedding,periodic,train,1625.8624406,135
4645,109.395985153,Re_109p395985,mature_periodic_shedding,periodic,train,1632.90080614,136
4646,109.395985153,Re_109p395985,mature_periodic_shedding,periodic,train,1639.93917169,137
4647,109.395985153,Re_109p395985,mature_periodic_shedding,periodic,train,1646.97753723,138
4648,109.395985153,Re_109p395985,mature_periodic_shedding,periodic,train,1654.01590277,139
4649,109.395985153,Re_109p395985,mature_periodic_shedding,periodic,train,1661.05426832,140
4650,109.395985153,Re_109p395985,mature_periodic_shedding,periodic,train,1668.09263386,141
4651,109.395985153,Re_109p395985,mature_periodic_shedding,periodic,train,1675.13099941,142
4652,109.395985153,Re_109p395985,mature_periodic_shedding,periodic,train,1682.16936495,143
4653,109.395985153,Re_109p395985,mature_periodic_shedding,periodic,train,1689.20773049,144
4654,109.395985153,Re_109p395985,mature_periodic_shedding,periodic,train,1696.24609604,145
4655,109.395985153,Re_109p395985,mature_periodic_shedding,periodic,train,1703.28446158,146
4656,109.395985153,Re_109p395985,mature_periodic_shedding,periodic,train,1710.32282712,147
4657,109.395985153,Re_109p395985,mature_periodic_shedding,periodic,train,1717.36119267,148
4658,109.395985153,Re_109p395985,mature_periodic_shedding,periodic,train,1724.39955821,149
4659,109.395985153,Re_109p395985,mature_periodic_shedding,periodic,train,1731.43792376,150
4660,109.395985153,Re_109p395985,mature_periodic_shedding,periodic,train,1738.4762893,151
4661,109.395985153,Re_109p395985,mature_periodic_shedding,periodic,train,1745.51465484,152
4662,109.395985153,Re_109p395985,mature_periodic_shedding,periodic,train,1752.55302039,153
4663,109.395985153,Re_109p395985,mature_periodic_shedding,periodic,train,1759.59138593,154
4664,109.395985153,Re_109p395985,mature_periodic_shedding,periodic,train,1766.62975147,155
4665,109.395985153,Re_109p395985,mature_periodic_shedding,periodic,train,1773.66811702,156
4666,109.395985153,Re_109p395985,mature_periodic_shedding,periodic,train,1780.70648256,157
4667,109.395985153,Re_109p395985,mature_periodic_shedding,periodic,train,1787.7448481,158
4668,109.395985153,Re_109p395985,mature_periodic_shedding,periodic,train,1794.78321365,159
4669,109.395985153,Re_109p395985,mature_periodic_shedding,periodic,train,1801.82157919,160
4670,111.734011486,Re_111p734011,mature_periodic_shedding,periodic,train,699.67546078,0
4671,111.734011486,Re_111p734011,mature_periodic_shedding,periodic,train,706.53502412,1
4672,111.734011486,Re_111p734011,mature_periodic_shedding,periodic,train,713.39458746,2
4673,111.734011486,Re_111p734011,mature_periodic_shedding,periodic,train,720.2541508,3
4674,111.734011486,Re_111p734011,mature_periodic_shedding,periodic,train,727.11371414,4
4675,111.734011486,Re_111p734011,mature_periodic_shedding,periodic,train,733.97327749,5
4676,111.734011486,Re_111p734011,mature_periodic_shedding,periodic,train,740.83284083,6
4677,111.734011486,Re_111p734011,mature_periodic_shedding,periodic,train,747.69240417,7
4678,111.734011486,Re_111p734011,mature_periodic_shedding,periodic,train,754.55196751,8
4679,111.734011486,Re_111p734011,mature_periodic_shedding,periodic,train,761.41153085,9
4680,111.734011486,Re_111p734011,mature_periodic_shedding,periodic,train,768.27109419,10
4681,111.734011486,Re_111p734011,mature_periodic_shedding,periodic,train,775.13065753,11
4682,111.734011486,Re_111p734011,mature_periodic_shedding,periodic,train,781.99022087,12
4683,111.734011486,Re_111p734011,mature_periodic_shedding,periodic,train,788.84978421,13
4684,111.734011486,Re_111p734011,mature_periodic_shedding,periodic,train,795.70934755,14
4685,111.734011486,Re_111p734011,mature_periodic_shedding,periodic,train,802.5689109,15
4686,111.734011486,Re_111p734011,mature_periodic_shedding,periodic,train,809.42847424,16
4687,111.734011486,Re_111p734011,mature_periodic_shedding,periodic,train,816.28803758,17
4688,111.734011486,Re_111p734011,mature_periodic_shedding,periodic,train,823.14760092,18
4689,111.734011486,Re_111p734011,mature_periodic_shedding,periodic,train,830.00716426,19
4690,111.734011486,Re_111p734011,mature_periodic_shedding,periodic,train,836.8667276,20
4691,111.734011486,Re_111p734011,mature_periodic_shedding,periodic,train,843.72629094,21
4692,111.734011486,Re_111p734011,mature_periodic_shedding,periodic,train,850.58585428,22
4693,111.734011486,Re_111p734011,mature_periodic_shedding,periodic,train,857.44541762,23
4694,111.734011486,Re_111p734011,mature_periodic_shedding,periodic,train,864.30498096,24
4695,111.734011486,Re_111p734011,mature_periodic_shedding,periodic,train,871.16454431,25
4696,111.734011486,Re_111p734011,mature_periodic_shedding,periodic,train,878.02410765,26
4697,111.734011486,Re_111p734011,mature_periodic_shedding,periodic,train,884.88367099,27
4698,111.734011486,Re_111p734011,mature_periodic_shedding,periodic,train,891.74323433,28
4699,111.734011486,Re_111p734011,mature_periodic_shedding,periodic,train,898.60279767,29
4700,111.734011486,Re_111p734011,mature_periodic_shedding,periodic,train,905.46236101,30
4701,111.734011486,Re_111p734011,mature_periodic_shedding,periodic,train,912.32192435,31
4702,111.734011486,Re_111p734011,mature_periodic_shedding,periodic,train,919.18148769,32
4703,111.734011486,Re_111p734011,mature_periodic_shedding,periodic,train,926.04105103,33
4704,111.734011486,Re_111p734011,mature_periodic_shedding,periodic,train,932.90061437,34
4705,111.734011486,Re_111p734011,mature_periodic_shedding,periodic,train,939.76017772,35
4706,111.734011486,Re_111p734011,mature_periodic_shedding,periodic,train,946.61974106,36
4707,111.734011486,Re_111p734011,mature_periodic_shedding,periodic,train,953.4793044,37
4708,111.734011486,Re_111p734011,mature_periodic_shedding,periodic,train,960.33886774,38
4709,111.734011486,Re_111p734011,mature_periodic_shedding,periodic,train,967.19843108,39
4710,111.734011486,Re_111p734011,mature_periodic_shedding,periodic,train,974.05799442,40
4711,111.734011486,Re_111p734011,mature_periodic_shedding,periodic,train,980.91755776,41
4712,111.734011486,Re_111p734011,mature_periodic_shedding,periodic,train,987.7771211,42
4713,111.734011486,Re_111p734011,mature_periodic_shedding,periodic,train,994.63668444,43
4714,111.734011486,Re_111p734011,mature_periodic_shedding,periodic,train,1001.49624778,44
4715,111.734011486,Re_111p734011,mature_periodic_shedding,periodic,train,1008.35581113,45
4716,111.734011486,Re_111p734011,mature_periodic_shedding,periodic,train,1015.21537447,46
4717,111.734011486,Re_111p734011,mature_periodic_shedding,periodic,train,1022.07493781,47
4718,111.734011486,Re_111p734011,mature_periodic_shedding,periodic,train,1028.93450115,48
4719,111.734011486,Re_111p734011,mature_periodic_shedding,periodic,train,1035.79406449,49
4720,111.734011486,Re_111p734011,mature_periodic_shedding,periodic,train,1042.65362783,50
4721,111.734011486,Re_111p734011,mature_periodic_shedding,periodic,train,1049.51319117,51
4722,111.734011486,Re_111p734011,mature_periodic_shedding,periodic,train,1056.37275451,52
4723,111.734011486,Re_111p734011,mature_periodic_shedding,periodic,train,1063.23231785,53
4724,111.734011486,Re_111p734011,mature_periodic_shedding,periodic,train,1070.09188119,54
4725,111.734011486,Re_111p734011,mature_periodic_shedding,periodic,train,1076.95144454,55
4726,111.734011486,Re_111p734011,mature_periodic_shedding,periodic,train,1083.81100788,56
4727,111.734011486,Re_111p734011,mature_periodic_shedding,periodic,train,1090.67057122,57
4728,111.734011486,Re_111p734011,mature_periodic_shedding,periodic,train,1097.53013456,58
4729,111.734011486,Re_111p734011,mature_periodic_shedding,periodic,train,1104.3896979,59
4730,111.734011486,Re_111p734011,mature_periodic_shedding,periodic,train,1111.24926124,60
4731,111.734011486,Re_111p734011,mature_periodic_shedding,periodic,train,1118.10882458,61
4732,111.734011486,Re_111p734011,mature_periodic_shedding,periodic,train,1124.96838792,62
4733,111.734011486,Re_111p734011,mature_periodic_shedding,periodic,train,1131.82795126,63
4734,111.734011486,Re_111p734011,mature_periodic_shedding,periodic,train,1138.6875146,64
4735,111.734011486,Re_111p734011,mature_periodic_shedding,periodic,train,1145.54707795,65
4736,111.734011486,Re_111p734011,mature_periodic_shedding,periodic,train,1152.40664129,66
4737,111.734011486,Re_111p734011,mature_periodic_shedding,periodic,train,1159.26620463,67
4738,111.734011486,Re_111p734011,mature_periodic_shedding,periodic,train,1166.12576797,68
4739,111.734011486,Re_111p734011,mature_periodic_shedding,periodic,train,1172.98533131,69
4740,111.734011486,Re_111p734011,mature_periodic_shedding,periodic,train,1179.84489465,70
4741,111.734011486,Re_111p734011,mature_periodic_shedding,periodic,train,1186.70445799,71
4742,111.734011486,Re_111p734011,mature_periodic_shedding,periodic,train,1193.56402133,72
4743,111.734011486,Re_111p734011,mature_periodic_shedding,periodic,train,1200.42358467,73
4744,111.734011486,Re_111p734011,mature_periodic_shedding,periodic,train,1207.28314801,74
4745,111.734011486,Re_111p734011,mature_periodic_shedding,periodic,train,1214.14271136,75
4746,111.734011486,Re_111p734011,mature_periodic_shedding,periodic,train,1221.0022747,76
4747,111.734011486,Re_111p734011,mature_periodic_shedding,periodic,train,1227.86183804,77
4748,111.734011486,Re_111p734011,mature_periodic_shedding,periodic,train,1234.72140138,78
4749,111.734011486,Re_111p734011,mature_periodic_shedding,periodic,train,1241.58096472,79
4750,111.734011486,Re_111p734011,mature_periodic_shedding,periodic,train,1248.44052806,80
4751,111.734011486,Re_111p734011,mature_periodic_shedding,periodic,train,1255.3000914,81
4752,111.734011486,Re_111p734011,mature_periodic_shedding,periodic,train,1262.15965474,82
4753,111.734011486,Re_111p734011,mature_periodic_shedding,periodic,train,1269.01921808,83
4754,111.734011486,Re_111p734011,mature_periodic_shedding,periodic,train,1275.87878142,84
4755,111.734011486,Re_111p734011,mature_periodic_shedding,periodic,train,1282.73834477,85
4756,111.734011486,Re_111p734011,mature_periodic_shedding,periodic,train,1289.59790811,86
4757,111.734011486,Re_111p734011,mature_periodic_shedding,periodic,train,1296.45747145,87
4758,111.734011486,Re_111p734011,mature_periodic_shedding,periodic,train,1303.31703479,88
4759,111.734011486,Re_111p734011,mature_periodic_shedding,periodic,train,1310.17659813,89
4760,111.734011486,Re_111p734011,mature_periodic_shedding,periodic,train,1317.03616147,90
4761,111.734011486,Re_111p734011,mature_periodic_shedding,periodic,train,1323.89572481,91
4762,111.734011486,Re_111p734011,mature_periodic_shedding,periodic,train,1330.75528815,92
4763,111.734011486,Re_111p734011,mature_periodic_shedding,periodic,train,1337.61485149,93
4764,111.734011486,Re_111p734011,mature_periodic_shedding,periodic,train,1344.47441483,94
4765,111.734011486,Re_111p734011,mature_periodic_shedding,periodic,train,1351.33397818,95
4766,111.734011486,Re_111p734011,mature_periodic_shedding,periodic,train,1358.19354152,96
4767,111.734011486,Re_111p734011,mature_periodic_shedding,periodic,train,1365.05310486,97
4768,111.734011486,Re_111p734011,mature_periodic_shedding,periodic,train,1371.9126682,98
4769,111.734011486,Re_111p734011,mature_periodic_shedding,periodic,train,1378.77223154,99
4770,111.734011486,Re_111p734011,mature_periodic_shedding,periodic,train,1385.63179488,100
4771,111.734011486,Re_111p734011,mature_periodic_shedding,periodic,train,1392.49135822,101
4772,111.734011486,Re_111p734011,mature_periodic_shedding,periodic,train,1399.35092156,102
4773,111.734011486,Re_111p734011,mature_periodic_shedding,periodic,train,1406.2104849,103
4774,111.734011486,Re_111p734011,mature_periodic_shedding,periodic,train,1413.07004824,104
4775,111.734011486,Re_111p734011,mature_periodic_shedding,periodic,train,1419.92961158,105
4776,111.734011486,Re_111p734011,mature_periodic_shedding,periodic,train,1426.78917493,106
4777,111.734011486,Re_111p734011,mature_periodic_shedding,periodic,train,1433.64873827,107
4778,111.734011486,Re_111p734011,mature_periodic_shedding,periodic,train,1440.50830161,108
4779,111.734011486,Re_111p734011,mature_periodic_shedding,periodic,train,1447.36786495,109
4780,111.734011486,Re_111p734011,mature_periodic_shedding,periodic,train,1454.22742829,110
4781,111.734011486,Re_111p734011,mature_periodic_shedding,periodic,train,1461.08699163,111
4782,111.734011486,Re_111p734011,mature_periodic_shedding,periodic,train,1467.94655497,112
4783,111.734011486,Re_111p734011,mature_periodic_shedding,periodic,train,1474.80611831,113
4784,111.734011486,Re_111p734011,mature_periodic_shedding,periodic,train,1481.66568165,114
4785,111.734011486,Re_111p734011,mature_periodic_shedding,periodic,train,1488.52524499,115
4786,111.734011486,Re_111p734011,mature_periodic_shedding,periodic,train,1495.38480834,116
4787,111.734011486,Re_111p734011,mature_periodic_shedding,periodic,train,1502.24437168,117
4788,111.734011486,Re_111p734011,mature_periodic_shedding,periodic,train,1509.10393502,118
4789,111.734011486,Re_111p734011,mature_periodic_shedding,periodic,train,1515.96349836,119
4790,111.734011486,Re_111p734011,mature_periodic_shedding,periodic,train,1522.8230617,120
4791,111.734011486,Re_111p734011,mature_periodic_shedding,periodic,train,1529.68262504,121
4792,111.734011486,Re_111p734011,mature_periodic_shedding,periodic,train,1536.54218838,122
4793,111.734011486,Re_111p734011,mature_periodic_shedding,periodic,train,1543.40175172,123
4794,111.734011486,Re_111p734011,mature_periodic_shedding,periodic,train,1550.26131506,124
4795,111.734011486,Re_111p734011,mature_periodic_shedding,periodic,train,1557.1208784,125
4796,111.734011486,Re_111p734011,mature_periodic_shedding,periodic,train,1563.98044175,126
4797,111.734011486,Re_111p734011,mature_periodic_shedding,periodic,train,1570.84000509,127
4798,111.734011486,Re_111p734011,mature_periodic_shedding,periodic,train,1577.69956843,128
4799,111.734011486,Re_111p734011,mature_periodic_shedding,periodic,train,1584.55913177,129
4800,111.734011486,Re_111p734011,mature_periodic_shedding,periodic,train,1591.41869511,130
4801,111.734011486,Re_111p734011,mature_periodic_shedding,periodic,train,1598.27825845,131
4802,111.734011486,Re_111p734011,mature_periodic_shedding,periodic,train,1605.13782179,132
4803,111.734011486,Re_111p734011,mature_periodic_shedding,periodic,train,1611.99738513,133
4804,111.734011486,Re_111p734011,mature_periodic_shedding,periodic,train,1618.85694847,134
4805,111.734011486,Re_111p734011,mature_periodic_shedding,periodic,train,1625.71651181,135
4806,111.734011486,Re_111p734011,mature_periodic_shedding,periodic,train,1632.57607516,136
4807,111.734011486,Re_111p734011,mature_periodic_shedding,periodic,train,1639.4356385,137
4808,111.734011486,Re_111p734011,mature_periodic_shedding,periodic,train,1646.29520184,138
4809,111.734011486,Re_111p734011,mature_periodic_shedding,periodic,train,1653.15476518,139
4810,111.734011486,Re_111p734011,mature_periodic_shedding,periodic,train,1660.01432852,140
4811,111.734011486,Re_111p734011,mature_periodic_shedding,periodic,train,1666.87389186,141
4812,111.734011486,Re_111p734011,mature_periodic_shedding,periodic,train,1673.7334552,142
4813,111.734011486,Re_111p734011,mature_periodic_shedding,periodic,train,1680.59301854,143
4814,111.734011486,Re_111p734011,mature_periodic_shedding,periodic,train,1687.45258188,144
4815,111.734011486,Re_111p734011,mature_periodic_shedding,periodic,train,1694.31214522,145
4816,111.734011486,Re_111p734011,mature_periodic_shedding,periodic,train,1701.17170857,146
4817,111.734011486,Re_111p734011,mature_periodic_shedding,periodic,train,1708.03127191,147
4818,111.734011486,Re_111p734011,mature_periodic_shedding,periodic,train,1714.89083525,148
4819,111.734011486,Re_111p734011,mature_periodic_shedding,periodic,train,1721.75039859,149
4820,111.734011486,Re_111p734011,mature_periodic_shedding,periodic,train,1728.60996193,150
4821,111.734011486,Re_111p734011,mature_periodic_shedding,periodic,train,1735.46952527,151
4822,111.734011486,Re_111p734011,mature_periodic_shedding,periodic,train,1742.32908861,152
4823,111.734011486,Re_111p734011,mature_periodic_shedding,periodic,train,1749.18865195,153
4824,111.734011486,Re_111p734011,mature_periodic_shedding,periodic,train,1756.04821529,154
4825,111.734011486,Re_111p734011,mature_periodic_shedding,periodic,train,1762.90777863,155
4826,111.734011486,Re_111p734011,mature_periodic_shedding,periodic,train,1769.76734198,156
4827,111.734011486,Re_111p734011,mature_periodic_shedding,periodic,train,1776.62690532,157
4828,111.734011486,Re_111p734011,mature_periodic_shedding,periodic,train,1783.48646866,158
4829,111.734011486,Re_111p734011,mature_periodic_shedding,periodic,train,1790.346032,159
4830,111.734011486,Re_111p734011,mature_periodic_shedding,periodic,train,1797.20559534,160
4831,114.066307867,Re_114p066308,mature_periodic_shedding,periodic,train,682.38273648,0
4832,114.066307867,Re_114p066308,mature_periodic_shedding,periodic,train,689.07276331,1
4833,114.066307867,Re_114p066308,mature_periodic_shedding,periodic,train,695.76279014,2
4834,114.066307867,Re_114p066308,mature_periodic_shedding,periodic,train,702.45281697,3
4835,114.066307867,Re_114p066308,mature_periodic_shedding,periodic,train,709.14284379,4
4836,114.066307867,Re_114p066308,mature_periodic_shedding,periodic,train,715.83287062,5
4837,114.066307867,Re_114p066308,mature_periodic_shedding,periodic,train,722.52289745,6
4838,114.066307867,Re_114p066308,mature_periodic_shedding,periodic,train,729.21292428,7
4839,114.066307867,Re_114p066308,mature_periodic_shedding,periodic,train,735.90295111,8
4840,114.066307867,Re_114p066308,mature_periodic_shedding,periodic,train,742.59297793,9
4841,114.066307867,Re_114p066308,mature_periodic_shedding,periodic,train,749.28300476,10
4842,114.066307867,Re_114p066308,mature_periodic_shedding,periodic,train,755.97303159,11
4843,114.066307867,Re_114p066308,mature_periodic_shedding,periodic,train,762.66305842,12
4844,114.066307867,Re_114p066308,mature_periodic_shedding,periodic,train,769.35308525,13
4845,114.066307867,Re_114p066308,mature_periodic_shedding,periodic,train,776.04311208,14
4846,114.066307867,Re_114p066308,mature_periodic_shedding,periodic,train,782.7331389,15
4847,114.066307867,Re_114p066308,mature_periodic_shedding,periodic,train,789.42316573,16
4848,114.066307867,Re_114p066308,mature_periodic_shedding,periodic,train,796.11319256,17
4849,114.066307867,Re_114p066308,mature_periodic_shedding,periodic,train,802.80321939,18
4850,114.066307867,Re_114p066308,mature_periodic_shedding,periodic,train,809.49324622,19
4851,114.066307867,Re_114p066308,mature_periodic_shedding,periodic,train,816.18327305,20
4852,114.066307867,Re_114p066308,mature_periodic_shedding,periodic,train,822.87329987,21
4853,114.066307867,Re_114p066308,mature_periodic_shedding,periodic,train,829.5633267,22
4854,114.066307867,Re_114p066308,mature_periodic_shedding,periodic,train,836.25335353,23
4855,114.066307867,Re_114p066308,mature_periodic_shedding,periodic,train,842.94338036,24
4856,114.066307867,Re_114p066308,mature_periodic_shedding,periodic,train,849.63340719,25
4857,114.066307867,Re_114p066308,mature_periodic_shedding,periodic,train,856.32343401,26
4858,114.066307867,Re_114p066308,mature_periodic_shedding,periodic,train,863.01346084,27
4859,114.066307867,Re_114p066308,mature_periodic_shedding,periodic,train,869.70348767,28
4860,114.066307867,Re_114p066308,mature_periodic_shedding,periodic,train,876.3935145,29
4861,114.066307867,Re_114p066308,mature_periodic_shedding,periodic,train,883.08354133,30
4862,114.066307867,Re_114p066308,mature_periodic_shedding,periodic,train,889.77356816,31
4863,114.066307867,Re_114p066308,mature_periodic_shedding,periodic,train,896.46359498,32
4864,114.066307867,Re_114p066308,mature_periodic_shedding,periodic,train,903.15362181,33
4865,114.066307867,Re_114p066308,mature_periodic_shedding,periodic,train,909.84364864,34
4866,114.066307867,Re_114p066308,mature_periodic_shedding,periodic,train,916.53367547,35
4867,114.066307867,Re_114p066308,mature_periodic_shedding,periodic,train,923.2237023,36
4868,114.066307867,Re_114p066308,mature_periodic_shedding,periodic,train,929.91372913,37
4869,114.066307867,Re_114p066308,mature_periodic_shedding,periodic,train,936.60375595,38
4870,114.066307867,Re_114p066308,mature_periodic_shedding,periodic,train,943.29378278,39
4871,114.066307867,Re_114p066308,mature_periodic_shedding,periodic,train,949.98380961,40
4872,114.066307867,Re_114p066308,mature_periodic_shedding,periodic,train,956.67383644,41
4873,114.066307867,Re_114p066308,mature_periodic_shedding,periodic,train,963.36386327,42
4874,114.066307867,Re_114p066308,mature_periodic_shedding,periodic,train,970.05389009,43
4875,114.066307867,Re_114p066308,mature_periodic_shedding,periodic,train,976.74391692,44
4876,114.066307867,Re_114p066308,mature_periodic_shedding,periodic,train,983.43394375,45
4877,114.066307867,Re_114p066308,mature_periodic_shedding,periodic,train,990.12397058,46
4878,114.066307867,Re_114p066308,mature_periodic_shedding,periodic,train,996.81399741,47
4879,114.066307867,Re_114p066308,mature_periodic_shedding,periodic,train,1003.50402424,48
4880,114.066307867,Re_114p066308,mature_periodic_shedding,periodic,train,1010.19405106,49
4881,114.066307867,Re_114p066308,mature_periodic_shedding,periodic,train,1016.88407789,50
4882,114.066307867,Re_114p066308,mature_periodic_shedding,periodic,train,1023.57410472,51
4883,114.066307867,Re_114p066308,mature_periodic_shedding,periodic,train,1030.26413155,52
4884,114.066307867,Re_114p066308,mature_periodic_shedding,periodic,train,1036.95415838,53
4885,114.066307867,Re_114p066308,mature_periodic_shedding,periodic,train,1043.64418521,54
4886,114.066307867,Re_114p066308,mature_periodic_shedding,periodic,train,1050.33421203,55
4887,114.066307867,Re_114p066308,mature_periodic_shedding,periodic,train,1057.02423886,56
4888,114.066307867,Re_114p066308,mature_periodic_shedding,periodic,train,1063.71426569,57
4889,114.066307867,Re_114p066308,mature_periodic_shedding,periodic,train,1070.40429252,58
4890,114.066307867,Re_114p066308,mature_periodic_shedding,periodic,train,1077.09431935,59
4891,114.066307867,Re_114p066308,mature_periodic_shedding,periodic,train,1083.78434617,60
4892,114.066307867,Re_114p066308,mature_periodic_shedding,periodic,train,1090.474373,61
4893,114.066307867,Re_114p066308,mature_periodic_shedding,periodic,train,1097.16439983,62
4894,114.066307867,Re_114p066308,mature_periodic_shedding,periodic,train,1103.85442666,63
4895,114.066307867,Re_114p066308,mature_periodic_shedding,periodic,train,1110.54445349,64
4896,114.066307867,Re_114p066308,mature_periodic_shedding,periodic,train,1117.23448032,65
4897,114.066307867,Re_114p066308,mature_periodic_shedding,periodic,train,1123.92450714,66
4898,114.066307867,Re_114p066308,mature_periodic_shedding,periodic,train,1130.61453397,67
4899,114.066307867,Re_114p066308,mature_periodic_shedding,periodic,train,1137.3045608,68
4900,114.066307867,Re_114p066308,mature_periodic_shedding,periodic,train,1143.99458763,69
4901,114.066307867,Re_114p066308,mature_periodic_shedding,periodic,train,1150.68461446,70
4902,114.066307867,Re_114p066308,mature_periodic_shedding,periodic,train,1157.37464129,71
4903,114.066307867,Re_114p066308,mature_periodic_shedding,periodic,train,1164.06466811,72
4904,114.066307867,Re_114p066308,mature_periodic_shedding,periodic,train,1170.75469494,73
4905,114.066307867,Re_114p066308,mature_periodic_shedding,periodic,train,1177.44472177,74
4906,114.066307867,Re_114p066308,mature_periodic_shedding,periodic,train,1184.1347486,75
4907,114.066307867,Re_114p066308,mature_periodic_shedding,periodic,train,1190.82477543,76
4908,114.066307867,Re_114p066308,mature_periodic_shedding,periodic,train,1197.51480225,77
4909,114.066307867,Re_114p066308,mature_periodic_shedding,periodic,train,1204.20482908,78
4910,114.066307867,Re_114p066308,mature_periodic_shedding,periodic,train,1210.89485591,79
4911,114.066307867,Re_114p066308,mature_periodic_shedding,periodic,train,1217.58488274,80
4912,114.066307867,Re_114p066308,mature_periodic_shedding,periodic,train,1224.27490957,81
4913,114.066307867,Re_114p066308,mature_periodic_shedding,periodic,train,1230.9649364,82
4914,114.066307867,Re_114p066308,mature_periodic_shedding,periodic,train,1237.65496322,83
4915,114.066307867,Re_114p066308,mature_periodic_shedding,periodic,train,1244.34499005,84
4916,114.066307867,Re_114p066308,mature_periodic_shedding,periodic,train,1251.03501688,85
4917,114.066307867,Re_114p066308,mature_periodic_shedding,periodic,train,1257.72504371,86
4918,114.066307867,Re_114p066308,mature_periodic_shedding,periodic,train,1264.41507054,87
4919,114.066307867,Re_114p066308,mature_periodic_shedding,periodic,train,1271.10509737,88
4920,114.066307867,Re_114p066308,mature_periodic_shedding,periodic,train,1277.79512419,89
4921,114.066307867,Re_114p066308,mature_periodic_shedding,periodic,train,1284.48515102,90
4922,114.066307867,Re_114p066308,mature_periodic_shedding,periodic,train,1291.17517785,91
4923,114.066307867,Re_114p066308,mature_periodic_shedding,periodic,train,1297.86520468,92
4924,114.066307867,Re_114p066308,mature_periodic_shedding,periodic,train,1304.55523151,93
4925,114.066307867,Re_114p066308,mature_periodic_shedding,periodic,train,1311.24525834,94
4926,114.066307867,Re_114p066308,mature_periodic_shedding,periodic,train,1317.93528516,95
4927,114.066307867,Re_114p066308,mature_periodic_shedding,periodic,train,1324.62531199,96
4928,114.066307867,Re_114p066308,mature_periodic_shedding,periodic,train,1331.31533882,97
4929,114.066307867,Re_114p066308,mature_periodic_shedding,periodic,train,1338.00536565,98
4930,114.066307867,Re_114p066308,mature_periodic_shedding,periodic,train,1344.69539248,99
4931,114.066307867,Re_114p066308,mature_periodic_shedding,periodic,train,1351.3854193,100
4932,114.066307867,Re_114p066308,mature_periodic_shedding,periodic,train,1358.07544613,101
4933,114.066307867,Re_114p066308,mature_periodic_shedding,periodic,train,1364.76547296,102
4934,114.066307867,Re_114p066308,mature_periodic_shedding,periodic,train,1371.45549979,103
4935,114.066307867,Re_114p066308,mature_periodic_shedding,periodic,train,1378.14552662,104
4936,114.066307867,Re_114p066308,mature_periodic_shedding,periodic,train,1384.83555345,105
4937,114.066307867,Re_114p066308,mature_periodic_shedding,periodic,train,1391.52558027,106
4938,114.066307867,Re_114p066308,mature_periodic_shedding,periodic,train,1398.2156071,107
4939,114.066307867,Re_114p066308,mature_periodic_shedding,periodic,train,1404.90563393,108
4940,114.066307867,Re_114p066308,mature_periodic_shedding,periodic,train,1411.59566076,109
4941,114.066307867,Re_114p066308,mature_periodic_shedding,periodic,train,1418.28568759,110
4942,114.066307867,Re_114p066308,mature_periodic_shedding,periodic,train,1424.97571442,111
4943,114.066307867,Re_114p066308,mature_periodic_shedding,periodic,train,1431.66574124,112
4944,114.066307867,Re_114p066308,mature_periodic_shedding,periodic,train,1438.35576807,113
4945,114.066307867,Re_114p066308,mature_periodic_shedding,periodic,train,1445.0457949,114
4946,114.066307867,Re_114p066308,mature_periodic_shedding,periodic,train,1451.73582173,115
4947,114.066307867,Re_114p066308,mature_periodic_shedding,periodic,train,1458.42584856,116
4948,114.066307867,Re_114p066308,mature_periodic_shedding,periodic,train,1465.11587538,117
4949,114.066307867,Re_114p066308,mature_periodic_shedding,periodic,train,1471.80590221,118
4950,114.066307867,Re_114p066308,mature_periodic_shedding,periodic,train,1478.49592904,119
4951,114.066307867,Re_114p066308,mature_periodic_shedding,periodic,train,1485.18595587,120
4952,114.066307867,Re_114p066308,mature_periodic_shedding,periodic,train,1491.8759827,121
4953,114.066307867,Re_114p066308,mature_periodic_shedding,periodic,train,1498.56600953,122
4954,114.066307867,Re_114p066308,mature_periodic_shedding,periodic,train,1505.25603635,123
4955,114.066307867,Re_114p066308,mature_periodic_shedding,periodic,train,1511.94606318,124
4956,114.066307867,Re_114p066308,mature_periodic_shedding,periodic,train,1518.63609001,125
4957,114.066307867,Re_114p066308,mature_periodic_shedding,periodic,train,1525.32611684,126
4958,114.066307867,Re_114p066308,mature_periodic_shedding,periodic,train,1532.01614367,127
4959,114.066307867,Re_114p066308,mature_periodic_shedding,periodic,train,1538.7061705,128
4960,114.066307867,Re_114p066308,mature_periodic_shedding,periodic,train,1545.39619732,129
4961,114.066307867,Re_114p066308,mature_periodic_shedding,periodic,train,1552.08622415,130
4962,114.066307867,Re_114p066308,mature_periodic_shedding,periodic,train,1558.77625098,131
4963,114.066307867,Re_114p066308,mature_periodic_shedding,periodic,train,1565.46627781,132
4964,114.066307867,Re_114p066308,mature_periodic_shedding,periodic,train,1572.15630464,133
4965,114.066307867,Re_114p066308,mature_periodic_shedding,periodic,train,1578.84633146,134
4966,114.066307867,Re_114p066308,mature_periodic_shedding,periodic,train,1585.53635829,135
4967,114.066307867,Re_114p066308,mature_periodic_shedding,periodic,train,1592.22638512,136
4968,114.066307867,Re_114p066308,mature_periodic_shedding,periodic,train,1598.91641195,137
4969,114.066307867,Re_114p066308,mature_periodic_shedding,periodic,train,1605.60643878,138
4970,114.066307867,Re_114p066308,mature_periodic_shedding,periodic,train,1612.29646561,139
4971,114.066307867,Re_114p066308,mature_periodic_shedding,periodic,train,1618.98649243,140
4972,114.066307867,Re_114p066308,mature_periodic_shedding,periodic,train,1625.67651926,141
4973,114.066307867,Re_114p066308,mature_periodic_shedding,periodic,train,1632.36654609,142
4974,114.066307867,Re_114p066308,mature_periodic_shedding,periodic,train,1639.05657292,143
4975,114.066307867,Re_114p066308,mature_periodic_shedding,periodic,train,1645.74659975,144
4976,114.066307867,Re_114p066308,mature_periodic_shedding,periodic,train,1652.43662658,145
4977,114.066307867,Re_114p066308,mature_periodic_shedding,periodic,train,1659.1266534,146
4978,114.066307867,Re_114p066308,mature_periodic_shedding,periodic,train,1665.81668023,147
4979,114.066307867,Re_114p066308,mature_periodic_shedding,periodic,train,1672.50670706,148
4980,114.066307867,Re_114p066308,mature_periodic_shedding,periodic,train,1679.19673389,149
4981,114.066307867,Re_114p066308,mature_periodic_shedding,periodic,train,1685.88676072,150
4982,114.066307867,Re_114p066308,mature_periodic_shedding,periodic,train,1692.57678754,151
4983,114.066307867,Re_114p066308,mature_periodic_shedding,periodic,train,1699.26681437,152
4984,114.066307867,Re_114p066308,mature_periodic_shedding,periodic,train,1705.9568412,153
4985,114.066307867,Re_114p066308,mature_periodic_shedding,periodic,train,1712.64686803,154
4986,114.066307867,Re_114p066308,mature_periodic_shedding,periodic,train,1719.33689486,155
4987,114.066307867,Re_114p066308,mature_periodic_shedding,periodic,train,1726.02692169,156
4988,114.066307867,Re_114p066308,mature_periodic_shedding,periodic,train,1732.71694851,157
4989,114.066307867,Re_114p066308,mature_periodic_shedding,periodic,train,1739.40697534,158
4990,114.066307867,Re_114p066308,mature_periodic_shedding,periodic,train,1746.09700217,159
4991,114.066307867,Re_114p066308,mature_periodic_shedding,periodic,train,1752.787029,160
4992,116.395488165,Re_116p395488,mature_periodic_shedding,periodic,train,640.0,0
4993,116.395488165,Re_116p395488,mature_periodic_shedding,periodic,train,646.35900998,1
4994,116.395488165,Re_116p395488,mature_periodic_shedding,periodic,train,652.88788887,2
4995,116.395488165,Re_116p395488,mature_periodic_shedding,periodic,train,659.41676776,3
4996,116.395488165,Re_116p395488,mature_periodic_shedding,periodic,train,665.94564665,4
4997,116.395488165,Re_116p395488,mature_periodic_shedding,periodic,train,672.47452554,5
4998,116.395488165,Re_116p395488,mature_periodic_shedding,periodic,train,679.00340443,6
4999,116.395488165,Re_116p395488,mature_periodic_shedding,periodic,train,685.53228332,7
5000,116.395488165,Re_116p395488,mature_periodic_shedding,periodic,train,692.0611622,8
5001,116.395488165,Re_116p395488,mature_periodic_shedding,periodic,train,698.59004109,9
5002,116.395488165,Re_116p395488,mature_periodic_shedding,periodic,train,705.11891998,10
5003,116.395488165,Re_116p395488,mature_periodic_shedding,periodic,train,711.64779887,11
5004,116.395488165,Re_116p395488,mature_periodic_shedding,periodic,train,718.17667776,12
5005,116.395488165,Re_116p395488,mature_periodic_shedding,periodic,train,724.70555665,13
5006,116.395488165,Re_116p395488,mature_periodic_shedding,periodic,train,731.23443554,14
5007,116.395488165,Re_116p395488,mature_periodic_shedding,periodic,train,737.76331443,15
5008,116.395488165,Re_116p395488,mature_periodic_shedding,periodic,train,744.29219331,16
5009,116.395488165,Re_116p395488,mature_periodic_shedding,periodic,train,750.8210722,17
5010,116.395488165,Re_116p395488,mature_periodic_shedding,periodic,train,757.34995109,18
5011,116.395488165,Re_116p395488,mature_periodic_shedding,periodic,train,763.87882998,19
5012,116.395488165,Re_116p395488,mature_periodic_shedding,periodic,train,770.40770887,20
5013,116.395488165,Re_116p395488,mature_periodic_shedding,periodic,train,776.93658776,21
5014,116.395488165,Re_116p395488,mature_periodic_shedding,periodic,train,783.46546665,22
5015,116.395488165,Re_116p395488,mature_periodic_shedding,periodic,train,789.99434554,23
5016,116.395488165,Re_116p395488,mature_periodic_shedding,periodic,train,796.52322442,24
5017,116.395488165,Re_116p395488,mature_periodic_shedding,periodic,train,803.05210331,25
5018,116.395488165,Re_116p395488,mature_periodic_shedding,periodic,train,809.5809822,26
5019,116.395488165,Re_116p395488,mature_periodic_shedding,periodic,train,816.10986109,27
5020,116.395488165,Re_116p395488,mature_periodic_shedding,periodic,train,822.63873998,28
5021,116.395488165,Re_116p395488,mature_periodic_shedding,periodic,train,829.16761887,29
5022,116.395488165,Re_116p395488,mature_periodic_shedding,periodic,train,835.69649776,30
5023,116.395488165,Re_116p395488,mature_periodic_shedding,periodic,train,842.22537664,31
5024,116.395488165,Re_116p395488,mature_periodic_shedding,periodic,train,848.75425553,32
5025,116.395488165,Re_116p395488,mature_periodic_shedding,periodic,train,855.28313442,33
5026,116.395488165,Re_116p395488,mature_periodic_shedding,periodic,train,861.81201331,34
5027,116.395488165,Re_116p395488,mature_periodic_shedding,periodic,train,868.3408922,35
5028,116.395488165,Re_116p395488,mature_periodic_shedding,periodic,train,874.86977109,36
5029,116.395488165,Re_116p395488,mature_periodic_shedding,periodic,train,881.39864998,37
5030,116.395488165,Re_116p395488,mature_periodic_shedding,periodic,train,887.92752887,38
5031,116.395488165,Re_116p395488,mature_periodic_shedding,periodic,train,894.45640775,39
5032,116.395488165,Re_116p395488,mature_periodic_shedding,periodic,train,900.98528664,40
5033,116.395488165,Re_116p395488,mature_periodic_shedding,periodic,train,907.51416553,41
5034,116.395488165,Re_116p395488,mature_periodic_shedding,periodic,train,914.04304442,42
5035,116.395488165,Re_116p395488,mature_periodic_shedding,periodic,train,920.57192331,43
5036,116.395488165,Re_116p395488,mature_periodic_shedding,periodic,train,927.1008022,44
5037,116.395488165,Re_116p395488,mature_periodic_shedding,periodic,train,933.62968109,45
5038,116.395488165,Re_116p395488,mature_periodic_shedding,periodic,train,940.15855998,46
5039,116.395488165,Re_116p395488,mature_periodic_shedding,periodic,train,946.68743886,47
5040,116.395488165,Re_116p395488,mature_periodic_shedding,periodic,train,953.21631775,48
5041,116.395488165,Re_116p395488,mature_periodic_shedding,periodic,train,959.74519664,49
5042,116.395488165,Re_116p395488,mature_periodic_shedding,periodic,train,966.27407553,50
5043,116.395488165,Re_116p395488,mature_periodic_shedding,periodic,train,972.80295442,51
5044,116.395488165,Re_116p395488,mature_periodic_shedding,periodic,train,979.33183331,52
5045,116.395488165,Re_116p395488,mature_periodic_shedding,periodic,train,985.8607122,53
5046,116.395488165,Re_116p395488,mature_periodic_shedding,periodic,train,992.38959109,54
5047,116.395488165,Re_116p395488,mature_periodic_shedding,periodic,train,998.91846997,55
5048,116.395488165,Re_116p395488,mature_periodic_shedding,periodic,train,1005.44734886,56
5049,116.395488165,Re_116p395488,mature_periodic_shedding,periodic,train,1011.97622775,57
5050,116.395488165,Re_116p395488,mature_periodic_shedding,periodic,train,1018.50510664,58
5051,116.395488165,Re_116p395488,mature_periodic_shedding,periodic,train,1025.03398553,59
5052,116.395488165,Re_116p395488,mature_periodic_shedding,periodic,train,1031.56286442,60
5053,116.395488165,Re_116p395488,mature_periodic_shedding,periodic,train,1038.09174331,61
5054,116.395488165,Re_116p395488,mature_periodic_shedding,periodic,train,1044.6206222,62
5055,116.395488165,Re_116p395488,mature_periodic_shedding,periodic,train,1051.14950108,63
5056,116.395488165,Re_116p395488,mature_periodic_shedding,periodic,train,1057.67837997,64
5057,116.395488165,Re_116p395488,mature_periodic_shedding,periodic,train,1064.20725886,65
5058,116.395488165,Re_116p395488,mature_periodic_shedding,periodic,train,1070.73613775,66
5059,116.395488165,Re_116p395488,mature_periodic_shedding,periodic,train,1077.26501664,67
5060,116.395488165,Re_116p395488,mature_periodic_shedding,periodic,train,1083.79389553,68
5061,116.395488165,Re_116p395488,mature_periodic_shedding,periodic,train,1090.32277442,69
5062,116.395488165,Re_116p395488,mature_periodic_shedding,periodic,train,1096.8516533,70
5063,116.395488165,Re_116p395488,mature_periodic_shedding,periodic,train,1103.38053219,71
5064,116.395488165,Re_116p395488,mature_periodic_shedding,periodic,train,1109.90941108,72
5065,116.395488165,Re_116p395488,mature_periodic_shedding,periodic,train,1116.43828997,73
5066,116.395488165,Re_116p395488,mature_periodic_shedding,periodic,train,1122.96716886,74
5067,116.395488165,Re_116p395488,mature_periodic_shedding,periodic,train,1129.49604775,75
5068,116.395488165,Re_116p395488,mature_periodic_shedding,periodic,train,1136.02492664,76
5069,116.395488165,Re_116p395488,mature_periodic_shedding,periodic,train,1142.55380553,77
5070,116.395488165,Re_116p395488,mature_periodic_shedding,periodic,train,1149.08268441,78
5071,116.395488165,Re_116p395488,mature_periodic_shedding,periodic,train,1155.6115633,79
5072,116.395488165,Re_116p395488,mature_periodic_shedding,periodic,train,1162.14044219,80
5073,116.395488165,Re_116p395488,mature_periodic_shedding,periodic,train,1168.66932108,81
5074,116.395488165,Re_116p395488,mature_periodic_shedding,periodic,train,1175.19819997,82
5075,116.395488165,Re_116p395488,mature_periodic_shedding,periodic,train,1181.72707886,83
5076,116.395488165,Re_116p395488,mature_periodic_shedding,periodic,train,1188.25595775,84
5077,116.395488165,Re_116p395488,mature_periodic_shedding,periodic,train,1194.78483664,85
5078,116.395488165,Re_116p395488,mature_periodic_shedding,periodic,train,1201.31371552,86
5079,116.395488165,Re_116p395488,mature_periodic_shedding,periodic,train,1207.84259441,87
5080,116.395488165,Re_116p395488,mature_periodic_shedding,periodic,train,1214.3714733,88
5081,116.395488165,Re_116p395488,mature_periodic_shedding,periodic,train,1220.90035219,89
5082,116.395488165,Re_116p395488,mature_periodic_shedding,periodic,train,1227.42923108,90
5083,116.395488165,Re_116p395488,mature_periodic_shedding,periodic,train,1233.95810997,91
5084,116.395488165,Re_116p395488,mature_periodic_shedding,periodic,train,1240.48698886,92
5085,116.395488165,Re_116p395488,mature_periodic_shedding,periodic,train,1247.01586775,93
5086,116.395488165,Re_116p395488,mature_periodic_shedding,periodic,train,1253.54474663,94
5087,116.395488165,Re_116p395488,mature_periodic_shedding,periodic,train,1260.07362552,95
5088,116.395488165,Re_116p395488,mature_periodic_shedding,periodic,train,1266.60250441,96
5089,116.395488165,Re_116p395488,mature_periodic_shedding,periodic,train,1273.1313833,97
5090,116.395488165,Re_116p395488,mature_periodic_shedding,periodic,train,1279.66026219,98
5091,116.395488165,Re_116p395488,mature_periodic_shedding,periodic,train,1286.18914108,99
5092,116.395488165,Re_116p395488,mature_periodic_shedding,periodic,train,1292.71801997,100
5093,116.395488165,Re_116p395488,mature_periodic_shedding,periodic,train,1299.24689886,101
5094,116.395488165,Re_116p395488,mature_periodic_shedding,periodic,train,1305.77577774,102
5095,116.395488165,Re_116p395488,mature_periodic_shedding,periodic,train,1312.30465663,103
5096,116.395488165,Re_116p395488,mature_periodic_shedding,periodic,train,1318.83353552,104
5097,116.395488165,Re_116p395488,mature_periodic_shedding,periodic,train,1325.36241441,105
5098,116.395488165,Re_116p395488,mature_periodic_shedding,periodic,train,1331.8912933,106
5099,116.395488165,Re_116p395488,mature_periodic_shedding,periodic,train,1338.42017219,107
5100,116.395488165,Re_116p395488,mature_periodic_shedding,periodic,train,1344.94905108,108
5101,116.395488165,Re_116p395488,mature_periodic_shedding,periodic,train,1351.47792997,109
5102,116.395488165,Re_116p395488,mature_periodic_shedding,periodic,train,1358.00680885,110
5103,116.395488165,Re_116p395488,mature_periodic_shedding,periodic,train,1364.53568774,111
5104,116.395488165,Re_116p395488,mature_periodic_shedding,periodic,train,1371.06456663,112
5105,116.395488165,Re_116p395488,mature_periodic_shedding,periodic,train,1377.59344552,113
5106,116.395488165,Re_116p395488,mature_periodic_shedding,periodic,train,1384.12232441,114
5107,116.395488165,Re_116p395488,mature_periodic_shedding,periodic,train,1390.6512033,115
5108,116.395488165,Re_116p395488,mature_periodic_shedding,periodic,train,1397.18008219,116
5109,116.395488165,Re_116p395488,mature_periodic_shedding,periodic,train,1403.70896107,117
5110,116.395488165,Re_116p395488,mature_periodic_shedding,periodic,train,1410.23783996,118
5111,116.395488165,Re_116p395488,mature_periodic_shedding,periodic,train,1416.76671885,119
5112,116.395488165,Re_116p395488,mature_periodic_shedding,periodic,train,1423.29559774,120
5113,116.395488165,Re_116p395488,mature_periodic_shedding,periodic,train,1429.82447663,121
5114,116.395488165,Re_116p395488,mature_periodic_shedding,periodic,train,1436.35335552,122
5115,116.395488165,Re_116p395488,mature_periodic_shedding,periodic,train,1442.88223441,123
5116,116.395488165,Re_116p395488,mature_periodic_shedding,periodic,train,1449.4111133,124
5117,116.395488165,Re_116p395488,mature_periodic_shedding,periodic,train,1455.93999218,125
5118,116.395488165,Re_116p395488,mature_periodic_shedding,periodic,train,1462.46887107,126
5119,116.395488165,Re_116p395488,mature_periodic_shedding,periodic,train,1468.99774996,127
5120,116.395488165,Re_116p395488,mature_periodic_shedding,periodic,train,1475.52662885,128
5121,116.395488165,Re_116p395488,mature_periodic_shedding,periodic,train,1482.05550774,129
5122,116.395488165,Re_116p395488,mature_periodic_shedding,periodic,train,1488.58438663,130
5123,116.395488165,Re_116p395488,mature_periodic_shedding,periodic,train,1495.11326552,131
5124,116.395488165,Re_116p395488,mature_periodic_shedding,periodic,train,1501.64214441,132
5125,116.395488165,Re_116p395488,mature_periodic_shedding,periodic,train,1508.17102329,133
5126,116.395488165,Re_116p395488,mature_periodic_shedding,periodic,train,1514.69990218,134
5127,116.395488165,Re_116p395488,mature_periodic_shedding,periodic,train,1521.22878107,135
5128,116.395488165,Re_116p395488,mature_periodic_shedding,periodic,train,1527.75765996,136
5129,116.395488165,Re_116p395488,mature_periodic_shedding,periodic,train,1534.28653885,137
5130,116.395488165,Re_116p395488,mature_periodic_shedding,periodic,train,1540.81541774,138
5131,116.395488165,Re_116p395488,mature_periodic_shedding,periodic,train,1547.34429663,139
5132,116.395488165,Re_116p395488,mature_periodic_shedding,periodic,train,1553.87317552,140
5133,116.395488165,Re_116p395488,mature_periodic_shedding,periodic,train,1560.4020544,141
5134,116.395488165,Re_116p395488,mature_periodic_shedding,periodic,train,1566.93093329,142
5135,116.395488165,Re_116p395488,mature_periodic_shedding,periodic,train,1573.45981218,143
5136,116.395488165,Re_116p395488,mature_periodic_shedding,periodic,train,1579.98869107,144
5137,116.395488165,Re_116p395488,mature_periodic_shedding,periodic,train,1586.51756996,145
5138,116.395488165,Re_116p395488,mature_periodic_shedding,periodic,train,1593.04644885,146
5139,116.395488165,Re_116p395488,mature_periodic_shedding,periodic,train,1599.57532774,147
5140,116.395488165,Re_116p395488,mature_periodic_shedding,periodic,train,1606.10420663,148
5141,116.395488165,Re_116p395488,mature_periodic_shedding,periodic,train,1612.63308551,149
5142,116.395488165,Re_116p395488,mature_periodic_shedding,periodic,train,1619.1619644,150
5143,116.395488165,Re_116p395488,mature_periodic_shedding,periodic,train,1625.69084329,151
5144,116.395488165,Re_116p395488,mature_periodic_shedding,periodic,train,1632.21972218,152
5145,116.395488165,Re_116p395488,mature_periodic_shedding,periodic,train,1638.74860107,153
5146,116.395488165,Re_116p395488,mature_periodic_shedding,periodic,train,1645.27747996,154
5147,116.395488165,Re_116p395488,mature_periodic_shedding,periodic,train,1651.80635885,155
5148,116.395488165,Re_116p395488,mature_periodic_shedding,periodic,train,1658.33523773,156
5149,116.395488165,Re_116p395488,mature_periodic_shedding,periodic,train,1664.86411662,157
5150,116.395488165,Re_116p395488,mature_periodic_shedding,periodic,train,1671.39299551,158
5151,116.395488165,Re_116p395488,mature_periodic_shedding,periodic,train,1677.9218744,159
5152,116.395488165,Re_116p395488,mature_periodic_shedding,periodic,train,1684.45075329,160
5153,118.723173369,Re_118p723173,mature_periodic_shedding,periodic,train,640.0,0
5154,118.723173369,Re_118p723173,mature_periodic_shedding,periodic,train,643.91620763,1
5155,118.723173369,Re_118p723173,mature_periodic_shedding,periodic,train,650.29161562,2
5156,118.723173369,Re_118p723173,mature_periodic_shedding,periodic,train,656.66702362,3
5157,118.723173369,Re_118p723173,mature_periodic_shedding,periodic,train,663.04243162,4
5158,118.723173369,Re_118p723173,mature_periodic_shedding,periodic,train,669.41783961,5
5159,118.723173369,Re_118p723173,mature_periodic_shedding,periodic,train,675.79324761,6
5160,118.723173369,Re_118p723173,mature_periodic_shedding,periodic,train,682.1686556,7
5161,118.723173369,Re_118p723173,mature_periodic_shedding,periodic,train,688.5440636,8
5162,118.723173369,Re_118p723173,mature_periodic_shedding,periodic,train,694.9194716,9
5163,118.723173369,Re_118p723173,mature_periodic_shedding,periodic,train,701.29487959,10
5164,118.723173369,Re_118p723173,mature_periodic_shedding,periodic,train,707.67028759,11
5165,118.723173369,Re_118p723173,mature_periodic_shedding,periodic,train,714.04569559,12
5166,118.723173369,Re_118p723173,mature_periodic_shedding,periodic,train,720.42110358,13
5167,118.723173369,Re_118p723173,mature_periodic_shedding,periodic,train,726.79651158,14
5168,118.723173369,Re_118p723173,mature_periodic_shedding,periodic,train,733.17191957,15
5169,118.723173369,Re_118p723173,mature_periodic_shedding,periodic,train,739.54732757,16
5170,118.723173369,Re_118p723173,mature_periodic_shedding,periodic,train,745.92273557,17
5171,118.723173369,Re_118p723173,mature_periodic_shedding,periodic,train,752.29814356,18
5172,118.723173369,Re_118p723173,mature_periodic_shedding,periodic,train,758.67355156,19
5173,118.723173369,Re_118p723173,mature_periodic_shedding,periodic,train,765.04895956,20
5174,118.723173369,Re_118p723173,mature_periodic_shedding,periodic,train,771.42436755,21
5175,118.723173369,Re_118p723173,mature_periodic_shedding,periodic,train,777.79977555,22
5176,118.723173369,Re_118p723173,mature_periodic_shedding,periodic,train,784.17518354,23
5177,118.723173369,Re_118p723173,mature_periodic_shedding,periodic,train,790.55059154,24
5178,118.723173369,Re_118p723173,mature_periodic_shedding,periodic,train,796.92599954,25
5179,118.723173369,Re_118p723173,mature_periodic_shedding,periodic,train,803.30140753,26
5180,118.723173369,Re_118p723173,mature_periodic_shedding,periodic,train,809.67681553,27
5181,118.723173369,Re_118p723173,mature_periodic_shedding,periodic,train,816.05222353,28
5182,118.723173369,Re_118p723173,mature_periodic_shedding,periodic,train,822.42763152,29
5183,118.723173369,Re_118p723173,mature_periodic_shedding,periodic,train,828.80303952,30
5184,118.723173369,Re_118p723173,mature_periodic_shedding,periodic,train,835.17844752,31
5185,118.723173369,Re_118p723173,mature_periodic_shedding,periodic,train,841.55385551,32
5186,118.723173369,Re_118p723173,mature_periodic_shedding,periodic,train,847.92926351,33
5187,118.723173369,Re_118p723173,mature_periodic_shedding,periodic,train,854.3046715,34
5188,118.723173369,Re_118p723173,mature_periodic_shedding,periodic,train,860.6800795,35
5189,118.723173369,Re_118p723173,mature_periodic_shedding,periodic,train,867.0554875,36
5190,118.723173369,Re_118p723173,mature_periodic_shedding,periodic,train,873.43089549,37
5191,118.723173369,Re_118p723173,mature_periodic_shedding,periodic,train,879.80630349,38
5192,118.723173369,Re_118p723173,mature_periodic_shedding,periodic,train,886.18171149,39
5193,118.723173369,Re_118p723173,mature_periodic_shedding,periodic,train,892.55711948,40
5194,118.723173369,Re_118p723173,mature_periodic_shedding,periodic,train,898.93252748,41
5195,118.723173369,Re_118p723173,mature_periodic_shedding,periodic,train,905.30793547,42
5196,118.723173369,Re_118p723173,mature_periodic_shedding,periodic,train,911.68334347,43
5197,118.723173369,Re_118p723173,mature_periodic_shedding,periodic,train,918.05875147,44
5198,118.723173369,Re_118p723173,mature_periodic_shedding,periodic,train,924.43415946,45
5199,118.723173369,Re_118p723173,mature_periodic_shedding,periodic,train,930.80956746,46
5200,118.723173369,Re_118p723173,mature_periodic_shedding,periodic,train,937.18497546,47
5201,118.723173369,Re_118p723173,mature_periodic_shedding,periodic,train,943.56038345,48
5202,118.723173369,Re_118p723173,mature_periodic_shedding,periodic,train,949.93579145,49
5203,118.723173369,Re_118p723173,mature_periodic_shedding,periodic,train,956.31119944,50
5204,118.723173369,Re_118p723173,mature_periodic_shedding,periodic,train,962.68660744,51
5205,118.723173369,Re_118p723173,mature_periodic_shedding,periodic,train,969.06201544,52
5206,118.723173369,Re_118p723173,mature_periodic_shedding,periodic,train,975.43742343,53
5207,118.723173369,Re_118p723173,mature_periodic_shedding,periodic,train,981.81283143,54
5208,118.723173369,Re_118p723173,mature_periodic_shedding,periodic,train,988.18823943,55
5209,118.723173369,Re_118p723173,mature_periodic_shedding,periodic,train,994.56364742,56
5210,118.723173369,Re_118p723173,mature_periodic_shedding,periodic,train,1000.93905542,57
5211,118.723173369,Re_118p723173,mature_periodic_shedding,periodic,train,1007.31446342,58
5212,118.723173369,Re_118p723173,mature_periodic_shedding,periodic,train,1013.68987141,59
5213,118.723173369,Re_118p723173,mature_periodic_shedding,periodic,train,1020.06527941,60
5214,118.723173369,Re_118p723173,mature_periodic_shedding,periodic,train,1026.4406874,61
5215,118.723173369,Re_118p723173,mature_periodic_shedding,periodic,train,1032.8160954,62
5216,118.723173369,Re_118p723173,mature_periodic_shedding,periodic,train,1039.1915034,63
5217,118.723173369,Re_118p723173,mature_periodic_shedding,periodic,train,1045.56691139,64
5218,118.723173369,Re_118p723173,mature_periodic_shedding,periodic,train,1051.94231939,65
5219,118.723173369,Re_118p723173,mature_periodic_shedding,periodic,train,1058.31772739,66
5220,118.723173369,Re_118p723173,mature_periodic_shedding,periodic,train,1064.69313538,67
5221,118.723173369,Re_118p723173,mature_periodic_shedding,periodic,train,1071.06854338,68
5222,118.723173369,Re_118p723173,mature_periodic_shedding,periodic,train,1077.44395137,69
5223,118.723173369,Re_118p723173,mature_periodic_shedding,periodic,train,1083.81935937,70
5224,118.723173369,Re_118p723173,mature_periodic_shedding,periodic,train,1090.19476737,71
5225,118.723173369,Re_118p723173,mature_periodic_shedding,periodic,train,1096.57017536,72
5226,118.723173369,Re_118p723173,mature_periodic_shedding,periodic,train,1102.94558336,73
5227,118.723173369,Re_118p723173,mature_periodic_shedding,periodic,train,1109.32099136,74
5228,118.723173369,Re_118p723173,mature_periodic_shedding,periodic,train,1115.69639935,75
5229,118.723173369,Re_118p723173,mature_periodic_shedding,periodic,train,1122.07180735,76
5230,118.723173369,Re_118p723173,mature_periodic_shedding,periodic,train,1128.44721535,77
5231,118.723173369,Re_118p723173,mature_periodic_shedding,periodic,train,1134.82262334,78
5232,118.723173369,Re_118p723173,mature_periodic_shedding,periodic,train,1141.19803134,79
5233,118.723173369,Re_118p723173,mature_periodic_shedding,periodic,train,1147.57343933,80
5234,118.723173369,Re_118p723173,mature_periodic_shedding,periodic,train,1153.94884733,81
5235,118.723173369,Re_118p723173,mature_periodic_shedding,periodic,train,1160.32425533,82
5236,118.723173369,Re_118p723173,mature_periodic_shedding,periodic,train,1166.69966332,83
5237,118.723173369,Re_118p723173,mature_periodic_shedding,periodic,train,1173.07507132,84
5238,118.723173369,Re_118p723173,mature_periodic_shedding,periodic,train,1179.45047932,85
5239,118.723173369,Re_118p723173,mature_periodic_shedding,periodic,train,1185.82588731,86
5240,118.723173369,Re_118p723173,mature_periodic_shedding,periodic,train,1192.20129531,87
5241,118.723173369,Re_118p723173,mature_periodic_shedding,periodic,train,1198.5767033,88
5242,118.723173369,Re_118p723173,mature_periodic_shedding,periodic,train,1204.9521113,89
5243,118.723173369,Re_118p723173,mature_periodic_shedding,periodic,train,1211.3275193,90
5244,118.723173369,Re_118p723173,mature_periodic_shedding,periodic,train,1217.70292729,91
5245,118.723173369,Re_118p723173,mature_periodic_shedding,periodic,train,1224.07833529,92
5246,118.723173369,Re_118p723173,mature_periodic_shedding,periodic,train,1230.45374329,93
5247,118.723173369,Re_118p723173,mature_periodic_shedding,periodic,train,1236.82915128,94
5248,118.723173369,Re_118p723173,mature_periodic_shedding,periodic,train,1243.20455928,95
5249,118.723173369,Re_118p723173,mature_periodic_shedding,periodic,train,1249.57996727,96
5250,118.723173369,Re_118p723173,mature_periodic_shedding,periodic,train,1255.95537527,97
5251,118.723173369,Re_118p723173,mature_periodic_shedding,periodic,train,1262.33078327,98
5252,118.723173369,Re_118p723173,mature_periodic_shedding,periodic,train,1268.70619126,99
5253,118.723173369,Re_118p723173,mature_periodic_shedding,periodic,train,1275.08159926,100
5254,118.723173369,Re_118p723173,mature_periodic_shedding,periodic,train,1281.45700726,101
5255,118.723173369,Re_118p723173,mature_periodic_shedding,periodic,train,1287.83241525,102
5256,118.723173369,Re_118p723173,mature_periodic_shedding,periodic,train,1294.20782325,103
5257,118.723173369,Re_118p723173,mature_periodic_shedding,periodic,train,1300.58323125,104
5258,118.723173369,Re_118p723173,mature_periodic_shedding,periodic,train,1306.95863924,105
5259,118.723173369,Re_118p723173,mature_periodic_shedding,periodic,train,1313.33404724,106
5260,118.723173369,Re_118p723173,mature_periodic_shedding,periodic,train,1319.70945523,107
5261,118.723173369,Re_118p723173,mature_periodic_shedding,periodic,train,1326.08486323,108
5262,118.723173369,Re_118p723173,mature_periodic_shedding,periodic,train,1332.46027123,109
5263,118.723173369,Re_118p723173,mature_periodic_shedding,periodic,train,1338.83567922,110
5264,118.723173369,Re_118p723173,mature_periodic_shedding,periodic,train,1345.21108722,111
5265,118.723173369,Re_118p723173,mature_periodic_shedding,periodic,train,1351.58649522,112
5266,118.723173369,Re_118p723173,mature_periodic_shedding,periodic,train,1357.96190321,113
5267,118.723173369,Re_118p723173,mature_periodic_shedding,periodic,train,1364.33731121,114
5268,118.723173369,Re_118p723173,mature_periodic_shedding,periodic,train,1370.7127192,115
5269,118.723173369,Re_118p723173,mature_periodic_shedding,periodic,train,1377.0881272,116
5270,118.723173369,Re_118p723173,mature_periodic_shedding,periodic,train,1383.4635352,117
5271,118.723173369,Re_118p723173,mature_periodic_shedding,periodic,train,1389.83894319,118
5272,118.723173369,Re_118p723173,mature_periodic_shedding,periodic,train,1396.21435119,119
5273,118.723173369,Re_118p723173,mature_periodic_shedding,periodic,train,1402.58975919,120
5274,118.723173369,Re_118p723173,mature_periodic_shedding,periodic,train,1408.96516718,121
5275,118.723173369,Re_118p723173,mature_periodic_shedding,periodic,train,1415.34057518,122
5276,118.723173369,Re_118p723173,mature_periodic_shedding,periodic,train,1421.71598317,123
5277,118.723173369,Re_118p723173,mature_periodic_shedding,periodic,train,1428.09139117,124
5278,118.723173369,Re_118p723173,mature_periodic_shedding,periodic,train,1434.46679917,125
5279,118.723173369,Re_118p723173,mature_periodic_shedding,periodic,train,1440.84220716,126
5280,118.723173369,Re_118p723173,mature_periodic_shedding,periodic,train,1447.21761516,127
5281,118.723173369,Re_118p723173,mature_periodic_shedding,periodic,train,1453.59302316,128
5282,118.723173369,Re_118p723173,mature_periodic_shedding,periodic,train,1459.96843115,129
5283,118.723173369,Re_118p723173,mature_periodic_shedding,periodic,train,1466.34383915,130
5284,118.723173369,Re_118p723173,mature_periodic_shedding,periodic,train,1472.71924715,131
5285,118.723173369,Re_118p723173,mature_periodic_shedding,periodic,train,1479.09465514,132
5286,118.723173369,Re_118p723173,mature_periodic_shedding,periodic,train,1485.47006314,133
5287,118.723173369,Re_118p723173,mature_periodic_shedding,periodic,train,1491.84547113,134
5288,118.723173369,Re_118p723173,mature_periodic_shedding,periodic,train,1498.22087913,135
5289,118.723173369,Re_118p723173,mature_periodic_shedding,periodic,train,1504.59628713,136
5290,118.723173369,Re_118p723173,mature_periodic_shedding,periodic,train,1510.97169512,137
5291,118.723173369,Re_118p723173,mature_periodic_shedding,periodic,train,1517.34710312,138
5292,118.723173369,Re_118p723173,mature_periodic_shedding,periodic,train,1523.72251112,139
5293,118.723173369,Re_118p723173,mature_periodic_shedding,periodic,train,1530.09791911,140
5294,118.723173369,Re_118p723173,mature_periodic_shedding,periodic,train,1536.47332711,141
5295,118.723173369,Re_118p723173,mature_periodic_shedding,periodic,train,1542.8487351,142
5296,118.723173369,Re_118p723173,mature_periodic_shedding,periodic,train,1549.2241431,143
5297,118.723173369,Re_118p723173,mature_periodic_shedding,periodic,train,1555.5995511,144
5298,118.723173369,Re_118p723173,mature_periodic_shedding,periodic,train,1561.97495909,145
5299,118.723173369,Re_118p723173,mature_periodic_shedding,periodic,train,1568.35036709,146
5300,118.723173369,Re_118p723173,mature_periodic_shedding,periodic,train,1574.72577509,147
5301,118.723173369,Re_118p723173,mature_periodic_shedding,periodic,train,1581.10118308,148
5302,118.723173369,Re_118p723173,mature_periodic_shedding,periodic,train,1587.47659108,149
5303,118.723173369,Re_118p723173,mature_periodic_shedding,periodic,train,1593.85199907,150
5304,118.723173369,Re_118p723173,mature_periodic_shedding,periodic,train,1600.22740707,151
5305,118.723173369,Re_118p723173,mature_periodic_shedding,periodic,train,1606.60281507,152
5306,118.723173369,Re_118p723173,mature_periodic_shedding,periodic,train,1612.97822306,153
5307,118.723173369,Re_118p723173,mature_periodic_shedding,periodic,train,1619.35363106,154
5308,118.723173369,Re_118p723173,mature_periodic_shedding,periodic,train,1625.72903906,155
5309,118.723173369,Re_118p723173,mature_periodic_shedding,periodic,train,1632.10444705,156
5310,118.723173369,Re_118p723173,mature_periodic_shedding,periodic,train,1638.47985505,157
5311,118.723173369,Re_118p723173,mature_periodic_shedding,periodic,train,1644.85526305,158
5312,118.723173369,Re_118p723173,mature_periodic_shedding,periodic,train,1651.23067104,159
5313,118.723173369,Re_118p723173,mature_periodic_shedding,periodic,train,1657.60607904,160
5314,121.05017082,Re_121p050171,mature_periodic_shedding,periodic,validation,600.0,0
5315,121.05017082,Re_121p050171,mature_periodic_shedding,periodic,validation,604.21579206,1
5316,121.05017082,Re_121p050171,mature_periodic_shedding,periodic,validation,610.44482084,2
5317,121.05017082,Re_121p050171,mature_periodic_shedding,periodic,validation,616.67384963,3
5318,121.05017082,Re_121p050171,mature_periodic_shedding,periodic,validation,622.90287841,4
5319,121.05017082,Re_121p050171,mature_periodic_shedding,periodic,validation,629.13190719,5
5320,121.05017082,Re_121p050171,mature_periodic_shedding,periodic,validation,635.36093598,6
5321,121.05017082,Re_121p050171,mature_periodic_shedding,periodic,validation,641.58996476,7
5322,121.05017082,Re_121p050171,mature_periodic_shedding,periodic,validation,647.81899355,8
5323,121.05017082,Re_121p050171,mature_periodic_shedding,periodic,validation,654.04802233,9
5324,121.05017082,Re_121p050171,mature_periodic_shedding,periodic,validation,660.27705111,10
5325,121.05017082,Re_121p050171,mature_periodic_shedding,periodic,validation,666.5060799,11
5326,121.05017082,Re_121p050171,mature_periodic_shedding,periodic,validation,672.73510868,12
5327,121.05017082,Re_121p050171,mature_periodic_shedding,periodic,validation,678.96413747,13
5328,121.05017082,Re_121p050171,mature_periodic_shedding,periodic,validation,685.19316625,14
5329,121.05017082,Re_121p050171,mature_periodic_shedding,periodic,validation,691.42219504,15
5330,121.05017082,Re_121p050171,mature_periodic_shedding,periodic,validation,697.65122382,16
5331,121.05017082,Re_121p050171,mature_periodic_shedding,periodic,validation,703.8802526,17
5332,121.05017082,Re_121p050171,mature_periodic_shedding,periodic,validation,710.10928139,18
5333,121.05017082,Re_121p050171,mature_periodic_shedding,periodic,validation,716.33831017,19
5334,121.05017082,Re_121p050171,mature_periodic_shedding,periodic,validation,722.56733896,20
5335,121.05017082,Re_121p050171,mature_periodic_shedding,periodic,validation,728.79636774,21
5336,121.05017082,Re_121p050171,mature_periodic_shedding,periodic,validation,735.02539652,22
5337,121.05017082,Re_121p050171,mature_periodic_shedding,periodic,validation,741.25442531,23
5338,121.05017082,Re_121p050171,mature_periodic_shedding,periodic,validation,747.48345409,24
5339,121.05017082,Re_121p050171,mature_periodic_shedding,periodic,validation,753.71248288,25
5340,121.05017082,Re_121p050171,mature_periodic_shedding,periodic,validation,759.94151166,26
5341,121.05017082,Re_121p050171,mature_periodic_shedding,periodic,validation,766.17054044,27
5342,121.05017082,Re_121p050171,mature_periodic_shedding,periodic,validation,772.39956923,28
5343,121.05017082,Re_121p050171,mature_periodic_shedding,periodic,validation,778.62859801,29
5344,121.05017082,Re_121p050171,mature_periodic_shedding,periodic,validation,784.8576268,30
5345,121.05017082,Re_121p050171,mature_periodic_shedding,periodic,validation,791.08665558,31
5346,121.05017082,Re_121p050171,mature_periodic_shedding,periodic,validation,797.31568436,32
5347,121.05017082,Re_121p050171,mature_periodic_shedding,periodic,validation,803.54471315,33
5348,121.05017082,Re_121p050171,mature_periodic_shedding,periodic,validation,809.77374193,34
5349,121.05017082,Re_121p050171,mature_periodic_shedding,periodic,validation,816.00277072,35
5350,121.05017082,Re_121p050171,mature_periodic_shedding,periodic,validation,822.2317995,36
5351,121.05017082,Re_121p050171,mature_periodic_shedding,periodic,validation,828.46082829,37
5352,121.05017082,Re_121p050171,mature_periodic_shedding,periodic,validation,834.68985707,38
5353,121.05017082,Re_121p050171,mature_periodic_shedding,periodic,validation,840.91888585,39
5354,121.05017082,Re_121p050171,mature_periodic_shedding,periodic,validation,847.14791464,40
5355,121.05017082,Re_121p050171,mature_periodic_shedding,periodic,validation,853.37694342,41
5356,121.05017082,Re_121p050171,mature_periodic_shedding,periodic,validation,859.60597221,42
5357,121.05017082,Re_121p050171,mature_periodic_shedding,periodic,validation,865.83500099,43
5358,121.05017082,Re_121p050171,mature_periodic_shedding,periodic,validation,872.06402977,44
5359,121.05017082,Re_121p050171,mature_periodic_shedding,periodic,validation,878.29305856,45
5360,121.05017082,Re_121p050171,mature_periodic_shedding,periodic,validation,884.52208734,46
5361,121.05017082,Re_121p050171,mature_periodic_shedding,periodic,validation,890.75111613,47
5362,121.05017082,Re_121p050171,mature_periodic_shedding,periodic,validation,896.98014491,48
5363,121.05017082,Re_121p050171,mature_periodic_shedding,periodic,validation,903.20917369,49
5364,121.05017082,Re_121p050171,mature_periodic_shedding,periodic,validation,909.43820248,50
5365,121.05017082,Re_121p050171,mature_periodic_shedding,periodic,validation,915.66723126,51
5366,121.05017082,Re_121p050171,mature_periodic_shedding,periodic,validation,921.89626005,52
5367,121.05017082,Re_121p050171,mature_periodic_shedding,periodic,validation,928.12528883,53
5368,121.05017082,Re_121p050171,mature_periodic_shedding,periodic,validation,934.35431761,54
5369,121.05017082,Re_121p050171,mature_periodic_shedding,periodic,validation,940.5833464,55
5370,121.05017082,Re_121p050171,mature_periodic_shedding,periodic,validation,946.81237518,56
5371,121.05017082,Re_121p050171,mature_periodic_shedding,periodic,validation,953.04140397,57
5372,121.05017082,Re_121p050171,mature_periodic_shedding,periodic,validation,959.27043275,58
5373,121.05017082,Re_121p050171,mature_periodic_shedding,periodic,validation,965.49946154,59
5374,121.05017082,Re_121p050171,mature_periodic_shedding,periodic,validation,971.72849032,60
5375,121.05017082,Re_121p050171,mature_periodic_shedding,periodic,validation,977.9575191,61
5376,121.05017082,Re_121p050171,mature_periodic_shedding,periodic,validation,984.18654789,62
5377,121.05017082,Re_121p050171,mature_periodic_shedding,periodic,validation,990.41557667,63
5378,121.05017082,Re_121p050171,mature_periodic_shedding,periodic,validation,996.64460546,64
5379,121.05017082,Re_121p050171,mature_periodic_shedding,periodic,validation,1002.87363424,65
5380,121.05017082,Re_121p050171,mature_periodic_shedding,periodic,validation,1009.10266302,66
5381,121.05017082,Re_121p050171,mature_periodic_shedding,periodic,validation,1015.33169181,67
5382,121.05017082,Re_121p050171,mature_periodic_shedding,periodic,validation,1021.56072059,68
5383,121.05017082,Re_121p050171,mature_periodic_shedding,periodic,validation,1027.78974938,69
5384,121.05017082,Re_121p050171,mature_periodic_shedding,periodic,validation,1034.01877816,70
5385,121.05017082,Re_121p050171,mature_periodic_shedding,periodic,validation,1040.24780694,71
5386,121.05017082,Re_121p050171,mature_periodic_shedding,periodic,validation,1046.47683573,72
5387,121.05017082,Re_121p050171,mature_periodic_shedding,periodic,validation,1052.70586451,73
5388,121.05017082,Re_121p050171,mature_periodic_shedding,periodic,validation,1058.9348933,74
5389,121.05017082,Re_121p050171,mature_periodic_shedding,periodic,validation,1065.16392208,75
5390,121.05017082,Re_121p050171,mature_periodic_shedding,periodic,validation,1071.39295087,76
5391,121.05017082,Re_121p050171,mature_periodic_shedding,periodic,validation,1077.62197965,77
5392,121.05017082,Re_121p050171,mature_periodic_shedding,periodic,validation,1083.85100843,78
5393,121.05017082,Re_121p050171,mature_periodic_shedding,periodic,validation,1090.08003722,79
5394,121.05017082,Re_121p050171,mature_periodic_shedding,periodic,validation,1096.309066,80
5395,121.05017082,Re_121p050171,mature_periodic_shedding,periodic,validation,1102.53809479,81
5396,121.05017082,Re_121p050171,mature_periodic_shedding,periodic,validation,1108.76712357,82
5397,121.05017082,Re_121p050171,mature_periodic_shedding,periodic,validation,1114.99615235,83
5398,121.05017082,Re_121p050171,mature_periodic_shedding,periodic,validation,1121.22518114,84
5399,121.05017082,Re_121p050171,mature_periodic_shedding,periodic,validation,1127.45420992,85
5400,121.05017082,Re_121p050171,mature_periodic_shedding,periodic,validation,1133.68323871,86
5401,121.05017082,Re_121p050171,mature_periodic_shedding,periodic,validation,1139.91226749,87
5402,121.05017082,Re_121p050171,mature_periodic_shedding,periodic,validation,1146.14129627,88
5403,121.05017082,Re_121p050171,mature_periodic_shedding,periodic,validation,1152.37032506,89
5404,121.05017082,Re_121p050171,mature_periodic_shedding,periodic,validation,1158.59935384,90
5405,121.05017082,Re_121p050171,mature_periodic_shedding,periodic,validation,1164.82838263,91
5406,121.05017082,Re_121p050171,mature_periodic_shedding,periodic,validation,1171.05741141,92
5407,121.05017082,Re_121p050171,mature_periodic_shedding,periodic,validation,1177.28644019,93
5408,121.05017082,Re_121p050171,mature_periodic_shedding,periodic,validation,1183.51546898,94
5409,121.05017082,Re_121p050171,mature_periodic_shedding,periodic,validation,1189.74449776,95
5410,121.05017082,Re_121p050171,mature_periodic_shedding,periodic,validation,1195.97352655,96
5411,121.05017082,Re_121p050171,mature_periodic_shedding,periodic,validation,1202.20255533,97
5412,121.05017082,Re_121p050171,mature_periodic_shedding,periodic,validation,1208.43158412,98
5413,121.05017082,Re_121p050171,mature_periodic_shedding,periodic,validation,1214.6606129,99
5414,121.05017082,Re_121p050171,mature_periodic_shedding,periodic,validation,1220.88964168,100
5415,121.05017082,Re_121p050171,mature_periodic_shedding,periodic,validation,1227.11867047,101
5416,121.05017082,Re_121p050171,mature_periodic_shedding,periodic,validation,1233.34769925,102
5417,121.05017082,Re_121p050171,mature_periodic_shedding,periodic,validation,1239.57672804,103
5418,121.05017082,Re_121p050171,mature_periodic_shedding,periodic,validation,1245.80575682,104
5419,121.05017082,Re_121p050171,mature_periodic_shedding,periodic,validation,1252.0347856,105
5420,121.05017082,Re_121p050171,mature_periodic_shedding,periodic,validation,1258.26381439,106
5421,121.05017082,Re_121p050171,mature_periodic_shedding,periodic,validation,1264.49284317,107
5422,121.05017082,Re_121p050171,mature_periodic_shedding,periodic,validation,1270.72187196,108
5423,121.05017082,Re_121p050171,mature_periodic_shedding,periodic,validation,1276.95090074,109
5424,121.05017082,Re_121p050171,mature_periodic_shedding,periodic,validation,1283.17992952,110
5425,121.05017082,Re_121p050171,mature_periodic_shedding,periodic,validation,1289.40895831,111
5426,121.05017082,Re_121p050171,mature_periodic_shedding,periodic,validation,1295.63798709,112
5427,121.05017082,Re_121p050171,mature_periodic_shedding,periodic,validation,1301.86701588,113
5428,121.05017082,Re_121p050171,mature_periodic_shedding,periodic,validation,1308.09604466,114
5429,121.05017082,Re_121p050171,mature_periodic_shedding,periodic,validation,1314.32507345,115
5430,121.05017082,Re_121p050171,mature_periodic_shedding,periodic,validation,1320.55410223,116
5431,121.05017082,Re_121p050171,mature_periodic_shedding,periodic,validation,1326.78313101,117
5432,121.05017082,Re_121p050171,mature_periodic_shedding,periodic,validation,1333.0121598,118
5433,121.05017082,Re_121p050171,mature_periodic_shedding,periodic,validation,1339.24118858,119
5434,121.05017082,Re_121p050171,mature_periodic_shedding,periodic,validation,1345.47021737,120
5435,121.05017082,Re_121p050171,mature_periodic_shedding,periodic,validation,1351.69924615,121
5436,121.05017082,Re_121p050171,mature_periodic_shedding,periodic,validation,1357.92827493,122
5437,121.05017082,Re_121p050171,mature_periodic_shedding,periodic,validation,1364.15730372,123
5438,121.05017082,Re_121p050171,mature_periodic_shedding,periodic,validation,1370.3863325,124
5439,121.05017082,Re_121p050171,mature_periodic_shedding,periodic,validation,1376.61536129,125
5440,121.05017082,Re_121p050171,mature_periodic_shedding,periodic,validation,1382.84439007,126
5441,121.05017082,Re_121p050171,mature_periodic_shedding,periodic,validation,1389.07341885,127
5442,121.05017082,Re_121p050171,mature_periodic_shedding,periodic,validation,1395.30244764,128
5443,121.05017082,Re_121p050171,mature_periodic_shedding,periodic,validation,1401.53147642,129
5444,121.05017082,Re_121p050171,mature_periodic_shedding,periodic,validation,1407.76050521,130
5445,121.05017082,Re_121p050171,mature_periodic_shedding,periodic,validation,1413.98953399,131
5446,121.05017082,Re_121p050171,mature_periodic_shedding,periodic,validation,1420.21856277,132
5447,121.05017082,Re_121p050171,mature_periodic_shedding,periodic,validation,1426.44759156,133
5448,121.05017082,Re_121p050171,mature_periodic_shedding,periodic,validation,1432.67662034,134
5449,121.05017082,Re_121p050171,mature_periodic_shedding,periodic,validation,1438.90564913,135
5450,121.05017082,Re_121p050171,mature_periodic_shedding,periodic,validation,1445.13467791,136
5451,121.05017082,Re_121p050171,mature_periodic_shedding,periodic,validation,1451.3637067,137
5452,121.05017082,Re_121p050171,mature_periodic_shedding,periodic,validation,1457.59273548,138
5453,121.05017082,Re_121p050171,mature_periodic_shedding,periodic,validation,1463.82176426,139
5454,121.05017082,Re_121p050171,mature_periodic_shedding,periodic,validation,1470.05079305,140
5455,121.05017082,Re_121p050171,mature_periodic_shedding,periodic,validation,1476.27982183,141
5456,121.05017082,Re_121p050171,mature_periodic_shedding,periodic,validation,1482.50885062,142
5457,121.05017082,Re_121p050171,mature_periodic_shedding,periodic,validation,1488.7378794,143
5458,121.05017082,Re_121p050171,mature_periodic_shedding,periodic,validation,1494.96690818,144
5459,121.05017082,Re_121p050171,mature_periodic_shedding,periodic,validation,1501.19593697,145
5460,121.05017082,Re_121p050171,mature_periodic_shedding,periodic,validation,1507.42496575,146
5461,121.05017082,Re_121p050171,mature_periodic_shedding,periodic,validation,1513.65399454,147
5462,121.05017082,Re_121p050171,mature_periodic_shedding,periodic,validation,1519.88302332,148
5463,121.05017082,Re_121p050171,mature_periodic_shedding,periodic,validation,1526.1120521,149
5464,121.05017082,Re_121p050171,mature_periodic_shedding,periodic,validation,1532.34108089,150
5465,121.05017082,Re_121p050171,mature_periodic_shedding,periodic,validation,1538.57010967,151
5466,121.05017082,Re_121p050171,mature_periodic_shedding,periodic,validation,1544.79913846,152
5467,121.05017082,Re_121p050171,mature_periodic_shedding,periodic,validation,1551.02816724,153
5468,121.05017082,Re_121p050171,mature_periodic_shedding,periodic,validation,1557.25719602,154
5469,121.05017082,Re_121p050171,mature_periodic_shedding,periodic,validation,1563.48622481,155
5470,121.05017082,Re_121p050171,mature_periodic_shedding,periodic,validation,1569.71525359,156
5471,121.05017082,Re_121p050171,mature_periodic_shedding,periodic,validation,1575.94428238,157
5472,121.05017082,Re_121p050171,mature_periodic_shedding,periodic,validation,1582.17331116,158
5473,121.05017082,Re_121p050171,mature_periodic_shedding,periodic,validation,1588.40233995,159
5474,121.05017082,Re_121p050171,mature_periodic_shedding,periodic,validation,1594.63136873,160
5475,123.376832843,Re_123p376833,mature_periodic_shedding,periodic,train,600.0,0
5476,123.376832843,Re_123p376833,mature_periodic_shedding,periodic,train,602.83477307,1
5477,123.376832843,Re_123p376833,mature_periodic_shedding,periodic,train,608.9240132,2
5478,123.376832843,Re_123p376833,mature_periodic_shedding,periodic,train,615.01325334,3
5479,123.376832843,Re_123p376833,mature_periodic_shedding,periodic,train,621.10249347,4
5480,123.376832843,Re_123p376833,mature_periodic_shedding,periodic,train,627.1917336,5
5481,123.376832843,Re_123p376833,mature_periodic_shedding,periodic,train,633.28097373,6
5482,123.376832843,Re_123p376833,mature_periodic_shedding,periodic,train,639.37021386,7
5483,123.376832843,Re_123p376833,mature_periodic_shedding,periodic,train,645.459454,8
5484,123.376832843,Re_123p376833,mature_periodic_shedding,periodic,train,651.54869413,9
5485,123.376832843,Re_123p376833,mature_periodic_shedding,periodic,train,657.63793426,10
5486,123.376832843,Re_123p376833,mature_periodic_shedding,periodic,train,663.72717439,11
5487,123.376832843,Re_123p376833,mature_periodic_shedding,periodic,train,669.81641452,12
5488,123.376832843,Re_123p376833,mature_periodic_shedding,periodic,train,675.90565466,13
5489,123.376832843,Re_123p376833,mature_periodic_shedding,periodic,train,681.99489479,14
5490,123.376832843,Re_123p376833,mature_periodic_shedding,periodic,train,688.08413492,15
5491,123.376832843,Re_123p376833,mature_periodic_shedding,periodic,train,694.17337505,16
5492,123.376832843,Re_123p376833,mature_periodic_shedding,periodic,train,700.26261518,17
5493,123.376832843,Re_123p376833,mature_periodic_shedding,periodic,train,706.35185532,18
5494,123.376832843,Re_123p376833,mature_periodic_shedding,periodic,train,712.44109545,19
5495,123.376832843,Re_123p376833,mature_periodic_shedding,periodic,train,718.53033558,20
5496,123.376832843,Re_123p376833,mature_periodic_shedding,periodic,train,724.61957571,21
5497,123.376832843,Re_123p376833,mature_periodic_shedding,periodic,train,730.70881584,22
5498,123.376832843,Re_123p376833,mature_periodic_shedding,periodic,train,736.79805598,23
5499,123.376832843,Re_123p376833,mature_periodic_shedding,periodic,train,742.88729611,24
5500,123.376832843,Re_123p376833,mature_periodic_shedding,periodic,train,748.97653624,25
5501,123.376832843,Re_123p376833,mature_periodic_shedding,periodic,train,755.06577637,26
5502,123.376832843,Re_123p376833,mature_periodic_shedding,periodic,train,761.1550165,27
5503,123.376832843,Re_123p376833,mature_periodic_shedding,periodic,train,767.24425664,28
5504,123.376832843,Re_123p376833,mature_periodic_shedding,periodic,train,773.33349677,29
5505,123.376832843,Re_123p376833,mature_periodic_shedding,periodic,train,779.4227369,30
5506,123.376832843,Re_123p376833,mature_periodic_shedding,periodic,train,785.51197703,31
5507,123.376832843,Re_123p376833,mature_periodic_shedding,periodic,train,791.60121717,32
5508,123.376832843,Re_123p376833,mature_periodic_shedding,periodic,train,797.6904573,33
5509,123.376832843,Re_123p376833,mature_periodic_shedding,periodic,train,803.77969743,34
5510,123.376832843,Re_123p376833,mature_periodic_shedding,periodic,train,809.86893756,35
5511,123.376832843,Re_123p376833,mature_periodic_shedding,periodic,train,815.95817769,36
5512,123.376832843,Re_123p376833,mature_periodic_shedding,periodic,train,822.04741783,37
5513,123.376832843,Re_123p376833,mature_periodic_shedding,periodic,train,828.13665796,38
5514,123.376832843,Re_123p376833,mature_periodic_shedding,periodic,train,834.22589809,39
5515,123.376832843,Re_123p376833,mature_periodic_shedding,periodic,train,840.31513822,40
5516,123.376832843,Re_123p376833,mature_periodic_shedding,periodic,train,846.40437835,41
5517,123.376832843,Re_123p376833,mature_periodic_shedding,periodic,train,852.49361849,42
5518,123.376832843,Re_123p376833,mature_periodic_shedding,periodic,train,858.58285862,43
5519,123.376832843,Re_123p376833,mature_periodic_shedding,periodic,train,864.67209875,44
5520,123.376832843,Re_123p376833,mature_periodic_shedding,periodic,train,870.76133888,45
5521,123.376832843,Re_123p376833,mature_periodic_shedding,periodic,train,876.85057901,46
5522,123.376832843,Re_123p376833,mature_periodic_shedding,periodic,train,882.93981915,47
5523,123.376832843,Re_123p376833,mature_periodic_shedding,periodic,train,889.02905928,48
5524,123.376832843,Re_123p376833,mature_periodic_shedding,periodic,train,895.11829941,49
5525,123.376832843,Re_123p376833,mature_periodic_shedding,periodic,train,901.20753954,50
5526,123.376832843,Re_123p376833,mature_periodic_shedding,periodic,train,907.29677967,51
5527,123.376832843,Re_123p376833,mature_periodic_shedding,periodic,train,913.38601981,52
5528,123.376832843,Re_123p376833,mature_periodic_shedding,periodic,train,919.47525994,53
5529,123.376832843,Re_123p376833,mature_periodic_shedding,periodic,train,925.56450007,54
5530,123.376832843,Re_123p376833,mature_periodic_shedding,periodic,train,931.6537402,55
5531,123.376832843,Re_123p376833,mature_periodic_shedding,periodic,train,937.74298033,56
5532,123.376832843,Re_123p376833,mature_periodic_shedding,periodic,train,943.83222047,57
5533,123.376832843,Re_123p376833,mature_periodic_shedding,periodic,train,949.9214606,58
5534,123.376832843,Re_123p376833,mature_periodic_shedding,periodic,train,956.01070073,59
5535,123.376832843,Re_123p376833,mature_periodic_shedding,periodic,train,962.09994086,60
5536,123.376832843,Re_123p376833,mature_periodic_shedding,periodic,train,968.18918099,61
5537,123.376832843,Re_123p376833,mature_periodic_shedding,periodic,train,974.27842113,62
5538,123.376832843,Re_123p376833,mature_periodic_shedding,periodic,train,980.36766126,63
5539,123.376832843,Re_123p376833,mature_periodic_shedding,periodic,train,986.45690139,64
5540,123.376832843,Re_123p376833,mature_periodic_shedding,periodic,train,992.54614152,65
5541,123.376832843,Re_123p376833,mature_periodic_shedding,periodic,train,998.63538165,66
5542,123.376832843,Re_123p376833,mature_periodic_shedding,periodic,train,1004.72462179,67
5543,123.376832843,Re_123p376833,mature_periodic_shedding,periodic,train,1010.81386192,68
5544,123.376832843,Re_123p376833,mature_periodic_shedding,periodic,train,1016.90310205,69
5545,123.376832843,Re_123p376833,mature_periodic_shedding,periodic,train,1022.99234218,70
5546,123.376832843,Re_123p376833,mature_periodic_shedding,periodic,train,1029.08158231,71
5547,123.376832843,Re_123p376833,mature_periodic_shedding,periodic,train,1035.17082245,72
5548,123.376832843,Re_123p376833,mature_periodic_shedding,periodic,train,1041.26006258,73
5549,123.376832843,Re_123p376833,mature_periodic_shedding,periodic,train,1047.34930271,74
5550,123.376832843,Re_123p376833,mature_periodic_shedding,periodic,train,1053.43854284,75
5551,123.376832843,Re_123p376833,mature_periodic_shedding,periodic,train,1059.52778297,76
5552,123.376832843,Re_123p376833,mature_periodic_shedding,periodic,train,1065.61702311,77
5553,123.376832843,Re_123p376833,mature_periodic_shedding,periodic,train,1071.70626324,78
5554,123.376832843,Re_123p376833,mature_periodic_shedding,periodic,train,1077.79550337,79
5555,123.376832843,Re_123p376833,mature_periodic_shedding,periodic,train,1083.8847435,80
5556,123.376832843,Re_123p376833,mature_periodic_shedding,periodic,train,1089.97398364,81
5557,123.376832843,Re_123p376833,mature_periodic_shedding,periodic,train,1096.06322377,82
5558,123.376832843,Re_123p376833,mature_periodic_shedding,periodic,train,1102.1524639,83
5559,123.376832843,Re_123p376833,mature_periodic_shedding,periodic,train,1108.24170403,84
5560,123.376832843,Re_123p376833,mature_periodic_shedding,periodic,train,1114.33094416,85
5561,123.376832843,Re_123p376833,mature_periodic_shedding,periodic,train,1120.4201843,86
5562,123.376832843,Re_123p376833,mature_periodic_shedding,periodic,train,1126.50942443,87
5563,123.376832843,Re_123p376833,mature_periodic_shedding,periodic,train,1132.59866456,88
5564,123.376832843,Re_123p376833,mature_periodic_shedding,periodic,train,1138.68790469,89
5565,123.376832843,Re_123p376833,mature_periodic_shedding,periodic,train,1144.77714482,90
5566,123.376832843,Re_123p376833,mature_periodic_shedding,periodic,train,1150.86638496,91
5567,123.376832843,Re_123p376833,mature_periodic_shedding,periodic,train,1156.95562509,92
5568,123.376832843,Re_123p376833,mature_periodic_shedding,periodic,train,1163.04486522,93
5569,123.376832843,Re_123p376833,mature_periodic_shedding,periodic,train,1169.13410535,94
5570,123.376832843,Re_123p376833,mature_periodic_shedding,periodic,train,1175.22334548,95
5571,123.376832843,Re_123p376833,mature_periodic_shedding,periodic,train,1181.31258562,96
5572,123.376832843,Re_123p376833,mature_periodic_shedding,periodic,train,1187.40182575,97
5573,123.376832843,Re_123p376833,mature_periodic_shedding,periodic,train,1193.49106588,98
5574,123.376832843,Re_123p376833,mature_periodic_shedding,periodic,train,1199.58030601,99
5575,123.376832843,Re_123p376833,mature_periodic_shedding,periodic,train,1205.66954614,100
5576,123.376832843,Re_123p376833,mature_periodic_shedding,periodic,train,1211.75878628,101
5577,123.376832843,Re_123p376833,mature_periodic_shedding,periodic,train,1217.84802641,102
5578,123.376832843,Re_123p376833,mature_periodic_shedding,periodic,train,1223.93726654,103
5579,123.376832843,Re_123p376833,mature_periodic_shedding,periodic,train,1230.02650667,104
5580,123.376832843,Re_123p376833,mature_periodic_shedding,periodic,train,1236.1157468,105
5581,123.376832843,Re_123p376833,mature_periodic_shedding,periodic,train,1242.20498694,106
5582,123.376832843,Re_123p376833,mature_periodic_shedding,periodic,train,1248.29422707,107
5583,123.376832843,Re_123p376833,mature_periodic_shedding,periodic,train,1254.3834672,108
5584,123.376832843,Re_123p376833,mature_periodic_shedding,periodic,train,1260.47270733,109
5585,123.376832843,Re_123p376833,mature_periodic_shedding,periodic,train,1266.56194746,110
5586,123.376832843,Re_123p376833,mature_periodic_shedding,periodic,train,1272.6511876,111
5587,123.376832843,Re_123p376833,mature_periodic_shedding,periodic,train,1278.74042773,112
5588,123.376832843,Re_123p376833,mature_periodic_shedding,periodic,train,1284.82966786,113
5589,123.376832843,Re_123p376833,mature_periodic_shedding,periodic,train,1290.91890799,114
5590,123.376832843,Re_123p376833,mature_periodic_shedding,periodic,train,1297.00814812,115
5591,123.376832843,Re_123p376833,mature_periodic_shedding,periodic,train,1303.09738826,116
5592,123.376832843,Re_123p376833,mature_periodic_shedding,periodic,train,1309.18662839,117
5593,123.376832843,Re_123p376833,mature_periodic_shedding,periodic,train,1315.27586852,118
5594,123.376832843,Re_123p376833,mature_periodic_shedding,periodic,train,1321.36510865,119
5595,123.376832843,Re_123p376833,mature_periodic_shedding,periodic,train,1327.45434878,120
5596,123.376832843,Re_123p376833,mature_periodic_shedding,periodic,train,1333.54358892,121
5597,123.376832843,Re_123p376833,mature_periodic_shedding,periodic,train,1339.63282905,122
5598,123.376832843,Re_123p376833,mature_periodic_shedding,periodic,train,1345.72206918,123
5599,123.376832843,Re_123p376833,mature_periodic_shedding,periodic,train,1351.81130931,124
5600,123.376832843,Re_123p376833,mature_periodic_shedding,periodic,train,1357.90054944,125
5601,123.376832843,Re_123p376833,mature_periodic_shedding,periodic,train,1363.98978958,126
5602,123.376832843,Re_123p376833,mature_periodic_shedding,periodic,train,1370.07902971,127
5603,123.376832843,Re_123p376833,mature_periodic_shedding,periodic,train,1376.16826984,128
5604,123.376832843,Re_123p376833,mature_periodic_shedding,periodic,train,1382.25750997,129
5605,123.376832843,Re_123p376833,mature_periodic_shedding,periodic,train,1388.34675011,130
5606,123.376832843,Re_123p376833,mature_periodic_shedding,periodic,train,1394.43599024,131
5607,123.376832843,Re_123p376833,mature_periodic_shedding,periodic,train,1400.52523037,132
5608,123.376832843,Re_123p376833,mature_periodic_shedding,periodic,train,1406.6144705,133
5609,123.376832843,Re_123p376833,mature_periodic_shedding,periodic,train,1412.70371063,134
5610,123.376832843,Re_123p376833,mature_periodic_shedding,periodic,train,1418.79295077,135
5611,123.376832843,Re_123p376833,mature_periodic_shedding,periodic,train,1424.8821909,136
5612,123.376832843,Re_123p376833,mature_periodic_shedding,periodic,train,1430.97143103,137
5613,123.376832843,Re_123p376833,mature_periodic_shedding,periodic,train,1437.06067116,138
5614,123.376832843,Re_123p376833,mature_periodic_shedding,periodic,train,1443.14991129,139
5615,123.376832843,Re_123p376833,mature_periodic_shedding,periodic,train,1449.23915143,140
5616,123.376832843,Re_123p376833,mature_periodic_shedding,periodic,train,1455.32839156,141
5617,123.376832843,Re_123p376833,mature_periodic_shedding,periodic,train,1461.41763169,142
5618,123.376832843,Re_123p376833,mature_periodic_shedding,periodic,train,1467.50687182,143
5619,123.376832843,Re_123p376833,mature_periodic_shedding,periodic,train,1473.59611195,144
5620,123.376832843,Re_123p376833,mature_periodic_shedding,periodic,train,1479.68535209,145
5621,123.376832843,Re_123p376833,mature_periodic_shedding,periodic,train,1485.77459222,146
5622,123.376832843,Re_123p376833,mature_periodic_shedding,periodic,train,1491.86383235,147
5623,123.376832843,Re_123p376833,mature_periodic_shedding,periodic,train,1497.95307248,148
5624,123.376832843,Re_123p376833,mature_periodic_shedding,periodic,train,1504.04231261,149
5625,123.376832843,Re_123p376833,mature_periodic_shedding,periodic,train,1510.13155275,150
5626,123.376832843,Re_123p376833,mature_periodic_shedding,periodic,train,1516.22079288,151
5627,123.376832843,Re_123p376833,mature_periodic_shedding,periodic,train,1522.31003301,152
5628,123.376832843,Re_123p376833,mature_periodic_shedding,periodic,train,1528.39927314,153
5629,123.376832843,Re_123p376833,mature_periodic_shedding,periodic,train,1534.48851327,154
5630,123.376832843,Re_123p376833,mature_periodic_shedding,periodic,train,1540.57775341,155
5631,123.376832843,Re_123p376833,mature_periodic_shedding,periodic,train,1546.66699354,156
5632,123.376832843,Re_123p376833,mature_periodic_shedding,periodic,train,1552.75623367,157
5633,123.376832843,Re_123p376833,mature_periodic_shedding,periodic,train,1558.8454738,158
5634,123.376832843,Re_123p376833,mature_periodic_shedding,periodic,train,1564.93471393,159
5635,123.376832843,Re_123p376833,mature_periodic_shedding,periodic,train,1571.02395407,160
5636,125.703273692,Re_125p703274,mature_periodic_shedding,periodic,train,600.0,0
5637,125.703273692,Re_125p703274,mature_periodic_shedding,periodic,train,601.51563288,1
5638,125.703273692,Re_125p703274,mature_periodic_shedding,periodic,train,607.47123321,2
5639,125.703273692,Re_125p703274,mature_periodic_shedding,periodic,train,613.42683353,3
5640,125.703273692,Re_125p703274,mature_periodic_shedding,periodic,train,619.38243386,4
5641,125.703273692,Re_125p703274,mature_periodic_shedding,periodic,train,625.33803418,5
5642,125.703273692,Re_125p703274,mature_periodic_shedding,periodic,train,631.29363451,6
5643,125.703273692,Re_125p703274,mature_periodic_shedding,periodic,train,637.24923484,7
5644,125.703273692,Re_125p703274,mature_periodic_shedding,periodic,train,643.20483516,8
5645,125.703273692,Re_125p703274,mature_periodic_shedding,periodic,train,649.16043549,9
5646,125.703273692,Re_125p703274,mature_periodic_shedding,periodic,train,655.11603581,10
5647,125.703273692,Re_125p703274,mature_periodic_shedding,periodic,train,661.07163614,11
5648,125.703273692,Re_125p703274,mature_periodic_shedding,periodic,train,667.02723646,12
5649,125.703273692,Re_125p703274,mature_periodic_shedding,periodic,train,672.98283679,13
5650,125.703273692,Re_125p703274,mature_periodic_shedding,periodic,train,678.93843711,14
5651,125.703273692,Re_125p703274,mature_periodic_shedding,periodic,train,684.89403744,15
5652,125.703273692,Re_125p703274,mature_periodic_shedding,periodic,train,690.84963777,16
5653,125.703273692,Re_125p703274,mature_periodic_shedding,periodic,train,696.80523809,17
5654,125.703273692,Re_125p703274,mature_periodic_shedding,periodic,train,702.76083842,18
5655,125.703273692,Re_125p703274,mature_periodic_shedding,periodic,train,708.71643874,19
5656,125.703273692,Re_125p703274,mature_periodic_shedding,periodic,train,714.67203907,20
5657,125.703273692,Re_125p703274,mature_periodic_shedding,periodic,train,720.62763939,21
5658,125.703273692,Re_125p703274,mature_periodic_shedding,periodic,train,726.58323972,22
5659,125.703273692,Re_125p703274,mature_periodic_shedding,periodic,train,732.53884005,23
5660,125.703273692,Re_125p703274,mature_periodic_shedding,periodic,train,738.49444037,24
5661,125.703273692,Re_125p703274,mature_periodic_shedding,periodic,train,744.4500407,25
5662,125.703273692,Re_125p703274,mature_periodic_shedding,periodic,train,750.40564102,26
5663,125.703273692,Re_125p703274,mature_periodic_shedding,periodic,train,756.36124135,27
5664,125.703273692,Re_125p703274,mature_periodic_shedding,periodic,train,762.31684167,28
5665,125.703273692,Re_125p703274,mature_periodic_shedding,periodic,train,768.272442,29
5666,125.703273692,Re_125p703274,mature_periodic_shedding,periodic,train,774.22804232,30
5667,125.703273692,Re_125p703274,mature_periodic_shedding,periodic,train,780.18364265,31
5668,125.703273692,Re_125p703274,mature_periodic_shedding,periodic,train,786.13924298,32
5669,125.703273692,Re_125p703274,mature_periodic_shedding,periodic,train,792.0948433,33
5670,125.703273692,Re_125p703274,mature_periodic_shedding,periodic,train,798.05044363,34
5671,125.703273692,Re_125p703274,mature_periodic_shedding,periodic,train,804.00604395,35
5672,125.703273692,Re_125p703274,mature_periodic_shedding,periodic,train,809.96164428,36
5673,125.703273692,Re_125p703274,mature_periodic_shedding,periodic,train,815.9172446,37
5674,125.703273692,Re_125p703274,mature_periodic_shedding,periodic,train,821.87284493,38
5675,125.703273692,Re_125p703274,mature_periodic_shedding,periodic,train,827.82844525,39
5676,125.703273692,Re_125p703274,mature_periodic_shedding,periodic,train,833.78404558,40
5677,125.703273692,Re_125p703274,mature_periodic_shedding,periodic,train,839.73964591,41
5678,125.703273692,Re_125p703274,mature_periodic_shedding,periodic,train,845.69524623,42
5679,125.703273692,Re_125p703274,mature_periodic_shedding,periodic,train,851.65084656,43
5680,125.703273692,Re_125p703274,mature_periodic_shedding,periodic,train,857.60644688,44
5681,125.703273692,Re_125p703274,mature_periodic_shedding,periodic,train,863.56204721,45
5682,125.703273692,Re_125p703274,mature_periodic_shedding,periodic,train,869.51764753,46
5683,125.703273692,Re_125p703274,mature_periodic_shedding,periodic,train,875.47324786,47
5684,125.703273692,Re_125p703274,mature_periodic_shedding,periodic,train,881.42884818,48
5685,125.703273692,Re_125p703274,mature_periodic_shedding,periodic,train,887.38444851,49
5686,125.703273692,Re_125p703274,mature_periodic_shedding,periodic,train,893.34004884,50
5687,125.703273692,Re_125p703274,mature_periodic_shedding,periodic,train,899.29564916,51
5688,125.703273692,Re_125p703274,mature_periodic_shedding,periodic,train,905.25124949,52
5689,125.703273692,Re_125p703274,mature_periodic_shedding,periodic,train,911.20684981,53
5690,125.703273692,Re_125p703274,mature_periodic_shedding,periodic,train,917.16245014,54
5691,125.703273692,Re_125p703274,mature_periodic_shedding,periodic,train,923.11805046,55
5692,125.703273692,Re_125p703274,mature_periodic_shedding,periodic,train,929.07365079,56
5693,125.703273692,Re_125p703274,mature_periodic_shedding,periodic,train,935.02925111,57
5694,125.703273692,Re_125p703274,mature_periodic_shedding,periodic,train,940.98485144,58
5695,125.703273692,Re_125p703274,mature_periodic_shedding,periodic,train,946.94045177,59
5696,125.703273692,Re_125p703274,mature_periodic_shedding,periodic,train,952.89605209,60
5697,125.703273692,Re_125p703274,mature_periodic_shedding,periodic,train,958.85165242,61
5698,125.703273692,Re_125p703274,mature_periodic_shedding,periodic,train,964.80725274,62
5699,125.703273692,Re_125p703274,mature_periodic_shedding,periodic,train,970.76285307,63
5700,125.703273692,Re_125p703274,mature_periodic_shedding,periodic,train,976.71845339,64
5701,125.703273692,Re_125p703274,mature_periodic_shedding,periodic,train,982.67405372,65
5702,125.703273692,Re_125p703274,mature_periodic_shedding,periodic,train,988.62965404,66
5703,125.703273692,Re_125p703274,mature_periodic_shedding,periodic,train,994.58525437,67
5704,125.703273692,Re_125p703274,mature_periodic_shedding,periodic,train,1000.5408547,68
5705,125.703273692,Re_125p703274,mature_periodic_shedding,periodic,train,1006.49645502,69
5706,125.703273692,Re_125p703274,mature_periodic_shedding,periodic,train,1012.45205535,70
5707,125.703273692,Re_125p703274,mature_periodic_shedding,periodic,train,1018.40765567,71
5708,125.703273692,Re_125p703274,mature_periodic_shedding,periodic,train,1024.363256,72
5709,125.703273692,Re_125p703274,mature_periodic_shedding,periodic,train,1030.31885632,73
5710,125.703273692,Re_125p703274,mature_periodic_shedding,periodic,train,1036.27445665,74
5711,125.703273692,Re_125p703274,mature_periodic_shedding,periodic,train,1042.23005697,75
5712,125.703273692,Re_125p703274,mature_periodic_shedding,periodic,train,1048.1856573,76
5713,125.703273692,Re_125p703274,mature_periodic_shedding,periodic,train,1054.14125763,77
5714,125.703273692,Re_125p703274,mature_periodic_shedding,periodic,train,1060.09685795,78
5715,125.703273692,Re_125p703274,mature_periodic_shedding,periodic,train,1066.05245828,79
5716,125.703273692,Re_125p703274,mature_periodic_shedding,periodic,train,1072.0080586,80
5717,125.703273692,Re_125p703274,mature_periodic_shedding,periodic,train,1077.96365893,81
5718,125.703273692,Re_125p703274,mature_periodic_shedding,periodic,train,1083.91925925,82
5719,125.703273692,Re_125p703274,mature_periodic_shedding,periodic,train,1089.87485958,83
5720,125.703273692,Re_125p703274,mature_periodic_shedding,periodic,train,1095.8304599,84
5721,125.703273692,Re_125p703274,mature_periodic_shedding,periodic,train,1101.78606023,85
5722,125.703273692,Re_125p703274,mature_periodic_shedding,periodic,train,1107.74166056,86
5723,125.703273692,Re_125p703274,mature_periodic_shedding,periodic,train,1113.69726088,87
5724,125.703273692,Re_125p703274,mature_periodic_shedding,periodic,train,1119.65286121,88
5725,125.703273692,Re_125p703274,mature_periodic_shedding,periodic,train,1125.60846153,89
5726,125.703273692,Re_125p703274,mature_periodic_shedding,periodic,train,1131.56406186,90
5727,125.703273692,Re_125p703274,mature_periodic_shedding,periodic,train,1137.51966218,91
5728,125.703273692,Re_125p703274,mature_periodic_shedding,periodic,train,1143.47526251,92
5729,125.703273692,Re_125p703274,mature_periodic_shedding,periodic,train,1149.43086284,93
5730,125.703273692,Re_125p703274,mature_periodic_shedding,periodic,train,1155.38646316,94
5731,125.703273692,Re_125p703274,mature_periodic_shedding,periodic,train,1161.34206349,95
5732,125.703273692,Re_125p703274,mature_periodic_shedding,periodic,train,1167.29766381,96
5733,125.703273692,Re_125p703274,mature_periodic_shedding,periodic,train,1173.25326414,97
5734,125.703273692,Re_125p703274,mature_periodic_shedding,periodic,train,1179.20886446,98
5735,125.703273692,Re_125p703274,mature_periodic_shedding,periodic,train,1185.16446479,99
5736,125.703273692,Re_125p703274,mature_periodic_shedding,periodic,train,1191.12006511,100
5737,125.703273692,Re_125p703274,mature_periodic_shedding,periodic,train,1197.07566544,101
5738,125.703273692,Re_125p703274,mature_periodic_shedding,periodic,train,1203.03126577,102
5739,125.703273692,Re_125p703274,mature_periodic_shedding,periodic,train,1208.98686609,103
5740,125.703273692,Re_125p703274,mature_periodic_shedding,periodic,train,1214.94246642,104
5741,125.703273692,Re_125p703274,mature_periodic_shedding,periodic,train,1220.89806674,105
5742,125.703273692,Re_125p703274,mature_periodic_shedding,periodic,train,1226.85366707,106
5743,125.703273692,Re_125p703274,mature_periodic_shedding,periodic,train,1232.80926739,107
5744,125.703273692,Re_125p703274,mature_periodic_shedding,periodic,train,1238.76486772,108
5745,125.703273692,Re_125p703274,mature_periodic_shedding,periodic,train,1244.72046804,109
5746,125.703273692,Re_125p703274,mature_periodic_shedding,periodic,train,1250.67606837,110
5747,125.703273692,Re_125p703274,mature_periodic_shedding,periodic,train,1256.6316687,111
5748,125.703273692,Re_125p703274,mature_periodic_shedding,periodic,train,1262.58726902,112
5749,125.703273692,Re_125p703274,mature_periodic_shedding,periodic,train,1268.54286935,113
5750,125.703273692,Re_125p703274,mature_periodic_shedding,periodic,train,1274.49846967,114
5751,125.703273692,Re_125p703274,mature_periodic_shedding,periodic,train,1280.45407,115
5752,125.703273692,Re_125p703274,mature_periodic_shedding,periodic,train,1286.40967032,116
5753,125.703273692,Re_125p703274,mature_periodic_shedding,periodic,train,1292.36527065,117
5754,125.703273692,Re_125p703274,mature_periodic_shedding,periodic,train,1298.32087097,118
5755,125.703273692,Re_125p703274,mature_periodic_shedding,periodic,train,1304.2764713,119
5756,125.703273692,Re_125p703274,mature_periodic_shedding,periodic,train,1310.23207163,120
5757,125.703273692,Re_125p703274,mature_periodic_shedding,periodic,train,1316.18767195,121
5758,125.703273692,Re_125p703274,mature_periodic_shedding,periodic,train,1322.14327228,122
5759,125.703273692,Re_125p703274,mature_periodic_shedding,periodic,train,1328.0988726,123
5760,125.703273692,Re_125p703274,mature_periodic_shedding,periodic,train,1334.05447293,124
5761,125.703273692,Re_125p703274,mature_periodic_shedding,periodic,train,1340.01007325,125
5762,125.703273692,Re_125p703274,mature_periodic_shedding,periodic,train,1345.96567358,126
5763,125.703273692,Re_125p703274,mature_periodic_shedding,periodic,train,1351.9212739,127
5764,125.703273692,Re_125p703274,mature_periodic_shedding,periodic,train,1357.87687423,128
5765,125.703273692,Re_125p703274,mature_periodic_shedding,periodic,train,1363.83247456,129
5766,125.703273692,Re_125p703274,mature_periodic_shedding,periodic,train,1369.78807488,130
5767,125.703273692,Re_125p703274,mature_periodic_shedding,periodic,train,1375.74367521,131
5768,125.703273692,Re_125p703274,mature_periodic_shedding,periodic,train,1381.69927553,132
5769,125.703273692,Re_125p703274,mature_periodic_shedding,periodic,train,1387.65487586,133
5770,125.703273692,Re_125p703274,mature_periodic_shedding,periodic,train,1393.61047618,134
5771,125.703273692,Re_125p703274,mature_periodic_shedding,periodic,train,1399.56607651,135
5772,125.703273692,Re_125p703274,mature_periodic_shedding,periodic,train,1405.52167683,136
5773,125.703273692,Re_125p703274,mature_periodic_shedding,periodic,train,1411.47727716,137
5774,125.703273692,Re_125p703274,mature_periodic_shedding,periodic,train,1417.43287749,138
5775,125.703273692,Re_125p703274,mature_periodic_shedding,periodic,train,1423.38847781,139
5776,125.703273692,Re_125p703274,mature_periodic_shedding,periodic,train,1429.34407814,140
5777,125.703273692,Re_125p703274,mature_periodic_shedding,periodic,train,1435.29967846,141
5778,125.703273692,Re_125p703274,mature_periodic_shedding,periodic,train,1441.25527879,142
5779,125.703273692,Re_125p703274,mature_periodic_shedding,periodic,train,1447.21087911,143
5780,125.703273692,Re_125p703274,mature_periodic_shedding,periodic,train,1453.16647944,144
5781,125.703273692,Re_125p703274,mature_periodic_shedding,periodic,train,1459.12207976,145
5782,125.703273692,Re_125p703274,mature_periodic_shedding,periodic,train,1465.07768009,146
5783,125.703273692,Re_125p703274,mature_periodic_shedding,periodic,train,1471.03328042,147
5784,125.703273692,Re_125p703274,mature_periodic_shedding,periodic,train,1476.98888074,148
5785,125.703273692,Re_125p703274,mature_periodic_shedding,periodic,train,1482.94448107,149
5786,125.703273692,Re_125p703274,mature_periodic_shedding,periodic,train,1488.90008139,150
5787,125.703273692,Re_125p703274,mature_periodic_shedding,periodic,train,1494.85568172,151
5788,125.703273692,Re_125p703274,mature_periodic_shedding,periodic,train,1500.81128204,152
5789,125.703273692,Re_125p703274,mature_periodic_shedding,periodic,train,1506.76688237,153
5790,125.703273692,Re_125p703274,mature_periodic_shedding,periodic,train,1512.72248269,154
5791,125.703273692,Re_125p703274,mature_periodic_shedding,periodic,train,1518.67808302,155
5792,125.703273692,Re_125p703274,mature_periodic_shedding,periodic,train,1524.63368335,156
5793,125.703273692,Re_125p703274,mature_periodic_shedding,periodic,train,1530.58928367,157
5794,125.703273692,Re_125p703274,mature_periodic_shedding,periodic,train,1536.544884,158
5795,125.703273692,Re_125p703274,mature_periodic_shedding,periodic,train,1542.50048432,159
5796,125.703273692,Re_125p703274,mature_periodic_shedding,periodic,train,1548.45608465,160
5797,125.703273692,Re_125p703274,mature_periodic_shedding,periodic,train,1554.41168497,161
5798,128.029461168,Re_128p029461,mature_periodic_shedding,periodic,train,560.0,0
5799,128.029461168,Re_128p029461,mature_periodic_shedding,periodic,train,565.2882704,1
5800,128.029461168,Re_128p029461,mature_periodic_shedding,periodic,train,571.11598453,2
5801,128.029461168,Re_128p029461,mature_periodic_shedding,periodic,train,576.94369866,3
5802,128.029461168,Re_128p029461,mature_periodic_shedding,periodic,train,582.77141279,4
5803,128.029461168,Re_128p029461,mature_periodic_shedding,periodic,train,588.59912691,5
5804,128.029461168,Re_128p029461,mature_periodic_shedding,periodic,train,594.42684104,6
5805,128.029461168,Re_128p029461,mature_periodic_shedding,periodic,train,600.25455517,7
5806,128.029461168,Re_128p029461,mature_periodic_shedding,periodic,train,606.0822693,8
5807,128.029461168,Re_128p029461,mature_periodic_shedding,periodic,train,611.90998343,9
5808,128.029461168,Re_128p029461,mature_periodic_shedding,periodic,train,617.73769755,10
5809,128.029461168,Re_128p029461,mature_periodic_shedding,periodic,train,623.56541168,11
5810,128.029461168,Re_128p029461,mature_periodic_shedding,periodic,train,629.39312581,12
5811,128.029461168,Re_128p029461,mature_periodic_shedding,periodic,train,635.22083994,13
5812,128.029461168,Re_128p029461,mature_periodic_shedding,periodic,train,641.04855406,14
5813,128.029461168,Re_128p029461,mature_periodic_shedding,periodic,train,646.87626819,15
5814,128.029461168,Re_128p029461,mature_periodic_shedding,periodic,train,652.70398232,16
5815,128.029461168,Re_128p029461,mature_periodic_shedding,periodic,train,658.53169645,17
5816,128.029461168,Re_128p029461,mature_periodic_shedding,periodic,train,664.35941058,18
5817,128.029461168,Re_128p029461,mature_periodic_shedding,periodic,train,670.1871247,19
5818,128.029461168,Re_128p029461,mature_periodic_shedding,periodic,train,676.01483883,20
5819,128.029461168,Re_128p029461,mature_periodic_shedding,periodic,train,681.84255296,21
5820,128.029461168,Re_128p029461,mature_periodic_shedding,periodic,train,687.67026709,22
5821,128.029461168,Re_128p029461,mature_periodic_shedding,periodic,train,693.49798122,23
5822,128.029461168,Re_128p029461,mature_periodic_shedding,periodic,train,699.32569534,24
5823,128.029461168,Re_128p029461,mature_periodic_shedding,periodic,train,705.15340947,25
5824,128.029461168,Re_128p029461,mature_periodic_shedding,periodic,train,710.9811236,26
5825,128.029461168,Re_128p029461,mature_periodic_shedding,periodic,train,716.80883773,27
5826,128.029461168,Re_128p029461,mature_periodic_shedding,periodic,train,722.63655185,28
5827,128.029461168,Re_128p029461,mature_periodic_shedding,periodic,train,728.46426598,29
5828,128.029461168,Re_128p029461,mature_periodic_shedding,periodic,train,734.29198011,30
5829,128.029461168,Re_128p029461,mature_periodic_shedding,periodic,train,740.11969424,31
5830,128.029461168,Re_128p029461,mature_periodic_shedding,periodic,train,745.94740837,32
5831,128.029461168,Re_128p029461,mature_periodic_shedding,periodic,train,751.77512249,33
5832,128.029461168,Re_128p029461,mature_periodic_shedding,periodic,train,757.60283662,34
5833,128.029461168,Re_128p029461,mature_periodic_shedding,periodic,train,763.43055075,35
5834,128.029461168,Re_128p029461,mature_periodic_shedding,periodic,train,769.25826488,36
5835,128.029461168,Re_128p029461,mature_periodic_shedding,periodic,train,775.08597901,37
5836,128.029461168,Re_128p029461,mature_periodic_shedding,periodic,train,780.91369313,38
5837,128.029461168,Re_128p029461,mature_periodic_shedding,periodic,train,786.74140726,39
5838,128.029461168,Re_128p029461,mature_periodic_shedding,periodic,train,792.56912139,40
5839,128.029461168,Re_128p029461,mature_periodic_shedding,periodic,train,798.39683552,41
5840,128.029461168,Re_128p029461,mature_periodic_shedding,periodic,train,804.22454964,42
5841,128.029461168,Re_128p029461,mature_periodic_shedding,periodic,train,810.05226377,43
5842,128.029461168,Re_128p029461,mature_periodic_shedding,periodic,train,815.8799779,44
5843,128.029461168,Re_128p029461,mature_periodic_shedding,periodic,train,821.70769203,45
5844,128.029461168,Re_128p029461,mature_periodic_shedding,periodic,train,827.53540616,46
5845,128.029461168,Re_128p029461,mature_periodic_shedding,periodic,train,833.36312028,47
5846,128.029461168,Re_128p029461,mature_periodic_shedding,periodic,train,839.19083441,48
5847,128.029461168,Re_128p029461,mature_periodic_shedding,periodic,train,845.01854854,49
5848,128.029461168,Re_128p029461,mature_periodic_shedding,periodic,train,850.84626267,50
5849,128.029461168,Re_128p029461,mature_periodic_shedding,periodic,train,856.6739768,51
5850,128.029461168,Re_128p029461,mature_periodic_shedding,periodic,train,862.50169092,52
5851,128.029461168,Re_128p029461,mature_periodic_shedding,periodic,train,868.32940505,53
5852,128.029461168,Re_128p029461,mature_periodic_shedding,periodic,train,874.15711918,54
5853,128.029461168,Re_128p029461,mature_periodic_shedding,periodic,train,879.98483331,55
5854,128.029461168,Re_128p029461,mature_periodic_shedding,periodic,train,885.81254743,56
5855,128.029461168,Re_128p029461,mature_periodic_shedding,periodic,train,891.64026156,57
5856,128.029461168,Re_128p029461,mature_periodic_shedding,periodic,train,897.46797569,58
5857,128.029461168,Re_128p029461,mature_periodic_shedding,periodic,train,903.29568982,59
5858,128.029461168,Re_128p029461,mature_periodic_shedding,periodic,train,909.12340395,60
5859,128.029461168,Re_128p029461,mature_periodic_shedding,periodic,train,914.95111807,61
5860,128.029461168,Re_128p029461,mature_periodic_shedding,periodic,train,920.7788322,62
5861,128.029461168,Re_128p029461,mature_periodic_shedding,periodic,train,926.60654633,63
5862,128.029461168,Re_128p029461,mature_periodic_shedding,periodic,train,932.43426046,64
5863,128.029461168,Re_128p029461,mature_periodic_shedding,periodic,train,938.26197459,65
5864,128.029461168,Re_128p029461,mature_periodic_shedding,periodic,train,944.08968871,66
5865,128.029461168,Re_128p029461,mature_periodic_shedding,periodic,train,949.91740284,67
5866,128.029461168,Re_128p029461,mature_periodic_shedding,periodic,train,955.74511697,68
5867,128.029461168,Re_128p029461,mature_periodic_shedding,periodic,train,961.5728311,69
5868,128.029461168,Re_128p029461,mature_periodic_shedding,periodic,train,967.40054522,70
5869,128.029461168,Re_128p029461,mature_periodic_shedding,periodic,train,973.22825935,71
5870,128.029461168,Re_128p029461,mature_periodic_shedding,periodic,train,979.05597348,72
5871,128.029461168,Re_128p029461,mature_periodic_shedding,periodic,train,984.88368761,73
5872,128.029461168,Re_128p029461,mature_periodic_shedding,periodic,train,990.71140174,74
5873,128.029461168,Re_128p029461,mature_periodic_shedding,periodic,train,996.53911586,75
5874,128.029461168,Re_128p029461,mature_periodic_shedding,periodic,train,1002.36682999,76
5875,128.029461168,Re_128p029461,mature_periodic_shedding,periodic,train,1008.19454412,77
5876,128.029461168,Re_128p029461,mature_periodic_shedding,periodic,train,1014.02225825,78
5877,128.029461168,Re_128p029461,mature_periodic_shedding,periodic,train,1019.84997238,79
5878,128.029461168,Re_128p029461,mature_periodic_shedding,periodic,train,1025.6776865,80
5879,128.029461168,Re_128p029461,mature_periodic_shedding,periodic,train,1031.50540063,81
5880,128.029461168,Re_128p029461,mature_periodic_shedding,periodic,train,1037.33311476,82
5881,128.029461168,Re_128p029461,mature_periodic_shedding,periodic,train,1043.16082889,83
5882,128.029461168,Re_128p029461,mature_periodic_shedding,periodic,train,1048.98854301,84
5883,128.029461168,Re_128p029461,mature_periodic_shedding,periodic,train,1054.81625714,85
5884,128.029461168,Re_128p029461,mature_periodic_shedding,periodic,train,1060.64397127,86
5885,128.029461168,Re_128p029461,mature_periodic_shedding,periodic,train,1066.4716854,87
5886,128.029461168,Re_128p029461,mature_periodic_shedding,periodic,train,1072.29939953,88
5887,128.029461168,Re_128p029461,mature_periodic_shedding,periodic,train,1078.12711365,89
5888,128.029461168,Re_128p029461,mature_periodic_shedding,periodic,train,1083.95482778,90
5889,128.029461168,Re_128p029461,mature_periodic_shedding,periodic,train,1089.78254191,91
5890,128.029461168,Re_128p029461,mature_periodic_shedding,periodic,train,1095.61025604,92
5891,128.029461168,Re_128p029461,mature_periodic_shedding,periodic,train,1101.43797017,93
5892,128.029461168,Re_128p029461,mature_periodic_shedding,periodic,train,1107.26568429,94
5893,128.029461168,Re_128p029461,mature_periodic_shedding,periodic,train,1113.09339842,95
5894,128.029461168,Re_128p029461,mature_periodic_shedding,periodic,train,1118.92111255,96
5895,128.029461168,Re_128p029461,mature_periodic_shedding,periodic,train,1124.74882668,97
5896,128.029461168,Re_128p029461,mature_periodic_shedding,periodic,train,1130.5765408,98
5897,128.029461168,Re_128p029461,mature_periodic_shedding,periodic,train,1136.40425493,99
5898,128.029461168,Re_128p029461,mature_periodic_shedding,periodic,train,1142.23196906,100
5899,128.029461168,Re_128p029461,mature_periodic_shedding,periodic,train,1148.05968319,101
5900,128.029461168,Re_128p029461,mature_periodic_shedding,periodic,train,1153.88739732,102
5901,128.029461168,Re_128p029461,mature_periodic_shedding,periodic,train,1159.71511144,103
5902,128.029461168,Re_128p029461,mature_periodic_shedding,periodic,train,1165.54282557,104
5903,128.029461168,Re_128p029461,mature_periodic_shedding,periodic,train,1171.3705397,105
5904,128.029461168,Re_128p029461,mature_periodic_shedding,periodic,train,1177.19825383,106
5905,128.029461168,Re_128p029461,mature_periodic_shedding,periodic,train,1183.02596796,107
5906,128.029461168,Re_128p029461,mature_periodic_shedding,periodic,train,1188.85368208,108
5907,128.029461168,Re_128p029461,mature_periodic_shedding,periodic,train,1194.68139621,109
5908,128.029461168,Re_128p029461,mature_periodic_shedding,periodic,train,1200.50911034,110
5909,128.029461168,Re_128p029461,mature_periodic_shedding,periodic,train,1206.33682447,111
5910,128.029461168,Re_128p029461,mature_periodic_shedding,periodic,train,1212.16453859,112
5911,128.029461168,Re_128p029461,mature_periodic_shedding,periodic,train,1217.99225272,113
5912,128.029461168,Re_128p029461,mature_periodic_shedding,periodic,train,1223.81996685,114
5913,128.029461168,Re_128p029461,mature_periodic_shedding,periodic,train,1229.64768098,115
5914,128.029461168,Re_128p029461,mature_periodic_shedding,periodic,train,1235.47539511,116
5915,128.029461168,Re_128p029461,mature_periodic_shedding,periodic,train,1241.30310923,117
5916,128.029461168,Re_128p029461,mature_periodic_shedding,periodic,train,1247.13082336,118
5917,128.029461168,Re_128p029461,mature_periodic_shedding,periodic,train,1252.95853749,119
5918,128.029461168,Re_128p029461,mature_periodic_shedding,periodic,train,1258.78625162,120
5919,128.029461168,Re_128p029461,mature_periodic_shedding,periodic,train,1264.61396575,121
5920,128.029461168,Re_128p029461,mature_periodic_shedding,periodic,train,1270.44167987,122
5921,128.029461168,Re_128p029461,mature_periodic_shedding,periodic,train,1276.269394,123
5922,128.029461168,Re_128p029461,mature_periodic_shedding,periodic,train,1282.09710813,124
5923,128.029461168,Re_128p029461,mature_periodic_shedding,periodic,train,1287.92482226,125
5924,128.029461168,Re_128p029461,mature_periodic_shedding,periodic,train,1293.75253638,126
5925,128.029461168,Re_128p029461,mature_periodic_shedding,periodic,train,1299.58025051,127
5926,128.029461168,Re_128p029461,mature_periodic_shedding,periodic,train,1305.40796464,128
5927,128.029461168,Re_128p029461,mature_periodic_shedding,periodic,train,1311.23567877,129
5928,128.029461168,Re_128p029461,mature_periodic_shedding,periodic,train,1317.0633929,130
5929,128.029461168,Re_128p029461,mature_periodic_shedding,periodic,train,1322.89110702,131
5930,128.029461168,Re_128p029461,mature_periodic_shedding,periodic,train,1328.71882115,132
5931,128.029461168,Re_128p029461,mature_periodic_shedding,periodic,train,1334.54653528,133
5932,128.029461168,Re_128p029461,mature_periodic_shedding,periodic,train,1340.37424941,134
5933,128.029461168,Re_128p029461,mature_periodic_shedding,periodic,train,1346.20196354,135
5934,128.029461168,Re_128p029461,mature_periodic_shedding,periodic,train,1352.02967766,136
5935,128.029461168,Re_128p029461,mature_periodic_shedding,periodic,train,1357.85739179,137
5936,128.029461168,Re_128p029461,mature_periodic_shedding,periodic,train,1363.68510592,138
5937,128.029461168,Re_128p029461,mature_periodic_shedding,periodic,train,1369.51282005,139
5938,128.029461168,Re_128p029461,mature_periodic_shedding,periodic,train,1375.34053417,140
5939,128.029461168,Re_128p029461,mature_periodic_shedding,periodic,train,1381.1682483,141
5940,128.029461168,Re_128p029461,mature_periodic_shedding,periodic,train,1386.99596243,142
5941,128.029461168,Re_128p029461,mature_periodic_shedding,periodic,train,1392.82367656,143
5942,128.029461168,Re_128p029461,mature_periodic_shedding,periodic,train,1398.65139069,144
5943,128.029461168,Re_128p029461,mature_periodic_shedding,periodic,train,1404.47910481,145
5944,128.029461168,Re_128p029461,mature_periodic_shedding,periodic,train,1410.30681894,146
5945,128.029461168,Re_128p029461,mature_periodic_shedding,periodic,train,1416.13453307,147
5946,128.029461168,Re_128p029461,mature_periodic_shedding,periodic,train,1421.9622472,148
5947,128.029461168,Re_128p029461,mature_periodic_shedding,periodic,train,1427.78996133,149
5948,128.029461168,Re_128p029461,mature_periodic_shedding,periodic,train,1433.61767545,150
5949,128.029461168,Re_128p029461,mature_periodic_shedding,periodic,train,1439.44538958,151
5950,128.029461168,Re_128p029461,mature_periodic_shedding,periodic,train,1445.27310371,152
5951,128.029461168,Re_128p029461,mature_periodic_shedding,periodic,train,1451.10081784,153
5952,128.029461168,Re_128p029461,mature_periodic_shedding,periodic,train,1456.92853197,154
5953,128.029461168,Re_128p029461,mature_periodic_shedding,periodic,train,1462.75624609,155
5954,128.029461168,Re_128p029461,mature_periodic_shedding,periodic,train,1468.58396022,156
5955,128.029461168,Re_128p029461,mature_periodic_shedding,periodic,train,1474.41167435,157
5956,128.029461168,Re_128p029461,mature_periodic_shedding,periodic,train,1480.23938848,158
5957,128.029461168,Re_128p029461,mature_periodic_shedding,periodic,train,1486.0671026,159
5958,128.029461168,Re_128p029461,mature_periodic_shedding,periodic,train,1491.89481673,160
5959,130.355224828,Re_130p355225,mature_periodic_shedding,periodic,train,560.0,0
5960,130.355224828,Re_130p355225,mature_periodic_shedding,periodic,train,564.81743268,1
5961,130.355224828,Re_130p355225,mature_periodic_shedding,periodic,train,570.52265927,2
5962,130.355224828,Re_130p355225,mature_periodic_shedding,periodic,train,576.22788586,3
5963,130.355224828,Re_130p355225,mature_periodic_shedding,periodic,train,581.93311246,4
5964,130.355224828,Re_130p355225,mature_periodic_shedding,periodic,train,587.63833905,5
5965,130.355224828,Re_130p355225,mature_periodic_shedding,periodic,train,593.34356564,6
5966,130.355224828,Re_130p355225,mature_periodic_shedding,periodic,train,599.04879223,7
5967,130.355224828,Re_130p355225,mature_periodic_shedding,periodic,train,604.75401883,8
5968,130.355224828,Re_130p355225,mature_periodic_shedding,periodic,train,610.45924542,9
5969,130.355224828,Re_130p355225,mature_periodic_shedding,periodic,train,616.16447201,10
5970,130.355224828,Re_130p355225,mature_periodic_shedding,periodic,train,621.86969861,11
5971,130.355224828,Re_130p355225,mature_periodic_shedding,periodic,train,627.5749252,12
5972,130.355224828,Re_130p355225,mature_periodic_shedding,periodic,train,633.28015179,13
5973,130.355224828,Re_130p355225,mature_periodic_shedding,periodic,train,638.98537838,14
5974,130.355224828,Re_130p355225,mature_periodic_shedding,periodic,train,644.69060498,15
5975,130.355224828,Re_130p355225,mature_periodic_shedding,periodic,train,650.39583157,16
5976,130.355224828,Re_130p355225,mature_periodic_shedding,periodic,train,656.10105816,17
5977,130.355224828,Re_130p355225,mature_periodic_shedding,periodic,train,661.80628475,18
5978,130.355224828,Re_130p355225,mature_periodic_shedding,periodic,train,667.51151135,19
5979,130.355224828,Re_130p355225,mature_periodic_shedding,periodic,train,673.21673794,20
5980,130.355224828,Re_130p355225,mature_periodic_shedding,periodic,train,678.92196453,21
5981,130.355224828,Re_130p355225,mature_periodic_shedding,periodic,train,684.62719113,22
5982,130.355224828,Re_130p355225,mature_periodic_shedding,periodic,train,690.33241772,23
5983,130.355224828,Re_130p355225,mature_periodic_shedding,periodic,train,696.03764431,24
5984,130.355224828,Re_130p355225,mature_periodic_shedding,periodic,train,701.7428709,25
5985,130.355224828,Re_130p355225,mature_periodic_shedding,periodic,train,707.4480975,26
5986,130.355224828,Re_130p355225,mature_periodic_shedding,periodic,train,713.15332409,27
5987,130.355224828,Re_130p355225,mature_periodic_shedding,periodic,train,718.85855068,28
5988,130.355224828,Re_130p355225,mature_periodic_shedding,periodic,train,724.56377727,29
5989,130.355224828,Re_130p355225,mature_periodic_shedding,periodic,train,730.26900387,30
5990,130.355224828,Re_130p355225,mature_periodic_shedding,periodic,train,735.97423046,31
5991,130.355224828,Re_130p355225,mature_periodic_shedding,periodic,train,741.67945705,32
5992,130.355224828,Re_130p355225,mature_periodic_shedding,periodic,train,747.38468365,33
5993,130.355224828,Re_130p355225,mature_periodic_shedding,periodic,train,753.08991024,34
5994,130.355224828,Re_130p355225,mature_periodic_shedding,periodic,train,758.79513683,35
5995,130.355224828,Re_130p355225,mature_periodic_shedding,periodic,train,764.50036342,36
5996,130.355224828,Re_130p355225,mature_periodic_shedding,periodic,train,770.20559002,37
5997,130.355224828,Re_130p355225,mature_periodic_shedding,periodic,train,775.91081661,38
5998,130.355224828,Re_130p355225,mature_periodic_shedding,periodic,train,781.6160432,39
5999,130.355224828,Re_130p355225,mature_periodic_shedding,periodic,train,787.32126979,40
6000,130.355224828,Re_130p355225,mature_periodic_shedding,periodic,train,793.02649639,41
6001,130.355224828,Re_130p355225,mature_periodic_shedding,periodic,train,798.73172298,42
6002,130.355224828,Re_130p355225,mature_periodic_shedding,periodic,train,804.43694957,43
6003,130.355224828,Re_130p355225,mature_periodic_shedding,periodic,train,810.14217616,44
6004,130.355224828,Re_130p355225,mature_periodic_shedding,periodic,train,815.84740276,45
6005,130.355224828,Re_130p355225,mature_periodic_shedding,periodic,train,821.55262935,46
6006,130.355224828,Re_130p355225,mature_periodic_shedding,periodic,train,827.25785594,47
6007,130.355224828,Re_130p355225,mature_periodic_shedding,periodic,train,832.96308254,48
6008,130.355224828,Re_130p355225,mature_periodic_shedding,periodic,train,838.66830913,49
6009,130.355224828,Re_130p355225,mature_periodic_shedding,periodic,train,844.37353572,50
6010,130.355224828,Re_130p355225,mature_periodic_shedding,periodic,train,850.07876231,51
6011,130.355224828,Re_130p355225,mature_periodic_shedding,periodic,train,855.78398891,52
6012,130.355224828,Re_130p355225,mature_periodic_shedding,periodic,train,861.4892155,53
6013,130.355224828,Re_130p355225,mature_periodic_shedding,periodic,train,867.19444209,54
6014,130.355224828,Re_130p355225,mature_periodic_shedding,periodic,train,872.89966868,55
6015,130.355224828,Re_130p355225,mature_periodic_shedding,periodic,train,878.60489528,56
6016,130.355224828,Re_130p355225,mature_periodic_shedding,periodic,train,884.31012187,57
6017,130.355224828,Re_130p355225,mature_periodic_shedding,periodic,train,890.01534846,58
6018,130.355224828,Re_130p355225,mature_periodic_shedding,periodic,train,895.72057506,59
6019,130.355224828,Re_130p355225,mature_periodic_shedding,periodic,train,901.42580165,60
6020,130.355224828,Re_130p355225,mature_periodic_shedding,periodic,train,907.13102824,61
6021,130.355224828,Re_130p355225,mature_periodic_shedding,periodic,train,912.83625483,62
6022,130.355224828,Re_130p355225,mature_periodic_shedding,periodic,train,918.54148143,63
6023,130.355224828,Re_130p355225,mature_periodic_shedding,periodic,train,924.24670802,64
6024,130.355224828,Re_130p355225,mature_periodic_shedding,periodic,train,929.95193461,65
6025,130.355224828,Re_130p355225,mature_periodic_shedding,periodic,train,935.6571612,66
6026,130.355224828,Re_130p355225,mature_periodic_shedding,periodic,train,941.3623878,67
6027,130.355224828,Re_130p355225,mature_periodic_shedding,periodic,train,947.06761439,68
6028,130.355224828,Re_130p355225,mature_periodic_shedding,periodic,train,952.77284098,69
6029,130.355224828,Re_130p355225,mature_periodic_shedding,periodic,train,958.47806758,70
6030,130.355224828,Re_130p355225,mature_periodic_shedding,periodic,train,964.18329417,71
6031,130.355224828,Re_130p355225,mature_periodic_shedding,periodic,train,969.88852076,72
6032,130.355224828,Re_130p355225,mature_periodic_shedding,periodic,train,975.59374735,73
6033,130.355224828,Re_130p355225,mature_periodic_shedding,periodic,train,981.29897395,74
6034,130.355224828,Re_130p355225,mature_periodic_shedding,periodic,train,987.00420054,75
6035,130.355224828,Re_130p355225,mature_periodic_shedding,periodic,train,992.70942713,76
6036,130.355224828,Re_130p355225,mature_periodic_shedding,periodic,train,998.41465372,77
6037,130.355224828,Re_130p355225,mature_periodic_shedding,periodic,train,1004.11988032,78
6038,130.355224828,Re_130p355225,mature_periodic_shedding,periodic,train,1009.82510691,79
6039,130.355224828,Re_130p355225,mature_periodic_shedding,periodic,train,1015.5303335,80
6040,130.355224828,Re_130p355225,mature_periodic_shedding,periodic,train,1021.2355601,81
6041,130.355224828,Re_130p355225,mature_periodic_shedding,periodic,train,1026.94078669,82
6042,130.355224828,Re_130p355225,mature_periodic_shedding,periodic,train,1032.64601328,83
6043,130.355224828,Re_130p355225,mature_periodic_shedding,periodic,train,1038.35123987,84
6044,130.355224828,Re_130p355225,mature_periodic_shedding,periodic,train,1044.05646647,85
6045,130.355224828,Re_130p355225,mature_periodic_shedding,periodic,train,1049.76169306,86
6046,130.355224828,Re_130p355225,mature_periodic_shedding,periodic,train,1055.46691965,87
6047,130.355224828,Re_130p355225,mature_periodic_shedding,periodic,train,1061.17214624,88
6048,130.355224828,Re_130p355225,mature_periodic_shedding,periodic,train,1066.87737284,89
6049,130.355224828,Re_130p355225,mature_periodic_shedding,periodic,train,1072.58259943,90
6050,130.355224828,Re_130p355225,mature_periodic_shedding,periodic,train,1078.28782602,91
6051,130.355224828,Re_130p355225,mature_periodic_shedding,periodic,train,1083.99305261,92
6052,130.355224828,Re_130p355225,mature_periodic_shedding,periodic,train,1089.69827921,93
6053,130.355224828,Re_130p355225,mature_periodic_shedding,periodic,train,1095.4035058,94
6054,130.355224828,Re_130p355225,mature_periodic_shedding,periodic,train,1101.10873239,95
6055,130.355224828,Re_130p355225,mature_periodic_shedding,periodic,train,1106.81395899,96
6056,130.355224828,Re_130p355225,mature_periodic_shedding,periodic,train,1112.51918558,97
6057,130.355224828,Re_130p355225,mature_periodic_shedding,periodic,train,1118.22441217,98
6058,130.355224828,Re_130p355225,mature_periodic_shedding,periodic,train,1123.92963876,99
6059,130.355224828,Re_130p355225,mature_periodic_shedding,periodic,train,1129.63486536,100
6060,130.355224828,Re_130p355225,mature_periodic_shedding,periodic,train,1135.34009195,101
6061,130.355224828,Re_130p355225,mature_periodic_shedding,periodic,train,1141.04531854,102
6062,130.355224828,Re_130p355225,mature_periodic_shedding,periodic,train,1146.75054513,103
6063,130.355224828,Re_130p355225,mature_periodic_shedding,periodic,train,1152.45577173,104
6064,130.355224828,Re_130p355225,mature_periodic_shedding,periodic,train,1158.16099832,105
6065,130.355224828,Re_130p355225,mature_periodic_shedding,periodic,train,1163.86622491,106
6066,130.355224828,Re_130p355225,mature_periodic_shedding,periodic,train,1169.57145151,107
6067,130.355224828,Re_130p355225,mature_periodic_shedding,periodic,train,1175.2766781,108
6068,130.355224828,Re_130p355225,mature_periodic_shedding,periodic,train,1180.98190469,109
6069,130.355224828,Re_130p355225,mature_periodic_shedding,periodic,train,1186.68713128,110
6070,130.355224828,Re_130p355225,mature_periodic_shedding,periodic,train,1192.39235788,111
6071,130.355224828,Re_130p355225,mature_periodic_shedding,periodic,train,1198.09758447,112
6072,130.355224828,Re_130p355225,mature_periodic_shedding,periodic,train,1203.80281106,113
6073,130.355224828,Re_130p355225,mature_periodic_shedding,periodic,train,1209.50803765,114
6074,130.355224828,Re_130p355225,mature_periodic_shedding,periodic,train,1215.21326425,115
6075,130.355224828,Re_130p355225,mature_periodic_shedding,periodic,train,1220.91849084,116
6076,130.355224828,Re_130p355225,mature_periodic_shedding,periodic,train,1226.62371743,117
6077,130.355224828,Re_130p355225,mature_periodic_shedding,periodic,train,1232.32894403,118
6078,130.355224828,Re_130p355225,mature_periodic_shedding,periodic,train,1238.03417062,119
6079,130.355224828,Re_130p355225,mature_periodic_shedding,periodic,train,1243.73939721,120
6080,130.355224828,Re_130p355225,mature_periodic_shedding,periodic,train,1249.4446238,121
6081,130.355224828,Re_130p355225,mature_periodic_shedding,periodic,train,1255.1498504,122
6082,130.355224828,Re_130p355225,mature_periodic_shedding,periodic,train,1260.85507699,123
6083,130.355224828,Re_130p355225,mature_periodic_shedding,periodic,train,1266.56030358,124
6084,130.355224828,Re_130p355225,mature_periodic_shedding,periodic,train,1272.26553017,125
6085,130.355224828,Re_130p355225,mature_periodic_shedding,periodic,train,1277.97075677,126
6086,130.355224828,Re_130p355225,mature_periodic_shedding,periodic,train,1283.67598336,127
6087,130.355224828,Re_130p355225,mature_periodic_shedding,periodic,train,1289.38120995,128
6088,130.355224828,Re_130p355225,mature_periodic_shedding,periodic,train,1295.08643655,129
6089,130.355224828,Re_130p355225,mature_periodic_shedding,periodic,train,1300.79166314,130
6090,130.355224828,Re_130p355225,mature_periodic_shedding,periodic,train,1306.49688973,131
6091,130.355224828,Re_130p355225,mature_periodic_shedding,periodic,train,1312.20211632,132
6092,130.355224828,Re_130p355225,mature_periodic_shedding,periodic,train,1317.90734292,133
6093,130.355224828,Re_130p355225,mature_periodic_shedding,periodic,train,1323.61256951,134
6094,130.355224828,Re_130p355225,mature_periodic_shedding,periodic,train,1329.3177961,135
6095,130.355224828,Re_130p355225,mature_periodic_shedding,periodic,train,1335.02302269,136
6096,130.355224828,Re_130p355225,mature_periodic_shedding,periodic,train,1340.72824929,137
6097,130.355224828,Re_130p355225,mature_periodic_shedding,periodic,train,1346.43347588,138
6098,130.355224828,Re_130p355225,mature_periodic_shedding,periodic,train,1352.13870247,139
6099,130.355224828,Re_130p355225,mature_periodic_shedding,periodic,train,1357.84392906,140
6100,130.355224828,Re_130p355225,mature_periodic_shedding,periodic,train,1363.54915566,141
6101,130.355224828,Re_130p355225,mature_periodic_shedding,periodic,train,1369.25438225,142
6102,130.355224828,Re_130p355225,mature_periodic_shedding,periodic,train,1374.95960884,143
6103,130.355224828,Re_130p355225,mature_periodic_shedding,periodic,train,1380.66483544,144
6104,130.355224828,Re_130p355225,mature_periodic_shedding,periodic,train,1386.37006203,145
6105,130.355224828,Re_130p355225,mature_periodic_shedding,periodic,train,1392.07528862,146
6106,130.355224828,Re_130p355225,mature_periodic_shedding,periodic,train,1397.78051521,147
6107,130.355224828,Re_130p355225,mature_periodic_shedding,periodic,train,1403.48574181,148
6108,130.355224828,Re_130p355225,mature_periodic_shedding,periodic,train,1409.1909684,149
6109,130.355224828,Re_130p355225,mature_periodic_shedding,periodic,train,1414.89619499,150
6110,130.355224828,Re_130p355225,mature_periodic_shedding,periodic,train,1420.60142158,151
6111,130.355224828,Re_130p355225,mature_periodic_shedding,periodic,train,1426.30664818,152
6112,130.355224828,Re_130p355225,mature_periodic_shedding,periodic,train,1432.01187477,153
6113,130.355224828,Re_130p355225,mature_periodic_shedding,periodic,train,1437.71710136,154
6114,130.355224828,Re_130p355225,mature_periodic_shedding,periodic,train,1443.42232796,155
6115,130.355224828,Re_130p355225,mature_periodic_shedding,periodic,train,1449.12755455,156
6116,130.355224828,Re_130p355225,mature_periodic_shedding,periodic,train,1454.83278114,157
6117,130.355224828,Re_130p355225,mature_periodic_shedding,periodic,train,1460.53800773,158
6118,130.355224828,Re_130p355225,mature_periodic_shedding,periodic,train,1466.24323433,159
6119,130.355224828,Re_130p355225,mature_periodic_shedding,periodic,train,1471.94846092,160
6120,132.680202796,Re_132p680203,mature_periodic_shedding,periodic,train,560.0,0
6121,132.680202796,Re_132p680203,mature_periodic_shedding,periodic,train,564.3699045,1
6122,132.680202796,Re_132p680203,mature_periodic_shedding,periodic,train,569.95772534,2
6123,132.680202796,Re_132p680203,mature_periodic_shedding,periodic,train,575.54554617,3
6124,132.680202796,Re_132p680203,mature_periodic_shedding,periodic,train,581.13336701,4
6125,132.680202796,Re_132p680203,mature_periodic_shedding,periodic,train,586.72118785,5
6126,132.680202796,Re_132p680203,mature_periodic_shedding,periodic,train,592.30900868,6
6127,132.680202796,Re_132p680203,mature_periodic_shedding,periodic,train,597.89682952,7
6128,132.680202796,Re_132p680203,mature_periodic_shedding,periodic,train,603.48465036,8
6129,132.680202796,Re_132p680203,mature_periodic_shedding,periodic,train,609.07247119,9
6130,132.680202796,Re_132p680203,mature_periodic_shedding,periodic,train,614.66029203,10
6131,132.680202796,Re_132p680203,mature_periodic_shedding,periodic,train,620.24811287,11
6132,132.680202796,Re_132p680203,mature_periodic_shedding,periodic,train,625.8359337,12
6133,132.680202796,Re_132p680203,mature_periodic_shedding,periodic,train,631.42375454,13
6134,132.680202796,Re_132p680203,mature_periodic_shedding,periodic,train,637.01157538,14
6135,132.680202796,Re_132p680203,mature_periodic_shedding,periodic,train,642.59939621,15
6136,132.680202796,Re_132p680203,mature_periodic_shedding,periodic,train,648.18721705,16
6137,132.680202796,Re_132p680203,mature_periodic_shedding,periodic,train,653.77503789,17
6138,132.680202796,Re_132p680203,mature_periodic_shedding,periodic,train,659.36285872,18
6139,132.680202796,Re_132p680203,mature_periodic_shedding,periodic,train,664.95067956,19
6140,132.680202796,Re_132p680203,mature_periodic_shedding,periodic,train,670.5385004,20
6141,132.680202796,Re_132p680203,mature_periodic_shedding,periodic,train,676.12632123,21
6142,132.680202796,Re_132p680203,mature_periodic_shedding,periodic,train,681.71414207,22
6143,132.680202796,Re_132p680203,mature_periodic_shedding,periodic,train,687.30196291,23
6144,132.680202796,Re_132p680203,mature_periodic_shedding,periodic,train,692.88978374,24
6145,132.680202796,Re_132p680203,mature_periodic_shedding,periodic,train,698.47760458,25
6146,132.680202796,Re_132p680203,mature_periodic_shedding,periodic,train,704.06542542,26
6147,132.680202796,Re_132p680203,mature_periodic_shedding,periodic,train,709.65324625,27
6148,132.680202796,Re_132p680203,mature_periodic_shedding,periodic,train,715.24106709,28
6149,132.680202796,Re_132p680203,mature_periodic_shedding,periodic,train,720.82888793,29
6150,132.680202796,Re_132p680203,mature_periodic_shedding,periodic,train,726.41670876,30
6151,132.680202796,Re_132p680203,mature_periodic_shedding,periodic,train,732.0045296,31
6152,132.680202796,Re_132p680203,mature_periodic_shedding,periodic,train,737.59235044,32
6153,132.680202796,Re_132p680203,mature_periodic_shedding,periodic,train,743.18017127,33
6154,132.680202796,Re_132p680203,mature_periodic_shedding,periodic,train,748.76799211,34
6155,132.680202796,Re_132p680203,mature_periodic_shedding,periodic,train,754.35581295,35
6156,132.680202796,Re_132p680203,mature_periodic_shedding,periodic,train,759.94363378,36
6157,132.680202796,Re_132p680203,mature_periodic_shedding,periodic,train,765.53145462,37
6158,132.680202796,Re_132p680203,mature_periodic_shedding,periodic,train,771.11927546,38
6159,132.680202796,Re_132p680203,mature_periodic_shedding,periodic,train,776.70709629,39
6160,132.680202796,Re_132p680203,mature_periodic_shedding,periodic,train,782.29491713,40
6161,132.680202796,Re_132p680203,mature_periodic_shedding,periodic,train,787.88273797,41
6162,132.680202796,Re_132p680203,mature_periodic_shedding,periodic,train,793.4705588,42
6163,132.680202796,Re_132p680203,mature_periodic_shedding,periodic,train,799.05837964,43
6164,132.680202796,Re_132p680203,mature_periodic_shedding,periodic,train,804.64620048,44
6165,132.680202796,Re_132p680203,mature_periodic_shedding,periodic,train,810.23402131,45
6166,132.680202796,Re_132p680203,mature_periodic_shedding,periodic,train,815.82184215,46
6167,132.680202796,Re_132p680203,mature_periodic_shedding,periodic,train,821.40966299,47
6168,132.680202796,Re_132p680203,mature_periodic_shedding,periodic,train,826.99748382,48
6169,132.680202796,Re_132p680203,mature_periodic_shedding,periodic,train,832.58530466,49
6170,132.680202796,Re_132p680203,mature_periodic_shedding,periodic,train,838.1731255,50
6171,132.680202796,Re_132p680203,mature_periodic_shedding,periodic,train,843.76094633,51
6172,132.680202796,Re_132p680203,mature_periodic_shedding,periodic,train,849.34876717,52
6173,132.680202796,Re_132p680203,mature_periodic_shedding,periodic,train,854.93658801,53
6174,132.680202796,Re_132p680203,mature_periodic_shedding,periodic,train,860.52440884,54
6175,132.680202796,Re_132p680203,mature_periodic_shedding,periodic,train,866.11222968,55
6176,132.680202796,Re_132p680203,mature_periodic_shedding,periodic,train,871.70005052,56
6177,132.680202796,Re_132p680203,mature_periodic_shedding,periodic,train,877.28787135,57
6178,132.680202796,Re_132p680203,mature_periodic_shedding,periodic,train,882.87569219,58
6179,132.680202796,Re_132p680203,mature_periodic_shedding,periodic,train,888.46351303,59
6180,132.680202796,Re_132p680203,mature_periodic_shedding,periodic,train,894.05133386,60
6181,132.680202796,Re_132p680203,mature_periodic_shedding,periodic,train,899.6391547,61
6182,132.680202796,Re_132p680203,mature_periodic_shedding,periodic,train,905.22697554,62
6183,132.680202796,Re_132p680203,mature_periodic_shedding,periodic,train,910.81479637,63
6184,132.680202796,Re_132p680203,mature_periodic_shedding,periodic,train,916.40261721,64
6185,132.680202796,Re_132p680203,mature_periodic_shedding,periodic,train,921.99043805,65
6186,132.680202796,Re_132p680203,mature_periodic_shedding,periodic,train,927.57825888,66
6187,132.680202796,Re_132p680203,mature_periodic_shedding,periodic,train,933.16607972,67
6188,132.680202796,Re_132p680203,mature_periodic_shedding,periodic,train,938.75390056,68
6189,132.680202796,Re_132p680203,mature_periodic_shedding,periodic,train,944.34172139,69
6190,132.680202796,Re_132p680203,mature_periodic_shedding,periodic,train,949.92954223,70
6191,132.680202796,Re_132p680203,mature_periodic_shedding,periodic,train,955.51736307,71
6192,132.680202796,Re_132p680203,mature_periodic_shedding,periodic,train,961.1051839,72
6193,132.680202796,Re_132p680203,mature_periodic_shedding,periodic,train,966.69300474,73
6194,132.680202796,Re_132p680203,mature_periodic_shedding,periodic,train,972.28082558,74
6195,132.680202796,Re_132p680203,mature_periodic_shedding,periodic,train,977.86864641,75
6196,132.680202796,Re_132p680203,mature_periodic_shedding,periodic,train,983.45646725,76
6197,132.680202796,Re_132p680203,mature_periodic_shedding,periodic,train,989.04428809,77
6198,132.680202796,Re_132p680203,mature_periodic_shedding,periodic,train,994.63210892,78
6199,132.680202796,Re_132p680203,mature_periodic_shedding,periodic,train,1000.21992976,79
6200,132.680202796,Re_132p680203,mature_periodic_shedding,periodic,train,1005.8077506,80
6201,132.680202796,Re_132p680203,mature_periodic_shedding,periodic,train,1011.39557143,81
6202,132.680202796,Re_132p680203,mature_periodic_shedding,periodic,train,1016.98339227,82
6203,132.680202796,Re_132p680203,mature_periodic_shedding,periodic,train,1022.57121311,83
6204,132.680202796,Re_132p680203,mature_periodic_shedding,periodic,train,1028.15903394,84
6205,132.680202796,Re_132p680203,mature_periodic_shedding,periodic,train,1033.74685478,85
6206,132.680202796,Re_132p680203,mature_periodic_shedding,periodic,train,1039.33467562,86
6207,132.680202796,Re_132p680203,mature_periodic_shedding,periodic,train,1044.92249645,87
6208,132.680202796,Re_132p680203,mature_periodic_shedding,periodic,train,1050.51031729,88
6209,132.680202796,Re_132p680203,mature_periodic_shedding,periodic,train,1056.09813813,89
6210,132.680202796,Re_132p680203,mature_periodic_shedding,periodic,train,1061.68595896,90
6211,132.680202796,Re_132p680203,mature_periodic_shedding,periodic,train,1067.2737798,91
6212,132.680202796,Re_132p680203,mature_periodic_shedding,periodic,train,1072.86160064,92
6213,132.680202796,Re_132p680203,mature_periodic_shedding,periodic,train,1078.44942147,93
6214,132.680202796,Re_132p680203,mature_periodic_shedding,periodic,train,1084.03724231,94
6215,132.680202796,Re_132p680203,mature_periodic_shedding,periodic,train,1089.62506315,95
6216,132.680202796,Re_132p680203,mature_periodic_shedding,periodic,train,1095.21288398,96
6217,132.680202796,Re_132p680203,mature_periodic_shedding,periodic,train,1100.80070482,97
6218,132.680202796,Re_132p680203,mature_periodic_shedding,periodic,train,1106.38852566,98
6219,132.680202796,Re_132p680203,mature_periodic_shedding,periodic,train,1111.97634649,99
6220,132.680202796,Re_132p680203,mature_periodic_shedding,periodic,train,1117.56416733,100
6221,132.680202796,Re_132p680203,mature_periodic_shedding,periodic,train,1123.15198817,101
6222,132.680202796,Re_132p680203,mature_periodic_shedding,periodic,train,1128.739809,102
6223,132.680202796,Re_132p680203,mature_periodic_shedding,periodic,train,1134.32762984,103
6224,132.680202796,Re_132p680203,mature_periodic_shedding,periodic,train,1139.91545068,104
6225,132.680202796,Re_132p680203,mature_periodic_shedding,periodic,train,1145.50327151,105
6226,132.680202796,Re_132p680203,mature_periodic_shedding,periodic,train,1151.09109235,106
6227,132.680202796,Re_132p680203,mature_periodic_shedding,periodic,train,1156.67891319,107
6228,132.680202796,Re_132p680203,mature_periodic_shedding,periodic,train,1162.26673402,108
6229,132.680202796,Re_132p680203,mature_periodic_shedding,periodic,train,1167.85455486,109
6230,132.680202796,Re_132p680203,mature_periodic_shedding,periodic,train,1173.4423757,110
6231,132.680202796,Re_132p680203,mature_periodic_shedding,periodic,train,1179.03019653,111
6232,132.680202796,Re_132p680203,mature_periodic_shedding,periodic,train,1184.61801737,112
6233,132.680202796,Re_132p680203,mature_periodic_shedding,periodic,train,1190.20583821,113
6234,132.680202796,Re_132p680203,mature_periodic_shedding,periodic,train,1195.79365904,114
6235,132.680202796,Re_132p680203,mature_periodic_shedding,periodic,train,1201.38147988,115
6236,132.680202796,Re_132p680203,mature_periodic_shedding,periodic,train,1206.96930072,116
6237,132.680202796,Re_132p680203,mature_periodic_shedding,periodic,train,1212.55712155,117
6238,132.680202796,Re_132p680203,mature_periodic_shedding,periodic,train,1218.14494239,118
6239,132.680202796,Re_132p680203,mature_periodic_shedding,periodic,train,1223.73276323,119
6240,132.680202796,Re_132p680203,mature_periodic_shedding,periodic,train,1229.32058406,120
6241,132.680202796,Re_132p680203,mature_periodic_shedding,periodic,train,1234.9084049,121
6242,132.680202796,Re_132p680203,mature_periodic_shedding,periodic,train,1240.49622574,122
6243,132.680202796,Re_132p680203,mature_periodic_shedding,periodic,train,1246.08404657,123
6244,132.680202796,Re_132p680203,mature_periodic_shedding,periodic,train,1251.67186741,124
6245,132.680202796,Re_132p680203,mature_periodic_shedding,periodic,train,1257.25968825,125
6246,132.680202796,Re_132p680203,mature_periodic_shedding,periodic,train,1262.84750908,126
6247,132.680202796,Re_132p680203,mature_periodic_shedding,periodic,train,1268.43532992,127
6248,132.680202796,Re_132p680203,mature_periodic_shedding,periodic,train,1274.02315076,128
6249,132.680202796,Re_132p680203,mature_periodic_shedding,periodic,train,1279.61097159,129
6250,132.680202796,Re_132p680203,mature_periodic_shedding,periodic,train,1285.19879243,130
6251,132.680202796,Re_132p680203,mature_periodic_shedding,periodic,train,1290.78661327,131
6252,132.680202796,Re_132p680203,mature_periodic_shedding,periodic,train,1296.3744341,132
6253,132.680202796,Re_132p680203,mature_periodic_shedding,periodic,train,1301.96225494,133
6254,132.680202796,Re_132p680203,mature_periodic_shedding,periodic,train,1307.55007578,134
6255,132.680202796,Re_132p680203,mature_periodic_shedding,periodic,train,1313.13789661,135
6256,132.680202796,Re_132p680203,mature_periodic_shedding,periodic,train,1318.72571745,136
6257,132.680202796,Re_132p680203,mature_periodic_shedding,periodic,train,1324.31353829,137
6258,132.680202796,Re_132p680203,mature_periodic_shedding,periodic,train,1329.90135912,138
6259,132.680202796,Re_132p680203,mature_periodic_shedding,periodic,train,1335.48917996,139
6260,132.680202796,Re_132p680203,mature_periodic_shedding,periodic,train,1341.0770008,140
6261,132.680202796,Re_132p680203,mature_periodic_shedding,periodic,train,1346.66482163,141
6262,132.680202796,Re_132p680203,mature_periodic_shedding,periodic,train,1352.25264247,142
6263,132.680202796,Re_132p680203,mature_periodic_shedding,periodic,train,1357.84046331,143
6264,132.680202796,Re_132p680203,mature_periodic_shedding,periodic,train,1363.42828414,144
6265,132.680202796,Re_132p680203,mature_periodic_shedding,periodic,train,1369.01610498,145
6266,132.680202796,Re_132p680203,mature_periodic_shedding,periodic,train,1374.60392582,146
6267,132.680202796,Re_132p680203,mature_periodic_shedding,periodic,train,1380.19174665,147
6268,132.680202796,Re_132p680203,mature_periodic_shedding,periodic,train,1385.77956749,148
6269,132.680202796,Re_132p680203,mature_periodic_shedding,periodic,train,1391.36738833,149
6270,132.680202796,Re_132p680203,mature_periodic_shedding,periodic,train,1396.95520916,150
6271,132.680202796,Re_132p680203,mature_periodic_shedding,periodic,train,1402.54303,151
6272,132.680202796,Re_132p680203,mature_periodic_shedding,periodic,train,1408.13085084,152
6273,132.680202796,Re_132p680203,mature_periodic_shedding,periodic,train,1413.71867167,153
6274,132.680202796,Re_132p680203,mature_periodic_shedding,periodic,train,1419.30649251,154
6275,132.680202796,Re_132p680203,mature_periodic_shedding,periodic,train,1424.89431335,155
6276,132.680202796,Re_132p680203,mature_periodic_shedding,periodic,train,1430.48213418,156
6277,132.680202796,Re_132p680203,mature_periodic_shedding,periodic,train,1436.06995502,157
6278,132.680202796,Re_132p680203,mature_periodic_shedding,periodic,train,1441.65777586,158
6279,132.680202796,Re_132p680203,mature_periodic_shedding,periodic,train,1447.24559669,159
6280,132.680202796,Re_132p680203,mature_periodic_shedding,periodic,train,1452.83341753,160
6281,135.003743604,Re_135p003744,mature_periodic_shedding,periodic,train,560.0,0
6282,135.003743604,Re_135p003744,mature_periodic_shedding,periodic,train,563.94745299,1
6283,135.003743604,Re_135p003744,mature_periodic_shedding,periodic,train,569.42267098,2
6284,135.003743604,Re_135p003744,mature_periodic_shedding,periodic,train,574.89788897,3
6285,135.003743604,Re_135p003744,mature_periodic_shedding,periodic,train,580.37310696,4
6286,135.003743604,Re_135p003744,mature_periodic_shedding,periodic,train,585.84832495,5
6287,135.003743604,Re_135p003744,mature_periodic_shedding,periodic,train,591.32354294,6
6288,135.003743604,Re_135p003744,mature_periodic_shedding,periodic,train,596.79876093,7
6289,135.003743604,Re_135p003744,mature_periodic_shedding,periodic,train,602.27397892,8
6290,135.003743604,Re_135p003744,mature_periodic_shedding,periodic,train,607.74919691,9
6291,135.003743604,Re_135p003744,mature_periodic_shedding,periodic,train,613.2244149,10
6292,135.003743604,Re_135p003744,mature_periodic_shedding,periodic,train,618.69963289,11
6293,135.003743604,Re_135p003744,mature_periodic_shedding,periodic,train,624.17485088,12
6294,135.003743604,Re_135p003744,mature_periodic_shedding,periodic,train,629.65006887,13
6295,135.003743604,Re_135p003744,mature_periodic_shedding,periodic,train,635.12528686,14
6296,135.003743604,Re_135p003744,mature_periodic_shedding,periodic,train,640.60050485,15
6297,135.003743604,Re_135p003744,mature_periodic_shedding,periodic,train,646.07572284,16
6298,135.003743604,Re_135p003744,mature_periodic_shedding,periodic,train,651.55094083,17
6299,135.003743604,Re_135p003744,mature_periodic_shedding,periodic,train,657.02615882,18
6300,135.003743604,Re_135p003744,mature_periodic_shedding,periodic,train,662.50137681,19
6301,135.003743604,Re_135p003744,mature_periodic_shedding,periodic,train,667.9765948,20
6302,135.003743604,Re_135p003744,mature_periodic_shedding,periodic,train,673.45181279,21
6303,135.003743604,Re_135p003744,mature_periodic_shedding,periodic,train,678.92703078,22
6304,135.003743604,Re_135p003744,mature_periodic_shedding,periodic,train,684.40224877,23
6305,135.003743604,Re_135p003744,mature_periodic_shedding,periodic,train,689.87746676,24
6306,135.003743604,Re_135p003744,mature_periodic_shedding,periodic,train,695.35268475,25
6307,135.003743604,Re_135p003744,mature_periodic_shedding,periodic,train,700.82790274,26
6308,135.003743604,Re_135p003744,mature_periodic_shedding,periodic,train,706.30312073,27
6309,135.003743604,Re_135p003744,mature_periodic_shedding,periodic,train,711.77833872,28
6310,135.003743604,Re_135p003744,mature_periodic_shedding,periodic,train,717.25355671,29
6311,135.003743604,Re_135p003744,mature_periodic_shedding,periodic,train,722.7287747,30
6312,135.003743604,Re_135p003744,mature_periodic_shedding,periodic,train,728.20399269,31
6313,135.003743604,Re_135p003744,mature_periodic_shedding,periodic,train,733.67921068,32
6314,135.003743604,Re_135p003744,mature_periodic_shedding,periodic,train,739.15442867,33
6315,135.003743604,Re_135p003744,mature_periodic_shedding,periodic,train,744.62964666,34
6316,135.003743604,Re_135p003744,mature_periodic_shedding,periodic,train,750.10486465,35
6317,135.003743604,Re_135p003744,mature_periodic_shedding,periodic,train,755.58008264,36
6318,135.003743604,Re_135p003744,mature_periodic_shedding,periodic,train,761.05530063,37
6319,135.003743604,Re_135p003744,mature_periodic_shedding,periodic,train,766.53051862,38
6320,135.003743604,Re_135p003744,mature_periodic_shedding,periodic,train,772.00573661,39
6321,135.003743604,Re_135p003744,mature_periodic_shedding,periodic,train,777.4809546,40
6322,135.003743604,Re_135p003744,mature_periodic_shedding,periodic,train,782.95617259,41
6323,135.003743604,Re_135p003744,mature_periodic_shedding,periodic,train,788.43139058,42
6324,135.003743604,Re_135p003744,mature_periodic_shedding,periodic,train,793.90660857,43
6325,135.003743604,Re_135p003744,mature_periodic_shedding,periodic,train,799.38182656,44
6326,135.003743604,Re_135p003744,mature_periodic_shedding,periodic,train,804.85704455,45
6327,135.003743604,Re_135p003744,mature_periodic_shedding,periodic,train,810.33226254,46
6328,135.003743604,Re_135p003744,mature_periodic_shedding,periodic,train,815.80748053,47
6329,135.003743604,Re_135p003744,mature_periodic_shedding,periodic,train,821.28269852,48
6330,135.003743604,Re_135p003744,mature_periodic_shedding,periodic,train,826.75791651,49
6331,135.003743604,Re_135p003744,mature_periodic_shedding,periodic,train,832.2331345,50
6332,135.003743604,Re_135p003744,mature_periodic_shedding,periodic,train,837.70835249,51
6333,135.003743604,Re_135p003744,mature_periodic_shedding,periodic,train,843.18357048,52
6334,135.003743604,Re_135p003744,mature_periodic_shedding,periodic,train,848.65878847,53
6335,135.003743604,Re_135p003744,mature_periodic_shedding,periodic,train,854.13400646,54
6336,135.003743604,Re_135p003744,mature_periodic_shedding,periodic,train,859.60922446,55
6337,135.003743604,Re_135p003744,mature_periodic_shedding,periodic,train,865.08444245,56
6338,135.003743604,Re_135p003744,mature_periodic_shedding,periodic,train,870.55966044,57
6339,135.003743604,Re_135p003744,mature_periodic_shedding,periodic,train,876.03487843,58
6340,135.003743604,Re_135p003744,mature_periodic_shedding,periodic,train,881.51009642,59
6341,135.003743604,Re_135p003744,mature_periodic_shedding,periodic,train,886.98531441,60
6342,135.003743604,Re_135p003744,mature_periodic_shedding,periodic,train,892.4605324,61
6343,135.003743604,Re_135p003744,mature_periodic_shedding,periodic,train,897.93575039,62
6344,135.003743604,Re_135p003744,mature_periodic_shedding,periodic,train,903.41096838,63
6345,135.003743604,Re_135p003744,mature_periodic_shedding,periodic,train,908.88618637,64
6346,135.003743604,Re_135p003744,mature_periodic_shedding,periodic,train,914.36140436,65
6347,135.003743604,Re_135p003744,mature_periodic_shedding,periodic,train,919.83662235,66
6348,135.003743604,Re_135p003744,mature_periodic_shedding,periodic,train,925.31184034,67
6349,135.003743604,Re_135p003744,mature_periodic_shedding,periodic,train,930.78705833,68
6350,135.003743604,Re_135p003744,mature_periodic_shedding,periodic,train,936.26227632,69
6351,135.003743604,Re_135p003744,mature_periodic_shedding,periodic,train,941.73749431,70
6352,135.003743604,Re_135p003744,mature_periodic_shedding,periodic,train,947.2127123,71
6353,135.003743604,Re_135p003744,mature_periodic_shedding,periodic,train,952.68793029,72
6354,135.003743604,Re_135p003744,mature_periodic_shedding,periodic,train,958.16314828,73
6355,135.003743604,Re_135p003744,mature_periodic_shedding,periodic,train,963.63836627,74
6356,135.003743604,Re_135p003744,mature_periodic_shedding,periodic,train,969.11358426,75
6357,135.003743604,Re_135p003744,mature_periodic_shedding,periodic,train,974.58880225,76
6358,135.003743604,Re_135p003744,mature_periodic_shedding,periodic,train,980.06402024,77
6359,135.003743604,Re_135p003744,mature_periodic_shedding,periodic,train,985.53923823,78
6360,135.003743604,Re_135p003744,mature_periodic_shedding,periodic,train,991.01445622,79
6361,135.003743604,Re_135p003744,mature_periodic_shedding,periodic,train,996.48967421,80
6362,135.003743604,Re_135p003744,mature_periodic_shedding,periodic,train,1001.9648922,81
6363,135.003743604,Re_135p003744,mature_periodic_shedding,periodic,train,1007.44011019,82
6364,135.003743604,Re_135p003744,mature_periodic_shedding,periodic,train,1012.91532818,83
6365,135.003743604,Re_135p003744,mature_periodic_shedding,periodic,train,1018.39054617,84
6366,135.003743604,Re_135p003744,mature_periodic_shedding,periodic,train,1023.86576416,85
6367,135.003743604,Re_135p003744,mature_periodic_shedding,periodic,train,1029.34098215,86
6368,135.003743604,Re_135p003744,mature_periodic_shedding,periodic,train,1034.81620014,87
6369,135.003743604,Re_135p003744,mature_periodic_shedding,periodic,train,1040.29141813,88
6370,135.003743604,Re_135p003744,mature_periodic_shedding,periodic,train,1045.76663612,89
6371,135.003743604,Re_135p003744,mature_periodic_shedding,periodic,train,1051.24185411,90
6372,135.003743604,Re_135p003744,mature_periodic_shedding,periodic,train,1056.7170721,91
6373,135.003743604,Re_135p003744,mature_periodic_shedding,periodic,train,1062.19229009,92
6374,135.003743604,Re_135p003744,mature_periodic_shedding,periodic,train,1067.66750808,93
6375,135.003743604,Re_135p003744,mature_periodic_shedding,periodic,train,1073.14272607,94
6376,135.003743604,Re_135p003744,mature_periodic_shedding,periodic,train,1078.61794406,95
6377,135.003743604,Re_135p003744,mature_periodic_shedding,periodic,train,1084.09316205,96
6378,135.003743604,Re_135p003744,mature_periodic_shedding,periodic,train,1089.56838004,97
6379,135.003743604,Re_135p003744,mature_periodic_shedding,periodic,train,1095.04359803,98
6380,135.003743604,Re_135p003744,mature_periodic_shedding,periodic,train,1100.51881602,99
6381,135.003743604,Re_135p003744,mature_periodic_shedding,periodic,train,1105.99403401,100
6382,135.003743604,Re_135p003744,mature_periodic_shedding,periodic,train,1111.469252,101
6383,135.003743604,Re_135p003744,mature_periodic_shedding,periodic,train,1116.94446999,102
6384,135.003743604,Re_135p003744,mature_periodic_shedding,periodic,train,1122.41968798,103
6385,135.003743604,Re_135p003744,mature_periodic_shedding,periodic,train,1127.89490597,104
6386,135.003743604,Re_135p003744,mature_periodic_shedding,periodic,train,1133.37012396,105
6387,135.003743604,Re_135p003744,mature_periodic_shedding,periodic,train,1138.84534195,106
6388,135.003743604,Re_135p003744,mature_periodic_shedding,periodic,train,1144.32055994,107
6389,135.003743604,Re_135p003744,mature_periodic_shedding,periodic,train,1149.79577793,108
6390,135.003743604,Re_135p003744,mature_periodic_shedding,periodic,train,1155.27099592,109
6391,135.003743604,Re_135p003744,mature_periodic_shedding,periodic,train,1160.74621391,110
6392,135.003743604,Re_135p003744,mature_periodic_shedding,periodic,train,1166.2214319,111
6393,135.003743604,Re_135p003744,mature_periodic_shedding,periodic,train,1171.69664989,112
6394,135.003743604,Re_135p003744,mature_periodic_shedding,periodic,train,1177.17186788,113
6395,135.003743604,Re_135p003744,mature_periodic_shedding,periodic,train,1182.64708587,114
6396,135.003743604,Re_135p003744,mature_periodic_shedding,periodic,train,1188.12230386,115
6397,135.003743604,Re_135p003744,mature_periodic_shedding,periodic,train,1193.59752185,116
6398,135.003743604,Re_135p003744,mature_periodic_shedding,periodic,train,1199.07273985,117
6399,135.003743604,Re_135p003744,mature_periodic_shedding,periodic,train,1204.54795784,118
6400,135.003743604,Re_135p003744,mature_periodic_shedding,periodic,train,1210.02317583,119
6401,135.003743604,Re_135p003744,mature_periodic_shedding,periodic,train,1215.49839382,120
6402,135.003743604,Re_135p003744,mature_periodic_shedding,periodic,train,1220.97361181,121
6403,135.003743604,Re_135p003744,mature_periodic_shedding,periodic,train,1226.4488298,122
6404,135.003743604,Re_135p003744,mature_periodic_shedding,periodic,train,1231.92404779,123
6405,135.003743604,Re_135p003744,mature_periodic_shedding,periodic,train,1237.39926578,124
6406,135.003743604,Re_135p003744,mature_periodic_shedding,periodic,train,1242.87448377,125
6407,135.003743604,Re_135p003744,mature_periodic_shedding,periodic,train,1248.34970176,126
6408,135.003743604,Re_135p003744,mature_periodic_shedding,periodic,train,1253.82491975,127
6409,135.003743604,Re_135p003744,mature_periodic_shedding,periodic,train,1259.30013774,128
6410,135.003743604,Re_135p003744,mature_periodic_shedding,periodic,train,1264.77535573,129
6411,135.003743604,Re_135p003744,mature_periodic_shedding,periodic,train,1270.25057372,130
6412,135.003743604,Re_135p003744,mature_periodic_shedding,periodic,train,1275.72579171,131
6413,135.003743604,Re_135p003744,mature_periodic_shedding,periodic,train,1281.2010097,132
6414,135.003743604,Re_135p003744,mature_periodic_shedding,periodic,train,1286.67622769,133
6415,135.003743604,Re_135p003744,mature_periodic_shedding,periodic,train,1292.15144568,134
6416,135.003743604,Re_135p003744,mature_periodic_shedding,periodic,train,1297.62666367,135
6417,135.003743604,Re_135p003744,mature_periodic_shedding,periodic,train,1303.10188166,136
6418,135.003743604,Re_135p003744,mature_periodic_shedding,periodic,train,1308.57709965,137
6419,135.003743604,Re_135p003744,mature_periodic_shedding,periodic,train,1314.05231764,138
6420,135.003743604,Re_135p003744,mature_periodic_shedding,periodic,train,1319.52753563,139
6421,135.003743604,Re_135p003744,mature_periodic_shedding,periodic,train,1325.00275362,140
6422,135.003743604,Re_135p003744,mature_periodic_shedding,periodic,train,1330.47797161,141
6423,135.003743604,Re_135p003744,mature_periodic_shedding,periodic,train,1335.9531896,142
6424,135.003743604,Re_135p003744,mature_periodic_shedding,periodic,train,1341.42840759,143
6425,135.003743604,Re_135p003744,mature_periodic_shedding,periodic,train,1346.90362558,144
6426,135.003743604,Re_135p003744,mature_periodic_shedding,periodic,train,1352.37884357,145
6427,135.003743604,Re_135p003744,mature_periodic_shedding,periodic,train,1357.85406156,146
6428,135.003743604,Re_135p003744,mature_periodic_shedding,periodic,train,1363.32927955,147
6429,135.003743604,Re_135p003744,mature_periodic_shedding,periodic,train,1368.80449754,148
6430,135.003743604,Re_135p003744,mature_periodic_shedding,periodic,train,1374.27971553,149
6431,135.003743604,Re_135p003744,mature_periodic_shedding,periodic,train,1379.75493352,150
6432,135.003743604,Re_135p003744,mature_periodic_shedding,periodic,train,1385.23015151,151
6433,135.003743604,Re_135p003744,mature_periodic_shedding,periodic,train,1390.7053695,152
6434,135.003743604,Re_135p003744,mature_periodic_shedding,periodic,train,1396.18058749,153
6435,135.003743604,Re_135p003744,mature_periodic_shedding,periodic,train,1401.65580548,154
6436,135.003743604,Re_135p003744,mature_periodic_shedding,periodic,train,1407.13102347,155
6437,135.003743604,Re_135p003744,mature_periodic_shedding,periodic,train,1412.60624146,156
6438,135.003743604,Re_135p003744,mature_periodic_shedding,periodic,train,1418.08145945,157
6439,135.003743604,Re_135p003744,mature_periodic_shedding,periodic,train,1423.55667744,158
6440,135.003743604,Re_135p003744,mature_periodic_shedding,periodic,train,1429.03189543,159
6441,135.003743604,Re_135p003744,mature_periodic_shedding,periodic,train,1434.50711342,160
6442,137.324829556,Re_137p324830,mature_periodic_shedding,periodic,train,520.0,0
6443,137.324829556,Re_137p324830,mature_periodic_shedding,periodic,train,520.61604653,1
6444,137.324829556,Re_137p324830,mature_periodic_shedding,periodic,train,525.98322227,2
6445,137.324829556,Re_137p324830,mature_periodic_shedding,periodic,train,531.35039801,3
6446,137.324829556,Re_137p324830,mature_periodic_shedding,periodic,train,536.71757374,4
6447,137.324829556,Re_137p324830,mature_periodic_shedding,periodic,train,542.08474948,5
6448,137.324829556,Re_137p324830,mature_periodic_shedding,periodic,train,547.45192522,6
6449,137.324829556,Re_137p324830,mature_periodic_shedding,periodic,train,552.81910096,7
6450,137.324829556,Re_137p324830,mature_periodic_shedding,periodic,train,558.18627669,8
6451,137.324829556,Re_137p324830,mature_periodic_shedding,periodic,train,563.55345243,9
6452,137.324829556,Re_137p324830,mature_periodic_shedding,periodic,train,568.92062817,10
6453,137.324829556,Re_137p324830,mature_periodic_shedding,periodic,train,574.28780391,11
6454,137.324829556,Re_137p324830,mature_periodic_shedding,periodic,train,579.65497964,12
6455,137.324829556,Re_137p324830,mature_periodic_shedding,periodic,train,585.02215538,13
6456,137.324829556,Re_137p324830,mature_periodic_shedding,periodic,train,590.38933112,14
6457,137.324829556,Re_137p324830,mature_periodic_shedding,periodic,train,595.75650686,15
6458,137.324829556,Re_137p324830,mature_periodic_shedding,periodic,train,601.12368259,16
6459,137.324829556,Re_137p324830,mature_periodic_shedding,periodic,train,606.49085833,17
6460,137.324829556,Re_137p324830,mature_periodic_shedding,periodic,train,611.85803407,18
6461,137.324829556,Re_137p324830,mature_periodic_shedding,periodic,train,617.22520981,19
6462,137.324829556,Re_137p324830,mature_periodic_shedding,periodic,train,622.59238554,20
6463,137.324829556,Re_137p324830,mature_periodic_shedding,periodic,train,627.95956128,21
6464,137.324829556,Re_137p324830,mature_periodic_shedding,periodic,train,633.32673702,22
6465,137.324829556,Re_137p324830,mature_periodic_shedding,periodic,train,638.69391276,23
6466,137.324829556,Re_137p324830,mature_periodic_shedding,periodic,train,644.06108849,24
6467,137.324829556,Re_137p324830,mature_periodic_shedding,periodic,train,649.42826423,25
6468,137.324829556,Re_137p324830,mature_periodic_shedding,periodic,train,654.79543997,26
6469,137.324829556,Re_137p324830,mature_periodic_shedding,periodic,train,660.16261571,27
6470,137.324829556,Re_137p324830,mature_periodic_shedding,periodic,train,665.52979144,28
6471,137.324829556,Re_137p324830,mature_periodic_shedding,periodic,train,670.89696718,29
6472,137.324829556,Re_137p324830,mature_periodic_shedding,periodic,train,676.26414292,30
6473,137.324829556,Re_137p324830,mature_periodic_shedding,periodic,train,681.63131866,31
6474,137.324829556,Re_137p324830,mature_periodic_shedding,periodic,train,686.99849439,32
6475,137.324829556,Re_137p324830,mature_periodic_shedding,periodic,train,692.36567013,33
6476,137.324829556,Re_137p324830,mature_periodic_shedding,periodic,train,697.73284587,34
6477,137.324829556,Re_137p324830,mature_periodic_shedding,periodic,train,703.10002161,35
6478,137.324829556,Re_137p324830,mature_periodic_shedding,periodic,train,708.46719734,36
6479,137.324829556,Re_137p324830,mature_periodic_shedding,periodic,train,713.83437308,37
6480,137.324829556,Re_137p324830,mature_periodic_shedding,periodic,train,719.20154882,38
6481,137.324829556,Re_137p324830,mature_periodic_shedding,periodic,train,724.56872456,39
6482,137.324829556,Re_137p324830,mature_periodic_shedding,periodic,train,729.93590029,40
6483,137.324829556,Re_137p324830,mature_periodic_shedding,periodic,train,735.30307603,41
6484,137.324829556,Re_137p324830,mature_periodic_shedding,periodic,train,740.67025177,42
6485,137.324829556,Re_137p324830,mature_periodic_shedding,periodic,train,746.03742751,43
6486,137.324829556,Re_137p324830,mature_periodic_shedding,periodic,train,751.40460324,44
6487,137.324829556,Re_137p324830,mature_periodic_shedding,periodic,train,756.77177898,45
6488,137.324829556,Re_137p324830,mature_periodic_shedding,periodic,train,762.13895472,46
6489,137.324829556,Re_137p324830,mature_periodic_shedding,periodic,train,767.50613046,47
6490,137.324829556,Re_137p324830,mature_periodic_shedding,periodic,train,772.87330619,48
6491,137.324829556,Re_137p324830,mature_periodic_shedding,periodic,train,778.24048193,49
6492,137.324829556,Re_137p324830,mature_periodic_shedding,periodic,train,783.60765767,50
6493,137.324829556,Re_137p324830,mature_periodic_shedding,periodic,train,788.97483341,51
6494,137.324829556,Re_137p324830,mature_periodic_shedding,periodic,train,794.34200914,52
6495,137.324829556,Re_137p324830,mature_periodic_shedding,periodic,train,799.70918488,53
6496,137.324829556,Re_137p324830,mature_periodic_shedding,periodic,train,805.07636062,54
6497,137.324829556,Re_137p324830,mature_periodic_shedding,periodic,train,810.44353635,55
6498,137.324829556,Re_137p324830,mature_periodic_shedding,periodic,train,815.81071209,56
6499,137.324829556,Re_137p324830,mature_periodic_shedding,periodic,train,821.17788783,57
6500,137.324829556,Re_137p324830,mature_periodic_shedding,periodic,train,826.54506357,58
6501,137.324829556,Re_137p324830,mature_periodic_shedding,periodic,train,831.9122393,59
6502,137.324829556,Re_137p324830,mature_periodic_shedding,periodic,train,837.27941504,60
6503,137.324829556,Re_137p324830,mature_periodic_shedding,periodic,train,842.64659078,61
6504,137.324829556,Re_137p324830,mature_periodic_shedding,periodic,train,848.01376652,62
6505,137.324829556,Re_137p324830,mature_periodic_shedding,periodic,train,853.38094225,63
6506,137.324829556,Re_137p324830,mature_periodic_shedding,periodic,train,858.74811799,64
6507,137.324829556,Re_137p324830,mature_periodic_shedding,periodic,train,864.11529373,65
6508,137.324829556,Re_137p324830,mature_periodic_shedding,periodic,train,869.48246947,66
6509,137.324829556,Re_137p324830,mature_periodic_shedding,periodic,train,874.8496452,67
6510,137.324829556,Re_137p324830,mature_periodic_shedding,periodic,train,880.21682094,68
6511,137.324829556,Re_137p324830,mature_periodic_shedding,periodic,train,885.58399668,69
6512,137.324829556,Re_137p324830,mature_periodic_shedding,periodic,train,890.95117242,70
6513,137.324829556,Re_137p324830,mature_periodic_shedding,periodic,train,896.31834815,71
6514,137.324829556,Re_137p324830,mature_periodic_shedding,periodic,train,901.68552389,72
6515,137.324829556,Re_137p324830,mature_periodic_shedding,periodic,train,907.05269963,73
6516,137.324829556,Re_137p324830,mature_periodic_shedding,periodic,train,912.41987537,74
6517,137.324829556,Re_137p324830,mature_periodic_shedding,periodic,train,917.7870511,75
6518,137.324829556,Re_137p324830,mature_periodic_shedding,periodic,train,923.15422684,76
6519,137.324829556,Re_137p324830,mature_periodic_shedding,periodic,train,928.52140258,77
6520,137.324829556,Re_137p324830,mature_periodic_shedding,periodic,train,933.88857832,78
6521,137.324829556,Re_137p324830,mature_periodic_shedding,periodic,train,939.25575405,79
6522,137.324829556,Re_137p324830,mature_periodic_shedding,periodic,train,944.62292979,80
6523,137.324829556,Re_137p324830,mature_periodic_shedding,periodic,train,949.99010553,81
6524,137.324829556,Re_137p324830,mature_periodic_shedding,periodic,train,955.35728127,82
6525,137.324829556,Re_137p324830,mature_periodic_shedding,periodic,train,960.724457,83
6526,137.324829556,Re_137p324830,mature_periodic_shedding,periodic,train,966.09163274,84
6527,137.324829556,Re_137p324830,mature_periodic_shedding,periodic,train,971.45880848,85
6528,137.324829556,Re_137p324830,mature_periodic_shedding,periodic,train,976.82598422,86
6529,137.324829556,Re_137p324830,mature_periodic_shedding,periodic,train,982.19315995,87
6530,137.324829556,Re_137p324830,mature_periodic_shedding,periodic,train,987.56033569,88
6531,137.324829556,Re_137p324830,mature_periodic_shedding,periodic,train,992.92751143,89
6532,137.324829556,Re_137p324830,mature_periodic_shedding,periodic,train,998.29468717,90
6533,137.324829556,Re_137p324830,mature_periodic_shedding,periodic,train,1003.6618629,91
6534,137.324829556,Re_137p324830,mature_periodic_shedding,periodic,train,1009.02903864,92
6535,137.324829556,Re_137p324830,mature_periodic_shedding,periodic,train,1014.39621438,93
6536,137.324829556,Re_137p324830,mature_periodic_shedding,periodic,train,1019.76339012,94
6537,137.324829556,Re_137p324830,mature_periodic_shedding,periodic,train,1025.13056585,95
6538,137.324829556,Re_137p324830,mature_periodic_shedding,periodic,train,1030.49774159,96
6539,137.324829556,Re_137p324830,mature_periodic_shedding,periodic,train,1035.86491733,97
6540,137.324829556,Re_137p324830,mature_periodic_shedding,periodic,train,1041.23209307,98
6541,137.324829556,Re_137p324830,mature_periodic_shedding,periodic,train,1046.5992688,99
6542,137.324829556,Re_137p324830,mature_periodic_shedding,periodic,train,1051.96644454,100
6543,137.324829556,Re_137p324830,mature_periodic_shedding,periodic,train,1057.33362028,101
6544,137.324829556,Re_137p324830,mature_periodic_shedding,periodic,train,1062.70079602,102
6545,137.324829556,Re_137p324830,mature_periodic_shedding,periodic,train,1068.06797175,103
6546,137.324829556,Re_137p324830,mature_periodic_shedding,periodic,train,1073.43514749,104
6547,137.324829556,Re_137p324830,mature_periodic_shedding,periodic,train,1078.80232323,105
6548,137.324829556,Re_137p324830,mature_periodic_shedding,periodic,train,1084.16949896,106
6549,137.324829556,Re_137p324830,mature_periodic_shedding,periodic,train,1089.5366747,107
6550,137.324829556,Re_137p324830,mature_periodic_shedding,periodic,train,1094.90385044,108
6551,137.324829556,Re_137p324830,mature_periodic_shedding,periodic,train,1100.27102618,109
6552,137.324829556,Re_137p324830,mature_periodic_shedding,periodic,train,1105.63820191,110
6553,137.324829556,Re_137p324830,mature_periodic_shedding,periodic,train,1111.00537765,111
6554,137.324829556,Re_137p324830,mature_periodic_shedding,periodic,train,1116.37255339,112
6555,137.324829556,Re_137p324830,mature_periodic_shedding,periodic,train,1121.73972913,113
6556,137.324829556,Re_137p324830,mature_periodic_shedding,periodic,train,1127.10690486,114
6557,137.324829556,Re_137p324830,mature_periodic_shedding,periodic,train,1132.4740806,115
6558,137.324829556,Re_137p324830,mature_periodic_shedding,periodic,train,1137.84125634,116
6559,137.324829556,Re_137p324830,mature_periodic_shedding,periodic,train,1143.20843208,117
6560,137.324829556,Re_137p324830,mature_periodic_shedding,periodic,train,1148.57560781,118
6561,137.324829556,Re_137p324830,mature_periodic_shedding,periodic,train,1153.94278355,119
6562,137.324829556,Re_137p324830,mature_periodic_shedding,periodic,train,1159.30995929,120
6563,137.324829556,Re_137p324830,mature_periodic_shedding,periodic,train,1164.67713503,121
6564,137.324829556,Re_137p324830,mature_periodic_shedding,periodic,train,1170.04431076,122
6565,137.324829556,Re_137p324830,mature_periodic_shedding,periodic,train,1175.4114865,123
6566,137.324829556,Re_137p324830,mature_periodic_shedding,periodic,train,1180.77866224,124
6567,137.324829556,Re_137p324830,mature_periodic_shedding,periodic,train,1186.14583798,125
6568,137.324829556,Re_137p324830,mature_periodic_shedding,periodic,train,1191.51301371,126
6569,137.324829556,Re_137p324830,mature_periodic_shedding,periodic,train,1196.88018945,127
6570,137.324829556,Re_137p324830,mature_periodic_shedding,periodic,train,1202.24736519,128
6571,137.324829556,Re_137p324830,mature_periodic_shedding,periodic,train,1207.61454093,129
6572,137.324829556,Re_137p324830,mature_periodic_shedding,periodic,train,1212.98171666,130
6573,137.324829556,Re_137p324830,mature_periodic_shedding,periodic,train,1218.3488924,131
6574,137.324829556,Re_137p324830,mature_periodic_shedding,periodic,train,1223.71606814,132
6575,137.324829556,Re_137p324830,mature_periodic_shedding,periodic,train,1229.08324388,133
6576,137.324829556,Re_137p324830,mature_periodic_shedding,periodic,train,1234.45041961,134
6577,137.324829556,Re_137p324830,mature_periodic_shedding,periodic,train,1239.81759535,135
6578,137.324829556,Re_137p324830,mature_periodic_shedding,periodic,train,1245.18477109,136
6579,137.324829556,Re_137p324830,mature_periodic_shedding,periodic,train,1250.55194683,137
6580,137.324829556,Re_137p324830,mature_periodic_shedding,periodic,train,1255.91912256,138
6581,137.324829556,Re_137p324830,mature_periodic_shedding,periodic,train,1261.2862983,139
6582,137.324829556,Re_137p324830,mature_periodic_shedding,periodic,train,1266.65347404,140
6583,137.324829556,Re_137p324830,mature_periodic_shedding,periodic,train,1272.02064978,141
6584,137.324829556,Re_137p324830,mature_periodic_shedding,periodic,train,1277.38782551,142
6585,137.324829556,Re_137p324830,mature_periodic_shedding,periodic,train,1282.75500125,143
6586,137.324829556,Re_137p324830,mature_periodic_shedding,periodic,train,1288.12217699,144
6587,137.324829556,Re_137p324830,mature_periodic_shedding,periodic,train,1293.48935273,145
6588,137.324829556,Re_137p324830,mature_periodic_shedding,periodic,train,1298.85652846,146
6589,137.324829556,Re_137p324830,mature_periodic_shedding,periodic,train,1304.2237042,147
6590,137.324829556,Re_137p324830,mature_periodic_shedding,periodic,train,1309.59087994,148
6591,137.324829556,Re_137p324830,mature_periodic_shedding,periodic,train,1314.95805568,149
6592,137.324829556,Re_137p324830,mature_periodic_shedding,periodic,train,1320.32523141,150
6593,137.324829556,Re_137p324830,mature_periodic_shedding,periodic,train,1325.69240715,151
6594,137.324829556,Re_137p324830,mature_periodic_shedding,periodic,train,1331.05958289,152
6595,137.324829556,Re_137p324830,mature_periodic_shedding,periodic,train,1336.42675863,153
6596,137.324829556,Re_137p324830,mature_periodic_shedding,periodic,train,1341.79393436,154
6597,137.324829556,Re_137p324830,mature_periodic_shedding,periodic,train,1347.1611101,155
6598,137.324829556,Re_137p324830,mature_periodic_shedding,periodic,train,1352.52828584,156
6599,137.324829556,Re_137p324830,mature_periodic_shedding,periodic,train,1357.89546157,157
6600,137.324829556,Re_137p324830,mature_periodic_shedding,periodic,train,1363.26263731,158
6601,137.324829556,Re_137p324830,mature_periodic_shedding,periodic,train,1368.62981305,159
6602,137.324829556,Re_137p324830,mature_periodic_shedding,periodic,train,1373.99698879,160
6603,137.324829556,Re_137p324830,mature_periodic_shedding,periodic,train,1379.36416452,161
6604,139.642302099,Re_139p642302,mature_periodic_shedding,periodic,validation,520.0,0
6605,139.642302099,Re_139p642302,mature_periodic_shedding,periodic,validation,521.08387872,1
6606,139.642302099,Re_139p642302,mature_periodic_shedding,periodic,validation,526.34735224,2
6607,139.642302099,Re_139p642302,mature_periodic_shedding,periodic,validation,531.61082576,3
6608,139.642302099,Re_139p642302,mature_periodic_shedding,periodic,validation,536.87429928,4
6609,139.642302099,Re_139p642302,mature_periodic_shedding,periodic,validation,542.13777281,5
6610,139.642302099,Re_139p642302,mature_periodic_shedding,periodic,validation,547.40124633,6
6611,139.642302099,Re_139p642302,mature_periodic_shedding,periodic,validation,552.66471985,7
6612,139.642302099,Re_139p642302,mature_periodic_shedding,periodic,validation,557.92819337,8
6613,139.642302099,Re_139p642302,mature_periodic_shedding,periodic,validation,563.19166689,9
6614,139.642302099,Re_139p642302,mature_periodic_shedding,periodic,validation,568.45514042,10
6615,139.642302099,Re_139p642302,mature_periodic_shedding,periodic,validation,573.71861394,11
6616,139.642302099,Re_139p642302,mature_periodic_shedding,periodic,validation,578.98208746,12
6617,139.642302099,Re_139p642302,mature_periodic_shedding,periodic,validation,584.24556098,13
6618,139.642302099,Re_139p642302,mature_periodic_shedding,periodic,validation,589.50903451,14
6619,139.642302099,Re_139p642302,mature_periodic_shedding,periodic,validation,594.77250803,15
6620,139.642302099,Re_139p642302,mature_periodic_shedding,periodic,validation,600.03598155,16
6621,139.642302099,Re_139p642302,mature_periodic_shedding,periodic,validation,605.29945507,17
6622,139.642302099,Re_139p642302,mature_periodic_shedding,periodic,validation,610.5629286,18
6623,139.642302099,Re_139p642302,mature_periodic_shedding,periodic,validation,615.82640212,19
6624,139.642302099,Re_139p642302,mature_periodic_shedding,periodic,validation,621.08987564,20
6625,139.642302099,Re_139p642302,mature_periodic_shedding,periodic,validation,626.35334916,21
6626,139.642302099,Re_139p642302,mature_periodic_shedding,periodic,validation,631.61682269,22
6627,139.642302099,Re_139p642302,mature_periodic_shedding,periodic,validation,636.88029621,23
6628,139.642302099,Re_139p642302,mature_periodic_shedding,periodic,validation,642.14376973,24
6629,139.642302099,Re_139p642302,mature_periodic_shedding,periodic,validation,647.40724325,25
6630,139.642302099,Re_139p642302,mature_periodic_shedding,periodic,validation,652.67071678,26
6631,139.642302099,Re_139p642302,mature_periodic_shedding,periodic,validation,657.9341903,27
6632,139.642302099,Re_139p642302,mature_periodic_shedding,periodic,validation,663.19766382,28
6633,139.642302099,Re_139p642302,mature_periodic_shedding,periodic,validation,668.46113734,29
6634,139.642302099,Re_139p642302,mature_periodic_shedding,periodic,validation,673.72461086,30
6635,139.642302099,Re_139p642302,mature_periodic_shedding,periodic,validation,678.98808439,31
6636,139.642302099,Re_139p642302,mature_periodic_shedding,periodic,validation,684.25155791,32
6637,139.642302099,Re_139p642302,mature_periodic_shedding,periodic,validation,689.51503143,33
6638,139.642302099,Re_139p642302,mature_periodic_shedding,periodic,validation,694.77850495,34
6639,139.642302099,Re_139p642302,mature_periodic_shedding,periodic,validation,700.04197848,35
6640,139.642302099,Re_139p642302,mature_periodic_shedding,periodic,validation,705.305452,36
6641,139.642302099,Re_139p642302,mature_periodic_shedding,periodic,validation,710.56892552,37
6642,139.642302099,Re_139p642302,mature_periodic_shedding,periodic,validation,715.83239904,38
6643,139.642302099,Re_139p642302,mature_periodic_shedding,periodic,validation,721.09587257,39
6644,139.642302099,Re_139p642302,mature_periodic_shedding,periodic,validation,726.35934609,40
6645,139.642302099,Re_139p642302,mature_periodic_shedding,periodic,validation,731.62281961,41
6646,139.642302099,Re_139p642302,mature_periodic_shedding,periodic,validation,736.88629313,42
6647,139.642302099,Re_139p642302,mature_periodic_shedding,periodic,validation,742.14976666,43
6648,139.642302099,Re_139p642302,mature_periodic_shedding,periodic,validation,747.41324018,44
6649,139.642302099,Re_139p642302,mature_periodic_shedding,periodic,validation,752.6767137,45
6650,139.642302099,Re_139p642302,mature_periodic_shedding,periodic,validation,757.94018722,46
6651,139.642302099,Re_139p642302,mature_periodic_shedding,periodic,validation,763.20366075,47
6652,139.642302099,Re_139p642302,mature_periodic_shedding,periodic,validation,768.46713427,48
6653,139.642302099,Re_139p642302,mature_periodic_shedding,periodic,validation,773.73060779,49
6654,139.642302099,Re_139p642302,mature_periodic_shedding,periodic,validation,778.99408131,50
6655,139.642302099,Re_139p642302,mature_periodic_shedding,periodic,validation,784.25755483,51
6656,139.642302099,Re_139p642302,mature_periodic_shedding,periodic,validation,789.52102836,52
6657,139.642302099,Re_139p642302,mature_periodic_shedding,periodic,validation,794.78450188,53
6658,139.642302099,Re_139p642302,mature_periodic_shedding,periodic,validation,800.0479754,54
6659,139.642302099,Re_139p642302,mature_periodic_shedding,periodic,validation,805.31144892,55
6660,139.642302099,Re_139p642302,mature_periodic_shedding,periodic,validation,810.57492245,56
6661,139.642302099,Re_139p642302,mature_periodic_shedding,periodic,validation,815.83839597,57
6662,139.642302099,Re_139p642302,mature_periodic_shedding,periodic,validation,821.10186949,58
6663,139.642302099,Re_139p642302,mature_periodic_shedding,periodic,validation,826.36534301,59
6664,139.642302099,Re_139p642302,mature_periodic_shedding,periodic,validation,831.62881654,60
6665,139.642302099,Re_139p642302,mature_periodic_shedding,periodic,validation,836.89229006,61
6666,139.642302099,Re_139p642302,mature_periodic_shedding,periodic,validation,842.15576358,62
6667,139.642302099,Re_139p642302,mature_periodic_shedding,periodic,validation,847.4192371,63
6668,139.642302099,Re_139p642302,mature_periodic_shedding,periodic,validation,852.68271063,64
6669,139.642302099,Re_139p642302,mature_periodic_shedding,periodic,validation,857.94618415,65
6670,139.642302099,Re_139p642302,mature_periodic_shedding,periodic,validation,863.20965767,66
6671,139.642302099,Re_139p642302,mature_periodic_shedding,periodic,validation,868.47313119,67
6672,139.642302099,Re_139p642302,mature_periodic_shedding,periodic,validation,873.73660472,68
6673,139.642302099,Re_139p642302,mature_periodic_shedding,periodic,validation,879.00007824,69
6674,139.642302099,Re_139p642302,mature_periodic_shedding,periodic,validation,884.26355176,70
6675,139.642302099,Re_139p642302,mature_periodic_shedding,periodic,validation,889.52702528,71
6676,139.642302099,Re_139p642302,mature_periodic_shedding,periodic,validation,894.7904988,72
6677,139.642302099,Re_139p642302,mature_periodic_shedding,periodic,validation,900.05397233,73
6678,139.642302099,Re_139p642302,mature_periodic_shedding,periodic,validation,905.31744585,74
6679,139.642302099,Re_139p642302,mature_periodic_shedding,periodic,validation,910.58091937,75
6680,139.642302099,Re_139p642302,mature_periodic_shedding,periodic,validation,915.84439289,76
6681,139.642302099,Re_139p642302,mature_periodic_shedding,periodic,validation,921.10786642,77
6682,139.642302099,Re_139p642302,mature_periodic_shedding,periodic,validation,926.37133994,78
6683,139.642302099,Re_139p642302,mature_periodic_shedding,periodic,validation,931.63481346,79
6684,139.642302099,Re_139p642302,mature_periodic_shedding,periodic,validation,936.89828698,80
6685,139.642302099,Re_139p642302,mature_periodic_shedding,periodic,validation,942.16176051,81
6686,139.642302099,Re_139p642302,mature_periodic_shedding,periodic,validation,947.42523403,82
6687,139.642302099,Re_139p642302,mature_periodic_shedding,periodic,validation,952.68870755,83
6688,139.642302099,Re_139p642302,mature_periodic_shedding,periodic,validation,957.95218107,84
6689,139.642302099,Re_139p642302,mature_periodic_shedding,periodic,validation,963.2156546,85
6690,139.642302099,Re_139p642302,mature_periodic_shedding,periodic,validation,968.47912812,86
6691,139.642302099,Re_139p642302,mature_periodic_shedding,periodic,validation,973.74260164,87
6692,139.642302099,Re_139p642302,mature_periodic_shedding,periodic,validation,979.00607516,88
6693,139.642302099,Re_139p642302,mature_periodic_shedding,periodic,validation,984.26954869,89
6694,139.642302099,Re_139p642302,mature_periodic_shedding,periodic,validation,989.53302221,90
6695,139.642302099,Re_139p642302,mature_periodic_shedding,periodic,validation,994.79649573,91
6696,139.642302099,Re_139p642302,mature_periodic_shedding,periodic,validation,1000.05996925,92
6697,139.642302099,Re_139p642302,mature_periodic_shedding,periodic,validation,1005.32344277,93
6698,139.642302099,Re_139p642302,mature_periodic_shedding,periodic,validation,1010.5869163,94
6699,139.642302099,Re_139p642302,mature_periodic_shedding,periodic,validation,1015.85038982,95
6700,139.642302099,Re_139p642302,mature_periodic_shedding,periodic,validation,1021.11386334,96
6701,139.642302099,Re_139p642302,mature_periodic_shedding,periodic,validation,1026.37733686,97
6702,139.642302099,Re_139p642302,mature_periodic_shedding,periodic,validation,1031.64081039,98
6703,139.642302099,Re_139p642302,mature_periodic_shedding,periodic,validation,1036.90428391,99
6704,139.642302099,Re_139p642302,mature_periodic_shedding,periodic,validation,1042.16775743,100
6705,139.642302099,Re_139p642302,mature_periodic_shedding,periodic,validation,1047.43123095,101
6706,139.642302099,Re_139p642302,mature_periodic_shedding,periodic,validation,1052.69470448,102
6707,139.642302099,Re_139p642302,mature_periodic_shedding,periodic,validation,1057.958178,103
6708,139.642302099,Re_139p642302,mature_periodic_shedding,periodic,validation,1063.22165152,104
6709,139.642302099,Re_139p642302,mature_periodic_shedding,periodic,validation,1068.48512504,105
6710,139.642302099,Re_139p642302,mature_periodic_shedding,periodic,validation,1073.74859857,106
6711,139.642302099,Re_139p642302,mature_periodic_shedding,periodic,validation,1079.01207209,107
6712,139.642302099,Re_139p642302,mature_periodic_shedding,periodic,validation,1084.27554561,108
6713,139.642302099,Re_139p642302,mature_periodic_shedding,periodic,validation,1089.53901913,109
6714,139.642302099,Re_139p642302,mature_periodic_shedding,periodic,validation,1094.80249266,110
6715,139.642302099,Re_139p642302,mature_periodic_shedding,periodic,validation,1100.06596618,111
6716,139.642302099,Re_139p642302,mature_periodic_shedding,periodic,validation,1105.3294397,112
6717,139.642302099,Re_139p642302,mature_periodic_shedding,periodic,validation,1110.59291322,113
6718,139.642302099,Re_139p642302,mature_periodic_shedding,periodic,validation,1115.85638674,114
6719,139.642302099,Re_139p642302,mature_periodic_shedding,periodic,validation,1121.11986027,115
6720,139.642302099,Re_139p642302,mature_periodic_shedding,periodic,validation,1126.38333379,116
6721,139.642302099,Re_139p642302,mature_periodic_shedding,periodic,validation,1131.64680731,117
6722,139.642302099,Re_139p642302,mature_periodic_shedding,periodic,validation,1136.91028083,118
6723,139.642302099,Re_139p642302,mature_periodic_shedding,periodic,validation,1142.17375436,119
6724,139.642302099,Re_139p642302,mature_periodic_shedding,periodic,validation,1147.43722788,120
6725,139.642302099,Re_139p642302,mature_periodic_shedding,periodic,validation,1152.7007014,121
6726,139.642302099,Re_139p642302,mature_periodic_shedding,periodic,validation,1157.96417492,122
6727,139.642302099,Re_139p642302,mature_periodic_shedding,periodic,validation,1163.22764845,123
6728,139.642302099,Re_139p642302,mature_periodic_shedding,periodic,validation,1168.49112197,124
6729,139.642302099,Re_139p642302,mature_periodic_shedding,periodic,validation,1173.75459549,125
6730,139.642302099,Re_139p642302,mature_periodic_shedding,periodic,validation,1179.01806901,126
6731,139.642302099,Re_139p642302,mature_periodic_shedding,periodic,validation,1184.28154254,127
6732,139.642302099,Re_139p642302,mature_periodic_shedding,periodic,validation,1189.54501606,128
6733,139.642302099,Re_139p642302,mature_periodic_shedding,periodic,validation,1194.80848958,129
6734,139.642302099,Re_139p642302,mature_periodic_shedding,periodic,validation,1200.0719631,130
6735,139.642302099,Re_139p642302,mature_periodic_shedding,periodic,validation,1205.33543663,131
6736,139.642302099,Re_139p642302,mature_periodic_shedding,periodic,validation,1210.59891015,132
6737,139.642302099,Re_139p642302,mature_periodic_shedding,periodic,validation,1215.86238367,133
6738,139.642302099,Re_139p642302,mature_periodic_shedding,periodic,validation,1221.12585719,134
6739,139.642302099,Re_139p642302,mature_periodic_shedding,periodic,validation,1226.38933071,135
6740,139.642302099,Re_139p642302,mature_periodic_shedding,periodic,validation,1231.65280424,136
6741,139.642302099,Re_139p642302,mature_periodic_shedding,periodic,validation,1236.91627776,137
6742,139.642302099,Re_139p642302,mature_periodic_shedding,periodic,validation,1242.17975128,138
6743,139.642302099,Re_139p642302,mature_periodic_shedding,periodic,validation,1247.4432248,139
6744,139.642302099,Re_139p642302,mature_periodic_shedding,periodic,validation,1252.70669833,140
6745,139.642302099,Re_139p642302,mature_periodic_shedding,periodic,validation,1257.97017185,141
6746,139.642302099,Re_139p642302,mature_periodic_shedding,periodic,validation,1263.23364537,142
6747,139.642302099,Re_139p642302,mature_periodic_shedding,periodic,validation,1268.49711889,143
6748,139.642302099,Re_139p642302,mature_periodic_shedding,periodic,validation,1273.76059242,144
6749,139.642302099,Re_139p642302,mature_periodic_shedding,periodic,validation,1279.02406594,145
6750,139.642302099,Re_139p642302,mature_periodic_shedding,periodic,validation,1284.28753946,146
6751,139.642302099,Re_139p642302,mature_periodic_shedding,periodic,validation,1289.55101298,147
6752,139.642302099,Re_139p642302,mature_periodic_shedding,periodic,validation,1294.81448651,148
6753,139.642302099,Re_139p642302,mature_periodic_shedding,periodic,validation,1300.07796003,149
6754,139.642302099,Re_139p642302,mature_periodic_shedding,periodic,validation,1305.34143355,150
6755,139.642302099,Re_139p642302,mature_periodic_shedding,periodic,validation,1310.60490707,151
6756,139.642302099,Re_139p642302,mature_periodic_shedding,periodic,validation,1315.86838059,152
6757,139.642302099,Re_139p642302,mature_periodic_shedding,periodic,validation,1321.13185412,153
6758,139.642302099,Re_139p642302,mature_periodic_shedding,periodic,validation,1326.39532764,154
6759,139.642302099,Re_139p642302,mature_periodic_shedding,periodic,validation,1331.65880116,155
6760,139.642302099,Re_139p642302,mature_periodic_shedding,periodic,validation,1336.92227468,156
6761,139.642302099,Re_139p642302,mature_periodic_shedding,periodic,validation,1342.18574821,157
6762,139.642302099,Re_139p642302,mature_periodic_shedding,periodic,validation,1347.44922173,158
6763,139.642302099,Re_139p642302,mature_periodic_shedding,periodic,validation,1352.71269525,159
6764,139.642302099,Re_139p642302,mature_periodic_shedding,periodic,validation,1357.97616877,160
6765,139.642302099,Re_139p642302,mature_periodic_shedding,periodic,validation,1363.2396423,161
6766,141.956318757,Re_141p956319,mature_periodic_shedding,periodic,train,520.0,0
6767,141.956318757,Re_141p956319,mature_periodic_shedding,periodic,train,521.54871757,1
6768,141.956318757,Re_141p956319,mature_periodic_shedding,periodic,train,526.71256626,2
6769,141.956318757,Re_141p956319,mature_periodic_shedding,periodic,train,531.87641495,3
6770,141.956318757,Re_141p956319,mature_periodic_shedding,periodic,train,537.04026364,4
6771,141.956318757,Re_141p956319,mature_periodic_shedding,periodic,train,542.20411233,5
6772,141.956318757,Re_141p956319,mature_periodic_shedding,periodic,train,547.36796102,6
6773,141.956318757,Re_141p956319,mature_periodic_shedding,periodic,train,552.5318097,7
6774,141.956318757,Re_141p956319,mature_periodic_shedding,periodic,train,557.69565839,8
6775,141.956318757,Re_141p956319,mature_periodic_shedding,periodic,train,562.85950708,9
6776,141.956318757,Re_141p956319,mature_periodic_shedding,periodic,train,568.02335577,10
6777,141.956318757,Re_141p956319,mature_periodic_shedding,periodic,train,573.18720446,11
6778,141.956318757,Re_141p956319,mature_periodic_shedding,periodic,train,578.35105315,12
6779,141.956318757,Re_141p956319,mature_periodic_shedding,periodic,train,583.51490184,13
6780,141.956318757,Re_141p956319,mature_periodic_shedding,periodic,train,588.67875053,14
6781,141.956318757,Re_141p956319,mature_periodic_shedding,periodic,train,593.84259922,15
6782,141.956318757,Re_141p956319,mature_periodic_shedding,periodic,train,599.0064479,16
6783,141.956318757,Re_141p956319,mature_periodic_shedding,periodic,train,604.17029659,17
6784,141.956318757,Re_141p956319,mature_periodic_shedding,periodic,train,609.33414528,18
6785,141.956318757,Re_141p956319,mature_periodic_shedding,periodic,train,614.49799397,19
6786,141.956318757,Re_141p956319,mature_periodic_shedding,periodic,train,619.66184266,20
6787,141.956318757,Re_141p956319,mature_periodic_shedding,periodic,train,624.82569135,21
6788,141.956318757,Re_141p956319,mature_periodic_shedding,periodic,train,629.98954004,22
6789,141.956318757,Re_141p956319,mature_periodic_shedding,periodic,train,635.15338873,23
6790,141.956318757,Re_141p956319,mature_periodic_shedding,periodic,train,640.31723741,24
6791,141.956318757,Re_141p956319,mature_periodic_shedding,periodic,train,645.4810861,25
6792,141.956318757,Re_141p956319,mature_periodic_shedding,periodic,train,650.64493479,26
6793,141.956318757,Re_141p956319,mature_periodic_shedding,periodic,train,655.80878348,27
6794,141.956318757,Re_141p956319,mature_periodic_shedding,periodic,train,660.97263217,28
6795,141.956318757,Re_141p956319,mature_periodic_shedding,periodic,train,666.13648086,29
6796,141.956318757,Re_141p956319,mature_periodic_shedding,periodic,train,671.30032955,30
6797,141.956318757,Re_141p956319,mature_periodic_shedding,periodic,train,676.46417824,31
6798,141.956318757,Re_141p956319,mature_periodic_shedding,periodic,train,681.62802693,32
6799,141.956318757,Re_141p956319,mature_periodic_shedding,periodic,train,686.79187561,33
6800,141.956318757,Re_141p956319,mature_periodic_shedding,periodic,train,691.9557243,34
6801,141.956318757,Re_141p956319,mature_periodic_shedding,periodic,train,697.11957299,35
6802,141.956318757,Re_141p956319,mature_periodic_shedding,periodic,train,702.28342168,36
6803,141.956318757,Re_141p956319,mature_periodic_shedding,periodic,train,707.44727037,37
6804,141.956318757,Re_141p956319,mature_periodic_shedding,periodic,train,712.61111906,38
6805,141.956318757,Re_141p956319,mature_periodic_shedding,periodic,train,717.77496775,39
6806,141.956318757,Re_141p956319,mature_periodic_shedding,periodic,train,722.93881644,40
6807,141.956318757,Re_141p956319,mature_periodic_shedding,periodic,train,728.10266513,41
6808,141.956318757,Re_141p956319,mature_periodic_shedding,periodic,train,733.26651381,42
6809,141.956318757,Re_141p956319,mature_periodic_shedding,periodic,train,738.4303625,43
6810,141.956318757,Re_141p956319,mature_periodic_shedding,periodic,train,743.59421119,44
6811,141.956318757,Re_141p956319,mature_periodic_shedding,periodic,train,748.75805988,45
6812,141.956318757,Re_141p956319,mature_periodic_shedding,periodic,train,753.92190857,46
6813,141.956318757,Re_141p956319,mature_periodic_shedding,periodic,train,759.08575726,47
6814,141.956318757,Re_141p956319,mature_periodic_shedding,periodic,train,764.24960595,48
6815,141.956318757,Re_141p956319,mature_periodic_shedding,periodic,train,769.41345464,49
6816,141.956318757,Re_141p956319,mature_periodic_shedding,periodic,train,774.57730332,50
6817,141.956318757,Re_141p956319,mature_periodic_shedding,periodic,train,779.74115201,51
6818,141.956318757,Re_141p956319,mature_periodic_shedding,periodic,train,784.9050007,52
6819,141.956318757,Re_141p956319,mature_periodic_shedding,periodic,train,790.06884939,53
6820,141.956318757,Re_141p956319,mature_periodic_shedding,periodic,train,795.23269808,54
6821,141.956318757,Re_141p956319,mature_periodic_shedding,periodic,train,800.39654677,55
6822,141.956318757,Re_141p956319,mature_periodic_shedding,periodic,train,805.56039546,56
6823,141.956318757,Re_141p956319,mature_periodic_shedding,periodic,train,810.72424415,57
6824,141.956318757,Re_141p956319,mature_periodic_shedding,periodic,train,815.88809284,58
6825,141.956318757,Re_141p956319,mature_periodic_shedding,periodic,train,821.05194152,59
6826,141.956318757,Re_141p956319,mature_periodic_shedding,periodic,train,826.21579021,60
6827,141.956318757,Re_141p956319,mature_periodic_shedding,periodic,train,831.3796389,61
6828,141.956318757,Re_141p956319,mature_periodic_shedding,periodic,train,836.54348759,62
6829,141.956318757,Re_141p956319,mature_periodic_shedding,periodic,train,841.70733628,63
6830,141.956318757,Re_141p956319,mature_periodic_shedding,periodic,train,846.87118497,64
6831,141.956318757,Re_141p956319,mature_periodic_shedding,periodic,train,852.03503366,65
6832,141.956318757,Re_141p956319,mature_periodic_shedding,periodic,train,857.19888235,66
6833,141.956318757,Re_141p956319,mature_periodic_shedding,periodic,train,862.36273103,67
6834,141.956318757,Re_141p956319,mature_periodic_shedding,periodic,train,867.52657972,68
6835,141.956318757,Re_141p956319,mature_periodic_shedding,periodic,train,872.69042841,69
6836,141.956318757,Re_141p956319,mature_periodic_shedding,periodic,train,877.8542771,70
6837,141.956318757,Re_141p956319,mature_periodic_shedding,periodic,train,883.01812579,71
6838,141.956318757,Re_141p956319,mature_periodic_shedding,periodic,train,888.18197448,72
6839,141.956318757,Re_141p956319,mature_periodic_shedding,periodic,train,893.34582317,73
6840,141.956318757,Re_141p956319,mature_periodic_shedding,periodic,train,898.50967186,74
6841,141.956318757,Re_141p956319,mature_periodic_shedding,periodic,train,903.67352055,75
6842,141.956318757,Re_141p956319,mature_periodic_shedding,periodic,train,908.83736923,76
6843,141.956318757,Re_141p956319,mature_periodic_shedding,periodic,train,914.00121792,77
6844,141.956318757,Re_141p956319,mature_periodic_shedding,periodic,train,919.16506661,78
6845,141.956318757,Re_141p956319,mature_periodic_shedding,periodic,train,924.3289153,79
6846,141.956318757,Re_141p956319,mature_periodic_shedding,periodic,train,929.49276399,80
6847,141.956318757,Re_141p956319,mature_periodic_shedding,periodic,train,934.65661268,81
6848,141.956318757,Re_141p956319,mature_periodic_shedding,periodic,train,939.82046137,82
6849,141.956318757,Re_141p956319,mature_periodic_shedding,periodic,train,944.98431006,83
6850,141.956318757,Re_141p956319,mature_periodic_shedding,periodic,train,950.14815874,84
6851,141.956318757,Re_141p956319,mature_periodic_shedding,periodic,train,955.31200743,85
6852,141.956318757,Re_141p956319,mature_periodic_shedding,periodic,train,960.47585612,86
6853,141.956318757,Re_141p956319,mature_periodic_shedding,periodic,train,965.63970481,87
6854,141.956318757,Re_141p956319,mature_periodic_shedding,periodic,train,970.8035535,88
6855,141.956318757,Re_141p956319,mature_periodic_shedding,periodic,train,975.96740219,89
6856,141.956318757,Re_141p956319,mature_periodic_shedding,periodic,train,981.13125088,90
6857,141.956318757,Re_141p956319,mature_periodic_shedding,periodic,train,986.29509957,91
6858,141.956318757,Re_141p956319,mature_periodic_shedding,periodic,train,991.45894826,92
6859,141.956318757,Re_141p956319,mature_periodic_shedding,periodic,train,996.62279694,93
6860,141.956318757,Re_141p956319,mature_periodic_shedding,periodic,train,1001.78664563,94
6861,141.956318757,Re_141p956319,mature_periodic_shedding,periodic,train,1006.95049432,95
6862,141.956318757,Re_141p956319,mature_periodic_shedding,periodic,train,1012.11434301,96
6863,141.956318757,Re_141p956319,mature_periodic_shedding,periodic,train,1017.2781917,97
6864,141.956318757,Re_141p956319,mature_periodic_shedding,periodic,train,1022.44204039,98
6865,141.956318757,Re_141p956319,mature_periodic_shedding,periodic,train,1027.60588908,99
6866,141.956318757,Re_141p956319,mature_periodic_shedding,periodic,train,1032.76973777,100
6867,141.956318757,Re_141p956319,mature_periodic_shedding,periodic,train,1037.93358645,101
6868,141.956318757,Re_141p956319,mature_periodic_shedding,periodic,train,1043.09743514,102
6869,141.956318757,Re_141p956319,mature_periodic_shedding,periodic,train,1048.26128383,103
6870,141.956318757,Re_141p956319,mature_periodic_shedding,periodic,train,1053.42513252,104
6871,141.956318757,Re_141p956319,mature_periodic_shedding,periodic,train,1058.58898121,105
6872,141.956318757,Re_141p956319,mature_periodic_shedding,periodic,train,1063.7528299,106
6873,141.956318757,Re_141p956319,mature_periodic_shedding,periodic,train,1068.91667859,107
6874,141.956318757,Re_141p956319,mature_periodic_shedding,periodic,train,1074.08052728,108
6875,141.956318757,Re_141p956319,mature_periodic_shedding,periodic,train,1079.24437597,109
6876,141.956318757,Re_141p956319,mature_periodic_shedding,periodic,train,1084.40822465,110
6877,141.956318757,Re_141p956319,mature_periodic_shedding,periodic,train,1089.57207334,111
6878,141.956318757,Re_141p956319,mature_periodic_shedding,periodic,train,1094.73592203,112
6879,141.956318757,Re_141p956319,mature_periodic_shedding,periodic,train,1099.89977072,113
6880,141.956318757,Re_141p956319,mature_periodic_shedding,periodic,train,1105.06361941,114
6881,141.956318757,Re_141p956319,mature_periodic_shedding,periodic,train,1110.2274681,115
6882,141.956318757,Re_141p956319,mature_periodic_shedding,periodic,train,1115.39131679,116
6883,141.956318757,Re_141p956319,mature_periodic_shedding,periodic,train,1120.55516548,117
6884,141.956318757,Re_141p956319,mature_periodic_shedding,periodic,train,1125.71901416,118
6885,141.956318757,Re_141p956319,mature_periodic_shedding,periodic,train,1130.88286285,119
6886,141.956318757,Re_141p956319,mature_periodic_shedding,periodic,train,1136.04671154,120
6887,141.956318757,Re_141p956319,mature_periodic_shedding,periodic,train,1141.21056023,121
6888,141.956318757,Re_141p956319,mature_periodic_shedding,periodic,train,1146.37440892,122
6889,141.956318757,Re_141p956319,mature_periodic_shedding,periodic,train,1151.53825761,123
6890,141.956318757,Re_141p956319,mature_periodic_shedding,periodic,train,1156.7021063,124
6891,141.956318757,Re_141p956319,mature_periodic_shedding,periodic,train,1161.86595499,125
6892,141.956318757,Re_141p956319,mature_periodic_shedding,periodic,train,1167.02980368,126
6893,141.956318757,Re_141p956319,mature_periodic_shedding,periodic,train,1172.19365236,127
6894,141.956318757,Re_141p956319,mature_periodic_shedding,periodic,train,1177.35750105,128
6895,141.956318757,Re_141p956319,mature_periodic_shedding,periodic,train,1182.52134974,129
6896,141.956318757,Re_141p956319,mature_periodic_shedding,periodic,train,1187.68519843,130
6897,141.956318757,Re_141p956319,mature_periodic_shedding,periodic,train,1192.84904712,131
6898,141.956318757,Re_141p956319,mature_periodic_shedding,periodic,train,1198.01289581,132
6899,141.956318757,Re_141p956319,mature_periodic_shedding,periodic,train,1203.1767445,133
6900,141.956318757,Re_141p956319,mature_periodic_shedding,periodic,train,1208.34059319,134
6901,141.956318757,Re_141p956319,mature_periodic_shedding,periodic,train,1213.50444188,135
6902,141.956318757,Re_141p956319,mature_periodic_shedding,periodic,train,1218.66829056,136
6903,141.956318757,Re_141p956319,mature_periodic_shedding,periodic,train,1223.83213925,137
6904,141.956318757,Re_141p956319,mature_periodic_shedding,periodic,train,1228.99598794,138
6905,141.956318757,Re_141p956319,mature_periodic_shedding,periodic,train,1234.15983663,139
6906,141.956318757,Re_141p956319,mature_periodic_shedding,periodic,train,1239.32368532,140
6907,141.956318757,Re_141p956319,mature_periodic_shedding,periodic,train,1244.48753401,141
6908,141.956318757,Re_141p956319,mature_periodic_shedding,periodic,train,1249.6513827,142
6909,141.956318757,Re_141p956319,mature_periodic_shedding,periodic,train,1254.81523139,143
6910,141.956318757,Re_141p956319,mature_periodic_shedding,periodic,train,1259.97908007,144
6911,141.956318757,Re_141p956319,mature_periodic_shedding,periodic,train,1265.14292876,145
6912,141.956318757,Re_141p956319,mature_periodic_shedding,periodic,train,1270.30677745,146
6913,141.956318757,Re_141p956319,mature_periodic_shedding,periodic,train,1275.47062614,147
6914,141.956318757,Re_141p956319,mature_periodic_shedding,periodic,train,1280.63447483,148
6915,141.956318757,Re_141p956319,mature_periodic_shedding,periodic,train,1285.79832352,149
6916,141.956318757,Re_141p956319,mature_periodic_shedding,periodic,train,1290.96217221,150
6917,141.956318757,Re_141p956319,mature_periodic_shedding,periodic,train,1296.1260209,151
6918,141.956318757,Re_141p956319,mature_periodic_shedding,periodic,train,1301.28986959,152
6919,141.956318757,Re_141p956319,mature_periodic_shedding,periodic,train,1306.45371827,153
6920,141.956318757,Re_141p956319,mature_periodic_shedding,periodic,train,1311.61756696,154
6921,141.956318757,Re_141p956319,mature_periodic_shedding,periodic,train,1316.78141565,155
6922,141.956318757,Re_141p956319,mature_periodic_shedding,periodic,train,1321.94526434,156
6923,141.956318757,Re_141p956319,mature_periodic_shedding,periodic,train,1327.10911303,157
6924,141.956318757,Re_141p956319,mature_periodic_shedding,periodic,train,1332.27296172,158
6925,141.956318757,Re_141p956319,mature_periodic_shedding,periodic,train,1337.43681041,159
6926,141.956318757,Re_141p956319,mature_periodic_shedding,periodic,train,1342.6006591,160
6927,144.273459297,Re_144p273459,mature_periodic_shedding,periodic,train,520.0,0
6928,144.273459297,Re_144p273459,mature_periodic_shedding,periodic,train,521.98319684,1
6929,144.273459297,Re_144p273459,mature_periodic_shedding,periodic,train,527.05099487,2
6930,144.273459297,Re_144p273459,mature_periodic_shedding,periodic,train,532.11879289,3
6931,144.273459297,Re_144p273459,mature_periodic_shedding,periodic,train,537.18659092,4
6932,144.273459297,Re_144p273459,mature_periodic_shedding,periodic,train,542.25438895,5
6933,144.273459297,Re_144p273459,mature_periodic_shedding,periodic,train,547.32218698,6
6934,144.273459297,Re_144p273459,mature_periodic_shedding,periodic,train,552.389985,7
6935,144.273459297,Re_144p273459,mature_periodic_shedding,periodic,train,557.45778303,8
6936,144.273459297,Re_144p273459,mature_periodic_shedding,periodic,train,562.52558106,9
6937,144.273459297,Re_144p273459,mature_periodic_shedding,periodic,train,567.59337909,10
6938,144.273459297,Re_144p273459,mature_periodic_shedding,periodic,train,572.66117711,11
6939,144.273459297,Re_144p273459,mature_periodic_shedding,periodic,train,577.72897514,12
6940,144.273459297,Re_144p273459,mature_periodic_shedding,periodic,train,582.79677317,13
6941,144.273459297,Re_144p273459,mature_periodic_shedding,periodic,train,587.8645712,14
6942,144.273459297,Re_144p273459,mature_periodic_shedding,periodic,train,592.93236922,15
6943,144.273459297,Re_144p273459,mature_periodic_shedding,periodic,train,598.00016725,16
6944,144.273459297,Re_144p273459,mature_periodic_shedding,periodic,train,603.06796528,17
6945,144.273459297,Re_144p273459,mature_periodic_shedding,periodic,train,608.13576331,18
6946,144.273459297,Re_144p273459,mature_periodic_shedding,periodic,train,613.20356133,19
6947,144.273459297,Re_144p273459,mature_periodic_shedding,periodic,train,618.27135936,20
6948,144.273459297,Re_144p273459,mature_periodic_shedding,periodic,train,623.33915739,21
6949,144.273459297,Re_144p273459,mature_periodic_shedding,periodic,train,628.40695542,22
6950,144.273459297,Re_144p273459,mature_periodic_shedding,periodic,train,633.47475344,23
6951,144.273459297,Re_144p273459,mature_periodic_shedding,periodic,train,638.54255147,24
6952,144.273459297,Re_144p273459,mature_periodic_shedding,periodic,train,643.6103495,25
6953,144.273459297,Re_144p273459,mature_periodic_shedding,periodic,train,648.67814753,26
6954,144.273459297,Re_144p273459,mature_periodic_shedding,periodic,train,653.74594555,27
6955,144.273459297,Re_144p273459,mature_periodic_shedding,periodic,train,658.81374358,28
6956,144.273459297,Re_144p273459,mature_periodic_shedding,periodic,train,663.88154161,29
6957,144.273459297,Re_144p273459,mature_periodic_shedding,periodic,train,668.94933964,30
6958,144.273459297,Re_144p273459,mature_periodic_shedding,periodic,train,674.01713766,31
6959,144.273459297,Re_144p273459,mature_periodic_shedding,periodic,train,679.08493569,32
6960,144.273459297,Re_144p273459,mature_periodic_shedding,periodic,train,684.15273372,33
6961,144.273459297,Re_144p273459,mature_periodic_shedding,periodic,train,689.22053175,34
6962,144.273459297,Re_144p273459,mature_periodic_shedding,periodic,train,694.28832977,35
6963,144.273459297,Re_144p273459,mature_periodic_shedding,periodic,train,699.3561278,36
6964,144.273459297,Re_144p273459,mature_periodic_shedding,periodic,train,704.42392583,37
6965,144.273459297,Re_144p273459,mature_periodic_shedding,periodic,train,709.49172386,38
6966,144.273459297,Re_144p273459,mature_periodic_shedding,periodic,train,714.55952188,39
6967,144.273459297,Re_144p273459,mature_periodic_shedding,periodic,train,719.62731991,40
6968,144.273459297,Re_144p273459,mature_periodic_shedding,periodic,train,724.69511794,41
6969,144.273459297,Re_144p273459,mature_periodic_shedding,periodic,train,729.76291597,42
6970,144.273459297,Re_144p273459,mature_periodic_shedding,periodic,train,734.83071399,43
6971,144.273459297,Re_144p273459,mature_periodic_shedding,periodic,train,739.89851202,44
6972,144.273459297,Re_144p273459,mature_periodic_shedding,periodic,train,744.96631005,45
6973,144.273459297,Re_144p273459,mature_periodic_shedding,periodic,train,750.03410808,46
6974,144.273459297,Re_144p273459,mature_periodic_shedding,periodic,train,755.1019061,47
6975,144.273459297,Re_144p273459,mature_periodic_shedding,periodic,train,760.16970413,48
6976,144.273459297,Re_144p273459,mature_periodic_shedding,periodic,train,765.23750216,49
6977,144.273459297,Re_144p273459,mature_periodic_shedding,periodic,train,770.30530019,50
6978,144.273459297,Re_144p273459,mature_periodic_shedding,periodic,train,775.37309822,51
6979,144.273459297,Re_144p273459,mature_periodic_shedding,periodic,train,780.44089624,52
6980,144.273459297,Re_144p273459,mature_periodic_shedding,periodic,train,785.50869427,53
6981,144.273459297,Re_144p273459,mature_periodic_shedding,periodic,train,790.5764923,54
6982,144.273459297,Re_144p273459,mature_periodic_shedding,periodic,train,795.64429033,55
6983,144.273459297,Re_144p273459,mature_periodic_shedding,periodic,train,800.71208835,56
6984,144.273459297,Re_144p273459,mature_periodic_shedding,periodic,train,805.77988638,57
6985,144.273459297,Re_144p273459,mature_periodic_shedding,periodic,train,810.84768441,58
6986,144.273459297,Re_144p273459,mature_periodic_shedding,periodic,train,815.91548244,59
6987,144.273459297,Re_144p273459,mature_periodic_shedding,periodic,train,820.98328046,60
6988,144.273459297,Re_144p273459,mature_periodic_shedding,periodic,train,826.05107849,61
6989,144.273459297,Re_144p273459,mature_periodic_shedding,periodic,train,831.11887652,62
6990,144.273459297,Re_144p273459,mature_periodic_shedding,periodic,train,836.18667455,63
6991,144.273459297,Re_144p273459,mature_periodic_shedding,periodic,train,841.25447257,64
6992,144.273459297,Re_144p273459,mature_periodic_shedding,periodic,train,846.3222706,65
6993,144.273459297,Re_144p273459,mature_periodic_shedding,periodic,train,851.39006863,66
6994,144.273459297,Re_144p273459,mature_periodic_shedding,periodic,train,856.45786666,67
6995,144.273459297,Re_144p273459,mature_periodic_shedding,periodic,train,861.52566468,68
6996,144.273459297,Re_144p273459,mature_periodic_shedding,periodic,train,866.59346271,69
6997,144.273459297,Re_144p273459,mature_periodic_shedding,periodic,train,871.66126074,70
6998,144.273459297,Re_144p273459,mature_periodic_shedding,periodic,train,876.72905877,71
6999,144.273459297,Re_144p273459,mature_periodic_shedding,periodic,train,881.79685679,72
7000,144.273459297,Re_144p273459,mature_periodic_shedding,periodic,train,886.86465482,73
7001,144.273459297,Re_144p273459,mature_periodic_shedding,periodic,train,891.93245285,74
7002,144.273459297,Re_144p273459,mature_periodic_shedding,periodic,train,897.00025088,75
7003,144.273459297,Re_144p273459,mature_periodic_shedding,periodic,train,902.0680489,76
7004,144.273459297,Re_144p273459,mature_periodic_shedding,periodic,train,907.13584693,77
7005,144.273459297,Re_144p273459,mature_periodic_shedding,periodic,train,912.20364496,78
7006,144.273459297,Re_144p273459,mature_periodic_shedding,periodic,train,917.27144299,79
7007,144.273459297,Re_144p273459,mature_periodic_shedding,periodic,train,922.33924101,80
7008,144.273459297,Re_144p273459,mature_periodic_shedding,periodic,train,927.40703904,81
7009,144.273459297,Re_144p273459,mature_periodic_shedding,periodic,train,932.47483707,82
7010,144.273459297,Re_144p273459,mature_periodic_shedding,periodic,train,937.5426351,83
7011,144.273459297,Re_144p273459,mature_periodic_shedding,periodic,train,942.61043312,84
7012,144.273459297,Re_144p273459,mature_periodic_shedding,periodic,train,947.67823115,85
7013,144.273459297,Re_144p273459,mature_periodic_shedding,periodic,train,952.74602918,86
7014,144.273459297,Re_144p273459,mature_periodic_shedding,periodic,train,957.81382721,87
7015,144.273459297,Re_144p273459,mature_periodic_shedding,periodic,train,962.88162523,88
7016,144.273459297,Re_144p273459,mature_periodic_shedding,periodic,train,967.94942326,89
7017,144.273459297,Re_144p273459,mature_periodic_shedding,periodic,train,973.01722129,90
7018,144.273459297,Re_144p273459,mature_periodic_shedding,periodic,train,978.08501932,91
7019,144.273459297,Re_144p273459,mature_periodic_shedding,periodic,train,983.15281734,92
7020,144.273459297,Re_144p273459,mature_periodic_shedding,periodic,train,988.22061537,93
7021,144.273459297,Re_144p273459,mature_periodic_shedding,periodic,train,993.2884134,94
7022,144.273459297,Re_144p273459,mature_periodic_shedding,periodic,train,998.35621143,95
7023,144.273459297,Re_144p273459,mature_periodic_shedding,periodic,train,1003.42400945,96
7024,144.273459297,Re_144p273459,mature_periodic_shedding,periodic,train,1008.49180748,97
7025,144.273459297,Re_144p273459,mature_periodic_shedding,periodic,train,1013.55960551,98
7026,144.273459297,Re_144p273459,mature_periodic_shedding,periodic,train,1018.62740354,99
7027,144.273459297,Re_144p273459,mature_periodic_shedding,periodic,train,1023.69520157,100
7028,144.273459297,Re_144p273459,mature_periodic_shedding,periodic,train,1028.76299959,101
7029,144.273459297,Re_144p273459,mature_periodic_shedding,periodic,train,1033.83079762,102
7030,144.273459297,Re_144p273459,mature_periodic_shedding,periodic,train,1038.89859565,103
7031,144.273459297,Re_144p273459,mature_periodic_shedding,periodic,train,1043.96639368,104
7032,144.273459297,Re_144p273459,mature_periodic_shedding,periodic,train,1049.0341917,105
7033,144.273459297,Re_144p273459,mature_periodic_shedding,periodic,train,1054.10198973,106
7034,144.273459297,Re_144p273459,mature_periodic_shedding,periodic,train,1059.16978776,107
7035,144.273459297,Re_144p273459,mature_periodic_shedding,periodic,train,1064.23758579,108
7036,144.273459297,Re_144p273459,mature_periodic_shedding,periodic,train,1069.30538381,109
7037,144.273459297,Re_144p273459,mature_periodic_shedding,periodic,train,1074.37318184,110
7038,144.273459297,Re_144p273459,mature_periodic_shedding,periodic,train,1079.44097987,111
7039,144.273459297,Re_144p273459,mature_periodic_shedding,periodic,train,1084.5087779,112
7040,144.273459297,Re_144p273459,mature_periodic_shedding,periodic,train,1089.57657592,113
7041,144.273459297,Re_144p273459,mature_periodic_shedding,periodic,train,1094.64437395,114
7042,144.273459297,Re_144p273459,mature_periodic_shedding,periodic,train,1099.71217198,115
7043,144.273459297,Re_144p273459,mature_periodic_shedding,periodic,train,1104.77997001,116
7044,144.273459297,Re_144p273459,mature_periodic_shedding,periodic,train,1109.84776803,117
7045,144.273459297,Re_144p273459,mature_periodic_shedding,periodic,train,1114.91556606,118
7046,144.273459297,Re_144p273459,mature_periodic_shedding,periodic,train,1119.98336409,119
7047,144.273459297,Re_144p273459,mature_periodic_shedding,periodic,train,1125.05116212,120
7048,144.273459297,Re_144p273459,mature_periodic_shedding,periodic,train,1130.11896014,121
7049,144.273459297,Re_144p273459,mature_periodic_shedding,periodic,train,1135.18675817,122
7050,144.273459297,Re_144p273459,mature_periodic_shedding,periodic,train,1140.2545562,123
7051,144.273459297,Re_144p273459,mature_periodic_shedding,periodic,train,1145.32235423,124
7052,144.273459297,Re_144p273459,mature_periodic_shedding,periodic,train,1150.39015225,125
7053,144.273459297,Re_144p273459,mature_periodic_shedding,periodic,train,1155.45795028,126
7054,144.273459297,Re_144p273459,mature_periodic_shedding,periodic,train,1160.52574831,127
7055,144.273459297,Re_144p273459,mature_periodic_shedding,periodic,train,1165.59354634,128
7056,144.273459297,Re_144p273459,mature_periodic_shedding,periodic,train,1170.66134436,129
7057,144.273459297,Re_144p273459,mature_periodic_shedding,periodic,train,1175.72914239,130
7058,144.273459297,Re_144p273459,mature_periodic_shedding,periodic,train,1180.79694042,131
7059,144.273459297,Re_144p273459,mature_periodic_shedding,periodic,train,1185.86473845,132
7060,144.273459297,Re_144p273459,mature_periodic_shedding,periodic,train,1190.93253647,133
7061,144.273459297,Re_144p273459,mature_periodic_shedding,periodic,train,1196.0003345,134
7062,144.273459297,Re_144p273459,mature_periodic_shedding,periodic,train,1201.06813253,135
7063,144.273459297,Re_144p273459,mature_periodic_shedding,periodic,train,1206.13593056,136
7064,144.273459297,Re_144p273459,mature_periodic_shedding,periodic,train,1211.20372858,137
7065,144.273459297,Re_144p273459,mature_periodic_shedding,periodic,train,1216.27152661,138
7066,144.273459297,Re_144p273459,mature_periodic_shedding,periodic,train,1221.33932464,139
7067,144.273459297,Re_144p273459,mature_periodic_shedding,periodic,train,1226.40712267,140
7068,144.273459297,Re_144p273459,mature_periodic_shedding,periodic,train,1231.47492069,141
7069,144.273459297,Re_144p273459,mature_periodic_shedding,periodic,train,1236.54271872,142
7070,144.273459297,Re_144p273459,mature_periodic_shedding,periodic,train,1241.61051675,143
7071,144.273459297,Re_144p273459,mature_periodic_shedding,periodic,train,1246.67831478,144
7072,144.273459297,Re_144p273459,mature_periodic_shedding,periodic,train,1251.7461128,145
7073,144.273459297,Re_144p273459,mature_periodic_shedding,periodic,train,1256.81391083,146
7074,144.273459297,Re_144p273459,mature_periodic_shedding,periodic,train,1261.88170886,147
7075,144.273459297,Re_144p273459,mature_periodic_shedding,periodic,train,1266.94950689,148
7076,144.273459297,Re_144p273459,mature_periodic_shedding,periodic,train,1272.01730492,149
7077,144.273459297,Re_144p273459,mature_periodic_shedding,periodic,train,1277.08510294,150
7078,144.273459297,Re_144p273459,mature_periodic_shedding,periodic,train,1282.15290097,151
7079,144.273459297,Re_144p273459,mature_periodic_shedding,periodic,train,1287.220699,152
7080,144.273459297,Re_144p273459,mature_periodic_shedding,periodic,train,1292.28849703,153
7081,144.273459297,Re_144p273459,mature_periodic_shedding,periodic,train,1297.35629505,154
7082,144.273459297,Re_144p273459,mature_periodic_shedding,periodic,train,1302.42409308,155
7083,144.273459297,Re_144p273459,mature_periodic_shedding,periodic,train,1307.49189111,156
7084,144.273459297,Re_144p273459,mature_periodic_shedding,periodic,train,1312.55968914,157
7085,144.273459297,Re_144p273459,mature_periodic_shedding,periodic,train,1317.62748716,158
7086,144.273459297,Re_144p273459,mature_periodic_shedding,periodic,train,1322.69528519,159
7087,144.273459297,Re_144p273459,mature_periodic_shedding,periodic,train,1327.76308322,160
7088,146.619578296,Re_146p619578,mature_periodic_shedding,periodic,train,480.0,0
7089,146.619578296,Re_146p619578,mature_periodic_shedding,periodic,train,482.48957773,1
7090,146.619578296,Re_146p619578,mature_periodic_shedding,periodic,train,487.46369709,2
7091,146.619578296,Re_146p619578,mature_periodic_shedding,periodic,train,492.43781644,3
7092,146.619578296,Re_146p619578,mature_periodic_shedding,periodic,train,497.4119358,4
7093,146.619578296,Re_146p619578,mature_periodic_shedding,periodic,train,502.38605516,5
7094,146.619578296,Re_146p619578,mature_periodic_shedding,periodic,train,507.36017452,6
7095,146.619578296,Re_146p619578,mature_periodic_shedding,periodic,train,512.33429388,7
7096,146.619578296,Re_146p619578,mature_periodic_shedding,periodic,train,517.30841323,8
7097,146.619578296,Re_146p619578,mature_periodic_shedding,periodic,train,522.28253259,9
7098,146.619578296,Re_146p619578,mature_periodic_shedding,periodic,train,527.25665195,10
7099,146.619578296,Re_146p619578,mature_periodic_shedding,periodic,train,532.23077131,11
7100,146.619578296,Re_146p619578,mature_periodic_shedding,periodic,train,537.20489067,12
7101,146.619578296,Re_146p619578,mature_periodic_shedding,periodic,train,542.17901002,13
7102,146.619578296,Re_146p619578,mature_periodic_shedding,periodic,train,547.15312938,14
7103,146.619578296,Re_146p619578,mature_periodic_shedding,periodic,train,552.12724874,15
7104,146.619578296,Re_146p619578,mature_periodic_shedding,periodic,train,557.1013681,16
7105,146.619578296,Re_146p619578,mature_periodic_shedding,periodic,train,562.07548746,17
7106,146.619578296,Re_146p619578,mature_periodic_shedding,periodic,train,567.04960681,18
7107,146.619578296,Re_146p619578,mature_periodic_shedding,periodic,train,572.02372617,19
7108,146.619578296,Re_146p619578,mature_periodic_shedding,periodic,train,576.99784553,20
7109,146.619578296,Re_146p619578,mature_periodic_shedding,periodic,train,581.97196489,21
7110,146.619578296,Re_146p619578,mature_periodic_shedding,periodic,train,586.94608425,22
7111,146.619578296,Re_146p619578,mature_periodic_shedding,periodic,train,591.9202036,23
7112,146.619578296,Re_146p619578,mature_periodic_shedding,periodic,train,596.89432296,24
7113,146.619578296,Re_146p619578,mature_periodic_shedding,periodic,train,601.86844232,25
7114,146.619578296,Re_146p619578,mature_periodic_shedding,periodic,train,606.84256168,26
7115,146.619578296,Re_146p619578,mature_periodic_shedding,periodic,train,611.81668104,27
7116,146.619578296,Re_146p619578,mature_periodic_shedding,periodic,train,616.79080039,28
7117,146.619578296,Re_146p619578,mature_periodic_shedding,periodic,train,621.76491975,29
7118,146.619578296,Re_146p619578,mature_periodic_shedding,periodic,train,626.73903911,30
7119,146.619578296,Re_146p619578,mature_periodic_shedding,periodic,train,631.71315847,31
7120,146.619578296,Re_146p619578,mature_periodic_shedding,periodic,train,636.68727783,32
7121,146.619578296,Re_146p619578,mature_periodic_shedding,periodic,train,641.66139718,33
7122,146.619578296,Re_146p619578,mature_periodic_shedding,periodic,train,646.63551654,34
7123,146.619578296,Re_146p619578,mature_periodic_shedding,periodic,train,651.6096359,35
7124,146.619578296,Re_146p619578,mature_periodic_shedding,periodic,train,656.58375526,36
7125,146.619578296,Re_146p619578,mature_periodic_shedding,periodic,train,661.55787462,37
7126,146.619578296,Re_146p619578,mature_periodic_shedding,periodic,train,666.53199397,38
7127,146.619578296,Re_146p619578,mature_periodic_shedding,periodic,train,671.50611333,39
7128,146.619578296,Re_146p619578,mature_periodic_shedding,periodic,train,676.48023269,40
7129,146.619578296,Re_146p619578,mature_periodic_shedding,periodic,train,681.45435205,41
7130,146.619578296,Re_146p619578,mature_periodic_shedding,periodic,train,686.42847141,42
7131,146.619578296,Re_146p619578,mature_periodic_shedding,periodic,train,691.40259076,43
7132,146.619578296,Re_146p619578,mature_periodic_shedding,periodic,train,696.37671012,44
7133,146.619578296,Re_146p619578,mature_periodic_shedding,periodic,train,701.35082948,45
7134,146.619578296,Re_146p619578,mature_periodic_shedding,periodic,train,706.32494884,46
7135,146.619578296,Re_146p619578,mature_periodic_shedding,periodic,train,711.2990682,47
7136,146.619578296,Re_146p619578,mature_periodic_shedding,periodic,train,716.27318755,48
7137,146.619578296,Re_146p619578,mature_periodic_shedding,periodic,train,721.24730691,49
7138,146.619578296,Re_146p619578,mature_periodic_shedding,periodic,train,726.22142627,50
7139,146.619578296,Re_146p619578,mature_periodic_shedding,periodic,train,731.19554563,51
7140,146.619578296,Re_146p619578,mature_periodic_shedding,periodic,train,736.16966499,52
7141,146.619578296,Re_146p619578,mature_periodic_shedding,periodic,train,741.14378434,53
7142,146.619578296,Re_146p619578,mature_periodic_shedding,periodic,train,746.1179037,54
7143,146.619578296,Re_146p619578,mature_periodic_shedding,periodic,train,751.09202306,55
7144,146.619578296,Re_146p619578,mature_periodic_shedding,periodic,train,756.06614242,56
7145,146.619578296,Re_146p619578,mature_periodic_shedding,periodic,train,761.04026178,57
7146,146.619578296,Re_146p619578,mature_periodic_shedding,periodic,train,766.01438114,58
7147,146.619578296,Re_146p619578,mature_periodic_shedding,periodic,train,770.98850049,59
7148,146.619578296,Re_146p619578,mature_periodic_shedding,periodic,train,775.96261985,60
7149,146.619578296,Re_146p619578,mature_periodic_shedding,periodic,train,780.93673921,61
7150,146.619578296,Re_146p619578,mature_periodic_shedding,periodic,train,785.91085857,62
7151,146.619578296,Re_146p619578,mature_periodic_shedding,periodic,train,790.88497793,63
7152,146.619578296,Re_146p619578,mature_periodic_shedding,periodic,train,795.85909728,64
7153,146.619578296,Re_146p619578,mature_periodic_shedding,periodic,train,800.83321664,65
7154,146.619578296,Re_146p619578,mature_periodic_shedding,periodic,train,805.807336,66
7155,146.619578296,Re_146p619578,mature_periodic_shedding,periodic,train,810.78145536,67
7156,146.619578296,Re_146p619578,mature_periodic_shedding,periodic,train,815.75557472,68
7157,146.619578296,Re_146p619578,mature_periodic_shedding,periodic,train,820.72969407,69
7158,146.619578296,Re_146p619578,mature_periodic_shedding,periodic,train,825.70381343,70
7159,146.619578296,Re_146p619578,mature_periodic_shedding,periodic,train,830.67793279,71
7160,146.619578296,Re_146p619578,mature_periodic_shedding,periodic,train,835.65205215,72
7161,146.619578296,Re_146p619578,mature_periodic_shedding,periodic,train,840.62617151,73
7162,146.619578296,Re_146p619578,mature_periodic_shedding,periodic,train,845.60029086,74
7163,146.619578296,Re_146p619578,mature_periodic_shedding,periodic,train,850.57441022,75
7164,146.619578296,Re_146p619578,mature_periodic_shedding,periodic,train,855.54852958,76
7165,146.619578296,Re_146p619578,mature_periodic_shedding,periodic,train,860.52264894,77
7166,146.619578296,Re_146p619578,mature_periodic_shedding,periodic,train,865.4967683,78
7167,146.619578296,Re_146p619578,mature_periodic_shedding,periodic,train,870.47088765,79
7168,146.619578296,Re_146p619578,mature_periodic_shedding,periodic,train,875.44500701,80
7169,146.619578296,Re_146p619578,mature_periodic_shedding,periodic,train,880.41912637,81
7170,146.619578296,Re_146p619578,mature_periodic_shedding,periodic,train,885.39324573,82
7171,146.619578296,Re_146p619578,mature_periodic_shedding,periodic,train,890.36736509,83
7172,146.619578296,Re_146p619578,mature_periodic_shedding,periodic,train,895.34148444,84
7173,146.619578296,Re_146p619578,mature_periodic_shedding,periodic,train,900.3156038,85
7174,146.619578296,Re_146p619578,mature_periodic_shedding,periodic,train,905.28972316,86
7175,146.619578296,Re_146p619578,mature_periodic_shedding,periodic,train,910.26384252,87
7176,146.619578296,Re_146p619578,mature_periodic_shedding,periodic,train,915.23796188,88
7177,146.619578296,Re_146p619578,mature_periodic_shedding,periodic,train,920.21208123,89
7178,146.619578296,Re_146p619578,mature_periodic_shedding,periodic,train,925.18620059,90
7179,146.619578296,Re_146p619578,mature_periodic_shedding,periodic,train,930.16031995,91
7180,146.619578296,Re_146p619578,mature_periodic_shedding,periodic,train,935.13443931,92
7181,146.619578296,Re_146p619578,mature_periodic_shedding,periodic,train,940.10855867,93
7182,146.619578296,Re_146p619578,mature_periodic_shedding,periodic,train,945.08267802,94
7183,146.619578296,Re_146p619578,mature_periodic_shedding,periodic,train,950.05679738,95
7184,146.619578296,Re_146p619578,mature_periodic_shedding,periodic,train,955.03091674,96
7185,146.619578296,Re_146p619578,mature_periodic_shedding,periodic,train,960.0050361,97
7186,146.619578296,Re_146p619578,mature_periodic_shedding,periodic,train,964.97915546,98
7187,146.619578296,Re_146p619578,mature_periodic_shedding,periodic,train,969.95327481,99
7188,146.619578296,Re_146p619578,mature_periodic_shedding,periodic,train,974.92739417,100
7189,146.619578296,Re_146p619578,mature_periodic_shedding,periodic,train,979.90151353,101
7190,146.619578296,Re_146p619578,mature_periodic_shedding,periodic,train,984.87563289,102
7191,146.619578296,Re_146p619578,mature_periodic_shedding,periodic,train,989.84975225,103
7192,146.619578296,Re_146p619578,mature_periodic_shedding,periodic,train,994.8238716,104
7193,146.619578296,Re_146p619578,mature_periodic_shedding,periodic,train,999.79799096,105
7194,146.619578296,Re_146p619578,mature_periodic_shedding,periodic,train,1004.77211032,106
7195,146.619578296,Re_146p619578,mature_periodic_shedding,periodic,train,1009.74622968,107
7196,146.619578296,Re_146p619578,mature_periodic_shedding,periodic,train,1014.72034904,108
7197,146.619578296,Re_146p619578,mature_periodic_shedding,periodic,train,1019.69446839,109
7198,146.619578296,Re_146p619578,mature_periodic_shedding,periodic,train,1024.66858775,110
7199,146.619578296,Re_146p619578,mature_periodic_shedding,periodic,train,1029.64270711,111
7200,146.619578296,Re_146p619578,mature_periodic_shedding,periodic,train,1034.61682647,112
7201,146.619578296,Re_146p619578,mature_periodic_shedding,periodic,train,1039.59094583,113
7202,146.619578296,Re_146p619578,mature_periodic_shedding,periodic,train,1044.56506518,114
7203,146.619578296,Re_146p619578,mature_periodic_shedding,periodic,train,1049.53918454,115
7204,146.619578296,Re_146p619578,mature_periodic_shedding,periodic,train,1054.5133039,116
7205,146.619578296,Re_146p619578,mature_periodic_shedding,periodic,train,1059.48742326,117
7206,146.619578296,Re_146p619578,mature_periodic_shedding,periodic,train,1064.46154262,118
7207,146.619578296,Re_146p619578,mature_periodic_shedding,periodic,train,1069.43566197,119
7208,146.619578296,Re_146p619578,mature_periodic_shedding,periodic,train,1074.40978133,120
7209,146.619578296,Re_146p619578,mature_periodic_shedding,periodic,train,1079.38390069,121
7210,146.619578296,Re_146p619578,mature_periodic_shedding,periodic,train,1084.35802005,122
7211,146.619578296,Re_146p619578,mature_periodic_shedding,periodic,train,1089.33213941,123
7212,146.619578296,Re_146p619578,mature_periodic_shedding,periodic,train,1094.30625876,124
7213,146.619578296,Re_146p619578,mature_periodic_shedding,periodic,train,1099.28037812,125
7214,146.619578296,Re_146p619578,mature_periodic_shedding,periodic,train,1104.25449748,126
7215,146.619578296,Re_146p619578,mature_periodic_shedding,periodic,train,1109.22861684,127
7216,146.619578296,Re_146p619578,mature_periodic_shedding,periodic,train,1114.2027362,128
7217,146.619578296,Re_146p619578,mature_periodic_shedding,periodic,train,1119.17685555,129
7218,146.619578296,Re_146p619578,mature_periodic_shedding,periodic,train,1124.15097491,130
7219,146.619578296,Re_146p619578,mature_periodic_shedding,periodic,train,1129.12509427,131
7220,146.619578296,Re_146p619578,mature_periodic_shedding,periodic,train,1134.09921363,132
7221,146.619578296,Re_146p619578,mature_periodic_shedding,periodic,train,1139.07333299,133
7222,146.619578296,Re_146p619578,mature_periodic_shedding,periodic,train,1144.04745234,134
7223,146.619578296,Re_146p619578,mature_periodic_shedding,periodic,train,1149.0215717,135
7224,146.619578296,Re_146p619578,mature_periodic_shedding,periodic,train,1153.99569106,136
7225,146.619578296,Re_146p619578,mature_periodic_shedding,periodic,train,1158.96981042,137
7226,146.619578296,Re_146p619578,mature_periodic_shedding,periodic,train,1163.94392978,138
7227,146.619578296,Re_146p619578,mature_periodic_shedding,periodic,train,1168.91804913,139
7228,146.619578296,Re_146p619578,mature_periodic_shedding,periodic,train,1173.89216849,140
7229,146.619578296,Re_146p619578,mature_periodic_shedding,periodic,train,1178.86628785,141
7230,146.619578296,Re_146p619578,mature_periodic_shedding,periodic,train,1183.84040721,142
7231,146.619578296,Re_146p619578,mature_periodic_shedding,periodic,train,1188.81452657,143
7232,146.619578296,Re_146p619578,mature_periodic_shedding,periodic,train,1193.78864592,144
7233,146.619578296,Re_146p619578,mature_periodic_shedding,periodic,train,1198.76276528,145
7234,146.619578296,Re_146p619578,mature_periodic_shedding,periodic,train,1203.73688464,146
7235,146.619578296,Re_146p619578,mature_periodic_shedding,periodic,train,1208.711004,147
7236,146.619578296,Re_146p619578,mature_periodic_shedding,periodic,train,1213.68512336,148
7237,146.619578296,Re_146p619578,mature_periodic_shedding,periodic,train,1218.65924271,149
7238,146.619578296,Re_146p619578,mature_periodic_shedding,periodic,train,1223.63336207,150
7239,146.619578296,Re_146p619578,mature_periodic_shedding,periodic,train,1228.60748143,151
7240,146.619578296,Re_146p619578,mature_periodic_shedding,periodic,train,1233.58160079,152
7241,146.619578296,Re_146p619578,mature_periodic_shedding,periodic,train,1238.55572015,153
7242,146.619578296,Re_146p619578,mature_periodic_shedding,periodic,train,1243.52983951,154
7243,146.619578296,Re_146p619578,mature_periodic_shedding,periodic,train,1248.50395886,155
7244,146.619578296,Re_146p619578,mature_periodic_shedding,periodic,train,1253.47807822,156
7245,146.619578296,Re_146p619578,mature_periodic_shedding,periodic,train,1258.45219758,157
7246,146.619578296,Re_146p619578,mature_periodic_shedding,periodic,train,1263.42631694,158
7247,146.619578296,Re_146p619578,mature_periodic_shedding,periodic,train,1268.4004363,159
7248,146.619578296,Re_146p619578,mature_periodic_shedding,periodic,train,1273.37455565,160
7249,149.059229449,Re_149p059229,mature_periodic_shedding,periodic,heldout,480.0,0
7250,149.059229449,Re_149p059229,mature_periodic_shedding,periodic,heldout,483.15068253,1
7251,149.059229449,Re_149p059229,mature_periodic_shedding,periodic,heldout,488.03099246,2
7252,149.059229449,Re_149p059229,mature_periodic_shedding,periodic,heldout,492.91130238,3
7253,149.059229449,Re_149p059229,mature_periodic_shedding,periodic,heldout,497.79161231,4
7254,149.059229449,Re_149p059229,mature_periodic_shedding,periodic,heldout,502.67192223,5
7255,149.059229449,Re_149p059229,mature_periodic_shedding,periodic,heldout,507.55223216,6
7256,149.059229449,Re_149p059229,mature_periodic_shedding,periodic,heldout,512.43254208,7
7257,149.059229449,Re_149p059229,mature_periodic_shedding,periodic,heldout,517.312852,8
7258,149.059229449,Re_149p059229,mature_periodic_shedding,periodic,heldout,522.19316193,9
7259,149.059229449,Re_149p059229,mature_periodic_shedding,periodic,heldout,527.07347185,10
7260,149.059229449,Re_149p059229,mature_periodic_shedding,periodic,heldout,531.95378178,11
7261,149.059229449,Re_149p059229,mature_periodic_shedding,periodic,heldout,536.8340917,12
7262,149.059229449,Re_149p059229,mature_periodic_shedding,periodic,heldout,541.71440163,13
7263,149.059229449,Re_149p059229,mature_periodic_shedding,periodic,heldout,546.59471155,14
7264,149.059229449,Re_149p059229,mature_periodic_shedding,periodic,heldout,551.47502148,15
7265,149.059229449,Re_149p059229,mature_periodic_shedding,periodic,heldout,556.3553314,16
7266,149.059229449,Re_149p059229,mature_periodic_shedding,periodic,heldout,561.23564133,17
7267,149.059229449,Re_149p059229,mature_periodic_shedding,periodic,heldout,566.11595125,18
7268,149.059229449,Re_149p059229,mature_periodic_shedding,periodic,heldout,570.99626117,19
7269,149.059229449,Re_149p059229,mature_periodic_shedding,periodic,heldout,575.8765711,20
7270,149.059229449,Re_149p059229,mature_periodic_shedding,periodic,heldout,580.75688102,21
7271,149.059229449,Re_149p059229,mature_periodic_shedding,periodic,heldout,585.63719095,22
7272,149.059229449,Re_149p059229,mature_periodic_shedding,periodic,heldout,590.51750087,23
7273,149.059229449,Re_149p059229,mature_periodic_shedding,periodic,heldout,595.3978108,24
7274,149.059229449,Re_149p059229,mature_periodic_shedding,periodic,heldout,600.27812072,25
7275,149.059229449,Re_149p059229,mature_periodic_shedding,periodic,heldout,605.15843065,26
7276,149.059229449,Re_149p059229,mature_periodic_shedding,periodic,heldout,610.03874057,27
7277,149.059229449,Re_149p059229,mature_periodic_shedding,periodic,heldout,614.9190505,28
7278,149.059229449,Re_149p059229,mature_periodic_shedding,periodic,heldout,619.79936042,29
7279,149.059229449,Re_149p059229,mature_periodic_shedding,periodic,heldout,624.67967034,30
7280,149.059229449,Re_149p059229,mature_periodic_shedding,periodic,heldout,629.55998027,31
7281,149.059229449,Re_149p059229,mature_periodic_shedding,periodic,heldout,634.44029019,32
7282,149.059229449,Re_149p059229,mature_periodic_shedding,periodic,heldout,639.32060012,33
7283,149.059229449,Re_149p059229,mature_periodic_shedding,periodic,heldout,644.20091004,34
7284,149.059229449,Re_149p059229,mature_periodic_shedding,periodic,heldout,649.08121997,35
7285,149.059229449,Re_149p059229,mature_periodic_shedding,periodic,heldout,653.96152989,36
7286,149.059229449,Re_149p059229,mature_periodic_shedding,periodic,heldout,658.84183982,37
7287,149.059229449,Re_149p059229,mature_periodic_shedding,periodic,heldout,663.72214974,38
7288,149.059229449,Re_149p059229,mature_periodic_shedding,periodic,heldout,668.60245967,39
7289,149.059229449,Re_149p059229,mature_periodic_shedding,periodic,heldout,673.48276959,40
7290,149.059229449,Re_149p059229,mature_periodic_shedding,periodic,heldout,678.36307952,41
7291,149.059229449,Re_149p059229,mature_periodic_shedding,periodic,heldout,683.24338944,42
7292,149.059229449,Re_149p059229,mature_periodic_shedding,periodic,heldout,688.12369936,43
7293,149.059229449,Re_149p059229,mature_periodic_shedding,periodic,heldout,693.00400929,44
7294,149.059229449,Re_149p059229,mature_periodic_shedding,periodic,heldout,697.88431921,45
7295,149.059229449,Re_149p059229,mature_periodic_shedding,periodic,heldout,702.76462914,46
7296,149.059229449,Re_149p059229,mature_periodic_shedding,periodic,heldout,707.64493906,47
7297,149.059229449,Re_149p059229,mature_periodic_shedding,periodic,heldout,712.52524899,48
7298,149.059229449,Re_149p059229,mature_periodic_shedding,periodic,heldout,717.40555891,49
7299,149.059229449,Re_149p059229,mature_periodic_shedding,periodic,heldout,722.28586884,50
7300,149.059229449,Re_149p059229,mature_periodic_shedding,periodic,heldout,727.16617876,51
7301,149.059229449,Re_149p059229,mature_periodic_shedding,periodic,heldout,732.04648869,52
7302,149.059229449,Re_149p059229,mature_periodic_shedding,periodic,heldout,736.92679861,53
7303,149.059229449,Re_149p059229,mature_periodic_shedding,periodic,heldout,741.80710853,54
7304,149.059229449,Re_149p059229,mature_periodic_shedding,periodic,heldout,746.68741846,55
7305,149.059229449,Re_149p059229,mature_periodic_shedding,periodic,heldout,751.56772838,56
7306,149.059229449,Re_149p059229,mature_periodic_shedding,periodic,heldout,756.44803831,57
7307,149.059229449,Re_149p059229,mature_periodic_shedding,periodic,heldout,761.32834823,58
7308,149.059229449,Re_149p059229,mature_periodic_shedding,periodic,heldout,766.20865816,59
7309,149.059229449,Re_149p059229,mature_periodic_shedding,periodic,heldout,771.08896808,60
7310,149.059229449,Re_149p059229,mature_periodic_shedding,periodic,heldout,775.96927801,61
7311,149.059229449,Re_149p059229,mature_periodic_shedding,periodic,heldout,780.84958793,62
7312,149.059229449,Re_149p059229,mature_periodic_shedding,periodic,heldout,785.72989786,63
7313,149.059229449,Re_149p059229,mature_periodic_shedding,periodic,heldout,790.61020778,64
7314,149.059229449,Re_149p059229,mature_periodic_shedding,periodic,heldout,795.4905177,65
7315,149.059229449,Re_149p059229,mature_periodic_shedding,periodic,heldout,800.37082763,66
7316,149.059229449,Re_149p059229,mature_periodic_shedding,periodic,heldout,805.25113755,67
7317,149.059229449,Re_149p059229,mature_periodic_shedding,periodic,heldout,810.13144748,68
7318,149.059229449,Re_149p059229,mature_periodic_shedding,periodic,heldout,815.0117574,69
7319,149.059229449,Re_149p059229,mature_periodic_shedding,periodic,heldout,819.89206733,70
7320,149.059229449,Re_149p059229,mature_periodic_shedding,periodic,heldout,824.77237725,71
7321,149.059229449,Re_149p059229,mature_periodic_shedding,periodic,heldout,829.65268718,72
7322,149.059229449,Re_149p059229,mature_periodic_shedding,periodic,heldout,834.5329971,73
7323,149.059229449,Re_149p059229,mature_periodic_shedding,periodic,heldout,839.41330703,74
7324,149.059229449,Re_149p059229,mature_periodic_shedding,periodic,heldout,844.29361695,75
7325,149.059229449,Re_149p059229,mature_periodic_shedding,periodic,heldout,849.17392688,76
7326,149.059229449,Re_149p059229,mature_periodic_shedding,periodic,heldout,854.0542368,77
7327,149.059229449,Re_149p059229,mature_periodic_shedding,periodic,heldout,858.93454672,78
7328,149.059229449,Re_149p059229,mature_periodic_shedding,periodic,heldout,863.81485665,79
7329,149.059229449,Re_149p059229,mature_periodic_shedding,periodic,heldout,868.69516657,80
7330,149.059229449,Re_149p059229,mature_periodic_shedding,periodic,heldout,873.5754765,81
7331,149.059229449,Re_149p059229,mature_periodic_shedding,periodic,heldout,878.45578642,82
7332,149.059229449,Re_149p059229,mature_periodic_shedding,periodic,heldout,883.33609635,83
7333,149.059229449,Re_149p059229,mature_periodic_shedding,periodic,heldout,888.21640627,84
7334,149.059229449,Re_149p059229,mature_periodic_shedding,periodic,heldout,893.0967162,85
7335,149.059229449,Re_149p059229,mature_periodic_shedding,periodic,heldout,897.97702612,86
7336,149.059229449,Re_149p059229,mature_periodic_shedding,periodic,heldout,902.85733605,87
7337,149.059229449,Re_149p059229,mature_periodic_shedding,periodic,heldout,907.73764597,88
7338,149.059229449,Re_149p059229,mature_periodic_shedding,periodic,heldout,912.61795589,89
7339,149.059229449,Re_149p059229,mature_periodic_shedding,periodic,heldout,917.49826582,90
7340,149.059229449,Re_149p059229,mature_periodic_shedding,periodic,heldout,922.37857574,91
7341,149.059229449,Re_149p059229,mature_periodic_shedding,periodic,heldout,927.25888567,92
7342,149.059229449,Re_149p059229,mature_periodic_shedding,periodic,heldout,932.13919559,93
7343,149.059229449,Re_149p059229,mature_periodic_shedding,periodic,heldout,937.01950552,94
7344,149.059229449,Re_149p059229,mature_periodic_shedding,periodic,heldout,941.89981544,95
7345,149.059229449,Re_149p059229,mature_periodic_shedding,periodic,heldout,946.78012537,96
7346,149.059229449,Re_149p059229,mature_periodic_shedding,periodic,heldout,951.66043529,97
7347,149.059229449,Re_149p059229,mature_periodic_shedding,periodic,heldout,956.54074522,98
7348,149.059229449,Re_149p059229,mature_periodic_shedding,periodic,heldout,961.42105514,99
7349,149.059229449,Re_149p059229,mature_periodic_shedding,periodic,heldout,966.30136506,100
7350,149.059229449,Re_149p059229,mature_periodic_shedding,periodic,heldout,971.18167499,101
7351,149.059229449,Re_149p059229,mature_periodic_shedding,periodic,heldout,976.06198491,102
7352,149.059229449,Re_149p059229,mature_periodic_shedding,periodic,heldout,980.94229484,103
7353,149.059229449,Re_149p059229,mature_periodic_shedding,periodic,heldout,985.82260476,104
7354,149.059229449,Re_149p059229,mature_periodic_shedding,periodic,heldout,990.70291469,105
7355,149.059229449,Re_149p059229,mature_periodic_shedding,periodic,heldout,995.58322461,106
7356,149.059229449,Re_149p059229,mature_periodic_shedding,periodic,heldout,1000.46353454,107
7357,149.059229449,Re_149p059229,mature_periodic_shedding,periodic,heldout,1005.34384446,108
7358,149.059229449,Re_149p059229,mature_periodic_shedding,periodic,heldout,1010.22415439,109
7359,149.059229449,Re_149p059229,mature_periodic_shedding,periodic,heldout,1015.10446431,110
7360,149.059229449,Re_149p059229,mature_periodic_shedding,periodic,heldout,1019.98477424,111
7361,149.059229449,Re_149p059229,mature_periodic_shedding,periodic,heldout,1024.86508416,112
7362,149.059229449,Re_149p059229,mature_periodic_shedding,periodic,heldout,1029.74539408,113
7363,149.059229449,Re_149p059229,mature_periodic_shedding,periodic,heldout,1034.62570401,114
7364,149.059229449,Re_149p059229,mature_periodic_shedding,periodic,heldout,1039.50601393,115
7365,149.059229449,Re_149p059229,mature_periodic_shedding,periodic,heldout,1044.38632386,116
7366,149.059229449,Re_149p059229,mature_periodic_shedding,periodic,heldout,1049.26663378,117
7367,149.059229449,Re_149p059229,mature_periodic_shedding,periodic,heldout,1054.14694371,118
7368,149.059229449,Re_149p059229,mature_periodic_shedding,periodic,heldout,1059.02725363,119
7369,149.059229449,Re_149p059229,mature_periodic_shedding,periodic,heldout,1063.90756356,120
7370,149.059229449,Re_149p059229,mature_periodic_shedding,periodic,heldout,1068.78787348,121
7371,149.059229449,Re_149p059229,mature_periodic_shedding,periodic,heldout,1073.66818341,122
7372,149.059229449,Re_149p059229,mature_periodic_shedding,periodic,heldout,1078.54849333,123
7373,149.059229449,Re_149p059229,mature_periodic_shedding,periodic,heldout,1083.42880325,124
7374,149.059229449,Re_149p059229,mature_periodic_shedding,periodic,heldout,1088.30911318,125
7375,149.059229449,Re_149p059229,mature_periodic_shedding,periodic,heldout,1093.1894231,126
7376,149.059229449,Re_149p059229,mature_periodic_shedding,periodic,heldout,1098.06973303,127
7377,149.059229449,Re_149p059229,mature_periodic_shedding,periodic,heldout,1102.95004295,128
7378,149.059229449,Re_149p059229,mature_periodic_shedding,periodic,heldout,1107.83035288,129
7379,149.059229449,Re_149p059229,mature_periodic_shedding,periodic,heldout,1112.7106628,130
7380,149.059229449,Re_149p059229,mature_periodic_shedding,periodic,heldout,1117.59097273,131
7381,149.059229449,Re_149p059229,mature_periodic_shedding,periodic,heldout,1122.47128265,132
7382,149.059229449,Re_149p059229,mature_periodic_shedding,periodic,heldout,1127.35159258,133
7383,149.059229449,Re_149p059229,mature_periodic_shedding,periodic,heldout,1132.2319025,134
7384,149.059229449,Re_149p059229,mature_periodic_shedding,periodic,heldout,1137.11221242,135
7385,149.059229449,Re_149p059229,mature_periodic_shedding,periodic,heldout,1141.99252235,136
7386,149.059229449,Re_149p059229,mature_periodic_shedding,periodic,heldout,1146.87283227,137
7387,149.059229449,Re_149p059229,mature_periodic_shedding,periodic,heldout,1151.7531422,138
7388,149.059229449,Re_149p059229,mature_periodic_shedding,periodic,heldout,1156.63345212,139
7389,149.059229449,Re_149p059229,mature_periodic_shedding,periodic,heldout,1161.51376205,140
7390,149.059229449,Re_149p059229,mature_periodic_shedding,periodic,heldout,1166.39407197,141
7391,149.059229449,Re_149p059229,mature_periodic_shedding,periodic,heldout,1171.2743819,142
7392,149.059229449,Re_149p059229,mature_periodic_shedding,periodic,heldout,1176.15469182,143
7393,149.059229449,Re_149p059229,mature_periodic_shedding,periodic,heldout,1181.03500175,144
7394,149.059229449,Re_149p059229,mature_periodic_shedding,periodic,heldout,1185.91531167,145
7395,149.059229449,Re_149p059229,mature_periodic_shedding,periodic,heldout,1190.7956216,146
7396,149.059229449,Re_149p059229,mature_periodic_shedding,periodic,heldout,1195.67593152,147
7397,149.059229449,Re_149p059229,mature_periodic_shedding,periodic,heldout,1200.55624144,148
7398,149.059229449,Re_149p059229,mature_periodic_shedding,periodic,heldout,1205.43655137,149
7399,149.059229449,Re_149p059229,mature_periodic_shedding,periodic,heldout,1210.31686129,150
7400,149.059229449,Re_149p059229,mature_periodic_shedding,periodic,heldout,1215.19717122,151
7401,149.059229449,Re_149p059229,mature_periodic_shedding,periodic,heldout,1220.07748114,152
7402,149.059229449,Re_149p059229,mature_periodic_shedding,periodic,heldout,1224.95779107,153
7403,149.059229449,Re_149p059229,mature_periodic_shedding,periodic,heldout,1229.83810099,154
7404,149.059229449,Re_149p059229,mature_periodic_shedding,periodic,heldout,1234.71841092,155
7405,149.059229449,Re_149p059229,mature_periodic_shedding,periodic,heldout,1239.59872084,156
7406,149.059229449,Re_149p059229,mature_periodic_shedding,periodic,heldout,1244.47903077,157
7407,149.059229449,Re_149p059229,mature_periodic_shedding,periodic,heldout,1249.35934069,158
7408,149.059229449,Re_149p059229,mature_periodic_shedding,periodic,heldout,1254.23965061,159
7409,149.059229449,Re_149p059229,mature_periodic_shedding,periodic,heldout,1259.11996054,160
7410,151.686208001,Re_151p686208,high_re_2d_periodic_near_modeA,periodic,train,480.0,0
7411,151.686208001,Re_151p686208,high_re_2d_periodic_near_modeA,periodic,train,483.10067566,1
7412,151.686208001,Re_151p686208,high_re_2d_periodic_near_modeA,periodic,train,487.88385066,2
7413,151.686208001,Re_151p686208,high_re_2d_periodic_near_modeA,periodic,train,492.66702567,3
7414,151.686208001,Re_151p686208,high_re_2d_periodic_near_modeA,periodic,train,497.45020067,4
7415,151.686208001,Re_151p686208,high_re_2d_periodic_near_modeA,periodic,train,502.23337568,5
7416,151.686208001,Re_151p686208,high_re_2d_periodic_near_modeA,periodic,train,507.01655069,6
7417,151.686208001,Re_151p686208,high_re_2d_periodic_near_modeA,periodic,train,511.79972569,7
7418,151.686208001,Re_151p686208,high_re_2d_periodic_near_modeA,periodic,train,516.5829007,8
7419,151.686208001,Re_151p686208,high_re_2d_periodic_near_modeA,periodic,train,521.36607571,9
7420,151.686208001,Re_151p686208,high_re_2d_periodic_near_modeA,periodic,train,526.14925071,10
7421,151.686208001,Re_151p686208,high_re_2d_periodic_near_modeA,periodic,train,530.93242572,11
7422,151.686208001,Re_151p686208,high_re_2d_periodic_near_modeA,periodic,train,535.71560073,12
7423,151.686208001,Re_151p686208,high_re_2d_periodic_near_modeA,periodic,train,540.49877573,13
7424,151.686208001,Re_151p686208,high_re_2d_periodic_near_modeA,periodic,train,545.28195074,14
7425,151.686208001,Re_151p686208,high_re_2d_periodic_near_modeA,periodic,train,550.06512575,15
7426,151.686208001,Re_151p686208,high_re_2d_periodic_near_modeA,periodic,train,554.84830075,16
7427,151.686208001,Re_151p686208,high_re_2d_periodic_near_modeA,periodic,train,559.63147576,17
7428,151.686208001,Re_151p686208,high_re_2d_periodic_near_modeA,periodic,train,564.41465077,18
7429,151.686208001,Re_151p686208,high_re_2d_periodic_near_modeA,periodic,train,569.19782577,19
7430,151.686208001,Re_151p686208,high_re_2d_periodic_near_modeA,periodic,train,573.98100078,20
7431,151.686208001,Re_151p686208,high_re_2d_periodic_near_modeA,periodic,train,578.76417579,21
7432,151.686208001,Re_151p686208,high_re_2d_periodic_near_modeA,periodic,train,583.54735079,22
7433,151.686208001,Re_151p686208,high_re_2d_periodic_near_modeA,periodic,train,588.3305258,23
7434,151.686208001,Re_151p686208,high_re_2d_periodic_near_modeA,periodic,train,593.1137008,24
7435,151.686208001,Re_151p686208,high_re_2d_periodic_near_modeA,periodic,train,597.89687581,25
7436,151.686208001,Re_151p686208,high_re_2d_periodic_near_modeA,periodic,train,602.68005082,26
7437,151.686208001,Re_151p686208,high_re_2d_periodic_near_modeA,periodic,train,607.46322582,27
7438,151.686208001,Re_151p686208,high_re_2d_periodic_near_modeA,periodic,train,612.24640083,28
7439,151.686208001,Re_151p686208,high_re_2d_periodic_near_modeA,periodic,train,617.02957584,29
7440,151.686208001,Re_151p686208,high_re_2d_periodic_near_modeA,periodic,train,621.81275084,30
7441,151.686208001,Re_151p686208,high_re_2d_periodic_near_modeA,periodic,train,626.59592585,31
7442,151.686208001,Re_151p686208,high_re_2d_periodic_near_modeA,periodic,train,631.37910086,32
7443,151.686208001,Re_151p686208,high_re_2d_periodic_near_modeA,periodic,train,636.16227586,33
7444,151.686208001,Re_151p686208,high_re_2d_periodic_near_modeA,periodic,train,640.94545087,34
7445,151.686208001,Re_151p686208,high_re_2d_periodic_near_modeA,periodic,train,645.72862588,35
7446,151.686208001,Re_151p686208,high_re_2d_periodic_near_modeA,periodic,train,650.51180088,36
7447,151.686208001,Re_151p686208,high_re_2d_periodic_near_modeA,periodic,train,655.29497589,37
7448,151.686208001,Re_151p686208,high_re_2d_periodic_near_modeA,periodic,train,660.0781509,38
7449,151.686208001,Re_151p686208,high_re_2d_periodic_near_modeA,periodic,train,664.8613259,39
7450,151.686208001,Re_151p686208,high_re_2d_periodic_near_modeA,periodic,train,669.64450091,40
7451,151.686208001,Re_151p686208,high_re_2d_periodic_near_modeA,periodic,train,674.42767592,41
7452,151.686208001,Re_151p686208,high_re_2d_periodic_near_modeA,periodic,train,679.21085092,42
7453,151.686208001,Re_151p686208,high_re_2d_periodic_near_modeA,periodic,train,683.99402593,43
7454,151.686208001,Re_151p686208,high_re_2d_periodic_near_modeA,periodic,train,688.77720093,44
7455,151.686208001,Re_151p686208,high_re_2d_periodic_near_modeA,periodic,train,693.56037594,45
7456,151.686208001,Re_151p686208,high_re_2d_periodic_near_modeA,periodic,train,698.34355095,46
7457,151.686208001,Re_151p686208,high_re_2d_periodic_near_modeA,periodic,train,703.12672595,47
7458,151.686208001,Re_151p686208,high_re_2d_periodic_near_modeA,periodic,train,707.90990096,48
7459,151.686208001,Re_151p686208,high_re_2d_periodic_near_modeA,periodic,train,712.69307597,49
7460,151.686208001,Re_151p686208,high_re_2d_periodic_near_modeA,periodic,train,717.47625097,50
7461,151.686208001,Re_151p686208,high_re_2d_periodic_near_modeA,periodic,train,722.25942598,51
7462,151.686208001,Re_151p686208,high_re_2d_periodic_near_modeA,periodic,train,727.04260099,52
7463,151.686208001,Re_151p686208,high_re_2d_periodic_near_modeA,periodic,train,731.82577599,53
7464,151.686208001,Re_151p686208,high_re_2d_periodic_near_modeA,periodic,train,736.608951,54
7465,151.686208001,Re_151p686208,high_re_2d_periodic_near_modeA,periodic,train,741.39212601,55
7466,151.686208001,Re_151p686208,high_re_2d_periodic_near_modeA,periodic,train,746.17530101,56
7467,151.686208001,Re_151p686208,high_re_2d_periodic_near_modeA,periodic,train,750.95847602,57
7468,151.686208001,Re_151p686208,high_re_2d_periodic_near_modeA,periodic,train,755.74165103,58
7469,151.686208001,Re_151p686208,high_re_2d_periodic_near_modeA,periodic,train,760.52482603,59
7470,151.686208001,Re_151p686208,high_re_2d_periodic_near_modeA,periodic,train,765.30800104,60
7471,151.686208001,Re_151p686208,high_re_2d_periodic_near_modeA,periodic,train,770.09117604,61
7472,151.686208001,Re_151p686208,high_re_2d_periodic_near_modeA,periodic,train,774.87435105,62
7473,151.686208001,Re_151p686208,high_re_2d_periodic_near_modeA,periodic,train,779.65752606,63
7474,151.686208001,Re_151p686208,high_re_2d_periodic_near_modeA,periodic,train,784.44070106,64
7475,151.686208001,Re_151p686208,high_re_2d_periodic_near_modeA,periodic,train,789.22387607,65
7476,151.686208001,Re_151p686208,high_re_2d_periodic_near_modeA,periodic,train,794.00705108,66
7477,151.686208001,Re_151p686208,high_re_2d_periodic_near_modeA,periodic,train,798.79022608,67
7478,151.686208001,Re_151p686208,high_re_2d_periodic_near_modeA,periodic,train,803.57340109,68
7479,151.686208001,Re_151p686208,high_re_2d_periodic_near_modeA,periodic,train,808.3565761,69
7480,151.686208001,Re_151p686208,high_re_2d_periodic_near_modeA,periodic,train,813.1397511,70
7481,151.686208001,Re_151p686208,high_re_2d_periodic_near_modeA,periodic,train,817.92292611,71
7482,151.686208001,Re_151p686208,high_re_2d_periodic_near_modeA,periodic,train,822.70610112,72
7483,151.686208001,Re_151p686208,high_re_2d_periodic_near_modeA,periodic,train,827.48927612,73
7484,151.686208001,Re_151p686208,high_re_2d_periodic_near_modeA,periodic,train,832.27245113,74
7485,151.686208001,Re_151p686208,high_re_2d_periodic_near_modeA,periodic,train,837.05562614,75
7486,151.686208001,Re_151p686208,high_re_2d_periodic_near_modeA,periodic,train,841.83880114,76
7487,151.686208001,Re_151p686208,high_re_2d_periodic_near_modeA,periodic,train,846.62197615,77
7488,151.686208001,Re_151p686208,high_re_2d_periodic_near_modeA,periodic,train,851.40515116,78
7489,151.686208001,Re_151p686208,high_re_2d_periodic_near_modeA,periodic,train,856.18832616,79
7490,151.686208001,Re_151p686208,high_re_2d_periodic_near_modeA,periodic,train,860.97150117,80
7491,151.686208001,Re_151p686208,high_re_2d_periodic_near_modeA,periodic,train,865.75467617,81
7492,151.686208001,Re_151p686208,high_re_2d_periodic_near_modeA,periodic,train,870.53785118,82
7493,151.686208001,Re_151p686208,high_re_2d_periodic_near_modeA,periodic,train,875.32102619,83
7494,151.686208001,Re_151p686208,high_re_2d_periodic_near_modeA,periodic,train,880.10420119,84
7495,151.686208001,Re_151p686208,high_re_2d_periodic_near_modeA,periodic,train,884.8873762,85
7496,151.686208001,Re_151p686208,high_re_2d_periodic_near_modeA,periodic,train,889.67055121,86
7497,151.686208001,Re_151p686208,high_re_2d_periodic_near_modeA,periodic,train,894.45372621,87
7498,151.686208001,Re_151p686208,high_re_2d_periodic_near_modeA,periodic,train,899.23690122,88
7499,151.686208001,Re_151p686208,high_re_2d_periodic_near_modeA,periodic,train,904.02007623,89
7500,151.686208001,Re_151p686208,high_re_2d_periodic_near_modeA,periodic,train,908.80325123,90
7501,151.686208001,Re_151p686208,high_re_2d_periodic_near_modeA,periodic,train,913.58642624,91
7502,151.686208001,Re_151p686208,high_re_2d_periodic_near_modeA,periodic,train,918.36960125,92
7503,151.686208001,Re_151p686208,high_re_2d_periodic_near_modeA,periodic,train,923.15277625,93
7504,151.686208001,Re_151p686208,high_re_2d_periodic_near_modeA,periodic,train,927.93595126,94
7505,151.686208001,Re_151p686208,high_re_2d_periodic_near_modeA,periodic,train,932.71912627,95
7506,151.686208001,Re_151p686208,high_re_2d_periodic_near_modeA,periodic,train,937.50230127,96
7507,151.686208001,Re_151p686208,high_re_2d_periodic_near_modeA,periodic,train,942.28547628,97
7508,151.686208001,Re_151p686208,high_re_2d_periodic_near_modeA,periodic,train,947.06865129,98
7509,151.686208001,Re_151p686208,high_re_2d_periodic_near_modeA,periodic,train,951.85182629,99
7510,151.686208001,Re_151p686208,high_re_2d_periodic_near_modeA,periodic,train,956.6350013,100
7511,151.686208001,Re_151p686208,high_re_2d_periodic_near_modeA,periodic,train,961.4181763,101
7512,151.686208001,Re_151p686208,high_re_2d_periodic_near_modeA,periodic,train,966.20135131,102
7513,151.686208001,Re_151p686208,high_re_2d_periodic_near_modeA,periodic,train,970.98452632,103
7514,151.686208001,Re_151p686208,high_re_2d_periodic_near_modeA,periodic,train,975.76770132,104
7515,151.686208001,Re_151p686208,high_re_2d_periodic_near_modeA,periodic,train,980.55087633,105
7516,151.686208001,Re_151p686208,high_re_2d_periodic_near_modeA,periodic,train,985.33405134,106
7517,151.686208001,Re_151p686208,high_re_2d_periodic_near_modeA,periodic,train,990.11722634,107
7518,151.686208001,Re_151p686208,high_re_2d_periodic_near_modeA,periodic,train,994.90040135,108
7519,151.686208001,Re_151p686208,high_re_2d_periodic_near_modeA,periodic,train,999.68357636,109
7520,151.686208001,Re_151p686208,high_re_2d_periodic_near_modeA,periodic,train,1004.46675136,110
7521,151.686208001,Re_151p686208,high_re_2d_periodic_near_modeA,periodic,train,1009.24992637,111
7522,151.686208001,Re_151p686208,high_re_2d_periodic_near_modeA,periodic,train,1014.03310138,112
7523,151.686208001,Re_151p686208,high_re_2d_periodic_near_modeA,periodic,train,1018.81627638,113
7524,151.686208001,Re_151p686208,high_re_2d_periodic_near_modeA,periodic,train,1023.59945139,114
7525,151.686208001,Re_151p686208,high_re_2d_periodic_near_modeA,periodic,train,1028.3826264,115
7526,151.686208001,Re_151p686208,high_re_2d_periodic_near_modeA,periodic,train,1033.1658014,116
7527,151.686208001,Re_151p686208,high_re_2d_periodic_near_modeA,periodic,train,1037.94897641,117
7528,151.686208001,Re_151p686208,high_re_2d_periodic_near_modeA,periodic,train,1042.73215141,118
7529,151.686208001,Re_151p686208,high_re_2d_periodic_near_modeA,periodic,train,1047.51532642,119
7530,151.686208001,Re_151p686208,high_re_2d_periodic_near_modeA,periodic,train,1052.29850143,120
7531,151.686208001,Re_151p686208,high_re_2d_periodic_near_modeA,periodic,train,1057.08167643,121
7532,151.686208001,Re_151p686208,high_re_2d_periodic_near_modeA,periodic,train,1061.86485144,122
7533,151.686208001,Re_151p686208,high_re_2d_periodic_near_modeA,periodic,train,1066.64802645,123
7534,151.686208001,Re_151p686208,high_re_2d_periodic_near_modeA,periodic,train,1071.43120145,124
7535,151.686208001,Re_151p686208,high_re_2d_periodic_near_modeA,periodic,train,1076.21437646,125
7536,151.686208001,Re_151p686208,high_re_2d_periodic_near_modeA,periodic,train,1080.99755147,126
7537,151.686208001,Re_151p686208,high_re_2d_periodic_near_modeA,periodic,train,1085.78072647,127
7538,151.686208001,Re_151p686208,high_re_2d_periodic_near_modeA,periodic,train,1090.56390148,128
7539,151.686208001,Re_151p686208,high_re_2d_periodic_near_modeA,periodic,train,1095.34707649,129
7540,151.686208001,Re_151p686208,high_re_2d_periodic_near_modeA,periodic,train,1100.13025149,130
7541,151.686208001,Re_151p686208,high_re_2d_periodic_near_modeA,periodic,train,1104.9134265,131
7542,151.686208001,Re_151p686208,high_re_2d_periodic_near_modeA,periodic,train,1109.69660151,132
7543,151.686208001,Re_151p686208,high_re_2d_periodic_near_modeA,periodic,train,1114.47977651,133
7544,151.686208001,Re_151p686208,high_re_2d_periodic_near_modeA,periodic,train,1119.26295152,134
7545,151.686208001,Re_151p686208,high_re_2d_periodic_near_modeA,periodic,train,1124.04612653,135
7546,151.686208001,Re_151p686208,high_re_2d_periodic_near_modeA,periodic,train,1128.82930153,136
7547,151.686208001,Re_151p686208,high_re_2d_periodic_near_modeA,periodic,train,1133.61247654,137
7548,151.686208001,Re_151p686208,high_re_2d_periodic_near_modeA,periodic,train,1138.39565154,138
7549,151.686208001,Re_151p686208,high_re_2d_periodic_near_modeA,periodic,train,1143.17882655,139
7550,151.686208001,Re_151p686208,high_re_2d_periodic_near_modeA,periodic,train,1147.96200156,140
7551,151.686208001,Re_151p686208,high_re_2d_periodic_near_modeA,periodic,train,1152.74517656,141
7552,151.686208001,Re_151p686208,high_re_2d_periodic_near_modeA,periodic,train,1157.52835157,142
7553,151.686208001,Re_151p686208,high_re_2d_periodic_near_modeA,periodic,train,1162.31152658,143
7554,151.686208001,Re_151p686208,high_re_2d_periodic_near_modeA,periodic,train,1167.09470158,144
7555,151.686208001,Re_151p686208,high_re_2d_periodic_near_modeA,periodic,train,1171.87787659,145
7556,151.686208001,Re_151p686208,high_re_2d_periodic_near_modeA,periodic,train,1176.6610516,146
7557,151.686208001,Re_151p686208,high_re_2d_periodic_near_modeA,periodic,train,1181.4442266,147
7558,151.686208001,Re_151p686208,high_re_2d_periodic_near_modeA,periodic,train,1186.22740161,148
7559,151.686208001,Re_151p686208,high_re_2d_periodic_near_modeA,periodic,train,1191.01057662,149
7560,151.686208001,Re_151p686208,high_re_2d_periodic_near_modeA,periodic,train,1195.79375162,150
7561,151.686208001,Re_151p686208,high_re_2d_periodic_near_modeA,periodic,train,1200.57692663,151
7562,151.686208001,Re_151p686208,high_re_2d_periodic_near_modeA,periodic,train,1205.36010164,152
7563,151.686208001,Re_151p686208,high_re_2d_periodic_near_modeA,periodic,train,1210.14327664,153
7564,151.686208001,Re_151p686208,high_re_2d_periodic_near_modeA,periodic,train,1214.92645165,154
7565,151.686208001,Re_151p686208,high_re_2d_periodic_near_modeA,periodic,train,1219.70962665,155
7566,151.686208001,Re_151p686208,high_re_2d_periodic_near_modeA,periodic,train,1224.49280166,156
7567,151.686208001,Re_151p686208,high_re_2d_periodic_near_modeA,periodic,train,1229.27597667,157
7568,151.686208001,Re_151p686208,high_re_2d_periodic_near_modeA,periodic,train,1234.05915167,158
7569,151.686208001,Re_151p686208,high_re_2d_periodic_near_modeA,periodic,train,1238.84232668,159
7570,151.686208001,Re_151p686208,high_re_2d_periodic_near_modeA,periodic,train,1243.62550169,160
7571,154.520851959,Re_154p520852,high_re_2d_periodic_near_modeA,periodic,train,480.0,0
7572,154.520851959,Re_154p520852,high_re_2d_periodic_near_modeA,periodic,train,482.30857156,1
7573,154.520851959,Re_154p520852,high_re_2d_periodic_near_modeA,periodic,train,486.99117906,2
7574,154.520851959,Re_154p520852,high_re_2d_periodic_near_modeA,periodic,train,491.67378655,3
7575,154.520851959,Re_154p520852,high_re_2d_periodic_near_modeA,periodic,train,496.35639404,4
7576,154.520851959,Re_154p520852,high_re_2d_periodic_near_modeA,periodic,train,501.03900153,5
7577,154.520851959,Re_154p520852,high_re_2d_periodic_near_modeA,periodic,train,505.72160902,6
7578,154.520851959,Re_154p520852,high_re_2d_periodic_near_modeA,periodic,train,510.40421651,7
7579,154.520851959,Re_154p520852,high_re_2d_periodic_near_modeA,periodic,train,515.086824,8
7580,154.520851959,Re_154p520852,high_re_2d_periodic_near_modeA,periodic,train,519.76943149,9
7581,154.520851959,Re_154p520852,high_re_2d_periodic_near_modeA,periodic,train,524.45203898,10
7582,154.520851959,Re_154p520852,high_re_2d_periodic_near_modeA,periodic,train,529.13464647,11
7583,154.520851959,Re_154p520852,high_re_2d_periodic_near_modeA,periodic,train,533.81725396,12
7584,154.520851959,Re_154p520852,high_re_2d_periodic_near_modeA,periodic,train,538.49986146,13
7585,154.520851959,Re_154p520852,high_re_2d_periodic_near_modeA,periodic,train,543.18246895,14
7586,154.520851959,Re_154p520852,high_re_2d_periodic_near_modeA,periodic,train,547.86507644,15
7587,154.520851959,Re_154p520852,high_re_2d_periodic_near_modeA,periodic,train,552.54768393,16
7588,154.520851959,Re_154p520852,high_re_2d_periodic_near_modeA,periodic,train,557.23029142,17
7589,154.520851959,Re_154p520852,high_re_2d_periodic_near_modeA,periodic,train,561.91289891,18
7590,154.520851959,Re_154p520852,high_re_2d_periodic_near_modeA,periodic,train,566.5955064,19
7591,154.520851959,Re_154p520852,high_re_2d_periodic_near_modeA,periodic,train,571.27811389,20
7592,154.520851959,Re_154p520852,high_re_2d_periodic_near_modeA,periodic,train,575.96072138,21
7593,154.520851959,Re_154p520852,high_re_2d_periodic_near_modeA,periodic,train,580.64332887,22
7594,154.520851959,Re_154p520852,high_re_2d_periodic_near_modeA,periodic,train,585.32593636,23
7595,154.520851959,Re_154p520852,high_re_2d_periodic_near_modeA,periodic,train,590.00854386,24
7596,154.520851959,Re_154p520852,high_re_2d_periodic_near_modeA,periodic,train,594.69115135,25
7597,154.520851959,Re_154p520852,high_re_2d_periodic_near_modeA,periodic,train,599.37375884,26
7598,154.520851959,Re_154p520852,high_re_2d_periodic_near_modeA,periodic,train,604.05636633,27
7599,154.520851959,Re_154p520852,high_re_2d_periodic_near_modeA,periodic,train,608.73897382,28
7600,154.520851959,Re_154p520852,high_re_2d_periodic_near_modeA,periodic,train,613.42158131,29
7601,154.520851959,Re_154p520852,high_re_2d_periodic_near_modeA,periodic,train,618.1041888,30
7602,154.520851959,Re_154p520852,high_re_2d_periodic_near_modeA,periodic,train,622.78679629,31
7603,154.520851959,Re_154p520852,high_re_2d_periodic_near_modeA,periodic,train,627.46940378,32
7604,154.520851959,Re_154p520852,high_re_2d_periodic_near_modeA,periodic,train,632.15201127,33
7605,154.520851959,Re_154p520852,high_re_2d_periodic_near_modeA,periodic,train,636.83461877,34
7606,154.520851959,Re_154p520852,high_re_2d_periodic_near_modeA,periodic,train,641.51722626,35
7607,154.520851959,Re_154p520852,high_re_2d_periodic_near_modeA,periodic,train,646.19983375,36
7608,154.520851959,Re_154p520852,high_re_2d_periodic_near_modeA,periodic,train,650.88244124,37
7609,154.520851959,Re_154p520852,high_re_2d_periodic_near_modeA,periodic,train,655.56504873,38
7610,154.520851959,Re_154p520852,high_re_2d_periodic_near_modeA,periodic,train,660.24765622,39
7611,154.520851959,Re_154p520852,high_re_2d_periodic_near_modeA,periodic,train,664.93026371,40
7612,154.520851959,Re_154p520852,high_re_2d_periodic_near_modeA,periodic,train,669.6128712,41
7613,154.520851959,Re_154p520852,high_re_2d_periodic_near_modeA,periodic,train,674.29547869,42
7614,154.520851959,Re_154p520852,high_re_2d_periodic_near_modeA,periodic,train,678.97808618,43
7615,154.520851959,Re_154p520852,high_re_2d_periodic_near_modeA,periodic,train,683.66069367,44
7616,154.520851959,Re_154p520852,high_re_2d_periodic_near_modeA,periodic,train,688.34330117,45
7617,154.520851959,Re_154p520852,high_re_2d_periodic_near_modeA,periodic,train,693.02590866,46
7618,154.520851959,Re_154p520852,high_re_2d_periodic_near_modeA,periodic,train,697.70851615,47
7619,154.520851959,Re_154p520852,high_re_2d_periodic_near_modeA,periodic,train,702.39112364,48
7620,154.520851959,Re_154p520852,high_re_2d_periodic_near_modeA,periodic,train,707.07373113,49
7621,154.520851959,Re_154p520852,high_re_2d_periodic_near_modeA,periodic,train,711.75633862,50
7622,154.520851959,Re_154p520852,high_re_2d_periodic_near_modeA,periodic,train,716.43894611,51
7623,154.520851959,Re_154p520852,high_re_2d_periodic_near_modeA,periodic,train,721.1215536,52
7624,154.520851959,Re_154p520852,high_re_2d_periodic_near_modeA,periodic,train,725.80416109,53
7625,154.520851959,Re_154p520852,high_re_2d_periodic_near_modeA,periodic,train,730.48676858,54
7626,154.520851959,Re_154p520852,high_re_2d_periodic_near_modeA,periodic,train,735.16937607,55
7627,154.520851959,Re_154p520852,high_re_2d_periodic_near_modeA,periodic,train,739.85198357,56
7628,154.520851959,Re_154p520852,high_re_2d_periodic_near_modeA,periodic,train,744.53459106,57
7629,154.520851959,Re_154p520852,high_re_2d_periodic_near_modeA,periodic,train,749.21719855,58
7630,154.520851959,Re_154p520852,high_re_2d_periodic_near_modeA,periodic,train,753.89980604,59
7631,154.520851959,Re_154p520852,high_re_2d_periodic_near_modeA,periodic,train,758.58241353,60
7632,154.520851959,Re_154p520852,high_re_2d_periodic_near_modeA,periodic,train,763.26502102,61
7633,154.520851959,Re_154p520852,high_re_2d_periodic_near_modeA,periodic,train,767.94762851,62
7634,154.520851959,Re_154p520852,high_re_2d_periodic_near_modeA,periodic,train,772.630236,63
7635,154.520851959,Re_154p520852,high_re_2d_periodic_near_modeA,periodic,train,777.31284349,64
7636,154.520851959,Re_154p520852,high_re_2d_periodic_near_modeA,periodic,train,781.99545098,65
7637,154.520851959,Re_154p520852,high_re_2d_periodic_near_modeA,periodic,train,786.67805847,66
7638,154.520851959,Re_154p520852,high_re_2d_periodic_near_modeA,periodic,train,791.36066597,67
7639,154.520851959,Re_154p520852,high_re_2d_periodic_near_modeA,periodic,train,796.04327346,68
7640,154.520851959,Re_154p520852,high_re_2d_periodic_near_modeA,periodic,train,800.72588095,69
7641,154.520851959,Re_154p520852,high_re_2d_periodic_near_modeA,periodic,train,805.40848844,70
7642,154.520851959,Re_154p520852,high_re_2d_periodic_near_modeA,periodic,train,810.09109593,71
7643,154.520851959,Re_154p520852,high_re_2d_periodic_near_modeA,periodic,train,814.77370342,72
7644,154.520851959,Re_154p520852,high_re_2d_periodic_near_modeA,periodic,train,819.45631091,73
7645,154.520851959,Re_154p520852,high_re_2d_periodic_near_modeA,periodic,train,824.1389184,74
7646,154.520851959,Re_154p520852,high_re_2d_periodic_near_modeA,periodic,train,828.82152589,75
7647,154.520851959,Re_154p520852,high_re_2d_periodic_near_modeA,periodic,train,833.50413338,76
7648,154.520851959,Re_154p520852,high_re_2d_periodic_near_modeA,periodic,train,838.18674087,77
7649,154.520851959,Re_154p520852,high_re_2d_periodic_near_modeA,periodic,train,842.86934837,78
7650,154.520851959,Re_154p520852,high_re_2d_periodic_near_modeA,periodic,train,847.55195586,79
7651,154.520851959,Re_154p520852,high_re_2d_periodic_near_modeA,periodic,train,852.23456335,80
7652,154.520851959,Re_154p520852,high_re_2d_periodic_near_modeA,periodic,train,856.91717084,81
7653,154.520851959,Re_154p520852,high_re_2d_periodic_near_modeA,periodic,train,861.59977833,82
7654,154.520851959,Re_154p520852,high_re_2d_periodic_near_modeA,periodic,train,866.28238582,83
7655,154.520851959,Re_154p520852,high_re_2d_periodic_near_modeA,periodic,train,870.96499331,84
7656,154.520851959,Re_154p520852,high_re_2d_periodic_near_modeA,periodic,train,875.6476008,85
7657,154.520851959,Re_154p520852,high_re_2d_periodic_near_modeA,periodic,train,880.33020829,86
7658,154.520851959,Re_154p520852,high_re_2d_periodic_near_modeA,periodic,train,885.01281578,87
7659,154.520851959,Re_154p520852,high_re_2d_periodic_near_modeA,periodic,train,889.69542327,88
7660,154.520851959,Re_154p520852,high_re_2d_periodic_near_modeA,periodic,train,894.37803077,89
7661,154.520851959,Re_154p520852,high_re_2d_periodic_near_modeA,periodic,train,899.06063826,90
7662,154.520851959,Re_154p520852,high_re_2d_periodic_near_modeA,periodic,train,903.74324575,91
7663,154.520851959,Re_154p520852,high_re_2d_periodic_near_modeA,periodic,train,908.42585324,92
7664,154.520851959,Re_154p520852,high_re_2d_periodic_near_modeA,periodic,train,913.10846073,93
7665,154.520851959,Re_154p520852,high_re_2d_periodic_near_modeA,periodic,train,917.79106822,94
7666,154.520851959,Re_154p520852,high_re_2d_periodic_near_modeA,periodic,train,922.47367571,95
7667,154.520851959,Re_154p520852,high_re_2d_periodic_near_modeA,periodic,train,927.1562832,96
7668,154.520851959,Re_154p520852,high_re_2d_periodic_near_modeA,periodic,train,931.83889069,97
7669,154.520851959,Re_154p520852,high_re_2d_periodic_near_modeA,periodic,train,936.52149818,98
7670,154.520851959,Re_154p520852,high_re_2d_periodic_near_modeA,periodic,train,941.20410567,99
7671,154.520851959,Re_154p520852,high_re_2d_periodic_near_modeA,periodic,train,945.88671317,100
7672,154.520851959,Re_154p520852,high_re_2d_periodic_near_modeA,periodic,train,950.56932066,101
7673,154.520851959,Re_154p520852,high_re_2d_periodic_near_modeA,periodic,train,955.25192815,102
7674,154.520851959,Re_154p520852,high_re_2d_periodic_near_modeA,periodic,train,959.93453564,103
7675,154.520851959,Re_154p520852,high_re_2d_periodic_near_modeA,periodic,train,964.61714313,104
7676,154.520851959,Re_154p520852,high_re_2d_periodic_near_modeA,periodic,train,969.29975062,105
7677,154.520851959,Re_154p520852,high_re_2d_periodic_near_modeA,periodic,train,973.98235811,106
7678,154.520851959,Re_154p520852,high_re_2d_periodic_near_modeA,periodic,train,978.6649656,107
7679,154.520851959,Re_154p520852,high_re_2d_periodic_near_modeA,periodic,train,983.34757309,108
7680,154.520851959,Re_154p520852,high_re_2d_periodic_near_modeA,periodic,train,988.03018058,109
7681,154.520851959,Re_154p520852,high_re_2d_periodic_near_modeA,periodic,train,992.71278808,110
7682,154.520851959,Re_154p520852,high_re_2d_periodic_near_modeA,periodic,train,997.39539557,111
7683,154.520851959,Re_154p520852,high_re_2d_periodic_near_modeA,periodic,train,1002.07800306,112
7684,154.520851959,Re_154p520852,high_re_2d_periodic_near_modeA,periodic,train,1006.76061055,113
7685,154.520851959,Re_154p520852,high_re_2d_periodic_near_modeA,periodic,train,1011.44321804,114
7686,154.520851959,Re_154p520852,high_re_2d_periodic_near_modeA,periodic,train,1016.12582553,115
7687,154.520851959,Re_154p520852,high_re_2d_periodic_near_modeA,periodic,train,1020.80843302,116
7688,154.520851959,Re_154p520852,high_re_2d_periodic_near_modeA,periodic,train,1025.49104051,117
7689,154.520851959,Re_154p520852,high_re_2d_periodic_near_modeA,periodic,train,1030.173648,118
7690,154.520851959,Re_154p520852,high_re_2d_periodic_near_modeA,periodic,train,1034.85625549,119
7691,154.520851959,Re_154p520852,high_re_2d_periodic_near_modeA,periodic,train,1039.53886298,120
7692,154.520851959,Re_154p520852,high_re_2d_periodic_near_modeA,periodic,train,1044.22147048,121
7693,154.520851959,Re_154p520852,high_re_2d_periodic_near_modeA,periodic,train,1048.90407797,122
7694,154.520851959,Re_154p520852,high_re_2d_periodic_near_modeA,periodic,train,1053.58668546,123
7695,154.520851959,Re_154p520852,high_re_2d_periodic_near_modeA,periodic,train,1058.26929295,124
7696,154.520851959,Re_154p520852,high_re_2d_periodic_near_modeA,periodic,train,1062.95190044,125
7697,154.520851959,Re_154p520852,high_re_2d_periodic_near_modeA,periodic,train,1067.63450793,126
7698,154.520851959,Re_154p520852,high_re_2d_periodic_near_modeA,periodic,train,1072.31711542,127
7699,154.520851959,Re_154p520852,high_re_2d_periodic_near_modeA,periodic,train,1076.99972291,128
7700,154.520851959,Re_154p520852,high_re_2d_periodic_near_modeA,periodic,train,1081.6823304,129
7701,154.520851959,Re_154p520852,high_re_2d_periodic_near_modeA,periodic,train,1086.36493789,130
7702,154.520851959,Re_154p520852,high_re_2d_periodic_near_modeA,periodic,train,1091.04754538,131
7703,154.520851959,Re_154p520852,high_re_2d_periodic_near_modeA,periodic,train,1095.73015288,132
7704,154.520851959,Re_154p520852,high_re_2d_periodic_near_modeA,periodic,train,1100.41276037,133
7705,154.520851959,Re_154p520852,high_re_2d_periodic_near_modeA,periodic,train,1105.09536786,134
7706,154.520851959,Re_154p520852,high_re_2d_periodic_near_modeA,periodic,train,1109.77797535,135
7707,154.520851959,Re_154p520852,high_re_2d_periodic_near_modeA,periodic,train,1114.46058284,136
7708,154.520851959,Re_154p520852,high_re_2d_periodic_near_modeA,periodic,train,1119.14319033,137
7709,154.520851959,Re_154p520852,high_re_2d_periodic_near_modeA,periodic,train,1123.82579782,138
7710,154.520851959,Re_154p520852,high_re_2d_periodic_near_modeA,periodic,train,1128.50840531,139
7711,154.520851959,Re_154p520852,high_re_2d_periodic_near_modeA,periodic,train,1133.1910128,140
7712,154.520851959,Re_154p520852,high_re_2d_periodic_near_modeA,periodic,train,1137.87362029,141
7713,154.520851959,Re_154p520852,high_re_2d_periodic_near_modeA,periodic,train,1142.55622778,142
7714,154.520851959,Re_154p520852,high_re_2d_periodic_near_modeA,periodic,train,1147.23883528,143
7715,154.520851959,Re_154p520852,high_re_2d_periodic_near_modeA,periodic,train,1151.92144277,144
7716,154.520851959,Re_154p520852,high_re_2d_periodic_near_modeA,periodic,train,1156.60405026,145
7717,154.520851959,Re_154p520852,high_re_2d_periodic_near_modeA,periodic,train,1161.28665775,146
7718,154.520851959,Re_154p520852,high_re_2d_periodic_near_modeA,periodic,train,1165.96926524,147
7719,154.520851959,Re_154p520852,high_re_2d_periodic_near_modeA,periodic,train,1170.65187273,148
7720,154.520851959,Re_154p520852,high_re_2d_periodic_near_modeA,periodic,train,1175.33448022,149
7721,154.520851959,Re_154p520852,high_re_2d_periodic_near_modeA,periodic,train,1180.01708771,150
7722,154.520851959,Re_154p520852,high_re_2d_periodic_near_modeA,periodic,train,1184.6996952,151
7723,154.520851959,Re_154p520852,high_re_2d_periodic_near_modeA,periodic,train,1189.38230269,152
7724,154.520851959,Re_154p520852,high_re_2d_periodic_near_modeA,periodic,train,1194.06491018,153
7725,154.520851959,Re_154p520852,high_re_2d_periodic_near_modeA,periodic,train,1198.74751768,154
7726,154.520851959,Re_154p520852,high_re_2d_periodic_near_modeA,periodic,train,1203.43012517,155
7727,154.520851959,Re_154p520852,high_re_2d_periodic_near_modeA,periodic,train,1208.11273266,156
7728,154.520851959,Re_154p520852,high_re_2d_periodic_near_modeA,periodic,train,1212.79534015,157
7729,154.520851959,Re_154p520852,high_re_2d_periodic_near_modeA,periodic,train,1217.47794764,158
7730,154.520851959,Re_154p520852,high_re_2d_periodic_near_modeA,periodic,train,1222.16055513,159
7731,154.520851959,Re_154p520852,high_re_2d_periodic_near_modeA,periodic,train,1226.84316262,160
7732,157.45958766,Re_157p459588,high_re_2d_periodic_near_modeA,periodic,train,440.0,0
7733,157.45958766,Re_157p459588,high_re_2d_periodic_near_modeA,periodic,train,444.52349762,1
7734,157.45958766,Re_157p459588,high_re_2d_periodic_near_modeA,periodic,train,449.10621409,2
7735,157.45958766,Re_157p459588,high_re_2d_periodic_near_modeA,periodic,train,453.68893056,3
7736,157.45958766,Re_157p459588,high_re_2d_periodic_near_modeA,periodic,train,458.27164703,4
7737,157.45958766,Re_157p459588,high_re_2d_periodic_near_modeA,periodic,train,462.8543635,5
7738,157.45958766,Re_157p459588,high_re_2d_periodic_near_modeA,periodic,train,467.43707997,6
7739,157.45958766,Re_157p459588,high_re_2d_periodic_near_modeA,periodic,train,472.01979644,7
7740,157.45958766,Re_157p459588,high_re_2d_periodic_near_modeA,periodic,train,476.60251291,8
7741,157.45958766,Re_157p459588,high_re_2d_periodic_near_modeA,periodic,train,481.18522938,9
7742,157.45958766,Re_157p459588,high_re_2d_periodic_near_modeA,periodic,train,485.76794585,10
7743,157.45958766,Re_157p459588,high_re_2d_periodic_near_modeA,periodic,train,490.35066232,11
7744,157.45958766,Re_157p459588,high_re_2d_periodic_near_modeA,periodic,train,494.93337879,12
7745,157.45958766,Re_157p459588,high_re_2d_periodic_near_modeA,periodic,train,499.51609526,13
7746,157.45958766,Re_157p459588,high_re_2d_periodic_near_modeA,periodic,train,504.09881173,14
7747,157.45958766,Re_157p459588,high_re_2d_periodic_near_modeA,periodic,train,508.6815282,15
7748,157.45958766,Re_157p459588,high_re_2d_periodic_near_modeA,periodic,train,513.26424467,16
7749,157.45958766,Re_157p459588,high_re_2d_periodic_near_modeA,periodic,train,517.84696115,17
7750,157.45958766,Re_157p459588,high_re_2d_periodic_near_modeA,periodic,train,522.42967762,18
7751,157.45958766,Re_157p459588,high_re_2d_periodic_near_modeA,periodic,train,527.01239409,19
7752,157.45958766,Re_157p459588,high_re_2d_periodic_near_modeA,periodic,train,531.59511056,20
7753,157.45958766,Re_157p459588,high_re_2d_periodic_near_modeA,periodic,train,536.17782703,21
7754,157.45958766,Re_157p459588,high_re_2d_periodic_near_modeA,periodic,train,540.7605435,22
7755,157.45958766,Re_157p459588,high_re_2d_periodic_near_modeA,periodic,train,545.34325997,23
7756,157.45958766,Re_157p459588,high_re_2d_periodic_near_modeA,periodic,train,549.92597644,24
7757,157.45958766,Re_157p459588,high_re_2d_periodic_near_modeA,periodic,train,554.50869291,25
7758,157.45958766,Re_157p459588,high_re_2d_periodic_near_modeA,periodic,train,559.09140938,26
7759,157.45958766,Re_157p459588,high_re_2d_periodic_near_modeA,periodic,train,563.67412585,27
7760,157.45958766,Re_157p459588,high_re_2d_periodic_near_modeA,periodic,train,568.25684232,28
7761,157.45958766,Re_157p459588,high_re_2d_periodic_near_modeA,periodic,train,572.83955879,29
7762,157.45958766,Re_157p459588,high_re_2d_periodic_near_modeA,periodic,train,577.42227526,30
7763,157.45958766,Re_157p459588,high_re_2d_periodic_near_modeA,periodic,train,582.00499173,31
7764,157.45958766,Re_157p459588,high_re_2d_periodic_near_modeA,periodic,train,586.5877082,32
7765,157.45958766,Re_157p459588,high_re_2d_periodic_near_modeA,periodic,train,591.17042467,33
7766,157.45958766,Re_157p459588,high_re_2d_periodic_near_modeA,periodic,train,595.75314114,34
7767,157.45958766,Re_157p459588,high_re_2d_periodic_near_modeA,periodic,train,600.33585761,35
7768,157.45958766,Re_157p459588,high_re_2d_periodic_near_modeA,periodic,train,604.91857408,36
7769,157.45958766,Re_157p459588,high_re_2d_periodic_near_modeA,periodic,train,609.50129055,37
7770,157.45958766,Re_157p459588,high_re_2d_periodic_near_modeA,periodic,train,614.08400702,38
7771,157.45958766,Re_157p459588,high_re_2d_periodic_near_modeA,periodic,train,618.66672349,39
7772,157.45958766,Re_157p459588,high_re_2d_periodic_near_modeA,periodic,train,623.24943996,40
7773,157.45958766,Re_157p459588,high_re_2d_periodic_near_modeA,periodic,train,627.83215643,41
7774,157.45958766,Re_157p459588,high_re_2d_periodic_near_modeA,periodic,train,632.4148729,42
7775,157.45958766,Re_157p459588,high_re_2d_periodic_near_modeA,periodic,train,636.99758937,43
7776,157.45958766,Re_157p459588,high_re_2d_periodic_near_modeA,periodic,train,641.58030584,44
7777,157.45958766,Re_157p459588,high_re_2d_periodic_near_modeA,periodic,train,646.16302231,45
7778,157.45958766,Re_157p459588,high_re_2d_periodic_near_modeA,periodic,train,650.74573878,46
7779,157.45958766,Re_157p459588,high_re_2d_periodic_near_modeA,periodic,train,655.32845525,47
7780,157.45958766,Re_157p459588,high_re_2d_periodic_near_modeA,periodic,train,659.91117172,48
7781,157.45958766,Re_157p459588,high_re_2d_periodic_near_modeA,periodic,train,664.49388819,49
7782,157.45958766,Re_157p459588,high_re_2d_periodic_near_modeA,periodic,train,669.07660467,50
7783,157.45958766,Re_157p459588,high_re_2d_periodic_near_modeA,periodic,train,673.65932114,51
7784,157.45958766,Re_157p459588,high_re_2d_periodic_near_modeA,periodic,train,678.24203761,52
7785,157.45958766,Re_157p459588,high_re_2d_periodic_near_modeA,periodic,train,682.82475408,53
7786,157.45958766,Re_157p459588,high_re_2d_periodic_near_modeA,periodic,train,687.40747055,54
7787,157.45958766,Re_157p459588,high_re_2d_periodic_near_modeA,periodic,train,691.99018702,55
7788,157.45958766,Re_157p459588,high_re_2d_periodic_near_modeA,periodic,train,696.57290349,56
7789,157.45958766,Re_157p459588,high_re_2d_periodic_near_modeA,periodic,train,701.15561996,57
7790,157.45958766,Re_157p459588,high_re_2d_periodic_near_modeA,periodic,train,705.73833643,58
7791,157.45958766,Re_157p459588,high_re_2d_periodic_near_modeA,periodic,train,710.3210529,59
7792,157.45958766,Re_157p459588,high_re_2d_periodic_near_modeA,periodic,train,714.90376937,60
7793,157.45958766,Re_157p459588,high_re_2d_periodic_near_modeA,periodic,train,719.48648584,61
7794,157.45958766,Re_157p459588,high_re_2d_periodic_near_modeA,periodic,train,724.06920231,62
7795,157.45958766,Re_157p459588,high_re_2d_periodic_near_modeA,periodic,train,728.65191878,63
7796,157.45958766,Re_157p459588,high_re_2d_periodic_near_modeA,periodic,train,733.23463525,64
7797,157.45958766,Re_157p459588,high_re_2d_periodic_near_modeA,periodic,train,737.81735172,65
7798,157.45958766,Re_157p459588,high_re_2d_periodic_near_modeA,periodic,train,742.40006819,66
7799,157.45958766,Re_157p459588,high_re_2d_periodic_near_modeA,periodic,train,746.98278466,67
7800,157.45958766,Re_157p459588,high_re_2d_periodic_near_modeA,periodic,train,751.56550113,68
7801,157.45958766,Re_157p459588,high_re_2d_periodic_near_modeA,periodic,train,756.1482176,69
7802,157.45958766,Re_157p459588,high_re_2d_periodic_near_modeA,periodic,train,760.73093407,70
7803,157.45958766,Re_157p459588,high_re_2d_periodic_near_modeA,periodic,train,765.31365054,71
7804,157.45958766,Re_157p459588,high_re_2d_periodic_near_modeA,periodic,train,769.89636701,72
7805,157.45958766,Re_157p459588,high_re_2d_periodic_near_modeA,periodic,train,774.47908348,73
7806,157.45958766,Re_157p459588,high_re_2d_periodic_near_modeA,periodic,train,779.06179995,74
7807,157.45958766,Re_157p459588,high_re_2d_periodic_near_modeA,periodic,train,783.64451642,75
7808,157.45958766,Re_157p459588,high_re_2d_periodic_near_modeA,periodic,train,788.22723289,76
7809,157.45958766,Re_157p459588,high_re_2d_periodic_near_modeA,periodic,train,792.80994936,77
7810,157.45958766,Re_157p459588,high_re_2d_periodic_near_modeA,periodic,train,797.39266583,78
7811,157.45958766,Re_157p459588,high_re_2d_periodic_near_modeA,periodic,train,801.9753823,79
7812,157.45958766,Re_157p459588,high_re_2d_periodic_near_modeA,periodic,train,806.55809877,80
7813,157.45958766,Re_157p459588,high_re_2d_periodic_near_modeA,periodic,train,811.14081524,81
7814,157.45958766,Re_157p459588,high_re_2d_periodic_near_modeA,periodic,train,815.72353172,82
7815,157.45958766,Re_157p459588,high_re_2d_periodic_near_modeA,periodic,train,820.30624819,83
7816,157.45958766,Re_157p459588,high_re_2d_periodic_near_modeA,periodic,train,824.88896466,84
7817,157.45958766,Re_157p459588,high_re_2d_periodic_near_modeA,periodic,train,829.47168113,85
7818,157.45958766,Re_157p459588,high_re_2d_periodic_near_modeA,periodic,train,834.0543976,86
7819,157.45958766,Re_157p459588,high_re_2d_periodic_near_modeA,periodic,train,838.63711407,87
7820,157.45958766,Re_157p459588,high_re_2d_periodic_near_modeA,periodic,train,843.21983054,88
7821,157.45958766,Re_157p459588,high_re_2d_periodic_near_modeA,periodic,train,847.80254701,89
7822,157.45958766,Re_157p459588,high_re_2d_periodic_near_modeA,periodic,train,852.38526348,90
7823,157.45958766,Re_157p459588,high_re_2d_periodic_near_modeA,periodic,train,856.96797995,91
7824,157.45958766,Re_157p459588,high_re_2d_periodic_near_modeA,periodic,train,861.55069642,92
7825,157.45958766,Re_157p459588,high_re_2d_periodic_near_modeA,periodic,train,866.13341289,93
7826,157.45958766,Re_157p459588,high_re_2d_periodic_near_modeA,periodic,train,870.71612936,94
7827,157.45958766,Re_157p459588,high_re_2d_periodic_near_modeA,periodic,train,875.29884583,95
7828,157.45958766,Re_157p459588,high_re_2d_periodic_near_modeA,periodic,train,879.8815623,96
7829,157.45958766,Re_157p459588,high_re_2d_periodic_near_modeA,periodic,train,884.46427877,97
7830,157.45958766,Re_157p459588,high_re_2d_periodic_near_modeA,periodic,train,889.04699524,98
7831,157.45958766,Re_157p459588,high_re_2d_periodic_near_modeA,periodic,train,893.62971171,99
7832,157.45958766,Re_157p459588,high_re_2d_periodic_near_modeA,periodic,train,898.21242818,100
7833,157.45958766,Re_157p459588,high_re_2d_periodic_near_modeA,periodic,train,902.79514465,101
7834,157.45958766,Re_157p459588,high_re_2d_periodic_near_modeA,periodic,train,907.37786112,102
7835,157.45958766,Re_157p459588,high_re_2d_periodic_near_modeA,periodic,train,911.96057759,103
7836,157.45958766,Re_157p459588,high_re_2d_periodic_near_modeA,periodic,train,916.54329406,104
7837,157.45958766,Re_157p459588,high_re_2d_periodic_near_modeA,periodic,train,921.12601053,105
7838,157.45958766,Re_157p459588,high_re_2d_periodic_near_modeA,periodic,train,925.708727,106
7839,157.45958766,Re_157p459588,high_re_2d_periodic_near_modeA,periodic,train,930.29144347,107
7840,157.45958766,Re_157p459588,high_re_2d_periodic_near_modeA,periodic,train,934.87415994,108
7841,157.45958766,Re_157p459588,high_re_2d_periodic_near_modeA,periodic,train,939.45687641,109
7842,157.45958766,Re_157p459588,high_re_2d_periodic_near_modeA,periodic,train,944.03959288,110
7843,157.45958766,Re_157p459588,high_re_2d_periodic_near_modeA,periodic,train,948.62230935,111
7844,157.45958766,Re_157p459588,high_re_2d_periodic_near_modeA,periodic,train,953.20502582,112
7845,157.45958766,Re_157p459588,high_re_2d_periodic_near_modeA,periodic,train,957.78774229,113
7846,157.45958766,Re_157p459588,high_re_2d_periodic_near_modeA,periodic,train,962.37045877,114
7847,157.45958766,Re_157p459588,high_re_2d_periodic_near_modeA,periodic,train,966.95317524,115
7848,157.45958766,Re_157p459588,high_re_2d_periodic_near_modeA,periodic,train,971.53589171,116
7849,157.45958766,Re_157p459588,high_re_2d_periodic_near_modeA,periodic,train,976.11860818,117
7850,157.45958766,Re_157p459588,high_re_2d_periodic_near_modeA,periodic,train,980.70132465,118
7851,157.45958766,Re_157p459588,high_re_2d_periodic_near_modeA,periodic,train,985.28404112,119
7852,157.45958766,Re_157p459588,high_re_2d_periodic_near_modeA,periodic,train,989.86675759,120
7853,157.45958766,Re_157p459588,high_re_2d_periodic_near_modeA,periodic,train,994.44947406,121
7854,157.45958766,Re_157p459588,high_re_2d_periodic_near_modeA,periodic,train,999.03219053,122
7855,157.45958766,Re_157p459588,high_re_2d_periodic_near_modeA,periodic,train,1003.614907,123
7856,157.45958766,Re_157p459588,high_re_2d_periodic_near_modeA,periodic,train,1008.19762347,124
7857,157.45958766,Re_157p459588,high_re_2d_periodic_near_modeA,periodic,train,1012.78033994,125
7858,157.45958766,Re_157p459588,high_re_2d_periodic_near_modeA,periodic,train,1017.36305641,126
7859,157.45958766,Re_157p459588,high_re_2d_periodic_near_modeA,periodic,train,1021.94577288,127
7860,157.45958766,Re_157p459588,high_re_2d_periodic_near_modeA,periodic,train,1026.52848935,128
7861,157.45958766,Re_157p459588,high_re_2d_periodic_near_modeA,periodic,train,1031.11120582,129
7862,157.45958766,Re_157p459588,high_re_2d_periodic_near_modeA,periodic,train,1035.69392229,130
7863,157.45958766,Re_157p459588,high_re_2d_periodic_near_modeA,periodic,train,1040.27663876,131
7864,157.45958766,Re_157p459588,high_re_2d_periodic_near_modeA,periodic,train,1044.85935523,132
7865,157.45958766,Re_157p459588,high_re_2d_periodic_near_modeA,periodic,train,1049.4420717,133
7866,157.45958766,Re_157p459588,high_re_2d_periodic_near_modeA,periodic,train,1054.02478817,134
7867,157.45958766,Re_157p459588,high_re_2d_periodic_near_modeA,periodic,train,1058.60750464,135
7868,157.45958766,Re_157p459588,high_re_2d_periodic_near_modeA,periodic,train,1063.19022111,136
7869,157.45958766,Re_157p459588,high_re_2d_periodic_near_modeA,periodic,train,1067.77293758,137
7870,157.45958766,Re_157p459588,high_re_2d_periodic_near_modeA,periodic,train,1072.35565405,138
7871,157.45958766,Re_157p459588,high_re_2d_periodic_near_modeA,periodic,train,1076.93837052,139
7872,157.45958766,Re_157p459588,high_re_2d_periodic_near_modeA,periodic,train,1081.52108699,140
7873,157.45958766,Re_157p459588,high_re_2d_periodic_near_modeA,periodic,train,1086.10380346,141
7874,157.45958766,Re_157p459588,high_re_2d_periodic_near_modeA,periodic,train,1090.68651993,142
7875,157.45958766,Re_157p459588,high_re_2d_periodic_near_modeA,periodic,train,1095.2692364,143
7876,157.45958766,Re_157p459588,high_re_2d_periodic_near_modeA,periodic,train,1099.85195287,144
7877,157.45958766,Re_157p459588,high_re_2d_periodic_near_modeA,periodic,train,1104.43466934,145
7878,157.45958766,Re_157p459588,high_re_2d_periodic_near_modeA,periodic,train,1109.01738582,146
7879,157.45958766,Re_157p459588,high_re_2d_periodic_near_modeA,periodic,train,1113.60010229,147
7880,157.45958766,Re_157p459588,high_re_2d_periodic_near_modeA,periodic,train,1118.18281876,148
7881,157.45958766,Re_157p459588,high_re_2d_periodic_near_modeA,periodic,train,1122.76553523,149
7882,157.45958766,Re_157p459588,high_re_2d_periodic_near_modeA,periodic,train,1127.3482517,150
7883,157.45958766,Re_157p459588,high_re_2d_periodic_near_modeA,periodic,train,1131.93096817,151
7884,157.45958766,Re_157p459588,high_re_2d_periodic_near_modeA,periodic,train,1136.51368464,152
7885,157.45958766,Re_157p459588,high_re_2d_periodic_near_modeA,periodic,train,1141.09640111,153
7886,157.45958766,Re_157p459588,high_re_2d_periodic_near_modeA,periodic,train,1145.67911758,154
7887,157.45958766,Re_157p459588,high_re_2d_periodic_near_modeA,periodic,train,1150.26183405,155
7888,157.45958766,Re_157p459588,high_re_2d_periodic_near_modeA,periodic,train,1154.84455052,156
7889,157.45958766,Re_157p459588,high_re_2d_periodic_near_modeA,periodic,train,1159.42726699,157
7890,157.45958766,Re_157p459588,high_re_2d_periodic_near_modeA,periodic,train,1164.00998346,158
7891,157.45958766,Re_157p459588,high_re_2d_periodic_near_modeA,periodic,train,1168.59269993,159
7892,157.45958766,Re_157p459588,high_re_2d_periodic_near_modeA,periodic,train,1173.1754164,160
7893,160.415175616,Re_160p415176,high_re_2d_periodic_near_modeA,periodic,train,440.0,0
7894,160.415175616,Re_160p415176,high_re_2d_periodic_near_modeA,periodic,train,444.15962761,1
7895,160.415175616,Re_160p415176,high_re_2d_periodic_near_modeA,periodic,train,448.64608849,2
7896,160.415175616,Re_160p415176,high_re_2d_periodic_near_modeA,periodic,train,453.13254938,3
7897,160.415175616,Re_160p415176,high_re_2d_periodic_near_modeA,periodic,train,457.61901026,4
7898,160.415175616,Re_160p415176,high_re_2d_periodic_near_modeA,periodic,train,462.10547115,5
7899,160.415175616,Re_160p415176,high_re_2d_periodic_near_modeA,periodic,train,466.59193203,6
7900,160.415175616,Re_160p415176,high_re_2d_periodic_near_modeA,periodic,train,471.07839292,7
7901,160.415175616,Re_160p415176,high_re_2d_periodic_near_modeA,periodic,train,475.5648538,8
7902,160.415175616,Re_160p415176,high_re_2d_periodic_near_modeA,periodic,train,480.05131469,9
7903,160.415175616,Re_160p415176,high_re_2d_periodic_near_modeA,periodic,train,484.53777557,10
7904,160.415175616,Re_160p415176,high_re_2d_periodic_near_modeA,periodic,train,489.02423646,11
7905,160.415175616,Re_160p415176,high_re_2d_periodic_near_modeA,periodic,train,493.51069734,12
7906,160.415175616,Re_160p415176,high_re_2d_periodic_near_modeA,periodic,train,497.99715823,13
7907,160.415175616,Re_160p415176,high_re_2d_periodic_near_modeA,periodic,train,502.48361911,14
7908,160.415175616,Re_160p415176,high_re_2d_periodic_near_modeA,periodic,train,506.97007999,15
7909,160.415175616,Re_160p415176,high_re_2d_periodic_near_modeA,periodic,train,511.45654088,16
7910,160.415175616,Re_160p415176,high_re_2d_periodic_near_modeA,periodic,train,515.94300176,17
7911,160.415175616,Re_160p415176,high_re_2d_periodic_near_modeA,periodic,train,520.42946265,18
7912,160.415175616,Re_160p415176,high_re_2d_periodic_near_modeA,periodic,train,524.91592353,19
7913,160.415175616,Re_160p415176,high_re_2d_periodic_near_modeA,periodic,train,529.40238442,20
7914,160.415175616,Re_160p415176,high_re_2d_periodic_near_modeA,periodic,train,533.8888453,21
7915,160.415175616,Re_160p415176,high_re_2d_periodic_near_modeA,periodic,train,538.37530619,22
7916,160.415175616,Re_160p415176,high_re_2d_periodic_near_modeA,periodic,train,542.86176707,23
7917,160.415175616,Re_160p415176,high_re_2d_periodic_near_modeA,periodic,train,547.34822796,24
7918,160.415175616,Re_160p415176,high_re_2d_periodic_near_modeA,periodic,train,551.83468884,25
7919,160.415175616,Re_160p415176,high_re_2d_periodic_near_modeA,periodic,train,556.32114973,26
7920,160.415175616,Re_160p415176,high_re_2d_periodic_near_modeA,periodic,train,560.80761061,27
7921,160.415175616,Re_160p415176,high_re_2d_periodic_near_modeA,periodic,train,565.2940715,28
7922,160.415175616,Re_160p415176,high_re_2d_periodic_near_modeA,periodic,train,569.78053238,29
7923,160.415175616,Re_160p415176,high_re_2d_periodic_near_modeA,periodic,train,574.26699327,30
7924,160.415175616,Re_160p415176,high_re_2d_periodic_near_modeA,periodic,train,578.75345415,31
7925,160.415175616,Re_160p415176,high_re_2d_periodic_near_modeA,periodic,train,583.23991504,32
7926,160.415175616,Re_160p415176,high_re_2d_periodic_near_modeA,periodic,train,587.72637592,33
7927,160.415175616,Re_160p415176,high_re_2d_periodic_near_modeA,periodic,train,592.21283681,34
7928,160.415175616,Re_160p415176,high_re_2d_periodic_near_modeA,periodic,train,596.69929769,35
7929,160.415175616,Re_160p415176,high_re_2d_periodic_near_modeA,periodic,train,601.18575858,36
7930,160.415175616,Re_160p415176,high_re_2d_periodic_near_modeA,periodic,train,605.67221946,37
7931,160.415175616,Re_160p415176,high_re_2d_periodic_near_modeA,periodic,train,610.15868035,38
7932,160.415175616,Re_160p415176,high_re_2d_periodic_near_modeA,periodic,train,614.64514123,39
7933,160.415175616,Re_160p415176,high_re_2d_periodic_near_modeA,periodic,train,619.13160212,40
7934,160.415175616,Re_160p415176,high_re_2d_periodic_near_modeA,periodic,train,623.618063,41
7935,160.415175616,Re_160p415176,high_re_2d_periodic_near_modeA,periodic,train,628.10452389,42
7936,160.415175616,Re_160p415176,high_re_2d_periodic_near_modeA,periodic,train,632.59098477,43
7937,160.415175616,Re_160p415176,high_re_2d_periodic_near_modeA,periodic,train,637.07744566,44
7938,160.415175616,Re_160p415176,high_re_2d_periodic_near_modeA,periodic,train,641.56390654,45
7939,160.415175616,Re_160p415176,high_re_2d_periodic_near_modeA,periodic,train,646.05036743,46
7940,160.415175616,Re_160p415176,high_re_2d_periodic_near_modeA,periodic,train,650.53682831,47
7941,160.415175616,Re_160p415176,high_re_2d_periodic_near_modeA,periodic,train,655.0232892,48
7942,160.415175616,Re_160p415176,high_re_2d_periodic_near_modeA,periodic,train,659.50975008,49
7943,160.415175616,Re_160p415176,high_re_2d_periodic_near_modeA,periodic,train,663.99621097,50
7944,160.415175616,Re_160p415176,high_re_2d_periodic_near_modeA,periodic,train,668.48267185,51
7945,160.415175616,Re_160p415176,high_re_2d_periodic_near_modeA,periodic,train,672.96913274,52
7946,160.415175616,Re_160p415176,high_re_2d_periodic_near_modeA,periodic,train,677.45559362,53
7947,160.415175616,Re_160p415176,high_re_2d_periodic_near_modeA,periodic,train,681.94205451,54
7948,160.415175616,Re_160p415176,high_re_2d_periodic_near_modeA,periodic,train,686.42851539,55
7949,160.415175616,Re_160p415176,high_re_2d_periodic_near_modeA,periodic,train,690.91497628,56
7950,160.415175616,Re_160p415176,high_re_2d_periodic_near_modeA,periodic,train,695.40143716,57
7951,160.415175616,Re_160p415176,high_re_2d_periodic_near_modeA,periodic,train,699.88789805,58
7952,160.415175616,Re_160p415176,high_re_2d_periodic_near_modeA,periodic,train,704.37435893,59
7953,160.415175616,Re_160p415176,high_re_2d_periodic_near_modeA,periodic,train,708.86081982,60
7954,160.415175616,Re_160p415176,high_re_2d_periodic_near_modeA,periodic,train,713.3472807,61
7955,160.415175616,Re_160p415176,high_re_2d_periodic_near_modeA,periodic,train,717.83374159,62
7956,160.415175616,Re_160p415176,high_re_2d_periodic_near_modeA,periodic,train,722.32020247,63
7957,160.415175616,Re_160p415176,high_re_2d_periodic_near_modeA,periodic,train,726.80666336,64
7958,160.415175616,Re_160p415176,high_re_2d_periodic_near_modeA,periodic,train,731.29312424,65
7959,160.415175616,Re_160p415176,high_re_2d_periodic_near_modeA,periodic,train,735.77958513,66
7960,160.415175616,Re_160p415176,high_re_2d_periodic_near_modeA,periodic,train,740.26604601,67
7961,160.415175616,Re_160p415176,high_re_2d_periodic_near_modeA,periodic,train,744.7525069,68
7962,160.415175616,Re_160p415176,high_re_2d_periodic_near_modeA,periodic,train,749.23896778,69
7963,160.415175616,Re_160p415176,high_re_2d_periodic_near_modeA,periodic,train,753.72542866,70
7964,160.415175616,Re_160p415176,high_re_2d_periodic_near_modeA,periodic,train,758.21188955,71
7965,160.415175616,Re_160p415176,high_re_2d_periodic_near_modeA,periodic,train,762.69835043,72
7966,160.415175616,Re_160p415176,high_re_2d_periodic_near_modeA,periodic,train,767.18481132,73
7967,160.415175616,Re_160p415176,high_re_2d_periodic_near_modeA,periodic,train,771.6712722,74
7968,160.415175616,Re_160p415176,high_re_2d_periodic_near_modeA,periodic,train,776.15773309,75
7969,160.415175616,Re_160p415176,high_re_2d_periodic_near_modeA,periodic,train,780.64419397,76
7970,160.415175616,Re_160p415176,high_re_2d_periodic_near_modeA,periodic,train,785.13065486,77
7971,160.415175616,Re_160p415176,high_re_2d_periodic_near_modeA,periodic,train,789.61711574,78
7972,160.415175616,Re_160p415176,high_re_2d_periodic_near_modeA,periodic,train,794.10357663,79
7973,160.415175616,Re_160p415176,high_re_2d_periodic_near_modeA,periodic,train,798.59003751,80
7974,160.415175616,Re_160p415176,high_re_2d_periodic_near_modeA,periodic,train,803.0764984,81
7975,160.415175616,Re_160p415176,high_re_2d_periodic_near_modeA,periodic,train,807.56295928,82
7976,160.415175616,Re_160p415176,high_re_2d_periodic_near_modeA,periodic,train,812.04942017,83
7977,160.415175616,Re_160p415176,high_re_2d_periodic_near_modeA,periodic,train,816.53588105,84
7978,160.415175616,Re_160p415176,high_re_2d_periodic_near_modeA,periodic,train,821.02234194,85
7979,160.415175616,Re_160p415176,high_re_2d_periodic_near_modeA,periodic,train,825.50880282,86
7980,160.415175616,Re_160p415176,high_re_2d_periodic_near_modeA,periodic,train,829.99526371,87
7981,160.415175616,Re_160p415176,high_re_2d_periodic_near_modeA,periodic,train,834.48172459,88
7982,160.415175616,Re_160p415176,high_re_2d_periodic_near_modeA,periodic,train,838.96818548,89
7983,160.415175616,Re_160p415176,high_re_2d_periodic_near_modeA,periodic,train,843.45464636,90
7984,160.415175616,Re_160p415176,high_re_2d_periodic_near_modeA,periodic,train,847.94110725,91
7985,160.415175616,Re_160p415176,high_re_2d_periodic_near_modeA,periodic,train,852.42756813,92
7986,160.415175616,Re_160p415176,high_re_2d_periodic_near_modeA,periodic,train,856.91402902,93
7987,160.415175616,Re_160p415176,high_re_2d_periodic_near_modeA,periodic,train,861.4004899,94
7988,160.415175616,Re_160p415176,high_re_2d_periodic_near_modeA,periodic,train,865.88695079,95
7989,160.415175616,Re_160p415176,high_re_2d_periodic_near_modeA,periodic,train,870.37341167,96
7990,160.415175616,Re_160p415176,high_re_2d_periodic_near_modeA,periodic,train,874.85987256,97
7991,160.415175616,Re_160p415176,high_re_2d_periodic_near_modeA,periodic,train,879.34633344,98
7992,160.415175616,Re_160p415176,high_re_2d_periodic_near_modeA,periodic,train,883.83279433,99
7993,160.415175616,Re_160p415176,high_re_2d_periodic_near_modeA,periodic,train,888.31925521,100
7994,160.415175616,Re_160p415176,high_re_2d_periodic_near_modeA,periodic,train,892.8057161,101
7995,160.415175616,Re_160p415176,high_re_2d_periodic_near_modeA,periodic,train,897.29217698,102
7996,160.415175616,Re_160p415176,high_re_2d_periodic_near_modeA,periodic,train,901.77863787,103
7997,160.415175616,Re_160p415176,high_re_2d_periodic_near_modeA,periodic,train,906.26509875,104
7998,160.415175616,Re_160p415176,high_re_2d_periodic_near_modeA,periodic,train,910.75155964,105
7999,160.415175616,Re_160p415176,high_re_2d_periodic_near_modeA,periodic,train,915.23802052,106
8000,160.415175616,Re_160p415176,high_re_2d_periodic_near_modeA,periodic,train,919.72448141,107
8001,160.415175616,Re_160p415176,high_re_2d_periodic_near_modeA,periodic,train,924.21094229,108
8002,160.415175616,Re_160p415176,high_re_2d_periodic_near_modeA,periodic,train,928.69740318,109
8003,160.415175616,Re_160p415176,high_re_2d_periodic_near_modeA,periodic,train,933.18386406,110
8004,160.415175616,Re_160p415176,high_re_2d_periodic_near_modeA,periodic,train,937.67032495,111
8005,160.415175616,Re_160p415176,high_re_2d_periodic_near_modeA,periodic,train,942.15678583,112
8006,160.415175616,Re_160p415176,high_re_2d_periodic_near_modeA,periodic,train,946.64324672,113
8007,160.415175616,Re_160p415176,high_re_2d_periodic_near_modeA,periodic,train,951.1297076,114
8008,160.415175616,Re_160p415176,high_re_2d_periodic_near_modeA,periodic,train,955.61616849,115
8009,160.415175616,Re_160p415176,high_re_2d_periodic_near_modeA,periodic,train,960.10262937,116
8010,160.415175616,Re_160p415176,high_re_2d_periodic_near_modeA,periodic,train,964.58909026,117
8011,160.415175616,Re_160p415176,high_re_2d_periodic_near_modeA,periodic,train,969.07555114,118
8012,160.415175616,Re_160p415176,high_re_2d_periodic_near_modeA,periodic,train,973.56201203,119
8013,160.415175616,Re_160p415176,high_re_2d_periodic_near_modeA,periodic,train,978.04847291,120
8014,160.415175616,Re_160p415176,high_re_2d_periodic_near_modeA,periodic,train,982.5349338,121
8015,160.415175616,Re_160p415176,high_re_2d_periodic_near_modeA,periodic,train,987.02139468,122
8016,160.415175616,Re_160p415176,high_re_2d_periodic_near_modeA,periodic,train,991.50785557,123
8017,160.415175616,Re_160p415176,high_re_2d_periodic_near_modeA,periodic,train,995.99431645,124
8018,160.415175616,Re_160p415176,high_re_2d_periodic_near_modeA,periodic,train,1000.48077733,125
8019,160.415175616,Re_160p415176,high_re_2d_periodic_near_modeA,periodic,train,1004.96723822,126
8020,160.415175616,Re_160p415176,high_re_2d_periodic_near_modeA,periodic,train,1009.4536991,127
8021,160.415175616,Re_160p415176,high_re_2d_periodic_near_modeA,periodic,train,1013.94015999,128
8022,160.415175616,Re_160p415176,high_re_2d_periodic_near_modeA,periodic,train,1018.42662087,129
8023,160.415175616,Re_160p415176,high_re_2d_periodic_near_modeA,periodic,train,1022.91308176,130
8024,160.415175616,Re_160p415176,high_re_2d_periodic_near_modeA,periodic,train,1027.39954264,131
8025,160.415175616,Re_160p415176,high_re_2d_periodic_near_modeA,periodic,train,1031.88600353,132
8026,160.415175616,Re_160p415176,high_re_2d_periodic_near_modeA,periodic,train,1036.37246441,133
8027,160.415175616,Re_160p415176,high_re_2d_periodic_near_modeA,periodic,train,1040.8589253,134
8028,160.415175616,Re_160p415176,high_re_2d_periodic_near_modeA,periodic,train,1045.34538618,135
8029,160.415175616,Re_160p415176,high_re_2d_periodic_near_modeA,periodic,train,1049.83184707,136
8030,160.415175616,Re_160p415176,high_re_2d_periodic_near_modeA,periodic,train,1054.31830795,137
8031,160.415175616,Re_160p415176,high_re_2d_periodic_near_modeA,periodic,train,1058.80476884,138
8032,160.415175616,Re_160p415176,high_re_2d_periodic_near_modeA,periodic,train,1063.29122972,139
8033,160.415175616,Re_160p415176,high_re_2d_periodic_near_modeA,periodic,train,1067.77769061,140
8034,160.415175616,Re_160p415176,high_re_2d_periodic_near_modeA,periodic,train,1072.26415149,141
8035,160.415175616,Re_160p415176,high_re_2d_periodic_near_modeA,periodic,train,1076.75061238,142
8036,160.415175616,Re_160p415176,high_re_2d_periodic_near_modeA,periodic,train,1081.23707326,143
8037,160.415175616,Re_160p415176,high_re_2d_periodic_near_modeA,periodic,train,1085.72353415,144
8038,160.415175616,Re_160p415176,high_re_2d_periodic_near_modeA,periodic,train,1090.20999503,145
8039,160.415175616,Re_160p415176,high_re_2d_periodic_near_modeA,periodic,train,1094.69645592,146
8040,160.415175616,Re_160p415176,high_re_2d_periodic_near_modeA,periodic,train,1099.1829168,147
8041,160.415175616,Re_160p415176,high_re_2d_periodic_near_modeA,periodic,train,1103.66937769,148
8042,160.415175616,Re_160p415176,high_re_2d_periodic_near_modeA,periodic,train,1108.15583857,149
8043,160.415175616,Re_160p415176,high_re_2d_periodic_near_modeA,periodic,train,1112.64229946,150
8044,160.415175616,Re_160p415176,high_re_2d_periodic_near_modeA,periodic,train,1117.12876034,151
8045,160.415175616,Re_160p415176,high_re_2d_periodic_near_modeA,periodic,train,1121.61522123,152
8046,160.415175616,Re_160p415176,high_re_2d_periodic_near_modeA,periodic,train,1126.10168211,153
8047,160.415175616,Re_160p415176,high_re_2d_periodic_near_modeA,periodic,train,1130.588143,154
8048,160.415175616,Re_160p415176,high_re_2d_periodic_near_modeA,periodic,train,1135.07460388,155
8049,160.415175616,Re_160p415176,high_re_2d_periodic_near_modeA,periodic,train,1139.56106477,156
8050,160.415175616,Re_160p415176,high_re_2d_periodic_near_modeA,periodic,train,1144.04752565,157
8051,160.415175616,Re_160p415176,high_re_2d_periodic_near_modeA,periodic,train,1148.53398654,158
8052,160.415175616,Re_160p415176,high_re_2d_periodic_near_modeA,periodic,train,1153.02044742,159
8053,160.415175616,Re_160p415176,high_re_2d_periodic_near_modeA,periodic,train,1157.50690831,160
8054,163.364122702,Re_163p364123,high_re_2d_periodic_near_modeA,periodic,train,440.0,0
8055,163.364122702,Re_163p364123,high_re_2d_periodic_near_modeA,periodic,train,443.83124376,1
8056,163.364122702,Re_163p364123,high_re_2d_periodic_near_modeA,periodic,train,448.22561251,2
8057,163.364122702,Re_163p364123,high_re_2d_periodic_near_modeA,periodic,train,452.61998126,3
8058,163.364122702,Re_163p364123,high_re_2d_periodic_near_modeA,periodic,train,457.01435001,4
8059,163.364122702,Re_163p364123,high_re_2d_periodic_near_modeA,periodic,train,461.40871876,5
8060,163.364122702,Re_163p364123,high_re_2d_periodic_near_modeA,periodic,train,465.80308751,6
8061,163.364122702,Re_163p364123,high_re_2d_periodic_near_modeA,periodic,train,470.19745626,7
8062,163.364122702,Re_163p364123,high_re_2d_periodic_near_modeA,periodic,train,474.59182501,8
8063,163.364122702,Re_163p364123,high_re_2d_periodic_near_modeA,periodic,train,478.98619376,9
8064,163.364122702,Re_163p364123,high_re_2d_periodic_near_modeA,periodic,train,483.38056251,10
8065,163.364122702,Re_163p364123,high_re_2d_periodic_near_modeA,periodic,train,487.77493126,11
8066,163.364122702,Re_163p364123,high_re_2d_periodic_near_modeA,periodic,train,492.16930001,12
8067,163.364122702,Re_163p364123,high_re_2d_periodic_near_modeA,periodic,train,496.56366876,13
8068,163.364122702,Re_163p364123,high_re_2d_periodic_near_modeA,periodic,train,500.95803751,14
8069,163.364122702,Re_163p364123,high_re_2d_periodic_near_modeA,periodic,train,505.35240626,15
8070,163.364122702,Re_163p364123,high_re_2d_periodic_near_modeA,periodic,train,509.74677501,16
8071,163.364122702,Re_163p364123,high_re_2d_periodic_near_modeA,periodic,train,514.14114376,17
8072,163.364122702,Re_163p364123,high_re_2d_periodic_near_modeA,periodic,train,518.53551251,18
8073,163.364122702,Re_163p364123,high_re_2d_periodic_near_modeA,periodic,train,522.92988126,19
8074,163.364122702,Re_163p364123,high_re_2d_periodic_near_modeA,periodic,train,527.32425001,20
8075,163.364122702,Re_163p364123,high_re_2d_periodic_near_modeA,periodic,train,531.71861876,21
8076,163.364122702,Re_163p364123,high_re_2d_periodic_near_modeA,periodic,train,536.11298751,22
8077,163.364122702,Re_163p364123,high_re_2d_periodic_near_modeA,periodic,train,540.50735626,23
8078,163.364122702,Re_163p364123,high_re_2d_periodic_near_modeA,periodic,train,544.90172501,24
8079,163.364122702,Re_163p364123,high_re_2d_periodic_near_modeA,periodic,train,549.29609376,25
8080,163.364122702,Re_163p364123,high_re_2d_periodic_near_modeA,periodic,train,553.69046251,26
8081,163.364122702,Re_163p364123,high_re_2d_periodic_near_modeA,periodic,train,558.08483126,27
8082,163.364122702,Re_163p364123,high_re_2d_periodic_near_modeA,periodic,train,562.47920001,28
8083,163.364122702,Re_163p364123,high_re_2d_periodic_near_modeA,periodic,train,566.87356876,29
8084,163.364122702,Re_163p364123,high_re_2d_periodic_near_modeA,periodic,train,571.26793751,30
8085,163.364122702,Re_163p364123,high_re_2d_periodic_near_modeA,periodic,train,575.66230626,31
8086,163.364122702,Re_163p364123,high_re_2d_periodic_near_modeA,periodic,train,580.05667501,32
8087,163.364122702,Re_163p364123,high_re_2d_periodic_near_modeA,periodic,train,584.45104376,33
8088,163.364122702,Re_163p364123,high_re_2d_periodic_near_modeA,periodic,train,588.84541251,34
8089,163.364122702,Re_163p364123,high_re_2d_periodic_near_modeA,periodic,train,593.23978126,35
8090,163.364122702,Re_163p364123,high_re_2d_periodic_near_modeA,periodic,train,597.63415001,36
8091,163.364122702,Re_163p364123,high_re_2d_periodic_near_modeA,periodic,train,602.02851876,37
8092,163.364122702,Re_163p364123,high_re_2d_periodic_near_modeA,periodic,train,606.42288751,38
8093,163.364122702,Re_163p364123,high_re_2d_periodic_near_modeA,periodic,train,610.81725626,39
8094,163.364122702,Re_163p364123,high_re_2d_periodic_near_modeA,periodic,train,615.21162501,40
8095,163.364122702,Re_163p364123,high_re_2d_periodic_near_modeA,periodic,train,619.60599376,41
8096,163.364122702,Re_163p364123,high_re_2d_periodic_near_modeA,periodic,train,624.00036251,42
8097,163.364122702,Re_163p364123,high_re_2d_periodic_near_modeA,periodic,train,628.39473126,43
8098,163.364122702,Re_163p364123,high_re_2d_periodic_near_modeA,periodic,train,632.78910001,44
8099,163.364122702,Re_163p364123,high_re_2d_periodic_near_modeA,periodic,train,637.18346876,45
8100,163.364122702,Re_163p364123,high_re_2d_periodic_near_modeA,periodic,train,641.57783751,46
8101,163.364122702,Re_163p364123,high_re_2d_periodic_near_modeA,periodic,train,645.97220626,47
8102,163.364122702,Re_163p364123,high_re_2d_periodic_near_modeA,periodic,train,650.36657501,48
8103,163.364122702,Re_163p364123,high_re_2d_periodic_near_modeA,periodic,train,654.76094376,49
8104,163.364122702,Re_163p364123,high_re_2d_periodic_near_modeA,periodic,train,659.15531251,50
8105,163.364122702,Re_163p364123,high_re_2d_periodic_near_modeA,periodic,train,663.54968126,51
8106,163.364122702,Re_163p364123,high_re_2d_periodic_near_modeA,periodic,train,667.94405001,52
8107,163.364122702,Re_163p364123,high_re_2d_periodic_near_modeA,periodic,train,672.33841876,53
8108,163.364122702,Re_163p364123,high_re_2d_periodic_near_modeA,periodic,train,676.73278751,54
8109,163.364122702,Re_163p364123,high_re_2d_periodic_near_modeA,periodic,train,681.12715626,55
8110,163.364122702,Re_163p364123,high_re_2d_periodic_near_modeA,periodic,train,685.52152501,56
8111,163.364122702,Re_163p364123,high_re_2d_periodic_near_modeA,periodic,train,689.91589376,57
8112,163.364122702,Re_163p364123,high_re_2d_periodic_near_modeA,periodic,train,694.31026251,58
8113,163.364122702,Re_163p364123,high_re_2d_periodic_near_modeA,periodic,train,698.70463126,59
8114,163.364122702,Re_163p364123,high_re_2d_periodic_near_modeA,periodic,train,703.09900001,60
8115,163.364122702,Re_163p364123,high_re_2d_periodic_near_modeA,periodic,train,707.49336876,61
8116,163.364122702,Re_163p364123,high_re_2d_periodic_near_modeA,periodic,train,711.88773751,62
8117,163.364122702,Re_163p364123,high_re_2d_periodic_near_modeA,periodic,train,716.28210626,63
8118,163.364122702,Re_163p364123,high_re_2d_periodic_near_modeA,periodic,train,720.67647501,64
8119,163.364122702,Re_163p364123,high_re_2d_periodic_near_modeA,periodic,train,725.07084376,65
8120,163.364122702,Re_163p364123,high_re_2d_periodic_near_modeA,periodic,train,729.46521251,66
8121,163.364122702,Re_163p364123,high_re_2d_periodic_near_modeA,periodic,train,733.85958127,67
8122,163.364122702,Re_163p364123,high_re_2d_periodic_near_modeA,periodic,train,738.25395002,68
8123,163.364122702,Re_163p364123,high_re_2d_periodic_near_modeA,periodic,train,742.64831877,69
8124,163.364122702,Re_163p364123,high_re_2d_periodic_near_modeA,periodic,train,747.04268752,70
8125,163.364122702,Re_163p364123,high_re_2d_periodic_near_modeA,periodic,train,751.43705627,71
8126,163.364122702,Re_163p364123,high_re_2d_periodic_near_modeA,periodic,train,755.83142502,72
8127,163.364122702,Re_163p364123,high_re_2d_periodic_near_modeA,periodic,train,760.22579377,73
8128,163.364122702,Re_163p364123,high_re_2d_periodic_near_modeA,periodic,train,764.62016252,74
8129,163.364122702,Re_163p364123,high_re_2d_periodic_near_modeA,periodic,train,769.01453127,75
8130,163.364122702,Re_163p364123,high_re_2d_periodic_near_modeA,periodic,train,773.40890002,76
8131,163.364122702,Re_163p364123,high_re_2d_periodic_near_modeA,periodic,train,777.80326877,77
8132,163.364122702,Re_163p364123,high_re_2d_periodic_near_modeA,periodic,train,782.19763752,78
8133,163.364122702,Re_163p364123,high_re_2d_periodic_near_modeA,periodic,train,786.59200627,79
8134,163.364122702,Re_163p364123,high_re_2d_periodic_near_modeA,periodic,train,790.98637502,80
8135,163.364122702,Re_163p364123,high_re_2d_periodic_near_modeA,periodic,train,795.38074377,81
8136,163.364122702,Re_163p364123,high_re_2d_periodic_near_modeA,periodic,train,799.77511252,82
8137,163.364122702,Re_163p364123,high_re_2d_periodic_near_modeA,periodic,train,804.16948127,83
8138,163.364122702,Re_163p364123,high_re_2d_periodic_near_modeA,periodic,train,808.56385002,84
8139,163.364122702,Re_163p364123,high_re_2d_periodic_near_modeA,periodic,train,812.95821877,85
8140,163.364122702,Re_163p364123,high_re_2d_periodic_near_modeA,periodic,train,817.35258752,86
8141,163.364122702,Re_163p364123,high_re_2d_periodic_near_modeA,periodic,train,821.74695627,87
8142,163.364122702,Re_163p364123,high_re_2d_periodic_near_modeA,periodic,train,826.14132502,88
8143,163.364122702,Re_163p364123,high_re_2d_periodic_near_modeA,periodic,train,830.53569377,89
8144,163.364122702,Re_163p364123,high_re_2d_periodic_near_modeA,periodic,train,834.93006252,90
8145,163.364122702,Re_163p364123,high_re_2d_periodic_near_modeA,periodic,train,839.32443127,91
8146,163.364122702,Re_163p364123,high_re_2d_periodic_near_modeA,periodic,train,843.71880002,92
8147,163.364122702,Re_163p364123,high_re_2d_periodic_near_modeA,periodic,train,848.11316877,93
8148,163.364122702,Re_163p364123,high_re_2d_periodic_near_modeA,periodic,train,852.50753752,94
8149,163.364122702,Re_163p364123,high_re_2d_periodic_near_modeA,periodic,train,856.90190627,95
8150,163.364122702,Re_163p364123,high_re_2d_periodic_near_modeA,periodic,train,861.29627502,96
8151,163.364122702,Re_163p364123,high_re_2d_periodic_near_modeA,periodic,train,865.69064377,97
8152,163.364122702,Re_163p364123,high_re_2d_periodic_near_modeA,periodic,train,870.08501252,98
8153,163.364122702,Re_163p364123,high_re_2d_periodic_near_modeA,periodic,train,874.47938127,99
8154,163.364122702,Re_163p364123,high_re_2d_periodic_near_modeA,periodic,train,878.87375002,100
8155,163.364122702,Re_163p364123,high_re_2d_periodic_near_modeA,periodic,train,883.26811877,101
8156,163.364122702,Re_163p364123,high_re_2d_periodic_near_modeA,periodic,train,887.66248752,102
8157,163.364122702,Re_163p364123,high_re_2d_periodic_near_modeA,periodic,train,892.05685627,103
8158,163.364122702,Re_163p364123,high_re_2d_periodic_near_modeA,periodic,train,896.45122502,104
8159,163.364122702,Re_163p364123,high_re_2d_periodic_near_modeA,periodic,train,900.84559377,105
8160,163.364122702,Re_163p364123,high_re_2d_periodic_near_modeA,periodic,train,905.23996252,106
8161,163.364122702,Re_163p364123,high_re_2d_periodic_near_modeA,periodic,train,909.63433127,107
8162,163.364122702,Re_163p364123,high_re_2d_periodic_near_modeA,periodic,train,914.02870002,108
8163,163.364122702,Re_163p364123,high_re_2d_periodic_near_modeA,periodic,train,918.42306877,109
8164,163.364122702,Re_163p364123,high_re_2d_periodic_near_modeA,periodic,train,922.81743752,110
8165,163.364122702,Re_163p364123,high_re_2d_periodic_near_modeA,periodic,train,927.21180627,111
8166,163.364122702,Re_163p364123,high_re_2d_periodic_near_modeA,periodic,train,931.60617502,112
8167,163.364122702,Re_163p364123,high_re_2d_periodic_near_modeA,periodic,train,936.00054377,113
8168,163.364122702,Re_163p364123,high_re_2d_periodic_near_modeA,periodic,train,940.39491252,114
8169,163.364122702,Re_163p364123,high_re_2d_periodic_near_modeA,periodic,train,944.78928127,115
8170,163.364122702,Re_163p364123,high_re_2d_periodic_near_modeA,periodic,train,949.18365002,116
8171,163.364122702,Re_163p364123,high_re_2d_periodic_near_modeA,periodic,train,953.57801877,117
8172,163.364122702,Re_163p364123,high_re_2d_periodic_near_modeA,periodic,train,957.97238752,118
8173,163.364122702,Re_163p364123,high_re_2d_periodic_near_modeA,periodic,train,962.36675627,119
8174,163.364122702,Re_163p364123,high_re_2d_periodic_near_modeA,periodic,train,966.76112502,120
8175,163.364122702,Re_163p364123,high_re_2d_periodic_near_modeA,periodic,train,971.15549377,121
8176,163.364122702,Re_163p364123,high_re_2d_periodic_near_modeA,periodic,train,975.54986252,122
8177,163.364122702,Re_163p364123,high_re_2d_periodic_near_modeA,periodic,train,979.94423127,123
8178,163.364122702,Re_163p364123,high_re_2d_periodic_near_modeA,periodic,train,984.33860002,124
8179,163.364122702,Re_163p364123,high_re_2d_periodic_near_modeA,periodic,train,988.73296877,125
8180,163.364122702,Re_163p364123,high_re_2d_periodic_near_modeA,periodic,train,993.12733752,126
8181,163.364122702,Re_163p364123,high_re_2d_periodic_near_modeA,periodic,train,997.52170627,127
8182,163.364122702,Re_163p364123,high_re_2d_periodic_near_modeA,periodic,train,1001.91607502,128
8183,163.364122702,Re_163p364123,high_re_2d_periodic_near_modeA,periodic,train,1006.31044377,129
8184,163.364122702,Re_163p364123,high_re_2d_periodic_near_modeA,periodic,train,1010.70481252,130
8185,163.364122702,Re_163p364123,high_re_2d_periodic_near_modeA,periodic,train,1015.09918127,131
8186,163.364122702,Re_163p364123,high_re_2d_periodic_near_modeA,periodic,train,1019.49355002,132
8187,163.364122702,Re_163p364123,high_re_2d_periodic_near_modeA,periodic,train,1023.88791877,133
8188,163.364122702,Re_163p364123,high_re_2d_periodic_near_modeA,periodic,train,1028.28228752,134
8189,163.364122702,Re_163p364123,high_re_2d_periodic_near_modeA,periodic,train,1032.67665627,135
8190,163.364122702,Re_163p364123,high_re_2d_periodic_near_modeA,periodic,train,1037.07102502,136
8191,163.364122702,Re_163p364123,high_re_2d_periodic_near_modeA,periodic,train,1041.46539377,137
8192,163.364122702,Re_163p364123,high_re_2d_periodic_near_modeA,periodic,train,1045.85976252,138
8193,163.364122702,Re_163p364123,high_re_2d_periodic_near_modeA,periodic,train,1050.25413127,139
8194,163.364122702,Re_163p364123,high_re_2d_periodic_near_modeA,periodic,train,1054.64850002,140
8195,163.364122702,Re_163p364123,high_re_2d_periodic_near_modeA,periodic,train,1059.04286877,141
8196,163.364122702,Re_163p364123,high_re_2d_periodic_near_modeA,periodic,train,1063.43723752,142
8197,163.364122702,Re_163p364123,high_re_2d_periodic_near_modeA,periodic,train,1067.83160627,143
8198,163.364122702,Re_163p364123,high_re_2d_periodic_near_modeA,periodic,train,1072.22597502,144
8199,163.364122702,Re_163p364123,high_re_2d_periodic_near_modeA,periodic,train,1076.62034377,145
8200,163.364122702,Re_163p364123,high_re_2d_periodic_near_modeA,periodic,train,1081.01471252,146
8201,163.364122702,Re_163p364123,high_re_2d_periodic_near_modeA,periodic,train,1085.40908127,147
8202,163.364122702,Re_163p364123,high_re_2d_periodic_near_modeA,periodic,train,1089.80345002,148
8203,163.364122702,Re_163p364123,high_re_2d_periodic_near_modeA,periodic,train,1094.19781877,149
8204,163.364122702,Re_163p364123,high_re_2d_periodic_near_modeA,periodic,train,1098.59218752,150
8205,163.364122702,Re_163p364123,high_re_2d_periodic_near_modeA,periodic,train,1102.98655627,151
8206,163.364122702,Re_163p364123,high_re_2d_periodic_near_modeA,periodic,train,1107.38092502,152
8207,163.364122702,Re_163p364123,high_re_2d_periodic_near_modeA,periodic,train,1111.77529377,153
8208,163.364122702,Re_163p364123,high_re_2d_periodic_near_modeA,periodic,train,1116.16966252,154
8209,163.364122702,Re_163p364123,high_re_2d_periodic_near_modeA,periodic,train,1120.56403127,155
8210,163.364122702,Re_163p364123,high_re_2d_periodic_near_modeA,periodic,train,1124.95840002,156
8211,163.364122702,Re_163p364123,high_re_2d_periodic_near_modeA,periodic,train,1129.35276877,157
8212,163.364122702,Re_163p364123,high_re_2d_periodic_near_modeA,periodic,train,1133.74713752,158
8213,163.364122702,Re_163p364123,high_re_2d_periodic_near_modeA,periodic,train,1138.14150627,159
8214,163.364122702,Re_163p364123,high_re_2d_periodic_near_modeA,periodic,train,1142.53587502,160
8215,166.306372744,Re_166p306373,high_re_2d_periodic_near_modeA,periodic,train,440.0,0
8216,166.306372744,Re_166p306373,high_re_2d_periodic_near_modeA,periodic,train,443.53633003,1
8217,166.306372744,Re_166p306373,high_re_2d_periodic_near_modeA,periodic,train,447.84250799,2
8218,166.306372744,Re_166p306373,high_re_2d_periodic_near_modeA,periodic,train,452.14868595,3
8219,166.306372744,Re_166p306373,high_re_2d_periodic_near_modeA,periodic,train,456.45486391,4
8220,166.306372744,Re_166p306373,high_re_2d_periodic_near_modeA,periodic,train,460.76104187,5
8221,166.306372744,Re_166p306373,high_re_2d_periodic_near_modeA,periodic,train,465.06721983,6
8222,166.306372744,Re_166p306373,high_re_2d_periodic_near_modeA,periodic,train,469.37339779,7
8223,166.306372744,Re_166p306373,high_re_2d_periodic_near_modeA,periodic,train,473.67957576,8
8224,166.306372744,Re_166p306373,high_re_2d_periodic_near_modeA,periodic,train,477.98575372,9
8225,166.306372744,Re_166p306373,high_re_2d_periodic_near_modeA,periodic,train,482.29193168,10
8226,166.306372744,Re_166p306373,high_re_2d_periodic_near_modeA,periodic,train,486.59810964,11
8227,166.306372744,Re_166p306373,high_re_2d_periodic_near_modeA,periodic,train,490.9042876,12
8228,166.306372744,Re_166p306373,high_re_2d_periodic_near_modeA,periodic,train,495.21046556,13
8229,166.306372744,Re_166p306373,high_re_2d_periodic_near_modeA,periodic,train,499.51664352,14
8230,166.306372744,Re_166p306373,high_re_2d_periodic_near_modeA,periodic,train,503.82282148,15
8231,166.306372744,Re_166p306373,high_re_2d_periodic_near_modeA,periodic,train,508.12899945,16
8232,166.306372744,Re_166p306373,high_re_2d_periodic_near_modeA,periodic,train,512.43517741,17
8233,166.306372744,Re_166p306373,high_re_2d_periodic_near_modeA,periodic,train,516.74135537,18
8234,166.306372744,Re_166p306373,high_re_2d_periodic_near_modeA,periodic,train,521.04753333,19
8235,166.306372744,Re_166p306373,high_re_2d_periodic_near_modeA,periodic,train,525.35371129,20
8236,166.306372744,Re_166p306373,high_re_2d_periodic_near_modeA,periodic,train,529.65988925,21
8237,166.306372744,Re_166p306373,high_re_2d_periodic_near_modeA,periodic,train,533.96606721,22
8238,166.306372744,Re_166p306373,high_re_2d_periodic_near_modeA,periodic,train,538.27224518,23
8239,166.306372744,Re_166p306373,high_re_2d_periodic_near_modeA,periodic,train,542.57842314,24
8240,166.306372744,Re_166p306373,high_re_2d_periodic_near_modeA,periodic,train,546.8846011,25
8241,166.306372744,Re_166p306373,high_re_2d_periodic_near_modeA,periodic,train,551.19077906,26
8242,166.306372744,Re_166p306373,high_re_2d_periodic_near_modeA,periodic,train,555.49695702,27
8243,166.306372744,Re_166p306373,high_re_2d_periodic_near_modeA,periodic,train,559.80313498,28
8244,166.306372744,Re_166p306373,high_re_2d_periodic_near_modeA,periodic,train,564.10931294,29
8245,166.306372744,Re_166p306373,high_re_2d_periodic_near_modeA,periodic,train,568.41549091,30
8246,166.306372744,Re_166p306373,high_re_2d_periodic_near_modeA,periodic,train,572.72166887,31
8247,166.306372744,Re_166p306373,high_re_2d_periodic_near_modeA,periodic,train,577.02784683,32
8248,166.306372744,Re_166p306373,high_re_2d_periodic_near_modeA,periodic,train,581.33402479,33
8249,166.306372744,Re_166p306373,high_re_2d_periodic_near_modeA,periodic,train,585.64020275,34
8250,166.306372744,Re_166p306373,high_re_2d_periodic_near_modeA,periodic,train,589.94638071,35
8251,166.306372744,Re_166p306373,high_re_2d_periodic_near_modeA,periodic,train,594.25255867,36
8252,166.306372744,Re_166p306373,high_re_2d_periodic_near_modeA,periodic,train,598.55873664,37
8253,166.306372744,Re_166p306373,high_re_2d_periodic_near_modeA,periodic,train,602.8649146,38
8254,166.306372744,Re_166p306373,high_re_2d_periodic_near_modeA,periodic,train,607.17109256,39
8255,166.306372744,Re_166p306373,high_re_2d_periodic_near_modeA,periodic,train,611.47727052,40
8256,166.306372744,Re_166p306373,high_re_2d_periodic_near_modeA,periodic,train,615.78344848,41
8257,166.306372744,Re_166p306373,high_re_2d_periodic_near_modeA,periodic,train,620.08962644,42
8258,166.306372744,Re_166p306373,high_re_2d_periodic_near_modeA,periodic,train,624.3958044,43
8259,166.306372744,Re_166p306373,high_re_2d_periodic_near_modeA,periodic,train,628.70198237,44
8260,166.306372744,Re_166p306373,high_re_2d_periodic_near_modeA,periodic,train,633.00816033,45
8261,166.306372744,Re_166p306373,high_re_2d_periodic_near_modeA,periodic,train,637.31433829,46
8262,166.306372744,Re_166p306373,high_re_2d_periodic_near_modeA,periodic,train,641.62051625,47
8263,166.306372744,Re_166p306373,high_re_2d_periodic_near_modeA,periodic,train,645.92669421,48
8264,166.306372744,Re_166p306373,high_re_2d_periodic_near_modeA,periodic,train,650.23287217,49
8265,166.306372744,Re_166p306373,high_re_2d_periodic_near_modeA,periodic,train,654.53905013,50
8266,166.306372744,Re_166p306373,high_re_2d_periodic_near_modeA,periodic,train,658.8452281,51
8267,166.306372744,Re_166p306373,high_re_2d_periodic_near_modeA,periodic,train,663.15140606,52
8268,166.306372744,Re_166p306373,high_re_2d_periodic_near_modeA,periodic,train,667.45758402,53
8269,166.306372744,Re_166p306373,high_re_2d_periodic_near_modeA,periodic,train,671.76376198,54
8270,166.306372744,Re_166p306373,high_re_2d_periodic_near_modeA,periodic,train,676.06993994,55
8271,166.306372744,Re_166p306373,high_re_2d_periodic_near_modeA,periodic,train,680.3761179,56
8272,166.306372744,Re_166p306373,high_re_2d_periodic_near_modeA,periodic,train,684.68229586,57
8273,166.306372744,Re_166p306373,high_re_2d_periodic_near_modeA,periodic,train,688.98847383,58
8274,166.306372744,Re_166p306373,high_re_2d_periodic_near_modeA,periodic,train,693.29465179,59
8275,166.306372744,Re_166p306373,high_re_2d_periodic_near_modeA,periodic,train,697.60082975,60
8276,166.306372744,Re_166p306373,high_re_2d_periodic_near_modeA,periodic,train,701.90700771,61
8277,166.306372744,Re_166p306373,high_re_2d_periodic_near_modeA,periodic,train,706.21318567,62
8278,166.306372744,Re_166p306373,high_re_2d_periodic_near_modeA,periodic,train,710.51936363,63
8279,166.306372744,Re_166p306373,high_re_2d_periodic_near_modeA,periodic,train,714.82554159,64
8280,166.306372744,Re_166p306373,high_re_2d_periodic_near_modeA,periodic,train,719.13171956,65
8281,166.306372744,Re_166p306373,high_re_2d_periodic_near_modeA,periodic,train,723.43789752,66
8282,166.306372744,Re_166p306373,high_re_2d_periodic_near_modeA,periodic,train,727.74407548,67
8283,166.306372744,Re_166p306373,high_re_2d_periodic_near_modeA,periodic,train,732.05025344,68
8284,166.306372744,Re_166p306373,high_re_2d_periodic_near_modeA,periodic,train,736.3564314,69
8285,166.306372744,Re_166p306373,high_re_2d_periodic_near_modeA,periodic,train,740.66260936,70
8286,166.306372744,Re_166p306373,high_re_2d_periodic_near_modeA,periodic,train,744.96878732,71
8287,166.306372744,Re_166p306373,high_re_2d_periodic_near_modeA,periodic,train,749.27496529,72
8288,166.306372744,Re_166p306373,high_re_2d_periodic_near_modeA,periodic,train,753.58114325,73
8289,166.306372744,Re_166p306373,high_re_2d_periodic_near_modeA,periodic,train,757.88732121,74
8290,166.306372744,Re_166p306373,high_re_2d_periodic_near_modeA,periodic,train,762.19349917,75
8291,166.306372744,Re_166p306373,high_re_2d_periodic_near_modeA,periodic,train,766.49967713,76
8292,166.306372744,Re_166p306373,high_re_2d_periodic_near_modeA,periodic,train,770.80585509,77
8293,166.306372744,Re_166p306373,high_re_2d_periodic_near_modeA,periodic,train,775.11203305,78
8294,166.306372744,Re_166p306373,high_re_2d_periodic_near_modeA,periodic,train,779.41821102,79
8295,166.306372744,Re_166p306373,high_re_2d_periodic_near_modeA,periodic,train,783.72438898,80
8296,166.306372744,Re_166p306373,high_re_2d_periodic_near_modeA,periodic,train,788.03056694,81
8297,166.306372744,Re_166p306373,high_re_2d_periodic_near_modeA,periodic,train,792.3367449,82
8298,166.306372744,Re_166p306373,high_re_2d_periodic_near_modeA,periodic,train,796.64292286,83
8299,166.306372744,Re_166p306373,high_re_2d_periodic_near_modeA,periodic,train,800.94910082,84
8300,166.306372744,Re_166p306373,high_re_2d_periodic_near_modeA,periodic,train,805.25527878,85
8301,166.306372744,Re_166p306373,high_re_2d_periodic_near_modeA,periodic,train,809.56145675,86
8302,166.306372744,Re_166p306373,high_re_2d_periodic_near_modeA,periodic,train,813.86763471,87
8303,166.306372744,Re_166p306373,high_re_2d_periodic_near_modeA,periodic,train,818.17381267,88
8304,166.306372744,Re_166p306373,high_re_2d_periodic_near_modeA,periodic,train,822.47999063,89
8305,166.306372744,Re_166p306373,high_re_2d_periodic_near_modeA,periodic,train,826.78616859,90
8306,166.306372744,Re_166p306373,high_re_2d_periodic_near_modeA,periodic,train,831.09234655,91
8307,166.306372744,Re_166p306373,high_re_2d_periodic_near_modeA,periodic,train,835.39852451,92
8308,166.306372744,Re_166p306373,high_re_2d_periodic_near_modeA,periodic,train,839.70470247,93
8309,166.306372744,Re_166p306373,high_re_2d_periodic_near_modeA,periodic,train,844.01088044,94
8310,166.306372744,Re_166p306373,high_re_2d_periodic_near_modeA,periodic,train,848.3170584,95
8311,166.306372744,Re_166p306373,high_re_2d_periodic_near_modeA,periodic,train,852.62323636,96
8312,166.306372744,Re_166p306373,high_re_2d_periodic_near_modeA,periodic,train,856.92941432,97
8313,166.306372744,Re_166p306373,high_re_2d_periodic_near_modeA,periodic,train,861.23559228,98
8314,166.306372744,Re_166p306373,high_re_2d_periodic_near_modeA,periodic,train,865.54177024,99
8315,166.306372744,Re_166p306373,high_re_2d_periodic_near_modeA,periodic,train,869.8479482,100
8316,166.306372744,Re_166p306373,high_re_2d_periodic_near_modeA,periodic,train,874.15412617,101
8317,166.306372744,Re_166p306373,high_re_2d_periodic_near_modeA,periodic,train,878.46030413,102
8318,166.306372744,Re_166p306373,high_re_2d_periodic_near_modeA,periodic,train,882.76648209,103
8319,166.306372744,Re_166p306373,high_re_2d_periodic_near_modeA,periodic,train,887.07266005,104
8320,166.306372744,Re_166p306373,high_re_2d_periodic_near_modeA,periodic,train,891.37883801,105
8321,166.306372744,Re_166p306373,high_re_2d_periodic_near_modeA,periodic,train,895.68501597,106
8322,166.306372744,Re_166p306373,high_re_2d_periodic_near_modeA,periodic,train,899.99119393,107
8323,166.306372744,Re_166p306373,high_re_2d_periodic_near_modeA,periodic,train,904.2973719,108
8324,166.306372744,Re_166p306373,high_re_2d_periodic_near_modeA,periodic,train,908.60354986,109
8325,166.306372744,Re_166p306373,high_re_2d_periodic_near_modeA,periodic,train,912.90972782,110
8326,166.306372744,Re_166p306373,high_re_2d_periodic_near_modeA,periodic,train,917.21590578,111
8327,166.306372744,Re_166p306373,high_re_2d_periodic_near_modeA,periodic,train,921.52208374,112
8328,166.306372744,Re_166p306373,high_re_2d_periodic_near_modeA,periodic,train,925.8282617,113
8329,166.306372744,Re_166p306373,high_re_2d_periodic_near_modeA,periodic,train,930.13443966,114
8330,166.306372744,Re_166p306373,high_re_2d_periodic_near_modeA,periodic,train,934.44061763,115
8331,166.306372744,Re_166p306373,high_re_2d_periodic_near_modeA,periodic,train,938.74679559,116
8332,166.306372744,Re_166p306373,high_re_2d_periodic_near_modeA,periodic,train,943.05297355,117
8333,166.306372744,Re_166p306373,high_re_2d_periodic_near_modeA,periodic,train,947.35915151,118
8334,166.306372744,Re_166p306373,high_re_2d_periodic_near_modeA,periodic,train,951.66532947,119
8335,166.306372744,Re_166p306373,high_re_2d_periodic_near_modeA,periodic,train,955.97150743,120
8336,166.306372744,Re_166p306373,high_re_2d_periodic_near_modeA,periodic,train,960.27768539,121
8337,166.306372744,Re_166p306373,high_re_2d_periodic_near_modeA,periodic,train,964.58386336,122
8338,166.306372744,Re_166p306373,high_re_2d_periodic_near_modeA,periodic,train,968.89004132,123
8339,166.306372744,Re_166p306373,high_re_2d_periodic_near_modeA,periodic,train,973.19621928,124
8340,166.306372744,Re_166p306373,high_re_2d_periodic_near_modeA,periodic,train,977.50239724,125
8341,166.306372744,Re_166p306373,high_re_2d_periodic_near_modeA,periodic,train,981.8085752,126
8342,166.306372744,Re_166p306373,high_re_2d_periodic_near_modeA,periodic,train,986.11475316,127
8343,166.306372744,Re_166p306373,high_re_2d_periodic_near_modeA,periodic,train,990.42093112,128
8344,166.306372744,Re_166p306373,high_re_2d_periodic_near_modeA,periodic,train,994.72710909,129
8345,166.306372744,Re_166p306373,high_re_2d_periodic_near_modeA,periodic,train,999.03328705,130
8346,166.306372744,Re_166p306373,high_re_2d_periodic_near_modeA,periodic,train,1003.33946501,131
8347,166.306372744,Re_166p306373,high_re_2d_periodic_near_modeA,periodic,train,1007.64564297,132
8348,166.306372744,Re_166p306373,high_re_2d_periodic_near_modeA,periodic,train,1011.95182093,133
8349,166.306372744,Re_166p306373,high_re_2d_periodic_near_modeA,periodic,train,1016.25799889,134
8350,166.306372744,Re_166p306373,high_re_2d_periodic_near_modeA,periodic,train,1020.56417685,135
8351,166.306372744,Re_166p306373,high_re_2d_periodic_near_modeA,periodic,train,1024.87035482,136
8352,166.306372744,Re_166p306373,high_re_2d_periodic_near_modeA,periodic,train,1029.17653278,137
8353,166.306372744,Re_166p306373,high_re_2d_periodic_near_modeA,periodic,train,1033.48271074,138
8354,166.306372744,Re_166p306373,high_re_2d_periodic_near_modeA,periodic,train,1037.7888887,139
8355,166.306372744,Re_166p306373,high_re_2d_periodic_near_modeA,periodic,train,1042.09506666,140
8356,166.306372744,Re_166p306373,high_re_2d_periodic_near_modeA,periodic,train,1046.40124462,141
8357,166.306372744,Re_166p306373,high_re_2d_periodic_near_modeA,periodic,train,1050.70742258,142
8358,166.306372744,Re_166p306373,high_re_2d_periodic_near_modeA,periodic,train,1055.01360055,143
8359,166.306372744,Re_166p306373,high_re_2d_periodic_near_modeA,periodic,train,1059.31977851,144
8360,166.306372744,Re_166p306373,high_re_2d_periodic_near_modeA,periodic,train,1063.62595647,145
8361,166.306372744,Re_166p306373,high_re_2d_periodic_near_modeA,periodic,train,1067.93213443,146
8362,166.306372744,Re_166p306373,high_re_2d_periodic_near_modeA,periodic,train,1072.23831239,147
8363,166.306372744,Re_166p306373,high_re_2d_periodic_near_modeA,periodic,train,1076.54449035,148
8364,166.306372744,Re_166p306373,high_re_2d_periodic_near_modeA,periodic,train,1080.85066831,149
8365,166.306372744,Re_166p306373,high_re_2d_periodic_near_modeA,periodic,train,1085.15684628,150
8366,166.306372744,Re_166p306373,high_re_2d_periodic_near_modeA,periodic,train,1089.46302424,151
8367,166.306372744,Re_166p306373,high_re_2d_periodic_near_modeA,periodic,train,1093.7692022,152
8368,166.306372744,Re_166p306373,high_re_2d_periodic_near_modeA,periodic,train,1098.07538016,153
8369,166.306372744,Re_166p306373,high_re_2d_periodic_near_modeA,periodic,train,1102.38155812,154
8370,166.306372744,Re_166p306373,high_re_2d_periodic_near_modeA,periodic,train,1106.68773608,155
8371,166.306372744,Re_166p306373,high_re_2d_periodic_near_modeA,periodic,train,1110.99391404,156
8372,166.306372744,Re_166p306373,high_re_2d_periodic_near_modeA,periodic,train,1115.30009201,157
8373,166.306372744,Re_166p306373,high_re_2d_periodic_near_modeA,periodic,train,1119.60626997,158
8374,166.306372744,Re_166p306373,high_re_2d_periodic_near_modeA,periodic,train,1123.91244793,159
8375,166.306372744,Re_166p306373,high_re_2d_periodic_near_modeA,periodic,train,1128.21862589,160
8376,169.244893107,Re_169p244893,high_re_2d_periodic_near_modeA,periodic,validation,440.0,0
8377,169.244893107,Re_169p244893,high_re_2d_periodic_near_modeA,periodic,validation,443.26407549,1
8378,169.244893107,Re_169p244893,high_re_2d_periodic_near_modeA,periodic,validation,447.48563812,2
8379,169.244893107,Re_169p244893,high_re_2d_periodic_near_modeA,periodic,validation,451.70720074,3
8380,169.244893107,Re_169p244893,high_re_2d_periodic_near_modeA,periodic,validation,455.92876336,4
8381,169.244893107,Re_169p244893,high_re_2d_periodic_near_modeA,periodic,validation,460.15032599,5
8382,169.244893107,Re_169p244893,high_re_2d_periodic_near_modeA,periodic,validation,464.37188861,6
8383,169.244893107,Re_169p244893,high_re_2d_periodic_near_modeA,periodic,validation,468.59345124,7
8384,169.244893107,Re_169p244893,high_re_2d_periodic_near_modeA,periodic,validation,472.81501386,8
8385,169.244893107,Re_169p244893,high_re_2d_periodic_near_modeA,periodic,validation,477.03657648,9
8386,169.244893107,Re_169p244893,high_re_2d_periodic_near_modeA,periodic,validation,481.25813911,10
8387,169.244893107,Re_169p244893,high_re_2d_periodic_near_modeA,periodic,validation,485.47970173,11
8388,169.244893107,Re_169p244893,high_re_2d_periodic_near_modeA,periodic,validation,489.70126435,12
8389,169.244893107,Re_169p244893,high_re_2d_periodic_near_modeA,periodic,validation,493.92282698,13
8390,169.244893107,Re_169p244893,high_re_2d_periodic_near_modeA,periodic,validation,498.1443896,14
8391,169.244893107,Re_169p244893,high_re_2d_periodic_near_modeA,periodic,validation,502.36595223,15
8392,169.244893107,Re_169p244893,high_re_2d_periodic_near_modeA,periodic,validation,506.58751485,16
8393,169.244893107,Re_169p244893,high_re_2d_periodic_near_modeA,periodic,validation,510.80907747,17
8394,169.244893107,Re_169p244893,high_re_2d_periodic_near_modeA,periodic,validation,515.0306401,18
8395,169.244893107,Re_169p244893,high_re_2d_periodic_near_modeA,periodic,validation,519.25220272,19
8396,169.244893107,Re_169p244893,high_re_2d_periodic_near_modeA,periodic,validation,523.47376534,20
8397,169.244893107,Re_169p244893,high_re_2d_periodic_near_modeA,periodic,validation,527.69532797,21
8398,169.244893107,Re_169p244893,high_re_2d_periodic_near_modeA,periodic,validation,531.91689059,22
8399,169.244893107,Re_169p244893,high_re_2d_periodic_near_modeA,periodic,validation,536.13845321,23
8400,169.244893107,Re_169p244893,high_re_2d_periodic_near_modeA,periodic,validation,540.36001584,24
8401,169.244893107,Re_169p244893,high_re_2d_periodic_near_modeA,periodic,validation,544.58157846,25
8402,169.244893107,Re_169p244893,high_re_2d_periodic_near_modeA,periodic,validation,548.80314109,26
8403,169.244893107,Re_169p244893,high_re_2d_periodic_near_modeA,periodic,validation,553.02470371,27
8404,169.244893107,Re_169p244893,high_re_2d_periodic_near_modeA,periodic,validation,557.24626633,28
8405,169.244893107,Re_169p244893,high_re_2d_periodic_near_modeA,periodic,validation,561.46782896,29
8406,169.244893107,Re_169p244893,high_re_2d_periodic_near_modeA,periodic,validation,565.68939158,30
8407,169.244893107,Re_169p244893,high_re_2d_periodic_near_modeA,periodic,validation,569.9109542,31
8408,169.244893107,Re_169p244893,high_re_2d_periodic_near_modeA,periodic,validation,574.13251683,32
8409,169.244893107,Re_169p244893,high_re_2d_periodic_near_modeA,periodic,validation,578.35407945,33
8410,169.244893107,Re_169p244893,high_re_2d_periodic_near_modeA,periodic,validation,582.57564208,34
8411,169.244893107,Re_169p244893,high_re_2d_periodic_near_modeA,periodic,validation,586.7972047,35
8412,169.244893107,Re_169p244893,high_re_2d_periodic_near_modeA,periodic,validation,591.01876732,36
8413,169.244893107,Re_169p244893,high_re_2d_periodic_near_modeA,periodic,validation,595.24032995,37
8414,169.244893107,Re_169p244893,high_re_2d_periodic_near_modeA,periodic,validation,599.46189257,38
8415,169.244893107,Re_169p244893,high_re_2d_periodic_near_modeA,periodic,validation,603.68345519,39
8416,169.244893107,Re_169p244893,high_re_2d_periodic_near_modeA,periodic,validation,607.90501782,40
8417,169.244893107,Re_169p244893,high_re_2d_periodic_near_modeA,periodic,validation,612.12658044,41
8418,169.244893107,Re_169p244893,high_re_2d_periodic_near_modeA,periodic,validation,616.34814307,42
8419,169.244893107,Re_169p244893,high_re_2d_periodic_near_modeA,periodic,validation,620.56970569,43
8420,169.244893107,Re_169p244893,high_re_2d_periodic_near_modeA,periodic,validation,624.79126831,44
8421,169.244893107,Re_169p244893,high_re_2d_periodic_near_modeA,periodic,validation,629.01283094,45
8422,169.244893107,Re_169p244893,high_re_2d_periodic_near_modeA,periodic,validation,633.23439356,46
8423,169.244893107,Re_169p244893,high_re_2d_periodic_near_modeA,periodic,validation,637.45595618,47
8424,169.244893107,Re_169p244893,high_re_2d_periodic_near_modeA,periodic,validation,641.67751881,48
8425,169.244893107,Re_169p244893,high_re_2d_periodic_near_modeA,periodic,validation,645.89908143,49
8426,169.244893107,Re_169p244893,high_re_2d_periodic_near_modeA,periodic,validation,650.12064406,50
8427,169.244893107,Re_169p244893,high_re_2d_periodic_near_modeA,periodic,validation,654.34220668,51
8428,169.244893107,Re_169p244893,high_re_2d_periodic_near_modeA,periodic,validation,658.5637693,52
8429,169.244893107,Re_169p244893,high_re_2d_periodic_near_modeA,periodic,validation,662.78533193,53
8430,169.244893107,Re_169p244893,high_re_2d_periodic_near_modeA,periodic,validation,667.00689455,54
8431,169.244893107,Re_169p244893,high_re_2d_periodic_near_modeA,periodic,validation,671.22845717,55
8432,169.244893107,Re_169p244893,high_re_2d_periodic_near_modeA,periodic,validation,675.4500198,56
8433,169.244893107,Re_169p244893,high_re_2d_periodic_near_modeA,periodic,validation,679.67158242,57
8434,169.244893107,Re_169p244893,high_re_2d_periodic_near_modeA,periodic,validation,683.89314505,58
8435,169.244893107,Re_169p244893,high_re_2d_periodic_near_modeA,periodic,validation,688.11470767,59
8436,169.244893107,Re_169p244893,high_re_2d_periodic_near_modeA,periodic,validation,692.33627029,60
8437,169.244893107,Re_169p244893,high_re_2d_periodic_near_modeA,periodic,validation,696.55783292,61
8438,169.244893107,Re_169p244893,high_re_2d_periodic_near_modeA,periodic,validation,700.77939554,62
8439,169.244893107,Re_169p244893,high_re_2d_periodic_near_modeA,periodic,validation,705.00095816,63
8440,169.244893107,Re_169p244893,high_re_2d_periodic_near_modeA,periodic,validation,709.22252079,64
8441,169.244893107,Re_169p244893,high_re_2d_periodic_near_modeA,periodic,validation,713.44408341,65
8442,169.244893107,Re_169p244893,high_re_2d_periodic_near_modeA,periodic,validation,717.66564604,66
8443,169.244893107,Re_169p244893,high_re_2d_periodic_near_modeA,periodic,validation,721.88720866,67
8444,169.244893107,Re_169p244893,high_re_2d_periodic_near_modeA,periodic,validation,726.10877128,68
8445,169.244893107,Re_169p244893,high_re_2d_periodic_near_modeA,periodic,validation,730.33033391,69
8446,169.244893107,Re_169p244893,high_re_2d_periodic_near_modeA,periodic,validation,734.55189653,70
8447,169.244893107,Re_169p244893,high_re_2d_periodic_near_modeA,periodic,validation,738.77345915,71
8448,169.244893107,Re_169p244893,high_re_2d_periodic_near_modeA,periodic,validation,742.99502178,72
8449,169.244893107,Re_169p244893,high_re_2d_periodic_near_modeA,periodic,validation,747.2165844,73
8450,169.244893107,Re_169p244893,high_re_2d_periodic_near_modeA,periodic,validation,751.43814703,74
8451,169.244893107,Re_169p244893,high_re_2d_periodic_near_modeA,periodic,validation,755.65970965,75
8452,169.244893107,Re_169p244893,high_re_2d_periodic_near_modeA,periodic,validation,759.88127227,76
8453,169.244893107,Re_169p244893,high_re_2d_periodic_near_modeA,periodic,validation,764.1028349,77
8454,169.244893107,Re_169p244893,high_re_2d_periodic_near_modeA,periodic,validation,768.32439752,78
8455,169.244893107,Re_169p244893,high_re_2d_periodic_near_modeA,periodic,validation,772.54596014,79
8456,169.244893107,Re_169p244893,high_re_2d_periodic_near_modeA,periodic,validation,776.76752277,80
8457,169.244893107,Re_169p244893,high_re_2d_periodic_near_modeA,periodic,validation,780.98908539,81
8458,169.244893107,Re_169p244893,high_re_2d_periodic_near_modeA,periodic,validation,785.21064802,82
8459,169.244893107,Re_169p244893,high_re_2d_periodic_near_modeA,periodic,validation,789.43221064,83
8460,169.244893107,Re_169p244893,high_re_2d_periodic_near_modeA,periodic,validation,793.65377326,84
8461,169.244893107,Re_169p244893,high_re_2d_periodic_near_modeA,periodic,validation,797.87533589,85
8462,169.244893107,Re_169p244893,high_re_2d_periodic_near_modeA,periodic,validation,802.09689851,86
8463,169.244893107,Re_169p244893,high_re_2d_periodic_near_modeA,periodic,validation,806.31846113,87
8464,169.244893107,Re_169p244893,high_re_2d_periodic_near_modeA,periodic,validation,810.54002376,88
8465,169.244893107,Re_169p244893,high_re_2d_periodic_near_modeA,periodic,validation,814.76158638,89
8466,169.244893107,Re_169p244893,high_re_2d_periodic_near_modeA,periodic,validation,818.98314901,90
8467,169.244893107,Re_169p244893,high_re_2d_periodic_near_modeA,periodic,validation,823.20471163,91
8468,169.244893107,Re_169p244893,high_re_2d_periodic_near_modeA,periodic,validation,827.42627425,92
8469,169.244893107,Re_169p244893,high_re_2d_periodic_near_modeA,periodic,validation,831.64783688,93
8470,169.244893107,Re_169p244893,high_re_2d_periodic_near_modeA,periodic,validation,835.8693995,94
8471,169.244893107,Re_169p244893,high_re_2d_periodic_near_modeA,periodic,validation,840.09096212,95
8472,169.244893107,Re_169p244893,high_re_2d_periodic_near_modeA,periodic,validation,844.31252475,96
8473,169.244893107,Re_169p244893,high_re_2d_periodic_near_modeA,periodic,validation,848.53408737,97
8474,169.244893107,Re_169p244893,high_re_2d_periodic_near_modeA,periodic,validation,852.75565,98
8475,169.244893107,Re_169p244893,high_re_2d_periodic_near_modeA,periodic,validation,856.97721262,99
8476,169.244893107,Re_169p244893,high_re_2d_periodic_near_modeA,periodic,validation,861.19877524,100
8477,169.244893107,Re_169p244893,high_re_2d_periodic_near_modeA,periodic,validation,865.42033787,101
8478,169.244893107,Re_169p244893,high_re_2d_periodic_near_modeA,periodic,validation,869.64190049,102
8479,169.244893107,Re_169p244893,high_re_2d_periodic_near_modeA,periodic,validation,873.86346311,103
8480,169.244893107,Re_169p244893,high_re_2d_periodic_near_modeA,periodic,validation,878.08502574,104
8481,169.244893107,Re_169p244893,high_re_2d_periodic_near_modeA,periodic,validation,882.30658836,105
8482,169.244893107,Re_169p244893,high_re_2d_periodic_near_modeA,periodic,validation,886.52815099,106
8483,169.244893107,Re_169p244893,high_re_2d_periodic_near_modeA,periodic,validation,890.74971361,107
8484,169.244893107,Re_169p244893,high_re_2d_periodic_near_modeA,periodic,validation,894.97127623,108
8485,169.244893107,Re_169p244893,high_re_2d_periodic_near_modeA,periodic,validation,899.19283886,109
8486,169.244893107,Re_169p244893,high_re_2d_periodic_near_modeA,periodic,validation,903.41440148,110
8487,169.244893107,Re_169p244893,high_re_2d_periodic_near_modeA,periodic,validation,907.6359641,111
8488,169.244893107,Re_169p244893,high_re_2d_periodic_near_modeA,periodic,validation,911.85752673,112
8489,169.244893107,Re_169p244893,high_re_2d_periodic_near_modeA,periodic,validation,916.07908935,113
8490,169.244893107,Re_169p244893,high_re_2d_periodic_near_modeA,periodic,validation,920.30065198,114
8491,169.244893107,Re_169p244893,high_re_2d_periodic_near_modeA,periodic,validation,924.5222146,115
8492,169.244893107,Re_169p244893,high_re_2d_periodic_near_modeA,periodic,validation,928.74377722,116
8493,169.244893107,Re_169p244893,high_re_2d_periodic_near_modeA,periodic,validation,932.96533985,117
8494,169.244893107,Re_169p244893,high_re_2d_periodic_near_modeA,periodic,validation,937.18690247,118
8495,169.244893107,Re_169p244893,high_re_2d_periodic_near_modeA,periodic,validation,941.40846509,119
8496,169.244893107,Re_169p244893,high_re_2d_periodic_near_modeA,periodic,validation,945.63002772,120
8497,169.244893107,Re_169p244893,high_re_2d_periodic_near_modeA,periodic,validation,949.85159034,121
8498,169.244893107,Re_169p244893,high_re_2d_periodic_near_modeA,periodic,validation,954.07315297,122
8499,169.244893107,Re_169p244893,high_re_2d_periodic_near_modeA,periodic,validation,958.29471559,123
8500,169.244893107,Re_169p244893,high_re_2d_periodic_near_modeA,periodic,validation,962.51627821,124
8501,169.244893107,Re_169p244893,high_re_2d_periodic_near_modeA,periodic,validation,966.73784084,125
8502,169.244893107,Re_169p244893,high_re_2d_periodic_near_modeA,periodic,validation,970.95940346,126
8503,169.244893107,Re_169p244893,high_re_2d_periodic_near_modeA,periodic,validation,975.18096608,127
8504,169.244893107,Re_169p244893,high_re_2d_periodic_near_modeA,periodic,validation,979.40252871,128
8505,169.244893107,Re_169p244893,high_re_2d_periodic_near_modeA,periodic,validation,983.62409133,129
8506,169.244893107,Re_169p244893,high_re_2d_periodic_near_modeA,periodic,validation,987.84565396,130
8507,169.244893107,Re_169p244893,high_re_2d_periodic_near_modeA,periodic,validation,992.06721658,131
8508,169.244893107,Re_169p244893,high_re_2d_periodic_near_modeA,periodic,validation,996.2887792,132
8509,169.244893107,Re_169p244893,high_re_2d_periodic_near_modeA,periodic,validation,1000.51034183,133
8510,169.244893107,Re_169p244893,high_re_2d_periodic_near_modeA,periodic,validation,1004.73190445,134
8511,169.244893107,Re_169p244893,high_re_2d_periodic_near_modeA,periodic,validation,1008.95346707,135
8512,169.244893107,Re_169p244893,high_re_2d_periodic_near_modeA,periodic,validation,1013.1750297,136
8513,169.244893107,Re_169p244893,high_re_2d_periodic_near_modeA,periodic,validation,1017.39659232,137
8514,169.244893107,Re_169p244893,high_re_2d_periodic_near_modeA,periodic,validation,1021.61815495,138
8515,169.244893107,Re_169p244893,high_re_2d_periodic_near_modeA,periodic,validation,1025.83971757,139
8516,169.244893107,Re_169p244893,high_re_2d_periodic_near_modeA,periodic,validation,1030.06128019,140
8517,169.244893107,Re_169p244893,high_re_2d_periodic_near_modeA,periodic,validation,1034.28284282,141
8518,169.244893107,Re_169p244893,high_re_2d_periodic_near_modeA,periodic,validation,1038.50440544,142
8519,169.244893107,Re_169p244893,high_re_2d_periodic_near_modeA,periodic,validation,1042.72596806,143
8520,169.244893107,Re_169p244893,high_re_2d_periodic_near_modeA,periodic,validation,1046.94753069,144
8521,169.244893107,Re_169p244893,high_re_2d_periodic_near_modeA,periodic,validation,1051.16909331,145
8522,169.244893107,Re_169p244893,high_re_2d_periodic_near_modeA,periodic,validation,1055.39065593,146
8523,169.244893107,Re_169p244893,high_re_2d_periodic_near_modeA,periodic,validation,1059.61221856,147
8524,169.244893107,Re_169p244893,high_re_2d_periodic_near_modeA,periodic,validation,1063.83378118,148
8525,169.244893107,Re_169p244893,high_re_2d_periodic_near_modeA,periodic,validation,1068.05534381,149
8526,169.244893107,Re_169p244893,high_re_2d_periodic_near_modeA,periodic,validation,1072.27690643,150
8527,169.244893107,Re_169p244893,high_re_2d_periodic_near_modeA,periodic,validation,1076.49846905,151
8528,169.244893107,Re_169p244893,high_re_2d_periodic_near_modeA,periodic,validation,1080.72003168,152
8529,169.244893107,Re_169p244893,high_re_2d_periodic_near_modeA,periodic,validation,1084.9415943,153
8530,169.244893107,Re_169p244893,high_re_2d_periodic_near_modeA,periodic,validation,1089.16315692,154
8531,169.244893107,Re_169p244893,high_re_2d_periodic_near_modeA,periodic,validation,1093.38471955,155
8532,169.244893107,Re_169p244893,high_re_2d_periodic_near_modeA,periodic,validation,1097.60628217,156
8533,169.244893107,Re_169p244893,high_re_2d_periodic_near_modeA,periodic,validation,1101.8278448,157
8534,169.244893107,Re_169p244893,high_re_2d_periodic_near_modeA,periodic,validation,1106.04940742,158
8535,169.244893107,Re_169p244893,high_re_2d_periodic_near_modeA,periodic,validation,1110.27097004,159
8536,169.244893107,Re_169p244893,high_re_2d_periodic_near_modeA,periodic,validation,1114.49253267,160
8537,172.181708206,Re_172p181708,high_re_2d_periodic_near_modeA,periodic,train,400.0,0
8538,172.181708206,Re_172p181708,high_re_2d_periodic_near_modeA,periodic,train,401.60472005,1
8539,172.181708206,Re_172p181708,high_re_2d_periodic_near_modeA,periodic,train,405.7449749,2
8540,172.181708206,Re_172p181708,high_re_2d_periodic_near_modeA,periodic,train,409.88522975,3
8541,172.181708206,Re_172p181708,high_re_2d_periodic_near_modeA,periodic,train,414.02548459,4
8542,172.181708206,Re_172p181708,high_re_2d_periodic_near_modeA,periodic,train,418.16573944,5
8543,172.181708206,Re_172p181708,high_re_2d_periodic_near_modeA,periodic,train,422.30599428,6
8544,172.181708206,Re_172p181708,high_re_2d_periodic_near_modeA,periodic,train,426.44624913,7
8545,172.181708206,Re_172p181708,high_re_2d_periodic_near_modeA,periodic,train,430.58650398,8
8546,172.181708206,Re_172p181708,high_re_2d_periodic_near_modeA,periodic,train,434.72675882,9
8547,172.181708206,Re_172p181708,high_re_2d_periodic_near_modeA,periodic,train,438.86701367,10
8548,172.181708206,Re_172p181708,high_re_2d_periodic_near_modeA,periodic,train,443.00726851,11
8549,172.181708206,Re_172p181708,high_re_2d_periodic_near_modeA,periodic,train,447.14752336,12
8550,172.181708206,Re_172p181708,high_re_2d_periodic_near_modeA,periodic,train,451.28777821,13
8551,172.181708206,Re_172p181708,high_re_2d_periodic_near_modeA,periodic,train,455.42803305,14
8552,172.181708206,Re_172p181708,high_re_2d_periodic_near_modeA,periodic,train,459.5682879,15
8553,172.181708206,Re_172p181708,high_re_2d_periodic_near_modeA,periodic,train,463.70854274,16
8554,172.181708206,Re_172p181708,high_re_2d_periodic_near_modeA,periodic,train,467.84879759,17
8555,172.181708206,Re_172p181708,high_re_2d_periodic_near_modeA,periodic,train,471.98905243,18
8556,172.181708206,Re_172p181708,high_re_2d_periodic_near_modeA,periodic,train,476.12930728,19
8557,172.181708206,Re_172p181708,high_re_2d_periodic_near_modeA,periodic,train,480.26956213,20
8558,172.181708206,Re_172p181708,high_re_2d_periodic_near_modeA,periodic,train,484.40981697,21
8559,172.181708206,Re_172p181708,high_re_2d_periodic_near_modeA,periodic,train,488.55007182,22
8560,172.181708206,Re_172p181708,high_re_2d_periodic_near_modeA,periodic,train,492.69032666,23
8561,172.181708206,Re_172p181708,high_re_2d_periodic_near_modeA,periodic,train,496.83058151,24
8562,172.181708206,Re_172p181708,high_re_2d_periodic_near_modeA,periodic,train,500.97083636,25
8563,172.181708206,Re_172p181708,high_re_2d_periodic_near_modeA,periodic,train,505.1110912,26
8564,172.181708206,Re_172p181708,high_re_2d_periodic_near_modeA,periodic,train,509.25134605,27
8565,172.181708206,Re_172p181708,high_re_2d_periodic_near_modeA,periodic,train,513.39160089,28
8566,172.181708206,Re_172p181708,high_re_2d_periodic_near_modeA,periodic,train,517.53185574,29
8567,172.181708206,Re_172p181708,high_re_2d_periodic_near_modeA,periodic,train,521.67211059,30
8568,172.181708206,Re_172p181708,high_re_2d_periodic_near_modeA,periodic,train,525.81236543,31
8569,172.181708206,Re_172p181708,high_re_2d_periodic_near_modeA,periodic,train,529.95262028,32
8570,172.181708206,Re_172p181708,high_re_2d_periodic_near_modeA,periodic,train,534.09287512,33
8571,172.181708206,Re_172p181708,high_re_2d_periodic_near_modeA,periodic,train,538.23312997,34
8572,172.181708206,Re_172p181708,high_re_2d_periodic_near_modeA,periodic,train,542.37338482,35
8573,172.181708206,Re_172p181708,high_re_2d_periodic_near_modeA,periodic,train,546.51363966,36
8574,172.181708206,Re_172p181708,high_re_2d_periodic_near_modeA,periodic,train,550.65389451,37
8575,172.181708206,Re_172p181708,high_re_2d_periodic_near_modeA,periodic,train,554.79414935,38
8576,172.181708206,Re_172p181708,high_re_2d_periodic_near_modeA,periodic,train,558.9344042,39
8577,172.181708206,Re_172p181708,high_re_2d_periodic_near_modeA,periodic,train,563.07465905,40
8578,172.181708206,Re_172p181708,high_re_2d_periodic_near_modeA,periodic,train,567.21491389,41
8579,172.181708206,Re_172p181708,high_re_2d_periodic_near_modeA,periodic,train,571.35516874,42
8580,172.181708206,Re_172p181708,high_re_2d_periodic_near_modeA,periodic,train,575.49542358,43
8581,172.181708206,Re_172p181708,high_re_2d_periodic_near_modeA,periodic,train,579.63567843,44
8582,172.181708206,Re_172p181708,high_re_2d_periodic_near_modeA,periodic,train,583.77593327,45
8583,172.181708206,Re_172p181708,high_re_2d_periodic_near_modeA,periodic,train,587.91618812,46
8584,172.181708206,Re_172p181708,high_re_2d_periodic_near_modeA,periodic,train,592.05644297,47
8585,172.181708206,Re_172p181708,high_re_2d_periodic_near_modeA,periodic,train,596.19669781,48
8586,172.181708206,Re_172p181708,high_re_2d_periodic_near_modeA,periodic,train,600.33695266,49
8587,172.181708206,Re_172p181708,high_re_2d_periodic_near_modeA,periodic,train,604.4772075,50
8588,172.181708206,Re_172p181708,high_re_2d_periodic_near_modeA,periodic,train,608.61746235,51
8589,172.181708206,Re_172p181708,high_re_2d_periodic_near_modeA,periodic,train,612.7577172,52
8590,172.181708206,Re_172p181708,high_re_2d_periodic_near_modeA,periodic,train,616.89797204,53
8591,172.181708206,Re_172p181708,high_re_2d_periodic_near_modeA,periodic,train,621.03822689,54
8592,172.181708206,Re_172p181708,high_re_2d_periodic_near_modeA,periodic,train,625.17848173,55
8593,172.181708206,Re_172p181708,high_re_2d_periodic_near_modeA,periodic,train,629.31873658,56
8594,172.181708206,Re_172p181708,high_re_2d_periodic_near_modeA,periodic,train,633.45899143,57
8595,172.181708206,Re_172p181708,high_re_2d_periodic_near_modeA,periodic,train,637.59924627,58
8596,172.181708206,Re_172p181708,high_re_2d_periodic_near_modeA,periodic,train,641.73950112,59
8597,172.181708206,Re_172p181708,high_re_2d_periodic_near_modeA,periodic,train,645.87975596,60
8598,172.181708206,Re_172p181708,high_re_2d_periodic_near_modeA,periodic,train,650.02001081,61
8599,172.181708206,Re_172p181708,high_re_2d_periodic_near_modeA,periodic,train,654.16026566,62
8600,172.181708206,Re_172p181708,high_re_2d_periodic_near_modeA,periodic,train,658.3005205,63
8601,172.181708206,Re_172p181708,high_re_2d_periodic_near_modeA,periodic,train,662.44077535,64
8602,172.181708206,Re_172p181708,high_re_2d_periodic_near_modeA,periodic,train,666.58103019,65
8603,172.181708206,Re_172p181708,high_re_2d_periodic_near_modeA,periodic,train,670.72128504,66
8604,172.181708206,Re_172p181708,high_re_2d_periodic_near_modeA,periodic,train,674.86153988,67
8605,172.181708206,Re_172p181708,high_re_2d_periodic_near_modeA,periodic,train,679.00179473,68
8606,172.181708206,Re_172p181708,high_re_2d_periodic_near_modeA,periodic,train,683.14204958,69
8607,172.181708206,Re_172p181708,high_re_2d_periodic_near_modeA,periodic,train,687.28230442,70
8608,172.181708206,Re_172p181708,high_re_2d_periodic_near_modeA,periodic,train,691.42255927,71
8609,172.181708206,Re_172p181708,high_re_2d_periodic_near_modeA,periodic,train,695.56281411,72
8610,172.181708206,Re_172p181708,high_re_2d_periodic_near_modeA,periodic,train,699.70306896,73
8611,172.181708206,Re_172p181708,high_re_2d_periodic_near_modeA,periodic,train,703.84332381,74
8612,172.181708206,Re_172p181708,high_re_2d_periodic_near_modeA,periodic,train,707.98357865,75
8613,172.181708206,Re_172p181708,high_re_2d_periodic_near_modeA,periodic,train,712.1238335,76
8614,172.181708206,Re_172p181708,high_re_2d_periodic_near_modeA,periodic,train,716.26408834,77
8615,172.181708206,Re_172p181708,high_re_2d_periodic_near_modeA,periodic,train,720.40434319,78
8616,172.181708206,Re_172p181708,high_re_2d_periodic_near_modeA,periodic,train,724.54459804,79
8617,172.181708206,Re_172p181708,high_re_2d_periodic_near_modeA,periodic,train,728.68485288,80
8618,172.181708206,Re_172p181708,high_re_2d_periodic_near_modeA,periodic,train,732.82510773,81
8619,172.181708206,Re_172p181708,high_re_2d_periodic_near_modeA,periodic,train,736.96536257,82
8620,172.181708206,Re_172p181708,high_re_2d_periodic_near_modeA,periodic,train,741.10561742,83
8621,172.181708206,Re_172p181708,high_re_2d_periodic_near_modeA,periodic,train,745.24587227,84
8622,172.181708206,Re_172p181708,high_re_2d_periodic_near_modeA,periodic,train,749.38612711,85
8623,172.181708206,Re_172p181708,high_re_2d_periodic_near_modeA,periodic,train,753.52638196,86
8624,172.181708206,Re_172p181708,high_re_2d_periodic_near_modeA,periodic,train,757.6666368,87
8625,172.181708206,Re_172p181708,high_re_2d_periodic_near_modeA,periodic,train,761.80689165,88
8626,172.181708206,Re_172p181708,high_re_2d_periodic_near_modeA,periodic,train,765.9471465,89
8627,172.181708206,Re_172p181708,high_re_2d_periodic_near_modeA,periodic,train,770.08740134,90
8628,172.181708206,Re_172p181708,high_re_2d_periodic_near_modeA,periodic,train,774.22765619,91
8629,172.181708206,Re_172p181708,high_re_2d_periodic_near_modeA,periodic,train,778.36791103,92
8630,172.181708206,Re_172p181708,high_re_2d_periodic_near_modeA,periodic,train,782.50816588,93
8631,172.181708206,Re_172p181708,high_re_2d_periodic_near_modeA,periodic,train,786.64842072,94
8632,172.181708206,Re_172p181708,high_re_2d_periodic_near_modeA,periodic,train,790.78867557,95
8633,172.181708206,Re_172p181708,high_re_2d_periodic_near_modeA,periodic,train,794.92893042,96
8634,172.181708206,Re_172p181708,high_re_2d_periodic_near_modeA,periodic,train,799.06918526,97
8635,172.181708206,Re_172p181708,high_re_2d_periodic_near_modeA,periodic,train,803.20944011,98
8636,172.181708206,Re_172p181708,high_re_2d_periodic_near_modeA,periodic,train,807.34969495,99
8637,172.181708206,Re_172p181708,high_re_2d_periodic_near_modeA,periodic,train,811.4899498,100
8638,172.181708206,Re_172p181708,high_re_2d_periodic_near_modeA,periodic,train,815.63020465,101
8639,172.181708206,Re_172p181708,high_re_2d_periodic_near_modeA,periodic,train,819.77045949,102
8640,172.181708206,Re_172p181708,high_re_2d_periodic_near_modeA,periodic,train,823.91071434,103
8641,172.181708206,Re_172p181708,high_re_2d_periodic_near_modeA,periodic,train,828.05096918,104
8642,172.181708206,Re_172p181708,high_re_2d_periodic_near_modeA,periodic,train,832.19122403,105
8643,172.181708206,Re_172p181708,high_re_2d_periodic_near_modeA,periodic,train,836.33147888,106
8644,172.181708206,Re_172p181708,high_re_2d_periodic_near_modeA,periodic,train,840.47173372,107
8645,172.181708206,Re_172p181708,high_re_2d_periodic_near_modeA,periodic,train,844.61198857,108
8646,172.181708206,Re_172p181708,high_re_2d_periodic_near_modeA,periodic,train,848.75224341,109
8647,172.181708206,Re_172p181708,high_re_2d_periodic_near_modeA,periodic,train,852.89249826,110
8648,172.181708206,Re_172p181708,high_re_2d_periodic_near_modeA,periodic,train,857.03275311,111
8649,172.181708206,Re_172p181708,high_re_2d_periodic_near_modeA,periodic,train,861.17300795,112
8650,172.181708206,Re_172p181708,high_re_2d_periodic_near_modeA,periodic,train,865.3132628,113
8651,172.181708206,Re_172p181708,high_re_2d_periodic_near_modeA,periodic,train,869.45351764,114
8652,172.181708206,Re_172p181708,high_re_2d_periodic_near_modeA,periodic,train,873.59377249,115
8653,172.181708206,Re_172p181708,high_re_2d_periodic_near_modeA,periodic,train,877.73402734,116
8654,172.181708206,Re_172p181708,high_re_2d_periodic_near_modeA,periodic,train,881.87428218,117
8655,172.181708206,Re_172p181708,high_re_2d_periodic_near_modeA,periodic,train,886.01453703,118
8656,172.181708206,Re_172p181708,high_re_2d_periodic_near_modeA,periodic,train,890.15479187,119
8657,172.181708206,Re_172p181708,high_re_2d_periodic_near_modeA,periodic,train,894.29504672,120
8658,172.181708206,Re_172p181708,high_re_2d_periodic_near_modeA,periodic,train,898.43530156,121
8659,172.181708206,Re_172p181708,high_re_2d_periodic_near_modeA,periodic,train,902.57555641,122
8660,172.181708206,Re_172p181708,high_re_2d_periodic_near_modeA,periodic,train,906.71581126,123
8661,172.181708206,Re_172p181708,high_re_2d_periodic_near_modeA,periodic,train,910.8560661,124
8662,172.181708206,Re_172p181708,high_re_2d_periodic_near_modeA,periodic,train,914.99632095,125
8663,172.181708206,Re_172p181708,high_re_2d_periodic_near_modeA,periodic,train,919.13657579,126
8664,172.181708206,Re_172p181708,high_re_2d_periodic_near_modeA,periodic,train,923.27683064,127
8665,172.181708206,Re_172p181708,high_re_2d_periodic_near_modeA,periodic,train,927.41708549,128
8666,172.181708206,Re_172p181708,high_re_2d_periodic_near_modeA,periodic,train,931.55734033,129
8667,172.181708206,Re_172p181708,high_re_2d_periodic_near_modeA,periodic,train,935.69759518,130
8668,172.181708206,Re_172p181708,high_re_2d_periodic_near_modeA,periodic,train,939.83785002,131
8669,172.181708206,Re_172p181708,high_re_2d_periodic_near_modeA,periodic,train,943.97810487,132
8670,172.181708206,Re_172p181708,high_re_2d_periodic_near_modeA,periodic,train,948.11835972,133
8671,172.181708206,Re_172p181708,high_re_2d_periodic_near_modeA,periodic,train,952.25861456,134
8672,172.181708206,Re_172p181708,high_re_2d_periodic_near_modeA,periodic,train,956.39886941,135
8673,172.181708206,Re_172p181708,high_re_2d_periodic_near_modeA,periodic,train,960.53912425,136
8674,172.181708206,Re_172p181708,high_re_2d_periodic_near_modeA,periodic,train,964.6793791,137
8675,172.181708206,Re_172p181708,high_re_2d_periodic_near_modeA,periodic,train,968.81963395,138
8676,172.181708206,Re_172p181708,high_re_2d_periodic_near_modeA,periodic,train,972.95988879,139
8677,172.181708206,Re_172p181708,high_re_2d_periodic_near_modeA,periodic,train,977.10014364,140
8678,172.181708206,Re_172p181708,high_re_2d_periodic_near_modeA,periodic,train,981.24039848,141
8679,172.181708206,Re_172p181708,high_re_2d_periodic_near_modeA,periodic,train,985.38065333,142
8680,172.181708206,Re_172p181708,high_re_2d_periodic_near_modeA,periodic,train,989.52090817,143
8681,172.181708206,Re_172p181708,high_re_2d_periodic_near_modeA,periodic,train,993.66116302,144
8682,172.181708206,Re_172p181708,high_re_2d_periodic_near_modeA,periodic,train,997.80141787,145
8683,172.181708206,Re_172p181708,high_re_2d_periodic_near_modeA,periodic,train,1001.94167271,146
8684,172.181708206,Re_172p181708,high_re_2d_periodic_near_modeA,periodic,train,1006.08192756,147
8685,172.181708206,Re_172p181708,high_re_2d_periodic_near_modeA,periodic,train,1010.2221824,148
8686,172.181708206,Re_172p181708,high_re_2d_periodic_near_modeA,periodic,train,1014.36243725,149
8687,172.181708206,Re_172p181708,high_re_2d_periodic_near_modeA,periodic,train,1018.5026921,150
8688,172.181708206,Re_172p181708,high_re_2d_periodic_near_modeA,periodic,train,1022.64294694,151
8689,172.181708206,Re_172p181708,high_re_2d_periodic_near_modeA,periodic,train,1026.78320179,152
8690,172.181708206,Re_172p181708,high_re_2d_periodic_near_modeA,periodic,train,1030.92345663,153
8691,172.181708206,Re_172p181708,high_re_2d_periodic_near_modeA,periodic,train,1035.06371148,154
8692,172.181708206,Re_172p181708,high_re_2d_periodic_near_modeA,periodic,train,1039.20396633,155
8693,172.181708206,Re_172p181708,high_re_2d_periodic_near_modeA,periodic,train,1043.34422117,156
8694,172.181708206,Re_172p181708,high_re_2d_periodic_near_modeA,periodic,train,1047.48447602,157
8695,172.181708206,Re_172p181708,high_re_2d_periodic_near_modeA,periodic,train,1051.62473086,158
8696,172.181708206,Re_172p181708,high_re_2d_periodic_near_modeA,periodic,train,1055.76498571,159
8697,172.181708206,Re_172p181708,high_re_2d_periodic_near_modeA,periodic,train,1059.90524056,160
8698,175.117940142,Re_175p117940,high_re_2d_periodic_near_modeA,periodic,train,400.0,0
8699,175.117940142,Re_175p117940,high_re_2d_periodic_near_modeA,periodic,train,402.14147699,1
8700,175.117940142,Re_175p117940,high_re_2d_periodic_near_modeA,periodic,train,406.20351212,2
8701,175.117940142,Re_175p117940,high_re_2d_periodic_near_modeA,periodic,train,410.26554724,3
8702,175.117940142,Re_175p117940,high_re_2d_periodic_near_modeA,periodic,train,414.32758236,4
8703,175.117940142,Re_175p117940,high_re_2d_periodic_near_modeA,periodic,train,418.38961748,5
8704,175.117940142,Re_175p117940,high_re_2d_periodic_near_modeA,periodic,train,422.4516526,6
8705,175.117940142,Re_175p117940,high_re_2d_periodic_near_modeA,periodic,train,426.51368772,7
8706,175.117940142,Re_175p117940,high_re_2d_periodic_near_modeA,periodic,train,430.57572284,8
8707,175.117940142,Re_175p117940,high_re_2d_periodic_near_modeA,periodic,train,434.63775796,9
8708,175.117940142,Re_175p117940,high_re_2d_periodic_near_modeA,periodic,train,438.69979308,10
8709,175.117940142,Re_175p117940,high_re_2d_periodic_near_modeA,periodic,train,442.76182821,11
8710,175.117940142,Re_175p117940,high_re_2d_periodic_near_modeA,periodic,train,446.82386333,12
8711,175.117940142,Re_175p117940,high_re_2d_periodic_near_modeA,periodic,train,450.88589845,13
8712,175.117940142,Re_175p117940,high_re_2d_periodic_near_modeA,periodic,train,454.94793357,14
8713,175.117940142,Re_175p117940,high_re_2d_periodic_near_modeA,periodic,train,459.00996869,15
8714,175.117940142,Re_175p117940,high_re_2d_periodic_near_modeA,periodic,train,463.07200381,16
8715,175.117940142,Re_175p117940,high_re_2d_periodic_near_modeA,periodic,train,467.13403893,17
8716,175.117940142,Re_175p117940,high_re_2d_periodic_near_modeA,periodic,train,471.19607405,18
8717,175.117940142,Re_175p117940,high_re_2d_periodic_near_modeA,periodic,train,475.25810917,19
8718,175.117940142,Re_175p117940,high_re_2d_periodic_near_modeA,periodic,train,479.3201443,20
8719,175.117940142,Re_175p117940,high_re_2d_periodic_near_modeA,periodic,train,483.38217942,21
8720,175.117940142,Re_175p117940,high_re_2d_periodic_near_modeA,periodic,train,487.44421454,22
8721,175.117940142,Re_175p117940,high_re_2d_periodic_near_modeA,periodic,train,491.50624966,23
8722,175.117940142,Re_175p117940,high_re_2d_periodic_near_modeA,periodic,train,495.56828478,24
8723,175.117940142,Re_175p117940,high_re_2d_periodic_near_modeA,periodic,train,499.6303199,25
8724,175.117940142,Re_175p117940,high_re_2d_periodic_near_modeA,periodic,train,503.69235502,26
8725,175.117940142,Re_175p117940,high_re_2d_periodic_near_modeA,periodic,train,507.75439014,27
8726,175.117940142,Re_175p117940,high_re_2d_periodic_near_modeA,periodic,train,511.81642526,28
8727,175.117940142,Re_175p117940,high_re_2d_periodic_near_modeA,periodic,train,515.87846039,29
8728,175.117940142,Re_175p117940,high_re_2d_periodic_near_modeA,periodic,train,519.94049551,30
8729,175.117940142,Re_175p117940,high_re_2d_periodic_near_modeA,periodic,train,524.00253063,31
8730,175.117940142,Re_175p117940,high_re_2d_periodic_near_modeA,periodic,train,528.06456575,32
8731,175.117940142,Re_175p117940,high_re_2d_periodic_near_modeA,periodic,train,532.12660087,33
8732,175.117940142,Re_175p117940,high_re_2d_periodic_near_modeA,periodic,train,536.18863599,34
8733,175.117940142,Re_175p117940,high_re_2d_periodic_near_modeA,periodic,train,540.25067111,35
8734,175.117940142,Re_175p117940,high_re_2d_periodic_near_modeA,periodic,train,544.31270623,36
8735,175.117940142,Re_175p117940,high_re_2d_periodic_near_modeA,periodic,train,548.37474136,37
8736,175.117940142,Re_175p117940,high_re_2d_periodic_near_modeA,periodic,train,552.43677648,38
8737,175.117940142,Re_175p117940,high_re_2d_periodic_near_modeA,periodic,train,556.4988116,39
8738,175.117940142,Re_175p117940,high_re_2d_periodic_near_modeA,periodic,train,560.56084672,40
8739,175.117940142,Re_175p117940,high_re_2d_periodic_near_modeA,periodic,train,564.62288184,41
8740,175.117940142,Re_175p117940,high_re_2d_periodic_near_modeA,periodic,train,568.68491696,42
8741,175.117940142,Re_175p117940,high_re_2d_periodic_near_modeA,periodic,train,572.74695208,43
8742,175.117940142,Re_175p117940,high_re_2d_periodic_near_modeA,periodic,train,576.8089872,44
8743,175.117940142,Re_175p117940,high_re_2d_periodic_near_modeA,periodic,train,580.87102232,45
8744,175.117940142,Re_175p117940,high_re_2d_periodic_near_modeA,periodic,train,584.93305745,46
8745,175.117940142,Re_175p117940,high_re_2d_periodic_near_modeA,periodic,train,588.99509257,47
8746,175.117940142,Re_175p117940,high_re_2d_periodic_near_modeA,periodic,train,593.05712769,48
8747,175.117940142,Re_175p117940,high_re_2d_periodic_near_modeA,periodic,train,597.11916281,49
8748,175.117940142,Re_175p117940,high_re_2d_periodic_near_modeA,periodic,train,601.18119793,50
8749,175.117940142,Re_175p117940,high_re_2d_periodic_near_modeA,periodic,train,605.24323305,51
8750,175.117940142,Re_175p117940,high_re_2d_periodic_near_modeA,periodic,train,609.30526817,52
8751,175.117940142,Re_175p117940,high_re_2d_periodic_near_modeA,periodic,train,613.36730329,53
8752,175.117940142,Re_175p117940,high_re_2d_periodic_near_modeA,periodic,train,617.42933841,54
8753,175.117940142,Re_175p117940,high_re_2d_periodic_near_modeA,periodic,train,621.49137354,55
8754,175.117940142,Re_175p117940,high_re_2d_periodic_near_modeA,periodic,train,625.55340866,56
8755,175.117940142,Re_175p117940,high_re_2d_periodic_near_modeA,periodic,train,629.61544378,57
8756,175.117940142,Re_175p117940,high_re_2d_periodic_near_modeA,periodic,train,633.6774789,58
8757,175.117940142,Re_175p117940,high_re_2d_periodic_near_modeA,periodic,train,637.73951402,59
8758,175.117940142,Re_175p117940,high_re_2d_periodic_near_modeA,periodic,train,641.80154914,60
8759,175.117940142,Re_175p117940,high_re_2d_periodic_near_modeA,periodic,train,645.86358426,61
8760,175.117940142,Re_175p117940,high_re_2d_periodic_near_modeA,periodic,train,649.92561938,62
8761,175.117940142,Re_175p117940,high_re_2d_periodic_near_modeA,periodic,train,653.98765451,63
8762,175.117940142,Re_175p117940,high_re_2d_periodic_near_modeA,periodic,train,658.04968963,64
8763,175.117940142,Re_175p117940,high_re_2d_periodic_near_modeA,periodic,train,662.11172475,65
8764,175.117940142,Re_175p117940,high_re_2d_periodic_near_modeA,periodic,train,666.17375987,66
8765,175.117940142,Re_175p117940,high_re_2d_periodic_near_modeA,periodic,train,670.23579499,67
8766,175.117940142,Re_175p117940,high_re_2d_periodic_near_modeA,periodic,train,674.29783011,68
8767,175.117940142,Re_175p117940,high_re_2d_periodic_near_modeA,periodic,train,678.35986523,69
8768,175.117940142,Re_175p117940,high_re_2d_periodic_near_modeA,periodic,train,682.42190035,70
8769,175.117940142,Re_175p117940,high_re_2d_periodic_near_modeA,periodic,train,686.48393547,71
8770,175.117940142,Re_175p117940,high_re_2d_periodic_near_modeA,periodic,train,690.5459706,72
8771,175.117940142,Re_175p117940,high_re_2d_periodic_near_modeA,periodic,train,694.60800572,73
8772,175.117940142,Re_175p117940,high_re_2d_periodic_near_modeA,periodic,train,698.67004084,74
8773,175.117940142,Re_175p117940,high_re_2d_periodic_near_modeA,periodic,train,702.73207596,75
8774,175.117940142,Re_175p117940,high_re_2d_periodic_near_modeA,periodic,train,706.79411108,76
8775,175.117940142,Re_175p117940,high_re_2d_periodic_near_modeA,periodic,train,710.8561462,77
8776,175.117940142,Re_175p117940,high_re_2d_periodic_near_modeA,periodic,train,714.91818132,78
8777,175.117940142,Re_175p117940,high_re_2d_periodic_near_modeA,periodic,train,718.98021644,79
8778,175.117940142,Re_175p117940,high_re_2d_periodic_near_modeA,periodic,train,723.04225156,80
8779,175.117940142,Re_175p117940,high_re_2d_periodic_near_modeA,periodic,train,727.10428669,81
8780,175.117940142,Re_175p117940,high_re_2d_periodic_near_modeA,periodic,train,731.16632181,82
8781,175.117940142,Re_175p117940,high_re_2d_periodic_near_modeA,periodic,train,735.22835693,83
8782,175.117940142,Re_175p117940,high_re_2d_periodic_near_modeA,periodic,train,739.29039205,84
8783,175.117940142,Re_175p117940,high_re_2d_periodic_near_modeA,periodic,train,743.35242717,85
8784,175.117940142,Re_175p117940,high_re_2d_periodic_near_modeA,periodic,train,747.41446229,86
8785,175.117940142,Re_175p117940,high_re_2d_periodic_near_modeA,periodic,train,751.47649741,87
8786,175.117940142,Re_175p117940,high_re_2d_periodic_near_modeA,periodic,train,755.53853253,88
8787,175.117940142,Re_175p117940,high_re_2d_periodic_near_modeA,periodic,train,759.60056766,89
8788,175.117940142,Re_175p117940,high_re_2d_periodic_near_modeA,periodic,train,763.66260278,90
8789,175.117940142,Re_175p117940,high_re_2d_periodic_near_modeA,periodic,train,767.7246379,91
8790,175.117940142,Re_175p117940,high_re_2d_periodic_near_modeA,periodic,train,771.78667302,92
8791,175.117940142,Re_175p117940,high_re_2d_periodic_near_modeA,periodic,train,775.84870814,93
8792,175.117940142,Re_175p117940,high_re_2d_periodic_near_modeA,periodic,train,779.91074326,94
8793,175.117940142,Re_175p117940,high_re_2d_periodic_near_modeA,periodic,train,783.97277838,95
8794,175.117940142,Re_175p117940,high_re_2d_periodic_near_modeA,periodic,train,788.0348135,96
8795,175.117940142,Re_175p117940,high_re_2d_periodic_near_modeA,periodic,train,792.09684862,97
8796,175.117940142,Re_175p117940,high_re_2d_periodic_near_modeA,periodic,train,796.15888375,98
8797,175.117940142,Re_175p117940,high_re_2d_periodic_near_modeA,periodic,train,800.22091887,99
8798,175.117940142,Re_175p117940,high_re_2d_periodic_near_modeA,periodic,train,804.28295399,100
8799,175.117940142,Re_175p117940,high_re_2d_periodic_near_modeA,periodic,train,808.34498911,101
8800,175.117940142,Re_175p117940,high_re_2d_periodic_near_modeA,periodic,train,812.40702423,102
8801,175.117940142,Re_175p117940,high_re_2d_periodic_near_modeA,periodic,train,816.46905935,103
8802,175.117940142,Re_175p117940,high_re_2d_periodic_near_modeA,periodic,train,820.53109447,104
8803,175.117940142,Re_175p117940,high_re_2d_periodic_near_modeA,periodic,train,824.59312959,105
8804,175.117940142,Re_175p117940,high_re_2d_periodic_near_modeA,periodic,train,828.65516471,106
8805,175.117940142,Re_175p117940,high_re_2d_periodic_near_modeA,periodic,train,832.71719984,107
8806,175.117940142,Re_175p117940,high_re_2d_periodic_near_modeA,periodic,train,836.77923496,108
8807,175.117940142,Re_175p117940,high_re_2d_periodic_near_modeA,periodic,train,840.84127008,109
8808,175.117940142,Re_175p117940,high_re_2d_periodic_near_modeA,periodic,train,844.9033052,110
8809,175.117940142,Re_175p117940,high_re_2d_periodic_near_modeA,periodic,train,848.96534032,111
8810,175.117940142,Re_175p117940,high_re_2d_periodic_near_modeA,periodic,train,853.02737544,112
8811,175.117940142,Re_175p117940,high_re_2d_periodic_near_modeA,periodic,train,857.08941056,113
8812,175.117940142,Re_175p117940,high_re_2d_periodic_near_modeA,periodic,train,861.15144568,114
8813,175.117940142,Re_175p117940,high_re_2d_periodic_near_modeA,periodic,train,865.2134808,115
8814,175.117940142,Re_175p117940,high_re_2d_periodic_near_modeA,periodic,train,869.27551593,116
8815,175.117940142,Re_175p117940,high_re_2d_periodic_near_modeA,periodic,train,873.33755105,117
8816,175.117940142,Re_175p117940,high_re_2d_periodic_near_modeA,periodic,train,877.39958617,118
8817,175.117940142,Re_175p117940,high_re_2d_periodic_near_modeA,periodic,train,881.46162129,119
8818,175.117940142,Re_175p117940,high_re_2d_periodic_near_modeA,periodic,train,885.52365641,120
8819,175.117940142,Re_175p117940,high_re_2d_periodic_near_modeA,periodic,train,889.58569153,121
8820,175.117940142,Re_175p117940,high_re_2d_periodic_near_modeA,periodic,train,893.64772665,122
8821,175.117940142,Re_175p117940,high_re_2d_periodic_near_modeA,periodic,train,897.70976177,123
8822,175.117940142,Re_175p117940,high_re_2d_periodic_near_modeA,periodic,train,901.7717969,124
8823,175.117940142,Re_175p117940,high_re_2d_periodic_near_modeA,periodic,train,905.83383202,125
8824,175.117940142,Re_175p117940,high_re_2d_periodic_near_modeA,periodic,train,909.89586714,126
8825,175.117940142,Re_175p117940,high_re_2d_periodic_near_modeA,periodic,train,913.95790226,127
8826,175.117940142,Re_175p117940,high_re_2d_periodic_near_modeA,periodic,train,918.01993738,128
8827,175.117940142,Re_175p117940,high_re_2d_periodic_near_modeA,periodic,train,922.0819725,129
8828,175.117940142,Re_175p117940,high_re_2d_periodic_near_modeA,periodic,train,926.14400762,130
8829,175.117940142,Re_175p117940,high_re_2d_periodic_near_modeA,periodic,train,930.20604274,131
8830,175.117940142,Re_175p117940,high_re_2d_periodic_near_modeA,periodic,train,934.26807786,132
8831,175.117940142,Re_175p117940,high_re_2d_periodic_near_modeA,periodic,train,938.33011299,133
8832,175.117940142,Re_175p117940,high_re_2d_periodic_near_modeA,periodic,train,942.39214811,134
8833,175.117940142,Re_175p117940,high_re_2d_periodic_near_modeA,periodic,train,946.45418323,135
8834,175.117940142,Re_175p117940,high_re_2d_periodic_near_modeA,periodic,train,950.51621835,136
8835,175.117940142,Re_175p117940,high_re_2d_periodic_near_modeA,periodic,train,954.57825347,137
8836,175.117940142,Re_175p117940,high_re_2d_periodic_near_modeA,periodic,train,958.64028859,138
8837,175.117940142,Re_175p117940,high_re_2d_periodic_near_modeA,periodic,train,962.70232371,139
8838,175.117940142,Re_175p117940,high_re_2d_periodic_near_modeA,periodic,train,966.76435883,140
8839,175.117940142,Re_175p117940,high_re_2d_periodic_near_modeA,periodic,train,970.82639395,141
8840,175.117940142,Re_175p117940,high_re_2d_periodic_near_modeA,periodic,train,974.88842908,142
8841,175.117940142,Re_175p117940,high_re_2d_periodic_near_modeA,periodic,train,978.9504642,143
8842,175.117940142,Re_175p117940,high_re_2d_periodic_near_modeA,periodic,train,983.01249932,144
8843,175.117940142,Re_175p117940,high_re_2d_periodic_near_modeA,periodic,train,987.07453444,145
8844,175.117940142,Re_175p117940,high_re_2d_periodic_near_modeA,periodic,train,991.13656956,146
8845,175.117940142,Re_175p117940,high_re_2d_periodic_near_modeA,periodic,train,995.19860468,147
8846,175.117940142,Re_175p117940,high_re_2d_periodic_near_modeA,periodic,train,999.2606398,148
8847,175.117940142,Re_175p117940,high_re_2d_periodic_near_modeA,periodic,train,1003.32267492,149
8848,175.117940142,Re_175p117940,high_re_2d_periodic_near_modeA,periodic,train,1007.38471005,150
8849,175.117940142,Re_175p117940,high_re_2d_periodic_near_modeA,periodic,train,1011.44674517,151
8850,175.117940142,Re_175p117940,high_re_2d_periodic_near_modeA,periodic,train,1015.50878029,152
8851,175.117940142,Re_175p117940,high_re_2d_periodic_near_modeA,periodic,train,1019.57081541,153
8852,175.117940142,Re_175p117940,high_re_2d_periodic_near_modeA,periodic,train,1023.63285053,154
8853,175.117940142,Re_175p117940,high_re_2d_periodic_near_modeA,periodic,train,1027.69488565,155
8854,175.117940142,Re_175p117940,high_re_2d_periodic_near_modeA,periodic,train,1031.75692077,156
8855,175.117940142,Re_175p117940,high_re_2d_periodic_near_modeA,periodic,train,1035.81895589,157
8856,175.117940142,Re_175p117940,high_re_2d_periodic_near_modeA,periodic,train,1039.88099101,158
8857,175.117940142,Re_175p117940,high_re_2d_periodic_near_modeA,periodic,train,1043.94302614,159
8858,175.117940142,Re_175p117940,high_re_2d_periodic_near_modeA,periodic,train,1048.00506126,160
8859,178.05436806,Re_178p054368,high_re_2d_periodic_near_modeA,periodic,train,400.0,0
8860,178.05436806,Re_178p054368,high_re_2d_periodic_near_modeA,periodic,train,402.65783031,1
8861,178.05436806,Re_178p054368,high_re_2d_periodic_near_modeA,periodic,train,406.6445415,2
8862,178.05436806,Re_178p054368,high_re_2d_periodic_near_modeA,periodic,train,410.63125269,3
8863,178.05436806,Re_178p054368,high_re_2d_periodic_near_modeA,periodic,train,414.61796388,4
8864,178.05436806,Re_178p054368,high_re_2d_periodic_near_modeA,periodic,train,418.60467507,5
8865,178.05436806,Re_178p054368,high_re_2d_periodic_near_modeA,periodic,train,422.59138626,6
8866,178.05436806,Re_178p054368,high_re_2d_periodic_near_modeA,periodic,train,426.57809745,7
8867,178.05436806,Re_178p054368,high_re_2d_periodic_near_modeA,periodic,train,430.56480865,8
8868,178.05436806,Re_178p054368,high_re_2d_periodic_near_modeA,periodic,train,434.55151984,9
8869,178.05436806,Re_178p054368,high_re_2d_periodic_near_modeA,periodic,train,438.53823103,10
8870,178.05436806,Re_178p054368,high_re_2d_periodic_near_modeA,periodic,train,442.52494222,11
8871,178.05436806,Re_178p054368,high_re_2d_periodic_near_modeA,periodic,train,446.51165341,12
8872,178.05436806,Re_178p054368,high_re_2d_periodic_near_modeA,periodic,train,450.4983646,13
8873,178.05436806,Re_178p054368,high_re_2d_periodic_near_modeA,periodic,train,454.48507579,14
8874,178.05436806,Re_178p054368,high_re_2d_periodic_near_modeA,periodic,train,458.47178698,15
8875,178.05436806,Re_178p054368,high_re_2d_periodic_near_modeA,periodic,train,462.45849817,16
8876,178.05436806,Re_178p054368,high_re_2d_periodic_near_modeA,periodic,train,466.44520937,17
8877,178.05436806,Re_178p054368,high_re_2d_periodic_near_modeA,periodic,train,470.43192056,18
8878,178.05436806,Re_178p054368,high_re_2d_periodic_near_modeA,periodic,train,474.41863175,19
8879,178.05436806,Re_178p054368,high_re_2d_periodic_near_modeA,periodic,train,478.40534294,20
8880,178.05436806,Re_178p054368,high_re_2d_periodic_near_modeA,periodic,train,482.39205413,21
8881,178.05436806,Re_178p054368,high_re_2d_periodic_near_modeA,periodic,train,486.37876532,22
8882,178.05436806,Re_178p054368,high_re_2d_periodic_near_modeA,periodic,train,490.36547651,23
8883,178.05436806,Re_178p054368,high_re_2d_periodic_near_modeA,periodic,train,494.3521877,24
8884,178.05436806,Re_178p054368,high_re_2d_periodic_near_modeA,periodic,train,498.33889889,25
8885,178.05436806,Re_178p054368,high_re_2d_periodic_near_modeA,periodic,train,502.32561009,26
8886,178.05436806,Re_178p054368,high_re_2d_periodic_near_modeA,periodic,train,506.31232128,27
8887,178.05436806,Re_178p054368,high_re_2d_periodic_near_modeA,periodic,train,510.29903247,28
8888,178.05436806,Re_178p054368,high_re_2d_periodic_near_modeA,periodic,train,514.28574366,29
8889,178.05436806,Re_178p054368,high_re_2d_periodic_near_modeA,periodic,train,518.27245485,30
8890,178.05436806,Re_178p054368,high_re_2d_periodic_near_modeA,periodic,train,522.25916604,31
8891,178.05436806,Re_178p054368,high_re_2d_periodic_near_modeA,periodic,train,526.24587723,32
8892,178.05436806,Re_178p054368,high_re_2d_periodic_near_modeA,periodic,train,530.23258842,33
8893,178.05436806,Re_178p054368,high_re_2d_periodic_near_modeA,periodic,train,534.21929962,34
8894,178.05436806,Re_178p054368,high_re_2d_periodic_near_modeA,periodic,train,538.20601081,35
8895,178.05436806,Re_178p054368,high_re_2d_periodic_near_modeA,periodic,train,542.192722,36
8896,178.05436806,Re_178p054368,high_re_2d_periodic_near_modeA,periodic,train,546.17943319,37
8897,178.05436806,Re_178p054368,high_re_2d_periodic_near_modeA,periodic,train,550.16614438,38
8898,178.05436806,Re_178p054368,high_re_2d_periodic_near_modeA,periodic,train,554.15285557,39
8899,178.05436806,Re_178p054368,high_re_2d_periodic_near_modeA,periodic,train,558.13956676,40
8900,178.05436806,Re_178p054368,high_re_2d_periodic_near_modeA,periodic,train,562.12627795,41
8901,178.05436806,Re_178p054368,high_re_2d_periodic_near_modeA,periodic,train,566.11298914,42
8902,178.05436806,Re_178p054368,high_re_2d_periodic_near_modeA,periodic,train,570.09970034,43
8903,178.05436806,Re_178p054368,high_re_2d_periodic_near_modeA,periodic,train,574.08641153,44
8904,178.05436806,Re_178p054368,high_re_2d_periodic_near_modeA,periodic,train,578.07312272,45
8905,178.05436806,Re_178p054368,high_re_2d_periodic_near_modeA,periodic,train,582.05983391,46
8906,178.05436806,Re_178p054368,high_re_2d_periodic_near_modeA,periodic,train,586.0465451,47
8907,178.05436806,Re_178p054368,high_re_2d_periodic_near_modeA,periodic,train,590.03325629,48
8908,178.05436806,Re_178p054368,high_re_2d_periodic_near_modeA,periodic,train,594.01996748,49
8909,178.05436806,Re_178p054368,high_re_2d_periodic_near_modeA,periodic,train,598.00667867,50
8910,178.05436806,Re_178p054368,high_re_2d_periodic_near_modeA,periodic,train,601.99338987,51
8911,178.05436806,Re_178p054368,high_re_2d_periodic_near_modeA,periodic,train,605.98010106,52
8912,178.05436806,Re_178p054368,high_re_2d_periodic_near_modeA,periodic,train,609.96681225,53
8913,178.05436806,Re_178p054368,high_re_2d_periodic_near_modeA,periodic,train,613.95352344,54
8914,178.05436806,Re_178p054368,high_re_2d_periodic_near_modeA,periodic,train,617.94023463,55
8915,178.05436806,Re_178p054368,high_re_2d_periodic_near_modeA,periodic,train,621.92694582,56
8916,178.05436806,Re_178p054368,high_re_2d_periodic_near_modeA,periodic,train,625.91365701,57
8917,178.05436806,Re_178p054368,high_re_2d_periodic_near_modeA,periodic,train,629.9003682,58
8918,178.05436806,Re_178p054368,high_re_2d_periodic_near_modeA,periodic,train,633.88707939,59
8919,178.05436806,Re_178p054368,high_re_2d_periodic_near_modeA,periodic,train,637.87379059,60
8920,178.05436806,Re_178p054368,high_re_2d_periodic_near_modeA,periodic,train,641.86050178,61
8921,178.05436806,Re_178p054368,high_re_2d_periodic_near_modeA,periodic,train,645.84721297,62
8922,178.05436806,Re_178p054368,high_re_2d_periodic_near_modeA,periodic,train,649.83392416,63
8923,178.05436806,Re_178p054368,high_re_2d_periodic_near_modeA,periodic,train,653.82063535,64
8924,178.05436806,Re_178p054368,high_re_2d_periodic_near_modeA,periodic,train,657.80734654,65
8925,178.05436806,Re_178p054368,high_re_2d_periodic_near_modeA,periodic,train,661.79405773,66
8926,178.05436806,Re_178p054368,high_re_2d_periodic_near_modeA,periodic,train,665.78076892,67
8927,178.05436806,Re_178p054368,high_re_2d_periodic_near_modeA,periodic,train,669.76748011,68
8928,178.05436806,Re_178p054368,high_re_2d_periodic_near_modeA,periodic,train,673.75419131,69
8929,178.05436806,Re_178p054368,high_re_2d_periodic_near_modeA,periodic,train,677.7409025,70
8930,178.05436806,Re_178p054368,high_re_2d_periodic_near_modeA,periodic,train,681.72761369,71
8931,178.05436806,Re_178p054368,high_re_2d_periodic_near_modeA,periodic,train,685.71432488,72
8932,178.05436806,Re_178p054368,high_re_2d_periodic_near_modeA,periodic,train,689.70103607,73
8933,178.05436806,Re_178p054368,high_re_2d_periodic_near_modeA,periodic,train,693.68774726,74
8934,178.05436806,Re_178p054368,high_re_2d_periodic_near_modeA,periodic,train,697.67445845,75
8935,178.05436806,Re_178p054368,high_re_2d_periodic_near_modeA,periodic,train,701.66116964,76
8936,178.05436806,Re_178p054368,high_re_2d_periodic_near_modeA,periodic,train,705.64788084,77
8937,178.05436806,Re_178p054368,high_re_2d_periodic_near_modeA,periodic,train,709.63459203,78
8938,178.05436806,Re_178p054368,high_re_2d_periodic_near_modeA,periodic,train,713.62130322,79
8939,178.05436806,Re_178p054368,high_re_2d_periodic_near_modeA,periodic,train,717.60801441,80
8940,178.05436806,Re_178p054368,high_re_2d_periodic_near_modeA,periodic,train,721.5947256,81
8941,178.05436806,Re_178p054368,high_re_2d_periodic_near_modeA,periodic,train,725.58143679,82
8942,178.05436806,Re_178p054368,high_re_2d_periodic_near_modeA,periodic,train,729.56814798,83
8943,178.05436806,Re_178p054368,high_re_2d_periodic_near_modeA,periodic,train,733.55485917,84
8944,178.05436806,Re_178p054368,high_re_2d_periodic_near_modeA,periodic,train,737.54157036,85
8945,178.05436806,Re_178p054368,high_re_2d_periodic_near_modeA,periodic,train,741.52828156,86
8946,178.05436806,Re_178p054368,high_re_2d_periodic_near_modeA,periodic,train,745.51499275,87
8947,178.05436806,Re_178p054368,high_re_2d_periodic_near_modeA,periodic,train,749.50170394,88
8948,178.05436806,Re_178p054368,high_re_2d_periodic_near_modeA,periodic,train,753.48841513,89
8949,178.05436806,Re_178p054368,high_re_2d_periodic_near_modeA,periodic,train,757.47512632,90
8950,178.05436806,Re_178p054368,high_re_2d_periodic_near_modeA,periodic,train,761.46183751,91
8951,178.05436806,Re_178p054368,high_re_2d_periodic_near_modeA,periodic,train,765.4485487,92
8952,178.05436806,Re_178p054368,high_re_2d_periodic_near_modeA,periodic,train,769.43525989,93
8953,178.05436806,Re_178p054368,high_re_2d_periodic_near_modeA,periodic,train,773.42197109,94
8954,178.05436806,Re_178p054368,high_re_2d_periodic_near_modeA,periodic,train,777.40868228,95
8955,178.05436806,Re_178p054368,high_re_2d_periodic_near_modeA,periodic,train,781.39539347,96
8956,178.05436806,Re_178p054368,high_re_2d_periodic_near_modeA,periodic,train,785.38210466,97
8957,178.05436806,Re_178p054368,high_re_2d_periodic_near_modeA,periodic,train,789.36881585,98
8958,178.05436806,Re_178p054368,high_re_2d_periodic_near_modeA,periodic,train,793.35552704,99
8959,178.05436806,Re_178p054368,high_re_2d_periodic_near_modeA,periodic,train,797.34223823,100
8960,178.05436806,Re_178p054368,high_re_2d_periodic_near_modeA,periodic,train,801.32894942,101
8961,178.05436806,Re_178p054368,high_re_2d_periodic_near_modeA,periodic,train,805.31566061,102
8962,178.05436806,Re_178p054368,high_re_2d_periodic_near_modeA,periodic,train,809.30237181,103
8963,178.05436806,Re_178p054368,high_re_2d_periodic_near_modeA,periodic,train,813.289083,104
8964,178.05436806,Re_178p054368,high_re_2d_periodic_near_modeA,periodic,train,817.27579419,105
8965,178.05436806,Re_178p054368,high_re_2d_periodic_near_modeA,periodic,train,821.26250538,106
8966,178.05436806,Re_178p054368,high_re_2d_periodic_near_modeA,periodic,train,825.24921657,107
8967,178.05436806,Re_178p054368,high_re_2d_periodic_near_modeA,periodic,train,829.23592776,108
8968,178.05436806,Re_178p054368,high_re_2d_periodic_near_modeA,periodic,train,833.22263895,109
8969,178.05436806,Re_178p054368,high_re_2d_periodic_near_modeA,periodic,train,837.20935014,110
8970,178.05436806,Re_178p054368,high_re_2d_periodic_near_modeA,periodic,train,841.19606133,111
8971,178.05436806,Re_178p054368,high_re_2d_periodic_near_modeA,periodic,train,845.18277253,112
8972,178.05436806,Re_178p054368,high_re_2d_periodic_near_modeA,periodic,train,849.16948372,113
8973,178.05436806,Re_178p054368,high_re_2d_periodic_near_modeA,periodic,train,853.15619491,114
8974,178.05436806,Re_178p054368,high_re_2d_periodic_near_modeA,periodic,train,857.1429061,115
8975,178.05436806,Re_178p054368,high_re_2d_periodic_near_modeA,periodic,train,861.12961729,116
8976,178.05436806,Re_178p054368,high_re_2d_periodic_near_modeA,periodic,train,865.11632848,117
8977,178.05436806,Re_178p054368,high_re_2d_periodic_near_modeA,periodic,train,869.10303967,118
8978,178.05436806,Re_178p054368,high_re_2d_periodic_near_modeA,periodic,train,873.08975086,119
8979,178.05436806,Re_178p054368,high_re_2d_periodic_near_modeA,periodic,train,877.07646206,120
8980,178.05436806,Re_178p054368,high_re_2d_periodic_near_modeA,periodic,train,881.06317325,121
8981,178.05436806,Re_178p054368,high_re_2d_periodic_near_modeA,periodic,train,885.04988444,122
8982,178.05436806,Re_178p054368,high_re_2d_periodic_near_modeA,periodic,train,889.03659563,123
8983,178.05436806,Re_178p054368,high_re_2d_periodic_near_modeA,periodic,train,893.02330682,124
8984,178.05436806,Re_178p054368,high_re_2d_periodic_near_modeA,periodic,train,897.01001801,125
8985,178.05436806,Re_178p054368,high_re_2d_periodic_near_modeA,periodic,train,900.9967292,126
8986,178.05436806,Re_178p054368,high_re_2d_periodic_near_modeA,periodic,train,904.98344039,127
8987,178.05436806,Re_178p054368,high_re_2d_periodic_near_modeA,periodic,train,908.97015158,128
8988,178.05436806,Re_178p054368,high_re_2d_periodic_near_modeA,periodic,train,912.95686278,129
8989,178.05436806,Re_178p054368,high_re_2d_periodic_near_modeA,periodic,train,916.94357397,130
8990,178.05436806,Re_178p054368,high_re_2d_periodic_near_modeA,periodic,train,920.93028516,131
8991,178.05436806,Re_178p054368,high_re_2d_periodic_near_modeA,periodic,train,924.91699635,132
8992,178.05436806,Re_178p054368,high_re_2d_periodic_near_modeA,periodic,train,928.90370754,133
8993,178.05436806,Re_178p054368,high_re_2d_periodic_near_modeA,periodic,train,932.89041873,134
8994,178.05436806,Re_178p054368,high_re_2d_periodic_near_modeA,periodic,train,936.87712992,135
8995,178.05436806,Re_178p054368,high_re_2d_periodic_near_modeA,periodic,train,940.86384111,136
8996,178.05436806,Re_178p054368,high_re_2d_periodic_near_modeA,periodic,train,944.8505523,137
8997,178.05436806,Re_178p054368,high_re_2d_periodic_near_modeA,periodic,train,948.8372635,138
8998,178.05436806,Re_178p054368,high_re_2d_periodic_near_modeA,periodic,train,952.82397469,139
8999,178.05436806,Re_178p054368,high_re_2d_periodic_near_modeA,periodic,train,956.81068588,140
9000,178.05436806,Re_178p054368,high_re_2d_periodic_near_modeA,periodic,train,960.79739707,141
9001,178.05436806,Re_178p054368,high_re_2d_periodic_near_modeA,periodic,train,964.78410826,142
9002,178.05436806,Re_178p054368,high_re_2d_periodic_near_modeA,periodic,train,968.77081945,143
9003,178.05436806,Re_178p054368,high_re_2d_periodic_near_modeA,periodic,train,972.75753064,144
9004,178.05436806,Re_178p054368,high_re_2d_periodic_near_modeA,periodic,train,976.74424183,145
9005,178.05436806,Re_178p054368,high_re_2d_periodic_near_modeA,periodic,train,980.73095303,146
9006,178.05436806,Re_178p054368,high_re_2d_periodic_near_modeA,periodic,train,984.71766422,147
9007,178.05436806,Re_178p054368,high_re_2d_periodic_near_modeA,periodic,train,988.70437541,148
9008,178.05436806,Re_178p054368,high_re_2d_periodic_near_modeA,periodic,train,992.6910866,149
9009,178.05436806,Re_178p054368,high_re_2d_periodic_near_modeA,periodic,train,996.67779779,150
9010,178.05436806,Re_178p054368,high_re_2d_periodic_near_modeA,periodic,train,1000.66450898,151
9011,178.05436806,Re_178p054368,high_re_2d_periodic_near_modeA,periodic,train,1004.65122017,152
9012,178.05436806,Re_178p054368,high_re_2d_periodic_near_modeA,periodic,train,1008.63793136,153
9013,178.05436806,Re_178p054368,high_re_2d_periodic_near_modeA,periodic,train,1012.62464255,154
9014,178.05436806,Re_178p054368,high_re_2d_periodic_near_modeA,periodic,train,1016.61135375,155
9015,178.05436806,Re_178p054368,high_re_2d_periodic_near_modeA,periodic,train,1020.59806494,156
9016,178.05436806,Re_178p054368,high_re_2d_periodic_near_modeA,periodic,train,1024.58477613,157
9017,178.05436806,Re_178p054368,high_re_2d_periodic_near_modeA,periodic,train,1028.57148732,158
9018,178.05436806,Re_178p054368,high_re_2d_periodic_near_modeA,periodic,train,1032.55819851,159
9019,178.05436806,Re_178p054368,high_re_2d_periodic_near_modeA,periodic,train,1036.5449097,160
9020,180.992054605,Re_180p992055,high_re_2d_periodic_near_modeA,periodic,train,400.0,0
9021,180.992054605,Re_180p992055,high_re_2d_periodic_near_modeA,periodic,train,403.15223639,1
9022,180.992054605,Re_180p992055,high_re_2d_periodic_near_modeA,periodic,train,407.06633577,2
9023,180.992054605,Re_180p992055,high_re_2d_periodic_near_modeA,periodic,train,410.98043515,3
9024,180.992054605,Re_180p992055,high_re_2d_periodic_near_modeA,periodic,train,414.89453453,4
9025,180.992054605,Re_180p992055,high_re_2d_periodic_near_modeA,periodic,train,418.80863392,5
9026,180.992054605,Re_180p992055,high_re_2d_periodic_near_modeA,periodic,train,422.7227333,6
9027,180.992054605,Re_180p992055,high_re_2d_periodic_near_modeA,periodic,train,426.63683268,7
9028,180.992054605,Re_180p992055,high_re_2d_periodic_near_modeA,periodic,train,430.55093206,8
9029,180.992054605,Re_180p992055,high_re_2d_periodic_near_modeA,periodic,train,434.46503145,9
9030,180.992054605,Re_180p992055,high_re_2d_periodic_near_modeA,periodic,train,438.37913083,10
9031,180.992054605,Re_180p992055,high_re_2d_periodic_near_modeA,periodic,train,442.29323021,11
9032,180.992054605,Re_180p992055,high_re_2d_periodic_near_modeA,periodic,train,446.20732959,12
9033,180.992054605,Re_180p992055,high_re_2d_periodic_near_modeA,periodic,train,450.12142897,13
9034,180.992054605,Re_180p992055,high_re_2d_periodic_near_modeA,periodic,train,454.03552836,14
9035,180.992054605,Re_180p992055,high_re_2d_periodic_near_modeA,periodic,train,457.94962774,15
9036,180.992054605,Re_180p992055,high_re_2d_periodic_near_modeA,periodic,train,461.86372712,16
9037,180.992054605,Re_180p992055,high_re_2d_periodic_near_modeA,periodic,train,465.7778265,17
9038,180.992054605,Re_180p992055,high_re_2d_periodic_near_modeA,periodic,train,469.69192589,18
9039,180.992054605,Re_180p992055,high_re_2d_periodic_near_modeA,periodic,train,473.60602527,19
9040,180.992054605,Re_180p992055,high_re_2d_periodic_near_modeA,periodic,train,477.52012465,20
9041,180.992054605,Re_180p992055,high_re_2d_periodic_near_modeA,periodic,train,481.43422403,21
9042,180.992054605,Re_180p992055,high_re_2d_periodic_near_modeA,periodic,train,485.34832342,22
9043,180.992054605,Re_180p992055,high_re_2d_periodic_near_modeA,periodic,train,489.2624228,23
9044,180.992054605,Re_180p992055,high_re_2d_periodic_near_modeA,periodic,train,493.17652218,24
9045,180.992054605,Re_180p992055,high_re_2d_periodic_near_modeA,periodic,train,497.09062156,25
9046,180.992054605,Re_180p992055,high_re_2d_periodic_near_modeA,periodic,train,501.00472095,26
9047,180.992054605,Re_180p992055,high_re_2d_periodic_near_modeA,periodic,train,504.91882033,27
9048,180.992054605,Re_180p992055,high_re_2d_periodic_near_modeA,periodic,train,508.83291971,28
9049,180.992054605,Re_180p992055,high_re_2d_periodic_near_modeA,periodic,train,512.74701909,29
9050,180.992054605,Re_180p992055,high_re_2d_periodic_near_modeA,periodic,train,516.66111848,30
9051,180.992054605,Re_180p992055,high_re_2d_periodic_near_modeA,periodic,train,520.57521786,31
9052,180.992054605,Re_180p992055,high_re_2d_periodic_near_modeA,periodic,train,524.48931724,32
9053,180.992054605,Re_180p992055,high_re_2d_periodic_near_modeA,periodic,train,528.40341662,33
9054,180.992054605,Re_180p992055,high_re_2d_periodic_near_modeA,periodic,train,532.31751601,34
9055,180.992054605,Re_180p992055,high_re_2d_periodic_near_modeA,periodic,train,536.23161539,35
9056,180.992054605,Re_180p992055,high_re_2d_periodic_near_modeA,periodic,train,540.14571477,36
9057,180.992054605,Re_180p992055,high_re_2d_periodic_near_modeA,periodic,train,544.05981415,37
9058,180.992054605,Re_180p992055,high_re_2d_periodic_near_modeA,periodic,train,547.97391353,38
9059,180.992054605,Re_180p992055,high_re_2d_periodic_near_modeA,periodic,train,551.88801292,39
9060,180.992054605,Re_180p992055,high_re_2d_periodic_near_modeA,periodic,train,555.8021123,40
9061,180.992054605,Re_180p992055,high_re_2d_periodic_near_modeA,periodic,train,559.71621168,41
9062,180.992054605,Re_180p992055,high_re_2d_periodic_near_modeA,periodic,train,563.63031106,42
9063,180.992054605,Re_180p992055,high_re_2d_periodic_near_modeA,periodic,train,567.54441045,43
9064,180.992054605,Re_180p992055,high_re_2d_periodic_near_modeA,periodic,train,571.45850983,44
9065,180.992054605,Re_180p992055,high_re_2d_periodic_near_modeA,periodic,train,575.37260921,45
9066,180.992054605,Re_180p992055,high_re_2d_periodic_near_modeA,periodic,train,579.28670859,46
9067,180.992054605,Re_180p992055,high_re_2d_periodic_near_modeA,periodic,train,583.20080798,47
9068,180.992054605,Re_180p992055,high_re_2d_periodic_near_modeA,periodic,train,587.11490736,48
9069,180.992054605,Re_180p992055,high_re_2d_periodic_near_modeA,periodic,train,591.02900674,49
9070,180.992054605,Re_180p992055,high_re_2d_periodic_near_modeA,periodic,train,594.94310612,50
9071,180.992054605,Re_180p992055,high_re_2d_periodic_near_modeA,periodic,train,598.85720551,51
9072,180.992054605,Re_180p992055,high_re_2d_periodic_near_modeA,periodic,train,602.77130489,52
9073,180.992054605,Re_180p992055,high_re_2d_periodic_near_modeA,periodic,train,606.68540427,53
9074,180.992054605,Re_180p992055,high_re_2d_periodic_near_modeA,periodic,train,610.59950365,54
9075,180.992054605,Re_180p992055,high_re_2d_periodic_near_modeA,periodic,train,614.51360304,55
9076,180.992054605,Re_180p992055,high_re_2d_periodic_near_modeA,periodic,train,618.42770242,56
9077,180.992054605,Re_180p992055,high_re_2d_periodic_near_modeA,periodic,train,622.3418018,57
9078,180.992054605,Re_180p992055,high_re_2d_periodic_near_modeA,periodic,train,626.25590118,58
9079,180.992054605,Re_180p992055,high_re_2d_periodic_near_modeA,periodic,train,630.17000056,59
9080,180.992054605,Re_180p992055,high_re_2d_periodic_near_modeA,periodic,train,634.08409995,60
9081,180.992054605,Re_180p992055,high_re_2d_periodic_near_modeA,periodic,train,637.99819933,61
9082,180.992054605,Re_180p992055,high_re_2d_periodic_near_modeA,periodic,train,641.91229871,62
9083,180.992054605,Re_180p992055,high_re_2d_periodic_near_modeA,periodic,train,645.82639809,63
9084,180.992054605,Re_180p992055,high_re_2d_periodic_near_modeA,periodic,train,649.74049748,64
9085,180.992054605,Re_180p992055,high_re_2d_periodic_near_modeA,periodic,train,653.65459686,65
9086,180.992054605,Re_180p992055,high_re_2d_periodic_near_modeA,periodic,train,657.56869624,66
9087,180.992054605,Re_180p992055,high_re_2d_periodic_near_modeA,periodic,train,661.48279562,67
9088,180.992054605,Re_180p992055,high_re_2d_periodic_near_modeA,periodic,train,665.39689501,68
9089,180.992054605,Re_180p992055,high_re_2d_periodic_near_modeA,periodic,train,669.31099439,69
9090,180.992054605,Re_180p992055,high_re_2d_periodic_near_modeA,periodic,train,673.22509377,70
9091,180.992054605,Re_180p992055,high_re_2d_periodic_near_modeA,periodic,train,677.13919315,71
9092,180.992054605,Re_180p992055,high_re_2d_periodic_near_modeA,periodic,train,681.05329254,72
9093,180.992054605,Re_180p992055,high_re_2d_periodic_near_modeA,periodic,train,684.96739192,73
9094,180.992054605,Re_180p992055,high_re_2d_periodic_near_modeA,periodic,train,688.8814913,74
9095,180.992054605,Re_180p992055,high_re_2d_periodic_near_modeA,periodic,train,692.79559068,75
9096,180.992054605,Re_180p992055,high_re_2d_periodic_near_modeA,periodic,train,696.70969007,76
9097,180.992054605,Re_180p992055,high_re_2d_periodic_near_modeA,periodic,train,700.62378945,77
9098,180.992054605,Re_180p992055,high_re_2d_periodic_near_modeA,periodic,train,704.53788883,78
9099,180.992054605,Re_180p992055,high_re_2d_periodic_near_modeA,periodic,train,708.45198821,79
9100,180.992054605,Re_180p992055,high_re_2d_periodic_near_modeA,periodic,train,712.36608759,80
9101,180.992054605,Re_180p992055,high_re_2d_periodic_near_modeA,periodic,train,716.28018698,81
9102,180.992054605,Re_180p992055,high_re_2d_periodic_near_modeA,periodic,train,720.19428636,82
9103,180.992054605,Re_180p992055,high_re_2d_periodic_near_modeA,periodic,train,724.10838574,83
9104,180.992054605,Re_180p992055,high_re_2d_periodic_near_modeA,periodic,train,728.02248512,84
9105,180.992054605,Re_180p992055,high_re_2d_periodic_near_modeA,periodic,train,731.93658451,85
9106,180.992054605,Re_180p992055,high_re_2d_periodic_near_modeA,periodic,train,735.85068389,86
9107,180.992054605,Re_180p992055,high_re_2d_periodic_near_modeA,periodic,train,739.76478327,87
9108,180.992054605,Re_180p992055,high_re_2d_periodic_near_modeA,periodic,train,743.67888265,88
9109,180.992054605,Re_180p992055,high_re_2d_periodic_near_modeA,periodic,train,747.59298204,89
9110,180.992054605,Re_180p992055,high_re_2d_periodic_near_modeA,periodic,train,751.50708142,90
9111,180.992054605,Re_180p992055,high_re_2d_periodic_near_modeA,periodic,train,755.4211808,91
9112,180.992054605,Re_180p992055,high_re_2d_periodic_near_modeA,periodic,train,759.33528018,92
9113,180.992054605,Re_180p992055,high_re_2d_periodic_near_modeA,periodic,train,763.24937957,93
9114,180.992054605,Re_180p992055,high_re_2d_periodic_near_modeA,periodic,train,767.16347895,94
9115,180.992054605,Re_180p992055,high_re_2d_periodic_near_modeA,periodic,train,771.07757833,95
9116,180.992054605,Re_180p992055,high_re_2d_periodic_near_modeA,periodic,train,774.99167771,96
9117,180.992054605,Re_180p992055,high_re_2d_periodic_near_modeA,periodic,train,778.9057771,97
9118,180.992054605,Re_180p992055,high_re_2d_periodic_near_modeA,periodic,train,782.81987648,98
9119,180.992054605,Re_180p992055,high_re_2d_periodic_near_modeA,periodic,train,786.73397586,99
9120,180.992054605,Re_180p992055,high_re_2d_periodic_near_modeA,periodic,train,790.64807524,100
9121,180.992054605,Re_180p992055,high_re_2d_periodic_near_modeA,periodic,train,794.56217463,101
9122,180.992054605,Re_180p992055,high_re_2d_periodic_near_modeA,periodic,train,798.47627401,102
9123,180.992054605,Re_180p992055,high_re_2d_periodic_near_modeA,periodic,train,802.39037339,103
9124,180.992054605,Re_180p992055,high_re_2d_periodic_near_modeA,periodic,train,806.30447277,104
9125,180.992054605,Re_180p992055,high_re_2d_periodic_near_modeA,periodic,train,810.21857215,105
9126,180.992054605,Re_180p992055,high_re_2d_periodic_near_modeA,periodic,train,814.13267154,106
9127,180.992054605,Re_180p992055,high_re_2d_periodic_near_modeA,periodic,train,818.04677092,107
9128,180.992054605,Re_180p992055,high_re_2d_periodic_near_modeA,periodic,train,821.9608703,108
9129,180.992054605,Re_180p992055,high_re_2d_periodic_near_modeA,periodic,train,825.87496968,109
9130,180.992054605,Re_180p992055,high_re_2d_periodic_near_modeA,periodic,train,829.78906907,110
9131,180.992054605,Re_180p992055,high_re_2d_periodic_near_modeA,periodic,train,833.70316845,111
9132,180.992054605,Re_180p992055,high_re_2d_periodic_near_modeA,periodic,train,837.61726783,112
9133,180.992054605,Re_180p992055,high_re_2d_periodic_near_modeA,periodic,train,841.53136721,113
9134,180.992054605,Re_180p992055,high_re_2d_periodic_near_modeA,periodic,train,845.4454666,114
9135,180.992054605,Re_180p992055,high_re_2d_periodic_near_modeA,periodic,train,849.35956598,115
9136,180.992054605,Re_180p992055,high_re_2d_periodic_near_modeA,periodic,train,853.27366536,116
9137,180.992054605,Re_180p992055,high_re_2d_periodic_near_modeA,periodic,train,857.18776474,117
9138,180.992054605,Re_180p992055,high_re_2d_periodic_near_modeA,periodic,train,861.10186413,118
9139,180.992054605,Re_180p992055,high_re_2d_periodic_near_modeA,periodic,train,865.01596351,119
9140,180.992054605,Re_180p992055,high_re_2d_periodic_near_modeA,periodic,train,868.93006289,120
9141,180.992054605,Re_180p992055,high_re_2d_periodic_near_modeA,periodic,train,872.84416227,121
9142,180.992054605,Re_180p992055,high_re_2d_periodic_near_modeA,periodic,train,876.75826166,122
9143,180.992054605,Re_180p992055,high_re_2d_periodic_near_modeA,periodic,train,880.67236104,123
9144,180.992054605,Re_180p992055,high_re_2d_periodic_near_modeA,periodic,train,884.58646042,124
9145,180.992054605,Re_180p992055,high_re_2d_periodic_near_modeA,periodic,train,888.5005598,125
9146,180.992054605,Re_180p992055,high_re_2d_periodic_near_modeA,periodic,train,892.41465918,126
9147,180.992054605,Re_180p992055,high_re_2d_periodic_near_modeA,periodic,train,896.32875857,127
9148,180.992054605,Re_180p992055,high_re_2d_periodic_near_modeA,periodic,train,900.24285795,128
9149,180.992054605,Re_180p992055,high_re_2d_periodic_near_modeA,periodic,train,904.15695733,129
9150,180.992054605,Re_180p992055,high_re_2d_periodic_near_modeA,periodic,train,908.07105671,130
9151,180.992054605,Re_180p992055,high_re_2d_periodic_near_modeA,periodic,train,911.9851561,131
9152,180.992054605,Re_180p992055,high_re_2d_periodic_near_modeA,periodic,train,915.89925548,132
9153,180.992054605,Re_180p992055,high_re_2d_periodic_near_modeA,periodic,train,919.81335486,133
9154,180.992054605,Re_180p992055,high_re_2d_periodic_near_modeA,periodic,train,923.72745424,134
9155,180.992054605,Re_180p992055,high_re_2d_periodic_near_modeA,periodic,train,927.64155363,135
9156,180.992054605,Re_180p992055,high_re_2d_periodic_near_modeA,periodic,train,931.55565301,136
9157,180.992054605,Re_180p992055,high_re_2d_periodic_near_modeA,periodic,train,935.46975239,137
9158,180.992054605,Re_180p992055,high_re_2d_periodic_near_modeA,periodic,train,939.38385177,138
9159,180.992054605,Re_180p992055,high_re_2d_periodic_near_modeA,periodic,train,943.29795116,139
9160,180.992054605,Re_180p992055,high_re_2d_periodic_near_modeA,periodic,train,947.21205054,140
9161,180.992054605,Re_180p992055,high_re_2d_periodic_near_modeA,periodic,train,951.12614992,141
9162,180.992054605,Re_180p992055,high_re_2d_periodic_near_modeA,periodic,train,955.0402493,142
9163,180.992054605,Re_180p992055,high_re_2d_periodic_near_modeA,periodic,train,958.95434869,143
9164,180.992054605,Re_180p992055,high_re_2d_periodic_near_modeA,periodic,train,962.86844807,144
9165,180.992054605,Re_180p992055,high_re_2d_periodic_near_modeA,periodic,train,966.78254745,145
9166,180.992054605,Re_180p992055,high_re_2d_periodic_near_modeA,periodic,train,970.69664683,146
9167,180.992054605,Re_180p992055,high_re_2d_periodic_near_modeA,periodic,train,974.61074622,147
9168,180.992054605,Re_180p992055,high_re_2d_periodic_near_modeA,periodic,train,978.5248456,148
9169,180.992054605,Re_180p992055,high_re_2d_periodic_near_modeA,periodic,train,982.43894498,149
9170,180.992054605,Re_180p992055,high_re_2d_periodic_near_modeA,periodic,train,986.35304436,150
9171,180.992054605,Re_180p992055,high_re_2d_periodic_near_modeA,periodic,train,990.26714374,151
9172,180.992054605,Re_180p992055,high_re_2d_periodic_near_modeA,periodic,train,994.18124313,152
9173,180.992054605,Re_180p992055,high_re_2d_periodic_near_modeA,periodic,train,998.09534251,153
9174,180.992054605,Re_180p992055,high_re_2d_periodic_near_modeA,periodic,train,1002.00944189,154
9175,180.992054605,Re_180p992055,high_re_2d_periodic_near_modeA,periodic,train,1005.92354127,155
9176,180.992054605,Re_180p992055,high_re_2d_periodic_near_modeA,periodic,train,1009.83764066,156
9177,180.992054605,Re_180p992055,high_re_2d_periodic_near_modeA,periodic,train,1013.75174004,157
9178,180.992054605,Re_180p992055,high_re_2d_periodic_near_modeA,periodic,train,1017.66583942,158
9179,180.992054605,Re_180p992055,high_re_2d_periodic_near_modeA,periodic,train,1021.5799388,159
9180,180.992054605,Re_180p992055,high_re_2d_periodic_near_modeA,periodic,train,1025.49403819,160
9181,183.933394636,Re_183p933395,high_re_2d_periodic_near_modeA,periodic,train,400.0,0
9182,183.933394636,Re_183p933395,high_re_2d_periodic_near_modeA,periodic,train,403.61997592,1
9183,183.933394636,Re_183p933395,high_re_2d_periodic_near_modeA,periodic,train,407.46397569,2
9184,183.933394636,Re_183p933395,high_re_2d_periodic_near_modeA,periodic,train,411.30797546,3
9185,183.933394636,Re_183p933395,high_re_2d_periodic_near_modeA,periodic,train,415.15197523,4
9186,183.933394636,Re_183p933395,high_re_2d_periodic_near_modeA,periodic,train,418.995975,5
9187,183.933394636,Re_183p933395,high_re_2d_periodic_near_modeA,periodic,train,422.83997477,6
9188,183.933394636,Re_183p933395,high_re_2d_periodic_near_modeA,periodic,train,426.68397454,7
9189,183.933394636,Re_183p933395,high_re_2d_periodic_near_modeA,periodic,train,430.52797431,8
9190,183.933394636,Re_183p933395,high_re_2d_periodic_near_modeA,periodic,train,434.37197408,9
9191,183.933394636,Re_183p933395,high_re_2d_periodic_near_modeA,periodic,train,438.21597385,10
9192,183.933394636,Re_183p933395,high_re_2d_periodic_near_modeA,periodic,train,442.05997362,11
9193,183.933394636,Re_183p933395,high_re_2d_periodic_near_modeA,periodic,train,445.90397339,12
9194,183.933394636,Re_183p933395,high_re_2d_periodic_near_modeA,periodic,train,449.74797316,13
9195,183.933394636,Re_183p933395,high_re_2d_periodic_near_modeA,periodic,train,453.59197294,14
9196,183.933394636,Re_183p933395,high_re_2d_periodic_near_modeA,periodic,train,457.43597271,15
9197,183.933394636,Re_183p933395,high_re_2d_periodic_near_modeA,periodic,train,461.27997248,16
9198,183.933394636,Re_183p933395,high_re_2d_periodic_near_modeA,periodic,train,465.12397225,17
9199,183.933394636,Re_183p933395,high_re_2d_periodic_near_modeA,periodic,train,468.96797202,18
9200,183.933394636,Re_183p933395,high_re_2d_periodic_near_modeA,periodic,train,472.81197179,19
9201,183.933394636,Re_183p933395,high_re_2d_periodic_near_modeA,periodic,train,476.65597156,20
9202,183.933394636,Re_183p933395,high_re_2d_periodic_near_modeA,periodic,train,480.49997133,21
9203,183.933394636,Re_183p933395,high_re_2d_periodic_near_modeA,periodic,train,484.3439711,22
9204,183.933394636,Re_183p933395,high_re_2d_periodic_near_modeA,periodic,train,488.18797087,23
9205,183.933394636,Re_183p933395,high_re_2d_periodic_near_modeA,periodic,train,492.03197064,24
9206,183.933394636,Re_183p933395,high_re_2d_periodic_near_modeA,periodic,train,495.87597041,25
9207,183.933394636,Re_183p933395,high_re_2d_periodic_near_modeA,periodic,train,499.71997018,26
9208,183.933394636,Re_183p933395,high_re_2d_periodic_near_modeA,periodic,train,503.56396995,27
9209,183.933394636,Re_183p933395,high_re_2d_periodic_near_modeA,periodic,train,507.40796972,28
9210,183.933394636,Re_183p933395,high_re_2d_periodic_near_modeA,periodic,train,511.2519695,29
9211,183.933394636,Re_183p933395,high_re_2d_periodic_near_modeA,periodic,train,515.09596927,30
9212,183.933394636,Re_183p933395,high_re_2d_periodic_near_modeA,periodic,train,518.93996904,31
9213,183.933394636,Re_183p933395,high_re_2d_periodic_near_modeA,periodic,train,522.78396881,32
9214,183.933394636,Re_183p933395,high_re_2d_periodic_near_modeA,periodic,train,526.62796858,33
9215,183.933394636,Re_183p933395,high_re_2d_periodic_near_modeA,periodic,train,530.47196835,34
9216,183.933394636,Re_183p933395,high_re_2d_periodic_near_modeA,periodic,train,534.31596812,35
9217,183.933394636,Re_183p933395,high_re_2d_periodic_near_modeA,periodic,train,538.15996789,36
9218,183.933394636,Re_183p933395,high_re_2d_periodic_near_modeA,periodic,train,542.00396766,37
9219,183.933394636,Re_183p933395,high_re_2d_periodic_near_modeA,periodic,train,545.84796743,38
9220,183.933394636,Re_183p933395,high_re_2d_periodic_near_modeA,periodic,train,549.6919672,39
9221,183.933394636,Re_183p933395,high_re_2d_periodic_near_modeA,periodic,train,553.53596697,40
9222,183.933394636,Re_183p933395,high_re_2d_periodic_near_modeA,periodic,train,557.37996674,41
9223,183.933394636,Re_183p933395,high_re_2d_periodic_near_modeA,periodic,train,561.22396651,42
9224,183.933394636,Re_183p933395,high_re_2d_periodic_near_modeA,periodic,train,565.06796628,43
9225,183.933394636,Re_183p933395,high_re_2d_periodic_near_modeA,periodic,train,568.91196605,44
9226,183.933394636,Re_183p933395,high_re_2d_periodic_near_modeA,periodic,train,572.75596583,45
9227,183.933394636,Re_183p933395,high_re_2d_periodic_near_modeA,periodic,train,576.5999656,46
9228,183.933394636,Re_183p933395,high_re_2d_periodic_near_modeA,periodic,train,580.44396537,47
9229,183.933394636,Re_183p933395,high_re_2d_periodic_near_modeA,periodic,train,584.28796514,48
9230,183.933394636,Re_183p933395,high_re_2d_periodic_near_modeA,periodic,train,588.13196491,49
9231,183.933394636,Re_183p933395,high_re_2d_periodic_near_modeA,periodic,train,591.97596468,50
9232,183.933394636,Re_183p933395,high_re_2d_periodic_near_modeA,periodic,train,595.81996445,51
9233,183.933394636,Re_183p933395,high_re_2d_periodic_near_modeA,periodic,train,599.66396422,52
9234,183.933394636,Re_183p933395,high_re_2d_periodic_near_modeA,periodic,train,603.50796399,53
9235,183.933394636,Re_183p933395,high_re_2d_periodic_near_modeA,periodic,train,607.35196376,54
9236,183.933394636,Re_183p933395,high_re_2d_periodic_near_modeA,periodic,train,611.19596353,55
9237,183.933394636,Re_183p933395,high_re_2d_periodic_near_modeA,periodic,train,615.0399633,56
9238,183.933394636,Re_183p933395,high_re_2d_periodic_near_modeA,periodic,train,618.88396307,57
9239,183.933394636,Re_183p933395,high_re_2d_periodic_near_modeA,periodic,train,622.72796284,58
9240,183.933394636,Re_183p933395,high_re_2d_periodic_near_modeA,periodic,train,626.57196261,59
9241,183.933394636,Re_183p933395,high_re_2d_periodic_near_modeA,periodic,train,630.41596238,60
9242,183.933394636,Re_183p933395,high_re_2d_periodic_near_modeA,periodic,train,634.25996216,61
9243,183.933394636,Re_183p933395,high_re_2d_periodic_near_modeA,periodic,train,638.10396193,62
9244,183.933394636,Re_183p933395,high_re_2d_periodic_near_modeA,periodic,train,641.9479617,63
9245,183.933394636,Re_183p933395,high_re_2d_periodic_near_modeA,periodic,train,645.79196147,64
9246,183.933394636,Re_183p933395,high_re_2d_periodic_near_modeA,periodic,train,649.63596124,65
9247,183.933394636,Re_183p933395,high_re_2d_periodic_near_modeA,periodic,train,653.47996101,66
9248,183.933394636,Re_183p933395,high_re_2d_periodic_near_modeA,periodic,train,657.32396078,67
9249,183.933394636,Re_183p933395,high_re_2d_periodic_near_modeA,periodic,train,661.16796055,68
9250,183.933394636,Re_183p933395,high_re_2d_periodic_near_modeA,periodic,train,665.01196032,69
9251,183.933394636,Re_183p933395,high_re_2d_periodic_near_modeA,periodic,train,668.85596009,70
9252,183.933394636,Re_183p933395,high_re_2d_periodic_near_modeA,periodic,train,672.69995986,71
9253,183.933394636,Re_183p933395,high_re_2d_periodic_near_modeA,periodic,train,676.54395963,72
9254,183.933394636,Re_183p933395,high_re_2d_periodic_near_modeA,periodic,train,680.3879594,73
9255,183.933394636,Re_183p933395,high_re_2d_periodic_near_modeA,periodic,train,684.23195917,74
9256,183.933394636,Re_183p933395,high_re_2d_periodic_near_modeA,periodic,train,688.07595894,75
9257,183.933394636,Re_183p933395,high_re_2d_periodic_near_modeA,periodic,train,691.91995872,76
9258,183.933394636,Re_183p933395,high_re_2d_periodic_near_modeA,periodic,train,695.76395849,77
9259,183.933394636,Re_183p933395,high_re_2d_periodic_near_modeA,periodic,train,699.60795826,78
9260,183.933394636,Re_183p933395,high_re_2d_periodic_near_modeA,periodic,train,703.45195803,79
9261,183.933394636,Re_183p933395,high_re_2d_periodic_near_modeA,periodic,train,707.2959578,80
9262,183.933394636,Re_183p933395,high_re_2d_periodic_near_modeA,periodic,train,711.13995757,81
9263,183.933394636,Re_183p933395,high_re_2d_periodic_near_modeA,periodic,train,714.98395734,82
9264,183.933394636,Re_183p933395,high_re_2d_periodic_near_modeA,periodic,train,718.82795711,83
9265,183.933394636,Re_183p933395,high_re_2d_periodic_near_modeA,periodic,train,722.67195688,84
9266,183.933394636,Re_183p933395,high_re_2d_periodic_near_modeA,periodic,train,726.51595665,85
9267,183.933394636,Re_183p933395,high_re_2d_periodic_near_modeA,periodic,train,730.35995642,86
9268,183.933394636,Re_183p933395,high_re_2d_periodic_near_modeA,periodic,train,734.20395619,87
9269,183.933394636,Re_183p933395,high_re_2d_periodic_near_modeA,periodic,train,738.04795596,88
9270,183.933394636,Re_183p933395,high_re_2d_periodic_near_modeA,periodic,train,741.89195573,89
9271,183.933394636,Re_183p933395,high_re_2d_periodic_near_modeA,periodic,train,745.7359555,90
9272,183.933394636,Re_183p933395,high_re_2d_periodic_near_modeA,periodic,train,749.57995527,91
9273,183.933394636,Re_183p933395,high_re_2d_periodic_near_modeA,periodic,train,753.42395505,92
9274,183.933394636,Re_183p933395,high_re_2d_periodic_near_modeA,periodic,train,757.26795482,93
9275,183.933394636,Re_183p933395,high_re_2d_periodic_near_modeA,periodic,train,761.11195459,94
9276,183.933394636,Re_183p933395,high_re_2d_periodic_near_modeA,periodic,train,764.95595436,95
9277,183.933394636,Re_183p933395,high_re_2d_periodic_near_modeA,periodic,train,768.79995413,96
9278,183.933394636,Re_183p933395,high_re_2d_periodic_near_modeA,periodic,train,772.6439539,97
9279,183.933394636,Re_183p933395,high_re_2d_periodic_near_modeA,periodic,train,776.48795367,98
9280,183.933394636,Re_183p933395,high_re_2d_periodic_near_modeA,periodic,train,780.33195344,99
9281,183.933394636,Re_183p933395,high_re_2d_periodic_near_modeA,periodic,train,784.17595321,100
9282,183.933394636,Re_183p933395,high_re_2d_periodic_near_modeA,periodic,train,788.01995298,101
9283,183.933394636,Re_183p933395,high_re_2d_periodic_near_modeA,periodic,train,791.86395275,102
9284,183.933394636,Re_183p933395,high_re_2d_periodic_near_modeA,periodic,train,795.70795252,103
9285,183.933394636,Re_183p933395,high_re_2d_periodic_near_modeA,periodic,train,799.55195229,104
9286,183.933394636,Re_183p933395,high_re_2d_periodic_near_modeA,periodic,train,803.39595206,105
9287,183.933394636,Re_183p933395,high_re_2d_periodic_near_modeA,periodic,train,807.23995183,106
9288,183.933394636,Re_183p933395,high_re_2d_periodic_near_modeA,periodic,train,811.08395161,107
9289,183.933394636,Re_183p933395,high_re_2d_periodic_near_modeA,periodic,train,814.92795138,108
9290,183.933394636,Re_183p933395,high_re_2d_periodic_near_modeA,periodic,train,818.77195115,109
9291,183.933394636,Re_183p933395,high_re_2d_periodic_near_modeA,periodic,train,822.61595092,110
9292,183.933394636,Re_183p933395,high_re_2d_periodic_near_modeA,periodic,train,826.45995069,111
9293,183.933394636,Re_183p933395,high_re_2d_periodic_near_modeA,periodic,train,830.30395046,112
9294,183.933394636,Re_183p933395,high_re_2d_periodic_near_modeA,periodic,train,834.14795023,113
9295,183.933394636,Re_183p933395,high_re_2d_periodic_near_modeA,periodic,train,837.99195,114
9296,183.933394636,Re_183p933395,high_re_2d_periodic_near_modeA,periodic,train,841.83594977,115
9297,183.933394636,Re_183p933395,high_re_2d_periodic_near_modeA,periodic,train,845.67994954,116
9298,183.933394636,Re_183p933395,high_re_2d_periodic_near_modeA,periodic,train,849.52394931,117
9299,183.933394636,Re_183p933395,high_re_2d_periodic_near_modeA,periodic,train,853.36794908,118
9300,183.933394636,Re_183p933395,high_re_2d_periodic_near_modeA,periodic,train,857.21194885,119
9301,183.933394636,Re_183p933395,high_re_2d_periodic_near_modeA,periodic,train,861.05594862,120
9302,183.933394636,Re_183p933395,high_re_2d_periodic_near_modeA,periodic,train,864.89994839,121
9303,183.933394636,Re_183p933395,high_re_2d_periodic_near_modeA,periodic,train,868.74394816,122
9304,183.933394636,Re_183p933395,high_re_2d_periodic_near_modeA,periodic,train,872.58794794,123
9305,183.933394636,Re_183p933395,high_re_2d_periodic_near_modeA,periodic,train,876.43194771,124
9306,183.933394636,Re_183p933395,high_re_2d_periodic_near_modeA,periodic,train,880.27594748,125
9307,183.933394636,Re_183p933395,high_re_2d_periodic_near_modeA,periodic,train,884.11994725,126
9308,183.933394636,Re_183p933395,high_re_2d_periodic_near_modeA,periodic,train,887.96394702,127
9309,183.933394636,Re_183p933395,high_re_2d_periodic_near_modeA,periodic,train,891.80794679,128
9310,183.933394636,Re_183p933395,high_re_2d_periodic_near_modeA,periodic,train,895.65194656,129
9311,183.933394636,Re_183p933395,high_re_2d_periodic_near_modeA,periodic,train,899.49594633,130
9312,183.933394636,Re_183p933395,high_re_2d_periodic_near_modeA,periodic,train,903.3399461,131
9313,183.933394636,Re_183p933395,high_re_2d_periodic_near_modeA,periodic,train,907.18394587,132
9314,183.933394636,Re_183p933395,high_re_2d_periodic_near_modeA,periodic,train,911.02794564,133
9315,183.933394636,Re_183p933395,high_re_2d_periodic_near_modeA,periodic,train,914.87194541,134
9316,183.933394636,Re_183p933395,high_re_2d_periodic_near_modeA,periodic,train,918.71594518,135
9317,183.933394636,Re_183p933395,high_re_2d_periodic_near_modeA,periodic,train,922.55994495,136
9318,183.933394636,Re_183p933395,high_re_2d_periodic_near_modeA,periodic,train,926.40394472,137
9319,183.933394636,Re_183p933395,high_re_2d_periodic_near_modeA,periodic,train,930.24794449,138
9320,183.933394636,Re_183p933395,high_re_2d_periodic_near_modeA,periodic,train,934.09194427,139
9321,183.933394636,Re_183p933395,high_re_2d_periodic_near_modeA,periodic,train,937.93594404,140
9322,183.933394636,Re_183p933395,high_re_2d_periodic_near_modeA,periodic,train,941.77994381,141
9323,183.933394636,Re_183p933395,high_re_2d_periodic_near_modeA,periodic,train,945.62394358,142
9324,183.933394636,Re_183p933395,high_re_2d_periodic_near_modeA,periodic,train,949.46794335,143
9325,183.933394636,Re_183p933395,high_re_2d_periodic_near_modeA,periodic,train,953.31194312,144
9326,183.933394636,Re_183p933395,high_re_2d_periodic_near_modeA,periodic,train,957.15594289,145
9327,183.933394636,Re_183p933395,high_re_2d_periodic_near_modeA,periodic,train,960.99994266,146
9328,183.933394636,Re_183p933395,high_re_2d_periodic_near_modeA,periodic,train,964.84394243,147
9329,183.933394636,Re_183p933395,high_re_2d_periodic_near_modeA,periodic,train,968.6879422,148
9330,183.933394636,Re_183p933395,high_re_2d_periodic_near_modeA,periodic,train,972.53194197,149
9331,183.933394636,Re_183p933395,high_re_2d_periodic_near_modeA,periodic,train,976.37594174,150
9332,183.933394636,Re_183p933395,high_re_2d_periodic_near_modeA,periodic,train,980.21994151,151
9333,183.933394636,Re_183p933395,high_re_2d_periodic_near_modeA,periodic,train,984.06394128,152
9334,183.933394636,Re_183p933395,high_re_2d_periodic_near_modeA,periodic,train,987.90794105,153
9335,183.933394636,Re_183p933395,high_re_2d_periodic_near_modeA,periodic,train,991.75194083,154
9336,183.933394636,Re_183p933395,high_re_2d_periodic_near_modeA,periodic,train,995.5959406,155
9337,183.933394636,Re_183p933395,high_re_2d_periodic_near_modeA,periodic,train,999.43994037,156
9338,183.933394636,Re_183p933395,high_re_2d_periodic_near_modeA,periodic,train,1003.28394014,157
9339,183.933394636,Re_183p933395,high_re_2d_periodic_near_modeA,periodic,train,1007.12793991,158
9340,183.933394636,Re_183p933395,high_re_2d_periodic_near_modeA,periodic,train,1010.97193968,159
9341,183.933394636,Re_183p933395,high_re_2d_periodic_near_modeA,periodic,train,1014.81593945,160
9342,186.884600344,Re_186p884600,high_re_2d_periodic_near_modeA,periodic,train,400.0,0
9343,186.884600344,Re_186p884600,high_re_2d_periodic_near_modeA,periodic,train,400.2712677,1
9344,186.884600344,Re_186p884600,high_re_2d_periodic_near_modeA,periodic,train,404.04741173,2
9345,186.884600344,Re_186p884600,high_re_2d_periodic_near_modeA,periodic,train,407.82355577,3
9346,186.884600344,Re_186p884600,high_re_2d_periodic_near_modeA,periodic,train,411.5996998,4
9347,186.884600344,Re_186p884600,high_re_2d_periodic_near_modeA,periodic,train,415.37584384,5
9348,186.884600344,Re_186p884600,high_re_2d_periodic_near_modeA,periodic,train,419.15198787,6
9349,186.884600344,Re_186p884600,high_re_2d_periodic_near_modeA,periodic,train,422.92813191,7
9350,186.884600344,Re_186p884600,high_re_2d_periodic_near_modeA,periodic,train,426.70427594,8
9351,186.884600344,Re_186p884600,high_re_2d_periodic_near_modeA,periodic,train,430.48041998,9
9352,186.884600344,Re_186p884600,high_re_2d_periodic_near_modeA,periodic,train,434.25656401,10
9353,186.884600344,Re_186p884600,high_re_2d_periodic_near_modeA,periodic,train,438.03270805,11
9354,186.884600344,Re_186p884600,high_re_2d_periodic_near_modeA,periodic,train,441.80885208,12
9355,186.884600344,Re_186p884600,high_re_2d_periodic_near_modeA,periodic,train,445.58499612,13
9356,186.884600344,Re_186p884600,high_re_2d_periodic_near_modeA,periodic,train,449.36114015,14
9357,186.884600344,Re_186p884600,high_re_2d_periodic_near_modeA,periodic,train,453.13728419,15
9358,186.884600344,Re_186p884600,high_re_2d_periodic_near_modeA,periodic,train,456.91342822,16
9359,186.884600344,Re_186p884600,high_re_2d_periodic_near_modeA,periodic,train,460.68957226,17
9360,186.884600344,Re_186p884600,high_re_2d_periodic_near_modeA,periodic,train,464.46571629,18
9361,186.884600344,Re_186p884600,high_re_2d_periodic_near_modeA,periodic,train,468.24186033,19
9362,186.884600344,Re_186p884600,high_re_2d_periodic_near_modeA,periodic,train,472.01800436,20
9363,186.884600344,Re_186p884600,high_re_2d_periodic_near_modeA,periodic,train,475.79414839,21
9364,186.884600344,Re_186p884600,high_re_2d_periodic_near_modeA,periodic,train,479.57029243,22
9365,186.884600344,Re_186p884600,high_re_2d_periodic_near_modeA,periodic,train,483.34643646,23
9366,186.884600344,Re_186p884600,high_re_2d_periodic_near_modeA,periodic,train,487.1225805,24
9367,186.884600344,Re_186p884600,high_re_2d_periodic_near_modeA,periodic,train,490.89872453,25
9368,186.884600344,Re_186p884600,high_re_2d_periodic_near_modeA,periodic,train,494.67486857,26
9369,186.884600344,Re_186p884600,high_re_2d_periodic_near_modeA,periodic,train,498.4510126,27
9370,186.884600344,Re_186p884600,high_re_2d_periodic_near_modeA,periodic,train,502.22715664,28
9371,186.884600344,Re_186p884600,high_re_2d_periodic_near_modeA,periodic,train,506.00330067,29
9372,186.884600344,Re_186p884600,high_re_2d_periodic_near_modeA,periodic,train,509.77944471,30
9373,186.884600344,Re_186p884600,high_re_2d_periodic_near_modeA,periodic,train,513.55558874,31
9374,186.884600344,Re_186p884600,high_re_2d_periodic_near_modeA,periodic,train,517.33173278,32
9375,186.884600344,Re_186p884600,high_re_2d_periodic_near_modeA,periodic,train,521.10787681,33
9376,186.884600344,Re_186p884600,high_re_2d_periodic_near_modeA,periodic,train,524.88402085,34
9377,186.884600344,Re_186p884600,high_re_2d_periodic_near_modeA,periodic,train,528.66016488,35
9378,186.884600344,Re_186p884600,high_re_2d_periodic_near_modeA,periodic,train,532.43630892,36
9379,186.884600344,Re_186p884600,high_re_2d_periodic_near_modeA,periodic,train,536.21245295,37
9380,186.884600344,Re_186p884600,high_re_2d_periodic_near_modeA,periodic,train,539.98859699,38
9381,186.884600344,Re_186p884600,high_re_2d_periodic_near_modeA,periodic,train,543.76474102,39
9382,186.884600344,Re_186p884600,high_re_2d_periodic_near_modeA,periodic,train,547.54088506,40
9383,186.884600344,Re_186p884600,high_re_2d_periodic_near_modeA,periodic,train,551.31702909,41
9384,186.884600344,Re_186p884600,high_re_2d_periodic_near_modeA,periodic,train,555.09317313,42
9385,186.884600344,Re_186p884600,high_re_2d_periodic_near_modeA,periodic,train,558.86931716,43
9386,186.884600344,Re_186p884600,high_re_2d_periodic_near_modeA,periodic,train,562.6454612,44
9387,186.884600344,Re_186p884600,high_re_2d_periodic_near_modeA,periodic,train,566.42160523,45
9388,186.884600344,Re_186p884600,high_re_2d_periodic_near_modeA,periodic,train,570.19774927,46
9389,186.884600344,Re_186p884600,high_re_2d_periodic_near_modeA,periodic,train,573.9738933,47
9390,186.884600344,Re_186p884600,high_re_2d_periodic_near_modeA,periodic,train,577.75003734,48
9391,186.884600344,Re_186p884600,high_re_2d_periodic_near_modeA,periodic,train,581.52618137,49
9392,186.884600344,Re_186p884600,high_re_2d_periodic_near_modeA,periodic,train,585.30232541,50
9393,186.884600344,Re_186p884600,high_re_2d_periodic_near_modeA,periodic,train,589.07846944,51
9394,186.884600344,Re_186p884600,high_re_2d_periodic_near_modeA,periodic,train,592.85461348,52
9395,186.884600344,Re_186p884600,high_re_2d_periodic_near_modeA,periodic,train,596.63075751,53
9396,186.884600344,Re_186p884600,high_re_2d_periodic_near_modeA,periodic,train,600.40690155,54
9397,186.884600344,Re_186p884600,high_re_2d_periodic_near_modeA,periodic,train,604.18304558,55
9398,186.884600344,Re_186p884600,high_re_2d_periodic_near_modeA,periodic,train,607.95918962,56
9399,186.884600344,Re_186p884600,high_re_2d_periodic_near_modeA,periodic,train,611.73533365,57
9400,186.884600344,Re_186p884600,high_re_2d_periodic_near_modeA,periodic,train,615.51147769,58
9401,186.884600344,Re_186p884600,high_re_2d_periodic_near_modeA,periodic,train,619.28762172,59
9402,186.884600344,Re_186p884600,high_re_2d_periodic_near_modeA,periodic,train,623.06376576,60
9403,186.884600344,Re_186p884600,high_re_2d_periodic_near_modeA,periodic,train,626.83990979,61
9404,186.884600344,Re_186p884600,high_re_2d_periodic_near_modeA,periodic,train,630.61605382,62
9405,186.884600344,Re_186p884600,high_re_2d_periodic_near_modeA,periodic,train,634.39219786,63
9406,186.884600344,Re_186p884600,high_re_2d_periodic_near_modeA,periodic,train,638.16834189,64
9407,186.884600344,Re_186p884600,high_re_2d_periodic_near_modeA,periodic,train,641.94448593,65
9408,186.884600344,Re_186p884600,high_re_2d_periodic_near_modeA,periodic,train,645.72062996,66
9409,186.884600344,Re_186p884600,high_re_2d_periodic_near_modeA,periodic,train,649.496774,67
9410,186.884600344,Re_186p884600,high_re_2d_periodic_near_modeA,periodic,train,653.27291803,68
9411,186.884600344,Re_186p884600,high_re_2d_periodic_near_modeA,periodic,train,657.04906207,69
9412,186.884600344,Re_186p884600,high_re_2d_periodic_near_modeA,periodic,train,660.8252061,70
9413,186.884600344,Re_186p884600,high_re_2d_periodic_near_modeA,periodic,train,664.60135014,71
9414,186.884600344,Re_186p884600,high_re_2d_periodic_near_modeA,periodic,train,668.37749417,72
9415,186.884600344,Re_186p884600,high_re_2d_periodic_near_modeA,periodic,train,672.15363821,73
9416,186.884600344,Re_186p884600,high_re_2d_periodic_near_modeA,periodic,train,675.92978224,74
9417,186.884600344,Re_186p884600,high_re_2d_periodic_near_modeA,periodic,train,679.70592628,75
9418,186.884600344,Re_186p884600,high_re_2d_periodic_near_modeA,periodic,train,683.48207031,76
9419,186.884600344,Re_186p884600,high_re_2d_periodic_near_modeA,periodic,train,687.25821435,77
9420,186.884600344,Re_186p884600,high_re_2d_periodic_near_modeA,periodic,train,691.03435838,78
9421,186.884600344,Re_186p884600,high_re_2d_periodic_near_modeA,periodic,train,694.81050242,79
9422,186.884600344,Re_186p884600,high_re_2d_periodic_near_modeA,periodic,train,698.58664645,80
9423,186.884600344,Re_186p884600,high_re_2d_periodic_near_modeA,periodic,train,702.36279049,81
9424,186.884600344,Re_186p884600,high_re_2d_periodic_near_modeA,periodic,train,706.13893452,82
9425,186.884600344,Re_186p884600,high_re_2d_periodic_near_modeA,periodic,train,709.91507856,83
9426,186.884600344,Re_186p884600,high_re_2d_periodic_near_modeA,periodic,train,713.69122259,84
9427,186.884600344,Re_186p884600,high_re_2d_periodic_near_modeA,periodic,train,717.46736663,85
9428,186.884600344,Re_186p884600,high_re_2d_periodic_near_modeA,periodic,train,721.24351066,86
9429,186.884600344,Re_186p884600,high_re_2d_periodic_near_modeA,periodic,train,725.0196547,87
9430,186.884600344,Re_186p884600,high_re_2d_periodic_near_modeA,periodic,train,728.79579873,88
9431,186.884600344,Re_186p884600,high_re_2d_periodic_near_modeA,periodic,train,732.57194277,89
9432,186.884600344,Re_186p884600,high_re_2d_periodic_near_modeA,periodic,train,736.3480868,90
9433,186.884600344,Re_186p884600,high_re_2d_periodic_near_modeA,periodic,train,740.12423084,91
9434,186.884600344,Re_186p884600,high_re_2d_periodic_near_modeA,periodic,train,743.90037487,92
9435,186.884600344,Re_186p884600,high_re_2d_periodic_near_modeA,periodic,train,747.67651891,93
9436,186.884600344,Re_186p884600,high_re_2d_periodic_near_modeA,periodic,train,751.45266294,94
9437,186.884600344,Re_186p884600,high_re_2d_periodic_near_modeA,periodic,train,755.22880698,95
9438,186.884600344,Re_186p884600,high_re_2d_periodic_near_modeA,periodic,train,759.00495101,96
9439,186.884600344,Re_186p884600,high_re_2d_periodic_near_modeA,periodic,train,762.78109505,97
9440,186.884600344,Re_186p884600,high_re_2d_periodic_near_modeA,periodic,train,766.55723908,98
9441,186.884600344,Re_186p884600,high_re_2d_periodic_near_modeA,periodic,train,770.33338312,99
9442,186.884600344,Re_186p884600,high_re_2d_periodic_near_modeA,periodic,train,774.10952715,100
9443,186.884600344,Re_186p884600,high_re_2d_periodic_near_modeA,periodic,train,777.88567119,101
9444,186.884600344,Re_186p884600,high_re_2d_periodic_near_modeA,periodic,train,781.66181522,102
9445,186.884600344,Re_186p884600,high_re_2d_periodic_near_modeA,periodic,train,785.43795926,103
9446,186.884600344,Re_186p884600,high_re_2d_periodic_near_modeA,periodic,train,789.21410329,104
9447,186.884600344,Re_186p884600,high_re_2d_periodic_near_modeA,periodic,train,792.99024732,105
9448,186.884600344,Re_186p884600,high_re_2d_periodic_near_modeA,periodic,train,796.76639136,106
9449,186.884600344,Re_186p884600,high_re_2d_periodic_near_modeA,periodic,train,800.54253539,107
9450,186.884600344,Re_186p884600,high_re_2d_periodic_near_modeA,periodic,train,804.31867943,108
9451,186.884600344,Re_186p884600,high_re_2d_periodic_near_modeA,periodic,train,808.09482346,109
9452,186.884600344,Re_186p884600,high_re_2d_periodic_near_modeA,periodic,train,811.8709675,110
9453,186.884600344,Re_186p884600,high_re_2d_periodic_near_modeA,periodic,train,815.64711153,111
9454,186.884600344,Re_186p884600,high_re_2d_periodic_near_modeA,periodic,train,819.42325557,112
9455,186.884600344,Re_186p884600,high_re_2d_periodic_near_modeA,periodic,train,823.1993996,113
9456,186.884600344,Re_186p884600,high_re_2d_periodic_near_modeA,periodic,train,826.97554364,114
9457,186.884600344,Re_186p884600,high_re_2d_periodic_near_modeA,periodic,train,830.75168767,115
9458,186.884600344,Re_186p884600,high_re_2d_periodic_near_modeA,periodic,train,834.52783171,116
9459,186.884600344,Re_186p884600,high_re_2d_periodic_near_modeA,periodic,train,838.30397574,117
9460,186.884600344,Re_186p884600,high_re_2d_periodic_near_modeA,periodic,train,842.08011978,118
9461,186.884600344,Re_186p884600,high_re_2d_periodic_near_modeA,periodic,train,845.85626381,119
9462,186.884600344,Re_186p884600,high_re_2d_periodic_near_modeA,periodic,train,849.63240785,120
9463,186.884600344,Re_186p884600,high_re_2d_periodic_near_modeA,periodic,train,853.40855188,121
9464,186.884600344,Re_186p884600,high_re_2d_periodic_near_modeA,periodic,train,857.18469592,122
9465,186.884600344,Re_186p884600,high_re_2d_periodic_near_modeA,periodic,train,860.96083995,123
9466,186.884600344,Re_186p884600,high_re_2d_periodic_near_modeA,periodic,train,864.73698399,124
9467,186.884600344,Re_186p884600,high_re_2d_periodic_near_modeA,periodic,train,868.51312802,125
9468,186.884600344,Re_186p884600,high_re_2d_periodic_near_modeA,periodic,train,872.28927206,126
9469,186.884600344,Re_186p884600,high_re_2d_periodic_near_modeA,periodic,train,876.06541609,127
9470,186.884600344,Re_186p884600,high_re_2d_periodic_near_modeA,periodic,train,879.84156013,128
9471,186.884600344,Re_186p884600,high_re_2d_periodic_near_modeA,periodic,train,883.61770416,129
9472,186.884600344,Re_186p884600,high_re_2d_periodic_near_modeA,periodic,train,887.3938482,130
9473,186.884600344,Re_186p884600,high_re_2d_periodic_near_modeA,periodic,train,891.16999223,131
9474,186.884600344,Re_186p884600,high_re_2d_periodic_near_modeA,periodic,train,894.94613627,132
9475,186.884600344,Re_186p884600,high_re_2d_periodic_near_modeA,periodic,train,898.7222803,133
9476,186.884600344,Re_186p884600,high_re_2d_periodic_near_modeA,periodic,train,902.49842434,134
9477,186.884600344,Re_186p884600,high_re_2d_periodic_near_modeA,periodic,train,906.27456837,135
9478,186.884600344,Re_186p884600,high_re_2d_periodic_near_modeA,periodic,train,910.05071241,136
9479,186.884600344,Re_186p884600,high_re_2d_periodic_near_modeA,periodic,train,913.82685644,137
9480,186.884600344,Re_186p884600,high_re_2d_periodic_near_modeA,periodic,train,917.60300048,138
9481,186.884600344,Re_186p884600,high_re_2d_periodic_near_modeA,periodic,train,921.37914451,139
9482,186.884600344,Re_186p884600,high_re_2d_periodic_near_modeA,periodic,train,925.15528855,140
9483,186.884600344,Re_186p884600,high_re_2d_periodic_near_modeA,periodic,train,928.93143258,141
9484,186.884600344,Re_186p884600,high_re_2d_periodic_near_modeA,periodic,train,932.70757662,142
9485,186.884600344,Re_186p884600,high_re_2d_periodic_near_modeA,periodic,train,936.48372065,143
9486,186.884600344,Re_186p884600,high_re_2d_periodic_near_modeA,periodic,train,940.25986469,144
9487,186.884600344,Re_186p884600,high_re_2d_periodic_near_modeA,periodic,train,944.03600872,145
9488,186.884600344,Re_186p884600,high_re_2d_periodic_near_modeA,periodic,train,947.81215275,146
9489,186.884600344,Re_186p884600,high_re_2d_periodic_near_modeA,periodic,train,951.58829679,147
9490,186.884600344,Re_186p884600,high_re_2d_periodic_near_modeA,periodic,train,955.36444082,148
9491,186.884600344,Re_186p884600,high_re_2d_periodic_near_modeA,periodic,train,959.14058486,149
9492,186.884600344,Re_186p884600,high_re_2d_periodic_near_modeA,periodic,train,962.91672889,150
9493,186.884600344,Re_186p884600,high_re_2d_periodic_near_modeA,periodic,train,966.69287293,151
9494,186.884600344,Re_186p884600,high_re_2d_periodic_near_modeA,periodic,train,970.46901696,152
9495,186.884600344,Re_186p884600,high_re_2d_periodic_near_modeA,periodic,train,974.245161,153
9496,186.884600344,Re_186p884600,high_re_2d_periodic_near_modeA,periodic,train,978.02130503,154
9497,186.884600344,Re_186p884600,high_re_2d_periodic_near_modeA,periodic,train,981.79744907,155
9498,186.884600344,Re_186p884600,high_re_2d_periodic_near_modeA,periodic,train,985.5735931,156
9499,186.884600344,Re_186p884600,high_re_2d_periodic_near_modeA,periodic,train,989.34973714,157
9500,186.884600344,Re_186p884600,high_re_2d_periodic_near_modeA,periodic,train,993.12588117,158
9501,186.884600344,Re_186p884600,high_re_2d_periodic_near_modeA,periodic,train,996.90202521,159
9502,186.884600344,Re_186p884600,high_re_2d_periodic_near_modeA,periodic,train,1000.67816924,160
9503,186.884600344,Re_186p884600,high_re_2d_periodic_near_modeA,periodic,train,1004.45431328,161
9504,189.86227838,Re_189p862278,high_re_2d_periodic_near_modeA,periodic,heldout,360.0,0
9505,189.86227838,Re_189p862278,high_re_2d_periodic_near_modeA,periodic,heldout,363.58638035,1
9506,189.86227838,Re_189p862278,high_re_2d_periodic_near_modeA,periodic,heldout,367.29644546,2
9507,189.86227838,Re_189p862278,high_re_2d_periodic_near_modeA,periodic,heldout,371.00651056,3
9508,189.86227838,Re_189p862278,high_re_2d_periodic_near_modeA,periodic,heldout,374.71657567,4
9509,189.86227838,Re_189p862278,high_re_2d_periodic_near_modeA,periodic,heldout,378.42664078,5
9510,189.86227838,Re_189p862278,high_re_2d_periodic_near_modeA,periodic,heldout,382.13670588,6
9511,189.86227838,Re_189p862278,high_re_2d_periodic_near_modeA,periodic,heldout,385.84677099,7
9512,189.86227838,Re_189p862278,high_re_2d_periodic_near_modeA,periodic,heldout,389.55683609,8
9513,189.86227838,Re_189p862278,high_re_2d_periodic_near_modeA,periodic,heldout,393.2669012,9
9514,189.86227838,Re_189p862278,high_re_2d_periodic_near_modeA,periodic,heldout,396.9769663,10
9515,189.86227838,Re_189p862278,high_re_2d_periodic_near_modeA,periodic,heldout,400.68703141,11
9516,189.86227838,Re_189p862278,high_re_2d_periodic_near_modeA,periodic,heldout,404.39709652,12
9517,189.86227838,Re_189p862278,high_re_2d_periodic_near_modeA,periodic,heldout,408.10716162,13
9518,189.86227838,Re_189p862278,high_re_2d_periodic_near_modeA,periodic,heldout,411.81722673,14
9519,189.86227838,Re_189p862278,high_re_2d_periodic_near_modeA,periodic,heldout,415.52729183,15
9520,189.86227838,Re_189p862278,high_re_2d_periodic_near_modeA,periodic,heldout,419.23735694,16
9521,189.86227838,Re_189p862278,high_re_2d_periodic_near_modeA,periodic,heldout,422.94742204,17
9522,189.86227838,Re_189p862278,high_re_2d_periodic_near_modeA,periodic,heldout,426.65748715,18
9523,189.86227838,Re_189p862278,high_re_2d_periodic_near_modeA,periodic,heldout,430.36755226,19
9524,189.86227838,Re_189p862278,high_re_2d_periodic_near_modeA,periodic,heldout,434.07761736,20
9525,189.86227838,Re_189p862278,high_re_2d_periodic_near_modeA,periodic,heldout,437.78768247,21
9526,189.86227838,Re_189p862278,high_re_2d_periodic_near_modeA,periodic,heldout,441.49774757,22
9527,189.86227838,Re_189p862278,high_re_2d_periodic_near_modeA,periodic,heldout,445.20781268,23
9528,189.86227838,Re_189p862278,high_re_2d_periodic_near_modeA,periodic,heldout,448.91787778,24
9529,189.86227838,Re_189p862278,high_re_2d_periodic_near_modeA,periodic,heldout,452.62794289,25
9530,189.86227838,Re_189p862278,high_re_2d_periodic_near_modeA,periodic,heldout,456.33800799,26
9531,189.86227838,Re_189p862278,high_re_2d_periodic_near_modeA,periodic,heldout,460.0480731,27
9532,189.86227838,Re_189p862278,high_re_2d_periodic_near_modeA,periodic,heldout,463.75813821,28
9533,189.86227838,Re_189p862278,high_re_2d_periodic_near_modeA,periodic,heldout,467.46820331,29
9534,189.86227838,Re_189p862278,high_re_2d_periodic_near_modeA,periodic,heldout,471.17826842,30
9535,189.86227838,Re_189p862278,high_re_2d_periodic_near_modeA,periodic,heldout,474.88833352,31
9536,189.86227838,Re_189p862278,high_re_2d_periodic_near_modeA,periodic,heldout,478.59839863,32
9537,189.86227838,Re_189p862278,high_re_2d_periodic_near_modeA,periodic,heldout,482.30846373,33
9538,189.86227838,Re_189p862278,high_re_2d_periodic_near_modeA,periodic,heldout,486.01852884,34
9539,189.86227838,Re_189p862278,high_re_2d_periodic_near_modeA,periodic,heldout,489.72859395,35
9540,189.86227838,Re_189p862278,high_re_2d_periodic_near_modeA,periodic,heldout,493.43865905,36
9541,189.86227838,Re_189p862278,high_re_2d_periodic_near_modeA,periodic,heldout,497.14872416,37
9542,189.86227838,Re_189p862278,high_re_2d_periodic_near_modeA,periodic,heldout,500.85878926,38
9543,189.86227838,Re_189p862278,high_re_2d_periodic_near_modeA,periodic,heldout,504.56885437,39
9544,189.86227838,Re_189p862278,high_re_2d_periodic_near_modeA,periodic,heldout,508.27891947,40
9545,189.86227838,Re_189p862278,high_re_2d_periodic_near_modeA,periodic,heldout,511.98898458,41
9546,189.86227838,Re_189p862278,high_re_2d_periodic_near_modeA,periodic,heldout,515.69904969,42
9547,189.86227838,Re_189p862278,high_re_2d_periodic_near_modeA,periodic,heldout,519.40911479,43
9548,189.86227838,Re_189p862278,high_re_2d_periodic_near_modeA,periodic,heldout,523.1191799,44
9549,189.86227838,Re_189p862278,high_re_2d_periodic_near_modeA,periodic,heldout,526.829245,45
9550,189.86227838,Re_189p862278,high_re_2d_periodic_near_modeA,periodic,heldout,530.53931011,46
9551,189.86227838,Re_189p862278,high_re_2d_periodic_near_modeA,periodic,heldout,534.24937521,47
9552,189.86227838,Re_189p862278,high_re_2d_periodic_near_modeA,periodic,heldout,537.95944032,48
9553,189.86227838,Re_189p862278,high_re_2d_periodic_near_modeA,periodic,heldout,541.66950542,49
9554,189.86227838,Re_189p862278,high_re_2d_periodic_near_modeA,periodic,heldout,545.37957053,50
9555,189.86227838,Re_189p862278,high_re_2d_periodic_near_modeA,periodic,heldout,549.08963564,51
9556,189.86227838,Re_189p862278,high_re_2d_periodic_near_modeA,periodic,heldout,552.79970074,52
9557,189.86227838,Re_189p862278,high_re_2d_periodic_near_modeA,periodic,heldout,556.50976585,53
9558,189.86227838,Re_189p862278,high_re_2d_periodic_near_modeA,periodic,heldout,560.21983095,54
9559,189.86227838,Re_189p862278,high_re_2d_periodic_near_modeA,periodic,heldout,563.92989606,55
9560,189.86227838,Re_189p862278,high_re_2d_periodic_near_modeA,periodic,heldout,567.63996116,56
9561,189.86227838,Re_189p862278,high_re_2d_periodic_near_modeA,periodic,heldout,571.35002627,57
9562,189.86227838,Re_189p862278,high_re_2d_periodic_near_modeA,periodic,heldout,575.06009138,58
9563,189.86227838,Re_189p862278,high_re_2d_periodic_near_modeA,periodic,heldout,578.77015648,59
9564,189.86227838,Re_189p862278,high_re_2d_periodic_near_modeA,periodic,heldout,582.48022159,60
9565,189.86227838,Re_189p862278,high_re_2d_periodic_near_modeA,periodic,heldout,586.19028669,61
9566,189.86227838,Re_189p862278,high_re_2d_periodic_near_modeA,periodic,heldout,589.9003518,62
9567,189.86227838,Re_189p862278,high_re_2d_periodic_near_modeA,periodic,heldout,593.6104169,63
9568,189.86227838,Re_189p862278,high_re_2d_periodic_near_modeA,periodic,heldout,597.32048201,64
9569,189.86227838,Re_189p862278,high_re_2d_periodic_near_modeA,periodic,heldout,601.03054712,65
9570,189.86227838,Re_189p862278,high_re_2d_periodic_near_modeA,periodic,heldout,604.74061222,66
9571,189.86227838,Re_189p862278,high_re_2d_periodic_near_modeA,periodic,heldout,608.45067733,67
9572,189.86227838,Re_189p862278,high_re_2d_periodic_near_modeA,periodic,heldout,612.16074243,68
9573,189.86227838,Re_189p862278,high_re_2d_periodic_near_modeA,periodic,heldout,615.87080754,69
9574,189.86227838,Re_189p862278,high_re_2d_periodic_near_modeA,periodic,heldout,619.58087264,70
9575,189.86227838,Re_189p862278,high_re_2d_periodic_near_modeA,periodic,heldout,623.29093775,71
9576,189.86227838,Re_189p862278,high_re_2d_periodic_near_modeA,periodic,heldout,627.00100285,72
9577,189.86227838,Re_189p862278,high_re_2d_periodic_near_modeA,periodic,heldout,630.71106796,73
9578,189.86227838,Re_189p862278,high_re_2d_periodic_near_modeA,periodic,heldout,634.42113307,74
9579,189.86227838,Re_189p862278,high_re_2d_periodic_near_modeA,periodic,heldout,638.13119817,75
9580,189.86227838,Re_189p862278,high_re_2d_periodic_near_modeA,periodic,heldout,641.84126328,76
9581,189.86227838,Re_189p862278,high_re_2d_periodic_near_modeA,periodic,heldout,645.55132838,77
9582,189.86227838,Re_189p862278,high_re_2d_periodic_near_modeA,periodic,heldout,649.26139349,78
9583,189.86227838,Re_189p862278,high_re_2d_periodic_near_modeA,periodic,heldout,652.97145859,79
9584,189.86227838,Re_189p862278,high_re_2d_periodic_near_modeA,periodic,heldout,656.6815237,80
9585,189.86227838,Re_189p862278,high_re_2d_periodic_near_modeA,periodic,heldout,660.39158881,81
9586,189.86227838,Re_189p862278,high_re_2d_periodic_near_modeA,periodic,heldout,664.10165391,82
9587,189.86227838,Re_189p862278,high_re_2d_periodic_near_modeA,periodic,heldout,667.81171902,83
9588,189.86227838,Re_189p862278,high_re_2d_periodic_near_modeA,periodic,heldout,671.52178412,84
9589,189.86227838,Re_189p862278,high_re_2d_periodic_near_modeA,periodic,heldout,675.23184923,85
9590,189.86227838,Re_189p862278,high_re_2d_periodic_near_modeA,periodic,heldout,678.94191433,86
9591,189.86227838,Re_189p862278,high_re_2d_periodic_near_modeA,periodic,heldout,682.65197944,87
9592,189.86227838,Re_189p862278,high_re_2d_periodic_near_modeA,periodic,heldout,686.36204455,88
9593,189.86227838,Re_189p862278,high_re_2d_periodic_near_modeA,periodic,heldout,690.07210965,89
9594,189.86227838,Re_189p862278,high_re_2d_periodic_near_modeA,periodic,heldout,693.78217476,90
9595,189.86227838,Re_189p862278,high_re_2d_periodic_near_modeA,periodic,heldout,697.49223986,91
9596,189.86227838,Re_189p862278,high_re_2d_periodic_near_modeA,periodic,heldout,701.20230497,92
9597,189.86227838,Re_189p862278,high_re_2d_periodic_near_modeA,periodic,heldout,704.91237007,93
9598,189.86227838,Re_189p862278,high_re_2d_periodic_near_modeA,periodic,heldout,708.62243518,94
9599,189.86227838,Re_189p862278,high_re_2d_periodic_near_modeA,periodic,heldout,712.33250028,95
9600,189.86227838,Re_189p862278,high_re_2d_periodic_near_modeA,periodic,heldout,716.04256539,96
9601,189.86227838,Re_189p862278,high_re_2d_periodic_near_modeA,periodic,heldout,719.7526305,97
9602,189.86227838,Re_189p862278,high_re_2d_periodic_near_modeA,periodic,heldout,723.4626956,98
9603,189.86227838,Re_189p862278,high_re_2d_periodic_near_modeA,periodic,heldout,727.17276071,99
9604,189.86227838,Re_189p862278,high_re_2d_periodic_near_modeA,periodic,heldout,730.88282581,100
9605,189.86227838,Re_189p862278,high_re_2d_periodic_near_modeA,periodic,heldout,734.59289092,101
9606,189.86227838,Re_189p862278,high_re_2d_periodic_near_modeA,periodic,heldout,738.30295602,102
9607,189.86227838,Re_189p862278,high_re_2d_periodic_near_modeA,periodic,heldout,742.01302113,103
9608,189.86227838,Re_189p862278,high_re_2d_periodic_near_modeA,periodic,heldout,745.72308624,104
9609,189.86227838,Re_189p862278,high_re_2d_periodic_near_modeA,periodic,heldout,749.43315134,105
9610,189.86227838,Re_189p862278,high_re_2d_periodic_near_modeA,periodic,heldout,753.14321645,106
9611,189.86227838,Re_189p862278,high_re_2d_periodic_near_modeA,periodic,heldout,756.85328155,107
9612,189.86227838,Re_189p862278,high_re_2d_periodic_near_modeA,periodic,heldout,760.56334666,108
9613,189.86227838,Re_189p862278,high_re_2d_periodic_near_modeA,periodic,heldout,764.27341176,109
9614,189.86227838,Re_189p862278,high_re_2d_periodic_near_modeA,periodic,heldout,767.98347687,110
9615,189.86227838,Re_189p862278,high_re_2d_periodic_near_modeA,periodic,heldout,771.69354198,111
9616,189.86227838,Re_189p862278,high_re_2d_periodic_near_modeA,periodic,heldout,775.40360708,112
9617,189.86227838,Re_189p862278,high_re_2d_periodic_near_modeA,periodic,heldout,779.11367219,113
9618,189.86227838,Re_189p862278,high_re_2d_periodic_near_modeA,periodic,heldout,782.82373729,114
9619,189.86227838,Re_189p862278,high_re_2d_periodic_near_modeA,periodic,heldout,786.5338024,115
9620,189.86227838,Re_189p862278,high_re_2d_periodic_near_modeA,periodic,heldout,790.2438675,116
9621,189.86227838,Re_189p862278,high_re_2d_periodic_near_modeA,periodic,heldout,793.95393261,117
9622,189.86227838,Re_189p862278,high_re_2d_periodic_near_modeA,periodic,heldout,797.66399771,118
9623,189.86227838,Re_189p862278,high_re_2d_periodic_near_modeA,periodic,heldout,801.37406282,119
9624,189.86227838,Re_189p862278,high_re_2d_periodic_near_modeA,periodic,heldout,805.08412793,120
9625,189.86227838,Re_189p862278,high_re_2d_periodic_near_modeA,periodic,heldout,808.79419303,121
9626,189.86227838,Re_189p862278,high_re_2d_periodic_near_modeA,periodic,heldout,812.50425814,122
9627,189.86227838,Re_189p862278,high_re_2d_periodic_near_modeA,periodic,heldout,816.21432324,123
9628,189.86227838,Re_189p862278,high_re_2d_periodic_near_modeA,periodic,heldout,819.92438835,124
9629,189.86227838,Re_189p862278,high_re_2d_periodic_near_modeA,periodic,heldout,823.63445345,125
9630,189.86227838,Re_189p862278,high_re_2d_periodic_near_modeA,periodic,heldout,827.34451856,126
9631,189.86227838,Re_189p862278,high_re_2d_periodic_near_modeA,periodic,heldout,831.05458367,127
9632,189.86227838,Re_189p862278,high_re_2d_periodic_near_modeA,periodic,heldout,834.76464877,128
9633,189.86227838,Re_189p862278,high_re_2d_periodic_near_modeA,periodic,heldout,838.47471388,129
9634,189.86227838,Re_189p862278,high_re_2d_periodic_near_modeA,periodic,heldout,842.18477898,130
9635,189.86227838,Re_189p862278,high_re_2d_periodic_near_modeA,periodic,heldout,845.89484409,131
9636,189.86227838,Re_189p862278,high_re_2d_periodic_near_modeA,periodic,heldout,849.60490919,132
9637,189.86227838,Re_189p862278,high_re_2d_periodic_near_modeA,periodic,heldout,853.3149743,133
9638,189.86227838,Re_189p862278,high_re_2d_periodic_near_modeA,periodic,heldout,857.02503941,134
9639,189.86227838,Re_189p862278,high_re_2d_periodic_near_modeA,periodic,heldout,860.73510451,135
9640,189.86227838,Re_189p862278,high_re_2d_periodic_near_modeA,periodic,heldout,864.44516962,136
9641,189.86227838,Re_189p862278,high_re_2d_periodic_near_modeA,periodic,heldout,868.15523472,137
9642,189.86227838,Re_189p862278,high_re_2d_periodic_near_modeA,periodic,heldout,871.86529983,138
9643,189.86227838,Re_189p862278,high_re_2d_periodic_near_modeA,periodic,heldout,875.57536493,139
9644,189.86227838,Re_189p862278,high_re_2d_periodic_near_modeA,periodic,heldout,879.28543004,140
9645,189.86227838,Re_189p862278,high_re_2d_periodic_near_modeA,periodic,heldout,882.99549514,141
9646,189.86227838,Re_189p862278,high_re_2d_periodic_near_modeA,periodic,heldout,886.70556025,142
9647,189.86227838,Re_189p862278,high_re_2d_periodic_near_modeA,periodic,heldout,890.41562536,143
9648,189.86227838,Re_189p862278,high_re_2d_periodic_near_modeA,periodic,heldout,894.12569046,144
9649,189.86227838,Re_189p862278,high_re_2d_periodic_near_modeA,periodic,heldout,897.83575557,145
9650,189.86227838,Re_189p862278,high_re_2d_periodic_near_modeA,periodic,heldout,901.54582067,146
9651,189.86227838,Re_189p862278,high_re_2d_periodic_near_modeA,periodic,heldout,905.25588578,147
9652,189.86227838,Re_189p862278,high_re_2d_periodic_near_modeA,periodic,heldout,908.96595088,148
9653,189.86227838,Re_189p862278,high_re_2d_periodic_near_modeA,periodic,heldout,912.67601599,149
9654,189.86227838,Re_189p862278,high_re_2d_periodic_near_modeA,periodic,heldout,916.3860811,150
9655,189.86227838,Re_189p862278,high_re_2d_periodic_near_modeA,periodic,heldout,920.0961462,151
9656,189.86227838,Re_189p862278,high_re_2d_periodic_near_modeA,periodic,heldout,923.80621131,152
9657,189.86227838,Re_189p862278,high_re_2d_periodic_near_modeA,periodic,heldout,927.51627641,153
9658,189.86227838,Re_189p862278,high_re_2d_periodic_near_modeA,periodic,heldout,931.22634152,154
9659,189.86227838,Re_189p862278,high_re_2d_periodic_near_modeA,periodic,heldout,934.93640662,155
9660,189.86227838,Re_189p862278,high_re_2d_periodic_near_modeA,periodic,heldout,938.64647173,156
9661,189.86227838,Re_189p862278,high_re_2d_periodic_near_modeA,periodic,heldout,942.35653684,157
9662,189.86227838,Re_189p862278,high_re_2d_periodic_near_modeA,periodic,heldout,946.06660194,158
9663,189.86227838,Re_189p862278,high_re_2d_periodic_near_modeA,periodic,heldout,949.77666705,159
9664,189.86227838,Re_189p862278,high_re_2d_periodic_near_modeA,periodic,heldout,953.48673215,160
9665,192.911663952,Re_192p911664,high_re_2d_periodic_near_modeA,periodic,train,360.0,0
9666,192.911663952,Re_192p911664,high_re_2d_periodic_near_modeA,periodic,train,360.83020377,1
9667,192.911663952,Re_192p911664,high_re_2d_periodic_near_modeA,periodic,train,364.47495331,2
9668,192.911663952,Re_192p911664,high_re_2d_periodic_near_modeA,periodic,train,368.11970284,3
9669,192.911663952,Re_192p911664,high_re_2d_periodic_near_modeA,periodic,train,371.76445237,4
9670,192.911663952,Re_192p911664,high_re_2d_periodic_near_modeA,periodic,train,375.40920191,5
9671,192.911663952,Re_192p911664,high_re_2d_periodic_near_modeA,periodic,train,379.05395144,6
9672,192.911663952,Re_192p911664,high_re_2d_periodic_near_modeA,periodic,train,382.69870097,7
9673,192.911663952,Re_192p911664,high_re_2d_periodic_near_modeA,periodic,train,386.34345051,8
9674,192.911663952,Re_192p911664,high_re_2d_periodic_near_modeA,periodic,train,389.98820004,9
9675,192.911663952,Re_192p911664,high_re_2d_periodic_near_modeA,periodic,train,393.63294957,10
9676,192.911663952,Re_192p911664,high_re_2d_periodic_near_modeA,periodic,train,397.2776991,11
9677,192.911663952,Re_192p911664,high_re_2d_periodic_near_modeA,periodic,train,400.92244864,12
9678,192.911663952,Re_192p911664,high_re_2d_periodic_near_modeA,periodic,train,404.56719817,13
9679,192.911663952,Re_192p911664,high_re_2d_periodic_near_modeA,periodic,train,408.2119477,14
9680,192.911663952,Re_192p911664,high_re_2d_periodic_near_modeA,periodic,train,411.85669724,15
9681,192.911663952,Re_192p911664,high_re_2d_periodic_near_modeA,periodic,train,415.50144677,16
9682,192.911663952,Re_192p911664,high_re_2d_periodic_near_modeA,periodic,train,419.1461963,17
9683,192.911663952,Re_192p911664,high_re_2d_periodic_near_modeA,periodic,train,422.79094584,18
9684,192.911663952,Re_192p911664,high_re_2d_periodic_near_modeA,periodic,train,426.43569537,19
9685,192.911663952,Re_192p911664,high_re_2d_periodic_near_modeA,periodic,train,430.0804449,20
9686,192.911663952,Re_192p911664,high_re_2d_periodic_near_modeA,periodic,train,433.72519444,21
9687,192.911663952,Re_192p911664,high_re_2d_periodic_near_modeA,periodic,train,437.36994397,22
9688,192.911663952,Re_192p911664,high_re_2d_periodic_near_modeA,periodic,train,441.0146935,23
9689,192.911663952,Re_192p911664,high_re_2d_periodic_near_modeA,periodic,train,444.65944303,24
9690,192.911663952,Re_192p911664,high_re_2d_periodic_near_modeA,periodic,train,448.30419257,25
9691,192.911663952,Re_192p911664,high_re_2d_periodic_near_modeA,periodic,train,451.9489421,26
9692,192.911663952,Re_192p911664,high_re_2d_periodic_near_modeA,periodic,train,455.59369163,27
9693,192.911663952,Re_192p911664,high_re_2d_periodic_near_modeA,periodic,train,459.23844117,28
9694,192.911663952,Re_192p911664,high_re_2d_periodic_near_modeA,periodic,train,462.8831907,29
9695,192.911663952,Re_192p911664,high_re_2d_periodic_near_modeA,periodic,train,466.52794023,30
9696,192.911663952,Re_192p911664,high_re_2d_periodic_near_modeA,periodic,train,470.17268977,31
9697,192.911663952,Re_192p911664,high_re_2d_periodic_near_modeA,periodic,train,473.8174393,32
9698,192.911663952,Re_192p911664,high_re_2d_periodic_near_modeA,periodic,train,477.46218883,33
9699,192.911663952,Re_192p911664,high_re_2d_periodic_near_modeA,periodic,train,481.10693837,34
9700,192.911663952,Re_192p911664,high_re_2d_periodic_near_modeA,periodic,train,484.7516879,35
9701,192.911663952,Re_192p911664,high_re_2d_periodic_near_modeA,periodic,train,488.39643743,36
9702,192.911663952,Re_192p911664,high_re_2d_periodic_near_modeA,periodic,train,492.04118696,37
9703,192.911663952,Re_192p911664,high_re_2d_periodic_near_modeA,periodic,train,495.6859365,38
9704,192.911663952,Re_192p911664,high_re_2d_periodic_near_modeA,periodic,train,499.33068603,39
9705,192.911663952,Re_192p911664,high_re_2d_periodic_near_modeA,periodic,train,502.97543556,40
9706,192.911663952,Re_192p911664,high_re_2d_periodic_near_modeA,periodic,train,506.6201851,41
9707,192.911663952,Re_192p911664,high_re_2d_periodic_near_modeA,periodic,train,510.26493463,42
9708,192.911663952,Re_192p911664,high_re_2d_periodic_near_modeA,periodic,train,513.90968416,43
9709,192.911663952,Re_192p911664,high_re_2d_periodic_near_modeA,periodic,train,517.5544337,44
9710,192.911663952,Re_192p911664,high_re_2d_periodic_near_modeA,periodic,train,521.19918323,45
9711,192.911663952,Re_192p911664,high_re_2d_periodic_near_modeA,periodic,train,524.84393276,46
9712,192.911663952,Re_192p911664,high_re_2d_periodic_near_modeA,periodic,train,528.4886823,47
9713,192.911663952,Re_192p911664,high_re_2d_periodic_near_modeA,periodic,train,532.13343183,48
9714,192.911663952,Re_192p911664,high_re_2d_periodic_near_modeA,periodic,train,535.77818136,49
9715,192.911663952,Re_192p911664,high_re_2d_periodic_near_modeA,periodic,train,539.42293089,50
9716,192.911663952,Re_192p911664,high_re_2d_periodic_near_modeA,periodic,train,543.06768043,51
9717,192.911663952,Re_192p911664,high_re_2d_periodic_near_modeA,periodic,train,546.71242996,52
9718,192.911663952,Re_192p911664,high_re_2d_periodic_near_modeA,periodic,train,550.35717949,53
9719,192.911663952,Re_192p911664,high_re_2d_periodic_near_modeA,periodic,train,554.00192903,54
9720,192.911663952,Re_192p911664,high_re_2d_periodic_near_modeA,periodic,train,557.64667856,55
9721,192.911663952,Re_192p911664,high_re_2d_periodic_near_modeA,periodic,train,561.29142809,56
9722,192.911663952,Re_192p911664,high_re_2d_periodic_near_modeA,periodic,train,564.93617763,57
9723,192.911663952,Re_192p911664,high_re_2d_periodic_near_modeA,periodic,train,568.58092716,58
9724,192.911663952,Re_192p911664,high_re_2d_periodic_near_modeA,periodic,train,572.22567669,59
9725,192.911663952,Re_192p911664,high_re_2d_periodic_near_modeA,periodic,train,575.87042623,60
9726,192.911663952,Re_192p911664,high_re_2d_periodic_near_modeA,periodic,train,579.51517576,61
9727,192.911663952,Re_192p911664,high_re_2d_periodic_near_modeA,periodic,train,583.15992529,62
9728,192.911663952,Re_192p911664,high_re_2d_periodic_near_modeA,periodic,train,586.80467482,63
9729,192.911663952,Re_192p911664,high_re_2d_periodic_near_modeA,periodic,train,590.44942436,64
9730,192.911663952,Re_192p911664,high_re_2d_periodic_near_modeA,periodic,train,594.09417389,65
9731,192.911663952,Re_192p911664,high_re_2d_periodic_near_modeA,periodic,train,597.73892342,66
9732,192.911663952,Re_192p911664,high_re_2d_periodic_near_modeA,periodic,train,601.38367296,67
9733,192.911663952,Re_192p911664,high_re_2d_periodic_near_modeA,periodic,train,605.02842249,68
9734,192.911663952,Re_192p911664,high_re_2d_periodic_near_modeA,periodic,train,608.67317202,69
9735,192.911663952,Re_192p911664,high_re_2d_periodic_near_modeA,periodic,train,612.31792156,70
9736,192.911663952,Re_192p911664,high_re_2d_periodic_near_modeA,periodic,train,615.96267109,71
9737,192.911663952,Re_192p911664,high_re_2d_periodic_near_modeA,periodic,train,619.60742062,72
9738,192.911663952,Re_192p911664,high_re_2d_periodic_near_modeA,periodic,train,623.25217015,73
9739,192.911663952,Re_192p911664,high_re_2d_periodic_near_modeA,periodic,train,626.89691969,74
9740,192.911663952,Re_192p911664,high_re_2d_periodic_near_modeA,periodic,train,630.54166922,75
9741,192.911663952,Re_192p911664,high_re_2d_periodic_near_modeA,periodic,train,634.18641875,76
9742,192.911663952,Re_192p911664,high_re_2d_periodic_near_modeA,periodic,train,637.83116829,77
9743,192.911663952,Re_192p911664,high_re_2d_periodic_near_modeA,periodic,train,641.47591782,78
9744,192.911663952,Re_192p911664,high_re_2d_periodic_near_modeA,periodic,train,645.12066735,79
9745,192.911663952,Re_192p911664,high_re_2d_periodic_near_modeA,periodic,train,648.76541689,80
9746,192.911663952,Re_192p911664,high_re_2d_periodic_near_modeA,periodic,train,652.41016642,81
9747,192.911663952,Re_192p911664,high_re_2d_periodic_near_modeA,periodic,train,656.05491595,82
9748,192.911663952,Re_192p911664,high_re_2d_periodic_near_modeA,periodic,train,659.69966549,83
9749,192.911663952,Re_192p911664,high_re_2d_periodic_near_modeA,periodic,train,663.34441502,84
9750,192.911663952,Re_192p911664,high_re_2d_periodic_near_modeA,periodic,train,666.98916455,85
9751,192.911663952,Re_192p911664,high_re_2d_periodic_near_modeA,periodic,train,670.63391408,86
9752,192.911663952,Re_192p911664,high_re_2d_periodic_near_modeA,periodic,train,674.27866362,87
9753,192.911663952,Re_192p911664,high_re_2d_periodic_near_modeA,periodic,train,677.92341315,88
9754,192.911663952,Re_192p911664,high_re_2d_periodic_near_modeA,periodic,train,681.56816268,89
9755,192.911663952,Re_192p911664,high_re_2d_periodic_near_modeA,periodic,train,685.21291222,90
9756,192.911663952,Re_192p911664,high_re_2d_periodic_near_modeA,periodic,train,688.85766175,91
9757,192.911663952,Re_192p911664,high_re_2d_periodic_near_modeA,periodic,train,692.50241128,92
9758,192.911663952,Re_192p911664,high_re_2d_periodic_near_modeA,periodic,train,696.14716082,93
9759,192.911663952,Re_192p911664,high_re_2d_periodic_near_modeA,periodic,train,699.79191035,94
9760,192.911663952,Re_192p911664,high_re_2d_periodic_near_modeA,periodic,train,703.43665988,95
9761,192.911663952,Re_192p911664,high_re_2d_periodic_near_modeA,periodic,train,707.08140942,96
9762,192.911663952,Re_192p911664,high_re_2d_periodic_near_modeA,periodic,train,710.72615895,97
9763,192.911663952,Re_192p911664,high_re_2d_periodic_near_modeA,periodic,train,714.37090848,98
9764,192.911663952,Re_192p911664,high_re_2d_periodic_near_modeA,periodic,train,718.01565801,99
9765,192.911663952,Re_192p911664,high_re_2d_periodic_near_modeA,periodic,train,721.66040755,100
9766,192.911663952,Re_192p911664,high_re_2d_periodic_near_modeA,periodic,train,725.30515708,101
9767,192.911663952,Re_192p911664,high_re_2d_periodic_near_modeA,periodic,train,728.94990661,102
9768,192.911663952,Re_192p911664,high_re_2d_periodic_near_modeA,periodic,train,732.59465615,103
9769,192.911663952,Re_192p911664,high_re_2d_periodic_near_modeA,periodic,train,736.23940568,104
9770,192.911663952,Re_192p911664,high_re_2d_periodic_near_modeA,periodic,train,739.88415521,105
9771,192.911663952,Re_192p911664,high_re_2d_periodic_near_modeA,periodic,train,743.52890475,106
9772,192.911663952,Re_192p911664,high_re_2d_periodic_near_modeA,periodic,train,747.17365428,107
9773,192.911663952,Re_192p911664,high_re_2d_periodic_near_modeA,periodic,train,750.81840381,108
9774,192.911663952,Re_192p911664,high_re_2d_periodic_near_modeA,periodic,train,754.46315335,109
9775,192.911663952,Re_192p911664,high_re_2d_periodic_near_modeA,periodic,train,758.10790288,110
9776,192.911663952,Re_192p911664,high_re_2d_periodic_near_modeA,periodic,train,761.75265241,111
9777,192.911663952,Re_192p911664,high_re_2d_periodic_near_modeA,periodic,train,765.39740194,112
9778,192.911663952,Re_192p911664,high_re_2d_periodic_near_modeA,periodic,train,769.04215148,113
9779,192.911663952,Re_192p911664,high_re_2d_periodic_near_modeA,periodic,train,772.68690101,114
9780,192.911663952,Re_192p911664,high_re_2d_periodic_near_modeA,periodic,train,776.33165054,115
9781,192.911663952,Re_192p911664,high_re_2d_periodic_near_modeA,periodic,train,779.97640008,116
9782,192.911663952,Re_192p911664,high_re_2d_periodic_near_modeA,periodic,train,783.62114961,117
9783,192.911663952,Re_192p911664,high_re_2d_periodic_near_modeA,periodic,train,787.26589914,118
9784,192.911663952,Re_192p911664,high_re_2d_periodic_near_modeA,periodic,train,790.91064868,119
9785,192.911663952,Re_192p911664,high_re_2d_periodic_near_modeA,periodic,train,794.55539821,120
9786,192.911663952,Re_192p911664,high_re_2d_periodic_near_modeA,periodic,train,798.20014774,121
9787,192.911663952,Re_192p911664,high_re_2d_periodic_near_modeA,periodic,train,801.84489728,122
9788,192.911663952,Re_192p911664,high_re_2d_periodic_near_modeA,periodic,train,805.48964681,123
9789,192.911663952,Re_192p911664,high_re_2d_periodic_near_modeA,periodic,train,809.13439634,124
9790,192.911663952,Re_192p911664,high_re_2d_periodic_near_modeA,periodic,train,812.77914587,125
9791,192.911663952,Re_192p911664,high_re_2d_periodic_near_modeA,periodic,train,816.42389541,126
9792,192.911663952,Re_192p911664,high_re_2d_periodic_near_modeA,periodic,train,820.06864494,127
9793,192.911663952,Re_192p911664,high_re_2d_periodic_near_modeA,periodic,train,823.71339447,128
9794,192.911663952,Re_192p911664,high_re_2d_periodic_near_modeA,periodic,train,827.35814401,129
9795,192.911663952,Re_192p911664,high_re_2d_periodic_near_modeA,periodic,train,831.00289354,130
9796,192.911663952,Re_192p911664,high_re_2d_periodic_near_modeA,periodic,train,834.64764307,131
9797,192.911663952,Re_192p911664,high_re_2d_periodic_near_modeA,periodic,train,838.29239261,132
9798,192.911663952,Re_192p911664,high_re_2d_periodic_near_modeA,periodic,train,841.93714214,133
9799,192.911663952,Re_192p911664,high_re_2d_periodic_near_modeA,periodic,train,845.58189167,134
9800,192.911663952,Re_192p911664,high_re_2d_periodic_near_modeA,periodic,train,849.22664121,135
9801,192.911663952,Re_192p911664,high_re_2d_periodic_near_modeA,periodic,train,852.87139074,136
9802,192.911663952,Re_192p911664,high_re_2d_periodic_near_modeA,periodic,train,856.51614027,137
9803,192.911663952,Re_192p911664,high_re_2d_periodic_near_modeA,periodic,train,860.1608898,138
9804,192.911663952,Re_192p911664,high_re_2d_periodic_near_modeA,periodic,train,863.80563934,139
9805,192.911663952,Re_192p911664,high_re_2d_periodic_near_modeA,periodic,train,867.45038887,140
9806,192.911663952,Re_192p911664,high_re_2d_periodic_near_modeA,periodic,train,871.0951384,141
9807,192.911663952,Re_192p911664,high_re_2d_periodic_near_modeA,periodic,train,874.73988794,142
9808,192.911663952,Re_192p911664,high_re_2d_periodic_near_modeA,periodic,train,878.38463747,143
9809,192.911663952,Re_192p911664,high_re_2d_periodic_near_modeA,periodic,train,882.029387,144
9810,192.911663952,Re_192p911664,high_re_2d_periodic_near_modeA,periodic,train,885.67413654,145
9811,192.911663952,Re_192p911664,high_re_2d_periodic_near_modeA,periodic,train,889.31888607,146
9812,192.911663952,Re_192p911664,high_re_2d_periodic_near_modeA,periodic,train,892.9636356,147
9813,192.911663952,Re_192p911664,high_re_2d_periodic_near_modeA,periodic,train,896.60838514,148
9814,192.911663952,Re_192p911664,high_re_2d_periodic_near_modeA,periodic,train,900.25313467,149
9815,192.911663952,Re_192p911664,high_re_2d_periodic_near_modeA,periodic,train,903.8978842,150
9816,192.911663952,Re_192p911664,high_re_2d_periodic_near_modeA,periodic,train,907.54263373,151
9817,192.911663952,Re_192p911664,high_re_2d_periodic_near_modeA,periodic,train,911.18738327,152
9818,192.911663952,Re_192p911664,high_re_2d_periodic_near_modeA,periodic,train,914.8321328,153
9819,192.911663952,Re_192p911664,high_re_2d_periodic_near_modeA,periodic,train,918.47688233,154
9820,192.911663952,Re_192p911664,high_re_2d_periodic_near_modeA,periodic,train,922.12163187,155
9821,192.911663952,Re_192p911664,high_re_2d_periodic_near_modeA,periodic,train,925.7663814,156
9822,192.911663952,Re_192p911664,high_re_2d_periodic_near_modeA,periodic,train,929.41113093,157
9823,192.911663952,Re_192p911664,high_re_2d_periodic_near_modeA,periodic,train,933.05588047,158
9824,192.911663952,Re_192p911664,high_re_2d_periodic_near_modeA,periodic,train,936.70063,159
9825,192.911663952,Re_192p911664,high_re_2d_periodic_near_modeA,periodic,train,940.34537953,160
9826,192.911663952,Re_192p911664,high_re_2d_periodic_near_modeA,periodic,train,943.99012907,161
9827,196.160723205,Re_196p160723,high_re_2d_periodic_near_modeA,periodic,validation,360.0,0
9828,196.160723205,Re_196p160723,high_re_2d_periodic_near_modeA,periodic,validation,361.34174849,1
9829,196.160723205,Re_196p160723,high_re_2d_periodic_near_modeA,periodic,validation,364.91938956,2
9830,196.160723205,Re_196p160723,high_re_2d_periodic_near_modeA,periodic,validation,368.49703064,3
9831,196.160723205,Re_196p160723,high_re_2d_periodic_near_modeA,periodic,validation,372.07467171,4
9832,196.160723205,Re_196p160723,high_re_2d_periodic_near_modeA,periodic,validation,375.65231279,5
9833,196.160723205,Re_196p160723,high_re_2d_periodic_near_modeA,periodic,validation,379.22995386,6
9834,196.160723205,Re_196p160723,high_re_2d_periodic_near_modeA,periodic,validation,382.80759494,7
9835,196.160723205,Re_196p160723,high_re_2d_periodic_near_modeA,periodic,validation,386.38523601,8
9836,196.160723205,Re_196p160723,high_re_2d_periodic_near_modeA,periodic,validation,389.96287708,9
9837,196.160723205,Re_196p160723,high_re_2d_periodic_near_modeA,periodic,validation,393.54051816,10
9838,196.160723205,Re_196p160723,high_re_2d_periodic_near_modeA,periodic,validation,397.11815923,11
9839,196.160723205,Re_196p160723,high_re_2d_periodic_near_modeA,periodic,validation,400.69580031,12
9840,196.160723205,Re_196p160723,high_re_2d_periodic_near_modeA,periodic,validation,404.27344138,13
9841,196.160723205,Re_196p160723,high_re_2d_periodic_near_modeA,periodic,validation,407.85108245,14
9842,196.160723205,Re_196p160723,high_re_2d_periodic_near_modeA,periodic,validation,411.42872353,15
9843,196.160723205,Re_196p160723,high_re_2d_periodic_near_modeA,periodic,validation,415.0063646,16
9844,196.160723205,Re_196p160723,high_re_2d_periodic_near_modeA,periodic,validation,418.58400568,17
9845,196.160723205,Re_196p160723,high_re_2d_periodic_near_modeA,periodic,validation,422.16164675,18
9846,196.160723205,Re_196p160723,high_re_2d_periodic_near_modeA,periodic,validation,425.73928783,19
9847,196.160723205,Re_196p160723,high_re_2d_periodic_near_modeA,periodic,validation,429.3169289,20
9848,196.160723205,Re_196p160723,high_re_2d_periodic_near_modeA,periodic,validation,432.89456997,21
9849,196.160723205,Re_196p160723,high_re_2d_periodic_near_modeA,periodic,validation,436.47221105,22
9850,196.160723205,Re_196p160723,high_re_2d_periodic_near_modeA,periodic,validation,440.04985212,23
9851,196.160723205,Re_196p160723,high_re_2d_periodic_near_modeA,periodic,validation,443.6274932,24
9852,196.160723205,Re_196p160723,high_re_2d_periodic_near_modeA,periodic,validation,447.20513427,25
9853,196.160723205,Re_196p160723,high_re_2d_periodic_near_modeA,periodic,validation,450.78277534,26
9854,196.160723205,Re_196p160723,high_re_2d_periodic_near_modeA,periodic,validation,454.36041642,27
9855,196.160723205,Re_196p160723,high_re_2d_periodic_near_modeA,periodic,validation,457.93805749,28
9856,196.160723205,Re_196p160723,high_re_2d_periodic_near_modeA,periodic,validation,461.51569857,29
9857,196.160723205,Re_196p160723,high_re_2d_periodic_near_modeA,periodic,validation,465.09333964,30
9858,196.160723205,Re_196p160723,high_re_2d_periodic_near_modeA,periodic,validation,468.67098071,31
9859,196.160723205,Re_196p160723,high_re_2d_periodic_near_modeA,periodic,validation,472.24862179,32
9860,196.160723205,Re_196p160723,high_re_2d_periodic_near_modeA,periodic,validation,475.82626286,33
9861,196.160723205,Re_196p160723,high_re_2d_periodic_near_modeA,periodic,validation,479.40390394,34
9862,196.160723205,Re_196p160723,high_re_2d_periodic_near_modeA,periodic,validation,482.98154501,35
9863,196.160723205,Re_196p160723,high_re_2d_periodic_near_modeA,periodic,validation,486.55918609,36
9864,196.160723205,Re_196p160723,high_re_2d_periodic_near_modeA,periodic,validation,490.13682716,37
9865,196.160723205,Re_196p160723,high_re_2d_periodic_near_modeA,periodic,validation,493.71446823,38
9866,196.160723205,Re_196p160723,high_re_2d_periodic_near_modeA,periodic,validation,497.29210931,39
9867,196.160723205,Re_196p160723,high_re_2d_periodic_near_modeA,periodic,validation,500.86975038,40
9868,196.160723205,Re_196p160723,high_re_2d_periodic_near_modeA,periodic,validation,504.44739146,41
9869,196.160723205,Re_196p160723,high_re_2d_periodic_near_modeA,periodic,validation,508.02503253,42
9870,196.160723205,Re_196p160723,high_re_2d_periodic_near_modeA,periodic,validation,511.6026736,43
9871,196.160723205,Re_196p160723,high_re_2d_periodic_near_modeA,periodic,validation,515.18031468,44
9872,196.160723205,Re_196p160723,high_re_2d_periodic_near_modeA,periodic,validation,518.75795575,45
9873,196.160723205,Re_196p160723,high_re_2d_periodic_near_modeA,periodic,validation,522.33559683,46
9874,196.160723205,Re_196p160723,high_re_2d_periodic_near_modeA,periodic,validation,525.9132379,47
9875,196.160723205,Re_196p160723,high_re_2d_periodic_near_modeA,periodic,validation,529.49087898,48
9876,196.160723205,Re_196p160723,high_re_2d_periodic_near_modeA,periodic,validation,533.06852005,49
9877,196.160723205,Re_196p160723,high_re_2d_periodic_near_modeA,periodic,validation,536.64616112,50
9878,196.160723205,Re_196p160723,high_re_2d_periodic_near_modeA,periodic,validation,540.2238022,51
9879,196.160723205,Re_196p160723,high_re_2d_periodic_near_modeA,periodic,validation,543.80144327,52
9880,196.160723205,Re_196p160723,high_re_2d_periodic_near_modeA,periodic,validation,547.37908435,53
9881,196.160723205,Re_196p160723,high_re_2d_periodic_near_modeA,periodic,validation,550.95672542,54
9882,196.160723205,Re_196p160723,high_re_2d_periodic_near_modeA,periodic,validation,554.53436649,55
9883,196.160723205,Re_196p160723,high_re_2d_periodic_near_modeA,periodic,validation,558.11200757,56
9884,196.160723205,Re_196p160723,high_re_2d_periodic_near_modeA,periodic,validation,561.68964864,57
9885,196.160723205,Re_196p160723,high_re_2d_periodic_near_modeA,periodic,validation,565.26728972,58
9886,196.160723205,Re_196p160723,high_re_2d_periodic_near_modeA,periodic,validation,568.84493079,59
9887,196.160723205,Re_196p160723,high_re_2d_periodic_near_modeA,periodic,validation,572.42257187,60
9888,196.160723205,Re_196p160723,high_re_2d_periodic_near_modeA,periodic,validation,576.00021294,61
9889,196.160723205,Re_196p160723,high_re_2d_periodic_near_modeA,periodic,validation,579.57785401,62
9890,196.160723205,Re_196p160723,high_re_2d_periodic_near_modeA,periodic,validation,583.15549509,63
9891,196.160723205,Re_196p160723,high_re_2d_periodic_near_modeA,periodic,validation,586.73313616,64
9892,196.160723205,Re_196p160723,high_re_2d_periodic_near_modeA,periodic,validation,590.31077724,65
9893,196.160723205,Re_196p160723,high_re_2d_periodic_near_modeA,periodic,validation,593.88841831,66
9894,196.160723205,Re_196p160723,high_re_2d_periodic_near_modeA,periodic,validation,597.46605938,67
9895,196.160723205,Re_196p160723,high_re_2d_periodic_near_modeA,periodic,validation,601.04370046,68
9896,196.160723205,Re_196p160723,high_re_2d_periodic_near_modeA,periodic,validation,604.62134153,69
9897,196.160723205,Re_196p160723,high_re_2d_periodic_near_modeA,periodic,validation,608.19898261,70
9898,196.160723205,Re_196p160723,high_re_2d_periodic_near_modeA,periodic,validation,611.77662368,71
9899,196.160723205,Re_196p160723,high_re_2d_periodic_near_modeA,periodic,validation,615.35426476,72
9900,196.160723205,Re_196p160723,high_re_2d_periodic_near_modeA,periodic,validation,618.93190583,73
9901,196.160723205,Re_196p160723,high_re_2d_periodic_near_modeA,periodic,validation,622.5095469,74
9902,196.160723205,Re_196p160723,high_re_2d_periodic_near_modeA,periodic,validation,626.08718798,75
9903,196.160723205,Re_196p160723,high_re_2d_periodic_near_modeA,periodic,validation,629.66482905,76
9904,196.160723205,Re_196p160723,high_re_2d_periodic_near_modeA,periodic,validation,633.24247013,77
9905,196.160723205,Re_196p160723,high_re_2d_periodic_near_modeA,periodic,validation,636.8201112,78
9906,196.160723205,Re_196p160723,high_re_2d_periodic_near_modeA,periodic,validation,640.39775227,79
9907,196.160723205,Re_196p160723,high_re_2d_periodic_near_modeA,periodic,validation,643.97539335,80
9908,196.160723205,Re_196p160723,high_re_2d_periodic_near_modeA,periodic,validation,647.55303442,81
9909,196.160723205,Re_196p160723,high_re_2d_periodic_near_modeA,periodic,validation,651.1306755,82
9910,196.160723205,Re_196p160723,high_re_2d_periodic_near_modeA,periodic,validation,654.70831657,83
9911,196.160723205,Re_196p160723,high_re_2d_periodic_near_modeA,periodic,validation,658.28595765,84
9912,196.160723205,Re_196p160723,high_re_2d_periodic_near_modeA,periodic,validation,661.86359872,85
9913,196.160723205,Re_196p160723,high_re_2d_periodic_near_modeA,periodic,validation,665.44123979,86
9914,196.160723205,Re_196p160723,high_re_2d_periodic_near_modeA,periodic,validation,669.01888087,87
9915,196.160723205,Re_196p160723,high_re_2d_periodic_near_modeA,periodic,validation,672.59652194,88
9916,196.160723205,Re_196p160723,high_re_2d_periodic_near_modeA,periodic,validation,676.17416302,89
9917,196.160723205,Re_196p160723,high_re_2d_periodic_near_modeA,periodic,validation,679.75180409,90
9918,196.160723205,Re_196p160723,high_re_2d_periodic_near_modeA,periodic,validation,683.32944516,91
9919,196.160723205,Re_196p160723,high_re_2d_periodic_near_modeA,periodic,validation,686.90708624,92
9920,196.160723205,Re_196p160723,high_re_2d_periodic_near_modeA,periodic,validation,690.48472731,93
9921,196.160723205,Re_196p160723,high_re_2d_periodic_near_modeA,periodic,validation,694.06236839,94
9922,196.160723205,Re_196p160723,high_re_2d_periodic_near_modeA,periodic,validation,697.64000946,95
9923,196.160723205,Re_196p160723,high_re_2d_periodic_near_modeA,periodic,validation,701.21765054,96
9924,196.160723205,Re_196p160723,high_re_2d_periodic_near_modeA,periodic,validation,704.79529161,97
9925,196.160723205,Re_196p160723,high_re_2d_periodic_near_modeA,periodic,validation,708.37293268,98
9926,196.160723205,Re_196p160723,high_re_2d_periodic_near_modeA,periodic,validation,711.95057376,99
9927,196.160723205,Re_196p160723,high_re_2d_periodic_near_modeA,periodic,validation,715.52821483,100
9928,196.160723205,Re_196p160723,high_re_2d_periodic_near_modeA,periodic,validation,719.10585591,101
9929,196.160723205,Re_196p160723,high_re_2d_periodic_near_modeA,periodic,validation,722.68349698,102
9930,196.160723205,Re_196p160723,high_re_2d_periodic_near_modeA,periodic,validation,726.26113805,103
9931,196.160723205,Re_196p160723,high_re_2d_periodic_near_modeA,periodic,validation,729.83877913,104
9932,196.160723205,Re_196p160723,high_re_2d_periodic_near_modeA,periodic,validation,733.4164202,105
9933,196.160723205,Re_196p160723,high_re_2d_periodic_near_modeA,periodic,validation,736.99406128,106
9934,196.160723205,Re_196p160723,high_re_2d_periodic_near_modeA,periodic,validation,740.57170235,107
9935,196.160723205,Re_196p160723,high_re_2d_periodic_near_modeA,periodic,validation,744.14934343,108
9936,196.160723205,Re_196p160723,high_re_2d_periodic_near_modeA,periodic,validation,747.7269845,109
9937,196.160723205,Re_196p160723,high_re_2d_periodic_near_modeA,periodic,validation,751.30462557,110
9938,196.160723205,Re_196p160723,high_re_2d_periodic_near_modeA,periodic,validation,754.88226665,111
9939,196.160723205,Re_196p160723,high_re_2d_periodic_near_modeA,periodic,validation,758.45990772,112
9940,196.160723205,Re_196p160723,high_re_2d_periodic_near_modeA,periodic,validation,762.0375488,113
9941,196.160723205,Re_196p160723,high_re_2d_periodic_near_modeA,periodic,validation,765.61518987,114
9942,196.160723205,Re_196p160723,high_re_2d_periodic_near_modeA,periodic,validation,769.19283094,115
9943,196.160723205,Re_196p160723,high_re_2d_periodic_near_modeA,periodic,validation,772.77047202,116
9944,196.160723205,Re_196p160723,high_re_2d_periodic_near_modeA,periodic,validation,776.34811309,117
9945,196.160723205,Re_196p160723,high_re_2d_periodic_near_modeA,periodic,validation,779.92575417,118
9946,196.160723205,Re_196p160723,high_re_2d_periodic_near_modeA,periodic,validation,783.50339524,119
9947,196.160723205,Re_196p160723,high_re_2d_periodic_near_modeA,periodic,validation,787.08103632,120
9948,196.160723205,Re_196p160723,high_re_2d_periodic_near_modeA,periodic,validation,790.65867739,121
9949,196.160723205,Re_196p160723,high_re_2d_periodic_near_modeA,periodic,validation,794.23631846,122
9950,196.160723205,Re_196p160723,high_re_2d_periodic_near_modeA,periodic,validation,797.81395954,123
9951,196.160723205,Re_196p160723,high_re_2d_periodic_near_modeA,periodic,validation,801.39160061,124
9952,196.160723205,Re_196p160723,high_re_2d_periodic_near_modeA,periodic,validation,804.96924169,125
9953,196.160723205,Re_196p160723,high_re_2d_periodic_near_modeA,periodic,validation,808.54688276,126
9954,196.160723205,Re_196p160723,high_re_2d_periodic_near_modeA,periodic,validation,812.12452383,127
9955,196.160723205,Re_196p160723,high_re_2d_periodic_near_modeA,periodic,validation,815.70216491,128
9956,196.160723205,Re_196p160723,high_re_2d_periodic_near_modeA,periodic,validation,819.27980598,129
9957,196.160723205,Re_196p160723,high_re_2d_periodic_near_modeA,periodic,validation,822.85744706,130
9958,196.160723205,Re_196p160723,high_re_2d_periodic_near_modeA,periodic,validation,826.43508813,131
9959,196.160723205,Re_196p160723,high_re_2d_periodic_near_modeA,periodic,validation,830.01272921,132
9960,196.160723205,Re_196p160723,high_re_2d_periodic_near_modeA,periodic,validation,833.59037028,133
9961,196.160723205,Re_196p160723,high_re_2d_periodic_near_modeA,periodic,validation,837.16801135,134
9962,196.160723205,Re_196p160723,high_re_2d_periodic_near_modeA,periodic,validation,840.74565243,135
9963,196.160723205,Re_196p160723,high_re_2d_periodic_near_modeA,periodic,validation,844.3232935,136
9964,196.160723205,Re_196p160723,high_re_2d_periodic_near_modeA,periodic,validation,847.90093458,137
9965,196.160723205,Re_196p160723,high_re_2d_periodic_near_modeA,periodic,validation,851.47857565,138
9966,196.160723205,Re_196p160723,high_re_2d_periodic_near_modeA,periodic,validation,855.05621672,139
9967,196.160723205,Re_196p160723,high_re_2d_periodic_near_modeA,periodic,validation,858.6338578,140
9968,196.160723205,Re_196p160723,high_re_2d_periodic_near_modeA,periodic,validation,862.21149887,141
9969,196.160723205,Re_196p160723,high_re_2d_periodic_near_modeA,periodic,validation,865.78913995,142
9970,196.160723205,Re_196p160723,high_re_2d_periodic_near_modeA,periodic,validation,869.36678102,143
9971,196.160723205,Re_196p160723,high_re_2d_periodic_near_modeA,periodic,validation,872.9444221,144
9972,196.160723205,Re_196p160723,high_re_2d_periodic_near_modeA,periodic,validation,876.52206317,145
9973,196.160723205,Re_196p160723,high_re_2d_periodic_near_modeA,periodic,validation,880.09970424,146
9974,196.160723205,Re_196p160723,high_re_2d_periodic_near_modeA,periodic,validation,883.67734532,147
9975,196.160723205,Re_196p160723,high_re_2d_periodic_near_modeA,periodic,validation,887.25498639,148
9976,196.160723205,Re_196p160723,high_re_2d_periodic_near_modeA,periodic,validation,890.83262747,149
9977,196.160723205,Re_196p160723,high_re_2d_periodic_near_modeA,periodic,validation,894.41026854,150
9978,196.160723205,Re_196p160723,high_re_2d_periodic_near_modeA,periodic,validation,897.98790961,151
9979,196.160723205,Re_196p160723,high_re_2d_periodic_near_modeA,periodic,validation,901.56555069,152
9980,196.160723205,Re_196p160723,high_re_2d_periodic_near_modeA,periodic,validation,905.14319176,153
9981,196.160723205,Re_196p160723,high_re_2d_periodic_near_modeA,periodic,validation,908.72083284,154
9982,196.160723205,Re_196p160723,high_re_2d_periodic_near_modeA,periodic,validation,912.29847391,155
9983,196.160723205,Re_196p160723,high_re_2d_periodic_near_modeA,periodic,validation,915.87611498,156
9984,196.160723205,Re_196p160723,high_re_2d_periodic_near_modeA,periodic,validation,919.45375606,157
9985,196.160723205,Re_196p160723,high_re_2d_periodic_near_modeA,periodic,validation,923.03139713,158
9986,196.160723205,Re_196p160723,high_re_2d_periodic_near_modeA,periodic,validation,926.60903821,159
9987,196.160723205,Re_196p160723,high_re_2d_periodic_near_modeA,periodic,validation,930.18667928,160
9988,200.0,Re_200p000000,high_re_2d_periodic_near_modeA,periodic,train,360.0,0
9989,200.0,Re_200p000000,high_re_2d_periodic_near_modeA,periodic,train,360.65031905,1
9990,200.0,Re_200p000000,high_re_2d_periodic_near_modeA,periodic,train,364.15177846,2
9991,200.0,Re_200p000000,high_re_2d_periodic_near_modeA,periodic,train,367.65323787,3
9992,200.0,Re_200p000000,high_re_2d_periodic_near_modeA,periodic,train,371.15469728,4
9993,200.0,Re_200p000000,high_re_2d_periodic_near_modeA,periodic,train,374.65615669,5
9994,200.0,Re_200p000000,high_re_2d_periodic_near_modeA,periodic,train,378.15761609,6
9995,200.0,Re_200p000000,high_re_2d_periodic_near_modeA,periodic,train,381.6590755,7
9996,200.0,Re_200p000000,high_re_2d_periodic_near_modeA,periodic,train,385.16053491,8
9997,200.0,Re_200p000000,high_re_2d_periodic_near_modeA,periodic,train,388.66199432,9
9998,200.0,Re_200p000000,high_re_2d_periodic_near_modeA,periodic,train,392.16345373,10
9999,200.0,Re_200p000000,high_re_2d_periodic_near_modeA,periodic,train,395.66491314,11
10000,200.0,Re_200p000000,high_re_2d_periodic_near_modeA,periodic,train,399.16637254,12
10001,200.0,Re_200p000000,high_re_2d_periodic_near_modeA,periodic,train,402.66783195,13
10002,200.0,Re_200p000000,high_re_2d_periodic_near_modeA,periodic,train,406.16929136,14
10003,200.0,Re_200p000000,high_re_2d_periodic_near_modeA,periodic,train,409.67075077,15
10004,200.0,Re_200p000000,high_re_2d_periodic_near_modeA,periodic,train,413.17221018,16
10005,200.0,Re_200p000000,high_re_2d_periodic_near_modeA,periodic,train,416.67366959,17
10006,200.0,Re_200p000000,high_re_2d_periodic_near_modeA,periodic,train,420.17512899,18
10007,200.0,Re_200p000000,high_re_2d_periodic_near_modeA,periodic,train,423.6765884,19
10008,200.0,Re_200p000000,high_re_2d_periodic_near_modeA,periodic,train,427.17804781,20
10009,200.0,Re_200p000000,high_re_2d_periodic_near_modeA,periodic,train,430.67950722,21
10010,200.0,Re_200p000000,high_re_2d_periodic_near_modeA,periodic,train,434.18096663,22
10011,200.0,Re_200p000000,high_re_2d_periodic_near_modeA,periodic,train,437.68242603,23
10012,200.0,Re_200p000000,high_re_2d_periodic_near_modeA,periodic,train,441.18388544,24
10013,200.0,Re_200p000000,high_re_2d_periodic_near_modeA,periodic,train,444.68534485,25
10014,200.0,Re_200p000000,high_re_2d_periodic_near_modeA,periodic,train,448.18680426,26
10015,200.0,Re_200p000000,high_re_2d_periodic_near_modeA,periodic,train,451.68826367,27
10016,200.0,Re_200p000000,high_re_2d_periodic_near_modeA,periodic,train,455.18972308,28
10017,200.0,Re_200p000000,high_re_2d_periodic_near_modeA,periodic,train,458.69118248,29
10018,200.0,Re_200p000000,high_re_2d_periodic_near_modeA,periodic,train,462.19264189,30
10019,200.0,Re_200p000000,high_re_2d_periodic_near_modeA,periodic,train,465.6941013,31
10020,200.0,Re_200p000000,high_re_2d_periodic_near_modeA,periodic,train,469.19556071,32
10021,200.0,Re_200p000000,high_re_2d_periodic_near_modeA,periodic,train,472.69702012,33
10022,200.0,Re_200p000000,high_re_2d_periodic_near_modeA,periodic,train,476.19847953,34
10023,200.0,Re_200p000000,high_re_2d_periodic_near_modeA,periodic,train,479.69993893,35
10024,200.0,Re_200p000000,high_re_2d_periodic_near_modeA,periodic,train,483.20139834,36
10025,200.0,Re_200p000000,high_re_2d_periodic_near_modeA,periodic,train,486.70285775,37
10026,200.0,Re_200p000000,high_re_2d_periodic_near_modeA,periodic,train,490.20431716,38
10027,200.0,Re_200p000000,high_re_2d_periodic_near_modeA,periodic,train,493.70577657,39
10028,200.0,Re_200p000000,high_re_2d_periodic_near_modeA,periodic,train,497.20723598,40
10029,200.0,Re_200p000000,high_re_2d_periodic_near_modeA,periodic,train,500.70869538,41
10030,200.0,Re_200p000000,high_re_2d_periodic_near_modeA,periodic,train,504.21015479,42
10031,200.0,Re_200p000000,high_re_2d_periodic_near_modeA,periodic,train,507.7116142,43
10032,200.0,Re_200p000000,high_re_2d_periodic_near_modeA,periodic,train,511.21307361,44
10033,200.0,Re_200p000000,high_re_2d_periodic_near_modeA,periodic,train,514.71453302,45
10034,200.0,Re_200p000000,high_re_2d_periodic_near_modeA,periodic,train,518.21599243,46
10035,200.0,Re_200p000000,high_re_2d_periodic_near_modeA,periodic,train,521.71745183,47
10036,200.0,Re_200p000000,high_re_2d_periodic_near_modeA,periodic,train,525.21891124,48
10037,200.0,Re_200p000000,high_re_2d_periodic_near_modeA,periodic,train,528.72037065,49
10038,200.0,Re_200p000000,high_re_2d_periodic_near_modeA,periodic,train,532.22183006,50
10039,200.0,Re_200p000000,high_re_2d_periodic_near_modeA,periodic,train,535.72328947,51
10040,200.0,Re_200p000000,high_re_2d_periodic_near_modeA,periodic,train,539.22474888,52
10041,200.0,Re_200p000000,high_re_2d_periodic_near_modeA,periodic,train,542.72620828,53
10042,200.0,Re_200p000000,high_re_2d_periodic_near_modeA,periodic,train,546.22766769,54
10043,200.0,Re_200p000000,high_re_2d_periodic_near_modeA,periodic,train,549.7291271,55
10044,200.0,Re_200p000000,high_re_2d_periodic_near_modeA,periodic,train,553.23058651,56
10045,200.0,Re_200p000000,high_re_2d_periodic_near_modeA,periodic,train,556.73204592,57
10046,200.0,Re_200p000000,high_re_2d_periodic_near_modeA,periodic,train,560.23350532,58
10047,200.0,Re_200p000000,high_re_2d_periodic_near_modeA,periodic,train,563.73496473,59
10048,200.0,Re_200p000000,high_re_2d_periodic_near_modeA,periodic,train,567.23642414,60
10049,200.0,Re_200p000000,high_re_2d_periodic_near_modeA,periodic,train,570.73788355,61
10050,200.0,Re_200p000000,high_re_2d_periodic_near_modeA,periodic,train,574.23934296,62
10051,200.0,Re_200p000000,high_re_2d_periodic_near_modeA,periodic,train,577.74080237,63
10052,200.0,Re_200p000000,high_re_2d_periodic_near_modeA,periodic,train,581.24226177,64
10053,200.0,Re_200p000000,high_re_2d_periodic_near_modeA,periodic,train,584.74372118,65
10054,200.0,Re_200p000000,high_re_2d_periodic_near_modeA,periodic,train,588.24518059,66
10055,200.0,Re_200p000000,high_re_2d_periodic_near_modeA,periodic,train,591.74664,67
10056,200.0,Re_200p000000,high_re_2d_periodic_near_modeA,periodic,train,595.24809941,68
10057,200.0,Re_200p000000,high_re_2d_periodic_near_modeA,periodic,train,598.74955882,69
10058,200.0,Re_200p000000,high_re_2d_periodic_near_modeA,periodic,train,602.25101822,70
10059,200.0,Re_200p000000,high_re_2d_periodic_near_modeA,periodic,train,605.75247763,71
10060,200.0,Re_200p000000,high_re_2d_periodic_near_modeA,periodic,train,609.25393704,72
10061,200.0,Re_200p000000,high_re_2d_periodic_near_modeA,periodic,train,612.75539645,73
10062,200.0,Re_200p000000,high_re_2d_periodic_near_modeA,periodic,train,616.25685586,74
10063,200.0,Re_200p000000,high_re_2d_periodic_near_modeA,periodic,train,619.75831527,75
10064,200.0,Re_200p000000,high_re_2d_periodic_near_modeA,periodic,train,623.25977467,76
10065,200.0,Re_200p000000,high_re_2d_periodic_near_modeA,periodic,train,626.76123408,77
10066,200.0,Re_200p000000,high_re_2d_periodic_near_modeA,periodic,train,630.26269349,78
10067,200.0,Re_200p000000,high_re_2d_periodic_near_modeA,periodic,train,633.7641529,79
10068,200.0,Re_200p000000,high_re_2d_periodic_near_modeA,periodic,train,637.26561231,80
10069,200.0,Re_200p000000,high_re_2d_periodic_near_modeA,periodic,train,640.76707172,81
10070,200.0,Re_200p000000,high_re_2d_periodic_near_modeA,periodic,train,644.26853112,82
10071,200.0,Re_200p000000,high_re_2d_periodic_near_modeA,periodic,train,647.76999053,83
10072,200.0,Re_200p000000,high_re_2d_periodic_near_modeA,periodic,train,651.27144994,84
10073,200.0,Re_200p000000,high_re_2d_periodic_near_modeA,periodic,train,654.77290935,85
10074,200.0,Re_200p000000,high_re_2d_periodic_near_modeA,periodic,train,658.27436876,86
10075,200.0,Re_200p000000,high_re_2d_periodic_near_modeA,periodic,train,661.77582816,87
10076,200.0,Re_200p000000,high_re_2d_periodic_near_modeA,periodic,train,665.27728757,88
10077,200.0,Re_200p000000,high_re_2d_periodic_near_modeA,periodic,train,668.77874698,89
10078,200.0,Re_200p000000,high_re_2d_periodic_near_modeA,periodic,train,672.28020639,90
10079,200.0,Re_200p000000,high_re_2d_periodic_near_modeA,periodic,train,675.7816658,91
10080,200.0,Re_200p000000,high_re_2d_periodic_near_modeA,periodic,train,679.28312521,92
10081,200.0,Re_200p000000,high_re_2d_periodic_near_modeA,periodic,train,682.78458461,93
10082,200.0,Re_200p000000,high_re_2d_periodic_near_modeA,periodic,train,686.28604402,94
10083,200.0,Re_200p000000,high_re_2d_periodic_near_modeA,periodic,train,689.78750343,95
10084,200.0,Re_200p000000,high_re_2d_periodic_near_modeA,periodic,train,693.28896284,96
10085,200.0,Re_200p000000,high_re_2d_periodic_near_modeA,periodic,train,696.79042225,97
10086,200.0,Re_200p000000,high_re_2d_periodic_near_modeA,periodic,train,700.29188166,98
10087,200.0,Re_200p000000,high_re_2d_periodic_near_modeA,periodic,train,703.79334106,99
10088,200.0,Re_200p000000,high_re_2d_periodic_near_modeA,periodic,train,707.29480047,100
10089,200.0,Re_200p000000,high_re_2d_periodic_near_modeA,periodic,train,710.79625988,101
10090,200.0,Re_200p000000,high_re_2d_periodic_near_modeA,periodic,train,714.29771929,102
10091,200.0,Re_200p000000,high_re_2d_periodic_near_modeA,periodic,train,717.7991787,103
10092,200.0,Re_200p000000,high_re_2d_periodic_near_modeA,periodic,train,721.30063811,104
10093,200.0,Re_200p000000,high_re_2d_periodic_near_modeA,periodic,train,724.80209751,105
10094,200.0,Re_200p000000,high_re_2d_periodic_near_modeA,periodic,train,728.30355692,106
10095,200.0,Re_200p000000,high_re_2d_periodic_near_modeA,periodic,train,731.80501633,107
10096,200.0,Re_200p000000,high_re_2d_periodic_near_modeA,periodic,train,735.30647574,108
10097,200.0,Re_200p000000,high_re_2d_periodic_near_modeA,periodic,train,738.80793515,109
10098,200.0,Re_200p000000,high_re_2d_periodic_near_modeA,periodic,train,742.30939456,110
10099,200.0,Re_200p000000,high_re_2d_periodic_near_modeA,periodic,train,745.81085396,111
10100,200.0,Re_200p000000,high_re_2d_periodic_near_modeA,periodic,train,749.31231337,112
10101,200.0,Re_200p000000,high_re_2d_periodic_near_modeA,periodic,train,752.81377278,113
10102,200.0,Re_200p000000,high_re_2d_periodic_near_modeA,periodic,train,756.31523219,114
10103,200.0,Re_200p000000,high_re_2d_periodic_near_modeA,periodic,train,759.8166916,115
10104,200.0,Re_200p000000,high_re_2d_periodic_near_modeA,periodic,train,763.31815101,116
10105,200.0,Re_200p000000,high_re_2d_periodic_near_modeA,periodic,train,766.81961041,117
10106,200.0,Re_200p000000,high_re_2d_periodic_near_modeA,periodic,train,770.32106982,118
10107,200.0,Re_200p000000,high_re_2d_periodic_near_modeA,periodic,train,773.82252923,119
10108,200.0,Re_200p000000,high_re_2d_periodic_near_modeA,periodic,train,777.32398864,120
10109,200.0,Re_200p000000,high_re_2d_periodic_near_modeA,periodic,train,780.82544805,121
10110,200.0,Re_200p000000,high_re_2d_periodic_near_modeA,periodic,train,784.32690745,122
10111,200.0,Re_200p000000,high_re_2d_periodic_near_modeA,periodic,train,787.82836686,123
10112,200.0,Re_200p000000,high_re_2d_periodic_near_modeA,periodic,train,791.32982627,124
10113,200.0,Re_200p000000,high_re_2d_periodic_near_modeA,periodic,train,794.83128568,125
10114,200.0,Re_200p000000,high_re_2d_periodic_near_modeA,periodic,train,798.33274509,126
10115,200.0,Re_200p000000,high_re_2d_periodic_near_modeA,periodic,train,801.8342045,127
10116,200.0,Re_200p000000,high_re_2d_periodic_near_modeA,periodic,train,805.3356639,128
10117,200.0,Re_200p000000,high_re_2d_periodic_near_modeA,periodic,train,808.83712331,129
10118,200.0,Re_200p000000,high_re_2d_periodic_near_modeA,periodic,train,812.33858272,130
10119,200.0,Re_200p000000,high_re_2d_periodic_near_modeA,periodic,train,815.84004213,131
10120,200.0,Re_200p000000,high_re_2d_periodic_near_modeA,periodic,train,819.34150154,132
10121,200.0,Re_200p000000,high_re_2d_periodic_near_modeA,periodic,train,822.84296095,133
10122,200.0,Re_200p000000,high_re_2d_periodic_near_modeA,periodic,train,826.34442035,134
10123,200.0,Re_200p000000,high_re_2d_periodic_near_modeA,periodic,train,829.84587976,135
10124,200.0,Re_200p000000,high_re_2d_periodic_near_modeA,periodic,train,833.34733917,136
10125,200.0,Re_200p000000,high_re_2d_periodic_near_modeA,periodic,train,836.84879858,137
10126,200.0,Re_200p000000,high_re_2d_periodic_near_modeA,periodic,train,840.35025799,138
10127,200.0,Re_200p000000,high_re_2d_periodic_near_modeA,periodic,train,843.8517174,139
10128,200.0,Re_200p000000,high_re_2d_periodic_near_modeA,periodic,train,847.3531768,140
10129,200.0,Re_200p000000,high_re_2d_periodic_near_modeA,periodic,train,850.85463621,141
10130,200.0,Re_200p000000,high_re_2d_periodic_near_modeA,periodic,train,854.35609562,142
10131,200.0,Re_200p000000,high_re_2d_periodic_near_modeA,periodic,train,857.85755503,143
10132,200.0,Re_200p000000,high_re_2d_periodic_near_modeA,periodic,train,861.35901444,144
10133,200.0,Re_200p000000,high_re_2d_periodic_near_modeA,periodic,train,864.86047385,145
10134,200.0,Re_200p000000,high_re_2d_periodic_near_modeA,periodic,train,868.36193325,146
10135,200.0,Re_200p000000,high_re_2d_periodic_near_modeA,periodic,train,871.86339266,147
10136,200.0,Re_200p000000,high_re_2d_periodic_near_modeA,periodic,train,875.36485207,148
10137,200.0,Re_200p000000,high_re_2d_periodic_near_modeA,periodic,train,878.86631148,149
10138,200.0,Re_200p000000,high_re_2d_periodic_near_modeA,periodic,train,882.36777089,150
10139,200.0,Re_200p000000,high_re_2d_periodic_near_modeA,periodic,train,885.86923029,151
10140,200.0,Re_200p000000,high_re_2d_periodic_near_modeA,periodic,train,889.3706897,152
10141,200.0,Re_200p000000,high_re_2d_periodic_near_modeA,periodic,train,892.87214911,153
10142,200.0,Re_200p000000,high_re_2d_periodic_near_modeA,periodic,train,896.37360852,154
10143,200.0,Re_200p000000,high_re_2d_periodic_near_modeA,periodic,train,899.87506793,155
10144,200.0,Re_200p000000,high_re_2d_periodic_near_modeA,periodic,train,903.37652734,156
10145,200.0,Re_200p000000,high_re_2d_periodic_near_modeA,periodic,train,906.87798674,157
10146,200.0,Re_200p000000,high_re_2d_periodic_near_modeA,periodic,train,910.37944615,158
10147,200.0,Re_200p000000,high_re_2d_periodic_near_modeA,periodic,train,913.88090556,159
10148,200.0,Re_200p000000,high_re_2d_periodic_near_modeA,periodic,train,917.38236497,160
10149,200.0,Re_200p000000,high_re_2d_periodic_near_modeA,periodic,train,920.88382438,161
