snapshot_id,Re,Re_label,regime,target_regime,split,time,local_snapshot_index
0,45.5,Re_45p500000,pre_hopf_steady,hopf,train,1200.0,0
1,45.5,Re_45p500000,pre_hopf_steady,hopf,train,1201.46520147,1
2,45.5,Re_45p500000,pre_hopf_steady,hopf,train,1205.65149137,2
3,45.5,Re_45p500000,pre_hopf_steady,hopf,train,1209.83778127,3
4,45.5,Re_45p500000,pre_hopf_steady,hopf,train,1214.02407117,4
5,45.5,Re_45p500000,pre_hopf_steady,hopf,train,1218.21036107,5
6,45.5,Re_45p500000,pre_hopf_steady,hopf,train,1222.39665097,6
7,45.5,Re_45p500000,pre_hopf_steady,hopf,train,1226.58294087,7
8,45.5,Re_45p500000,pre_hopf_steady,hopf,train,1230.76923077,8
9,45.5,Re_45p500000,pre_hopf_steady,hopf,train,1234.95552067,9
10,45.5,Re_45p500000,pre_hopf_steady,hopf,train,1239.14181057,10
11,45.5,Re_45p500000,pre_hopf_steady,hopf,train,1243.32810047,11
12,45.5,Re_45p500000,pre_hopf_steady,hopf,train,1247.51439037,12
13,45.5,Re_45p500000,pre_hopf_steady,hopf,train,1251.70068027,13
14,45.5,Re_45p500000,pre_hopf_steady,hopf,train,1255.88697017,14
15,45.5,Re_45p500000,pre_hopf_steady,hopf,train,1260.07326007,15
16,45.5,Re_45p500000,pre_hopf_steady,hopf,train,1264.25954998,16
17,45.5,Re_45p500000,pre_hopf_steady,hopf,train,1268.44583988,17
18,45.5,Re_45p500000,pre_hopf_steady,hopf,train,1272.63212978,18
19,45.5,Re_45p500000,pre_hopf_steady,hopf,train,1276.81841968,19
20,45.5,Re_45p500000,pre_hopf_steady,hopf,train,1281.00470958,20
21,45.5,Re_45p500000,pre_hopf_steady,hopf,train,1285.19099948,21
22,45.5,Re_45p500000,pre_hopf_steady,hopf,train,1289.37728938,22
23,45.5,Re_45p500000,pre_hopf_steady,hopf,train,1293.56357928,23
24,45.5,Re_45p500000,pre_hopf_steady,hopf,train,1297.74986918,24
25,45.5,Re_45p500000,pre_hopf_steady,hopf,train,1301.93615908,25
26,45.5,Re_45p500000,pre_hopf_steady,hopf,train,1306.12244898,26
27,45.5,Re_45p500000,pre_hopf_steady,hopf,train,1310.30873888,27
28,45.5,Re_45p500000,pre_hopf_steady,hopf,train,1314.49502878,28
29,45.5,Re_45p500000,pre_hopf_steady,hopf,train,1318.68131868,29
30,45.5,Re_45p500000,pre_hopf_steady,hopf,train,1322.86760858,30
31,45.5,Re_45p500000,pre_hopf_steady,hopf,train,1327.05389848,31
32,45.5,Re_45p500000,pre_hopf_steady,hopf,train,1331.24018838,32
33,45.5,Re_45p500000,pre_hopf_steady,hopf,train,1335.42647829,33
34,45.5,Re_45p500000,pre_hopf_steady,hopf,train,1339.61276819,34
35,45.5,Re_45p500000,pre_hopf_steady,hopf,train,1343.79905809,35
36,45.5,Re_45p500000,pre_hopf_steady,hopf,train,1347.98534799,36
37,45.5,Re_45p500000,pre_hopf_steady,hopf,train,1352.17163789,37
38,45.5,Re_45p500000,pre_hopf_steady,hopf,train,1356.35792779,38
39,45.5,Re_45p500000,pre_hopf_steady,hopf,train,1360.54421769,39
40,45.5,Re_45p500000,pre_hopf_steady,hopf,train,1364.73050759,40
41,45.5,Re_45p500000,pre_hopf_steady,hopf,train,1368.91679749,41
42,45.5,Re_45p500000,pre_hopf_steady,hopf,train,1373.10308739,42
43,45.5,Re_45p500000,pre_hopf_steady,hopf,train,1377.28937729,43
44,45.5,Re_45p500000,pre_hopf_steady,hopf,train,1381.47566719,44
45,45.5,Re_45p500000,pre_hopf_steady,hopf,train,1385.66195709,45
46,45.5,Re_45p500000,pre_hopf_steady,hopf,train,1389.84824699,46
47,45.5,Re_45p500000,pre_hopf_steady,hopf,train,1394.03453689,47
48,45.5,Re_45p500000,pre_hopf_steady,hopf,train,1398.22082679,48
49,45.5,Re_45p500000,pre_hopf_steady,hopf,train,1402.40711669,49
50,45.5,Re_45p500000,pre_hopf_steady,hopf,train,1406.59340659,50
51,45.5,Re_45p500000,pre_hopf_steady,hopf,train,1410.7796965,51
52,45.5,Re_45p500000,pre_hopf_steady,hopf,train,1414.9659864,52
53,45.5,Re_45p500000,pre_hopf_steady,hopf,train,1419.1522763,53
54,45.5,Re_45p500000,pre_hopf_steady,hopf,train,1423.3385662,54
55,45.5,Re_45p500000,pre_hopf_steady,hopf,train,1427.5248561,55
56,45.5,Re_45p500000,pre_hopf_steady,hopf,train,1431.711146,56
57,45.5,Re_45p500000,pre_hopf_steady,hopf,train,1435.8974359,57
58,45.5,Re_45p500000,pre_hopf_steady,hopf,train,1440.0837258,58
59,45.5,Re_45p500000,pre_hopf_steady,hopf,train,1444.2700157,59
60,45.5,Re_45p500000,pre_hopf_steady,hopf,train,1448.4563056,60
61,45.5,Re_45p500000,pre_hopf_steady,hopf,train,1452.6425955,61
62,45.5,Re_45p500000,pre_hopf_steady,hopf,train,1456.8288854,62
63,45.5,Re_45p500000,pre_hopf_steady,hopf,train,1461.0151753,63
64,45.8,Re_45p800000,pre_hopf_steady,hopf,train,1200.0,0
65,45.8,Re_45p800000,pre_hopf_steady,hopf,train,1201.91307964,1
66,45.8,Re_45p800000,pre_hopf_steady,hopf,train,1206.07194843,2
67,45.8,Re_45p800000,pre_hopf_steady,hopf,train,1210.23081722,3
68,45.8,Re_45p800000,pre_hopf_steady,hopf,train,1214.38968601,4
69,45.8,Re_45p800000,pre_hopf_steady,hopf,train,1218.54855479,5
70,45.8,Re_45p800000,pre_hopf_steady,hopf,train,1222.70742358,6
71,45.8,Re_45p800000,pre_hopf_steady,hopf,train,1226.86629237,7
72,45.8,Re_45p800000,pre_hopf_steady,hopf,train,1231.02516116,8
73,45.8,Re_45p800000,pre_hopf_steady,hopf,train,1235.18402994,9
74,45.8,Re_45p800000,pre_hopf_steady,hopf,train,1239.34289873,10
75,45.8,Re_45p800000,pre_hopf_steady,hopf,train,1243.50176752,11
76,45.8,Re_45p800000,pre_hopf_steady,hopf,train,1247.66063631,12
77,45.8,Re_45p800000,pre_hopf_steady,hopf,train,1251.81950509,13
78,45.8,Re_45p800000,pre_hopf_steady,hopf,train,1255.97837388,14
79,45.8,Re_45p800000,pre_hopf_steady,hopf,train,1260.13724267,15
80,45.8,Re_45p800000,pre_hopf_steady,hopf,train,1264.29611146,16
81,45.8,Re_45p800000,pre_hopf_steady,hopf,train,1268.45498025,17
82,45.8,Re_45p800000,pre_hopf_steady,hopf,train,1272.61384903,18
83,45.8,Re_45p800000,pre_hopf_steady,hopf,train,1276.77271782,19
84,45.8,Re_45p800000,pre_hopf_steady,hopf,train,1280.93158661,20
85,45.8,Re_45p800000,pre_hopf_steady,hopf,train,1285.0904554,21
86,45.8,Re_45p800000,pre_hopf_steady,hopf,train,1289.24932418,22
87,45.8,Re_45p800000,pre_hopf_steady,hopf,train,1293.40819297,23
88,45.8,Re_45p800000,pre_hopf_steady,hopf,train,1297.56706176,24
89,45.8,Re_45p800000,pre_hopf_steady,hopf,train,1301.72593055,25
90,45.8,Re_45p800000,pre_hopf_steady,hopf,train,1305.88479933,26
91,45.8,Re_45p800000,pre_hopf_steady,hopf,train,1310.04366812,27
92,45.8,Re_45p800000,pre_hopf_steady,hopf,train,1314.20253691,28
93,45.8,Re_45p800000,pre_hopf_steady,hopf,train,1318.3614057,29
94,45.8,Re_45p800000,pre_hopf_steady,hopf,train,1322.52027449,30
95,45.8,Re_45p800000,pre_hopf_steady,hopf,train,1326.67914327,31
96,45.8,Re_45p800000,pre_hopf_steady,hopf,train,1330.83801206,32
97,45.8,Re_45p800000,pre_hopf_steady,hopf,train,1334.99688085,33
98,45.8,Re_45p800000,pre_hopf_steady,hopf,train,1339.15574964,34
99,45.8,Re_45p800000,pre_hopf_steady,hopf,train,1343.31461842,35
100,45.8,Re_45p800000,pre_hopf_steady,hopf,train,1347.47348721,36
101,45.8,Re_45p800000,pre_hopf_steady,hopf,train,1351.632356,37
102,45.8,Re_45p800000,pre_hopf_steady,hopf,train,1355.79122479,38
103,45.8,Re_45p800000,pre_hopf_steady,hopf,train,1359.95009357,39
104,45.8,Re_45p800000,pre_hopf_steady,hopf,train,1364.10896236,40
105,45.8,Re_45p800000,pre_hopf_steady,hopf,train,1368.26783115,41
106,45.8,Re_45p800000,pre_hopf_steady,hopf,train,1372.42669994,42
107,45.8,Re_45p800000,pre_hopf_steady,hopf,train,1376.58556873,43
108,45.8,Re_45p800000,pre_hopf_steady,hopf,train,1380.74443751,44
109,45.8,Re_45p800000,pre_hopf_steady,hopf,train,1384.9033063,45
110,45.8,Re_45p800000,pre_hopf_steady,hopf,train,1389.06217509,46
111,45.8,Re_45p800000,pre_hopf_steady,hopf,train,1393.22104388,47
112,45.8,Re_45p800000,pre_hopf_steady,hopf,train,1397.37991266,48
113,45.8,Re_45p800000,pre_hopf_steady,hopf,train,1401.53878145,49
114,45.8,Re_45p800000,pre_hopf_steady,hopf,train,1405.69765024,50
115,45.8,Re_45p800000,pre_hopf_steady,hopf,train,1409.85651903,51
116,45.8,Re_45p800000,pre_hopf_steady,hopf,train,1414.01538781,52
117,45.8,Re_45p800000,pre_hopf_steady,hopf,train,1418.1742566,53
118,45.8,Re_45p800000,pre_hopf_steady,hopf,train,1422.33312539,54
119,45.8,Re_45p800000,pre_hopf_steady,hopf,train,1426.49199418,55
120,45.8,Re_45p800000,pre_hopf_steady,hopf,train,1430.65086297,56
121,45.8,Re_45p800000,pre_hopf_steady,hopf,train,1434.80973175,57
122,45.8,Re_45p800000,pre_hopf_steady,hopf,train,1438.96860054,58
123,45.8,Re_45p800000,pre_hopf_steady,hopf,train,1443.12746933,59
124,45.8,Re_45p800000,pre_hopf_steady,hopf,train,1447.28633812,60
125,45.8,Re_45p800000,pre_hopf_steady,hopf,train,1451.4452069,61
126,45.8,Re_45p800000,pre_hopf_steady,hopf,train,1455.60407569,62
127,45.8,Re_45p800000,pre_hopf_steady,hopf,train,1459.76294448,63
128,46.1,Re_46p100000,pre_hopf_steady,hopf,train,1200.0,0
129,46.1,Re_46p100000,pre_hopf_steady,hopf,train,1202.3551286,1
130,46.1,Re_46p100000,pre_hopf_steady,hopf,train,1206.48693317,2
131,46.1,Re_46p100000,pre_hopf_steady,hopf,train,1210.61873773,3
132,46.1,Re_46p100000,pre_hopf_steady,hopf,train,1214.7505423,4
133,46.1,Re_46p100000,pre_hopf_steady,hopf,train,1218.88234686,5
134,46.1,Re_46p100000,pre_hopf_steady,hopf,train,1223.01415143,6
135,46.1,Re_46p100000,pre_hopf_steady,hopf,train,1227.145956,7
136,46.1,Re_46p100000,pre_hopf_steady,hopf,train,1231.27776056,8
137,46.1,Re_46p100000,pre_hopf_steady,hopf,train,1235.40956513,9
138,46.1,Re_46p100000,pre_hopf_steady,hopf,train,1239.54136969,10
139,46.1,Re_46p100000,pre_hopf_steady,hopf,train,1243.67317426,11
140,46.1,Re_46p100000,pre_hopf_steady,hopf,train,1247.80497882,12
141,46.1,Re_46p100000,pre_hopf_steady,hopf,train,1251.93678339,13
142,46.1,Re_46p100000,pre_hopf_steady,hopf,train,1256.06858795,14
143,46.1,Re_46p100000,pre_hopf_steady,hopf,train,1260.20039252,15
144,46.1,Re_46p100000,pre_hopf_steady,hopf,train,1264.33219709,16
145,46.1,Re_46p100000,pre_hopf_steady,hopf,train,1268.46400165,17
146,46.1,Re_46p100000,pre_hopf_steady,hopf,train,1272.59580622,18
147,46.1,Re_46p100000,pre_hopf_steady,hopf,train,1276.72761078,19
148,46.1,Re_46p100000,pre_hopf_steady,hopf,train,1280.85941535,20
149,46.1,Re_46p100000,pre_hopf_steady,hopf,train,1284.99121991,21
150,46.1,Re_46p100000,pre_hopf_steady,hopf,train,1289.12302448,22
151,46.1,Re_46p100000,pre_hopf_steady,hopf,train,1293.25482905,23
152,46.1,Re_46p100000,pre_hopf_steady,hopf,train,1297.38663361,24
153,46.1,Re_46p100000,pre_hopf_steady,hopf,train,1301.51843818,25
154,46.1,Re_46p100000,pre_hopf_steady,hopf,train,1305.65024274,26
155,46.1,Re_46p100000,pre_hopf_steady,hopf,train,1309.78204731,27
156,46.1,Re_46p100000,pre_hopf_steady,hopf,train,1313.91385187,28
157,46.1,Re_46p100000,pre_hopf_steady,hopf,train,1318.04565644,29
158,46.1,Re_46p100000,pre_hopf_steady,hopf,train,1322.177461,30
159,46.1,Re_46p100000,pre_hopf_steady,hopf,train,1326.30926557,31
160,46.1,Re_46p100000,pre_hopf_steady,hopf,train,1330.44107014,32
161,46.1,Re_46p100000,pre_hopf_steady,hopf,train,1334.5728747,33
162,46.1,Re_46p100000,pre_hopf_steady,hopf,train,1338.70467927,34
163,46.1,Re_46p100000,pre_hopf_steady,hopf,train,1342.83648383,35
164,46.1,Re_46p100000,pre_hopf_steady,hopf,train,1346.9682884,36
165,46.1,Re_46p100000,pre_hopf_steady,hopf,train,1351.10009296,37
166,46.1,Re_46p100000,pre_hopf_steady,hopf,train,1355.23189753,38
167,46.1,Re_46p100000,pre_hopf_steady,hopf,train,1359.3637021,39
168,46.1,Re_46p100000,pre_hopf_steady,hopf,train,1363.49550666,40
169,46.1,Re_46p100000,pre_hopf_steady,hopf,train,1367.62731123,41
170,46.1,Re_46p100000,pre_hopf_steady,hopf,train,1371.75911579,42
171,46.1,Re_46p100000,pre_hopf_steady,hopf,train,1375.89092036,43
172,46.1,Re_46p100000,pre_hopf_steady,hopf,train,1380.02272492,44
173,46.1,Re_46p100000,pre_hopf_steady,hopf,train,1384.15452949,45
174,46.1,Re_46p100000,pre_hopf_steady,hopf,train,1388.28633406,46
175,46.1,Re_46p100000,pre_hopf_steady,hopf,train,1392.41813862,47
176,46.1,Re_46p100000,pre_hopf_steady,hopf,train,1396.54994319,48
177,46.1,Re_46p100000,pre_hopf_steady,hopf,train,1400.68174775,49
178,46.1,Re_46p100000,pre_hopf_steady,hopf,train,1404.81355232,50
179,46.1,Re_46p100000,pre_hopf_steady,hopf,train,1408.94535688,51
180,46.1,Re_46p100000,pre_hopf_steady,hopf,train,1413.07716145,52
181,46.1,Re_46p100000,pre_hopf_steady,hopf,train,1417.20896601,53
182,46.1,Re_46p100000,pre_hopf_steady,hopf,train,1421.34077058,54
183,46.1,Re_46p100000,pre_hopf_steady,hopf,train,1425.47257515,55
184,46.1,Re_46p100000,pre_hopf_steady,hopf,train,1429.60437971,56
185,46.1,Re_46p100000,pre_hopf_steady,hopf,train,1433.73618428,57
186,46.1,Re_46p100000,pre_hopf_steady,hopf,train,1437.86798884,58
187,46.1,Re_46p100000,pre_hopf_steady,hopf,train,1441.99979341,59
188,46.1,Re_46p100000,pre_hopf_steady,hopf,train,1446.13159797,60
189,46.1,Re_46p100000,pre_hopf_steady,hopf,train,1450.26340254,61
190,46.1,Re_46p100000,pre_hopf_steady,hopf,train,1454.39520711,62
191,46.1,Re_46p100000,pre_hopf_steady,hopf,train,1458.52701167,63
192,46.3,Re_46p300000,pre_hopf_steady,hopf,train,1200.0,0
193,46.3,Re_46p300000,pre_hopf_steady,hopf,train,1201.27532655,1
194,46.3,Re_46p300000,pre_hopf_steady,hopf,train,1205.38928314,2
195,46.3,Re_46p300000,pre_hopf_steady,hopf,train,1209.50323974,3
196,46.3,Re_46p300000,pre_hopf_steady,hopf,train,1213.61719634,4
197,46.3,Re_46p300000,pre_hopf_steady,hopf,train,1217.73115294,5
198,46.3,Re_46p300000,pre_hopf_steady,hopf,train,1221.84510953,6
199,46.3,Re_46p300000,pre_hopf_steady,hopf,train,1225.95906613,7
200,46.3,Re_46p300000,pre_hopf_steady,hopf,train,1230.07302273,8
201,46.3,Re_46p300000,pre_hopf_steady,hopf,train,1234.18697933,9
202,46.3,Re_46p300000,pre_hopf_steady,hopf,train,1238.30093593,10
203,46.3,Re_46p300000,pre_hopf_steady,hopf,train,1242.41489252,11
204,46.3,Re_46p300000,pre_hopf_steady,hopf,train,1246.52884912,12
205,46.3,Re_46p300000,pre_hopf_steady,hopf,train,1250.64280572,13
206,46.3,Re_46p300000,pre_hopf_steady,hopf,train,1254.75676232,14
207,46.3,Re_46p300000,pre_hopf_steady,hopf,train,1258.87071891,15
208,46.3,Re_46p300000,pre_hopf_steady,hopf,train,1262.98467551,16
209,46.3,Re_46p300000,pre_hopf_steady,hopf,train,1267.09863211,17
210,46.3,Re_46p300000,pre_hopf_steady,hopf,train,1271.21258871,18
211,46.3,Re_46p300000,pre_hopf_steady,hopf,train,1275.32654531,19
212,46.3,Re_46p300000,pre_hopf_steady,hopf,train,1279.4405019,20
213,46.3,Re_46p300000,pre_hopf_steady,hopf,train,1283.5544585,21
214,46.3,Re_46p300000,pre_hopf_steady,hopf,train,1287.6684151,22
215,46.3,Re_46p300000,pre_hopf_steady,hopf,train,1291.7823717,23
216,46.3,Re_46p300000,pre_hopf_steady,hopf,train,1295.89632829,24
217,46.3,Re_46p300000,pre_hopf_steady,hopf,train,1300.01028489,25
218,46.3,Re_46p300000,pre_hopf_steady,hopf,train,1304.12424149,26
219,46.3,Re_46p300000,pre_hopf_steady,hopf,train,1308.23819809,27
220,46.3,Re_46p300000,pre_hopf_steady,hopf,train,1312.35215469,28
221,46.3,Re_46p300000,pre_hopf_steady,hopf,train,1316.46611128,29
222,46.3,Re_46p300000,pre_hopf_steady,hopf,train,1320.58006788,30
223,46.3,Re_46p300000,pre_hopf_steady,hopf,train,1324.69402448,31
224,46.3,Re_46p300000,pre_hopf_steady,hopf,train,1328.80798108,32
225,46.3,Re_46p300000,pre_hopf_steady,hopf,train,1332.92193767,33
226,46.3,Re_46p300000,pre_hopf_steady,hopf,train,1337.03589427,34
227,46.3,Re_46p300000,pre_hopf_steady,hopf,train,1341.14985087,35
228,46.3,Re_46p300000,pre_hopf_steady,hopf,train,1345.26380747,36
229,46.3,Re_46p300000,pre_hopf_steady,hopf,train,1349.37776407,37
230,46.3,Re_46p300000,pre_hopf_steady,hopf,train,1353.49172066,38
231,46.3,Re_46p300000,pre_hopf_steady,hopf,train,1357.60567726,39
232,46.3,Re_46p300000,pre_hopf_steady,hopf,train,1361.71963386,40
233,46.3,Re_46p300000,pre_hopf_steady,hopf,train,1365.83359046,41
234,46.3,Re_46p300000,pre_hopf_steady,hopf,train,1369.94754705,42
235,46.3,Re_46p300000,pre_hopf_steady,hopf,train,1374.06150365,43
236,46.3,Re_46p300000,pre_hopf_steady,hopf,train,1378.17546025,44
237,46.3,Re_46p300000,pre_hopf_steady,hopf,train,1382.28941685,45
238,46.3,Re_46p300000,pre_hopf_steady,hopf,train,1386.40337345,46
239,46.3,Re_46p300000,pre_hopf_steady,hopf,train,1390.51733004,47
240,46.3,Re_46p300000,pre_hopf_steady,hopf,train,1394.63128664,48
241,46.3,Re_46p300000,pre_hopf_steady,hopf,train,1398.74524324,49
242,46.3,Re_46p300000,pre_hopf_steady,hopf,train,1402.85919984,50
243,46.3,Re_46p300000,pre_hopf_steady,hopf,train,1406.97315643,51
244,46.3,Re_46p300000,pre_hopf_steady,hopf,train,1411.08711303,52
245,46.3,Re_46p300000,pre_hopf_steady,hopf,train,1415.20106963,53
246,46.3,Re_46p300000,pre_hopf_steady,hopf,train,1419.31502623,54
247,46.3,Re_46p300000,pre_hopf_steady,hopf,train,1423.42898282,55
248,46.3,Re_46p300000,pre_hopf_steady,hopf,train,1427.54293942,56
249,46.3,Re_46p300000,pre_hopf_steady,hopf,train,1431.65689602,57
250,46.3,Re_46p300000,pre_hopf_steady,hopf,train,1435.77085262,58
251,46.3,Re_46p300000,pre_hopf_steady,hopf,train,1439.88480922,59
252,46.3,Re_46p300000,pre_hopf_steady,hopf,train,1443.99876581,60
253,46.3,Re_46p300000,pre_hopf_steady,hopf,train,1448.11272241,61
254,46.3,Re_46p300000,pre_hopf_steady,hopf,train,1452.22667901,62
255,46.3,Re_46p300000,pre_hopf_steady,hopf,train,1456.34063561,63
256,46.5,Re_46p500000,pre_hopf_steady,hopf,train,1200.0,0
257,46.5,Re_46p500000,pre_hopf_steady,hopf,train,1204.30107527,1
258,46.5,Re_46p500000,pre_hopf_steady,hopf,train,1208.39733743,2
259,46.5,Re_46p500000,pre_hopf_steady,hopf,train,1212.49359959,3
260,46.5,Re_46p500000,pre_hopf_steady,hopf,train,1216.58986175,4
261,46.5,Re_46p500000,pre_hopf_steady,hopf,train,1220.68612391,5
262,46.5,Re_46p500000,pre_hopf_steady,hopf,train,1224.78238607,6
263,46.5,Re_46p500000,pre_hopf_steady,hopf,train,1228.87864823,7
264,46.5,Re_46p500000,pre_hopf_steady,hopf,train,1232.97491039,8
265,46.5,Re_46p500000,pre_hopf_steady,hopf,train,1237.07117256,9
266,46.5,Re_46p500000,pre_hopf_steady,hopf,train,1241.16743472,10
267,46.5,Re_46p500000,pre_hopf_steady,hopf,train,1245.26369688,11
268,46.5,Re_46p500000,pre_hopf_steady,hopf,train,1249.35995904,12
269,46.5,Re_46p500000,pre_hopf_steady,hopf,train,1253.4562212,13
270,46.5,Re_46p500000,pre_hopf_steady,hopf,train,1257.55248336,14
271,46.5,Re_46p500000,pre_hopf_steady,hopf,train,1261.64874552,15
272,46.5,Re_46p500000,pre_hopf_steady,hopf,train,1265.74500768,16
273,46.5,Re_46p500000,pre_hopf_steady,hopf,train,1269.84126984,17
274,46.5,Re_46p500000,pre_hopf_steady,hopf,train,1273.937532,18
275,46.5,Re_46p500000,pre_hopf_steady,hopf,train,1278.03379416,19
276,46.5,Re_46p500000,pre_hopf_steady,hopf,train,1282.13005632,20
277,46.5,Re_46p500000,pre_hopf_steady,hopf,train,1286.22631848,21
278,46.5,Re_46p500000,pre_hopf_steady,hopf,train,1290.32258065,22
279,46.5,Re_46p500000,pre_hopf_steady,hopf,train,1294.41884281,23
280,46.5,Re_46p500000,pre_hopf_steady,hopf,train,1298.51510497,24
281,46.5,Re_46p500000,pre_hopf_steady,hopf,train,1302.61136713,25
282,46.5,Re_46p500000,pre_hopf_steady,hopf,train,1306.70762929,26
283,46.5,Re_46p500000,pre_hopf_steady,hopf,train,1310.80389145,27
284,46.5,Re_46p500000,pre_hopf_steady,hopf,train,1314.90015361,28
285,46.5,Re_46p500000,pre_hopf_steady,hopf,train,1318.99641577,29
286,46.5,Re_46p500000,pre_hopf_steady,hopf,train,1323.09267793,30
287,46.5,Re_46p500000,pre_hopf_steady,hopf,train,1327.18894009,31
288,46.5,Re_46p500000,pre_hopf_steady,hopf,train,1331.28520225,32
289,46.5,Re_46p500000,pre_hopf_steady,hopf,train,1335.38146441,33
290,46.5,Re_46p500000,pre_hopf_steady,hopf,train,1339.47772658,34
291,46.5,Re_46p500000,pre_hopf_steady,hopf,train,1343.57398874,35
292,46.5,Re_46p500000,pre_hopf_steady,hopf,train,1347.6702509,36
293,46.5,Re_46p500000,pre_hopf_steady,hopf,train,1351.76651306,37
294,46.5,Re_46p500000,pre_hopf_steady,hopf,train,1355.86277522,38
295,46.5,Re_46p500000,pre_hopf_steady,hopf,train,1359.95903738,39
296,46.5,Re_46p500000,pre_hopf_steady,hopf,train,1364.05529954,40
297,46.5,Re_46p500000,pre_hopf_steady,hopf,train,1368.1515617,41
298,46.5,Re_46p500000,pre_hopf_steady,hopf,train,1372.24782386,42
299,46.5,Re_46p500000,pre_hopf_steady,hopf,train,1376.34408602,43
300,46.5,Re_46p500000,pre_hopf_steady,hopf,train,1380.44034818,44
301,46.5,Re_46p500000,pre_hopf_steady,hopf,train,1384.53661034,45
302,46.5,Re_46p500000,pre_hopf_steady,hopf,train,1388.6328725,46
303,46.5,Re_46p500000,pre_hopf_steady,hopf,train,1392.72913467,47
304,46.5,Re_46p500000,pre_hopf_steady,hopf,train,1396.82539683,48
305,46.5,Re_46p500000,pre_hopf_steady,hopf,train,1400.92165899,49
306,46.5,Re_46p500000,pre_hopf_steady,hopf,train,1405.01792115,50
307,46.5,Re_46p500000,pre_hopf_steady,hopf,train,1409.11418331,51
308,46.5,Re_46p500000,pre_hopf_steady,hopf,train,1413.21044547,52
309,46.5,Re_46p500000,pre_hopf_steady,hopf,train,1417.30670763,53
310,46.5,Re_46p500000,pre_hopf_steady,hopf,train,1421.40296979,54
311,46.5,Re_46p500000,pre_hopf_steady,hopf,train,1425.49923195,55
312,46.5,Re_46p500000,pre_hopf_steady,hopf,train,1429.59549411,56
313,46.5,Re_46p500000,pre_hopf_steady,hopf,train,1433.69175627,57
314,46.5,Re_46p500000,pre_hopf_steady,hopf,train,1437.78801843,58
315,46.5,Re_46p500000,pre_hopf_steady,hopf,train,1441.88428059,59
316,46.5,Re_46p500000,pre_hopf_steady,hopf,train,1445.98054276,60
317,46.5,Re_46p500000,pre_hopf_steady,hopf,train,1450.07680492,61
318,46.5,Re_46p500000,pre_hopf_steady,hopf,train,1454.17306708,62
319,46.7,Re_46p700000,pre_hopf_steady,hopf,validation,1200.0,0
320,46.7,Re_46p700000,pre_hopf_steady,hopf,validation,1203.22218823,1
321,46.7,Re_46p700000,pre_hopf_steady,hopf,validation,1207.30090752,2
322,46.7,Re_46p700000,pre_hopf_steady,hopf,validation,1211.3796268,3
323,46.7,Re_46p700000,pre_hopf_steady,hopf,validation,1215.45834608,4
324,46.7,Re_46p700000,pre_hopf_steady,hopf,validation,1219.53706536,5
325,46.7,Re_46p700000,pre_hopf_steady,hopf,validation,1223.61578464,6
326,46.7,Re_46p700000,pre_hopf_steady,hopf,validation,1227.69450393,7
327,46.7,Re_46p700000,pre_hopf_steady,hopf,validation,1231.77322321,8
328,46.7,Re_46p700000,pre_hopf_steady,hopf,validation,1235.85194249,9
329,46.7,Re_46p700000,pre_hopf_steady,hopf,validation,1239.93066177,10
330,46.7,Re_46p700000,pre_hopf_steady,hopf,validation,1244.00938106,11
331,46.7,Re_46p700000,pre_hopf_steady,hopf,validation,1248.08810034,12
332,46.7,Re_46p700000,pre_hopf_steady,hopf,validation,1252.16681962,13
333,46.7,Re_46p700000,pre_hopf_steady,hopf,validation,1256.2455389,14
334,46.7,Re_46p700000,pre_hopf_steady,hopf,validation,1260.32425818,15
335,46.7,Re_46p700000,pre_hopf_steady,hopf,validation,1264.40297747,16
336,46.7,Re_46p700000,pre_hopf_steady,hopf,validation,1268.48169675,17
337,46.7,Re_46p700000,pre_hopf_steady,hopf,validation,1272.56041603,18
338,46.7,Re_46p700000,pre_hopf_steady,hopf,validation,1276.63913531,19
339,46.7,Re_46p700000,pre_hopf_steady,hopf,validation,1280.7178546,20
340,46.7,Re_46p700000,pre_hopf_steady,hopf,validation,1284.79657388,21
341,46.7,Re_46p700000,pre_hopf_steady,hopf,validation,1288.87529316,22
342,46.7,Re_46p700000,pre_hopf_steady,hopf,validation,1292.95401244,23
343,46.7,Re_46p700000,pre_hopf_steady,hopf,validation,1297.03273172,24
344,46.7,Re_46p700000,pre_hopf_steady,hopf,validation,1301.11145101,25
345,46.7,Re_46p700000,pre_hopf_steady,hopf,validation,1305.19017029,26
346,46.7,Re_46p700000,pre_hopf_steady,hopf,validation,1309.26888957,27
347,46.7,Re_46p700000,pre_hopf_steady,hopf,validation,1313.34760885,28
348,46.7,Re_46p700000,pre_hopf_steady,hopf,validation,1317.42632813,29
349,46.7,Re_46p700000,pre_hopf_steady,hopf,validation,1321.50504742,30
350,46.7,Re_46p700000,pre_hopf_steady,hopf,validation,1325.5837667,31
351,46.7,Re_46p700000,pre_hopf_steady,hopf,validation,1329.66248598,32
352,46.7,Re_46p700000,pre_hopf_steady,hopf,validation,1333.74120526,33
353,46.7,Re_46p700000,pre_hopf_steady,hopf,validation,1337.81992455,34
354,46.7,Re_46p700000,pre_hopf_steady,hopf,validation,1341.89864383,35
355,46.7,Re_46p700000,pre_hopf_steady,hopf,validation,1345.97736311,36
356,46.7,Re_46p700000,pre_hopf_steady,hopf,validation,1350.05608239,37
357,46.7,Re_46p700000,pre_hopf_steady,hopf,validation,1354.13480167,38
358,46.7,Re_46p700000,pre_hopf_steady,hopf,validation,1358.21352096,39
359,46.7,Re_46p700000,pre_hopf_steady,hopf,validation,1362.29224024,40
360,46.7,Re_46p700000,pre_hopf_steady,hopf,validation,1366.37095952,41
361,46.7,Re_46p700000,pre_hopf_steady,hopf,validation,1370.4496788,42
362,46.7,Re_46p700000,pre_hopf_steady,hopf,validation,1374.52839808,43
363,46.7,Re_46p700000,pre_hopf_steady,hopf,validation,1378.60711737,44
364,46.7,Re_46p700000,pre_hopf_steady,hopf,validation,1382.68583665,45
365,46.7,Re_46p700000,pre_hopf_steady,hopf,validation,1386.76455593,46
366,46.7,Re_46p700000,pre_hopf_steady,hopf,validation,1390.84327521,47
367,46.7,Re_46p700000,pre_hopf_steady,hopf,validation,1394.9219945,48
368,46.7,Re_46p700000,pre_hopf_steady,hopf,validation,1399.00071378,49
369,46.7,Re_46p700000,pre_hopf_steady,hopf,validation,1403.07943306,50
370,46.7,Re_46p700000,pre_hopf_steady,hopf,validation,1407.15815234,51
371,46.7,Re_46p700000,pre_hopf_steady,hopf,validation,1411.23687162,52
372,46.7,Re_46p700000,pre_hopf_steady,hopf,validation,1415.31559091,53
373,46.7,Re_46p700000,pre_hopf_steady,hopf,validation,1419.39431019,54
374,46.7,Re_46p700000,pre_hopf_steady,hopf,validation,1423.47302947,55
375,46.7,Re_46p700000,pre_hopf_steady,hopf,validation,1427.55174875,56
376,46.7,Re_46p700000,pre_hopf_steady,hopf,validation,1431.63046803,57
377,46.7,Re_46p700000,pre_hopf_steady,hopf,validation,1435.70918732,58
378,46.7,Re_46p700000,pre_hopf_steady,hopf,validation,1439.7879066,59
379,46.7,Re_46p700000,pre_hopf_steady,hopf,validation,1443.86662588,60
380,46.7,Re_46p700000,pre_hopf_steady,hopf,validation,1447.94534516,61
381,46.7,Re_46p700000,pre_hopf_steady,hopf,validation,1452.02406445,62
382,46.7,Re_46p700000,pre_hopf_steady,hopf,validation,1456.10278373,63
383,46.9,Re_46p900000,pre_hopf_steady,hopf,train,1200.0,0
384,46.9,Re_46p900000,pre_hopf_steady,hopf,train,1202.15250279,1
385,46.9,Re_46p900000,pre_hopf_steady,hopf,train,1206.21382882,2
386,46.9,Re_46p900000,pre_hopf_steady,hopf,train,1210.27515484,3
387,46.9,Re_46p900000,pre_hopf_steady,hopf,train,1214.33648086,4
388,46.9,Re_46p900000,pre_hopf_steady,hopf,train,1218.39780689,5
389,46.9,Re_46p900000,pre_hopf_steady,hopf,train,1222.45913291,6
390,46.9,Re_46p900000,pre_hopf_steady,hopf,train,1226.52045893,7
391,46.9,Re_46p900000,pre_hopf_steady,hopf,train,1230.58178495,8
392,46.9,Re_46p900000,pre_hopf_steady,hopf,train,1234.64311098,9
393,46.9,Re_46p900000,pre_hopf_steady,hopf,train,1238.704437,10
394,46.9,Re_46p900000,pre_hopf_steady,hopf,train,1242.76576302,11
395,46.9,Re_46p900000,pre_hopf_steady,hopf,train,1246.82708905,12
396,46.9,Re_46p900000,pre_hopf_steady,hopf,train,1250.88841507,13
397,46.9,Re_46p900000,pre_hopf_steady,hopf,train,1254.94974109,14
398,46.9,Re_46p900000,pre_hopf_steady,hopf,train,1259.01106711,15
399,46.9,Re_46p900000,pre_hopf_steady,hopf,train,1263.07239314,16
400,46.9,Re_46p900000,pre_hopf_steady,hopf,train,1267.13371916,17
401,46.9,Re_46p900000,pre_hopf_steady,hopf,train,1271.19504518,18
402,46.9,Re_46p900000,pre_hopf_steady,hopf,train,1275.25637121,19
403,46.9,Re_46p900000,pre_hopf_steady,hopf,train,1279.31769723,20
404,46.9,Re_46p900000,pre_hopf_steady,hopf,train,1283.37902325,21
405,46.9,Re_46p900000,pre_hopf_steady,hopf,train,1287.44034928,22
406,46.9,Re_46p900000,pre_hopf_steady,hopf,train,1291.5016753,23
407,46.9,Re_46p900000,pre_hopf_steady,hopf,train,1295.56300132,24
408,46.9,Re_46p900000,pre_hopf_steady,hopf,train,1299.62432734,25
409,46.9,Re_46p900000,pre_hopf_steady,hopf,train,1303.68565337,26
410,46.9,Re_46p900000,pre_hopf_steady,hopf,train,1307.74697939,27
411,46.9,Re_46p900000,pre_hopf_steady,hopf,train,1311.80830541,28
412,46.9,Re_46p900000,pre_hopf_steady,hopf,train,1315.86963144,29
413,46.9,Re_46p900000,pre_hopf_steady,hopf,train,1319.93095746,30
414,46.9,Re_46p900000,pre_hopf_steady,hopf,train,1323.99228348,31
415,46.9,Re_46p900000,pre_hopf_steady,hopf,train,1328.0536095,32
416,46.9,Re_46p900000,pre_hopf_steady,hopf,train,1332.11493553,33
417,46.9,Re_46p900000,pre_hopf_steady,hopf,train,1336.17626155,34
418,46.9,Re_46p900000,pre_hopf_steady,hopf,train,1340.23758757,35
419,46.9,Re_46p900000,pre_hopf_steady,hopf,train,1344.2989136,36
420,46.9,Re_46p900000,pre_hopf_steady,hopf,train,1348.36023962,37
421,46.9,Re_46p900000,pre_hopf_steady,hopf,train,1352.42156564,38
422,46.9,Re_46p900000,pre_hopf_steady,hopf,train,1356.48289167,39
423,46.9,Re_46p900000,pre_hopf_steady,hopf,train,1360.54421769,40
424,46.9,Re_46p900000,pre_hopf_steady,hopf,train,1364.60554371,41
425,46.9,Re_46p900000,pre_hopf_steady,hopf,train,1368.66686973,42
426,46.9,Re_46p900000,pre_hopf_steady,hopf,train,1372.72819576,43
427,46.9,Re_46p900000,pre_hopf_steady,hopf,train,1376.78952178,44
428,46.9,Re_46p900000,pre_hopf_steady,hopf,train,1380.8508478,45
429,46.9,Re_46p900000,pre_hopf_steady,hopf,train,1384.91217383,46
430,46.9,Re_46p900000,pre_hopf_steady,hopf,train,1388.97349985,47
431,46.9,Re_46p900000,pre_hopf_steady,hopf,train,1393.03482587,48
432,46.9,Re_46p900000,pre_hopf_steady,hopf,train,1397.09615189,49
433,46.9,Re_46p900000,pre_hopf_steady,hopf,train,1401.15747792,50
434,46.9,Re_46p900000,pre_hopf_steady,hopf,train,1405.21880394,51
435,46.9,Re_46p900000,pre_hopf_steady,hopf,train,1409.28012996,52
436,46.9,Re_46p900000,pre_hopf_steady,hopf,train,1413.34145599,53
437,46.9,Re_46p900000,pre_hopf_steady,hopf,train,1417.40278201,54
438,46.9,Re_46p900000,pre_hopf_steady,hopf,train,1421.46410803,55
439,46.9,Re_46p900000,pre_hopf_steady,hopf,train,1425.52543406,56
440,46.9,Re_46p900000,pre_hopf_steady,hopf,train,1429.58676008,57
441,46.9,Re_46p900000,pre_hopf_steady,hopf,train,1433.6480861,58
442,46.9,Re_46p900000,pre_hopf_steady,hopf,train,1437.70941212,59
443,46.9,Re_46p900000,pre_hopf_steady,hopf,train,1441.77073815,60
444,46.9,Re_46p900000,pre_hopf_steady,hopf,train,1445.83206417,61
445,46.9,Re_46p900000,pre_hopf_steady,hopf,train,1449.89339019,62
446,46.9,Re_46p900000,pre_hopf_steady,hopf,train,1453.95471622,63
447,47.0813545644,Re_47p081355,hopf_transition,hopf,heldout,968.36522287,0
448,47.0813545644,Re_47p081355,hopf_transition,hopf,heldout,986.41372516,1
449,47.0813545644,Re_47p081355,hopf_transition,hopf,heldout,1009.89976624,2
450,47.0813545644,Re_47p081355,hopf_transition,hopf,heldout,1033.38580731,3
451,47.0813545644,Re_47p081355,hopf_transition,hopf,heldout,1056.87184839,4
452,47.0813545644,Re_47p081355,hopf_transition,hopf,heldout,1080.35788946,5
453,47.0813545644,Re_47p081355,hopf_transition,hopf,heldout,1103.84393054,6
454,47.0813545644,Re_47p081355,hopf_transition,hopf,heldout,1127.32997161,7
455,47.0813545644,Re_47p081355,hopf_transition,hopf,heldout,1150.81601269,8
456,47.0813545644,Re_47p081355,hopf_transition,hopf,heldout,1174.30205376,9
457,47.0813545644,Re_47p081355,hopf_transition,hopf,heldout,1197.78809484,10
458,47.0813545644,Re_47p081355,hopf_transition,hopf,heldout,1221.27413592,11
459,47.0813545644,Re_47p081355,hopf_transition,hopf,heldout,1244.76017699,12
460,47.0813545644,Re_47p081355,hopf_transition,hopf,heldout,1268.24621807,13
461,47.0813545644,Re_47p081355,hopf_transition,hopf,heldout,1291.73225914,14
462,47.0813545644,Re_47p081355,hopf_transition,hopf,heldout,1315.21830022,15
463,47.0813545644,Re_47p081355,hopf_transition,hopf,heldout,1338.70434129,16
464,47.0813545644,Re_47p081355,hopf_transition,hopf,heldout,1362.19038237,17
465,47.0813545644,Re_47p081355,hopf_transition,hopf,heldout,1385.67642344,18
466,47.0813545644,Re_47p081355,hopf_transition,hopf,heldout,1409.16246452,19
467,47.0813545644,Re_47p081355,hopf_transition,hopf,heldout,1432.64850559,20
468,47.0813545644,Re_47p081355,hopf_transition,hopf,heldout,1456.13454667,21
469,47.0813545644,Re_47p081355,hopf_transition,hopf,heldout,1479.62058774,22
470,47.0813545644,Re_47p081355,hopf_transition,hopf,heldout,1503.10662882,23
471,47.0813545644,Re_47p081355,hopf_transition,hopf,heldout,1526.59266989,24
472,47.0813545644,Re_47p081355,hopf_transition,hopf,heldout,1550.07871097,25
473,47.0813545644,Re_47p081355,hopf_transition,hopf,heldout,1573.56475205,26
474,47.0813545644,Re_47p081355,hopf_transition,hopf,heldout,1597.05079312,27
475,47.0813545644,Re_47p081355,hopf_transition,hopf,heldout,1620.5368342,28
476,47.0813545644,Re_47p081355,hopf_transition,hopf,heldout,1644.02287527,29
477,47.0813545644,Re_47p081355,hopf_transition,hopf,heldout,1667.50891635,30
478,47.0813545644,Re_47p081355,hopf_transition,hopf,heldout,1690.99495742,31
479,47.0813545644,Re_47p081355,hopf_transition,hopf,heldout,1714.4809985,32
480,47.0813545644,Re_47p081355,hopf_transition,hopf,heldout,1737.96703957,33
481,47.0813545644,Re_47p081355,hopf_transition,hopf,heldout,1761.45308065,34
482,47.0813545644,Re_47p081355,hopf_transition,hopf,heldout,1784.93912172,35
483,47.0813545644,Re_47p081355,hopf_transition,hopf,heldout,1808.4251628,36
484,47.0813545644,Re_47p081355,hopf_transition,hopf,heldout,1831.91120387,37
485,47.0813545644,Re_47p081355,hopf_transition,hopf,heldout,1855.39724495,38
486,47.0813545644,Re_47p081355,hopf_transition,hopf,heldout,1878.88328602,39
487,47.0813545644,Re_47p081355,hopf_transition,hopf,heldout,1902.3693271,40
488,47.0813545644,Re_47p081355,hopf_transition,hopf,heldout,1925.85536817,41
489,47.0813545644,Re_47p081355,hopf_transition,hopf,heldout,1949.34140925,42
490,47.0813545644,Re_47p081355,hopf_transition,hopf,heldout,1972.82745033,43
491,47.0813545644,Re_47p081355,hopf_transition,hopf,heldout,1996.3134914,44
492,47.0813545644,Re_47p081355,hopf_transition,hopf,heldout,2019.79953248,45
493,47.0813545644,Re_47p081355,hopf_transition,hopf,heldout,2043.28557355,46
494,47.0813545644,Re_47p081355,hopf_transition,hopf,heldout,2066.77161463,47
495,47.0813545644,Re_47p081355,hopf_transition,hopf,heldout,2090.2576557,48
496,47.0813545644,Re_47p081355,hopf_transition,hopf,heldout,2113.74369678,49
497,47.0813545644,Re_47p081355,hopf_transition,hopf,heldout,2137.22973785,50
498,47.0813545644,Re_47p081355,hopf_transition,hopf,heldout,2160.71577893,51
499,47.0813545644,Re_47p081355,hopf_transition,hopf,heldout,2184.20182,52
500,47.0813545644,Re_47p081355,hopf_transition,hopf,heldout,2207.68786108,53
501,47.0813545644,Re_47p081355,hopf_transition,hopf,heldout,2231.17390215,54
502,47.0813545644,Re_47p081355,hopf_transition,hopf,heldout,2254.65994323,55
503,47.0813545644,Re_47p081355,hopf_transition,hopf,heldout,2278.1459843,56
504,47.0813545644,Re_47p081355,hopf_transition,hopf,heldout,2301.63202538,57
505,47.0813545644,Re_47p081355,hopf_transition,hopf,heldout,2325.11806645,58
506,47.0813545644,Re_47p081355,hopf_transition,hopf,heldout,2348.60410753,59
507,47.0813545644,Re_47p081355,hopf_transition,hopf,heldout,2372.09014861,60
508,47.0813545644,Re_47p081355,hopf_transition,hopf,heldout,2395.57618968,61
509,47.0813545644,Re_47p081355,hopf_transition,hopf,heldout,2419.06223076,62
510,47.0813545644,Re_47p081355,hopf_transition,hopf,heldout,2442.54827183,63
511,47.0813545644,Re_47p081355,hopf_transition,hopf,heldout,2466.03431291,64
512,47.0813545644,Re_47p081355,hopf_transition,hopf,heldout,2489.52035398,65
513,47.0813545644,Re_47p081355,hopf_transition,hopf,heldout,2513.00639506,66
514,47.0813545644,Re_47p081355,hopf_transition,hopf,heldout,2536.49243613,67
515,47.0813545644,Re_47p081355,hopf_transition,hopf,heldout,2559.97847721,68
516,47.0813545644,Re_47p081355,hopf_transition,hopf,heldout,2583.46451828,69
517,47.0813545644,Re_47p081355,hopf_transition,hopf,heldout,2606.95055936,70
518,47.0813545644,Re_47p081355,hopf_transition,hopf,heldout,2630.43660043,71
519,47.0813545644,Re_47p081355,hopf_transition,hopf,heldout,2653.92264151,72
520,47.0813545644,Re_47p081355,hopf_transition,hopf,heldout,2677.40868258,73
521,47.0813545644,Re_47p081355,hopf_transition,hopf,heldout,2700.89472366,74
522,47.0813545644,Re_47p081355,hopf_transition,hopf,heldout,2724.38076473,75
523,47.0813545644,Re_47p081355,hopf_transition,hopf,heldout,2747.86680581,76
524,47.0813545644,Re_47p081355,hopf_transition,hopf,heldout,2771.35284689,77
525,47.0813545644,Re_47p081355,hopf_transition,hopf,heldout,2794.83888796,78
526,47.0813545644,Re_47p081355,hopf_transition,hopf,heldout,2818.32492904,79
527,47.0813545644,Re_47p081355,hopf_transition,hopf,heldout,2841.81097011,80
528,47.0813545644,Re_47p081355,hopf_transition,hopf,heldout,2865.29701119,81
529,47.0813545644,Re_47p081355,hopf_transition,hopf,heldout,2888.78305226,82
530,47.0813545644,Re_47p081355,hopf_transition,hopf,heldout,2912.26909334,83
531,47.0813545644,Re_47p081355,hopf_transition,hopf,heldout,2935.75513441,84
532,47.0813545644,Re_47p081355,hopf_transition,hopf,heldout,2959.24117549,85
533,47.0813545644,Re_47p081355,hopf_transition,hopf,heldout,2982.72721656,86
534,47.0813545644,Re_47p081355,hopf_transition,hopf,heldout,3006.21325764,87
535,47.0813545644,Re_47p081355,hopf_transition,hopf,heldout,3029.69929871,88
536,47.0813545644,Re_47p081355,hopf_transition,hopf,heldout,3053.18533979,89
537,47.0813545644,Re_47p081355,hopf_transition,hopf,heldout,3076.67138086,90
538,47.0813545644,Re_47p081355,hopf_transition,hopf,heldout,3100.15742194,91
539,47.0813545644,Re_47p081355,hopf_transition,hopf,heldout,3123.64346301,92
540,47.0813545644,Re_47p081355,hopf_transition,hopf,heldout,3147.12950409,93
541,47.0813545644,Re_47p081355,hopf_transition,hopf,heldout,3170.61554517,94
542,47.0813545644,Re_47p081355,hopf_transition,hopf,heldout,3194.10158624,95
543,47.0813545644,Re_47p081355,hopf_transition,hopf,heldout,3217.58762732,96
544,47.0813545644,Re_47p081355,hopf_transition,hopf,heldout,3241.07366839,97
545,47.0813545644,Re_47p081355,hopf_transition,hopf,heldout,3264.55970947,98
546,47.0813545644,Re_47p081355,hopf_transition,hopf,heldout,3288.04575054,99
547,47.0813545644,Re_47p081355,hopf_transition,hopf,heldout,3311.53179162,100
548,47.0813545644,Re_47p081355,hopf_transition,hopf,heldout,3335.01783269,101
549,47.0813545644,Re_47p081355,hopf_transition,hopf,heldout,3358.50387377,102
550,47.0813545644,Re_47p081355,hopf_transition,hopf,heldout,3381.98991484,103
551,47.0813545644,Re_47p081355,hopf_transition,hopf,heldout,3405.47595592,104
552,47.0813545644,Re_47p081355,hopf_transition,hopf,heldout,3428.96199699,105
553,47.0813545644,Re_47p081355,hopf_transition,hopf,heldout,3452.44803807,106
554,47.0813545644,Re_47p081355,hopf_transition,hopf,heldout,3475.93407914,107
555,47.0813545644,Re_47p081355,hopf_transition,hopf,heldout,3499.42012022,108
556,47.0813545644,Re_47p081355,hopf_transition,hopf,heldout,3522.90616129,109
557,47.0813545644,Re_47p081355,hopf_transition,hopf,heldout,3546.39220237,110
558,47.0813545644,Re_47p081355,hopf_transition,hopf,heldout,3569.87824345,111
559,47.0813545644,Re_47p081355,hopf_transition,hopf,heldout,3593.36428452,112
560,47.0813545644,Re_47p081355,hopf_transition,hopf,heldout,3616.8503256,113
561,47.0813545644,Re_47p081355,hopf_transition,hopf,heldout,3640.33636667,114
562,47.0813545644,Re_47p081355,hopf_transition,hopf,heldout,3663.82240775,115
563,47.0813545644,Re_47p081355,hopf_transition,hopf,heldout,3687.30844882,116
564,47.0813545644,Re_47p081355,hopf_transition,hopf,heldout,3710.7944899,117
565,47.0813545644,Re_47p081355,hopf_transition,hopf,heldout,3734.28053097,118
566,47.0813545644,Re_47p081355,hopf_transition,hopf,heldout,3757.76657205,119
567,47.0813545644,Re_47p081355,hopf_transition,hopf,heldout,3781.25261312,120
568,47.0813545644,Re_47p081355,hopf_transition,hopf,heldout,3804.7386542,121
569,47.0813545644,Re_47p081355,hopf_transition,hopf,heldout,3828.22469527,122
570,47.0813545644,Re_47p081355,hopf_transition,hopf,heldout,3851.71073635,123
571,47.0813545644,Re_47p081355,hopf_transition,hopf,heldout,3875.19677742,124
572,47.0813545644,Re_47p081355,hopf_transition,hopf,heldout,3898.6828185,125
573,47.0813545644,Re_47p081355,hopf_transition,hopf,heldout,3922.16885958,126
574,47.0813545644,Re_47p081355,hopf_transition,hopf,heldout,3945.65490065,127
575,47.0813545644,Re_47p081355,hopf_transition,hopf,heldout,3969.14094173,128
576,47.0813545644,Re_47p081355,hopf_transition,hopf,heldout,3992.6269828,129
577,47.0813545644,Re_47p081355,hopf_transition,hopf,heldout,4016.11302388,130
578,47.0813545644,Re_47p081355,hopf_transition,hopf,heldout,4039.59906495,131
579,47.0813545644,Re_47p081355,hopf_transition,hopf,heldout,4063.08510603,132
580,47.0813545644,Re_47p081355,hopf_transition,hopf,heldout,4086.5711471,133
581,47.0813545644,Re_47p081355,hopf_transition,hopf,heldout,4110.05718818,134
582,47.0813545644,Re_47p081355,hopf_transition,hopf,heldout,4133.54322925,135
583,47.0813545644,Re_47p081355,hopf_transition,hopf,heldout,4157.02927033,136
584,47.0813545644,Re_47p081355,hopf_transition,hopf,heldout,4180.5153114,137
585,47.0813545644,Re_47p081355,hopf_transition,hopf,heldout,4204.00135248,138
586,47.0813545644,Re_47p081355,hopf_transition,hopf,heldout,4227.48739355,139
587,47.0813545644,Re_47p081355,hopf_transition,hopf,heldout,4250.97343463,140
588,47.0813545644,Re_47p081355,hopf_transition,hopf,heldout,4274.4594757,141
589,47.0813545644,Re_47p081355,hopf_transition,hopf,heldout,4297.94551678,142
590,47.0813545644,Re_47p081355,hopf_transition,hopf,heldout,4321.43155786,143
591,47.0813545644,Re_47p081355,hopf_transition,hopf,heldout,4344.91759893,144
592,47.0813545644,Re_47p081355,hopf_transition,hopf,heldout,4368.40364001,145
593,47.0813545644,Re_47p081355,hopf_transition,hopf,heldout,4391.88968108,146
594,47.0813545644,Re_47p081355,hopf_transition,hopf,heldout,4415.368,147
595,47.0813545644,Re_47p081355,hopf_transition,hopf,heldout,4438.854,148
596,47.0813545644,Re_47p081355,hopf_transition,hopf,heldout,4462.34,149
597,47.0813545644,Re_47p081355,hopf_transition,hopf,heldout,4485.826,150
598,47.0813545644,Re_47p081355,hopf_transition,hopf,heldout,4509.312,151
599,47.0813545644,Re_47p081355,hopf_transition,hopf,heldout,4532.798,152
600,47.0813545644,Re_47p081355,hopf_transition,hopf,heldout,4556.284,153
601,47.0813545644,Re_47p081355,hopf_transition,hopf,heldout,4579.77,154
602,47.0813545644,Re_47p081355,hopf_transition,hopf,heldout,4603.256,155
603,47.0813545644,Re_47p081355,hopf_transition,hopf,heldout,4626.742,156
604,47.0813545644,Re_47p081355,hopf_transition,hopf,heldout,4650.228,157
605,47.0813545644,Re_47p081355,hopf_transition,hopf,heldout,4673.714,158
606,47.0813545644,Re_47p081355,hopf_transition,hopf,heldout,4697.2,159
607,47.0813545644,Re_47p081355,hopf_transition,hopf,heldout,4720.686,160
608,47.2,Re_47p200000,hopf_transition,hopf,train,1239.66942149,0
609,47.2,Re_47p200000,hopf_transition,hopf,train,1251.23040767,1
610,47.2,Re_47p200000,hopf_transition,hopf,train,1274.83852857,2
611,47.2,Re_47p200000,hopf_transition,hopf,train,1298.44664947,3
612,47.2,Re_47p200000,hopf_transition,hopf,train,1322.05477037,4
613,47.2,Re_47p200000,hopf_transition,hopf,train,1345.66289127,5
614,47.2,Re_47p200000,hopf_transition,hopf,train,1369.27101217,6
615,47.2,Re_47p200000,hopf_transition,hopf,train,1392.87913306,7
616,47.2,Re_47p200000,hopf_transition,hopf,train,1416.48725396,8
617,47.2,Re_47p200000,hopf_transition,hopf,train,1440.09537486,9
618,47.2,Re_47p200000,hopf_transition,hopf,train,1463.70349576,10
619,47.2,Re_47p200000,hopf_transition,hopf,train,1487.31161666,11
620,47.2,Re_47p200000,hopf_transition,hopf,train,1510.91973756,12
621,47.2,Re_47p200000,hopf_transition,hopf,train,1534.52785846,13
622,47.2,Re_47p200000,hopf_transition,hopf,train,1558.13597936,14
623,47.2,Re_47p200000,hopf_transition,hopf,train,1581.74410026,15
624,47.2,Re_47p200000,hopf_transition,hopf,train,1605.35222116,16
625,47.2,Re_47p200000,hopf_transition,hopf,train,1628.96034206,17
626,47.2,Re_47p200000,hopf_transition,hopf,train,1652.56846296,18
627,47.2,Re_47p200000,hopf_transition,hopf,train,1676.17658386,19
628,47.2,Re_47p200000,hopf_transition,hopf,train,1699.78470476,20
629,47.2,Re_47p200000,hopf_transition,hopf,train,1723.39282566,21
630,47.2,Re_47p200000,hopf_transition,hopf,train,1747.00094656,22
631,47.2,Re_47p200000,hopf_transition,hopf,train,1770.60906746,23
632,47.2,Re_47p200000,hopf_transition,hopf,train,1794.21718835,24
633,47.2,Re_47p200000,hopf_transition,hopf,train,1817.82530925,25
634,47.2,Re_47p200000,hopf_transition,hopf,train,1841.43343015,26
635,47.2,Re_47p200000,hopf_transition,hopf,train,1865.04155105,27
636,47.2,Re_47p200000,hopf_transition,hopf,train,1888.64967195,28
637,47.2,Re_47p200000,hopf_transition,hopf,train,1912.25779285,29
638,47.2,Re_47p200000,hopf_transition,hopf,train,1935.86591375,30
639,47.2,Re_47p200000,hopf_transition,hopf,train,1959.47403465,31
640,47.2,Re_47p200000,hopf_transition,hopf,train,1983.08215555,32
641,47.2,Re_47p200000,hopf_transition,hopf,train,2006.69027645,33
642,47.2,Re_47p200000,hopf_transition,hopf,train,2030.29839735,34
643,47.2,Re_47p200000,hopf_transition,hopf,train,2053.90651825,35
644,47.2,Re_47p200000,hopf_transition,hopf,train,2077.51463915,36
645,47.2,Re_47p200000,hopf_transition,hopf,train,2101.12276005,37
646,47.2,Re_47p200000,hopf_transition,hopf,train,2124.73088095,38
647,47.2,Re_47p200000,hopf_transition,hopf,train,2148.33900185,39
648,47.2,Re_47p200000,hopf_transition,hopf,train,2171.94712274,40
649,47.2,Re_47p200000,hopf_transition,hopf,train,2195.55524364,41
650,47.2,Re_47p200000,hopf_transition,hopf,train,2219.16336454,42
651,47.2,Re_47p200000,hopf_transition,hopf,train,2242.77148544,43
652,47.2,Re_47p200000,hopf_transition,hopf,train,2266.37960634,44
653,47.2,Re_47p200000,hopf_transition,hopf,train,2289.98772724,45
654,47.2,Re_47p200000,hopf_transition,hopf,train,2313.59584814,46
655,47.2,Re_47p200000,hopf_transition,hopf,train,2337.20396904,47
656,47.2,Re_47p200000,hopf_transition,hopf,train,2360.81208994,48
657,47.2,Re_47p200000,hopf_transition,hopf,train,2384.42021084,49
658,47.2,Re_47p200000,hopf_transition,hopf,train,2408.02833174,50
659,47.2,Re_47p200000,hopf_transition,hopf,train,2431.63645264,51
660,47.2,Re_47p200000,hopf_transition,hopf,train,2455.24457354,52
661,47.2,Re_47p200000,hopf_transition,hopf,train,2478.85269444,53
662,47.2,Re_47p200000,hopf_transition,hopf,train,2502.46081534,54
663,47.2,Re_47p200000,hopf_transition,hopf,train,2526.06893624,55
664,47.2,Re_47p200000,hopf_transition,hopf,train,2549.67705714,56
665,47.2,Re_47p200000,hopf_transition,hopf,train,2573.28517803,57
666,47.2,Re_47p200000,hopf_transition,hopf,train,2596.89329893,58
667,47.2,Re_47p200000,hopf_transition,hopf,train,2620.50141983,59
668,47.2,Re_47p200000,hopf_transition,hopf,train,2644.10954073,60
669,47.2,Re_47p200000,hopf_transition,hopf,train,2667.71766163,61
670,47.2,Re_47p200000,hopf_transition,hopf,train,2691.32578253,62
671,47.2,Re_47p200000,hopf_transition,hopf,train,2714.93390343,63
672,47.2,Re_47p200000,hopf_transition,hopf,train,2738.54202433,64
673,47.2,Re_47p200000,hopf_transition,hopf,train,2762.15014523,65
674,47.2,Re_47p200000,hopf_transition,hopf,train,2785.75826613,66
675,47.2,Re_47p200000,hopf_transition,hopf,train,2809.36638703,67
676,47.2,Re_47p200000,hopf_transition,hopf,train,2832.97450793,68
677,47.2,Re_47p200000,hopf_transition,hopf,train,2856.58262883,69
678,47.2,Re_47p200000,hopf_transition,hopf,train,2880.19074973,70
679,47.2,Re_47p200000,hopf_transition,hopf,train,2903.79887063,71
680,47.2,Re_47p200000,hopf_transition,hopf,train,2927.40699153,72
681,47.2,Re_47p200000,hopf_transition,hopf,train,2951.01511243,73
682,47.2,Re_47p200000,hopf_transition,hopf,train,2974.62323332,74
683,47.2,Re_47p200000,hopf_transition,hopf,train,2998.23135422,75
684,47.2,Re_47p200000,hopf_transition,hopf,train,3021.83947512,76
685,47.2,Re_47p200000,hopf_transition,hopf,train,3045.44759602,77
686,47.2,Re_47p200000,hopf_transition,hopf,train,3069.05571692,78
687,47.2,Re_47p200000,hopf_transition,hopf,train,3092.66383782,79
688,47.2,Re_47p200000,hopf_transition,hopf,train,3116.27195872,80
689,47.2,Re_47p200000,hopf_transition,hopf,train,3139.88007962,81
690,47.2,Re_47p200000,hopf_transition,hopf,train,3163.48820052,82
691,47.2,Re_47p200000,hopf_transition,hopf,train,3187.09632142,83
692,47.2,Re_47p200000,hopf_transition,hopf,train,3210.70444232,84
693,47.2,Re_47p200000,hopf_transition,hopf,train,3234.31256322,85
694,47.2,Re_47p200000,hopf_transition,hopf,train,3257.92068412,86
695,47.2,Re_47p200000,hopf_transition,hopf,train,3281.52880502,87
696,47.2,Re_47p200000,hopf_transition,hopf,train,3305.13692592,88
697,47.2,Re_47p200000,hopf_transition,hopf,train,3328.74504682,89
698,47.2,Re_47p200000,hopf_transition,hopf,train,3352.35316771,90
699,47.2,Re_47p200000,hopf_transition,hopf,train,3375.96128861,91
700,47.2,Re_47p200000,hopf_transition,hopf,train,3399.56940951,92
701,47.2,Re_47p200000,hopf_transition,hopf,train,3423.17753041,93
702,47.2,Re_47p200000,hopf_transition,hopf,train,3446.78565131,94
703,47.2,Re_47p200000,hopf_transition,hopf,train,3470.39377221,95
704,47.2,Re_47p200000,hopf_transition,hopf,train,3494.00189311,96
705,47.2,Re_47p200000,hopf_transition,hopf,train,3517.61001401,97
706,47.2,Re_47p200000,hopf_transition,hopf,train,3541.21813491,98
707,47.2,Re_47p200000,hopf_transition,hopf,train,3564.82625581,99
708,47.2,Re_47p200000,hopf_transition,hopf,train,3588.43437671,100
709,47.2,Re_47p200000,hopf_transition,hopf,train,3612.04249761,101
710,47.2,Re_47p200000,hopf_transition,hopf,train,3635.65061851,102
711,47.2,Re_47p200000,hopf_transition,hopf,train,3659.25873941,103
712,47.2,Re_47p200000,hopf_transition,hopf,train,3682.86686031,104
713,47.2,Re_47p200000,hopf_transition,hopf,train,3706.47498121,105
714,47.2,Re_47p200000,hopf_transition,hopf,train,3730.08310211,106
715,47.2,Re_47p200000,hopf_transition,hopf,train,3753.691223,107
716,47.2,Re_47p200000,hopf_transition,hopf,train,3777.2993439,108
717,47.2,Re_47p200000,hopf_transition,hopf,train,3800.9074648,109
718,47.2,Re_47p200000,hopf_transition,hopf,train,3824.5155857,110
719,47.2,Re_47p200000,hopf_transition,hopf,train,3848.1237066,111
720,47.2,Re_47p200000,hopf_transition,hopf,train,3871.7318275,112
721,47.2,Re_47p200000,hopf_transition,hopf,train,3895.3399484,113
722,47.2,Re_47p200000,hopf_transition,hopf,train,3918.9480693,114
723,47.2,Re_47p200000,hopf_transition,hopf,train,3942.5561902,115
724,47.2,Re_47p200000,hopf_transition,hopf,train,3966.1643111,116
725,47.2,Re_47p200000,hopf_transition,hopf,train,3989.772432,117
726,47.2,Re_47p200000,hopf_transition,hopf,train,4013.3805529,118
727,47.2,Re_47p200000,hopf_transition,hopf,train,4036.9886738,119
728,47.2,Re_47p200000,hopf_transition,hopf,train,4060.5967947,120
729,47.2,Re_47p200000,hopf_transition,hopf,train,4084.2049156,121
730,47.2,Re_47p200000,hopf_transition,hopf,train,4107.8130365,122
731,47.2,Re_47p200000,hopf_transition,hopf,train,4131.42115739,123
732,47.2,Re_47p200000,hopf_transition,hopf,train,4155.02927829,124
733,47.2,Re_47p200000,hopf_transition,hopf,train,4178.63739919,125
734,47.2,Re_47p200000,hopf_transition,hopf,train,4202.24552009,126
735,47.2,Re_47p200000,hopf_transition,hopf,train,4225.85364099,127
736,47.2,Re_47p200000,hopf_transition,hopf,train,4249.46176189,128
737,47.2,Re_47p200000,hopf_transition,hopf,train,4273.06988279,129
738,47.2,Re_47p200000,hopf_transition,hopf,train,4296.67800369,130
739,47.2,Re_47p200000,hopf_transition,hopf,train,4320.28612459,131
740,47.2,Re_47p200000,hopf_transition,hopf,train,4343.89424549,132
741,47.2,Re_47p200000,hopf_transition,hopf,train,4367.50236639,133
742,47.2,Re_47p200000,hopf_transition,hopf,train,4391.11048729,134
743,47.2,Re_47p200000,hopf_transition,hopf,train,4414.71860819,135
744,47.2,Re_47p200000,hopf_transition,hopf,train,4438.32672909,136
745,47.2,Re_47p200000,hopf_transition,hopf,train,4461.93484999,137
746,47.2,Re_47p200000,hopf_transition,hopf,train,4485.54297089,138
747,47.2,Re_47p200000,hopf_transition,hopf,train,4509.15109179,139
748,47.2,Re_47p200000,hopf_transition,hopf,train,4532.75921268,140
749,47.2,Re_47p200000,hopf_transition,hopf,train,4556.36733358,141
750,47.2,Re_47p200000,hopf_transition,hopf,train,4579.97545448,142
751,47.2,Re_47p200000,hopf_transition,hopf,train,4603.58357538,143
752,47.2,Re_47p200000,hopf_transition,hopf,train,4627.19169628,144
753,47.2,Re_47p200000,hopf_transition,hopf,train,4650.79981718,145
754,47.2,Re_47p200000,hopf_transition,hopf,train,4674.40793808,146
755,47.2,Re_47p200000,hopf_transition,hopf,train,4698.01605898,147
756,47.2,Re_47p200000,hopf_transition,hopf,train,4721.62417988,148
757,47.2,Re_47p200000,hopf_transition,hopf,train,4745.23230078,149
758,47.2,Re_47p200000,hopf_transition,hopf,train,4768.84042168,150
759,47.2,Re_47p200000,hopf_transition,hopf,train,4792.44854258,151
760,47.2,Re_47p200000,hopf_transition,hopf,train,4816.05666348,152
761,47.2,Re_47p200000,hopf_transition,hopf,train,4839.66478438,153
762,47.2,Re_47p200000,hopf_transition,hopf,train,4863.27290528,154
763,47.2,Re_47p200000,hopf_transition,hopf,train,4886.88102618,155
764,47.2,Re_47p200000,hopf_transition,hopf,train,4910.48914708,156
765,47.2,Re_47p200000,hopf_transition,hopf,train,4934.09726797,157
766,47.2,Re_47p200000,hopf_transition,hopf,train,4957.70538887,158
767,47.2,Re_47p200000,hopf_transition,hopf,train,4981.31350977,159
768,47.2,Re_47p200000,hopf_transition,hopf,train,5004.92163067,160
769,47.4,Re_47p400000,hopf_transition,hopf,train,957.22568647,0
770,47.4,Re_47p400000,hopf_transition,hopf,train,957.65918089,1
771,47.4,Re_47p400000,hopf_transition,hopf,train,981.01672188,2
772,47.4,Re_47p400000,hopf_transition,hopf,train,1004.37426288,3
773,47.4,Re_47p400000,hopf_transition,hopf,train,1027.73180388,4
774,47.4,Re_47p400000,hopf_transition,hopf,train,1051.08934487,5
775,47.4,Re_47p400000,hopf_transition,hopf,train,1074.44688587,6
776,47.4,Re_47p400000,hopf_transition,hopf,train,1097.80442687,7
777,47.4,Re_47p400000,hopf_transition,hopf,train,1121.16196787,8
778,47.4,Re_47p400000,hopf_transition,hopf,train,1144.51950886,9
779,47.4,Re_47p400000,hopf_transition,hopf,train,1167.87704986,10
780,47.4,Re_47p400000,hopf_transition,hopf,train,1191.23459086,11
781,47.4,Re_47p400000,hopf_transition,hopf,train,1214.59213185,12
782,47.4,Re_47p400000,hopf_transition,hopf,train,1237.94967285,13
783,47.4,Re_47p400000,hopf_transition,hopf,train,1261.30721385,14
784,47.4,Re_47p400000,hopf_transition,hopf,train,1284.66475485,15
785,47.4,Re_47p400000,hopf_transition,hopf,train,1308.02229584,16
786,47.4,Re_47p400000,hopf_transition,hopf,train,1331.37983684,17
787,47.4,Re_47p400000,hopf_transition,hopf,train,1354.73737784,18
788,47.4,Re_47p400000,hopf_transition,hopf,train,1378.09491883,19
789,47.4,Re_47p400000,hopf_transition,hopf,train,1401.45245983,20
790,47.4,Re_47p400000,hopf_transition,hopf,train,1424.81000083,21
791,47.4,Re_47p400000,hopf_transition,hopf,train,1448.16754183,22
792,47.4,Re_47p400000,hopf_transition,hopf,train,1471.52508282,23
793,47.4,Re_47p400000,hopf_transition,hopf,train,1494.88262382,24
794,47.4,Re_47p400000,hopf_transition,hopf,train,1518.24016482,25
795,47.4,Re_47p400000,hopf_transition,hopf,train,1541.59770582,26
796,47.4,Re_47p400000,hopf_transition,hopf,train,1564.95524681,27
797,47.4,Re_47p400000,hopf_transition,hopf,train,1588.31278781,28
798,47.4,Re_47p400000,hopf_transition,hopf,train,1611.67032881,29
799,47.4,Re_47p400000,hopf_transition,hopf,train,1635.0278698,30
800,47.4,Re_47p400000,hopf_transition,hopf,train,1658.3854108,31
801,47.4,Re_47p400000,hopf_transition,hopf,train,1681.7429518,32
802,47.4,Re_47p400000,hopf_transition,hopf,train,1705.1004928,33
803,47.4,Re_47p400000,hopf_transition,hopf,train,1728.45803379,34
804,47.4,Re_47p400000,hopf_transition,hopf,train,1751.81557479,35
805,47.4,Re_47p400000,hopf_transition,hopf,train,1775.17311579,36
806,47.4,Re_47p400000,hopf_transition,hopf,train,1798.53065678,37
807,47.4,Re_47p400000,hopf_transition,hopf,train,1821.88819778,38
808,47.4,Re_47p400000,hopf_transition,hopf,train,1845.24573878,39
809,47.4,Re_47p400000,hopf_transition,hopf,train,1868.60327978,40
810,47.4,Re_47p400000,hopf_transition,hopf,train,1891.96082077,41
811,47.4,Re_47p400000,hopf_transition,hopf,train,1915.31836177,42
812,47.4,Re_47p400000,hopf_transition,hopf,train,1938.67590277,43
813,47.4,Re_47p400000,hopf_transition,hopf,train,1962.03344376,44
814,47.4,Re_47p400000,hopf_transition,hopf,train,1985.39098476,45
815,47.4,Re_47p400000,hopf_transition,hopf,train,2008.74852576,46
816,47.4,Re_47p400000,hopf_transition,hopf,train,2032.10606676,47
817,47.4,Re_47p400000,hopf_transition,hopf,train,2055.46360775,48
818,47.4,Re_47p400000,hopf_transition,hopf,train,2078.82114875,49
819,47.4,Re_47p400000,hopf_transition,hopf,train,2102.17868975,50
820,47.4,Re_47p400000,hopf_transition,hopf,train,2125.53623075,51
821,47.4,Re_47p400000,hopf_transition,hopf,train,2148.89377174,52
822,47.4,Re_47p400000,hopf_transition,hopf,train,2172.25131274,53
823,47.4,Re_47p400000,hopf_transition,hopf,train,2195.60885374,54
824,47.4,Re_47p400000,hopf_transition,hopf,train,2218.96639473,55
825,47.4,Re_47p400000,hopf_transition,hopf,train,2242.32393573,56
826,47.4,Re_47p400000,hopf_transition,hopf,train,2265.68147673,57
827,47.4,Re_47p400000,hopf_transition,hopf,train,2289.03901773,58
828,47.4,Re_47p400000,hopf_transition,hopf,train,2312.39655872,59
829,47.4,Re_47p400000,hopf_transition,hopf,train,2335.75409972,60
830,47.4,Re_47p400000,hopf_transition,hopf,train,2359.11164072,61
831,47.4,Re_47p400000,hopf_transition,hopf,train,2382.46918171,62
832,47.4,Re_47p400000,hopf_transition,hopf,train,2405.82672271,63
833,47.4,Re_47p400000,hopf_transition,hopf,train,2429.18426371,64
834,47.4,Re_47p400000,hopf_transition,hopf,train,2452.54180471,65
835,47.4,Re_47p400000,hopf_transition,hopf,train,2475.8993457,66
836,47.4,Re_47p400000,hopf_transition,hopf,train,2499.2568867,67
837,47.4,Re_47p400000,hopf_transition,hopf,train,2522.6144277,68
838,47.4,Re_47p400000,hopf_transition,hopf,train,2545.97196869,69
839,47.4,Re_47p400000,hopf_transition,hopf,train,2569.32950969,70
840,47.4,Re_47p400000,hopf_transition,hopf,train,2592.68705069,71
841,47.4,Re_47p400000,hopf_transition,hopf,train,2616.04459169,72
842,47.4,Re_47p400000,hopf_transition,hopf,train,2639.40213268,73
843,47.4,Re_47p400000,hopf_transition,hopf,train,2662.75967368,74
844,47.4,Re_47p400000,hopf_transition,hopf,train,2686.11721468,75
845,47.4,Re_47p400000,hopf_transition,hopf,train,2709.47475568,76
846,47.4,Re_47p400000,hopf_transition,hopf,train,2732.83229667,77
847,47.4,Re_47p400000,hopf_transition,hopf,train,2756.18983767,78
848,47.4,Re_47p400000,hopf_transition,hopf,train,2779.54737867,79
849,47.4,Re_47p400000,hopf_transition,hopf,train,2802.90491966,80
850,47.4,Re_47p400000,hopf_transition,hopf,train,2826.26246066,81
851,47.4,Re_47p400000,hopf_transition,hopf,train,2849.62000166,82
852,47.4,Re_47p400000,hopf_transition,hopf,train,2872.97754266,83
853,47.4,Re_47p400000,hopf_transition,hopf,train,2896.33508365,84
854,47.4,Re_47p400000,hopf_transition,hopf,train,2919.69262465,85
855,47.4,Re_47p400000,hopf_transition,hopf,train,2943.05016565,86
856,47.4,Re_47p400000,hopf_transition,hopf,train,2966.40770664,87
857,47.4,Re_47p400000,hopf_transition,hopf,train,2989.76524764,88
858,47.4,Re_47p400000,hopf_transition,hopf,train,3013.12278864,89
859,47.4,Re_47p400000,hopf_transition,hopf,train,3036.48032964,90
860,47.4,Re_47p400000,hopf_transition,hopf,train,3059.83787063,91
861,47.4,Re_47p400000,hopf_transition,hopf,train,3083.19541163,92
862,47.4,Re_47p400000,hopf_transition,hopf,train,3106.55295263,93
863,47.4,Re_47p400000,hopf_transition,hopf,train,3129.91049362,94
864,47.4,Re_47p400000,hopf_transition,hopf,train,3153.26803462,95
865,47.4,Re_47p400000,hopf_transition,hopf,train,3176.62557562,96
866,47.4,Re_47p400000,hopf_transition,hopf,train,3199.98311662,97
867,47.4,Re_47p400000,hopf_transition,hopf,train,3223.34065761,98
868,47.4,Re_47p400000,hopf_transition,hopf,train,3246.69819861,99
869,47.4,Re_47p400000,hopf_transition,hopf,train,3270.05573961,100
870,47.4,Re_47p400000,hopf_transition,hopf,train,3293.41328061,101
871,47.4,Re_47p400000,hopf_transition,hopf,train,3316.7708216,102
872,47.4,Re_47p400000,hopf_transition,hopf,train,3340.1283626,103
873,47.4,Re_47p400000,hopf_transition,hopf,train,3363.4859036,104
874,47.4,Re_47p400000,hopf_transition,hopf,train,3386.84344459,105
875,47.4,Re_47p400000,hopf_transition,hopf,train,3410.20098559,106
876,47.4,Re_47p400000,hopf_transition,hopf,train,3433.55852659,107
877,47.4,Re_47p400000,hopf_transition,hopf,train,3456.91606759,108
878,47.4,Re_47p400000,hopf_transition,hopf,train,3480.27360858,109
879,47.4,Re_47p400000,hopf_transition,hopf,train,3503.63114958,110
880,47.4,Re_47p400000,hopf_transition,hopf,train,3526.98869058,111
881,47.4,Re_47p400000,hopf_transition,hopf,train,3550.34623157,112
882,47.4,Re_47p400000,hopf_transition,hopf,train,3573.70377257,113
883,47.4,Re_47p400000,hopf_transition,hopf,train,3597.06131357,114
884,47.4,Re_47p400000,hopf_transition,hopf,train,3620.41885457,115
885,47.4,Re_47p400000,hopf_transition,hopf,train,3643.77639556,116
886,47.4,Re_47p400000,hopf_transition,hopf,train,3667.13393656,117
887,47.4,Re_47p400000,hopf_transition,hopf,train,3690.49147756,118
888,47.4,Re_47p400000,hopf_transition,hopf,train,3713.84901855,119
889,47.4,Re_47p400000,hopf_transition,hopf,train,3737.20655955,120
890,47.4,Re_47p400000,hopf_transition,hopf,train,3760.56410055,121
891,47.4,Re_47p400000,hopf_transition,hopf,train,3783.92164155,122
892,47.4,Re_47p400000,hopf_transition,hopf,train,3807.27918254,123
893,47.4,Re_47p400000,hopf_transition,hopf,train,3830.63672354,124
894,47.4,Re_47p400000,hopf_transition,hopf,train,3853.99426454,125
895,47.4,Re_47p400000,hopf_transition,hopf,train,3877.35180554,126
896,47.4,Re_47p400000,hopf_transition,hopf,train,3900.70934653,127
897,47.4,Re_47p400000,hopf_transition,hopf,train,3924.06688753,128
898,47.4,Re_47p400000,hopf_transition,hopf,train,3947.42442853,129
899,47.4,Re_47p400000,hopf_transition,hopf,train,3970.78196952,130
900,47.4,Re_47p400000,hopf_transition,hopf,train,3994.13951052,131
901,47.4,Re_47p400000,hopf_transition,hopf,train,4017.49705152,132
902,47.4,Re_47p400000,hopf_transition,hopf,train,4040.85459252,133
903,47.4,Re_47p400000,hopf_transition,hopf,train,4064.21213351,134
904,47.4,Re_47p400000,hopf_transition,hopf,train,4087.56967451,135
905,47.4,Re_47p400000,hopf_transition,hopf,train,4110.92721551,136
906,47.4,Re_47p400000,hopf_transition,hopf,train,4134.2847565,137
907,47.4,Re_47p400000,hopf_transition,hopf,train,4157.6422975,138
908,47.4,Re_47p400000,hopf_transition,hopf,train,4180.9998385,139
909,47.4,Re_47p400000,hopf_transition,hopf,train,4204.3573795,140
910,47.4,Re_47p400000,hopf_transition,hopf,train,4227.71492049,141
911,47.4,Re_47p400000,hopf_transition,hopf,train,4251.07246149,142
912,47.4,Re_47p400000,hopf_transition,hopf,train,4274.43000249,143
913,47.4,Re_47p400000,hopf_transition,hopf,train,4297.78754348,144
914,47.4,Re_47p400000,hopf_transition,hopf,train,4321.14508448,145
915,47.4,Re_47p400000,hopf_transition,hopf,train,4344.50262548,146
916,47.4,Re_47p400000,hopf_transition,hopf,train,4367.86016648,147
917,47.4,Re_47p400000,hopf_transition,hopf,train,4391.21770747,148
918,47.4,Re_47p400000,hopf_transition,hopf,train,4414.57524847,149
919,47.4,Re_47p400000,hopf_transition,hopf,train,4437.93278947,150
920,47.4,Re_47p400000,hopf_transition,hopf,train,4461.29033047,151
921,47.4,Re_47p400000,hopf_transition,hopf,train,4484.64787146,152
922,47.4,Re_47p400000,hopf_transition,hopf,train,4508.00541246,153
923,47.4,Re_47p400000,hopf_transition,hopf,train,4531.36295346,154
924,47.4,Re_47p400000,hopf_transition,hopf,train,4554.72049445,155
925,47.4,Re_47p400000,hopf_transition,hopf,train,4578.07803545,156
926,47.4,Re_47p400000,hopf_transition,hopf,train,4601.43557645,157
927,47.4,Re_47p400000,hopf_transition,hopf,train,4624.79311745,158
928,47.4,Re_47p400000,hopf_transition,hopf,train,4648.15065844,159
929,47.4,Re_47p400000,hopf_transition,hopf,train,4671.50819944,160
930,47.4,Re_47p400000,hopf_transition,hopf,train,4694.86574044,161
931,47.6,Re_47p600000,hopf_transition,hopf,train,1357.66264799,0
932,47.6,Re_47p600000,hopf_transition,hopf,train,1370.74601727,1
933,47.6,Re_47p600000,hopf_transition,hopf,train,1394.37956929,2
934,47.6,Re_47p600000,hopf_transition,hopf,train,1418.01312131,3
935,47.6,Re_47p600000,hopf_transition,hopf,train,1441.64667334,4
936,47.6,Re_47p600000,hopf_transition,hopf,train,1465.28022536,5
937,47.6,Re_47p600000,hopf_transition,hopf,train,1488.91377738,6
938,47.6,Re_47p600000,hopf_transition,hopf,train,1512.5473294,7
939,47.6,Re_47p600000,hopf_transition,hopf,train,1536.18088142,8
940,47.6,Re_47p600000,hopf_transition,hopf,train,1559.81443345,9
941,47.6,Re_47p600000,hopf_transition,hopf,train,1583.44798547,10
942,47.6,Re_47p600000,hopf_transition,hopf,train,1607.08153749,11
943,47.6,Re_47p600000,hopf_transition,hopf,train,1630.71508951,12
944,47.6,Re_47p600000,hopf_transition,hopf,train,1654.34864153,13
945,47.6,Re_47p600000,hopf_transition,hopf,train,1677.98219355,14
946,47.6,Re_47p600000,hopf_transition,hopf,train,1701.61574558,15
947,47.6,Re_47p600000,hopf_transition,hopf,train,1725.2492976,16
948,47.6,Re_47p600000,hopf_transition,hopf,train,1748.88284962,17
949,47.6,Re_47p600000,hopf_transition,hopf,train,1772.51640164,18
950,47.6,Re_47p600000,hopf_transition,hopf,train,1796.14995366,19
951,47.6,Re_47p600000,hopf_transition,hopf,train,1819.78350569,20
952,47.6,Re_47p600000,hopf_transition,hopf,train,1843.41705771,21
953,47.6,Re_47p600000,hopf_transition,hopf,train,1867.05060973,22
954,47.6,Re_47p600000,hopf_transition,hopf,train,1890.68416175,23
955,47.6,Re_47p600000,hopf_transition,hopf,train,1914.31771377,24
956,47.6,Re_47p600000,hopf_transition,hopf,train,1937.9512658,25
957,47.6,Re_47p600000,hopf_transition,hopf,train,1961.58481782,26
958,47.6,Re_47p600000,hopf_transition,hopf,train,1985.21836984,27
959,47.6,Re_47p600000,hopf_transition,hopf,train,2008.85192186,28
960,47.6,Re_47p600000,hopf_transition,hopf,train,2032.48547388,29
961,47.6,Re_47p600000,hopf_transition,hopf,train,2056.11902591,30
962,47.6,Re_47p600000,hopf_transition,hopf,train,2079.75257793,31
963,47.6,Re_47p600000,hopf_transition,hopf,train,2103.38612995,32
964,47.6,Re_47p600000,hopf_transition,hopf,train,2127.01968197,33
965,47.6,Re_47p600000,hopf_transition,hopf,train,2150.65323399,34
966,47.6,Re_47p600000,hopf_transition,hopf,train,2174.28678601,35
967,47.6,Re_47p600000,hopf_transition,hopf,train,2197.92033804,36
968,47.6,Re_47p600000,hopf_transition,hopf,train,2221.55389006,37
969,47.6,Re_47p600000,hopf_transition,hopf,train,2245.18744208,38
970,47.6,Re_47p600000,hopf_transition,hopf,train,2268.8209941,39
971,47.6,Re_47p600000,hopf_transition,hopf,train,2292.45454612,40
972,47.6,Re_47p600000,hopf_transition,hopf,train,2316.08809815,41
973,47.6,Re_47p600000,hopf_transition,hopf,train,2339.72165017,42
974,47.6,Re_47p600000,hopf_transition,hopf,train,2363.35520219,43
975,47.6,Re_47p600000,hopf_transition,hopf,train,2386.98875421,44
976,47.6,Re_47p600000,hopf_transition,hopf,train,2410.62230623,45
977,47.6,Re_47p600000,hopf_transition,hopf,train,2434.25585826,46
978,47.6,Re_47p600000,hopf_transition,hopf,train,2457.88941028,47
979,47.6,Re_47p600000,hopf_transition,hopf,train,2481.5229623,48
980,47.6,Re_47p600000,hopf_transition,hopf,train,2505.15651432,49
981,47.6,Re_47p600000,hopf_transition,hopf,train,2528.79006634,50
982,47.6,Re_47p600000,hopf_transition,hopf,train,2552.42361837,51
983,47.6,Re_47p600000,hopf_transition,hopf,train,2576.05717039,52
984,47.6,Re_47p600000,hopf_transition,hopf,train,2599.69072241,53
985,47.6,Re_47p600000,hopf_transition,hopf,train,2623.32427443,54
986,47.6,Re_47p600000,hopf_transition,hopf,train,2646.95782645,55
987,47.6,Re_47p600000,hopf_transition,hopf,train,2670.59137847,56
988,47.6,Re_47p600000,hopf_transition,hopf,train,2694.2249305,57
989,47.6,Re_47p600000,hopf_transition,hopf,train,2717.85848252,58
990,47.6,Re_47p600000,hopf_transition,hopf,train,2741.49203454,59
991,47.6,Re_47p600000,hopf_transition,hopf,train,2765.12558656,60
992,47.6,Re_47p600000,hopf_transition,hopf,train,2788.75913858,61
993,47.6,Re_47p600000,hopf_transition,hopf,train,2812.39269061,62
994,47.6,Re_47p600000,hopf_transition,hopf,train,2836.02624263,63
995,47.6,Re_47p600000,hopf_transition,hopf,train,2859.65979465,64
996,47.6,Re_47p600000,hopf_transition,hopf,train,2883.29334667,65
997,47.6,Re_47p600000,hopf_transition,hopf,train,2906.92689869,66
998,47.6,Re_47p600000,hopf_transition,hopf,train,2930.56045072,67
999,47.6,Re_47p600000,hopf_transition,hopf,train,2954.19400274,68
1000,47.6,Re_47p600000,hopf_transition,hopf,train,2977.82755476,69
1001,47.6,Re_47p600000,hopf_transition,hopf,train,3001.46110678,70
1002,47.6,Re_47p600000,hopf_transition,hopf,train,3025.0946588,71
1003,47.6,Re_47p600000,hopf_transition,hopf,train,3048.72821083,72
1004,47.6,Re_47p600000,hopf_transition,hopf,train,3072.36176285,73
1005,47.6,Re_47p600000,hopf_transition,hopf,train,3095.99531487,74
1006,47.6,Re_47p600000,hopf_transition,hopf,train,3119.62886689,75
1007,47.6,Re_47p600000,hopf_transition,hopf,train,3143.26241891,76
1008,47.6,Re_47p600000,hopf_transition,hopf,train,3166.89597093,77
1009,47.6,Re_47p600000,hopf_transition,hopf,train,3190.52952296,78
1010,47.6,Re_47p600000,hopf_transition,hopf,train,3214.16307498,79
1011,47.6,Re_47p600000,hopf_transition,hopf,train,3237.796627,80
1012,47.6,Re_47p600000,hopf_transition,hopf,train,3261.43017902,81
1013,47.6,Re_47p600000,hopf_transition,hopf,train,3285.06373104,82
1014,47.6,Re_47p600000,hopf_transition,hopf,train,3308.69728307,83
1015,47.6,Re_47p600000,hopf_transition,hopf,train,3332.33083509,84
1016,47.6,Re_47p600000,hopf_transition,hopf,train,3355.96438711,85
1017,47.6,Re_47p600000,hopf_transition,hopf,train,3379.59793913,86
1018,47.6,Re_47p600000,hopf_transition,hopf,train,3403.23149115,87
1019,47.6,Re_47p600000,hopf_transition,hopf,train,3426.86504318,88
1020,47.6,Re_47p600000,hopf_transition,hopf,train,3450.4985952,89
1021,47.6,Re_47p600000,hopf_transition,hopf,train,3474.13214722,90
1022,47.6,Re_47p600000,hopf_transition,hopf,train,3497.76569924,91
1023,47.6,Re_47p600000,hopf_transition,hopf,train,3521.39925126,92
1024,47.6,Re_47p600000,hopf_transition,hopf,train,3545.03280329,93
1025,47.6,Re_47p600000,hopf_transition,hopf,train,3568.66635531,94
1026,47.6,Re_47p600000,hopf_transition,hopf,train,3592.29990733,95
1027,47.6,Re_47p600000,hopf_transition,hopf,train,3615.93345935,96
1028,47.6,Re_47p600000,hopf_transition,hopf,train,3639.56701137,97
1029,47.6,Re_47p600000,hopf_transition,hopf,train,3663.20056339,98
1030,47.6,Re_47p600000,hopf_transition,hopf,train,3686.83411542,99
1031,47.6,Re_47p600000,hopf_transition,hopf,train,3710.46766744,100
1032,47.6,Re_47p600000,hopf_transition,hopf,train,3734.10121946,101
1033,47.6,Re_47p600000,hopf_transition,hopf,train,3757.73477148,102
1034,47.6,Re_47p600000,hopf_transition,hopf,train,3781.3683235,103
1035,47.6,Re_47p600000,hopf_transition,hopf,train,3805.00187553,104
1036,47.6,Re_47p600000,hopf_transition,hopf,train,3828.63542755,105
1037,47.6,Re_47p600000,hopf_transition,hopf,train,3852.26897957,106
1038,47.6,Re_47p600000,hopf_transition,hopf,train,3875.90253159,107
1039,47.6,Re_47p600000,hopf_transition,hopf,train,3899.53608361,108
1040,47.6,Re_47p600000,hopf_transition,hopf,train,3923.16963564,109
1041,47.6,Re_47p600000,hopf_transition,hopf,train,3946.80318766,110
1042,47.6,Re_47p600000,hopf_transition,hopf,train,3970.43673968,111
1043,47.6,Re_47p600000,hopf_transition,hopf,train,3994.0702917,112
1044,47.6,Re_47p600000,hopf_transition,hopf,train,4017.70384372,113
1045,47.6,Re_47p600000,hopf_transition,hopf,train,4041.33739574,114
1046,47.6,Re_47p600000,hopf_transition,hopf,train,4064.97094777,115
1047,47.6,Re_47p600000,hopf_transition,hopf,train,4088.60449979,116
1048,47.6,Re_47p600000,hopf_transition,hopf,train,4112.23805181,117
1049,47.6,Re_47p600000,hopf_transition,hopf,train,4135.87160383,118
1050,47.6,Re_47p600000,hopf_transition,hopf,train,4159.50515585,119
1051,47.6,Re_47p600000,hopf_transition,hopf,train,4183.13870788,120
1052,47.6,Re_47p600000,hopf_transition,hopf,train,4206.7722599,121
1053,47.6,Re_47p600000,hopf_transition,hopf,train,4230.40581192,122
1054,47.6,Re_47p600000,hopf_transition,hopf,train,4254.03936394,123
1055,47.6,Re_47p600000,hopf_transition,hopf,train,4277.67291596,124
1056,47.6,Re_47p600000,hopf_transition,hopf,train,4301.30646799,125
1057,47.6,Re_47p600000,hopf_transition,hopf,train,4324.94002001,126
1058,47.6,Re_47p600000,hopf_transition,hopf,train,4348.57357203,127
1059,47.6,Re_47p600000,hopf_transition,hopf,train,4372.20712405,128
1060,47.6,Re_47p600000,hopf_transition,hopf,train,4395.84067607,129
1061,47.6,Re_47p600000,hopf_transition,hopf,train,4419.4742281,130
1062,47.6,Re_47p600000,hopf_transition,hopf,train,4443.10778012,131
1063,47.6,Re_47p600000,hopf_transition,hopf,train,4466.74133214,132
1064,47.6,Re_47p600000,hopf_transition,hopf,train,4490.37488416,133
1065,47.6,Re_47p600000,hopf_transition,hopf,train,4514.00843618,134
1066,47.6,Re_47p600000,hopf_transition,hopf,train,4537.6419882,135
1067,47.6,Re_47p600000,hopf_transition,hopf,train,4561.27554023,136
1068,47.6,Re_47p600000,hopf_transition,hopf,train,4584.90909225,137
1069,47.6,Re_47p600000,hopf_transition,hopf,train,4608.54264427,138
1070,47.6,Re_47p600000,hopf_transition,hopf,train,4632.17619629,139
1071,47.6,Re_47p600000,hopf_transition,hopf,train,4655.80974831,140
1072,47.6,Re_47p600000,hopf_transition,hopf,train,4679.44330034,141
1073,47.6,Re_47p600000,hopf_transition,hopf,train,4703.07685236,142
1074,47.6,Re_47p600000,hopf_transition,hopf,train,4726.71040438,143
1075,47.6,Re_47p600000,hopf_transition,hopf,train,4750.3439564,144
1076,47.6,Re_47p600000,hopf_transition,hopf,train,4773.97750842,145
1077,47.6,Re_47p600000,hopf_transition,hopf,train,4797.61106045,146
1078,47.6,Re_47p600000,hopf_transition,hopf,train,4821.24461247,147
1079,47.6,Re_47p600000,hopf_transition,hopf,train,4844.87816449,148
1080,47.6,Re_47p600000,hopf_transition,hopf,train,4868.51171651,149
1081,47.6,Re_47p600000,hopf_transition,hopf,train,4892.14526853,150
1082,47.6,Re_47p600000,hopf_transition,hopf,train,4915.77882056,151
1083,47.6,Re_47p600000,hopf_transition,hopf,train,4939.41237258,152
1084,47.6,Re_47p600000,hopf_transition,hopf,train,4963.0459246,153
1085,47.6,Re_47p600000,hopf_transition,hopf,train,4986.67947662,154
1086,47.6,Re_47p600000,hopf_transition,hopf,train,5010.31302864,155
1087,47.6,Re_47p600000,hopf_transition,hopf,train,5033.94658066,156
1088,47.6,Re_47p600000,hopf_transition,hopf,train,5057.58013269,157
1089,47.6,Re_47p600000,hopf_transition,hopf,train,5081.21368471,158
1090,47.6,Re_47p600000,hopf_transition,hopf,train,5104.84723673,159
1091,47.6,Re_47p600000,hopf_transition,hopf,train,5128.48078875,160
1092,47.7229474482,Re_47p722947,hopf_transition,hopf,train,1757.21787771,0
1093,47.7229474482,Re_47p722947,hopf_transition,hopf,train,1770.41723072,1
1094,47.7229474482,Re_47p722947,hopf_transition,hopf,train,1794.0227938,2
1095,47.7229474482,Re_47p722947,hopf_transition,hopf,train,1817.62835688,3
1096,47.7229474482,Re_47p722947,hopf_transition,hopf,train,1841.23391995,4
1097,47.7229474482,Re_47p722947,hopf_transition,hopf,train,1864.83948303,5
1098,47.7229474482,Re_47p722947,hopf_transition,hopf,train,1888.4450461,6
1099,47.7229474482,Re_47p722947,hopf_transition,hopf,train,1912.05060918,7
1100,47.7229474482,Re_47p722947,hopf_transition,hopf,train,1935.65617226,8
1101,47.7229474482,Re_47p722947,hopf_transition,hopf,train,1959.26173533,9
1102,47.7229474482,Re_47p722947,hopf_transition,hopf,train,1982.86729841,10
1103,47.7229474482,Re_47p722947,hopf_transition,hopf,train,2006.47286149,11
1104,47.7229474482,Re_47p722947,hopf_transition,hopf,train,2030.07842456,12
1105,47.7229474482,Re_47p722947,hopf_transition,hopf,train,2053.68398764,13
1106,47.7229474482,Re_47p722947,hopf_transition,hopf,train,2077.28955071,14
1107,47.7229474482,Re_47p722947,hopf_transition,hopf,train,2100.89511379,15
1108,47.7229474482,Re_47p722947,hopf_transition,hopf,train,2124.50067687,16
1109,47.7229474482,Re_47p722947,hopf_transition,hopf,train,2148.10623994,17
1110,47.7229474482,Re_47p722947,hopf_transition,hopf,train,2171.71180302,18
1111,47.7229474482,Re_47p722947,hopf_transition,hopf,train,2195.3173661,19
1112,47.7229474482,Re_47p722947,hopf_transition,hopf,train,2218.92292917,20
1113,47.7229474482,Re_47p722947,hopf_transition,hopf,train,2242.52849225,21
1114,47.7229474482,Re_47p722947,hopf_transition,hopf,train,2266.13405532,22
1115,47.7229474482,Re_47p722947,hopf_transition,hopf,train,2289.7396184,23
1116,47.7229474482,Re_47p722947,hopf_transition,hopf,train,2313.34518148,24
1117,47.7229474482,Re_47p722947,hopf_transition,hopf,train,2336.95074455,25
1118,47.7229474482,Re_47p722947,hopf_transition,hopf,train,2360.55630763,26
1119,47.7229474482,Re_47p722947,hopf_transition,hopf,train,2384.16187071,27
1120,47.7229474482,Re_47p722947,hopf_transition,hopf,train,2407.76743378,28
1121,47.7229474482,Re_47p722947,hopf_transition,hopf,train,2431.37299686,29
1122,47.7229474482,Re_47p722947,hopf_transition,hopf,train,2454.97855994,30
1123,47.7229474482,Re_47p722947,hopf_transition,hopf,train,2478.58412301,31
1124,47.7229474482,Re_47p722947,hopf_transition,hopf,train,2502.18968609,32
1125,47.7229474482,Re_47p722947,hopf_transition,hopf,train,2525.79524916,33
1126,47.7229474482,Re_47p722947,hopf_transition,hopf,train,2549.40081224,34
1127,47.7229474482,Re_47p722947,hopf_transition,hopf,train,2573.00637532,35
1128,47.7229474482,Re_47p722947,hopf_transition,hopf,train,2596.61193839,36
1129,47.7229474482,Re_47p722947,hopf_transition,hopf,train,2620.21750147,37
1130,47.7229474482,Re_47p722947,hopf_transition,hopf,train,2643.82306455,38
1131,47.7229474482,Re_47p722947,hopf_transition,hopf,train,2667.42862762,39
1132,47.7229474482,Re_47p722947,hopf_transition,hopf,train,2691.0341907,40
1133,47.7229474482,Re_47p722947,hopf_transition,hopf,train,2714.63975377,41
1134,47.7229474482,Re_47p722947,hopf_transition,hopf,train,2738.24531685,42
1135,47.7229474482,Re_47p722947,hopf_transition,hopf,train,2761.85087993,43
1136,47.7229474482,Re_47p722947,hopf_transition,hopf,train,2785.456443,44
1137,47.7229474482,Re_47p722947,hopf_transition,hopf,train,2809.06200608,45
1138,47.7229474482,Re_47p722947,hopf_transition,hopf,train,2832.66756916,46
1139,47.7229474482,Re_47p722947,hopf_transition,hopf,train,2856.27313223,47
1140,47.7229474482,Re_47p722947,hopf_transition,hopf,train,2879.87869531,48
1141,47.7229474482,Re_47p722947,hopf_transition,hopf,train,2903.48425838,49
1142,47.7229474482,Re_47p722947,hopf_transition,hopf,train,2927.08982146,50
1143,47.7229474482,Re_47p722947,hopf_transition,hopf,train,2950.69538454,51
1144,47.7229474482,Re_47p722947,hopf_transition,hopf,train,2974.30094761,52
1145,47.7229474482,Re_47p722947,hopf_transition,hopf,train,2997.90651069,53
1146,47.7229474482,Re_47p722947,hopf_transition,hopf,train,3021.51207377,54
1147,47.7229474482,Re_47p722947,hopf_transition,hopf,train,3045.11763684,55
1148,47.7229474482,Re_47p722947,hopf_transition,hopf,train,3068.72319992,56
1149,47.7229474482,Re_47p722947,hopf_transition,hopf,train,3092.328763,57
1150,47.7229474482,Re_47p722947,hopf_transition,hopf,train,3115.93432607,58
1151,47.7229474482,Re_47p722947,hopf_transition,hopf,train,3139.53988915,59
1152,47.7229474482,Re_47p722947,hopf_transition,hopf,train,3163.14545222,60
1153,47.7229474482,Re_47p722947,hopf_transition,hopf,train,3186.7510153,61
1154,47.7229474482,Re_47p722947,hopf_transition,hopf,train,3210.35657838,62
1155,47.7229474482,Re_47p722947,hopf_transition,hopf,train,3233.96214145,63
1156,47.7229474482,Re_47p722947,hopf_transition,hopf,train,3257.56770453,64
1157,47.7229474482,Re_47p722947,hopf_transition,hopf,train,3281.17326761,65
1158,47.7229474482,Re_47p722947,hopf_transition,hopf,train,3304.77883068,66
1159,47.7229474482,Re_47p722947,hopf_transition,hopf,train,3328.38439376,67
1160,47.7229474482,Re_47p722947,hopf_transition,hopf,train,3351.98995683,68
1161,47.7229474482,Re_47p722947,hopf_transition,hopf,train,3375.59551991,69
1162,47.7229474482,Re_47p722947,hopf_transition,hopf,train,3399.20108299,70
1163,47.7229474482,Re_47p722947,hopf_transition,hopf,train,3422.80664606,71
1164,47.7229474482,Re_47p722947,hopf_transition,hopf,train,3446.41220914,72
1165,47.7229474482,Re_47p722947,hopf_transition,hopf,train,3470.01777222,73
1166,47.7229474482,Re_47p722947,hopf_transition,hopf,train,3493.62333529,74
1167,47.7229474482,Re_47p722947,hopf_transition,hopf,train,3517.22889837,75
1168,47.7229474482,Re_47p722947,hopf_transition,hopf,train,3540.83446145,76
1169,47.7229474482,Re_47p722947,hopf_transition,hopf,train,3564.44002452,77
1170,47.7229474482,Re_47p722947,hopf_transition,hopf,train,3588.0455876,78
1171,47.7229474482,Re_47p722947,hopf_transition,hopf,train,3611.65115067,79
1172,47.7229474482,Re_47p722947,hopf_transition,hopf,train,3635.25671375,80
1173,47.7229474482,Re_47p722947,hopf_transition,hopf,train,3658.86227683,81
1174,47.7229474482,Re_47p722947,hopf_transition,hopf,train,3682.4678399,82
1175,47.7229474482,Re_47p722947,hopf_transition,hopf,train,3706.07340298,83
1176,47.7229474482,Re_47p722947,hopf_transition,hopf,train,3729.67896606,84
1177,47.7229474482,Re_47p722947,hopf_transition,hopf,train,3753.28452913,85
1178,47.7229474482,Re_47p722947,hopf_transition,hopf,train,3776.89009221,86
1179,47.7229474482,Re_47p722947,hopf_transition,hopf,train,3800.49565528,87
1180,47.7229474482,Re_47p722947,hopf_transition,hopf,train,3824.10121836,88
1181,47.7229474482,Re_47p722947,hopf_transition,hopf,train,3847.70678144,89
1182,47.7229474482,Re_47p722947,hopf_transition,hopf,train,3871.31234451,90
1183,47.7229474482,Re_47p722947,hopf_transition,hopf,train,3894.91790759,91
1184,47.7229474482,Re_47p722947,hopf_transition,hopf,train,3918.52347067,92
1185,47.7229474482,Re_47p722947,hopf_transition,hopf,train,3942.12903374,93
1186,47.7229474482,Re_47p722947,hopf_transition,hopf,train,3965.73459682,94
1187,47.7229474482,Re_47p722947,hopf_transition,hopf,train,3989.34015989,95
1188,47.7229474482,Re_47p722947,hopf_transition,hopf,train,4012.94572297,96
1189,47.7229474482,Re_47p722947,hopf_transition,hopf,train,4036.55128605,97
1190,47.7229474482,Re_47p722947,hopf_transition,hopf,train,4060.15684912,98
1191,47.7229474482,Re_47p722947,hopf_transition,hopf,train,4083.7624122,99
1192,47.7229474482,Re_47p722947,hopf_transition,hopf,train,4107.36797528,100
1193,47.7229474482,Re_47p722947,hopf_transition,hopf,train,4130.97353835,101
1194,47.7229474482,Re_47p722947,hopf_transition,hopf,train,4154.57910143,102
1195,47.7229474482,Re_47p722947,hopf_transition,hopf,train,4178.18466451,103
1196,47.7229474482,Re_47p722947,hopf_transition,hopf,train,4201.79022758,104
1197,47.7229474482,Re_47p722947,hopf_transition,hopf,train,4225.39579066,105
1198,47.7229474482,Re_47p722947,hopf_transition,hopf,train,4249.00135373,106
1199,47.7229474482,Re_47p722947,hopf_transition,hopf,train,4272.60691681,107
1200,47.7229474482,Re_47p722947,hopf_transition,hopf,train,4296.21247989,108
1201,47.7229474482,Re_47p722947,hopf_transition,hopf,train,4319.81804296,109
1202,47.7229474482,Re_47p722947,hopf_transition,hopf,train,4343.42360604,110
1203,47.7229474482,Re_47p722947,hopf_transition,hopf,train,4367.036,111
1204,47.7229474482,Re_47p722947,hopf_transition,hopf,train,4390.6416,112
1205,47.7229474482,Re_47p722947,hopf_transition,hopf,train,4414.2472,113
1206,47.7229474482,Re_47p722947,hopf_transition,hopf,train,4437.8528,114
1207,47.7229474482,Re_47p722947,hopf_transition,hopf,train,4461.4584,115
1208,47.7229474482,Re_47p722947,hopf_transition,hopf,train,4485.064,116
1209,47.7229474482,Re_47p722947,hopf_transition,hopf,train,4508.6696,117
1210,47.7229474482,Re_47p722947,hopf_transition,hopf,train,4532.2752,118
1211,47.7229474482,Re_47p722947,hopf_transition,hopf,train,4555.8808,119
1212,47.7229474482,Re_47p722947,hopf_transition,hopf,train,4579.4864,120
1213,47.7229474482,Re_47p722947,hopf_transition,hopf,train,4603.092,121
1214,47.7229474482,Re_47p722947,hopf_transition,hopf,train,4626.6976,122
1215,47.7229474482,Re_47p722947,hopf_transition,hopf,train,4650.3032,123
1216,47.7229474482,Re_47p722947,hopf_transition,hopf,train,4673.9088,124
1217,47.7229474482,Re_47p722947,hopf_transition,hopf,train,4697.5144,125
1218,47.7229474482,Re_47p722947,hopf_transition,hopf,train,4721.12,126
1219,47.7229474482,Re_47p722947,hopf_transition,hopf,train,4744.7256,127
1220,47.7229474482,Re_47p722947,hopf_transition,hopf,train,4768.3312,128
1221,47.7229474482,Re_47p722947,hopf_transition,hopf,train,4791.9368,129
1222,47.7229474482,Re_47p722947,hopf_transition,hopf,train,4815.5424,130
1223,47.7229474482,Re_47p722947,hopf_transition,hopf,train,4839.148,131
1224,47.7229474482,Re_47p722947,hopf_transition,hopf,train,4862.7536,132
1225,47.7229474482,Re_47p722947,hopf_transition,hopf,train,4886.3592,133
1226,47.7229474482,Re_47p722947,hopf_transition,hopf,train,4909.9648,134
1227,47.7229474482,Re_47p722947,hopf_transition,hopf,train,4933.5704,135
1228,47.7229474482,Re_47p722947,hopf_transition,hopf,train,4957.176,136
1229,47.7229474482,Re_47p722947,hopf_transition,hopf,train,4980.7816,137
1230,47.7229474482,Re_47p722947,hopf_transition,hopf,train,5004.3872,138
1231,47.7229474482,Re_47p722947,hopf_transition,hopf,train,5027.9928,139
1232,47.7229474482,Re_47p722947,hopf_transition,hopf,train,5051.5984,140
1233,47.7229474482,Re_47p722947,hopf_transition,hopf,train,5075.204,141
1234,47.7229474482,Re_47p722947,hopf_transition,hopf,train,5098.8096,142
1235,47.7229474482,Re_47p722947,hopf_transition,hopf,train,5122.4152,143
1236,47.7229474482,Re_47p722947,hopf_transition,hopf,train,5146.0208,144
1237,47.7229474482,Re_47p722947,hopf_transition,hopf,train,5169.6264,145
1238,47.7229474482,Re_47p722947,hopf_transition,hopf,train,5193.232,146
1239,47.7229474482,Re_47p722947,hopf_transition,hopf,train,5216.8376,147
1240,47.7229474482,Re_47p722947,hopf_transition,hopf,train,5240.4432,148
1241,47.7229474482,Re_47p722947,hopf_transition,hopf,train,5264.0488,149
1242,47.7229474482,Re_47p722947,hopf_transition,hopf,train,5287.6544,150
1243,47.7229474482,Re_47p722947,hopf_transition,hopf,train,5311.26,151
1244,47.7229474482,Re_47p722947,hopf_transition,hopf,train,5334.8656,152
1245,47.7229474482,Re_47p722947,hopf_transition,hopf,train,5358.4712,153
1246,47.7229474482,Re_47p722947,hopf_transition,hopf,train,5382.0768,154
1247,47.7229474482,Re_47p722947,hopf_transition,hopf,train,5405.6824,155
1248,47.7229474482,Re_47p722947,hopf_transition,hopf,train,5429.288,156
1249,47.7229474482,Re_47p722947,hopf_transition,hopf,train,5452.8936,157
1250,47.7229474482,Re_47p722947,hopf_transition,hopf,train,5476.4992,158
1251,47.7229474482,Re_47p722947,hopf_transition,hopf,train,5500.1048,159
1252,47.7229474482,Re_47p722947,hopf_transition,hopf,train,5523.7104,160
1253,47.8,Re_47p800000,hopf_transition,hopf,train,943.59969805,0
1254,47.8,Re_47p800000,hopf_transition,hopf,train,944.89457725,1
1255,47.8,Re_47p800000,hopf_transition,hopf,train,967.94078645,2
1256,47.8,Re_47p800000,hopf_transition,hopf,train,990.98699566,3
1257,47.8,Re_47p800000,hopf_transition,hopf,train,1014.03320486,4
1258,47.8,Re_47p800000,hopf_transition,hopf,train,1037.07941406,5
1259,47.8,Re_47p800000,hopf_transition,hopf,train,1060.12562326,6
1260,47.8,Re_47p800000,hopf_transition,hopf,train,1083.17183246,7
1261,47.8,Re_47p800000,hopf_transition,hopf,train,1106.21804166,8
1262,47.8,Re_47p800000,hopf_transition,hopf,train,1129.26425086,9
1263,47.8,Re_47p800000,hopf_transition,hopf,train,1152.31046007,10
1264,47.8,Re_47p800000,hopf_transition,hopf,train,1175.35666927,11
1265,47.8,Re_47p800000,hopf_transition,hopf,train,1198.40287847,12
1266,47.8,Re_47p800000,hopf_transition,hopf,train,1221.44908767,13
1267,47.8,Re_47p800000,hopf_transition,hopf,train,1244.49529687,14
1268,47.8,Re_47p800000,hopf_transition,hopf,train,1267.54150607,15
1269,47.8,Re_47p800000,hopf_transition,hopf,train,1290.58771527,16
1270,47.8,Re_47p800000,hopf_transition,hopf,train,1313.63392447,17
1271,47.8,Re_47p800000,hopf_transition,hopf,train,1336.68013368,18
1272,47.8,Re_47p800000,hopf_transition,hopf,train,1359.72634288,19
1273,47.8,Re_47p800000,hopf_transition,hopf,train,1382.77255208,20
1274,47.8,Re_47p800000,hopf_transition,hopf,train,1405.81876128,21
1275,47.8,Re_47p800000,hopf_transition,hopf,train,1428.86497048,22
1276,47.8,Re_47p800000,hopf_transition,hopf,train,1451.91117968,23
1277,47.8,Re_47p800000,hopf_transition,hopf,train,1474.95738888,24
1278,47.8,Re_47p800000,hopf_transition,hopf,train,1498.00359808,25
1279,47.8,Re_47p800000,hopf_transition,hopf,train,1521.04980729,26
1280,47.8,Re_47p800000,hopf_transition,hopf,train,1544.09601649,27
1281,47.8,Re_47p800000,hopf_transition,hopf,train,1567.14222569,28
1282,47.8,Re_47p800000,hopf_transition,hopf,train,1590.18843489,29
1283,47.8,Re_47p800000,hopf_transition,hopf,train,1613.23464409,30
1284,47.8,Re_47p800000,hopf_transition,hopf,train,1636.28085329,31
1285,47.8,Re_47p800000,hopf_transition,hopf,train,1659.32706249,32
1286,47.8,Re_47p800000,hopf_transition,hopf,train,1682.37327169,33
1287,47.8,Re_47p800000,hopf_transition,hopf,train,1705.4194809,34
1288,47.8,Re_47p800000,hopf_transition,hopf,train,1728.4656901,35
1289,47.8,Re_47p800000,hopf_transition,hopf,train,1751.5118993,36
1290,47.8,Re_47p800000,hopf_transition,hopf,train,1774.5581085,37
1291,47.8,Re_47p800000,hopf_transition,hopf,train,1797.6043177,38
1292,47.8,Re_47p800000,hopf_transition,hopf,train,1820.6505269,39
1293,47.8,Re_47p800000,hopf_transition,hopf,train,1843.6967361,40
1294,47.8,Re_47p800000,hopf_transition,hopf,train,1866.74294531,41
1295,47.8,Re_47p800000,hopf_transition,hopf,train,1889.78915451,42
1296,47.8,Re_47p800000,hopf_transition,hopf,train,1912.83536371,43
1297,47.8,Re_47p800000,hopf_transition,hopf,train,1935.88157291,44
1298,47.8,Re_47p800000,hopf_transition,hopf,train,1958.92778211,45
1299,47.8,Re_47p800000,hopf_transition,hopf,train,1981.97399131,46
1300,47.8,Re_47p800000,hopf_transition,hopf,train,2005.02020051,47
1301,47.8,Re_47p800000,hopf_transition,hopf,train,2028.06640971,48
1302,47.8,Re_47p800000,hopf_transition,hopf,train,2051.11261892,49
1303,47.8,Re_47p800000,hopf_transition,hopf,train,2074.15882812,50
1304,47.8,Re_47p800000,hopf_transition,hopf,train,2097.20503732,51
1305,47.8,Re_47p800000,hopf_transition,hopf,train,2120.25124652,52
1306,47.8,Re_47p800000,hopf_transition,hopf,train,2143.29745572,53
1307,47.8,Re_47p800000,hopf_transition,hopf,train,2166.34366492,54
1308,47.8,Re_47p800000,hopf_transition,hopf,train,2189.38987412,55
1309,47.8,Re_47p800000,hopf_transition,hopf,train,2212.43608332,56
1310,47.8,Re_47p800000,hopf_transition,hopf,train,2235.48229253,57
1311,47.8,Re_47p800000,hopf_transition,hopf,train,2258.52850173,58
1312,47.8,Re_47p800000,hopf_transition,hopf,train,2281.57471093,59
1313,47.8,Re_47p800000,hopf_transition,hopf,train,2304.62092013,60
1314,47.8,Re_47p800000,hopf_transition,hopf,train,2327.66712933,61
1315,47.8,Re_47p800000,hopf_transition,hopf,train,2350.71333853,62
1316,47.8,Re_47p800000,hopf_transition,hopf,train,2373.75954773,63
1317,47.8,Re_47p800000,hopf_transition,hopf,train,2396.80575694,64
1318,47.8,Re_47p800000,hopf_transition,hopf,train,2419.85196614,65
1319,47.8,Re_47p800000,hopf_transition,hopf,train,2442.89817534,66
1320,47.8,Re_47p800000,hopf_transition,hopf,train,2465.94438454,67
1321,47.8,Re_47p800000,hopf_transition,hopf,train,2488.99059374,68
1322,47.8,Re_47p800000,hopf_transition,hopf,train,2512.03680294,69
1323,47.8,Re_47p800000,hopf_transition,hopf,train,2535.08301214,70
1324,47.8,Re_47p800000,hopf_transition,hopf,train,2558.12922134,71
1325,47.8,Re_47p800000,hopf_transition,hopf,train,2581.17543055,72
1326,47.8,Re_47p800000,hopf_transition,hopf,train,2604.22163975,73
1327,47.8,Re_47p800000,hopf_transition,hopf,train,2627.26784895,74
1328,47.8,Re_47p800000,hopf_transition,hopf,train,2650.31405815,75
1329,47.8,Re_47p800000,hopf_transition,hopf,train,2673.36026735,76
1330,47.8,Re_47p800000,hopf_transition,hopf,train,2696.40647655,77
1331,47.8,Re_47p800000,hopf_transition,hopf,train,2719.45268575,78
1332,47.8,Re_47p800000,hopf_transition,hopf,train,2742.49889495,79
1333,47.8,Re_47p800000,hopf_transition,hopf,train,2765.54510416,80
1334,47.8,Re_47p800000,hopf_transition,hopf,train,2788.59131336,81
1335,47.8,Re_47p800000,hopf_transition,hopf,train,2811.63752256,82
1336,47.8,Re_47p800000,hopf_transition,hopf,train,2834.68373176,83
1337,47.8,Re_47p800000,hopf_transition,hopf,train,2857.72994096,84
1338,47.8,Re_47p800000,hopf_transition,hopf,train,2880.77615016,85
1339,47.8,Re_47p800000,hopf_transition,hopf,train,2903.82235936,86
1340,47.8,Re_47p800000,hopf_transition,hopf,train,2926.86856857,87
1341,47.8,Re_47p800000,hopf_transition,hopf,train,2949.91477777,88
1342,47.8,Re_47p800000,hopf_transition,hopf,train,2972.96098697,89
1343,47.8,Re_47p800000,hopf_transition,hopf,train,2996.00719617,90
1344,47.8,Re_47p800000,hopf_transition,hopf,train,3019.05340537,91
1345,47.8,Re_47p800000,hopf_transition,hopf,train,3042.09961457,92
1346,47.8,Re_47p800000,hopf_transition,hopf,train,3065.14582377,93
1347,47.8,Re_47p800000,hopf_transition,hopf,train,3088.19203297,94
1348,47.8,Re_47p800000,hopf_transition,hopf,train,3111.23824218,95
1349,47.8,Re_47p800000,hopf_transition,hopf,train,3134.28445138,96
1350,47.8,Re_47p800000,hopf_transition,hopf,train,3157.33066058,97
1351,47.8,Re_47p800000,hopf_transition,hopf,train,3180.37686978,98
1352,47.8,Re_47p800000,hopf_transition,hopf,train,3203.42307898,99
1353,47.8,Re_47p800000,hopf_transition,hopf,train,3226.46928818,100
1354,47.8,Re_47p800000,hopf_transition,hopf,train,3249.51549738,101
1355,47.8,Re_47p800000,hopf_transition,hopf,train,3272.56170658,102
1356,47.8,Re_47p800000,hopf_transition,hopf,train,3295.60791579,103
1357,47.8,Re_47p800000,hopf_transition,hopf,train,3318.65412499,104
1358,47.8,Re_47p800000,hopf_transition,hopf,train,3341.70033419,105
1359,47.8,Re_47p800000,hopf_transition,hopf,train,3364.74654339,106
1360,47.8,Re_47p800000,hopf_transition,hopf,train,3387.79275259,107
1361,47.8,Re_47p800000,hopf_transition,hopf,train,3410.83896179,108
1362,47.8,Re_47p800000,hopf_transition,hopf,train,3433.88517099,109
1363,47.8,Re_47p800000,hopf_transition,hopf,train,3456.9313802,110
1364,47.8,Re_47p800000,hopf_transition,hopf,train,3479.9775894,111
1365,47.8,Re_47p800000,hopf_transition,hopf,train,3503.0237986,112
1366,47.8,Re_47p800000,hopf_transition,hopf,train,3526.0700078,113
1367,47.8,Re_47p800000,hopf_transition,hopf,train,3549.116217,114
1368,47.8,Re_47p800000,hopf_transition,hopf,train,3572.1624262,115
1369,47.8,Re_47p800000,hopf_transition,hopf,train,3595.2086354,116
1370,47.8,Re_47p800000,hopf_transition,hopf,train,3618.2548446,117
1371,47.8,Re_47p800000,hopf_transition,hopf,train,3641.30105381,118
1372,47.8,Re_47p800000,hopf_transition,hopf,train,3664.34726301,119
1373,47.8,Re_47p800000,hopf_transition,hopf,train,3687.39347221,120
1374,47.8,Re_47p800000,hopf_transition,hopf,train,3710.43968141,121
1375,47.8,Re_47p800000,hopf_transition,hopf,train,3733.48589061,122
1376,47.8,Re_47p800000,hopf_transition,hopf,train,3756.53209981,123
1377,47.8,Re_47p800000,hopf_transition,hopf,train,3779.57830901,124
1378,47.8,Re_47p800000,hopf_transition,hopf,train,3802.62451821,125
1379,47.8,Re_47p800000,hopf_transition,hopf,train,3825.67072742,126
1380,47.8,Re_47p800000,hopf_transition,hopf,train,3848.71693662,127
1381,47.8,Re_47p800000,hopf_transition,hopf,train,3871.76314582,128
1382,47.8,Re_47p800000,hopf_transition,hopf,train,3894.80935502,129
1383,47.8,Re_47p800000,hopf_transition,hopf,train,3917.85556422,130
1384,47.8,Re_47p800000,hopf_transition,hopf,train,3940.90177342,131
1385,47.8,Re_47p800000,hopf_transition,hopf,train,3963.94798262,132
1386,47.8,Re_47p800000,hopf_transition,hopf,train,3986.99419182,133
1387,47.8,Re_47p800000,hopf_transition,hopf,train,4010.04040103,134
1388,47.8,Re_47p800000,hopf_transition,hopf,train,4033.08661023,135
1389,47.8,Re_47p800000,hopf_transition,hopf,train,4056.13281943,136
1390,47.8,Re_47p800000,hopf_transition,hopf,train,4079.17902863,137
1391,47.8,Re_47p800000,hopf_transition,hopf,train,4102.22523783,138
1392,47.8,Re_47p800000,hopf_transition,hopf,train,4125.27144703,139
1393,47.8,Re_47p800000,hopf_transition,hopf,train,4148.31765623,140
1394,47.8,Re_47p800000,hopf_transition,hopf,train,4171.36386544,141
1395,47.8,Re_47p800000,hopf_transition,hopf,train,4194.41007464,142
1396,47.8,Re_47p800000,hopf_transition,hopf,train,4217.45628384,143
1397,47.8,Re_47p800000,hopf_transition,hopf,train,4240.50249304,144
1398,47.8,Re_47p800000,hopf_transition,hopf,train,4263.54870224,145
1399,47.8,Re_47p800000,hopf_transition,hopf,train,4286.59491144,146
1400,47.8,Re_47p800000,hopf_transition,hopf,train,4309.64112064,147
1401,47.8,Re_47p800000,hopf_transition,hopf,train,4332.68732984,148
1402,47.8,Re_47p800000,hopf_transition,hopf,train,4355.73353905,149
1403,47.8,Re_47p800000,hopf_transition,hopf,train,4378.77974825,150
1404,47.8,Re_47p800000,hopf_transition,hopf,train,4401.82595745,151
1405,47.8,Re_47p800000,hopf_transition,hopf,train,4424.87216665,152
1406,47.8,Re_47p800000,hopf_transition,hopf,train,4447.91837585,153
1407,47.8,Re_47p800000,hopf_transition,hopf,train,4470.96458505,154
1408,47.8,Re_47p800000,hopf_transition,hopf,train,4494.01079425,155
1409,47.8,Re_47p800000,hopf_transition,hopf,train,4517.05700345,156
1410,47.8,Re_47p800000,hopf_transition,hopf,train,4540.10321266,157
1411,47.8,Re_47p800000,hopf_transition,hopf,train,4563.14942186,158
1412,47.8,Re_47p800000,hopf_transition,hopf,train,4586.19563106,159
1413,47.8,Re_47p800000,hopf_transition,hopf,train,4609.24184026,160
1414,47.8,Re_47p800000,hopf_transition,hopf,train,4632.28804946,161
1415,48.0,Re_48p000000,hopf_transition,hopf,train,1338.47306992,0
1416,48.0,Re_48p000000,hopf_transition,hopf,train,1352.7979513,1
1417,48.0,Re_48p000000,hopf_transition,hopf,train,1375.72673014,2
1418,48.0,Re_48p000000,hopf_transition,hopf,train,1398.65550897,3
1419,48.0,Re_48p000000,hopf_transition,hopf,train,1421.58428781,4
1420,48.0,Re_48p000000,hopf_transition,hopf,train,1444.51306664,5
1421,48.0,Re_48p000000,hopf_transition,hopf,train,1467.44184548,6
1422,48.0,Re_48p000000,hopf_transition,hopf,train,1490.37062431,7
1423,48.0,Re_48p000000,hopf_transition,hopf,train,1513.29940315,8
1424,48.0,Re_48p000000,hopf_transition,hopf,train,1536.22818199,9
1425,48.0,Re_48p000000,hopf_transition,hopf,train,1559.15696082,10
1426,48.0,Re_48p000000,hopf_transition,hopf,train,1582.08573966,11
1427,48.0,Re_48p000000,hopf_transition,hopf,train,1605.01451849,12
1428,48.0,Re_48p000000,hopf_transition,hopf,train,1627.94329733,13
1429,48.0,Re_48p000000,hopf_transition,hopf,train,1650.87207616,14
1430,48.0,Re_48p000000,hopf_transition,hopf,train,1673.800855,15
1431,48.0,Re_48p000000,hopf_transition,hopf,train,1696.72963383,16
1432,48.0,Re_48p000000,hopf_transition,hopf,train,1719.65841267,17
1433,48.0,Re_48p000000,hopf_transition,hopf,train,1742.58719151,18
1434,48.0,Re_48p000000,hopf_transition,hopf,train,1765.51597034,19
1435,48.0,Re_48p000000,hopf_transition,hopf,train,1788.44474918,20
1436,48.0,Re_48p000000,hopf_transition,hopf,train,1811.37352801,21
1437,48.0,Re_48p000000,hopf_transition,hopf,train,1834.30230685,22
1438,48.0,Re_48p000000,hopf_transition,hopf,train,1857.23108568,23
1439,48.0,Re_48p000000,hopf_transition,hopf,train,1880.15986452,24
1440,48.0,Re_48p000000,hopf_transition,hopf,train,1903.08864335,25
1441,48.0,Re_48p000000,hopf_transition,hopf,train,1926.01742219,26
1442,48.0,Re_48p000000,hopf_transition,hopf,train,1948.94620103,27
1443,48.0,Re_48p000000,hopf_transition,hopf,train,1971.87497986,28
1444,48.0,Re_48p000000,hopf_transition,hopf,train,1994.8037587,29
1445,48.0,Re_48p000000,hopf_transition,hopf,train,2017.73253753,30
1446,48.0,Re_48p000000,hopf_transition,hopf,train,2040.66131637,31
1447,48.0,Re_48p000000,hopf_transition,hopf,train,2063.5900952,32
1448,48.0,Re_48p000000,hopf_transition,hopf,train,2086.51887404,33
1449,48.0,Re_48p000000,hopf_transition,hopf,train,2109.44765288,34
1450,48.0,Re_48p000000,hopf_transition,hopf,train,2132.37643171,35
1451,48.0,Re_48p000000,hopf_transition,hopf,train,2155.30521055,36
1452,48.0,Re_48p000000,hopf_transition,hopf,train,2178.23398938,37
1453,48.0,Re_48p000000,hopf_transition,hopf,train,2201.16276822,38
1454,48.0,Re_48p000000,hopf_transition,hopf,train,2224.09154705,39
1455,48.0,Re_48p000000,hopf_transition,hopf,train,2247.02032589,40
1456,48.0,Re_48p000000,hopf_transition,hopf,train,2269.94910472,41
1457,48.0,Re_48p000000,hopf_transition,hopf,train,2292.87788356,42
1458,48.0,Re_48p000000,hopf_transition,hopf,train,2315.8066624,43
1459,48.0,Re_48p000000,hopf_transition,hopf,train,2338.73544123,44
1460,48.0,Re_48p000000,hopf_transition,hopf,train,2361.66422007,45
1461,48.0,Re_48p000000,hopf_transition,hopf,train,2384.5929989,46
1462,48.0,Re_48p000000,hopf_transition,hopf,train,2407.52177774,47
1463,48.0,Re_48p000000,hopf_transition,hopf,train,2430.45055657,48
1464,48.0,Re_48p000000,hopf_transition,hopf,train,2453.37933541,49
1465,48.0,Re_48p000000,hopf_transition,hopf,train,2476.30811424,50
1466,48.0,Re_48p000000,hopf_transition,hopf,train,2499.23689308,51
1467,48.0,Re_48p000000,hopf_transition,hopf,train,2522.16567192,52
1468,48.0,Re_48p000000,hopf_transition,hopf,train,2545.09445075,53
1469,48.0,Re_48p000000,hopf_transition,hopf,train,2568.02322959,54
1470,48.0,Re_48p000000,hopf_transition,hopf,train,2590.95200842,55
1471,48.0,Re_48p000000,hopf_transition,hopf,train,2613.88078726,56
1472,48.0,Re_48p000000,hopf_transition,hopf,train,2636.80956609,57
1473,48.0,Re_48p000000,hopf_transition,hopf,train,2659.73834493,58
1474,48.0,Re_48p000000,hopf_transition,hopf,train,2682.66712377,59
1475,48.0,Re_48p000000,hopf_transition,hopf,train,2705.5959026,60
1476,48.0,Re_48p000000,hopf_transition,hopf,train,2728.52468144,61
1477,48.0,Re_48p000000,hopf_transition,hopf,train,2751.45346027,62
1478,48.0,Re_48p000000,hopf_transition,hopf,train,2774.38223911,63
1479,48.0,Re_48p000000,hopf_transition,hopf,train,2797.31101794,64
1480,48.0,Re_48p000000,hopf_transition,hopf,train,2820.23979678,65
1481,48.0,Re_48p000000,hopf_transition,hopf,train,2843.16857561,66
1482,48.0,Re_48p000000,hopf_transition,hopf,train,2866.09735445,67
1483,48.0,Re_48p000000,hopf_transition,hopf,train,2889.02613329,68
1484,48.0,Re_48p000000,hopf_transition,hopf,train,2911.95491212,69
1485,48.0,Re_48p000000,hopf_transition,hopf,train,2934.88369096,70
1486,48.0,Re_48p000000,hopf_transition,hopf,train,2957.81246979,71
1487,48.0,Re_48p000000,hopf_transition,hopf,train,2980.74124863,72
1488,48.0,Re_48p000000,hopf_transition,hopf,train,3003.67002746,73
1489,48.0,Re_48p000000,hopf_transition,hopf,train,3026.5988063,74
1490,48.0,Re_48p000000,hopf_transition,hopf,train,3049.52758513,75
1491,48.0,Re_48p000000,hopf_transition,hopf,train,3072.45636397,76
1492,48.0,Re_48p000000,hopf_transition,hopf,train,3095.38514281,77
1493,48.0,Re_48p000000,hopf_transition,hopf,train,3118.31392164,78
1494,48.0,Re_48p000000,hopf_transition,hopf,train,3141.24270048,79
1495,48.0,Re_48p000000,hopf_transition,hopf,train,3164.17147931,80
1496,48.0,Re_48p000000,hopf_transition,hopf,train,3187.10025815,81
1497,48.0,Re_48p000000,hopf_transition,hopf,train,3210.02903698,82
1498,48.0,Re_48p000000,hopf_transition,hopf,train,3232.95781582,83
1499,48.0,Re_48p000000,hopf_transition,hopf,train,3255.88659466,84
1500,48.0,Re_48p000000,hopf_transition,hopf,train,3278.81537349,85
1501,48.0,Re_48p000000,hopf_transition,hopf,train,3301.74415233,86
1502,48.0,Re_48p000000,hopf_transition,hopf,train,3324.67293116,87
1503,48.0,Re_48p000000,hopf_transition,hopf,train,3347.60171,88
1504,48.0,Re_48p000000,hopf_transition,hopf,train,3370.53048883,89
1505,48.0,Re_48p000000,hopf_transition,hopf,train,3393.45926767,90
1506,48.0,Re_48p000000,hopf_transition,hopf,train,3416.3880465,91
1507,48.0,Re_48p000000,hopf_transition,hopf,train,3439.31682534,92
1508,48.0,Re_48p000000,hopf_transition,hopf,train,3462.24560418,93
1509,48.0,Re_48p000000,hopf_transition,hopf,train,3485.17438301,94
1510,48.0,Re_48p000000,hopf_transition,hopf,train,3508.10316185,95
1511,48.0,Re_48p000000,hopf_transition,hopf,train,3531.03194068,96
1512,48.0,Re_48p000000,hopf_transition,hopf,train,3553.96071952,97
1513,48.0,Re_48p000000,hopf_transition,hopf,train,3576.88949835,98
1514,48.0,Re_48p000000,hopf_transition,hopf,train,3599.81827719,99
1515,48.0,Re_48p000000,hopf_transition,hopf,train,3622.74705602,100
1516,48.0,Re_48p000000,hopf_transition,hopf,train,3645.67583486,101
1517,48.0,Re_48p000000,hopf_transition,hopf,train,3668.6046137,102
1518,48.0,Re_48p000000,hopf_transition,hopf,train,3691.53339253,103
1519,48.0,Re_48p000000,hopf_transition,hopf,train,3714.46217137,104
1520,48.0,Re_48p000000,hopf_transition,hopf,train,3737.3909502,105
1521,48.0,Re_48p000000,hopf_transition,hopf,train,3760.31972904,106
1522,48.0,Re_48p000000,hopf_transition,hopf,train,3783.24850787,107
1523,48.0,Re_48p000000,hopf_transition,hopf,train,3806.17728671,108
1524,48.0,Re_48p000000,hopf_transition,hopf,train,3829.10606555,109
1525,48.0,Re_48p000000,hopf_transition,hopf,train,3852.03484438,110
1526,48.0,Re_48p000000,hopf_transition,hopf,train,3874.96362322,111
1527,48.0,Re_48p000000,hopf_transition,hopf,train,3897.89240205,112
1528,48.0,Re_48p000000,hopf_transition,hopf,train,3920.82118089,113
1529,48.0,Re_48p000000,hopf_transition,hopf,train,3943.74995972,114
1530,48.0,Re_48p000000,hopf_transition,hopf,train,3966.67873856,115
1531,48.0,Re_48p000000,hopf_transition,hopf,train,3989.60751739,116
1532,48.0,Re_48p000000,hopf_transition,hopf,train,4012.53629623,117
1533,48.0,Re_48p000000,hopf_transition,hopf,train,4035.46507507,118
1534,48.0,Re_48p000000,hopf_transition,hopf,train,4058.3938539,119
1535,48.0,Re_48p000000,hopf_transition,hopf,train,4081.32263274,120
1536,48.0,Re_48p000000,hopf_transition,hopf,train,4104.25141157,121
1537,48.0,Re_48p000000,hopf_transition,hopf,train,4127.18019041,122
1538,48.0,Re_48p000000,hopf_transition,hopf,train,4150.10896924,123
1539,48.0,Re_48p000000,hopf_transition,hopf,train,4173.03774808,124
1540,48.0,Re_48p000000,hopf_transition,hopf,train,4195.96652691,125
1541,48.0,Re_48p000000,hopf_transition,hopf,train,4218.89530575,126
1542,48.0,Re_48p000000,hopf_transition,hopf,train,4241.82408459,127
1543,48.0,Re_48p000000,hopf_transition,hopf,train,4264.75286342,128
1544,48.0,Re_48p000000,hopf_transition,hopf,train,4287.68164226,129
1545,48.0,Re_48p000000,hopf_transition,hopf,train,4310.61042109,130
1546,48.0,Re_48p000000,hopf_transition,hopf,train,4333.53919993,131
1547,48.0,Re_48p000000,hopf_transition,hopf,train,4356.46797876,132
1548,48.0,Re_48p000000,hopf_transition,hopf,train,4379.3967576,133
1549,48.0,Re_48p000000,hopf_transition,hopf,train,4402.32553644,134
1550,48.0,Re_48p000000,hopf_transition,hopf,train,4425.25431527,135
1551,48.0,Re_48p000000,hopf_transition,hopf,train,4448.18309411,136
1552,48.0,Re_48p000000,hopf_transition,hopf,train,4471.11187294,137
1553,48.0,Re_48p000000,hopf_transition,hopf,train,4494.04065178,138
1554,48.0,Re_48p000000,hopf_transition,hopf,train,4516.96943061,139
1555,48.0,Re_48p000000,hopf_transition,hopf,train,4539.89820945,140
1556,48.0,Re_48p000000,hopf_transition,hopf,train,4562.82698828,141
1557,48.0,Re_48p000000,hopf_transition,hopf,train,4585.75576712,142
1558,48.0,Re_48p000000,hopf_transition,hopf,train,4608.68454596,143
1559,48.0,Re_48p000000,hopf_transition,hopf,train,4631.61332479,144
1560,48.0,Re_48p000000,hopf_transition,hopf,train,4654.54210363,145
1561,48.0,Re_48p000000,hopf_transition,hopf,train,4677.47088246,146
1562,48.0,Re_48p000000,hopf_transition,hopf,train,4700.3996613,147
1563,48.0,Re_48p000000,hopf_transition,hopf,train,4723.32844013,148
1564,48.0,Re_48p000000,hopf_transition,hopf,train,4746.25721897,149
1565,48.0,Re_48p000000,hopf_transition,hopf,train,4769.1859978,150
1566,48.0,Re_48p000000,hopf_transition,hopf,train,4792.11477664,151
1567,48.0,Re_48p000000,hopf_transition,hopf,train,4815.04355548,152
1568,48.0,Re_48p000000,hopf_transition,hopf,train,4837.97233431,153
1569,48.0,Re_48p000000,hopf_transition,hopf,train,4860.90111315,154
1570,48.0,Re_48p000000,hopf_transition,hopf,train,4883.82989198,155
1571,48.0,Re_48p000000,hopf_transition,hopf,train,4906.75867082,156
1572,48.0,Re_48p000000,hopf_transition,hopf,train,4929.68744965,157
1573,48.0,Re_48p000000,hopf_transition,hopf,train,4952.61622849,158
1574,48.0,Re_48p000000,hopf_transition,hopf,train,4975.54500733,159
1575,48.0,Re_48p000000,hopf_transition,hopf,train,4998.47378616,160
1576,48.3,Re_48p300000,hopf_transition,hopf,train,1191.98982835,0
1577,48.3,Re_48p300000,hopf_transition,hopf,train,1200.63230516,1
1578,48.3,Re_48p300000,hopf_transition,hopf,train,1223.72138795,2
1579,48.3,Re_48p300000,hopf_transition,hopf,train,1246.81047075,3
1580,48.3,Re_48p300000,hopf_transition,hopf,train,1269.89955354,4
1581,48.3,Re_48p300000,hopf_transition,hopf,train,1292.98863633,5
1582,48.3,Re_48p300000,hopf_transition,hopf,train,1316.07771912,6
1583,48.3,Re_48p300000,hopf_transition,hopf,train,1339.16680191,7
1584,48.3,Re_48p300000,hopf_transition,hopf,train,1362.2558847,8
1585,48.3,Re_48p300000,hopf_transition,hopf,train,1385.3449675,9
1586,48.3,Re_48p300000,hopf_transition,hopf,train,1408.43405029,10
1587,48.3,Re_48p300000,hopf_transition,hopf,train,1431.52313308,11
1588,48.3,Re_48p300000,hopf_transition,hopf,train,1454.61221587,12
1589,48.3,Re_48p300000,hopf_transition,hopf,train,1477.70129866,13
1590,48.3,Re_48p300000,hopf_transition,hopf,train,1500.79038145,14
1591,48.3,Re_48p300000,hopf_transition,hopf,train,1523.87946425,15
1592,48.3,Re_48p300000,hopf_transition,hopf,train,1546.96854704,16
1593,48.3,Re_48p300000,hopf_transition,hopf,train,1570.05762983,17
1594,48.3,Re_48p300000,hopf_transition,hopf,train,1593.14671262,18
1595,48.3,Re_48p300000,hopf_transition,hopf,train,1616.23579541,19
1596,48.3,Re_48p300000,hopf_transition,hopf,train,1639.3248782,20
1597,48.3,Re_48p300000,hopf_transition,hopf,train,1662.413961,21
1598,48.3,Re_48p300000,hopf_transition,hopf,train,1685.50304379,22
1599,48.3,Re_48p300000,hopf_transition,hopf,train,1708.59212658,23
1600,48.3,Re_48p300000,hopf_transition,hopf,train,1731.68120937,24
1601,48.3,Re_48p300000,hopf_transition,hopf,train,1754.77029216,25
1602,48.3,Re_48p300000,hopf_transition,hopf,train,1777.85937495,26
1603,48.3,Re_48p300000,hopf_transition,hopf,train,1800.94845774,27
1604,48.3,Re_48p300000,hopf_transition,hopf,train,1824.03754054,28
1605,48.3,Re_48p300000,hopf_transition,hopf,train,1847.12662333,29
1606,48.3,Re_48p300000,hopf_transition,hopf,train,1870.21570612,30
1607,48.3,Re_48p300000,hopf_transition,hopf,train,1893.30478891,31
1608,48.3,Re_48p300000,hopf_transition,hopf,train,1916.3938717,32
1609,48.3,Re_48p300000,hopf_transition,hopf,train,1939.48295449,33
1610,48.3,Re_48p300000,hopf_transition,hopf,train,1962.57203729,34
1611,48.3,Re_48p300000,hopf_transition,hopf,train,1985.66112008,35
1612,48.3,Re_48p300000,hopf_transition,hopf,train,2008.75020287,36
1613,48.3,Re_48p300000,hopf_transition,hopf,train,2031.83928566,37
1614,48.3,Re_48p300000,hopf_transition,hopf,train,2054.92836845,38
1615,48.3,Re_48p300000,hopf_transition,hopf,train,2078.01745124,39
1616,48.3,Re_48p300000,hopf_transition,hopf,train,2101.10653404,40
1617,48.3,Re_48p300000,hopf_transition,hopf,train,2124.19561683,41
1618,48.3,Re_48p300000,hopf_transition,hopf,train,2147.28469962,42
1619,48.3,Re_48p300000,hopf_transition,hopf,train,2170.37378241,43
1620,48.3,Re_48p300000,hopf_transition,hopf,train,2193.4628652,44
1621,48.3,Re_48p300000,hopf_transition,hopf,train,2216.55194799,45
1622,48.3,Re_48p300000,hopf_transition,hopf,train,2239.64103079,46
1623,48.3,Re_48p300000,hopf_transition,hopf,train,2262.73011358,47
1624,48.3,Re_48p300000,hopf_transition,hopf,train,2285.81919637,48
1625,48.3,Re_48p300000,hopf_transition,hopf,train,2308.90827916,49
1626,48.3,Re_48p300000,hopf_transition,hopf,train,2331.99736195,50
1627,48.3,Re_48p300000,hopf_transition,hopf,train,2355.08644474,51
1628,48.3,Re_48p300000,hopf_transition,hopf,train,2378.17552753,52
1629,48.3,Re_48p300000,hopf_transition,hopf,train,2401.26461033,53
1630,48.3,Re_48p300000,hopf_transition,hopf,train,2424.35369312,54
1631,48.3,Re_48p300000,hopf_transition,hopf,train,2447.44277591,55
1632,48.3,Re_48p300000,hopf_transition,hopf,train,2470.5318587,56
1633,48.3,Re_48p300000,hopf_transition,hopf,train,2493.62094149,57
1634,48.3,Re_48p300000,hopf_transition,hopf,train,2516.71002428,58
1635,48.3,Re_48p300000,hopf_transition,hopf,train,2539.79910708,59
1636,48.3,Re_48p300000,hopf_transition,hopf,train,2562.88818987,60
1637,48.3,Re_48p300000,hopf_transition,hopf,train,2585.97727266,61
1638,48.3,Re_48p300000,hopf_transition,hopf,train,2609.06635545,62
1639,48.3,Re_48p300000,hopf_transition,hopf,train,2632.15543824,63
1640,48.3,Re_48p300000,hopf_transition,hopf,train,2655.24452103,64
1641,48.3,Re_48p300000,hopf_transition,hopf,train,2678.33360383,65
1642,48.3,Re_48p300000,hopf_transition,hopf,train,2701.42268662,66
1643,48.3,Re_48p300000,hopf_transition,hopf,train,2724.51176941,67
1644,48.3,Re_48p300000,hopf_transition,hopf,train,2747.6008522,68
1645,48.3,Re_48p300000,hopf_transition,hopf,train,2770.68993499,69
1646,48.3,Re_48p300000,hopf_transition,hopf,train,2793.77901778,70
1647,48.3,Re_48p300000,hopf_transition,hopf,train,2816.86810058,71
1648,48.3,Re_48p300000,hopf_transition,hopf,train,2839.95718337,72
1649,48.3,Re_48p300000,hopf_transition,hopf,train,2863.04626616,73
1650,48.3,Re_48p300000,hopf_transition,hopf,train,2886.13534895,74
1651,48.3,Re_48p300000,hopf_transition,hopf,train,2909.22443174,75
1652,48.3,Re_48p300000,hopf_transition,hopf,train,2932.31351453,76
1653,48.3,Re_48p300000,hopf_transition,hopf,train,2955.40259732,77
1654,48.3,Re_48p300000,hopf_transition,hopf,train,2978.49168012,78
1655,48.3,Re_48p300000,hopf_transition,hopf,train,3001.58076291,79
1656,48.3,Re_48p300000,hopf_transition,hopf,train,3024.6698457,80
1657,48.3,Re_48p300000,hopf_transition,hopf,train,3047.75892849,81
1658,48.3,Re_48p300000,hopf_transition,hopf,train,3070.84801128,82
1659,48.3,Re_48p300000,hopf_transition,hopf,train,3093.93709407,83
1660,48.3,Re_48p300000,hopf_transition,hopf,train,3117.02617687,84
1661,48.3,Re_48p300000,hopf_transition,hopf,train,3140.11525966,85
1662,48.3,Re_48p300000,hopf_transition,hopf,train,3163.20434245,86
1663,48.3,Re_48p300000,hopf_transition,hopf,train,3186.29342524,87
1664,48.3,Re_48p300000,hopf_transition,hopf,train,3209.38250803,88
1665,48.3,Re_48p300000,hopf_transition,hopf,train,3232.47159082,89
1666,48.3,Re_48p300000,hopf_transition,hopf,train,3255.56067362,90
1667,48.3,Re_48p300000,hopf_transition,hopf,train,3278.64975641,91
1668,48.3,Re_48p300000,hopf_transition,hopf,train,3301.7388392,92
1669,48.3,Re_48p300000,hopf_transition,hopf,train,3324.82792199,93
1670,48.3,Re_48p300000,hopf_transition,hopf,train,3347.91700478,94
1671,48.3,Re_48p300000,hopf_transition,hopf,train,3371.00608757,95
1672,48.3,Re_48p300000,hopf_transition,hopf,train,3394.09517037,96
1673,48.3,Re_48p300000,hopf_transition,hopf,train,3417.18425316,97
1674,48.3,Re_48p300000,hopf_transition,hopf,train,3440.27333595,98
1675,48.3,Re_48p300000,hopf_transition,hopf,train,3463.36241874,99
1676,48.3,Re_48p300000,hopf_transition,hopf,train,3486.45150153,100
1677,48.3,Re_48p300000,hopf_transition,hopf,train,3509.54058432,101
1678,48.3,Re_48p300000,hopf_transition,hopf,train,3532.62966711,102
1679,48.3,Re_48p300000,hopf_transition,hopf,train,3555.71874991,103
1680,48.3,Re_48p300000,hopf_transition,hopf,train,3578.8078327,104
1681,48.3,Re_48p300000,hopf_transition,hopf,train,3601.89691549,105
1682,48.3,Re_48p300000,hopf_transition,hopf,train,3624.98599828,106
1683,48.3,Re_48p300000,hopf_transition,hopf,train,3648.07508107,107
1684,48.3,Re_48p300000,hopf_transition,hopf,train,3671.16416386,108
1685,48.3,Re_48p300000,hopf_transition,hopf,train,3694.25324666,109
1686,48.3,Re_48p300000,hopf_transition,hopf,train,3717.34232945,110
1687,48.3,Re_48p300000,hopf_transition,hopf,train,3740.43141224,111
1688,48.3,Re_48p300000,hopf_transition,hopf,train,3763.52049503,112
1689,48.3,Re_48p300000,hopf_transition,hopf,train,3786.60957782,113
1690,48.3,Re_48p300000,hopf_transition,hopf,train,3809.69866061,114
1691,48.3,Re_48p300000,hopf_transition,hopf,train,3832.78774341,115
1692,48.3,Re_48p300000,hopf_transition,hopf,train,3855.8768262,116
1693,48.3,Re_48p300000,hopf_transition,hopf,train,3878.96590899,117
1694,48.3,Re_48p300000,hopf_transition,hopf,train,3902.05499178,118
1695,48.3,Re_48p300000,hopf_transition,hopf,train,3925.14407457,119
1696,48.3,Re_48p300000,hopf_transition,hopf,train,3948.23315736,120
1697,48.3,Re_48p300000,hopf_transition,hopf,train,3971.32224016,121
1698,48.3,Re_48p300000,hopf_transition,hopf,train,3994.41132295,122
1699,48.3,Re_48p300000,hopf_transition,hopf,train,4017.50040574,123
1700,48.3,Re_48p300000,hopf_transition,hopf,train,4040.58948853,124
1701,48.3,Re_48p300000,hopf_transition,hopf,train,4063.67857132,125
1702,48.3,Re_48p300000,hopf_transition,hopf,train,4086.76765411,126
1703,48.3,Re_48p300000,hopf_transition,hopf,train,4109.8567369,127
1704,48.3,Re_48p300000,hopf_transition,hopf,train,4132.9458197,128
1705,48.3,Re_48p300000,hopf_transition,hopf,train,4156.03490249,129
1706,48.3,Re_48p300000,hopf_transition,hopf,train,4179.12398528,130
1707,48.3,Re_48p300000,hopf_transition,hopf,train,4202.21306807,131
1708,48.3,Re_48p300000,hopf_transition,hopf,train,4225.30215086,132
1709,48.3,Re_48p300000,hopf_transition,hopf,train,4248.39123365,133
1710,48.3,Re_48p300000,hopf_transition,hopf,train,4271.48031645,134
1711,48.3,Re_48p300000,hopf_transition,hopf,train,4294.56939924,135
1712,48.3,Re_48p300000,hopf_transition,hopf,train,4317.65848203,136
1713,48.3,Re_48p300000,hopf_transition,hopf,train,4340.74756482,137
1714,48.3,Re_48p300000,hopf_transition,hopf,train,4363.83664761,138
1715,48.3,Re_48p300000,hopf_transition,hopf,train,4386.9257304,139
1716,48.3,Re_48p300000,hopf_transition,hopf,train,4410.0148132,140
1717,48.3,Re_48p300000,hopf_transition,hopf,train,4433.10389599,141
1718,48.3,Re_48p300000,hopf_transition,hopf,train,4456.19297878,142
1719,48.3,Re_48p300000,hopf_transition,hopf,train,4479.28206157,143
1720,48.3,Re_48p300000,hopf_transition,hopf,train,4502.37114436,144
1721,48.3,Re_48p300000,hopf_transition,hopf,train,4525.46022715,145
1722,48.3,Re_48p300000,hopf_transition,hopf,train,4548.54930995,146
1723,48.3,Re_48p300000,hopf_transition,hopf,train,4571.63839274,147
1724,48.3,Re_48p300000,hopf_transition,hopf,train,4594.72747553,148
1725,48.3,Re_48p300000,hopf_transition,hopf,train,4617.81655832,149
1726,48.3,Re_48p300000,hopf_transition,hopf,train,4640.90564111,150
1727,48.3,Re_48p300000,hopf_transition,hopf,train,4663.9947239,151
1728,48.3,Re_48p300000,hopf_transition,hopf,train,4687.08380669,152
1729,48.3,Re_48p300000,hopf_transition,hopf,train,4710.17288949,153
1730,48.3,Re_48p300000,hopf_transition,hopf,train,4733.26197228,154
1731,48.3,Re_48p300000,hopf_transition,hopf,train,4756.35105507,155
1732,48.3,Re_48p300000,hopf_transition,hopf,train,4779.44013786,156
1733,48.3,Re_48p300000,hopf_transition,hopf,train,4802.52922065,157
1734,48.3,Re_48p300000,hopf_transition,hopf,train,4825.61830344,158
1735,48.3,Re_48p300000,hopf_transition,hopf,train,4848.70738624,159
1736,48.3,Re_48p300000,hopf_transition,hopf,train,4871.79646903,160
1737,48.3686884481,Re_48p368688,hopf_transition,hopf,train,1321.2598807,0
1738,48.3686884481,Re_48p368688,hopf_transition,hopf,train,1332.79303885,1
1739,48.3686884481,Re_48p368688,hopf_transition,hopf,train,1355.77222918,2
1740,48.3686884481,Re_48p368688,hopf_transition,hopf,train,1378.7514195,3
1741,48.3686884481,Re_48p368688,hopf_transition,hopf,train,1401.73060983,4
1742,48.3686884481,Re_48p368688,hopf_transition,hopf,train,1424.70980015,5
1743,48.3686884481,Re_48p368688,hopf_transition,hopf,train,1447.68899048,6
1744,48.3686884481,Re_48p368688,hopf_transition,hopf,train,1470.6681808,7
1745,48.3686884481,Re_48p368688,hopf_transition,hopf,train,1493.64737113,8
1746,48.3686884481,Re_48p368688,hopf_transition,hopf,train,1516.62656145,9
1747,48.3686884481,Re_48p368688,hopf_transition,hopf,train,1539.60575178,10
1748,48.3686884481,Re_48p368688,hopf_transition,hopf,train,1562.5849421,11
1749,48.3686884481,Re_48p368688,hopf_transition,hopf,train,1585.56413243,12
1750,48.3686884481,Re_48p368688,hopf_transition,hopf,train,1608.54332275,13
1751,48.3686884481,Re_48p368688,hopf_transition,hopf,train,1631.52251308,14
1752,48.3686884481,Re_48p368688,hopf_transition,hopf,train,1654.5017034,15
1753,48.3686884481,Re_48p368688,hopf_transition,hopf,train,1677.48089372,16
1754,48.3686884481,Re_48p368688,hopf_transition,hopf,train,1700.46008405,17
1755,48.3686884481,Re_48p368688,hopf_transition,hopf,train,1723.43927438,18
1756,48.3686884481,Re_48p368688,hopf_transition,hopf,train,1746.4184647,19
1757,48.3686884481,Re_48p368688,hopf_transition,hopf,train,1769.39765503,20
1758,48.3686884481,Re_48p368688,hopf_transition,hopf,train,1792.37684535,21
1759,48.3686884481,Re_48p368688,hopf_transition,hopf,train,1815.35603568,22
1760,48.3686884481,Re_48p368688,hopf_transition,hopf,train,1838.335226,23
1761,48.3686884481,Re_48p368688,hopf_transition,hopf,train,1861.31441633,24
1762,48.3686884481,Re_48p368688,hopf_transition,hopf,train,1884.29360665,25
1763,48.3686884481,Re_48p368688,hopf_transition,hopf,train,1907.27279698,26
1764,48.3686884481,Re_48p368688,hopf_transition,hopf,train,1930.2519873,27
1765,48.3686884481,Re_48p368688,hopf_transition,hopf,train,1953.23117763,28
1766,48.3686884481,Re_48p368688,hopf_transition,hopf,train,1976.21036795,29
1767,48.3686884481,Re_48p368688,hopf_transition,hopf,train,1999.18955828,30
1768,48.3686884481,Re_48p368688,hopf_transition,hopf,train,2022.1687486,31
1769,48.3686884481,Re_48p368688,hopf_transition,hopf,train,2045.14793893,32
1770,48.3686884481,Re_48p368688,hopf_transition,hopf,train,2068.12712925,33
1771,48.3686884481,Re_48p368688,hopf_transition,hopf,train,2091.10631958,34
1772,48.3686884481,Re_48p368688,hopf_transition,hopf,train,2114.0855099,35
1773,48.3686884481,Re_48p368688,hopf_transition,hopf,train,2137.06470023,36
1774,48.3686884481,Re_48p368688,hopf_transition,hopf,train,2160.04389055,37
1775,48.3686884481,Re_48p368688,hopf_transition,hopf,train,2183.02308088,38
1776,48.3686884481,Re_48p368688,hopf_transition,hopf,train,2206.0022712,39
1777,48.3686884481,Re_48p368688,hopf_transition,hopf,train,2228.98146153,40
1778,48.3686884481,Re_48p368688,hopf_transition,hopf,train,2251.96065185,41
1779,48.3686884481,Re_48p368688,hopf_transition,hopf,train,2274.93984218,42
1780,48.3686884481,Re_48p368688,hopf_transition,hopf,train,2297.9190325,43
1781,48.3686884481,Re_48p368688,hopf_transition,hopf,train,2320.89822283,44
1782,48.3686884481,Re_48p368688,hopf_transition,hopf,train,2343.87741315,45
1783,48.3686884481,Re_48p368688,hopf_transition,hopf,train,2366.85660348,46
1784,48.3686884481,Re_48p368688,hopf_transition,hopf,train,2389.8357938,47
1785,48.3686884481,Re_48p368688,hopf_transition,hopf,train,2412.81498413,48
1786,48.3686884481,Re_48p368688,hopf_transition,hopf,train,2435.79417445,49
1787,48.3686884481,Re_48p368688,hopf_transition,hopf,train,2458.77336478,50
1788,48.3686884481,Re_48p368688,hopf_transition,hopf,train,2481.7525551,51
1789,48.3686884481,Re_48p368688,hopf_transition,hopf,train,2504.73174543,52
1790,48.3686884481,Re_48p368688,hopf_transition,hopf,train,2527.71093575,53
1791,48.3686884481,Re_48p368688,hopf_transition,hopf,train,2550.69012608,54
1792,48.3686884481,Re_48p368688,hopf_transition,hopf,train,2573.6693164,55
1793,48.3686884481,Re_48p368688,hopf_transition,hopf,train,2596.64850673,56
1794,48.3686884481,Re_48p368688,hopf_transition,hopf,train,2619.62769705,57
1795,48.3686884481,Re_48p368688,hopf_transition,hopf,train,2642.60688738,58
1796,48.3686884481,Re_48p368688,hopf_transition,hopf,train,2665.5860777,59
1797,48.3686884481,Re_48p368688,hopf_transition,hopf,train,2688.56526803,60
1798,48.3686884481,Re_48p368688,hopf_transition,hopf,train,2711.54445835,61
1799,48.3686884481,Re_48p368688,hopf_transition,hopf,train,2734.52364868,62
1800,48.3686884481,Re_48p368688,hopf_transition,hopf,train,2757.502839,63
1801,48.3686884481,Re_48p368688,hopf_transition,hopf,train,2780.48202932,64
1802,48.3686884481,Re_48p368688,hopf_transition,hopf,train,2803.46121965,65
1803,48.3686884481,Re_48p368688,hopf_transition,hopf,train,2826.44040997,66
1804,48.3686884481,Re_48p368688,hopf_transition,hopf,train,2849.4196003,67
1805,48.3686884481,Re_48p368688,hopf_transition,hopf,train,2872.39879062,68
1806,48.3686884481,Re_48p368688,hopf_transition,hopf,train,2895.37798095,69
1807,48.3686884481,Re_48p368688,hopf_transition,hopf,train,2918.35717127,70
1808,48.3686884481,Re_48p368688,hopf_transition,hopf,train,2941.3363616,71
1809,48.3686884481,Re_48p368688,hopf_transition,hopf,train,2964.31555193,72
1810,48.3686884481,Re_48p368688,hopf_transition,hopf,train,2987.29474225,73
1811,48.3686884481,Re_48p368688,hopf_transition,hopf,train,3010.27393258,74
1812,48.3686884481,Re_48p368688,hopf_transition,hopf,train,3033.2531229,75
1813,48.3686884481,Re_48p368688,hopf_transition,hopf,train,3056.23231323,76
1814,48.3686884481,Re_48p368688,hopf_transition,hopf,train,3079.21150355,77
1815,48.3686884481,Re_48p368688,hopf_transition,hopf,train,3102.19069388,78
1816,48.3686884481,Re_48p368688,hopf_transition,hopf,train,3125.1698842,79
1817,48.3686884481,Re_48p368688,hopf_transition,hopf,train,3148.14907453,80
1818,48.3686884481,Re_48p368688,hopf_transition,hopf,train,3171.12826485,81
1819,48.3686884481,Re_48p368688,hopf_transition,hopf,train,3194.10745518,82
1820,48.3686884481,Re_48p368688,hopf_transition,hopf,train,3217.0866455,83
1821,48.3686884481,Re_48p368688,hopf_transition,hopf,train,3240.06583583,84
1822,48.3686884481,Re_48p368688,hopf_transition,hopf,train,3263.04502615,85
1823,48.3686884481,Re_48p368688,hopf_transition,hopf,train,3286.02421648,86
1824,48.3686884481,Re_48p368688,hopf_transition,hopf,train,3309.0034068,87
1825,48.3686884481,Re_48p368688,hopf_transition,hopf,train,3331.98259713,88
1826,48.3686884481,Re_48p368688,hopf_transition,hopf,train,3354.96178745,89
1827,48.3686884481,Re_48p368688,hopf_transition,hopf,train,3377.94097778,90
1828,48.3686884481,Re_48p368688,hopf_transition,hopf,train,3400.9201681,91
1829,48.3686884481,Re_48p368688,hopf_transition,hopf,train,3423.89935843,92
1830,48.3686884481,Re_48p368688,hopf_transition,hopf,train,3446.87854875,93
1831,48.3686884481,Re_48p368688,hopf_transition,hopf,train,3469.85773908,94
1832,48.3686884481,Re_48p368688,hopf_transition,hopf,train,3492.8369294,95
1833,48.3686884481,Re_48p368688,hopf_transition,hopf,train,3515.81611973,96
1834,48.3686884481,Re_48p368688,hopf_transition,hopf,train,3538.79531005,97
1835,48.3686884481,Re_48p368688,hopf_transition,hopf,train,3561.77450038,98
1836,48.3686884481,Re_48p368688,hopf_transition,hopf,train,3584.7536907,99
1837,48.3686884481,Re_48p368688,hopf_transition,hopf,train,3607.73288103,100
1838,48.3686884481,Re_48p368688,hopf_transition,hopf,train,3630.71207135,101
1839,48.3686884481,Re_48p368688,hopf_transition,hopf,train,3653.69126168,102
1840,48.3686884481,Re_48p368688,hopf_transition,hopf,train,3676.670452,103
1841,48.3686884481,Re_48p368688,hopf_transition,hopf,train,3699.64964233,104
1842,48.3686884481,Re_48p368688,hopf_transition,hopf,train,3722.62883265,105
1843,48.3686884481,Re_48p368688,hopf_transition,hopf,train,3745.60802298,106
1844,48.3686884481,Re_48p368688,hopf_transition,hopf,train,3768.5872133,107
1845,48.3686884481,Re_48p368688,hopf_transition,hopf,train,3791.56640363,108
1846,48.3686884481,Re_48p368688,hopf_transition,hopf,train,3814.54559395,109
1847,48.3686884481,Re_48p368688,hopf_transition,hopf,train,3837.52478428,110
1848,48.3686884481,Re_48p368688,hopf_transition,hopf,train,3860.5039746,111
1849,48.3686884481,Re_48p368688,hopf_transition,hopf,train,3883.48316492,112
1850,48.3686884481,Re_48p368688,hopf_transition,hopf,train,3906.46235525,113
1851,48.3686884481,Re_48p368688,hopf_transition,hopf,train,3929.44154558,114
1852,48.3686884481,Re_48p368688,hopf_transition,hopf,train,3952.4207359,115
1853,48.3686884481,Re_48p368688,hopf_transition,hopf,train,3975.39992623,116
1854,48.3686884481,Re_48p368688,hopf_transition,hopf,train,3998.37911655,117
1855,48.3686884481,Re_48p368688,hopf_transition,hopf,train,4021.35830688,118
1856,48.3686884481,Re_48p368688,hopf_transition,hopf,train,4044.3374972,119
1857,48.3686884481,Re_48p368688,hopf_transition,hopf,train,4067.31668753,120
1858,48.3686884481,Re_48p368688,hopf_transition,hopf,train,4090.29587785,121
1859,48.3686884481,Re_48p368688,hopf_transition,hopf,train,4113.27506818,122
1860,48.3686884481,Re_48p368688,hopf_transition,hopf,train,4136.2542585,123
1861,48.3686884481,Re_48p368688,hopf_transition,hopf,train,4159.23344882,124
1862,48.3686884481,Re_48p368688,hopf_transition,hopf,train,4182.21263915,125
1863,48.3686884481,Re_48p368688,hopf_transition,hopf,train,4205.19182948,126
1864,48.3686884481,Re_48p368688,hopf_transition,hopf,train,4228.1710198,127
1865,48.3686884481,Re_48p368688,hopf_transition,hopf,train,4251.152,128
1866,48.3686884481,Re_48p368688,hopf_transition,hopf,train,4274.1312,129
1867,48.3686884481,Re_48p368688,hopf_transition,hopf,train,4297.1104,130
1868,48.3686884481,Re_48p368688,hopf_transition,hopf,train,4320.0896,131
1869,48.3686884481,Re_48p368688,hopf_transition,hopf,train,4343.0688,132
1870,48.3686884481,Re_48p368688,hopf_transition,hopf,train,4366.048,133
1871,48.3686884481,Re_48p368688,hopf_transition,hopf,train,4389.0272,134
1872,48.3686884481,Re_48p368688,hopf_transition,hopf,train,4412.0064,135
1873,48.3686884481,Re_48p368688,hopf_transition,hopf,train,4434.9856,136
1874,48.3686884481,Re_48p368688,hopf_transition,hopf,train,4457.9648,137
1875,48.3686884481,Re_48p368688,hopf_transition,hopf,train,4480.944,138
1876,48.3686884481,Re_48p368688,hopf_transition,hopf,train,4503.9232,139
1877,48.3686884481,Re_48p368688,hopf_transition,hopf,train,4526.9024,140
1878,48.3686884481,Re_48p368688,hopf_transition,hopf,train,4549.8816,141
1879,48.3686884481,Re_48p368688,hopf_transition,hopf,train,4572.8608,142
1880,48.3686884481,Re_48p368688,hopf_transition,hopf,train,4595.84,143
1881,48.3686884481,Re_48p368688,hopf_transition,hopf,train,4618.8192,144
1882,48.3686884481,Re_48p368688,hopf_transition,hopf,train,4641.7984,145
1883,48.3686884481,Re_48p368688,hopf_transition,hopf,train,4664.7776,146
1884,48.3686884481,Re_48p368688,hopf_transition,hopf,train,4687.7568,147
1885,48.3686884481,Re_48p368688,hopf_transition,hopf,train,4710.736,148
1886,48.3686884481,Re_48p368688,hopf_transition,hopf,train,4733.7152,149
1887,48.3686884481,Re_48p368688,hopf_transition,hopf,train,4756.6944,150
1888,48.3686884481,Re_48p368688,hopf_transition,hopf,train,4779.6736,151
1889,48.3686884481,Re_48p368688,hopf_transition,hopf,train,4802.6528,152
1890,48.3686884481,Re_48p368688,hopf_transition,hopf,train,4825.632,153
1891,48.3686884481,Re_48p368688,hopf_transition,hopf,train,4848.6112,154
1892,48.3686884481,Re_48p368688,hopf_transition,hopf,train,4871.5904,155
1893,48.3686884481,Re_48p368688,hopf_transition,hopf,train,4894.5696,156
1894,48.3686884481,Re_48p368688,hopf_transition,hopf,train,4917.5488,157
1895,48.3686884481,Re_48p368688,hopf_transition,hopf,train,4940.528,158
1896,48.3686884481,Re_48p368688,hopf_transition,hopf,train,4963.5072,159
1897,48.3686884481,Re_48p368688,hopf_transition,hopf,train,4986.4864,160
1898,48.7,Re_48p700000,hopf_transition,hopf,train,1567.39811912,0
1899,48.7,Re_48p700000,hopf_transition,hopf,train,1583.54731273,1
1900,48.7,Re_48p700000,hopf_transition,hopf,train,1606.49727379,2
1901,48.7,Re_48p700000,hopf_transition,hopf,train,1629.44723484,3
1902,48.7,Re_48p700000,hopf_transition,hopf,train,1652.3971959,4
1903,48.7,Re_48p700000,hopf_transition,hopf,train,1675.34715695,5
1904,48.7,Re_48p700000,hopf_transition,hopf,train,1698.297118,6
1905,48.7,Re_48p700000,hopf_transition,hopf,train,1721.24707906,7
1906,48.7,Re_48p700000,hopf_transition,hopf,train,1744.19704011,8
1907,48.7,Re_48p700000,hopf_transition,hopf,train,1767.14700117,9
1908,48.7,Re_48p700000,hopf_transition,hopf,train,1790.09696222,10
1909,48.7,Re_48p700000,hopf_transition,hopf,train,1813.04692327,11
1910,48.7,Re_48p700000,hopf_transition,hopf,train,1835.99688433,12
1911,48.7,Re_48p700000,hopf_transition,hopf,train,1858.94684538,13
1912,48.7,Re_48p700000,hopf_transition,hopf,train,1881.89680644,14
1913,48.7,Re_48p700000,hopf_transition,hopf,train,1904.84676749,15
1914,48.7,Re_48p700000,hopf_transition,hopf,train,1927.79672854,16
1915,48.7,Re_48p700000,hopf_transition,hopf,train,1950.7466896,17
1916,48.7,Re_48p700000,hopf_transition,hopf,train,1973.69665065,18
1917,48.7,Re_48p700000,hopf_transition,hopf,train,1996.64661171,19
1918,48.7,Re_48p700000,hopf_transition,hopf,train,2019.59657276,20
1919,48.7,Re_48p700000,hopf_transition,hopf,train,2042.54653381,21
1920,48.7,Re_48p700000,hopf_transition,hopf,train,2065.49649487,22
1921,48.7,Re_48p700000,hopf_transition,hopf,train,2088.44645592,23
1922,48.7,Re_48p700000,hopf_transition,hopf,train,2111.39641698,24
1923,48.7,Re_48p700000,hopf_transition,hopf,train,2134.34637803,25
1924,48.7,Re_48p700000,hopf_transition,hopf,train,2157.29633909,26
1925,48.7,Re_48p700000,hopf_transition,hopf,train,2180.24630014,27
1926,48.7,Re_48p700000,hopf_transition,hopf,train,2203.19626119,28
1927,48.7,Re_48p700000,hopf_transition,hopf,train,2226.14622225,29
1928,48.7,Re_48p700000,hopf_transition,hopf,train,2249.0961833,30
1929,48.7,Re_48p700000,hopf_transition,hopf,train,2272.04614436,31
1930,48.7,Re_48p700000,hopf_transition,hopf,train,2294.99610541,32
1931,48.7,Re_48p700000,hopf_transition,hopf,train,2317.94606646,33
1932,48.7,Re_48p700000,hopf_transition,hopf,train,2340.89602752,34
1933,48.7,Re_48p700000,hopf_transition,hopf,train,2363.84598857,35
1934,48.7,Re_48p700000,hopf_transition,hopf,train,2386.79594963,36
1935,48.7,Re_48p700000,hopf_transition,hopf,train,2409.74591068,37
1936,48.7,Re_48p700000,hopf_transition,hopf,train,2432.69587173,38
1937,48.7,Re_48p700000,hopf_transition,hopf,train,2455.64583279,39
1938,48.7,Re_48p700000,hopf_transition,hopf,train,2478.59579384,40
1939,48.7,Re_48p700000,hopf_transition,hopf,train,2501.5457549,41
1940,48.7,Re_48p700000,hopf_transition,hopf,train,2524.49571595,42
1941,48.7,Re_48p700000,hopf_transition,hopf,train,2547.44567701,43
1942,48.7,Re_48p700000,hopf_transition,hopf,train,2570.39563806,44
1943,48.7,Re_48p700000,hopf_transition,hopf,train,2593.34559911,45
1944,48.7,Re_48p700000,hopf_transition,hopf,train,2616.29556017,46
1945,48.7,Re_48p700000,hopf_transition,hopf,train,2639.24552122,47
1946,48.7,Re_48p700000,hopf_transition,hopf,train,2662.19548228,48
1947,48.7,Re_48p700000,hopf_transition,hopf,train,2685.14544333,49
1948,48.7,Re_48p700000,hopf_transition,hopf,train,2708.09540438,50
1949,48.7,Re_48p700000,hopf_transition,hopf,train,2731.04536544,51
1950,48.7,Re_48p700000,hopf_transition,hopf,train,2753.99532649,52
1951,48.7,Re_48p700000,hopf_transition,hopf,train,2776.94528755,53
1952,48.7,Re_48p700000,hopf_transition,hopf,train,2799.8952486,54
1953,48.7,Re_48p700000,hopf_transition,hopf,train,2822.84520965,55
1954,48.7,Re_48p700000,hopf_transition,hopf,train,2845.79517071,56
1955,48.7,Re_48p700000,hopf_transition,hopf,train,2868.74513176,57
1956,48.7,Re_48p700000,hopf_transition,hopf,train,2891.69509282,58
1957,48.7,Re_48p700000,hopf_transition,hopf,train,2914.64505387,59
1958,48.7,Re_48p700000,hopf_transition,hopf,train,2937.59501492,60
1959,48.7,Re_48p700000,hopf_transition,hopf,train,2960.54497598,61
1960,48.7,Re_48p700000,hopf_transition,hopf,train,2983.49493703,62
1961,48.7,Re_48p700000,hopf_transition,hopf,train,3006.44489809,63
1962,48.7,Re_48p700000,hopf_transition,hopf,train,3029.39485914,64
1963,48.7,Re_48p700000,hopf_transition,hopf,train,3052.3448202,65
1964,48.7,Re_48p700000,hopf_transition,hopf,train,3075.29478125,66
1965,48.7,Re_48p700000,hopf_transition,hopf,train,3098.2447423,67
1966,48.7,Re_48p700000,hopf_transition,hopf,train,3121.19470336,68
1967,48.7,Re_48p700000,hopf_transition,hopf,train,3144.14466441,69
1968,48.7,Re_48p700000,hopf_transition,hopf,train,3167.09462547,70
1969,48.7,Re_48p700000,hopf_transition,hopf,train,3190.04458652,71
1970,48.7,Re_48p700000,hopf_transition,hopf,train,3212.99454757,72
1971,48.7,Re_48p700000,hopf_transition,hopf,train,3235.94450863,73
1972,48.7,Re_48p700000,hopf_transition,hopf,train,3258.89446968,74
1973,48.7,Re_48p700000,hopf_transition,hopf,train,3281.84443074,75
1974,48.7,Re_48p700000,hopf_transition,hopf,train,3304.79439179,76
1975,48.7,Re_48p700000,hopf_transition,hopf,train,3327.74435284,77
1976,48.7,Re_48p700000,hopf_transition,hopf,train,3350.6943139,78
1977,48.7,Re_48p700000,hopf_transition,hopf,train,3373.64427495,79
1978,48.7,Re_48p700000,hopf_transition,hopf,train,3396.59423601,80
1979,48.7,Re_48p700000,hopf_transition,hopf,train,3419.54419706,81
1980,48.7,Re_48p700000,hopf_transition,hopf,train,3442.49415812,82
1981,48.7,Re_48p700000,hopf_transition,hopf,train,3465.44411917,83
1982,48.7,Re_48p700000,hopf_transition,hopf,train,3488.39408022,84
1983,48.7,Re_48p700000,hopf_transition,hopf,train,3511.34404128,85
1984,48.7,Re_48p700000,hopf_transition,hopf,train,3534.29400233,86
1985,48.7,Re_48p700000,hopf_transition,hopf,train,3557.24396339,87
1986,48.7,Re_48p700000,hopf_transition,hopf,train,3580.19392444,88
1987,48.7,Re_48p700000,hopf_transition,hopf,train,3603.14388549,89
1988,48.7,Re_48p700000,hopf_transition,hopf,train,3626.09384655,90
1989,48.7,Re_48p700000,hopf_transition,hopf,train,3649.0438076,91
1990,48.7,Re_48p700000,hopf_transition,hopf,train,3671.99376866,92
1991,48.7,Re_48p700000,hopf_transition,hopf,train,3694.94372971,93
1992,48.7,Re_48p700000,hopf_transition,hopf,train,3717.89369076,94
1993,48.7,Re_48p700000,hopf_transition,hopf,train,3740.84365182,95
1994,48.7,Re_48p700000,hopf_transition,hopf,train,3763.79361287,96
1995,48.7,Re_48p700000,hopf_transition,hopf,train,3786.74357393,97
1996,48.7,Re_48p700000,hopf_transition,hopf,train,3809.69353498,98
1997,48.7,Re_48p700000,hopf_transition,hopf,train,3832.64349603,99
1998,48.7,Re_48p700000,hopf_transition,hopf,train,3855.59345709,100
1999,48.7,Re_48p700000,hopf_transition,hopf,train,3878.54341814,101
2000,48.7,Re_48p700000,hopf_transition,hopf,train,3901.4933792,102
2001,48.7,Re_48p700000,hopf_transition,hopf,train,3924.44334025,103
2002,48.7,Re_48p700000,hopf_transition,hopf,train,3947.39330131,104
2003,48.7,Re_48p700000,hopf_transition,hopf,train,3970.34326236,105
2004,48.7,Re_48p700000,hopf_transition,hopf,train,3993.29322341,106
2005,48.7,Re_48p700000,hopf_transition,hopf,train,4016.24318447,107
2006,48.7,Re_48p700000,hopf_transition,hopf,train,4039.19314552,108
2007,48.7,Re_48p700000,hopf_transition,hopf,train,4062.14310658,109
2008,48.7,Re_48p700000,hopf_transition,hopf,train,4085.09306763,110
2009,48.7,Re_48p700000,hopf_transition,hopf,train,4108.04302868,111
2010,48.7,Re_48p700000,hopf_transition,hopf,train,4130.99298974,112
2011,48.7,Re_48p700000,hopf_transition,hopf,train,4153.94295079,113
2012,48.7,Re_48p700000,hopf_transition,hopf,train,4176.89291185,114
2013,48.7,Re_48p700000,hopf_transition,hopf,train,4199.8428729,115
2014,48.7,Re_48p700000,hopf_transition,hopf,train,4222.79283395,116
2015,48.7,Re_48p700000,hopf_transition,hopf,train,4245.74279501,117
2016,48.7,Re_48p700000,hopf_transition,hopf,train,4268.69275606,118
2017,48.7,Re_48p700000,hopf_transition,hopf,train,4291.64271712,119
2018,48.7,Re_48p700000,hopf_transition,hopf,train,4314.59267817,120
2019,48.7,Re_48p700000,hopf_transition,hopf,train,4337.54263922,121
2020,48.7,Re_48p700000,hopf_transition,hopf,train,4360.49260028,122
2021,48.7,Re_48p700000,hopf_transition,hopf,train,4383.44256133,123
2022,48.7,Re_48p700000,hopf_transition,hopf,train,4406.39252239,124
2023,48.7,Re_48p700000,hopf_transition,hopf,train,4429.34248344,125
2024,48.7,Re_48p700000,hopf_transition,hopf,train,4452.2924445,126
2025,48.7,Re_48p700000,hopf_transition,hopf,train,4475.24240555,127
2026,48.7,Re_48p700000,hopf_transition,hopf,train,4498.1923666,128
2027,48.7,Re_48p700000,hopf_transition,hopf,train,4521.14232766,129
2028,48.7,Re_48p700000,hopf_transition,hopf,train,4544.09228871,130
2029,48.7,Re_48p700000,hopf_transition,hopf,train,4567.04224977,131
2030,48.7,Re_48p700000,hopf_transition,hopf,train,4589.99221082,132
2031,48.7,Re_48p700000,hopf_transition,hopf,train,4612.94217187,133
2032,48.7,Re_48p700000,hopf_transition,hopf,train,4635.89213293,134
2033,48.7,Re_48p700000,hopf_transition,hopf,train,4658.84209398,135
2034,48.7,Re_48p700000,hopf_transition,hopf,train,4681.79205504,136
2035,48.7,Re_48p700000,hopf_transition,hopf,train,4704.74201609,137
2036,48.7,Re_48p700000,hopf_transition,hopf,train,4727.69197714,138
2037,48.7,Re_48p700000,hopf_transition,hopf,train,4750.6419382,139
2038,48.7,Re_48p700000,hopf_transition,hopf,train,4773.59189925,140
2039,48.7,Re_48p700000,hopf_transition,hopf,train,4796.54186031,141
2040,48.7,Re_48p700000,hopf_transition,hopf,train,4819.49182136,142
2041,48.7,Re_48p700000,hopf_transition,hopf,train,4842.44178242,143
2042,48.7,Re_48p700000,hopf_transition,hopf,train,4865.39174347,144
2043,48.7,Re_48p700000,hopf_transition,hopf,train,4888.34170452,145
2044,48.7,Re_48p700000,hopf_transition,hopf,train,4911.29166558,146
2045,48.7,Re_48p700000,hopf_transition,hopf,train,4934.24162663,147
2046,48.7,Re_48p700000,hopf_transition,hopf,train,4957.19158769,148
2047,48.7,Re_48p700000,hopf_transition,hopf,train,4980.14154874,149
2048,48.7,Re_48p700000,hopf_transition,hopf,train,5003.09150979,150
2049,48.7,Re_48p700000,hopf_transition,hopf,train,5026.04147085,151
2050,48.7,Re_48p700000,hopf_transition,hopf,train,5048.9914319,152
2051,48.7,Re_48p700000,hopf_transition,hopf,train,5071.94139296,153
2052,48.7,Re_48p700000,hopf_transition,hopf,train,5094.89135401,154
2053,48.7,Re_48p700000,hopf_transition,hopf,train,5117.84131506,155
2054,48.7,Re_48p700000,hopf_transition,hopf,train,5140.79127612,156
2055,48.7,Re_48p700000,hopf_transition,hopf,train,5163.74123717,157
2056,48.7,Re_48p700000,hopf_transition,hopf,train,5186.69119823,158
2057,48.7,Re_48p700000,hopf_transition,hopf,train,5209.64115928,159
2058,48.7,Re_48p700000,hopf_transition,hopf,train,5232.59112033,160
2059,49.0223566571,Re_49p022357,hopf_transition,hopf,heldout,904.26399983,0
2060,49.0223566571,Re_49p022357,hopf_transition,hopf,heldout,911.71016921,1
2061,49.0223566571,Re_49p022357,hopf_transition,hopf,heldout,933.9470026,2
2062,49.0223566571,Re_49p022357,hopf_transition,hopf,heldout,956.183836,3
2063,49.0223566571,Re_49p022357,hopf_transition,hopf,heldout,978.42066939,4
2064,49.0223566571,Re_49p022357,hopf_transition,hopf,heldout,1000.65750279,5
2065,49.0223566571,Re_49p022357,hopf_transition,hopf,heldout,1022.89433618,6
2066,49.0223566571,Re_49p022357,hopf_transition,hopf,heldout,1045.13116958,7
2067,49.0223566571,Re_49p022357,hopf_transition,hopf,heldout,1067.36800297,8
2068,49.0223566571,Re_49p022357,hopf_transition,hopf,heldout,1089.60483637,9
2069,49.0223566571,Re_49p022357,hopf_transition,hopf,heldout,1111.84166977,10
2070,49.0223566571,Re_49p022357,hopf_transition,hopf,heldout,1134.07850316,11
2071,49.0223566571,Re_49p022357,hopf_transition,hopf,heldout,1156.31533656,12
2072,49.0223566571,Re_49p022357,hopf_transition,hopf,heldout,1178.55216995,13
2073,49.0223566571,Re_49p022357,hopf_transition,hopf,heldout,1200.78900335,14
2074,49.0223566571,Re_49p022357,hopf_transition,hopf,heldout,1223.02583674,15
2075,49.0223566571,Re_49p022357,hopf_transition,hopf,heldout,1245.26267014,16
2076,49.0223566571,Re_49p022357,hopf_transition,hopf,heldout,1267.49950353,17
2077,49.0223566571,Re_49p022357,hopf_transition,hopf,heldout,1289.73633693,18
2078,49.0223566571,Re_49p022357,hopf_transition,hopf,heldout,1311.97317032,19
2079,49.0223566571,Re_49p022357,hopf_transition,hopf,heldout,1334.21000372,20
2080,49.0223566571,Re_49p022357,hopf_transition,hopf,heldout,1356.44683711,21
2081,49.0223566571,Re_49p022357,hopf_transition,hopf,heldout,1378.68367051,22
2082,49.0223566571,Re_49p022357,hopf_transition,hopf,heldout,1400.9205039,23
2083,49.0223566571,Re_49p022357,hopf_transition,hopf,heldout,1423.1573373,24
2084,49.0223566571,Re_49p022357,hopf_transition,hopf,heldout,1445.39417069,25
2085,49.0223566571,Re_49p022357,hopf_transition,hopf,heldout,1467.63100409,26
2086,49.0223566571,Re_49p022357,hopf_transition,hopf,heldout,1489.86783749,27
2087,49.0223566571,Re_49p022357,hopf_transition,hopf,heldout,1512.10467088,28
2088,49.0223566571,Re_49p022357,hopf_transition,hopf,heldout,1534.34150428,29
2089,49.0223566571,Re_49p022357,hopf_transition,hopf,heldout,1556.57833767,30
2090,49.0223566571,Re_49p022357,hopf_transition,hopf,heldout,1578.81517107,31
2091,49.0223566571,Re_49p022357,hopf_transition,hopf,heldout,1601.05200446,32
2092,49.0223566571,Re_49p022357,hopf_transition,hopf,heldout,1623.28883786,33
2093,49.0223566571,Re_49p022357,hopf_transition,hopf,heldout,1645.52567125,34
2094,49.0223566571,Re_49p022357,hopf_transition,hopf,heldout,1667.76250465,35
2095,49.0223566571,Re_49p022357,hopf_transition,hopf,heldout,1689.99933804,36
2096,49.0223566571,Re_49p022357,hopf_transition,hopf,heldout,1712.23617144,37
2097,49.0223566571,Re_49p022357,hopf_transition,hopf,heldout,1734.47300483,38
2098,49.0223566571,Re_49p022357,hopf_transition,hopf,heldout,1756.70983823,39
2099,49.0223566571,Re_49p022357,hopf_transition,hopf,heldout,1778.94667162,40
2100,49.0223566571,Re_49p022357,hopf_transition,hopf,heldout,1801.18350502,41
2101,49.0223566571,Re_49p022357,hopf_transition,hopf,heldout,1823.42033841,42
2102,49.0223566571,Re_49p022357,hopf_transition,hopf,heldout,1845.65717181,43
2103,49.0223566571,Re_49p022357,hopf_transition,hopf,heldout,1867.89400521,44
2104,49.0223566571,Re_49p022357,hopf_transition,hopf,heldout,1890.1308386,45
2105,49.0223566571,Re_49p022357,hopf_transition,hopf,heldout,1912.367672,46
2106,49.0223566571,Re_49p022357,hopf_transition,hopf,heldout,1934.60450539,47
2107,49.0223566571,Re_49p022357,hopf_transition,hopf,heldout,1956.84133879,48
2108,49.0223566571,Re_49p022357,hopf_transition,hopf,heldout,1979.07817218,49
2109,49.0223566571,Re_49p022357,hopf_transition,hopf,heldout,2001.31500558,50
2110,49.0223566571,Re_49p022357,hopf_transition,hopf,heldout,2023.55183897,51
2111,49.0223566571,Re_49p022357,hopf_transition,hopf,heldout,2045.78867237,52
2112,49.0223566571,Re_49p022357,hopf_transition,hopf,heldout,2068.02550576,53
2113,49.0223566571,Re_49p022357,hopf_transition,hopf,heldout,2090.26233916,54
2114,49.0223566571,Re_49p022357,hopf_transition,hopf,heldout,2112.49917255,55
2115,49.0223566571,Re_49p022357,hopf_transition,hopf,heldout,2134.73600595,56
2116,49.0223566571,Re_49p022357,hopf_transition,hopf,heldout,2156.97283934,57
2117,49.0223566571,Re_49p022357,hopf_transition,hopf,heldout,2179.20967274,58
2118,49.0223566571,Re_49p022357,hopf_transition,hopf,heldout,2201.44650613,59
2119,49.0223566571,Re_49p022357,hopf_transition,hopf,heldout,2223.68333953,60
2120,49.0223566571,Re_49p022357,hopf_transition,hopf,heldout,2245.92017293,61
2121,49.0223566571,Re_49p022357,hopf_transition,hopf,heldout,2268.15700632,62
2122,49.0223566571,Re_49p022357,hopf_transition,hopf,heldout,2290.39383972,63
2123,49.0223566571,Re_49p022357,hopf_transition,hopf,heldout,2312.63067311,64
2124,49.0223566571,Re_49p022357,hopf_transition,hopf,heldout,2334.86750651,65
2125,49.0223566571,Re_49p022357,hopf_transition,hopf,heldout,2357.1043399,66
2126,49.0223566571,Re_49p022357,hopf_transition,hopf,heldout,2379.3411733,67
2127,49.0223566571,Re_49p022357,hopf_transition,hopf,heldout,2401.57800669,68
2128,49.0223566571,Re_49p022357,hopf_transition,hopf,heldout,2423.81484009,69
2129,49.0223566571,Re_49p022357,hopf_transition,hopf,heldout,2446.05167348,70
2130,49.0223566571,Re_49p022357,hopf_transition,hopf,heldout,2468.28850688,71
2131,49.0223566571,Re_49p022357,hopf_transition,hopf,heldout,2490.52534027,72
2132,49.0223566571,Re_49p022357,hopf_transition,hopf,heldout,2512.76217367,73
2133,49.0223566571,Re_49p022357,hopf_transition,hopf,heldout,2534.99900706,74
2134,49.0223566571,Re_49p022357,hopf_transition,hopf,heldout,2557.23584046,75
2135,49.0223566571,Re_49p022357,hopf_transition,hopf,heldout,2579.47267385,76
2136,49.0223566571,Re_49p022357,hopf_transition,hopf,heldout,2601.70950725,77
2137,49.0223566571,Re_49p022357,hopf_transition,hopf,heldout,2623.94634065,78
2138,49.0223566571,Re_49p022357,hopf_transition,hopf,heldout,2646.18317404,79
2139,49.0223566571,Re_49p022357,hopf_transition,hopf,heldout,2668.42000744,80
2140,49.0223566571,Re_49p022357,hopf_transition,hopf,heldout,2690.65684083,81
2141,49.0223566571,Re_49p022357,hopf_transition,hopf,heldout,2712.89367423,82
2142,49.0223566571,Re_49p022357,hopf_transition,hopf,heldout,2735.13050762,83
2143,49.0223566571,Re_49p022357,hopf_transition,hopf,heldout,2757.36734102,84
2144,49.0223566571,Re_49p022357,hopf_transition,hopf,heldout,2779.60417441,85
2145,49.0223566571,Re_49p022357,hopf_transition,hopf,heldout,2801.84100781,86
2146,49.0223566571,Re_49p022357,hopf_transition,hopf,heldout,2824.0778412,87
2147,49.0223566571,Re_49p022357,hopf_transition,hopf,heldout,2846.3146746,88
2148,49.0223566571,Re_49p022357,hopf_transition,hopf,heldout,2868.55150799,89
2149,49.0223566571,Re_49p022357,hopf_transition,hopf,heldout,2890.78834139,90
2150,49.0223566571,Re_49p022357,hopf_transition,hopf,heldout,2913.02517478,91
2151,49.0223566571,Re_49p022357,hopf_transition,hopf,heldout,2935.26200818,92
2152,49.0223566571,Re_49p022357,hopf_transition,hopf,heldout,2957.49884157,93
2153,49.0223566571,Re_49p022357,hopf_transition,hopf,heldout,2979.73567497,94
2154,49.0223566571,Re_49p022357,hopf_transition,hopf,heldout,3001.97250837,95
2155,49.0223566571,Re_49p022357,hopf_transition,hopf,heldout,3024.20934176,96
2156,49.0223566571,Re_49p022357,hopf_transition,hopf,heldout,3046.44617516,97
2157,49.0223566571,Re_49p022357,hopf_transition,hopf,heldout,3068.68300855,98
2158,49.0223566571,Re_49p022357,hopf_transition,hopf,heldout,3090.91984195,99
2159,49.0223566571,Re_49p022357,hopf_transition,hopf,heldout,3113.15667534,100
2160,49.0223566571,Re_49p022357,hopf_transition,hopf,heldout,3135.39350874,101
2161,49.0223566571,Re_49p022357,hopf_transition,hopf,heldout,3157.63034213,102
2162,49.0223566571,Re_49p022357,hopf_transition,hopf,heldout,3179.86717553,103
2163,49.0223566571,Re_49p022357,hopf_transition,hopf,heldout,3202.10400892,104
2164,49.0223566571,Re_49p022357,hopf_transition,hopf,heldout,3224.34084232,105
2165,49.0223566571,Re_49p022357,hopf_transition,hopf,heldout,3246.57767571,106
2166,49.0223566571,Re_49p022357,hopf_transition,hopf,heldout,3268.81450911,107
2167,49.0223566571,Re_49p022357,hopf_transition,hopf,heldout,3291.0513425,108
2168,49.0223566571,Re_49p022357,hopf_transition,hopf,heldout,3313.2881759,109
2169,49.0223566571,Re_49p022357,hopf_transition,hopf,heldout,3335.5250093,110
2170,49.0223566571,Re_49p022357,hopf_transition,hopf,heldout,3357.76184269,111
2171,49.0223566571,Re_49p022357,hopf_transition,hopf,heldout,3379.99867609,112
2172,49.0223566571,Re_49p022357,hopf_transition,hopf,heldout,3402.23550948,113
2173,49.0223566571,Re_49p022357,hopf_transition,hopf,heldout,3424.47234288,114
2174,49.0223566571,Re_49p022357,hopf_transition,hopf,heldout,3446.70917627,115
2175,49.0223566571,Re_49p022357,hopf_transition,hopf,heldout,3468.94600967,116
2176,49.0223566571,Re_49p022357,hopf_transition,hopf,heldout,3491.18284306,117
2177,49.0223566571,Re_49p022357,hopf_transition,hopf,heldout,3513.41967646,118
2178,49.0223566571,Re_49p022357,hopf_transition,hopf,heldout,3535.65650985,119
2179,49.0223566571,Re_49p022357,hopf_transition,hopf,heldout,3557.89334325,120
2180,49.0223566571,Re_49p022357,hopf_transition,hopf,heldout,3580.13017664,121
2181,49.0223566571,Re_49p022357,hopf_transition,hopf,heldout,3602.36701004,122
2182,49.0223566571,Re_49p022357,hopf_transition,hopf,heldout,3624.60384343,123
2183,49.0223566571,Re_49p022357,hopf_transition,hopf,heldout,3646.84067683,124
2184,49.0223566571,Re_49p022357,hopf_transition,hopf,heldout,3669.07751022,125
2185,49.0223566571,Re_49p022357,hopf_transition,hopf,heldout,3691.31434362,126
2186,49.0223566571,Re_49p022357,hopf_transition,hopf,heldout,3713.55117702,127
2187,49.0223566571,Re_49p022357,hopf_transition,hopf,heldout,3735.78801041,128
2188,49.0223566571,Re_49p022357,hopf_transition,hopf,heldout,3758.02484381,129
2189,49.0223566571,Re_49p022357,hopf_transition,hopf,heldout,3780.2616772,130
2190,49.0223566571,Re_49p022357,hopf_transition,hopf,heldout,3802.4985106,131
2191,49.0223566571,Re_49p022357,hopf_transition,hopf,heldout,3824.73534399,132
2192,49.0223566571,Re_49p022357,hopf_transition,hopf,heldout,3846.97217739,133
2193,49.0223566571,Re_49p022357,hopf_transition,hopf,heldout,3869.20901078,134
2194,49.0223566571,Re_49p022357,hopf_transition,hopf,heldout,3891.44584418,135
2195,49.0223566571,Re_49p022357,hopf_transition,hopf,heldout,3913.68267757,136
2196,49.0223566571,Re_49p022357,hopf_transition,hopf,heldout,3935.91951097,137
2197,49.0223566571,Re_49p022357,hopf_transition,hopf,heldout,3958.15634436,138
2198,49.0223566571,Re_49p022357,hopf_transition,hopf,heldout,3980.39317776,139
2199,49.0223566571,Re_49p022357,hopf_transition,hopf,heldout,4002.63001115,140
2200,49.0223566571,Re_49p022357,hopf_transition,hopf,heldout,4024.86684455,141
2201,49.0223566571,Re_49p022357,hopf_transition,hopf,heldout,4047.10367794,142
2202,49.0223566571,Re_49p022357,hopf_transition,hopf,heldout,4069.34051134,143
2203,49.0223566571,Re_49p022357,hopf_transition,hopf,heldout,4091.5712,144
2204,49.0223566571,Re_49p022357,hopf_transition,hopf,heldout,4113.808,145
2205,49.0223566571,Re_49p022357,hopf_transition,hopf,heldout,4136.0448,146
2206,49.0223566571,Re_49p022357,hopf_transition,hopf,heldout,4158.2816,147
2207,49.0223566571,Re_49p022357,hopf_transition,hopf,heldout,4180.5184,148
2208,49.0223566571,Re_49p022357,hopf_transition,hopf,heldout,4202.7552,149
2209,49.0223566571,Re_49p022357,hopf_transition,hopf,heldout,4224.992,150
2210,49.0223566571,Re_49p022357,hopf_transition,hopf,heldout,4247.2288,151
2211,49.0223566571,Re_49p022357,hopf_transition,hopf,heldout,4269.4656,152
2212,49.0223566571,Re_49p022357,hopf_transition,hopf,heldout,4291.7024,153
2213,49.0223566571,Re_49p022357,hopf_transition,hopf,heldout,4313.9392,154
2214,49.0223566571,Re_49p022357,hopf_transition,hopf,heldout,4336.176,155
2215,49.0223566571,Re_49p022357,hopf_transition,hopf,heldout,4358.4128,156
2216,49.0223566571,Re_49p022357,hopf_transition,hopf,heldout,4380.6496,157
2217,49.0223566571,Re_49p022357,hopf_transition,hopf,heldout,4402.8864,158
2218,49.0223566571,Re_49p022357,hopf_transition,hopf,heldout,4425.1232,159
2219,49.0223566571,Re_49p022357,hopf_transition,hopf,heldout,4447.36,160
2220,49.3,Re_49p300000,hopf_transition,hopf,train,1151.71990172,0
2221,49.3,Re_49p300000,hopf_transition,hopf,train,1155.14649482,1
2222,49.3,Re_49p300000,hopf_transition,hopf,train,1177.36085049,2
2223,49.3,Re_49p300000,hopf_transition,hopf,train,1199.57520616,3
2224,49.3,Re_49p300000,hopf_transition,hopf,train,1221.78956183,4
2225,49.3,Re_49p300000,hopf_transition,hopf,train,1244.0039175,5
2226,49.3,Re_49p300000,hopf_transition,hopf,train,1266.21827317,6
2227,49.3,Re_49p300000,hopf_transition,hopf,train,1288.43262884,7
2228,49.3,Re_49p300000,hopf_transition,hopf,train,1310.64698451,8
2229,49.3,Re_49p300000,hopf_transition,hopf,train,1332.86134018,9
2230,49.3,Re_49p300000,hopf_transition,hopf,train,1355.07569585,10
2231,49.3,Re_49p300000,hopf_transition,hopf,train,1377.29005152,11
2232,49.3,Re_49p300000,hopf_transition,hopf,train,1399.50440719,12
2233,49.3,Re_49p300000,hopf_transition,hopf,train,1421.71876286,13
2234,49.3,Re_49p300000,hopf_transition,hopf,train,1443.93311853,14
2235,49.3,Re_49p300000,hopf_transition,hopf,train,1466.1474742,15
2236,49.3,Re_49p300000,hopf_transition,hopf,train,1488.36182987,16
2237,49.3,Re_49p300000,hopf_transition,hopf,train,1510.57618554,17
2238,49.3,Re_49p300000,hopf_transition,hopf,train,1532.79054121,18
2239,49.3,Re_49p300000,hopf_transition,hopf,train,1555.00489688,19
2240,49.3,Re_49p300000,hopf_transition,hopf,train,1577.21925255,20
2241,49.3,Re_49p300000,hopf_transition,hopf,train,1599.43360822,21
2242,49.3,Re_49p300000,hopf_transition,hopf,train,1621.64796389,22
2243,49.3,Re_49p300000,hopf_transition,hopf,train,1643.86231956,23
2244,49.3,Re_49p300000,hopf_transition,hopf,train,1666.07667523,24
2245,49.3,Re_49p300000,hopf_transition,hopf,train,1688.2910309,25
2246,49.3,Re_49p300000,hopf_transition,hopf,train,1710.50538657,26
2247,49.3,Re_49p300000,hopf_transition,hopf,train,1732.71974224,27
2248,49.3,Re_49p300000,hopf_transition,hopf,train,1754.93409791,28
2249,49.3,Re_49p300000,hopf_transition,hopf,train,1777.14845358,29
2250,49.3,Re_49p300000,hopf_transition,hopf,train,1799.36280925,30
2251,49.3,Re_49p300000,hopf_transition,hopf,train,1821.57716492,31
2252,49.3,Re_49p300000,hopf_transition,hopf,train,1843.79152059,32
2253,49.3,Re_49p300000,hopf_transition,hopf,train,1866.00587625,33
2254,49.3,Re_49p300000,hopf_transition,hopf,train,1888.22023192,34
2255,49.3,Re_49p300000,hopf_transition,hopf,train,1910.43458759,35
2256,49.3,Re_49p300000,hopf_transition,hopf,train,1932.64894326,36
2257,49.3,Re_49p300000,hopf_transition,hopf,train,1954.86329893,37
2258,49.3,Re_49p300000,hopf_transition,hopf,train,1977.0776546,38
2259,49.3,Re_49p300000,hopf_transition,hopf,train,1999.29201027,39
2260,49.3,Re_49p300000,hopf_transition,hopf,train,2021.50636594,40
2261,49.3,Re_49p300000,hopf_transition,hopf,train,2043.72072161,41
2262,49.3,Re_49p300000,hopf_transition,hopf,train,2065.93507728,42
2263,49.3,Re_49p300000,hopf_transition,hopf,train,2088.14943295,43
2264,49.3,Re_49p300000,hopf_transition,hopf,train,2110.36378862,44
2265,49.3,Re_49p300000,hopf_transition,hopf,train,2132.57814429,45
2266,49.3,Re_49p300000,hopf_transition,hopf,train,2154.79249996,46
2267,49.3,Re_49p300000,hopf_transition,hopf,train,2177.00685563,47
2268,49.3,Re_49p300000,hopf_transition,hopf,train,2199.2212113,48
2269,49.3,Re_49p300000,hopf_transition,hopf,train,2221.43556697,49
2270,49.3,Re_49p300000,hopf_transition,hopf,train,2243.64992264,50
2271,49.3,Re_49p300000,hopf_transition,hopf,train,2265.86427831,51
2272,49.3,Re_49p300000,hopf_transition,hopf,train,2288.07863398,52
2273,49.3,Re_49p300000,hopf_transition,hopf,train,2310.29298965,53
2274,49.3,Re_49p300000,hopf_transition,hopf,train,2332.50734532,54
2275,49.3,Re_49p300000,hopf_transition,hopf,train,2354.72170099,55
2276,49.3,Re_49p300000,hopf_transition,hopf,train,2376.93605666,56
2277,49.3,Re_49p300000,hopf_transition,hopf,train,2399.15041233,57
2278,49.3,Re_49p300000,hopf_transition,hopf,train,2421.364768,58
2279,49.3,Re_49p300000,hopf_transition,hopf,train,2443.57912367,59
2280,49.3,Re_49p300000,hopf_transition,hopf,train,2465.79347934,60
2281,49.3,Re_49p300000,hopf_transition,hopf,train,2488.00783501,61
2282,49.3,Re_49p300000,hopf_transition,hopf,train,2510.22219068,62
2283,49.3,Re_49p300000,hopf_transition,hopf,train,2532.43654635,63
2284,49.3,Re_49p300000,hopf_transition,hopf,train,2554.65090202,64
2285,49.3,Re_49p300000,hopf_transition,hopf,train,2576.86525769,65
2286,49.3,Re_49p300000,hopf_transition,hopf,train,2599.07961335,66
2287,49.3,Re_49p300000,hopf_transition,hopf,train,2621.29396902,67
2288,49.3,Re_49p300000,hopf_transition,hopf,train,2643.50832469,68
2289,49.3,Re_49p300000,hopf_transition,hopf,train,2665.72268036,69
2290,49.3,Re_49p300000,hopf_transition,hopf,train,2687.93703603,70
2291,49.3,Re_49p300000,hopf_transition,hopf,train,2710.1513917,71
2292,49.3,Re_49p300000,hopf_transition,hopf,train,2732.36574737,72
2293,49.3,Re_49p300000,hopf_transition,hopf,train,2754.58010304,73
2294,49.3,Re_49p300000,hopf_transition,hopf,train,2776.79445871,74
2295,49.3,Re_49p300000,hopf_transition,hopf,train,2799.00881438,75
2296,49.3,Re_49p300000,hopf_transition,hopf,train,2821.22317005,76
2297,49.3,Re_49p300000,hopf_transition,hopf,train,2843.43752572,77
2298,49.3,Re_49p300000,hopf_transition,hopf,train,2865.65188139,78
2299,49.3,Re_49p300000,hopf_transition,hopf,train,2887.86623706,79
2300,49.3,Re_49p300000,hopf_transition,hopf,train,2910.08059273,80
2301,49.3,Re_49p300000,hopf_transition,hopf,train,2932.2949484,81
2302,49.3,Re_49p300000,hopf_transition,hopf,train,2954.50930407,82
2303,49.3,Re_49p300000,hopf_transition,hopf,train,2976.72365974,83
2304,49.3,Re_49p300000,hopf_transition,hopf,train,2998.93801541,84
2305,49.3,Re_49p300000,hopf_transition,hopf,train,3021.15237108,85
2306,49.3,Re_49p300000,hopf_transition,hopf,train,3043.36672675,86
2307,49.3,Re_49p300000,hopf_transition,hopf,train,3065.58108242,87
2308,49.3,Re_49p300000,hopf_transition,hopf,train,3087.79543809,88
2309,49.3,Re_49p300000,hopf_transition,hopf,train,3110.00979376,89
2310,49.3,Re_49p300000,hopf_transition,hopf,train,3132.22414943,90
2311,49.3,Re_49p300000,hopf_transition,hopf,train,3154.4385051,91
2312,49.3,Re_49p300000,hopf_transition,hopf,train,3176.65286077,92
2313,49.3,Re_49p300000,hopf_transition,hopf,train,3198.86721644,93
2314,49.3,Re_49p300000,hopf_transition,hopf,train,3221.08157211,94
2315,49.3,Re_49p300000,hopf_transition,hopf,train,3243.29592778,95
2316,49.3,Re_49p300000,hopf_transition,hopf,train,3265.51028345,96
2317,49.3,Re_49p300000,hopf_transition,hopf,train,3287.72463912,97
2318,49.3,Re_49p300000,hopf_transition,hopf,train,3309.93899479,98
2319,49.3,Re_49p300000,hopf_transition,hopf,train,3332.15335046,99
2320,49.3,Re_49p300000,hopf_transition,hopf,train,3354.36770612,100
2321,49.3,Re_49p300000,hopf_transition,hopf,train,3376.58206179,101
2322,49.3,Re_49p300000,hopf_transition,hopf,train,3398.79641746,102
2323,49.3,Re_49p300000,hopf_transition,hopf,train,3421.01077313,103
2324,49.3,Re_49p300000,hopf_transition,hopf,train,3443.2251288,104
2325,49.3,Re_49p300000,hopf_transition,hopf,train,3465.43948447,105
2326,49.3,Re_49p300000,hopf_transition,hopf,train,3487.65384014,106
2327,49.3,Re_49p300000,hopf_transition,hopf,train,3509.86819581,107
2328,49.3,Re_49p300000,hopf_transition,hopf,train,3532.08255148,108
2329,49.3,Re_49p300000,hopf_transition,hopf,train,3554.29690715,109
2330,49.3,Re_49p300000,hopf_transition,hopf,train,3576.51126282,110
2331,49.3,Re_49p300000,hopf_transition,hopf,train,3598.72561849,111
2332,49.3,Re_49p300000,hopf_transition,hopf,train,3620.93997416,112
2333,49.3,Re_49p300000,hopf_transition,hopf,train,3643.15432983,113
2334,49.3,Re_49p300000,hopf_transition,hopf,train,3665.3686855,114
2335,49.3,Re_49p300000,hopf_transition,hopf,train,3687.58304117,115
2336,49.3,Re_49p300000,hopf_transition,hopf,train,3709.79739684,116
2337,49.3,Re_49p300000,hopf_transition,hopf,train,3732.01175251,117
2338,49.3,Re_49p300000,hopf_transition,hopf,train,3754.22610818,118
2339,49.3,Re_49p300000,hopf_transition,hopf,train,3776.44046385,119
2340,49.3,Re_49p300000,hopf_transition,hopf,train,3798.65481952,120
2341,49.3,Re_49p300000,hopf_transition,hopf,train,3820.86917519,121
2342,49.3,Re_49p300000,hopf_transition,hopf,train,3843.08353086,122
2343,49.3,Re_49p300000,hopf_transition,hopf,train,3865.29788653,123
2344,49.3,Re_49p300000,hopf_transition,hopf,train,3887.5122422,124
2345,49.3,Re_49p300000,hopf_transition,hopf,train,3909.72659787,125
2346,49.3,Re_49p300000,hopf_transition,hopf,train,3931.94095354,126
2347,49.3,Re_49p300000,hopf_transition,hopf,train,3954.15530921,127
2348,49.3,Re_49p300000,hopf_transition,hopf,train,3976.36966488,128
2349,49.3,Re_49p300000,hopf_transition,hopf,train,3998.58402055,129
2350,49.3,Re_49p300000,hopf_transition,hopf,train,4020.79837622,130
2351,49.3,Re_49p300000,hopf_transition,hopf,train,4043.01273189,131
2352,49.3,Re_49p300000,hopf_transition,hopf,train,4065.22708756,132
2353,49.3,Re_49p300000,hopf_transition,hopf,train,4087.44144322,133
2354,49.3,Re_49p300000,hopf_transition,hopf,train,4109.65579889,134
2355,49.3,Re_49p300000,hopf_transition,hopf,train,4131.87015456,135
2356,49.3,Re_49p300000,hopf_transition,hopf,train,4154.08451023,136
2357,49.3,Re_49p300000,hopf_transition,hopf,train,4176.2988659,137
2358,49.3,Re_49p300000,hopf_transition,hopf,train,4198.51322157,138
2359,49.3,Re_49p300000,hopf_transition,hopf,train,4220.72757724,139
2360,49.3,Re_49p300000,hopf_transition,hopf,train,4242.94193291,140
2361,49.3,Re_49p300000,hopf_transition,hopf,train,4265.15628858,141
2362,49.3,Re_49p300000,hopf_transition,hopf,train,4287.37064425,142
2363,49.3,Re_49p300000,hopf_transition,hopf,train,4309.58499992,143
2364,49.3,Re_49p300000,hopf_transition,hopf,train,4331.79935559,144
2365,49.3,Re_49p300000,hopf_transition,hopf,train,4354.01371126,145
2366,49.3,Re_49p300000,hopf_transition,hopf,train,4376.22806693,146
2367,49.3,Re_49p300000,hopf_transition,hopf,train,4398.4424226,147
2368,49.3,Re_49p300000,hopf_transition,hopf,train,4420.65677827,148
2369,49.3,Re_49p300000,hopf_transition,hopf,train,4442.87113394,149
2370,49.3,Re_49p300000,hopf_transition,hopf,train,4465.08548961,150
2371,49.3,Re_49p300000,hopf_transition,hopf,train,4487.29984528,151
2372,49.3,Re_49p300000,hopf_transition,hopf,train,4509.51420095,152
2373,49.3,Re_49p300000,hopf_transition,hopf,train,4531.72855662,153
2374,49.3,Re_49p300000,hopf_transition,hopf,train,4553.94291229,154
2375,49.3,Re_49p300000,hopf_transition,hopf,train,4576.15726796,155
2376,49.3,Re_49p300000,hopf_transition,hopf,train,4598.37162363,156
2377,49.3,Re_49p300000,hopf_transition,hopf,train,4620.5859793,157
2378,49.3,Re_49p300000,hopf_transition,hopf,train,4642.80033497,158
2379,49.3,Re_49p300000,hopf_transition,hopf,train,4665.01469064,159
2380,49.3,Re_49p300000,hopf_transition,hopf,train,4687.22904631,160
2381,49.3,Re_49p300000,hopf_transition,hopf,train,4709.44340198,161
2382,49.6,Re_49p600000,hopf_transition,hopf,train,1140.16418365,0
2383,49.6,Re_49p600000,hopf_transition,hopf,train,1147.55788435,1
2384,49.6,Re_49p600000,hopf_transition,hopf,train,1169.6263052,2
2385,49.6,Re_49p600000,hopf_transition,hopf,train,1191.69472605,3
2386,49.6,Re_49p600000,hopf_transition,hopf,train,1213.7631469,4
2387,49.6,Re_49p600000,hopf_transition,hopf,train,1235.83156776,5
2388,49.6,Re_49p600000,hopf_transition,hopf,train,1257.89998861,6
2389,49.6,Re_49p600000,hopf_transition,hopf,train,1279.96840946,7
2390,49.6,Re_49p600000,hopf_transition,hopf,train,1302.03683032,8
2391,49.6,Re_49p600000,hopf_transition,hopf,train,1324.10525117,9
2392,49.6,Re_49p600000,hopf_transition,hopf,train,1346.17367202,10
2393,49.6,Re_49p600000,hopf_transition,hopf,train,1368.24209287,11
2394,49.6,Re_49p600000,hopf_transition,hopf,train,1390.31051373,12
2395,49.6,Re_49p600000,hopf_transition,hopf,train,1412.37893458,13
2396,49.6,Re_49p600000,hopf_transition,hopf,train,1434.44735543,14
2397,49.6,Re_49p600000,hopf_transition,hopf,train,1456.51577628,15
2398,49.6,Re_49p600000,hopf_transition,hopf,train,1478.58419714,16
2399,49.6,Re_49p600000,hopf_transition,hopf,train,1500.65261799,17
2400,49.6,Re_49p600000,hopf_transition,hopf,train,1522.72103884,18
2401,49.6,Re_49p600000,hopf_transition,hopf,train,1544.7894597,19
2402,49.6,Re_49p600000,hopf_transition,hopf,train,1566.85788055,20
2403,49.6,Re_49p600000,hopf_transition,hopf,train,1588.9263014,21
2404,49.6,Re_49p600000,hopf_transition,hopf,train,1610.99472225,22
2405,49.6,Re_49p600000,hopf_transition,hopf,train,1633.06314311,23
2406,49.6,Re_49p600000,hopf_transition,hopf,train,1655.13156396,24
2407,49.6,Re_49p600000,hopf_transition,hopf,train,1677.19998481,25
2408,49.6,Re_49p600000,hopf_transition,hopf,train,1699.26840567,26
2409,49.6,Re_49p600000,hopf_transition,hopf,train,1721.33682652,27
2410,49.6,Re_49p600000,hopf_transition,hopf,train,1743.40524737,28
2411,49.6,Re_49p600000,hopf_transition,hopf,train,1765.47366822,29
2412,49.6,Re_49p600000,hopf_transition,hopf,train,1787.54208908,30
2413,49.6,Re_49p600000,hopf_transition,hopf,train,1809.61050993,31
2414,49.6,Re_49p600000,hopf_transition,hopf,train,1831.67893078,32
2415,49.6,Re_49p600000,hopf_transition,hopf,train,1853.74735164,33
2416,49.6,Re_49p600000,hopf_transition,hopf,train,1875.81577249,34
2417,49.6,Re_49p600000,hopf_transition,hopf,train,1897.88419334,35
2418,49.6,Re_49p600000,hopf_transition,hopf,train,1919.95261419,36
2419,49.6,Re_49p600000,hopf_transition,hopf,train,1942.02103505,37
2420,49.6,Re_49p600000,hopf_transition,hopf,train,1964.0894559,38
2421,49.6,Re_49p600000,hopf_transition,hopf,train,1986.15787675,39
2422,49.6,Re_49p600000,hopf_transition,hopf,train,2008.2262976,40
2423,49.6,Re_49p600000,hopf_transition,hopf,train,2030.29471846,41
2424,49.6,Re_49p600000,hopf_transition,hopf,train,2052.36313931,42
2425,49.6,Re_49p600000,hopf_transition,hopf,train,2074.43156016,43
2426,49.6,Re_49p600000,hopf_transition,hopf,train,2096.49998102,44
2427,49.6,Re_49p600000,hopf_transition,hopf,train,2118.56840187,45
2428,49.6,Re_49p600000,hopf_transition,hopf,train,2140.63682272,46
2429,49.6,Re_49p600000,hopf_transition,hopf,train,2162.70524357,47
2430,49.6,Re_49p600000,hopf_transition,hopf,train,2184.77366443,48
2431,49.6,Re_49p600000,hopf_transition,hopf,train,2206.84208528,49
2432,49.6,Re_49p600000,hopf_transition,hopf,train,2228.91050613,50
2433,49.6,Re_49p600000,hopf_transition,hopf,train,2250.97892699,51
2434,49.6,Re_49p600000,hopf_transition,hopf,train,2273.04734784,52
2435,49.6,Re_49p600000,hopf_transition,hopf,train,2295.11576869,53
2436,49.6,Re_49p600000,hopf_transition,hopf,train,2317.18418954,54
2437,49.6,Re_49p600000,hopf_transition,hopf,train,2339.2526104,55
2438,49.6,Re_49p600000,hopf_transition,hopf,train,2361.32103125,56
2439,49.6,Re_49p600000,hopf_transition,hopf,train,2383.3894521,57
2440,49.6,Re_49p600000,hopf_transition,hopf,train,2405.45787296,58
2441,49.6,Re_49p600000,hopf_transition,hopf,train,2427.52629381,59
2442,49.6,Re_49p600000,hopf_transition,hopf,train,2449.59471466,60
2443,49.6,Re_49p600000,hopf_transition,hopf,train,2471.66313551,61
2444,49.6,Re_49p600000,hopf_transition,hopf,train,2493.73155637,62
2445,49.6,Re_49p600000,hopf_transition,hopf,train,2515.79997722,63
2446,49.6,Re_49p600000,hopf_transition,hopf,train,2537.86839807,64
2447,49.6,Re_49p600000,hopf_transition,hopf,train,2559.93681892,65
2448,49.6,Re_49p600000,hopf_transition,hopf,train,2582.00523978,66
2449,49.6,Re_49p600000,hopf_transition,hopf,train,2604.07366063,67
2450,49.6,Re_49p600000,hopf_transition,hopf,train,2626.14208148,68
2451,49.6,Re_49p600000,hopf_transition,hopf,train,2648.21050234,69
2452,49.6,Re_49p600000,hopf_transition,hopf,train,2670.27892319,70
2453,49.6,Re_49p600000,hopf_transition,hopf,train,2692.34734404,71
2454,49.6,Re_49p600000,hopf_transition,hopf,train,2714.41576489,72
2455,49.6,Re_49p600000,hopf_transition,hopf,train,2736.48418575,73
2456,49.6,Re_49p600000,hopf_transition,hopf,train,2758.5526066,74
2457,49.6,Re_49p600000,hopf_transition,hopf,train,2780.62102745,75
2458,49.6,Re_49p600000,hopf_transition,hopf,train,2802.68944831,76
2459,49.6,Re_49p600000,hopf_transition,hopf,train,2824.75786916,77
2460,49.6,Re_49p600000,hopf_transition,hopf,train,2846.82629001,78
2461,49.6,Re_49p600000,hopf_transition,hopf,train,2868.89471086,79
2462,49.6,Re_49p600000,hopf_transition,hopf,train,2890.96313172,80
2463,49.6,Re_49p600000,hopf_transition,hopf,train,2913.03155257,81
2464,49.6,Re_49p600000,hopf_transition,hopf,train,2935.09997342,82
2465,49.6,Re_49p600000,hopf_transition,hopf,train,2957.16839428,83
2466,49.6,Re_49p600000,hopf_transition,hopf,train,2979.23681513,84
2467,49.6,Re_49p600000,hopf_transition,hopf,train,3001.30523598,85
2468,49.6,Re_49p600000,hopf_transition,hopf,train,3023.37365683,86
2469,49.6,Re_49p600000,hopf_transition,hopf,train,3045.44207769,87
2470,49.6,Re_49p600000,hopf_transition,hopf,train,3067.51049854,88
2471,49.6,Re_49p600000,hopf_transition,hopf,train,3089.57891939,89
2472,49.6,Re_49p600000,hopf_transition,hopf,train,3111.64734024,90
2473,49.6,Re_49p600000,hopf_transition,hopf,train,3133.7157611,91
2474,49.6,Re_49p600000,hopf_transition,hopf,train,3155.78418195,92
2475,49.6,Re_49p600000,hopf_transition,hopf,train,3177.8526028,93
2476,49.6,Re_49p600000,hopf_transition,hopf,train,3199.92102366,94
2477,49.6,Re_49p600000,hopf_transition,hopf,train,3221.98944451,95
2478,49.6,Re_49p600000,hopf_transition,hopf,train,3244.05786536,96
2479,49.6,Re_49p600000,hopf_transition,hopf,train,3266.12628621,97
2480,49.6,Re_49p600000,hopf_transition,hopf,train,3288.19470707,98
2481,49.6,Re_49p600000,hopf_transition,hopf,train,3310.26312792,99
2482,49.6,Re_49p600000,hopf_transition,hopf,train,3332.33154877,100
2483,49.6,Re_49p600000,hopf_transition,hopf,train,3354.39996963,101
2484,49.6,Re_49p600000,hopf_transition,hopf,train,3376.46839048,102
2485,49.6,Re_49p600000,hopf_transition,hopf,train,3398.53681133,103
2486,49.6,Re_49p600000,hopf_transition,hopf,train,3420.60523218,104
2487,49.6,Re_49p600000,hopf_transition,hopf,train,3442.67365304,105
2488,49.6,Re_49p600000,hopf_transition,hopf,train,3464.74207389,106
2489,49.6,Re_49p600000,hopf_transition,hopf,train,3486.81049474,107
2490,49.6,Re_49p600000,hopf_transition,hopf,train,3508.8789156,108
2491,49.6,Re_49p600000,hopf_transition,hopf,train,3530.94733645,109
2492,49.6,Re_49p600000,hopf_transition,hopf,train,3553.0157573,110
2493,49.6,Re_49p600000,hopf_transition,hopf,train,3575.08417815,111
2494,49.6,Re_49p600000,hopf_transition,hopf,train,3597.15259901,112
2495,49.6,Re_49p600000,hopf_transition,hopf,train,3619.22101986,113
2496,49.6,Re_49p600000,hopf_transition,hopf,train,3641.28944071,114
2497,49.6,Re_49p600000,hopf_transition,hopf,train,3663.35786156,115
2498,49.6,Re_49p600000,hopf_transition,hopf,train,3685.42628242,116
2499,49.6,Re_49p600000,hopf_transition,hopf,train,3707.49470327,117
2500,49.6,Re_49p600000,hopf_transition,hopf,train,3729.56312412,118
2501,49.6,Re_49p600000,hopf_transition,hopf,train,3751.63154498,119
2502,49.6,Re_49p600000,hopf_transition,hopf,train,3773.69996583,120
2503,49.6,Re_49p600000,hopf_transition,hopf,train,3795.76838668,121
2504,49.6,Re_49p600000,hopf_transition,hopf,train,3817.83680753,122
2505,49.6,Re_49p600000,hopf_transition,hopf,train,3839.90522839,123
2506,49.6,Re_49p600000,hopf_transition,hopf,train,3861.97364924,124
2507,49.6,Re_49p600000,hopf_transition,hopf,train,3884.04207009,125
2508,49.6,Re_49p600000,hopf_transition,hopf,train,3906.11049095,126
2509,49.6,Re_49p600000,hopf_transition,hopf,train,3928.1789118,127
2510,49.6,Re_49p600000,hopf_transition,hopf,train,3950.24733265,128
2511,49.6,Re_49p600000,hopf_transition,hopf,train,3972.3157535,129
2512,49.6,Re_49p600000,hopf_transition,hopf,train,3994.38417436,130
2513,49.6,Re_49p600000,hopf_transition,hopf,train,4016.45259521,131
2514,49.6,Re_49p600000,hopf_transition,hopf,train,4038.52101606,132
2515,49.6,Re_49p600000,hopf_transition,hopf,train,4060.58943692,133
2516,49.6,Re_49p600000,hopf_transition,hopf,train,4082.65785777,134
2517,49.6,Re_49p600000,hopf_transition,hopf,train,4104.72627862,135
2518,49.6,Re_49p600000,hopf_transition,hopf,train,4126.79469947,136
2519,49.6,Re_49p600000,hopf_transition,hopf,train,4148.86312033,137
2520,49.6,Re_49p600000,hopf_transition,hopf,train,4170.93154118,138
2521,49.6,Re_49p600000,hopf_transition,hopf,train,4192.99996203,139
2522,49.6,Re_49p600000,hopf_transition,hopf,train,4215.06838288,140
2523,49.6,Re_49p600000,hopf_transition,hopf,train,4237.13680374,141
2524,49.6,Re_49p600000,hopf_transition,hopf,train,4259.20522459,142
2525,49.6,Re_49p600000,hopf_transition,hopf,train,4281.27364544,143
2526,49.6,Re_49p600000,hopf_transition,hopf,train,4303.3420663,144
2527,49.6,Re_49p600000,hopf_transition,hopf,train,4325.41048715,145
2528,49.6,Re_49p600000,hopf_transition,hopf,train,4347.478908,146
2529,49.6,Re_49p600000,hopf_transition,hopf,train,4369.54732885,147
2530,49.6,Re_49p600000,hopf_transition,hopf,train,4391.61574971,148
2531,49.6,Re_49p600000,hopf_transition,hopf,train,4413.68417056,149
2532,49.6,Re_49p600000,hopf_transition,hopf,train,4435.75259141,150
2533,49.6,Re_49p600000,hopf_transition,hopf,train,4457.82101227,151
2534,49.6,Re_49p600000,hopf_transition,hopf,train,4479.88943312,152
2535,49.6,Re_49p600000,hopf_transition,hopf,train,4501.95785397,153
2536,49.6,Re_49p600000,hopf_transition,hopf,train,4524.02627482,154
2537,49.6,Re_49p600000,hopf_transition,hopf,train,4546.09469568,155
2538,49.6,Re_49p600000,hopf_transition,hopf,train,4568.16311653,156
2539,49.6,Re_49p600000,hopf_transition,hopf,train,4590.23153738,157
2540,49.6,Re_49p600000,hopf_transition,hopf,train,4612.29995824,158
2541,49.6,Re_49p600000,hopf_transition,hopf,train,4634.36837909,159
2542,49.6,Re_49p600000,hopf_transition,hopf,train,4656.43679994,160
2543,49.6876404962,Re_49p687640,hopf_transition,hopf,train,1136.83199234,0
2544,49.6876404962,Re_49p687640,hopf_transition,hopf,train,1138.33819374,1
2545,49.6876404962,Re_49p687640,hopf_transition,hopf,train,1160.65855048,2
2546,49.6876404962,Re_49p687640,hopf_transition,hopf,train,1182.97890722,3
2547,49.6876404962,Re_49p687640,hopf_transition,hopf,train,1205.29926396,4
2548,49.6876404962,Re_49p687640,hopf_transition,hopf,train,1227.6196207,5
2549,49.6876404962,Re_49p687640,hopf_transition,hopf,train,1249.93997744,6
2550,49.6876404962,Re_49p687640,hopf_transition,hopf,train,1272.26033418,7
2551,49.6876404962,Re_49p687640,hopf_transition,hopf,train,1294.58069092,8
2552,49.6876404962,Re_49p687640,hopf_transition,hopf,train,1316.90104766,9
2553,49.6876404962,Re_49p687640,hopf_transition,hopf,train,1339.2214044,10
2554,49.6876404962,Re_49p687640,hopf_transition,hopf,train,1361.54176114,11
2555,49.6876404962,Re_49p687640,hopf_transition,hopf,train,1383.86211788,12
2556,49.6876404962,Re_49p687640,hopf_transition,hopf,train,1406.18247462,13
2557,49.6876404962,Re_49p687640,hopf_transition,hopf,train,1428.50283136,14
2558,49.6876404962,Re_49p687640,hopf_transition,hopf,train,1450.8231881,15
2559,49.6876404962,Re_49p687640,hopf_transition,hopf,train,1473.14354484,16
2560,49.6876404962,Re_49p687640,hopf_transition,hopf,train,1495.46390158,17
2561,49.6876404962,Re_49p687640,hopf_transition,hopf,train,1517.78425832,18
2562,49.6876404962,Re_49p687640,hopf_transition,hopf,train,1540.10461506,19
2563,49.6876404962,Re_49p687640,hopf_transition,hopf,train,1562.4249718,20
2564,49.6876404962,Re_49p687640,hopf_transition,hopf,train,1584.74532854,21
2565,49.6876404962,Re_49p687640,hopf_transition,hopf,train,1607.06568528,22
2566,49.6876404962,Re_49p687640,hopf_transition,hopf,train,1629.38604202,23
2567,49.6876404962,Re_49p687640,hopf_transition,hopf,train,1651.70639876,24
2568,49.6876404962,Re_49p687640,hopf_transition,hopf,train,1674.0267555,25
2569,49.6876404962,Re_49p687640,hopf_transition,hopf,train,1696.34711224,26
2570,49.6876404962,Re_49p687640,hopf_transition,hopf,train,1718.66746898,27
2571,49.6876404962,Re_49p687640,hopf_transition,hopf,train,1740.98782572,28
2572,49.6876404962,Re_49p687640,hopf_transition,hopf,train,1763.30818246,29
2573,49.6876404962,Re_49p687640,hopf_transition,hopf,train,1785.6285392,30
2574,49.6876404962,Re_49p687640,hopf_transition,hopf,train,1807.94889594,31
2575,49.6876404962,Re_49p687640,hopf_transition,hopf,train,1830.26925268,32
2576,49.6876404962,Re_49p687640,hopf_transition,hopf,train,1852.58960942,33
2577,49.6876404962,Re_49p687640,hopf_transition,hopf,train,1874.90996616,34
2578,49.6876404962,Re_49p687640,hopf_transition,hopf,train,1897.2303229,35
2579,49.6876404962,Re_49p687640,hopf_transition,hopf,train,1919.55067964,36
2580,49.6876404962,Re_49p687640,hopf_transition,hopf,train,1941.87103638,37
2581,49.6876404962,Re_49p687640,hopf_transition,hopf,train,1964.19139312,38
2582,49.6876404962,Re_49p687640,hopf_transition,hopf,train,1986.51174986,39
2583,49.6876404962,Re_49p687640,hopf_transition,hopf,train,2008.8321066,40
2584,49.6876404962,Re_49p687640,hopf_transition,hopf,train,2031.15246334,41
2585,49.6876404962,Re_49p687640,hopf_transition,hopf,train,2053.47282008,42
2586,49.6876404962,Re_49p687640,hopf_transition,hopf,train,2075.79317682,43
2587,49.6876404962,Re_49p687640,hopf_transition,hopf,train,2098.11353356,44
2588,49.6876404962,Re_49p687640,hopf_transition,hopf,train,2120.4338903,45
2589,49.6876404962,Re_49p687640,hopf_transition,hopf,train,2142.75424704,46
2590,49.6876404962,Re_49p687640,hopf_transition,hopf,train,2165.07460378,47
2591,49.6876404962,Re_49p687640,hopf_transition,hopf,train,2187.39496052,48
2592,49.6876404962,Re_49p687640,hopf_transition,hopf,train,2209.71531726,49
2593,49.6876404962,Re_49p687640,hopf_transition,hopf,train,2232.035674,50
2594,49.6876404962,Re_49p687640,hopf_transition,hopf,train,2254.35603074,51
2595,49.6876404962,Re_49p687640,hopf_transition,hopf,train,2276.67638748,52
2596,49.6876404962,Re_49p687640,hopf_transition,hopf,train,2298.99674422,53
2597,49.6876404962,Re_49p687640,hopf_transition,hopf,train,2321.31710096,54
2598,49.6876404962,Re_49p687640,hopf_transition,hopf,train,2343.6374577,55
2599,49.6876404962,Re_49p687640,hopf_transition,hopf,train,2365.95781444,56
2600,49.6876404962,Re_49p687640,hopf_transition,hopf,train,2388.27817118,57
2601,49.6876404962,Re_49p687640,hopf_transition,hopf,train,2410.59852792,58
2602,49.6876404962,Re_49p687640,hopf_transition,hopf,train,2432.91888466,59
2603,49.6876404962,Re_49p687640,hopf_transition,hopf,train,2455.2392414,60
2604,49.6876404962,Re_49p687640,hopf_transition,hopf,train,2477.55959814,61
2605,49.6876404962,Re_49p687640,hopf_transition,hopf,train,2499.87995488,62
2606,49.6876404962,Re_49p687640,hopf_transition,hopf,train,2522.20031162,63
2607,49.6876404962,Re_49p687640,hopf_transition,hopf,train,2544.52066836,64
2608,49.6876404962,Re_49p687640,hopf_transition,hopf,train,2566.8410251,65
2609,49.6876404962,Re_49p687640,hopf_transition,hopf,train,2589.16138184,66
2610,49.6876404962,Re_49p687640,hopf_transition,hopf,train,2611.48173858,67
2611,49.6876404962,Re_49p687640,hopf_transition,hopf,train,2633.80209532,68
2612,49.6876404962,Re_49p687640,hopf_transition,hopf,train,2656.12245206,69
2613,49.6876404962,Re_49p687640,hopf_transition,hopf,train,2678.4428088,70
2614,49.6876404962,Re_49p687640,hopf_transition,hopf,train,2700.76316554,71
2615,49.6876404962,Re_49p687640,hopf_transition,hopf,train,2723.08352228,72
2616,49.6876404962,Re_49p687640,hopf_transition,hopf,train,2745.40387902,73
2617,49.6876404962,Re_49p687640,hopf_transition,hopf,train,2767.72423576,74
2618,49.6876404962,Re_49p687640,hopf_transition,hopf,train,2790.0445925,75
2619,49.6876404962,Re_49p687640,hopf_transition,hopf,train,2812.36494924,76
2620,49.6876404962,Re_49p687640,hopf_transition,hopf,train,2834.68530598,77
2621,49.6876404962,Re_49p687640,hopf_transition,hopf,train,2857.00566272,78
2622,49.6876404962,Re_49p687640,hopf_transition,hopf,train,2879.32601946,79
2623,49.6876404962,Re_49p687640,hopf_transition,hopf,train,2901.6463762,80
2624,49.6876404962,Re_49p687640,hopf_transition,hopf,train,2923.96673294,81
2625,49.6876404962,Re_49p687640,hopf_transition,hopf,train,2946.28708968,82
2626,49.6876404962,Re_49p687640,hopf_transition,hopf,train,2968.60744642,83
2627,49.6876404962,Re_49p687640,hopf_transition,hopf,train,2990.92780316,84
2628,49.6876404962,Re_49p687640,hopf_transition,hopf,train,3013.2481599,85
2629,49.6876404962,Re_49p687640,hopf_transition,hopf,train,3035.56851664,86
2630,49.6876404962,Re_49p687640,hopf_transition,hopf,train,3057.88887338,87
2631,49.6876404962,Re_49p687640,hopf_transition,hopf,train,3080.20923012,88
2632,49.6876404962,Re_49p687640,hopf_transition,hopf,train,3102.52958686,89
2633,49.6876404962,Re_49p687640,hopf_transition,hopf,train,3124.8499436,90
2634,49.6876404962,Re_49p687640,hopf_transition,hopf,train,3147.17030034,91
2635,49.6876404962,Re_49p687640,hopf_transition,hopf,train,3169.49065708,92
2636,49.6876404962,Re_49p687640,hopf_transition,hopf,train,3191.81101382,93
2637,49.6876404962,Re_49p687640,hopf_transition,hopf,train,3214.13137056,94
2638,49.6876404962,Re_49p687640,hopf_transition,hopf,train,3236.4517273,95
2639,49.6876404962,Re_49p687640,hopf_transition,hopf,train,3258.77208404,96
2640,49.6876404962,Re_49p687640,hopf_transition,hopf,train,3281.09244078,97
2641,49.6876404962,Re_49p687640,hopf_transition,hopf,train,3303.41279752,98
2642,49.6876404962,Re_49p687640,hopf_transition,hopf,train,3325.73315426,99
2643,49.6876404962,Re_49p687640,hopf_transition,hopf,train,3348.053511,100
2644,49.6876404962,Re_49p687640,hopf_transition,hopf,train,3370.37386774,101
2645,49.6876404962,Re_49p687640,hopf_transition,hopf,train,3392.69422448,102
2646,49.6876404962,Re_49p687640,hopf_transition,hopf,train,3415.01458122,103
2647,49.6876404962,Re_49p687640,hopf_transition,hopf,train,3437.33493796,104
2648,49.6876404962,Re_49p687640,hopf_transition,hopf,train,3459.6552947,105
2649,49.6876404962,Re_49p687640,hopf_transition,hopf,train,3481.97565144,106
2650,49.6876404962,Re_49p687640,hopf_transition,hopf,train,3504.29600818,107
2651,49.6876404962,Re_49p687640,hopf_transition,hopf,train,3526.61636492,108
2652,49.6876404962,Re_49p687640,hopf_transition,hopf,train,3548.93672166,109
2653,49.6876404962,Re_49p687640,hopf_transition,hopf,train,3571.2570784,110
2654,49.6876404962,Re_49p687640,hopf_transition,hopf,train,3593.57743514,111
2655,49.6876404962,Re_49p687640,hopf_transition,hopf,train,3615.89779188,112
2656,49.6876404962,Re_49p687640,hopf_transition,hopf,train,3638.21814862,113
2657,49.6876404962,Re_49p687640,hopf_transition,hopf,train,3660.53850536,114
2658,49.6876404962,Re_49p687640,hopf_transition,hopf,train,3682.8588621,115
2659,49.6876404962,Re_49p687640,hopf_transition,hopf,train,3705.17921884,116
2660,49.6876404962,Re_49p687640,hopf_transition,hopf,train,3727.49957558,117
2661,49.6876404962,Re_49p687640,hopf_transition,hopf,train,3749.81993232,118
2662,49.6876404962,Re_49p687640,hopf_transition,hopf,train,3772.14028906,119
2663,49.6876404962,Re_49p687640,hopf_transition,hopf,train,3794.4606458,120
2664,49.6876404962,Re_49p687640,hopf_transition,hopf,train,3816.78100254,121
2665,49.6876404962,Re_49p687640,hopf_transition,hopf,train,3839.10135928,122
2666,49.6876404962,Re_49p687640,hopf_transition,hopf,train,3861.42171602,123
2667,49.6876404962,Re_49p687640,hopf_transition,hopf,train,3883.74207276,124
2668,49.6876404962,Re_49p687640,hopf_transition,hopf,train,3906.0624295,125
2669,49.6876404962,Re_49p687640,hopf_transition,hopf,train,3928.38278624,126
2670,49.6876404962,Re_49p687640,hopf_transition,hopf,train,3950.70314298,127
2671,49.6876404962,Re_49p687640,hopf_transition,hopf,train,3973.02349972,128
2672,49.6876404962,Re_49p687640,hopf_transition,hopf,train,3995.34385646,129
2673,49.6876404962,Re_49p687640,hopf_transition,hopf,train,4017.672,130
2674,49.6876404962,Re_49p687640,hopf_transition,hopf,train,4039.9924,131
2675,49.6876404962,Re_49p687640,hopf_transition,hopf,train,4062.3128,132
2676,49.6876404962,Re_49p687640,hopf_transition,hopf,train,4084.6332,133
2677,49.6876404962,Re_49p687640,hopf_transition,hopf,train,4106.9536,134
2678,49.6876404962,Re_49p687640,hopf_transition,hopf,train,4129.274,135
2679,49.6876404962,Re_49p687640,hopf_transition,hopf,train,4151.5944,136
2680,49.6876404962,Re_49p687640,hopf_transition,hopf,train,4173.9148,137
2681,49.6876404962,Re_49p687640,hopf_transition,hopf,train,4196.2352,138
2682,49.6876404962,Re_49p687640,hopf_transition,hopf,train,4218.5556,139
2683,49.6876404962,Re_49p687640,hopf_transition,hopf,train,4240.876,140
2684,49.6876404962,Re_49p687640,hopf_transition,hopf,train,4263.1964,141
2685,49.6876404962,Re_49p687640,hopf_transition,hopf,train,4285.5168,142
2686,49.6876404962,Re_49p687640,hopf_transition,hopf,train,4307.8372,143
2687,49.6876404962,Re_49p687640,hopf_transition,hopf,train,4330.1576,144
2688,49.6876404962,Re_49p687640,hopf_transition,hopf,train,4352.478,145
2689,49.6876404962,Re_49p687640,hopf_transition,hopf,train,4374.7984,146
2690,49.6876404962,Re_49p687640,hopf_transition,hopf,train,4397.1188,147
2691,49.6876404962,Re_49p687640,hopf_transition,hopf,train,4419.4392,148
2692,49.6876404962,Re_49p687640,hopf_transition,hopf,train,4441.7596,149
2693,49.6876404962,Re_49p687640,hopf_transition,hopf,train,4464.08,150
2694,49.6876404962,Re_49p687640,hopf_transition,hopf,train,4486.4004,151
2695,49.6876404962,Re_49p687640,hopf_transition,hopf,train,4508.7208,152
2696,49.6876404962,Re_49p687640,hopf_transition,hopf,train,4531.0412,153
2697,49.6876404962,Re_49p687640,hopf_transition,hopf,train,4553.3616,154
2698,49.6876404962,Re_49p687640,hopf_transition,hopf,train,4575.682,155
2699,49.6876404962,Re_49p687640,hopf_transition,hopf,train,4598.0024,156
2700,49.6876404962,Re_49p687640,hopf_transition,hopf,train,4620.3228,157
2701,49.6876404962,Re_49p687640,hopf_transition,hopf,train,4642.6432,158
2702,49.6876404962,Re_49p687640,hopf_transition,hopf,train,4664.9636,159
2703,49.6876404962,Re_49p687640,hopf_transition,hopf,train,4687.284,160
2704,49.6876404962,Re_49p687640,hopf_transition,hopf,train,4709.6044,161
2705,50.0,Re_50p000000,hopf_transition,hopf,train,1000.10001,0
2706,50.0,Re_50p000000,hopf_transition,hopf,train,1006.16287025,1
2707,50.0,Re_50p000000,hopf_transition,hopf,train,1028.03597612,2
2708,50.0,Re_50p000000,hopf_transition,hopf,train,1049.909082,3
2709,50.0,Re_50p000000,hopf_transition,hopf,train,1071.78218788,4
2710,50.0,Re_50p000000,hopf_transition,hopf,train,1093.65529375,5
2711,50.0,Re_50p000000,hopf_transition,hopf,train,1115.52839963,6
2712,50.0,Re_50p000000,hopf_transition,hopf,train,1137.4015055,7
2713,50.0,Re_50p000000,hopf_transition,hopf,train,1159.27461137,8
2714,50.0,Re_50p000000,hopf_transition,hopf,train,1181.14771725,9
2715,50.0,Re_50p000000,hopf_transition,hopf,train,1203.02082313,10
2716,50.0,Re_50p000000,hopf_transition,hopf,train,1224.893929,11
2717,50.0,Re_50p000000,hopf_transition,hopf,train,1246.76703488,12
2718,50.0,Re_50p000000,hopf_transition,hopf,train,1268.64014075,13
2719,50.0,Re_50p000000,hopf_transition,hopf,train,1290.51324662,14
2720,50.0,Re_50p000000,hopf_transition,hopf,train,1312.3863525,15
2721,50.0,Re_50p000000,hopf_transition,hopf,train,1334.25945838,16
2722,50.0,Re_50p000000,hopf_transition,hopf,train,1356.13256425,17
2723,50.0,Re_50p000000,hopf_transition,hopf,train,1378.00567013,18
2724,50.0,Re_50p000000,hopf_transition,hopf,train,1399.878776,19
2725,50.0,Re_50p000000,hopf_transition,hopf,train,1421.75188187,20
2726,50.0,Re_50p000000,hopf_transition,hopf,train,1443.62498775,21
2727,50.0,Re_50p000000,hopf_transition,hopf,train,1465.49809362,22
2728,50.0,Re_50p000000,hopf_transition,hopf,train,1487.3711995,23
2729,50.0,Re_50p000000,hopf_transition,hopf,train,1509.24430538,24
2730,50.0,Re_50p000000,hopf_transition,hopf,train,1531.11741125,25
2731,50.0,Re_50p000000,hopf_transition,hopf,train,1552.99051712,26
2732,50.0,Re_50p000000,hopf_transition,hopf,train,1574.863623,27
2733,50.0,Re_50p000000,hopf_transition,hopf,train,1596.73672887,28
2734,50.0,Re_50p000000,hopf_transition,hopf,train,1618.60983475,29
2735,50.0,Re_50p000000,hopf_transition,hopf,train,1640.48294063,30
2736,50.0,Re_50p000000,hopf_transition,hopf,train,1662.3560465,31
2737,50.0,Re_50p000000,hopf_transition,hopf,train,1684.22915238,32
2738,50.0,Re_50p000000,hopf_transition,hopf,train,1706.10225825,33
2739,50.0,Re_50p000000,hopf_transition,hopf,train,1727.97536412,34
2740,50.0,Re_50p000000,hopf_transition,hopf,train,1749.84847,35
2741,50.0,Re_50p000000,hopf_transition,hopf,train,1771.72157588,36
2742,50.0,Re_50p000000,hopf_transition,hopf,train,1793.59468175,37
2743,50.0,Re_50p000000,hopf_transition,hopf,train,1815.46778763,38
2744,50.0,Re_50p000000,hopf_transition,hopf,train,1837.3408935,39
2745,50.0,Re_50p000000,hopf_transition,hopf,train,1859.21399937,40
2746,50.0,Re_50p000000,hopf_transition,hopf,train,1881.08710525,41
2747,50.0,Re_50p000000,hopf_transition,hopf,train,1902.96021113,42
2748,50.0,Re_50p000000,hopf_transition,hopf,train,1924.833317,43
2749,50.0,Re_50p000000,hopf_transition,hopf,train,1946.70642288,44
2750,50.0,Re_50p000000,hopf_transition,hopf,train,1968.57952875,45
2751,50.0,Re_50p000000,hopf_transition,hopf,train,1990.45263462,46
2752,50.0,Re_50p000000,hopf_transition,hopf,train,2012.3257405,47
2753,50.0,Re_50p000000,hopf_transition,hopf,train,2034.19884638,48
2754,50.0,Re_50p000000,hopf_transition,hopf,train,2056.07195225,49
2755,50.0,Re_50p000000,hopf_transition,hopf,train,2077.94505812,50
2756,50.0,Re_50p000000,hopf_transition,hopf,train,2099.818164,51
2757,50.0,Re_50p000000,hopf_transition,hopf,train,2121.69126988,52
2758,50.0,Re_50p000000,hopf_transition,hopf,train,2143.56437575,53
2759,50.0,Re_50p000000,hopf_transition,hopf,train,2165.43748163,54
2760,50.0,Re_50p000000,hopf_transition,hopf,train,2187.3105875,55
2761,50.0,Re_50p000000,hopf_transition,hopf,train,2209.18369338,56
2762,50.0,Re_50p000000,hopf_transition,hopf,train,2231.05679925,57
2763,50.0,Re_50p000000,hopf_transition,hopf,train,2252.92990513,58
2764,50.0,Re_50p000000,hopf_transition,hopf,train,2274.803011,59
2765,50.0,Re_50p000000,hopf_transition,hopf,train,2296.67611687,60
2766,50.0,Re_50p000000,hopf_transition,hopf,train,2318.54922275,61
2767,50.0,Re_50p000000,hopf_transition,hopf,train,2340.42232862,62
2768,50.0,Re_50p000000,hopf_transition,hopf,train,2362.2954345,63
2769,50.0,Re_50p000000,hopf_transition,hopf,train,2384.16854038,64
2770,50.0,Re_50p000000,hopf_transition,hopf,train,2406.04164625,65
2771,50.0,Re_50p000000,hopf_transition,hopf,train,2427.91475213,66
2772,50.0,Re_50p000000,hopf_transition,hopf,train,2449.787858,67
2773,50.0,Re_50p000000,hopf_transition,hopf,train,2471.66096388,68
2774,50.0,Re_50p000000,hopf_transition,hopf,train,2493.53406975,69
2775,50.0,Re_50p000000,hopf_transition,hopf,train,2515.40717563,70
2776,50.0,Re_50p000000,hopf_transition,hopf,train,2537.2802815,71
2777,50.0,Re_50p000000,hopf_transition,hopf,train,2559.15338737,72
2778,50.0,Re_50p000000,hopf_transition,hopf,train,2581.02649325,73
2779,50.0,Re_50p000000,hopf_transition,hopf,train,2602.89959912,74
2780,50.0,Re_50p000000,hopf_transition,hopf,train,2624.772705,75
2781,50.0,Re_50p000000,hopf_transition,hopf,train,2646.64581087,76
2782,50.0,Re_50p000000,hopf_transition,hopf,train,2668.51891675,77
2783,50.0,Re_50p000000,hopf_transition,hopf,train,2690.39202263,78
2784,50.0,Re_50p000000,hopf_transition,hopf,train,2712.2651285,79
2785,50.0,Re_50p000000,hopf_transition,hopf,train,2734.13823438,80
2786,50.0,Re_50p000000,hopf_transition,hopf,train,2756.01134025,81
2787,50.0,Re_50p000000,hopf_transition,hopf,train,2777.88444613,82
2788,50.0,Re_50p000000,hopf_transition,hopf,train,2799.757552,83
2789,50.0,Re_50p000000,hopf_transition,hopf,train,2821.63065787,84
2790,50.0,Re_50p000000,hopf_transition,hopf,train,2843.50376375,85
2791,50.0,Re_50p000000,hopf_transition,hopf,train,2865.37686962,86
2792,50.0,Re_50p000000,hopf_transition,hopf,train,2887.2499755,87
2793,50.0,Re_50p000000,hopf_transition,hopf,train,2909.12308137,88
2794,50.0,Re_50p000000,hopf_transition,hopf,train,2930.99618725,89
2795,50.0,Re_50p000000,hopf_transition,hopf,train,2952.86929313,90
2796,50.0,Re_50p000000,hopf_transition,hopf,train,2974.742399,91
2797,50.0,Re_50p000000,hopf_transition,hopf,train,2996.61550488,92
2798,50.0,Re_50p000000,hopf_transition,hopf,train,3018.48861075,93
2799,50.0,Re_50p000000,hopf_transition,hopf,train,3040.36171663,94
2800,50.0,Re_50p000000,hopf_transition,hopf,train,3062.2348225,95
2801,50.0,Re_50p000000,hopf_transition,hopf,train,3084.10792838,96
2802,50.0,Re_50p000000,hopf_transition,hopf,train,3105.98103425,97
2803,50.0,Re_50p000000,hopf_transition,hopf,train,3127.85414012,98
2804,50.0,Re_50p000000,hopf_transition,hopf,train,3149.727246,99
2805,50.0,Re_50p000000,hopf_transition,hopf,train,3171.60035187,100
2806,50.0,Re_50p000000,hopf_transition,hopf,train,3193.47345775,101
2807,50.0,Re_50p000000,hopf_transition,hopf,train,3215.34656362,102
2808,50.0,Re_50p000000,hopf_transition,hopf,train,3237.2196695,103
2809,50.0,Re_50p000000,hopf_transition,hopf,train,3259.09277538,104
2810,50.0,Re_50p000000,hopf_transition,hopf,train,3280.96588125,105
2811,50.0,Re_50p000000,hopf_transition,hopf,train,3302.83898713,106
2812,50.0,Re_50p000000,hopf_transition,hopf,train,3324.712093,107
2813,50.0,Re_50p000000,hopf_transition,hopf,train,3346.58519888,108
2814,50.0,Re_50p000000,hopf_transition,hopf,train,3368.45830475,109
2815,50.0,Re_50p000000,hopf_transition,hopf,train,3390.33141062,110
2816,50.0,Re_50p000000,hopf_transition,hopf,train,3412.2045165,111
2817,50.0,Re_50p000000,hopf_transition,hopf,train,3434.07762237,112
2818,50.0,Re_50p000000,hopf_transition,hopf,train,3455.95072825,113
2819,50.0,Re_50p000000,hopf_transition,hopf,train,3477.82383412,114
2820,50.0,Re_50p000000,hopf_transition,hopf,train,3499.69694,115
2821,50.0,Re_50p000000,hopf_transition,hopf,train,3521.57004588,116
2822,50.0,Re_50p000000,hopf_transition,hopf,train,3543.44315175,117
2823,50.0,Re_50p000000,hopf_transition,hopf,train,3565.31625763,118
2824,50.0,Re_50p000000,hopf_transition,hopf,train,3587.1893635,119
2825,50.0,Re_50p000000,hopf_transition,hopf,train,3609.06246938,120
2826,50.0,Re_50p000000,hopf_transition,hopf,train,3630.93557525,121
2827,50.0,Re_50p000000,hopf_transition,hopf,train,3652.80868113,122
2828,50.0,Re_50p000000,hopf_transition,hopf,train,3674.681787,123
2829,50.0,Re_50p000000,hopf_transition,hopf,train,3696.55489287,124
2830,50.0,Re_50p000000,hopf_transition,hopf,train,3718.42799875,125
2831,50.0,Re_50p000000,hopf_transition,hopf,train,3740.30110462,126
2832,50.0,Re_50p000000,hopf_transition,hopf,train,3762.1742105,127
2833,50.0,Re_50p000000,hopf_transition,hopf,train,3784.04731638,128
2834,50.0,Re_50p000000,hopf_transition,hopf,train,3805.92042225,129
2835,50.0,Re_50p000000,hopf_transition,hopf,train,3827.79352813,130
2836,50.0,Re_50p000000,hopf_transition,hopf,train,3849.666634,131
2837,50.0,Re_50p000000,hopf_transition,hopf,train,3871.53973988,132
2838,50.0,Re_50p000000,hopf_transition,hopf,train,3893.41284575,133
2839,50.0,Re_50p000000,hopf_transition,hopf,train,3915.28595163,134
2840,50.0,Re_50p000000,hopf_transition,hopf,train,3937.1590575,135
2841,50.0,Re_50p000000,hopf_transition,hopf,train,3959.03216337,136
2842,50.0,Re_50p000000,hopf_transition,hopf,train,3980.90526925,137
2843,50.0,Re_50p000000,hopf_transition,hopf,train,4002.77837512,138
2844,50.0,Re_50p000000,hopf_transition,hopf,train,4024.651481,139
2845,50.0,Re_50p000000,hopf_transition,hopf,train,4046.52458687,140
2846,50.0,Re_50p000000,hopf_transition,hopf,train,4068.39769275,141
2847,50.0,Re_50p000000,hopf_transition,hopf,train,4090.27079863,142
2848,50.0,Re_50p000000,hopf_transition,hopf,train,4112.1439045,143
2849,50.0,Re_50p000000,hopf_transition,hopf,train,4134.01701037,144
2850,50.0,Re_50p000000,hopf_transition,hopf,train,4155.89011625,145
2851,50.0,Re_50p000000,hopf_transition,hopf,train,4177.76322212,146
2852,50.0,Re_50p000000,hopf_transition,hopf,train,4199.636328,147
2853,50.0,Re_50p000000,hopf_transition,hopf,train,4221.50943388,148
2854,50.0,Re_50p000000,hopf_transition,hopf,train,4243.38253975,149
2855,50.0,Re_50p000000,hopf_transition,hopf,train,4265.25564563,150
2856,50.0,Re_50p000000,hopf_transition,hopf,train,4287.1287515,151
2857,50.0,Re_50p000000,hopf_transition,hopf,train,4309.00185738,152
2858,50.0,Re_50p000000,hopf_transition,hopf,train,4330.87496325,153
2859,50.0,Re_50p000000,hopf_transition,hopf,train,4352.74806913,154
2860,50.0,Re_50p000000,hopf_transition,hopf,train,4374.621175,155
2861,50.0,Re_50p000000,hopf_transition,hopf,train,4396.49428088,156
2862,50.0,Re_50p000000,hopf_transition,hopf,train,4418.36738675,157
2863,50.0,Re_50p000000,hopf_transition,hopf,train,4440.24049263,158
2864,50.0,Re_50p000000,hopf_transition,hopf,train,4462.1135985,159
2865,50.0,Re_50p000000,hopf_transition,hopf,train,4483.98670438,160
2866,50.3680543703,Re_50p368054,hopf_transition,hopf,train,988.09757989,0
2867,50.3680543703,Re_50p368054,hopf_transition,hopf,train,997.91535963,1
2868,50.3680543703,Re_50p368054,hopf_transition,hopf,train,1019.6091718,2
2869,50.3680543703,Re_50p368054,hopf_transition,hopf,train,1041.30298396,3
2870,50.3680543703,Re_50p368054,hopf_transition,hopf,train,1062.99679613,4
2871,50.3680543703,Re_50p368054,hopf_transition,hopf,train,1084.69060829,5
2872,50.3680543703,Re_50p368054,hopf_transition,hopf,train,1106.38442046,6
2873,50.3680543703,Re_50p368054,hopf_transition,hopf,train,1128.07823263,7
2874,50.3680543703,Re_50p368054,hopf_transition,hopf,train,1149.77204479,8
2875,50.3680543703,Re_50p368054,hopf_transition,hopf,train,1171.46585696,9
2876,50.3680543703,Re_50p368054,hopf_transition,hopf,train,1193.15966912,10
2877,50.3680543703,Re_50p368054,hopf_transition,hopf,train,1214.85348129,11
2878,50.3680543703,Re_50p368054,hopf_transition,hopf,train,1236.54729346,12
2879,50.3680543703,Re_50p368054,hopf_transition,hopf,train,1258.24110562,13
2880,50.3680543703,Re_50p368054,hopf_transition,hopf,train,1279.93491779,14
2881,50.3680543703,Re_50p368054,hopf_transition,hopf,train,1301.62872995,15
2882,50.3680543703,Re_50p368054,hopf_transition,hopf,train,1323.32254212,16
2883,50.3680543703,Re_50p368054,hopf_transition,hopf,train,1345.01635429,17
2884,50.3680543703,Re_50p368054,hopf_transition,hopf,train,1366.71016645,18
2885,50.3680543703,Re_50p368054,hopf_transition,hopf,train,1388.40397862,19
2886,50.3680543703,Re_50p368054,hopf_transition,hopf,train,1410.09779078,20
2887,50.3680543703,Re_50p368054,hopf_transition,hopf,train,1431.79160295,21
2888,50.3680543703,Re_50p368054,hopf_transition,hopf,train,1453.48541512,22
2889,50.3680543703,Re_50p368054,hopf_transition,hopf,train,1475.17922728,23
2890,50.3680543703,Re_50p368054,hopf_transition,hopf,train,1496.87303945,24
2891,50.3680543703,Re_50p368054,hopf_transition,hopf,train,1518.56685161,25
2892,50.3680543703,Re_50p368054,hopf_transition,hopf,train,1540.26066378,26
2893,50.3680543703,Re_50p368054,hopf_transition,hopf,train,1561.95447594,27
2894,50.3680543703,Re_50p368054,hopf_transition,hopf,train,1583.64828811,28
2895,50.3680543703,Re_50p368054,hopf_transition,hopf,train,1605.34210028,29
2896,50.3680543703,Re_50p368054,hopf_transition,hopf,train,1627.03591244,30
2897,50.3680543703,Re_50p368054,hopf_transition,hopf,train,1648.72972461,31
2898,50.3680543703,Re_50p368054,hopf_transition,hopf,train,1670.42353677,32
2899,50.3680543703,Re_50p368054,hopf_transition,hopf,train,1692.11734894,33
2900,50.3680543703,Re_50p368054,hopf_transition,hopf,train,1713.81116111,34
2901,50.3680543703,Re_50p368054,hopf_transition,hopf,train,1735.50497327,35
2902,50.3680543703,Re_50p368054,hopf_transition,hopf,train,1757.19878544,36
2903,50.3680543703,Re_50p368054,hopf_transition,hopf,train,1778.8925976,37
2904,50.3680543703,Re_50p368054,hopf_transition,hopf,train,1800.58640977,38
2905,50.3680543703,Re_50p368054,hopf_transition,hopf,train,1822.28022194,39
2906,50.3680543703,Re_50p368054,hopf_transition,hopf,train,1843.9740341,40
2907,50.3680543703,Re_50p368054,hopf_transition,hopf,train,1865.66784627,41
2908,50.3680543703,Re_50p368054,hopf_transition,hopf,train,1887.36165843,42
2909,50.3680543703,Re_50p368054,hopf_transition,hopf,train,1909.0554706,43
2910,50.3680543703,Re_50p368054,hopf_transition,hopf,train,1930.74928277,44
2911,50.3680543703,Re_50p368054,hopf_transition,hopf,train,1952.44309493,45
2912,50.3680543703,Re_50p368054,hopf_transition,hopf,train,1974.1369071,46
2913,50.3680543703,Re_50p368054,hopf_transition,hopf,train,1995.83071926,47
2914,50.3680543703,Re_50p368054,hopf_transition,hopf,train,2017.52453143,48
2915,50.3680543703,Re_50p368054,hopf_transition,hopf,train,2039.21834359,49
2916,50.3680543703,Re_50p368054,hopf_transition,hopf,train,2060.91215576,50
2917,50.3680543703,Re_50p368054,hopf_transition,hopf,train,2082.60596793,51
2918,50.3680543703,Re_50p368054,hopf_transition,hopf,train,2104.29978009,52
2919,50.3680543703,Re_50p368054,hopf_transition,hopf,train,2125.99359226,53
2920,50.3680543703,Re_50p368054,hopf_transition,hopf,train,2147.68740442,54
2921,50.3680543703,Re_50p368054,hopf_transition,hopf,train,2169.38121659,55
2922,50.3680543703,Re_50p368054,hopf_transition,hopf,train,2191.07502876,56
2923,50.3680543703,Re_50p368054,hopf_transition,hopf,train,2212.76884092,57
2924,50.3680543703,Re_50p368054,hopf_transition,hopf,train,2234.46265309,58
2925,50.3680543703,Re_50p368054,hopf_transition,hopf,train,2256.15646525,59
2926,50.3680543703,Re_50p368054,hopf_transition,hopf,train,2277.85027742,60
2927,50.3680543703,Re_50p368054,hopf_transition,hopf,train,2299.54408959,61
2928,50.3680543703,Re_50p368054,hopf_transition,hopf,train,2321.23790175,62
2929,50.3680543703,Re_50p368054,hopf_transition,hopf,train,2342.93171392,63
2930,50.3680543703,Re_50p368054,hopf_transition,hopf,train,2364.62552608,64
2931,50.3680543703,Re_50p368054,hopf_transition,hopf,train,2386.31933825,65
2932,50.3680543703,Re_50p368054,hopf_transition,hopf,train,2408.01315041,66
2933,50.3680543703,Re_50p368054,hopf_transition,hopf,train,2429.70696258,67
2934,50.3680543703,Re_50p368054,hopf_transition,hopf,train,2451.40077475,68
2935,50.3680543703,Re_50p368054,hopf_transition,hopf,train,2473.09458691,69
2936,50.3680543703,Re_50p368054,hopf_transition,hopf,train,2494.78839908,70
2937,50.3680543703,Re_50p368054,hopf_transition,hopf,train,2516.48221124,71
2938,50.3680543703,Re_50p368054,hopf_transition,hopf,train,2538.17602341,72
2939,50.3680543703,Re_50p368054,hopf_transition,hopf,train,2559.86983558,73
2940,50.3680543703,Re_50p368054,hopf_transition,hopf,train,2581.56364774,74
2941,50.3680543703,Re_50p368054,hopf_transition,hopf,train,2603.25745991,75
2942,50.3680543703,Re_50p368054,hopf_transition,hopf,train,2624.95127207,76
2943,50.3680543703,Re_50p368054,hopf_transition,hopf,train,2646.64508424,77
2944,50.3680543703,Re_50p368054,hopf_transition,hopf,train,2668.33889641,78
2945,50.3680543703,Re_50p368054,hopf_transition,hopf,train,2690.03270857,79
2946,50.3680543703,Re_50p368054,hopf_transition,hopf,train,2711.72652074,80
2947,50.3680543703,Re_50p368054,hopf_transition,hopf,train,2733.4203329,81
2948,50.3680543703,Re_50p368054,hopf_transition,hopf,train,2755.11414507,82
2949,50.3680543703,Re_50p368054,hopf_transition,hopf,train,2776.80795724,83
2950,50.3680543703,Re_50p368054,hopf_transition,hopf,train,2798.5017694,84
2951,50.3680543703,Re_50p368054,hopf_transition,hopf,train,2820.19558157,85
2952,50.3680543703,Re_50p368054,hopf_transition,hopf,train,2841.88939373,86
2953,50.3680543703,Re_50p368054,hopf_transition,hopf,train,2863.5832059,87
2954,50.3680543703,Re_50p368054,hopf_transition,hopf,train,2885.27701806,88
2955,50.3680543703,Re_50p368054,hopf_transition,hopf,train,2906.97083023,89
2956,50.3680543703,Re_50p368054,hopf_transition,hopf,train,2928.6646424,90
2957,50.3680543703,Re_50p368054,hopf_transition,hopf,train,2950.35845456,91
2958,50.3680543703,Re_50p368054,hopf_transition,hopf,train,2972.05226673,92
2959,50.3680543703,Re_50p368054,hopf_transition,hopf,train,2993.74607889,93
2960,50.3680543703,Re_50p368054,hopf_transition,hopf,train,3015.43989106,94
2961,50.3680543703,Re_50p368054,hopf_transition,hopf,train,3037.13370323,95
2962,50.3680543703,Re_50p368054,hopf_transition,hopf,train,3058.82751539,96
2963,50.3680543703,Re_50p368054,hopf_transition,hopf,train,3080.52132756,97
2964,50.3680543703,Re_50p368054,hopf_transition,hopf,train,3102.21513972,98
2965,50.3680543703,Re_50p368054,hopf_transition,hopf,train,3123.90895189,99
2966,50.3680543703,Re_50p368054,hopf_transition,hopf,train,3145.60276406,100
2967,50.3680543703,Re_50p368054,hopf_transition,hopf,train,3167.29657622,101
2968,50.3680543703,Re_50p368054,hopf_transition,hopf,train,3188.99038839,102
2969,50.3680543703,Re_50p368054,hopf_transition,hopf,train,3210.68420055,103
2970,50.3680543703,Re_50p368054,hopf_transition,hopf,train,3232.37801272,104
2971,50.3680543703,Re_50p368054,hopf_transition,hopf,train,3254.07182488,105
2972,50.3680543703,Re_50p368054,hopf_transition,hopf,train,3275.76563705,106
2973,50.3680543703,Re_50p368054,hopf_transition,hopf,train,3297.45944922,107
2974,50.3680543703,Re_50p368054,hopf_transition,hopf,train,3319.15326138,108
2975,50.3680543703,Re_50p368054,hopf_transition,hopf,train,3340.84707355,109
2976,50.3680543703,Re_50p368054,hopf_transition,hopf,train,3362.54088571,110
2977,50.3680543703,Re_50p368054,hopf_transition,hopf,train,3384.23469788,111
2978,50.3680543703,Re_50p368054,hopf_transition,hopf,train,3405.92851005,112
2979,50.3680543703,Re_50p368054,hopf_transition,hopf,train,3427.62232221,113
2980,50.3680543703,Re_50p368054,hopf_transition,hopf,train,3449.31613438,114
2981,50.3680543703,Re_50p368054,hopf_transition,hopf,train,3471.00994654,115
2982,50.3680543703,Re_50p368054,hopf_transition,hopf,train,3492.70375871,116
2983,50.3680543703,Re_50p368054,hopf_transition,hopf,train,3514.39757088,117
2984,50.3680543703,Re_50p368054,hopf_transition,hopf,train,3536.09138304,118
2985,50.3680543703,Re_50p368054,hopf_transition,hopf,train,3557.78519521,119
2986,50.3680543703,Re_50p368054,hopf_transition,hopf,train,3579.47900737,120
2987,50.3680543703,Re_50p368054,hopf_transition,hopf,train,3601.17281954,121
2988,50.3680543703,Re_50p368054,hopf_transition,hopf,train,3622.86663171,122
2989,50.3680543703,Re_50p368054,hopf_transition,hopf,train,3644.56044387,123
2990,50.3680543703,Re_50p368054,hopf_transition,hopf,train,3666.25425604,124
2991,50.3680543703,Re_50p368054,hopf_transition,hopf,train,3687.9480682,125
2992,50.3680543703,Re_50p368054,hopf_transition,hopf,train,3709.64188037,126
2993,50.3680543703,Re_50p368054,hopf_transition,hopf,train,3731.33569253,127
2994,50.3680543703,Re_50p368054,hopf_transition,hopf,train,3753.0295047,128
2995,50.3680543703,Re_50p368054,hopf_transition,hopf,train,3774.72331687,129
2996,50.3680543703,Re_50p368054,hopf_transition,hopf,train,3796.41712903,130
2997,50.3680543703,Re_50p368054,hopf_transition,hopf,train,3818.1109412,131
2998,50.3680543703,Re_50p368054,hopf_transition,hopf,train,3839.80475336,132
2999,50.3680543703,Re_50p368054,hopf_transition,hopf,train,3861.49856553,133
3000,50.3680543703,Re_50p368054,hopf_transition,hopf,train,3883.1902,134
3001,50.3680543703,Re_50p368054,hopf_transition,hopf,train,3904.884,135
3002,50.3680543703,Re_50p368054,hopf_transition,hopf,train,3926.5778,136
3003,50.3680543703,Re_50p368054,hopf_transition,hopf,train,3948.2716,137
3004,50.3680543703,Re_50p368054,hopf_transition,hopf,train,3969.9654,138
3005,50.3680543703,Re_50p368054,hopf_transition,hopf,train,3991.6592,139
3006,50.3680543703,Re_50p368054,hopf_transition,hopf,train,4013.353,140
3007,50.3680543703,Re_50p368054,hopf_transition,hopf,train,4035.0468,141
3008,50.3680543703,Re_50p368054,hopf_transition,hopf,train,4056.7406,142
3009,50.3680543703,Re_50p368054,hopf_transition,hopf,train,4078.4344,143
3010,50.3680543703,Re_50p368054,hopf_transition,hopf,train,4100.1282,144
3011,50.3680543703,Re_50p368054,hopf_transition,hopf,train,4121.822,145
3012,50.3680543703,Re_50p368054,hopf_transition,hopf,train,4143.5158,146
3013,50.3680543703,Re_50p368054,hopf_transition,hopf,train,4165.2096,147
3014,50.3680543703,Re_50p368054,hopf_transition,hopf,train,4186.9034,148
3015,50.3680543703,Re_50p368054,hopf_transition,hopf,train,4208.5972,149
3016,50.3680543703,Re_50p368054,hopf_transition,hopf,train,4230.291,150
3017,50.3680543703,Re_50p368054,hopf_transition,hopf,train,4251.9848,151
3018,50.3680543703,Re_50p368054,hopf_transition,hopf,train,4273.6786,152
3019,50.3680543703,Re_50p368054,hopf_transition,hopf,train,4295.3724,153
3020,50.3680543703,Re_50p368054,hopf_transition,hopf,train,4317.0662,154
3021,50.3680543703,Re_50p368054,hopf_transition,hopf,train,4338.76,155
3022,50.3680543703,Re_50p368054,hopf_transition,hopf,train,4360.4538,156
3023,50.3680543703,Re_50p368054,hopf_transition,hopf,train,4382.1476,157
3024,50.3680543703,Re_50p368054,hopf_transition,hopf,train,4403.8414,158
3025,50.3680543703,Re_50p368054,hopf_transition,hopf,train,4425.5352,159
3026,50.3680543703,Re_50p368054,hopf_transition,hopf,train,4447.229,160
3027,51.066784903,Re_51p066785,hopf_transition,hopf,train,1086.84741507,0
3028,51.066784903,Re_51p066785,hopf_transition,hopf,train,1098.90488873,1
3029,51.066784903,Re_51p066785,hopf_transition,hopf,train,1120.45204341,2
3030,51.066784903,Re_51p066785,hopf_transition,hopf,train,1141.99919809,3
3031,51.066784903,Re_51p066785,hopf_transition,hopf,train,1163.54635277,4
3032,51.066784903,Re_51p066785,hopf_transition,hopf,train,1185.09350745,5
3033,51.066784903,Re_51p066785,hopf_transition,hopf,train,1206.64066213,6
3034,51.066784903,Re_51p066785,hopf_transition,hopf,train,1228.18781681,7
3035,51.066784903,Re_51p066785,hopf_transition,hopf,train,1249.73497149,8
3036,51.066784903,Re_51p066785,hopf_transition,hopf,train,1271.28212617,9
3037,51.066784903,Re_51p066785,hopf_transition,hopf,train,1292.82928085,10
3038,51.066784903,Re_51p066785,hopf_transition,hopf,train,1314.37643553,11
3039,51.066784903,Re_51p066785,hopf_transition,hopf,train,1335.92359022,12
3040,51.066784903,Re_51p066785,hopf_transition,hopf,train,1357.4707449,13
3041,51.066784903,Re_51p066785,hopf_transition,hopf,train,1379.01789958,14
3042,51.066784903,Re_51p066785,hopf_transition,hopf,train,1400.56505426,15
3043,51.066784903,Re_51p066785,hopf_transition,hopf,train,1422.11220894,16
3044,51.066784903,Re_51p066785,hopf_transition,hopf,train,1443.65936362,17
3045,51.066784903,Re_51p066785,hopf_transition,hopf,train,1465.2065183,18
3046,51.066784903,Re_51p066785,hopf_transition,hopf,train,1486.75367298,19
3047,51.066784903,Re_51p066785,hopf_transition,hopf,train,1508.30082766,20
3048,51.066784903,Re_51p066785,hopf_transition,hopf,train,1529.84798234,21
3049,51.066784903,Re_51p066785,hopf_transition,hopf,train,1551.39513702,22
3050,51.066784903,Re_51p066785,hopf_transition,hopf,train,1572.94229171,23
3051,51.066784903,Re_51p066785,hopf_transition,hopf,train,1594.48944639,24
3052,51.066784903,Re_51p066785,hopf_transition,hopf,train,1616.03660107,25
3053,51.066784903,Re_51p066785,hopf_transition,hopf,train,1637.58375575,26
3054,51.066784903,Re_51p066785,hopf_transition,hopf,train,1659.13091043,27
3055,51.066784903,Re_51p066785,hopf_transition,hopf,train,1680.67806511,28
3056,51.066784903,Re_51p066785,hopf_transition,hopf,train,1702.22521979,29
3057,51.066784903,Re_51p066785,hopf_transition,hopf,train,1723.77237447,30
3058,51.066784903,Re_51p066785,hopf_transition,hopf,train,1745.31952915,31
3059,51.066784903,Re_51p066785,hopf_transition,hopf,train,1766.86668383,32
3060,51.066784903,Re_51p066785,hopf_transition,hopf,train,1788.41383851,33
3061,51.066784903,Re_51p066785,hopf_transition,hopf,train,1809.9609932,34
3062,51.066784903,Re_51p066785,hopf_transition,hopf,train,1831.50814788,35
3063,51.066784903,Re_51p066785,hopf_transition,hopf,train,1853.05530256,36
3064,51.066784903,Re_51p066785,hopf_transition,hopf,train,1874.60245724,37
3065,51.066784903,Re_51p066785,hopf_transition,hopf,train,1896.14961192,38
3066,51.066784903,Re_51p066785,hopf_transition,hopf,train,1917.6967666,39
3067,51.066784903,Re_51p066785,hopf_transition,hopf,train,1939.24392128,40
3068,51.066784903,Re_51p066785,hopf_transition,hopf,train,1960.79107596,41
3069,51.066784903,Re_51p066785,hopf_transition,hopf,train,1982.33823064,42
3070,51.066784903,Re_51p066785,hopf_transition,hopf,train,2003.88538532,43
3071,51.066784903,Re_51p066785,hopf_transition,hopf,train,2025.43254,44
3072,51.066784903,Re_51p066785,hopf_transition,hopf,train,2046.97969469,45
3073,51.066784903,Re_51p066785,hopf_transition,hopf,train,2068.52684937,46
3074,51.066784903,Re_51p066785,hopf_transition,hopf,train,2090.07400405,47
3075,51.066784903,Re_51p066785,hopf_transition,hopf,train,2111.62115873,48
3076,51.066784903,Re_51p066785,hopf_transition,hopf,train,2133.16831341,49
3077,51.066784903,Re_51p066785,hopf_transition,hopf,train,2154.71546809,50
3078,51.066784903,Re_51p066785,hopf_transition,hopf,train,2176.26262277,51
3079,51.066784903,Re_51p066785,hopf_transition,hopf,train,2197.80977745,52
3080,51.066784903,Re_51p066785,hopf_transition,hopf,train,2219.35693213,53
3081,51.066784903,Re_51p066785,hopf_transition,hopf,train,2240.90408681,54
3082,51.066784903,Re_51p066785,hopf_transition,hopf,train,2262.45124149,55
3083,51.066784903,Re_51p066785,hopf_transition,hopf,train,2283.99839618,56
3084,51.066784903,Re_51p066785,hopf_transition,hopf,train,2305.54555086,57
3085,51.066784903,Re_51p066785,hopf_transition,hopf,train,2327.09270554,58
3086,51.066784903,Re_51p066785,hopf_transition,hopf,train,2348.63986022,59
3087,51.066784903,Re_51p066785,hopf_transition,hopf,train,2370.1870149,60
3088,51.066784903,Re_51p066785,hopf_transition,hopf,train,2391.73416958,61
3089,51.066784903,Re_51p066785,hopf_transition,hopf,train,2413.28132426,62
3090,51.066784903,Re_51p066785,hopf_transition,hopf,train,2434.82847894,63
3091,51.066784903,Re_51p066785,hopf_transition,hopf,train,2456.37563362,64
3092,51.066784903,Re_51p066785,hopf_transition,hopf,train,2477.9227883,65
3093,51.066784903,Re_51p066785,hopf_transition,hopf,train,2499.46994298,66
3094,51.066784903,Re_51p066785,hopf_transition,hopf,train,2521.01709767,67
3095,51.066784903,Re_51p066785,hopf_transition,hopf,train,2542.56425235,68
3096,51.066784903,Re_51p066785,hopf_transition,hopf,train,2564.11140703,69
3097,51.066784903,Re_51p066785,hopf_transition,hopf,train,2585.65856171,70
3098,51.066784903,Re_51p066785,hopf_transition,hopf,train,2607.20571639,71
3099,51.066784903,Re_51p066785,hopf_transition,hopf,train,2628.75287107,72
3100,51.066784903,Re_51p066785,hopf_transition,hopf,train,2650.30002575,73
3101,51.066784903,Re_51p066785,hopf_transition,hopf,train,2671.84718043,74
3102,51.066784903,Re_51p066785,hopf_transition,hopf,train,2693.39433511,75
3103,51.066784903,Re_51p066785,hopf_transition,hopf,train,2714.94148979,76
3104,51.066784903,Re_51p066785,hopf_transition,hopf,train,2736.48864447,77
3105,51.066784903,Re_51p066785,hopf_transition,hopf,train,2758.03579916,78
3106,51.066784903,Re_51p066785,hopf_transition,hopf,train,2779.58295384,79
3107,51.066784903,Re_51p066785,hopf_transition,hopf,train,2801.13010852,80
3108,51.066784903,Re_51p066785,hopf_transition,hopf,train,2822.6772632,81
3109,51.066784903,Re_51p066785,hopf_transition,hopf,train,2844.22441788,82
3110,51.066784903,Re_51p066785,hopf_transition,hopf,train,2865.77157256,83
3111,51.066784903,Re_51p066785,hopf_transition,hopf,train,2887.31872724,84
3112,51.066784903,Re_51p066785,hopf_transition,hopf,train,2908.86588192,85
3113,51.066784903,Re_51p066785,hopf_transition,hopf,train,2930.4130366,86
3114,51.066784903,Re_51p066785,hopf_transition,hopf,train,2951.96019128,87
3115,51.066784903,Re_51p066785,hopf_transition,hopf,train,2973.50734596,88
3116,51.066784903,Re_51p066785,hopf_transition,hopf,train,2995.05450065,89
3117,51.066784903,Re_51p066785,hopf_transition,hopf,train,3016.60165533,90
3118,51.066784903,Re_51p066785,hopf_transition,hopf,train,3038.14881001,91
3119,51.066784903,Re_51p066785,hopf_transition,hopf,train,3059.69596469,92
3120,51.066784903,Re_51p066785,hopf_transition,hopf,train,3081.24311937,93
3121,51.066784903,Re_51p066785,hopf_transition,hopf,train,3102.79027405,94
3122,51.066784903,Re_51p066785,hopf_transition,hopf,train,3124.33742873,95
3123,51.066784903,Re_51p066785,hopf_transition,hopf,train,3145.88458341,96
3124,51.066784903,Re_51p066785,hopf_transition,hopf,train,3167.43173809,97
3125,51.066784903,Re_51p066785,hopf_transition,hopf,train,3188.97889277,98
3126,51.066784903,Re_51p066785,hopf_transition,hopf,train,3210.52604745,99
3127,51.066784903,Re_51p066785,hopf_transition,hopf,train,3232.07320213,100
3128,51.066784903,Re_51p066785,hopf_transition,hopf,train,3253.62035682,101
3129,51.066784903,Re_51p066785,hopf_transition,hopf,train,3275.1675115,102
3130,51.066784903,Re_51p066785,hopf_transition,hopf,train,3296.71466618,103
3131,51.066784903,Re_51p066785,hopf_transition,hopf,train,3318.26182086,104
3132,51.066784903,Re_51p066785,hopf_transition,hopf,train,3339.80897554,105
3133,51.066784903,Re_51p066785,hopf_transition,hopf,train,3361.35613022,106
3134,51.066784903,Re_51p066785,hopf_transition,hopf,train,3382.9032849,107
3135,51.066784903,Re_51p066785,hopf_transition,hopf,train,3404.45043958,108
3136,51.066784903,Re_51p066785,hopf_transition,hopf,train,3425.99759426,109
3137,51.066784903,Re_51p066785,hopf_transition,hopf,train,3447.54474894,110
3138,51.066784903,Re_51p066785,hopf_transition,hopf,train,3469.09190362,111
3139,51.066784903,Re_51p066785,hopf_transition,hopf,train,3490.63905831,112
3140,51.066784903,Re_51p066785,hopf_transition,hopf,train,3512.18621299,113
3141,51.066784903,Re_51p066785,hopf_transition,hopf,train,3533.73336767,114
3142,51.066784903,Re_51p066785,hopf_transition,hopf,train,3555.28052235,115
3143,51.066784903,Re_51p066785,hopf_transition,hopf,train,3576.82767703,116
3144,51.066784903,Re_51p066785,hopf_transition,hopf,train,3598.37483171,117
3145,51.066784903,Re_51p066785,hopf_transition,hopf,train,3619.92198639,118
3146,51.066784903,Re_51p066785,hopf_transition,hopf,train,3641.46914107,119
3147,51.066784903,Re_51p066785,hopf_transition,hopf,train,3663.01629575,120
3148,51.066784903,Re_51p066785,hopf_transition,hopf,train,3684.56345043,121
3149,51.066784903,Re_51p066785,hopf_transition,hopf,train,3706.11060511,122
3150,51.066784903,Re_51p066785,hopf_transition,hopf,train,3727.6656,123
3151,51.066784903,Re_51p066785,hopf_transition,hopf,train,3749.2128,124
3152,51.066784903,Re_51p066785,hopf_transition,hopf,train,3770.76,125
3153,51.066784903,Re_51p066785,hopf_transition,hopf,train,3792.3072,126
3154,51.066784903,Re_51p066785,hopf_transition,hopf,train,3813.8544,127
3155,51.066784903,Re_51p066785,hopf_transition,hopf,train,3835.4016,128
3156,51.066784903,Re_51p066785,hopf_transition,hopf,train,3856.9488,129
3157,51.066784903,Re_51p066785,hopf_transition,hopf,train,3878.496,130
3158,51.066784903,Re_51p066785,hopf_transition,hopf,train,3900.0432,131
3159,51.066784903,Re_51p066785,hopf_transition,hopf,train,3921.5904,132
3160,51.066784903,Re_51p066785,hopf_transition,hopf,train,3943.1376,133
3161,51.066784903,Re_51p066785,hopf_transition,hopf,train,3964.6848,134
3162,51.066784903,Re_51p066785,hopf_transition,hopf,train,3986.232,135
3163,51.066784903,Re_51p066785,hopf_transition,hopf,train,4007.7792,136
3164,51.066784903,Re_51p066785,hopf_transition,hopf,train,4029.3264,137
3165,51.066784903,Re_51p066785,hopf_transition,hopf,train,4050.8736,138
3166,51.066784903,Re_51p066785,hopf_transition,hopf,train,4072.4208,139
3167,51.066784903,Re_51p066785,hopf_transition,hopf,train,4093.968,140
3168,51.066784903,Re_51p066785,hopf_transition,hopf,train,4115.5152,141
3169,51.066784903,Re_51p066785,hopf_transition,hopf,train,4137.0624,142
3170,51.066784903,Re_51p066785,hopf_transition,hopf,train,4158.6096,143
3171,51.066784903,Re_51p066785,hopf_transition,hopf,train,4180.1568,144
3172,51.066784903,Re_51p066785,hopf_transition,hopf,train,4201.704,145
3173,51.066784903,Re_51p066785,hopf_transition,hopf,train,4223.2512,146
3174,51.066784903,Re_51p066785,hopf_transition,hopf,train,4244.7984,147
3175,51.066784903,Re_51p066785,hopf_transition,hopf,train,4266.3456,148
3176,51.066784903,Re_51p066785,hopf_transition,hopf,train,4287.8928,149
3177,51.066784903,Re_51p066785,hopf_transition,hopf,train,4309.44,150
3178,51.066784903,Re_51p066785,hopf_transition,hopf,train,4330.9872,151
3179,51.066784903,Re_51p066785,hopf_transition,hopf,train,4352.5344,152
3180,51.066784903,Re_51p066785,hopf_transition,hopf,train,4374.0816,153
3181,51.066784903,Re_51p066785,hopf_transition,hopf,train,4395.6288,154
3182,51.066784903,Re_51p066785,hopf_transition,hopf,train,4417.176,155
3183,51.066784903,Re_51p066785,hopf_transition,hopf,train,4438.7232,156
3184,51.066784903,Re_51p066785,hopf_transition,hopf,train,4460.2704,157
3185,51.066784903,Re_51p066785,hopf_transition,hopf,train,4481.8176,158
3186,51.066784903,Re_51p066785,hopf_transition,hopf,train,4503.3648,159
3187,51.066784903,Re_51p066785,hopf_transition,hopf,train,4524.912,160
3188,51.7864496836,Re_51p786450,hopf_transition,hopf,heldout,1416.62745186,0
3189,51.7864496836,Re_51p786450,hopf_transition,hopf,heldout,1425.99100294,1
3190,51.7864496836,Re_51p786450,hopf_transition,hopf,heldout,1447.27445074,2
3191,51.7864496836,Re_51p786450,hopf_transition,hopf,heldout,1468.55789855,3
3192,51.7864496836,Re_51p786450,hopf_transition,hopf,heldout,1489.84134635,4
3193,51.7864496836,Re_51p786450,hopf_transition,hopf,heldout,1511.12479416,5
3194,51.7864496836,Re_51p786450,hopf_transition,hopf,heldout,1532.40824196,6
3195,51.7864496836,Re_51p786450,hopf_transition,hopf,heldout,1553.69168977,7
3196,51.7864496836,Re_51p786450,hopf_transition,hopf,heldout,1574.97513757,8
3197,51.7864496836,Re_51p786450,hopf_transition,hopf,heldout,1596.25858538,9
3198,51.7864496836,Re_51p786450,hopf_transition,hopf,heldout,1617.54203318,10
3199,51.7864496836,Re_51p786450,hopf_transition,hopf,heldout,1638.82548099,11
3200,51.7864496836,Re_51p786450,hopf_transition,hopf,heldout,1660.10892879,12
3201,51.7864496836,Re_51p786450,hopf_transition,hopf,heldout,1681.3923766,13
3202,51.7864496836,Re_51p786450,hopf_transition,hopf,heldout,1702.6758244,14
3203,51.7864496836,Re_51p786450,hopf_transition,hopf,heldout,1723.95927221,15
3204,51.7864496836,Re_51p786450,hopf_transition,hopf,heldout,1745.24272001,16
3205,51.7864496836,Re_51p786450,hopf_transition,hopf,heldout,1766.52616782,17
3206,51.7864496836,Re_51p786450,hopf_transition,hopf,heldout,1787.80961562,18
3207,51.7864496836,Re_51p786450,hopf_transition,hopf,heldout,1809.09306343,19
3208,51.7864496836,Re_51p786450,hopf_transition,hopf,heldout,1830.37651123,20
3209,51.7864496836,Re_51p786450,hopf_transition,hopf,heldout,1851.65995904,21
3210,51.7864496836,Re_51p786450,hopf_transition,hopf,heldout,1872.94340684,22
3211,51.7864496836,Re_51p786450,hopf_transition,hopf,heldout,1894.22685465,23
3212,51.7864496836,Re_51p786450,hopf_transition,hopf,heldout,1915.51030245,24
3213,51.7864496836,Re_51p786450,hopf_transition,hopf,heldout,1936.79375026,25
3214,51.7864496836,Re_51p786450,hopf_transition,hopf,heldout,1958.07719806,26
3215,51.7864496836,Re_51p786450,hopf_transition,hopf,heldout,1979.36064587,27
3216,51.7864496836,Re_51p786450,hopf_transition,hopf,heldout,2000.64409367,28
3217,51.7864496836,Re_51p786450,hopf_transition,hopf,heldout,2021.92754148,29
3218,51.7864496836,Re_51p786450,hopf_transition,hopf,heldout,2043.21098928,30
3219,51.7864496836,Re_51p786450,hopf_transition,hopf,heldout,2064.49443709,31
3220,51.7864496836,Re_51p786450,hopf_transition,hopf,heldout,2085.77788489,32
3221,51.7864496836,Re_51p786450,hopf_transition,hopf,heldout,2107.0613327,33
3222,51.7864496836,Re_51p786450,hopf_transition,hopf,heldout,2128.3447805,34
3223,51.7864496836,Re_51p786450,hopf_transition,hopf,heldout,2149.6282283,35
3224,51.7864496836,Re_51p786450,hopf_transition,hopf,heldout,2170.91167611,36
3225,51.7864496836,Re_51p786450,hopf_transition,hopf,heldout,2192.19512392,37
3226,51.7864496836,Re_51p786450,hopf_transition,hopf,heldout,2213.47857172,38
3227,51.7864496836,Re_51p786450,hopf_transition,hopf,heldout,2234.76201953,39
3228,51.7864496836,Re_51p786450,hopf_transition,hopf,heldout,2256.04546733,40
3229,51.7864496836,Re_51p786450,hopf_transition,hopf,heldout,2277.32891513,41
3230,51.7864496836,Re_51p786450,hopf_transition,hopf,heldout,2298.61236294,42
3231,51.7864496836,Re_51p786450,hopf_transition,hopf,heldout,2319.89581075,43
3232,51.7864496836,Re_51p786450,hopf_transition,hopf,heldout,2341.17925855,44
3233,51.7864496836,Re_51p786450,hopf_transition,hopf,heldout,2362.46270636,45
3234,51.7864496836,Re_51p786450,hopf_transition,hopf,heldout,2383.74615416,46
3235,51.7864496836,Re_51p786450,hopf_transition,hopf,heldout,2405.02960196,47
3236,51.7864496836,Re_51p786450,hopf_transition,hopf,heldout,2426.31304977,48
3237,51.7864496836,Re_51p786450,hopf_transition,hopf,heldout,2447.59649758,49
3238,51.7864496836,Re_51p786450,hopf_transition,hopf,heldout,2468.87994538,50
3239,51.7864496836,Re_51p786450,hopf_transition,hopf,heldout,2490.16339319,51
3240,51.7864496836,Re_51p786450,hopf_transition,hopf,heldout,2511.44684099,52
3241,51.7864496836,Re_51p786450,hopf_transition,hopf,heldout,2532.73028879,53
3242,51.7864496836,Re_51p786450,hopf_transition,hopf,heldout,2554.0137366,54
3243,51.7864496836,Re_51p786450,hopf_transition,hopf,heldout,2575.29718441,55
3244,51.7864496836,Re_51p786450,hopf_transition,hopf,heldout,2596.58063221,56
3245,51.7864496836,Re_51p786450,hopf_transition,hopf,heldout,2617.86408002,57
3246,51.7864496836,Re_51p786450,hopf_transition,hopf,heldout,2639.14752782,58
3247,51.7864496836,Re_51p786450,hopf_transition,hopf,heldout,2660.43097562,59
3248,51.7864496836,Re_51p786450,hopf_transition,hopf,heldout,2681.71442343,60
3249,51.7864496836,Re_51p786450,hopf_transition,hopf,heldout,2702.99787124,61
3250,51.7864496836,Re_51p786450,hopf_transition,hopf,heldout,2724.28131904,62
3251,51.7864496836,Re_51p786450,hopf_transition,hopf,heldout,2745.56476685,63
3252,51.7864496836,Re_51p786450,hopf_transition,hopf,heldout,2766.84821465,64
3253,51.7864496836,Re_51p786450,hopf_transition,hopf,heldout,2788.13166246,65
3254,51.7864496836,Re_51p786450,hopf_transition,hopf,heldout,2809.41511026,66
3255,51.7864496836,Re_51p786450,hopf_transition,hopf,heldout,2830.69855807,67
3256,51.7864496836,Re_51p786450,hopf_transition,hopf,heldout,2851.98200587,68
3257,51.7864496836,Re_51p786450,hopf_transition,hopf,heldout,2873.26545368,69
3258,51.7864496836,Re_51p786450,hopf_transition,hopf,heldout,2894.54890148,70
3259,51.7864496836,Re_51p786450,hopf_transition,hopf,heldout,2915.83234929,71
3260,51.7864496836,Re_51p786450,hopf_transition,hopf,heldout,2937.11579709,72
3261,51.7864496836,Re_51p786450,hopf_transition,hopf,heldout,2958.3992449,73
3262,51.7864496836,Re_51p786450,hopf_transition,hopf,heldout,2979.6826927,74
3263,51.7864496836,Re_51p786450,hopf_transition,hopf,heldout,3000.96614051,75
3264,51.7864496836,Re_51p786450,hopf_transition,hopf,heldout,3022.24958831,76
3265,51.7864496836,Re_51p786450,hopf_transition,hopf,heldout,3043.53303612,77
3266,51.7864496836,Re_51p786450,hopf_transition,hopf,heldout,3064.81648392,78
3267,51.7864496836,Re_51p786450,hopf_transition,hopf,heldout,3086.09993173,79
3268,51.7864496836,Re_51p786450,hopf_transition,hopf,heldout,3107.38337953,80
3269,51.7864496836,Re_51p786450,hopf_transition,hopf,heldout,3128.66682734,81
3270,51.7864496836,Re_51p786450,hopf_transition,hopf,heldout,3149.95027514,82
3271,51.7864496836,Re_51p786450,hopf_transition,hopf,heldout,3171.23372295,83
3272,51.7864496836,Re_51p786450,hopf_transition,hopf,heldout,3192.51717075,84
3273,51.7864496836,Re_51p786450,hopf_transition,hopf,heldout,3213.80061856,85
3274,51.7864496836,Re_51p786450,hopf_transition,hopf,heldout,3235.08406636,86
3275,51.7864496836,Re_51p786450,hopf_transition,hopf,heldout,3256.36751417,87
3276,51.7864496836,Re_51p786450,hopf_transition,hopf,heldout,3277.65096197,88
3277,51.7864496836,Re_51p786450,hopf_transition,hopf,heldout,3298.93440978,89
3278,51.7864496836,Re_51p786450,hopf_transition,hopf,heldout,3320.21785758,90
3279,51.7864496836,Re_51p786450,hopf_transition,hopf,heldout,3341.50130539,91
3280,51.7864496836,Re_51p786450,hopf_transition,hopf,heldout,3362.78475319,92
3281,51.7864496836,Re_51p786450,hopf_transition,hopf,heldout,3384.068201,93
3282,51.7864496836,Re_51p786450,hopf_transition,hopf,heldout,3405.3516488,94
3283,51.7864496836,Re_51p786450,hopf_transition,hopf,heldout,3426.63509661,95
3284,51.7864496836,Re_51p786450,hopf_transition,hopf,heldout,3447.91854441,96
3285,51.7864496836,Re_51p786450,hopf_transition,hopf,heldout,3469.20199222,97
3286,51.7864496836,Re_51p786450,hopf_transition,hopf,heldout,3490.48544002,98
3287,51.7864496836,Re_51p786450,hopf_transition,hopf,heldout,3511.76888783,99
3288,51.7864496836,Re_51p786450,hopf_transition,hopf,heldout,3533.0444,100
3289,51.7864496836,Re_51p786450,hopf_transition,hopf,heldout,3554.3278,101
3290,51.7864496836,Re_51p786450,hopf_transition,hopf,heldout,3575.6112,102
3291,51.7864496836,Re_51p786450,hopf_transition,hopf,heldout,3596.8946,103
3292,51.7864496836,Re_51p786450,hopf_transition,hopf,heldout,3618.178,104
3293,51.7864496836,Re_51p786450,hopf_transition,hopf,heldout,3639.4614,105
3294,51.7864496836,Re_51p786450,hopf_transition,hopf,heldout,3660.7448,106
3295,51.7864496836,Re_51p786450,hopf_transition,hopf,heldout,3682.0282,107
3296,51.7864496836,Re_51p786450,hopf_transition,hopf,heldout,3703.3116,108
3297,51.7864496836,Re_51p786450,hopf_transition,hopf,heldout,3724.595,109
3298,51.7864496836,Re_51p786450,hopf_transition,hopf,heldout,3745.8784,110
3299,51.7864496836,Re_51p786450,hopf_transition,hopf,heldout,3767.1618,111
3300,51.7864496836,Re_51p786450,hopf_transition,hopf,heldout,3788.4452,112
3301,51.7864496836,Re_51p786450,hopf_transition,hopf,heldout,3809.7286,113
3302,51.7864496836,Re_51p786450,hopf_transition,hopf,heldout,3831.012,114
3303,51.7864496836,Re_51p786450,hopf_transition,hopf,heldout,3852.2954,115
3304,51.7864496836,Re_51p786450,hopf_transition,hopf,heldout,3873.5788,116
3305,51.7864496836,Re_51p786450,hopf_transition,hopf,heldout,3894.8622,117
3306,51.7864496836,Re_51p786450,hopf_transition,hopf,heldout,3916.1456,118
3307,51.7864496836,Re_51p786450,hopf_transition,hopf,heldout,3937.429,119
3308,51.7864496836,Re_51p786450,hopf_transition,hopf,heldout,3958.7124,120
3309,51.7864496836,Re_51p786450,hopf_transition,hopf,heldout,3979.9958,121
3310,51.7864496836,Re_51p786450,hopf_transition,hopf,heldout,4001.2792,122
3311,51.7864496836,Re_51p786450,hopf_transition,hopf,heldout,4022.5626,123
3312,51.7864496836,Re_51p786450,hopf_transition,hopf,heldout,4043.846,124
3313,51.7864496836,Re_51p786450,hopf_transition,hopf,heldout,4065.1294,125
3314,51.7864496836,Re_51p786450,hopf_transition,hopf,heldout,4086.4128,126
3315,51.7864496836,Re_51p786450,hopf_transition,hopf,heldout,4107.6962,127
3316,51.7864496836,Re_51p786450,hopf_transition,hopf,heldout,4128.9796,128
3317,51.7864496836,Re_51p786450,hopf_transition,hopf,heldout,4150.263,129
3318,51.7864496836,Re_51p786450,hopf_transition,hopf,heldout,4171.5464,130
3319,51.7864496836,Re_51p786450,hopf_transition,hopf,heldout,4192.8298,131
3320,51.7864496836,Re_51p786450,hopf_transition,hopf,heldout,4214.1132,132
3321,51.7864496836,Re_51p786450,hopf_transition,hopf,heldout,4235.3966,133
3322,51.7864496836,Re_51p786450,hopf_transition,hopf,heldout,4256.68,134
3323,51.7864496836,Re_51p786450,hopf_transition,hopf,heldout,4277.9634,135
3324,51.7864496836,Re_51p786450,hopf_transition,hopf,heldout,4299.2468,136
3325,51.7864496836,Re_51p786450,hopf_transition,hopf,heldout,4320.5302,137
3326,51.7864496836,Re_51p786450,hopf_transition,hopf,heldout,4341.8136,138
3327,51.7864496836,Re_51p786450,hopf_transition,hopf,heldout,4363.097,139
3328,51.7864496836,Re_51p786450,hopf_transition,hopf,heldout,4384.3804,140
3329,51.7864496836,Re_51p786450,hopf_transition,hopf,heldout,4405.6638,141
3330,51.7864496836,Re_51p786450,hopf_transition,hopf,heldout,4426.9472,142
3331,51.7864496836,Re_51p786450,hopf_transition,hopf,heldout,4448.2306,143
3332,51.7864496836,Re_51p786450,hopf_transition,hopf,heldout,4469.514,144
3333,51.7864496836,Re_51p786450,hopf_transition,hopf,heldout,4490.7974,145
3334,51.7864496836,Re_51p786450,hopf_transition,hopf,heldout,4512.0808,146
3335,51.7864496836,Re_51p786450,hopf_transition,hopf,heldout,4533.3642,147
3336,51.7864496836,Re_51p786450,hopf_transition,hopf,heldout,4554.6476,148
3337,51.7864496836,Re_51p786450,hopf_transition,hopf,heldout,4575.931,149
3338,51.7864496836,Re_51p786450,hopf_transition,hopf,heldout,4597.2144,150
3339,51.7864496836,Re_51p786450,hopf_transition,hopf,heldout,4618.4978,151
3340,51.7864496836,Re_51p786450,hopf_transition,hopf,heldout,4639.7812,152
3341,51.7864496836,Re_51p786450,hopf_transition,hopf,heldout,4661.0646,153
3342,51.7864496836,Re_51p786450,hopf_transition,hopf,heldout,4682.348,154
3343,51.7864496836,Re_51p786450,hopf_transition,hopf,heldout,4703.6314,155
3344,51.7864496836,Re_51p786450,hopf_transition,hopf,heldout,4724.9148,156
3345,51.7864496836,Re_51p786450,hopf_transition,hopf,heldout,4746.1982,157
3346,51.7864496836,Re_51p786450,hopf_transition,hopf,heldout,4767.4816,158
3347,51.7864496836,Re_51p786450,hopf_transition,hopf,heldout,4788.765,159
3348,51.7864496836,Re_51p786450,hopf_transition,hopf,heldout,4810.0484,160
3349,52.5287670834,Re_52p528767,hopf_transition,hopf,train,807.68039347,0
3350,52.5287670834,Re_52p528767,hopf_transition,hopf,train,808.39530101,1
3351,52.5287670834,Re_52p528767,hopf_transition,hopf,train,818.75934333,2
3352,52.5287670834,Re_52p528767,hopf_transition,hopf,train,829.12338565,3
3353,52.5287670834,Re_52p528767,hopf_transition,hopf,train,839.48742797,4
3354,52.5287670834,Re_52p528767,hopf_transition,hopf,train,849.85147029,5
3355,52.5287670834,Re_52p528767,hopf_transition,hopf,train,860.21551261,6
3356,52.5287670834,Re_52p528767,hopf_transition,hopf,train,870.57955493,7
3357,52.5287670834,Re_52p528767,hopf_transition,hopf,train,880.94359725,8
3358,52.5287670834,Re_52p528767,hopf_transition,hopf,train,891.30763957,9
3359,52.5287670834,Re_52p528767,hopf_transition,hopf,train,901.67168189,10
3360,52.5287670834,Re_52p528767,hopf_transition,hopf,train,912.03572421,11
3361,52.5287670834,Re_52p528767,hopf_transition,hopf,train,922.39976653,12
3362,52.5287670834,Re_52p528767,hopf_transition,hopf,train,932.76380885,13
3363,52.5287670834,Re_52p528767,hopf_transition,hopf,train,943.12785117,14
3364,52.5287670834,Re_52p528767,hopf_transition,hopf,train,953.4918935,15
3365,52.5287670834,Re_52p528767,hopf_transition,hopf,train,963.85593582,16
3366,52.5287670834,Re_52p528767,hopf_transition,hopf,train,974.21997814,17
3367,52.5287670834,Re_52p528767,hopf_transition,hopf,train,984.58402046,18
3368,52.5287670834,Re_52p528767,hopf_transition,hopf,train,994.94806278,19
3369,52.5287670834,Re_52p528767,hopf_transition,hopf,train,1005.3121051,20
3370,52.5287670834,Re_52p528767,hopf_transition,hopf,train,1015.67614742,21
3371,52.5287670834,Re_52p528767,hopf_transition,hopf,train,1026.04018974,22
3372,52.5287670834,Re_52p528767,hopf_transition,hopf,train,1036.40423206,23
3373,52.5287670834,Re_52p528767,hopf_transition,hopf,train,1046.76827438,24
3374,52.5287670834,Re_52p528767,hopf_transition,hopf,train,1057.1323167,25
3375,52.5287670834,Re_52p528767,hopf_transition,hopf,train,1067.49635902,26
3376,52.5287670834,Re_52p528767,hopf_transition,hopf,train,1077.86040134,27
3377,52.5287670834,Re_52p528767,hopf_transition,hopf,train,1088.22444366,28
3378,52.5287670834,Re_52p528767,hopf_transition,hopf,train,1098.58848598,29
3379,52.5287670834,Re_52p528767,hopf_transition,hopf,train,1108.9525283,30
3380,52.5287670834,Re_52p528767,hopf_transition,hopf,train,1119.31657062,31
3381,52.5287670834,Re_52p528767,hopf_transition,hopf,train,1129.68061295,32
3382,52.5287670834,Re_52p528767,hopf_transition,hopf,train,1140.04465527,33
3383,52.5287670834,Re_52p528767,hopf_transition,hopf,train,1150.40869759,34
3384,52.5287670834,Re_52p528767,hopf_transition,hopf,train,1160.77273991,35
3385,52.5287670834,Re_52p528767,hopf_transition,hopf,train,1171.13678223,36
3386,52.5287670834,Re_52p528767,hopf_transition,hopf,train,1181.50082455,37
3387,52.5287670834,Re_52p528767,hopf_transition,hopf,train,1191.86486687,38
3388,52.5287670834,Re_52p528767,hopf_transition,hopf,train,1202.22890919,39
3389,52.5287670834,Re_52p528767,hopf_transition,hopf,train,1212.59295151,40
3390,52.5287670834,Re_52p528767,hopf_transition,hopf,train,1222.95699383,41
3391,52.5287670834,Re_52p528767,hopf_transition,hopf,train,1233.32103615,42
3392,52.5287670834,Re_52p528767,hopf_transition,hopf,train,1243.68507847,43
3393,52.5287670834,Re_52p528767,hopf_transition,hopf,train,1254.04912079,44
3394,52.5287670834,Re_52p528767,hopf_transition,hopf,train,1264.41316311,45
3395,52.5287670834,Re_52p528767,hopf_transition,hopf,train,1274.77720543,46
3396,52.5287670834,Re_52p528767,hopf_transition,hopf,train,1285.14124775,47
3397,52.5287670834,Re_52p528767,hopf_transition,hopf,train,1295.50529007,48
3398,52.5287670834,Re_52p528767,hopf_transition,hopf,train,1305.8693324,49
3399,52.5287670834,Re_52p528767,hopf_transition,hopf,train,1316.23337472,50
3400,52.5287670834,Re_52p528767,hopf_transition,hopf,train,1326.59741704,51
3401,52.5287670834,Re_52p528767,hopf_transition,hopf,train,1336.96145936,52
3402,52.5287670834,Re_52p528767,hopf_transition,hopf,train,1347.32550168,53
3403,52.5287670834,Re_52p528767,hopf_transition,hopf,train,1357.689544,54
3404,52.5287670834,Re_52p528767,hopf_transition,hopf,train,1368.05358632,55
3405,52.5287670834,Re_52p528767,hopf_transition,hopf,train,1378.41762864,56
3406,52.5287670834,Re_52p528767,hopf_transition,hopf,train,1388.78167096,57
3407,52.5287670834,Re_52p528767,hopf_transition,hopf,train,1399.14571328,58
3408,52.5287670834,Re_52p528767,hopf_transition,hopf,train,1409.5097556,59
3409,52.5287670834,Re_52p528767,hopf_transition,hopf,train,1419.87379792,60
3410,52.5287670834,Re_52p528767,hopf_transition,hopf,train,1430.23784024,61
3411,52.5287670834,Re_52p528767,hopf_transition,hopf,train,1440.60188256,62
3412,52.5287670834,Re_52p528767,hopf_transition,hopf,train,1450.96592488,63
3413,52.5287670834,Re_52p528767,hopf_transition,hopf,train,1461.3299672,64
3414,52.5287670834,Re_52p528767,hopf_transition,hopf,train,1471.69400953,65
3415,52.5287670834,Re_52p528767,hopf_transition,hopf,train,1482.05805185,66
3416,52.5287670834,Re_52p528767,hopf_transition,hopf,train,1492.42209417,67
3417,52.5287670834,Re_52p528767,hopf_transition,hopf,train,1502.78613649,68
3418,52.5287670834,Re_52p528767,hopf_transition,hopf,train,1513.15017881,69
3419,52.5287670834,Re_52p528767,hopf_transition,hopf,train,1523.51422113,70
3420,52.5287670834,Re_52p528767,hopf_transition,hopf,train,1533.87826345,71
3421,52.5287670834,Re_52p528767,hopf_transition,hopf,train,1544.24230577,72
3422,52.5287670834,Re_52p528767,hopf_transition,hopf,train,1554.60634809,73
3423,52.5287670834,Re_52p528767,hopf_transition,hopf,train,1564.97039041,74
3424,52.5287670834,Re_52p528767,hopf_transition,hopf,train,1575.33443273,75
3425,52.5287670834,Re_52p528767,hopf_transition,hopf,train,1585.69847505,76
3426,52.5287670834,Re_52p528767,hopf_transition,hopf,train,1596.06251737,77
3427,52.5287670834,Re_52p528767,hopf_transition,hopf,train,1606.42655969,78
3428,52.5287670834,Re_52p528767,hopf_transition,hopf,train,1616.79060201,79
3429,52.5287670834,Re_52p528767,hopf_transition,hopf,train,1627.15464433,80
3430,52.5287670834,Re_52p528767,hopf_transition,hopf,train,1637.51868665,81
3431,52.5287670834,Re_52p528767,hopf_transition,hopf,train,1647.88272898,82
3432,52.5287670834,Re_52p528767,hopf_transition,hopf,train,1658.2467713,83
3433,52.5287670834,Re_52p528767,hopf_transition,hopf,train,1668.61081362,84
3434,52.5287670834,Re_52p528767,hopf_transition,hopf,train,1678.97485594,85
3435,52.5287670834,Re_52p528767,hopf_transition,hopf,train,1689.33889826,86
3436,52.5287670834,Re_52p528767,hopf_transition,hopf,train,1699.70294058,87
3437,52.5287670834,Re_52p528767,hopf_transition,hopf,train,1710.0669829,88
3438,52.5287670834,Re_52p528767,hopf_transition,hopf,train,1720.43102522,89
3439,52.5287670834,Re_52p528767,hopf_transition,hopf,train,1730.79506754,90
3440,52.5287670834,Re_52p528767,hopf_transition,hopf,train,1741.15910986,91
3441,52.5287670834,Re_52p528767,hopf_transition,hopf,train,1751.52315218,92
3442,52.5287670834,Re_52p528767,hopf_transition,hopf,train,1761.8871945,93
3443,52.5287670834,Re_52p528767,hopf_transition,hopf,train,1772.25123682,94
3444,52.5287670834,Re_52p528767,hopf_transition,hopf,train,1782.61527914,95
3445,52.5287670834,Re_52p528767,hopf_transition,hopf,train,1792.97932146,96
3446,52.5287670834,Re_52p528767,hopf_transition,hopf,train,1803.34336378,97
3447,52.5287670834,Re_52p528767,hopf_transition,hopf,train,1813.7074061,98
3448,52.5287670834,Re_52p528767,hopf_transition,hopf,train,1824.07144843,99
3449,52.5287670834,Re_52p528767,hopf_transition,hopf,train,1834.43549075,100
3450,52.5287670834,Re_52p528767,hopf_transition,hopf,train,1844.79953307,101
3451,52.5287670834,Re_52p528767,hopf_transition,hopf,train,1855.16357539,102
3452,52.5287670834,Re_52p528767,hopf_transition,hopf,train,1865.52761771,103
3453,52.5287670834,Re_52p528767,hopf_transition,hopf,train,1875.89166003,104
3454,52.5287670834,Re_52p528767,hopf_transition,hopf,train,1886.25570235,105
3455,52.5287670834,Re_52p528767,hopf_transition,hopf,train,1896.61974467,106
3456,52.5287670834,Re_52p528767,hopf_transition,hopf,train,1906.98378699,107
3457,52.5287670834,Re_52p528767,hopf_transition,hopf,train,1917.34782931,108
3458,52.5287670834,Re_52p528767,hopf_transition,hopf,train,1927.71187163,109
3459,52.5287670834,Re_52p528767,hopf_transition,hopf,train,1938.07591395,110
3460,52.5287670834,Re_52p528767,hopf_transition,hopf,train,1948.43995627,111
3461,52.5287670834,Re_52p528767,hopf_transition,hopf,train,1958.80399859,112
3462,52.5287670834,Re_52p528767,hopf_transition,hopf,train,1969.16804091,113
3463,52.5287670834,Re_52p528767,hopf_transition,hopf,train,1979.53208323,114
3464,52.5287670834,Re_52p528767,hopf_transition,hopf,train,1989.89612556,115
3465,52.5287670834,Re_52p528767,hopf_transition,hopf,train,2000.26016788,116
3466,52.5287670834,Re_52p528767,hopf_transition,hopf,train,2010.6242102,117
3467,52.5287670834,Re_52p528767,hopf_transition,hopf,train,2020.98825252,118
3468,52.5287670834,Re_52p528767,hopf_transition,hopf,train,2031.35229484,119
3469,52.5287670834,Re_52p528767,hopf_transition,hopf,train,2041.71633716,120
3470,52.5287670834,Re_52p528767,hopf_transition,hopf,train,2052.08037948,121
3471,52.5287670834,Re_52p528767,hopf_transition,hopf,train,2062.4444218,122
3472,52.5287670834,Re_52p528767,hopf_transition,hopf,train,2072.80846412,123
3473,52.5287670834,Re_52p528767,hopf_transition,hopf,train,2083.17250644,124
3474,52.5287670834,Re_52p528767,hopf_transition,hopf,train,2093.53654876,125
3475,52.5287670834,Re_52p528767,hopf_transition,hopf,train,2103.90059108,126
3476,52.5287670834,Re_52p528767,hopf_transition,hopf,train,2114.2646334,127
3477,52.5287670834,Re_52p528767,hopf_transition,hopf,train,2124.62867572,128
3478,52.5287670834,Re_52p528767,hopf_transition,hopf,train,2134.99271804,129
3479,52.5287670834,Re_52p528767,hopf_transition,hopf,train,2145.35676036,130
3480,52.5287670834,Re_52p528767,hopf_transition,hopf,train,2155.72080268,131
3481,52.5287670834,Re_52p528767,hopf_transition,hopf,train,2166.08484501,132
3482,52.5287670834,Re_52p528767,hopf_transition,hopf,train,2176.44888733,133
3483,52.5287670834,Re_52p528767,hopf_transition,hopf,train,2186.81292965,134
3484,52.5287670834,Re_52p528767,hopf_transition,hopf,train,2197.17697197,135
3485,52.5287670834,Re_52p528767,hopf_transition,hopf,train,2207.54101429,136
3486,52.5287670834,Re_52p528767,hopf_transition,hopf,train,2217.90505661,137
3487,52.5287670834,Re_52p528767,hopf_transition,hopf,train,2228.26909893,138
3488,52.5287670834,Re_52p528767,hopf_transition,hopf,train,2238.63314125,139
3489,52.5287670834,Re_52p528767,hopf_transition,hopf,train,2248.99718357,140
3490,52.5287670834,Re_52p528767,hopf_transition,hopf,train,2259.36122589,141
3491,52.5287670834,Re_52p528767,hopf_transition,hopf,train,2269.72526821,142
3492,52.5287670834,Re_52p528767,hopf_transition,hopf,train,2280.08931053,143
3493,52.5287670834,Re_52p528767,hopf_transition,hopf,train,2290.45335285,144
3494,52.5287670834,Re_52p528767,hopf_transition,hopf,train,2300.81739517,145
3495,52.5287670834,Re_52p528767,hopf_transition,hopf,train,2311.18143749,146
3496,52.5287670834,Re_52p528767,hopf_transition,hopf,train,2321.54547981,147
3497,52.5287670834,Re_52p528767,hopf_transition,hopf,train,2331.90952213,148
3498,52.5287670834,Re_52p528767,hopf_transition,hopf,train,2342.27356446,149
3499,52.5287670834,Re_52p528767,hopf_transition,hopf,train,2352.63760678,150
3500,52.5287670834,Re_52p528767,hopf_transition,hopf,train,2363.0016491,151
3501,52.5287670834,Re_52p528767,hopf_transition,hopf,train,2373.36569142,152
3502,52.5287670834,Re_52p528767,hopf_transition,hopf,train,2383.72973374,153
3503,52.5287670834,Re_52p528767,hopf_transition,hopf,train,2394.09377606,154
3504,52.5287670834,Re_52p528767,hopf_transition,hopf,train,2404.45781838,155
3505,52.5287670834,Re_52p528767,hopf_transition,hopf,train,2414.8218607,156
3506,52.5287670834,Re_52p528767,hopf_transition,hopf,train,2425.18590302,157
3507,52.5287670834,Re_52p528767,hopf_transition,hopf,train,2435.54994534,158
3508,52.5287670834,Re_52p528767,hopf_transition,hopf,train,2445.91398766,159
3509,52.5287670834,Re_52p528767,hopf_transition,hopf,train,2456.27802998,160
3510,52.5287670834,Re_52p528767,hopf_transition,hopf,train,2466.6420723,161
3511,53.2941749584,Re_53p294175,hopf_transition,hopf,train,1014.78631737,0
3512,53.2941749584,Re_53p294175,hopf_transition,hopf,train,1034.78575741,1
3513,53.2941749584,Re_53p294175,hopf_transition,hopf,train,1055.07567422,2
3514,53.2941749584,Re_53p294175,hopf_transition,hopf,train,1075.36559103,3
3515,53.2941749584,Re_53p294175,hopf_transition,hopf,train,1095.65550784,4
3516,53.2941749584,Re_53p294175,hopf_transition,hopf,train,1115.94542465,5
3517,53.2941749584,Re_53p294175,hopf_transition,hopf,train,1136.23534147,6
3518,53.2941749584,Re_53p294175,hopf_transition,hopf,train,1156.52525828,7
3519,53.2941749584,Re_53p294175,hopf_transition,hopf,train,1176.81517509,8
3520,53.2941749584,Re_53p294175,hopf_transition,hopf,train,1197.1050919,9
3521,53.2941749584,Re_53p294175,hopf_transition,hopf,train,1217.39500871,10
3522,53.2941749584,Re_53p294175,hopf_transition,hopf,train,1237.68492553,11
3523,53.2941749584,Re_53p294175,hopf_transition,hopf,train,1257.97484234,12
3524,53.2941749584,Re_53p294175,hopf_transition,hopf,train,1278.26475915,13
3525,53.2941749584,Re_53p294175,hopf_transition,hopf,train,1298.55467596,14
3526,53.2941749584,Re_53p294175,hopf_transition,hopf,train,1318.84459277,15
3527,53.2941749584,Re_53p294175,hopf_transition,hopf,train,1339.13450959,16
3528,53.2941749584,Re_53p294175,hopf_transition,hopf,train,1359.4244264,17
3529,53.2941749584,Re_53p294175,hopf_transition,hopf,train,1379.71434321,18
3530,53.2941749584,Re_53p294175,hopf_transition,hopf,train,1400.00426002,19
3531,53.2941749584,Re_53p294175,hopf_transition,hopf,train,1420.29417683,20
3532,53.2941749584,Re_53p294175,hopf_transition,hopf,train,1440.58409364,21
3533,53.2941749584,Re_53p294175,hopf_transition,hopf,train,1460.87401046,22
3534,53.2941749584,Re_53p294175,hopf_transition,hopf,train,1481.16392727,23
3535,53.2941749584,Re_53p294175,hopf_transition,hopf,train,1501.45384408,24
3536,53.2941749584,Re_53p294175,hopf_transition,hopf,train,1521.74376089,25
3537,53.2941749584,Re_53p294175,hopf_transition,hopf,train,1542.0336777,26
3538,53.2941749584,Re_53p294175,hopf_transition,hopf,train,1562.32359452,27
3539,53.2941749584,Re_53p294175,hopf_transition,hopf,train,1582.61351133,28
3540,53.2941749584,Re_53p294175,hopf_transition,hopf,train,1602.90342814,29
3541,53.2941749584,Re_53p294175,hopf_transition,hopf,train,1623.19334495,30
3542,53.2941749584,Re_53p294175,hopf_transition,hopf,train,1643.48326176,31
3543,53.2941749584,Re_53p294175,hopf_transition,hopf,train,1663.77317858,32
3544,53.2941749584,Re_53p294175,hopf_transition,hopf,train,1684.06309539,33
3545,53.2941749584,Re_53p294175,hopf_transition,hopf,train,1704.3530122,34
3546,53.2941749584,Re_53p294175,hopf_transition,hopf,train,1724.64292901,35
3547,53.2941749584,Re_53p294175,hopf_transition,hopf,train,1744.93284582,36
3548,53.2941749584,Re_53p294175,hopf_transition,hopf,train,1765.22276264,37
3549,53.2941749584,Re_53p294175,hopf_transition,hopf,train,1785.51267945,38
3550,53.2941749584,Re_53p294175,hopf_transition,hopf,train,1805.80259626,39
3551,53.2941749584,Re_53p294175,hopf_transition,hopf,train,1826.09251307,40
3552,53.2941749584,Re_53p294175,hopf_transition,hopf,train,1846.38242988,41
3553,53.2941749584,Re_53p294175,hopf_transition,hopf,train,1866.67234669,42
3554,53.2941749584,Re_53p294175,hopf_transition,hopf,train,1886.96226351,43
3555,53.2941749584,Re_53p294175,hopf_transition,hopf,train,1907.25218032,44
3556,53.2941749584,Re_53p294175,hopf_transition,hopf,train,1927.54209713,45
3557,53.2941749584,Re_53p294175,hopf_transition,hopf,train,1947.83201394,46
3558,53.2941749584,Re_53p294175,hopf_transition,hopf,train,1968.12193075,47
3559,53.2941749584,Re_53p294175,hopf_transition,hopf,train,1988.41184757,48
3560,53.2941749584,Re_53p294175,hopf_transition,hopf,train,2008.70176438,49
3561,53.2941749584,Re_53p294175,hopf_transition,hopf,train,2028.99168119,50
3562,53.2941749584,Re_53p294175,hopf_transition,hopf,train,2049.281598,51
3563,53.2941749584,Re_53p294175,hopf_transition,hopf,train,2069.57151481,52
3564,53.2941749584,Re_53p294175,hopf_transition,hopf,train,2089.86143163,53
3565,53.2941749584,Re_53p294175,hopf_transition,hopf,train,2110.15134844,54
3566,53.2941749584,Re_53p294175,hopf_transition,hopf,train,2130.44126525,55
3567,53.2941749584,Re_53p294175,hopf_transition,hopf,train,2150.73118206,56
3568,53.2941749584,Re_53p294175,hopf_transition,hopf,train,2171.02109887,57
3569,53.2941749584,Re_53p294175,hopf_transition,hopf,train,2191.31101569,58
3570,53.2941749584,Re_53p294175,hopf_transition,hopf,train,2211.6009325,59
3571,53.2941749584,Re_53p294175,hopf_transition,hopf,train,2231.89084931,60
3572,53.2941749584,Re_53p294175,hopf_transition,hopf,train,2252.18076612,61
3573,53.2941749584,Re_53p294175,hopf_transition,hopf,train,2272.47068293,62
3574,53.2941749584,Re_53p294175,hopf_transition,hopf,train,2292.76059974,63
3575,53.2941749584,Re_53p294175,hopf_transition,hopf,train,2313.05051656,64
3576,53.2941749584,Re_53p294175,hopf_transition,hopf,train,2333.34043337,65
3577,53.2941749584,Re_53p294175,hopf_transition,hopf,train,2353.63035018,66
3578,53.2941749584,Re_53p294175,hopf_transition,hopf,train,2373.92026699,67
3579,53.2941749584,Re_53p294175,hopf_transition,hopf,train,2394.2101838,68
3580,53.2941749584,Re_53p294175,hopf_transition,hopf,train,2414.50010062,69
3581,53.2941749584,Re_53p294175,hopf_transition,hopf,train,2434.79001743,70
3582,53.2941749584,Re_53p294175,hopf_transition,hopf,train,2455.07993424,71
3583,53.2941749584,Re_53p294175,hopf_transition,hopf,train,2475.36985105,72
3584,53.2941749584,Re_53p294175,hopf_transition,hopf,train,2495.65976786,73
3585,53.2941749584,Re_53p294175,hopf_transition,hopf,train,2515.94968468,74
3586,53.2941749584,Re_53p294175,hopf_transition,hopf,train,2536.23960149,75
3587,53.2941749584,Re_53p294175,hopf_transition,hopf,train,2556.5295183,76
3588,53.2941749584,Re_53p294175,hopf_transition,hopf,train,2576.81943511,77
3589,53.2941749584,Re_53p294175,hopf_transition,hopf,train,2597.10935192,78
3590,53.2941749584,Re_53p294175,hopf_transition,hopf,train,2617.39926874,79
3591,53.2941749584,Re_53p294175,hopf_transition,hopf,train,2637.68918555,80
3592,53.2941749584,Re_53p294175,hopf_transition,hopf,train,2657.97910236,81
3593,53.2941749584,Re_53p294175,hopf_transition,hopf,train,2678.26901917,82
3594,53.2941749584,Re_53p294175,hopf_transition,hopf,train,2698.55893598,83
3595,53.2941749584,Re_53p294175,hopf_transition,hopf,train,2718.84885279,84
3596,53.2941749584,Re_53p294175,hopf_transition,hopf,train,2739.13876961,85
3597,53.2941749584,Re_53p294175,hopf_transition,hopf,train,2759.42868642,86
3598,53.2941749584,Re_53p294175,hopf_transition,hopf,train,2779.71860323,87
3599,53.2941749584,Re_53p294175,hopf_transition,hopf,train,2800.00852004,88
3600,53.2941749584,Re_53p294175,hopf_transition,hopf,train,2820.29843685,89
3601,53.2941749584,Re_53p294175,hopf_transition,hopf,train,2840.58835367,90
3602,53.2941749584,Re_53p294175,hopf_transition,hopf,train,2860.87827048,91
3603,53.2941749584,Re_53p294175,hopf_transition,hopf,train,2881.16818729,92
3604,53.2941749584,Re_53p294175,hopf_transition,hopf,train,2901.4581041,93
3605,53.2941749584,Re_53p294175,hopf_transition,hopf,train,2921.74802091,94
3606,53.2941749584,Re_53p294175,hopf_transition,hopf,train,2942.03793773,95
3607,53.2941749584,Re_53p294175,hopf_transition,hopf,train,2962.32785454,96
3608,53.2941749584,Re_53p294175,hopf_transition,hopf,train,2982.61777135,97
3609,53.2941749584,Re_53p294175,hopf_transition,hopf,train,3002.90768816,98
3610,53.2941749584,Re_53p294175,hopf_transition,hopf,train,3023.19760497,99
3611,53.2941749584,Re_53p294175,hopf_transition,hopf,train,3043.48752178,100
3612,53.2941749584,Re_53p294175,hopf_transition,hopf,train,3063.7774386,101
3613,53.2941749584,Re_53p294175,hopf_transition,hopf,train,3084.06735541,102
3614,53.2941749584,Re_53p294175,hopf_transition,hopf,train,3104.35727222,103
3615,53.2941749584,Re_53p294175,hopf_transition,hopf,train,3124.64718903,104
3616,53.2941749584,Re_53p294175,hopf_transition,hopf,train,3144.93710584,105
3617,53.2941749584,Re_53p294175,hopf_transition,hopf,train,3165.22702266,106
3618,53.2941749584,Re_53p294175,hopf_transition,hopf,train,3185.51693947,107
3619,53.2941749584,Re_53p294175,hopf_transition,hopf,train,3205.80685628,108
3620,53.2941749584,Re_53p294175,hopf_transition,hopf,train,3226.09677309,109
3621,53.2941749584,Re_53p294175,hopf_transition,hopf,train,3246.3866899,110
3622,53.2941749584,Re_53p294175,hopf_transition,hopf,train,3266.67660672,111
3623,53.2941749584,Re_53p294175,hopf_transition,hopf,train,3286.96652353,112
3624,53.2941749584,Re_53p294175,hopf_transition,hopf,train,3307.25644034,113
3625,53.2941749584,Re_53p294175,hopf_transition,hopf,train,3327.54635715,114
3626,53.2941749584,Re_53p294175,hopf_transition,hopf,train,3347.8335,115
3627,53.2941749584,Re_53p294175,hopf_transition,hopf,train,3368.1234,116
3628,53.2941749584,Re_53p294175,hopf_transition,hopf,train,3388.4133,117
3629,53.2941749584,Re_53p294175,hopf_transition,hopf,train,3408.7032,118
3630,53.2941749584,Re_53p294175,hopf_transition,hopf,train,3428.9931,119
3631,53.2941749584,Re_53p294175,hopf_transition,hopf,train,3449.283,120
3632,53.2941749584,Re_53p294175,hopf_transition,hopf,train,3469.5729,121
3633,53.2941749584,Re_53p294175,hopf_transition,hopf,train,3489.8628,122
3634,53.2941749584,Re_53p294175,hopf_transition,hopf,train,3510.1527,123
3635,53.2941749584,Re_53p294175,hopf_transition,hopf,train,3530.4426,124
3636,53.2941749584,Re_53p294175,hopf_transition,hopf,train,3550.7325,125
3637,53.2941749584,Re_53p294175,hopf_transition,hopf,train,3571.0224,126
3638,53.2941749584,Re_53p294175,hopf_transition,hopf,train,3591.3123,127
3639,53.2941749584,Re_53p294175,hopf_transition,hopf,train,3611.6022,128
3640,53.2941749584,Re_53p294175,hopf_transition,hopf,train,3631.8921,129
3641,53.2941749584,Re_53p294175,hopf_transition,hopf,train,3652.182,130
3642,53.2941749584,Re_53p294175,hopf_transition,hopf,train,3672.4719,131
3643,53.2941749584,Re_53p294175,hopf_transition,hopf,train,3692.7618,132
3644,53.2941749584,Re_53p294175,hopf_transition,hopf,train,3713.0517,133
3645,53.2941749584,Re_53p294175,hopf_transition,hopf,train,3733.3416,134
3646,53.2941749584,Re_53p294175,hopf_transition,hopf,train,3753.6315,135
3647,53.2941749584,Re_53p294175,hopf_transition,hopf,train,3773.9214,136
3648,53.2941749584,Re_53p294175,hopf_transition,hopf,train,3794.2113,137
3649,53.2941749584,Re_53p294175,hopf_transition,hopf,train,3814.5012,138
3650,53.2941749584,Re_53p294175,hopf_transition,hopf,train,3834.7911,139
3651,53.2941749584,Re_53p294175,hopf_transition,hopf,train,3855.081,140
3652,53.2941749584,Re_53p294175,hopf_transition,hopf,train,3875.3709,141
3653,53.2941749584,Re_53p294175,hopf_transition,hopf,train,3895.6608,142
3654,53.2941749584,Re_53p294175,hopf_transition,hopf,train,3915.9507,143
3655,53.2941749584,Re_53p294175,hopf_transition,hopf,train,3936.2406,144
3656,53.2941749584,Re_53p294175,hopf_transition,hopf,train,3956.5305,145
3657,53.2941749584,Re_53p294175,hopf_transition,hopf,train,3976.8204,146
3658,53.2941749584,Re_53p294175,hopf_transition,hopf,train,3997.1103,147
3659,53.2941749584,Re_53p294175,hopf_transition,hopf,train,4017.4002,148
3660,53.2941749584,Re_53p294175,hopf_transition,hopf,train,4037.6901,149
3661,53.2941749584,Re_53p294175,hopf_transition,hopf,train,4057.98,150
3662,53.2941749584,Re_53p294175,hopf_transition,hopf,train,4078.2699,151
3663,53.2941749584,Re_53p294175,hopf_transition,hopf,train,4098.5598,152
3664,53.2941749584,Re_53p294175,hopf_transition,hopf,train,4118.8497,153
3665,53.2941749584,Re_53p294175,hopf_transition,hopf,train,4139.1396,154
3666,53.2941749584,Re_53p294175,hopf_transition,hopf,train,4159.4295,155
3667,53.2941749584,Re_53p294175,hopf_transition,hopf,train,4179.7194,156
3668,53.2941749584,Re_53p294175,hopf_transition,hopf,train,4200.0093,157
3669,53.2941749584,Re_53p294175,hopf_transition,hopf,train,4220.2992,158
3670,53.2941749584,Re_53p294175,hopf_transition,hopf,train,4240.5891,159
3671,53.2941749584,Re_53p294175,hopf_transition,hopf,train,4260.879,160
3672,54.0815080552,Re_54p081508,hopf_transition,hopf,train,1211.89177042,0
3673,54.0815080552,Re_54p081508,hopf_transition,hopf,train,1227.15451724,1
3674,54.0815080552,Re_54p081508,hopf_transition,hopf,train,1247.2718044,2
3675,54.0815080552,Re_54p081508,hopf_transition,hopf,train,1267.38909157,3
3676,54.0815080552,Re_54p081508,hopf_transition,hopf,train,1287.50637874,4
3677,54.0815080552,Re_54p081508,hopf_transition,hopf,train,1307.62366591,5
3678,54.0815080552,Re_54p081508,hopf_transition,hopf,train,1327.74095307,6
3679,54.0815080552,Re_54p081508,hopf_transition,hopf,train,1347.85824024,7
3680,54.0815080552,Re_54p081508,hopf_transition,hopf,train,1367.97552741,8
3681,54.0815080552,Re_54p081508,hopf_transition,hopf,train,1388.09281458,9
3682,54.0815080552,Re_54p081508,hopf_transition,hopf,train,1408.21010175,10
3683,54.0815080552,Re_54p081508,hopf_transition,hopf,train,1428.32738891,11
3684,54.0815080552,Re_54p081508,hopf_transition,hopf,train,1448.44467608,12
3685,54.0815080552,Re_54p081508,hopf_transition,hopf,train,1468.56196325,13
3686,54.0815080552,Re_54p081508,hopf_transition,hopf,train,1488.67925042,14
3687,54.0815080552,Re_54p081508,hopf_transition,hopf,train,1508.79653759,15
3688,54.0815080552,Re_54p081508,hopf_transition,hopf,train,1528.91382475,16
3689,54.0815080552,Re_54p081508,hopf_transition,hopf,train,1549.03111192,17
3690,54.0815080552,Re_54p081508,hopf_transition,hopf,train,1569.14839909,18
3691,54.0815080552,Re_54p081508,hopf_transition,hopf,train,1589.26568626,19
3692,54.0815080552,Re_54p081508,hopf_transition,hopf,train,1609.38297342,20
3693,54.0815080552,Re_54p081508,hopf_transition,hopf,train,1629.50026059,21
3694,54.0815080552,Re_54p081508,hopf_transition,hopf,train,1649.61754776,22
3695,54.0815080552,Re_54p081508,hopf_transition,hopf,train,1669.73483493,23
3696,54.0815080552,Re_54p081508,hopf_transition,hopf,train,1689.8521221,24
3697,54.0815080552,Re_54p081508,hopf_transition,hopf,train,1709.96940926,25
3698,54.0815080552,Re_54p081508,hopf_transition,hopf,train,1730.08669643,26
3699,54.0815080552,Re_54p081508,hopf_transition,hopf,train,1750.2039836,27
3700,54.0815080552,Re_54p081508,hopf_transition,hopf,train,1770.32127077,28
3701,54.0815080552,Re_54p081508,hopf_transition,hopf,train,1790.43855793,29
3702,54.0815080552,Re_54p081508,hopf_transition,hopf,train,1810.5558451,30
3703,54.0815080552,Re_54p081508,hopf_transition,hopf,train,1830.67313227,31
3704,54.0815080552,Re_54p081508,hopf_transition,hopf,train,1850.79041944,32
3705,54.0815080552,Re_54p081508,hopf_transition,hopf,train,1870.90770661,33
3706,54.0815080552,Re_54p081508,hopf_transition,hopf,train,1891.02499377,34
3707,54.0815080552,Re_54p081508,hopf_transition,hopf,train,1911.14228094,35
3708,54.0815080552,Re_54p081508,hopf_transition,hopf,train,1931.25956811,36
3709,54.0815080552,Re_54p081508,hopf_transition,hopf,train,1951.37685528,37
3710,54.0815080552,Re_54p081508,hopf_transition,hopf,train,1971.49414244,38
3711,54.0815080552,Re_54p081508,hopf_transition,hopf,train,1991.61142961,39
3712,54.0815080552,Re_54p081508,hopf_transition,hopf,train,2011.72871678,40
3713,54.0815080552,Re_54p081508,hopf_transition,hopf,train,2031.84600395,41
3714,54.0815080552,Re_54p081508,hopf_transition,hopf,train,2051.96329112,42
3715,54.0815080552,Re_54p081508,hopf_transition,hopf,train,2072.08057828,43
3716,54.0815080552,Re_54p081508,hopf_transition,hopf,train,2092.19786545,44
3717,54.0815080552,Re_54p081508,hopf_transition,hopf,train,2112.31515262,45
3718,54.0815080552,Re_54p081508,hopf_transition,hopf,train,2132.43243979,46
3719,54.0815080552,Re_54p081508,hopf_transition,hopf,train,2152.54972695,47
3720,54.0815080552,Re_54p081508,hopf_transition,hopf,train,2172.66701412,48
3721,54.0815080552,Re_54p081508,hopf_transition,hopf,train,2192.78430129,49
3722,54.0815080552,Re_54p081508,hopf_transition,hopf,train,2212.90158846,50
3723,54.0815080552,Re_54p081508,hopf_transition,hopf,train,2233.01887563,51
3724,54.0815080552,Re_54p081508,hopf_transition,hopf,train,2253.13616279,52
3725,54.0815080552,Re_54p081508,hopf_transition,hopf,train,2273.25344996,53
3726,54.0815080552,Re_54p081508,hopf_transition,hopf,train,2293.37073713,54
3727,54.0815080552,Re_54p081508,hopf_transition,hopf,train,2313.4880243,55
3728,54.0815080552,Re_54p081508,hopf_transition,hopf,train,2333.60531146,56
3729,54.0815080552,Re_54p081508,hopf_transition,hopf,train,2353.72259863,57
3730,54.0815080552,Re_54p081508,hopf_transition,hopf,train,2373.8398858,58
3731,54.0815080552,Re_54p081508,hopf_transition,hopf,train,2393.95717297,59
3732,54.0815080552,Re_54p081508,hopf_transition,hopf,train,2414.07446014,60
3733,54.0815080552,Re_54p081508,hopf_transition,hopf,train,2434.1917473,61
3734,54.0815080552,Re_54p081508,hopf_transition,hopf,train,2454.30903447,62
3735,54.0815080552,Re_54p081508,hopf_transition,hopf,train,2474.42632164,63
3736,54.0815080552,Re_54p081508,hopf_transition,hopf,train,2494.54360881,64
3737,54.0815080552,Re_54p081508,hopf_transition,hopf,train,2514.66089598,65
3738,54.0815080552,Re_54p081508,hopf_transition,hopf,train,2534.77818314,66
3739,54.0815080552,Re_54p081508,hopf_transition,hopf,train,2554.89547031,67
3740,54.0815080552,Re_54p081508,hopf_transition,hopf,train,2575.01275748,68
3741,54.0815080552,Re_54p081508,hopf_transition,hopf,train,2595.13004465,69
3742,54.0815080552,Re_54p081508,hopf_transition,hopf,train,2615.24733181,70
3743,54.0815080552,Re_54p081508,hopf_transition,hopf,train,2635.36461898,71
3744,54.0815080552,Re_54p081508,hopf_transition,hopf,train,2655.48190615,72
3745,54.0815080552,Re_54p081508,hopf_transition,hopf,train,2675.59919332,73
3746,54.0815080552,Re_54p081508,hopf_transition,hopf,train,2695.71648049,74
3747,54.0815080552,Re_54p081508,hopf_transition,hopf,train,2715.83376765,75
3748,54.0815080552,Re_54p081508,hopf_transition,hopf,train,2735.95105482,76
3749,54.0815080552,Re_54p081508,hopf_transition,hopf,train,2756.06834199,77
3750,54.0815080552,Re_54p081508,hopf_transition,hopf,train,2776.18562916,78
3751,54.0815080552,Re_54p081508,hopf_transition,hopf,train,2796.30291632,79
3752,54.0815080552,Re_54p081508,hopf_transition,hopf,train,2816.42020349,80
3753,54.0815080552,Re_54p081508,hopf_transition,hopf,train,2836.53749066,81
3754,54.0815080552,Re_54p081508,hopf_transition,hopf,train,2856.65477783,82
3755,54.0815080552,Re_54p081508,hopf_transition,hopf,train,2876.772065,83
3756,54.0815080552,Re_54p081508,hopf_transition,hopf,train,2896.88935216,84
3757,54.0815080552,Re_54p081508,hopf_transition,hopf,train,2917.00663933,85
3758,54.0815080552,Re_54p081508,hopf_transition,hopf,train,2937.1239265,86
3759,54.0815080552,Re_54p081508,hopf_transition,hopf,train,2957.24121367,87
3760,54.0815080552,Re_54p081508,hopf_transition,hopf,train,2977.35850083,88
3761,54.0815080552,Re_54p081508,hopf_transition,hopf,train,2997.475788,89
3762,54.0815080552,Re_54p081508,hopf_transition,hopf,train,3017.59307517,90
3763,54.0815080552,Re_54p081508,hopf_transition,hopf,train,3037.71036234,91
3764,54.0815080552,Re_54p081508,hopf_transition,hopf,train,3057.82764951,92
3765,54.0815080552,Re_54p081508,hopf_transition,hopf,train,3077.94493667,93
3766,54.0815080552,Re_54p081508,hopf_transition,hopf,train,3098.06222384,94
3767,54.0815080552,Re_54p081508,hopf_transition,hopf,train,3118.17951101,95
3768,54.0815080552,Re_54p081508,hopf_transition,hopf,train,3138.29679818,96
3769,54.0815080552,Re_54p081508,hopf_transition,hopf,train,3158.41408534,97
3770,54.0815080552,Re_54p081508,hopf_transition,hopf,train,3178.53137251,98
3771,54.0815080552,Re_54p081508,hopf_transition,hopf,train,3198.64865968,99
3772,54.0815080552,Re_54p081508,hopf_transition,hopf,train,3218.768,100
3773,54.0815080552,Re_54p081508,hopf_transition,hopf,train,3238.8853,101
3774,54.0815080552,Re_54p081508,hopf_transition,hopf,train,3259.0026,102
3775,54.0815080552,Re_54p081508,hopf_transition,hopf,train,3279.1199,103
3776,54.0815080552,Re_54p081508,hopf_transition,hopf,train,3299.2372,104
3777,54.0815080552,Re_54p081508,hopf_transition,hopf,train,3319.3545,105
3778,54.0815080552,Re_54p081508,hopf_transition,hopf,train,3339.4718,106
3779,54.0815080552,Re_54p081508,hopf_transition,hopf,train,3359.5891,107
3780,54.0815080552,Re_54p081508,hopf_transition,hopf,train,3379.7064,108
3781,54.0815080552,Re_54p081508,hopf_transition,hopf,train,3399.8237,109
3782,54.0815080552,Re_54p081508,hopf_transition,hopf,train,3419.941,110
3783,54.0815080552,Re_54p081508,hopf_transition,hopf,train,3440.0583,111
3784,54.0815080552,Re_54p081508,hopf_transition,hopf,train,3460.1756,112
3785,54.0815080552,Re_54p081508,hopf_transition,hopf,train,3480.2929,113
3786,54.0815080552,Re_54p081508,hopf_transition,hopf,train,3500.4102,114
3787,54.0815080552,Re_54p081508,hopf_transition,hopf,train,3520.5275,115
3788,54.0815080552,Re_54p081508,hopf_transition,hopf,train,3540.6448,116
3789,54.0815080552,Re_54p081508,hopf_transition,hopf,train,3560.7621,117
3790,54.0815080552,Re_54p081508,hopf_transition,hopf,train,3580.8794,118
3791,54.0815080552,Re_54p081508,hopf_transition,hopf,train,3600.9967,119
3792,54.0815080552,Re_54p081508,hopf_transition,hopf,train,3621.114,120
3793,54.0815080552,Re_54p081508,hopf_transition,hopf,train,3641.2313,121
3794,54.0815080552,Re_54p081508,hopf_transition,hopf,train,3661.3486,122
3795,54.0815080552,Re_54p081508,hopf_transition,hopf,train,3681.4659,123
3796,54.0815080552,Re_54p081508,hopf_transition,hopf,train,3701.5832,124
3797,54.0815080552,Re_54p081508,hopf_transition,hopf,train,3721.7005,125
3798,54.0815080552,Re_54p081508,hopf_transition,hopf,train,3741.8178,126
3799,54.0815080552,Re_54p081508,hopf_transition,hopf,train,3761.9351,127
3800,54.0815080552,Re_54p081508,hopf_transition,hopf,train,3782.0524,128
3801,54.0815080552,Re_54p081508,hopf_transition,hopf,train,3802.1697,129
3802,54.0815080552,Re_54p081508,hopf_transition,hopf,train,3822.287,130
3803,54.0815080552,Re_54p081508,hopf_transition,hopf,train,3842.4043,131
3804,54.0815080552,Re_54p081508,hopf_transition,hopf,train,3862.5216,132
3805,54.0815080552,Re_54p081508,hopf_transition,hopf,train,3882.6389,133
3806,54.0815080552,Re_54p081508,hopf_transition,hopf,train,3902.7562,134
3807,54.0815080552,Re_54p081508,hopf_transition,hopf,train,3922.8735,135
3808,54.0815080552,Re_54p081508,hopf_transition,hopf,train,3942.9908,136
3809,54.0815080552,Re_54p081508,hopf_transition,hopf,train,3963.1081,137
3810,54.0815080552,Re_54p081508,hopf_transition,hopf,train,3983.2254,138
3811,54.0815080552,Re_54p081508,hopf_transition,hopf,train,4003.3427,139
3812,54.0815080552,Re_54p081508,hopf_transition,hopf,train,4023.46,140
3813,54.0815080552,Re_54p081508,hopf_transition,hopf,train,4043.5773,141
3814,54.0815080552,Re_54p081508,hopf_transition,hopf,train,4063.6946,142
3815,54.0815080552,Re_54p081508,hopf_transition,hopf,train,4083.8119,143
3816,54.0815080552,Re_54p081508,hopf_transition,hopf,train,4103.9292,144
3817,54.0815080552,Re_54p081508,hopf_transition,hopf,train,4124.0465,145
3818,54.0815080552,Re_54p081508,hopf_transition,hopf,train,4144.1638,146
3819,54.0815080552,Re_54p081508,hopf_transition,hopf,train,4164.2811,147
3820,54.0815080552,Re_54p081508,hopf_transition,hopf,train,4184.3984,148
3821,54.0815080552,Re_54p081508,hopf_transition,hopf,train,4204.5157,149
3822,54.0815080552,Re_54p081508,hopf_transition,hopf,train,4224.633,150
3823,54.0815080552,Re_54p081508,hopf_transition,hopf,train,4244.7503,151
3824,54.0815080552,Re_54p081508,hopf_transition,hopf,train,4264.8676,152
3825,54.0815080552,Re_54p081508,hopf_transition,hopf,train,4284.9849,153
3826,54.0815080552,Re_54p081508,hopf_transition,hopf,train,4305.1022,154
3827,54.0815080552,Re_54p081508,hopf_transition,hopf,train,4325.2195,155
3828,54.0815080552,Re_54p081508,hopf_transition,hopf,train,4345.3368,156
3829,54.0815080552,Re_54p081508,hopf_transition,hopf,train,4365.4541,157
3830,54.0815080552,Re_54p081508,hopf_transition,hopf,train,4385.5714,158
3831,54.0815080552,Re_54p081508,hopf_transition,hopf,train,4405.6887,159
3832,54.0815080552,Re_54p081508,hopf_transition,hopf,train,4425.806,160
3833,54.887950068,Re_54p887950,hopf_transition,hopf,train,861.17634714,0
3834,54.887950068,Re_54p887950,hopf_transition,hopf,train,871.23671518,1
3835,54.887950068,Re_54p887950,hopf_transition,hopf,train,890.59753107,2
3836,54.887950068,Re_54p887950,hopf_transition,hopf,train,909.95834696,3
3837,54.887950068,Re_54p887950,hopf_transition,hopf,train,929.31916285,4
3838,54.887950068,Re_54p887950,hopf_transition,hopf,train,948.67997875,5
3839,54.887950068,Re_54p887950,hopf_transition,hopf,train,968.04079464,6
3840,54.887950068,Re_54p887950,hopf_transition,hopf,train,987.40161053,7
3841,54.887950068,Re_54p887950,hopf_transition,hopf,train,1006.76242643,8
3842,54.887950068,Re_54p887950,hopf_transition,hopf,train,1026.12324232,9
3843,54.887950068,Re_54p887950,hopf_transition,hopf,train,1045.48405821,10
3844,54.887950068,Re_54p887950,hopf_transition,hopf,train,1064.8448741,11
3845,54.887950068,Re_54p887950,hopf_transition,hopf,train,1084.20569,12
3846,54.887950068,Re_54p887950,hopf_transition,hopf,train,1103.56650589,13
3847,54.887950068,Re_54p887950,hopf_transition,hopf,train,1122.92732178,14
3848,54.887950068,Re_54p887950,hopf_transition,hopf,train,1142.28813768,15
3849,54.887950068,Re_54p887950,hopf_transition,hopf,train,1161.64895357,16
3850,54.887950068,Re_54p887950,hopf_transition,hopf,train,1181.00976946,17
3851,54.887950068,Re_54p887950,hopf_transition,hopf,train,1200.37058535,18
3852,54.887950068,Re_54p887950,hopf_transition,hopf,train,1219.73140125,19
3853,54.887950068,Re_54p887950,hopf_transition,hopf,train,1239.09221714,20
3854,54.887950068,Re_54p887950,hopf_transition,hopf,train,1258.45303303,21
3855,54.887950068,Re_54p887950,hopf_transition,hopf,train,1277.81384892,22
3856,54.887950068,Re_54p887950,hopf_transition,hopf,train,1297.17466482,23
3857,54.887950068,Re_54p887950,hopf_transition,hopf,train,1316.53548071,24
3858,54.887950068,Re_54p887950,hopf_transition,hopf,train,1335.8962966,25
3859,54.887950068,Re_54p887950,hopf_transition,hopf,train,1355.2571125,26
3860,54.887950068,Re_54p887950,hopf_transition,hopf,train,1374.61792839,27
3861,54.887950068,Re_54p887950,hopf_transition,hopf,train,1393.97874428,28
3862,54.887950068,Re_54p887950,hopf_transition,hopf,train,1413.33956017,29
3863,54.887950068,Re_54p887950,hopf_transition,hopf,train,1432.70037607,30
3864,54.887950068,Re_54p887950,hopf_transition,hopf,train,1452.06119196,31
3865,54.887950068,Re_54p887950,hopf_transition,hopf,train,1471.42200785,32
3866,54.887950068,Re_54p887950,hopf_transition,hopf,train,1490.78282375,33
3867,54.887950068,Re_54p887950,hopf_transition,hopf,train,1510.14363964,34
3868,54.887950068,Re_54p887950,hopf_transition,hopf,train,1529.50445553,35
3869,54.887950068,Re_54p887950,hopf_transition,hopf,train,1548.86527142,36
3870,54.887950068,Re_54p887950,hopf_transition,hopf,train,1568.22608732,37
3871,54.887950068,Re_54p887950,hopf_transition,hopf,train,1587.58690321,38
3872,54.887950068,Re_54p887950,hopf_transition,hopf,train,1606.9477191,39
3873,54.887950068,Re_54p887950,hopf_transition,hopf,train,1626.308535,40
3874,54.887950068,Re_54p887950,hopf_transition,hopf,train,1645.66935089,41
3875,54.887950068,Re_54p887950,hopf_transition,hopf,train,1665.03016678,42
3876,54.887950068,Re_54p887950,hopf_transition,hopf,train,1684.39098267,43
3877,54.887950068,Re_54p887950,hopf_transition,hopf,train,1703.75179857,44
3878,54.887950068,Re_54p887950,hopf_transition,hopf,train,1723.11261446,45
3879,54.887950068,Re_54p887950,hopf_transition,hopf,train,1742.47343035,46
3880,54.887950068,Re_54p887950,hopf_transition,hopf,train,1761.83424624,47
3881,54.887950068,Re_54p887950,hopf_transition,hopf,train,1781.19506214,48
3882,54.887950068,Re_54p887950,hopf_transition,hopf,train,1800.55587803,49
3883,54.887950068,Re_54p887950,hopf_transition,hopf,train,1819.91669392,50
3884,54.887950068,Re_54p887950,hopf_transition,hopf,train,1839.27750982,51
3885,54.887950068,Re_54p887950,hopf_transition,hopf,train,1858.63832571,52
3886,54.887950068,Re_54p887950,hopf_transition,hopf,train,1877.9991416,53
3887,54.887950068,Re_54p887950,hopf_transition,hopf,train,1897.35995749,54
3888,54.887950068,Re_54p887950,hopf_transition,hopf,train,1916.72077339,55
3889,54.887950068,Re_54p887950,hopf_transition,hopf,train,1936.08158928,56
3890,54.887950068,Re_54p887950,hopf_transition,hopf,train,1955.44240517,57
3891,54.887950068,Re_54p887950,hopf_transition,hopf,train,1974.80322107,58
3892,54.887950068,Re_54p887950,hopf_transition,hopf,train,1994.16403696,59
3893,54.887950068,Re_54p887950,hopf_transition,hopf,train,2013.52485285,60
3894,54.887950068,Re_54p887950,hopf_transition,hopf,train,2032.88566874,61
3895,54.887950068,Re_54p887950,hopf_transition,hopf,train,2052.24648464,62
3896,54.887950068,Re_54p887950,hopf_transition,hopf,train,2071.60730053,63
3897,54.887950068,Re_54p887950,hopf_transition,hopf,train,2090.96811642,64
3898,54.887950068,Re_54p887950,hopf_transition,hopf,train,2110.32893232,65
3899,54.887950068,Re_54p887950,hopf_transition,hopf,train,2129.68974821,66
3900,54.887950068,Re_54p887950,hopf_transition,hopf,train,2149.0505641,67
3901,54.887950068,Re_54p887950,hopf_transition,hopf,train,2168.41137999,68
3902,54.887950068,Re_54p887950,hopf_transition,hopf,train,2187.77219589,69
3903,54.887950068,Re_54p887950,hopf_transition,hopf,train,2207.13301178,70
3904,54.887950068,Re_54p887950,hopf_transition,hopf,train,2226.49382767,71
3905,54.887950068,Re_54p887950,hopf_transition,hopf,train,2245.85464356,72
3906,54.887950068,Re_54p887950,hopf_transition,hopf,train,2265.21545946,73
3907,54.887950068,Re_54p887950,hopf_transition,hopf,train,2284.57627535,74
3908,54.887950068,Re_54p887950,hopf_transition,hopf,train,2303.93709124,75
3909,54.887950068,Re_54p887950,hopf_transition,hopf,train,2323.29790714,76
3910,54.887950068,Re_54p887950,hopf_transition,hopf,train,2342.65872303,77
3911,54.887950068,Re_54p887950,hopf_transition,hopf,train,2362.01953892,78
3912,54.887950068,Re_54p887950,hopf_transition,hopf,train,2381.38035481,79
3913,54.887950068,Re_54p887950,hopf_transition,hopf,train,2400.74117071,80
3914,54.887950068,Re_54p887950,hopf_transition,hopf,train,2420.1019866,81
3915,54.887950068,Re_54p887950,hopf_transition,hopf,train,2439.46280249,82
3916,54.887950068,Re_54p887950,hopf_transition,hopf,train,2458.82361839,83
3917,54.887950068,Re_54p887950,hopf_transition,hopf,train,2478.18443428,84
3918,54.887950068,Re_54p887950,hopf_transition,hopf,train,2497.54525017,85
3919,54.887950068,Re_54p887950,hopf_transition,hopf,train,2516.90606606,86
3920,54.887950068,Re_54p887950,hopf_transition,hopf,train,2536.26688196,87
3921,54.887950068,Re_54p887950,hopf_transition,hopf,train,2555.62769785,88
3922,54.887950068,Re_54p887950,hopf_transition,hopf,train,2574.98851374,89
3923,54.887950068,Re_54p887950,hopf_transition,hopf,train,2594.34932964,90
3924,54.887950068,Re_54p887950,hopf_transition,hopf,train,2613.71014553,91
3925,54.887950068,Re_54p887950,hopf_transition,hopf,train,2633.07096142,92
3926,54.887950068,Re_54p887950,hopf_transition,hopf,train,2652.43177731,93
3927,54.887950068,Re_54p887950,hopf_transition,hopf,train,2671.79259321,94
3928,54.887950068,Re_54p887950,hopf_transition,hopf,train,2691.1534091,95
3929,54.887950068,Re_54p887950,hopf_transition,hopf,train,2710.51422499,96
3930,54.887950068,Re_54p887950,hopf_transition,hopf,train,2729.87504088,97
3931,54.887950068,Re_54p887950,hopf_transition,hopf,train,2749.23585678,98
3932,54.887950068,Re_54p887950,hopf_transition,hopf,train,2768.59667267,99
3933,54.887950068,Re_54p887950,hopf_transition,hopf,train,2787.95748856,100
3934,54.887950068,Re_54p887950,hopf_transition,hopf,train,2807.31830446,101
3935,54.887950068,Re_54p887950,hopf_transition,hopf,train,2826.67912035,102
3936,54.887950068,Re_54p887950,hopf_transition,hopf,train,2846.03993624,103
3937,54.887950068,Re_54p887950,hopf_transition,hopf,train,2865.40075213,104
3938,54.887950068,Re_54p887950,hopf_transition,hopf,train,2884.76156803,105
3939,54.887950068,Re_54p887950,hopf_transition,hopf,train,2904.12238392,106
3940,54.887950068,Re_54p887950,hopf_transition,hopf,train,2923.48319981,107
3941,54.887950068,Re_54p887950,hopf_transition,hopf,train,2942.84401571,108
3942,54.887950068,Re_54p887950,hopf_transition,hopf,train,2962.2048316,109
3943,54.887950068,Re_54p887950,hopf_transition,hopf,train,2981.56564749,110
3944,54.887950068,Re_54p887950,hopf_transition,hopf,train,3000.92646338,111
3945,54.887950068,Re_54p887950,hopf_transition,hopf,train,3020.28727928,112
3946,54.887950068,Re_54p887950,hopf_transition,hopf,train,3039.64809517,113
3947,54.887950068,Re_54p887950,hopf_transition,hopf,train,3059.0064,114
3948,54.887950068,Re_54p887950,hopf_transition,hopf,train,3078.3672,115
3949,54.887950068,Re_54p887950,hopf_transition,hopf,train,3097.728,116
3950,54.887950068,Re_54p887950,hopf_transition,hopf,train,3117.0888,117
3951,54.887950068,Re_54p887950,hopf_transition,hopf,train,3136.4496,118
3952,54.887950068,Re_54p887950,hopf_transition,hopf,train,3155.8104,119
3953,54.887950068,Re_54p887950,hopf_transition,hopf,train,3175.1712,120
3954,54.887950068,Re_54p887950,hopf_transition,hopf,train,3194.532,121
3955,54.887950068,Re_54p887950,hopf_transition,hopf,train,3213.8928,122
3956,54.887950068,Re_54p887950,hopf_transition,hopf,train,3233.2536,123
3957,54.887950068,Re_54p887950,hopf_transition,hopf,train,3252.6144,124
3958,54.887950068,Re_54p887950,hopf_transition,hopf,train,3271.9752,125
3959,54.887950068,Re_54p887950,hopf_transition,hopf,train,3291.336,126
3960,54.887950068,Re_54p887950,hopf_transition,hopf,train,3310.6968,127
3961,54.887950068,Re_54p887950,hopf_transition,hopf,train,3330.0576,128
3962,54.887950068,Re_54p887950,hopf_transition,hopf,train,3349.4184,129
3963,54.887950068,Re_54p887950,hopf_transition,hopf,train,3368.7792,130
3964,54.887950068,Re_54p887950,hopf_transition,hopf,train,3388.14,131
3965,54.887950068,Re_54p887950,hopf_transition,hopf,train,3407.5008,132
3966,54.887950068,Re_54p887950,hopf_transition,hopf,train,3426.8616,133
3967,54.887950068,Re_54p887950,hopf_transition,hopf,train,3446.2224,134
3968,54.887950068,Re_54p887950,hopf_transition,hopf,train,3465.5832,135
3969,54.887950068,Re_54p887950,hopf_transition,hopf,train,3484.944,136
3970,54.887950068,Re_54p887950,hopf_transition,hopf,train,3504.3048,137
3971,54.887950068,Re_54p887950,hopf_transition,hopf,train,3523.6656,138
3972,54.887950068,Re_54p887950,hopf_transition,hopf,train,3543.0264,139
3973,54.887950068,Re_54p887950,hopf_transition,hopf,train,3562.3872,140
3974,54.887950068,Re_54p887950,hopf_transition,hopf,train,3581.748,141
3975,54.887950068,Re_54p887950,hopf_transition,hopf,train,3601.1088,142
3976,54.887950068,Re_54p887950,hopf_transition,hopf,train,3620.4696,143
3977,54.887950068,Re_54p887950,hopf_transition,hopf,train,3639.8304,144
3978,54.887950068,Re_54p887950,hopf_transition,hopf,train,3659.1912,145
3979,54.887950068,Re_54p887950,hopf_transition,hopf,train,3678.552,146
3980,54.887950068,Re_54p887950,hopf_transition,hopf,train,3697.9128,147
3981,54.887950068,Re_54p887950,hopf_transition,hopf,train,3717.2736,148
3982,54.887950068,Re_54p887950,hopf_transition,hopf,train,3736.6344,149
3983,54.887950068,Re_54p887950,hopf_transition,hopf,train,3755.9952,150
3984,54.887950068,Re_54p887950,hopf_transition,hopf,train,3775.356,151
3985,54.887950068,Re_54p887950,hopf_transition,hopf,train,3794.7168,152
3986,54.887950068,Re_54p887950,hopf_transition,hopf,train,3814.0776,153
3987,54.887950068,Re_54p887950,hopf_transition,hopf,train,3833.4384,154
3988,54.887950068,Re_54p887950,hopf_transition,hopf,train,3852.7992,155
3989,54.887950068,Re_54p887950,hopf_transition,hopf,train,3872.16,156
3990,54.887950068,Re_54p887950,hopf_transition,hopf,train,3891.5208,157
3991,54.887950068,Re_54p887950,hopf_transition,hopf,train,3910.8816,158
3992,54.887950068,Re_54p887950,hopf_transition,hopf,train,3930.2424,159
3993,54.887950068,Re_54p887950,hopf_transition,hopf,train,3949.6032,160
3994,55.709610114,Re_55p709610,hopf_transition,hopf,train,1157.09852272,0
3995,55.709610114,Re_55p709610,hopf_transition,hopf,train,1167.52039138,1
3996,55.709610114,Re_55p709610,hopf_transition,hopf,train,1186.97906457,2
3997,55.709610114,Re_55p709610,hopf_transition,hopf,train,1206.43773776,3
3998,55.709610114,Re_55p709610,hopf_transition,hopf,train,1225.89641095,4
3999,55.709610114,Re_55p709610,hopf_transition,hopf,train,1245.35508414,5
4000,55.709610114,Re_55p709610,hopf_transition,hopf,train,1264.81375733,6
4001,55.709610114,Re_55p709610,hopf_transition,hopf,train,1284.27243052,7
4002,55.709610114,Re_55p709610,hopf_transition,hopf,train,1303.73110371,8
4003,55.709610114,Re_55p709610,hopf_transition,hopf,train,1323.1897769,9
4004,55.709610114,Re_55p709610,hopf_transition,hopf,train,1342.64845009,10
4005,55.709610114,Re_55p709610,hopf_transition,hopf,train,1362.10712328,11
4006,55.709610114,Re_55p709610,hopf_transition,hopf,train,1381.56579647,12
4007,55.709610114,Re_55p709610,hopf_transition,hopf,train,1401.02446966,13
4008,55.709610114,Re_55p709610,hopf_transition,hopf,train,1420.48314285,14
4009,55.709610114,Re_55p709610,hopf_transition,hopf,train,1439.94181604,15
4010,55.709610114,Re_55p709610,hopf_transition,hopf,train,1459.40048923,16
4011,55.709610114,Re_55p709610,hopf_transition,hopf,train,1478.85916242,17
4012,55.709610114,Re_55p709610,hopf_transition,hopf,train,1498.31783561,18
4013,55.709610114,Re_55p709610,hopf_transition,hopf,train,1517.7765088,19
4014,55.709610114,Re_55p709610,hopf_transition,hopf,train,1537.23518199,20
4015,55.709610114,Re_55p709610,hopf_transition,hopf,train,1556.69385518,21
4016,55.709610114,Re_55p709610,hopf_transition,hopf,train,1576.15252837,22
4017,55.709610114,Re_55p709610,hopf_transition,hopf,train,1595.61120156,23
4018,55.709610114,Re_55p709610,hopf_transition,hopf,train,1615.06987475,24
4019,55.709610114,Re_55p709610,hopf_transition,hopf,train,1634.52854793,25
4020,55.709610114,Re_55p709610,hopf_transition,hopf,train,1653.98722112,26
4021,55.709610114,Re_55p709610,hopf_transition,hopf,train,1673.44589431,27
4022,55.709610114,Re_55p709610,hopf_transition,hopf,train,1692.9045675,28
4023,55.709610114,Re_55p709610,hopf_transition,hopf,train,1712.36324069,29
4024,55.709610114,Re_55p709610,hopf_transition,hopf,train,1731.82191388,30
4025,55.709610114,Re_55p709610,hopf_transition,hopf,train,1751.28058707,31
4026,55.709610114,Re_55p709610,hopf_transition,hopf,train,1770.73926026,32
4027,55.709610114,Re_55p709610,hopf_transition,hopf,train,1790.19793345,33
4028,55.709610114,Re_55p709610,hopf_transition,hopf,train,1809.65660664,34
4029,55.709610114,Re_55p709610,hopf_transition,hopf,train,1829.11527983,35
4030,55.709610114,Re_55p709610,hopf_transition,hopf,train,1848.57395302,36
4031,55.709610114,Re_55p709610,hopf_transition,hopf,train,1868.03262621,37
4032,55.709610114,Re_55p709610,hopf_transition,hopf,train,1887.4912994,38
4033,55.709610114,Re_55p709610,hopf_transition,hopf,train,1906.94997259,39
4034,55.709610114,Re_55p709610,hopf_transition,hopf,train,1926.40864578,40
4035,55.709610114,Re_55p709610,hopf_transition,hopf,train,1945.86731897,41
4036,55.709610114,Re_55p709610,hopf_transition,hopf,train,1965.32599216,42
4037,55.709610114,Re_55p709610,hopf_transition,hopf,train,1984.78466535,43
4038,55.709610114,Re_55p709610,hopf_transition,hopf,train,2004.24333854,44
4039,55.709610114,Re_55p709610,hopf_transition,hopf,train,2023.70201173,45
4040,55.709610114,Re_55p709610,hopf_transition,hopf,train,2043.16068492,46
4041,55.709610114,Re_55p709610,hopf_transition,hopf,train,2062.61935811,47
4042,55.709610114,Re_55p709610,hopf_transition,hopf,train,2082.0780313,48
4043,55.709610114,Re_55p709610,hopf_transition,hopf,train,2101.53670449,49
4044,55.709610114,Re_55p709610,hopf_transition,hopf,train,2120.99537768,50
4045,55.709610114,Re_55p709610,hopf_transition,hopf,train,2140.45405087,51
4046,55.709610114,Re_55p709610,hopf_transition,hopf,train,2159.91272406,52
4047,55.709610114,Re_55p709610,hopf_transition,hopf,train,2179.37139725,53
4048,55.709610114,Re_55p709610,hopf_transition,hopf,train,2198.83007044,54
4049,55.709610114,Re_55p709610,hopf_transition,hopf,train,2218.28874363,55
4050,55.709610114,Re_55p709610,hopf_transition,hopf,train,2237.74741682,56
4051,55.709610114,Re_55p709610,hopf_transition,hopf,train,2257.20609001,57
4052,55.709610114,Re_55p709610,hopf_transition,hopf,train,2276.66476319,58
4053,55.709610114,Re_55p709610,hopf_transition,hopf,train,2296.12343638,59
4054,55.709610114,Re_55p709610,hopf_transition,hopf,train,2315.58210957,60
4055,55.709610114,Re_55p709610,hopf_transition,hopf,train,2335.04078276,61
4056,55.709610114,Re_55p709610,hopf_transition,hopf,train,2354.49945595,62
4057,55.709610114,Re_55p709610,hopf_transition,hopf,train,2373.95812914,63
4058,55.709610114,Re_55p709610,hopf_transition,hopf,train,2393.41680233,64
4059,55.709610114,Re_55p709610,hopf_transition,hopf,train,2412.87547552,65
4060,55.709610114,Re_55p709610,hopf_transition,hopf,train,2432.33414871,66
4061,55.709610114,Re_55p709610,hopf_transition,hopf,train,2451.7928219,67
4062,55.709610114,Re_55p709610,hopf_transition,hopf,train,2471.25149509,68
4063,55.709610114,Re_55p709610,hopf_transition,hopf,train,2490.71016828,69
4064,55.709610114,Re_55p709610,hopf_transition,hopf,train,2510.16884147,70
4065,55.709610114,Re_55p709610,hopf_transition,hopf,train,2529.62751466,71
4066,55.709610114,Re_55p709610,hopf_transition,hopf,train,2549.08618785,72
4067,55.709610114,Re_55p709610,hopf_transition,hopf,train,2568.54486104,73
4068,55.709610114,Re_55p709610,hopf_transition,hopf,train,2588.00353423,74
4069,55.709610114,Re_55p709610,hopf_transition,hopf,train,2607.46220742,75
4070,55.709610114,Re_55p709610,hopf_transition,hopf,train,2626.92088061,76
4071,55.709610114,Re_55p709610,hopf_transition,hopf,train,2646.3795538,77
4072,55.709610114,Re_55p709610,hopf_transition,hopf,train,2665.83822699,78
4073,55.709610114,Re_55p709610,hopf_transition,hopf,train,2685.29690018,79
4074,55.709610114,Re_55p709610,hopf_transition,hopf,train,2704.75557337,80
4075,55.709610114,Re_55p709610,hopf_transition,hopf,train,2724.21424656,81
4076,55.709610114,Re_55p709610,hopf_transition,hopf,train,2743.67291975,82
4077,55.709610114,Re_55p709610,hopf_transition,hopf,train,2763.13159294,83
4078,55.709610114,Re_55p709610,hopf_transition,hopf,train,2782.59026613,84
4079,55.709610114,Re_55p709610,hopf_transition,hopf,train,2802.04893932,85
4080,55.709610114,Re_55p709610,hopf_transition,hopf,train,2821.50761251,86
4081,55.709610114,Re_55p709610,hopf_transition,hopf,train,2840.9662857,87
4082,55.709610114,Re_55p709610,hopf_transition,hopf,train,2860.4289,88
4083,55.709610114,Re_55p709610,hopf_transition,hopf,train,2879.8876,89
4084,55.709610114,Re_55p709610,hopf_transition,hopf,train,2899.3463,90
4085,55.709610114,Re_55p709610,hopf_transition,hopf,train,2918.805,91
4086,55.709610114,Re_55p709610,hopf_transition,hopf,train,2938.2637,92
4087,55.709610114,Re_55p709610,hopf_transition,hopf,train,2957.7224,93
4088,55.709610114,Re_55p709610,hopf_transition,hopf,train,2977.1811,94
4089,55.709610114,Re_55p709610,hopf_transition,hopf,train,2996.6398,95
4090,55.709610114,Re_55p709610,hopf_transition,hopf,train,3016.0985,96
4091,55.709610114,Re_55p709610,hopf_transition,hopf,train,3035.5572,97
4092,55.709610114,Re_55p709610,hopf_transition,hopf,train,3055.0159,98
4093,55.709610114,Re_55p709610,hopf_transition,hopf,train,3074.4746,99
4094,55.709610114,Re_55p709610,hopf_transition,hopf,train,3093.9333,100
4095,55.709610114,Re_55p709610,hopf_transition,hopf,train,3113.392,101
4096,55.709610114,Re_55p709610,hopf_transition,hopf,train,3132.8507,102
4097,55.709610114,Re_55p709610,hopf_transition,hopf,train,3152.3094,103
4098,55.709610114,Re_55p709610,hopf_transition,hopf,train,3171.7681,104
4099,55.709610114,Re_55p709610,hopf_transition,hopf,train,3191.2268,105
4100,55.709610114,Re_55p709610,hopf_transition,hopf,train,3210.6855,106
4101,55.709610114,Re_55p709610,hopf_transition,hopf,train,3230.1442,107
4102,55.709610114,Re_55p709610,hopf_transition,hopf,train,3249.6029,108
4103,55.709610114,Re_55p709610,hopf_transition,hopf,train,3269.0616,109
4104,55.709610114,Re_55p709610,hopf_transition,hopf,train,3288.5203,110
4105,55.709610114,Re_55p709610,hopf_transition,hopf,train,3307.979,111
4106,55.709610114,Re_55p709610,hopf_transition,hopf,train,3327.4377,112
4107,55.709610114,Re_55p709610,hopf_transition,hopf,train,3346.8964,113
4108,55.709610114,Re_55p709610,hopf_transition,hopf,train,3366.3551,114
4109,55.709610114,Re_55p709610,hopf_transition,hopf,train,3385.8138,115
4110,55.709610114,Re_55p709610,hopf_transition,hopf,train,3405.2725,116
4111,55.709610114,Re_55p709610,hopf_transition,hopf,train,3424.7312,117
4112,55.709610114,Re_55p709610,hopf_transition,hopf,train,3444.1899,118
4113,55.709610114,Re_55p709610,hopf_transition,hopf,train,3463.6486,119
4114,55.709610114,Re_55p709610,hopf_transition,hopf,train,3483.1073,120
4115,55.709610114,Re_55p709610,hopf_transition,hopf,train,3502.566,121
4116,55.709610114,Re_55p709610,hopf_transition,hopf,train,3522.0247,122
4117,55.709610114,Re_55p709610,hopf_transition,hopf,train,3541.4834,123
4118,55.709610114,Re_55p709610,hopf_transition,hopf,train,3560.9421,124
4119,55.709610114,Re_55p709610,hopf_transition,hopf,train,3580.4008,125
4120,55.709610114,Re_55p709610,hopf_transition,hopf,train,3599.8595,126
4121,55.709610114,Re_55p709610,hopf_transition,hopf,train,3619.3182,127
4122,55.709610114,Re_55p709610,hopf_transition,hopf,train,3638.7769,128
4123,55.709610114,Re_55p709610,hopf_transition,hopf,train,3658.2356,129
4124,55.709610114,Re_55p709610,hopf_transition,hopf,train,3677.6943,130
4125,55.709610114,Re_55p709610,hopf_transition,hopf,train,3697.153,131
4126,55.709610114,Re_55p709610,hopf_transition,hopf,train,3716.6117,132
4127,55.709610114,Re_55p709610,hopf_transition,hopf,train,3736.0704,133
4128,55.709610114,Re_55p709610,hopf_transition,hopf,train,3755.5291,134
4129,55.709610114,Re_55p709610,hopf_transition,hopf,train,3774.9878,135
4130,55.709610114,Re_55p709610,hopf_transition,hopf,train,3794.4465,136
4131,55.709610114,Re_55p709610,hopf_transition,hopf,train,3813.9052,137
4132,55.709610114,Re_55p709610,hopf_transition,hopf,train,3833.3639,138
4133,55.709610114,Re_55p709610,hopf_transition,hopf,train,3852.8226,139
4134,55.709610114,Re_55p709610,hopf_transition,hopf,train,3872.2813,140
4135,55.709610114,Re_55p709610,hopf_transition,hopf,train,3891.74,141
4136,55.709610114,Re_55p709610,hopf_transition,hopf,train,3911.1987,142
4137,55.709610114,Re_55p709610,hopf_transition,hopf,train,3930.6574,143
4138,55.709610114,Re_55p709610,hopf_transition,hopf,train,3950.1161,144
4139,55.709610114,Re_55p709610,hopf_transition,hopf,train,3969.5748,145
4140,55.709610114,Re_55p709610,hopf_transition,hopf,train,3989.0335,146
4141,55.709610114,Re_55p709610,hopf_transition,hopf,train,4008.4922,147
4142,55.709610114,Re_55p709610,hopf_transition,hopf,train,4027.9509,148
4143,55.709610114,Re_55p709610,hopf_transition,hopf,train,4047.4096,149
4144,55.709610114,Re_55p709610,hopf_transition,hopf,train,4066.8683,150
4145,55.709610114,Re_55p709610,hopf_transition,hopf,train,4086.327,151
4146,55.709610114,Re_55p709610,hopf_transition,hopf,train,4105.7857,152
4147,55.709610114,Re_55p709610,hopf_transition,hopf,train,4125.2444,153
4148,55.709610114,Re_55p709610,hopf_transition,hopf,train,4144.7031,154
4149,55.709610114,Re_55p709610,hopf_transition,hopf,train,4164.1618,155
4150,55.709610114,Re_55p709610,hopf_transition,hopf,train,4183.6205,156
4151,55.709610114,Re_55p709610,hopf_transition,hopf,train,4203.0792,157
4152,55.709610114,Re_55p709610,hopf_transition,hopf,train,4222.5379,158
4153,55.709610114,Re_55p709610,hopf_transition,hopf,train,4241.9966,159
4154,55.709610114,Re_55p709610,hopf_transition,hopf,train,4261.4553,160
4155,56.5432463134,Re_56p543246,hopf_transition,hopf,validation,822.48534902,0
4156,56.5432463134,Re_56p543246,hopf_transition,hopf,validation,836.08684674,1
4157,56.5432463134,Re_56p543246,hopf_transition,hopf,validation,854.66655444,2
4158,56.5432463134,Re_56p543246,hopf_transition,hopf,validation,873.24626215,3
4159,56.5432463134,Re_56p543246,hopf_transition,hopf,validation,891.82596985,4
4160,56.5432463134,Re_56p543246,hopf_transition,hopf,validation,910.40567756,5
4161,56.5432463134,Re_56p543246,hopf_transition,hopf,validation,928.98538526,6
4162,56.5432463134,Re_56p543246,hopf_transition,hopf,validation,947.56509297,7
4163,56.5432463134,Re_56p543246,hopf_transition,hopf,validation,966.14480068,8
4164,56.5432463134,Re_56p543246,hopf_transition,hopf,validation,984.72450838,9
4165,56.5432463134,Re_56p543246,hopf_transition,hopf,validation,1003.30421609,10
4166,56.5432463134,Re_56p543246,hopf_transition,hopf,validation,1021.88392379,11
4167,56.5432463134,Re_56p543246,hopf_transition,hopf,validation,1040.4636315,12
4168,56.5432463134,Re_56p543246,hopf_transition,hopf,validation,1059.0433392,13
4169,56.5432463134,Re_56p543246,hopf_transition,hopf,validation,1077.62304691,14
4170,56.5432463134,Re_56p543246,hopf_transition,hopf,validation,1096.20275461,15
4171,56.5432463134,Re_56p543246,hopf_transition,hopf,validation,1114.78246232,16
4172,56.5432463134,Re_56p543246,hopf_transition,hopf,validation,1133.36217002,17
4173,56.5432463134,Re_56p543246,hopf_transition,hopf,validation,1151.94187773,18
4174,56.5432463134,Re_56p543246,hopf_transition,hopf,validation,1170.52158543,19
4175,56.5432463134,Re_56p543246,hopf_transition,hopf,validation,1189.10129314,20
4176,56.5432463134,Re_56p543246,hopf_transition,hopf,validation,1207.68100084,21
4177,56.5432463134,Re_56p543246,hopf_transition,hopf,validation,1226.26070855,22
4178,56.5432463134,Re_56p543246,hopf_transition,hopf,validation,1244.84041626,23
4179,56.5432463134,Re_56p543246,hopf_transition,hopf,validation,1263.42012396,24
4180,56.5432463134,Re_56p543246,hopf_transition,hopf,validation,1281.99983167,25
4181,56.5432463134,Re_56p543246,hopf_transition,hopf,validation,1300.57953937,26
4182,56.5432463134,Re_56p543246,hopf_transition,hopf,validation,1319.15924708,27
4183,56.5432463134,Re_56p543246,hopf_transition,hopf,validation,1337.73895478,28
4184,56.5432463134,Re_56p543246,hopf_transition,hopf,validation,1356.31866249,29
4185,56.5432463134,Re_56p543246,hopf_transition,hopf,validation,1374.89837019,30
4186,56.5432463134,Re_56p543246,hopf_transition,hopf,validation,1393.4780779,31
4187,56.5432463134,Re_56p543246,hopf_transition,hopf,validation,1412.0577856,32
4188,56.5432463134,Re_56p543246,hopf_transition,hopf,validation,1430.63749331,33
4189,56.5432463134,Re_56p543246,hopf_transition,hopf,validation,1449.21720101,34
4190,56.5432463134,Re_56p543246,hopf_transition,hopf,validation,1467.79690872,35
4191,56.5432463134,Re_56p543246,hopf_transition,hopf,validation,1486.37661642,36
4192,56.5432463134,Re_56p543246,hopf_transition,hopf,validation,1504.95632413,37
4193,56.5432463134,Re_56p543246,hopf_transition,hopf,validation,1523.53603183,38
4194,56.5432463134,Re_56p543246,hopf_transition,hopf,validation,1542.11573954,39
4195,56.5432463134,Re_56p543246,hopf_transition,hopf,validation,1560.69544725,40
4196,56.5432463134,Re_56p543246,hopf_transition,hopf,validation,1579.27515495,41
4197,56.5432463134,Re_56p543246,hopf_transition,hopf,validation,1597.85486266,42
4198,56.5432463134,Re_56p543246,hopf_transition,hopf,validation,1616.43457036,43
4199,56.5432463134,Re_56p543246,hopf_transition,hopf,validation,1635.01427807,44
4200,56.5432463134,Re_56p543246,hopf_transition,hopf,validation,1653.59398577,45
4201,56.5432463134,Re_56p543246,hopf_transition,hopf,validation,1672.17369348,46
4202,56.5432463134,Re_56p543246,hopf_transition,hopf,validation,1690.75340118,47
4203,56.5432463134,Re_56p543246,hopf_transition,hopf,validation,1709.33310889,48
4204,56.5432463134,Re_56p543246,hopf_transition,hopf,validation,1727.91281659,49
4205,56.5432463134,Re_56p543246,hopf_transition,hopf,validation,1746.4925243,50
4206,56.5432463134,Re_56p543246,hopf_transition,hopf,validation,1765.072232,51
4207,56.5432463134,Re_56p543246,hopf_transition,hopf,validation,1783.65193971,52
4208,56.5432463134,Re_56p543246,hopf_transition,hopf,validation,1802.23164741,53
4209,56.5432463134,Re_56p543246,hopf_transition,hopf,validation,1820.81135512,54
4210,56.5432463134,Re_56p543246,hopf_transition,hopf,validation,1839.39106282,55
4211,56.5432463134,Re_56p543246,hopf_transition,hopf,validation,1857.97077053,56
4212,56.5432463134,Re_56p543246,hopf_transition,hopf,validation,1876.55047824,57
4213,56.5432463134,Re_56p543246,hopf_transition,hopf,validation,1895.13018594,58
4214,56.5432463134,Re_56p543246,hopf_transition,hopf,validation,1913.70989365,59
4215,56.5432463134,Re_56p543246,hopf_transition,hopf,validation,1932.28960135,60
4216,56.5432463134,Re_56p543246,hopf_transition,hopf,validation,1950.86930906,61
4217,56.5432463134,Re_56p543246,hopf_transition,hopf,validation,1969.44901676,62
4218,56.5432463134,Re_56p543246,hopf_transition,hopf,validation,1988.02872447,63
4219,56.5432463134,Re_56p543246,hopf_transition,hopf,validation,2006.60843217,64
4220,56.5432463134,Re_56p543246,hopf_transition,hopf,validation,2025.18813988,65
4221,56.5432463134,Re_56p543246,hopf_transition,hopf,validation,2043.76784758,66
4222,56.5432463134,Re_56p543246,hopf_transition,hopf,validation,2062.34755529,67
4223,56.5432463134,Re_56p543246,hopf_transition,hopf,validation,2080.92726299,68
4224,56.5432463134,Re_56p543246,hopf_transition,hopf,validation,2099.5069707,69
4225,56.5432463134,Re_56p543246,hopf_transition,hopf,validation,2118.0866784,70
4226,56.5432463134,Re_56p543246,hopf_transition,hopf,validation,2136.66638611,71
4227,56.5432463134,Re_56p543246,hopf_transition,hopf,validation,2155.24609381,72
4228,56.5432463134,Re_56p543246,hopf_transition,hopf,validation,2173.82580152,73
4229,56.5432463134,Re_56p543246,hopf_transition,hopf,validation,2192.40550923,74
4230,56.5432463134,Re_56p543246,hopf_transition,hopf,validation,2210.98521693,75
4231,56.5432463134,Re_56p543246,hopf_transition,hopf,validation,2229.56492464,76
4232,56.5432463134,Re_56p543246,hopf_transition,hopf,validation,2248.14463234,77
4233,56.5432463134,Re_56p543246,hopf_transition,hopf,validation,2266.72434005,78
4234,56.5432463134,Re_56p543246,hopf_transition,hopf,validation,2285.30404775,79
4235,56.5432463134,Re_56p543246,hopf_transition,hopf,validation,2303.88375546,80
4236,56.5432463134,Re_56p543246,hopf_transition,hopf,validation,2322.46346316,81
4237,56.5432463134,Re_56p543246,hopf_transition,hopf,validation,2341.04317087,82
4238,56.5432463134,Re_56p543246,hopf_transition,hopf,validation,2359.62287857,83
4239,56.5432463134,Re_56p543246,hopf_transition,hopf,validation,2378.20258628,84
4240,56.5432463134,Re_56p543246,hopf_transition,hopf,validation,2396.78229398,85
4241,56.5432463134,Re_56p543246,hopf_transition,hopf,validation,2415.36200169,86
4242,56.5432463134,Re_56p543246,hopf_transition,hopf,validation,2433.94170939,87
4243,56.5432463134,Re_56p543246,hopf_transition,hopf,validation,2452.5214171,88
4244,56.5432463134,Re_56p543246,hopf_transition,hopf,validation,2471.1011248,89
4245,56.5432463134,Re_56p543246,hopf_transition,hopf,validation,2489.68083251,90
4246,56.5432463134,Re_56p543246,hopf_transition,hopf,validation,2508.26054022,91
4247,56.5432463134,Re_56p543246,hopf_transition,hopf,validation,2526.84024792,92
4248,56.5432463134,Re_56p543246,hopf_transition,hopf,validation,2545.41995563,93
4249,56.5432463134,Re_56p543246,hopf_transition,hopf,validation,2563.99966333,94
4250,56.5432463134,Re_56p543246,hopf_transition,hopf,validation,2582.57937104,95
4251,56.5432463134,Re_56p543246,hopf_transition,hopf,validation,2601.15907874,96
4252,56.5432463134,Re_56p543246,hopf_transition,hopf,validation,2619.73878645,97
4253,56.5432463134,Re_56p543246,hopf_transition,hopf,validation,2638.31849415,98
4254,56.5432463134,Re_56p543246,hopf_transition,hopf,validation,2656.89820186,99
4255,56.5432463134,Re_56p543246,hopf_transition,hopf,validation,2675.47790956,100
4256,56.5432463134,Re_56p543246,hopf_transition,hopf,validation,2694.05761727,101
4257,56.5432463134,Re_56p543246,hopf_transition,hopf,validation,2712.63732497,102
4258,56.5432463134,Re_56p543246,hopf_transition,hopf,validation,2731.21703268,103
4259,56.5432463134,Re_56p543246,hopf_transition,hopf,validation,2749.79674038,104
4260,56.5432463134,Re_56p543246,hopf_transition,hopf,validation,2768.37644809,105
4261,56.5432463134,Re_56p543246,hopf_transition,hopf,validation,2786.955,106
4262,56.5432463134,Re_56p543246,hopf_transition,hopf,validation,2805.5347,107
4263,56.5432463134,Re_56p543246,hopf_transition,hopf,validation,2824.1144,108
4264,56.5432463134,Re_56p543246,hopf_transition,hopf,validation,2842.6941,109
4265,56.5432463134,Re_56p543246,hopf_transition,hopf,validation,2861.2738,110
4266,56.5432463134,Re_56p543246,hopf_transition,hopf,validation,2879.8535,111
4267,56.5432463134,Re_56p543246,hopf_transition,hopf,validation,2898.4332,112
4268,56.5432463134,Re_56p543246,hopf_transition,hopf,validation,2917.0129,113
4269,56.5432463134,Re_56p543246,hopf_transition,hopf,validation,2935.5926,114
4270,56.5432463134,Re_56p543246,hopf_transition,hopf,validation,2954.1723,115
4271,56.5432463134,Re_56p543246,hopf_transition,hopf,validation,2972.752,116
4272,56.5432463134,Re_56p543246,hopf_transition,hopf,validation,2991.3317,117
4273,56.5432463134,Re_56p543246,hopf_transition,hopf,validation,3009.9114,118
4274,56.5432463134,Re_56p543246,hopf_transition,hopf,validation,3028.4911,119
4275,56.5432463134,Re_56p543246,hopf_transition,hopf,validation,3047.0708,120
4276,56.5432463134,Re_56p543246,hopf_transition,hopf,validation,3065.6505,121
4277,56.5432463134,Re_56p543246,hopf_transition,hopf,validation,3084.2302,122
4278,56.5432463134,Re_56p543246,hopf_transition,hopf,validation,3102.8099,123
4279,56.5432463134,Re_56p543246,hopf_transition,hopf,validation,3121.3896,124
4280,56.5432463134,Re_56p543246,hopf_transition,hopf,validation,3139.9693,125
4281,56.5432463134,Re_56p543246,hopf_transition,hopf,validation,3158.549,126
4282,56.5432463134,Re_56p543246,hopf_transition,hopf,validation,3177.1287,127
4283,56.5432463134,Re_56p543246,hopf_transition,hopf,validation,3195.7084,128
4284,56.5432463134,Re_56p543246,hopf_transition,hopf,validation,3214.2881,129
4285,56.5432463134,Re_56p543246,hopf_transition,hopf,validation,3232.8678,130
4286,56.5432463134,Re_56p543246,hopf_transition,hopf,validation,3251.4475,131
4287,56.5432463134,Re_56p543246,hopf_transition,hopf,validation,3270.0272,132
4288,56.5432463134,Re_56p543246,hopf_transition,hopf,validation,3288.6069,133
4289,56.5432463134,Re_56p543246,hopf_transition,hopf,validation,3307.1866,134
4290,56.5432463134,Re_56p543246,hopf_transition,hopf,validation,3325.7663,135
4291,56.5432463134,Re_56p543246,hopf_transition,hopf,validation,3344.346,136
4292,56.5432463134,Re_56p543246,hopf_transition,hopf,validation,3362.9257,137
4293,56.5432463134,Re_56p543246,hopf_transition,hopf,validation,3381.5054,138
4294,56.5432463134,Re_56p543246,hopf_transition,hopf,validation,3400.0851,139
4295,56.5432463134,Re_56p543246,hopf_transition,hopf,validation,3418.6648,140
4296,56.5432463134,Re_56p543246,hopf_transition,hopf,validation,3437.2445,141
4297,56.5432463134,Re_56p543246,hopf_transition,hopf,validation,3455.8242,142
4298,56.5432463134,Re_56p543246,hopf_transition,hopf,validation,3474.4039,143
4299,56.5432463134,Re_56p543246,hopf_transition,hopf,validation,3492.9836,144
4300,56.5432463134,Re_56p543246,hopf_transition,hopf,validation,3511.5633,145
4301,56.5432463134,Re_56p543246,hopf_transition,hopf,validation,3530.143,146
4302,56.5432463134,Re_56p543246,hopf_transition,hopf,validation,3548.7227,147
4303,56.5432463134,Re_56p543246,hopf_transition,hopf,validation,3567.3024,148
4304,56.5432463134,Re_56p543246,hopf_transition,hopf,validation,3585.8821,149
4305,56.5432463134,Re_56p543246,hopf_transition,hopf,validation,3604.4618,150
4306,56.5432463134,Re_56p543246,hopf_transition,hopf,validation,3623.0415,151
4307,56.5432463134,Re_56p543246,hopf_transition,hopf,validation,3641.6212,152
4308,56.5432463134,Re_56p543246,hopf_transition,hopf,validation,3660.2009,153
4309,56.5432463134,Re_56p543246,hopf_transition,hopf,validation,3678.7806,154
4310,56.5432463134,Re_56p543246,hopf_transition,hopf,validation,3697.3603,155
4311,56.5432463134,Re_56p543246,hopf_transition,hopf,validation,3715.94,156
4312,56.5432463134,Re_56p543246,hopf_transition,hopf,validation,3734.5197,157
4313,56.5432463134,Re_56p543246,hopf_transition,hopf,validation,3753.0994,158
4314,56.5432463134,Re_56p543246,hopf_transition,hopf,validation,3771.6791,159
4315,56.5432463134,Re_56p543246,hopf_transition,hopf,validation,3790.2588,160
4316,57.3899704283,Re_57p389970,hopf_transition,hopf,train,804.00780257,0
4317,57.3899704283,Re_57p389970,hopf_transition,hopf,train,806.45878533,1
4318,57.3899704283,Re_57p389970,hopf_transition,hopf,train,824.78739409,2
4319,57.3899704283,Re_57p389970,hopf_transition,hopf,train,843.11600285,3
4320,57.3899704283,Re_57p389970,hopf_transition,hopf,train,861.4446116,4
4321,57.3899704283,Re_57p389970,hopf_transition,hopf,train,879.77322036,5
4322,57.3899704283,Re_57p389970,hopf_transition,hopf,train,898.10182912,6
4323,57.3899704283,Re_57p389970,hopf_transition,hopf,train,916.43043787,7
4324,57.3899704283,Re_57p389970,hopf_transition,hopf,train,934.75904663,8
4325,57.3899704283,Re_57p389970,hopf_transition,hopf,train,953.08765539,9
4326,57.3899704283,Re_57p389970,hopf_transition,hopf,train,971.41626415,10
4327,57.3899704283,Re_57p389970,hopf_transition,hopf,train,989.7448729,11
4328,57.3899704283,Re_57p389970,hopf_transition,hopf,train,1008.07348166,12
4329,57.3899704283,Re_57p389970,hopf_transition,hopf,train,1026.40209042,13
4330,57.3899704283,Re_57p389970,hopf_transition,hopf,train,1044.73069918,14
4331,57.3899704283,Re_57p389970,hopf_transition,hopf,train,1063.05930793,15
4332,57.3899704283,Re_57p389970,hopf_transition,hopf,train,1081.38791669,16
4333,57.3899704283,Re_57p389970,hopf_transition,hopf,train,1099.71652545,17
4334,57.3899704283,Re_57p389970,hopf_transition,hopf,train,1118.04513421,18
4335,57.3899704283,Re_57p389970,hopf_transition,hopf,train,1136.37374297,19
4336,57.3899704283,Re_57p389970,hopf_transition,hopf,train,1154.70235172,20
4337,57.3899704283,Re_57p389970,hopf_transition,hopf,train,1173.03096048,21
4338,57.3899704283,Re_57p389970,hopf_transition,hopf,train,1191.35956924,22
4339,57.3899704283,Re_57p389970,hopf_transition,hopf,train,1209.68817799,23
4340,57.3899704283,Re_57p389970,hopf_transition,hopf,train,1228.01678675,24
4341,57.3899704283,Re_57p389970,hopf_transition,hopf,train,1246.34539551,25
4342,57.3899704283,Re_57p389970,hopf_transition,hopf,train,1264.67400427,26
4343,57.3899704283,Re_57p389970,hopf_transition,hopf,train,1283.00261303,27
4344,57.3899704283,Re_57p389970,hopf_transition,hopf,train,1301.33122178,28
4345,57.3899704283,Re_57p389970,hopf_transition,hopf,train,1319.65983054,29
4346,57.3899704283,Re_57p389970,hopf_transition,hopf,train,1337.9884393,30
4347,57.3899704283,Re_57p389970,hopf_transition,hopf,train,1356.31704805,31
4348,57.3899704283,Re_57p389970,hopf_transition,hopf,train,1374.64565681,32
4349,57.3899704283,Re_57p389970,hopf_transition,hopf,train,1392.97426557,33
4350,57.3899704283,Re_57p389970,hopf_transition,hopf,train,1411.30287433,34
4351,57.3899704283,Re_57p389970,hopf_transition,hopf,train,1429.63148308,35
4352,57.3899704283,Re_57p389970,hopf_transition,hopf,train,1447.96009184,36
4353,57.3899704283,Re_57p389970,hopf_transition,hopf,train,1466.2887006,37
4354,57.3899704283,Re_57p389970,hopf_transition,hopf,train,1484.61730936,38
4355,57.3899704283,Re_57p389970,hopf_transition,hopf,train,1502.94591812,39
4356,57.3899704283,Re_57p389970,hopf_transition,hopf,train,1521.27452687,40
4357,57.3899704283,Re_57p389970,hopf_transition,hopf,train,1539.60313563,41
4358,57.3899704283,Re_57p389970,hopf_transition,hopf,train,1557.93174439,42
4359,57.3899704283,Re_57p389970,hopf_transition,hopf,train,1576.26035314,43
4360,57.3899704283,Re_57p389970,hopf_transition,hopf,train,1594.5889619,44
4361,57.3899704283,Re_57p389970,hopf_transition,hopf,train,1612.91757066,45
4362,57.3899704283,Re_57p389970,hopf_transition,hopf,train,1631.24617942,46
4363,57.3899704283,Re_57p389970,hopf_transition,hopf,train,1649.57478817,47
4364,57.3899704283,Re_57p389970,hopf_transition,hopf,train,1667.90339693,48
4365,57.3899704283,Re_57p389970,hopf_transition,hopf,train,1686.23200569,49
4366,57.3899704283,Re_57p389970,hopf_transition,hopf,train,1704.56061445,50
4367,57.3899704283,Re_57p389970,hopf_transition,hopf,train,1722.88922321,51
4368,57.3899704283,Re_57p389970,hopf_transition,hopf,train,1741.21783196,52
4369,57.3899704283,Re_57p389970,hopf_transition,hopf,train,1759.54644072,53
4370,57.3899704283,Re_57p389970,hopf_transition,hopf,train,1777.87504948,54
4371,57.3899704283,Re_57p389970,hopf_transition,hopf,train,1796.20365823,55
4372,57.3899704283,Re_57p389970,hopf_transition,hopf,train,1814.53226699,56
4373,57.3899704283,Re_57p389970,hopf_transition,hopf,train,1832.86087575,57
4374,57.3899704283,Re_57p389970,hopf_transition,hopf,train,1851.18948451,58
4375,57.3899704283,Re_57p389970,hopf_transition,hopf,train,1869.51809327,59
4376,57.3899704283,Re_57p389970,hopf_transition,hopf,train,1887.84670202,60
4377,57.3899704283,Re_57p389970,hopf_transition,hopf,train,1906.17531078,61
4378,57.3899704283,Re_57p389970,hopf_transition,hopf,train,1924.50391954,62
4379,57.3899704283,Re_57p389970,hopf_transition,hopf,train,1942.83252829,63
4380,57.3899704283,Re_57p389970,hopf_transition,hopf,train,1961.16113705,64
4381,57.3899704283,Re_57p389970,hopf_transition,hopf,train,1979.48974581,65
4382,57.3899704283,Re_57p389970,hopf_transition,hopf,train,1997.81835457,66
4383,57.3899704283,Re_57p389970,hopf_transition,hopf,train,2016.14696332,67
4384,57.3899704283,Re_57p389970,hopf_transition,hopf,train,2034.47557208,68
4385,57.3899704283,Re_57p389970,hopf_transition,hopf,train,2052.80418084,69
4386,57.3899704283,Re_57p389970,hopf_transition,hopf,train,2071.1327896,70
4387,57.3899704283,Re_57p389970,hopf_transition,hopf,train,2089.46139835,71
4388,57.3899704283,Re_57p389970,hopf_transition,hopf,train,2107.79000711,72
4389,57.3899704283,Re_57p389970,hopf_transition,hopf,train,2126.11861587,73
4390,57.3899704283,Re_57p389970,hopf_transition,hopf,train,2144.44722463,74
4391,57.3899704283,Re_57p389970,hopf_transition,hopf,train,2162.77583339,75
4392,57.3899704283,Re_57p389970,hopf_transition,hopf,train,2181.10444214,76
4393,57.3899704283,Re_57p389970,hopf_transition,hopf,train,2199.4330509,77
4394,57.3899704283,Re_57p389970,hopf_transition,hopf,train,2217.76165966,78
4395,57.3899704283,Re_57p389970,hopf_transition,hopf,train,2236.09026842,79
4396,57.3899704283,Re_57p389970,hopf_transition,hopf,train,2254.41887717,80
4397,57.3899704283,Re_57p389970,hopf_transition,hopf,train,2272.74748593,81
4398,57.3899704283,Re_57p389970,hopf_transition,hopf,train,2291.07609469,82
4399,57.3899704283,Re_57p389970,hopf_transition,hopf,train,2309.40470344,83
4400,57.3899704283,Re_57p389970,hopf_transition,hopf,train,2327.7333122,84
4401,57.3899704283,Re_57p389970,hopf_transition,hopf,train,2346.06192096,85
4402,57.3899704283,Re_57p389970,hopf_transition,hopf,train,2364.39052972,86
4403,57.3899704283,Re_57p389970,hopf_transition,hopf,train,2382.71913847,87
4404,57.3899704283,Re_57p389970,hopf_transition,hopf,train,2401.04774723,88
4405,57.3899704283,Re_57p389970,hopf_transition,hopf,train,2419.37635599,89
4406,57.3899704283,Re_57p389970,hopf_transition,hopf,train,2437.70496475,90
4407,57.3899704283,Re_57p389970,hopf_transition,hopf,train,2456.0335735,91
4408,57.3899704283,Re_57p389970,hopf_transition,hopf,train,2474.36218226,92
4409,57.3899704283,Re_57p389970,hopf_transition,hopf,train,2492.69079102,93
4410,57.3899704283,Re_57p389970,hopf_transition,hopf,train,2511.01939978,94
4411,57.3899704283,Re_57p389970,hopf_transition,hopf,train,2529.34800853,95
4412,57.3899704283,Re_57p389970,hopf_transition,hopf,train,2547.67661729,96
4413,57.3899704283,Re_57p389970,hopf_transition,hopf,train,2566.00522605,97
4414,57.3899704283,Re_57p389970,hopf_transition,hopf,train,2584.33383481,98
4415,57.3899704283,Re_57p389970,hopf_transition,hopf,train,2602.66244357,99
4416,57.3899704283,Re_57p389970,hopf_transition,hopf,train,2620.99105232,100
4417,57.3899704283,Re_57p389970,hopf_transition,hopf,train,2639.31966108,101
4418,57.3899704283,Re_57p389970,hopf_transition,hopf,train,2657.64826984,102
4419,57.3899704283,Re_57p389970,hopf_transition,hopf,train,2675.9768786,103
4420,57.3899704283,Re_57p389970,hopf_transition,hopf,train,2694.30548735,104
4421,57.3899704283,Re_57p389970,hopf_transition,hopf,train,2712.6328,105
4422,57.3899704283,Re_57p389970,hopf_transition,hopf,train,2730.9614,106
4423,57.3899704283,Re_57p389970,hopf_transition,hopf,train,2749.29,107
4424,57.3899704283,Re_57p389970,hopf_transition,hopf,train,2767.6186,108
4425,57.3899704283,Re_57p389970,hopf_transition,hopf,train,2785.9472,109
4426,57.3899704283,Re_57p389970,hopf_transition,hopf,train,2804.2758,110
4427,57.3899704283,Re_57p389970,hopf_transition,hopf,train,2822.6044,111
4428,57.3899704283,Re_57p389970,hopf_transition,hopf,train,2840.933,112
4429,57.3899704283,Re_57p389970,hopf_transition,hopf,train,2859.2616,113
4430,57.3899704283,Re_57p389970,hopf_transition,hopf,train,2877.5902,114
4431,57.3899704283,Re_57p389970,hopf_transition,hopf,train,2895.9188,115
4432,57.3899704283,Re_57p389970,hopf_transition,hopf,train,2914.2474,116
4433,57.3899704283,Re_57p389970,hopf_transition,hopf,train,2932.576,117
4434,57.3899704283,Re_57p389970,hopf_transition,hopf,train,2950.9046,118
4435,57.3899704283,Re_57p389970,hopf_transition,hopf,train,2969.2332,119
4436,57.3899704283,Re_57p389970,hopf_transition,hopf,train,2987.5618,120
4437,57.3899704283,Re_57p389970,hopf_transition,hopf,train,3005.8904,121
4438,57.3899704283,Re_57p389970,hopf_transition,hopf,train,3024.219,122
4439,57.3899704283,Re_57p389970,hopf_transition,hopf,train,3042.5476,123
4440,57.3899704283,Re_57p389970,hopf_transition,hopf,train,3060.8762,124
4441,57.3899704283,Re_57p389970,hopf_transition,hopf,train,3079.2048,125
4442,57.3899704283,Re_57p389970,hopf_transition,hopf,train,3097.5334,126
4443,57.3899704283,Re_57p389970,hopf_transition,hopf,train,3115.862,127
4444,57.3899704283,Re_57p389970,hopf_transition,hopf,train,3134.1906,128
4445,57.3899704283,Re_57p389970,hopf_transition,hopf,train,3152.5192,129
4446,57.3899704283,Re_57p389970,hopf_transition,hopf,train,3170.8478,130
4447,57.3899704283,Re_57p389970,hopf_transition,hopf,train,3189.1764,131
4448,57.3899704283,Re_57p389970,hopf_transition,hopf,train,3207.505,132
4449,57.3899704283,Re_57p389970,hopf_transition,hopf,train,3225.8336,133
4450,57.3899704283,Re_57p389970,hopf_transition,hopf,train,3244.1622,134
4451,57.3899704283,Re_57p389970,hopf_transition,hopf,train,3262.4908,135
4452,57.3899704283,Re_57p389970,hopf_transition,hopf,train,3280.8194,136
4453,57.3899704283,Re_57p389970,hopf_transition,hopf,train,3299.148,137
4454,57.3899704283,Re_57p389970,hopf_transition,hopf,train,3317.4766,138
4455,57.3899704283,Re_57p389970,hopf_transition,hopf,train,3335.8052,139
4456,57.3899704283,Re_57p389970,hopf_transition,hopf,train,3354.1338,140
4457,57.3899704283,Re_57p389970,hopf_transition,hopf,train,3372.4624,141
4458,57.3899704283,Re_57p389970,hopf_transition,hopf,train,3390.791,142
4459,57.3899704283,Re_57p389970,hopf_transition,hopf,train,3409.1196,143
4460,57.3899704283,Re_57p389970,hopf_transition,hopf,train,3427.4482,144
4461,57.3899704283,Re_57p389970,hopf_transition,hopf,train,3445.7768,145
4462,57.3899704283,Re_57p389970,hopf_transition,hopf,train,3464.1054,146
4463,57.3899704283,Re_57p389970,hopf_transition,hopf,train,3482.434,147
4464,57.3899704283,Re_57p389970,hopf_transition,hopf,train,3500.7626,148
4465,57.3899704283,Re_57p389970,hopf_transition,hopf,train,3519.0912,149
4466,57.3899704283,Re_57p389970,hopf_transition,hopf,train,3537.4198,150
4467,57.3899704283,Re_57p389970,hopf_transition,hopf,train,3555.7484,151
4468,57.3899704283,Re_57p389970,hopf_transition,hopf,train,3574.077,152
4469,57.3899704283,Re_57p389970,hopf_transition,hopf,train,3592.4056,153
4470,57.3899704283,Re_57p389970,hopf_transition,hopf,train,3610.7342,154
4471,57.3899704283,Re_57p389970,hopf_transition,hopf,train,3629.0628,155
4472,57.3899704283,Re_57p389970,hopf_transition,hopf,train,3647.3914,156
4473,57.3899704283,Re_57p389970,hopf_transition,hopf,train,3665.72,157
4474,57.3899704283,Re_57p389970,hopf_transition,hopf,train,3684.0486,158
4475,57.3899704283,Re_57p389970,hopf_transition,hopf,train,3702.3772,159
4476,57.3899704283,Re_57p389970,hopf_transition,hopf,train,3720.7058,160
4477,57.3899704283,Re_57p389970,hopf_transition,hopf,train,3739.0344,161
4478,58.2626356101,Re_58p262636,hopf_transition,hopf,train,1571.62651482,0
4479,58.2626356101,Re_58p262636,hopf_transition,hopf,train,1587.99762435,1
4480,58.2626356101,Re_58p262636,hopf_transition,hopf,train,1604.36873388,2
4481,58.2626356101,Re_58p262636,hopf_transition,hopf,train,1620.73984341,3
4482,58.2626356101,Re_58p262636,hopf_transition,hopf,train,1637.11095294,4
4483,58.2626356101,Re_58p262636,hopf_transition,hopf,train,1653.48206247,5
4484,58.2626356101,Re_58p262636,hopf_transition,hopf,train,1669.853172,6
4485,58.2626356101,Re_58p262636,hopf_transition,hopf,train,1686.22428153,7
4486,58.2626356101,Re_58p262636,hopf_transition,hopf,train,1702.59539106,8
4487,58.2626356101,Re_58p262636,hopf_transition,hopf,train,1718.96650059,9
4488,58.2626356101,Re_58p262636,hopf_transition,hopf,train,1735.33761012,10
4489,58.2626356101,Re_58p262636,hopf_transition,hopf,train,1751.70871965,11
4490,58.2626356101,Re_58p262636,hopf_transition,hopf,train,1768.07982918,12
4491,58.2626356101,Re_58p262636,hopf_transition,hopf,train,1784.4509387,13
4492,58.2626356101,Re_58p262636,hopf_transition,hopf,train,1800.82204823,14
4493,58.2626356101,Re_58p262636,hopf_transition,hopf,train,1817.19315776,15
4494,58.2626356101,Re_58p262636,hopf_transition,hopf,train,1833.56426729,16
4495,58.2626356101,Re_58p262636,hopf_transition,hopf,train,1849.93537682,17
4496,58.2626356101,Re_58p262636,hopf_transition,hopf,train,1866.30648635,18
4497,58.2626356101,Re_58p262636,hopf_transition,hopf,train,1882.67759588,19
4498,58.2626356101,Re_58p262636,hopf_transition,hopf,train,1899.04870541,20
4499,58.2626356101,Re_58p262636,hopf_transition,hopf,train,1915.41981494,21
4500,58.2626356101,Re_58p262636,hopf_transition,hopf,train,1931.79092447,22
4501,58.2626356101,Re_58p262636,hopf_transition,hopf,train,1948.162034,23
4502,58.2626356101,Re_58p262636,hopf_transition,hopf,train,1964.53314353,24
4503,58.2626356101,Re_58p262636,hopf_transition,hopf,train,1980.90425306,25
4504,58.2626356101,Re_58p262636,hopf_transition,hopf,train,1997.27536259,26
4505,58.2626356101,Re_58p262636,hopf_transition,hopf,train,2013.64647212,27
4506,58.2626356101,Re_58p262636,hopf_transition,hopf,train,2030.01758165,28
4507,58.2626356101,Re_58p262636,hopf_transition,hopf,train,2046.38869118,29
4508,58.2626356101,Re_58p262636,hopf_transition,hopf,train,2062.7598007,30
4509,58.2626356101,Re_58p262636,hopf_transition,hopf,train,2079.13091023,31
4510,58.2626356101,Re_58p262636,hopf_transition,hopf,train,2095.50201976,32
4511,58.2626356101,Re_58p262636,hopf_transition,hopf,train,2111.87312929,33
4512,58.2626356101,Re_58p262636,hopf_transition,hopf,train,2128.24423882,34
4513,58.2626356101,Re_58p262636,hopf_transition,hopf,train,2144.61534835,35
4514,58.2626356101,Re_58p262636,hopf_transition,hopf,train,2160.98645788,36
4515,58.2626356101,Re_58p262636,hopf_transition,hopf,train,2177.35756741,37
4516,58.2626356101,Re_58p262636,hopf_transition,hopf,train,2193.72867694,38
4517,58.2626356101,Re_58p262636,hopf_transition,hopf,train,2210.09978647,39
4518,58.2626356101,Re_58p262636,hopf_transition,hopf,train,2226.470896,40
4519,58.2626356101,Re_58p262636,hopf_transition,hopf,train,2242.84200553,41
4520,58.2626356101,Re_58p262636,hopf_transition,hopf,train,2259.21311506,42
4521,58.2626356101,Re_58p262636,hopf_transition,hopf,train,2275.58422459,43
4522,58.2626356101,Re_58p262636,hopf_transition,hopf,train,2291.95533412,44
4523,58.2626356101,Re_58p262636,hopf_transition,hopf,train,2308.32644365,45
4524,58.2626356101,Re_58p262636,hopf_transition,hopf,train,2324.69755317,46
4525,58.2626356101,Re_58p262636,hopf_transition,hopf,train,2341.0686627,47
4526,58.2626356101,Re_58p262636,hopf_transition,hopf,train,2357.43977223,48
4527,58.2626356101,Re_58p262636,hopf_transition,hopf,train,2373.81088176,49
4528,58.2626356101,Re_58p262636,hopf_transition,hopf,train,2390.18199129,50
4529,58.2626356101,Re_58p262636,hopf_transition,hopf,train,2406.55310082,51
4530,58.2626356101,Re_58p262636,hopf_transition,hopf,train,2422.92421035,52
4531,58.2626356101,Re_58p262636,hopf_transition,hopf,train,2439.29531988,53
4532,58.2626356101,Re_58p262636,hopf_transition,hopf,train,2455.66642941,54
4533,58.2626356101,Re_58p262636,hopf_transition,hopf,train,2472.03753894,55
4534,58.2626356101,Re_58p262636,hopf_transition,hopf,train,2488.40864847,56
4535,58.2626356101,Re_58p262636,hopf_transition,hopf,train,2504.779758,57
4536,58.2626356101,Re_58p262636,hopf_transition,hopf,train,2521.15086753,58
4537,58.2626356101,Re_58p262636,hopf_transition,hopf,train,2537.52197706,59
4538,58.2626356101,Re_58p262636,hopf_transition,hopf,train,2553.89308659,60
4539,58.2626356101,Re_58p262636,hopf_transition,hopf,train,2570.26419612,61
4540,58.2626356101,Re_58p262636,hopf_transition,hopf,train,2586.63530565,62
4541,58.2626356101,Re_58p262636,hopf_transition,hopf,train,2603.00641517,63
4542,58.2626356101,Re_58p262636,hopf_transition,hopf,train,2619.376,64
4543,58.2626356101,Re_58p262636,hopf_transition,hopf,train,2635.7471,65
4544,58.2626356101,Re_58p262636,hopf_transition,hopf,train,2652.1182,66
4545,58.2626356101,Re_58p262636,hopf_transition,hopf,train,2668.4893,67
4546,58.2626356101,Re_58p262636,hopf_transition,hopf,train,2684.8604,68
4547,58.2626356101,Re_58p262636,hopf_transition,hopf,train,2701.2315,69
4548,58.2626356101,Re_58p262636,hopf_transition,hopf,train,2717.6026,70
4549,58.2626356101,Re_58p262636,hopf_transition,hopf,train,2733.9737,71
4550,58.2626356101,Re_58p262636,hopf_transition,hopf,train,2750.3448,72
4551,58.2626356101,Re_58p262636,hopf_transition,hopf,train,2766.7159,73
4552,58.2626356101,Re_58p262636,hopf_transition,hopf,train,2783.087,74
4553,58.2626356101,Re_58p262636,hopf_transition,hopf,train,2799.4581,75
4554,58.2626356101,Re_58p262636,hopf_transition,hopf,train,2815.8292,76
4555,58.2626356101,Re_58p262636,hopf_transition,hopf,train,2832.2003,77
4556,58.2626356101,Re_58p262636,hopf_transition,hopf,train,2848.5714,78
4557,58.2626356101,Re_58p262636,hopf_transition,hopf,train,2864.9425,79
4558,58.2626356101,Re_58p262636,hopf_transition,hopf,train,2881.3136,80
4559,58.2626356101,Re_58p262636,hopf_transition,hopf,train,2897.6847,81
4560,58.2626356101,Re_58p262636,hopf_transition,hopf,train,2914.0558,82
4561,58.2626356101,Re_58p262636,hopf_transition,hopf,train,2930.4269,83
4562,58.2626356101,Re_58p262636,hopf_transition,hopf,train,2946.798,84
4563,58.2626356101,Re_58p262636,hopf_transition,hopf,train,2963.1691,85
4564,58.2626356101,Re_58p262636,hopf_transition,hopf,train,2979.5402,86
4565,58.2626356101,Re_58p262636,hopf_transition,hopf,train,2995.9113,87
4566,58.2626356101,Re_58p262636,hopf_transition,hopf,train,3012.2824,88
4567,58.2626356101,Re_58p262636,hopf_transition,hopf,train,3028.6535,89
4568,58.2626356101,Re_58p262636,hopf_transition,hopf,train,3045.0246,90
4569,58.2626356101,Re_58p262636,hopf_transition,hopf,train,3061.3957,91
4570,58.2626356101,Re_58p262636,hopf_transition,hopf,train,3077.7668,92
4571,58.2626356101,Re_58p262636,hopf_transition,hopf,train,3094.1379,93
4572,58.2626356101,Re_58p262636,hopf_transition,hopf,train,3110.509,94
4573,58.2626356101,Re_58p262636,hopf_transition,hopf,train,3126.8801,95
4574,58.2626356101,Re_58p262636,hopf_transition,hopf,train,3143.2512,96
4575,58.2626356101,Re_58p262636,hopf_transition,hopf,train,3159.6223,97
4576,58.2626356101,Re_58p262636,hopf_transition,hopf,train,3175.9934,98
4577,58.2626356101,Re_58p262636,hopf_transition,hopf,train,3192.3645,99
4578,58.2626356101,Re_58p262636,hopf_transition,hopf,train,3208.7356,100
4579,58.2626356101,Re_58p262636,hopf_transition,hopf,train,3225.1067,101
4580,58.2626356101,Re_58p262636,hopf_transition,hopf,train,3241.4778,102
4581,58.2626356101,Re_58p262636,hopf_transition,hopf,train,3257.8489,103
4582,58.2626356101,Re_58p262636,hopf_transition,hopf,train,3274.22,104
4583,58.2626356101,Re_58p262636,hopf_transition,hopf,train,3290.5911,105
4584,58.2626356101,Re_58p262636,hopf_transition,hopf,train,3306.9622,106
4585,58.2626356101,Re_58p262636,hopf_transition,hopf,train,3323.3333,107
4586,58.2626356101,Re_58p262636,hopf_transition,hopf,train,3339.7044,108
4587,58.2626356101,Re_58p262636,hopf_transition,hopf,train,3356.0755,109
4588,58.2626356101,Re_58p262636,hopf_transition,hopf,train,3372.4466,110
4589,58.2626356101,Re_58p262636,hopf_transition,hopf,train,3388.8177,111
4590,58.2626356101,Re_58p262636,hopf_transition,hopf,train,3405.1888,112
4591,58.2626356101,Re_58p262636,hopf_transition,hopf,train,3421.5599,113
4592,58.2626356101,Re_58p262636,hopf_transition,hopf,train,3437.931,114
4593,58.2626356101,Re_58p262636,hopf_transition,hopf,train,3454.3021,115
4594,58.2626356101,Re_58p262636,hopf_transition,hopf,train,3470.6732,116
4595,58.2626356101,Re_58p262636,hopf_transition,hopf,train,3487.0443,117
4596,58.2626356101,Re_58p262636,hopf_transition,hopf,train,3503.4154,118
4597,58.2626356101,Re_58p262636,hopf_transition,hopf,train,3519.7865,119
4598,58.2626356101,Re_58p262636,hopf_transition,hopf,train,3536.1576,120
4599,58.2626356101,Re_58p262636,hopf_transition,hopf,train,3552.5287,121
4600,58.2626356101,Re_58p262636,hopf_transition,hopf,train,3568.8998,122
4601,58.2626356101,Re_58p262636,hopf_transition,hopf,train,3585.2709,123
4602,58.2626356101,Re_58p262636,hopf_transition,hopf,train,3601.642,124
4603,58.2626356101,Re_58p262636,hopf_transition,hopf,train,3618.0131,125
4604,58.2626356101,Re_58p262636,hopf_transition,hopf,train,3634.3842,126
4605,58.2626356101,Re_58p262636,hopf_transition,hopf,train,3650.7553,127
4606,58.2626356101,Re_58p262636,hopf_transition,hopf,train,3667.1264,128
4607,58.2626356101,Re_58p262636,hopf_transition,hopf,train,3683.4975,129
4608,58.2626356101,Re_58p262636,hopf_transition,hopf,train,3699.8686,130
4609,58.2626356101,Re_58p262636,hopf_transition,hopf,train,3716.2397,131
4610,58.2626356101,Re_58p262636,hopf_transition,hopf,train,3732.6108,132
4611,58.2626356101,Re_58p262636,hopf_transition,hopf,train,3748.9819,133
4612,58.2626356101,Re_58p262636,hopf_transition,hopf,train,3765.353,134
4613,58.2626356101,Re_58p262636,hopf_transition,hopf,train,3781.7241,135
4614,58.2626356101,Re_58p262636,hopf_transition,hopf,train,3798.0952,136
4615,58.2626356101,Re_58p262636,hopf_transition,hopf,train,3814.4663,137
4616,58.2626356101,Re_58p262636,hopf_transition,hopf,train,3830.8374,138
4617,58.2626356101,Re_58p262636,hopf_transition,hopf,train,3847.2085,139
4618,58.2626356101,Re_58p262636,hopf_transition,hopf,train,3863.5796,140
4619,58.2626356101,Re_58p262636,hopf_transition,hopf,train,3879.9507,141
4620,58.2626356101,Re_58p262636,hopf_transition,hopf,train,3896.3218,142
4621,58.2626356101,Re_58p262636,hopf_transition,hopf,train,3912.6929,143
4622,58.2626356101,Re_58p262636,hopf_transition,hopf,train,3929.064,144
4623,58.2626356101,Re_58p262636,hopf_transition,hopf,train,3945.4351,145
4624,58.2626356101,Re_58p262636,hopf_transition,hopf,train,3961.8062,146
4625,58.2626356101,Re_58p262636,hopf_transition,hopf,train,3978.1773,147
4626,58.2626356101,Re_58p262636,hopf_transition,hopf,train,3994.5484,148
4627,58.2626356101,Re_58p262636,hopf_transition,hopf,train,4010.9195,149
4628,58.2626356101,Re_58p262636,hopf_transition,hopf,train,4027.2906,150
4629,58.2626356101,Re_58p262636,hopf_transition,hopf,train,4043.6617,151
4630,58.2626356101,Re_58p262636,hopf_transition,hopf,train,4060.0328,152
4631,58.2626356101,Re_58p262636,hopf_transition,hopf,train,4076.4039,153
4632,58.2626356101,Re_58p262636,hopf_transition,hopf,train,4092.775,154
4633,58.2626356101,Re_58p262636,hopf_transition,hopf,train,4109.1461,155
4634,58.2626356101,Re_58p262636,hopf_transition,hopf,train,4125.5172,156
4635,58.2626356101,Re_58p262636,hopf_transition,hopf,train,4141.8883,157
4636,58.2626356101,Re_58p262636,hopf_transition,hopf,train,4158.2594,158
4637,58.2626356101,Re_58p262636,hopf_transition,hopf,train,4174.6305,159
4638,58.2626356101,Re_58p262636,hopf_transition,hopf,train,4191.0016,160
4639,59.2014322659,Re_59p201432,hopf_transition,hopf,train,767.1375078,0
4640,59.2014322659,Re_59p201432,hopf_transition,hopf,train,783.11506409,1
4641,59.2014322659,Re_59p201432,hopf_transition,hopf,train,800.91313373,2
4642,59.2014322659,Re_59p201432,hopf_transition,hopf,train,818.71120337,3
4643,59.2014322659,Re_59p201432,hopf_transition,hopf,train,836.509273,4
4644,59.2014322659,Re_59p201432,hopf_transition,hopf,train,854.30734264,5
4645,59.2014322659,Re_59p201432,hopf_transition,hopf,train,872.10541228,6
4646,59.2014322659,Re_59p201432,hopf_transition,hopf,train,889.90348192,7
4647,59.2014322659,Re_59p201432,hopf_transition,hopf,train,907.70155156,8
4648,59.2014322659,Re_59p201432,hopf_transition,hopf,train,925.4996212,9
4649,59.2014322659,Re_59p201432,hopf_transition,hopf,train,943.29769084,10
4650,59.2014322659,Re_59p201432,hopf_transition,hopf,train,961.09576047,11
4651,59.2014322659,Re_59p201432,hopf_transition,hopf,train,978.89383011,12
4652,59.2014322659,Re_59p201432,hopf_transition,hopf,train,996.69189975,13
4653,59.2014322659,Re_59p201432,hopf_transition,hopf,train,1014.48996939,14
4654,59.2014322659,Re_59p201432,hopf_transition,hopf,train,1032.28803903,15
4655,59.2014322659,Re_59p201432,hopf_transition,hopf,train,1050.08610867,16
4656,59.2014322659,Re_59p201432,hopf_transition,hopf,train,1067.8841783,17
4657,59.2014322659,Re_59p201432,hopf_transition,hopf,train,1085.68224794,18
4658,59.2014322659,Re_59p201432,hopf_transition,hopf,train,1103.48031758,19
4659,59.2014322659,Re_59p201432,hopf_transition,hopf,train,1121.27838722,20
4660,59.2014322659,Re_59p201432,hopf_transition,hopf,train,1139.07645686,21
4661,59.2014322659,Re_59p201432,hopf_transition,hopf,train,1156.8745265,22
4662,59.2014322659,Re_59p201432,hopf_transition,hopf,train,1174.67259613,23
4663,59.2014322659,Re_59p201432,hopf_transition,hopf,train,1192.47066577,24
4664,59.2014322659,Re_59p201432,hopf_transition,hopf,train,1210.26873541,25
4665,59.2014322659,Re_59p201432,hopf_transition,hopf,train,1228.06680505,26
4666,59.2014322659,Re_59p201432,hopf_transition,hopf,train,1245.86487469,27
4667,59.2014322659,Re_59p201432,hopf_transition,hopf,train,1263.66294433,28
4668,59.2014322659,Re_59p201432,hopf_transition,hopf,train,1281.46101396,29
4669,59.2014322659,Re_59p201432,hopf_transition,hopf,train,1299.2590836,30
4670,59.2014322659,Re_59p201432,hopf_transition,hopf,train,1317.05715324,31
4671,59.2014322659,Re_59p201432,hopf_transition,hopf,train,1334.85522288,32
4672,59.2014322659,Re_59p201432,hopf_transition,hopf,train,1352.65329252,33
4673,59.2014322659,Re_59p201432,hopf_transition,hopf,train,1370.45136216,34
4674,59.2014322659,Re_59p201432,hopf_transition,hopf,train,1388.2494318,35
4675,59.2014322659,Re_59p201432,hopf_transition,hopf,train,1406.04750143,36
4676,59.2014322659,Re_59p201432,hopf_transition,hopf,train,1423.84557107,37
4677,59.2014322659,Re_59p201432,hopf_transition,hopf,train,1441.64364071,38
4678,59.2014322659,Re_59p201432,hopf_transition,hopf,train,1459.44171035,39
4679,59.2014322659,Re_59p201432,hopf_transition,hopf,train,1477.23977999,40
4680,59.2014322659,Re_59p201432,hopf_transition,hopf,train,1495.03784963,41
4681,59.2014322659,Re_59p201432,hopf_transition,hopf,train,1512.83591926,42
4682,59.2014322659,Re_59p201432,hopf_transition,hopf,train,1530.6339889,43
4683,59.2014322659,Re_59p201432,hopf_transition,hopf,train,1548.43205854,44
4684,59.2014322659,Re_59p201432,hopf_transition,hopf,train,1566.23012818,45
4685,59.2014322659,Re_59p201432,hopf_transition,hopf,train,1584.02819782,46
4686,59.2014322659,Re_59p201432,hopf_transition,hopf,train,1601.82626746,47
4687,59.2014322659,Re_59p201432,hopf_transition,hopf,train,1619.62433709,48
4688,59.2014322659,Re_59p201432,hopf_transition,hopf,train,1637.42240673,49
4689,59.2014322659,Re_59p201432,hopf_transition,hopf,train,1655.22047637,50
4690,59.2014322659,Re_59p201432,hopf_transition,hopf,train,1673.01854601,51
4691,59.2014322659,Re_59p201432,hopf_transition,hopf,train,1690.81661565,52
4692,59.2014322659,Re_59p201432,hopf_transition,hopf,train,1708.61468529,53
4693,59.2014322659,Re_59p201432,hopf_transition,hopf,train,1726.41275492,54
4694,59.2014322659,Re_59p201432,hopf_transition,hopf,train,1744.21082456,55
4695,59.2014322659,Re_59p201432,hopf_transition,hopf,train,1762.0088942,56
4696,59.2014322659,Re_59p201432,hopf_transition,hopf,train,1779.80696384,57
4697,59.2014322659,Re_59p201432,hopf_transition,hopf,train,1797.60503348,58
4698,59.2014322659,Re_59p201432,hopf_transition,hopf,train,1815.40310312,59
4699,59.2014322659,Re_59p201432,hopf_transition,hopf,train,1833.20117276,60
4700,59.2014322659,Re_59p201432,hopf_transition,hopf,train,1850.99924239,61
4701,59.2014322659,Re_59p201432,hopf_transition,hopf,train,1868.79731203,62
4702,59.2014322659,Re_59p201432,hopf_transition,hopf,train,1886.59538167,63
4703,59.2014322659,Re_59p201432,hopf_transition,hopf,train,1904.39345131,64
4704,59.2014322659,Re_59p201432,hopf_transition,hopf,train,1922.19152095,65
4705,59.2014322659,Re_59p201432,hopf_transition,hopf,train,1939.98959059,66
4706,59.2014322659,Re_59p201432,hopf_transition,hopf,train,1957.78766022,67
4707,59.2014322659,Re_59p201432,hopf_transition,hopf,train,1975.58572986,68
4708,59.2014322659,Re_59p201432,hopf_transition,hopf,train,1993.3837995,69
4709,59.2014322659,Re_59p201432,hopf_transition,hopf,train,2011.18186914,70
4710,59.2014322659,Re_59p201432,hopf_transition,hopf,train,2028.97993878,71
4711,59.2014322659,Re_59p201432,hopf_transition,hopf,train,2046.77800842,72
4712,59.2014322659,Re_59p201432,hopf_transition,hopf,train,2064.57607805,73
4713,59.2014322659,Re_59p201432,hopf_transition,hopf,train,2082.37414769,74
4714,59.2014322659,Re_59p201432,hopf_transition,hopf,train,2100.17221733,75
4715,59.2014322659,Re_59p201432,hopf_transition,hopf,train,2117.97028697,76
4716,59.2014322659,Re_59p201432,hopf_transition,hopf,train,2135.76835661,77
4717,59.2014322659,Re_59p201432,hopf_transition,hopf,train,2153.56642625,78
4718,59.2014322659,Re_59p201432,hopf_transition,hopf,train,2171.36449588,79
4719,59.2014322659,Re_59p201432,hopf_transition,hopf,train,2189.16256552,80
4720,59.2014322659,Re_59p201432,hopf_transition,hopf,train,2206.96063516,81
4721,59.2014322659,Re_59p201432,hopf_transition,hopf,train,2224.7587048,82
4722,59.2014322659,Re_59p201432,hopf_transition,hopf,train,2242.55677444,83
4723,59.2014322659,Re_59p201432,hopf_transition,hopf,train,2260.35484408,84
4724,59.2014322659,Re_59p201432,hopf_transition,hopf,train,2278.15291372,85
4725,59.2014322659,Re_59p201432,hopf_transition,hopf,train,2295.95098335,86
4726,59.2014322659,Re_59p201432,hopf_transition,hopf,train,2313.74905299,87
4727,59.2014322659,Re_59p201432,hopf_transition,hopf,train,2331.54712263,88
4728,59.2014322659,Re_59p201432,hopf_transition,hopf,train,2349.34519227,89
4729,59.2014322659,Re_59p201432,hopf_transition,hopf,train,2367.14326191,90
4730,59.2014322659,Re_59p201432,hopf_transition,hopf,train,2384.94133155,91
4731,59.2014322659,Re_59p201432,hopf_transition,hopf,train,2402.73940118,92
4732,59.2014322659,Re_59p201432,hopf_transition,hopf,train,2420.53747082,93
4733,59.2014322659,Re_59p201432,hopf_transition,hopf,train,2438.33554046,94
4734,59.2014322659,Re_59p201432,hopf_transition,hopf,train,2456.1336101,95
4735,59.2014322659,Re_59p201432,hopf_transition,hopf,train,2473.93167974,96
4736,59.2014322659,Re_59p201432,hopf_transition,hopf,train,2491.72974938,97
4737,59.2014322659,Re_59p201432,hopf_transition,hopf,train,2509.52781901,98
4738,59.2014322659,Re_59p201432,hopf_transition,hopf,train,2527.32588865,99
4739,59.2014322659,Re_59p201432,hopf_transition,hopf,train,2545.12395829,100
4740,59.2014322659,Re_59p201432,hopf_transition,hopf,train,2562.92202793,101
4741,59.2014322659,Re_59p201432,hopf_transition,hopf,train,2580.72009757,102
4742,59.2014322659,Re_59p201432,hopf_transition,hopf,train,2598.51816721,103
4743,59.2014322659,Re_59p201432,hopf_transition,hopf,train,2616.31623684,104
4744,59.2014322659,Re_59p201432,hopf_transition,hopf,train,2634.11430648,105
4745,59.2014322659,Re_59p201432,hopf_transition,hopf,train,2651.91237612,106
4746,59.2014322659,Re_59p201432,hopf_transition,hopf,train,2669.71044576,107
4747,59.2014322659,Re_59p201432,hopf_transition,hopf,train,2687.5085154,108
4748,59.2014322659,Re_59p201432,hopf_transition,hopf,train,2705.30658504,109
4749,59.2014322659,Re_59p201432,hopf_transition,hopf,train,2723.10465468,110
4750,59.2014322659,Re_59p201432,hopf_transition,hopf,train,2740.90272431,111
4751,59.2014322659,Re_59p201432,hopf_transition,hopf,train,2758.70079395,112
4752,59.2014322659,Re_59p201432,hopf_transition,hopf,train,2776.49886359,113
4753,59.2014322659,Re_59p201432,hopf_transition,hopf,train,2794.29693323,114
4754,59.2014322659,Re_59p201432,hopf_transition,hopf,train,2812.09500287,115
4755,59.2014322659,Re_59p201432,hopf_transition,hopf,train,2829.89307251,116
4756,59.2014322659,Re_59p201432,hopf_transition,hopf,train,2847.69114214,117
4757,59.2014322659,Re_59p201432,hopf_transition,hopf,train,2865.48921178,118
4758,59.2014322659,Re_59p201432,hopf_transition,hopf,train,2883.28728142,119
4759,59.2014322659,Re_59p201432,hopf_transition,hopf,train,2901.08535106,120
4760,59.2014322659,Re_59p201432,hopf_transition,hopf,train,2918.8834207,121
4761,59.2014322659,Re_59p201432,hopf_transition,hopf,train,2936.68149034,122
4762,59.2014322659,Re_59p201432,hopf_transition,hopf,train,2954.47955997,123
4763,59.2014322659,Re_59p201432,hopf_transition,hopf,train,2972.27762961,124
4764,59.2014322659,Re_59p201432,hopf_transition,hopf,train,2990.07569925,125
4765,59.2014322659,Re_59p201432,hopf_transition,hopf,train,3007.87376889,126
4766,59.2014322659,Re_59p201432,hopf_transition,hopf,train,3025.67183853,127
4767,59.2014322659,Re_59p201432,hopf_transition,hopf,train,3043.46990817,128
4768,59.2014322659,Re_59p201432,hopf_transition,hopf,train,3061.2679778,129
4769,59.2014322659,Re_59p201432,hopf_transition,hopf,train,3079.06604744,130
4770,59.2014322659,Re_59p201432,hopf_transition,hopf,train,3096.86411708,131
4771,59.2014322659,Re_59p201432,hopf_transition,hopf,train,3114.66218672,132
4772,59.2014322659,Re_59p201432,hopf_transition,hopf,train,3132.46025636,133
4773,59.2014322659,Re_59p201432,hopf_transition,hopf,train,3150.258326,134
4774,59.2014322659,Re_59p201432,hopf_transition,hopf,train,3168.05639564,135
4775,59.2014322659,Re_59p201432,hopf_transition,hopf,train,3185.85446527,136
4776,59.2014322659,Re_59p201432,hopf_transition,hopf,train,3203.65253491,137
4777,59.2014322659,Re_59p201432,hopf_transition,hopf,train,3221.45060455,138
4778,59.2014322659,Re_59p201432,hopf_transition,hopf,train,3239.24867419,139
4779,59.2014322659,Re_59p201432,hopf_transition,hopf,train,3257.04674383,140
4780,59.2014322659,Re_59p201432,hopf_transition,hopf,train,3274.84481347,141
4781,59.2014322659,Re_59p201432,hopf_transition,hopf,train,3292.6428831,142
4782,59.2014322659,Re_59p201432,hopf_transition,hopf,train,3310.44095274,143
4783,59.2014322659,Re_59p201432,hopf_transition,hopf,train,3328.23902238,144
4784,59.2014322659,Re_59p201432,hopf_transition,hopf,train,3346.03709202,145
4785,59.2014322659,Re_59p201432,hopf_transition,hopf,train,3363.83516166,146
4786,59.2014322659,Re_59p201432,hopf_transition,hopf,train,3381.6332313,147
4787,59.2014322659,Re_59p201432,hopf_transition,hopf,train,3399.43130093,148
4788,59.2014322659,Re_59p201432,hopf_transition,hopf,train,3417.22937057,149
4789,59.2014322659,Re_59p201432,hopf_transition,hopf,train,3435.02744021,150
4790,59.2014322659,Re_59p201432,hopf_transition,hopf,train,3452.82550985,151
4791,59.2014322659,Re_59p201432,hopf_transition,hopf,train,3470.62357949,152
4792,59.2014322659,Re_59p201432,hopf_transition,hopf,train,3488.42164913,153
4793,59.2014322659,Re_59p201432,hopf_transition,hopf,train,3506.21971876,154
4794,59.2014322659,Re_59p201432,hopf_transition,hopf,train,3524.0177884,155
4795,59.2014322659,Re_59p201432,hopf_transition,hopf,train,3541.81585804,156
4796,59.2014322659,Re_59p201432,hopf_transition,hopf,train,3559.61392768,157
4797,59.2014322659,Re_59p201432,hopf_transition,hopf,train,3577.41199732,158
4798,59.2014322659,Re_59p201432,hopf_transition,hopf,train,3595.21006696,159
4799,59.2014322659,Re_59p201432,hopf_transition,hopf,train,3613.0081366,160
