regime,window_number,window_id,trajectory_label,Re,start_global_index,start_time,step,target_global_index,physical_time,elapsed_time
Hopf,0,H:Re_47p081355:449,Re_47p081355,47.0813545644,449,1009.8997802734375,1,450,1033.3858642578125,23.486083984375
Hopf,0,H:Re_47p081355:449,Re_47p081355,47.0813545644,449,1009.8997802734375,2,451,1056.871826171875,46.9720458984375
Hopf,0,H:Re_47p081355:449,Re_47p081355,47.0813545644,449,1009.8997802734375,3,452,1080.35791015625,70.4581298828125
Hopf,0,H:Re_47p081355:449,Re_47p081355,47.0813545644,449,1009.8997802734375,4,453,1103.8438720703125,93.944091796875
Hopf,0,H:Re_47p081355:449,Re_47p081355,47.0813545644,449,1009.8997802734375,5,454,1127.3299560546875,117.43017578125
Hopf,0,H:Re_47p081355:449,Re_47p081355,47.0813545644,449,1009.8997802734375,6,455,1150.8160400390625,140.916259765625
Hopf,0,H:Re_47p081355:449,Re_47p081355,47.0813545644,449,1009.8997802734375,7,456,1174.302001953125,164.4022216796875
Hopf,0,H:Re_47p081355:449,Re_47p081355,47.0813545644,449,1009.8997802734375,8,457,1197.7880859375,187.8883056640625
Hopf,0,H:Re_47p081355:449,Re_47p081355,47.0813545644,449,1009.8997802734375,9,458,1221.274169921875,211.3743896484375
Hopf,0,H:Re_47p081355:449,Re_47p081355,47.0813545644,449,1009.8997802734375,10,459,1244.7601318359375,234.8603515625
Hopf,0,H:Re_47p081355:449,Re_47p081355,47.0813545644,449,1009.8997802734375,11,460,1268.2462158203125,258.346435546875
Hopf,0,H:Re_47p081355:449,Re_47p081355,47.0813545644,449,1009.8997802734375,12,461,1291.7322998046875,281.83251953125
Hopf,0,H:Re_47p081355:449,Re_47p081355,47.0813545644,449,1009.8997802734375,13,462,1315.21826171875,305.3184814453125
Hopf,0,H:Re_47p081355:449,Re_47p081355,47.0813545644,449,1009.8997802734375,14,463,1338.704345703125,328.8045654296875
Hopf,0,H:Re_47p081355:449,Re_47p081355,47.0813545644,449,1009.8997802734375,15,464,1362.1904296875,352.2906494140625
Hopf,0,H:Re_47p081355:449,Re_47p081355,47.0813545644,449,1009.8997802734375,16,465,1385.6763916015625,375.776611328125
Hopf,0,H:Re_47p081355:449,Re_47p081355,47.0813545644,449,1009.8997802734375,17,466,1409.1624755859375,399.2626953125
Hopf,0,H:Re_47p081355:449,Re_47p081355,47.0813545644,449,1009.8997802734375,18,467,1432.6485595703125,422.748779296875
Hopf,0,H:Re_47p081355:449,Re_47p081355,47.0813545644,449,1009.8997802734375,19,468,1456.134521484375,446.2347412109375
Hopf,0,H:Re_47p081355:449,Re_47p081355,47.0813545644,449,1009.8997802734375,20,469,1479.62060546875,469.7208251953125
Hopf,0,H:Re_47p081355:449,Re_47p081355,47.0813545644,449,1009.8997802734375,21,470,1503.106689453125,493.2069091796875
Hopf,0,H:Re_47p081355:449,Re_47p081355,47.0813545644,449,1009.8997802734375,22,471,1526.5926513671875,516.69287109375
Hopf,0,H:Re_47p081355:449,Re_47p081355,47.0813545644,449,1009.8997802734375,23,472,1550.0787353515625,540.178955078125
Hopf,0,H:Re_47p081355:449,Re_47p081355,47.0813545644,449,1009.8997802734375,24,473,1573.564697265625,563.6649169921875
Hopf,0,H:Re_47p081355:449,Re_47p081355,47.0813545644,449,1009.8997802734375,25,474,1597.05078125,587.1510009765625
Hopf,0,H:Re_47p081355:449,Re_47p081355,47.0813545644,449,1009.8997802734375,26,475,1620.536865234375,610.6370849609375
Hopf,0,H:Re_47p081355:449,Re_47p081355,47.0813545644,449,1009.8997802734375,27,476,1644.0228271484375,634.123046875
Hopf,0,H:Re_47p081355:449,Re_47p081355,47.0813545644,449,1009.8997802734375,28,477,1667.5089111328125,657.609130859375
Hopf,0,H:Re_47p081355:449,Re_47p081355,47.0813545644,449,1009.8997802734375,29,478,1690.9949951171875,681.09521484375
Hopf,0,H:Re_47p081355:449,Re_47p081355,47.0813545644,449,1009.8997802734375,30,479,1714.48095703125,704.5811767578125
Hopf,0,H:Re_47p081355:449,Re_47p081355,47.0813545644,449,1009.8997802734375,31,480,1737.967041015625,728.0672607421875
Hopf,0,H:Re_47p081355:449,Re_47p081355,47.0813545644,449,1009.8997802734375,32,481,1761.453125,751.5533447265625
Hopf,0,H:Re_47p081355:449,Re_47p081355,47.0813545644,449,1009.8997802734375,33,482,1784.9390869140625,775.039306640625
Hopf,0,H:Re_47p081355:449,Re_47p081355,47.0813545644,449,1009.8997802734375,34,483,1808.4251708984375,798.525390625
Hopf,0,H:Re_47p081355:449,Re_47p081355,47.0813545644,449,1009.8997802734375,35,484,1831.9112548828125,822.011474609375
Hopf,0,H:Re_47p081355:449,Re_47p081355,47.0813545644,449,1009.8997802734375,36,485,1855.397216796875,845.4974365234375
Hopf,0,H:Re_47p081355:449,Re_47p081355,47.0813545644,449,1009.8997802734375,37,486,1878.88330078125,868.9835205078125
Hopf,0,H:Re_47p081355:449,Re_47p081355,47.0813545644,449,1009.8997802734375,38,487,1902.369384765625,892.4696044921875
Hopf,0,H:Re_47p081355:449,Re_47p081355,47.0813545644,449,1009.8997802734375,39,488,1925.8553466796875,915.95556640625
Hopf,0,H:Re_47p081355:449,Re_47p081355,47.0813545644,449,1009.8997802734375,40,489,1949.3414306640625,939.441650390625
Hopf,0,H:Re_47p081355:449,Re_47p081355,47.0813545644,449,1009.8997802734375,41,490,1972.827392578125,962.9276123046875
Hopf,0,H:Re_47p081355:449,Re_47p081355,47.0813545644,449,1009.8997802734375,42,491,1996.3134765625,986.4136962890625
Hopf,0,H:Re_47p081355:449,Re_47p081355,47.0813545644,449,1009.8997802734375,43,492,2019.799560546875,1009.8997802734375
Hopf,0,H:Re_47p081355:449,Re_47p081355,47.0813545644,449,1009.8997802734375,44,493,2043.2855224609375,1033.3857421875
Hopf,0,H:Re_47p081355:449,Re_47p081355,47.0813545644,449,1009.8997802734375,45,494,2066.771728515625,1056.8719482421875
Hopf,0,H:Re_47p081355:449,Re_47p081355,47.0813545644,449,1009.8997802734375,46,495,2090.257568359375,1080.3577880859375
Hopf,0,H:Re_47p081355:449,Re_47p081355,47.0813545644,449,1009.8997802734375,47,496,2113.74365234375,1103.8438720703125
Hopf,0,H:Re_47p081355:449,Re_47p081355,47.0813545644,449,1009.8997802734375,48,497,2137.229736328125,1127.3299560546875
Hopf,1,H:Re_47p081355:457,Re_47p081355,47.0813545644,457,1197.7880859375,1,458,1221.274169921875,23.486083984375
Hopf,1,H:Re_47p081355:457,Re_47p081355,47.0813545644,457,1197.7880859375,2,459,1244.7601318359375,46.9720458984375
Hopf,1,H:Re_47p081355:457,Re_47p081355,47.0813545644,457,1197.7880859375,3,460,1268.2462158203125,70.4581298828125
Hopf,1,H:Re_47p081355:457,Re_47p081355,47.0813545644,457,1197.7880859375,4,461,1291.7322998046875,93.9442138671875
Hopf,1,H:Re_47p081355:457,Re_47p081355,47.0813545644,457,1197.7880859375,5,462,1315.21826171875,117.43017578125
Hopf,1,H:Re_47p081355:457,Re_47p081355,47.0813545644,457,1197.7880859375,6,463,1338.704345703125,140.916259765625
Hopf,1,H:Re_47p081355:457,Re_47p081355,47.0813545644,457,1197.7880859375,7,464,1362.1904296875,164.40234375
Hopf,1,H:Re_47p081355:457,Re_47p081355,47.0813545644,457,1197.7880859375,8,465,1385.6763916015625,187.8883056640625
Hopf,1,H:Re_47p081355:457,Re_47p081355,47.0813545644,457,1197.7880859375,9,466,1409.1624755859375,211.3743896484375
Hopf,1,H:Re_47p081355:457,Re_47p081355,47.0813545644,457,1197.7880859375,10,467,1432.6485595703125,234.8604736328125
Hopf,1,H:Re_47p081355:457,Re_47p081355,47.0813545644,457,1197.7880859375,11,468,1456.134521484375,258.346435546875
Hopf,1,H:Re_47p081355:457,Re_47p081355,47.0813545644,457,1197.7880859375,12,469,1479.62060546875,281.83251953125
Hopf,1,H:Re_47p081355:457,Re_47p081355,47.0813545644,457,1197.7880859375,13,470,1503.106689453125,305.318603515625
Hopf,1,H:Re_47p081355:457,Re_47p081355,47.0813545644,457,1197.7880859375,14,471,1526.5926513671875,328.8045654296875
Hopf,1,H:Re_47p081355:457,Re_47p081355,47.0813545644,457,1197.7880859375,15,472,1550.0787353515625,352.2906494140625
Hopf,1,H:Re_47p081355:457,Re_47p081355,47.0813545644,457,1197.7880859375,16,473,1573.564697265625,375.776611328125
Hopf,1,H:Re_47p081355:457,Re_47p081355,47.0813545644,457,1197.7880859375,17,474,1597.05078125,399.2626953125
Hopf,1,H:Re_47p081355:457,Re_47p081355,47.0813545644,457,1197.7880859375,18,475,1620.536865234375,422.748779296875
Hopf,1,H:Re_47p081355:457,Re_47p081355,47.0813545644,457,1197.7880859375,19,476,1644.0228271484375,446.2347412109375
Hopf,1,H:Re_47p081355:457,Re_47p081355,47.0813545644,457,1197.7880859375,20,477,1667.5089111328125,469.7208251953125
Hopf,1,H:Re_47p081355:457,Re_47p081355,47.0813545644,457,1197.7880859375,21,478,1690.9949951171875,493.2069091796875
Hopf,1,H:Re_47p081355:457,Re_47p081355,47.0813545644,457,1197.7880859375,22,479,1714.48095703125,516.69287109375
Hopf,1,H:Re_47p081355:457,Re_47p081355,47.0813545644,457,1197.7880859375,23,480,1737.967041015625,540.178955078125
Hopf,1,H:Re_47p081355:457,Re_47p081355,47.0813545644,457,1197.7880859375,24,481,1761.453125,563.6650390625
Hopf,1,H:Re_47p081355:457,Re_47p081355,47.0813545644,457,1197.7880859375,25,482,1784.9390869140625,587.1510009765625
Hopf,1,H:Re_47p081355:457,Re_47p081355,47.0813545644,457,1197.7880859375,26,483,1808.4251708984375,610.6370849609375
Hopf,1,H:Re_47p081355:457,Re_47p081355,47.0813545644,457,1197.7880859375,27,484,1831.9112548828125,634.1231689453125
Hopf,1,H:Re_47p081355:457,Re_47p081355,47.0813545644,457,1197.7880859375,28,485,1855.397216796875,657.609130859375
Hopf,1,H:Re_47p081355:457,Re_47p081355,47.0813545644,457,1197.7880859375,29,486,1878.88330078125,681.09521484375
Hopf,1,H:Re_47p081355:457,Re_47p081355,47.0813545644,457,1197.7880859375,30,487,1902.369384765625,704.581298828125
Hopf,1,H:Re_47p081355:457,Re_47p081355,47.0813545644,457,1197.7880859375,31,488,1925.8553466796875,728.0672607421875
Hopf,1,H:Re_47p081355:457,Re_47p081355,47.0813545644,457,1197.7880859375,32,489,1949.3414306640625,751.5533447265625
Hopf,1,H:Re_47p081355:457,Re_47p081355,47.0813545644,457,1197.7880859375,33,490,1972.827392578125,775.039306640625
Hopf,1,H:Re_47p081355:457,Re_47p081355,47.0813545644,457,1197.7880859375,34,491,1996.3134765625,798.525390625
Hopf,1,H:Re_47p081355:457,Re_47p081355,47.0813545644,457,1197.7880859375,35,492,2019.799560546875,822.011474609375
Hopf,1,H:Re_47p081355:457,Re_47p081355,47.0813545644,457,1197.7880859375,36,493,2043.2855224609375,845.4974365234375
Hopf,1,H:Re_47p081355:457,Re_47p081355,47.0813545644,457,1197.7880859375,37,494,2066.771728515625,868.983642578125
Hopf,1,H:Re_47p081355:457,Re_47p081355,47.0813545644,457,1197.7880859375,38,495,2090.257568359375,892.469482421875
Hopf,1,H:Re_47p081355:457,Re_47p081355,47.0813545644,457,1197.7880859375,39,496,2113.74365234375,915.95556640625
Hopf,1,H:Re_47p081355:457,Re_47p081355,47.0813545644,457,1197.7880859375,40,497,2137.229736328125,939.441650390625
Hopf,1,H:Re_47p081355:457,Re_47p081355,47.0813545644,457,1197.7880859375,41,498,2160.7158203125,962.927734375
Hopf,1,H:Re_47p081355:457,Re_47p081355,47.0813545644,457,1197.7880859375,42,499,2184.201904296875,986.413818359375
Hopf,1,H:Re_47p081355:457,Re_47p081355,47.0813545644,457,1197.7880859375,43,500,2207.687744140625,1009.899658203125
Hopf,1,H:Re_47p081355:457,Re_47p081355,47.0813545644,457,1197.7880859375,44,501,2231.173828125,1033.3857421875
Hopf,1,H:Re_47p081355:457,Re_47p081355,47.0813545644,457,1197.7880859375,45,502,2254.659912109375,1056.871826171875
Hopf,1,H:Re_47p081355:457,Re_47p081355,47.0813545644,457,1197.7880859375,46,503,2278.14599609375,1080.35791015625
Hopf,1,H:Re_47p081355:457,Re_47p081355,47.0813545644,457,1197.7880859375,47,504,2301.632080078125,1103.843994140625
Hopf,1,H:Re_47p081355:457,Re_47p081355,47.0813545644,457,1197.7880859375,48,505,2325.1181640625,1127.330078125
Hopf,2,H:Re_47p081355:465,Re_47p081355,47.0813545644,465,1385.6763916015625,1,466,1409.1624755859375,23.486083984375
Hopf,2,H:Re_47p081355:465,Re_47p081355,47.0813545644,465,1385.6763916015625,2,467,1432.6485595703125,46.97216796875
Hopf,2,H:Re_47p081355:465,Re_47p081355,47.0813545644,465,1385.6763916015625,3,468,1456.134521484375,70.4581298828125
Hopf,2,H:Re_47p081355:465,Re_47p081355,47.0813545644,465,1385.6763916015625,4,469,1479.62060546875,93.9442138671875
Hopf,2,H:Re_47p081355:465,Re_47p081355,47.0813545644,465,1385.6763916015625,5,470,1503.106689453125,117.4302978515625
Hopf,2,H:Re_47p081355:465,Re_47p081355,47.0813545644,465,1385.6763916015625,6,471,1526.5926513671875,140.916259765625
Hopf,2,H:Re_47p081355:465,Re_47p081355,47.0813545644,465,1385.6763916015625,7,472,1550.0787353515625,164.40234375
Hopf,2,H:Re_47p081355:465,Re_47p081355,47.0813545644,465,1385.6763916015625,8,473,1573.564697265625,187.8883056640625
Hopf,2,H:Re_47p081355:465,Re_47p081355,47.0813545644,465,1385.6763916015625,9,474,1597.05078125,211.3743896484375
Hopf,2,H:Re_47p081355:465,Re_47p081355,47.0813545644,465,1385.6763916015625,10,475,1620.536865234375,234.8604736328125
Hopf,2,H:Re_47p081355:465,Re_47p081355,47.0813545644,465,1385.6763916015625,11,476,1644.0228271484375,258.346435546875
Hopf,2,H:Re_47p081355:465,Re_47p081355,47.0813545644,465,1385.6763916015625,12,477,1667.5089111328125,281.83251953125
Hopf,2,H:Re_47p081355:465,Re_47p081355,47.0813545644,465,1385.6763916015625,13,478,1690.9949951171875,305.318603515625
Hopf,2,H:Re_47p081355:465,Re_47p081355,47.0813545644,465,1385.6763916015625,14,479,1714.48095703125,328.8045654296875
Hopf,2,H:Re_47p081355:465,Re_47p081355,47.0813545644,465,1385.6763916015625,15,480,1737.967041015625,352.2906494140625
Hopf,2,H:Re_47p081355:465,Re_47p081355,47.0813545644,465,1385.6763916015625,16,481,1761.453125,375.7767333984375
Hopf,2,H:Re_47p081355:465,Re_47p081355,47.0813545644,465,1385.6763916015625,17,482,1784.9390869140625,399.2626953125
Hopf,2,H:Re_47p081355:465,Re_47p081355,47.0813545644,465,1385.6763916015625,18,483,1808.4251708984375,422.748779296875
Hopf,2,H:Re_47p081355:465,Re_47p081355,47.0813545644,465,1385.6763916015625,19,484,1831.9112548828125,446.23486328125
Hopf,2,H:Re_47p081355:465,Re_47p081355,47.0813545644,465,1385.6763916015625,20,485,1855.397216796875,469.7208251953125
Hopf,2,H:Re_47p081355:465,Re_47p081355,47.0813545644,465,1385.6763916015625,21,486,1878.88330078125,493.2069091796875
Hopf,2,H:Re_47p081355:465,Re_47p081355,47.0813545644,465,1385.6763916015625,22,487,1902.369384765625,516.6929931640625
Hopf,2,H:Re_47p081355:465,Re_47p081355,47.0813545644,465,1385.6763916015625,23,488,1925.8553466796875,540.178955078125
Hopf,2,H:Re_47p081355:465,Re_47p081355,47.0813545644,465,1385.6763916015625,24,489,1949.3414306640625,563.6650390625
Hopf,2,H:Re_47p081355:465,Re_47p081355,47.0813545644,465,1385.6763916015625,25,490,1972.827392578125,587.1510009765625
Hopf,2,H:Re_47p081355:465,Re_47p081355,47.0813545644,465,1385.6763916015625,26,491,1996.3134765625,610.6370849609375
Hopf,2,H:Re_47p081355:465,Re_47p081355,47.0813545644,465,1385.6763916015625,27,492,2019.799560546875,634.1231689453125
Hopf,2,H:Re_47p081355:465,Re_47p081355,47.0813545644,465,1385.6763916015625,28,493,2043.2855224609375,657.609130859375
Hopf,2,H:Re_47p081355:465,Re_47p081355,47.0813545644,465,1385.6763916015625,29,494,2066.771728515625,681.0953369140625
Hopf,2,H:Re_47p081355:465,Re_47p081355,47.0813545644,465,1385.6763916015625,30,495,2090.257568359375,704.5811767578125
Hopf,2,H:Re_47p081355:465,Re_47p081355,47.0813545644,465,1385.6763916015625,31,496,2113.74365234375,728.0672607421875
Hopf,2,H:Re_47p081355:465,Re_47p081355,47.0813545644,465,1385.6763916015625,32,497,2137.229736328125,751.5533447265625
Hopf,2,H:Re_47p081355:465,Re_47p081355,47.0813545644,465,1385.6763916015625,33,498,2160.7158203125,775.0394287109375
Hopf,2,H:Re_47p081355:465,Re_47p081355,47.0813545644,465,1385.6763916015625,34,499,2184.201904296875,798.5255126953125
Hopf,2,H:Re_47p081355:465,Re_47p081355,47.0813545644,465,1385.6763916015625,35,500,2207.687744140625,822.0113525390625
Hopf,2,H:Re_47p081355:465,Re_47p081355,47.0813545644,465,1385.6763916015625,36,501,2231.173828125,845.4974365234375
Hopf,2,H:Re_47p081355:465,Re_47p081355,47.0813545644,465,1385.6763916015625,37,502,2254.659912109375,868.9835205078125
Hopf,2,H:Re_47p081355:465,Re_47p081355,47.0813545644,465,1385.6763916015625,38,503,2278.14599609375,892.4696044921875
Hopf,2,H:Re_47p081355:465,Re_47p081355,47.0813545644,465,1385.6763916015625,39,504,2301.632080078125,915.9556884765625
Hopf,2,H:Re_47p081355:465,Re_47p081355,47.0813545644,465,1385.6763916015625,40,505,2325.1181640625,939.4417724609375
Hopf,2,H:Re_47p081355:465,Re_47p081355,47.0813545644,465,1385.6763916015625,41,506,2348.60400390625,962.9276123046875
Hopf,2,H:Re_47p081355:465,Re_47p081355,47.0813545644,465,1385.6763916015625,42,507,2372.090087890625,986.4136962890625
Hopf,2,H:Re_47p081355:465,Re_47p081355,47.0813545644,465,1385.6763916015625,43,508,2395.576171875,1009.8997802734375
Hopf,2,H:Re_47p081355:465,Re_47p081355,47.0813545644,465,1385.6763916015625,44,509,2419.062255859375,1033.3858642578125
Hopf,2,H:Re_47p081355:465,Re_47p081355,47.0813545644,465,1385.6763916015625,45,510,2442.54833984375,1056.8719482421875
Hopf,2,H:Re_47p081355:465,Re_47p081355,47.0813545644,465,1385.6763916015625,46,511,2466.034423828125,1080.3580322265625
Hopf,2,H:Re_47p081355:465,Re_47p081355,47.0813545644,465,1385.6763916015625,47,512,2489.520263671875,1103.8438720703125
Hopf,2,H:Re_47p081355:465,Re_47p081355,47.0813545644,465,1385.6763916015625,48,513,2513.00634765625,1127.3299560546875
Hopf,3,H:Re_47p081355:473,Re_47p081355,47.0813545644,473,1573.564697265625,1,474,1597.05078125,23.486083984375
Hopf,3,H:Re_47p081355:473,Re_47p081355,47.0813545644,473,1573.564697265625,2,475,1620.536865234375,46.97216796875
Hopf,3,H:Re_47p081355:473,Re_47p081355,47.0813545644,473,1573.564697265625,3,476,1644.0228271484375,70.4581298828125
Hopf,3,H:Re_47p081355:473,Re_47p081355,47.0813545644,473,1573.564697265625,4,477,1667.5089111328125,93.9442138671875
Hopf,3,H:Re_47p081355:473,Re_47p081355,47.0813545644,473,1573.564697265625,5,478,1690.9949951171875,117.4302978515625
Hopf,3,H:Re_47p081355:473,Re_47p081355,47.0813545644,473,1573.564697265625,6,479,1714.48095703125,140.916259765625
Hopf,3,H:Re_47p081355:473,Re_47p081355,47.0813545644,473,1573.564697265625,7,480,1737.967041015625,164.40234375
Hopf,3,H:Re_47p081355:473,Re_47p081355,47.0813545644,473,1573.564697265625,8,481,1761.453125,187.888427734375
Hopf,3,H:Re_47p081355:473,Re_47p081355,47.0813545644,473,1573.564697265625,9,482,1784.9390869140625,211.3743896484375
Hopf,3,H:Re_47p081355:473,Re_47p081355,47.0813545644,473,1573.564697265625,10,483,1808.4251708984375,234.8604736328125
Hopf,3,H:Re_47p081355:473,Re_47p081355,47.0813545644,473,1573.564697265625,11,484,1831.9112548828125,258.3465576171875
Hopf,3,H:Re_47p081355:473,Re_47p081355,47.0813545644,473,1573.564697265625,12,485,1855.397216796875,281.83251953125
Hopf,3,H:Re_47p081355:473,Re_47p081355,47.0813545644,473,1573.564697265625,13,486,1878.88330078125,305.318603515625
Hopf,3,H:Re_47p081355:473,Re_47p081355,47.0813545644,473,1573.564697265625,14,487,1902.369384765625,328.8046875
Hopf,3,H:Re_47p081355:473,Re_47p081355,47.0813545644,473,1573.564697265625,15,488,1925.8553466796875,352.2906494140625
Hopf,3,H:Re_47p081355:473,Re_47p081355,47.0813545644,473,1573.564697265625,16,489,1949.3414306640625,375.7767333984375
Hopf,3,H:Re_47p081355:473,Re_47p081355,47.0813545644,473,1573.564697265625,17,490,1972.827392578125,399.2626953125
Hopf,3,H:Re_47p081355:473,Re_47p081355,47.0813545644,473,1573.564697265625,18,491,1996.3134765625,422.748779296875
Hopf,3,H:Re_47p081355:473,Re_47p081355,47.0813545644,473,1573.564697265625,19,492,2019.799560546875,446.23486328125
Hopf,3,H:Re_47p081355:473,Re_47p081355,47.0813545644,473,1573.564697265625,20,493,2043.2855224609375,469.7208251953125
Hopf,3,H:Re_47p081355:473,Re_47p081355,47.0813545644,473,1573.564697265625,21,494,2066.771728515625,493.20703125
Hopf,3,H:Re_47p081355:473,Re_47p081355,47.0813545644,473,1573.564697265625,22,495,2090.257568359375,516.69287109375
Hopf,3,H:Re_47p081355:473,Re_47p081355,47.0813545644,473,1573.564697265625,23,496,2113.74365234375,540.178955078125
Hopf,3,H:Re_47p081355:473,Re_47p081355,47.0813545644,473,1573.564697265625,24,497,2137.229736328125,563.6650390625
Hopf,3,H:Re_47p081355:473,Re_47p081355,47.0813545644,473,1573.564697265625,25,498,2160.7158203125,587.151123046875
Hopf,3,H:Re_47p081355:473,Re_47p081355,47.0813545644,473,1573.564697265625,26,499,2184.201904296875,610.63720703125
Hopf,3,H:Re_47p081355:473,Re_47p081355,47.0813545644,473,1573.564697265625,27,500,2207.687744140625,634.123046875
Hopf,3,H:Re_47p081355:473,Re_47p081355,47.0813545644,473,1573.564697265625,28,501,2231.173828125,657.609130859375
Hopf,3,H:Re_47p081355:473,Re_47p081355,47.0813545644,473,1573.564697265625,29,502,2254.659912109375,681.09521484375
Hopf,3,H:Re_47p081355:473,Re_47p081355,47.0813545644,473,1573.564697265625,30,503,2278.14599609375,704.581298828125
Hopf,3,H:Re_47p081355:473,Re_47p081355,47.0813545644,473,1573.564697265625,31,504,2301.632080078125,728.0673828125
Hopf,3,H:Re_47p081355:473,Re_47p081355,47.0813545644,473,1573.564697265625,32,505,2325.1181640625,751.553466796875
Hopf,3,H:Re_47p081355:473,Re_47p081355,47.0813545644,473,1573.564697265625,33,506,2348.60400390625,775.039306640625
Hopf,3,H:Re_47p081355:473,Re_47p081355,47.0813545644,473,1573.564697265625,34,507,2372.090087890625,798.525390625
Hopf,3,H:Re_47p081355:473,Re_47p081355,47.0813545644,473,1573.564697265625,35,508,2395.576171875,822.011474609375
Hopf,3,H:Re_47p081355:473,Re_47p081355,47.0813545644,473,1573.564697265625,36,509,2419.062255859375,845.49755859375
Hopf,3,H:Re_47p081355:473,Re_47p081355,47.0813545644,473,1573.564697265625,37,510,2442.54833984375,868.983642578125
Hopf,3,H:Re_47p081355:473,Re_47p081355,47.0813545644,473,1573.564697265625,38,511,2466.034423828125,892.4697265625
Hopf,3,H:Re_47p081355:473,Re_47p081355,47.0813545644,473,1573.564697265625,39,512,2489.520263671875,915.95556640625
Hopf,3,H:Re_47p081355:473,Re_47p081355,47.0813545644,473,1573.564697265625,40,513,2513.00634765625,939.441650390625
Hopf,3,H:Re_47p081355:473,Re_47p081355,47.0813545644,473,1573.564697265625,41,514,2536.492431640625,962.927734375
Hopf,3,H:Re_47p081355:473,Re_47p081355,47.0813545644,473,1573.564697265625,42,515,2559.978515625,986.413818359375
Hopf,3,H:Re_47p081355:473,Re_47p081355,47.0813545644,473,1573.564697265625,43,516,2583.464599609375,1009.89990234375
Hopf,3,H:Re_47p081355:473,Re_47p081355,47.0813545644,473,1573.564697265625,44,517,2606.950439453125,1033.3857421875
Hopf,3,H:Re_47p081355:473,Re_47p081355,47.0813545644,473,1573.564697265625,45,518,2630.4365234375,1056.871826171875
Hopf,3,H:Re_47p081355:473,Re_47p081355,47.0813545644,473,1573.564697265625,46,519,2653.922607421875,1080.35791015625
Hopf,3,H:Re_47p081355:473,Re_47p081355,47.0813545644,473,1573.564697265625,47,520,2677.40869140625,1103.843994140625
Hopf,3,H:Re_47p081355:473,Re_47p081355,47.0813545644,473,1573.564697265625,48,521,2700.894775390625,1127.330078125
Hopf,4,H:Re_47p081355:481,Re_47p081355,47.0813545644,481,1761.453125,1,482,1784.9390869140625,23.4859619140625
Hopf,4,H:Re_47p081355:481,Re_47p081355,47.0813545644,481,1761.453125,2,483,1808.4251708984375,46.9720458984375
Hopf,4,H:Re_47p081355:481,Re_47p081355,47.0813545644,481,1761.453125,3,484,1831.9112548828125,70.4581298828125
Hopf,4,H:Re_47p081355:481,Re_47p081355,47.0813545644,481,1761.453125,4,485,1855.397216796875,93.944091796875
Hopf,4,H:Re_47p081355:481,Re_47p081355,47.0813545644,481,1761.453125,5,486,1878.88330078125,117.43017578125
Hopf,4,H:Re_47p081355:481,Re_47p081355,47.0813545644,481,1761.453125,6,487,1902.369384765625,140.916259765625
Hopf,4,H:Re_47p081355:481,Re_47p081355,47.0813545644,481,1761.453125,7,488,1925.8553466796875,164.4022216796875
Hopf,4,H:Re_47p081355:481,Re_47p081355,47.0813545644,481,1761.453125,8,489,1949.3414306640625,187.8883056640625
Hopf,4,H:Re_47p081355:481,Re_47p081355,47.0813545644,481,1761.453125,9,490,1972.827392578125,211.374267578125
Hopf,4,H:Re_47p081355:481,Re_47p081355,47.0813545644,481,1761.453125,10,491,1996.3134765625,234.8603515625
Hopf,4,H:Re_47p081355:481,Re_47p081355,47.0813545644,481,1761.453125,11,492,2019.799560546875,258.346435546875
Hopf,4,H:Re_47p081355:481,Re_47p081355,47.0813545644,481,1761.453125,12,493,2043.2855224609375,281.8323974609375
Hopf,4,H:Re_47p081355:481,Re_47p081355,47.0813545644,481,1761.453125,13,494,2066.771728515625,305.318603515625
Hopf,4,H:Re_47p081355:481,Re_47p081355,47.0813545644,481,1761.453125,14,495,2090.257568359375,328.804443359375
Hopf,4,H:Re_47p081355:481,Re_47p081355,47.0813545644,481,1761.453125,15,496,2113.74365234375,352.29052734375
Hopf,4,H:Re_47p081355:481,Re_47p081355,47.0813545644,481,1761.453125,16,497,2137.229736328125,375.776611328125
Hopf,4,H:Re_47p081355:481,Re_47p081355,47.0813545644,481,1761.453125,17,498,2160.7158203125,399.2626953125
Hopf,4,H:Re_47p081355:481,Re_47p081355,47.0813545644,481,1761.453125,18,499,2184.201904296875,422.748779296875
Hopf,4,H:Re_47p081355:481,Re_47p081355,47.0813545644,481,1761.453125,19,500,2207.687744140625,446.234619140625
Hopf,4,H:Re_47p081355:481,Re_47p081355,47.0813545644,481,1761.453125,20,501,2231.173828125,469.720703125
Hopf,4,H:Re_47p081355:481,Re_47p081355,47.0813545644,481,1761.453125,21,502,2254.659912109375,493.206787109375
Hopf,4,H:Re_47p081355:481,Re_47p081355,47.0813545644,481,1761.453125,22,503,2278.14599609375,516.69287109375
Hopf,4,H:Re_47p081355:481,Re_47p081355,47.0813545644,481,1761.453125,23,504,2301.632080078125,540.178955078125
Hopf,4,H:Re_47p081355:481,Re_47p081355,47.0813545644,481,1761.453125,24,505,2325.1181640625,563.6650390625
Hopf,4,H:Re_47p081355:481,Re_47p081355,47.0813545644,481,1761.453125,25,506,2348.60400390625,587.15087890625
Hopf,4,H:Re_47p081355:481,Re_47p081355,47.0813545644,481,1761.453125,26,507,2372.090087890625,610.636962890625
Hopf,4,H:Re_47p081355:481,Re_47p081355,47.0813545644,481,1761.453125,27,508,2395.576171875,634.123046875
Hopf,4,H:Re_47p081355:481,Re_47p081355,47.0813545644,481,1761.453125,28,509,2419.062255859375,657.609130859375
Hopf,4,H:Re_47p081355:481,Re_47p081355,47.0813545644,481,1761.453125,29,510,2442.54833984375,681.09521484375
Hopf,4,H:Re_47p081355:481,Re_47p081355,47.0813545644,481,1761.453125,30,511,2466.034423828125,704.581298828125
Hopf,4,H:Re_47p081355:481,Re_47p081355,47.0813545644,481,1761.453125,31,512,2489.520263671875,728.067138671875
Hopf,4,H:Re_47p081355:481,Re_47p081355,47.0813545644,481,1761.453125,32,513,2513.00634765625,751.55322265625
Hopf,4,H:Re_47p081355:481,Re_47p081355,47.0813545644,481,1761.453125,33,514,2536.492431640625,775.039306640625
Hopf,4,H:Re_47p081355:481,Re_47p081355,47.0813545644,481,1761.453125,34,515,2559.978515625,798.525390625
Hopf,4,H:Re_47p081355:481,Re_47p081355,47.0813545644,481,1761.453125,35,516,2583.464599609375,822.011474609375
Hopf,4,H:Re_47p081355:481,Re_47p081355,47.0813545644,481,1761.453125,36,517,2606.950439453125,845.497314453125
Hopf,4,H:Re_47p081355:481,Re_47p081355,47.0813545644,481,1761.453125,37,518,2630.4365234375,868.9833984375
Hopf,4,H:Re_47p081355:481,Re_47p081355,47.0813545644,481,1761.453125,38,519,2653.922607421875,892.469482421875
Hopf,4,H:Re_47p081355:481,Re_47p081355,47.0813545644,481,1761.453125,39,520,2677.40869140625,915.95556640625
Hopf,4,H:Re_47p081355:481,Re_47p081355,47.0813545644,481,1761.453125,40,521,2700.894775390625,939.441650390625
Hopf,4,H:Re_47p081355:481,Re_47p081355,47.0813545644,481,1761.453125,41,522,2724.380859375,962.927734375
Hopf,4,H:Re_47p081355:481,Re_47p081355,47.0813545644,481,1761.453125,42,523,2747.86669921875,986.41357421875
Hopf,4,H:Re_47p081355:481,Re_47p081355,47.0813545644,481,1761.453125,43,524,2771.352783203125,1009.899658203125
Hopf,4,H:Re_47p081355:481,Re_47p081355,47.0813545644,481,1761.453125,44,525,2794.8388671875,1033.3857421875
Hopf,4,H:Re_47p081355:481,Re_47p081355,47.0813545644,481,1761.453125,45,526,2818.324951171875,1056.871826171875
Hopf,4,H:Re_47p081355:481,Re_47p081355,47.0813545644,481,1761.453125,46,527,2841.81103515625,1080.35791015625
Hopf,4,H:Re_47p081355:481,Re_47p081355,47.0813545644,481,1761.453125,47,528,2865.297119140625,1103.843994140625
Hopf,4,H:Re_47p081355:481,Re_47p081355,47.0813545644,481,1761.453125,48,529,2888.782958984375,1127.329833984375
Hopf,5,H:Re_47p081355:489,Re_47p081355,47.0813545644,489,1949.3414306640625,1,490,1972.827392578125,23.4859619140625
Hopf,5,H:Re_47p081355:489,Re_47p081355,47.0813545644,489,1949.3414306640625,2,491,1996.3134765625,46.9720458984375
Hopf,5,H:Re_47p081355:489,Re_47p081355,47.0813545644,489,1949.3414306640625,3,492,2019.799560546875,70.4581298828125
Hopf,5,H:Re_47p081355:489,Re_47p081355,47.0813545644,489,1949.3414306640625,4,493,2043.2855224609375,93.944091796875
Hopf,5,H:Re_47p081355:489,Re_47p081355,47.0813545644,489,1949.3414306640625,5,494,2066.771728515625,117.4302978515625
Hopf,5,H:Re_47p081355:489,Re_47p081355,47.0813545644,489,1949.3414306640625,6,495,2090.257568359375,140.9161376953125
Hopf,5,H:Re_47p081355:489,Re_47p081355,47.0813545644,489,1949.3414306640625,7,496,2113.74365234375,164.4022216796875
Hopf,5,H:Re_47p081355:489,Re_47p081355,47.0813545644,489,1949.3414306640625,8,497,2137.229736328125,187.8883056640625
Hopf,5,H:Re_47p081355:489,Re_47p081355,47.0813545644,489,1949.3414306640625,9,498,2160.7158203125,211.3743896484375
Hopf,5,H:Re_47p081355:489,Re_47p081355,47.0813545644,489,1949.3414306640625,10,499,2184.201904296875,234.8604736328125
Hopf,5,H:Re_47p081355:489,Re_47p081355,47.0813545644,489,1949.3414306640625,11,500,2207.687744140625,258.3463134765625
Hopf,5,H:Re_47p081355:489,Re_47p081355,47.0813545644,489,1949.3414306640625,12,501,2231.173828125,281.8323974609375
Hopf,5,H:Re_47p081355:489,Re_47p081355,47.0813545644,489,1949.3414306640625,13,502,2254.659912109375,305.3184814453125
Hopf,5,H:Re_47p081355:489,Re_47p081355,47.0813545644,489,1949.3414306640625,14,503,2278.14599609375,328.8045654296875
Hopf,5,H:Re_47p081355:489,Re_47p081355,47.0813545644,489,1949.3414306640625,15,504,2301.632080078125,352.2906494140625
Hopf,5,H:Re_47p081355:489,Re_47p081355,47.0813545644,489,1949.3414306640625,16,505,2325.1181640625,375.7767333984375
Hopf,5,H:Re_47p081355:489,Re_47p081355,47.0813545644,489,1949.3414306640625,17,506,2348.60400390625,399.2625732421875
Hopf,5,H:Re_47p081355:489,Re_47p081355,47.0813545644,489,1949.3414306640625,18,507,2372.090087890625,422.7486572265625
Hopf,5,H:Re_47p081355:489,Re_47p081355,47.0813545644,489,1949.3414306640625,19,508,2395.576171875,446.2347412109375
Hopf,5,H:Re_47p081355:489,Re_47p081355,47.0813545644,489,1949.3414306640625,20,509,2419.062255859375,469.7208251953125
Hopf,5,H:Re_47p081355:489,Re_47p081355,47.0813545644,489,1949.3414306640625,21,510,2442.54833984375,493.2069091796875
Hopf,5,H:Re_47p081355:489,Re_47p081355,47.0813545644,489,1949.3414306640625,22,511,2466.034423828125,516.6929931640625
Hopf,5,H:Re_47p081355:489,Re_47p081355,47.0813545644,489,1949.3414306640625,23,512,2489.520263671875,540.1788330078125
Hopf,5,H:Re_47p081355:489,Re_47p081355,47.0813545644,489,1949.3414306640625,24,513,2513.00634765625,563.6649169921875
Hopf,5,H:Re_47p081355:489,Re_47p081355,47.0813545644,489,1949.3414306640625,25,514,2536.492431640625,587.1510009765625
Hopf,5,H:Re_47p081355:489,Re_47p081355,47.0813545644,489,1949.3414306640625,26,515,2559.978515625,610.6370849609375
Hopf,5,H:Re_47p081355:489,Re_47p081355,47.0813545644,489,1949.3414306640625,27,516,2583.464599609375,634.1231689453125
Hopf,5,H:Re_47p081355:489,Re_47p081355,47.0813545644,489,1949.3414306640625,28,517,2606.950439453125,657.6090087890625
Hopf,5,H:Re_47p081355:489,Re_47p081355,47.0813545644,489,1949.3414306640625,29,518,2630.4365234375,681.0950927734375
Hopf,5,H:Re_47p081355:489,Re_47p081355,47.0813545644,489,1949.3414306640625,30,519,2653.922607421875,704.5811767578125
Hopf,5,H:Re_47p081355:489,Re_47p081355,47.0813545644,489,1949.3414306640625,31,520,2677.40869140625,728.0672607421875
Hopf,5,H:Re_47p081355:489,Re_47p081355,47.0813545644,489,1949.3414306640625,32,521,2700.894775390625,751.5533447265625
Hopf,5,H:Re_47p081355:489,Re_47p081355,47.0813545644,489,1949.3414306640625,33,522,2724.380859375,775.0394287109375
Hopf,5,H:Re_47p081355:489,Re_47p081355,47.0813545644,489,1949.3414306640625,34,523,2747.86669921875,798.5252685546875
Hopf,5,H:Re_47p081355:489,Re_47p081355,47.0813545644,489,1949.3414306640625,35,524,2771.352783203125,822.0113525390625
Hopf,5,H:Re_47p081355:489,Re_47p081355,47.0813545644,489,1949.3414306640625,36,525,2794.8388671875,845.4974365234375
Hopf,5,H:Re_47p081355:489,Re_47p081355,47.0813545644,489,1949.3414306640625,37,526,2818.324951171875,868.9835205078125
Hopf,5,H:Re_47p081355:489,Re_47p081355,47.0813545644,489,1949.3414306640625,38,527,2841.81103515625,892.4696044921875
Hopf,5,H:Re_47p081355:489,Re_47p081355,47.0813545644,489,1949.3414306640625,39,528,2865.297119140625,915.9556884765625
Hopf,5,H:Re_47p081355:489,Re_47p081355,47.0813545644,489,1949.3414306640625,40,529,2888.782958984375,939.4415283203125
Hopf,5,H:Re_47p081355:489,Re_47p081355,47.0813545644,489,1949.3414306640625,41,530,2912.26904296875,962.9276123046875
Hopf,5,H:Re_47p081355:489,Re_47p081355,47.0813545644,489,1949.3414306640625,42,531,2935.755126953125,986.4136962890625
Hopf,5,H:Re_47p081355:489,Re_47p081355,47.0813545644,489,1949.3414306640625,43,532,2959.2412109375,1009.8997802734375
Hopf,5,H:Re_47p081355:489,Re_47p081355,47.0813545644,489,1949.3414306640625,44,533,2982.727294921875,1033.3858642578125
Hopf,5,H:Re_47p081355:489,Re_47p081355,47.0813545644,489,1949.3414306640625,45,534,3006.21337890625,1056.8719482421875
Hopf,5,H:Re_47p081355:489,Re_47p081355,47.0813545644,489,1949.3414306640625,46,535,3029.69921875,1080.3577880859375
Hopf,5,H:Re_47p081355:489,Re_47p081355,47.0813545644,489,1949.3414306640625,47,536,3053.185302734375,1103.8438720703125
Hopf,5,H:Re_47p081355:489,Re_47p081355,47.0813545644,489,1949.3414306640625,48,537,3076.67138671875,1127.3299560546875
Hopf,6,H:Re_47p081355:497,Re_47p081355,47.0813545644,497,2137.229736328125,1,498,2160.7158203125,23.486083984375
Hopf,6,H:Re_47p081355:497,Re_47p081355,47.0813545644,497,2137.229736328125,2,499,2184.201904296875,46.97216796875
Hopf,6,H:Re_47p081355:497,Re_47p081355,47.0813545644,497,2137.229736328125,3,500,2207.687744140625,70.4580078125
Hopf,6,H:Re_47p081355:497,Re_47p081355,47.0813545644,497,2137.229736328125,4,501,2231.173828125,93.944091796875
Hopf,6,H:Re_47p081355:497,Re_47p081355,47.0813545644,497,2137.229736328125,5,502,2254.659912109375,117.43017578125
Hopf,6,H:Re_47p081355:497,Re_47p081355,47.0813545644,497,2137.229736328125,6,503,2278.14599609375,140.916259765625
Hopf,6,H:Re_47p081355:497,Re_47p081355,47.0813545644,497,2137.229736328125,7,504,2301.632080078125,164.40234375
Hopf,6,H:Re_47p081355:497,Re_47p081355,47.0813545644,497,2137.229736328125,8,505,2325.1181640625,187.888427734375
Hopf,6,H:Re_47p081355:497,Re_47p081355,47.0813545644,497,2137.229736328125,9,506,2348.60400390625,211.374267578125
Hopf,6,H:Re_47p081355:497,Re_47p081355,47.0813545644,497,2137.229736328125,10,507,2372.090087890625,234.8603515625
Hopf,6,H:Re_47p081355:497,Re_47p081355,47.0813545644,497,2137.229736328125,11,508,2395.576171875,258.346435546875
Hopf,6,H:Re_47p081355:497,Re_47p081355,47.0813545644,497,2137.229736328125,12,509,2419.062255859375,281.83251953125
Hopf,6,H:Re_47p081355:497,Re_47p081355,47.0813545644,497,2137.229736328125,13,510,2442.54833984375,305.318603515625
Hopf,6,H:Re_47p081355:497,Re_47p081355,47.0813545644,497,2137.229736328125,14,511,2466.034423828125,328.8046875
Hopf,6,H:Re_47p081355:497,Re_47p081355,47.0813545644,497,2137.229736328125,15,512,2489.520263671875,352.29052734375
Hopf,6,H:Re_47p081355:497,Re_47p081355,47.0813545644,497,2137.229736328125,16,513,2513.00634765625,375.776611328125
Hopf,6,H:Re_47p081355:497,Re_47p081355,47.0813545644,497,2137.229736328125,17,514,2536.492431640625,399.2626953125
Hopf,6,H:Re_47p081355:497,Re_47p081355,47.0813545644,497,2137.229736328125,18,515,2559.978515625,422.748779296875
Hopf,6,H:Re_47p081355:497,Re_47p081355,47.0813545644,497,2137.229736328125,19,516,2583.464599609375,446.23486328125
Hopf,6,H:Re_47p081355:497,Re_47p081355,47.0813545644,497,2137.229736328125,20,517,2606.950439453125,469.720703125
Hopf,6,H:Re_47p081355:497,Re_47p081355,47.0813545644,497,2137.229736328125,21,518,2630.4365234375,493.206787109375
Hopf,6,H:Re_47p081355:497,Re_47p081355,47.0813545644,497,2137.229736328125,22,519,2653.922607421875,516.69287109375
Hopf,6,H:Re_47p081355:497,Re_47p081355,47.0813545644,497,2137.229736328125,23,520,2677.40869140625,540.178955078125
Hopf,6,H:Re_47p081355:497,Re_47p081355,47.0813545644,497,2137.229736328125,24,521,2700.894775390625,563.6650390625
Hopf,6,H:Re_47p081355:497,Re_47p081355,47.0813545644,497,2137.229736328125,25,522,2724.380859375,587.151123046875
Hopf,6,H:Re_47p081355:497,Re_47p081355,47.0813545644,497,2137.229736328125,26,523,2747.86669921875,610.636962890625
Hopf,6,H:Re_47p081355:497,Re_47p081355,47.0813545644,497,2137.229736328125,27,524,2771.352783203125,634.123046875
Hopf,6,H:Re_47p081355:497,Re_47p081355,47.0813545644,497,2137.229736328125,28,525,2794.8388671875,657.609130859375
Hopf,6,H:Re_47p081355:497,Re_47p081355,47.0813545644,497,2137.229736328125,29,526,2818.324951171875,681.09521484375
Hopf,6,H:Re_47p081355:497,Re_47p081355,47.0813545644,497,2137.229736328125,30,527,2841.81103515625,704.581298828125
Hopf,6,H:Re_47p081355:497,Re_47p081355,47.0813545644,497,2137.229736328125,31,528,2865.297119140625,728.0673828125
Hopf,6,H:Re_47p081355:497,Re_47p081355,47.0813545644,497,2137.229736328125,32,529,2888.782958984375,751.55322265625
Hopf,6,H:Re_47p081355:497,Re_47p081355,47.0813545644,497,2137.229736328125,33,530,2912.26904296875,775.039306640625
Hopf,6,H:Re_47p081355:497,Re_47p081355,47.0813545644,497,2137.229736328125,34,531,2935.755126953125,798.525390625
Hopf,6,H:Re_47p081355:497,Re_47p081355,47.0813545644,497,2137.229736328125,35,532,2959.2412109375,822.011474609375
Hopf,6,H:Re_47p081355:497,Re_47p081355,47.0813545644,497,2137.229736328125,36,533,2982.727294921875,845.49755859375
Hopf,6,H:Re_47p081355:497,Re_47p081355,47.0813545644,497,2137.229736328125,37,534,3006.21337890625,868.983642578125
Hopf,6,H:Re_47p081355:497,Re_47p081355,47.0813545644,497,2137.229736328125,38,535,3029.69921875,892.469482421875
Hopf,6,H:Re_47p081355:497,Re_47p081355,47.0813545644,497,2137.229736328125,39,536,3053.185302734375,915.95556640625
Hopf,6,H:Re_47p081355:497,Re_47p081355,47.0813545644,497,2137.229736328125,40,537,3076.67138671875,939.441650390625
Hopf,6,H:Re_47p081355:497,Re_47p081355,47.0813545644,497,2137.229736328125,41,538,3100.157470703125,962.927734375
Hopf,6,H:Re_47p081355:497,Re_47p081355,47.0813545644,497,2137.229736328125,42,539,3123.6435546875,986.413818359375
Hopf,6,H:Re_47p081355:497,Re_47p081355,47.0813545644,497,2137.229736328125,43,540,3147.12939453125,1009.899658203125
Hopf,6,H:Re_47p081355:497,Re_47p081355,47.0813545644,497,2137.229736328125,44,541,3170.615478515625,1033.3857421875
Hopf,6,H:Re_47p081355:497,Re_47p081355,47.0813545644,497,2137.229736328125,45,542,3194.1015625,1056.871826171875
Hopf,6,H:Re_47p081355:497,Re_47p081355,47.0813545644,497,2137.229736328125,46,543,3217.587646484375,1080.35791015625
Hopf,6,H:Re_47p081355:497,Re_47p081355,47.0813545644,497,2137.229736328125,47,544,3241.07373046875,1103.843994140625
Hopf,6,H:Re_47p081355:497,Re_47p081355,47.0813545644,497,2137.229736328125,48,545,3264.559814453125,1127.330078125
Hopf,7,H:Re_47p081355:505,Re_47p081355,47.0813545644,505,2325.1181640625,1,506,2348.60400390625,23.48583984375
Hopf,7,H:Re_47p081355:505,Re_47p081355,47.0813545644,505,2325.1181640625,2,507,2372.090087890625,46.971923828125
Hopf,7,H:Re_47p081355:505,Re_47p081355,47.0813545644,505,2325.1181640625,3,508,2395.576171875,70.4580078125
Hopf,7,H:Re_47p081355:505,Re_47p081355,47.0813545644,505,2325.1181640625,4,509,2419.062255859375,93.944091796875
Hopf,7,H:Re_47p081355:505,Re_47p081355,47.0813545644,505,2325.1181640625,5,510,2442.54833984375,117.43017578125
Hopf,7,H:Re_47p081355:505,Re_47p081355,47.0813545644,505,2325.1181640625,6,511,2466.034423828125,140.916259765625
Hopf,7,H:Re_47p081355:505,Re_47p081355,47.0813545644,505,2325.1181640625,7,512,2489.520263671875,164.402099609375
Hopf,7,H:Re_47p081355:505,Re_47p081355,47.0813545644,505,2325.1181640625,8,513,2513.00634765625,187.88818359375
Hopf,7,H:Re_47p081355:505,Re_47p081355,47.0813545644,505,2325.1181640625,9,514,2536.492431640625,211.374267578125
Hopf,7,H:Re_47p081355:505,Re_47p081355,47.0813545644,505,2325.1181640625,10,515,2559.978515625,234.8603515625
Hopf,7,H:Re_47p081355:505,Re_47p081355,47.0813545644,505,2325.1181640625,11,516,2583.464599609375,258.346435546875
Hopf,7,H:Re_47p081355:505,Re_47p081355,47.0813545644,505,2325.1181640625,12,517,2606.950439453125,281.832275390625
Hopf,7,H:Re_47p081355:505,Re_47p081355,47.0813545644,505,2325.1181640625,13,518,2630.4365234375,305.318359375
Hopf,7,H:Re_47p081355:505,Re_47p081355,47.0813545644,505,2325.1181640625,14,519,2653.922607421875,328.804443359375
Hopf,7,H:Re_47p081355:505,Re_47p081355,47.0813545644,505,2325.1181640625,15,520,2677.40869140625,352.29052734375
Hopf,7,H:Re_47p081355:505,Re_47p081355,47.0813545644,505,2325.1181640625,16,521,2700.894775390625,375.776611328125
Hopf,7,H:Re_47p081355:505,Re_47p081355,47.0813545644,505,2325.1181640625,17,522,2724.380859375,399.2626953125
Hopf,7,H:Re_47p081355:505,Re_47p081355,47.0813545644,505,2325.1181640625,18,523,2747.86669921875,422.74853515625
Hopf,7,H:Re_47p081355:505,Re_47p081355,47.0813545644,505,2325.1181640625,19,524,2771.352783203125,446.234619140625
Hopf,7,H:Re_47p081355:505,Re_47p081355,47.0813545644,505,2325.1181640625,20,525,2794.8388671875,469.720703125
Hopf,7,H:Re_47p081355:505,Re_47p081355,47.0813545644,505,2325.1181640625,21,526,2818.324951171875,493.206787109375
Hopf,7,H:Re_47p081355:505,Re_47p081355,47.0813545644,505,2325.1181640625,22,527,2841.81103515625,516.69287109375
Hopf,7,H:Re_47p081355:505,Re_47p081355,47.0813545644,505,2325.1181640625,23,528,2865.297119140625,540.178955078125
Hopf,7,H:Re_47p081355:505,Re_47p081355,47.0813545644,505,2325.1181640625,24,529,2888.782958984375,563.664794921875
Hopf,7,H:Re_47p081355:505,Re_47p081355,47.0813545644,505,2325.1181640625,25,530,2912.26904296875,587.15087890625
Hopf,7,H:Re_47p081355:505,Re_47p081355,47.0813545644,505,2325.1181640625,26,531,2935.755126953125,610.636962890625
Hopf,7,H:Re_47p081355:505,Re_47p081355,47.0813545644,505,2325.1181640625,27,532,2959.2412109375,634.123046875
Hopf,7,H:Re_47p081355:505,Re_47p081355,47.0813545644,505,2325.1181640625,28,533,2982.727294921875,657.609130859375
Hopf,7,H:Re_47p081355:505,Re_47p081355,47.0813545644,505,2325.1181640625,29,534,3006.21337890625,681.09521484375
Hopf,7,H:Re_47p081355:505,Re_47p081355,47.0813545644,505,2325.1181640625,30,535,3029.69921875,704.5810546875
Hopf,7,H:Re_47p081355:505,Re_47p081355,47.0813545644,505,2325.1181640625,31,536,3053.185302734375,728.067138671875
Hopf,7,H:Re_47p081355:505,Re_47p081355,47.0813545644,505,2325.1181640625,32,537,3076.67138671875,751.55322265625
Hopf,7,H:Re_47p081355:505,Re_47p081355,47.0813545644,505,2325.1181640625,33,538,3100.157470703125,775.039306640625
Hopf,7,H:Re_47p081355:505,Re_47p081355,47.0813545644,505,2325.1181640625,34,539,3123.6435546875,798.525390625
Hopf,7,H:Re_47p081355:505,Re_47p081355,47.0813545644,505,2325.1181640625,35,540,3147.12939453125,822.01123046875
Hopf,7,H:Re_47p081355:505,Re_47p081355,47.0813545644,505,2325.1181640625,36,541,3170.615478515625,845.497314453125
Hopf,7,H:Re_47p081355:505,Re_47p081355,47.0813545644,505,2325.1181640625,37,542,3194.1015625,868.9833984375
Hopf,7,H:Re_47p081355:505,Re_47p081355,47.0813545644,505,2325.1181640625,38,543,3217.587646484375,892.469482421875
Hopf,7,H:Re_47p081355:505,Re_47p081355,47.0813545644,505,2325.1181640625,39,544,3241.07373046875,915.95556640625
Hopf,7,H:Re_47p081355:505,Re_47p081355,47.0813545644,505,2325.1181640625,40,545,3264.559814453125,939.441650390625
Hopf,7,H:Re_47p081355:505,Re_47p081355,47.0813545644,505,2325.1181640625,41,546,3288.045654296875,962.927490234375
Hopf,7,H:Re_47p081355:505,Re_47p081355,47.0813545644,505,2325.1181640625,42,547,3311.53173828125,986.41357421875
Hopf,7,H:Re_47p081355:505,Re_47p081355,47.0813545644,505,2325.1181640625,43,548,3335.017822265625,1009.899658203125
Hopf,7,H:Re_47p081355:505,Re_47p081355,47.0813545644,505,2325.1181640625,44,549,3358.50390625,1033.3857421875
Hopf,7,H:Re_47p081355:505,Re_47p081355,47.0813545644,505,2325.1181640625,45,550,3381.989990234375,1056.871826171875
Hopf,7,H:Re_47p081355:505,Re_47p081355,47.0813545644,505,2325.1181640625,46,551,3405.47607421875,1080.35791015625
Hopf,7,H:Re_47p081355:505,Re_47p081355,47.0813545644,505,2325.1181640625,47,552,3428.9619140625,1103.84375
Hopf,7,H:Re_47p081355:505,Re_47p081355,47.0813545644,505,2325.1181640625,48,553,3452.447998046875,1127.329833984375
Hopf,8,H:Re_47p081355:513,Re_47p081355,47.0813545644,513,2513.00634765625,1,514,2536.492431640625,23.486083984375
Hopf,8,H:Re_47p081355:513,Re_47p081355,47.0813545644,513,2513.00634765625,2,515,2559.978515625,46.97216796875
Hopf,8,H:Re_47p081355:513,Re_47p081355,47.0813545644,513,2513.00634765625,3,516,2583.464599609375,70.458251953125
Hopf,8,H:Re_47p081355:513,Re_47p081355,47.0813545644,513,2513.00634765625,4,517,2606.950439453125,93.944091796875
Hopf,8,H:Re_47p081355:513,Re_47p081355,47.0813545644,513,2513.00634765625,5,518,2630.4365234375,117.43017578125
Hopf,8,H:Re_47p081355:513,Re_47p081355,47.0813545644,513,2513.00634765625,6,519,2653.922607421875,140.916259765625
Hopf,8,H:Re_47p081355:513,Re_47p081355,47.0813545644,513,2513.00634765625,7,520,2677.40869140625,164.40234375
Hopf,8,H:Re_47p081355:513,Re_47p081355,47.0813545644,513,2513.00634765625,8,521,2700.894775390625,187.888427734375
Hopf,8,H:Re_47p081355:513,Re_47p081355,47.0813545644,513,2513.00634765625,9,522,2724.380859375,211.37451171875
Hopf,8,H:Re_47p081355:513,Re_47p081355,47.0813545644,513,2513.00634765625,10,523,2747.86669921875,234.8603515625
Hopf,8,H:Re_47p081355:513,Re_47p081355,47.0813545644,513,2513.00634765625,11,524,2771.352783203125,258.346435546875
Hopf,8,H:Re_47p081355:513,Re_47p081355,47.0813545644,513,2513.00634765625,12,525,2794.8388671875,281.83251953125
Hopf,8,H:Re_47p081355:513,Re_47p081355,47.0813545644,513,2513.00634765625,13,526,2818.324951171875,305.318603515625
Hopf,8,H:Re_47p081355:513,Re_47p081355,47.0813545644,513,2513.00634765625,14,527,2841.81103515625,328.8046875
Hopf,8,H:Re_47p081355:513,Re_47p081355,47.0813545644,513,2513.00634765625,15,528,2865.297119140625,352.290771484375
Hopf,8,H:Re_47p081355:513,Re_47p081355,47.0813545644,513,2513.00634765625,16,529,2888.782958984375,375.776611328125
Hopf,8,H:Re_47p081355:513,Re_47p081355,47.0813545644,513,2513.00634765625,17,530,2912.26904296875,399.2626953125
Hopf,8,H:Re_47p081355:513,Re_47p081355,47.0813545644,513,2513.00634765625,18,531,2935.755126953125,422.748779296875
Hopf,8,H:Re_47p081355:513,Re_47p081355,47.0813545644,513,2513.00634765625,19,532,2959.2412109375,446.23486328125
Hopf,8,H:Re_47p081355:513,Re_47p081355,47.0813545644,513,2513.00634765625,20,533,2982.727294921875,469.720947265625
Hopf,8,H:Re_47p081355:513,Re_47p081355,47.0813545644,513,2513.00634765625,21,534,3006.21337890625,493.20703125
Hopf,8,H:Re_47p081355:513,Re_47p081355,47.0813545644,513,2513.00634765625,22,535,3029.69921875,516.69287109375
Hopf,8,H:Re_47p081355:513,Re_47p081355,47.0813545644,513,2513.00634765625,23,536,3053.185302734375,540.178955078125
Hopf,8,H:Re_47p081355:513,Re_47p081355,47.0813545644,513,2513.00634765625,24,537,3076.67138671875,563.6650390625
Hopf,8,H:Re_47p081355:513,Re_47p081355,47.0813545644,513,2513.00634765625,25,538,3100.157470703125,587.151123046875
Hopf,8,H:Re_47p081355:513,Re_47p081355,47.0813545644,513,2513.00634765625,26,539,3123.6435546875,610.63720703125
Hopf,8,H:Re_47p081355:513,Re_47p081355,47.0813545644,513,2513.00634765625,27,540,3147.12939453125,634.123046875
Hopf,8,H:Re_47p081355:513,Re_47p081355,47.0813545644,513,2513.00634765625,28,541,3170.615478515625,657.609130859375
Hopf,8,H:Re_47p081355:513,Re_47p081355,47.0813545644,513,2513.00634765625,29,542,3194.1015625,681.09521484375
Hopf,8,H:Re_47p081355:513,Re_47p081355,47.0813545644,513,2513.00634765625,30,543,3217.587646484375,704.581298828125
Hopf,8,H:Re_47p081355:513,Re_47p081355,47.0813545644,513,2513.00634765625,31,544,3241.07373046875,728.0673828125
Hopf,8,H:Re_47p081355:513,Re_47p081355,47.0813545644,513,2513.00634765625,32,545,3264.559814453125,751.553466796875
Hopf,8,H:Re_47p081355:513,Re_47p081355,47.0813545644,513,2513.00634765625,33,546,3288.045654296875,775.039306640625
Hopf,8,H:Re_47p081355:513,Re_47p081355,47.0813545644,513,2513.00634765625,34,547,3311.53173828125,798.525390625
Hopf,8,H:Re_47p081355:513,Re_47p081355,47.0813545644,513,2513.00634765625,35,548,3335.017822265625,822.011474609375
Hopf,8,H:Re_47p081355:513,Re_47p081355,47.0813545644,513,2513.00634765625,36,549,3358.50390625,845.49755859375
Hopf,8,H:Re_47p081355:513,Re_47p081355,47.0813545644,513,2513.00634765625,37,550,3381.989990234375,868.983642578125
Hopf,8,H:Re_47p081355:513,Re_47p081355,47.0813545644,513,2513.00634765625,38,551,3405.47607421875,892.4697265625
Hopf,8,H:Re_47p081355:513,Re_47p081355,47.0813545644,513,2513.00634765625,39,552,3428.9619140625,915.95556640625
Hopf,8,H:Re_47p081355:513,Re_47p081355,47.0813545644,513,2513.00634765625,40,553,3452.447998046875,939.441650390625
Hopf,8,H:Re_47p081355:513,Re_47p081355,47.0813545644,513,2513.00634765625,41,554,3475.93408203125,962.927734375
Hopf,8,H:Re_47p081355:513,Re_47p081355,47.0813545644,513,2513.00634765625,42,555,3499.420166015625,986.413818359375
Hopf,8,H:Re_47p081355:513,Re_47p081355,47.0813545644,513,2513.00634765625,43,556,3522.90625,1009.89990234375
Hopf,8,H:Re_47p081355:513,Re_47p081355,47.0813545644,513,2513.00634765625,44,557,3546.39208984375,1033.3857421875
Hopf,8,H:Re_47p081355:513,Re_47p081355,47.0813545644,513,2513.00634765625,45,558,3569.878173828125,1056.871826171875
Hopf,8,H:Re_47p081355:513,Re_47p081355,47.0813545644,513,2513.00634765625,46,559,3593.3642578125,1080.35791015625
Hopf,8,H:Re_47p081355:513,Re_47p081355,47.0813545644,513,2513.00634765625,47,560,3616.850341796875,1103.843994140625
Hopf,8,H:Re_47p081355:513,Re_47p081355,47.0813545644,513,2513.00634765625,48,561,3640.33642578125,1127.330078125
Hopf,9,H:Re_47p081355:521,Re_47p081355,47.0813545644,521,2700.894775390625,1,522,2724.380859375,23.486083984375
Hopf,9,H:Re_47p081355:521,Re_47p081355,47.0813545644,521,2700.894775390625,2,523,2747.86669921875,46.971923828125
Hopf,9,H:Re_47p081355:521,Re_47p081355,47.0813545644,521,2700.894775390625,3,524,2771.352783203125,70.4580078125
Hopf,9,H:Re_47p081355:521,Re_47p081355,47.0813545644,521,2700.894775390625,4,525,2794.8388671875,93.944091796875
Hopf,9,H:Re_47p081355:521,Re_47p081355,47.0813545644,521,2700.894775390625,5,526,2818.324951171875,117.43017578125
Hopf,9,H:Re_47p081355:521,Re_47p081355,47.0813545644,521,2700.894775390625,6,527,2841.81103515625,140.916259765625
Hopf,9,H:Re_47p081355:521,Re_47p081355,47.0813545644,521,2700.894775390625,7,528,2865.297119140625,164.40234375
Hopf,9,H:Re_47p081355:521,Re_47p081355,47.0813545644,521,2700.894775390625,8,529,2888.782958984375,187.88818359375
Hopf,9,H:Re_47p081355:521,Re_47p081355,47.0813545644,521,2700.894775390625,9,530,2912.26904296875,211.374267578125
Hopf,9,H:Re_47p081355:521,Re_47p081355,47.0813545644,521,2700.894775390625,10,531,2935.755126953125,234.8603515625
Hopf,9,H:Re_47p081355:521,Re_47p081355,47.0813545644,521,2700.894775390625,11,532,2959.2412109375,258.346435546875
Hopf,9,H:Re_47p081355:521,Re_47p081355,47.0813545644,521,2700.894775390625,12,533,2982.727294921875,281.83251953125
Hopf,9,H:Re_47p081355:521,Re_47p081355,47.0813545644,521,2700.894775390625,13,534,3006.21337890625,305.318603515625
Hopf,9,H:Re_47p081355:521,Re_47p081355,47.0813545644,521,2700.894775390625,14,535,3029.69921875,328.804443359375
Hopf,9,H:Re_47p081355:521,Re_47p081355,47.0813545644,521,2700.894775390625,15,536,3053.185302734375,352.29052734375
Hopf,9,H:Re_47p081355:521,Re_47p081355,47.0813545644,521,2700.894775390625,16,537,3076.67138671875,375.776611328125
Hopf,9,H:Re_47p081355:521,Re_47p081355,47.0813545644,521,2700.894775390625,17,538,3100.157470703125,399.2626953125
Hopf,9,H:Re_47p081355:521,Re_47p081355,47.0813545644,521,2700.894775390625,18,539,3123.6435546875,422.748779296875
Hopf,9,H:Re_47p081355:521,Re_47p081355,47.0813545644,521,2700.894775390625,19,540,3147.12939453125,446.234619140625
Hopf,9,H:Re_47p081355:521,Re_47p081355,47.0813545644,521,2700.894775390625,20,541,3170.615478515625,469.720703125
Hopf,9,H:Re_47p081355:521,Re_47p081355,47.0813545644,521,2700.894775390625,21,542,3194.1015625,493.206787109375
Hopf,9,H:Re_47p081355:521,Re_47p081355,47.0813545644,521,2700.894775390625,22,543,3217.587646484375,516.69287109375
Hopf,9,H:Re_47p081355:521,Re_47p081355,47.0813545644,521,2700.894775390625,23,544,3241.07373046875,540.178955078125
Hopf,9,H:Re_47p081355:521,Re_47p081355,47.0813545644,521,2700.894775390625,24,545,3264.559814453125,563.6650390625
Hopf,9,H:Re_47p081355:521,Re_47p081355,47.0813545644,521,2700.894775390625,25,546,3288.045654296875,587.15087890625
Hopf,9,H:Re_47p081355:521,Re_47p081355,47.0813545644,521,2700.894775390625,26,547,3311.53173828125,610.636962890625
Hopf,9,H:Re_47p081355:521,Re_47p081355,47.0813545644,521,2700.894775390625,27,548,3335.017822265625,634.123046875
Hopf,9,H:Re_47p081355:521,Re_47p081355,47.0813545644,521,2700.894775390625,28,549,3358.50390625,657.609130859375
Hopf,9,H:Re_47p081355:521,Re_47p081355,47.0813545644,521,2700.894775390625,29,550,3381.989990234375,681.09521484375
Hopf,9,H:Re_47p081355:521,Re_47p081355,47.0813545644,521,2700.894775390625,30,551,3405.47607421875,704.581298828125
Hopf,9,H:Re_47p081355:521,Re_47p081355,47.0813545644,521,2700.894775390625,31,552,3428.9619140625,728.067138671875
Hopf,9,H:Re_47p081355:521,Re_47p081355,47.0813545644,521,2700.894775390625,32,553,3452.447998046875,751.55322265625
Hopf,9,H:Re_47p081355:521,Re_47p081355,47.0813545644,521,2700.894775390625,33,554,3475.93408203125,775.039306640625
Hopf,9,H:Re_47p081355:521,Re_47p081355,47.0813545644,521,2700.894775390625,34,555,3499.420166015625,798.525390625
Hopf,9,H:Re_47p081355:521,Re_47p081355,47.0813545644,521,2700.894775390625,35,556,3522.90625,822.011474609375
Hopf,9,H:Re_47p081355:521,Re_47p081355,47.0813545644,521,2700.894775390625,36,557,3546.39208984375,845.497314453125
Hopf,9,H:Re_47p081355:521,Re_47p081355,47.0813545644,521,2700.894775390625,37,558,3569.878173828125,868.9833984375
Hopf,9,H:Re_47p081355:521,Re_47p081355,47.0813545644,521,2700.894775390625,38,559,3593.3642578125,892.469482421875
Hopf,9,H:Re_47p081355:521,Re_47p081355,47.0813545644,521,2700.894775390625,39,560,3616.850341796875,915.95556640625
Hopf,9,H:Re_47p081355:521,Re_47p081355,47.0813545644,521,2700.894775390625,40,561,3640.33642578125,939.441650390625
Hopf,9,H:Re_47p081355:521,Re_47p081355,47.0813545644,521,2700.894775390625,41,562,3663.822509765625,962.927734375
Hopf,9,H:Re_47p081355:521,Re_47p081355,47.0813545644,521,2700.894775390625,42,563,3687.308349609375,986.41357421875
Hopf,9,H:Re_47p081355:521,Re_47p081355,47.0813545644,521,2700.894775390625,43,564,3710.79443359375,1009.899658203125
Hopf,9,H:Re_47p081355:521,Re_47p081355,47.0813545644,521,2700.894775390625,44,565,3734.280517578125,1033.3857421875
Hopf,9,H:Re_47p081355:521,Re_47p081355,47.0813545644,521,2700.894775390625,45,566,3757.7666015625,1056.871826171875
Hopf,9,H:Re_47p081355:521,Re_47p081355,47.0813545644,521,2700.894775390625,46,567,3781.252685546875,1080.35791015625
Hopf,9,H:Re_47p081355:521,Re_47p081355,47.0813545644,521,2700.894775390625,47,568,3804.73876953125,1103.843994140625
Hopf,9,H:Re_47p081355:521,Re_47p081355,47.0813545644,521,2700.894775390625,48,569,3828.224609375,1127.329833984375
Hopf,10,H:Re_47p081355:529,Re_47p081355,47.0813545644,529,2888.782958984375,1,530,2912.26904296875,23.486083984375
Hopf,10,H:Re_47p081355:529,Re_47p081355,47.0813545644,529,2888.782958984375,2,531,2935.755126953125,46.97216796875
Hopf,10,H:Re_47p081355:529,Re_47p081355,47.0813545644,529,2888.782958984375,3,532,2959.2412109375,70.458251953125
Hopf,10,H:Re_47p081355:529,Re_47p081355,47.0813545644,529,2888.782958984375,4,533,2982.727294921875,93.9443359375
Hopf,10,H:Re_47p081355:529,Re_47p081355,47.0813545644,529,2888.782958984375,5,534,3006.21337890625,117.430419921875
Hopf,10,H:Re_47p081355:529,Re_47p081355,47.0813545644,529,2888.782958984375,6,535,3029.69921875,140.916259765625
Hopf,10,H:Re_47p081355:529,Re_47p081355,47.0813545644,529,2888.782958984375,7,536,3053.185302734375,164.40234375
Hopf,10,H:Re_47p081355:529,Re_47p081355,47.0813545644,529,2888.782958984375,8,537,3076.67138671875,187.888427734375
Hopf,10,H:Re_47p081355:529,Re_47p081355,47.0813545644,529,2888.782958984375,9,538,3100.157470703125,211.37451171875
Hopf,10,H:Re_47p081355:529,Re_47p081355,47.0813545644,529,2888.782958984375,10,539,3123.6435546875,234.860595703125
Hopf,10,H:Re_47p081355:529,Re_47p081355,47.0813545644,529,2888.782958984375,11,540,3147.12939453125,258.346435546875
Hopf,10,H:Re_47p081355:529,Re_47p081355,47.0813545644,529,2888.782958984375,12,541,3170.615478515625,281.83251953125
Hopf,10,H:Re_47p081355:529,Re_47p081355,47.0813545644,529,2888.782958984375,13,542,3194.1015625,305.318603515625
Hopf,10,H:Re_47p081355:529,Re_47p081355,47.0813545644,529,2888.782958984375,14,543,3217.587646484375,328.8046875
Hopf,10,H:Re_47p081355:529,Re_47p081355,47.0813545644,529,2888.782958984375,15,544,3241.07373046875,352.290771484375
Hopf,10,H:Re_47p081355:529,Re_47p081355,47.0813545644,529,2888.782958984375,16,545,3264.559814453125,375.77685546875
Hopf,10,H:Re_47p081355:529,Re_47p081355,47.0813545644,529,2888.782958984375,17,546,3288.045654296875,399.2626953125
Hopf,10,H:Re_47p081355:529,Re_47p081355,47.0813545644,529,2888.782958984375,18,547,3311.53173828125,422.748779296875
Hopf,10,H:Re_47p081355:529,Re_47p081355,47.0813545644,529,2888.782958984375,19,548,3335.017822265625,446.23486328125
Hopf,10,H:Re_47p081355:529,Re_47p081355,47.0813545644,529,2888.782958984375,20,549,3358.50390625,469.720947265625
Hopf,10,H:Re_47p081355:529,Re_47p081355,47.0813545644,529,2888.782958984375,21,550,3381.989990234375,493.20703125
Hopf,10,H:Re_47p081355:529,Re_47p081355,47.0813545644,529,2888.782958984375,22,551,3405.47607421875,516.693115234375
Hopf,10,H:Re_47p081355:529,Re_47p081355,47.0813545644,529,2888.782958984375,23,552,3428.9619140625,540.178955078125
Hopf,10,H:Re_47p081355:529,Re_47p081355,47.0813545644,529,2888.782958984375,24,553,3452.447998046875,563.6650390625
Hopf,10,H:Re_47p081355:529,Re_47p081355,47.0813545644,529,2888.782958984375,25,554,3475.93408203125,587.151123046875
Hopf,10,H:Re_47p081355:529,Re_47p081355,47.0813545644,529,2888.782958984375,26,555,3499.420166015625,610.63720703125
Hopf,10,H:Re_47p081355:529,Re_47p081355,47.0813545644,529,2888.782958984375,27,556,3522.90625,634.123291015625
Hopf,10,H:Re_47p081355:529,Re_47p081355,47.0813545644,529,2888.782958984375,28,557,3546.39208984375,657.609130859375
Hopf,10,H:Re_47p081355:529,Re_47p081355,47.0813545644,529,2888.782958984375,29,558,3569.878173828125,681.09521484375
Hopf,10,H:Re_47p081355:529,Re_47p081355,47.0813545644,529,2888.782958984375,30,559,3593.3642578125,704.581298828125
Hopf,10,H:Re_47p081355:529,Re_47p081355,47.0813545644,529,2888.782958984375,31,560,3616.850341796875,728.0673828125
Hopf,10,H:Re_47p081355:529,Re_47p081355,47.0813545644,529,2888.782958984375,32,561,3640.33642578125,751.553466796875
Hopf,10,H:Re_47p081355:529,Re_47p081355,47.0813545644,529,2888.782958984375,33,562,3663.822509765625,775.03955078125
Hopf,10,H:Re_47p081355:529,Re_47p081355,47.0813545644,529,2888.782958984375,34,563,3687.308349609375,798.525390625
Hopf,10,H:Re_47p081355:529,Re_47p081355,47.0813545644,529,2888.782958984375,35,564,3710.79443359375,822.011474609375
Hopf,10,H:Re_47p081355:529,Re_47p081355,47.0813545644,529,2888.782958984375,36,565,3734.280517578125,845.49755859375
Hopf,10,H:Re_47p081355:529,Re_47p081355,47.0813545644,529,2888.782958984375,37,566,3757.7666015625,868.983642578125
Hopf,10,H:Re_47p081355:529,Re_47p081355,47.0813545644,529,2888.782958984375,38,567,3781.252685546875,892.4697265625
Hopf,10,H:Re_47p081355:529,Re_47p081355,47.0813545644,529,2888.782958984375,39,568,3804.73876953125,915.955810546875
Hopf,10,H:Re_47p081355:529,Re_47p081355,47.0813545644,529,2888.782958984375,40,569,3828.224609375,939.441650390625
Hopf,10,H:Re_47p081355:529,Re_47p081355,47.0813545644,529,2888.782958984375,41,570,3851.710693359375,962.927734375
Hopf,10,H:Re_47p081355:529,Re_47p081355,47.0813545644,529,2888.782958984375,42,571,3875.19677734375,986.413818359375
Hopf,10,H:Re_47p081355:529,Re_47p081355,47.0813545644,529,2888.782958984375,43,572,3898.682861328125,1009.89990234375
Hopf,10,H:Re_47p081355:529,Re_47p081355,47.0813545644,529,2888.782958984375,44,573,3922.1689453125,1033.385986328125
Hopf,10,H:Re_47p081355:529,Re_47p081355,47.0813545644,529,2888.782958984375,45,574,3945.65478515625,1056.871826171875
Hopf,10,H:Re_47p081355:529,Re_47p081355,47.0813545644,529,2888.782958984375,46,575,3969.140869140625,1080.35791015625
Hopf,10,H:Re_47p081355:529,Re_47p081355,47.0813545644,529,2888.782958984375,47,576,3992.626953125,1103.843994140625
Hopf,10,H:Re_47p081355:529,Re_47p081355,47.0813545644,529,2888.782958984375,48,577,4016.113037109375,1127.330078125
Hopf,11,H:Re_47p081355:537,Re_47p081355,47.0813545644,537,3076.67138671875,1,538,3100.157470703125,23.486083984375
Hopf,11,H:Re_47p081355:537,Re_47p081355,47.0813545644,537,3076.67138671875,2,539,3123.6435546875,46.97216796875
Hopf,11,H:Re_47p081355:537,Re_47p081355,47.0813545644,537,3076.67138671875,3,540,3147.12939453125,70.4580078125
Hopf,11,H:Re_47p081355:537,Re_47p081355,47.0813545644,537,3076.67138671875,4,541,3170.615478515625,93.944091796875
Hopf,11,H:Re_47p081355:537,Re_47p081355,47.0813545644,537,3076.67138671875,5,542,3194.1015625,117.43017578125
Hopf,11,H:Re_47p081355:537,Re_47p081355,47.0813545644,537,3076.67138671875,6,543,3217.587646484375,140.916259765625
Hopf,11,H:Re_47p081355:537,Re_47p081355,47.0813545644,537,3076.67138671875,7,544,3241.07373046875,164.40234375
Hopf,11,H:Re_47p081355:537,Re_47p081355,47.0813545644,537,3076.67138671875,8,545,3264.559814453125,187.888427734375
Hopf,11,H:Re_47p081355:537,Re_47p081355,47.0813545644,537,3076.67138671875,9,546,3288.045654296875,211.374267578125
Hopf,11,H:Re_47p081355:537,Re_47p081355,47.0813545644,537,3076.67138671875,10,547,3311.53173828125,234.8603515625
Hopf,11,H:Re_47p081355:537,Re_47p081355,47.0813545644,537,3076.67138671875,11,548,3335.017822265625,258.346435546875
Hopf,11,H:Re_47p081355:537,Re_47p081355,47.0813545644,537,3076.67138671875,12,549,3358.50390625,281.83251953125
Hopf,11,H:Re_47p081355:537,Re_47p081355,47.0813545644,537,3076.67138671875,13,550,3381.989990234375,305.318603515625
Hopf,11,H:Re_47p081355:537,Re_47p081355,47.0813545644,537,3076.67138671875,14,551,3405.47607421875,328.8046875
Hopf,11,H:Re_47p081355:537,Re_47p081355,47.0813545644,537,3076.67138671875,15,552,3428.9619140625,352.29052734375
Hopf,11,H:Re_47p081355:537,Re_47p081355,47.0813545644,537,3076.67138671875,16,553,3452.447998046875,375.776611328125
Hopf,11,H:Re_47p081355:537,Re_47p081355,47.0813545644,537,3076.67138671875,17,554,3475.93408203125,399.2626953125
Hopf,11,H:Re_47p081355:537,Re_47p081355,47.0813545644,537,3076.67138671875,18,555,3499.420166015625,422.748779296875
Hopf,11,H:Re_47p081355:537,Re_47p081355,47.0813545644,537,3076.67138671875,19,556,3522.90625,446.23486328125
Hopf,11,H:Re_47p081355:537,Re_47p081355,47.0813545644,537,3076.67138671875,20,557,3546.39208984375,469.720703125
Hopf,11,H:Re_47p081355:537,Re_47p081355,47.0813545644,537,3076.67138671875,21,558,3569.878173828125,493.206787109375
Hopf,11,H:Re_47p081355:537,Re_47p081355,47.0813545644,537,3076.67138671875,22,559,3593.3642578125,516.69287109375
Hopf,11,H:Re_47p081355:537,Re_47p081355,47.0813545644,537,3076.67138671875,23,560,3616.850341796875,540.178955078125
Hopf,11,H:Re_47p081355:537,Re_47p081355,47.0813545644,537,3076.67138671875,24,561,3640.33642578125,563.6650390625
Hopf,11,H:Re_47p081355:537,Re_47p081355,47.0813545644,537,3076.67138671875,25,562,3663.822509765625,587.151123046875
Hopf,11,H:Re_47p081355:537,Re_47p081355,47.0813545644,537,3076.67138671875,26,563,3687.308349609375,610.636962890625
Hopf,11,H:Re_47p081355:537,Re_47p081355,47.0813545644,537,3076.67138671875,27,564,3710.79443359375,634.123046875
Hopf,11,H:Re_47p081355:537,Re_47p081355,47.0813545644,537,3076.67138671875,28,565,3734.280517578125,657.609130859375
Hopf,11,H:Re_47p081355:537,Re_47p081355,47.0813545644,537,3076.67138671875,29,566,3757.7666015625,681.09521484375
Hopf,11,H:Re_47p081355:537,Re_47p081355,47.0813545644,537,3076.67138671875,30,567,3781.252685546875,704.581298828125
Hopf,11,H:Re_47p081355:537,Re_47p081355,47.0813545644,537,3076.67138671875,31,568,3804.73876953125,728.0673828125
Hopf,11,H:Re_47p081355:537,Re_47p081355,47.0813545644,537,3076.67138671875,32,569,3828.224609375,751.55322265625
Hopf,11,H:Re_47p081355:537,Re_47p081355,47.0813545644,537,3076.67138671875,33,570,3851.710693359375,775.039306640625
Hopf,11,H:Re_47p081355:537,Re_47p081355,47.0813545644,537,3076.67138671875,34,571,3875.19677734375,798.525390625
Hopf,11,H:Re_47p081355:537,Re_47p081355,47.0813545644,537,3076.67138671875,35,572,3898.682861328125,822.011474609375
Hopf,11,H:Re_47p081355:537,Re_47p081355,47.0813545644,537,3076.67138671875,36,573,3922.1689453125,845.49755859375
Hopf,11,H:Re_47p081355:537,Re_47p081355,47.0813545644,537,3076.67138671875,37,574,3945.65478515625,868.9833984375
Hopf,11,H:Re_47p081355:537,Re_47p081355,47.0813545644,537,3076.67138671875,38,575,3969.140869140625,892.469482421875
Hopf,11,H:Re_47p081355:537,Re_47p081355,47.0813545644,537,3076.67138671875,39,576,3992.626953125,915.95556640625
Hopf,11,H:Re_47p081355:537,Re_47p081355,47.0813545644,537,3076.67138671875,40,577,4016.113037109375,939.441650390625
Hopf,11,H:Re_47p081355:537,Re_47p081355,47.0813545644,537,3076.67138671875,41,578,4039.59912109375,962.927734375
Hopf,11,H:Re_47p081355:537,Re_47p081355,47.0813545644,537,3076.67138671875,42,579,4063.085205078125,986.413818359375
Hopf,11,H:Re_47p081355:537,Re_47p081355,47.0813545644,537,3076.67138671875,43,580,4086.571044921875,1009.899658203125
Hopf,11,H:Re_47p081355:537,Re_47p081355,47.0813545644,537,3076.67138671875,44,581,4110.05712890625,1033.3857421875
Hopf,11,H:Re_47p081355:537,Re_47p081355,47.0813545644,537,3076.67138671875,45,582,4133.54345703125,1056.8720703125
Hopf,11,H:Re_47p081355:537,Re_47p081355,47.0813545644,537,3076.67138671875,46,583,4157.029296875,1080.35791015625
Hopf,11,H:Re_47p081355:537,Re_47p081355,47.0813545644,537,3076.67138671875,47,584,4180.51513671875,1103.84375
Hopf,11,H:Re_47p081355:537,Re_47p081355,47.0813545644,537,3076.67138671875,48,585,4204.00146484375,1127.330078125
Hopf,12,H:Re_47p081355:545,Re_47p081355,47.0813545644,545,3264.559814453125,1,546,3288.045654296875,23.48583984375
Hopf,12,H:Re_47p081355:545,Re_47p081355,47.0813545644,545,3264.559814453125,2,547,3311.53173828125,46.971923828125
Hopf,12,H:Re_47p081355:545,Re_47p081355,47.0813545644,545,3264.559814453125,3,548,3335.017822265625,70.4580078125
Hopf,12,H:Re_47p081355:545,Re_47p081355,47.0813545644,545,3264.559814453125,4,549,3358.50390625,93.944091796875
Hopf,12,H:Re_47p081355:545,Re_47p081355,47.0813545644,545,3264.559814453125,5,550,3381.989990234375,117.43017578125
Hopf,12,H:Re_47p081355:545,Re_47p081355,47.0813545644,545,3264.559814453125,6,551,3405.47607421875,140.916259765625
Hopf,12,H:Re_47p081355:545,Re_47p081355,47.0813545644,545,3264.559814453125,7,552,3428.9619140625,164.402099609375
Hopf,12,H:Re_47p081355:545,Re_47p081355,47.0813545644,545,3264.559814453125,8,553,3452.447998046875,187.88818359375
Hopf,12,H:Re_47p081355:545,Re_47p081355,47.0813545644,545,3264.559814453125,9,554,3475.93408203125,211.374267578125
Hopf,12,H:Re_47p081355:545,Re_47p081355,47.0813545644,545,3264.559814453125,10,555,3499.420166015625,234.8603515625
Hopf,12,H:Re_47p081355:545,Re_47p081355,47.0813545644,545,3264.559814453125,11,556,3522.90625,258.346435546875
Hopf,12,H:Re_47p081355:545,Re_47p081355,47.0813545644,545,3264.559814453125,12,557,3546.39208984375,281.832275390625
Hopf,12,H:Re_47p081355:545,Re_47p081355,47.0813545644,545,3264.559814453125,13,558,3569.878173828125,305.318359375
Hopf,12,H:Re_47p081355:545,Re_47p081355,47.0813545644,545,3264.559814453125,14,559,3593.3642578125,328.804443359375
Hopf,12,H:Re_47p081355:545,Re_47p081355,47.0813545644,545,3264.559814453125,15,560,3616.850341796875,352.29052734375
Hopf,12,H:Re_47p081355:545,Re_47p081355,47.0813545644,545,3264.559814453125,16,561,3640.33642578125,375.776611328125
Hopf,12,H:Re_47p081355:545,Re_47p081355,47.0813545644,545,3264.559814453125,17,562,3663.822509765625,399.2626953125
Hopf,12,H:Re_47p081355:545,Re_47p081355,47.0813545644,545,3264.559814453125,18,563,3687.308349609375,422.74853515625
Hopf,12,H:Re_47p081355:545,Re_47p081355,47.0813545644,545,3264.559814453125,19,564,3710.79443359375,446.234619140625
Hopf,12,H:Re_47p081355:545,Re_47p081355,47.0813545644,545,3264.559814453125,20,565,3734.280517578125,469.720703125
Hopf,12,H:Re_47p081355:545,Re_47p081355,47.0813545644,545,3264.559814453125,21,566,3757.7666015625,493.206787109375
Hopf,12,H:Re_47p081355:545,Re_47p081355,47.0813545644,545,3264.559814453125,22,567,3781.252685546875,516.69287109375
Hopf,12,H:Re_47p081355:545,Re_47p081355,47.0813545644,545,3264.559814453125,23,568,3804.73876953125,540.178955078125
Hopf,12,H:Re_47p081355:545,Re_47p081355,47.0813545644,545,3264.559814453125,24,569,3828.224609375,563.664794921875
Hopf,12,H:Re_47p081355:545,Re_47p081355,47.0813545644,545,3264.559814453125,25,570,3851.710693359375,587.15087890625
Hopf,12,H:Re_47p081355:545,Re_47p081355,47.0813545644,545,3264.559814453125,26,571,3875.19677734375,610.636962890625
Hopf,12,H:Re_47p081355:545,Re_47p081355,47.0813545644,545,3264.559814453125,27,572,3898.682861328125,634.123046875
Hopf,12,H:Re_47p081355:545,Re_47p081355,47.0813545644,545,3264.559814453125,28,573,3922.1689453125,657.609130859375
Hopf,12,H:Re_47p081355:545,Re_47p081355,47.0813545644,545,3264.559814453125,29,574,3945.65478515625,681.094970703125
Hopf,12,H:Re_47p081355:545,Re_47p081355,47.0813545644,545,3264.559814453125,30,575,3969.140869140625,704.5810546875
Hopf,12,H:Re_47p081355:545,Re_47p081355,47.0813545644,545,3264.559814453125,31,576,3992.626953125,728.067138671875
Hopf,12,H:Re_47p081355:545,Re_47p081355,47.0813545644,545,3264.559814453125,32,577,4016.113037109375,751.55322265625
Hopf,12,H:Re_47p081355:545,Re_47p081355,47.0813545644,545,3264.559814453125,33,578,4039.59912109375,775.039306640625
Hopf,12,H:Re_47p081355:545,Re_47p081355,47.0813545644,545,3264.559814453125,34,579,4063.085205078125,798.525390625
Hopf,12,H:Re_47p081355:545,Re_47p081355,47.0813545644,545,3264.559814453125,35,580,4086.571044921875,822.01123046875
Hopf,12,H:Re_47p081355:545,Re_47p081355,47.0813545644,545,3264.559814453125,36,581,4110.05712890625,845.497314453125
Hopf,12,H:Re_47p081355:545,Re_47p081355,47.0813545644,545,3264.559814453125,37,582,4133.54345703125,868.983642578125
Hopf,12,H:Re_47p081355:545,Re_47p081355,47.0813545644,545,3264.559814453125,38,583,4157.029296875,892.469482421875
Hopf,12,H:Re_47p081355:545,Re_47p081355,47.0813545644,545,3264.559814453125,39,584,4180.51513671875,915.955322265625
Hopf,12,H:Re_47p081355:545,Re_47p081355,47.0813545644,545,3264.559814453125,40,585,4204.00146484375,939.441650390625
Hopf,12,H:Re_47p081355:545,Re_47p081355,47.0813545644,545,3264.559814453125,41,586,4227.4873046875,962.927490234375
Hopf,12,H:Re_47p081355:545,Re_47p081355,47.0813545644,545,3264.559814453125,42,587,4250.9736328125,986.413818359375
Hopf,12,H:Re_47p081355:545,Re_47p081355,47.0813545644,545,3264.559814453125,43,588,4274.45947265625,1009.899658203125
Hopf,12,H:Re_47p081355:545,Re_47p081355,47.0813545644,545,3264.559814453125,44,589,4297.9453125,1033.385498046875
Hopf,12,H:Re_47p081355:545,Re_47p081355,47.0813545644,545,3264.559814453125,45,590,4321.431640625,1056.871826171875
Hopf,12,H:Re_47p081355:545,Re_47p081355,47.0813545644,545,3264.559814453125,46,591,4344.91748046875,1080.357666015625
Hopf,12,H:Re_47p081355:545,Re_47p081355,47.0813545644,545,3264.559814453125,47,592,4368.40380859375,1103.843994140625
Hopf,12,H:Re_47p081355:545,Re_47p081355,47.0813545644,545,3264.559814453125,48,593,4391.8896484375,1127.329833984375
Hopf,13,H:Re_47p081355:553,Re_47p081355,47.0813545644,553,3452.447998046875,1,554,3475.93408203125,23.486083984375
Hopf,13,H:Re_47p081355:553,Re_47p081355,47.0813545644,553,3452.447998046875,2,555,3499.420166015625,46.97216796875
Hopf,13,H:Re_47p081355:553,Re_47p081355,47.0813545644,553,3452.447998046875,3,556,3522.90625,70.458251953125
Hopf,13,H:Re_47p081355:553,Re_47p081355,47.0813545644,553,3452.447998046875,4,557,3546.39208984375,93.944091796875
Hopf,13,H:Re_47p081355:553,Re_47p081355,47.0813545644,553,3452.447998046875,5,558,3569.878173828125,117.43017578125
Hopf,13,H:Re_47p081355:553,Re_47p081355,47.0813545644,553,3452.447998046875,6,559,3593.3642578125,140.916259765625
Hopf,13,H:Re_47p081355:553,Re_47p081355,47.0813545644,553,3452.447998046875,7,560,3616.850341796875,164.40234375
Hopf,13,H:Re_47p081355:553,Re_47p081355,47.0813545644,553,3452.447998046875,8,561,3640.33642578125,187.888427734375
Hopf,13,H:Re_47p081355:553,Re_47p081355,47.0813545644,553,3452.447998046875,9,562,3663.822509765625,211.37451171875
Hopf,13,H:Re_47p081355:553,Re_47p081355,47.0813545644,553,3452.447998046875,10,563,3687.308349609375,234.8603515625
Hopf,13,H:Re_47p081355:553,Re_47p081355,47.0813545644,553,3452.447998046875,11,564,3710.79443359375,258.346435546875
Hopf,13,H:Re_47p081355:553,Re_47p081355,47.0813545644,553,3452.447998046875,12,565,3734.280517578125,281.83251953125
Hopf,13,H:Re_47p081355:553,Re_47p081355,47.0813545644,553,3452.447998046875,13,566,3757.7666015625,305.318603515625
Hopf,13,H:Re_47p081355:553,Re_47p081355,47.0813545644,553,3452.447998046875,14,567,3781.252685546875,328.8046875
Hopf,13,H:Re_47p081355:553,Re_47p081355,47.0813545644,553,3452.447998046875,15,568,3804.73876953125,352.290771484375
Hopf,13,H:Re_47p081355:553,Re_47p081355,47.0813545644,553,3452.447998046875,16,569,3828.224609375,375.776611328125
Hopf,13,H:Re_47p081355:553,Re_47p081355,47.0813545644,553,3452.447998046875,17,570,3851.710693359375,399.2626953125
Hopf,13,H:Re_47p081355:553,Re_47p081355,47.0813545644,553,3452.447998046875,18,571,3875.19677734375,422.748779296875
Hopf,13,H:Re_47p081355:553,Re_47p081355,47.0813545644,553,3452.447998046875,19,572,3898.682861328125,446.23486328125
Hopf,13,H:Re_47p081355:553,Re_47p081355,47.0813545644,553,3452.447998046875,20,573,3922.1689453125,469.720947265625
Hopf,13,H:Re_47p081355:553,Re_47p081355,47.0813545644,553,3452.447998046875,21,574,3945.65478515625,493.206787109375
Hopf,13,H:Re_47p081355:553,Re_47p081355,47.0813545644,553,3452.447998046875,22,575,3969.140869140625,516.69287109375
Hopf,13,H:Re_47p081355:553,Re_47p081355,47.0813545644,553,3452.447998046875,23,576,3992.626953125,540.178955078125
Hopf,13,H:Re_47p081355:553,Re_47p081355,47.0813545644,553,3452.447998046875,24,577,4016.113037109375,563.6650390625
Hopf,13,H:Re_47p081355:553,Re_47p081355,47.0813545644,553,3452.447998046875,25,578,4039.59912109375,587.151123046875
Hopf,13,H:Re_47p081355:553,Re_47p081355,47.0813545644,553,3452.447998046875,26,579,4063.085205078125,610.63720703125
Hopf,13,H:Re_47p081355:553,Re_47p081355,47.0813545644,553,3452.447998046875,27,580,4086.571044921875,634.123046875
Hopf,13,H:Re_47p081355:553,Re_47p081355,47.0813545644,553,3452.447998046875,28,581,4110.05712890625,657.609130859375
Hopf,13,H:Re_47p081355:553,Re_47p081355,47.0813545644,553,3452.447998046875,29,582,4133.54345703125,681.095458984375
Hopf,13,H:Re_47p081355:553,Re_47p081355,47.0813545644,553,3452.447998046875,30,583,4157.029296875,704.581298828125
Hopf,13,H:Re_47p081355:553,Re_47p081355,47.0813545644,553,3452.447998046875,31,584,4180.51513671875,728.067138671875
Hopf,13,H:Re_47p081355:553,Re_47p081355,47.0813545644,553,3452.447998046875,32,585,4204.00146484375,751.553466796875
Hopf,13,H:Re_47p081355:553,Re_47p081355,47.0813545644,553,3452.447998046875,33,586,4227.4873046875,775.039306640625
Hopf,13,H:Re_47p081355:553,Re_47p081355,47.0813545644,553,3452.447998046875,34,587,4250.9736328125,798.525634765625
Hopf,13,H:Re_47p081355:553,Re_47p081355,47.0813545644,553,3452.447998046875,35,588,4274.45947265625,822.011474609375
Hopf,13,H:Re_47p081355:553,Re_47p081355,47.0813545644,553,3452.447998046875,36,589,4297.9453125,845.497314453125
Hopf,13,H:Re_47p081355:553,Re_47p081355,47.0813545644,553,3452.447998046875,37,590,4321.431640625,868.983642578125
Hopf,13,H:Re_47p081355:553,Re_47p081355,47.0813545644,553,3452.447998046875,38,591,4344.91748046875,892.469482421875
Hopf,13,H:Re_47p081355:553,Re_47p081355,47.0813545644,553,3452.447998046875,39,592,4368.40380859375,915.955810546875
Hopf,13,H:Re_47p081355:553,Re_47p081355,47.0813545644,553,3452.447998046875,40,593,4391.8896484375,939.441650390625
Hopf,13,H:Re_47p081355:553,Re_47p081355,47.0813545644,553,3452.447998046875,41,594,4415.3681640625,962.920166015625
Hopf,13,H:Re_47p081355:553,Re_47p081355,47.0813545644,553,3452.447998046875,42,595,4438.85400390625,986.406005859375
Hopf,13,H:Re_47p081355:553,Re_47p081355,47.0813545644,553,3452.447998046875,43,596,4462.33984375,1009.891845703125
Hopf,13,H:Re_47p081355:553,Re_47p081355,47.0813545644,553,3452.447998046875,44,597,4485.826171875,1033.378173828125
Hopf,13,H:Re_47p081355:553,Re_47p081355,47.0813545644,553,3452.447998046875,45,598,4509.31201171875,1056.864013671875
Hopf,13,H:Re_47p081355:553,Re_47p081355,47.0813545644,553,3452.447998046875,46,599,4532.7978515625,1080.349853515625
Hopf,13,H:Re_47p081355:553,Re_47p081355,47.0813545644,553,3452.447998046875,47,600,4556.2841796875,1103.836181640625
Hopf,13,H:Re_47p081355:553,Re_47p081355,47.0813545644,553,3452.447998046875,48,601,4579.77001953125,1127.322021484375
Hopf,14,H:Re_49p022357:2061,Re_49p022357,49.0223566571,2061,933.947021484375,1,2062,956.183837890625,22.23681640625
Hopf,14,H:Re_49p022357:2061,Re_49p022357,49.0223566571,2061,933.947021484375,2,2063,978.420654296875,44.4736328125
Hopf,14,H:Re_49p022357:2061,Re_49p022357,49.0223566571,2061,933.947021484375,3,2064,1000.6575317382812,66.71051025390625
Hopf,14,H:Re_49p022357:2061,Re_49p022357,49.0223566571,2061,933.947021484375,4,2065,1022.8943481445312,88.94732666015625
Hopf,14,H:Re_49p022357:2061,Re_49p022357,49.0223566571,2061,933.947021484375,5,2066,1045.1312255859375,111.1842041015625
Hopf,14,H:Re_49p022357:2061,Re_49p022357,49.0223566571,2061,933.947021484375,6,2067,1067.3680419921875,133.4210205078125
Hopf,14,H:Re_49p022357:2061,Re_49p022357,49.0223566571,2061,933.947021484375,7,2068,1089.6048583984375,155.6578369140625
Hopf,14,H:Re_49p022357:2061,Re_49p022357,49.0223566571,2061,933.947021484375,8,2069,1111.8416748046875,177.8946533203125
Hopf,14,H:Re_49p022357:2061,Re_49p022357,49.0223566571,2061,933.947021484375,9,2070,1134.0784912109375,200.1314697265625
Hopf,14,H:Re_49p022357:2061,Re_49p022357,49.0223566571,2061,933.947021484375,10,2071,1156.3153076171875,222.3682861328125
Hopf,14,H:Re_49p022357:2061,Re_49p022357,49.0223566571,2061,933.947021484375,11,2072,1178.5521240234375,244.6051025390625
Hopf,14,H:Re_49p022357:2061,Re_49p022357,49.0223566571,2061,933.947021484375,12,2073,1200.7890625,266.842041015625
Hopf,14,H:Re_49p022357:2061,Re_49p022357,49.0223566571,2061,933.947021484375,13,2074,1223.02587890625,289.078857421875
Hopf,14,H:Re_49p022357:2061,Re_49p022357,49.0223566571,2061,933.947021484375,14,2075,1245.2626953125,311.315673828125
Hopf,14,H:Re_49p022357:2061,Re_49p022357,49.0223566571,2061,933.947021484375,15,2076,1267.49951171875,333.552490234375
Hopf,14,H:Re_49p022357:2061,Re_49p022357,49.0223566571,2061,933.947021484375,16,2077,1289.736328125,355.789306640625
Hopf,14,H:Re_49p022357:2061,Re_49p022357,49.0223566571,2061,933.947021484375,17,2078,1311.97314453125,378.026123046875
Hopf,14,H:Re_49p022357:2061,Re_49p022357,49.0223566571,2061,933.947021484375,18,2079,1334.2099609375,400.262939453125
Hopf,14,H:Re_49p022357:2061,Re_49p022357,49.0223566571,2061,933.947021484375,19,2080,1356.44677734375,422.499755859375
Hopf,14,H:Re_49p022357:2061,Re_49p022357,49.0223566571,2061,933.947021484375,20,2081,1378.6837158203125,444.7366943359375
Hopf,14,H:Re_49p022357:2061,Re_49p022357,49.0223566571,2061,933.947021484375,21,2082,1400.9205322265625,466.9735107421875
Hopf,14,H:Re_49p022357:2061,Re_49p022357,49.0223566571,2061,933.947021484375,22,2083,1423.1573486328125,489.2103271484375
Hopf,14,H:Re_49p022357:2061,Re_49p022357,49.0223566571,2061,933.947021484375,23,2084,1445.3941650390625,511.4471435546875
Hopf,14,H:Re_49p022357:2061,Re_49p022357,49.0223566571,2061,933.947021484375,24,2085,1467.6309814453125,533.6839599609375
Hopf,14,H:Re_49p022357:2061,Re_49p022357,49.0223566571,2061,933.947021484375,25,2086,1489.8677978515625,555.9207763671875
Hopf,14,H:Re_49p022357:2061,Re_49p022357,49.0223566571,2061,933.947021484375,26,2087,1512.1046142578125,578.1575927734375
Hopf,14,H:Re_49p022357:2061,Re_49p022357,49.0223566571,2061,933.947021484375,27,2088,1534.341552734375,600.39453125
Hopf,14,H:Re_49p022357:2061,Re_49p022357,49.0223566571,2061,933.947021484375,28,2089,1556.578369140625,622.63134765625
Hopf,14,H:Re_49p022357:2061,Re_49p022357,49.0223566571,2061,933.947021484375,29,2090,1578.815185546875,644.8681640625
Hopf,14,H:Re_49p022357:2061,Re_49p022357,49.0223566571,2061,933.947021484375,30,2091,1601.052001953125,667.10498046875
Hopf,14,H:Re_49p022357:2061,Re_49p022357,49.0223566571,2061,933.947021484375,31,2092,1623.288818359375,689.341796875
Hopf,14,H:Re_49p022357:2061,Re_49p022357,49.0223566571,2061,933.947021484375,32,2093,1645.525634765625,711.57861328125
Hopf,14,H:Re_49p022357:2061,Re_49p022357,49.0223566571,2061,933.947021484375,33,2094,1667.762451171875,733.8154296875
Hopf,14,H:Re_49p022357:2061,Re_49p022357,49.0223566571,2061,933.947021484375,34,2095,1689.9993896484375,756.0523681640625
Hopf,14,H:Re_49p022357:2061,Re_49p022357,49.0223566571,2061,933.947021484375,35,2096,1712.2362060546875,778.2891845703125
Hopf,14,H:Re_49p022357:2061,Re_49p022357,49.0223566571,2061,933.947021484375,36,2097,1734.4730224609375,800.5260009765625
Hopf,14,H:Re_49p022357:2061,Re_49p022357,49.0223566571,2061,933.947021484375,37,2098,1756.7098388671875,822.7628173828125
Hopf,14,H:Re_49p022357:2061,Re_49p022357,49.0223566571,2061,933.947021484375,38,2099,1778.9466552734375,844.9996337890625
Hopf,14,H:Re_49p022357:2061,Re_49p022357,49.0223566571,2061,933.947021484375,39,2100,1801.1834716796875,867.2364501953125
Hopf,14,H:Re_49p022357:2061,Re_49p022357,49.0223566571,2061,933.947021484375,40,2101,1823.4202880859375,889.4732666015625
Hopf,14,H:Re_49p022357:2061,Re_49p022357,49.0223566571,2061,933.947021484375,41,2102,1845.6572265625,911.710205078125
Hopf,14,H:Re_49p022357:2061,Re_49p022357,49.0223566571,2061,933.947021484375,42,2103,1867.89404296875,933.947021484375
Hopf,14,H:Re_49p022357:2061,Re_49p022357,49.0223566571,2061,933.947021484375,43,2104,1890.130859375,956.183837890625
Hopf,14,H:Re_49p022357:2061,Re_49p022357,49.0223566571,2061,933.947021484375,44,2105,1912.36767578125,978.420654296875
Hopf,14,H:Re_49p022357:2061,Re_49p022357,49.0223566571,2061,933.947021484375,45,2106,1934.6044921875,1000.657470703125
Hopf,14,H:Re_49p022357:2061,Re_49p022357,49.0223566571,2061,933.947021484375,46,2107,1956.84130859375,1022.894287109375
Hopf,14,H:Re_49p022357:2061,Re_49p022357,49.0223566571,2061,933.947021484375,47,2108,1979.078125,1045.131103515625
Hopf,14,H:Re_49p022357:2061,Re_49p022357,49.0223566571,2061,933.947021484375,48,2109,2001.3150634765625,1067.3680419921875
Hopf,15,H:Re_49p022357:2069,Re_49p022357,49.0223566571,2069,1111.8416748046875,1,2070,1134.0784912109375,22.23681640625
Hopf,15,H:Re_49p022357:2069,Re_49p022357,49.0223566571,2069,1111.8416748046875,2,2071,1156.3153076171875,44.4736328125
Hopf,15,H:Re_49p022357:2069,Re_49p022357,49.0223566571,2069,1111.8416748046875,3,2072,1178.5521240234375,66.71044921875
Hopf,15,H:Re_49p022357:2069,Re_49p022357,49.0223566571,2069,1111.8416748046875,4,2073,1200.7890625,88.9473876953125
Hopf,15,H:Re_49p022357:2069,Re_49p022357,49.0223566571,2069,1111.8416748046875,5,2074,1223.02587890625,111.1842041015625
Hopf,15,H:Re_49p022357:2069,Re_49p022357,49.0223566571,2069,1111.8416748046875,6,2075,1245.2626953125,133.4210205078125
Hopf,15,H:Re_49p022357:2069,Re_49p022357,49.0223566571,2069,1111.8416748046875,7,2076,1267.49951171875,155.6578369140625
Hopf,15,H:Re_49p022357:2069,Re_49p022357,49.0223566571,2069,1111.8416748046875,8,2077,1289.736328125,177.8946533203125
Hopf,15,H:Re_49p022357:2069,Re_49p022357,49.0223566571,2069,1111.8416748046875,9,2078,1311.97314453125,200.1314697265625
Hopf,15,H:Re_49p022357:2069,Re_49p022357,49.0223566571,2069,1111.8416748046875,10,2079,1334.2099609375,222.3682861328125
Hopf,15,H:Re_49p022357:2069,Re_49p022357,49.0223566571,2069,1111.8416748046875,11,2080,1356.44677734375,244.6051025390625
Hopf,15,H:Re_49p022357:2069,Re_49p022357,49.0223566571,2069,1111.8416748046875,12,2081,1378.6837158203125,266.842041015625
Hopf,15,H:Re_49p022357:2069,Re_49p022357,49.0223566571,2069,1111.8416748046875,13,2082,1400.9205322265625,289.078857421875
Hopf,15,H:Re_49p022357:2069,Re_49p022357,49.0223566571,2069,1111.8416748046875,14,2083,1423.1573486328125,311.315673828125
Hopf,15,H:Re_49p022357:2069,Re_49p022357,49.0223566571,2069,1111.8416748046875,15,2084,1445.3941650390625,333.552490234375
Hopf,15,H:Re_49p022357:2069,Re_49p022357,49.0223566571,2069,1111.8416748046875,16,2085,1467.6309814453125,355.789306640625
Hopf,15,H:Re_49p022357:2069,Re_49p022357,49.0223566571,2069,1111.8416748046875,17,2086,1489.8677978515625,378.026123046875
Hopf,15,H:Re_49p022357:2069,Re_49p022357,49.0223566571,2069,1111.8416748046875,18,2087,1512.1046142578125,400.262939453125
Hopf,15,H:Re_49p022357:2069,Re_49p022357,49.0223566571,2069,1111.8416748046875,19,2088,1534.341552734375,422.4998779296875
Hopf,15,H:Re_49p022357:2069,Re_49p022357,49.0223566571,2069,1111.8416748046875,20,2089,1556.578369140625,444.7366943359375
Hopf,15,H:Re_49p022357:2069,Re_49p022357,49.0223566571,2069,1111.8416748046875,21,2090,1578.815185546875,466.9735107421875
Hopf,15,H:Re_49p022357:2069,Re_49p022357,49.0223566571,2069,1111.8416748046875,22,2091,1601.052001953125,489.2103271484375
Hopf,15,H:Re_49p022357:2069,Re_49p022357,49.0223566571,2069,1111.8416748046875,23,2092,1623.288818359375,511.4471435546875
Hopf,15,H:Re_49p022357:2069,Re_49p022357,49.0223566571,2069,1111.8416748046875,24,2093,1645.525634765625,533.6839599609375
Hopf,15,H:Re_49p022357:2069,Re_49p022357,49.0223566571,2069,1111.8416748046875,25,2094,1667.762451171875,555.9207763671875
Hopf,15,H:Re_49p022357:2069,Re_49p022357,49.0223566571,2069,1111.8416748046875,26,2095,1689.9993896484375,578.15771484375
Hopf,15,H:Re_49p022357:2069,Re_49p022357,49.0223566571,2069,1111.8416748046875,27,2096,1712.2362060546875,600.39453125
Hopf,15,H:Re_49p022357:2069,Re_49p022357,49.0223566571,2069,1111.8416748046875,28,2097,1734.4730224609375,622.63134765625
Hopf,15,H:Re_49p022357:2069,Re_49p022357,49.0223566571,2069,1111.8416748046875,29,2098,1756.7098388671875,644.8681640625
Hopf,15,H:Re_49p022357:2069,Re_49p022357,49.0223566571,2069,1111.8416748046875,30,2099,1778.9466552734375,667.10498046875
Hopf,15,H:Re_49p022357:2069,Re_49p022357,49.0223566571,2069,1111.8416748046875,31,2100,1801.1834716796875,689.341796875
Hopf,15,H:Re_49p022357:2069,Re_49p022357,49.0223566571,2069,1111.8416748046875,32,2101,1823.4202880859375,711.57861328125
Hopf,15,H:Re_49p022357:2069,Re_49p022357,49.0223566571,2069,1111.8416748046875,33,2102,1845.6572265625,733.8155517578125
Hopf,15,H:Re_49p022357:2069,Re_49p022357,49.0223566571,2069,1111.8416748046875,34,2103,1867.89404296875,756.0523681640625
Hopf,15,H:Re_49p022357:2069,Re_49p022357,49.0223566571,2069,1111.8416748046875,35,2104,1890.130859375,778.2891845703125
Hopf,15,H:Re_49p022357:2069,Re_49p022357,49.0223566571,2069,1111.8416748046875,36,2105,1912.36767578125,800.5260009765625
Hopf,15,H:Re_49p022357:2069,Re_49p022357,49.0223566571,2069,1111.8416748046875,37,2106,1934.6044921875,822.7628173828125
Hopf,15,H:Re_49p022357:2069,Re_49p022357,49.0223566571,2069,1111.8416748046875,38,2107,1956.84130859375,844.9996337890625
Hopf,15,H:Re_49p022357:2069,Re_49p022357,49.0223566571,2069,1111.8416748046875,39,2108,1979.078125,867.2364501953125
Hopf,15,H:Re_49p022357:2069,Re_49p022357,49.0223566571,2069,1111.8416748046875,40,2109,2001.3150634765625,889.473388671875
Hopf,15,H:Re_49p022357:2069,Re_49p022357,49.0223566571,2069,1111.8416748046875,41,2110,2023.5518798828125,911.710205078125
Hopf,15,H:Re_49p022357:2069,Re_49p022357,49.0223566571,2069,1111.8416748046875,42,2111,2045.7886962890625,933.947021484375
Hopf,15,H:Re_49p022357:2069,Re_49p022357,49.0223566571,2069,1111.8416748046875,43,2112,2068.025390625,956.1837158203125
Hopf,15,H:Re_49p022357:2069,Re_49p022357,49.0223566571,2069,1111.8416748046875,44,2113,2090.262451171875,978.4207763671875
Hopf,15,H:Re_49p022357:2069,Re_49p022357,49.0223566571,2069,1111.8416748046875,45,2114,2112.499267578125,1000.6575927734375
Hopf,15,H:Re_49p022357:2069,Re_49p022357,49.0223566571,2069,1111.8416748046875,46,2115,2134.736083984375,1022.8944091796875
Hopf,15,H:Re_49p022357:2069,Re_49p022357,49.0223566571,2069,1111.8416748046875,47,2116,2156.972900390625,1045.1312255859375
Hopf,15,H:Re_49p022357:2069,Re_49p022357,49.0223566571,2069,1111.8416748046875,48,2117,2179.209716796875,1067.3680419921875
Hopf,16,H:Re_49p022357:2077,Re_49p022357,49.0223566571,2077,1289.736328125,1,2078,1311.97314453125,22.23681640625
Hopf,16,H:Re_49p022357:2077,Re_49p022357,49.0223566571,2077,1289.736328125,2,2079,1334.2099609375,44.4736328125
Hopf,16,H:Re_49p022357:2077,Re_49p022357,49.0223566571,2077,1289.736328125,3,2080,1356.44677734375,66.71044921875
Hopf,16,H:Re_49p022357:2077,Re_49p022357,49.0223566571,2077,1289.736328125,4,2081,1378.6837158203125,88.9473876953125
Hopf,16,H:Re_49p022357:2077,Re_49p022357,49.0223566571,2077,1289.736328125,5,2082,1400.9205322265625,111.1842041015625
Hopf,16,H:Re_49p022357:2077,Re_49p022357,49.0223566571,2077,1289.736328125,6,2083,1423.1573486328125,133.4210205078125
Hopf,16,H:Re_49p022357:2077,Re_49p022357,49.0223566571,2077,1289.736328125,7,2084,1445.3941650390625,155.6578369140625
Hopf,16,H:Re_49p022357:2077,Re_49p022357,49.0223566571,2077,1289.736328125,8,2085,1467.6309814453125,177.8946533203125
Hopf,16,H:Re_49p022357:2077,Re_49p022357,49.0223566571,2077,1289.736328125,9,2086,1489.8677978515625,200.1314697265625
Hopf,16,H:Re_49p022357:2077,Re_49p022357,49.0223566571,2077,1289.736328125,10,2087,1512.1046142578125,222.3682861328125
Hopf,16,H:Re_49p022357:2077,Re_49p022357,49.0223566571,2077,1289.736328125,11,2088,1534.341552734375,244.605224609375
Hopf,16,H:Re_49p022357:2077,Re_49p022357,49.0223566571,2077,1289.736328125,12,2089,1556.578369140625,266.842041015625
Hopf,16,H:Re_49p022357:2077,Re_49p022357,49.0223566571,2077,1289.736328125,13,2090,1578.815185546875,289.078857421875
Hopf,16,H:Re_49p022357:2077,Re_49p022357,49.0223566571,2077,1289.736328125,14,2091,1601.052001953125,311.315673828125
Hopf,16,H:Re_49p022357:2077,Re_49p022357,49.0223566571,2077,1289.736328125,15,2092,1623.288818359375,333.552490234375
Hopf,16,H:Re_49p022357:2077,Re_49p022357,49.0223566571,2077,1289.736328125,16,2093,1645.525634765625,355.789306640625
Hopf,16,H:Re_49p022357:2077,Re_49p022357,49.0223566571,2077,1289.736328125,17,2094,1667.762451171875,378.026123046875
Hopf,16,H:Re_49p022357:2077,Re_49p022357,49.0223566571,2077,1289.736328125,18,2095,1689.9993896484375,400.2630615234375
Hopf,16,H:Re_49p022357:2077,Re_49p022357,49.0223566571,2077,1289.736328125,19,2096,1712.2362060546875,422.4998779296875
Hopf,16,H:Re_49p022357:2077,Re_49p022357,49.0223566571,2077,1289.736328125,20,2097,1734.4730224609375,444.7366943359375
Hopf,16,H:Re_49p022357:2077,Re_49p022357,49.0223566571,2077,1289.736328125,21,2098,1756.7098388671875,466.9735107421875
Hopf,16,H:Re_49p022357:2077,Re_49p022357,49.0223566571,2077,1289.736328125,22,2099,1778.9466552734375,489.2103271484375
Hopf,16,H:Re_49p022357:2077,Re_49p022357,49.0223566571,2077,1289.736328125,23,2100,1801.1834716796875,511.4471435546875
Hopf,16,H:Re_49p022357:2077,Re_49p022357,49.0223566571,2077,1289.736328125,24,2101,1823.4202880859375,533.6839599609375
Hopf,16,H:Re_49p022357:2077,Re_49p022357,49.0223566571,2077,1289.736328125,25,2102,1845.6572265625,555.9208984375
Hopf,16,H:Re_49p022357:2077,Re_49p022357,49.0223566571,2077,1289.736328125,26,2103,1867.89404296875,578.15771484375
Hopf,16,H:Re_49p022357:2077,Re_49p022357,49.0223566571,2077,1289.736328125,27,2104,1890.130859375,600.39453125
Hopf,16,H:Re_49p022357:2077,Re_49p022357,49.0223566571,2077,1289.736328125,28,2105,1912.36767578125,622.63134765625
Hopf,16,H:Re_49p022357:2077,Re_49p022357,49.0223566571,2077,1289.736328125,29,2106,1934.6044921875,644.8681640625
Hopf,16,H:Re_49p022357:2077,Re_49p022357,49.0223566571,2077,1289.736328125,30,2107,1956.84130859375,667.10498046875
Hopf,16,H:Re_49p022357:2077,Re_49p022357,49.0223566571,2077,1289.736328125,31,2108,1979.078125,689.341796875
Hopf,16,H:Re_49p022357:2077,Re_49p022357,49.0223566571,2077,1289.736328125,32,2109,2001.3150634765625,711.5787353515625
Hopf,16,H:Re_49p022357:2077,Re_49p022357,49.0223566571,2077,1289.736328125,33,2110,2023.5518798828125,733.8155517578125
Hopf,16,H:Re_49p022357:2077,Re_49p022357,49.0223566571,2077,1289.736328125,34,2111,2045.7886962890625,756.0523681640625
Hopf,16,H:Re_49p022357:2077,Re_49p022357,49.0223566571,2077,1289.736328125,35,2112,2068.025390625,778.2890625
Hopf,16,H:Re_49p022357:2077,Re_49p022357,49.0223566571,2077,1289.736328125,36,2113,2090.262451171875,800.526123046875
Hopf,16,H:Re_49p022357:2077,Re_49p022357,49.0223566571,2077,1289.736328125,37,2114,2112.499267578125,822.762939453125
Hopf,16,H:Re_49p022357:2077,Re_49p022357,49.0223566571,2077,1289.736328125,38,2115,2134.736083984375,844.999755859375
Hopf,16,H:Re_49p022357:2077,Re_49p022357,49.0223566571,2077,1289.736328125,39,2116,2156.972900390625,867.236572265625
Hopf,16,H:Re_49p022357:2077,Re_49p022357,49.0223566571,2077,1289.736328125,40,2117,2179.209716796875,889.473388671875
Hopf,16,H:Re_49p022357:2077,Re_49p022357,49.0223566571,2077,1289.736328125,41,2118,2201.446533203125,911.710205078125
Hopf,16,H:Re_49p022357:2077,Re_49p022357,49.0223566571,2077,1289.736328125,42,2119,2223.683349609375,933.947021484375
Hopf,16,H:Re_49p022357:2077,Re_49p022357,49.0223566571,2077,1289.736328125,43,2120,2245.920166015625,956.183837890625
Hopf,16,H:Re_49p022357:2077,Re_49p022357,49.0223566571,2077,1289.736328125,44,2121,2268.156982421875,978.420654296875
Hopf,16,H:Re_49p022357:2077,Re_49p022357,49.0223566571,2077,1289.736328125,45,2122,2290.393798828125,1000.657470703125
Hopf,16,H:Re_49p022357:2077,Re_49p022357,49.0223566571,2077,1289.736328125,46,2123,2312.630615234375,1022.894287109375
Hopf,16,H:Re_49p022357:2077,Re_49p022357,49.0223566571,2077,1289.736328125,47,2124,2334.867431640625,1045.131103515625
Hopf,16,H:Re_49p022357:2077,Re_49p022357,49.0223566571,2077,1289.736328125,48,2125,2357.104248046875,1067.367919921875
Hopf,17,H:Re_49p022357:2085,Re_49p022357,49.0223566571,2085,1467.6309814453125,1,2086,1489.8677978515625,22.23681640625
Hopf,17,H:Re_49p022357:2085,Re_49p022357,49.0223566571,2085,1467.6309814453125,2,2087,1512.1046142578125,44.4736328125
Hopf,17,H:Re_49p022357:2085,Re_49p022357,49.0223566571,2085,1467.6309814453125,3,2088,1534.341552734375,66.7105712890625
Hopf,17,H:Re_49p022357:2085,Re_49p022357,49.0223566571,2085,1467.6309814453125,4,2089,1556.578369140625,88.9473876953125
Hopf,17,H:Re_49p022357:2085,Re_49p022357,49.0223566571,2085,1467.6309814453125,5,2090,1578.815185546875,111.1842041015625
Hopf,17,H:Re_49p022357:2085,Re_49p022357,49.0223566571,2085,1467.6309814453125,6,2091,1601.052001953125,133.4210205078125
Hopf,17,H:Re_49p022357:2085,Re_49p022357,49.0223566571,2085,1467.6309814453125,7,2092,1623.288818359375,155.6578369140625
Hopf,17,H:Re_49p022357:2085,Re_49p022357,49.0223566571,2085,1467.6309814453125,8,2093,1645.525634765625,177.8946533203125
Hopf,17,H:Re_49p022357:2085,Re_49p022357,49.0223566571,2085,1467.6309814453125,9,2094,1667.762451171875,200.1314697265625
Hopf,17,H:Re_49p022357:2085,Re_49p022357,49.0223566571,2085,1467.6309814453125,10,2095,1689.9993896484375,222.368408203125
Hopf,17,H:Re_49p022357:2085,Re_49p022357,49.0223566571,2085,1467.6309814453125,11,2096,1712.2362060546875,244.605224609375
Hopf,17,H:Re_49p022357:2085,Re_49p022357,49.0223566571,2085,1467.6309814453125,12,2097,1734.4730224609375,266.842041015625
Hopf,17,H:Re_49p022357:2085,Re_49p022357,49.0223566571,2085,1467.6309814453125,13,2098,1756.7098388671875,289.078857421875
Hopf,17,H:Re_49p022357:2085,Re_49p022357,49.0223566571,2085,1467.6309814453125,14,2099,1778.9466552734375,311.315673828125
Hopf,17,H:Re_49p022357:2085,Re_49p022357,49.0223566571,2085,1467.6309814453125,15,2100,1801.1834716796875,333.552490234375
Hopf,17,H:Re_49p022357:2085,Re_49p022357,49.0223566571,2085,1467.6309814453125,16,2101,1823.4202880859375,355.789306640625
Hopf,17,H:Re_49p022357:2085,Re_49p022357,49.0223566571,2085,1467.6309814453125,17,2102,1845.6572265625,378.0262451171875
Hopf,17,H:Re_49p022357:2085,Re_49p022357,49.0223566571,2085,1467.6309814453125,18,2103,1867.89404296875,400.2630615234375
Hopf,17,H:Re_49p022357:2085,Re_49p022357,49.0223566571,2085,1467.6309814453125,19,2104,1890.130859375,422.4998779296875
Hopf,17,H:Re_49p022357:2085,Re_49p022357,49.0223566571,2085,1467.6309814453125,20,2105,1912.36767578125,444.7366943359375
Hopf,17,H:Re_49p022357:2085,Re_49p022357,49.0223566571,2085,1467.6309814453125,21,2106,1934.6044921875,466.9735107421875
Hopf,17,H:Re_49p022357:2085,Re_49p022357,49.0223566571,2085,1467.6309814453125,22,2107,1956.84130859375,489.2103271484375
Hopf,17,H:Re_49p022357:2085,Re_49p022357,49.0223566571,2085,1467.6309814453125,23,2108,1979.078125,511.4471435546875
Hopf,17,H:Re_49p022357:2085,Re_49p022357,49.0223566571,2085,1467.6309814453125,24,2109,2001.3150634765625,533.68408203125
Hopf,17,H:Re_49p022357:2085,Re_49p022357,49.0223566571,2085,1467.6309814453125,25,2110,2023.5518798828125,555.9208984375
Hopf,17,H:Re_49p022357:2085,Re_49p022357,49.0223566571,2085,1467.6309814453125,26,2111,2045.7886962890625,578.15771484375
Hopf,17,H:Re_49p022357:2085,Re_49p022357,49.0223566571,2085,1467.6309814453125,27,2112,2068.025390625,600.3944091796875
Hopf,17,H:Re_49p022357:2085,Re_49p022357,49.0223566571,2085,1467.6309814453125,28,2113,2090.262451171875,622.6314697265625
Hopf,17,H:Re_49p022357:2085,Re_49p022357,49.0223566571,2085,1467.6309814453125,29,2114,2112.499267578125,644.8682861328125
Hopf,17,H:Re_49p022357:2085,Re_49p022357,49.0223566571,2085,1467.6309814453125,30,2115,2134.736083984375,667.1051025390625
Hopf,17,H:Re_49p022357:2085,Re_49p022357,49.0223566571,2085,1467.6309814453125,31,2116,2156.972900390625,689.3419189453125
Hopf,17,H:Re_49p022357:2085,Re_49p022357,49.0223566571,2085,1467.6309814453125,32,2117,2179.209716796875,711.5787353515625
Hopf,17,H:Re_49p022357:2085,Re_49p022357,49.0223566571,2085,1467.6309814453125,33,2118,2201.446533203125,733.8155517578125
Hopf,17,H:Re_49p022357:2085,Re_49p022357,49.0223566571,2085,1467.6309814453125,34,2119,2223.683349609375,756.0523681640625
Hopf,17,H:Re_49p022357:2085,Re_49p022357,49.0223566571,2085,1467.6309814453125,35,2120,2245.920166015625,778.2891845703125
Hopf,17,H:Re_49p022357:2085,Re_49p022357,49.0223566571,2085,1467.6309814453125,36,2121,2268.156982421875,800.5260009765625
Hopf,17,H:Re_49p022357:2085,Re_49p022357,49.0223566571,2085,1467.6309814453125,37,2122,2290.393798828125,822.7628173828125
Hopf,17,H:Re_49p022357:2085,Re_49p022357,49.0223566571,2085,1467.6309814453125,38,2123,2312.630615234375,844.9996337890625
Hopf,17,H:Re_49p022357:2085,Re_49p022357,49.0223566571,2085,1467.6309814453125,39,2124,2334.867431640625,867.2364501953125
Hopf,17,H:Re_49p022357:2085,Re_49p022357,49.0223566571,2085,1467.6309814453125,40,2125,2357.104248046875,889.4732666015625
Hopf,17,H:Re_49p022357:2085,Re_49p022357,49.0223566571,2085,1467.6309814453125,41,2126,2379.341064453125,911.7100830078125
Hopf,17,H:Re_49p022357:2085,Re_49p022357,49.0223566571,2085,1467.6309814453125,42,2127,2401.578125,933.9471435546875
Hopf,17,H:Re_49p022357:2085,Re_49p022357,49.0223566571,2085,1467.6309814453125,43,2128,2423.81494140625,956.1839599609375
Hopf,17,H:Re_49p022357:2085,Re_49p022357,49.0223566571,2085,1467.6309814453125,44,2129,2446.0517578125,978.4207763671875
Hopf,17,H:Re_49p022357:2085,Re_49p022357,49.0223566571,2085,1467.6309814453125,45,2130,2468.28857421875,1000.6575927734375
Hopf,17,H:Re_49p022357:2085,Re_49p022357,49.0223566571,2085,1467.6309814453125,46,2131,2490.525390625,1022.8944091796875
Hopf,17,H:Re_49p022357:2085,Re_49p022357,49.0223566571,2085,1467.6309814453125,47,2132,2512.76220703125,1045.1312255859375
Hopf,17,H:Re_49p022357:2085,Re_49p022357,49.0223566571,2085,1467.6309814453125,48,2133,2534.9990234375,1067.3680419921875
Hopf,18,H:Re_49p022357:2093,Re_49p022357,49.0223566571,2093,1645.525634765625,1,2094,1667.762451171875,22.23681640625
Hopf,18,H:Re_49p022357:2093,Re_49p022357,49.0223566571,2093,1645.525634765625,2,2095,1689.9993896484375,44.4737548828125
Hopf,18,H:Re_49p022357:2093,Re_49p022357,49.0223566571,2093,1645.525634765625,3,2096,1712.2362060546875,66.7105712890625
Hopf,18,H:Re_49p022357:2093,Re_49p022357,49.0223566571,2093,1645.525634765625,4,2097,1734.4730224609375,88.9473876953125
Hopf,18,H:Re_49p022357:2093,Re_49p022357,49.0223566571,2093,1645.525634765625,5,2098,1756.7098388671875,111.1842041015625
Hopf,18,H:Re_49p022357:2093,Re_49p022357,49.0223566571,2093,1645.525634765625,6,2099,1778.9466552734375,133.4210205078125
Hopf,18,H:Re_49p022357:2093,Re_49p022357,49.0223566571,2093,1645.525634765625,7,2100,1801.1834716796875,155.6578369140625
Hopf,18,H:Re_49p022357:2093,Re_49p022357,49.0223566571,2093,1645.525634765625,8,2101,1823.4202880859375,177.8946533203125
Hopf,18,H:Re_49p022357:2093,Re_49p022357,49.0223566571,2093,1645.525634765625,9,2102,1845.6572265625,200.131591796875
Hopf,18,H:Re_49p022357:2093,Re_49p022357,49.0223566571,2093,1645.525634765625,10,2103,1867.89404296875,222.368408203125
Hopf,18,H:Re_49p022357:2093,Re_49p022357,49.0223566571,2093,1645.525634765625,11,2104,1890.130859375,244.605224609375
Hopf,18,H:Re_49p022357:2093,Re_49p022357,49.0223566571,2093,1645.525634765625,12,2105,1912.36767578125,266.842041015625
Hopf,18,H:Re_49p022357:2093,Re_49p022357,49.0223566571,2093,1645.525634765625,13,2106,1934.6044921875,289.078857421875
Hopf,18,H:Re_49p022357:2093,Re_49p022357,49.0223566571,2093,1645.525634765625,14,2107,1956.84130859375,311.315673828125
Hopf,18,H:Re_49p022357:2093,Re_49p022357,49.0223566571,2093,1645.525634765625,15,2108,1979.078125,333.552490234375
Hopf,18,H:Re_49p022357:2093,Re_49p022357,49.0223566571,2093,1645.525634765625,16,2109,2001.3150634765625,355.7894287109375
Hopf,18,H:Re_49p022357:2093,Re_49p022357,49.0223566571,2093,1645.525634765625,17,2110,2023.5518798828125,378.0262451171875
Hopf,18,H:Re_49p022357:2093,Re_49p022357,49.0223566571,2093,1645.525634765625,18,2111,2045.7886962890625,400.2630615234375
Hopf,18,H:Re_49p022357:2093,Re_49p022357,49.0223566571,2093,1645.525634765625,19,2112,2068.025390625,422.499755859375
Hopf,18,H:Re_49p022357:2093,Re_49p022357,49.0223566571,2093,1645.525634765625,20,2113,2090.262451171875,444.73681640625
Hopf,18,H:Re_49p022357:2093,Re_49p022357,49.0223566571,2093,1645.525634765625,21,2114,2112.499267578125,466.9736328125
Hopf,18,H:Re_49p022357:2093,Re_49p022357,49.0223566571,2093,1645.525634765625,22,2115,2134.736083984375,489.21044921875
Hopf,18,H:Re_49p022357:2093,Re_49p022357,49.0223566571,2093,1645.525634765625,23,2116,2156.972900390625,511.447265625
Hopf,18,H:Re_49p022357:2093,Re_49p022357,49.0223566571,2093,1645.525634765625,24,2117,2179.209716796875,533.68408203125
Hopf,18,H:Re_49p022357:2093,Re_49p022357,49.0223566571,2093,1645.525634765625,25,2118,2201.446533203125,555.9208984375
Hopf,18,H:Re_49p022357:2093,Re_49p022357,49.0223566571,2093,1645.525634765625,26,2119,2223.683349609375,578.15771484375
Hopf,18,H:Re_49p022357:2093,Re_49p022357,49.0223566571,2093,1645.525634765625,27,2120,2245.920166015625,600.39453125
Hopf,18,H:Re_49p022357:2093,Re_49p022357,49.0223566571,2093,1645.525634765625,28,2121,2268.156982421875,622.63134765625
Hopf,18,H:Re_49p022357:2093,Re_49p022357,49.0223566571,2093,1645.525634765625,29,2122,2290.393798828125,644.8681640625
Hopf,18,H:Re_49p022357:2093,Re_49p022357,49.0223566571,2093,1645.525634765625,30,2123,2312.630615234375,667.10498046875
Hopf,18,H:Re_49p022357:2093,Re_49p022357,49.0223566571,2093,1645.525634765625,31,2124,2334.867431640625,689.341796875
Hopf,18,H:Re_49p022357:2093,Re_49p022357,49.0223566571,2093,1645.525634765625,32,2125,2357.104248046875,711.57861328125
Hopf,18,H:Re_49p022357:2093,Re_49p022357,49.0223566571,2093,1645.525634765625,33,2126,2379.341064453125,733.8154296875
Hopf,18,H:Re_49p022357:2093,Re_49p022357,49.0223566571,2093,1645.525634765625,34,2127,2401.578125,756.052490234375
Hopf,18,H:Re_49p022357:2093,Re_49p022357,49.0223566571,2093,1645.525634765625,35,2128,2423.81494140625,778.289306640625
Hopf,18,H:Re_49p022357:2093,Re_49p022357,49.0223566571,2093,1645.525634765625,36,2129,2446.0517578125,800.526123046875
Hopf,18,H:Re_49p022357:2093,Re_49p022357,49.0223566571,2093,1645.525634765625,37,2130,2468.28857421875,822.762939453125
Hopf,18,H:Re_49p022357:2093,Re_49p022357,49.0223566571,2093,1645.525634765625,38,2131,2490.525390625,844.999755859375
Hopf,18,H:Re_49p022357:2093,Re_49p022357,49.0223566571,2093,1645.525634765625,39,2132,2512.76220703125,867.236572265625
Hopf,18,H:Re_49p022357:2093,Re_49p022357,49.0223566571,2093,1645.525634765625,40,2133,2534.9990234375,889.473388671875
Hopf,18,H:Re_49p022357:2093,Re_49p022357,49.0223566571,2093,1645.525634765625,41,2134,2557.23583984375,911.710205078125
Hopf,18,H:Re_49p022357:2093,Re_49p022357,49.0223566571,2093,1645.525634765625,42,2135,2579.47265625,933.947021484375
Hopf,18,H:Re_49p022357:2093,Re_49p022357,49.0223566571,2093,1645.525634765625,43,2136,2601.70947265625,956.183837890625
Hopf,18,H:Re_49p022357:2093,Re_49p022357,49.0223566571,2093,1645.525634765625,44,2137,2623.9462890625,978.420654296875
Hopf,18,H:Re_49p022357:2093,Re_49p022357,49.0223566571,2093,1645.525634765625,45,2138,2646.18310546875,1000.657470703125
Hopf,18,H:Re_49p022357:2093,Re_49p022357,49.0223566571,2093,1645.525634765625,46,2139,2668.419921875,1022.894287109375
Hopf,18,H:Re_49p022357:2093,Re_49p022357,49.0223566571,2093,1645.525634765625,47,2140,2690.65673828125,1045.131103515625
Hopf,18,H:Re_49p022357:2093,Re_49p022357,49.0223566571,2093,1645.525634765625,48,2141,2712.8935546875,1067.367919921875
Hopf,19,H:Re_49p022357:2101,Re_49p022357,49.0223566571,2101,1823.4202880859375,1,2102,1845.6572265625,22.2369384765625
Hopf,19,H:Re_49p022357:2101,Re_49p022357,49.0223566571,2101,1823.4202880859375,2,2103,1867.89404296875,44.4737548828125
Hopf,19,H:Re_49p022357:2101,Re_49p022357,49.0223566571,2101,1823.4202880859375,3,2104,1890.130859375,66.7105712890625
Hopf,19,H:Re_49p022357:2101,Re_49p022357,49.0223566571,2101,1823.4202880859375,4,2105,1912.36767578125,88.9473876953125
Hopf,19,H:Re_49p022357:2101,Re_49p022357,49.0223566571,2101,1823.4202880859375,5,2106,1934.6044921875,111.1842041015625
Hopf,19,H:Re_49p022357:2101,Re_49p022357,49.0223566571,2101,1823.4202880859375,6,2107,1956.84130859375,133.4210205078125
Hopf,19,H:Re_49p022357:2101,Re_49p022357,49.0223566571,2101,1823.4202880859375,7,2108,1979.078125,155.6578369140625
Hopf,19,H:Re_49p022357:2101,Re_49p022357,49.0223566571,2101,1823.4202880859375,8,2109,2001.3150634765625,177.894775390625
Hopf,19,H:Re_49p022357:2101,Re_49p022357,49.0223566571,2101,1823.4202880859375,9,2110,2023.5518798828125,200.131591796875
Hopf,19,H:Re_49p022357:2101,Re_49p022357,49.0223566571,2101,1823.4202880859375,10,2111,2045.7886962890625,222.368408203125
Hopf,19,H:Re_49p022357:2101,Re_49p022357,49.0223566571,2101,1823.4202880859375,11,2112,2068.025390625,244.6051025390625
Hopf,19,H:Re_49p022357:2101,Re_49p022357,49.0223566571,2101,1823.4202880859375,12,2113,2090.262451171875,266.8421630859375
Hopf,19,H:Re_49p022357:2101,Re_49p022357,49.0223566571,2101,1823.4202880859375,13,2114,2112.499267578125,289.0789794921875
Hopf,19,H:Re_49p022357:2101,Re_49p022357,49.0223566571,2101,1823.4202880859375,14,2115,2134.736083984375,311.3157958984375
Hopf,19,H:Re_49p022357:2101,Re_49p022357,49.0223566571,2101,1823.4202880859375,15,2116,2156.972900390625,333.5526123046875
Hopf,19,H:Re_49p022357:2101,Re_49p022357,49.0223566571,2101,1823.4202880859375,16,2117,2179.209716796875,355.7894287109375
Hopf,19,H:Re_49p022357:2101,Re_49p022357,49.0223566571,2101,1823.4202880859375,17,2118,2201.446533203125,378.0262451171875
Hopf,19,H:Re_49p022357:2101,Re_49p022357,49.0223566571,2101,1823.4202880859375,18,2119,2223.683349609375,400.2630615234375
Hopf,19,H:Re_49p022357:2101,Re_49p022357,49.0223566571,2101,1823.4202880859375,19,2120,2245.920166015625,422.4998779296875
Hopf,19,H:Re_49p022357:2101,Re_49p022357,49.0223566571,2101,1823.4202880859375,20,2121,2268.156982421875,444.7366943359375
Hopf,19,H:Re_49p022357:2101,Re_49p022357,49.0223566571,2101,1823.4202880859375,21,2122,2290.393798828125,466.9735107421875
Hopf,19,H:Re_49p022357:2101,Re_49p022357,49.0223566571,2101,1823.4202880859375,22,2123,2312.630615234375,489.2103271484375
Hopf,19,H:Re_49p022357:2101,Re_49p022357,49.0223566571,2101,1823.4202880859375,23,2124,2334.867431640625,511.4471435546875
Hopf,19,H:Re_49p022357:2101,Re_49p022357,49.0223566571,2101,1823.4202880859375,24,2125,2357.104248046875,533.6839599609375
Hopf,19,H:Re_49p022357:2101,Re_49p022357,49.0223566571,2101,1823.4202880859375,25,2126,2379.341064453125,555.9207763671875
Hopf,19,H:Re_49p022357:2101,Re_49p022357,49.0223566571,2101,1823.4202880859375,26,2127,2401.578125,578.1578369140625
Hopf,19,H:Re_49p022357:2101,Re_49p022357,49.0223566571,2101,1823.4202880859375,27,2128,2423.81494140625,600.3946533203125
Hopf,19,H:Re_49p022357:2101,Re_49p022357,49.0223566571,2101,1823.4202880859375,28,2129,2446.0517578125,622.6314697265625
Hopf,19,H:Re_49p022357:2101,Re_49p022357,49.0223566571,2101,1823.4202880859375,29,2130,2468.28857421875,644.8682861328125
Hopf,19,H:Re_49p022357:2101,Re_49p022357,49.0223566571,2101,1823.4202880859375,30,2131,2490.525390625,667.1051025390625
Hopf,19,H:Re_49p022357:2101,Re_49p022357,49.0223566571,2101,1823.4202880859375,31,2132,2512.76220703125,689.3419189453125
Hopf,19,H:Re_49p022357:2101,Re_49p022357,49.0223566571,2101,1823.4202880859375,32,2133,2534.9990234375,711.5787353515625
Hopf,19,H:Re_49p022357:2101,Re_49p022357,49.0223566571,2101,1823.4202880859375,33,2134,2557.23583984375,733.8155517578125
Hopf,19,H:Re_49p022357:2101,Re_49p022357,49.0223566571,2101,1823.4202880859375,34,2135,2579.47265625,756.0523681640625
Hopf,19,H:Re_49p022357:2101,Re_49p022357,49.0223566571,2101,1823.4202880859375,35,2136,2601.70947265625,778.2891845703125
Hopf,19,H:Re_49p022357:2101,Re_49p022357,49.0223566571,2101,1823.4202880859375,36,2137,2623.9462890625,800.5260009765625
Hopf,19,H:Re_49p022357:2101,Re_49p022357,49.0223566571,2101,1823.4202880859375,37,2138,2646.18310546875,822.7628173828125
Hopf,19,H:Re_49p022357:2101,Re_49p022357,49.0223566571,2101,1823.4202880859375,38,2139,2668.419921875,844.9996337890625
Hopf,19,H:Re_49p022357:2101,Re_49p022357,49.0223566571,2101,1823.4202880859375,39,2140,2690.65673828125,867.2364501953125
Hopf,19,H:Re_49p022357:2101,Re_49p022357,49.0223566571,2101,1823.4202880859375,40,2141,2712.8935546875,889.4732666015625
Hopf,19,H:Re_49p022357:2101,Re_49p022357,49.0223566571,2101,1823.4202880859375,41,2142,2735.130615234375,911.7103271484375
Hopf,19,H:Re_49p022357:2101,Re_49p022357,49.0223566571,2101,1823.4202880859375,42,2143,2757.367431640625,933.9471435546875
Hopf,19,H:Re_49p022357:2101,Re_49p022357,49.0223566571,2101,1823.4202880859375,43,2144,2779.604248046875,956.1839599609375
Hopf,19,H:Re_49p022357:2101,Re_49p022357,49.0223566571,2101,1823.4202880859375,44,2145,2801.841064453125,978.4207763671875
Hopf,19,H:Re_49p022357:2101,Re_49p022357,49.0223566571,2101,1823.4202880859375,45,2146,2824.077880859375,1000.6575927734375
Hopf,19,H:Re_49p022357:2101,Re_49p022357,49.0223566571,2101,1823.4202880859375,46,2147,2846.314697265625,1022.8944091796875
Hopf,19,H:Re_49p022357:2101,Re_49p022357,49.0223566571,2101,1823.4202880859375,47,2148,2868.551513671875,1045.1312255859375
Hopf,19,H:Re_49p022357:2101,Re_49p022357,49.0223566571,2101,1823.4202880859375,48,2149,2890.788330078125,1067.3680419921875
Hopf,20,H:Re_49p022357:2109,Re_49p022357,49.0223566571,2109,2001.3150634765625,1,2110,2023.5518798828125,22.23681640625
Hopf,20,H:Re_49p022357:2109,Re_49p022357,49.0223566571,2109,2001.3150634765625,2,2111,2045.7886962890625,44.4736328125
Hopf,20,H:Re_49p022357:2109,Re_49p022357,49.0223566571,2109,2001.3150634765625,3,2112,2068.025390625,66.7103271484375
Hopf,20,H:Re_49p022357:2109,Re_49p022357,49.0223566571,2109,2001.3150634765625,4,2113,2090.262451171875,88.9473876953125
Hopf,20,H:Re_49p022357:2109,Re_49p022357,49.0223566571,2109,2001.3150634765625,5,2114,2112.499267578125,111.1842041015625
Hopf,20,H:Re_49p022357:2109,Re_49p022357,49.0223566571,2109,2001.3150634765625,6,2115,2134.736083984375,133.4210205078125
Hopf,20,H:Re_49p022357:2109,Re_49p022357,49.0223566571,2109,2001.3150634765625,7,2116,2156.972900390625,155.6578369140625
Hopf,20,H:Re_49p022357:2109,Re_49p022357,49.0223566571,2109,2001.3150634765625,8,2117,2179.209716796875,177.8946533203125
Hopf,20,H:Re_49p022357:2109,Re_49p022357,49.0223566571,2109,2001.3150634765625,9,2118,2201.446533203125,200.1314697265625
Hopf,20,H:Re_49p022357:2109,Re_49p022357,49.0223566571,2109,2001.3150634765625,10,2119,2223.683349609375,222.3682861328125
Hopf,20,H:Re_49p022357:2109,Re_49p022357,49.0223566571,2109,2001.3150634765625,11,2120,2245.920166015625,244.6051025390625
Hopf,20,H:Re_49p022357:2109,Re_49p022357,49.0223566571,2109,2001.3150634765625,12,2121,2268.156982421875,266.8419189453125
Hopf,20,H:Re_49p022357:2109,Re_49p022357,49.0223566571,2109,2001.3150634765625,13,2122,2290.393798828125,289.0787353515625
Hopf,20,H:Re_49p022357:2109,Re_49p022357,49.0223566571,2109,2001.3150634765625,14,2123,2312.630615234375,311.3155517578125
Hopf,20,H:Re_49p022357:2109,Re_49p022357,49.0223566571,2109,2001.3150634765625,15,2124,2334.867431640625,333.5523681640625
Hopf,20,H:Re_49p022357:2109,Re_49p022357,49.0223566571,2109,2001.3150634765625,16,2125,2357.104248046875,355.7891845703125
Hopf,20,H:Re_49p022357:2109,Re_49p022357,49.0223566571,2109,2001.3150634765625,17,2126,2379.341064453125,378.0260009765625
Hopf,20,H:Re_49p022357:2109,Re_49p022357,49.0223566571,2109,2001.3150634765625,18,2127,2401.578125,400.2630615234375
Hopf,20,H:Re_49p022357:2109,Re_49p022357,49.0223566571,2109,2001.3150634765625,19,2128,2423.81494140625,422.4998779296875
Hopf,20,H:Re_49p022357:2109,Re_49p022357,49.0223566571,2109,2001.3150634765625,20,2129,2446.0517578125,444.7366943359375
Hopf,20,H:Re_49p022357:2109,Re_49p022357,49.0223566571,2109,2001.3150634765625,21,2130,2468.28857421875,466.9735107421875
Hopf,20,H:Re_49p022357:2109,Re_49p022357,49.0223566571,2109,2001.3150634765625,22,2131,2490.525390625,489.2103271484375
Hopf,20,H:Re_49p022357:2109,Re_49p022357,49.0223566571,2109,2001.3150634765625,23,2132,2512.76220703125,511.4471435546875
Hopf,20,H:Re_49p022357:2109,Re_49p022357,49.0223566571,2109,2001.3150634765625,24,2133,2534.9990234375,533.6839599609375
Hopf,20,H:Re_49p022357:2109,Re_49p022357,49.0223566571,2109,2001.3150634765625,25,2134,2557.23583984375,555.9207763671875
Hopf,20,H:Re_49p022357:2109,Re_49p022357,49.0223566571,2109,2001.3150634765625,26,2135,2579.47265625,578.1575927734375
Hopf,20,H:Re_49p022357:2109,Re_49p022357,49.0223566571,2109,2001.3150634765625,27,2136,2601.70947265625,600.3944091796875
Hopf,20,H:Re_49p022357:2109,Re_49p022357,49.0223566571,2109,2001.3150634765625,28,2137,2623.9462890625,622.6312255859375
Hopf,20,H:Re_49p022357:2109,Re_49p022357,49.0223566571,2109,2001.3150634765625,29,2138,2646.18310546875,644.8680419921875
Hopf,20,H:Re_49p022357:2109,Re_49p022357,49.0223566571,2109,2001.3150634765625,30,2139,2668.419921875,667.1048583984375
Hopf,20,H:Re_49p022357:2109,Re_49p022357,49.0223566571,2109,2001.3150634765625,31,2140,2690.65673828125,689.3416748046875
Hopf,20,H:Re_49p022357:2109,Re_49p022357,49.0223566571,2109,2001.3150634765625,32,2141,2712.8935546875,711.5784912109375
Hopf,20,H:Re_49p022357:2109,Re_49p022357,49.0223566571,2109,2001.3150634765625,33,2142,2735.130615234375,733.8155517578125
Hopf,20,H:Re_49p022357:2109,Re_49p022357,49.0223566571,2109,2001.3150634765625,34,2143,2757.367431640625,756.0523681640625
Hopf,20,H:Re_49p022357:2109,Re_49p022357,49.0223566571,2109,2001.3150634765625,35,2144,2779.604248046875,778.2891845703125
Hopf,20,H:Re_49p022357:2109,Re_49p022357,49.0223566571,2109,2001.3150634765625,36,2145,2801.841064453125,800.5260009765625
Hopf,20,H:Re_49p022357:2109,Re_49p022357,49.0223566571,2109,2001.3150634765625,37,2146,2824.077880859375,822.7628173828125
Hopf,20,H:Re_49p022357:2109,Re_49p022357,49.0223566571,2109,2001.3150634765625,38,2147,2846.314697265625,844.9996337890625
Hopf,20,H:Re_49p022357:2109,Re_49p022357,49.0223566571,2109,2001.3150634765625,39,2148,2868.551513671875,867.2364501953125
Hopf,20,H:Re_49p022357:2109,Re_49p022357,49.0223566571,2109,2001.3150634765625,40,2149,2890.788330078125,889.4732666015625
Hopf,20,H:Re_49p022357:2109,Re_49p022357,49.0223566571,2109,2001.3150634765625,41,2150,2913.025146484375,911.7100830078125
Hopf,20,H:Re_49p022357:2109,Re_49p022357,49.0223566571,2109,2001.3150634765625,42,2151,2935.261962890625,933.9468994140625
Hopf,20,H:Re_49p022357:2109,Re_49p022357,49.0223566571,2109,2001.3150634765625,43,2152,2957.498779296875,956.1837158203125
Hopf,20,H:Re_49p022357:2109,Re_49p022357,49.0223566571,2109,2001.3150634765625,44,2153,2979.735595703125,978.4205322265625
Hopf,20,H:Re_49p022357:2109,Re_49p022357,49.0223566571,2109,2001.3150634765625,45,2154,3001.972412109375,1000.6573486328125
Hopf,20,H:Re_49p022357:2109,Re_49p022357,49.0223566571,2109,2001.3150634765625,46,2155,3024.209228515625,1022.8941650390625
Hopf,20,H:Re_49p022357:2109,Re_49p022357,49.0223566571,2109,2001.3150634765625,47,2156,3046.4462890625,1045.1312255859375
Hopf,20,H:Re_49p022357:2109,Re_49p022357,49.0223566571,2109,2001.3150634765625,48,2157,3068.68310546875,1067.3680419921875
Hopf,21,H:Re_49p022357:2117,Re_49p022357,49.0223566571,2117,2179.209716796875,1,2118,2201.446533203125,22.23681640625
Hopf,21,H:Re_49p022357:2117,Re_49p022357,49.0223566571,2117,2179.209716796875,2,2119,2223.683349609375,44.4736328125
Hopf,21,H:Re_49p022357:2117,Re_49p022357,49.0223566571,2117,2179.209716796875,3,2120,2245.920166015625,66.71044921875
Hopf,21,H:Re_49p022357:2117,Re_49p022357,49.0223566571,2117,2179.209716796875,4,2121,2268.156982421875,88.947265625
Hopf,21,H:Re_49p022357:2117,Re_49p022357,49.0223566571,2117,2179.209716796875,5,2122,2290.393798828125,111.18408203125
Hopf,21,H:Re_49p022357:2117,Re_49p022357,49.0223566571,2117,2179.209716796875,6,2123,2312.630615234375,133.4208984375
Hopf,21,H:Re_49p022357:2117,Re_49p022357,49.0223566571,2117,2179.209716796875,7,2124,2334.867431640625,155.65771484375
Hopf,21,H:Re_49p022357:2117,Re_49p022357,49.0223566571,2117,2179.209716796875,8,2125,2357.104248046875,177.89453125
Hopf,21,H:Re_49p022357:2117,Re_49p022357,49.0223566571,2117,2179.209716796875,9,2126,2379.341064453125,200.13134765625
Hopf,21,H:Re_49p022357:2117,Re_49p022357,49.0223566571,2117,2179.209716796875,10,2127,2401.578125,222.368408203125
Hopf,21,H:Re_49p022357:2117,Re_49p022357,49.0223566571,2117,2179.209716796875,11,2128,2423.81494140625,244.605224609375
Hopf,21,H:Re_49p022357:2117,Re_49p022357,49.0223566571,2117,2179.209716796875,12,2129,2446.0517578125,266.842041015625
Hopf,21,H:Re_49p022357:2117,Re_49p022357,49.0223566571,2117,2179.209716796875,13,2130,2468.28857421875,289.078857421875
Hopf,21,H:Re_49p022357:2117,Re_49p022357,49.0223566571,2117,2179.209716796875,14,2131,2490.525390625,311.315673828125
Hopf,21,H:Re_49p022357:2117,Re_49p022357,49.0223566571,2117,2179.209716796875,15,2132,2512.76220703125,333.552490234375
Hopf,21,H:Re_49p022357:2117,Re_49p022357,49.0223566571,2117,2179.209716796875,16,2133,2534.9990234375,355.789306640625
Hopf,21,H:Re_49p022357:2117,Re_49p022357,49.0223566571,2117,2179.209716796875,17,2134,2557.23583984375,378.026123046875
Hopf,21,H:Re_49p022357:2117,Re_49p022357,49.0223566571,2117,2179.209716796875,18,2135,2579.47265625,400.262939453125
Hopf,21,H:Re_49p022357:2117,Re_49p022357,49.0223566571,2117,2179.209716796875,19,2136,2601.70947265625,422.499755859375
Hopf,21,H:Re_49p022357:2117,Re_49p022357,49.0223566571,2117,2179.209716796875,20,2137,2623.9462890625,444.736572265625
Hopf,21,H:Re_49p022357:2117,Re_49p022357,49.0223566571,2117,2179.209716796875,21,2138,2646.18310546875,466.973388671875
Hopf,21,H:Re_49p022357:2117,Re_49p022357,49.0223566571,2117,2179.209716796875,22,2139,2668.419921875,489.210205078125
Hopf,21,H:Re_49p022357:2117,Re_49p022357,49.0223566571,2117,2179.209716796875,23,2140,2690.65673828125,511.447021484375
Hopf,21,H:Re_49p022357:2117,Re_49p022357,49.0223566571,2117,2179.209716796875,24,2141,2712.8935546875,533.683837890625
Hopf,21,H:Re_49p022357:2117,Re_49p022357,49.0223566571,2117,2179.209716796875,25,2142,2735.130615234375,555.9208984375
Hopf,21,H:Re_49p022357:2117,Re_49p022357,49.0223566571,2117,2179.209716796875,26,2143,2757.367431640625,578.15771484375
Hopf,21,H:Re_49p022357:2117,Re_49p022357,49.0223566571,2117,2179.209716796875,27,2144,2779.604248046875,600.39453125
Hopf,21,H:Re_49p022357:2117,Re_49p022357,49.0223566571,2117,2179.209716796875,28,2145,2801.841064453125,622.63134765625
Hopf,21,H:Re_49p022357:2117,Re_49p022357,49.0223566571,2117,2179.209716796875,29,2146,2824.077880859375,644.8681640625
Hopf,21,H:Re_49p022357:2117,Re_49p022357,49.0223566571,2117,2179.209716796875,30,2147,2846.314697265625,667.10498046875
Hopf,21,H:Re_49p022357:2117,Re_49p022357,49.0223566571,2117,2179.209716796875,31,2148,2868.551513671875,689.341796875
Hopf,21,H:Re_49p022357:2117,Re_49p022357,49.0223566571,2117,2179.209716796875,32,2149,2890.788330078125,711.57861328125
Hopf,21,H:Re_49p022357:2117,Re_49p022357,49.0223566571,2117,2179.209716796875,33,2150,2913.025146484375,733.8154296875
Hopf,21,H:Re_49p022357:2117,Re_49p022357,49.0223566571,2117,2179.209716796875,34,2151,2935.261962890625,756.05224609375
Hopf,21,H:Re_49p022357:2117,Re_49p022357,49.0223566571,2117,2179.209716796875,35,2152,2957.498779296875,778.2890625
Hopf,21,H:Re_49p022357:2117,Re_49p022357,49.0223566571,2117,2179.209716796875,36,2153,2979.735595703125,800.52587890625
Hopf,21,H:Re_49p022357:2117,Re_49p022357,49.0223566571,2117,2179.209716796875,37,2154,3001.972412109375,822.7626953125
Hopf,21,H:Re_49p022357:2117,Re_49p022357,49.0223566571,2117,2179.209716796875,38,2155,3024.209228515625,844.99951171875
Hopf,21,H:Re_49p022357:2117,Re_49p022357,49.0223566571,2117,2179.209716796875,39,2156,3046.4462890625,867.236572265625
Hopf,21,H:Re_49p022357:2117,Re_49p022357,49.0223566571,2117,2179.209716796875,40,2157,3068.68310546875,889.473388671875
Hopf,21,H:Re_49p022357:2117,Re_49p022357,49.0223566571,2117,2179.209716796875,41,2158,3090.919921875,911.710205078125
Hopf,21,H:Re_49p022357:2117,Re_49p022357,49.0223566571,2117,2179.209716796875,42,2159,3113.15673828125,933.947021484375
Hopf,21,H:Re_49p022357:2117,Re_49p022357,49.0223566571,2117,2179.209716796875,43,2160,3135.3935546875,956.183837890625
Hopf,21,H:Re_49p022357:2117,Re_49p022357,49.0223566571,2117,2179.209716796875,44,2161,3157.63037109375,978.420654296875
Hopf,21,H:Re_49p022357:2117,Re_49p022357,49.0223566571,2117,2179.209716796875,45,2162,3179.8671875,1000.657470703125
Hopf,21,H:Re_49p022357:2117,Re_49p022357,49.0223566571,2117,2179.209716796875,46,2163,3202.10400390625,1022.894287109375
Hopf,21,H:Re_49p022357:2117,Re_49p022357,49.0223566571,2117,2179.209716796875,47,2164,3224.3408203125,1045.131103515625
Hopf,21,H:Re_49p022357:2117,Re_49p022357,49.0223566571,2117,2179.209716796875,48,2165,3246.57763671875,1067.367919921875
Hopf,22,H:Re_49p022357:2125,Re_49p022357,49.0223566571,2125,2357.104248046875,1,2126,2379.341064453125,22.23681640625
Hopf,22,H:Re_49p022357:2125,Re_49p022357,49.0223566571,2125,2357.104248046875,2,2127,2401.578125,44.473876953125
Hopf,22,H:Re_49p022357:2125,Re_49p022357,49.0223566571,2125,2357.104248046875,3,2128,2423.81494140625,66.710693359375
Hopf,22,H:Re_49p022357:2125,Re_49p022357,49.0223566571,2125,2357.104248046875,4,2129,2446.0517578125,88.947509765625
Hopf,22,H:Re_49p022357:2125,Re_49p022357,49.0223566571,2125,2357.104248046875,5,2130,2468.28857421875,111.184326171875
Hopf,22,H:Re_49p022357:2125,Re_49p022357,49.0223566571,2125,2357.104248046875,6,2131,2490.525390625,133.421142578125
Hopf,22,H:Re_49p022357:2125,Re_49p022357,49.0223566571,2125,2357.104248046875,7,2132,2512.76220703125,155.657958984375
Hopf,22,H:Re_49p022357:2125,Re_49p022357,49.0223566571,2125,2357.104248046875,8,2133,2534.9990234375,177.894775390625
Hopf,22,H:Re_49p022357:2125,Re_49p022357,49.0223566571,2125,2357.104248046875,9,2134,2557.23583984375,200.131591796875
Hopf,22,H:Re_49p022357:2125,Re_49p022357,49.0223566571,2125,2357.104248046875,10,2135,2579.47265625,222.368408203125
Hopf,22,H:Re_49p022357:2125,Re_49p022357,49.0223566571,2125,2357.104248046875,11,2136,2601.70947265625,244.605224609375
Hopf,22,H:Re_49p022357:2125,Re_49p022357,49.0223566571,2125,2357.104248046875,12,2137,2623.9462890625,266.842041015625
Hopf,22,H:Re_49p022357:2125,Re_49p022357,49.0223566571,2125,2357.104248046875,13,2138,2646.18310546875,289.078857421875
Hopf,22,H:Re_49p022357:2125,Re_49p022357,49.0223566571,2125,2357.104248046875,14,2139,2668.419921875,311.315673828125
Hopf,22,H:Re_49p022357:2125,Re_49p022357,49.0223566571,2125,2357.104248046875,15,2140,2690.65673828125,333.552490234375
Hopf,22,H:Re_49p022357:2125,Re_49p022357,49.0223566571,2125,2357.104248046875,16,2141,2712.8935546875,355.789306640625
Hopf,22,H:Re_49p022357:2125,Re_49p022357,49.0223566571,2125,2357.104248046875,17,2142,2735.130615234375,378.0263671875
Hopf,22,H:Re_49p022357:2125,Re_49p022357,49.0223566571,2125,2357.104248046875,18,2143,2757.367431640625,400.26318359375
Hopf,22,H:Re_49p022357:2125,Re_49p022357,49.0223566571,2125,2357.104248046875,19,2144,2779.604248046875,422.5
Hopf,22,H:Re_49p022357:2125,Re_49p022357,49.0223566571,2125,2357.104248046875,20,2145,2801.841064453125,444.73681640625
Hopf,22,H:Re_49p022357:2125,Re_49p022357,49.0223566571,2125,2357.104248046875,21,2146,2824.077880859375,466.9736328125
Hopf,22,H:Re_49p022357:2125,Re_49p022357,49.0223566571,2125,2357.104248046875,22,2147,2846.314697265625,489.21044921875
Hopf,22,H:Re_49p022357:2125,Re_49p022357,49.0223566571,2125,2357.104248046875,23,2148,2868.551513671875,511.447265625
Hopf,22,H:Re_49p022357:2125,Re_49p022357,49.0223566571,2125,2357.104248046875,24,2149,2890.788330078125,533.68408203125
Hopf,22,H:Re_49p022357:2125,Re_49p022357,49.0223566571,2125,2357.104248046875,25,2150,2913.025146484375,555.9208984375
Hopf,22,H:Re_49p022357:2125,Re_49p022357,49.0223566571,2125,2357.104248046875,26,2151,2935.261962890625,578.15771484375
Hopf,22,H:Re_49p022357:2125,Re_49p022357,49.0223566571,2125,2357.104248046875,27,2152,2957.498779296875,600.39453125
Hopf,22,H:Re_49p022357:2125,Re_49p022357,49.0223566571,2125,2357.104248046875,28,2153,2979.735595703125,622.63134765625
Hopf,22,H:Re_49p022357:2125,Re_49p022357,49.0223566571,2125,2357.104248046875,29,2154,3001.972412109375,644.8681640625
Hopf,22,H:Re_49p022357:2125,Re_49p022357,49.0223566571,2125,2357.104248046875,30,2155,3024.209228515625,667.10498046875
Hopf,22,H:Re_49p022357:2125,Re_49p022357,49.0223566571,2125,2357.104248046875,31,2156,3046.4462890625,689.342041015625
Hopf,22,H:Re_49p022357:2125,Re_49p022357,49.0223566571,2125,2357.104248046875,32,2157,3068.68310546875,711.578857421875
Hopf,22,H:Re_49p022357:2125,Re_49p022357,49.0223566571,2125,2357.104248046875,33,2158,3090.919921875,733.815673828125
Hopf,22,H:Re_49p022357:2125,Re_49p022357,49.0223566571,2125,2357.104248046875,34,2159,3113.15673828125,756.052490234375
Hopf,22,H:Re_49p022357:2125,Re_49p022357,49.0223566571,2125,2357.104248046875,35,2160,3135.3935546875,778.289306640625
Hopf,22,H:Re_49p022357:2125,Re_49p022357,49.0223566571,2125,2357.104248046875,36,2161,3157.63037109375,800.526123046875
Hopf,22,H:Re_49p022357:2125,Re_49p022357,49.0223566571,2125,2357.104248046875,37,2162,3179.8671875,822.762939453125
Hopf,22,H:Re_49p022357:2125,Re_49p022357,49.0223566571,2125,2357.104248046875,38,2163,3202.10400390625,844.999755859375
Hopf,22,H:Re_49p022357:2125,Re_49p022357,49.0223566571,2125,2357.104248046875,39,2164,3224.3408203125,867.236572265625
Hopf,22,H:Re_49p022357:2125,Re_49p022357,49.0223566571,2125,2357.104248046875,40,2165,3246.57763671875,889.473388671875
Hopf,22,H:Re_49p022357:2125,Re_49p022357,49.0223566571,2125,2357.104248046875,41,2166,3268.814453125,911.710205078125
Hopf,22,H:Re_49p022357:2125,Re_49p022357,49.0223566571,2125,2357.104248046875,42,2167,3291.05126953125,933.947021484375
Hopf,22,H:Re_49p022357:2125,Re_49p022357,49.0223566571,2125,2357.104248046875,43,2168,3313.2880859375,956.183837890625
Hopf,22,H:Re_49p022357:2125,Re_49p022357,49.0223566571,2125,2357.104248046875,44,2169,3335.52490234375,978.420654296875
Hopf,22,H:Re_49p022357:2125,Re_49p022357,49.0223566571,2125,2357.104248046875,45,2170,3357.761962890625,1000.65771484375
Hopf,22,H:Re_49p022357:2125,Re_49p022357,49.0223566571,2125,2357.104248046875,46,2171,3379.998779296875,1022.89453125
Hopf,22,H:Re_49p022357:2125,Re_49p022357,49.0223566571,2125,2357.104248046875,47,2172,3402.235595703125,1045.13134765625
Hopf,22,H:Re_49p022357:2125,Re_49p022357,49.0223566571,2125,2357.104248046875,48,2173,3424.472412109375,1067.3681640625
Hopf,23,H:Re_49p022357:2133,Re_49p022357,49.0223566571,2133,2534.9990234375,1,2134,2557.23583984375,22.23681640625
Hopf,23,H:Re_49p022357:2133,Re_49p022357,49.0223566571,2133,2534.9990234375,2,2135,2579.47265625,44.4736328125
Hopf,23,H:Re_49p022357:2133,Re_49p022357,49.0223566571,2133,2534.9990234375,3,2136,2601.70947265625,66.71044921875
Hopf,23,H:Re_49p022357:2133,Re_49p022357,49.0223566571,2133,2534.9990234375,4,2137,2623.9462890625,88.947265625
Hopf,23,H:Re_49p022357:2133,Re_49p022357,49.0223566571,2133,2534.9990234375,5,2138,2646.18310546875,111.18408203125
Hopf,23,H:Re_49p022357:2133,Re_49p022357,49.0223566571,2133,2534.9990234375,6,2139,2668.419921875,133.4208984375
Hopf,23,H:Re_49p022357:2133,Re_49p022357,49.0223566571,2133,2534.9990234375,7,2140,2690.65673828125,155.65771484375
Hopf,23,H:Re_49p022357:2133,Re_49p022357,49.0223566571,2133,2534.9990234375,8,2141,2712.8935546875,177.89453125
Hopf,23,H:Re_49p022357:2133,Re_49p022357,49.0223566571,2133,2534.9990234375,9,2142,2735.130615234375,200.131591796875
Hopf,23,H:Re_49p022357:2133,Re_49p022357,49.0223566571,2133,2534.9990234375,10,2143,2757.367431640625,222.368408203125
Hopf,23,H:Re_49p022357:2133,Re_49p022357,49.0223566571,2133,2534.9990234375,11,2144,2779.604248046875,244.605224609375
Hopf,23,H:Re_49p022357:2133,Re_49p022357,49.0223566571,2133,2534.9990234375,12,2145,2801.841064453125,266.842041015625
Hopf,23,H:Re_49p022357:2133,Re_49p022357,49.0223566571,2133,2534.9990234375,13,2146,2824.077880859375,289.078857421875
Hopf,23,H:Re_49p022357:2133,Re_49p022357,49.0223566571,2133,2534.9990234375,14,2147,2846.314697265625,311.315673828125
Hopf,23,H:Re_49p022357:2133,Re_49p022357,49.0223566571,2133,2534.9990234375,15,2148,2868.551513671875,333.552490234375
Hopf,23,H:Re_49p022357:2133,Re_49p022357,49.0223566571,2133,2534.9990234375,16,2149,2890.788330078125,355.789306640625
Hopf,23,H:Re_49p022357:2133,Re_49p022357,49.0223566571,2133,2534.9990234375,17,2150,2913.025146484375,378.026123046875
Hopf,23,H:Re_49p022357:2133,Re_49p022357,49.0223566571,2133,2534.9990234375,18,2151,2935.261962890625,400.262939453125
Hopf,23,H:Re_49p022357:2133,Re_49p022357,49.0223566571,2133,2534.9990234375,19,2152,2957.498779296875,422.499755859375
Hopf,23,H:Re_49p022357:2133,Re_49p022357,49.0223566571,2133,2534.9990234375,20,2153,2979.735595703125,444.736572265625
Hopf,23,H:Re_49p022357:2133,Re_49p022357,49.0223566571,2133,2534.9990234375,21,2154,3001.972412109375,466.973388671875
Hopf,23,H:Re_49p022357:2133,Re_49p022357,49.0223566571,2133,2534.9990234375,22,2155,3024.209228515625,489.210205078125
Hopf,23,H:Re_49p022357:2133,Re_49p022357,49.0223566571,2133,2534.9990234375,23,2156,3046.4462890625,511.447265625
Hopf,23,H:Re_49p022357:2133,Re_49p022357,49.0223566571,2133,2534.9990234375,24,2157,3068.68310546875,533.68408203125
Hopf,23,H:Re_49p022357:2133,Re_49p022357,49.0223566571,2133,2534.9990234375,25,2158,3090.919921875,555.9208984375
Hopf,23,H:Re_49p022357:2133,Re_49p022357,49.0223566571,2133,2534.9990234375,26,2159,3113.15673828125,578.15771484375
Hopf,23,H:Re_49p022357:2133,Re_49p022357,49.0223566571,2133,2534.9990234375,27,2160,3135.3935546875,600.39453125
Hopf,23,H:Re_49p022357:2133,Re_49p022357,49.0223566571,2133,2534.9990234375,28,2161,3157.63037109375,622.63134765625
Hopf,23,H:Re_49p022357:2133,Re_49p022357,49.0223566571,2133,2534.9990234375,29,2162,3179.8671875,644.8681640625
Hopf,23,H:Re_49p022357:2133,Re_49p022357,49.0223566571,2133,2534.9990234375,30,2163,3202.10400390625,667.10498046875
Hopf,23,H:Re_49p022357:2133,Re_49p022357,49.0223566571,2133,2534.9990234375,31,2164,3224.3408203125,689.341796875
Hopf,23,H:Re_49p022357:2133,Re_49p022357,49.0223566571,2133,2534.9990234375,32,2165,3246.57763671875,711.57861328125
Hopf,23,H:Re_49p022357:2133,Re_49p022357,49.0223566571,2133,2534.9990234375,33,2166,3268.814453125,733.8154296875
Hopf,23,H:Re_49p022357:2133,Re_49p022357,49.0223566571,2133,2534.9990234375,34,2167,3291.05126953125,756.05224609375
Hopf,23,H:Re_49p022357:2133,Re_49p022357,49.0223566571,2133,2534.9990234375,35,2168,3313.2880859375,778.2890625
Hopf,23,H:Re_49p022357:2133,Re_49p022357,49.0223566571,2133,2534.9990234375,36,2169,3335.52490234375,800.52587890625
Hopf,23,H:Re_49p022357:2133,Re_49p022357,49.0223566571,2133,2534.9990234375,37,2170,3357.761962890625,822.762939453125
Hopf,23,H:Re_49p022357:2133,Re_49p022357,49.0223566571,2133,2534.9990234375,38,2171,3379.998779296875,844.999755859375
Hopf,23,H:Re_49p022357:2133,Re_49p022357,49.0223566571,2133,2534.9990234375,39,2172,3402.235595703125,867.236572265625
Hopf,23,H:Re_49p022357:2133,Re_49p022357,49.0223566571,2133,2534.9990234375,40,2173,3424.472412109375,889.473388671875
Hopf,23,H:Re_49p022357:2133,Re_49p022357,49.0223566571,2133,2534.9990234375,41,2174,3446.709228515625,911.710205078125
Hopf,23,H:Re_49p022357:2133,Re_49p022357,49.0223566571,2133,2534.9990234375,42,2175,3468.946044921875,933.947021484375
Hopf,23,H:Re_49p022357:2133,Re_49p022357,49.0223566571,2133,2534.9990234375,43,2176,3491.182861328125,956.183837890625
Hopf,23,H:Re_49p022357:2133,Re_49p022357,49.0223566571,2133,2534.9990234375,44,2177,3513.419677734375,978.420654296875
Hopf,23,H:Re_49p022357:2133,Re_49p022357,49.0223566571,2133,2534.9990234375,45,2178,3535.656494140625,1000.657470703125
Hopf,23,H:Re_49p022357:2133,Re_49p022357,49.0223566571,2133,2534.9990234375,46,2179,3557.893310546875,1022.894287109375
Hopf,23,H:Re_49p022357:2133,Re_49p022357,49.0223566571,2133,2534.9990234375,47,2180,3580.130126953125,1045.131103515625
Hopf,23,H:Re_49p022357:2133,Re_49p022357,49.0223566571,2133,2534.9990234375,48,2181,3602.366943359375,1067.367919921875
Hopf,24,H:Re_49p022357:2141,Re_49p022357,49.0223566571,2141,2712.8935546875,1,2142,2735.130615234375,22.237060546875
Hopf,24,H:Re_49p022357:2141,Re_49p022357,49.0223566571,2141,2712.8935546875,2,2143,2757.367431640625,44.473876953125
Hopf,24,H:Re_49p022357:2141,Re_49p022357,49.0223566571,2141,2712.8935546875,3,2144,2779.604248046875,66.710693359375
Hopf,24,H:Re_49p022357:2141,Re_49p022357,49.0223566571,2141,2712.8935546875,4,2145,2801.841064453125,88.947509765625
Hopf,24,H:Re_49p022357:2141,Re_49p022357,49.0223566571,2141,2712.8935546875,5,2146,2824.077880859375,111.184326171875
Hopf,24,H:Re_49p022357:2141,Re_49p022357,49.0223566571,2141,2712.8935546875,6,2147,2846.314697265625,133.421142578125
Hopf,24,H:Re_49p022357:2141,Re_49p022357,49.0223566571,2141,2712.8935546875,7,2148,2868.551513671875,155.657958984375
Hopf,24,H:Re_49p022357:2141,Re_49p022357,49.0223566571,2141,2712.8935546875,8,2149,2890.788330078125,177.894775390625
Hopf,24,H:Re_49p022357:2141,Re_49p022357,49.0223566571,2141,2712.8935546875,9,2150,2913.025146484375,200.131591796875
Hopf,24,H:Re_49p022357:2141,Re_49p022357,49.0223566571,2141,2712.8935546875,10,2151,2935.261962890625,222.368408203125
Hopf,24,H:Re_49p022357:2141,Re_49p022357,49.0223566571,2141,2712.8935546875,11,2152,2957.498779296875,244.605224609375
Hopf,24,H:Re_49p022357:2141,Re_49p022357,49.0223566571,2141,2712.8935546875,12,2153,2979.735595703125,266.842041015625
Hopf,24,H:Re_49p022357:2141,Re_49p022357,49.0223566571,2141,2712.8935546875,13,2154,3001.972412109375,289.078857421875
Hopf,24,H:Re_49p022357:2141,Re_49p022357,49.0223566571,2141,2712.8935546875,14,2155,3024.209228515625,311.315673828125
Hopf,24,H:Re_49p022357:2141,Re_49p022357,49.0223566571,2141,2712.8935546875,15,2156,3046.4462890625,333.552734375
Hopf,24,H:Re_49p022357:2141,Re_49p022357,49.0223566571,2141,2712.8935546875,16,2157,3068.68310546875,355.78955078125
Hopf,24,H:Re_49p022357:2141,Re_49p022357,49.0223566571,2141,2712.8935546875,17,2158,3090.919921875,378.0263671875
Hopf,24,H:Re_49p022357:2141,Re_49p022357,49.0223566571,2141,2712.8935546875,18,2159,3113.15673828125,400.26318359375
Hopf,24,H:Re_49p022357:2141,Re_49p022357,49.0223566571,2141,2712.8935546875,19,2160,3135.3935546875,422.5
Hopf,24,H:Re_49p022357:2141,Re_49p022357,49.0223566571,2141,2712.8935546875,20,2161,3157.63037109375,444.73681640625
Hopf,24,H:Re_49p022357:2141,Re_49p022357,49.0223566571,2141,2712.8935546875,21,2162,3179.8671875,466.9736328125
Hopf,24,H:Re_49p022357:2141,Re_49p022357,49.0223566571,2141,2712.8935546875,22,2163,3202.10400390625,489.21044921875
Hopf,24,H:Re_49p022357:2141,Re_49p022357,49.0223566571,2141,2712.8935546875,23,2164,3224.3408203125,511.447265625
Hopf,24,H:Re_49p022357:2141,Re_49p022357,49.0223566571,2141,2712.8935546875,24,2165,3246.57763671875,533.68408203125
Hopf,24,H:Re_49p022357:2141,Re_49p022357,49.0223566571,2141,2712.8935546875,25,2166,3268.814453125,555.9208984375
Hopf,24,H:Re_49p022357:2141,Re_49p022357,49.0223566571,2141,2712.8935546875,26,2167,3291.05126953125,578.15771484375
Hopf,24,H:Re_49p022357:2141,Re_49p022357,49.0223566571,2141,2712.8935546875,27,2168,3313.2880859375,600.39453125
Hopf,24,H:Re_49p022357:2141,Re_49p022357,49.0223566571,2141,2712.8935546875,28,2169,3335.52490234375,622.63134765625
Hopf,24,H:Re_49p022357:2141,Re_49p022357,49.0223566571,2141,2712.8935546875,29,2170,3357.761962890625,644.868408203125
Hopf,24,H:Re_49p022357:2141,Re_49p022357,49.0223566571,2141,2712.8935546875,30,2171,3379.998779296875,667.105224609375
Hopf,24,H:Re_49p022357:2141,Re_49p022357,49.0223566571,2141,2712.8935546875,31,2172,3402.235595703125,689.342041015625
Hopf,24,H:Re_49p022357:2141,Re_49p022357,49.0223566571,2141,2712.8935546875,32,2173,3424.472412109375,711.578857421875
Hopf,24,H:Re_49p022357:2141,Re_49p022357,49.0223566571,2141,2712.8935546875,33,2174,3446.709228515625,733.815673828125
Hopf,24,H:Re_49p022357:2141,Re_49p022357,49.0223566571,2141,2712.8935546875,34,2175,3468.946044921875,756.052490234375
Hopf,24,H:Re_49p022357:2141,Re_49p022357,49.0223566571,2141,2712.8935546875,35,2176,3491.182861328125,778.289306640625
Hopf,24,H:Re_49p022357:2141,Re_49p022357,49.0223566571,2141,2712.8935546875,36,2177,3513.419677734375,800.526123046875
Hopf,24,H:Re_49p022357:2141,Re_49p022357,49.0223566571,2141,2712.8935546875,37,2178,3535.656494140625,822.762939453125
Hopf,24,H:Re_49p022357:2141,Re_49p022357,49.0223566571,2141,2712.8935546875,38,2179,3557.893310546875,844.999755859375
Hopf,24,H:Re_49p022357:2141,Re_49p022357,49.0223566571,2141,2712.8935546875,39,2180,3580.130126953125,867.236572265625
Hopf,24,H:Re_49p022357:2141,Re_49p022357,49.0223566571,2141,2712.8935546875,40,2181,3602.366943359375,889.473388671875
Hopf,24,H:Re_49p022357:2141,Re_49p022357,49.0223566571,2141,2712.8935546875,41,2182,3624.603759765625,911.710205078125
Hopf,24,H:Re_49p022357:2141,Re_49p022357,49.0223566571,2141,2712.8935546875,42,2183,3646.840576171875,933.947021484375
Hopf,24,H:Re_49p022357:2141,Re_49p022357,49.0223566571,2141,2712.8935546875,43,2184,3669.077392578125,956.183837890625
Hopf,24,H:Re_49p022357:2141,Re_49p022357,49.0223566571,2141,2712.8935546875,44,2185,3691.314453125,978.4208984375
Hopf,24,H:Re_49p022357:2141,Re_49p022357,49.0223566571,2141,2712.8935546875,45,2186,3713.55126953125,1000.65771484375
Hopf,24,H:Re_49p022357:2141,Re_49p022357,49.0223566571,2141,2712.8935546875,46,2187,3735.7880859375,1022.89453125
Hopf,24,H:Re_49p022357:2141,Re_49p022357,49.0223566571,2141,2712.8935546875,47,2188,3758.02490234375,1045.13134765625
Hopf,24,H:Re_49p022357:2141,Re_49p022357,49.0223566571,2141,2712.8935546875,48,2189,3780.26171875,1067.3681640625
Hopf,25,H:Re_49p022357:2149,Re_49p022357,49.0223566571,2149,2890.788330078125,1,2150,2913.025146484375,22.23681640625
Hopf,25,H:Re_49p022357:2149,Re_49p022357,49.0223566571,2149,2890.788330078125,2,2151,2935.261962890625,44.4736328125
Hopf,25,H:Re_49p022357:2149,Re_49p022357,49.0223566571,2149,2890.788330078125,3,2152,2957.498779296875,66.71044921875
Hopf,25,H:Re_49p022357:2149,Re_49p022357,49.0223566571,2149,2890.788330078125,4,2153,2979.735595703125,88.947265625
Hopf,25,H:Re_49p022357:2149,Re_49p022357,49.0223566571,2149,2890.788330078125,5,2154,3001.972412109375,111.18408203125
Hopf,25,H:Re_49p022357:2149,Re_49p022357,49.0223566571,2149,2890.788330078125,6,2155,3024.209228515625,133.4208984375
Hopf,25,H:Re_49p022357:2149,Re_49p022357,49.0223566571,2149,2890.788330078125,7,2156,3046.4462890625,155.657958984375
Hopf,25,H:Re_49p022357:2149,Re_49p022357,49.0223566571,2149,2890.788330078125,8,2157,3068.68310546875,177.894775390625
Hopf,25,H:Re_49p022357:2149,Re_49p022357,49.0223566571,2149,2890.788330078125,9,2158,3090.919921875,200.131591796875
Hopf,25,H:Re_49p022357:2149,Re_49p022357,49.0223566571,2149,2890.788330078125,10,2159,3113.15673828125,222.368408203125
Hopf,25,H:Re_49p022357:2149,Re_49p022357,49.0223566571,2149,2890.788330078125,11,2160,3135.3935546875,244.605224609375
Hopf,25,H:Re_49p022357:2149,Re_49p022357,49.0223566571,2149,2890.788330078125,12,2161,3157.63037109375,266.842041015625
Hopf,25,H:Re_49p022357:2149,Re_49p022357,49.0223566571,2149,2890.788330078125,13,2162,3179.8671875,289.078857421875
Hopf,25,H:Re_49p022357:2149,Re_49p022357,49.0223566571,2149,2890.788330078125,14,2163,3202.10400390625,311.315673828125
Hopf,25,H:Re_49p022357:2149,Re_49p022357,49.0223566571,2149,2890.788330078125,15,2164,3224.3408203125,333.552490234375
Hopf,25,H:Re_49p022357:2149,Re_49p022357,49.0223566571,2149,2890.788330078125,16,2165,3246.57763671875,355.789306640625
Hopf,25,H:Re_49p022357:2149,Re_49p022357,49.0223566571,2149,2890.788330078125,17,2166,3268.814453125,378.026123046875
Hopf,25,H:Re_49p022357:2149,Re_49p022357,49.0223566571,2149,2890.788330078125,18,2167,3291.05126953125,400.262939453125
Hopf,25,H:Re_49p022357:2149,Re_49p022357,49.0223566571,2149,2890.788330078125,19,2168,3313.2880859375,422.499755859375
Hopf,25,H:Re_49p022357:2149,Re_49p022357,49.0223566571,2149,2890.788330078125,20,2169,3335.52490234375,444.736572265625
Hopf,25,H:Re_49p022357:2149,Re_49p022357,49.0223566571,2149,2890.788330078125,21,2170,3357.761962890625,466.9736328125
Hopf,25,H:Re_49p022357:2149,Re_49p022357,49.0223566571,2149,2890.788330078125,22,2171,3379.998779296875,489.21044921875
Hopf,25,H:Re_49p022357:2149,Re_49p022357,49.0223566571,2149,2890.788330078125,23,2172,3402.235595703125,511.447265625
Hopf,25,H:Re_49p022357:2149,Re_49p022357,49.0223566571,2149,2890.788330078125,24,2173,3424.472412109375,533.68408203125
Hopf,25,H:Re_49p022357:2149,Re_49p022357,49.0223566571,2149,2890.788330078125,25,2174,3446.709228515625,555.9208984375
Hopf,25,H:Re_49p022357:2149,Re_49p022357,49.0223566571,2149,2890.788330078125,26,2175,3468.946044921875,578.15771484375
Hopf,25,H:Re_49p022357:2149,Re_49p022357,49.0223566571,2149,2890.788330078125,27,2176,3491.182861328125,600.39453125
Hopf,25,H:Re_49p022357:2149,Re_49p022357,49.0223566571,2149,2890.788330078125,28,2177,3513.419677734375,622.63134765625
Hopf,25,H:Re_49p022357:2149,Re_49p022357,49.0223566571,2149,2890.788330078125,29,2178,3535.656494140625,644.8681640625
Hopf,25,H:Re_49p022357:2149,Re_49p022357,49.0223566571,2149,2890.788330078125,30,2179,3557.893310546875,667.10498046875
Hopf,25,H:Re_49p022357:2149,Re_49p022357,49.0223566571,2149,2890.788330078125,31,2180,3580.130126953125,689.341796875
Hopf,25,H:Re_49p022357:2149,Re_49p022357,49.0223566571,2149,2890.788330078125,32,2181,3602.366943359375,711.57861328125
Hopf,25,H:Re_49p022357:2149,Re_49p022357,49.0223566571,2149,2890.788330078125,33,2182,3624.603759765625,733.8154296875
Hopf,25,H:Re_49p022357:2149,Re_49p022357,49.0223566571,2149,2890.788330078125,34,2183,3646.840576171875,756.05224609375
Hopf,25,H:Re_49p022357:2149,Re_49p022357,49.0223566571,2149,2890.788330078125,35,2184,3669.077392578125,778.2890625
Hopf,25,H:Re_49p022357:2149,Re_49p022357,49.0223566571,2149,2890.788330078125,36,2185,3691.314453125,800.526123046875
Hopf,25,H:Re_49p022357:2149,Re_49p022357,49.0223566571,2149,2890.788330078125,37,2186,3713.55126953125,822.762939453125
Hopf,25,H:Re_49p022357:2149,Re_49p022357,49.0223566571,2149,2890.788330078125,38,2187,3735.7880859375,844.999755859375
Hopf,25,H:Re_49p022357:2149,Re_49p022357,49.0223566571,2149,2890.788330078125,39,2188,3758.02490234375,867.236572265625
Hopf,25,H:Re_49p022357:2149,Re_49p022357,49.0223566571,2149,2890.788330078125,40,2189,3780.26171875,889.473388671875
Hopf,25,H:Re_49p022357:2149,Re_49p022357,49.0223566571,2149,2890.788330078125,41,2190,3802.49853515625,911.710205078125
Hopf,25,H:Re_49p022357:2149,Re_49p022357,49.0223566571,2149,2890.788330078125,42,2191,3824.7353515625,933.947021484375
Hopf,25,H:Re_49p022357:2149,Re_49p022357,49.0223566571,2149,2890.788330078125,43,2192,3846.97216796875,956.183837890625
Hopf,25,H:Re_49p022357:2149,Re_49p022357,49.0223566571,2149,2890.788330078125,44,2193,3869.208984375,978.420654296875
Hopf,25,H:Re_49p022357:2149,Re_49p022357,49.0223566571,2149,2890.788330078125,45,2194,3891.44580078125,1000.657470703125
Hopf,25,H:Re_49p022357:2149,Re_49p022357,49.0223566571,2149,2890.788330078125,46,2195,3913.6826171875,1022.894287109375
Hopf,25,H:Re_49p022357:2149,Re_49p022357,49.0223566571,2149,2890.788330078125,47,2196,3935.91943359375,1045.131103515625
Hopf,25,H:Re_49p022357:2149,Re_49p022357,49.0223566571,2149,2890.788330078125,48,2197,3958.15625,1067.367919921875
Hopf,26,H:Re_49p022357:2157,Re_49p022357,49.0223566571,2157,3068.68310546875,1,2158,3090.919921875,22.23681640625
Hopf,26,H:Re_49p022357:2157,Re_49p022357,49.0223566571,2157,3068.68310546875,2,2159,3113.15673828125,44.4736328125
Hopf,26,H:Re_49p022357:2157,Re_49p022357,49.0223566571,2157,3068.68310546875,3,2160,3135.3935546875,66.71044921875
Hopf,26,H:Re_49p022357:2157,Re_49p022357,49.0223566571,2157,3068.68310546875,4,2161,3157.63037109375,88.947265625
Hopf,26,H:Re_49p022357:2157,Re_49p022357,49.0223566571,2157,3068.68310546875,5,2162,3179.8671875,111.18408203125
Hopf,26,H:Re_49p022357:2157,Re_49p022357,49.0223566571,2157,3068.68310546875,6,2163,3202.10400390625,133.4208984375
Hopf,26,H:Re_49p022357:2157,Re_49p022357,49.0223566571,2157,3068.68310546875,7,2164,3224.3408203125,155.65771484375
Hopf,26,H:Re_49p022357:2157,Re_49p022357,49.0223566571,2157,3068.68310546875,8,2165,3246.57763671875,177.89453125
Hopf,26,H:Re_49p022357:2157,Re_49p022357,49.0223566571,2157,3068.68310546875,9,2166,3268.814453125,200.13134765625
Hopf,26,H:Re_49p022357:2157,Re_49p022357,49.0223566571,2157,3068.68310546875,10,2167,3291.05126953125,222.3681640625
Hopf,26,H:Re_49p022357:2157,Re_49p022357,49.0223566571,2157,3068.68310546875,11,2168,3313.2880859375,244.60498046875
Hopf,26,H:Re_49p022357:2157,Re_49p022357,49.0223566571,2157,3068.68310546875,12,2169,3335.52490234375,266.841796875
Hopf,26,H:Re_49p022357:2157,Re_49p022357,49.0223566571,2157,3068.68310546875,13,2170,3357.761962890625,289.078857421875
Hopf,26,H:Re_49p022357:2157,Re_49p022357,49.0223566571,2157,3068.68310546875,14,2171,3379.998779296875,311.315673828125
Hopf,26,H:Re_49p022357:2157,Re_49p022357,49.0223566571,2157,3068.68310546875,15,2172,3402.235595703125,333.552490234375
Hopf,26,H:Re_49p022357:2157,Re_49p022357,49.0223566571,2157,3068.68310546875,16,2173,3424.472412109375,355.789306640625
Hopf,26,H:Re_49p022357:2157,Re_49p022357,49.0223566571,2157,3068.68310546875,17,2174,3446.709228515625,378.026123046875
Hopf,26,H:Re_49p022357:2157,Re_49p022357,49.0223566571,2157,3068.68310546875,18,2175,3468.946044921875,400.262939453125
Hopf,26,H:Re_49p022357:2157,Re_49p022357,49.0223566571,2157,3068.68310546875,19,2176,3491.182861328125,422.499755859375
Hopf,26,H:Re_49p022357:2157,Re_49p022357,49.0223566571,2157,3068.68310546875,20,2177,3513.419677734375,444.736572265625
Hopf,26,H:Re_49p022357:2157,Re_49p022357,49.0223566571,2157,3068.68310546875,21,2178,3535.656494140625,466.973388671875
Hopf,26,H:Re_49p022357:2157,Re_49p022357,49.0223566571,2157,3068.68310546875,22,2179,3557.893310546875,489.210205078125
Hopf,26,H:Re_49p022357:2157,Re_49p022357,49.0223566571,2157,3068.68310546875,23,2180,3580.130126953125,511.447021484375
Hopf,26,H:Re_49p022357:2157,Re_49p022357,49.0223566571,2157,3068.68310546875,24,2181,3602.366943359375,533.683837890625
Hopf,26,H:Re_49p022357:2157,Re_49p022357,49.0223566571,2157,3068.68310546875,25,2182,3624.603759765625,555.920654296875
Hopf,26,H:Re_49p022357:2157,Re_49p022357,49.0223566571,2157,3068.68310546875,26,2183,3646.840576171875,578.157470703125
Hopf,26,H:Re_49p022357:2157,Re_49p022357,49.0223566571,2157,3068.68310546875,27,2184,3669.077392578125,600.394287109375
Hopf,26,H:Re_49p022357:2157,Re_49p022357,49.0223566571,2157,3068.68310546875,28,2185,3691.314453125,622.63134765625
Hopf,26,H:Re_49p022357:2157,Re_49p022357,49.0223566571,2157,3068.68310546875,29,2186,3713.55126953125,644.8681640625
Hopf,26,H:Re_49p022357:2157,Re_49p022357,49.0223566571,2157,3068.68310546875,30,2187,3735.7880859375,667.10498046875
Hopf,26,H:Re_49p022357:2157,Re_49p022357,49.0223566571,2157,3068.68310546875,31,2188,3758.02490234375,689.341796875
Hopf,26,H:Re_49p022357:2157,Re_49p022357,49.0223566571,2157,3068.68310546875,32,2189,3780.26171875,711.57861328125
Hopf,26,H:Re_49p022357:2157,Re_49p022357,49.0223566571,2157,3068.68310546875,33,2190,3802.49853515625,733.8154296875
Hopf,26,H:Re_49p022357:2157,Re_49p022357,49.0223566571,2157,3068.68310546875,34,2191,3824.7353515625,756.05224609375
Hopf,26,H:Re_49p022357:2157,Re_49p022357,49.0223566571,2157,3068.68310546875,35,2192,3846.97216796875,778.2890625
Hopf,26,H:Re_49p022357:2157,Re_49p022357,49.0223566571,2157,3068.68310546875,36,2193,3869.208984375,800.52587890625
Hopf,26,H:Re_49p022357:2157,Re_49p022357,49.0223566571,2157,3068.68310546875,37,2194,3891.44580078125,822.7626953125
Hopf,26,H:Re_49p022357:2157,Re_49p022357,49.0223566571,2157,3068.68310546875,38,2195,3913.6826171875,844.99951171875
Hopf,26,H:Re_49p022357:2157,Re_49p022357,49.0223566571,2157,3068.68310546875,39,2196,3935.91943359375,867.236328125
Hopf,26,H:Re_49p022357:2157,Re_49p022357,49.0223566571,2157,3068.68310546875,40,2197,3958.15625,889.47314453125
Hopf,26,H:Re_49p022357:2157,Re_49p022357,49.0223566571,2157,3068.68310546875,41,2198,3980.39306640625,911.7099609375
Hopf,26,H:Re_49p022357:2157,Re_49p022357,49.0223566571,2157,3068.68310546875,42,2199,4002.630126953125,933.947021484375
Hopf,26,H:Re_49p022357:2157,Re_49p022357,49.0223566571,2157,3068.68310546875,43,2200,4024.866943359375,956.183837890625
Hopf,26,H:Re_49p022357:2157,Re_49p022357,49.0223566571,2157,3068.68310546875,44,2201,4047.103759765625,978.420654296875
Hopf,26,H:Re_49p022357:2157,Re_49p022357,49.0223566571,2157,3068.68310546875,45,2202,4069.340576171875,1000.657470703125
Hopf,26,H:Re_49p022357:2157,Re_49p022357,49.0223566571,2157,3068.68310546875,46,2203,4091.5712890625,1022.88818359375
Hopf,26,H:Re_49p022357:2157,Re_49p022357,49.0223566571,2157,3068.68310546875,47,2204,4113.80810546875,1045.125
Hopf,26,H:Re_49p022357:2157,Re_49p022357,49.0223566571,2157,3068.68310546875,48,2205,4136.044921875,1067.36181640625
Hopf,27,H:Re_49p022357:2165,Re_49p022357,49.0223566571,2165,3246.57763671875,1,2166,3268.814453125,22.23681640625
Hopf,27,H:Re_49p022357:2165,Re_49p022357,49.0223566571,2165,3246.57763671875,2,2167,3291.05126953125,44.4736328125
Hopf,27,H:Re_49p022357:2165,Re_49p022357,49.0223566571,2165,3246.57763671875,3,2168,3313.2880859375,66.71044921875
Hopf,27,H:Re_49p022357:2165,Re_49p022357,49.0223566571,2165,3246.57763671875,4,2169,3335.52490234375,88.947265625
Hopf,27,H:Re_49p022357:2165,Re_49p022357,49.0223566571,2165,3246.57763671875,5,2170,3357.761962890625,111.184326171875
Hopf,27,H:Re_49p022357:2165,Re_49p022357,49.0223566571,2165,3246.57763671875,6,2171,3379.998779296875,133.421142578125
Hopf,27,H:Re_49p022357:2165,Re_49p022357,49.0223566571,2165,3246.57763671875,7,2172,3402.235595703125,155.657958984375
Hopf,27,H:Re_49p022357:2165,Re_49p022357,49.0223566571,2165,3246.57763671875,8,2173,3424.472412109375,177.894775390625
Hopf,27,H:Re_49p022357:2165,Re_49p022357,49.0223566571,2165,3246.57763671875,9,2174,3446.709228515625,200.131591796875
Hopf,27,H:Re_49p022357:2165,Re_49p022357,49.0223566571,2165,3246.57763671875,10,2175,3468.946044921875,222.368408203125
Hopf,27,H:Re_49p022357:2165,Re_49p022357,49.0223566571,2165,3246.57763671875,11,2176,3491.182861328125,244.605224609375
Hopf,27,H:Re_49p022357:2165,Re_49p022357,49.0223566571,2165,3246.57763671875,12,2177,3513.419677734375,266.842041015625
Hopf,27,H:Re_49p022357:2165,Re_49p022357,49.0223566571,2165,3246.57763671875,13,2178,3535.656494140625,289.078857421875
Hopf,27,H:Re_49p022357:2165,Re_49p022357,49.0223566571,2165,3246.57763671875,14,2179,3557.893310546875,311.315673828125
Hopf,27,H:Re_49p022357:2165,Re_49p022357,49.0223566571,2165,3246.57763671875,15,2180,3580.130126953125,333.552490234375
Hopf,27,H:Re_49p022357:2165,Re_49p022357,49.0223566571,2165,3246.57763671875,16,2181,3602.366943359375,355.789306640625
Hopf,27,H:Re_49p022357:2165,Re_49p022357,49.0223566571,2165,3246.57763671875,17,2182,3624.603759765625,378.026123046875
Hopf,27,H:Re_49p022357:2165,Re_49p022357,49.0223566571,2165,3246.57763671875,18,2183,3646.840576171875,400.262939453125
Hopf,27,H:Re_49p022357:2165,Re_49p022357,49.0223566571,2165,3246.57763671875,19,2184,3669.077392578125,422.499755859375
Hopf,27,H:Re_49p022357:2165,Re_49p022357,49.0223566571,2165,3246.57763671875,20,2185,3691.314453125,444.73681640625
Hopf,27,H:Re_49p022357:2165,Re_49p022357,49.0223566571,2165,3246.57763671875,21,2186,3713.55126953125,466.9736328125
Hopf,27,H:Re_49p022357:2165,Re_49p022357,49.0223566571,2165,3246.57763671875,22,2187,3735.7880859375,489.21044921875
Hopf,27,H:Re_49p022357:2165,Re_49p022357,49.0223566571,2165,3246.57763671875,23,2188,3758.02490234375,511.447265625
Hopf,27,H:Re_49p022357:2165,Re_49p022357,49.0223566571,2165,3246.57763671875,24,2189,3780.26171875,533.68408203125
Hopf,27,H:Re_49p022357:2165,Re_49p022357,49.0223566571,2165,3246.57763671875,25,2190,3802.49853515625,555.9208984375
Hopf,27,H:Re_49p022357:2165,Re_49p022357,49.0223566571,2165,3246.57763671875,26,2191,3824.7353515625,578.15771484375
Hopf,27,H:Re_49p022357:2165,Re_49p022357,49.0223566571,2165,3246.57763671875,27,2192,3846.97216796875,600.39453125
Hopf,27,H:Re_49p022357:2165,Re_49p022357,49.0223566571,2165,3246.57763671875,28,2193,3869.208984375,622.63134765625
Hopf,27,H:Re_49p022357:2165,Re_49p022357,49.0223566571,2165,3246.57763671875,29,2194,3891.44580078125,644.8681640625
Hopf,27,H:Re_49p022357:2165,Re_49p022357,49.0223566571,2165,3246.57763671875,30,2195,3913.6826171875,667.10498046875
Hopf,27,H:Re_49p022357:2165,Re_49p022357,49.0223566571,2165,3246.57763671875,31,2196,3935.91943359375,689.341796875
Hopf,27,H:Re_49p022357:2165,Re_49p022357,49.0223566571,2165,3246.57763671875,32,2197,3958.15625,711.57861328125
Hopf,27,H:Re_49p022357:2165,Re_49p022357,49.0223566571,2165,3246.57763671875,33,2198,3980.39306640625,733.8154296875
Hopf,27,H:Re_49p022357:2165,Re_49p022357,49.0223566571,2165,3246.57763671875,34,2199,4002.630126953125,756.052490234375
Hopf,27,H:Re_49p022357:2165,Re_49p022357,49.0223566571,2165,3246.57763671875,35,2200,4024.866943359375,778.289306640625
Hopf,27,H:Re_49p022357:2165,Re_49p022357,49.0223566571,2165,3246.57763671875,36,2201,4047.103759765625,800.526123046875
Hopf,27,H:Re_49p022357:2165,Re_49p022357,49.0223566571,2165,3246.57763671875,37,2202,4069.340576171875,822.762939453125
Hopf,27,H:Re_49p022357:2165,Re_49p022357,49.0223566571,2165,3246.57763671875,38,2203,4091.5712890625,844.99365234375
Hopf,27,H:Re_49p022357:2165,Re_49p022357,49.0223566571,2165,3246.57763671875,39,2204,4113.80810546875,867.23046875
Hopf,27,H:Re_49p022357:2165,Re_49p022357,49.0223566571,2165,3246.57763671875,40,2205,4136.044921875,889.46728515625
Hopf,27,H:Re_49p022357:2165,Re_49p022357,49.0223566571,2165,3246.57763671875,41,2206,4158.28173828125,911.7041015625
Hopf,27,H:Re_49p022357:2165,Re_49p022357,49.0223566571,2165,3246.57763671875,42,2207,4180.5185546875,933.94091796875
Hopf,27,H:Re_49p022357:2165,Re_49p022357,49.0223566571,2165,3246.57763671875,43,2208,4202.75537109375,956.177734375
Hopf,27,H:Re_49p022357:2165,Re_49p022357,49.0223566571,2165,3246.57763671875,44,2209,4224.9921875,978.41455078125
Hopf,27,H:Re_49p022357:2165,Re_49p022357,49.0223566571,2165,3246.57763671875,45,2210,4247.22900390625,1000.6513671875
Hopf,27,H:Re_49p022357:2165,Re_49p022357,49.0223566571,2165,3246.57763671875,46,2211,4269.4658203125,1022.88818359375
Hopf,27,H:Re_49p022357:2165,Re_49p022357,49.0223566571,2165,3246.57763671875,47,2212,4291.70263671875,1045.125
Hopf,27,H:Re_49p022357:2165,Re_49p022357,49.0223566571,2165,3246.57763671875,48,2213,4313.93896484375,1067.361328125
Hopf,28,H:Re_51p786450:3190,Re_51p786450,51.7864496836,3190,1447.2744140625,1,3191,1468.557861328125,21.283447265625
Hopf,28,H:Re_51p786450:3190,Re_51p786450,51.7864496836,3190,1447.2744140625,2,3192,1489.84130859375,42.56689453125
Hopf,28,H:Re_51p786450:3190,Re_51p786450,51.7864496836,3190,1447.2744140625,3,3193,1511.124755859375,63.850341796875
Hopf,28,H:Re_51p786450:3190,Re_51p786450,51.7864496836,3190,1447.2744140625,4,3194,1532.408203125,85.1337890625
Hopf,28,H:Re_51p786450:3190,Re_51p786450,51.7864496836,3190,1447.2744140625,5,3195,1553.691650390625,106.417236328125
Hopf,28,H:Re_51p786450:3190,Re_51p786450,51.7864496836,3190,1447.2744140625,6,3196,1574.97509765625,127.70068359375
Hopf,28,H:Re_51p786450:3190,Re_51p786450,51.7864496836,3190,1447.2744140625,7,3197,1596.258544921875,148.984130859375
Hopf,28,H:Re_51p786450:3190,Re_51p786450,51.7864496836,3190,1447.2744140625,8,3198,1617.5419921875,170.267578125
Hopf,28,H:Re_51p786450:3190,Re_51p786450,51.7864496836,3190,1447.2744140625,9,3199,1638.825439453125,191.551025390625
Hopf,28,H:Re_51p786450:3190,Re_51p786450,51.7864496836,3190,1447.2744140625,10,3200,1660.10888671875,212.83447265625
Hopf,28,H:Re_51p786450:3190,Re_51p786450,51.7864496836,3190,1447.2744140625,11,3201,1681.392333984375,234.117919921875
Hopf,28,H:Re_51p786450:3190,Re_51p786450,51.7864496836,3190,1447.2744140625,12,3202,1702.67578125,255.4013671875
Hopf,28,H:Re_51p786450:3190,Re_51p786450,51.7864496836,3190,1447.2744140625,13,3203,1723.959228515625,276.684814453125
Hopf,28,H:Re_51p786450:3190,Re_51p786450,51.7864496836,3190,1447.2744140625,14,3204,1745.24267578125,297.96826171875
Hopf,28,H:Re_51p786450:3190,Re_51p786450,51.7864496836,3190,1447.2744140625,15,3205,1766.526123046875,319.251708984375
Hopf,28,H:Re_51p786450:3190,Re_51p786450,51.7864496836,3190,1447.2744140625,16,3206,1787.8095703125,340.53515625
Hopf,28,H:Re_51p786450:3190,Re_51p786450,51.7864496836,3190,1447.2744140625,17,3207,1809.093017578125,361.818603515625
Hopf,28,H:Re_51p786450:3190,Re_51p786450,51.7864496836,3190,1447.2744140625,18,3208,1830.37646484375,383.10205078125
Hopf,28,H:Re_51p786450:3190,Re_51p786450,51.7864496836,3190,1447.2744140625,19,3209,1851.659912109375,404.385498046875
Hopf,28,H:Re_51p786450:3190,Re_51p786450,51.7864496836,3190,1447.2744140625,20,3210,1872.943359375,425.6689453125
Hopf,28,H:Re_51p786450:3190,Re_51p786450,51.7864496836,3190,1447.2744140625,21,3211,1894.226806640625,446.952392578125
Hopf,28,H:Re_51p786450:3190,Re_51p786450,51.7864496836,3190,1447.2744140625,22,3212,1915.51025390625,468.23583984375
Hopf,28,H:Re_51p786450:3190,Re_51p786450,51.7864496836,3190,1447.2744140625,23,3213,1936.793701171875,489.519287109375
Hopf,28,H:Re_51p786450:3190,Re_51p786450,51.7864496836,3190,1447.2744140625,24,3214,1958.0771484375,510.802734375
Hopf,28,H:Re_51p786450:3190,Re_51p786450,51.7864496836,3190,1447.2744140625,25,3215,1979.360595703125,532.086181640625
Hopf,28,H:Re_51p786450:3190,Re_51p786450,51.7864496836,3190,1447.2744140625,26,3216,2000.64404296875,553.36962890625
Hopf,28,H:Re_51p786450:3190,Re_51p786450,51.7864496836,3190,1447.2744140625,27,3217,2021.927490234375,574.653076171875
Hopf,28,H:Re_51p786450:3190,Re_51p786450,51.7864496836,3190,1447.2744140625,28,3218,2043.2109375,595.9365234375
Hopf,28,H:Re_51p786450:3190,Re_51p786450,51.7864496836,3190,1447.2744140625,29,3219,2064.494384765625,617.219970703125
Hopf,28,H:Re_51p786450:3190,Re_51p786450,51.7864496836,3190,1447.2744140625,30,3220,2085.77783203125,638.50341796875
Hopf,28,H:Re_51p786450:3190,Re_51p786450,51.7864496836,3190,1447.2744140625,31,3221,2107.061279296875,659.786865234375
Hopf,28,H:Re_51p786450:3190,Re_51p786450,51.7864496836,3190,1447.2744140625,32,3222,2128.3447265625,681.0703125
Hopf,28,H:Re_51p786450:3190,Re_51p786450,51.7864496836,3190,1447.2744140625,33,3223,2149.628173828125,702.353759765625
Hopf,28,H:Re_51p786450:3190,Re_51p786450,51.7864496836,3190,1447.2744140625,34,3224,2170.91162109375,723.63720703125
Hopf,28,H:Re_51p786450:3190,Re_51p786450,51.7864496836,3190,1447.2744140625,35,3225,2192.195068359375,744.920654296875
Hopf,28,H:Re_51p786450:3190,Re_51p786450,51.7864496836,3190,1447.2744140625,36,3226,2213.478515625,766.2041015625
Hopf,28,H:Re_51p786450:3190,Re_51p786450,51.7864496836,3190,1447.2744140625,37,3227,2234.761962890625,787.487548828125
Hopf,28,H:Re_51p786450:3190,Re_51p786450,51.7864496836,3190,1447.2744140625,38,3228,2256.04541015625,808.77099609375
Hopf,28,H:Re_51p786450:3190,Re_51p786450,51.7864496836,3190,1447.2744140625,39,3229,2277.328857421875,830.054443359375
Hopf,28,H:Re_51p786450:3190,Re_51p786450,51.7864496836,3190,1447.2744140625,40,3230,2298.6123046875,851.337890625
Hopf,28,H:Re_51p786450:3190,Re_51p786450,51.7864496836,3190,1447.2744140625,41,3231,2319.895751953125,872.621337890625
Hopf,28,H:Re_51p786450:3190,Re_51p786450,51.7864496836,3190,1447.2744140625,42,3232,2341.17919921875,893.90478515625
Hopf,28,H:Re_51p786450:3190,Re_51p786450,51.7864496836,3190,1447.2744140625,43,3233,2362.462646484375,915.188232421875
Hopf,28,H:Re_51p786450:3190,Re_51p786450,51.7864496836,3190,1447.2744140625,44,3234,2383.74609375,936.4716796875
Hopf,28,H:Re_51p786450:3190,Re_51p786450,51.7864496836,3190,1447.2744140625,45,3235,2405.029541015625,957.755126953125
Hopf,28,H:Re_51p786450:3190,Re_51p786450,51.7864496836,3190,1447.2744140625,46,3236,2426.31298828125,979.03857421875
Hopf,28,H:Re_51p786450:3190,Re_51p786450,51.7864496836,3190,1447.2744140625,47,3237,2447.596435546875,1000.322021484375
Hopf,28,H:Re_51p786450:3190,Re_51p786450,51.7864496836,3190,1447.2744140625,48,3238,2468.8798828125,1021.60546875
Hopf,29,H:Re_51p786450:3198,Re_51p786450,51.7864496836,3198,1617.5419921875,1,3199,1638.825439453125,21.283447265625
Hopf,29,H:Re_51p786450:3198,Re_51p786450,51.7864496836,3198,1617.5419921875,2,3200,1660.10888671875,42.56689453125
Hopf,29,H:Re_51p786450:3198,Re_51p786450,51.7864496836,3198,1617.5419921875,3,3201,1681.392333984375,63.850341796875
Hopf,29,H:Re_51p786450:3198,Re_51p786450,51.7864496836,3198,1617.5419921875,4,3202,1702.67578125,85.1337890625
Hopf,29,H:Re_51p786450:3198,Re_51p786450,51.7864496836,3198,1617.5419921875,5,3203,1723.959228515625,106.417236328125
Hopf,29,H:Re_51p786450:3198,Re_51p786450,51.7864496836,3198,1617.5419921875,6,3204,1745.24267578125,127.70068359375
Hopf,29,H:Re_51p786450:3198,Re_51p786450,51.7864496836,3198,1617.5419921875,7,3205,1766.526123046875,148.984130859375
Hopf,29,H:Re_51p786450:3198,Re_51p786450,51.7864496836,3198,1617.5419921875,8,3206,1787.8095703125,170.267578125
Hopf,29,H:Re_51p786450:3198,Re_51p786450,51.7864496836,3198,1617.5419921875,9,3207,1809.093017578125,191.551025390625
Hopf,29,H:Re_51p786450:3198,Re_51p786450,51.7864496836,3198,1617.5419921875,10,3208,1830.37646484375,212.83447265625
Hopf,29,H:Re_51p786450:3198,Re_51p786450,51.7864496836,3198,1617.5419921875,11,3209,1851.659912109375,234.117919921875
Hopf,29,H:Re_51p786450:3198,Re_51p786450,51.7864496836,3198,1617.5419921875,12,3210,1872.943359375,255.4013671875
Hopf,29,H:Re_51p786450:3198,Re_51p786450,51.7864496836,3198,1617.5419921875,13,3211,1894.226806640625,276.684814453125
Hopf,29,H:Re_51p786450:3198,Re_51p786450,51.7864496836,3198,1617.5419921875,14,3212,1915.51025390625,297.96826171875
Hopf,29,H:Re_51p786450:3198,Re_51p786450,51.7864496836,3198,1617.5419921875,15,3213,1936.793701171875,319.251708984375
Hopf,29,H:Re_51p786450:3198,Re_51p786450,51.7864496836,3198,1617.5419921875,16,3214,1958.0771484375,340.53515625
Hopf,29,H:Re_51p786450:3198,Re_51p786450,51.7864496836,3198,1617.5419921875,17,3215,1979.360595703125,361.818603515625
Hopf,29,H:Re_51p786450:3198,Re_51p786450,51.7864496836,3198,1617.5419921875,18,3216,2000.64404296875,383.10205078125
Hopf,29,H:Re_51p786450:3198,Re_51p786450,51.7864496836,3198,1617.5419921875,19,3217,2021.927490234375,404.385498046875
Hopf,29,H:Re_51p786450:3198,Re_51p786450,51.7864496836,3198,1617.5419921875,20,3218,2043.2109375,425.6689453125
Hopf,29,H:Re_51p786450:3198,Re_51p786450,51.7864496836,3198,1617.5419921875,21,3219,2064.494384765625,446.952392578125
Hopf,29,H:Re_51p786450:3198,Re_51p786450,51.7864496836,3198,1617.5419921875,22,3220,2085.77783203125,468.23583984375
Hopf,29,H:Re_51p786450:3198,Re_51p786450,51.7864496836,3198,1617.5419921875,23,3221,2107.061279296875,489.519287109375
Hopf,29,H:Re_51p786450:3198,Re_51p786450,51.7864496836,3198,1617.5419921875,24,3222,2128.3447265625,510.802734375
Hopf,29,H:Re_51p786450:3198,Re_51p786450,51.7864496836,3198,1617.5419921875,25,3223,2149.628173828125,532.086181640625
Hopf,29,H:Re_51p786450:3198,Re_51p786450,51.7864496836,3198,1617.5419921875,26,3224,2170.91162109375,553.36962890625
Hopf,29,H:Re_51p786450:3198,Re_51p786450,51.7864496836,3198,1617.5419921875,27,3225,2192.195068359375,574.653076171875
Hopf,29,H:Re_51p786450:3198,Re_51p786450,51.7864496836,3198,1617.5419921875,28,3226,2213.478515625,595.9365234375
Hopf,29,H:Re_51p786450:3198,Re_51p786450,51.7864496836,3198,1617.5419921875,29,3227,2234.761962890625,617.219970703125
Hopf,29,H:Re_51p786450:3198,Re_51p786450,51.7864496836,3198,1617.5419921875,30,3228,2256.04541015625,638.50341796875
Hopf,29,H:Re_51p786450:3198,Re_51p786450,51.7864496836,3198,1617.5419921875,31,3229,2277.328857421875,659.786865234375
Hopf,29,H:Re_51p786450:3198,Re_51p786450,51.7864496836,3198,1617.5419921875,32,3230,2298.6123046875,681.0703125
Hopf,29,H:Re_51p786450:3198,Re_51p786450,51.7864496836,3198,1617.5419921875,33,3231,2319.895751953125,702.353759765625
Hopf,29,H:Re_51p786450:3198,Re_51p786450,51.7864496836,3198,1617.5419921875,34,3232,2341.17919921875,723.63720703125
Hopf,29,H:Re_51p786450:3198,Re_51p786450,51.7864496836,3198,1617.5419921875,35,3233,2362.462646484375,744.920654296875
Hopf,29,H:Re_51p786450:3198,Re_51p786450,51.7864496836,3198,1617.5419921875,36,3234,2383.74609375,766.2041015625
Hopf,29,H:Re_51p786450:3198,Re_51p786450,51.7864496836,3198,1617.5419921875,37,3235,2405.029541015625,787.487548828125
Hopf,29,H:Re_51p786450:3198,Re_51p786450,51.7864496836,3198,1617.5419921875,38,3236,2426.31298828125,808.77099609375
Hopf,29,H:Re_51p786450:3198,Re_51p786450,51.7864496836,3198,1617.5419921875,39,3237,2447.596435546875,830.054443359375
Hopf,29,H:Re_51p786450:3198,Re_51p786450,51.7864496836,3198,1617.5419921875,40,3238,2468.8798828125,851.337890625
Hopf,29,H:Re_51p786450:3198,Re_51p786450,51.7864496836,3198,1617.5419921875,41,3239,2490.163330078125,872.621337890625
Hopf,29,H:Re_51p786450:3198,Re_51p786450,51.7864496836,3198,1617.5419921875,42,3240,2511.44677734375,893.90478515625
Hopf,29,H:Re_51p786450:3198,Re_51p786450,51.7864496836,3198,1617.5419921875,43,3241,2532.730224609375,915.188232421875
Hopf,29,H:Re_51p786450:3198,Re_51p786450,51.7864496836,3198,1617.5419921875,44,3242,2554.013671875,936.4716796875
Hopf,29,H:Re_51p786450:3198,Re_51p786450,51.7864496836,3198,1617.5419921875,45,3243,2575.297119140625,957.755126953125
Hopf,29,H:Re_51p786450:3198,Re_51p786450,51.7864496836,3198,1617.5419921875,46,3244,2596.58056640625,979.03857421875
Hopf,29,H:Re_51p786450:3198,Re_51p786450,51.7864496836,3198,1617.5419921875,47,3245,2617.864013671875,1000.322021484375
Hopf,29,H:Re_51p786450:3198,Re_51p786450,51.7864496836,3198,1617.5419921875,48,3246,2639.1474609375,1021.60546875
Hopf,30,H:Re_51p786450:3206,Re_51p786450,51.7864496836,3206,1787.8095703125,1,3207,1809.093017578125,21.283447265625
Hopf,30,H:Re_51p786450:3206,Re_51p786450,51.7864496836,3206,1787.8095703125,2,3208,1830.37646484375,42.56689453125
Hopf,30,H:Re_51p786450:3206,Re_51p786450,51.7864496836,3206,1787.8095703125,3,3209,1851.659912109375,63.850341796875
Hopf,30,H:Re_51p786450:3206,Re_51p786450,51.7864496836,3206,1787.8095703125,4,3210,1872.943359375,85.1337890625
Hopf,30,H:Re_51p786450:3206,Re_51p786450,51.7864496836,3206,1787.8095703125,5,3211,1894.226806640625,106.417236328125
Hopf,30,H:Re_51p786450:3206,Re_51p786450,51.7864496836,3206,1787.8095703125,6,3212,1915.51025390625,127.70068359375
Hopf,30,H:Re_51p786450:3206,Re_51p786450,51.7864496836,3206,1787.8095703125,7,3213,1936.793701171875,148.984130859375
Hopf,30,H:Re_51p786450:3206,Re_51p786450,51.7864496836,3206,1787.8095703125,8,3214,1958.0771484375,170.267578125
Hopf,30,H:Re_51p786450:3206,Re_51p786450,51.7864496836,3206,1787.8095703125,9,3215,1979.360595703125,191.551025390625
Hopf,30,H:Re_51p786450:3206,Re_51p786450,51.7864496836,3206,1787.8095703125,10,3216,2000.64404296875,212.83447265625
Hopf,30,H:Re_51p786450:3206,Re_51p786450,51.7864496836,3206,1787.8095703125,11,3217,2021.927490234375,234.117919921875
Hopf,30,H:Re_51p786450:3206,Re_51p786450,51.7864496836,3206,1787.8095703125,12,3218,2043.2109375,255.4013671875
Hopf,30,H:Re_51p786450:3206,Re_51p786450,51.7864496836,3206,1787.8095703125,13,3219,2064.494384765625,276.684814453125
Hopf,30,H:Re_51p786450:3206,Re_51p786450,51.7864496836,3206,1787.8095703125,14,3220,2085.77783203125,297.96826171875
Hopf,30,H:Re_51p786450:3206,Re_51p786450,51.7864496836,3206,1787.8095703125,15,3221,2107.061279296875,319.251708984375
Hopf,30,H:Re_51p786450:3206,Re_51p786450,51.7864496836,3206,1787.8095703125,16,3222,2128.3447265625,340.53515625
Hopf,30,H:Re_51p786450:3206,Re_51p786450,51.7864496836,3206,1787.8095703125,17,3223,2149.628173828125,361.818603515625
Hopf,30,H:Re_51p786450:3206,Re_51p786450,51.7864496836,3206,1787.8095703125,18,3224,2170.91162109375,383.10205078125
Hopf,30,H:Re_51p786450:3206,Re_51p786450,51.7864496836,3206,1787.8095703125,19,3225,2192.195068359375,404.385498046875
Hopf,30,H:Re_51p786450:3206,Re_51p786450,51.7864496836,3206,1787.8095703125,20,3226,2213.478515625,425.6689453125
Hopf,30,H:Re_51p786450:3206,Re_51p786450,51.7864496836,3206,1787.8095703125,21,3227,2234.761962890625,446.952392578125
Hopf,30,H:Re_51p786450:3206,Re_51p786450,51.7864496836,3206,1787.8095703125,22,3228,2256.04541015625,468.23583984375
Hopf,30,H:Re_51p786450:3206,Re_51p786450,51.7864496836,3206,1787.8095703125,23,3229,2277.328857421875,489.519287109375
Hopf,30,H:Re_51p786450:3206,Re_51p786450,51.7864496836,3206,1787.8095703125,24,3230,2298.6123046875,510.802734375
Hopf,30,H:Re_51p786450:3206,Re_51p786450,51.7864496836,3206,1787.8095703125,25,3231,2319.895751953125,532.086181640625
Hopf,30,H:Re_51p786450:3206,Re_51p786450,51.7864496836,3206,1787.8095703125,26,3232,2341.17919921875,553.36962890625
Hopf,30,H:Re_51p786450:3206,Re_51p786450,51.7864496836,3206,1787.8095703125,27,3233,2362.462646484375,574.653076171875
Hopf,30,H:Re_51p786450:3206,Re_51p786450,51.7864496836,3206,1787.8095703125,28,3234,2383.74609375,595.9365234375
Hopf,30,H:Re_51p786450:3206,Re_51p786450,51.7864496836,3206,1787.8095703125,29,3235,2405.029541015625,617.219970703125
Hopf,30,H:Re_51p786450:3206,Re_51p786450,51.7864496836,3206,1787.8095703125,30,3236,2426.31298828125,638.50341796875
Hopf,30,H:Re_51p786450:3206,Re_51p786450,51.7864496836,3206,1787.8095703125,31,3237,2447.596435546875,659.786865234375
Hopf,30,H:Re_51p786450:3206,Re_51p786450,51.7864496836,3206,1787.8095703125,32,3238,2468.8798828125,681.0703125
Hopf,30,H:Re_51p786450:3206,Re_51p786450,51.7864496836,3206,1787.8095703125,33,3239,2490.163330078125,702.353759765625
Hopf,30,H:Re_51p786450:3206,Re_51p786450,51.7864496836,3206,1787.8095703125,34,3240,2511.44677734375,723.63720703125
Hopf,30,H:Re_51p786450:3206,Re_51p786450,51.7864496836,3206,1787.8095703125,35,3241,2532.730224609375,744.920654296875
Hopf,30,H:Re_51p786450:3206,Re_51p786450,51.7864496836,3206,1787.8095703125,36,3242,2554.013671875,766.2041015625
Hopf,30,H:Re_51p786450:3206,Re_51p786450,51.7864496836,3206,1787.8095703125,37,3243,2575.297119140625,787.487548828125
Hopf,30,H:Re_51p786450:3206,Re_51p786450,51.7864496836,3206,1787.8095703125,38,3244,2596.58056640625,808.77099609375
Hopf,30,H:Re_51p786450:3206,Re_51p786450,51.7864496836,3206,1787.8095703125,39,3245,2617.864013671875,830.054443359375
Hopf,30,H:Re_51p786450:3206,Re_51p786450,51.7864496836,3206,1787.8095703125,40,3246,2639.1474609375,851.337890625
Hopf,30,H:Re_51p786450:3206,Re_51p786450,51.7864496836,3206,1787.8095703125,41,3247,2660.430908203125,872.621337890625
Hopf,30,H:Re_51p786450:3206,Re_51p786450,51.7864496836,3206,1787.8095703125,42,3248,2681.71435546875,893.90478515625
Hopf,30,H:Re_51p786450:3206,Re_51p786450,51.7864496836,3206,1787.8095703125,43,3249,2702.997802734375,915.188232421875
Hopf,30,H:Re_51p786450:3206,Re_51p786450,51.7864496836,3206,1787.8095703125,44,3250,2724.28125,936.4716796875
Hopf,30,H:Re_51p786450:3206,Re_51p786450,51.7864496836,3206,1787.8095703125,45,3251,2745.564697265625,957.755126953125
Hopf,30,H:Re_51p786450:3206,Re_51p786450,51.7864496836,3206,1787.8095703125,46,3252,2766.84814453125,979.03857421875
Hopf,30,H:Re_51p786450:3206,Re_51p786450,51.7864496836,3206,1787.8095703125,47,3253,2788.131591796875,1000.322021484375
Hopf,30,H:Re_51p786450:3206,Re_51p786450,51.7864496836,3206,1787.8095703125,48,3254,2809.4150390625,1021.60546875
Hopf,31,H:Re_51p786450:3214,Re_51p786450,51.7864496836,3214,1958.0771484375,1,3215,1979.360595703125,21.283447265625
Hopf,31,H:Re_51p786450:3214,Re_51p786450,51.7864496836,3214,1958.0771484375,2,3216,2000.64404296875,42.56689453125
Hopf,31,H:Re_51p786450:3214,Re_51p786450,51.7864496836,3214,1958.0771484375,3,3217,2021.927490234375,63.850341796875
Hopf,31,H:Re_51p786450:3214,Re_51p786450,51.7864496836,3214,1958.0771484375,4,3218,2043.2109375,85.1337890625
Hopf,31,H:Re_51p786450:3214,Re_51p786450,51.7864496836,3214,1958.0771484375,5,3219,2064.494384765625,106.417236328125
Hopf,31,H:Re_51p786450:3214,Re_51p786450,51.7864496836,3214,1958.0771484375,6,3220,2085.77783203125,127.70068359375
Hopf,31,H:Re_51p786450:3214,Re_51p786450,51.7864496836,3214,1958.0771484375,7,3221,2107.061279296875,148.984130859375
Hopf,31,H:Re_51p786450:3214,Re_51p786450,51.7864496836,3214,1958.0771484375,8,3222,2128.3447265625,170.267578125
Hopf,31,H:Re_51p786450:3214,Re_51p786450,51.7864496836,3214,1958.0771484375,9,3223,2149.628173828125,191.551025390625
Hopf,31,H:Re_51p786450:3214,Re_51p786450,51.7864496836,3214,1958.0771484375,10,3224,2170.91162109375,212.83447265625
Hopf,31,H:Re_51p786450:3214,Re_51p786450,51.7864496836,3214,1958.0771484375,11,3225,2192.195068359375,234.117919921875
Hopf,31,H:Re_51p786450:3214,Re_51p786450,51.7864496836,3214,1958.0771484375,12,3226,2213.478515625,255.4013671875
Hopf,31,H:Re_51p786450:3214,Re_51p786450,51.7864496836,3214,1958.0771484375,13,3227,2234.761962890625,276.684814453125
Hopf,31,H:Re_51p786450:3214,Re_51p786450,51.7864496836,3214,1958.0771484375,14,3228,2256.04541015625,297.96826171875
Hopf,31,H:Re_51p786450:3214,Re_51p786450,51.7864496836,3214,1958.0771484375,15,3229,2277.328857421875,319.251708984375
Hopf,31,H:Re_51p786450:3214,Re_51p786450,51.7864496836,3214,1958.0771484375,16,3230,2298.6123046875,340.53515625
Hopf,31,H:Re_51p786450:3214,Re_51p786450,51.7864496836,3214,1958.0771484375,17,3231,2319.895751953125,361.818603515625
Hopf,31,H:Re_51p786450:3214,Re_51p786450,51.7864496836,3214,1958.0771484375,18,3232,2341.17919921875,383.10205078125
Hopf,31,H:Re_51p786450:3214,Re_51p786450,51.7864496836,3214,1958.0771484375,19,3233,2362.462646484375,404.385498046875
Hopf,31,H:Re_51p786450:3214,Re_51p786450,51.7864496836,3214,1958.0771484375,20,3234,2383.74609375,425.6689453125
Hopf,31,H:Re_51p786450:3214,Re_51p786450,51.7864496836,3214,1958.0771484375,21,3235,2405.029541015625,446.952392578125
Hopf,31,H:Re_51p786450:3214,Re_51p786450,51.7864496836,3214,1958.0771484375,22,3236,2426.31298828125,468.23583984375
Hopf,31,H:Re_51p786450:3214,Re_51p786450,51.7864496836,3214,1958.0771484375,23,3237,2447.596435546875,489.519287109375
Hopf,31,H:Re_51p786450:3214,Re_51p786450,51.7864496836,3214,1958.0771484375,24,3238,2468.8798828125,510.802734375
Hopf,31,H:Re_51p786450:3214,Re_51p786450,51.7864496836,3214,1958.0771484375,25,3239,2490.163330078125,532.086181640625
Hopf,31,H:Re_51p786450:3214,Re_51p786450,51.7864496836,3214,1958.0771484375,26,3240,2511.44677734375,553.36962890625
Hopf,31,H:Re_51p786450:3214,Re_51p786450,51.7864496836,3214,1958.0771484375,27,3241,2532.730224609375,574.653076171875
Hopf,31,H:Re_51p786450:3214,Re_51p786450,51.7864496836,3214,1958.0771484375,28,3242,2554.013671875,595.9365234375
Hopf,31,H:Re_51p786450:3214,Re_51p786450,51.7864496836,3214,1958.0771484375,29,3243,2575.297119140625,617.219970703125
Hopf,31,H:Re_51p786450:3214,Re_51p786450,51.7864496836,3214,1958.0771484375,30,3244,2596.58056640625,638.50341796875
Hopf,31,H:Re_51p786450:3214,Re_51p786450,51.7864496836,3214,1958.0771484375,31,3245,2617.864013671875,659.786865234375
Hopf,31,H:Re_51p786450:3214,Re_51p786450,51.7864496836,3214,1958.0771484375,32,3246,2639.1474609375,681.0703125
Hopf,31,H:Re_51p786450:3214,Re_51p786450,51.7864496836,3214,1958.0771484375,33,3247,2660.430908203125,702.353759765625
Hopf,31,H:Re_51p786450:3214,Re_51p786450,51.7864496836,3214,1958.0771484375,34,3248,2681.71435546875,723.63720703125
Hopf,31,H:Re_51p786450:3214,Re_51p786450,51.7864496836,3214,1958.0771484375,35,3249,2702.997802734375,744.920654296875
Hopf,31,H:Re_51p786450:3214,Re_51p786450,51.7864496836,3214,1958.0771484375,36,3250,2724.28125,766.2041015625
Hopf,31,H:Re_51p786450:3214,Re_51p786450,51.7864496836,3214,1958.0771484375,37,3251,2745.564697265625,787.487548828125
Hopf,31,H:Re_51p786450:3214,Re_51p786450,51.7864496836,3214,1958.0771484375,38,3252,2766.84814453125,808.77099609375
Hopf,31,H:Re_51p786450:3214,Re_51p786450,51.7864496836,3214,1958.0771484375,39,3253,2788.131591796875,830.054443359375
Hopf,31,H:Re_51p786450:3214,Re_51p786450,51.7864496836,3214,1958.0771484375,40,3254,2809.4150390625,851.337890625
Hopf,31,H:Re_51p786450:3214,Re_51p786450,51.7864496836,3214,1958.0771484375,41,3255,2830.698486328125,872.621337890625
Hopf,31,H:Re_51p786450:3214,Re_51p786450,51.7864496836,3214,1958.0771484375,42,3256,2851.98193359375,893.90478515625
Hopf,31,H:Re_51p786450:3214,Re_51p786450,51.7864496836,3214,1958.0771484375,43,3257,2873.265380859375,915.188232421875
Hopf,31,H:Re_51p786450:3214,Re_51p786450,51.7864496836,3214,1958.0771484375,44,3258,2894.548828125,936.4716796875
Hopf,31,H:Re_51p786450:3214,Re_51p786450,51.7864496836,3214,1958.0771484375,45,3259,2915.832275390625,957.755126953125
Hopf,31,H:Re_51p786450:3214,Re_51p786450,51.7864496836,3214,1958.0771484375,46,3260,2937.11572265625,979.03857421875
Hopf,31,H:Re_51p786450:3214,Re_51p786450,51.7864496836,3214,1958.0771484375,47,3261,2958.399169921875,1000.322021484375
Hopf,31,H:Re_51p786450:3214,Re_51p786450,51.7864496836,3214,1958.0771484375,48,3262,2979.6826171875,1021.60546875
Hopf,32,H:Re_51p786450:3222,Re_51p786450,51.7864496836,3222,2128.3447265625,1,3223,2149.628173828125,21.283447265625
Hopf,32,H:Re_51p786450:3222,Re_51p786450,51.7864496836,3222,2128.3447265625,2,3224,2170.91162109375,42.56689453125
Hopf,32,H:Re_51p786450:3222,Re_51p786450,51.7864496836,3222,2128.3447265625,3,3225,2192.195068359375,63.850341796875
Hopf,32,H:Re_51p786450:3222,Re_51p786450,51.7864496836,3222,2128.3447265625,4,3226,2213.478515625,85.1337890625
Hopf,32,H:Re_51p786450:3222,Re_51p786450,51.7864496836,3222,2128.3447265625,5,3227,2234.761962890625,106.417236328125
Hopf,32,H:Re_51p786450:3222,Re_51p786450,51.7864496836,3222,2128.3447265625,6,3228,2256.04541015625,127.70068359375
Hopf,32,H:Re_51p786450:3222,Re_51p786450,51.7864496836,3222,2128.3447265625,7,3229,2277.328857421875,148.984130859375
Hopf,32,H:Re_51p786450:3222,Re_51p786450,51.7864496836,3222,2128.3447265625,8,3230,2298.6123046875,170.267578125
Hopf,32,H:Re_51p786450:3222,Re_51p786450,51.7864496836,3222,2128.3447265625,9,3231,2319.895751953125,191.551025390625
Hopf,32,H:Re_51p786450:3222,Re_51p786450,51.7864496836,3222,2128.3447265625,10,3232,2341.17919921875,212.83447265625
Hopf,32,H:Re_51p786450:3222,Re_51p786450,51.7864496836,3222,2128.3447265625,11,3233,2362.462646484375,234.117919921875
Hopf,32,H:Re_51p786450:3222,Re_51p786450,51.7864496836,3222,2128.3447265625,12,3234,2383.74609375,255.4013671875
Hopf,32,H:Re_51p786450:3222,Re_51p786450,51.7864496836,3222,2128.3447265625,13,3235,2405.029541015625,276.684814453125
Hopf,32,H:Re_51p786450:3222,Re_51p786450,51.7864496836,3222,2128.3447265625,14,3236,2426.31298828125,297.96826171875
Hopf,32,H:Re_51p786450:3222,Re_51p786450,51.7864496836,3222,2128.3447265625,15,3237,2447.596435546875,319.251708984375
Hopf,32,H:Re_51p786450:3222,Re_51p786450,51.7864496836,3222,2128.3447265625,16,3238,2468.8798828125,340.53515625
Hopf,32,H:Re_51p786450:3222,Re_51p786450,51.7864496836,3222,2128.3447265625,17,3239,2490.163330078125,361.818603515625
Hopf,32,H:Re_51p786450:3222,Re_51p786450,51.7864496836,3222,2128.3447265625,18,3240,2511.44677734375,383.10205078125
Hopf,32,H:Re_51p786450:3222,Re_51p786450,51.7864496836,3222,2128.3447265625,19,3241,2532.730224609375,404.385498046875
Hopf,32,H:Re_51p786450:3222,Re_51p786450,51.7864496836,3222,2128.3447265625,20,3242,2554.013671875,425.6689453125
Hopf,32,H:Re_51p786450:3222,Re_51p786450,51.7864496836,3222,2128.3447265625,21,3243,2575.297119140625,446.952392578125
Hopf,32,H:Re_51p786450:3222,Re_51p786450,51.7864496836,3222,2128.3447265625,22,3244,2596.58056640625,468.23583984375
Hopf,32,H:Re_51p786450:3222,Re_51p786450,51.7864496836,3222,2128.3447265625,23,3245,2617.864013671875,489.519287109375
Hopf,32,H:Re_51p786450:3222,Re_51p786450,51.7864496836,3222,2128.3447265625,24,3246,2639.1474609375,510.802734375
Hopf,32,H:Re_51p786450:3222,Re_51p786450,51.7864496836,3222,2128.3447265625,25,3247,2660.430908203125,532.086181640625
Hopf,32,H:Re_51p786450:3222,Re_51p786450,51.7864496836,3222,2128.3447265625,26,3248,2681.71435546875,553.36962890625
Hopf,32,H:Re_51p786450:3222,Re_51p786450,51.7864496836,3222,2128.3447265625,27,3249,2702.997802734375,574.653076171875
Hopf,32,H:Re_51p786450:3222,Re_51p786450,51.7864496836,3222,2128.3447265625,28,3250,2724.28125,595.9365234375
Hopf,32,H:Re_51p786450:3222,Re_51p786450,51.7864496836,3222,2128.3447265625,29,3251,2745.564697265625,617.219970703125
Hopf,32,H:Re_51p786450:3222,Re_51p786450,51.7864496836,3222,2128.3447265625,30,3252,2766.84814453125,638.50341796875
Hopf,32,H:Re_51p786450:3222,Re_51p786450,51.7864496836,3222,2128.3447265625,31,3253,2788.131591796875,659.786865234375
Hopf,32,H:Re_51p786450:3222,Re_51p786450,51.7864496836,3222,2128.3447265625,32,3254,2809.4150390625,681.0703125
Hopf,32,H:Re_51p786450:3222,Re_51p786450,51.7864496836,3222,2128.3447265625,33,3255,2830.698486328125,702.353759765625
Hopf,32,H:Re_51p786450:3222,Re_51p786450,51.7864496836,3222,2128.3447265625,34,3256,2851.98193359375,723.63720703125
Hopf,32,H:Re_51p786450:3222,Re_51p786450,51.7864496836,3222,2128.3447265625,35,3257,2873.265380859375,744.920654296875
Hopf,32,H:Re_51p786450:3222,Re_51p786450,51.7864496836,3222,2128.3447265625,36,3258,2894.548828125,766.2041015625
Hopf,32,H:Re_51p786450:3222,Re_51p786450,51.7864496836,3222,2128.3447265625,37,3259,2915.832275390625,787.487548828125
Hopf,32,H:Re_51p786450:3222,Re_51p786450,51.7864496836,3222,2128.3447265625,38,3260,2937.11572265625,808.77099609375
Hopf,32,H:Re_51p786450:3222,Re_51p786450,51.7864496836,3222,2128.3447265625,39,3261,2958.399169921875,830.054443359375
Hopf,32,H:Re_51p786450:3222,Re_51p786450,51.7864496836,3222,2128.3447265625,40,3262,2979.6826171875,851.337890625
Hopf,32,H:Re_51p786450:3222,Re_51p786450,51.7864496836,3222,2128.3447265625,41,3263,3000.966064453125,872.621337890625
Hopf,32,H:Re_51p786450:3222,Re_51p786450,51.7864496836,3222,2128.3447265625,42,3264,3022.24951171875,893.90478515625
Hopf,32,H:Re_51p786450:3222,Re_51p786450,51.7864496836,3222,2128.3447265625,43,3265,3043.532958984375,915.188232421875
Hopf,32,H:Re_51p786450:3222,Re_51p786450,51.7864496836,3222,2128.3447265625,44,3266,3064.81640625,936.4716796875
Hopf,32,H:Re_51p786450:3222,Re_51p786450,51.7864496836,3222,2128.3447265625,45,3267,3086.099853515625,957.755126953125
Hopf,32,H:Re_51p786450:3222,Re_51p786450,51.7864496836,3222,2128.3447265625,46,3268,3107.38330078125,979.03857421875
Hopf,32,H:Re_51p786450:3222,Re_51p786450,51.7864496836,3222,2128.3447265625,47,3269,3128.666748046875,1000.322021484375
Hopf,32,H:Re_51p786450:3222,Re_51p786450,51.7864496836,3222,2128.3447265625,48,3270,3149.9501953125,1021.60546875
Hopf,33,H:Re_51p786450:3230,Re_51p786450,51.7864496836,3230,2298.6123046875,1,3231,2319.895751953125,21.283447265625
Hopf,33,H:Re_51p786450:3230,Re_51p786450,51.7864496836,3230,2298.6123046875,2,3232,2341.17919921875,42.56689453125
Hopf,33,H:Re_51p786450:3230,Re_51p786450,51.7864496836,3230,2298.6123046875,3,3233,2362.462646484375,63.850341796875
Hopf,33,H:Re_51p786450:3230,Re_51p786450,51.7864496836,3230,2298.6123046875,4,3234,2383.74609375,85.1337890625
Hopf,33,H:Re_51p786450:3230,Re_51p786450,51.7864496836,3230,2298.6123046875,5,3235,2405.029541015625,106.417236328125
Hopf,33,H:Re_51p786450:3230,Re_51p786450,51.7864496836,3230,2298.6123046875,6,3236,2426.31298828125,127.70068359375
Hopf,33,H:Re_51p786450:3230,Re_51p786450,51.7864496836,3230,2298.6123046875,7,3237,2447.596435546875,148.984130859375
Hopf,33,H:Re_51p786450:3230,Re_51p786450,51.7864496836,3230,2298.6123046875,8,3238,2468.8798828125,170.267578125
Hopf,33,H:Re_51p786450:3230,Re_51p786450,51.7864496836,3230,2298.6123046875,9,3239,2490.163330078125,191.551025390625
Hopf,33,H:Re_51p786450:3230,Re_51p786450,51.7864496836,3230,2298.6123046875,10,3240,2511.44677734375,212.83447265625
Hopf,33,H:Re_51p786450:3230,Re_51p786450,51.7864496836,3230,2298.6123046875,11,3241,2532.730224609375,234.117919921875
Hopf,33,H:Re_51p786450:3230,Re_51p786450,51.7864496836,3230,2298.6123046875,12,3242,2554.013671875,255.4013671875
Hopf,33,H:Re_51p786450:3230,Re_51p786450,51.7864496836,3230,2298.6123046875,13,3243,2575.297119140625,276.684814453125
Hopf,33,H:Re_51p786450:3230,Re_51p786450,51.7864496836,3230,2298.6123046875,14,3244,2596.58056640625,297.96826171875
Hopf,33,H:Re_51p786450:3230,Re_51p786450,51.7864496836,3230,2298.6123046875,15,3245,2617.864013671875,319.251708984375
Hopf,33,H:Re_51p786450:3230,Re_51p786450,51.7864496836,3230,2298.6123046875,16,3246,2639.1474609375,340.53515625
Hopf,33,H:Re_51p786450:3230,Re_51p786450,51.7864496836,3230,2298.6123046875,17,3247,2660.430908203125,361.818603515625
Hopf,33,H:Re_51p786450:3230,Re_51p786450,51.7864496836,3230,2298.6123046875,18,3248,2681.71435546875,383.10205078125
Hopf,33,H:Re_51p786450:3230,Re_51p786450,51.7864496836,3230,2298.6123046875,19,3249,2702.997802734375,404.385498046875
Hopf,33,H:Re_51p786450:3230,Re_51p786450,51.7864496836,3230,2298.6123046875,20,3250,2724.28125,425.6689453125
Hopf,33,H:Re_51p786450:3230,Re_51p786450,51.7864496836,3230,2298.6123046875,21,3251,2745.564697265625,446.952392578125
Hopf,33,H:Re_51p786450:3230,Re_51p786450,51.7864496836,3230,2298.6123046875,22,3252,2766.84814453125,468.23583984375
Hopf,33,H:Re_51p786450:3230,Re_51p786450,51.7864496836,3230,2298.6123046875,23,3253,2788.131591796875,489.519287109375
Hopf,33,H:Re_51p786450:3230,Re_51p786450,51.7864496836,3230,2298.6123046875,24,3254,2809.4150390625,510.802734375
Hopf,33,H:Re_51p786450:3230,Re_51p786450,51.7864496836,3230,2298.6123046875,25,3255,2830.698486328125,532.086181640625
Hopf,33,H:Re_51p786450:3230,Re_51p786450,51.7864496836,3230,2298.6123046875,26,3256,2851.98193359375,553.36962890625
Hopf,33,H:Re_51p786450:3230,Re_51p786450,51.7864496836,3230,2298.6123046875,27,3257,2873.265380859375,574.653076171875
Hopf,33,H:Re_51p786450:3230,Re_51p786450,51.7864496836,3230,2298.6123046875,28,3258,2894.548828125,595.9365234375
Hopf,33,H:Re_51p786450:3230,Re_51p786450,51.7864496836,3230,2298.6123046875,29,3259,2915.832275390625,617.219970703125
Hopf,33,H:Re_51p786450:3230,Re_51p786450,51.7864496836,3230,2298.6123046875,30,3260,2937.11572265625,638.50341796875
Hopf,33,H:Re_51p786450:3230,Re_51p786450,51.7864496836,3230,2298.6123046875,31,3261,2958.399169921875,659.786865234375
Hopf,33,H:Re_51p786450:3230,Re_51p786450,51.7864496836,3230,2298.6123046875,32,3262,2979.6826171875,681.0703125
Hopf,33,H:Re_51p786450:3230,Re_51p786450,51.7864496836,3230,2298.6123046875,33,3263,3000.966064453125,702.353759765625
Hopf,33,H:Re_51p786450:3230,Re_51p786450,51.7864496836,3230,2298.6123046875,34,3264,3022.24951171875,723.63720703125
Hopf,33,H:Re_51p786450:3230,Re_51p786450,51.7864496836,3230,2298.6123046875,35,3265,3043.532958984375,744.920654296875
Hopf,33,H:Re_51p786450:3230,Re_51p786450,51.7864496836,3230,2298.6123046875,36,3266,3064.81640625,766.2041015625
Hopf,33,H:Re_51p786450:3230,Re_51p786450,51.7864496836,3230,2298.6123046875,37,3267,3086.099853515625,787.487548828125
Hopf,33,H:Re_51p786450:3230,Re_51p786450,51.7864496836,3230,2298.6123046875,38,3268,3107.38330078125,808.77099609375
Hopf,33,H:Re_51p786450:3230,Re_51p786450,51.7864496836,3230,2298.6123046875,39,3269,3128.666748046875,830.054443359375
Hopf,33,H:Re_51p786450:3230,Re_51p786450,51.7864496836,3230,2298.6123046875,40,3270,3149.9501953125,851.337890625
Hopf,33,H:Re_51p786450:3230,Re_51p786450,51.7864496836,3230,2298.6123046875,41,3271,3171.233642578125,872.621337890625
Hopf,33,H:Re_51p786450:3230,Re_51p786450,51.7864496836,3230,2298.6123046875,42,3272,3192.51708984375,893.90478515625
Hopf,33,H:Re_51p786450:3230,Re_51p786450,51.7864496836,3230,2298.6123046875,43,3273,3213.800537109375,915.188232421875
Hopf,33,H:Re_51p786450:3230,Re_51p786450,51.7864496836,3230,2298.6123046875,44,3274,3235.083984375,936.4716796875
Hopf,33,H:Re_51p786450:3230,Re_51p786450,51.7864496836,3230,2298.6123046875,45,3275,3256.367431640625,957.755126953125
Hopf,33,H:Re_51p786450:3230,Re_51p786450,51.7864496836,3230,2298.6123046875,46,3276,3277.65087890625,979.03857421875
Hopf,33,H:Re_51p786450:3230,Re_51p786450,51.7864496836,3230,2298.6123046875,47,3277,3298.934326171875,1000.322021484375
Hopf,33,H:Re_51p786450:3230,Re_51p786450,51.7864496836,3230,2298.6123046875,48,3278,3320.2177734375,1021.60546875
Hopf,34,H:Re_51p786450:3238,Re_51p786450,51.7864496836,3238,2468.8798828125,1,3239,2490.163330078125,21.283447265625
Hopf,34,H:Re_51p786450:3238,Re_51p786450,51.7864496836,3238,2468.8798828125,2,3240,2511.44677734375,42.56689453125
Hopf,34,H:Re_51p786450:3238,Re_51p786450,51.7864496836,3238,2468.8798828125,3,3241,2532.730224609375,63.850341796875
Hopf,34,H:Re_51p786450:3238,Re_51p786450,51.7864496836,3238,2468.8798828125,4,3242,2554.013671875,85.1337890625
Hopf,34,H:Re_51p786450:3238,Re_51p786450,51.7864496836,3238,2468.8798828125,5,3243,2575.297119140625,106.417236328125
Hopf,34,H:Re_51p786450:3238,Re_51p786450,51.7864496836,3238,2468.8798828125,6,3244,2596.58056640625,127.70068359375
Hopf,34,H:Re_51p786450:3238,Re_51p786450,51.7864496836,3238,2468.8798828125,7,3245,2617.864013671875,148.984130859375
Hopf,34,H:Re_51p786450:3238,Re_51p786450,51.7864496836,3238,2468.8798828125,8,3246,2639.1474609375,170.267578125
Hopf,34,H:Re_51p786450:3238,Re_51p786450,51.7864496836,3238,2468.8798828125,9,3247,2660.430908203125,191.551025390625
Hopf,34,H:Re_51p786450:3238,Re_51p786450,51.7864496836,3238,2468.8798828125,10,3248,2681.71435546875,212.83447265625
Hopf,34,H:Re_51p786450:3238,Re_51p786450,51.7864496836,3238,2468.8798828125,11,3249,2702.997802734375,234.117919921875
Hopf,34,H:Re_51p786450:3238,Re_51p786450,51.7864496836,3238,2468.8798828125,12,3250,2724.28125,255.4013671875
Hopf,34,H:Re_51p786450:3238,Re_51p786450,51.7864496836,3238,2468.8798828125,13,3251,2745.564697265625,276.684814453125
Hopf,34,H:Re_51p786450:3238,Re_51p786450,51.7864496836,3238,2468.8798828125,14,3252,2766.84814453125,297.96826171875
Hopf,34,H:Re_51p786450:3238,Re_51p786450,51.7864496836,3238,2468.8798828125,15,3253,2788.131591796875,319.251708984375
Hopf,34,H:Re_51p786450:3238,Re_51p786450,51.7864496836,3238,2468.8798828125,16,3254,2809.4150390625,340.53515625
Hopf,34,H:Re_51p786450:3238,Re_51p786450,51.7864496836,3238,2468.8798828125,17,3255,2830.698486328125,361.818603515625
Hopf,34,H:Re_51p786450:3238,Re_51p786450,51.7864496836,3238,2468.8798828125,18,3256,2851.98193359375,383.10205078125
Hopf,34,H:Re_51p786450:3238,Re_51p786450,51.7864496836,3238,2468.8798828125,19,3257,2873.265380859375,404.385498046875
Hopf,34,H:Re_51p786450:3238,Re_51p786450,51.7864496836,3238,2468.8798828125,20,3258,2894.548828125,425.6689453125
Hopf,34,H:Re_51p786450:3238,Re_51p786450,51.7864496836,3238,2468.8798828125,21,3259,2915.832275390625,446.952392578125
Hopf,34,H:Re_51p786450:3238,Re_51p786450,51.7864496836,3238,2468.8798828125,22,3260,2937.11572265625,468.23583984375
Hopf,34,H:Re_51p786450:3238,Re_51p786450,51.7864496836,3238,2468.8798828125,23,3261,2958.399169921875,489.519287109375
Hopf,34,H:Re_51p786450:3238,Re_51p786450,51.7864496836,3238,2468.8798828125,24,3262,2979.6826171875,510.802734375
Hopf,34,H:Re_51p786450:3238,Re_51p786450,51.7864496836,3238,2468.8798828125,25,3263,3000.966064453125,532.086181640625
Hopf,34,H:Re_51p786450:3238,Re_51p786450,51.7864496836,3238,2468.8798828125,26,3264,3022.24951171875,553.36962890625
Hopf,34,H:Re_51p786450:3238,Re_51p786450,51.7864496836,3238,2468.8798828125,27,3265,3043.532958984375,574.653076171875
Hopf,34,H:Re_51p786450:3238,Re_51p786450,51.7864496836,3238,2468.8798828125,28,3266,3064.81640625,595.9365234375
Hopf,34,H:Re_51p786450:3238,Re_51p786450,51.7864496836,3238,2468.8798828125,29,3267,3086.099853515625,617.219970703125
Hopf,34,H:Re_51p786450:3238,Re_51p786450,51.7864496836,3238,2468.8798828125,30,3268,3107.38330078125,638.50341796875
Hopf,34,H:Re_51p786450:3238,Re_51p786450,51.7864496836,3238,2468.8798828125,31,3269,3128.666748046875,659.786865234375
Hopf,34,H:Re_51p786450:3238,Re_51p786450,51.7864496836,3238,2468.8798828125,32,3270,3149.9501953125,681.0703125
Hopf,34,H:Re_51p786450:3238,Re_51p786450,51.7864496836,3238,2468.8798828125,33,3271,3171.233642578125,702.353759765625
Hopf,34,H:Re_51p786450:3238,Re_51p786450,51.7864496836,3238,2468.8798828125,34,3272,3192.51708984375,723.63720703125
Hopf,34,H:Re_51p786450:3238,Re_51p786450,51.7864496836,3238,2468.8798828125,35,3273,3213.800537109375,744.920654296875
Hopf,34,H:Re_51p786450:3238,Re_51p786450,51.7864496836,3238,2468.8798828125,36,3274,3235.083984375,766.2041015625
Hopf,34,H:Re_51p786450:3238,Re_51p786450,51.7864496836,3238,2468.8798828125,37,3275,3256.367431640625,787.487548828125
Hopf,34,H:Re_51p786450:3238,Re_51p786450,51.7864496836,3238,2468.8798828125,38,3276,3277.65087890625,808.77099609375
Hopf,34,H:Re_51p786450:3238,Re_51p786450,51.7864496836,3238,2468.8798828125,39,3277,3298.934326171875,830.054443359375
Hopf,34,H:Re_51p786450:3238,Re_51p786450,51.7864496836,3238,2468.8798828125,40,3278,3320.2177734375,851.337890625
Hopf,34,H:Re_51p786450:3238,Re_51p786450,51.7864496836,3238,2468.8798828125,41,3279,3341.501220703125,872.621337890625
Hopf,34,H:Re_51p786450:3238,Re_51p786450,51.7864496836,3238,2468.8798828125,42,3280,3362.78466796875,893.90478515625
Hopf,34,H:Re_51p786450:3238,Re_51p786450,51.7864496836,3238,2468.8798828125,43,3281,3384.068115234375,915.188232421875
Hopf,34,H:Re_51p786450:3238,Re_51p786450,51.7864496836,3238,2468.8798828125,44,3282,3405.3515625,936.4716796875
Hopf,34,H:Re_51p786450:3238,Re_51p786450,51.7864496836,3238,2468.8798828125,45,3283,3426.635009765625,957.755126953125
Hopf,34,H:Re_51p786450:3238,Re_51p786450,51.7864496836,3238,2468.8798828125,46,3284,3447.91845703125,979.03857421875
Hopf,34,H:Re_51p786450:3238,Re_51p786450,51.7864496836,3238,2468.8798828125,47,3285,3469.201904296875,1000.322021484375
Hopf,34,H:Re_51p786450:3238,Re_51p786450,51.7864496836,3238,2468.8798828125,48,3286,3490.4853515625,1021.60546875
Hopf,35,H:Re_51p786450:3246,Re_51p786450,51.7864496836,3246,2639.1474609375,1,3247,2660.430908203125,21.283447265625
Hopf,35,H:Re_51p786450:3246,Re_51p786450,51.7864496836,3246,2639.1474609375,2,3248,2681.71435546875,42.56689453125
Hopf,35,H:Re_51p786450:3246,Re_51p786450,51.7864496836,3246,2639.1474609375,3,3249,2702.997802734375,63.850341796875
Hopf,35,H:Re_51p786450:3246,Re_51p786450,51.7864496836,3246,2639.1474609375,4,3250,2724.28125,85.1337890625
Hopf,35,H:Re_51p786450:3246,Re_51p786450,51.7864496836,3246,2639.1474609375,5,3251,2745.564697265625,106.417236328125
Hopf,35,H:Re_51p786450:3246,Re_51p786450,51.7864496836,3246,2639.1474609375,6,3252,2766.84814453125,127.70068359375
Hopf,35,H:Re_51p786450:3246,Re_51p786450,51.7864496836,3246,2639.1474609375,7,3253,2788.131591796875,148.984130859375
Hopf,35,H:Re_51p786450:3246,Re_51p786450,51.7864496836,3246,2639.1474609375,8,3254,2809.4150390625,170.267578125
Hopf,35,H:Re_51p786450:3246,Re_51p786450,51.7864496836,3246,2639.1474609375,9,3255,2830.698486328125,191.551025390625
Hopf,35,H:Re_51p786450:3246,Re_51p786450,51.7864496836,3246,2639.1474609375,10,3256,2851.98193359375,212.83447265625
Hopf,35,H:Re_51p786450:3246,Re_51p786450,51.7864496836,3246,2639.1474609375,11,3257,2873.265380859375,234.117919921875
Hopf,35,H:Re_51p786450:3246,Re_51p786450,51.7864496836,3246,2639.1474609375,12,3258,2894.548828125,255.4013671875
Hopf,35,H:Re_51p786450:3246,Re_51p786450,51.7864496836,3246,2639.1474609375,13,3259,2915.832275390625,276.684814453125
Hopf,35,H:Re_51p786450:3246,Re_51p786450,51.7864496836,3246,2639.1474609375,14,3260,2937.11572265625,297.96826171875
Hopf,35,H:Re_51p786450:3246,Re_51p786450,51.7864496836,3246,2639.1474609375,15,3261,2958.399169921875,319.251708984375
Hopf,35,H:Re_51p786450:3246,Re_51p786450,51.7864496836,3246,2639.1474609375,16,3262,2979.6826171875,340.53515625
Hopf,35,H:Re_51p786450:3246,Re_51p786450,51.7864496836,3246,2639.1474609375,17,3263,3000.966064453125,361.818603515625
Hopf,35,H:Re_51p786450:3246,Re_51p786450,51.7864496836,3246,2639.1474609375,18,3264,3022.24951171875,383.10205078125
Hopf,35,H:Re_51p786450:3246,Re_51p786450,51.7864496836,3246,2639.1474609375,19,3265,3043.532958984375,404.385498046875
Hopf,35,H:Re_51p786450:3246,Re_51p786450,51.7864496836,3246,2639.1474609375,20,3266,3064.81640625,425.6689453125
Hopf,35,H:Re_51p786450:3246,Re_51p786450,51.7864496836,3246,2639.1474609375,21,3267,3086.099853515625,446.952392578125
Hopf,35,H:Re_51p786450:3246,Re_51p786450,51.7864496836,3246,2639.1474609375,22,3268,3107.38330078125,468.23583984375
Hopf,35,H:Re_51p786450:3246,Re_51p786450,51.7864496836,3246,2639.1474609375,23,3269,3128.666748046875,489.519287109375
Hopf,35,H:Re_51p786450:3246,Re_51p786450,51.7864496836,3246,2639.1474609375,24,3270,3149.9501953125,510.802734375
Hopf,35,H:Re_51p786450:3246,Re_51p786450,51.7864496836,3246,2639.1474609375,25,3271,3171.233642578125,532.086181640625
Hopf,35,H:Re_51p786450:3246,Re_51p786450,51.7864496836,3246,2639.1474609375,26,3272,3192.51708984375,553.36962890625
Hopf,35,H:Re_51p786450:3246,Re_51p786450,51.7864496836,3246,2639.1474609375,27,3273,3213.800537109375,574.653076171875
Hopf,35,H:Re_51p786450:3246,Re_51p786450,51.7864496836,3246,2639.1474609375,28,3274,3235.083984375,595.9365234375
Hopf,35,H:Re_51p786450:3246,Re_51p786450,51.7864496836,3246,2639.1474609375,29,3275,3256.367431640625,617.219970703125
Hopf,35,H:Re_51p786450:3246,Re_51p786450,51.7864496836,3246,2639.1474609375,30,3276,3277.65087890625,638.50341796875
Hopf,35,H:Re_51p786450:3246,Re_51p786450,51.7864496836,3246,2639.1474609375,31,3277,3298.934326171875,659.786865234375
Hopf,35,H:Re_51p786450:3246,Re_51p786450,51.7864496836,3246,2639.1474609375,32,3278,3320.2177734375,681.0703125
Hopf,35,H:Re_51p786450:3246,Re_51p786450,51.7864496836,3246,2639.1474609375,33,3279,3341.501220703125,702.353759765625
Hopf,35,H:Re_51p786450:3246,Re_51p786450,51.7864496836,3246,2639.1474609375,34,3280,3362.78466796875,723.63720703125
Hopf,35,H:Re_51p786450:3246,Re_51p786450,51.7864496836,3246,2639.1474609375,35,3281,3384.068115234375,744.920654296875
Hopf,35,H:Re_51p786450:3246,Re_51p786450,51.7864496836,3246,2639.1474609375,36,3282,3405.3515625,766.2041015625
Hopf,35,H:Re_51p786450:3246,Re_51p786450,51.7864496836,3246,2639.1474609375,37,3283,3426.635009765625,787.487548828125
Hopf,35,H:Re_51p786450:3246,Re_51p786450,51.7864496836,3246,2639.1474609375,38,3284,3447.91845703125,808.77099609375
Hopf,35,H:Re_51p786450:3246,Re_51p786450,51.7864496836,3246,2639.1474609375,39,3285,3469.201904296875,830.054443359375
Hopf,35,H:Re_51p786450:3246,Re_51p786450,51.7864496836,3246,2639.1474609375,40,3286,3490.4853515625,851.337890625
Hopf,35,H:Re_51p786450:3246,Re_51p786450,51.7864496836,3246,2639.1474609375,41,3287,3511.768798828125,872.621337890625
Hopf,35,H:Re_51p786450:3246,Re_51p786450,51.7864496836,3246,2639.1474609375,42,3288,3533.04443359375,893.89697265625
Hopf,35,H:Re_51p786450:3246,Re_51p786450,51.7864496836,3246,2639.1474609375,43,3289,3554.327880859375,915.180419921875
Hopf,35,H:Re_51p786450:3246,Re_51p786450,51.7864496836,3246,2639.1474609375,44,3290,3575.611083984375,936.463623046875
Hopf,35,H:Re_51p786450:3246,Re_51p786450,51.7864496836,3246,2639.1474609375,45,3291,3596.89453125,957.7470703125
Hopf,35,H:Re_51p786450:3246,Re_51p786450,51.7864496836,3246,2639.1474609375,46,3292,3618.177978515625,979.030517578125
Hopf,35,H:Re_51p786450:3246,Re_51p786450,51.7864496836,3246,2639.1474609375,47,3293,3639.46142578125,1000.31396484375
Hopf,35,H:Re_51p786450:3246,Re_51p786450,51.7864496836,3246,2639.1474609375,48,3294,3660.744873046875,1021.597412109375
Hopf,36,H:Re_51p786450:3254,Re_51p786450,51.7864496836,3254,2809.4150390625,1,3255,2830.698486328125,21.283447265625
Hopf,36,H:Re_51p786450:3254,Re_51p786450,51.7864496836,3254,2809.4150390625,2,3256,2851.98193359375,42.56689453125
Hopf,36,H:Re_51p786450:3254,Re_51p786450,51.7864496836,3254,2809.4150390625,3,3257,2873.265380859375,63.850341796875
Hopf,36,H:Re_51p786450:3254,Re_51p786450,51.7864496836,3254,2809.4150390625,4,3258,2894.548828125,85.1337890625
Hopf,36,H:Re_51p786450:3254,Re_51p786450,51.7864496836,3254,2809.4150390625,5,3259,2915.832275390625,106.417236328125
Hopf,36,H:Re_51p786450:3254,Re_51p786450,51.7864496836,3254,2809.4150390625,6,3260,2937.11572265625,127.70068359375
Hopf,36,H:Re_51p786450:3254,Re_51p786450,51.7864496836,3254,2809.4150390625,7,3261,2958.399169921875,148.984130859375
Hopf,36,H:Re_51p786450:3254,Re_51p786450,51.7864496836,3254,2809.4150390625,8,3262,2979.6826171875,170.267578125
Hopf,36,H:Re_51p786450:3254,Re_51p786450,51.7864496836,3254,2809.4150390625,9,3263,3000.966064453125,191.551025390625
Hopf,36,H:Re_51p786450:3254,Re_51p786450,51.7864496836,3254,2809.4150390625,10,3264,3022.24951171875,212.83447265625
Hopf,36,H:Re_51p786450:3254,Re_51p786450,51.7864496836,3254,2809.4150390625,11,3265,3043.532958984375,234.117919921875
Hopf,36,H:Re_51p786450:3254,Re_51p786450,51.7864496836,3254,2809.4150390625,12,3266,3064.81640625,255.4013671875
Hopf,36,H:Re_51p786450:3254,Re_51p786450,51.7864496836,3254,2809.4150390625,13,3267,3086.099853515625,276.684814453125
Hopf,36,H:Re_51p786450:3254,Re_51p786450,51.7864496836,3254,2809.4150390625,14,3268,3107.38330078125,297.96826171875
Hopf,36,H:Re_51p786450:3254,Re_51p786450,51.7864496836,3254,2809.4150390625,15,3269,3128.666748046875,319.251708984375
Hopf,36,H:Re_51p786450:3254,Re_51p786450,51.7864496836,3254,2809.4150390625,16,3270,3149.9501953125,340.53515625
Hopf,36,H:Re_51p786450:3254,Re_51p786450,51.7864496836,3254,2809.4150390625,17,3271,3171.233642578125,361.818603515625
Hopf,36,H:Re_51p786450:3254,Re_51p786450,51.7864496836,3254,2809.4150390625,18,3272,3192.51708984375,383.10205078125
Hopf,36,H:Re_51p786450:3254,Re_51p786450,51.7864496836,3254,2809.4150390625,19,3273,3213.800537109375,404.385498046875
Hopf,36,H:Re_51p786450:3254,Re_51p786450,51.7864496836,3254,2809.4150390625,20,3274,3235.083984375,425.6689453125
Hopf,36,H:Re_51p786450:3254,Re_51p786450,51.7864496836,3254,2809.4150390625,21,3275,3256.367431640625,446.952392578125
Hopf,36,H:Re_51p786450:3254,Re_51p786450,51.7864496836,3254,2809.4150390625,22,3276,3277.65087890625,468.23583984375
Hopf,36,H:Re_51p786450:3254,Re_51p786450,51.7864496836,3254,2809.4150390625,23,3277,3298.934326171875,489.519287109375
Hopf,36,H:Re_51p786450:3254,Re_51p786450,51.7864496836,3254,2809.4150390625,24,3278,3320.2177734375,510.802734375
Hopf,36,H:Re_51p786450:3254,Re_51p786450,51.7864496836,3254,2809.4150390625,25,3279,3341.501220703125,532.086181640625
Hopf,36,H:Re_51p786450:3254,Re_51p786450,51.7864496836,3254,2809.4150390625,26,3280,3362.78466796875,553.36962890625
Hopf,36,H:Re_51p786450:3254,Re_51p786450,51.7864496836,3254,2809.4150390625,27,3281,3384.068115234375,574.653076171875
Hopf,36,H:Re_51p786450:3254,Re_51p786450,51.7864496836,3254,2809.4150390625,28,3282,3405.3515625,595.9365234375
Hopf,36,H:Re_51p786450:3254,Re_51p786450,51.7864496836,3254,2809.4150390625,29,3283,3426.635009765625,617.219970703125
Hopf,36,H:Re_51p786450:3254,Re_51p786450,51.7864496836,3254,2809.4150390625,30,3284,3447.91845703125,638.50341796875
Hopf,36,H:Re_51p786450:3254,Re_51p786450,51.7864496836,3254,2809.4150390625,31,3285,3469.201904296875,659.786865234375
Hopf,36,H:Re_51p786450:3254,Re_51p786450,51.7864496836,3254,2809.4150390625,32,3286,3490.4853515625,681.0703125
Hopf,36,H:Re_51p786450:3254,Re_51p786450,51.7864496836,3254,2809.4150390625,33,3287,3511.768798828125,702.353759765625
Hopf,36,H:Re_51p786450:3254,Re_51p786450,51.7864496836,3254,2809.4150390625,34,3288,3533.04443359375,723.62939453125
Hopf,36,H:Re_51p786450:3254,Re_51p786450,51.7864496836,3254,2809.4150390625,35,3289,3554.327880859375,744.912841796875
Hopf,36,H:Re_51p786450:3254,Re_51p786450,51.7864496836,3254,2809.4150390625,36,3290,3575.611083984375,766.196044921875
Hopf,36,H:Re_51p786450:3254,Re_51p786450,51.7864496836,3254,2809.4150390625,37,3291,3596.89453125,787.4794921875
Hopf,36,H:Re_51p786450:3254,Re_51p786450,51.7864496836,3254,2809.4150390625,38,3292,3618.177978515625,808.762939453125
Hopf,36,H:Re_51p786450:3254,Re_51p786450,51.7864496836,3254,2809.4150390625,39,3293,3639.46142578125,830.04638671875
Hopf,36,H:Re_51p786450:3254,Re_51p786450,51.7864496836,3254,2809.4150390625,40,3294,3660.744873046875,851.329833984375
Hopf,36,H:Re_51p786450:3254,Re_51p786450,51.7864496836,3254,2809.4150390625,41,3295,3682.0283203125,872.61328125
Hopf,36,H:Re_51p786450:3254,Re_51p786450,51.7864496836,3254,2809.4150390625,42,3296,3703.3115234375,893.896484375
Hopf,36,H:Re_51p786450:3254,Re_51p786450,51.7864496836,3254,2809.4150390625,43,3297,3724.594970703125,915.179931640625
Hopf,36,H:Re_51p786450:3254,Re_51p786450,51.7864496836,3254,2809.4150390625,44,3298,3745.87841796875,936.46337890625
Hopf,36,H:Re_51p786450:3254,Re_51p786450,51.7864496836,3254,2809.4150390625,45,3299,3767.161865234375,957.746826171875
Hopf,36,H:Re_51p786450:3254,Re_51p786450,51.7864496836,3254,2809.4150390625,46,3300,3788.4453125,979.0302734375
Hopf,36,H:Re_51p786450:3254,Re_51p786450,51.7864496836,3254,2809.4150390625,47,3301,3809.728515625,1000.3134765625
Hopf,36,H:Re_51p786450:3254,Re_51p786450,51.7864496836,3254,2809.4150390625,48,3302,3831.011962890625,1021.596923828125
Hopf,37,H:Re_51p786450:3262,Re_51p786450,51.7864496836,3262,2979.6826171875,1,3263,3000.966064453125,21.283447265625
Hopf,37,H:Re_51p786450:3262,Re_51p786450,51.7864496836,3262,2979.6826171875,2,3264,3022.24951171875,42.56689453125
Hopf,37,H:Re_51p786450:3262,Re_51p786450,51.7864496836,3262,2979.6826171875,3,3265,3043.532958984375,63.850341796875
Hopf,37,H:Re_51p786450:3262,Re_51p786450,51.7864496836,3262,2979.6826171875,4,3266,3064.81640625,85.1337890625
Hopf,37,H:Re_51p786450:3262,Re_51p786450,51.7864496836,3262,2979.6826171875,5,3267,3086.099853515625,106.417236328125
Hopf,37,H:Re_51p786450:3262,Re_51p786450,51.7864496836,3262,2979.6826171875,6,3268,3107.38330078125,127.70068359375
Hopf,37,H:Re_51p786450:3262,Re_51p786450,51.7864496836,3262,2979.6826171875,7,3269,3128.666748046875,148.984130859375
Hopf,37,H:Re_51p786450:3262,Re_51p786450,51.7864496836,3262,2979.6826171875,8,3270,3149.9501953125,170.267578125
Hopf,37,H:Re_51p786450:3262,Re_51p786450,51.7864496836,3262,2979.6826171875,9,3271,3171.233642578125,191.551025390625
Hopf,37,H:Re_51p786450:3262,Re_51p786450,51.7864496836,3262,2979.6826171875,10,3272,3192.51708984375,212.83447265625
Hopf,37,H:Re_51p786450:3262,Re_51p786450,51.7864496836,3262,2979.6826171875,11,3273,3213.800537109375,234.117919921875
Hopf,37,H:Re_51p786450:3262,Re_51p786450,51.7864496836,3262,2979.6826171875,12,3274,3235.083984375,255.4013671875
Hopf,37,H:Re_51p786450:3262,Re_51p786450,51.7864496836,3262,2979.6826171875,13,3275,3256.367431640625,276.684814453125
Hopf,37,H:Re_51p786450:3262,Re_51p786450,51.7864496836,3262,2979.6826171875,14,3276,3277.65087890625,297.96826171875
Hopf,37,H:Re_51p786450:3262,Re_51p786450,51.7864496836,3262,2979.6826171875,15,3277,3298.934326171875,319.251708984375
Hopf,37,H:Re_51p786450:3262,Re_51p786450,51.7864496836,3262,2979.6826171875,16,3278,3320.2177734375,340.53515625
Hopf,37,H:Re_51p786450:3262,Re_51p786450,51.7864496836,3262,2979.6826171875,17,3279,3341.501220703125,361.818603515625
Hopf,37,H:Re_51p786450:3262,Re_51p786450,51.7864496836,3262,2979.6826171875,18,3280,3362.78466796875,383.10205078125
Hopf,37,H:Re_51p786450:3262,Re_51p786450,51.7864496836,3262,2979.6826171875,19,3281,3384.068115234375,404.385498046875
Hopf,37,H:Re_51p786450:3262,Re_51p786450,51.7864496836,3262,2979.6826171875,20,3282,3405.3515625,425.6689453125
Hopf,37,H:Re_51p786450:3262,Re_51p786450,51.7864496836,3262,2979.6826171875,21,3283,3426.635009765625,446.952392578125
Hopf,37,H:Re_51p786450:3262,Re_51p786450,51.7864496836,3262,2979.6826171875,22,3284,3447.91845703125,468.23583984375
Hopf,37,H:Re_51p786450:3262,Re_51p786450,51.7864496836,3262,2979.6826171875,23,3285,3469.201904296875,489.519287109375
Hopf,37,H:Re_51p786450:3262,Re_51p786450,51.7864496836,3262,2979.6826171875,24,3286,3490.4853515625,510.802734375
Hopf,37,H:Re_51p786450:3262,Re_51p786450,51.7864496836,3262,2979.6826171875,25,3287,3511.768798828125,532.086181640625
Hopf,37,H:Re_51p786450:3262,Re_51p786450,51.7864496836,3262,2979.6826171875,26,3288,3533.04443359375,553.36181640625
Hopf,37,H:Re_51p786450:3262,Re_51p786450,51.7864496836,3262,2979.6826171875,27,3289,3554.327880859375,574.645263671875
Hopf,37,H:Re_51p786450:3262,Re_51p786450,51.7864496836,3262,2979.6826171875,28,3290,3575.611083984375,595.928466796875
Hopf,37,H:Re_51p786450:3262,Re_51p786450,51.7864496836,3262,2979.6826171875,29,3291,3596.89453125,617.2119140625
Hopf,37,H:Re_51p786450:3262,Re_51p786450,51.7864496836,3262,2979.6826171875,30,3292,3618.177978515625,638.495361328125
Hopf,37,H:Re_51p786450:3262,Re_51p786450,51.7864496836,3262,2979.6826171875,31,3293,3639.46142578125,659.77880859375
Hopf,37,H:Re_51p786450:3262,Re_51p786450,51.7864496836,3262,2979.6826171875,32,3294,3660.744873046875,681.062255859375
Hopf,37,H:Re_51p786450:3262,Re_51p786450,51.7864496836,3262,2979.6826171875,33,3295,3682.0283203125,702.345703125
Hopf,37,H:Re_51p786450:3262,Re_51p786450,51.7864496836,3262,2979.6826171875,34,3296,3703.3115234375,723.62890625
Hopf,37,H:Re_51p786450:3262,Re_51p786450,51.7864496836,3262,2979.6826171875,35,3297,3724.594970703125,744.912353515625
Hopf,37,H:Re_51p786450:3262,Re_51p786450,51.7864496836,3262,2979.6826171875,36,3298,3745.87841796875,766.19580078125
Hopf,37,H:Re_51p786450:3262,Re_51p786450,51.7864496836,3262,2979.6826171875,37,3299,3767.161865234375,787.479248046875
Hopf,37,H:Re_51p786450:3262,Re_51p786450,51.7864496836,3262,2979.6826171875,38,3300,3788.4453125,808.7626953125
Hopf,37,H:Re_51p786450:3262,Re_51p786450,51.7864496836,3262,2979.6826171875,39,3301,3809.728515625,830.0458984375
Hopf,37,H:Re_51p786450:3262,Re_51p786450,51.7864496836,3262,2979.6826171875,40,3302,3831.011962890625,851.329345703125
Hopf,37,H:Re_51p786450:3262,Re_51p786450,51.7864496836,3262,2979.6826171875,41,3303,3852.29541015625,872.61279296875
Hopf,37,H:Re_51p786450:3262,Re_51p786450,51.7864496836,3262,2979.6826171875,42,3304,3873.578857421875,893.896240234375
Hopf,37,H:Re_51p786450:3262,Re_51p786450,51.7864496836,3262,2979.6826171875,43,3305,3894.8623046875,915.1796875
Hopf,37,H:Re_51p786450:3262,Re_51p786450,51.7864496836,3262,2979.6826171875,44,3306,3916.1455078125,936.462890625
Hopf,37,H:Re_51p786450:3262,Re_51p786450,51.7864496836,3262,2979.6826171875,45,3307,3937.428955078125,957.746337890625
Hopf,37,H:Re_51p786450:3262,Re_51p786450,51.7864496836,3262,2979.6826171875,46,3308,3958.71240234375,979.02978515625
Hopf,37,H:Re_51p786450:3262,Re_51p786450,51.7864496836,3262,2979.6826171875,47,3309,3979.995849609375,1000.313232421875
Hopf,37,H:Re_51p786450:3262,Re_51p786450,51.7864496836,3262,2979.6826171875,48,3310,4001.279296875,1021.5966796875
Hopf,38,H:Re_51p786450:3270,Re_51p786450,51.7864496836,3270,3149.9501953125,1,3271,3171.233642578125,21.283447265625
Hopf,38,H:Re_51p786450:3270,Re_51p786450,51.7864496836,3270,3149.9501953125,2,3272,3192.51708984375,42.56689453125
Hopf,38,H:Re_51p786450:3270,Re_51p786450,51.7864496836,3270,3149.9501953125,3,3273,3213.800537109375,63.850341796875
Hopf,38,H:Re_51p786450:3270,Re_51p786450,51.7864496836,3270,3149.9501953125,4,3274,3235.083984375,85.1337890625
Hopf,38,H:Re_51p786450:3270,Re_51p786450,51.7864496836,3270,3149.9501953125,5,3275,3256.367431640625,106.417236328125
Hopf,38,H:Re_51p786450:3270,Re_51p786450,51.7864496836,3270,3149.9501953125,6,3276,3277.65087890625,127.70068359375
Hopf,38,H:Re_51p786450:3270,Re_51p786450,51.7864496836,3270,3149.9501953125,7,3277,3298.934326171875,148.984130859375
Hopf,38,H:Re_51p786450:3270,Re_51p786450,51.7864496836,3270,3149.9501953125,8,3278,3320.2177734375,170.267578125
Hopf,38,H:Re_51p786450:3270,Re_51p786450,51.7864496836,3270,3149.9501953125,9,3279,3341.501220703125,191.551025390625
Hopf,38,H:Re_51p786450:3270,Re_51p786450,51.7864496836,3270,3149.9501953125,10,3280,3362.78466796875,212.83447265625
Hopf,38,H:Re_51p786450:3270,Re_51p786450,51.7864496836,3270,3149.9501953125,11,3281,3384.068115234375,234.117919921875
Hopf,38,H:Re_51p786450:3270,Re_51p786450,51.7864496836,3270,3149.9501953125,12,3282,3405.3515625,255.4013671875
Hopf,38,H:Re_51p786450:3270,Re_51p786450,51.7864496836,3270,3149.9501953125,13,3283,3426.635009765625,276.684814453125
Hopf,38,H:Re_51p786450:3270,Re_51p786450,51.7864496836,3270,3149.9501953125,14,3284,3447.91845703125,297.96826171875
Hopf,38,H:Re_51p786450:3270,Re_51p786450,51.7864496836,3270,3149.9501953125,15,3285,3469.201904296875,319.251708984375
Hopf,38,H:Re_51p786450:3270,Re_51p786450,51.7864496836,3270,3149.9501953125,16,3286,3490.4853515625,340.53515625
Hopf,38,H:Re_51p786450:3270,Re_51p786450,51.7864496836,3270,3149.9501953125,17,3287,3511.768798828125,361.818603515625
Hopf,38,H:Re_51p786450:3270,Re_51p786450,51.7864496836,3270,3149.9501953125,18,3288,3533.04443359375,383.09423828125
Hopf,38,H:Re_51p786450:3270,Re_51p786450,51.7864496836,3270,3149.9501953125,19,3289,3554.327880859375,404.377685546875
Hopf,38,H:Re_51p786450:3270,Re_51p786450,51.7864496836,3270,3149.9501953125,20,3290,3575.611083984375,425.660888671875
Hopf,38,H:Re_51p786450:3270,Re_51p786450,51.7864496836,3270,3149.9501953125,21,3291,3596.89453125,446.9443359375
Hopf,38,H:Re_51p786450:3270,Re_51p786450,51.7864496836,3270,3149.9501953125,22,3292,3618.177978515625,468.227783203125
Hopf,38,H:Re_51p786450:3270,Re_51p786450,51.7864496836,3270,3149.9501953125,23,3293,3639.46142578125,489.51123046875
Hopf,38,H:Re_51p786450:3270,Re_51p786450,51.7864496836,3270,3149.9501953125,24,3294,3660.744873046875,510.794677734375
Hopf,38,H:Re_51p786450:3270,Re_51p786450,51.7864496836,3270,3149.9501953125,25,3295,3682.0283203125,532.078125
Hopf,38,H:Re_51p786450:3270,Re_51p786450,51.7864496836,3270,3149.9501953125,26,3296,3703.3115234375,553.361328125
Hopf,38,H:Re_51p786450:3270,Re_51p786450,51.7864496836,3270,3149.9501953125,27,3297,3724.594970703125,574.644775390625
Hopf,38,H:Re_51p786450:3270,Re_51p786450,51.7864496836,3270,3149.9501953125,28,3298,3745.87841796875,595.92822265625
Hopf,38,H:Re_51p786450:3270,Re_51p786450,51.7864496836,3270,3149.9501953125,29,3299,3767.161865234375,617.211669921875
Hopf,38,H:Re_51p786450:3270,Re_51p786450,51.7864496836,3270,3149.9501953125,30,3300,3788.4453125,638.4951171875
Hopf,38,H:Re_51p786450:3270,Re_51p786450,51.7864496836,3270,3149.9501953125,31,3301,3809.728515625,659.7783203125
Hopf,38,H:Re_51p786450:3270,Re_51p786450,51.7864496836,3270,3149.9501953125,32,3302,3831.011962890625,681.061767578125
Hopf,38,H:Re_51p786450:3270,Re_51p786450,51.7864496836,3270,3149.9501953125,33,3303,3852.29541015625,702.34521484375
Hopf,38,H:Re_51p786450:3270,Re_51p786450,51.7864496836,3270,3149.9501953125,34,3304,3873.578857421875,723.628662109375
Hopf,38,H:Re_51p786450:3270,Re_51p786450,51.7864496836,3270,3149.9501953125,35,3305,3894.8623046875,744.912109375
Hopf,38,H:Re_51p786450:3270,Re_51p786450,51.7864496836,3270,3149.9501953125,36,3306,3916.1455078125,766.1953125
Hopf,38,H:Re_51p786450:3270,Re_51p786450,51.7864496836,3270,3149.9501953125,37,3307,3937.428955078125,787.478759765625
Hopf,38,H:Re_51p786450:3270,Re_51p786450,51.7864496836,3270,3149.9501953125,38,3308,3958.71240234375,808.76220703125
Hopf,38,H:Re_51p786450:3270,Re_51p786450,51.7864496836,3270,3149.9501953125,39,3309,3979.995849609375,830.045654296875
Hopf,38,H:Re_51p786450:3270,Re_51p786450,51.7864496836,3270,3149.9501953125,40,3310,4001.279296875,851.3291015625
Hopf,38,H:Re_51p786450:3270,Re_51p786450,51.7864496836,3270,3149.9501953125,41,3311,4022.5625,872.6123046875
Hopf,38,H:Re_51p786450:3270,Re_51p786450,51.7864496836,3270,3149.9501953125,42,3312,4043.845947265625,893.895751953125
Hopf,38,H:Re_51p786450:3270,Re_51p786450,51.7864496836,3270,3149.9501953125,43,3313,4065.12939453125,915.17919921875
Hopf,38,H:Re_51p786450:3270,Re_51p786450,51.7864496836,3270,3149.9501953125,44,3314,4086.412841796875,936.462646484375
Hopf,38,H:Re_51p786450:3270,Re_51p786450,51.7864496836,3270,3149.9501953125,45,3315,4107.6962890625,957.74609375
Hopf,38,H:Re_51p786450:3270,Re_51p786450,51.7864496836,3270,3149.9501953125,46,3316,4128.9794921875,979.029296875
Hopf,38,H:Re_51p786450:3270,Re_51p786450,51.7864496836,3270,3149.9501953125,47,3317,4150.26318359375,1000.31298828125
Hopf,38,H:Re_51p786450:3270,Re_51p786450,51.7864496836,3270,3149.9501953125,48,3318,4171.54638671875,1021.59619140625
Hopf,39,H:Re_51p786450:3278,Re_51p786450,51.7864496836,3278,3320.2177734375,1,3279,3341.501220703125,21.283447265625
Hopf,39,H:Re_51p786450:3278,Re_51p786450,51.7864496836,3278,3320.2177734375,2,3280,3362.78466796875,42.56689453125
Hopf,39,H:Re_51p786450:3278,Re_51p786450,51.7864496836,3278,3320.2177734375,3,3281,3384.068115234375,63.850341796875
Hopf,39,H:Re_51p786450:3278,Re_51p786450,51.7864496836,3278,3320.2177734375,4,3282,3405.3515625,85.1337890625
Hopf,39,H:Re_51p786450:3278,Re_51p786450,51.7864496836,3278,3320.2177734375,5,3283,3426.635009765625,106.417236328125
Hopf,39,H:Re_51p786450:3278,Re_51p786450,51.7864496836,3278,3320.2177734375,6,3284,3447.91845703125,127.70068359375
Hopf,39,H:Re_51p786450:3278,Re_51p786450,51.7864496836,3278,3320.2177734375,7,3285,3469.201904296875,148.984130859375
Hopf,39,H:Re_51p786450:3278,Re_51p786450,51.7864496836,3278,3320.2177734375,8,3286,3490.4853515625,170.267578125
Hopf,39,H:Re_51p786450:3278,Re_51p786450,51.7864496836,3278,3320.2177734375,9,3287,3511.768798828125,191.551025390625
Hopf,39,H:Re_51p786450:3278,Re_51p786450,51.7864496836,3278,3320.2177734375,10,3288,3533.04443359375,212.82666015625
Hopf,39,H:Re_51p786450:3278,Re_51p786450,51.7864496836,3278,3320.2177734375,11,3289,3554.327880859375,234.110107421875
Hopf,39,H:Re_51p786450:3278,Re_51p786450,51.7864496836,3278,3320.2177734375,12,3290,3575.611083984375,255.393310546875
Hopf,39,H:Re_51p786450:3278,Re_51p786450,51.7864496836,3278,3320.2177734375,13,3291,3596.89453125,276.6767578125
Hopf,39,H:Re_51p786450:3278,Re_51p786450,51.7864496836,3278,3320.2177734375,14,3292,3618.177978515625,297.960205078125
Hopf,39,H:Re_51p786450:3278,Re_51p786450,51.7864496836,3278,3320.2177734375,15,3293,3639.46142578125,319.24365234375
Hopf,39,H:Re_51p786450:3278,Re_51p786450,51.7864496836,3278,3320.2177734375,16,3294,3660.744873046875,340.527099609375
Hopf,39,H:Re_51p786450:3278,Re_51p786450,51.7864496836,3278,3320.2177734375,17,3295,3682.0283203125,361.810546875
Hopf,39,H:Re_51p786450:3278,Re_51p786450,51.7864496836,3278,3320.2177734375,18,3296,3703.3115234375,383.09375
Hopf,39,H:Re_51p786450:3278,Re_51p786450,51.7864496836,3278,3320.2177734375,19,3297,3724.594970703125,404.377197265625
Hopf,39,H:Re_51p786450:3278,Re_51p786450,51.7864496836,3278,3320.2177734375,20,3298,3745.87841796875,425.66064453125
Hopf,39,H:Re_51p786450:3278,Re_51p786450,51.7864496836,3278,3320.2177734375,21,3299,3767.161865234375,446.944091796875
Hopf,39,H:Re_51p786450:3278,Re_51p786450,51.7864496836,3278,3320.2177734375,22,3300,3788.4453125,468.2275390625
Hopf,39,H:Re_51p786450:3278,Re_51p786450,51.7864496836,3278,3320.2177734375,23,3301,3809.728515625,489.5107421875
Hopf,39,H:Re_51p786450:3278,Re_51p786450,51.7864496836,3278,3320.2177734375,24,3302,3831.011962890625,510.794189453125
Hopf,39,H:Re_51p786450:3278,Re_51p786450,51.7864496836,3278,3320.2177734375,25,3303,3852.29541015625,532.07763671875
Hopf,39,H:Re_51p786450:3278,Re_51p786450,51.7864496836,3278,3320.2177734375,26,3304,3873.578857421875,553.361083984375
Hopf,39,H:Re_51p786450:3278,Re_51p786450,51.7864496836,3278,3320.2177734375,27,3305,3894.8623046875,574.64453125
Hopf,39,H:Re_51p786450:3278,Re_51p786450,51.7864496836,3278,3320.2177734375,28,3306,3916.1455078125,595.927734375
Hopf,39,H:Re_51p786450:3278,Re_51p786450,51.7864496836,3278,3320.2177734375,29,3307,3937.428955078125,617.211181640625
Hopf,39,H:Re_51p786450:3278,Re_51p786450,51.7864496836,3278,3320.2177734375,30,3308,3958.71240234375,638.49462890625
Hopf,39,H:Re_51p786450:3278,Re_51p786450,51.7864496836,3278,3320.2177734375,31,3309,3979.995849609375,659.778076171875
Hopf,39,H:Re_51p786450:3278,Re_51p786450,51.7864496836,3278,3320.2177734375,32,3310,4001.279296875,681.0615234375
Hopf,39,H:Re_51p786450:3278,Re_51p786450,51.7864496836,3278,3320.2177734375,33,3311,4022.5625,702.3447265625
Hopf,39,H:Re_51p786450:3278,Re_51p786450,51.7864496836,3278,3320.2177734375,34,3312,4043.845947265625,723.628173828125
Hopf,39,H:Re_51p786450:3278,Re_51p786450,51.7864496836,3278,3320.2177734375,35,3313,4065.12939453125,744.91162109375
Hopf,39,H:Re_51p786450:3278,Re_51p786450,51.7864496836,3278,3320.2177734375,36,3314,4086.412841796875,766.195068359375
Hopf,39,H:Re_51p786450:3278,Re_51p786450,51.7864496836,3278,3320.2177734375,37,3315,4107.6962890625,787.478515625
Hopf,39,H:Re_51p786450:3278,Re_51p786450,51.7864496836,3278,3320.2177734375,38,3316,4128.9794921875,808.76171875
Hopf,39,H:Re_51p786450:3278,Re_51p786450,51.7864496836,3278,3320.2177734375,39,3317,4150.26318359375,830.04541015625
Hopf,39,H:Re_51p786450:3278,Re_51p786450,51.7864496836,3278,3320.2177734375,40,3318,4171.54638671875,851.32861328125
Hopf,39,H:Re_51p786450:3278,Re_51p786450,51.7864496836,3278,3320.2177734375,41,3319,4192.82958984375,872.61181640625
Hopf,39,H:Re_51p786450:3278,Re_51p786450,51.7864496836,3278,3320.2177734375,42,3320,4214.11328125,893.8955078125
Hopf,39,H:Re_51p786450:3278,Re_51p786450,51.7864496836,3278,3320.2177734375,43,3321,4235.396484375,915.1787109375
Hopf,39,H:Re_51p786450:3278,Re_51p786450,51.7864496836,3278,3320.2177734375,44,3322,4256.68017578125,936.46240234375
Hopf,39,H:Re_51p786450:3278,Re_51p786450,51.7864496836,3278,3320.2177734375,45,3323,4277.96337890625,957.74560546875
Hopf,39,H:Re_51p786450:3278,Re_51p786450,51.7864496836,3278,3320.2177734375,46,3324,4299.24658203125,979.02880859375
Hopf,39,H:Re_51p786450:3278,Re_51p786450,51.7864496836,3278,3320.2177734375,47,3325,4320.5302734375,1000.3125
Hopf,39,H:Re_51p786450:3278,Re_51p786450,51.7864496836,3278,3320.2177734375,48,3326,4341.8134765625,1021.595703125
Hopf,40,H:Re_51p786450:3286,Re_51p786450,51.7864496836,3286,3490.4853515625,1,3287,3511.768798828125,21.283447265625
Hopf,40,H:Re_51p786450:3286,Re_51p786450,51.7864496836,3286,3490.4853515625,2,3288,3533.04443359375,42.55908203125
Hopf,40,H:Re_51p786450:3286,Re_51p786450,51.7864496836,3286,3490.4853515625,3,3289,3554.327880859375,63.842529296875
Hopf,40,H:Re_51p786450:3286,Re_51p786450,51.7864496836,3286,3490.4853515625,4,3290,3575.611083984375,85.125732421875
Hopf,40,H:Re_51p786450:3286,Re_51p786450,51.7864496836,3286,3490.4853515625,5,3291,3596.89453125,106.4091796875
Hopf,40,H:Re_51p786450:3286,Re_51p786450,51.7864496836,3286,3490.4853515625,6,3292,3618.177978515625,127.692626953125
Hopf,40,H:Re_51p786450:3286,Re_51p786450,51.7864496836,3286,3490.4853515625,7,3293,3639.46142578125,148.97607421875
Hopf,40,H:Re_51p786450:3286,Re_51p786450,51.7864496836,3286,3490.4853515625,8,3294,3660.744873046875,170.259521484375
Hopf,40,H:Re_51p786450:3286,Re_51p786450,51.7864496836,3286,3490.4853515625,9,3295,3682.0283203125,191.54296875
Hopf,40,H:Re_51p786450:3286,Re_51p786450,51.7864496836,3286,3490.4853515625,10,3296,3703.3115234375,212.826171875
Hopf,40,H:Re_51p786450:3286,Re_51p786450,51.7864496836,3286,3490.4853515625,11,3297,3724.594970703125,234.109619140625
Hopf,40,H:Re_51p786450:3286,Re_51p786450,51.7864496836,3286,3490.4853515625,12,3298,3745.87841796875,255.39306640625
Hopf,40,H:Re_51p786450:3286,Re_51p786450,51.7864496836,3286,3490.4853515625,13,3299,3767.161865234375,276.676513671875
Hopf,40,H:Re_51p786450:3286,Re_51p786450,51.7864496836,3286,3490.4853515625,14,3300,3788.4453125,297.9599609375
Hopf,40,H:Re_51p786450:3286,Re_51p786450,51.7864496836,3286,3490.4853515625,15,3301,3809.728515625,319.2431640625
Hopf,40,H:Re_51p786450:3286,Re_51p786450,51.7864496836,3286,3490.4853515625,16,3302,3831.011962890625,340.526611328125
Hopf,40,H:Re_51p786450:3286,Re_51p786450,51.7864496836,3286,3490.4853515625,17,3303,3852.29541015625,361.81005859375
Hopf,40,H:Re_51p786450:3286,Re_51p786450,51.7864496836,3286,3490.4853515625,18,3304,3873.578857421875,383.093505859375
Hopf,40,H:Re_51p786450:3286,Re_51p786450,51.7864496836,3286,3490.4853515625,19,3305,3894.8623046875,404.376953125
Hopf,40,H:Re_51p786450:3286,Re_51p786450,51.7864496836,3286,3490.4853515625,20,3306,3916.1455078125,425.66015625
Hopf,40,H:Re_51p786450:3286,Re_51p786450,51.7864496836,3286,3490.4853515625,21,3307,3937.428955078125,446.943603515625
Hopf,40,H:Re_51p786450:3286,Re_51p786450,51.7864496836,3286,3490.4853515625,22,3308,3958.71240234375,468.22705078125
Hopf,40,H:Re_51p786450:3286,Re_51p786450,51.7864496836,3286,3490.4853515625,23,3309,3979.995849609375,489.510498046875
Hopf,40,H:Re_51p786450:3286,Re_51p786450,51.7864496836,3286,3490.4853515625,24,3310,4001.279296875,510.7939453125
Hopf,40,H:Re_51p786450:3286,Re_51p786450,51.7864496836,3286,3490.4853515625,25,3311,4022.5625,532.0771484375
Hopf,40,H:Re_51p786450:3286,Re_51p786450,51.7864496836,3286,3490.4853515625,26,3312,4043.845947265625,553.360595703125
Hopf,40,H:Re_51p786450:3286,Re_51p786450,51.7864496836,3286,3490.4853515625,27,3313,4065.12939453125,574.64404296875
Hopf,40,H:Re_51p786450:3286,Re_51p786450,51.7864496836,3286,3490.4853515625,28,3314,4086.412841796875,595.927490234375
Hopf,40,H:Re_51p786450:3286,Re_51p786450,51.7864496836,3286,3490.4853515625,29,3315,4107.6962890625,617.2109375
Hopf,40,H:Re_51p786450:3286,Re_51p786450,51.7864496836,3286,3490.4853515625,30,3316,4128.9794921875,638.494140625
Hopf,40,H:Re_51p786450:3286,Re_51p786450,51.7864496836,3286,3490.4853515625,31,3317,4150.26318359375,659.77783203125
Hopf,40,H:Re_51p786450:3286,Re_51p786450,51.7864496836,3286,3490.4853515625,32,3318,4171.54638671875,681.06103515625
Hopf,40,H:Re_51p786450:3286,Re_51p786450,51.7864496836,3286,3490.4853515625,33,3319,4192.82958984375,702.34423828125
Hopf,40,H:Re_51p786450:3286,Re_51p786450,51.7864496836,3286,3490.4853515625,34,3320,4214.11328125,723.6279296875
Hopf,40,H:Re_51p786450:3286,Re_51p786450,51.7864496836,3286,3490.4853515625,35,3321,4235.396484375,744.9111328125
Hopf,40,H:Re_51p786450:3286,Re_51p786450,51.7864496836,3286,3490.4853515625,36,3322,4256.68017578125,766.19482421875
Hopf,40,H:Re_51p786450:3286,Re_51p786450,51.7864496836,3286,3490.4853515625,37,3323,4277.96337890625,787.47802734375
Hopf,40,H:Re_51p786450:3286,Re_51p786450,51.7864496836,3286,3490.4853515625,38,3324,4299.24658203125,808.76123046875
Hopf,40,H:Re_51p786450:3286,Re_51p786450,51.7864496836,3286,3490.4853515625,39,3325,4320.5302734375,830.044921875
Hopf,40,H:Re_51p786450:3286,Re_51p786450,51.7864496836,3286,3490.4853515625,40,3326,4341.8134765625,851.328125
Hopf,40,H:Re_51p786450:3286,Re_51p786450,51.7864496836,3286,3490.4853515625,41,3327,4363.09716796875,872.61181640625
Hopf,40,H:Re_51p786450:3286,Re_51p786450,51.7864496836,3286,3490.4853515625,42,3328,4384.38037109375,893.89501953125
Hopf,40,H:Re_51p786450:3286,Re_51p786450,51.7864496836,3286,3490.4853515625,43,3329,4405.66357421875,915.17822265625
Hopf,40,H:Re_51p786450:3286,Re_51p786450,51.7864496836,3286,3490.4853515625,44,3330,4426.947265625,936.4619140625
Hopf,40,H:Re_51p786450:3286,Re_51p786450,51.7864496836,3286,3490.4853515625,45,3331,4448.23046875,957.7451171875
Hopf,40,H:Re_51p786450:3286,Re_51p786450,51.7864496836,3286,3490.4853515625,46,3332,4469.51416015625,979.02880859375
Hopf,40,H:Re_51p786450:3286,Re_51p786450,51.7864496836,3286,3490.4853515625,47,3333,4490.79736328125,1000.31201171875
Hopf,40,H:Re_51p786450:3286,Re_51p786450,51.7864496836,3286,3490.4853515625,48,3334,4512.08056640625,1021.59521484375
Hopf,41,H:Re_51p786450:3294,Re_51p786450,51.7864496836,3294,3660.744873046875,1,3295,3682.0283203125,21.283447265625
Hopf,41,H:Re_51p786450:3294,Re_51p786450,51.7864496836,3294,3660.744873046875,2,3296,3703.3115234375,42.566650390625
Hopf,41,H:Re_51p786450:3294,Re_51p786450,51.7864496836,3294,3660.744873046875,3,3297,3724.594970703125,63.85009765625
Hopf,41,H:Re_51p786450:3294,Re_51p786450,51.7864496836,3294,3660.744873046875,4,3298,3745.87841796875,85.133544921875
Hopf,41,H:Re_51p786450:3294,Re_51p786450,51.7864496836,3294,3660.744873046875,5,3299,3767.161865234375,106.4169921875
Hopf,41,H:Re_51p786450:3294,Re_51p786450,51.7864496836,3294,3660.744873046875,6,3300,3788.4453125,127.700439453125
Hopf,41,H:Re_51p786450:3294,Re_51p786450,51.7864496836,3294,3660.744873046875,7,3301,3809.728515625,148.983642578125
Hopf,41,H:Re_51p786450:3294,Re_51p786450,51.7864496836,3294,3660.744873046875,8,3302,3831.011962890625,170.26708984375
Hopf,41,H:Re_51p786450:3294,Re_51p786450,51.7864496836,3294,3660.744873046875,9,3303,3852.29541015625,191.550537109375
Hopf,41,H:Re_51p786450:3294,Re_51p786450,51.7864496836,3294,3660.744873046875,10,3304,3873.578857421875,212.833984375
Hopf,41,H:Re_51p786450:3294,Re_51p786450,51.7864496836,3294,3660.744873046875,11,3305,3894.8623046875,234.117431640625
Hopf,41,H:Re_51p786450:3294,Re_51p786450,51.7864496836,3294,3660.744873046875,12,3306,3916.1455078125,255.400634765625
Hopf,41,H:Re_51p786450:3294,Re_51p786450,51.7864496836,3294,3660.744873046875,13,3307,3937.428955078125,276.68408203125
Hopf,41,H:Re_51p786450:3294,Re_51p786450,51.7864496836,3294,3660.744873046875,14,3308,3958.71240234375,297.967529296875
Hopf,41,H:Re_51p786450:3294,Re_51p786450,51.7864496836,3294,3660.744873046875,15,3309,3979.995849609375,319.2509765625
Hopf,41,H:Re_51p786450:3294,Re_51p786450,51.7864496836,3294,3660.744873046875,16,3310,4001.279296875,340.534423828125
Hopf,41,H:Re_51p786450:3294,Re_51p786450,51.7864496836,3294,3660.744873046875,17,3311,4022.5625,361.817626953125
Hopf,41,H:Re_51p786450:3294,Re_51p786450,51.7864496836,3294,3660.744873046875,18,3312,4043.845947265625,383.10107421875
Hopf,41,H:Re_51p786450:3294,Re_51p786450,51.7864496836,3294,3660.744873046875,19,3313,4065.12939453125,404.384521484375
Hopf,41,H:Re_51p786450:3294,Re_51p786450,51.7864496836,3294,3660.744873046875,20,3314,4086.412841796875,425.66796875
Hopf,41,H:Re_51p786450:3294,Re_51p786450,51.7864496836,3294,3660.744873046875,21,3315,4107.6962890625,446.951416015625
Hopf,41,H:Re_51p786450:3294,Re_51p786450,51.7864496836,3294,3660.744873046875,22,3316,4128.9794921875,468.234619140625
Hopf,41,H:Re_51p786450:3294,Re_51p786450,51.7864496836,3294,3660.744873046875,23,3317,4150.26318359375,489.518310546875
Hopf,41,H:Re_51p786450:3294,Re_51p786450,51.7864496836,3294,3660.744873046875,24,3318,4171.54638671875,510.801513671875
Hopf,41,H:Re_51p786450:3294,Re_51p786450,51.7864496836,3294,3660.744873046875,25,3319,4192.82958984375,532.084716796875
Hopf,41,H:Re_51p786450:3294,Re_51p786450,51.7864496836,3294,3660.744873046875,26,3320,4214.11328125,553.368408203125
Hopf,41,H:Re_51p786450:3294,Re_51p786450,51.7864496836,3294,3660.744873046875,27,3321,4235.396484375,574.651611328125
Hopf,41,H:Re_51p786450:3294,Re_51p786450,51.7864496836,3294,3660.744873046875,28,3322,4256.68017578125,595.935302734375
Hopf,41,H:Re_51p786450:3294,Re_51p786450,51.7864496836,3294,3660.744873046875,29,3323,4277.96337890625,617.218505859375
Hopf,41,H:Re_51p786450:3294,Re_51p786450,51.7864496836,3294,3660.744873046875,30,3324,4299.24658203125,638.501708984375
Hopf,41,H:Re_51p786450:3294,Re_51p786450,51.7864496836,3294,3660.744873046875,31,3325,4320.5302734375,659.785400390625
Hopf,41,H:Re_51p786450:3294,Re_51p786450,51.7864496836,3294,3660.744873046875,32,3326,4341.8134765625,681.068603515625
Hopf,41,H:Re_51p786450:3294,Re_51p786450,51.7864496836,3294,3660.744873046875,33,3327,4363.09716796875,702.352294921875
Hopf,41,H:Re_51p786450:3294,Re_51p786450,51.7864496836,3294,3660.744873046875,34,3328,4384.38037109375,723.635498046875
Hopf,41,H:Re_51p786450:3294,Re_51p786450,51.7864496836,3294,3660.744873046875,35,3329,4405.66357421875,744.918701171875
Hopf,41,H:Re_51p786450:3294,Re_51p786450,51.7864496836,3294,3660.744873046875,36,3330,4426.947265625,766.202392578125
Hopf,41,H:Re_51p786450:3294,Re_51p786450,51.7864496836,3294,3660.744873046875,37,3331,4448.23046875,787.485595703125
Hopf,41,H:Re_51p786450:3294,Re_51p786450,51.7864496836,3294,3660.744873046875,38,3332,4469.51416015625,808.769287109375
Hopf,41,H:Re_51p786450:3294,Re_51p786450,51.7864496836,3294,3660.744873046875,39,3333,4490.79736328125,830.052490234375
Hopf,41,H:Re_51p786450:3294,Re_51p786450,51.7864496836,3294,3660.744873046875,40,3334,4512.08056640625,851.335693359375
Hopf,41,H:Re_51p786450:3294,Re_51p786450,51.7864496836,3294,3660.744873046875,41,3335,4533.3642578125,872.619384765625
Hopf,41,H:Re_51p786450:3294,Re_51p786450,51.7864496836,3294,3660.744873046875,42,3336,4554.6474609375,893.902587890625
Hopf,41,H:Re_51p786450:3294,Re_51p786450,51.7864496836,3294,3660.744873046875,43,3337,4575.93115234375,915.186279296875
Hopf,41,H:Re_51p786450:3294,Re_51p786450,51.7864496836,3294,3660.744873046875,44,3338,4597.21435546875,936.469482421875
Hopf,41,H:Re_51p786450:3294,Re_51p786450,51.7864496836,3294,3660.744873046875,45,3339,4618.49755859375,957.752685546875
Hopf,41,H:Re_51p786450:3294,Re_51p786450,51.7864496836,3294,3660.744873046875,46,3340,4639.78125,979.036376953125
Hopf,41,H:Re_51p786450:3294,Re_51p786450,51.7864496836,3294,3660.744873046875,47,3341,4661.064453125,1000.319580078125
Hopf,41,H:Re_51p786450:3294,Re_51p786450,51.7864496836,3294,3660.744873046875,48,3342,4682.34814453125,1021.603271484375
Periodic,0,P:Re_70p314635:976,Re_70p314635,70.3146353337,976,1384.4959716796875,1,977,1396.9688720703125,12.472900390625
Periodic,0,P:Re_70p314635:976,Re_70p314635,70.3146353337,976,1384.4959716796875,2,978,1409.4417724609375,24.94580078125
Periodic,0,P:Re_70p314635:976,Re_70p314635,70.3146353337,976,1384.4959716796875,3,979,1421.914794921875,37.4188232421875
Periodic,0,P:Re_70p314635:976,Re_70p314635,70.3146353337,976,1384.4959716796875,4,980,1434.3876953125,49.8917236328125
Periodic,0,P:Re_70p314635:976,Re_70p314635,70.3146353337,976,1384.4959716796875,5,981,1446.860595703125,62.3646240234375
Periodic,0,P:Re_70p314635:976,Re_70p314635,70.3146353337,976,1384.4959716796875,6,982,1459.3336181640625,74.837646484375
Periodic,0,P:Re_70p314635:976,Re_70p314635,70.3146353337,976,1384.4959716796875,7,983,1471.8065185546875,87.310546875
Periodic,0,P:Re_70p314635:976,Re_70p314635,70.3146353337,976,1384.4959716796875,8,984,1484.2794189453125,99.783447265625
Periodic,0,P:Re_70p314635:976,Re_70p314635,70.3146353337,976,1384.4959716796875,9,985,1496.7523193359375,112.25634765625
Periodic,0,P:Re_70p314635:976,Re_70p314635,70.3146353337,976,1384.4959716796875,10,986,1509.225341796875,124.7293701171875
Periodic,0,P:Re_70p314635:976,Re_70p314635,70.3146353337,976,1384.4959716796875,11,987,1521.6982421875,137.2022705078125
Periodic,0,P:Re_70p314635:976,Re_70p314635,70.3146353337,976,1384.4959716796875,12,988,1534.171142578125,149.6751708984375
Periodic,0,P:Re_70p314635:976,Re_70p314635,70.3146353337,976,1384.4959716796875,13,989,1546.6441650390625,162.148193359375
Periodic,0,P:Re_70p314635:976,Re_70p314635,70.3146353337,976,1384.4959716796875,14,990,1559.1170654296875,174.62109375
Periodic,0,P:Re_70p314635:976,Re_70p314635,70.3146353337,976,1384.4959716796875,15,991,1571.5899658203125,187.093994140625
Periodic,0,P:Re_70p314635:976,Re_70p314635,70.3146353337,976,1384.4959716796875,16,992,1584.06298828125,199.5670166015625
Periodic,0,P:Re_70p314635:976,Re_70p314635,70.3146353337,976,1384.4959716796875,17,993,1596.535888671875,212.0399169921875
Periodic,0,P:Re_70p314635:976,Re_70p314635,70.3146353337,976,1384.4959716796875,18,994,1609.0087890625,224.5128173828125
Periodic,0,P:Re_70p314635:976,Re_70p314635,70.3146353337,976,1384.4959716796875,19,995,1621.481689453125,236.9857177734375
Periodic,0,P:Re_70p314635:976,Re_70p314635,70.3146353337,976,1384.4959716796875,20,996,1633.9547119140625,249.458740234375
Periodic,0,P:Re_70p314635:976,Re_70p314635,70.3146353337,976,1384.4959716796875,21,997,1646.4276123046875,261.931640625
Periodic,0,P:Re_70p314635:976,Re_70p314635,70.3146353337,976,1384.4959716796875,22,998,1658.9005126953125,274.404541015625
Periodic,0,P:Re_70p314635:976,Re_70p314635,70.3146353337,976,1384.4959716796875,23,999,1671.37353515625,286.8775634765625
Periodic,0,P:Re_70p314635:976,Re_70p314635,70.3146353337,976,1384.4959716796875,24,1000,1683.846435546875,299.3504638671875
Periodic,0,P:Re_70p314635:976,Re_70p314635,70.3146353337,976,1384.4959716796875,25,1001,1696.3193359375,311.8233642578125
Periodic,0,P:Re_70p314635:976,Re_70p314635,70.3146353337,976,1384.4959716796875,26,1002,1708.792236328125,324.2962646484375
Periodic,0,P:Re_70p314635:976,Re_70p314635,70.3146353337,976,1384.4959716796875,27,1003,1721.2652587890625,336.769287109375
Periodic,0,P:Re_70p314635:976,Re_70p314635,70.3146353337,976,1384.4959716796875,28,1004,1733.7381591796875,349.2421875
Periodic,0,P:Re_70p314635:976,Re_70p314635,70.3146353337,976,1384.4959716796875,29,1005,1746.2110595703125,361.715087890625
Periodic,0,P:Re_70p314635:976,Re_70p314635,70.3146353337,976,1384.4959716796875,30,1006,1758.68408203125,374.1881103515625
Periodic,0,P:Re_70p314635:976,Re_70p314635,70.3146353337,976,1384.4959716796875,31,1007,1771.156982421875,386.6610107421875
Periodic,0,P:Re_70p314635:976,Re_70p314635,70.3146353337,976,1384.4959716796875,32,1008,1783.6298828125,399.1339111328125
Periodic,0,P:Re_70p314635:976,Re_70p314635,70.3146353337,976,1384.4959716796875,33,1009,1796.1029052734375,411.60693359375
Periodic,0,P:Re_70p314635:976,Re_70p314635,70.3146353337,976,1384.4959716796875,34,1010,1808.5758056640625,424.079833984375
Periodic,0,P:Re_70p314635:976,Re_70p314635,70.3146353337,976,1384.4959716796875,35,1011,1821.0487060546875,436.552734375
Periodic,0,P:Re_70p314635:976,Re_70p314635,70.3146353337,976,1384.4959716796875,36,1012,1833.5216064453125,449.025634765625
Periodic,0,P:Re_70p314635:976,Re_70p314635,70.3146353337,976,1384.4959716796875,37,1013,1845.99462890625,461.4986572265625
Periodic,0,P:Re_70p314635:976,Re_70p314635,70.3146353337,976,1384.4959716796875,38,1014,1858.467529296875,473.9715576171875
Periodic,0,P:Re_70p314635:976,Re_70p314635,70.3146353337,976,1384.4959716796875,39,1015,1870.9404296875,486.4444580078125
Periodic,0,P:Re_70p314635:976,Re_70p314635,70.3146353337,976,1384.4959716796875,40,1016,1883.4134521484375,498.91748046875
Periodic,0,P:Re_70p314635:976,Re_70p314635,70.3146353337,976,1384.4959716796875,41,1017,1895.8863525390625,511.390380859375
Periodic,0,P:Re_70p314635:976,Re_70p314635,70.3146353337,976,1384.4959716796875,42,1018,1908.3592529296875,523.86328125
Periodic,0,P:Re_70p314635:976,Re_70p314635,70.3146353337,976,1384.4959716796875,43,1019,1920.832275390625,536.3363037109375
Periodic,0,P:Re_70p314635:976,Re_70p314635,70.3146353337,976,1384.4959716796875,44,1020,1933.30517578125,548.8092041015625
Periodic,0,P:Re_70p314635:976,Re_70p314635,70.3146353337,976,1384.4959716796875,45,1021,1945.778076171875,561.2821044921875
Periodic,0,P:Re_70p314635:976,Re_70p314635,70.3146353337,976,1384.4959716796875,46,1022,1958.2509765625,573.7550048828125
Periodic,0,P:Re_70p314635:976,Re_70p314635,70.3146353337,976,1384.4959716796875,47,1023,1970.7239990234375,586.22802734375
Periodic,0,P:Re_70p314635:976,Re_70p314635,70.3146353337,976,1384.4959716796875,48,1024,1983.1968994140625,598.700927734375
Periodic,1,P:Re_70p314635:984,Re_70p314635,70.3146353337,984,1484.2794189453125,1,985,1496.7523193359375,12.472900390625
Periodic,1,P:Re_70p314635:984,Re_70p314635,70.3146353337,984,1484.2794189453125,2,986,1509.225341796875,24.9459228515625
Periodic,1,P:Re_70p314635:984,Re_70p314635,70.3146353337,984,1484.2794189453125,3,987,1521.6982421875,37.4188232421875
Periodic,1,P:Re_70p314635:984,Re_70p314635,70.3146353337,984,1484.2794189453125,4,988,1534.171142578125,49.8917236328125
Periodic,1,P:Re_70p314635:984,Re_70p314635,70.3146353337,984,1484.2794189453125,5,989,1546.6441650390625,62.36474609375
Periodic,1,P:Re_70p314635:984,Re_70p314635,70.3146353337,984,1484.2794189453125,6,990,1559.1170654296875,74.837646484375
Periodic,1,P:Re_70p314635:984,Re_70p314635,70.3146353337,984,1484.2794189453125,7,991,1571.5899658203125,87.310546875
Periodic,1,P:Re_70p314635:984,Re_70p314635,70.3146353337,984,1484.2794189453125,8,992,1584.06298828125,99.7835693359375
Periodic,1,P:Re_70p314635:984,Re_70p314635,70.3146353337,984,1484.2794189453125,9,993,1596.535888671875,112.2564697265625
Periodic,1,P:Re_70p314635:984,Re_70p314635,70.3146353337,984,1484.2794189453125,10,994,1609.0087890625,124.7293701171875
Periodic,1,P:Re_70p314635:984,Re_70p314635,70.3146353337,984,1484.2794189453125,11,995,1621.481689453125,137.2022705078125
Periodic,1,P:Re_70p314635:984,Re_70p314635,70.3146353337,984,1484.2794189453125,12,996,1633.9547119140625,149.67529296875
Periodic,1,P:Re_70p314635:984,Re_70p314635,70.3146353337,984,1484.2794189453125,13,997,1646.4276123046875,162.148193359375
Periodic,1,P:Re_70p314635:984,Re_70p314635,70.3146353337,984,1484.2794189453125,14,998,1658.9005126953125,174.62109375
Periodic,1,P:Re_70p314635:984,Re_70p314635,70.3146353337,984,1484.2794189453125,15,999,1671.37353515625,187.0941162109375
Periodic,1,P:Re_70p314635:984,Re_70p314635,70.3146353337,984,1484.2794189453125,16,1000,1683.846435546875,199.5670166015625
Periodic,1,P:Re_70p314635:984,Re_70p314635,70.3146353337,984,1484.2794189453125,17,1001,1696.3193359375,212.0399169921875
Periodic,1,P:Re_70p314635:984,Re_70p314635,70.3146353337,984,1484.2794189453125,18,1002,1708.792236328125,224.5128173828125
Periodic,1,P:Re_70p314635:984,Re_70p314635,70.3146353337,984,1484.2794189453125,19,1003,1721.2652587890625,236.98583984375
Periodic,1,P:Re_70p314635:984,Re_70p314635,70.3146353337,984,1484.2794189453125,20,1004,1733.7381591796875,249.458740234375
Periodic,1,P:Re_70p314635:984,Re_70p314635,70.3146353337,984,1484.2794189453125,21,1005,1746.2110595703125,261.931640625
Periodic,1,P:Re_70p314635:984,Re_70p314635,70.3146353337,984,1484.2794189453125,22,1006,1758.68408203125,274.4046630859375
Periodic,1,P:Re_70p314635:984,Re_70p314635,70.3146353337,984,1484.2794189453125,23,1007,1771.156982421875,286.8775634765625
Periodic,1,P:Re_70p314635:984,Re_70p314635,70.3146353337,984,1484.2794189453125,24,1008,1783.6298828125,299.3504638671875
Periodic,1,P:Re_70p314635:984,Re_70p314635,70.3146353337,984,1484.2794189453125,25,1009,1796.1029052734375,311.823486328125
Periodic,1,P:Re_70p314635:984,Re_70p314635,70.3146353337,984,1484.2794189453125,26,1010,1808.5758056640625,324.29638671875
Periodic,1,P:Re_70p314635:984,Re_70p314635,70.3146353337,984,1484.2794189453125,27,1011,1821.0487060546875,336.769287109375
Periodic,1,P:Re_70p314635:984,Re_70p314635,70.3146353337,984,1484.2794189453125,28,1012,1833.5216064453125,349.2421875
Periodic,1,P:Re_70p314635:984,Re_70p314635,70.3146353337,984,1484.2794189453125,29,1013,1845.99462890625,361.7152099609375
Periodic,1,P:Re_70p314635:984,Re_70p314635,70.3146353337,984,1484.2794189453125,30,1014,1858.467529296875,374.1881103515625
Periodic,1,P:Re_70p314635:984,Re_70p314635,70.3146353337,984,1484.2794189453125,31,1015,1870.9404296875,386.6610107421875
Periodic,1,P:Re_70p314635:984,Re_70p314635,70.3146353337,984,1484.2794189453125,32,1016,1883.4134521484375,399.134033203125
Periodic,1,P:Re_70p314635:984,Re_70p314635,70.3146353337,984,1484.2794189453125,33,1017,1895.8863525390625,411.60693359375
Periodic,1,P:Re_70p314635:984,Re_70p314635,70.3146353337,984,1484.2794189453125,34,1018,1908.3592529296875,424.079833984375
Periodic,1,P:Re_70p314635:984,Re_70p314635,70.3146353337,984,1484.2794189453125,35,1019,1920.832275390625,436.5528564453125
Periodic,1,P:Re_70p314635:984,Re_70p314635,70.3146353337,984,1484.2794189453125,36,1020,1933.30517578125,449.0257568359375
Periodic,1,P:Re_70p314635:984,Re_70p314635,70.3146353337,984,1484.2794189453125,37,1021,1945.778076171875,461.4986572265625
Periodic,1,P:Re_70p314635:984,Re_70p314635,70.3146353337,984,1484.2794189453125,38,1022,1958.2509765625,473.9715576171875
Periodic,1,P:Re_70p314635:984,Re_70p314635,70.3146353337,984,1484.2794189453125,39,1023,1970.7239990234375,486.444580078125
Periodic,1,P:Re_70p314635:984,Re_70p314635,70.3146353337,984,1484.2794189453125,40,1024,1983.1968994140625,498.91748046875
Periodic,1,P:Re_70p314635:984,Re_70p314635,70.3146353337,984,1484.2794189453125,41,1025,1995.6697998046875,511.390380859375
Periodic,1,P:Re_70p314635:984,Re_70p314635,70.3146353337,984,1484.2794189453125,42,1026,2008.142822265625,523.8634033203125
Periodic,1,P:Re_70p314635:984,Re_70p314635,70.3146353337,984,1484.2794189453125,43,1027,2020.61572265625,536.3363037109375
Periodic,1,P:Re_70p314635:984,Re_70p314635,70.3146353337,984,1484.2794189453125,44,1028,2033.088623046875,548.8092041015625
Periodic,1,P:Re_70p314635:984,Re_70p314635,70.3146353337,984,1484.2794189453125,45,1029,2045.5615234375,561.2821044921875
Periodic,1,P:Re_70p314635:984,Re_70p314635,70.3146353337,984,1484.2794189453125,46,1030,2058.034423828125,573.7550048828125
Periodic,1,P:Re_70p314635:984,Re_70p314635,70.3146353337,984,1484.2794189453125,47,1031,2070.507568359375,586.2281494140625
Periodic,1,P:Re_70p314635:984,Re_70p314635,70.3146353337,984,1484.2794189453125,48,1032,2082.98046875,598.7010498046875
Periodic,2,P:Re_70p314635:1000,Re_70p314635,70.3146353337,1000,1683.846435546875,1,1001,1696.3193359375,12.472900390625
Periodic,2,P:Re_70p314635:1000,Re_70p314635,70.3146353337,1000,1683.846435546875,2,1002,1708.792236328125,24.94580078125
Periodic,2,P:Re_70p314635:1000,Re_70p314635,70.3146353337,1000,1683.846435546875,3,1003,1721.2652587890625,37.4188232421875
Periodic,2,P:Re_70p314635:1000,Re_70p314635,70.3146353337,1000,1683.846435546875,4,1004,1733.7381591796875,49.8917236328125
Periodic,2,P:Re_70p314635:1000,Re_70p314635,70.3146353337,1000,1683.846435546875,5,1005,1746.2110595703125,62.3646240234375
Periodic,2,P:Re_70p314635:1000,Re_70p314635,70.3146353337,1000,1683.846435546875,6,1006,1758.68408203125,74.837646484375
Periodic,2,P:Re_70p314635:1000,Re_70p314635,70.3146353337,1000,1683.846435546875,7,1007,1771.156982421875,87.310546875
Periodic,2,P:Re_70p314635:1000,Re_70p314635,70.3146353337,1000,1683.846435546875,8,1008,1783.6298828125,99.783447265625
Periodic,2,P:Re_70p314635:1000,Re_70p314635,70.3146353337,1000,1683.846435546875,9,1009,1796.1029052734375,112.2564697265625
Periodic,2,P:Re_70p314635:1000,Re_70p314635,70.3146353337,1000,1683.846435546875,10,1010,1808.5758056640625,124.7293701171875
Periodic,2,P:Re_70p314635:1000,Re_70p314635,70.3146353337,1000,1683.846435546875,11,1011,1821.0487060546875,137.2022705078125
Periodic,2,P:Re_70p314635:1000,Re_70p314635,70.3146353337,1000,1683.846435546875,12,1012,1833.5216064453125,149.6751708984375
Periodic,2,P:Re_70p314635:1000,Re_70p314635,70.3146353337,1000,1683.846435546875,13,1013,1845.99462890625,162.148193359375
Periodic,2,P:Re_70p314635:1000,Re_70p314635,70.3146353337,1000,1683.846435546875,14,1014,1858.467529296875,174.62109375
Periodic,2,P:Re_70p314635:1000,Re_70p314635,70.3146353337,1000,1683.846435546875,15,1015,1870.9404296875,187.093994140625
Periodic,2,P:Re_70p314635:1000,Re_70p314635,70.3146353337,1000,1683.846435546875,16,1016,1883.4134521484375,199.5670166015625
Periodic,2,P:Re_70p314635:1000,Re_70p314635,70.3146353337,1000,1683.846435546875,17,1017,1895.8863525390625,212.0399169921875
Periodic,2,P:Re_70p314635:1000,Re_70p314635,70.3146353337,1000,1683.846435546875,18,1018,1908.3592529296875,224.5128173828125
Periodic,2,P:Re_70p314635:1000,Re_70p314635,70.3146353337,1000,1683.846435546875,19,1019,1920.832275390625,236.98583984375
Periodic,2,P:Re_70p314635:1000,Re_70p314635,70.3146353337,1000,1683.846435546875,20,1020,1933.30517578125,249.458740234375
Periodic,2,P:Re_70p314635:1000,Re_70p314635,70.3146353337,1000,1683.846435546875,21,1021,1945.778076171875,261.931640625
Periodic,2,P:Re_70p314635:1000,Re_70p314635,70.3146353337,1000,1683.846435546875,22,1022,1958.2509765625,274.404541015625
Periodic,2,P:Re_70p314635:1000,Re_70p314635,70.3146353337,1000,1683.846435546875,23,1023,1970.7239990234375,286.8775634765625
Periodic,2,P:Re_70p314635:1000,Re_70p314635,70.3146353337,1000,1683.846435546875,24,1024,1983.1968994140625,299.3504638671875
Periodic,2,P:Re_70p314635:1000,Re_70p314635,70.3146353337,1000,1683.846435546875,25,1025,1995.6697998046875,311.8233642578125
Periodic,2,P:Re_70p314635:1000,Re_70p314635,70.3146353337,1000,1683.846435546875,26,1026,2008.142822265625,324.29638671875
Periodic,2,P:Re_70p314635:1000,Re_70p314635,70.3146353337,1000,1683.846435546875,27,1027,2020.61572265625,336.769287109375
Periodic,2,P:Re_70p314635:1000,Re_70p314635,70.3146353337,1000,1683.846435546875,28,1028,2033.088623046875,349.2421875
Periodic,2,P:Re_70p314635:1000,Re_70p314635,70.3146353337,1000,1683.846435546875,29,1029,2045.5615234375,361.715087890625
Periodic,2,P:Re_70p314635:1000,Re_70p314635,70.3146353337,1000,1683.846435546875,30,1030,2058.034423828125,374.18798828125
Periodic,2,P:Re_70p314635:1000,Re_70p314635,70.3146353337,1000,1683.846435546875,31,1031,2070.507568359375,386.6611328125
Periodic,2,P:Re_70p314635:1000,Re_70p314635,70.3146353337,1000,1683.846435546875,32,1032,2082.98046875,399.134033203125
Periodic,2,P:Re_70p314635:1000,Re_70p314635,70.3146353337,1000,1683.846435546875,33,1033,2095.453369140625,411.60693359375
Periodic,2,P:Re_70p314635:1000,Re_70p314635,70.3146353337,1000,1683.846435546875,34,1034,2107.92626953125,424.079833984375
Periodic,2,P:Re_70p314635:1000,Re_70p314635,70.3146353337,1000,1683.846435546875,35,1035,2120.399169921875,436.552734375
Periodic,2,P:Re_70p314635:1000,Re_70p314635,70.3146353337,1000,1683.846435546875,36,1036,2132.8720703125,449.025634765625
Periodic,2,P:Re_70p314635:1000,Re_70p314635,70.3146353337,1000,1683.846435546875,37,1037,2145.344970703125,461.49853515625
Periodic,2,P:Re_70p314635:1000,Re_70p314635,70.3146353337,1000,1683.846435546875,38,1038,2157.818115234375,473.9716796875
Periodic,2,P:Re_70p314635:1000,Re_70p314635,70.3146353337,1000,1683.846435546875,39,1039,2170.291015625,486.444580078125
Periodic,2,P:Re_70p314635:1000,Re_70p314635,70.3146353337,1000,1683.846435546875,40,1040,2182.763916015625,498.91748046875
Periodic,2,P:Re_70p314635:1000,Re_70p314635,70.3146353337,1000,1683.846435546875,41,1041,2195.23681640625,511.390380859375
Periodic,2,P:Re_70p314635:1000,Re_70p314635,70.3146353337,1000,1683.846435546875,42,1042,2207.709716796875,523.86328125
Periodic,2,P:Re_70p314635:1000,Re_70p314635,70.3146353337,1000,1683.846435546875,43,1043,2220.1826171875,536.336181640625
Periodic,2,P:Re_70p314635:1000,Re_70p314635,70.3146353337,1000,1683.846435546875,44,1044,2232.655517578125,548.80908203125
Periodic,2,P:Re_70p314635:1000,Re_70p314635,70.3146353337,1000,1683.846435546875,45,1045,2245.128662109375,561.2822265625
Periodic,2,P:Re_70p314635:1000,Re_70p314635,70.3146353337,1000,1683.846435546875,46,1046,2257.6015625,573.755126953125
Periodic,2,P:Re_70p314635:1000,Re_70p314635,70.3146353337,1000,1683.846435546875,47,1047,2270.074462890625,586.22802734375
Periodic,2,P:Re_70p314635:1000,Re_70p314635,70.3146353337,1000,1683.846435546875,48,1048,2282.54736328125,598.700927734375
Periodic,3,P:Re_70p314635:1016,Re_70p314635,70.3146353337,1016,1883.4134521484375,1,1017,1895.8863525390625,12.472900390625
Periodic,3,P:Re_70p314635:1016,Re_70p314635,70.3146353337,1016,1883.4134521484375,2,1018,1908.3592529296875,24.94580078125
Periodic,3,P:Re_70p314635:1016,Re_70p314635,70.3146353337,1016,1883.4134521484375,3,1019,1920.832275390625,37.4188232421875
Periodic,3,P:Re_70p314635:1016,Re_70p314635,70.3146353337,1016,1883.4134521484375,4,1020,1933.30517578125,49.8917236328125
Periodic,3,P:Re_70p314635:1016,Re_70p314635,70.3146353337,1016,1883.4134521484375,5,1021,1945.778076171875,62.3646240234375
Periodic,3,P:Re_70p314635:1016,Re_70p314635,70.3146353337,1016,1883.4134521484375,6,1022,1958.2509765625,74.8375244140625
Periodic,3,P:Re_70p314635:1016,Re_70p314635,70.3146353337,1016,1883.4134521484375,7,1023,1970.7239990234375,87.310546875
Periodic,3,P:Re_70p314635:1016,Re_70p314635,70.3146353337,1016,1883.4134521484375,8,1024,1983.1968994140625,99.783447265625
Periodic,3,P:Re_70p314635:1016,Re_70p314635,70.3146353337,1016,1883.4134521484375,9,1025,1995.6697998046875,112.25634765625
Periodic,3,P:Re_70p314635:1016,Re_70p314635,70.3146353337,1016,1883.4134521484375,10,1026,2008.142822265625,124.7293701171875
Periodic,3,P:Re_70p314635:1016,Re_70p314635,70.3146353337,1016,1883.4134521484375,11,1027,2020.61572265625,137.2022705078125
Periodic,3,P:Re_70p314635:1016,Re_70p314635,70.3146353337,1016,1883.4134521484375,12,1028,2033.088623046875,149.6751708984375
Periodic,3,P:Re_70p314635:1016,Re_70p314635,70.3146353337,1016,1883.4134521484375,13,1029,2045.5615234375,162.1480712890625
Periodic,3,P:Re_70p314635:1016,Re_70p314635,70.3146353337,1016,1883.4134521484375,14,1030,2058.034423828125,174.6209716796875
Periodic,3,P:Re_70p314635:1016,Re_70p314635,70.3146353337,1016,1883.4134521484375,15,1031,2070.507568359375,187.0941162109375
Periodic,3,P:Re_70p314635:1016,Re_70p314635,70.3146353337,1016,1883.4134521484375,16,1032,2082.98046875,199.5670166015625
Periodic,3,P:Re_70p314635:1016,Re_70p314635,70.3146353337,1016,1883.4134521484375,17,1033,2095.453369140625,212.0399169921875
Periodic,3,P:Re_70p314635:1016,Re_70p314635,70.3146353337,1016,1883.4134521484375,18,1034,2107.92626953125,224.5128173828125
Periodic,3,P:Re_70p314635:1016,Re_70p314635,70.3146353337,1016,1883.4134521484375,19,1035,2120.399169921875,236.9857177734375
Periodic,3,P:Re_70p314635:1016,Re_70p314635,70.3146353337,1016,1883.4134521484375,20,1036,2132.8720703125,249.4586181640625
Periodic,3,P:Re_70p314635:1016,Re_70p314635,70.3146353337,1016,1883.4134521484375,21,1037,2145.344970703125,261.9315185546875
Periodic,3,P:Re_70p314635:1016,Re_70p314635,70.3146353337,1016,1883.4134521484375,22,1038,2157.818115234375,274.4046630859375
Periodic,3,P:Re_70p314635:1016,Re_70p314635,70.3146353337,1016,1883.4134521484375,23,1039,2170.291015625,286.8775634765625
Periodic,3,P:Re_70p314635:1016,Re_70p314635,70.3146353337,1016,1883.4134521484375,24,1040,2182.763916015625,299.3504638671875
Periodic,3,P:Re_70p314635:1016,Re_70p314635,70.3146353337,1016,1883.4134521484375,25,1041,2195.23681640625,311.8233642578125
Periodic,3,P:Re_70p314635:1016,Re_70p314635,70.3146353337,1016,1883.4134521484375,26,1042,2207.709716796875,324.2962646484375
Periodic,3,P:Re_70p314635:1016,Re_70p314635,70.3146353337,1016,1883.4134521484375,27,1043,2220.1826171875,336.7691650390625
Periodic,3,P:Re_70p314635:1016,Re_70p314635,70.3146353337,1016,1883.4134521484375,28,1044,2232.655517578125,349.2420654296875
Periodic,3,P:Re_70p314635:1016,Re_70p314635,70.3146353337,1016,1883.4134521484375,29,1045,2245.128662109375,361.7152099609375
Periodic,3,P:Re_70p314635:1016,Re_70p314635,70.3146353337,1016,1883.4134521484375,30,1046,2257.6015625,374.1881103515625
Periodic,3,P:Re_70p314635:1016,Re_70p314635,70.3146353337,1016,1883.4134521484375,31,1047,2270.074462890625,386.6610107421875
Periodic,3,P:Re_70p314635:1016,Re_70p314635,70.3146353337,1016,1883.4134521484375,32,1048,2282.54736328125,399.1339111328125
Periodic,3,P:Re_70p314635:1016,Re_70p314635,70.3146353337,1016,1883.4134521484375,33,1049,2295.020263671875,411.6068115234375
Periodic,3,P:Re_70p314635:1016,Re_70p314635,70.3146353337,1016,1883.4134521484375,34,1050,2307.4931640625,424.0797119140625
Periodic,3,P:Re_70p314635:1016,Re_70p314635,70.3146353337,1016,1883.4134521484375,35,1051,2319.966064453125,436.5526123046875
Periodic,3,P:Re_70p314635:1016,Re_70p314635,70.3146353337,1016,1883.4134521484375,36,1052,2332.439208984375,449.0257568359375
Periodic,3,P:Re_70p314635:1016,Re_70p314635,70.3146353337,1016,1883.4134521484375,37,1053,2344.912109375,461.4986572265625
Periodic,3,P:Re_70p314635:1016,Re_70p314635,70.3146353337,1016,1883.4134521484375,38,1054,2357.385009765625,473.9715576171875
Periodic,3,P:Re_70p314635:1016,Re_70p314635,70.3146353337,1016,1883.4134521484375,39,1055,2369.85791015625,486.4444580078125
Periodic,3,P:Re_70p314635:1016,Re_70p314635,70.3146353337,1016,1883.4134521484375,40,1056,2382.330810546875,498.9173583984375
Periodic,3,P:Re_70p314635:1016,Re_70p314635,70.3146353337,1016,1883.4134521484375,41,1057,2394.8037109375,511.3902587890625
Periodic,3,P:Re_70p314635:1016,Re_70p314635,70.3146353337,1016,1883.4134521484375,42,1058,2407.27685546875,523.8634033203125
Periodic,3,P:Re_70p314635:1016,Re_70p314635,70.3146353337,1016,1883.4134521484375,43,1059,2419.749755859375,536.3363037109375
Periodic,3,P:Re_70p314635:1016,Re_70p314635,70.3146353337,1016,1883.4134521484375,44,1060,2432.22265625,548.8092041015625
Periodic,3,P:Re_70p314635:1016,Re_70p314635,70.3146353337,1016,1883.4134521484375,45,1061,2444.695556640625,561.2821044921875
Periodic,3,P:Re_70p314635:1016,Re_70p314635,70.3146353337,1016,1883.4134521484375,46,1062,2457.16845703125,573.7550048828125
Periodic,3,P:Re_70p314635:1016,Re_70p314635,70.3146353337,1016,1883.4134521484375,47,1063,2469.641357421875,586.2279052734375
Periodic,3,P:Re_70p314635:1016,Re_70p314635,70.3146353337,1016,1883.4134521484375,48,1064,2482.1142578125,598.7008056640625
Periodic,4,P:Re_70p314635:1024,Re_70p314635,70.3146353337,1024,1983.1968994140625,1,1025,1995.6697998046875,12.472900390625
Periodic,4,P:Re_70p314635:1024,Re_70p314635,70.3146353337,1024,1983.1968994140625,2,1026,2008.142822265625,24.9459228515625
Periodic,4,P:Re_70p314635:1024,Re_70p314635,70.3146353337,1024,1983.1968994140625,3,1027,2020.61572265625,37.4188232421875
Periodic,4,P:Re_70p314635:1024,Re_70p314635,70.3146353337,1024,1983.1968994140625,4,1028,2033.088623046875,49.8917236328125
Periodic,4,P:Re_70p314635:1024,Re_70p314635,70.3146353337,1024,1983.1968994140625,5,1029,2045.5615234375,62.3646240234375
Periodic,4,P:Re_70p314635:1024,Re_70p314635,70.3146353337,1024,1983.1968994140625,6,1030,2058.034423828125,74.8375244140625
Periodic,4,P:Re_70p314635:1024,Re_70p314635,70.3146353337,1024,1983.1968994140625,7,1031,2070.507568359375,87.3106689453125
Periodic,4,P:Re_70p314635:1024,Re_70p314635,70.3146353337,1024,1983.1968994140625,8,1032,2082.98046875,99.7835693359375
Periodic,4,P:Re_70p314635:1024,Re_70p314635,70.3146353337,1024,1983.1968994140625,9,1033,2095.453369140625,112.2564697265625
Periodic,4,P:Re_70p314635:1024,Re_70p314635,70.3146353337,1024,1983.1968994140625,10,1034,2107.92626953125,124.7293701171875
Periodic,4,P:Re_70p314635:1024,Re_70p314635,70.3146353337,1024,1983.1968994140625,11,1035,2120.399169921875,137.2022705078125
Periodic,4,P:Re_70p314635:1024,Re_70p314635,70.3146353337,1024,1983.1968994140625,12,1036,2132.8720703125,149.6751708984375
Periodic,4,P:Re_70p314635:1024,Re_70p314635,70.3146353337,1024,1983.1968994140625,13,1037,2145.344970703125,162.1480712890625
Periodic,4,P:Re_70p314635:1024,Re_70p314635,70.3146353337,1024,1983.1968994140625,14,1038,2157.818115234375,174.6212158203125
Periodic,4,P:Re_70p314635:1024,Re_70p314635,70.3146353337,1024,1983.1968994140625,15,1039,2170.291015625,187.0941162109375
Periodic,4,P:Re_70p314635:1024,Re_70p314635,70.3146353337,1024,1983.1968994140625,16,1040,2182.763916015625,199.5670166015625
Periodic,4,P:Re_70p314635:1024,Re_70p314635,70.3146353337,1024,1983.1968994140625,17,1041,2195.23681640625,212.0399169921875
Periodic,4,P:Re_70p314635:1024,Re_70p314635,70.3146353337,1024,1983.1968994140625,18,1042,2207.709716796875,224.5128173828125
Periodic,4,P:Re_70p314635:1024,Re_70p314635,70.3146353337,1024,1983.1968994140625,19,1043,2220.1826171875,236.9857177734375
Periodic,4,P:Re_70p314635:1024,Re_70p314635,70.3146353337,1024,1983.1968994140625,20,1044,2232.655517578125,249.4586181640625
Periodic,4,P:Re_70p314635:1024,Re_70p314635,70.3146353337,1024,1983.1968994140625,21,1045,2245.128662109375,261.9317626953125
Periodic,4,P:Re_70p314635:1024,Re_70p314635,70.3146353337,1024,1983.1968994140625,22,1046,2257.6015625,274.4046630859375
Periodic,4,P:Re_70p314635:1024,Re_70p314635,70.3146353337,1024,1983.1968994140625,23,1047,2270.074462890625,286.8775634765625
Periodic,4,P:Re_70p314635:1024,Re_70p314635,70.3146353337,1024,1983.1968994140625,24,1048,2282.54736328125,299.3504638671875
Periodic,4,P:Re_70p314635:1024,Re_70p314635,70.3146353337,1024,1983.1968994140625,25,1049,2295.020263671875,311.8233642578125
Periodic,4,P:Re_70p314635:1024,Re_70p314635,70.3146353337,1024,1983.1968994140625,26,1050,2307.4931640625,324.2962646484375
Periodic,4,P:Re_70p314635:1024,Re_70p314635,70.3146353337,1024,1983.1968994140625,27,1051,2319.966064453125,336.7691650390625
Periodic,4,P:Re_70p314635:1024,Re_70p314635,70.3146353337,1024,1983.1968994140625,28,1052,2332.439208984375,349.2423095703125
Periodic,4,P:Re_70p314635:1024,Re_70p314635,70.3146353337,1024,1983.1968994140625,29,1053,2344.912109375,361.7152099609375
Periodic,4,P:Re_70p314635:1024,Re_70p314635,70.3146353337,1024,1983.1968994140625,30,1054,2357.385009765625,374.1881103515625
Periodic,4,P:Re_70p314635:1024,Re_70p314635,70.3146353337,1024,1983.1968994140625,31,1055,2369.85791015625,386.6610107421875
Periodic,4,P:Re_70p314635:1024,Re_70p314635,70.3146353337,1024,1983.1968994140625,32,1056,2382.330810546875,399.1339111328125
Periodic,4,P:Re_70p314635:1024,Re_70p314635,70.3146353337,1024,1983.1968994140625,33,1057,2394.8037109375,411.6068115234375
Periodic,4,P:Re_70p314635:1024,Re_70p314635,70.3146353337,1024,1983.1968994140625,34,1058,2407.27685546875,424.0799560546875
Periodic,4,P:Re_70p314635:1024,Re_70p314635,70.3146353337,1024,1983.1968994140625,35,1059,2419.749755859375,436.5528564453125
Periodic,4,P:Re_70p314635:1024,Re_70p314635,70.3146353337,1024,1983.1968994140625,36,1060,2432.22265625,449.0257568359375
Periodic,4,P:Re_70p314635:1024,Re_70p314635,70.3146353337,1024,1983.1968994140625,37,1061,2444.695556640625,461.4986572265625
Periodic,4,P:Re_70p314635:1024,Re_70p314635,70.3146353337,1024,1983.1968994140625,38,1062,2457.16845703125,473.9715576171875
Periodic,4,P:Re_70p314635:1024,Re_70p314635,70.3146353337,1024,1983.1968994140625,39,1063,2469.641357421875,486.4444580078125
Periodic,4,P:Re_70p314635:1024,Re_70p314635,70.3146353337,1024,1983.1968994140625,40,1064,2482.1142578125,498.9173583984375
Periodic,4,P:Re_70p314635:1024,Re_70p314635,70.3146353337,1024,1983.1968994140625,41,1065,2494.58740234375,511.3905029296875
Periodic,4,P:Re_70p314635:1024,Re_70p314635,70.3146353337,1024,1983.1968994140625,42,1066,2507.060302734375,523.8634033203125
Periodic,4,P:Re_70p314635:1024,Re_70p314635,70.3146353337,1024,1983.1968994140625,43,1067,2519.533203125,536.3363037109375
Periodic,4,P:Re_70p314635:1024,Re_70p314635,70.3146353337,1024,1983.1968994140625,44,1068,2532.006103515625,548.8092041015625
Periodic,4,P:Re_70p314635:1024,Re_70p314635,70.3146353337,1024,1983.1968994140625,45,1069,2544.47900390625,561.2821044921875
Periodic,4,P:Re_70p314635:1024,Re_70p314635,70.3146353337,1024,1983.1968994140625,46,1070,2556.951904296875,573.7550048828125
Periodic,4,P:Re_70p314635:1024,Re_70p314635,70.3146353337,1024,1983.1968994140625,47,1071,2569.4248046875,586.2279052734375
Periodic,4,P:Re_70p314635:1024,Re_70p314635,70.3146353337,1024,1983.1968994140625,48,1072,2581.89794921875,598.7010498046875
Periodic,5,P:Re_70p314635:1040,Re_70p314635,70.3146353337,1040,2182.763916015625,1,1041,2195.23681640625,12.472900390625
Periodic,5,P:Re_70p314635:1040,Re_70p314635,70.3146353337,1040,2182.763916015625,2,1042,2207.709716796875,24.94580078125
Periodic,5,P:Re_70p314635:1040,Re_70p314635,70.3146353337,1040,2182.763916015625,3,1043,2220.1826171875,37.418701171875
Periodic,5,P:Re_70p314635:1040,Re_70p314635,70.3146353337,1040,2182.763916015625,4,1044,2232.655517578125,49.8916015625
Periodic,5,P:Re_70p314635:1040,Re_70p314635,70.3146353337,1040,2182.763916015625,5,1045,2245.128662109375,62.36474609375
Periodic,5,P:Re_70p314635:1040,Re_70p314635,70.3146353337,1040,2182.763916015625,6,1046,2257.6015625,74.837646484375
Periodic,5,P:Re_70p314635:1040,Re_70p314635,70.3146353337,1040,2182.763916015625,7,1047,2270.074462890625,87.310546875
Periodic,5,P:Re_70p314635:1040,Re_70p314635,70.3146353337,1040,2182.763916015625,8,1048,2282.54736328125,99.783447265625
Periodic,5,P:Re_70p314635:1040,Re_70p314635,70.3146353337,1040,2182.763916015625,9,1049,2295.020263671875,112.25634765625
Periodic,5,P:Re_70p314635:1040,Re_70p314635,70.3146353337,1040,2182.763916015625,10,1050,2307.4931640625,124.729248046875
Periodic,5,P:Re_70p314635:1040,Re_70p314635,70.3146353337,1040,2182.763916015625,11,1051,2319.966064453125,137.2021484375
Periodic,5,P:Re_70p314635:1040,Re_70p314635,70.3146353337,1040,2182.763916015625,12,1052,2332.439208984375,149.67529296875
Periodic,5,P:Re_70p314635:1040,Re_70p314635,70.3146353337,1040,2182.763916015625,13,1053,2344.912109375,162.148193359375
Periodic,5,P:Re_70p314635:1040,Re_70p314635,70.3146353337,1040,2182.763916015625,14,1054,2357.385009765625,174.62109375
Periodic,5,P:Re_70p314635:1040,Re_70p314635,70.3146353337,1040,2182.763916015625,15,1055,2369.85791015625,187.093994140625
Periodic,5,P:Re_70p314635:1040,Re_70p314635,70.3146353337,1040,2182.763916015625,16,1056,2382.330810546875,199.56689453125
Periodic,5,P:Re_70p314635:1040,Re_70p314635,70.3146353337,1040,2182.763916015625,17,1057,2394.8037109375,212.039794921875
Periodic,5,P:Re_70p314635:1040,Re_70p314635,70.3146353337,1040,2182.763916015625,18,1058,2407.27685546875,224.512939453125
Periodic,5,P:Re_70p314635:1040,Re_70p314635,70.3146353337,1040,2182.763916015625,19,1059,2419.749755859375,236.98583984375
Periodic,5,P:Re_70p314635:1040,Re_70p314635,70.3146353337,1040,2182.763916015625,20,1060,2432.22265625,249.458740234375
Periodic,5,P:Re_70p314635:1040,Re_70p314635,70.3146353337,1040,2182.763916015625,21,1061,2444.695556640625,261.931640625
Periodic,5,P:Re_70p314635:1040,Re_70p314635,70.3146353337,1040,2182.763916015625,22,1062,2457.16845703125,274.404541015625
Periodic,5,P:Re_70p314635:1040,Re_70p314635,70.3146353337,1040,2182.763916015625,23,1063,2469.641357421875,286.87744140625
Periodic,5,P:Re_70p314635:1040,Re_70p314635,70.3146353337,1040,2182.763916015625,24,1064,2482.1142578125,299.350341796875
Periodic,5,P:Re_70p314635:1040,Re_70p314635,70.3146353337,1040,2182.763916015625,25,1065,2494.58740234375,311.823486328125
Periodic,5,P:Re_70p314635:1040,Re_70p314635,70.3146353337,1040,2182.763916015625,26,1066,2507.060302734375,324.29638671875
Periodic,5,P:Re_70p314635:1040,Re_70p314635,70.3146353337,1040,2182.763916015625,27,1067,2519.533203125,336.769287109375
Periodic,5,P:Re_70p314635:1040,Re_70p314635,70.3146353337,1040,2182.763916015625,28,1068,2532.006103515625,349.2421875
Periodic,5,P:Re_70p314635:1040,Re_70p314635,70.3146353337,1040,2182.763916015625,29,1069,2544.47900390625,361.715087890625
Periodic,5,P:Re_70p314635:1040,Re_70p314635,70.3146353337,1040,2182.763916015625,30,1070,2556.951904296875,374.18798828125
Periodic,5,P:Re_70p314635:1040,Re_70p314635,70.3146353337,1040,2182.763916015625,31,1071,2569.4248046875,386.660888671875
Periodic,5,P:Re_70p314635:1040,Re_70p314635,70.3146353337,1040,2182.763916015625,32,1072,2581.89794921875,399.134033203125
Periodic,5,P:Re_70p314635:1040,Re_70p314635,70.3146353337,1040,2182.763916015625,33,1073,2594.370849609375,411.60693359375
Periodic,5,P:Re_70p314635:1040,Re_70p314635,70.3146353337,1040,2182.763916015625,34,1074,2606.84375,424.079833984375
Periodic,5,P:Re_70p314635:1040,Re_70p314635,70.3146353337,1040,2182.763916015625,35,1075,2619.316650390625,436.552734375
Periodic,5,P:Re_70p314635:1040,Re_70p314635,70.3146353337,1040,2182.763916015625,36,1076,2631.78955078125,449.025634765625
Periodic,5,P:Re_70p314635:1040,Re_70p314635,70.3146353337,1040,2182.763916015625,37,1077,2644.262451171875,461.49853515625
Periodic,5,P:Re_70p314635:1040,Re_70p314635,70.3146353337,1040,2182.763916015625,38,1078,2656.7353515625,473.971435546875
Periodic,5,P:Re_70p314635:1040,Re_70p314635,70.3146353337,1040,2182.763916015625,39,1079,2669.20849609375,486.444580078125
Periodic,5,P:Re_70p314635:1040,Re_70p314635,70.3146353337,1040,2182.763916015625,40,1080,2681.681396484375,498.91748046875
Periodic,5,P:Re_70p314635:1040,Re_70p314635,70.3146353337,1040,2182.763916015625,41,1081,2694.154296875,511.390380859375
Periodic,5,P:Re_70p314635:1040,Re_70p314635,70.3146353337,1040,2182.763916015625,42,1082,2706.627197265625,523.86328125
Periodic,5,P:Re_70p314635:1040,Re_70p314635,70.3146353337,1040,2182.763916015625,43,1083,2719.10009765625,536.336181640625
Periodic,5,P:Re_70p314635:1040,Re_70p314635,70.3146353337,1040,2182.763916015625,44,1084,2731.572998046875,548.80908203125
Periodic,5,P:Re_70p314635:1040,Re_70p314635,70.3146353337,1040,2182.763916015625,45,1085,2744.046142578125,561.2822265625
Periodic,5,P:Re_70p314635:1040,Re_70p314635,70.3146353337,1040,2182.763916015625,46,1086,2756.51904296875,573.755126953125
Periodic,5,P:Re_70p314635:1040,Re_70p314635,70.3146353337,1040,2182.763916015625,47,1087,2768.991943359375,586.22802734375
Periodic,5,P:Re_70p314635:1040,Re_70p314635,70.3146353337,1040,2182.763916015625,48,1088,2781.46484375,598.700927734375
Periodic,6,P:Re_70p314635:1056,Re_70p314635,70.3146353337,1056,2382.330810546875,1,1057,2394.8037109375,12.472900390625
Periodic,6,P:Re_70p314635:1056,Re_70p314635,70.3146353337,1056,2382.330810546875,2,1058,2407.27685546875,24.946044921875
Periodic,6,P:Re_70p314635:1056,Re_70p314635,70.3146353337,1056,2382.330810546875,3,1059,2419.749755859375,37.4189453125
Periodic,6,P:Re_70p314635:1056,Re_70p314635,70.3146353337,1056,2382.330810546875,4,1060,2432.22265625,49.891845703125
Periodic,6,P:Re_70p314635:1056,Re_70p314635,70.3146353337,1056,2382.330810546875,5,1061,2444.695556640625,62.36474609375
Periodic,6,P:Re_70p314635:1056,Re_70p314635,70.3146353337,1056,2382.330810546875,6,1062,2457.16845703125,74.837646484375
Periodic,6,P:Re_70p314635:1056,Re_70p314635,70.3146353337,1056,2382.330810546875,7,1063,2469.641357421875,87.310546875
Periodic,6,P:Re_70p314635:1056,Re_70p314635,70.3146353337,1056,2382.330810546875,8,1064,2482.1142578125,99.783447265625
Periodic,6,P:Re_70p314635:1056,Re_70p314635,70.3146353337,1056,2382.330810546875,9,1065,2494.58740234375,112.256591796875
Periodic,6,P:Re_70p314635:1056,Re_70p314635,70.3146353337,1056,2382.330810546875,10,1066,2507.060302734375,124.7294921875
Periodic,6,P:Re_70p314635:1056,Re_70p314635,70.3146353337,1056,2382.330810546875,11,1067,2519.533203125,137.202392578125
Periodic,6,P:Re_70p314635:1056,Re_70p314635,70.3146353337,1056,2382.330810546875,12,1068,2532.006103515625,149.67529296875
Periodic,6,P:Re_70p314635:1056,Re_70p314635,70.3146353337,1056,2382.330810546875,13,1069,2544.47900390625,162.148193359375
Periodic,6,P:Re_70p314635:1056,Re_70p314635,70.3146353337,1056,2382.330810546875,14,1070,2556.951904296875,174.62109375
Periodic,6,P:Re_70p314635:1056,Re_70p314635,70.3146353337,1056,2382.330810546875,15,1071,2569.4248046875,187.093994140625
Periodic,6,P:Re_70p314635:1056,Re_70p314635,70.3146353337,1056,2382.330810546875,16,1072,2581.89794921875,199.567138671875
Periodic,6,P:Re_70p314635:1056,Re_70p314635,70.3146353337,1056,2382.330810546875,17,1073,2594.370849609375,212.0400390625
Periodic,6,P:Re_70p314635:1056,Re_70p314635,70.3146353337,1056,2382.330810546875,18,1074,2606.84375,224.512939453125
Periodic,6,P:Re_70p314635:1056,Re_70p314635,70.3146353337,1056,2382.330810546875,19,1075,2619.316650390625,236.98583984375
Periodic,6,P:Re_70p314635:1056,Re_70p314635,70.3146353337,1056,2382.330810546875,20,1076,2631.78955078125,249.458740234375
Periodic,6,P:Re_70p314635:1056,Re_70p314635,70.3146353337,1056,2382.330810546875,21,1077,2644.262451171875,261.931640625
Periodic,6,P:Re_70p314635:1056,Re_70p314635,70.3146353337,1056,2382.330810546875,22,1078,2656.7353515625,274.404541015625
Periodic,6,P:Re_70p314635:1056,Re_70p314635,70.3146353337,1056,2382.330810546875,23,1079,2669.20849609375,286.877685546875
Periodic,6,P:Re_70p314635:1056,Re_70p314635,70.3146353337,1056,2382.330810546875,24,1080,2681.681396484375,299.3505859375
Periodic,6,P:Re_70p314635:1056,Re_70p314635,70.3146353337,1056,2382.330810546875,25,1081,2694.154296875,311.823486328125
Periodic,6,P:Re_70p314635:1056,Re_70p314635,70.3146353337,1056,2382.330810546875,26,1082,2706.627197265625,324.29638671875
Periodic,6,P:Re_70p314635:1056,Re_70p314635,70.3146353337,1056,2382.330810546875,27,1083,2719.10009765625,336.769287109375
Periodic,6,P:Re_70p314635:1056,Re_70p314635,70.3146353337,1056,2382.330810546875,28,1084,2731.572998046875,349.2421875
Periodic,6,P:Re_70p314635:1056,Re_70p314635,70.3146353337,1056,2382.330810546875,29,1085,2744.046142578125,361.71533203125
Periodic,6,P:Re_70p314635:1056,Re_70p314635,70.3146353337,1056,2382.330810546875,30,1086,2756.51904296875,374.188232421875
Periodic,6,P:Re_70p314635:1056,Re_70p314635,70.3146353337,1056,2382.330810546875,31,1087,2768.991943359375,386.6611328125
Periodic,6,P:Re_70p314635:1056,Re_70p314635,70.3146353337,1056,2382.330810546875,32,1088,2781.46484375,399.134033203125
Periodic,6,P:Re_70p314635:1056,Re_70p314635,70.3146353337,1056,2382.330810546875,33,1089,2793.937744140625,411.60693359375
Periodic,6,P:Re_70p314635:1056,Re_70p314635,70.3146353337,1056,2382.330810546875,34,1090,2806.41064453125,424.079833984375
Periodic,6,P:Re_70p314635:1056,Re_70p314635,70.3146353337,1056,2382.330810546875,35,1091,2818.883544921875,436.552734375
Periodic,6,P:Re_70p314635:1056,Re_70p314635,70.3146353337,1056,2382.330810546875,36,1092,2831.356689453125,449.02587890625
Periodic,6,P:Re_70p314635:1056,Re_70p314635,70.3146353337,1056,2382.330810546875,37,1093,2843.82958984375,461.498779296875
Periodic,6,P:Re_70p314635:1056,Re_70p314635,70.3146353337,1056,2382.330810546875,38,1094,2856.302490234375,473.9716796875
Periodic,6,P:Re_70p314635:1056,Re_70p314635,70.3146353337,1056,2382.330810546875,39,1095,2868.775390625,486.444580078125
Periodic,6,P:Re_70p314635:1056,Re_70p314635,70.3146353337,1056,2382.330810546875,40,1096,2881.248291015625,498.91748046875
Periodic,6,P:Re_70p314635:1056,Re_70p314635,70.3146353337,1056,2382.330810546875,41,1097,2893.72119140625,511.390380859375
Periodic,6,P:Re_70p314635:1056,Re_70p314635,70.3146353337,1056,2382.330810546875,42,1098,2906.194091796875,523.86328125
Periodic,6,P:Re_70p314635:1056,Re_70p314635,70.3146353337,1056,2382.330810546875,43,1099,2918.667236328125,536.33642578125
Periodic,6,P:Re_70p314635:1056,Re_70p314635,70.3146353337,1056,2382.330810546875,44,1100,2931.14013671875,548.809326171875
Periodic,6,P:Re_70p314635:1056,Re_70p314635,70.3146353337,1056,2382.330810546875,45,1101,2943.613037109375,561.2822265625
Periodic,6,P:Re_70p314635:1056,Re_70p314635,70.3146353337,1056,2382.330810546875,46,1102,2956.0859375,573.755126953125
Periodic,6,P:Re_70p314635:1056,Re_70p314635,70.3146353337,1056,2382.330810546875,47,1103,2968.558837890625,586.22802734375
Periodic,6,P:Re_70p314635:1056,Re_70p314635,70.3146353337,1056,2382.330810546875,48,1104,2981.03173828125,598.700927734375
Periodic,7,P:Re_70p314635:1072,Re_70p314635,70.3146353337,1072,2581.89794921875,1,1073,2594.370849609375,12.472900390625
Periodic,7,P:Re_70p314635:1072,Re_70p314635,70.3146353337,1072,2581.89794921875,2,1074,2606.84375,24.94580078125
Periodic,7,P:Re_70p314635:1072,Re_70p314635,70.3146353337,1072,2581.89794921875,3,1075,2619.316650390625,37.418701171875
Periodic,7,P:Re_70p314635:1072,Re_70p314635,70.3146353337,1072,2581.89794921875,4,1076,2631.78955078125,49.8916015625
Periodic,7,P:Re_70p314635:1072,Re_70p314635,70.3146353337,1072,2581.89794921875,5,1077,2644.262451171875,62.364501953125
Periodic,7,P:Re_70p314635:1072,Re_70p314635,70.3146353337,1072,2581.89794921875,6,1078,2656.7353515625,74.83740234375
Periodic,7,P:Re_70p314635:1072,Re_70p314635,70.3146353337,1072,2581.89794921875,7,1079,2669.20849609375,87.310546875
Periodic,7,P:Re_70p314635:1072,Re_70p314635,70.3146353337,1072,2581.89794921875,8,1080,2681.681396484375,99.783447265625
Periodic,7,P:Re_70p314635:1072,Re_70p314635,70.3146353337,1072,2581.89794921875,9,1081,2694.154296875,112.25634765625
Periodic,7,P:Re_70p314635:1072,Re_70p314635,70.3146353337,1072,2581.89794921875,10,1082,2706.627197265625,124.729248046875
Periodic,7,P:Re_70p314635:1072,Re_70p314635,70.3146353337,1072,2581.89794921875,11,1083,2719.10009765625,137.2021484375
Periodic,7,P:Re_70p314635:1072,Re_70p314635,70.3146353337,1072,2581.89794921875,12,1084,2731.572998046875,149.675048828125
Periodic,7,P:Re_70p314635:1072,Re_70p314635,70.3146353337,1072,2581.89794921875,13,1085,2744.046142578125,162.148193359375
Periodic,7,P:Re_70p314635:1072,Re_70p314635,70.3146353337,1072,2581.89794921875,14,1086,2756.51904296875,174.62109375
Periodic,7,P:Re_70p314635:1072,Re_70p314635,70.3146353337,1072,2581.89794921875,15,1087,2768.991943359375,187.093994140625
Periodic,7,P:Re_70p314635:1072,Re_70p314635,70.3146353337,1072,2581.89794921875,16,1088,2781.46484375,199.56689453125
Periodic,7,P:Re_70p314635:1072,Re_70p314635,70.3146353337,1072,2581.89794921875,17,1089,2793.937744140625,212.039794921875
Periodic,7,P:Re_70p314635:1072,Re_70p314635,70.3146353337,1072,2581.89794921875,18,1090,2806.41064453125,224.5126953125
Periodic,7,P:Re_70p314635:1072,Re_70p314635,70.3146353337,1072,2581.89794921875,19,1091,2818.883544921875,236.985595703125
Periodic,7,P:Re_70p314635:1072,Re_70p314635,70.3146353337,1072,2581.89794921875,20,1092,2831.356689453125,249.458740234375
Periodic,7,P:Re_70p314635:1072,Re_70p314635,70.3146353337,1072,2581.89794921875,21,1093,2843.82958984375,261.931640625
Periodic,7,P:Re_70p314635:1072,Re_70p314635,70.3146353337,1072,2581.89794921875,22,1094,2856.302490234375,274.404541015625
Periodic,7,P:Re_70p314635:1072,Re_70p314635,70.3146353337,1072,2581.89794921875,23,1095,2868.775390625,286.87744140625
Periodic,7,P:Re_70p314635:1072,Re_70p314635,70.3146353337,1072,2581.89794921875,24,1096,2881.248291015625,299.350341796875
Periodic,7,P:Re_70p314635:1072,Re_70p314635,70.3146353337,1072,2581.89794921875,25,1097,2893.72119140625,311.8232421875
Periodic,7,P:Re_70p314635:1072,Re_70p314635,70.3146353337,1072,2581.89794921875,26,1098,2906.194091796875,324.296142578125
Periodic,7,P:Re_70p314635:1072,Re_70p314635,70.3146353337,1072,2581.89794921875,27,1099,2918.667236328125,336.769287109375
Periodic,7,P:Re_70p314635:1072,Re_70p314635,70.3146353337,1072,2581.89794921875,28,1100,2931.14013671875,349.2421875
Periodic,7,P:Re_70p314635:1072,Re_70p314635,70.3146353337,1072,2581.89794921875,29,1101,2943.613037109375,361.715087890625
Periodic,7,P:Re_70p314635:1072,Re_70p314635,70.3146353337,1072,2581.89794921875,30,1102,2956.0859375,374.18798828125
Periodic,7,P:Re_70p314635:1072,Re_70p314635,70.3146353337,1072,2581.89794921875,31,1103,2968.558837890625,386.660888671875
Periodic,7,P:Re_70p314635:1072,Re_70p314635,70.3146353337,1072,2581.89794921875,32,1104,2981.03173828125,399.1337890625
Periodic,7,P:Re_70p314635:1072,Re_70p314635,70.3146353337,1072,2581.89794921875,33,1105,2993.504638671875,411.606689453125
Periodic,7,P:Re_70p314635:1072,Re_70p314635,70.3146353337,1072,2581.89794921875,34,1106,3005.977783203125,424.079833984375
Periodic,7,P:Re_70p314635:1072,Re_70p314635,70.3146353337,1072,2581.89794921875,35,1107,3018.45068359375,436.552734375
Periodic,7,P:Re_70p314635:1072,Re_70p314635,70.3146353337,1072,2581.89794921875,36,1108,3030.923583984375,449.025634765625
Periodic,7,P:Re_70p314635:1072,Re_70p314635,70.3146353337,1072,2581.89794921875,37,1109,3043.396484375,461.49853515625
Periodic,7,P:Re_70p314635:1072,Re_70p314635,70.3146353337,1072,2581.89794921875,38,1110,3055.869384765625,473.971435546875
Periodic,7,P:Re_70p314635:1072,Re_70p314635,70.3146353337,1072,2581.89794921875,39,1111,3068.34228515625,486.4443359375
Periodic,7,P:Re_70p314635:1072,Re_70p314635,70.3146353337,1072,2581.89794921875,40,1112,3080.8154296875,498.91748046875
Periodic,7,P:Re_70p314635:1072,Re_70p314635,70.3146353337,1072,2581.89794921875,41,1113,3093.288330078125,511.390380859375
Periodic,7,P:Re_70p314635:1072,Re_70p314635,70.3146353337,1072,2581.89794921875,42,1114,3105.76123046875,523.86328125
Periodic,7,P:Re_70p314635:1072,Re_70p314635,70.3146353337,1072,2581.89794921875,43,1115,3118.234130859375,536.336181640625
Periodic,7,P:Re_70p314635:1072,Re_70p314635,70.3146353337,1072,2581.89794921875,44,1116,3130.70703125,548.80908203125
Periodic,7,P:Re_70p314635:1072,Re_70p314635,70.3146353337,1072,2581.89794921875,45,1117,3143.179931640625,561.281982421875
Periodic,7,P:Re_70p314635:1072,Re_70p314635,70.3146353337,1072,2581.89794921875,46,1118,3155.65283203125,573.7548828125
Periodic,7,P:Re_70p314635:1072,Re_70p314635,70.3146353337,1072,2581.89794921875,47,1119,3168.1259765625,586.22802734375
Periodic,7,P:Re_70p314635:1072,Re_70p314635,70.3146353337,1072,2581.89794921875,48,1120,3180.598876953125,598.700927734375
Periodic,8,P:Re_100p352251:3874,Re_100p352251,100.352251335,3874,868.8629760742188,1,3875,876.6906127929688,7.82763671875
Periodic,8,P:Re_100p352251:3874,Re_100p352251,100.352251335,3874,868.8629760742188,2,3876,884.5181884765625,15.65521240234375
Periodic,8,P:Re_100p352251:3874,Re_100p352251,100.352251335,3874,868.8629760742188,3,3877,892.3457641601562,23.4827880859375
Periodic,8,P:Re_100p352251:3874,Re_100p352251,100.352251335,3874,868.8629760742188,4,3878,900.1734008789062,31.3104248046875
Periodic,8,P:Re_100p352251:3874,Re_100p352251,100.352251335,3874,868.8629760742188,5,3879,908.0009765625,39.13800048828125
Periodic,8,P:Re_100p352251:3874,Re_100p352251,100.352251335,3874,868.8629760742188,6,3880,915.8285522460938,46.965576171875
Periodic,8,P:Re_100p352251:3874,Re_100p352251,100.352251335,3874,868.8629760742188,7,3881,923.6561889648438,54.793212890625
Periodic,8,P:Re_100p352251:3874,Re_100p352251,100.352251335,3874,868.8629760742188,8,3882,931.4837646484375,62.62078857421875
Periodic,8,P:Re_100p352251:3874,Re_100p352251,100.352251335,3874,868.8629760742188,9,3883,939.3113403320312,70.4483642578125
Periodic,8,P:Re_100p352251:3874,Re_100p352251,100.352251335,3874,868.8629760742188,10,3884,947.1389770507812,78.2760009765625
Periodic,8,P:Re_100p352251:3874,Re_100p352251,100.352251335,3874,868.8629760742188,11,3885,954.966552734375,86.10357666015625
Periodic,8,P:Re_100p352251:3874,Re_100p352251,100.352251335,3874,868.8629760742188,12,3886,962.7941284179688,93.93115234375
Periodic,8,P:Re_100p352251:3874,Re_100p352251,100.352251335,3874,868.8629760742188,13,3887,970.6217651367188,101.7587890625
Periodic,8,P:Re_100p352251:3874,Re_100p352251,100.352251335,3874,868.8629760742188,14,3888,978.4493408203125,109.58636474609375
Periodic,8,P:Re_100p352251:3874,Re_100p352251,100.352251335,3874,868.8629760742188,15,3889,986.2769165039062,117.4139404296875
Periodic,8,P:Re_100p352251:3874,Re_100p352251,100.352251335,3874,868.8629760742188,16,3890,994.1044921875,125.24151611328125
Periodic,8,P:Re_100p352251:3874,Re_100p352251,100.352251335,3874,868.8629760742188,17,3891,1001.93212890625,133.06915283203125
Periodic,8,P:Re_100p352251:3874,Re_100p352251,100.352251335,3874,868.8629760742188,18,3892,1009.7597045898438,140.896728515625
Periodic,8,P:Re_100p352251:3874,Re_100p352251,100.352251335,3874,868.8629760742188,19,3893,1017.5872802734375,148.72430419921875
Periodic,8,P:Re_100p352251:3874,Re_100p352251,100.352251335,3874,868.8629760742188,20,3894,1025.4149169921875,156.55194091796875
Periodic,8,P:Re_100p352251:3874,Re_100p352251,100.352251335,3874,868.8629760742188,21,3895,1033.2425537109375,164.37957763671875
Periodic,8,P:Re_100p352251:3874,Re_100p352251,100.352251335,3874,868.8629760742188,22,3896,1041.070068359375,172.20709228515625
Periodic,8,P:Re_100p352251:3874,Re_100p352251,100.352251335,3874,868.8629760742188,23,3897,1048.897705078125,180.03472900390625
Periodic,8,P:Re_100p352251:3874,Re_100p352251,100.352251335,3874,868.8629760742188,24,3898,1056.7252197265625,187.86224365234375
Periodic,8,P:Re_100p352251:3874,Re_100p352251,100.352251335,3874,868.8629760742188,25,3899,1064.5528564453125,195.68988037109375
Periodic,8,P:Re_100p352251:3874,Re_100p352251,100.352251335,3874,868.8629760742188,26,3900,1072.3804931640625,203.51751708984375
Periodic,8,P:Re_100p352251:3874,Re_100p352251,100.352251335,3874,868.8629760742188,27,3901,1080.2080078125,211.34503173828125
Periodic,8,P:Re_100p352251:3874,Re_100p352251,100.352251335,3874,868.8629760742188,28,3902,1088.03564453125,219.17266845703125
Periodic,8,P:Re_100p352251:3874,Re_100p352251,100.352251335,3874,868.8629760742188,29,3903,1095.86328125,227.00030517578125
Periodic,8,P:Re_100p352251:3874,Re_100p352251,100.352251335,3874,868.8629760742188,30,3904,1103.6907958984375,234.82781982421875
Periodic,8,P:Re_100p352251:3874,Re_100p352251,100.352251335,3874,868.8629760742188,31,3905,1111.5184326171875,242.65545654296875
Periodic,8,P:Re_100p352251:3874,Re_100p352251,100.352251335,3874,868.8629760742188,32,3906,1119.3460693359375,250.48309326171875
Periodic,8,P:Re_100p352251:3874,Re_100p352251,100.352251335,3874,868.8629760742188,33,3907,1127.173583984375,258.31060791015625
Periodic,8,P:Re_100p352251:3874,Re_100p352251,100.352251335,3874,868.8629760742188,34,3908,1135.001220703125,266.13824462890625
Periodic,8,P:Re_100p352251:3874,Re_100p352251,100.352251335,3874,868.8629760742188,35,3909,1142.828857421875,273.96588134765625
Periodic,8,P:Re_100p352251:3874,Re_100p352251,100.352251335,3874,868.8629760742188,36,3910,1150.6563720703125,281.79339599609375
Periodic,8,P:Re_100p352251:3874,Re_100p352251,100.352251335,3874,868.8629760742188,37,3911,1158.4840087890625,289.62103271484375
Periodic,8,P:Re_100p352251:3874,Re_100p352251,100.352251335,3874,868.8629760742188,38,3912,1166.3116455078125,297.44866943359375
Periodic,8,P:Re_100p352251:3874,Re_100p352251,100.352251335,3874,868.8629760742188,39,3913,1174.13916015625,305.27618408203125
Periodic,8,P:Re_100p352251:3874,Re_100p352251,100.352251335,3874,868.8629760742188,40,3914,1181.966796875,313.10382080078125
Periodic,8,P:Re_100p352251:3874,Re_100p352251,100.352251335,3874,868.8629760742188,41,3915,1189.79443359375,320.93145751953125
Periodic,8,P:Re_100p352251:3874,Re_100p352251,100.352251335,3874,868.8629760742188,42,3916,1197.6219482421875,328.75897216796875
Periodic,8,P:Re_100p352251:3874,Re_100p352251,100.352251335,3874,868.8629760742188,43,3917,1205.4495849609375,336.58660888671875
Periodic,8,P:Re_100p352251:3874,Re_100p352251,100.352251335,3874,868.8629760742188,44,3918,1213.2772216796875,344.41424560546875
Periodic,8,P:Re_100p352251:3874,Re_100p352251,100.352251335,3874,868.8629760742188,45,3919,1221.104736328125,352.24176025390625
Periodic,8,P:Re_100p352251:3874,Re_100p352251,100.352251335,3874,868.8629760742188,46,3920,1228.932373046875,360.06939697265625
Periodic,8,P:Re_100p352251:3874,Re_100p352251,100.352251335,3874,868.8629760742188,47,3921,1236.760009765625,367.89703369140625
Periodic,8,P:Re_100p352251:3874,Re_100p352251,100.352251335,3874,868.8629760742188,48,3922,1244.5875244140625,375.72454833984375
Periodic,9,P:Re_100p352251:3882,Re_100p352251,100.352251335,3882,931.4837646484375,1,3883,939.3113403320312,7.82757568359375
Periodic,9,P:Re_100p352251:3882,Re_100p352251,100.352251335,3882,931.4837646484375,2,3884,947.1389770507812,15.65521240234375
Periodic,9,P:Re_100p352251:3882,Re_100p352251,100.352251335,3882,931.4837646484375,3,3885,954.966552734375,23.4827880859375
Periodic,9,P:Re_100p352251:3882,Re_100p352251,100.352251335,3882,931.4837646484375,4,3886,962.7941284179688,31.31036376953125
Periodic,9,P:Re_100p352251:3882,Re_100p352251,100.352251335,3882,931.4837646484375,5,3887,970.6217651367188,39.13800048828125
Periodic,9,P:Re_100p352251:3882,Re_100p352251,100.352251335,3882,931.4837646484375,6,3888,978.4493408203125,46.965576171875
Periodic,9,P:Re_100p352251:3882,Re_100p352251,100.352251335,3882,931.4837646484375,7,3889,986.2769165039062,54.79315185546875
Periodic,9,P:Re_100p352251:3882,Re_100p352251,100.352251335,3882,931.4837646484375,8,3890,994.1044921875,62.6207275390625
Periodic,9,P:Re_100p352251:3882,Re_100p352251,100.352251335,3882,931.4837646484375,9,3891,1001.93212890625,70.4483642578125
Periodic,9,P:Re_100p352251:3882,Re_100p352251,100.352251335,3882,931.4837646484375,10,3892,1009.7597045898438,78.27593994140625
Periodic,9,P:Re_100p352251:3882,Re_100p352251,100.352251335,3882,931.4837646484375,11,3893,1017.5872802734375,86.103515625
Periodic,9,P:Re_100p352251:3882,Re_100p352251,100.352251335,3882,931.4837646484375,12,3894,1025.4149169921875,93.93115234375
Periodic,9,P:Re_100p352251:3882,Re_100p352251,100.352251335,3882,931.4837646484375,13,3895,1033.2425537109375,101.7587890625
Periodic,9,P:Re_100p352251:3882,Re_100p352251,100.352251335,3882,931.4837646484375,14,3896,1041.070068359375,109.5863037109375
Periodic,9,P:Re_100p352251:3882,Re_100p352251,100.352251335,3882,931.4837646484375,15,3897,1048.897705078125,117.4139404296875
Periodic,9,P:Re_100p352251:3882,Re_100p352251,100.352251335,3882,931.4837646484375,16,3898,1056.7252197265625,125.241455078125
Periodic,9,P:Re_100p352251:3882,Re_100p352251,100.352251335,3882,931.4837646484375,17,3899,1064.5528564453125,133.069091796875
Periodic,9,P:Re_100p352251:3882,Re_100p352251,100.352251335,3882,931.4837646484375,18,3900,1072.3804931640625,140.896728515625
Periodic,9,P:Re_100p352251:3882,Re_100p352251,100.352251335,3882,931.4837646484375,19,3901,1080.2080078125,148.7242431640625
Periodic,9,P:Re_100p352251:3882,Re_100p352251,100.352251335,3882,931.4837646484375,20,3902,1088.03564453125,156.5518798828125
Periodic,9,P:Re_100p352251:3882,Re_100p352251,100.352251335,3882,931.4837646484375,21,3903,1095.86328125,164.3795166015625
Periodic,9,P:Re_100p352251:3882,Re_100p352251,100.352251335,3882,931.4837646484375,22,3904,1103.6907958984375,172.20703125
Periodic,9,P:Re_100p352251:3882,Re_100p352251,100.352251335,3882,931.4837646484375,23,3905,1111.5184326171875,180.03466796875
Periodic,9,P:Re_100p352251:3882,Re_100p352251,100.352251335,3882,931.4837646484375,24,3906,1119.3460693359375,187.8623046875
Periodic,9,P:Re_100p352251:3882,Re_100p352251,100.352251335,3882,931.4837646484375,25,3907,1127.173583984375,195.6898193359375
Periodic,9,P:Re_100p352251:3882,Re_100p352251,100.352251335,3882,931.4837646484375,26,3908,1135.001220703125,203.5174560546875
Periodic,9,P:Re_100p352251:3882,Re_100p352251,100.352251335,3882,931.4837646484375,27,3909,1142.828857421875,211.3450927734375
Periodic,9,P:Re_100p352251:3882,Re_100p352251,100.352251335,3882,931.4837646484375,28,3910,1150.6563720703125,219.172607421875
Periodic,9,P:Re_100p352251:3882,Re_100p352251,100.352251335,3882,931.4837646484375,29,3911,1158.4840087890625,227.000244140625
Periodic,9,P:Re_100p352251:3882,Re_100p352251,100.352251335,3882,931.4837646484375,30,3912,1166.3116455078125,234.827880859375
Periodic,9,P:Re_100p352251:3882,Re_100p352251,100.352251335,3882,931.4837646484375,31,3913,1174.13916015625,242.6553955078125
Periodic,9,P:Re_100p352251:3882,Re_100p352251,100.352251335,3882,931.4837646484375,32,3914,1181.966796875,250.4830322265625
Periodic,9,P:Re_100p352251:3882,Re_100p352251,100.352251335,3882,931.4837646484375,33,3915,1189.79443359375,258.3106689453125
Periodic,9,P:Re_100p352251:3882,Re_100p352251,100.352251335,3882,931.4837646484375,34,3916,1197.6219482421875,266.13818359375
Periodic,9,P:Re_100p352251:3882,Re_100p352251,100.352251335,3882,931.4837646484375,35,3917,1205.4495849609375,273.9658203125
Periodic,9,P:Re_100p352251:3882,Re_100p352251,100.352251335,3882,931.4837646484375,36,3918,1213.2772216796875,281.79345703125
Periodic,9,P:Re_100p352251:3882,Re_100p352251,100.352251335,3882,931.4837646484375,37,3919,1221.104736328125,289.6209716796875
Periodic,9,P:Re_100p352251:3882,Re_100p352251,100.352251335,3882,931.4837646484375,38,3920,1228.932373046875,297.4486083984375
Periodic,9,P:Re_100p352251:3882,Re_100p352251,100.352251335,3882,931.4837646484375,39,3921,1236.760009765625,305.2762451171875
Periodic,9,P:Re_100p352251:3882,Re_100p352251,100.352251335,3882,931.4837646484375,40,3922,1244.5875244140625,313.103759765625
Periodic,9,P:Re_100p352251:3882,Re_100p352251,100.352251335,3882,931.4837646484375,41,3923,1252.4151611328125,320.931396484375
Periodic,9,P:Re_100p352251:3882,Re_100p352251,100.352251335,3882,931.4837646484375,42,3924,1260.2427978515625,328.759033203125
Periodic,9,P:Re_100p352251:3882,Re_100p352251,100.352251335,3882,931.4837646484375,43,3925,1268.0703125,336.5865478515625
Periodic,9,P:Re_100p352251:3882,Re_100p352251,100.352251335,3882,931.4837646484375,44,3926,1275.89794921875,344.4141845703125
Periodic,9,P:Re_100p352251:3882,Re_100p352251,100.352251335,3882,931.4837646484375,45,3927,1283.7254638671875,352.24169921875
Periodic,9,P:Re_100p352251:3882,Re_100p352251,100.352251335,3882,931.4837646484375,46,3928,1291.5531005859375,360.0693359375
Periodic,9,P:Re_100p352251:3882,Re_100p352251,100.352251335,3882,931.4837646484375,47,3929,1299.3807373046875,367.89697265625
Periodic,9,P:Re_100p352251:3882,Re_100p352251,100.352251335,3882,931.4837646484375,48,3930,1307.208251953125,375.7244873046875
Periodic,10,P:Re_100p352251:3898,Re_100p352251,100.352251335,3898,1056.7252197265625,1,3899,1064.5528564453125,7.82763671875
Periodic,10,P:Re_100p352251:3898,Re_100p352251,100.352251335,3898,1056.7252197265625,2,3900,1072.3804931640625,15.6552734375
Periodic,10,P:Re_100p352251:3898,Re_100p352251,100.352251335,3898,1056.7252197265625,3,3901,1080.2080078125,23.4827880859375
Periodic,10,P:Re_100p352251:3898,Re_100p352251,100.352251335,3898,1056.7252197265625,4,3902,1088.03564453125,31.3104248046875
Periodic,10,P:Re_100p352251:3898,Re_100p352251,100.352251335,3898,1056.7252197265625,5,3903,1095.86328125,39.1380615234375
Periodic,10,P:Re_100p352251:3898,Re_100p352251,100.352251335,3898,1056.7252197265625,6,3904,1103.6907958984375,46.965576171875
Periodic,10,P:Re_100p352251:3898,Re_100p352251,100.352251335,3898,1056.7252197265625,7,3905,1111.5184326171875,54.793212890625
Periodic,10,P:Re_100p352251:3898,Re_100p352251,100.352251335,3898,1056.7252197265625,8,3906,1119.3460693359375,62.620849609375
Periodic,10,P:Re_100p352251:3898,Re_100p352251,100.352251335,3898,1056.7252197265625,9,3907,1127.173583984375,70.4483642578125
Periodic,10,P:Re_100p352251:3898,Re_100p352251,100.352251335,3898,1056.7252197265625,10,3908,1135.001220703125,78.2760009765625
Periodic,10,P:Re_100p352251:3898,Re_100p352251,100.352251335,3898,1056.7252197265625,11,3909,1142.828857421875,86.1036376953125
Periodic,10,P:Re_100p352251:3898,Re_100p352251,100.352251335,3898,1056.7252197265625,12,3910,1150.6563720703125,93.93115234375
Periodic,10,P:Re_100p352251:3898,Re_100p352251,100.352251335,3898,1056.7252197265625,13,3911,1158.4840087890625,101.7587890625
Periodic,10,P:Re_100p352251:3898,Re_100p352251,100.352251335,3898,1056.7252197265625,14,3912,1166.3116455078125,109.58642578125
Periodic,10,P:Re_100p352251:3898,Re_100p352251,100.352251335,3898,1056.7252197265625,15,3913,1174.13916015625,117.4139404296875
Periodic,10,P:Re_100p352251:3898,Re_100p352251,100.352251335,3898,1056.7252197265625,16,3914,1181.966796875,125.2415771484375
Periodic,10,P:Re_100p352251:3898,Re_100p352251,100.352251335,3898,1056.7252197265625,17,3915,1189.79443359375,133.0692138671875
Periodic,10,P:Re_100p352251:3898,Re_100p352251,100.352251335,3898,1056.7252197265625,18,3916,1197.6219482421875,140.896728515625
Periodic,10,P:Re_100p352251:3898,Re_100p352251,100.352251335,3898,1056.7252197265625,19,3917,1205.4495849609375,148.724365234375
Periodic,10,P:Re_100p352251:3898,Re_100p352251,100.352251335,3898,1056.7252197265625,20,3918,1213.2772216796875,156.552001953125
Periodic,10,P:Re_100p352251:3898,Re_100p352251,100.352251335,3898,1056.7252197265625,21,3919,1221.104736328125,164.3795166015625
Periodic,10,P:Re_100p352251:3898,Re_100p352251,100.352251335,3898,1056.7252197265625,22,3920,1228.932373046875,172.2071533203125
Periodic,10,P:Re_100p352251:3898,Re_100p352251,100.352251335,3898,1056.7252197265625,23,3921,1236.760009765625,180.0347900390625
Periodic,10,P:Re_100p352251:3898,Re_100p352251,100.352251335,3898,1056.7252197265625,24,3922,1244.5875244140625,187.8623046875
Periodic,10,P:Re_100p352251:3898,Re_100p352251,100.352251335,3898,1056.7252197265625,25,3923,1252.4151611328125,195.68994140625
Periodic,10,P:Re_100p352251:3898,Re_100p352251,100.352251335,3898,1056.7252197265625,26,3924,1260.2427978515625,203.517578125
Periodic,10,P:Re_100p352251:3898,Re_100p352251,100.352251335,3898,1056.7252197265625,27,3925,1268.0703125,211.3450927734375
Periodic,10,P:Re_100p352251:3898,Re_100p352251,100.352251335,3898,1056.7252197265625,28,3926,1275.89794921875,219.1727294921875
Periodic,10,P:Re_100p352251:3898,Re_100p352251,100.352251335,3898,1056.7252197265625,29,3927,1283.7254638671875,227.000244140625
Periodic,10,P:Re_100p352251:3898,Re_100p352251,100.352251335,3898,1056.7252197265625,30,3928,1291.5531005859375,234.827880859375
Periodic,10,P:Re_100p352251:3898,Re_100p352251,100.352251335,3898,1056.7252197265625,31,3929,1299.3807373046875,242.655517578125
Periodic,10,P:Re_100p352251:3898,Re_100p352251,100.352251335,3898,1056.7252197265625,32,3930,1307.208251953125,250.4830322265625
Periodic,10,P:Re_100p352251:3898,Re_100p352251,100.352251335,3898,1056.7252197265625,33,3931,1315.035888671875,258.3106689453125
Periodic,10,P:Re_100p352251:3898,Re_100p352251,100.352251335,3898,1056.7252197265625,34,3932,1322.863525390625,266.1383056640625
Periodic,10,P:Re_100p352251:3898,Re_100p352251,100.352251335,3898,1056.7252197265625,35,3933,1330.6910400390625,273.9658203125
Periodic,10,P:Re_100p352251:3898,Re_100p352251,100.352251335,3898,1056.7252197265625,36,3934,1338.5186767578125,281.79345703125
Periodic,10,P:Re_100p352251:3898,Re_100p352251,100.352251335,3898,1056.7252197265625,37,3935,1346.3463134765625,289.62109375
Periodic,10,P:Re_100p352251:3898,Re_100p352251,100.352251335,3898,1056.7252197265625,38,3936,1354.173828125,297.4486083984375
Periodic,10,P:Re_100p352251:3898,Re_100p352251,100.352251335,3898,1056.7252197265625,39,3937,1362.00146484375,305.2762451171875
Periodic,10,P:Re_100p352251:3898,Re_100p352251,100.352251335,3898,1056.7252197265625,40,3938,1369.8291015625,313.1038818359375
Periodic,10,P:Re_100p352251:3898,Re_100p352251,100.352251335,3898,1056.7252197265625,41,3939,1377.6566162109375,320.931396484375
Periodic,10,P:Re_100p352251:3898,Re_100p352251,100.352251335,3898,1056.7252197265625,42,3940,1385.4842529296875,328.759033203125
Periodic,10,P:Re_100p352251:3898,Re_100p352251,100.352251335,3898,1056.7252197265625,43,3941,1393.3118896484375,336.586669921875
Periodic,10,P:Re_100p352251:3898,Re_100p352251,100.352251335,3898,1056.7252197265625,44,3942,1401.139404296875,344.4141845703125
Periodic,10,P:Re_100p352251:3898,Re_100p352251,100.352251335,3898,1056.7252197265625,45,3943,1408.967041015625,352.2418212890625
Periodic,10,P:Re_100p352251:3898,Re_100p352251,100.352251335,3898,1056.7252197265625,46,3944,1416.794677734375,360.0694580078125
Periodic,10,P:Re_100p352251:3898,Re_100p352251,100.352251335,3898,1056.7252197265625,47,3945,1424.6221923828125,367.89697265625
Periodic,10,P:Re_100p352251:3898,Re_100p352251,100.352251335,3898,1056.7252197265625,48,3946,1432.4498291015625,375.724609375
Periodic,11,P:Re_100p352251:3914,Re_100p352251,100.352251335,3914,1181.966796875,1,3915,1189.79443359375,7.82763671875
Periodic,11,P:Re_100p352251:3914,Re_100p352251,100.352251335,3914,1181.966796875,2,3916,1197.6219482421875,15.6551513671875
Periodic,11,P:Re_100p352251:3914,Re_100p352251,100.352251335,3914,1181.966796875,3,3917,1205.4495849609375,23.4827880859375
Periodic,11,P:Re_100p352251:3914,Re_100p352251,100.352251335,3914,1181.966796875,4,3918,1213.2772216796875,31.3104248046875
Periodic,11,P:Re_100p352251:3914,Re_100p352251,100.352251335,3914,1181.966796875,5,3919,1221.104736328125,39.137939453125
Periodic,11,P:Re_100p352251:3914,Re_100p352251,100.352251335,3914,1181.966796875,6,3920,1228.932373046875,46.965576171875
Periodic,11,P:Re_100p352251:3914,Re_100p352251,100.352251335,3914,1181.966796875,7,3921,1236.760009765625,54.793212890625
Periodic,11,P:Re_100p352251:3914,Re_100p352251,100.352251335,3914,1181.966796875,8,3922,1244.5875244140625,62.6207275390625
Periodic,11,P:Re_100p352251:3914,Re_100p352251,100.352251335,3914,1181.966796875,9,3923,1252.4151611328125,70.4483642578125
Periodic,11,P:Re_100p352251:3914,Re_100p352251,100.352251335,3914,1181.966796875,10,3924,1260.2427978515625,78.2760009765625
Periodic,11,P:Re_100p352251:3914,Re_100p352251,100.352251335,3914,1181.966796875,11,3925,1268.0703125,86.103515625
Periodic,11,P:Re_100p352251:3914,Re_100p352251,100.352251335,3914,1181.966796875,12,3926,1275.89794921875,93.93115234375
Periodic,11,P:Re_100p352251:3914,Re_100p352251,100.352251335,3914,1181.966796875,13,3927,1283.7254638671875,101.7586669921875
Periodic,11,P:Re_100p352251:3914,Re_100p352251,100.352251335,3914,1181.966796875,14,3928,1291.5531005859375,109.5863037109375
Periodic,11,P:Re_100p352251:3914,Re_100p352251,100.352251335,3914,1181.966796875,15,3929,1299.3807373046875,117.4139404296875
Periodic,11,P:Re_100p352251:3914,Re_100p352251,100.352251335,3914,1181.966796875,16,3930,1307.208251953125,125.241455078125
Periodic,11,P:Re_100p352251:3914,Re_100p352251,100.352251335,3914,1181.966796875,17,3931,1315.035888671875,133.069091796875
Periodic,11,P:Re_100p352251:3914,Re_100p352251,100.352251335,3914,1181.966796875,18,3932,1322.863525390625,140.896728515625
Periodic,11,P:Re_100p352251:3914,Re_100p352251,100.352251335,3914,1181.966796875,19,3933,1330.6910400390625,148.7242431640625
Periodic,11,P:Re_100p352251:3914,Re_100p352251,100.352251335,3914,1181.966796875,20,3934,1338.5186767578125,156.5518798828125
Periodic,11,P:Re_100p352251:3914,Re_100p352251,100.352251335,3914,1181.966796875,21,3935,1346.3463134765625,164.3795166015625
Periodic,11,P:Re_100p352251:3914,Re_100p352251,100.352251335,3914,1181.966796875,22,3936,1354.173828125,172.20703125
Periodic,11,P:Re_100p352251:3914,Re_100p352251,100.352251335,3914,1181.966796875,23,3937,1362.00146484375,180.03466796875
Periodic,11,P:Re_100p352251:3914,Re_100p352251,100.352251335,3914,1181.966796875,24,3938,1369.8291015625,187.8623046875
Periodic,11,P:Re_100p352251:3914,Re_100p352251,100.352251335,3914,1181.966796875,25,3939,1377.6566162109375,195.6898193359375
Periodic,11,P:Re_100p352251:3914,Re_100p352251,100.352251335,3914,1181.966796875,26,3940,1385.4842529296875,203.5174560546875
Periodic,11,P:Re_100p352251:3914,Re_100p352251,100.352251335,3914,1181.966796875,27,3941,1393.3118896484375,211.3450927734375
Periodic,11,P:Re_100p352251:3914,Re_100p352251,100.352251335,3914,1181.966796875,28,3942,1401.139404296875,219.172607421875
Periodic,11,P:Re_100p352251:3914,Re_100p352251,100.352251335,3914,1181.966796875,29,3943,1408.967041015625,227.000244140625
Periodic,11,P:Re_100p352251:3914,Re_100p352251,100.352251335,3914,1181.966796875,30,3944,1416.794677734375,234.827880859375
Periodic,11,P:Re_100p352251:3914,Re_100p352251,100.352251335,3914,1181.966796875,31,3945,1424.6221923828125,242.6553955078125
Periodic,11,P:Re_100p352251:3914,Re_100p352251,100.352251335,3914,1181.966796875,32,3946,1432.4498291015625,250.4830322265625
Periodic,11,P:Re_100p352251:3914,Re_100p352251,100.352251335,3914,1181.966796875,33,3947,1440.2774658203125,258.3106689453125
Periodic,11,P:Re_100p352251:3914,Re_100p352251,100.352251335,3914,1181.966796875,34,3948,1448.10498046875,266.13818359375
Periodic,11,P:Re_100p352251:3914,Re_100p352251,100.352251335,3914,1181.966796875,35,3949,1455.9326171875,273.9658203125
Periodic,11,P:Re_100p352251:3914,Re_100p352251,100.352251335,3914,1181.966796875,36,3950,1463.76025390625,281.79345703125
Periodic,11,P:Re_100p352251:3914,Re_100p352251,100.352251335,3914,1181.966796875,37,3951,1471.5877685546875,289.6209716796875
Periodic,11,P:Re_100p352251:3914,Re_100p352251,100.352251335,3914,1181.966796875,38,3952,1479.4154052734375,297.4486083984375
Periodic,11,P:Re_100p352251:3914,Re_100p352251,100.352251335,3914,1181.966796875,39,3953,1487.2430419921875,305.2762451171875
Periodic,11,P:Re_100p352251:3914,Re_100p352251,100.352251335,3914,1181.966796875,40,3954,1495.070556640625,313.103759765625
Periodic,11,P:Re_100p352251:3914,Re_100p352251,100.352251335,3914,1181.966796875,41,3955,1502.898193359375,320.931396484375
Periodic,11,P:Re_100p352251:3914,Re_100p352251,100.352251335,3914,1181.966796875,42,3956,1510.7257080078125,328.7589111328125
Periodic,11,P:Re_100p352251:3914,Re_100p352251,100.352251335,3914,1181.966796875,43,3957,1518.5533447265625,336.5865478515625
Periodic,11,P:Re_100p352251:3914,Re_100p352251,100.352251335,3914,1181.966796875,44,3958,1526.3809814453125,344.4141845703125
Periodic,11,P:Re_100p352251:3914,Re_100p352251,100.352251335,3914,1181.966796875,45,3959,1534.20849609375,352.24169921875
Periodic,11,P:Re_100p352251:3914,Re_100p352251,100.352251335,3914,1181.966796875,46,3960,1542.0361328125,360.0693359375
Periodic,11,P:Re_100p352251:3914,Re_100p352251,100.352251335,3914,1181.966796875,47,3961,1549.86376953125,367.89697265625
Periodic,11,P:Re_100p352251:3914,Re_100p352251,100.352251335,3914,1181.966796875,48,3962,1557.6912841796875,375.7244873046875
Periodic,12,P:Re_100p352251:3922,Re_100p352251,100.352251335,3922,1244.5875244140625,1,3923,1252.4151611328125,7.82763671875
Periodic,12,P:Re_100p352251:3922,Re_100p352251,100.352251335,3922,1244.5875244140625,2,3924,1260.2427978515625,15.6552734375
Periodic,12,P:Re_100p352251:3922,Re_100p352251,100.352251335,3922,1244.5875244140625,3,3925,1268.0703125,23.4827880859375
Periodic,12,P:Re_100p352251:3922,Re_100p352251,100.352251335,3922,1244.5875244140625,4,3926,1275.89794921875,31.3104248046875
Periodic,12,P:Re_100p352251:3922,Re_100p352251,100.352251335,3922,1244.5875244140625,5,3927,1283.7254638671875,39.137939453125
Periodic,12,P:Re_100p352251:3922,Re_100p352251,100.352251335,3922,1244.5875244140625,6,3928,1291.5531005859375,46.965576171875
Periodic,12,P:Re_100p352251:3922,Re_100p352251,100.352251335,3922,1244.5875244140625,7,3929,1299.3807373046875,54.793212890625
Periodic,12,P:Re_100p352251:3922,Re_100p352251,100.352251335,3922,1244.5875244140625,8,3930,1307.208251953125,62.6207275390625
Periodic,12,P:Re_100p352251:3922,Re_100p352251,100.352251335,3922,1244.5875244140625,9,3931,1315.035888671875,70.4483642578125
Periodic,12,P:Re_100p352251:3922,Re_100p352251,100.352251335,3922,1244.5875244140625,10,3932,1322.863525390625,78.2760009765625
Periodic,12,P:Re_100p352251:3922,Re_100p352251,100.352251335,3922,1244.5875244140625,11,3933,1330.6910400390625,86.103515625
Periodic,12,P:Re_100p352251:3922,Re_100p352251,100.352251335,3922,1244.5875244140625,12,3934,1338.5186767578125,93.93115234375
Periodic,12,P:Re_100p352251:3922,Re_100p352251,100.352251335,3922,1244.5875244140625,13,3935,1346.3463134765625,101.7587890625
Periodic,12,P:Re_100p352251:3922,Re_100p352251,100.352251335,3922,1244.5875244140625,14,3936,1354.173828125,109.5863037109375
Periodic,12,P:Re_100p352251:3922,Re_100p352251,100.352251335,3922,1244.5875244140625,15,3937,1362.00146484375,117.4139404296875
Periodic,12,P:Re_100p352251:3922,Re_100p352251,100.352251335,3922,1244.5875244140625,16,3938,1369.8291015625,125.2415771484375
Periodic,12,P:Re_100p352251:3922,Re_100p352251,100.352251335,3922,1244.5875244140625,17,3939,1377.6566162109375,133.069091796875
Periodic,12,P:Re_100p352251:3922,Re_100p352251,100.352251335,3922,1244.5875244140625,18,3940,1385.4842529296875,140.896728515625
Periodic,12,P:Re_100p352251:3922,Re_100p352251,100.352251335,3922,1244.5875244140625,19,3941,1393.3118896484375,148.724365234375
Periodic,12,P:Re_100p352251:3922,Re_100p352251,100.352251335,3922,1244.5875244140625,20,3942,1401.139404296875,156.5518798828125
Periodic,12,P:Re_100p352251:3922,Re_100p352251,100.352251335,3922,1244.5875244140625,21,3943,1408.967041015625,164.3795166015625
Periodic,12,P:Re_100p352251:3922,Re_100p352251,100.352251335,3922,1244.5875244140625,22,3944,1416.794677734375,172.2071533203125
Periodic,12,P:Re_100p352251:3922,Re_100p352251,100.352251335,3922,1244.5875244140625,23,3945,1424.6221923828125,180.03466796875
Periodic,12,P:Re_100p352251:3922,Re_100p352251,100.352251335,3922,1244.5875244140625,24,3946,1432.4498291015625,187.8623046875
Periodic,12,P:Re_100p352251:3922,Re_100p352251,100.352251335,3922,1244.5875244140625,25,3947,1440.2774658203125,195.68994140625
Periodic,12,P:Re_100p352251:3922,Re_100p352251,100.352251335,3922,1244.5875244140625,26,3948,1448.10498046875,203.5174560546875
Periodic,12,P:Re_100p352251:3922,Re_100p352251,100.352251335,3922,1244.5875244140625,27,3949,1455.9326171875,211.3450927734375
Periodic,12,P:Re_100p352251:3922,Re_100p352251,100.352251335,3922,1244.5875244140625,28,3950,1463.76025390625,219.1727294921875
Periodic,12,P:Re_100p352251:3922,Re_100p352251,100.352251335,3922,1244.5875244140625,29,3951,1471.5877685546875,227.000244140625
Periodic,12,P:Re_100p352251:3922,Re_100p352251,100.352251335,3922,1244.5875244140625,30,3952,1479.4154052734375,234.827880859375
Periodic,12,P:Re_100p352251:3922,Re_100p352251,100.352251335,3922,1244.5875244140625,31,3953,1487.2430419921875,242.655517578125
Periodic,12,P:Re_100p352251:3922,Re_100p352251,100.352251335,3922,1244.5875244140625,32,3954,1495.070556640625,250.4830322265625
Periodic,12,P:Re_100p352251:3922,Re_100p352251,100.352251335,3922,1244.5875244140625,33,3955,1502.898193359375,258.3106689453125
Periodic,12,P:Re_100p352251:3922,Re_100p352251,100.352251335,3922,1244.5875244140625,34,3956,1510.7257080078125,266.13818359375
Periodic,12,P:Re_100p352251:3922,Re_100p352251,100.352251335,3922,1244.5875244140625,35,3957,1518.5533447265625,273.9658203125
Periodic,12,P:Re_100p352251:3922,Re_100p352251,100.352251335,3922,1244.5875244140625,36,3958,1526.3809814453125,281.79345703125
Periodic,12,P:Re_100p352251:3922,Re_100p352251,100.352251335,3922,1244.5875244140625,37,3959,1534.20849609375,289.6209716796875
Periodic,12,P:Re_100p352251:3922,Re_100p352251,100.352251335,3922,1244.5875244140625,38,3960,1542.0361328125,297.4486083984375
Periodic,12,P:Re_100p352251:3922,Re_100p352251,100.352251335,3922,1244.5875244140625,39,3961,1549.86376953125,305.2762451171875
Periodic,12,P:Re_100p352251:3922,Re_100p352251,100.352251335,3922,1244.5875244140625,40,3962,1557.6912841796875,313.103759765625
Periodic,12,P:Re_100p352251:3922,Re_100p352251,100.352251335,3922,1244.5875244140625,41,3963,1565.5189208984375,320.931396484375
Periodic,12,P:Re_100p352251:3922,Re_100p352251,100.352251335,3922,1244.5875244140625,42,3964,1573.3465576171875,328.759033203125
Periodic,12,P:Re_100p352251:3922,Re_100p352251,100.352251335,3922,1244.5875244140625,43,3965,1581.174072265625,336.5865478515625
Periodic,12,P:Re_100p352251:3922,Re_100p352251,100.352251335,3922,1244.5875244140625,44,3966,1589.001708984375,344.4141845703125
Periodic,12,P:Re_100p352251:3922,Re_100p352251,100.352251335,3922,1244.5875244140625,45,3967,1596.829345703125,352.2418212890625
Periodic,12,P:Re_100p352251:3922,Re_100p352251,100.352251335,3922,1244.5875244140625,46,3968,1604.6568603515625,360.0693359375
Periodic,12,P:Re_100p352251:3922,Re_100p352251,100.352251335,3922,1244.5875244140625,47,3969,1612.4844970703125,367.89697265625
Periodic,12,P:Re_100p352251:3922,Re_100p352251,100.352251335,3922,1244.5875244140625,48,3970,1620.3121337890625,375.724609375
Periodic,13,P:Re_100p352251:3938,Re_100p352251,100.352251335,3938,1369.8291015625,1,3939,1377.6566162109375,7.8275146484375
Periodic,13,P:Re_100p352251:3938,Re_100p352251,100.352251335,3938,1369.8291015625,2,3940,1385.4842529296875,15.6551513671875
Periodic,13,P:Re_100p352251:3938,Re_100p352251,100.352251335,3938,1369.8291015625,3,3941,1393.3118896484375,23.4827880859375
Periodic,13,P:Re_100p352251:3938,Re_100p352251,100.352251335,3938,1369.8291015625,4,3942,1401.139404296875,31.310302734375
Periodic,13,P:Re_100p352251:3938,Re_100p352251,100.352251335,3938,1369.8291015625,5,3943,1408.967041015625,39.137939453125
Periodic,13,P:Re_100p352251:3938,Re_100p352251,100.352251335,3938,1369.8291015625,6,3944,1416.794677734375,46.965576171875
Periodic,13,P:Re_100p352251:3938,Re_100p352251,100.352251335,3938,1369.8291015625,7,3945,1424.6221923828125,54.7930908203125
Periodic,13,P:Re_100p352251:3938,Re_100p352251,100.352251335,3938,1369.8291015625,8,3946,1432.4498291015625,62.6207275390625
Periodic,13,P:Re_100p352251:3938,Re_100p352251,100.352251335,3938,1369.8291015625,9,3947,1440.2774658203125,70.4483642578125
Periodic,13,P:Re_100p352251:3938,Re_100p352251,100.352251335,3938,1369.8291015625,10,3948,1448.10498046875,78.27587890625
Periodic,13,P:Re_100p352251:3938,Re_100p352251,100.352251335,3938,1369.8291015625,11,3949,1455.9326171875,86.103515625
Periodic,13,P:Re_100p352251:3938,Re_100p352251,100.352251335,3938,1369.8291015625,12,3950,1463.76025390625,93.93115234375
Periodic,13,P:Re_100p352251:3938,Re_100p352251,100.352251335,3938,1369.8291015625,13,3951,1471.5877685546875,101.7586669921875
Periodic,13,P:Re_100p352251:3938,Re_100p352251,100.352251335,3938,1369.8291015625,14,3952,1479.4154052734375,109.5863037109375
Periodic,13,P:Re_100p352251:3938,Re_100p352251,100.352251335,3938,1369.8291015625,15,3953,1487.2430419921875,117.4139404296875
Periodic,13,P:Re_100p352251:3938,Re_100p352251,100.352251335,3938,1369.8291015625,16,3954,1495.070556640625,125.241455078125
Periodic,13,P:Re_100p352251:3938,Re_100p352251,100.352251335,3938,1369.8291015625,17,3955,1502.898193359375,133.069091796875
Periodic,13,P:Re_100p352251:3938,Re_100p352251,100.352251335,3938,1369.8291015625,18,3956,1510.7257080078125,140.8966064453125
Periodic,13,P:Re_100p352251:3938,Re_100p352251,100.352251335,3938,1369.8291015625,19,3957,1518.5533447265625,148.7242431640625
Periodic,13,P:Re_100p352251:3938,Re_100p352251,100.352251335,3938,1369.8291015625,20,3958,1526.3809814453125,156.5518798828125
Periodic,13,P:Re_100p352251:3938,Re_100p352251,100.352251335,3938,1369.8291015625,21,3959,1534.20849609375,164.37939453125
Periodic,13,P:Re_100p352251:3938,Re_100p352251,100.352251335,3938,1369.8291015625,22,3960,1542.0361328125,172.20703125
Periodic,13,P:Re_100p352251:3938,Re_100p352251,100.352251335,3938,1369.8291015625,23,3961,1549.86376953125,180.03466796875
Periodic,13,P:Re_100p352251:3938,Re_100p352251,100.352251335,3938,1369.8291015625,24,3962,1557.6912841796875,187.8621826171875
Periodic,13,P:Re_100p352251:3938,Re_100p352251,100.352251335,3938,1369.8291015625,25,3963,1565.5189208984375,195.6898193359375
Periodic,13,P:Re_100p352251:3938,Re_100p352251,100.352251335,3938,1369.8291015625,26,3964,1573.3465576171875,203.5174560546875
Periodic,13,P:Re_100p352251:3938,Re_100p352251,100.352251335,3938,1369.8291015625,27,3965,1581.174072265625,211.344970703125
Periodic,13,P:Re_100p352251:3938,Re_100p352251,100.352251335,3938,1369.8291015625,28,3966,1589.001708984375,219.172607421875
Periodic,13,P:Re_100p352251:3938,Re_100p352251,100.352251335,3938,1369.8291015625,29,3967,1596.829345703125,227.000244140625
Periodic,13,P:Re_100p352251:3938,Re_100p352251,100.352251335,3938,1369.8291015625,30,3968,1604.6568603515625,234.8277587890625
Periodic,13,P:Re_100p352251:3938,Re_100p352251,100.352251335,3938,1369.8291015625,31,3969,1612.4844970703125,242.6553955078125
Periodic,13,P:Re_100p352251:3938,Re_100p352251,100.352251335,3938,1369.8291015625,32,3970,1620.3121337890625,250.4830322265625
Periodic,13,P:Re_100p352251:3938,Re_100p352251,100.352251335,3938,1369.8291015625,33,3971,1628.1396484375,258.310546875
Periodic,13,P:Re_100p352251:3938,Re_100p352251,100.352251335,3938,1369.8291015625,34,3972,1635.96728515625,266.13818359375
Periodic,13,P:Re_100p352251:3938,Re_100p352251,100.352251335,3938,1369.8291015625,35,3973,1643.794921875,273.9658203125
Periodic,13,P:Re_100p352251:3938,Re_100p352251,100.352251335,3938,1369.8291015625,36,3974,1651.6224365234375,281.7933349609375
Periodic,13,P:Re_100p352251:3938,Re_100p352251,100.352251335,3938,1369.8291015625,37,3975,1659.4500732421875,289.6209716796875
Periodic,13,P:Re_100p352251:3938,Re_100p352251,100.352251335,3938,1369.8291015625,38,3976,1667.2777099609375,297.4486083984375
Periodic,13,P:Re_100p352251:3938,Re_100p352251,100.352251335,3938,1369.8291015625,39,3977,1675.105224609375,305.276123046875
Periodic,13,P:Re_100p352251:3938,Re_100p352251,100.352251335,3938,1369.8291015625,40,3978,1682.932861328125,313.103759765625
Periodic,13,P:Re_100p352251:3938,Re_100p352251,100.352251335,3938,1369.8291015625,41,3979,1690.760498046875,320.931396484375
Periodic,13,P:Re_100p352251:3938,Re_100p352251,100.352251335,3938,1369.8291015625,42,3980,1698.5880126953125,328.7589111328125
Periodic,13,P:Re_100p352251:3938,Re_100p352251,100.352251335,3938,1369.8291015625,43,3981,1706.4156494140625,336.5865478515625
Periodic,13,P:Re_100p352251:3938,Re_100p352251,100.352251335,3938,1369.8291015625,44,3982,1714.2432861328125,344.4141845703125
Periodic,13,P:Re_100p352251:3938,Re_100p352251,100.352251335,3938,1369.8291015625,45,3983,1722.07080078125,352.24169921875
Periodic,13,P:Re_100p352251:3938,Re_100p352251,100.352251335,3938,1369.8291015625,46,3984,1729.8984375,360.0693359375
Periodic,13,P:Re_100p352251:3938,Re_100p352251,100.352251335,3938,1369.8291015625,47,3985,1737.7259521484375,367.8968505859375
Periodic,13,P:Re_100p352251:3938,Re_100p352251,100.352251335,3938,1369.8291015625,48,3986,1745.5535888671875,375.7244873046875
Periodic,14,P:Re_100p352251:3954,Re_100p352251,100.352251335,3954,1495.070556640625,1,3955,1502.898193359375,7.82763671875
Periodic,14,P:Re_100p352251:3954,Re_100p352251,100.352251335,3954,1495.070556640625,2,3956,1510.7257080078125,15.6551513671875
Periodic,14,P:Re_100p352251:3954,Re_100p352251,100.352251335,3954,1495.070556640625,3,3957,1518.5533447265625,23.4827880859375
Periodic,14,P:Re_100p352251:3954,Re_100p352251,100.352251335,3954,1495.070556640625,4,3958,1526.3809814453125,31.3104248046875
Periodic,14,P:Re_100p352251:3954,Re_100p352251,100.352251335,3954,1495.070556640625,5,3959,1534.20849609375,39.137939453125
Periodic,14,P:Re_100p352251:3954,Re_100p352251,100.352251335,3954,1495.070556640625,6,3960,1542.0361328125,46.965576171875
Periodic,14,P:Re_100p352251:3954,Re_100p352251,100.352251335,3954,1495.070556640625,7,3961,1549.86376953125,54.793212890625
Periodic,14,P:Re_100p352251:3954,Re_100p352251,100.352251335,3954,1495.070556640625,8,3962,1557.6912841796875,62.6207275390625
Periodic,14,P:Re_100p352251:3954,Re_100p352251,100.352251335,3954,1495.070556640625,9,3963,1565.5189208984375,70.4483642578125
Periodic,14,P:Re_100p352251:3954,Re_100p352251,100.352251335,3954,1495.070556640625,10,3964,1573.3465576171875,78.2760009765625
Periodic,14,P:Re_100p352251:3954,Re_100p352251,100.352251335,3954,1495.070556640625,11,3965,1581.174072265625,86.103515625
Periodic,14,P:Re_100p352251:3954,Re_100p352251,100.352251335,3954,1495.070556640625,12,3966,1589.001708984375,93.93115234375
Periodic,14,P:Re_100p352251:3954,Re_100p352251,100.352251335,3954,1495.070556640625,13,3967,1596.829345703125,101.7587890625
Periodic,14,P:Re_100p352251:3954,Re_100p352251,100.352251335,3954,1495.070556640625,14,3968,1604.6568603515625,109.5863037109375
Periodic,14,P:Re_100p352251:3954,Re_100p352251,100.352251335,3954,1495.070556640625,15,3969,1612.4844970703125,117.4139404296875
Periodic,14,P:Re_100p352251:3954,Re_100p352251,100.352251335,3954,1495.070556640625,16,3970,1620.3121337890625,125.2415771484375
Periodic,14,P:Re_100p352251:3954,Re_100p352251,100.352251335,3954,1495.070556640625,17,3971,1628.1396484375,133.069091796875
Periodic,14,P:Re_100p352251:3954,Re_100p352251,100.352251335,3954,1495.070556640625,18,3972,1635.96728515625,140.896728515625
Periodic,14,P:Re_100p352251:3954,Re_100p352251,100.352251335,3954,1495.070556640625,19,3973,1643.794921875,148.724365234375
Periodic,14,P:Re_100p352251:3954,Re_100p352251,100.352251335,3954,1495.070556640625,20,3974,1651.6224365234375,156.5518798828125
Periodic,14,P:Re_100p352251:3954,Re_100p352251,100.352251335,3954,1495.070556640625,21,3975,1659.4500732421875,164.3795166015625
Periodic,14,P:Re_100p352251:3954,Re_100p352251,100.352251335,3954,1495.070556640625,22,3976,1667.2777099609375,172.2071533203125
Periodic,14,P:Re_100p352251:3954,Re_100p352251,100.352251335,3954,1495.070556640625,23,3977,1675.105224609375,180.03466796875
Periodic,14,P:Re_100p352251:3954,Re_100p352251,100.352251335,3954,1495.070556640625,24,3978,1682.932861328125,187.8623046875
Periodic,14,P:Re_100p352251:3954,Re_100p352251,100.352251335,3954,1495.070556640625,25,3979,1690.760498046875,195.68994140625
Periodic,14,P:Re_100p352251:3954,Re_100p352251,100.352251335,3954,1495.070556640625,26,3980,1698.5880126953125,203.5174560546875
Periodic,14,P:Re_100p352251:3954,Re_100p352251,100.352251335,3954,1495.070556640625,27,3981,1706.4156494140625,211.3450927734375
Periodic,14,P:Re_100p352251:3954,Re_100p352251,100.352251335,3954,1495.070556640625,28,3982,1714.2432861328125,219.1727294921875
Periodic,14,P:Re_100p352251:3954,Re_100p352251,100.352251335,3954,1495.070556640625,29,3983,1722.07080078125,227.000244140625
Periodic,14,P:Re_100p352251:3954,Re_100p352251,100.352251335,3954,1495.070556640625,30,3984,1729.8984375,234.827880859375
Periodic,14,P:Re_100p352251:3954,Re_100p352251,100.352251335,3954,1495.070556640625,31,3985,1737.7259521484375,242.6553955078125
Periodic,14,P:Re_100p352251:3954,Re_100p352251,100.352251335,3954,1495.070556640625,32,3986,1745.5535888671875,250.4830322265625
Periodic,14,P:Re_100p352251:3954,Re_100p352251,100.352251335,3954,1495.070556640625,33,3987,1753.3812255859375,258.3106689453125
Periodic,14,P:Re_100p352251:3954,Re_100p352251,100.352251335,3954,1495.070556640625,34,3988,1761.208740234375,266.13818359375
Periodic,14,P:Re_100p352251:3954,Re_100p352251,100.352251335,3954,1495.070556640625,35,3989,1769.036376953125,273.9658203125
Periodic,14,P:Re_100p352251:3954,Re_100p352251,100.352251335,3954,1495.070556640625,36,3990,1776.864013671875,281.79345703125
Periodic,14,P:Re_100p352251:3954,Re_100p352251,100.352251335,3954,1495.070556640625,37,3991,1784.6915283203125,289.6209716796875
Periodic,14,P:Re_100p352251:3954,Re_100p352251,100.352251335,3954,1495.070556640625,38,3992,1792.5191650390625,297.4486083984375
Periodic,14,P:Re_100p352251:3954,Re_100p352251,100.352251335,3954,1495.070556640625,39,3993,1800.3468017578125,305.2762451171875
Periodic,14,P:Re_100p352251:3954,Re_100p352251,100.352251335,3954,1495.070556640625,40,3994,1808.17431640625,313.103759765625
Periodic,14,P:Re_100p352251:3954,Re_100p352251,100.352251335,3954,1495.070556640625,41,3995,1816.001953125,320.931396484375
Periodic,14,P:Re_100p352251:3954,Re_100p352251,100.352251335,3954,1495.070556640625,42,3996,1823.82958984375,328.759033203125
Periodic,14,P:Re_100p352251:3954,Re_100p352251,100.352251335,3954,1495.070556640625,43,3997,1831.6571044921875,336.5865478515625
Periodic,14,P:Re_100p352251:3954,Re_100p352251,100.352251335,3954,1495.070556640625,44,3998,1839.4847412109375,344.4141845703125
Periodic,14,P:Re_100p352251:3954,Re_100p352251,100.352251335,3954,1495.070556640625,45,3999,1847.3123779296875,352.2418212890625
Periodic,14,P:Re_100p352251:3954,Re_100p352251,100.352251335,3954,1495.070556640625,46,4000,1855.139892578125,360.0693359375
Periodic,14,P:Re_100p352251:3954,Re_100p352251,100.352251335,3954,1495.070556640625,47,4001,1862.967529296875,367.89697265625
Periodic,14,P:Re_100p352251:3954,Re_100p352251,100.352251335,3954,1495.070556640625,48,4002,1870.795166015625,375.724609375
Periodic,15,P:Re_100p352251:3970,Re_100p352251,100.352251335,3970,1620.3121337890625,1,3971,1628.1396484375,7.8275146484375
Periodic,15,P:Re_100p352251:3970,Re_100p352251,100.352251335,3970,1620.3121337890625,2,3972,1635.96728515625,15.6551513671875
Periodic,15,P:Re_100p352251:3970,Re_100p352251,100.352251335,3970,1620.3121337890625,3,3973,1643.794921875,23.4827880859375
Periodic,15,P:Re_100p352251:3970,Re_100p352251,100.352251335,3970,1620.3121337890625,4,3974,1651.6224365234375,31.310302734375
Periodic,15,P:Re_100p352251:3970,Re_100p352251,100.352251335,3970,1620.3121337890625,5,3975,1659.4500732421875,39.137939453125
Periodic,15,P:Re_100p352251:3970,Re_100p352251,100.352251335,3970,1620.3121337890625,6,3976,1667.2777099609375,46.965576171875
Periodic,15,P:Re_100p352251:3970,Re_100p352251,100.352251335,3970,1620.3121337890625,7,3977,1675.105224609375,54.7930908203125
Periodic,15,P:Re_100p352251:3970,Re_100p352251,100.352251335,3970,1620.3121337890625,8,3978,1682.932861328125,62.6207275390625
Periodic,15,P:Re_100p352251:3970,Re_100p352251,100.352251335,3970,1620.3121337890625,9,3979,1690.760498046875,70.4483642578125
Periodic,15,P:Re_100p352251:3970,Re_100p352251,100.352251335,3970,1620.3121337890625,10,3980,1698.5880126953125,78.27587890625
Periodic,15,P:Re_100p352251:3970,Re_100p352251,100.352251335,3970,1620.3121337890625,11,3981,1706.4156494140625,86.103515625
Periodic,15,P:Re_100p352251:3970,Re_100p352251,100.352251335,3970,1620.3121337890625,12,3982,1714.2432861328125,93.93115234375
Periodic,15,P:Re_100p352251:3970,Re_100p352251,100.352251335,3970,1620.3121337890625,13,3983,1722.07080078125,101.7586669921875
Periodic,15,P:Re_100p352251:3970,Re_100p352251,100.352251335,3970,1620.3121337890625,14,3984,1729.8984375,109.5863037109375
Periodic,15,P:Re_100p352251:3970,Re_100p352251,100.352251335,3970,1620.3121337890625,15,3985,1737.7259521484375,117.413818359375
Periodic,15,P:Re_100p352251:3970,Re_100p352251,100.352251335,3970,1620.3121337890625,16,3986,1745.5535888671875,125.241455078125
Periodic,15,P:Re_100p352251:3970,Re_100p352251,100.352251335,3970,1620.3121337890625,17,3987,1753.3812255859375,133.069091796875
Periodic,15,P:Re_100p352251:3970,Re_100p352251,100.352251335,3970,1620.3121337890625,18,3988,1761.208740234375,140.8966064453125
Periodic,15,P:Re_100p352251:3970,Re_100p352251,100.352251335,3970,1620.3121337890625,19,3989,1769.036376953125,148.7242431640625
Periodic,15,P:Re_100p352251:3970,Re_100p352251,100.352251335,3970,1620.3121337890625,20,3990,1776.864013671875,156.5518798828125
Periodic,15,P:Re_100p352251:3970,Re_100p352251,100.352251335,3970,1620.3121337890625,21,3991,1784.6915283203125,164.37939453125
Periodic,15,P:Re_100p352251:3970,Re_100p352251,100.352251335,3970,1620.3121337890625,22,3992,1792.5191650390625,172.20703125
Periodic,15,P:Re_100p352251:3970,Re_100p352251,100.352251335,3970,1620.3121337890625,23,3993,1800.3468017578125,180.03466796875
Periodic,15,P:Re_100p352251:3970,Re_100p352251,100.352251335,3970,1620.3121337890625,24,3994,1808.17431640625,187.8621826171875
Periodic,15,P:Re_100p352251:3970,Re_100p352251,100.352251335,3970,1620.3121337890625,25,3995,1816.001953125,195.6898193359375
Periodic,15,P:Re_100p352251:3970,Re_100p352251,100.352251335,3970,1620.3121337890625,26,3996,1823.82958984375,203.5174560546875
Periodic,15,P:Re_100p352251:3970,Re_100p352251,100.352251335,3970,1620.3121337890625,27,3997,1831.6571044921875,211.344970703125
Periodic,15,P:Re_100p352251:3970,Re_100p352251,100.352251335,3970,1620.3121337890625,28,3998,1839.4847412109375,219.172607421875
Periodic,15,P:Re_100p352251:3970,Re_100p352251,100.352251335,3970,1620.3121337890625,29,3999,1847.3123779296875,227.000244140625
Periodic,15,P:Re_100p352251:3970,Re_100p352251,100.352251335,3970,1620.3121337890625,30,4000,1855.139892578125,234.8277587890625
Periodic,15,P:Re_100p352251:3970,Re_100p352251,100.352251335,3970,1620.3121337890625,31,4001,1862.967529296875,242.6553955078125
Periodic,15,P:Re_100p352251:3970,Re_100p352251,100.352251335,3970,1620.3121337890625,32,4002,1870.795166015625,250.4830322265625
Periodic,15,P:Re_100p352251:3970,Re_100p352251,100.352251335,3970,1620.3121337890625,33,4003,1878.6226806640625,258.310546875
Periodic,15,P:Re_100p352251:3970,Re_100p352251,100.352251335,3970,1620.3121337890625,34,4004,1886.4503173828125,266.13818359375
Periodic,15,P:Re_100p352251:3970,Re_100p352251,100.352251335,3970,1620.3121337890625,35,4005,1894.2779541015625,273.9658203125
Periodic,15,P:Re_100p352251:3970,Re_100p352251,100.352251335,3970,1620.3121337890625,36,4006,1902.10546875,281.7933349609375
Periodic,15,P:Re_100p352251:3970,Re_100p352251,100.352251335,3970,1620.3121337890625,37,4007,1909.93310546875,289.6209716796875
Periodic,15,P:Re_100p352251:3970,Re_100p352251,100.352251335,3970,1620.3121337890625,38,4008,1917.7607421875,297.4486083984375
Periodic,15,P:Re_100p352251:3970,Re_100p352251,100.352251335,3970,1620.3121337890625,39,4009,1925.5882568359375,305.276123046875
Periodic,15,P:Re_100p352251:3970,Re_100p352251,100.352251335,3970,1620.3121337890625,40,4010,1933.4158935546875,313.103759765625
Periodic,15,P:Re_100p352251:3970,Re_100p352251,100.352251335,3970,1620.3121337890625,41,4011,1941.2435302734375,320.931396484375
Periodic,15,P:Re_100p352251:3970,Re_100p352251,100.352251335,3970,1620.3121337890625,42,4012,1949.071044921875,328.7589111328125
Periodic,15,P:Re_100p352251:3970,Re_100p352251,100.352251335,3970,1620.3121337890625,43,4013,1956.898681640625,336.5865478515625
Periodic,15,P:Re_100p352251:3970,Re_100p352251,100.352251335,3970,1620.3121337890625,44,4014,1964.726318359375,344.4141845703125
Periodic,15,P:Re_100p352251:3970,Re_100p352251,100.352251335,3970,1620.3121337890625,45,4015,1972.5538330078125,352.24169921875
Periodic,15,P:Re_100p352251:3970,Re_100p352251,100.352251335,3970,1620.3121337890625,46,4016,1980.3814697265625,360.0693359375
Periodic,15,P:Re_100p352251:3970,Re_100p352251,100.352251335,3970,1620.3121337890625,47,4017,1988.208984375,367.8968505859375
Periodic,15,P:Re_100p352251:3970,Re_100p352251,100.352251335,3970,1620.3121337890625,48,4018,1996.03662109375,375.7244873046875
Periodic,16,P:Re_149p059229:7258,Re_149p059229,149.059229449,7258,522.1931762695312,1,7259,527.073486328125,4.88031005859375
Periodic,16,P:Re_149p059229:7258,Re_149p059229,149.059229449,7258,522.1931762695312,2,7260,531.9537963867188,9.7606201171875
Periodic,16,P:Re_149p059229:7258,Re_149p059229,149.059229449,7258,522.1931762695312,3,7261,536.8341064453125,14.64093017578125
Periodic,16,P:Re_149p059229:7258,Re_149p059229,149.059229449,7258,522.1931762695312,4,7262,541.7144165039062,19.521240234375
Periodic,16,P:Re_149p059229:7258,Re_149p059229,149.059229449,7258,522.1931762695312,5,7263,546.5947265625,24.40155029296875
Periodic,16,P:Re_149p059229:7258,Re_149p059229,149.059229449,7258,522.1931762695312,6,7264,551.4750366210938,29.2818603515625
Periodic,16,P:Re_149p059229:7258,Re_149p059229,149.059229449,7258,522.1931762695312,7,7265,556.3553466796875,34.16217041015625
Periodic,16,P:Re_149p059229:7258,Re_149p059229,149.059229449,7258,522.1931762695312,8,7266,561.2356567382812,39.04248046875
Periodic,16,P:Re_149p059229:7258,Re_149p059229,149.059229449,7258,522.1931762695312,9,7267,566.115966796875,43.92279052734375
Periodic,16,P:Re_149p059229:7258,Re_149p059229,149.059229449,7258,522.1931762695312,10,7268,570.9962768554688,48.8031005859375
Periodic,16,P:Re_149p059229:7258,Re_149p059229,149.059229449,7258,522.1931762695312,11,7269,575.8765869140625,53.68341064453125
Periodic,16,P:Re_149p059229:7258,Re_149p059229,149.059229449,7258,522.1931762695312,12,7270,580.7568969726562,58.563720703125
Periodic,16,P:Re_149p059229:7258,Re_149p059229,149.059229449,7258,522.1931762695312,13,7271,585.63720703125,63.44403076171875
Periodic,16,P:Re_149p059229:7258,Re_149p059229,149.059229449,7258,522.1931762695312,14,7272,590.5175170898438,68.3243408203125
Periodic,16,P:Re_149p059229:7258,Re_149p059229,149.059229449,7258,522.1931762695312,15,7273,595.3978271484375,73.20465087890625
Periodic,16,P:Re_149p059229:7258,Re_149p059229,149.059229449,7258,522.1931762695312,16,7274,600.2781372070312,78.0849609375
Periodic,16,P:Re_149p059229:7258,Re_149p059229,149.059229449,7258,522.1931762695312,17,7275,605.158447265625,82.96527099609375
Periodic,16,P:Re_149p059229:7258,Re_149p059229,149.059229449,7258,522.1931762695312,18,7276,610.0387573242188,87.8455810546875
Periodic,16,P:Re_149p059229:7258,Re_149p059229,149.059229449,7258,522.1931762695312,19,7277,614.9190673828125,92.72589111328125
Periodic,16,P:Re_149p059229:7258,Re_149p059229,149.059229449,7258,522.1931762695312,20,7278,619.7993774414062,97.606201171875
Periodic,16,P:Re_149p059229:7258,Re_149p059229,149.059229449,7258,522.1931762695312,21,7279,624.6796875,102.48651123046875
Periodic,16,P:Re_149p059229:7258,Re_149p059229,149.059229449,7258,522.1931762695312,22,7280,629.5599975585938,107.3668212890625
Periodic,16,P:Re_149p059229:7258,Re_149p059229,149.059229449,7258,522.1931762695312,23,7281,634.4403076171875,112.24713134765625
Periodic,16,P:Re_149p059229:7258,Re_149p059229,149.059229449,7258,522.1931762695312,24,7282,639.3206176757812,117.12744140625
Periodic,16,P:Re_149p059229:7258,Re_149p059229,149.059229449,7258,522.1931762695312,25,7283,644.200927734375,122.00775146484375
Periodic,16,P:Re_149p059229:7258,Re_149p059229,149.059229449,7258,522.1931762695312,26,7284,649.0812377929688,126.8880615234375
Periodic,16,P:Re_149p059229:7258,Re_149p059229,149.059229449,7258,522.1931762695312,27,7285,653.9615478515625,131.76837158203125
Periodic,16,P:Re_149p059229:7258,Re_149p059229,149.059229449,7258,522.1931762695312,28,7286,658.8418579101562,136.648681640625
Periodic,16,P:Re_149p059229:7258,Re_149p059229,149.059229449,7258,522.1931762695312,29,7287,663.72216796875,141.52899169921875
Periodic,16,P:Re_149p059229:7258,Re_149p059229,149.059229449,7258,522.1931762695312,30,7288,668.6024780273438,146.4093017578125
Periodic,16,P:Re_149p059229:7258,Re_149p059229,149.059229449,7258,522.1931762695312,31,7289,673.4827880859375,151.28961181640625
Periodic,16,P:Re_149p059229:7258,Re_149p059229,149.059229449,7258,522.1931762695312,32,7290,678.3630981445312,156.169921875
Periodic,16,P:Re_149p059229:7258,Re_149p059229,149.059229449,7258,522.1931762695312,33,7291,683.243408203125,161.05023193359375
Periodic,16,P:Re_149p059229:7258,Re_149p059229,149.059229449,7258,522.1931762695312,34,7292,688.1237182617188,165.9305419921875
Periodic,16,P:Re_149p059229:7258,Re_149p059229,149.059229449,7258,522.1931762695312,35,7293,693.0040283203125,170.81085205078125
Periodic,16,P:Re_149p059229:7258,Re_149p059229,149.059229449,7258,522.1931762695312,36,7294,697.8843383789062,175.691162109375
Periodic,16,P:Re_149p059229:7258,Re_149p059229,149.059229449,7258,522.1931762695312,37,7295,702.7646484375,180.57147216796875
Periodic,16,P:Re_149p059229:7258,Re_149p059229,149.059229449,7258,522.1931762695312,38,7296,707.6449584960938,185.4517822265625
Periodic,16,P:Re_149p059229:7258,Re_149p059229,149.059229449,7258,522.1931762695312,39,7297,712.5252685546875,190.33209228515625
Periodic,16,P:Re_149p059229:7258,Re_149p059229,149.059229449,7258,522.1931762695312,40,7298,717.4055786132812,195.21240234375
Periodic,16,P:Re_149p059229:7258,Re_149p059229,149.059229449,7258,522.1931762695312,41,7299,722.285888671875,200.09271240234375
Periodic,16,P:Re_149p059229:7258,Re_149p059229,149.059229449,7258,522.1931762695312,42,7300,727.1661987304688,204.9730224609375
Periodic,16,P:Re_149p059229:7258,Re_149p059229,149.059229449,7258,522.1931762695312,43,7301,732.0465087890625,209.85333251953125
Periodic,16,P:Re_149p059229:7258,Re_149p059229,149.059229449,7258,522.1931762695312,44,7302,736.9268188476562,214.733642578125
Periodic,16,P:Re_149p059229:7258,Re_149p059229,149.059229449,7258,522.1931762695312,45,7303,741.80712890625,219.61395263671875
Periodic,16,P:Re_149p059229:7258,Re_149p059229,149.059229449,7258,522.1931762695312,46,7304,746.6874389648438,224.4942626953125
Periodic,16,P:Re_149p059229:7258,Re_149p059229,149.059229449,7258,522.1931762695312,47,7305,751.5677490234375,229.37457275390625
Periodic,16,P:Re_149p059229:7258,Re_149p059229,149.059229449,7258,522.1931762695312,48,7306,756.4480590820312,234.2548828125
Periodic,17,P:Re_149p059229:7266,Re_149p059229,149.059229449,7266,561.2356567382812,1,7267,566.115966796875,4.88031005859375
Periodic,17,P:Re_149p059229:7266,Re_149p059229,149.059229449,7266,561.2356567382812,2,7268,570.9962768554688,9.7606201171875
Periodic,17,P:Re_149p059229:7266,Re_149p059229,149.059229449,7266,561.2356567382812,3,7269,575.8765869140625,14.64093017578125
Periodic,17,P:Re_149p059229:7266,Re_149p059229,149.059229449,7266,561.2356567382812,4,7270,580.7568969726562,19.521240234375
Periodic,17,P:Re_149p059229:7266,Re_149p059229,149.059229449,7266,561.2356567382812,5,7271,585.63720703125,24.40155029296875
Periodic,17,P:Re_149p059229:7266,Re_149p059229,149.059229449,7266,561.2356567382812,6,7272,590.5175170898438,29.2818603515625
Periodic,17,P:Re_149p059229:7266,Re_149p059229,149.059229449,7266,561.2356567382812,7,7273,595.3978271484375,34.16217041015625
Periodic,17,P:Re_149p059229:7266,Re_149p059229,149.059229449,7266,561.2356567382812,8,7274,600.2781372070312,39.04248046875
Periodic,17,P:Re_149p059229:7266,Re_149p059229,149.059229449,7266,561.2356567382812,9,7275,605.158447265625,43.92279052734375
Periodic,17,P:Re_149p059229:7266,Re_149p059229,149.059229449,7266,561.2356567382812,10,7276,610.0387573242188,48.8031005859375
Periodic,17,P:Re_149p059229:7266,Re_149p059229,149.059229449,7266,561.2356567382812,11,7277,614.9190673828125,53.68341064453125
Periodic,17,P:Re_149p059229:7266,Re_149p059229,149.059229449,7266,561.2356567382812,12,7278,619.7993774414062,58.563720703125
Periodic,17,P:Re_149p059229:7266,Re_149p059229,149.059229449,7266,561.2356567382812,13,7279,624.6796875,63.44403076171875
Periodic,17,P:Re_149p059229:7266,Re_149p059229,149.059229449,7266,561.2356567382812,14,7280,629.5599975585938,68.3243408203125
Periodic,17,P:Re_149p059229:7266,Re_149p059229,149.059229449,7266,561.2356567382812,15,7281,634.4403076171875,73.20465087890625
Periodic,17,P:Re_149p059229:7266,Re_149p059229,149.059229449,7266,561.2356567382812,16,7282,639.3206176757812,78.0849609375
Periodic,17,P:Re_149p059229:7266,Re_149p059229,149.059229449,7266,561.2356567382812,17,7283,644.200927734375,82.96527099609375
Periodic,17,P:Re_149p059229:7266,Re_149p059229,149.059229449,7266,561.2356567382812,18,7284,649.0812377929688,87.8455810546875
Periodic,17,P:Re_149p059229:7266,Re_149p059229,149.059229449,7266,561.2356567382812,19,7285,653.9615478515625,92.72589111328125
Periodic,17,P:Re_149p059229:7266,Re_149p059229,149.059229449,7266,561.2356567382812,20,7286,658.8418579101562,97.606201171875
Periodic,17,P:Re_149p059229:7266,Re_149p059229,149.059229449,7266,561.2356567382812,21,7287,663.72216796875,102.48651123046875
Periodic,17,P:Re_149p059229:7266,Re_149p059229,149.059229449,7266,561.2356567382812,22,7288,668.6024780273438,107.3668212890625
Periodic,17,P:Re_149p059229:7266,Re_149p059229,149.059229449,7266,561.2356567382812,23,7289,673.4827880859375,112.24713134765625
Periodic,17,P:Re_149p059229:7266,Re_149p059229,149.059229449,7266,561.2356567382812,24,7290,678.3630981445312,117.12744140625
Periodic,17,P:Re_149p059229:7266,Re_149p059229,149.059229449,7266,561.2356567382812,25,7291,683.243408203125,122.00775146484375
Periodic,17,P:Re_149p059229:7266,Re_149p059229,149.059229449,7266,561.2356567382812,26,7292,688.1237182617188,126.8880615234375
Periodic,17,P:Re_149p059229:7266,Re_149p059229,149.059229449,7266,561.2356567382812,27,7293,693.0040283203125,131.76837158203125
Periodic,17,P:Re_149p059229:7266,Re_149p059229,149.059229449,7266,561.2356567382812,28,7294,697.8843383789062,136.648681640625
Periodic,17,P:Re_149p059229:7266,Re_149p059229,149.059229449,7266,561.2356567382812,29,7295,702.7646484375,141.52899169921875
Periodic,17,P:Re_149p059229:7266,Re_149p059229,149.059229449,7266,561.2356567382812,30,7296,707.6449584960938,146.4093017578125
Periodic,17,P:Re_149p059229:7266,Re_149p059229,149.059229449,7266,561.2356567382812,31,7297,712.5252685546875,151.28961181640625
Periodic,17,P:Re_149p059229:7266,Re_149p059229,149.059229449,7266,561.2356567382812,32,7298,717.4055786132812,156.169921875
Periodic,17,P:Re_149p059229:7266,Re_149p059229,149.059229449,7266,561.2356567382812,33,7299,722.285888671875,161.05023193359375
Periodic,17,P:Re_149p059229:7266,Re_149p059229,149.059229449,7266,561.2356567382812,34,7300,727.1661987304688,165.9305419921875
Periodic,17,P:Re_149p059229:7266,Re_149p059229,149.059229449,7266,561.2356567382812,35,7301,732.0465087890625,170.81085205078125
Periodic,17,P:Re_149p059229:7266,Re_149p059229,149.059229449,7266,561.2356567382812,36,7302,736.9268188476562,175.691162109375
Periodic,17,P:Re_149p059229:7266,Re_149p059229,149.059229449,7266,561.2356567382812,37,7303,741.80712890625,180.57147216796875
Periodic,17,P:Re_149p059229:7266,Re_149p059229,149.059229449,7266,561.2356567382812,38,7304,746.6874389648438,185.4517822265625
Periodic,17,P:Re_149p059229:7266,Re_149p059229,149.059229449,7266,561.2356567382812,39,7305,751.5677490234375,190.33209228515625
Periodic,17,P:Re_149p059229:7266,Re_149p059229,149.059229449,7266,561.2356567382812,40,7306,756.4480590820312,195.21240234375
Periodic,17,P:Re_149p059229:7266,Re_149p059229,149.059229449,7266,561.2356567382812,41,7307,761.328369140625,200.09271240234375
Periodic,17,P:Re_149p059229:7266,Re_149p059229,149.059229449,7266,561.2356567382812,42,7308,766.2086791992188,204.9730224609375
Periodic,17,P:Re_149p059229:7266,Re_149p059229,149.059229449,7266,561.2356567382812,43,7309,771.0889892578125,209.85333251953125
Periodic,17,P:Re_149p059229:7266,Re_149p059229,149.059229449,7266,561.2356567382812,44,7310,775.9692993164062,214.733642578125
Periodic,17,P:Re_149p059229:7266,Re_149p059229,149.059229449,7266,561.2356567382812,45,7311,780.849609375,219.61395263671875
Periodic,17,P:Re_149p059229:7266,Re_149p059229,149.059229449,7266,561.2356567382812,46,7312,785.7299194335938,224.4942626953125
Periodic,17,P:Re_149p059229:7266,Re_149p059229,149.059229449,7266,561.2356567382812,47,7313,790.6102294921875,229.37457275390625
Periodic,17,P:Re_149p059229:7266,Re_149p059229,149.059229449,7266,561.2356567382812,48,7314,795.4905395507812,234.2548828125
Periodic,18,P:Re_149p059229:7282,Re_149p059229,149.059229449,7282,639.3206176757812,1,7283,644.200927734375,4.88031005859375
Periodic,18,P:Re_149p059229:7282,Re_149p059229,149.059229449,7282,639.3206176757812,2,7284,649.0812377929688,9.7606201171875
Periodic,18,P:Re_149p059229:7282,Re_149p059229,149.059229449,7282,639.3206176757812,3,7285,653.9615478515625,14.64093017578125
Periodic,18,P:Re_149p059229:7282,Re_149p059229,149.059229449,7282,639.3206176757812,4,7286,658.8418579101562,19.521240234375
Periodic,18,P:Re_149p059229:7282,Re_149p059229,149.059229449,7282,639.3206176757812,5,7287,663.72216796875,24.40155029296875
Periodic,18,P:Re_149p059229:7282,Re_149p059229,149.059229449,7282,639.3206176757812,6,7288,668.6024780273438,29.2818603515625
Periodic,18,P:Re_149p059229:7282,Re_149p059229,149.059229449,7282,639.3206176757812,7,7289,673.4827880859375,34.16217041015625
Periodic,18,P:Re_149p059229:7282,Re_149p059229,149.059229449,7282,639.3206176757812,8,7290,678.3630981445312,39.04248046875
Periodic,18,P:Re_149p059229:7282,Re_149p059229,149.059229449,7282,639.3206176757812,9,7291,683.243408203125,43.92279052734375
Periodic,18,P:Re_149p059229:7282,Re_149p059229,149.059229449,7282,639.3206176757812,10,7292,688.1237182617188,48.8031005859375
Periodic,18,P:Re_149p059229:7282,Re_149p059229,149.059229449,7282,639.3206176757812,11,7293,693.0040283203125,53.68341064453125
Periodic,18,P:Re_149p059229:7282,Re_149p059229,149.059229449,7282,639.3206176757812,12,7294,697.8843383789062,58.563720703125
Periodic,18,P:Re_149p059229:7282,Re_149p059229,149.059229449,7282,639.3206176757812,13,7295,702.7646484375,63.44403076171875
Periodic,18,P:Re_149p059229:7282,Re_149p059229,149.059229449,7282,639.3206176757812,14,7296,707.6449584960938,68.3243408203125
Periodic,18,P:Re_149p059229:7282,Re_149p059229,149.059229449,7282,639.3206176757812,15,7297,712.5252685546875,73.20465087890625
Periodic,18,P:Re_149p059229:7282,Re_149p059229,149.059229449,7282,639.3206176757812,16,7298,717.4055786132812,78.0849609375
Periodic,18,P:Re_149p059229:7282,Re_149p059229,149.059229449,7282,639.3206176757812,17,7299,722.285888671875,82.96527099609375
Periodic,18,P:Re_149p059229:7282,Re_149p059229,149.059229449,7282,639.3206176757812,18,7300,727.1661987304688,87.8455810546875
Periodic,18,P:Re_149p059229:7282,Re_149p059229,149.059229449,7282,639.3206176757812,19,7301,732.0465087890625,92.72589111328125
Periodic,18,P:Re_149p059229:7282,Re_149p059229,149.059229449,7282,639.3206176757812,20,7302,736.9268188476562,97.606201171875
Periodic,18,P:Re_149p059229:7282,Re_149p059229,149.059229449,7282,639.3206176757812,21,7303,741.80712890625,102.48651123046875
Periodic,18,P:Re_149p059229:7282,Re_149p059229,149.059229449,7282,639.3206176757812,22,7304,746.6874389648438,107.3668212890625
Periodic,18,P:Re_149p059229:7282,Re_149p059229,149.059229449,7282,639.3206176757812,23,7305,751.5677490234375,112.24713134765625
Periodic,18,P:Re_149p059229:7282,Re_149p059229,149.059229449,7282,639.3206176757812,24,7306,756.4480590820312,117.12744140625
Periodic,18,P:Re_149p059229:7282,Re_149p059229,149.059229449,7282,639.3206176757812,25,7307,761.328369140625,122.00775146484375
Periodic,18,P:Re_149p059229:7282,Re_149p059229,149.059229449,7282,639.3206176757812,26,7308,766.2086791992188,126.8880615234375
Periodic,18,P:Re_149p059229:7282,Re_149p059229,149.059229449,7282,639.3206176757812,27,7309,771.0889892578125,131.76837158203125
Periodic,18,P:Re_149p059229:7282,Re_149p059229,149.059229449,7282,639.3206176757812,28,7310,775.9692993164062,136.648681640625
Periodic,18,P:Re_149p059229:7282,Re_149p059229,149.059229449,7282,639.3206176757812,29,7311,780.849609375,141.52899169921875
Periodic,18,P:Re_149p059229:7282,Re_149p059229,149.059229449,7282,639.3206176757812,30,7312,785.7299194335938,146.4093017578125
Periodic,18,P:Re_149p059229:7282,Re_149p059229,149.059229449,7282,639.3206176757812,31,7313,790.6102294921875,151.28961181640625
Periodic,18,P:Re_149p059229:7282,Re_149p059229,149.059229449,7282,639.3206176757812,32,7314,795.4905395507812,156.169921875
Periodic,18,P:Re_149p059229:7282,Re_149p059229,149.059229449,7282,639.3206176757812,33,7315,800.370849609375,161.05023193359375
Periodic,18,P:Re_149p059229:7282,Re_149p059229,149.059229449,7282,639.3206176757812,34,7316,805.2511596679688,165.9305419921875
Periodic,18,P:Re_149p059229:7282,Re_149p059229,149.059229449,7282,639.3206176757812,35,7317,810.1314697265625,170.81085205078125
Periodic,18,P:Re_149p059229:7282,Re_149p059229,149.059229449,7282,639.3206176757812,36,7318,815.0117797851562,175.691162109375
Periodic,18,P:Re_149p059229:7282,Re_149p059229,149.059229449,7282,639.3206176757812,37,7319,819.89208984375,180.57147216796875
Periodic,18,P:Re_149p059229:7282,Re_149p059229,149.059229449,7282,639.3206176757812,38,7320,824.7723999023438,185.4517822265625
Periodic,18,P:Re_149p059229:7282,Re_149p059229,149.059229449,7282,639.3206176757812,39,7321,829.6527099609375,190.33209228515625
Periodic,18,P:Re_149p059229:7282,Re_149p059229,149.059229449,7282,639.3206176757812,40,7322,834.5330200195312,195.21240234375
Periodic,18,P:Re_149p059229:7282,Re_149p059229,149.059229449,7282,639.3206176757812,41,7323,839.413330078125,200.09271240234375
Periodic,18,P:Re_149p059229:7282,Re_149p059229,149.059229449,7282,639.3206176757812,42,7324,844.2936401367188,204.9730224609375
Periodic,18,P:Re_149p059229:7282,Re_149p059229,149.059229449,7282,639.3206176757812,43,7325,849.1739501953125,209.85333251953125
Periodic,18,P:Re_149p059229:7282,Re_149p059229,149.059229449,7282,639.3206176757812,44,7326,854.0542602539062,214.733642578125
Periodic,18,P:Re_149p059229:7282,Re_149p059229,149.059229449,7282,639.3206176757812,45,7327,858.9345703125,219.61395263671875
Periodic,18,P:Re_149p059229:7282,Re_149p059229,149.059229449,7282,639.3206176757812,46,7328,863.8148803710938,224.4942626953125
Periodic,18,P:Re_149p059229:7282,Re_149p059229,149.059229449,7282,639.3206176757812,47,7329,868.6951904296875,229.37457275390625
Periodic,18,P:Re_149p059229:7282,Re_149p059229,149.059229449,7282,639.3206176757812,48,7330,873.5755004882812,234.2548828125
Periodic,19,P:Re_149p059229:7298,Re_149p059229,149.059229449,7298,717.4055786132812,1,7299,722.285888671875,4.88031005859375
Periodic,19,P:Re_149p059229:7298,Re_149p059229,149.059229449,7298,717.4055786132812,2,7300,727.1661987304688,9.7606201171875
Periodic,19,P:Re_149p059229:7298,Re_149p059229,149.059229449,7298,717.4055786132812,3,7301,732.0465087890625,14.64093017578125
Periodic,19,P:Re_149p059229:7298,Re_149p059229,149.059229449,7298,717.4055786132812,4,7302,736.9268188476562,19.521240234375
Periodic,19,P:Re_149p059229:7298,Re_149p059229,149.059229449,7298,717.4055786132812,5,7303,741.80712890625,24.40155029296875
Periodic,19,P:Re_149p059229:7298,Re_149p059229,149.059229449,7298,717.4055786132812,6,7304,746.6874389648438,29.2818603515625
Periodic,19,P:Re_149p059229:7298,Re_149p059229,149.059229449,7298,717.4055786132812,7,7305,751.5677490234375,34.16217041015625
Periodic,19,P:Re_149p059229:7298,Re_149p059229,149.059229449,7298,717.4055786132812,8,7306,756.4480590820312,39.04248046875
Periodic,19,P:Re_149p059229:7298,Re_149p059229,149.059229449,7298,717.4055786132812,9,7307,761.328369140625,43.92279052734375
Periodic,19,P:Re_149p059229:7298,Re_149p059229,149.059229449,7298,717.4055786132812,10,7308,766.2086791992188,48.8031005859375
Periodic,19,P:Re_149p059229:7298,Re_149p059229,149.059229449,7298,717.4055786132812,11,7309,771.0889892578125,53.68341064453125
Periodic,19,P:Re_149p059229:7298,Re_149p059229,149.059229449,7298,717.4055786132812,12,7310,775.9692993164062,58.563720703125
Periodic,19,P:Re_149p059229:7298,Re_149p059229,149.059229449,7298,717.4055786132812,13,7311,780.849609375,63.44403076171875
Periodic,19,P:Re_149p059229:7298,Re_149p059229,149.059229449,7298,717.4055786132812,14,7312,785.7299194335938,68.3243408203125
Periodic,19,P:Re_149p059229:7298,Re_149p059229,149.059229449,7298,717.4055786132812,15,7313,790.6102294921875,73.20465087890625
Periodic,19,P:Re_149p059229:7298,Re_149p059229,149.059229449,7298,717.4055786132812,16,7314,795.4905395507812,78.0849609375
Periodic,19,P:Re_149p059229:7298,Re_149p059229,149.059229449,7298,717.4055786132812,17,7315,800.370849609375,82.96527099609375
Periodic,19,P:Re_149p059229:7298,Re_149p059229,149.059229449,7298,717.4055786132812,18,7316,805.2511596679688,87.8455810546875
Periodic,19,P:Re_149p059229:7298,Re_149p059229,149.059229449,7298,717.4055786132812,19,7317,810.1314697265625,92.72589111328125
Periodic,19,P:Re_149p059229:7298,Re_149p059229,149.059229449,7298,717.4055786132812,20,7318,815.0117797851562,97.606201171875
Periodic,19,P:Re_149p059229:7298,Re_149p059229,149.059229449,7298,717.4055786132812,21,7319,819.89208984375,102.48651123046875
Periodic,19,P:Re_149p059229:7298,Re_149p059229,149.059229449,7298,717.4055786132812,22,7320,824.7723999023438,107.3668212890625
Periodic,19,P:Re_149p059229:7298,Re_149p059229,149.059229449,7298,717.4055786132812,23,7321,829.6527099609375,112.24713134765625
Periodic,19,P:Re_149p059229:7298,Re_149p059229,149.059229449,7298,717.4055786132812,24,7322,834.5330200195312,117.12744140625
Periodic,19,P:Re_149p059229:7298,Re_149p059229,149.059229449,7298,717.4055786132812,25,7323,839.413330078125,122.00775146484375
Periodic,19,P:Re_149p059229:7298,Re_149p059229,149.059229449,7298,717.4055786132812,26,7324,844.2936401367188,126.8880615234375
Periodic,19,P:Re_149p059229:7298,Re_149p059229,149.059229449,7298,717.4055786132812,27,7325,849.1739501953125,131.76837158203125
Periodic,19,P:Re_149p059229:7298,Re_149p059229,149.059229449,7298,717.4055786132812,28,7326,854.0542602539062,136.648681640625
Periodic,19,P:Re_149p059229:7298,Re_149p059229,149.059229449,7298,717.4055786132812,29,7327,858.9345703125,141.52899169921875
Periodic,19,P:Re_149p059229:7298,Re_149p059229,149.059229449,7298,717.4055786132812,30,7328,863.8148803710938,146.4093017578125
Periodic,19,P:Re_149p059229:7298,Re_149p059229,149.059229449,7298,717.4055786132812,31,7329,868.6951904296875,151.28961181640625
Periodic,19,P:Re_149p059229:7298,Re_149p059229,149.059229449,7298,717.4055786132812,32,7330,873.5755004882812,156.169921875
Periodic,19,P:Re_149p059229:7298,Re_149p059229,149.059229449,7298,717.4055786132812,33,7331,878.455810546875,161.05023193359375
Periodic,19,P:Re_149p059229:7298,Re_149p059229,149.059229449,7298,717.4055786132812,34,7332,883.3361206054688,165.9305419921875
Periodic,19,P:Re_149p059229:7298,Re_149p059229,149.059229449,7298,717.4055786132812,35,7333,888.2164306640625,170.81085205078125
Periodic,19,P:Re_149p059229:7298,Re_149p059229,149.059229449,7298,717.4055786132812,36,7334,893.0967407226562,175.691162109375
Periodic,19,P:Re_149p059229:7298,Re_149p059229,149.059229449,7298,717.4055786132812,37,7335,897.97705078125,180.57147216796875
Periodic,19,P:Re_149p059229:7298,Re_149p059229,149.059229449,7298,717.4055786132812,38,7336,902.8573608398438,185.4517822265625
Periodic,19,P:Re_149p059229:7298,Re_149p059229,149.059229449,7298,717.4055786132812,39,7337,907.7376708984375,190.33209228515625
Periodic,19,P:Re_149p059229:7298,Re_149p059229,149.059229449,7298,717.4055786132812,40,7338,912.6179809570312,195.21240234375
Periodic,19,P:Re_149p059229:7298,Re_149p059229,149.059229449,7298,717.4055786132812,41,7339,917.498291015625,200.09271240234375
Periodic,19,P:Re_149p059229:7298,Re_149p059229,149.059229449,7298,717.4055786132812,42,7340,922.3786010742188,204.9730224609375
Periodic,19,P:Re_149p059229:7298,Re_149p059229,149.059229449,7298,717.4055786132812,43,7341,927.2589111328125,209.85333251953125
Periodic,19,P:Re_149p059229:7298,Re_149p059229,149.059229449,7298,717.4055786132812,44,7342,932.1392211914062,214.733642578125
Periodic,19,P:Re_149p059229:7298,Re_149p059229,149.059229449,7298,717.4055786132812,45,7343,937.01953125,219.61395263671875
Periodic,19,P:Re_149p059229:7298,Re_149p059229,149.059229449,7298,717.4055786132812,46,7344,941.8998413085938,224.4942626953125
Periodic,19,P:Re_149p059229:7298,Re_149p059229,149.059229449,7298,717.4055786132812,47,7345,946.7801513671875,229.37457275390625
Periodic,19,P:Re_149p059229:7298,Re_149p059229,149.059229449,7298,717.4055786132812,48,7346,951.6604614257812,234.2548828125
Periodic,20,P:Re_149p059229:7306,Re_149p059229,149.059229449,7306,756.4480590820312,1,7307,761.328369140625,4.88031005859375
Periodic,20,P:Re_149p059229:7306,Re_149p059229,149.059229449,7306,756.4480590820312,2,7308,766.2086791992188,9.7606201171875
Periodic,20,P:Re_149p059229:7306,Re_149p059229,149.059229449,7306,756.4480590820312,3,7309,771.0889892578125,14.64093017578125
Periodic,20,P:Re_149p059229:7306,Re_149p059229,149.059229449,7306,756.4480590820312,4,7310,775.9692993164062,19.521240234375
Periodic,20,P:Re_149p059229:7306,Re_149p059229,149.059229449,7306,756.4480590820312,5,7311,780.849609375,24.40155029296875
Periodic,20,P:Re_149p059229:7306,Re_149p059229,149.059229449,7306,756.4480590820312,6,7312,785.7299194335938,29.2818603515625
Periodic,20,P:Re_149p059229:7306,Re_149p059229,149.059229449,7306,756.4480590820312,7,7313,790.6102294921875,34.16217041015625
Periodic,20,P:Re_149p059229:7306,Re_149p059229,149.059229449,7306,756.4480590820312,8,7314,795.4905395507812,39.04248046875
Periodic,20,P:Re_149p059229:7306,Re_149p059229,149.059229449,7306,756.4480590820312,9,7315,800.370849609375,43.92279052734375
Periodic,20,P:Re_149p059229:7306,Re_149p059229,149.059229449,7306,756.4480590820312,10,7316,805.2511596679688,48.8031005859375
Periodic,20,P:Re_149p059229:7306,Re_149p059229,149.059229449,7306,756.4480590820312,11,7317,810.1314697265625,53.68341064453125
Periodic,20,P:Re_149p059229:7306,Re_149p059229,149.059229449,7306,756.4480590820312,12,7318,815.0117797851562,58.563720703125
Periodic,20,P:Re_149p059229:7306,Re_149p059229,149.059229449,7306,756.4480590820312,13,7319,819.89208984375,63.44403076171875
Periodic,20,P:Re_149p059229:7306,Re_149p059229,149.059229449,7306,756.4480590820312,14,7320,824.7723999023438,68.3243408203125
Periodic,20,P:Re_149p059229:7306,Re_149p059229,149.059229449,7306,756.4480590820312,15,7321,829.6527099609375,73.20465087890625
Periodic,20,P:Re_149p059229:7306,Re_149p059229,149.059229449,7306,756.4480590820312,16,7322,834.5330200195312,78.0849609375
Periodic,20,P:Re_149p059229:7306,Re_149p059229,149.059229449,7306,756.4480590820312,17,7323,839.413330078125,82.96527099609375
Periodic,20,P:Re_149p059229:7306,Re_149p059229,149.059229449,7306,756.4480590820312,18,7324,844.2936401367188,87.8455810546875
Periodic,20,P:Re_149p059229:7306,Re_149p059229,149.059229449,7306,756.4480590820312,19,7325,849.1739501953125,92.72589111328125
Periodic,20,P:Re_149p059229:7306,Re_149p059229,149.059229449,7306,756.4480590820312,20,7326,854.0542602539062,97.606201171875
Periodic,20,P:Re_149p059229:7306,Re_149p059229,149.059229449,7306,756.4480590820312,21,7327,858.9345703125,102.48651123046875
Periodic,20,P:Re_149p059229:7306,Re_149p059229,149.059229449,7306,756.4480590820312,22,7328,863.8148803710938,107.3668212890625
Periodic,20,P:Re_149p059229:7306,Re_149p059229,149.059229449,7306,756.4480590820312,23,7329,868.6951904296875,112.24713134765625
Periodic,20,P:Re_149p059229:7306,Re_149p059229,149.059229449,7306,756.4480590820312,24,7330,873.5755004882812,117.12744140625
Periodic,20,P:Re_149p059229:7306,Re_149p059229,149.059229449,7306,756.4480590820312,25,7331,878.455810546875,122.00775146484375
Periodic,20,P:Re_149p059229:7306,Re_149p059229,149.059229449,7306,756.4480590820312,26,7332,883.3361206054688,126.8880615234375
Periodic,20,P:Re_149p059229:7306,Re_149p059229,149.059229449,7306,756.4480590820312,27,7333,888.2164306640625,131.76837158203125
Periodic,20,P:Re_149p059229:7306,Re_149p059229,149.059229449,7306,756.4480590820312,28,7334,893.0967407226562,136.648681640625
Periodic,20,P:Re_149p059229:7306,Re_149p059229,149.059229449,7306,756.4480590820312,29,7335,897.97705078125,141.52899169921875
Periodic,20,P:Re_149p059229:7306,Re_149p059229,149.059229449,7306,756.4480590820312,30,7336,902.8573608398438,146.4093017578125
Periodic,20,P:Re_149p059229:7306,Re_149p059229,149.059229449,7306,756.4480590820312,31,7337,907.7376708984375,151.28961181640625
Periodic,20,P:Re_149p059229:7306,Re_149p059229,149.059229449,7306,756.4480590820312,32,7338,912.6179809570312,156.169921875
Periodic,20,P:Re_149p059229:7306,Re_149p059229,149.059229449,7306,756.4480590820312,33,7339,917.498291015625,161.05023193359375
Periodic,20,P:Re_149p059229:7306,Re_149p059229,149.059229449,7306,756.4480590820312,34,7340,922.3786010742188,165.9305419921875
Periodic,20,P:Re_149p059229:7306,Re_149p059229,149.059229449,7306,756.4480590820312,35,7341,927.2589111328125,170.81085205078125
Periodic,20,P:Re_149p059229:7306,Re_149p059229,149.059229449,7306,756.4480590820312,36,7342,932.1392211914062,175.691162109375
Periodic,20,P:Re_149p059229:7306,Re_149p059229,149.059229449,7306,756.4480590820312,37,7343,937.01953125,180.57147216796875
Periodic,20,P:Re_149p059229:7306,Re_149p059229,149.059229449,7306,756.4480590820312,38,7344,941.8998413085938,185.4517822265625
Periodic,20,P:Re_149p059229:7306,Re_149p059229,149.059229449,7306,756.4480590820312,39,7345,946.7801513671875,190.33209228515625
Periodic,20,P:Re_149p059229:7306,Re_149p059229,149.059229449,7306,756.4480590820312,40,7346,951.6604614257812,195.21240234375
Periodic,20,P:Re_149p059229:7306,Re_149p059229,149.059229449,7306,756.4480590820312,41,7347,956.540771484375,200.09271240234375
Periodic,20,P:Re_149p059229:7306,Re_149p059229,149.059229449,7306,756.4480590820312,42,7348,961.4210815429688,204.9730224609375
Periodic,20,P:Re_149p059229:7306,Re_149p059229,149.059229449,7306,756.4480590820312,43,7349,966.3013916015625,209.85333251953125
Periodic,20,P:Re_149p059229:7306,Re_149p059229,149.059229449,7306,756.4480590820312,44,7350,971.1817016601562,214.733642578125
Periodic,20,P:Re_149p059229:7306,Re_149p059229,149.059229449,7306,756.4480590820312,45,7351,976.06201171875,219.61395263671875
Periodic,20,P:Re_149p059229:7306,Re_149p059229,149.059229449,7306,756.4480590820312,46,7352,980.9423217773438,224.4942626953125
Periodic,20,P:Re_149p059229:7306,Re_149p059229,149.059229449,7306,756.4480590820312,47,7353,985.8226318359375,229.37457275390625
Periodic,20,P:Re_149p059229:7306,Re_149p059229,149.059229449,7306,756.4480590820312,48,7354,990.7029418945312,234.2548828125
Periodic,21,P:Re_149p059229:7322,Re_149p059229,149.059229449,7322,834.5330200195312,1,7323,839.413330078125,4.88031005859375
Periodic,21,P:Re_149p059229:7322,Re_149p059229,149.059229449,7322,834.5330200195312,2,7324,844.2936401367188,9.7606201171875
Periodic,21,P:Re_149p059229:7322,Re_149p059229,149.059229449,7322,834.5330200195312,3,7325,849.1739501953125,14.64093017578125
Periodic,21,P:Re_149p059229:7322,Re_149p059229,149.059229449,7322,834.5330200195312,4,7326,854.0542602539062,19.521240234375
Periodic,21,P:Re_149p059229:7322,Re_149p059229,149.059229449,7322,834.5330200195312,5,7327,858.9345703125,24.40155029296875
Periodic,21,P:Re_149p059229:7322,Re_149p059229,149.059229449,7322,834.5330200195312,6,7328,863.8148803710938,29.2818603515625
Periodic,21,P:Re_149p059229:7322,Re_149p059229,149.059229449,7322,834.5330200195312,7,7329,868.6951904296875,34.16217041015625
Periodic,21,P:Re_149p059229:7322,Re_149p059229,149.059229449,7322,834.5330200195312,8,7330,873.5755004882812,39.04248046875
Periodic,21,P:Re_149p059229:7322,Re_149p059229,149.059229449,7322,834.5330200195312,9,7331,878.455810546875,43.92279052734375
Periodic,21,P:Re_149p059229:7322,Re_149p059229,149.059229449,7322,834.5330200195312,10,7332,883.3361206054688,48.8031005859375
Periodic,21,P:Re_149p059229:7322,Re_149p059229,149.059229449,7322,834.5330200195312,11,7333,888.2164306640625,53.68341064453125
Periodic,21,P:Re_149p059229:7322,Re_149p059229,149.059229449,7322,834.5330200195312,12,7334,893.0967407226562,58.563720703125
Periodic,21,P:Re_149p059229:7322,Re_149p059229,149.059229449,7322,834.5330200195312,13,7335,897.97705078125,63.44403076171875
Periodic,21,P:Re_149p059229:7322,Re_149p059229,149.059229449,7322,834.5330200195312,14,7336,902.8573608398438,68.3243408203125
Periodic,21,P:Re_149p059229:7322,Re_149p059229,149.059229449,7322,834.5330200195312,15,7337,907.7376708984375,73.20465087890625
Periodic,21,P:Re_149p059229:7322,Re_149p059229,149.059229449,7322,834.5330200195312,16,7338,912.6179809570312,78.0849609375
Periodic,21,P:Re_149p059229:7322,Re_149p059229,149.059229449,7322,834.5330200195312,17,7339,917.498291015625,82.96527099609375
Periodic,21,P:Re_149p059229:7322,Re_149p059229,149.059229449,7322,834.5330200195312,18,7340,922.3786010742188,87.8455810546875
Periodic,21,P:Re_149p059229:7322,Re_149p059229,149.059229449,7322,834.5330200195312,19,7341,927.2589111328125,92.72589111328125
Periodic,21,P:Re_149p059229:7322,Re_149p059229,149.059229449,7322,834.5330200195312,20,7342,932.1392211914062,97.606201171875
Periodic,21,P:Re_149p059229:7322,Re_149p059229,149.059229449,7322,834.5330200195312,21,7343,937.01953125,102.48651123046875
Periodic,21,P:Re_149p059229:7322,Re_149p059229,149.059229449,7322,834.5330200195312,22,7344,941.8998413085938,107.3668212890625
Periodic,21,P:Re_149p059229:7322,Re_149p059229,149.059229449,7322,834.5330200195312,23,7345,946.7801513671875,112.24713134765625
Periodic,21,P:Re_149p059229:7322,Re_149p059229,149.059229449,7322,834.5330200195312,24,7346,951.6604614257812,117.12744140625
Periodic,21,P:Re_149p059229:7322,Re_149p059229,149.059229449,7322,834.5330200195312,25,7347,956.540771484375,122.00775146484375
Periodic,21,P:Re_149p059229:7322,Re_149p059229,149.059229449,7322,834.5330200195312,26,7348,961.4210815429688,126.8880615234375
Periodic,21,P:Re_149p059229:7322,Re_149p059229,149.059229449,7322,834.5330200195312,27,7349,966.3013916015625,131.76837158203125
Periodic,21,P:Re_149p059229:7322,Re_149p059229,149.059229449,7322,834.5330200195312,28,7350,971.1817016601562,136.648681640625
Periodic,21,P:Re_149p059229:7322,Re_149p059229,149.059229449,7322,834.5330200195312,29,7351,976.06201171875,141.52899169921875
Periodic,21,P:Re_149p059229:7322,Re_149p059229,149.059229449,7322,834.5330200195312,30,7352,980.9423217773438,146.4093017578125
Periodic,21,P:Re_149p059229:7322,Re_149p059229,149.059229449,7322,834.5330200195312,31,7353,985.8226318359375,151.28961181640625
Periodic,21,P:Re_149p059229:7322,Re_149p059229,149.059229449,7322,834.5330200195312,32,7354,990.7029418945312,156.169921875
Periodic,21,P:Re_149p059229:7322,Re_149p059229,149.059229449,7322,834.5330200195312,33,7355,995.583251953125,161.05023193359375
Periodic,21,P:Re_149p059229:7322,Re_149p059229,149.059229449,7322,834.5330200195312,34,7356,1000.4635620117188,165.9305419921875
Periodic,21,P:Re_149p059229:7322,Re_149p059229,149.059229449,7322,834.5330200195312,35,7357,1005.3438720703125,170.81085205078125
Periodic,21,P:Re_149p059229:7322,Re_149p059229,149.059229449,7322,834.5330200195312,36,7358,1010.2241821289062,175.691162109375
Periodic,21,P:Re_149p059229:7322,Re_149p059229,149.059229449,7322,834.5330200195312,37,7359,1015.1044921875,180.57147216796875
Periodic,21,P:Re_149p059229:7322,Re_149p059229,149.059229449,7322,834.5330200195312,38,7360,1019.9848022460938,185.4517822265625
Periodic,21,P:Re_149p059229:7322,Re_149p059229,149.059229449,7322,834.5330200195312,39,7361,1024.8651123046875,190.33209228515625
Periodic,21,P:Re_149p059229:7322,Re_149p059229,149.059229449,7322,834.5330200195312,40,7362,1029.745361328125,195.21234130859375
Periodic,21,P:Re_149p059229:7322,Re_149p059229,149.059229449,7322,834.5330200195312,41,7363,1034.625732421875,200.09271240234375
Periodic,21,P:Re_149p059229:7322,Re_149p059229,149.059229449,7322,834.5330200195312,42,7364,1039.5059814453125,204.97296142578125
Periodic,21,P:Re_149p059229:7322,Re_149p059229,149.059229449,7322,834.5330200195312,43,7365,1044.3863525390625,209.85333251953125
Periodic,21,P:Re_149p059229:7322,Re_149p059229,149.059229449,7322,834.5330200195312,44,7366,1049.2666015625,214.73358154296875
Periodic,21,P:Re_149p059229:7322,Re_149p059229,149.059229449,7322,834.5330200195312,45,7367,1054.14697265625,219.61395263671875
Periodic,21,P:Re_149p059229:7322,Re_149p059229,149.059229449,7322,834.5330200195312,46,7368,1059.0272216796875,224.49420166015625
Periodic,21,P:Re_149p059229:7322,Re_149p059229,149.059229449,7322,834.5330200195312,47,7369,1063.9075927734375,229.37457275390625
Periodic,21,P:Re_149p059229:7322,Re_149p059229,149.059229449,7322,834.5330200195312,48,7370,1068.787841796875,234.25482177734375
Periodic,22,P:Re_149p059229:7338,Re_149p059229,149.059229449,7338,912.6179809570312,1,7339,917.498291015625,4.88031005859375
Periodic,22,P:Re_149p059229:7338,Re_149p059229,149.059229449,7338,912.6179809570312,2,7340,922.3786010742188,9.7606201171875
Periodic,22,P:Re_149p059229:7338,Re_149p059229,149.059229449,7338,912.6179809570312,3,7341,927.2589111328125,14.64093017578125
Periodic,22,P:Re_149p059229:7338,Re_149p059229,149.059229449,7338,912.6179809570312,4,7342,932.1392211914062,19.521240234375
Periodic,22,P:Re_149p059229:7338,Re_149p059229,149.059229449,7338,912.6179809570312,5,7343,937.01953125,24.40155029296875
Periodic,22,P:Re_149p059229:7338,Re_149p059229,149.059229449,7338,912.6179809570312,6,7344,941.8998413085938,29.2818603515625
Periodic,22,P:Re_149p059229:7338,Re_149p059229,149.059229449,7338,912.6179809570312,7,7345,946.7801513671875,34.16217041015625
Periodic,22,P:Re_149p059229:7338,Re_149p059229,149.059229449,7338,912.6179809570312,8,7346,951.6604614257812,39.04248046875
Periodic,22,P:Re_149p059229:7338,Re_149p059229,149.059229449,7338,912.6179809570312,9,7347,956.540771484375,43.92279052734375
Periodic,22,P:Re_149p059229:7338,Re_149p059229,149.059229449,7338,912.6179809570312,10,7348,961.4210815429688,48.8031005859375
Periodic,22,P:Re_149p059229:7338,Re_149p059229,149.059229449,7338,912.6179809570312,11,7349,966.3013916015625,53.68341064453125
Periodic,22,P:Re_149p059229:7338,Re_149p059229,149.059229449,7338,912.6179809570312,12,7350,971.1817016601562,58.563720703125
Periodic,22,P:Re_149p059229:7338,Re_149p059229,149.059229449,7338,912.6179809570312,13,7351,976.06201171875,63.44403076171875
Periodic,22,P:Re_149p059229:7338,Re_149p059229,149.059229449,7338,912.6179809570312,14,7352,980.9423217773438,68.3243408203125
Periodic,22,P:Re_149p059229:7338,Re_149p059229,149.059229449,7338,912.6179809570312,15,7353,985.8226318359375,73.20465087890625
Periodic,22,P:Re_149p059229:7338,Re_149p059229,149.059229449,7338,912.6179809570312,16,7354,990.7029418945312,78.0849609375
Periodic,22,P:Re_149p059229:7338,Re_149p059229,149.059229449,7338,912.6179809570312,17,7355,995.583251953125,82.96527099609375
Periodic,22,P:Re_149p059229:7338,Re_149p059229,149.059229449,7338,912.6179809570312,18,7356,1000.4635620117188,87.8455810546875
Periodic,22,P:Re_149p059229:7338,Re_149p059229,149.059229449,7338,912.6179809570312,19,7357,1005.3438720703125,92.72589111328125
Periodic,22,P:Re_149p059229:7338,Re_149p059229,149.059229449,7338,912.6179809570312,20,7358,1010.2241821289062,97.606201171875
Periodic,22,P:Re_149p059229:7338,Re_149p059229,149.059229449,7338,912.6179809570312,21,7359,1015.1044921875,102.48651123046875
Periodic,22,P:Re_149p059229:7338,Re_149p059229,149.059229449,7338,912.6179809570312,22,7360,1019.9848022460938,107.3668212890625
Periodic,22,P:Re_149p059229:7338,Re_149p059229,149.059229449,7338,912.6179809570312,23,7361,1024.8651123046875,112.24713134765625
Periodic,22,P:Re_149p059229:7338,Re_149p059229,149.059229449,7338,912.6179809570312,24,7362,1029.745361328125,117.12738037109375
Periodic,22,P:Re_149p059229:7338,Re_149p059229,149.059229449,7338,912.6179809570312,25,7363,1034.625732421875,122.00775146484375
Periodic,22,P:Re_149p059229:7338,Re_149p059229,149.059229449,7338,912.6179809570312,26,7364,1039.5059814453125,126.88800048828125
Periodic,22,P:Re_149p059229:7338,Re_149p059229,149.059229449,7338,912.6179809570312,27,7365,1044.3863525390625,131.76837158203125
Periodic,22,P:Re_149p059229:7338,Re_149p059229,149.059229449,7338,912.6179809570312,28,7366,1049.2666015625,136.64862060546875
Periodic,22,P:Re_149p059229:7338,Re_149p059229,149.059229449,7338,912.6179809570312,29,7367,1054.14697265625,141.52899169921875
Periodic,22,P:Re_149p059229:7338,Re_149p059229,149.059229449,7338,912.6179809570312,30,7368,1059.0272216796875,146.40924072265625
Periodic,22,P:Re_149p059229:7338,Re_149p059229,149.059229449,7338,912.6179809570312,31,7369,1063.9075927734375,151.28961181640625
Periodic,22,P:Re_149p059229:7338,Re_149p059229,149.059229449,7338,912.6179809570312,32,7370,1068.787841796875,156.16986083984375
Periodic,22,P:Re_149p059229:7338,Re_149p059229,149.059229449,7338,912.6179809570312,33,7371,1073.668212890625,161.05023193359375
Periodic,22,P:Re_149p059229:7338,Re_149p059229,149.059229449,7338,912.6179809570312,34,7372,1078.5484619140625,165.93048095703125
Periodic,22,P:Re_149p059229:7338,Re_149p059229,149.059229449,7338,912.6179809570312,35,7373,1083.4288330078125,170.81085205078125
Periodic,22,P:Re_149p059229:7338,Re_149p059229,149.059229449,7338,912.6179809570312,36,7374,1088.30908203125,175.69110107421875
Periodic,22,P:Re_149p059229:7338,Re_149p059229,149.059229449,7338,912.6179809570312,37,7375,1093.189453125,180.57147216796875
Periodic,22,P:Re_149p059229:7338,Re_149p059229,149.059229449,7338,912.6179809570312,38,7376,1098.0697021484375,185.45172119140625
Periodic,22,P:Re_149p059229:7338,Re_149p059229,149.059229449,7338,912.6179809570312,39,7377,1102.9500732421875,190.33209228515625
Periodic,22,P:Re_149p059229:7338,Re_149p059229,149.059229449,7338,912.6179809570312,40,7378,1107.830322265625,195.21234130859375
Periodic,22,P:Re_149p059229:7338,Re_149p059229,149.059229449,7338,912.6179809570312,41,7379,1112.710693359375,200.09271240234375
Periodic,22,P:Re_149p059229:7338,Re_149p059229,149.059229449,7338,912.6179809570312,42,7380,1117.5909423828125,204.97296142578125
Periodic,22,P:Re_149p059229:7338,Re_149p059229,149.059229449,7338,912.6179809570312,43,7381,1122.4713134765625,209.85333251953125
Periodic,22,P:Re_149p059229:7338,Re_149p059229,149.059229449,7338,912.6179809570312,44,7382,1127.3515625,214.73358154296875
Periodic,22,P:Re_149p059229:7338,Re_149p059229,149.059229449,7338,912.6179809570312,45,7383,1132.23193359375,219.61395263671875
Periodic,22,P:Re_149p059229:7338,Re_149p059229,149.059229449,7338,912.6179809570312,46,7384,1137.1121826171875,224.49420166015625
Periodic,22,P:Re_149p059229:7338,Re_149p059229,149.059229449,7338,912.6179809570312,47,7385,1141.9925537109375,229.37457275390625
Periodic,22,P:Re_149p059229:7338,Re_149p059229,149.059229449,7338,912.6179809570312,48,7386,1146.872802734375,234.25482177734375
Periodic,23,P:Re_149p059229:7354,Re_149p059229,149.059229449,7354,990.7029418945312,1,7355,995.583251953125,4.88031005859375
Periodic,23,P:Re_149p059229:7354,Re_149p059229,149.059229449,7354,990.7029418945312,2,7356,1000.4635620117188,9.7606201171875
Periodic,23,P:Re_149p059229:7354,Re_149p059229,149.059229449,7354,990.7029418945312,3,7357,1005.3438720703125,14.64093017578125
Periodic,23,P:Re_149p059229:7354,Re_149p059229,149.059229449,7354,990.7029418945312,4,7358,1010.2241821289062,19.521240234375
Periodic,23,P:Re_149p059229:7354,Re_149p059229,149.059229449,7354,990.7029418945312,5,7359,1015.1044921875,24.40155029296875
Periodic,23,P:Re_149p059229:7354,Re_149p059229,149.059229449,7354,990.7029418945312,6,7360,1019.9848022460938,29.2818603515625
Periodic,23,P:Re_149p059229:7354,Re_149p059229,149.059229449,7354,990.7029418945312,7,7361,1024.8651123046875,34.16217041015625
Periodic,23,P:Re_149p059229:7354,Re_149p059229,149.059229449,7354,990.7029418945312,8,7362,1029.745361328125,39.04241943359375
Periodic,23,P:Re_149p059229:7354,Re_149p059229,149.059229449,7354,990.7029418945312,9,7363,1034.625732421875,43.92279052734375
Periodic,23,P:Re_149p059229:7354,Re_149p059229,149.059229449,7354,990.7029418945312,10,7364,1039.5059814453125,48.80303955078125
Periodic,23,P:Re_149p059229:7354,Re_149p059229,149.059229449,7354,990.7029418945312,11,7365,1044.3863525390625,53.68341064453125
Periodic,23,P:Re_149p059229:7354,Re_149p059229,149.059229449,7354,990.7029418945312,12,7366,1049.2666015625,58.56365966796875
Periodic,23,P:Re_149p059229:7354,Re_149p059229,149.059229449,7354,990.7029418945312,13,7367,1054.14697265625,63.44403076171875
Periodic,23,P:Re_149p059229:7354,Re_149p059229,149.059229449,7354,990.7029418945312,14,7368,1059.0272216796875,68.32427978515625
Periodic,23,P:Re_149p059229:7354,Re_149p059229,149.059229449,7354,990.7029418945312,15,7369,1063.9075927734375,73.20465087890625
Periodic,23,P:Re_149p059229:7354,Re_149p059229,149.059229449,7354,990.7029418945312,16,7370,1068.787841796875,78.08489990234375
Periodic,23,P:Re_149p059229:7354,Re_149p059229,149.059229449,7354,990.7029418945312,17,7371,1073.668212890625,82.96527099609375
Periodic,23,P:Re_149p059229:7354,Re_149p059229,149.059229449,7354,990.7029418945312,18,7372,1078.5484619140625,87.84552001953125
Periodic,23,P:Re_149p059229:7354,Re_149p059229,149.059229449,7354,990.7029418945312,19,7373,1083.4288330078125,92.72589111328125
Periodic,23,P:Re_149p059229:7354,Re_149p059229,149.059229449,7354,990.7029418945312,20,7374,1088.30908203125,97.60614013671875
Periodic,23,P:Re_149p059229:7354,Re_149p059229,149.059229449,7354,990.7029418945312,21,7375,1093.189453125,102.48651123046875
Periodic,23,P:Re_149p059229:7354,Re_149p059229,149.059229449,7354,990.7029418945312,22,7376,1098.0697021484375,107.36676025390625
Periodic,23,P:Re_149p059229:7354,Re_149p059229,149.059229449,7354,990.7029418945312,23,7377,1102.9500732421875,112.24713134765625
Periodic,23,P:Re_149p059229:7354,Re_149p059229,149.059229449,7354,990.7029418945312,24,7378,1107.830322265625,117.12738037109375
Periodic,23,P:Re_149p059229:7354,Re_149p059229,149.059229449,7354,990.7029418945312,25,7379,1112.710693359375,122.00775146484375
Periodic,23,P:Re_149p059229:7354,Re_149p059229,149.059229449,7354,990.7029418945312,26,7380,1117.5909423828125,126.88800048828125
Periodic,23,P:Re_149p059229:7354,Re_149p059229,149.059229449,7354,990.7029418945312,27,7381,1122.4713134765625,131.76837158203125
Periodic,23,P:Re_149p059229:7354,Re_149p059229,149.059229449,7354,990.7029418945312,28,7382,1127.3515625,136.64862060546875
Periodic,23,P:Re_149p059229:7354,Re_149p059229,149.059229449,7354,990.7029418945312,29,7383,1132.23193359375,141.52899169921875
Periodic,23,P:Re_149p059229:7354,Re_149p059229,149.059229449,7354,990.7029418945312,30,7384,1137.1121826171875,146.40924072265625
Periodic,23,P:Re_149p059229:7354,Re_149p059229,149.059229449,7354,990.7029418945312,31,7385,1141.9925537109375,151.28961181640625
Periodic,23,P:Re_149p059229:7354,Re_149p059229,149.059229449,7354,990.7029418945312,32,7386,1146.872802734375,156.16986083984375
Periodic,23,P:Re_149p059229:7354,Re_149p059229,149.059229449,7354,990.7029418945312,33,7387,1151.753173828125,161.05023193359375
Periodic,23,P:Re_149p059229:7354,Re_149p059229,149.059229449,7354,990.7029418945312,34,7388,1156.6334228515625,165.93048095703125
Periodic,23,P:Re_149p059229:7354,Re_149p059229,149.059229449,7354,990.7029418945312,35,7389,1161.5137939453125,170.81085205078125
Periodic,23,P:Re_149p059229:7354,Re_149p059229,149.059229449,7354,990.7029418945312,36,7390,1166.39404296875,175.69110107421875
Periodic,23,P:Re_149p059229:7354,Re_149p059229,149.059229449,7354,990.7029418945312,37,7391,1171.2744140625,180.57147216796875
Periodic,23,P:Re_149p059229:7354,Re_149p059229,149.059229449,7354,990.7029418945312,38,7392,1176.1546630859375,185.45172119140625
Periodic,23,P:Re_149p059229:7354,Re_149p059229,149.059229449,7354,990.7029418945312,39,7393,1181.0350341796875,190.33209228515625
Periodic,23,P:Re_149p059229:7354,Re_149p059229,149.059229449,7354,990.7029418945312,40,7394,1185.915283203125,195.21234130859375
Periodic,23,P:Re_149p059229:7354,Re_149p059229,149.059229449,7354,990.7029418945312,41,7395,1190.795654296875,200.09271240234375
Periodic,23,P:Re_149p059229:7354,Re_149p059229,149.059229449,7354,990.7029418945312,42,7396,1195.6759033203125,204.97296142578125
Periodic,23,P:Re_149p059229:7354,Re_149p059229,149.059229449,7354,990.7029418945312,43,7397,1200.5562744140625,209.85333251953125
Periodic,23,P:Re_149p059229:7354,Re_149p059229,149.059229449,7354,990.7029418945312,44,7398,1205.4365234375,214.73358154296875
Periodic,23,P:Re_149p059229:7354,Re_149p059229,149.059229449,7354,990.7029418945312,45,7399,1210.31689453125,219.61395263671875
Periodic,23,P:Re_149p059229:7354,Re_149p059229,149.059229449,7354,990.7029418945312,46,7400,1215.1971435546875,224.49420166015625
Periodic,23,P:Re_149p059229:7354,Re_149p059229,149.059229449,7354,990.7029418945312,47,7401,1220.0775146484375,229.37457275390625
Periodic,23,P:Re_149p059229:7354,Re_149p059229,149.059229449,7354,990.7029418945312,48,7402,1224.957763671875,234.25482177734375
Periodic,24,P:Re_189p862278:9513,Re_189p862278,189.86227838,9513,393.26690673828125,1,9514,396.9769592285156,3.710052490234375
Periodic,24,P:Re_189p862278:9513,Re_189p862278,189.86227838,9513,393.26690673828125,2,9515,400.6870422363281,7.420135498046875
Periodic,24,P:Re_189p862278:9513,Re_189p862278,189.86227838,9513,393.26690673828125,3,9516,404.3970947265625,11.13018798828125
Periodic,24,P:Re_189p862278:9513,Re_189p862278,189.86227838,9513,393.26690673828125,4,9517,408.1071472167969,14.840240478515625
Periodic,24,P:Re_189p862278:9513,Re_189p862278,189.86227838,9513,393.26690673828125,5,9518,411.8172302246094,18.550323486328125
Periodic,24,P:Re_189p862278:9513,Re_189p862278,189.86227838,9513,393.26690673828125,6,9519,415.52728271484375,22.2603759765625
Periodic,24,P:Re_189p862278:9513,Re_189p862278,189.86227838,9513,393.26690673828125,7,9520,419.23736572265625,25.970458984375
Periodic,24,P:Re_189p862278:9513,Re_189p862278,189.86227838,9513,393.26690673828125,8,9521,422.9474182128906,29.680511474609375
Periodic,24,P:Re_189p862278:9513,Re_189p862278,189.86227838,9513,393.26690673828125,9,9522,426.6575012207031,33.390594482421875
Periodic,24,P:Re_189p862278:9513,Re_189p862278,189.86227838,9513,393.26690673828125,10,9523,430.3675537109375,37.10064697265625
Periodic,24,P:Re_189p862278:9513,Re_189p862278,189.86227838,9513,393.26690673828125,11,9524,434.0776062011719,40.810699462890625
Periodic,24,P:Re_189p862278:9513,Re_189p862278,189.86227838,9513,393.26690673828125,12,9525,437.7876892089844,44.520782470703125
Periodic,24,P:Re_189p862278:9513,Re_189p862278,189.86227838,9513,393.26690673828125,13,9526,441.49774169921875,48.2308349609375
Periodic,24,P:Re_189p862278:9513,Re_189p862278,189.86227838,9513,393.26690673828125,14,9527,445.20782470703125,51.94091796875
Periodic,24,P:Re_189p862278:9513,Re_189p862278,189.86227838,9513,393.26690673828125,15,9528,448.9178771972656,55.650970458984375
Periodic,24,P:Re_189p862278:9513,Re_189p862278,189.86227838,9513,393.26690673828125,16,9529,452.6279296875,59.36102294921875
Periodic,24,P:Re_189p862278:9513,Re_189p862278,189.86227838,9513,393.26690673828125,17,9530,456.3380126953125,63.07110595703125
Periodic,24,P:Re_189p862278:9513,Re_189p862278,189.86227838,9513,393.26690673828125,18,9531,460.0480651855469,66.78115844726562
Periodic,24,P:Re_189p862278:9513,Re_189p862278,189.86227838,9513,393.26690673828125,19,9532,463.7581481933594,70.49124145507812
Periodic,24,P:Re_189p862278:9513,Re_189p862278,189.86227838,9513,393.26690673828125,20,9533,467.46820068359375,74.2012939453125
Periodic,24,P:Re_189p862278:9513,Re_189p862278,189.86227838,9513,393.26690673828125,21,9534,471.1782531738281,77.91134643554688
Periodic,24,P:Re_189p862278:9513,Re_189p862278,189.86227838,9513,393.26690673828125,22,9535,474.8883361816406,81.62142944335938
Periodic,24,P:Re_189p862278:9513,Re_189p862278,189.86227838,9513,393.26690673828125,23,9536,478.598388671875,85.33148193359375
Periodic,24,P:Re_189p862278:9513,Re_189p862278,189.86227838,9513,393.26690673828125,24,9537,482.3084716796875,89.04156494140625
Periodic,24,P:Re_189p862278:9513,Re_189p862278,189.86227838,9513,393.26690673828125,25,9538,486.0185241699219,92.75161743164062
Periodic,24,P:Re_189p862278:9513,Re_189p862278,189.86227838,9513,393.26690673828125,26,9539,489.7286071777344,96.46170043945312
Periodic,24,P:Re_189p862278:9513,Re_189p862278,189.86227838,9513,393.26690673828125,27,9540,493.43865966796875,100.1717529296875
Periodic,24,P:Re_189p862278:9513,Re_189p862278,189.86227838,9513,393.26690673828125,28,9541,497.1487121582031,103.88180541992188
Periodic,24,P:Re_189p862278:9513,Re_189p862278,189.86227838,9513,393.26690673828125,29,9542,500.8587951660156,107.59188842773438
Periodic,24,P:Re_189p862278:9513,Re_189p862278,189.86227838,9513,393.26690673828125,30,9543,504.56884765625,111.30194091796875
Periodic,24,P:Re_189p862278:9513,Re_189p862278,189.86227838,9513,393.26690673828125,31,9544,508.2789306640625,115.01202392578125
Periodic,24,P:Re_189p862278:9513,Re_189p862278,189.86227838,9513,393.26690673828125,32,9545,511.9889831542969,118.72207641601562
Periodic,24,P:Re_189p862278:9513,Re_189p862278,189.86227838,9513,393.26690673828125,33,9546,515.6990356445312,122.43212890625
Periodic,24,P:Re_189p862278:9513,Re_189p862278,189.86227838,9513,393.26690673828125,34,9547,519.4091186523438,126.1422119140625
Periodic,24,P:Re_189p862278:9513,Re_189p862278,189.86227838,9513,393.26690673828125,35,9548,523.1192016601562,129.852294921875
Periodic,24,P:Re_189p862278:9513,Re_189p862278,189.86227838,9513,393.26690673828125,36,9549,526.8292236328125,133.56231689453125
Periodic,24,P:Re_189p862278:9513,Re_189p862278,189.86227838,9513,393.26690673828125,37,9550,530.539306640625,137.27239990234375
Periodic,24,P:Re_189p862278:9513,Re_189p862278,189.86227838,9513,393.26690673828125,38,9551,534.2493896484375,140.98248291015625
Periodic,24,P:Re_189p862278:9513,Re_189p862278,189.86227838,9513,393.26690673828125,39,9552,537.9594116210938,144.6925048828125
Periodic,24,P:Re_189p862278:9513,Re_189p862278,189.86227838,9513,393.26690673828125,40,9553,541.6694946289062,148.402587890625
Periodic,24,P:Re_189p862278:9513,Re_189p862278,189.86227838,9513,393.26690673828125,41,9554,545.3795776367188,152.1126708984375
Periodic,24,P:Re_189p862278:9513,Re_189p862278,189.86227838,9513,393.26690673828125,42,9555,549.0896606445312,155.82275390625
Periodic,24,P:Re_189p862278:9513,Re_189p862278,189.86227838,9513,393.26690673828125,43,9556,552.7996826171875,159.53277587890625
Periodic,24,P:Re_189p862278:9513,Re_189p862278,189.86227838,9513,393.26690673828125,44,9557,556.509765625,163.24285888671875
Periodic,24,P:Re_189p862278:9513,Re_189p862278,189.86227838,9513,393.26690673828125,45,9558,560.2198486328125,166.95294189453125
Periodic,24,P:Re_189p862278:9513,Re_189p862278,189.86227838,9513,393.26690673828125,46,9559,563.9298706054688,170.6629638671875
Periodic,24,P:Re_189p862278:9513,Re_189p862278,189.86227838,9513,393.26690673828125,47,9560,567.6399536132812,174.373046875
Periodic,24,P:Re_189p862278:9513,Re_189p862278,189.86227838,9513,393.26690673828125,48,9561,571.3500366210938,178.0831298828125
Periodic,25,P:Re_189p862278:9521,Re_189p862278,189.86227838,9521,422.9474182128906,1,9522,426.6575012207031,3.7100830078125
Periodic,25,P:Re_189p862278:9521,Re_189p862278,189.86227838,9521,422.9474182128906,2,9523,430.3675537109375,7.420135498046875
Periodic,25,P:Re_189p862278:9521,Re_189p862278,189.86227838,9521,422.9474182128906,3,9524,434.0776062011719,11.13018798828125
Periodic,25,P:Re_189p862278:9521,Re_189p862278,189.86227838,9521,422.9474182128906,4,9525,437.7876892089844,14.84027099609375
Periodic,25,P:Re_189p862278:9521,Re_189p862278,189.86227838,9521,422.9474182128906,5,9526,441.49774169921875,18.550323486328125
Periodic,25,P:Re_189p862278:9521,Re_189p862278,189.86227838,9521,422.9474182128906,6,9527,445.20782470703125,22.260406494140625
Periodic,25,P:Re_189p862278:9521,Re_189p862278,189.86227838,9521,422.9474182128906,7,9528,448.9178771972656,25.970458984375
Periodic,25,P:Re_189p862278:9521,Re_189p862278,189.86227838,9521,422.9474182128906,8,9529,452.6279296875,29.680511474609375
Periodic,25,P:Re_189p862278:9521,Re_189p862278,189.86227838,9521,422.9474182128906,9,9530,456.3380126953125,33.390594482421875
Periodic,25,P:Re_189p862278:9521,Re_189p862278,189.86227838,9521,422.9474182128906,10,9531,460.0480651855469,37.10064697265625
Periodic,25,P:Re_189p862278:9521,Re_189p862278,189.86227838,9521,422.9474182128906,11,9532,463.7581481933594,40.81072998046875
Periodic,25,P:Re_189p862278:9521,Re_189p862278,189.86227838,9521,422.9474182128906,12,9533,467.46820068359375,44.520782470703125
Periodic,25,P:Re_189p862278:9521,Re_189p862278,189.86227838,9521,422.9474182128906,13,9534,471.1782531738281,48.2308349609375
Periodic,25,P:Re_189p862278:9521,Re_189p862278,189.86227838,9521,422.9474182128906,14,9535,474.8883361816406,51.94091796875
Periodic,25,P:Re_189p862278:9521,Re_189p862278,189.86227838,9521,422.9474182128906,15,9536,478.598388671875,55.650970458984375
Periodic,25,P:Re_189p862278:9521,Re_189p862278,189.86227838,9521,422.9474182128906,16,9537,482.3084716796875,59.361053466796875
Periodic,25,P:Re_189p862278:9521,Re_189p862278,189.86227838,9521,422.9474182128906,17,9538,486.0185241699219,63.07110595703125
Periodic,25,P:Re_189p862278:9521,Re_189p862278,189.86227838,9521,422.9474182128906,18,9539,489.7286071777344,66.78118896484375
Periodic,25,P:Re_189p862278:9521,Re_189p862278,189.86227838,9521,422.9474182128906,19,9540,493.43865966796875,70.49124145507812
Periodic,25,P:Re_189p862278:9521,Re_189p862278,189.86227838,9521,422.9474182128906,20,9541,497.1487121582031,74.2012939453125
Periodic,25,P:Re_189p862278:9521,Re_189p862278,189.86227838,9521,422.9474182128906,21,9542,500.8587951660156,77.911376953125
Periodic,25,P:Re_189p862278:9521,Re_189p862278,189.86227838,9521,422.9474182128906,22,9543,504.56884765625,81.62142944335938
Periodic,25,P:Re_189p862278:9521,Re_189p862278,189.86227838,9521,422.9474182128906,23,9544,508.2789306640625,85.33151245117188
Periodic,25,P:Re_189p862278:9521,Re_189p862278,189.86227838,9521,422.9474182128906,24,9545,511.9889831542969,89.04156494140625
Periodic,25,P:Re_189p862278:9521,Re_189p862278,189.86227838,9521,422.9474182128906,25,9546,515.6990356445312,92.75161743164062
Periodic,25,P:Re_189p862278:9521,Re_189p862278,189.86227838,9521,422.9474182128906,26,9547,519.4091186523438,96.46170043945312
Periodic,25,P:Re_189p862278:9521,Re_189p862278,189.86227838,9521,422.9474182128906,27,9548,523.1192016601562,100.17178344726562
Periodic,25,P:Re_189p862278:9521,Re_189p862278,189.86227838,9521,422.9474182128906,28,9549,526.8292236328125,103.88180541992188
Periodic,25,P:Re_189p862278:9521,Re_189p862278,189.86227838,9521,422.9474182128906,29,9550,530.539306640625,107.59188842773438
Periodic,25,P:Re_189p862278:9521,Re_189p862278,189.86227838,9521,422.9474182128906,30,9551,534.2493896484375,111.30197143554688
Periodic,25,P:Re_189p862278:9521,Re_189p862278,189.86227838,9521,422.9474182128906,31,9552,537.9594116210938,115.01199340820312
Periodic,25,P:Re_189p862278:9521,Re_189p862278,189.86227838,9521,422.9474182128906,32,9553,541.6694946289062,118.72207641601562
Periodic,25,P:Re_189p862278:9521,Re_189p862278,189.86227838,9521,422.9474182128906,33,9554,545.3795776367188,122.43215942382812
Periodic,25,P:Re_189p862278:9521,Re_189p862278,189.86227838,9521,422.9474182128906,34,9555,549.0896606445312,126.14224243164062
Periodic,25,P:Re_189p862278:9521,Re_189p862278,189.86227838,9521,422.9474182128906,35,9556,552.7996826171875,129.85226440429688
Periodic,25,P:Re_189p862278:9521,Re_189p862278,189.86227838,9521,422.9474182128906,36,9557,556.509765625,133.56234741210938
Periodic,25,P:Re_189p862278:9521,Re_189p862278,189.86227838,9521,422.9474182128906,37,9558,560.2198486328125,137.27243041992188
Periodic,25,P:Re_189p862278:9521,Re_189p862278,189.86227838,9521,422.9474182128906,38,9559,563.9298706054688,140.98245239257812
Periodic,25,P:Re_189p862278:9521,Re_189p862278,189.86227838,9521,422.9474182128906,39,9560,567.6399536132812,144.69253540039062
Periodic,25,P:Re_189p862278:9521,Re_189p862278,189.86227838,9521,422.9474182128906,40,9561,571.3500366210938,148.40261840820312
Periodic,25,P:Re_189p862278:9521,Re_189p862278,189.86227838,9521,422.9474182128906,41,9562,575.0601196289062,152.11270141601562
Periodic,25,P:Re_189p862278:9521,Re_189p862278,189.86227838,9521,422.9474182128906,42,9563,578.7701416015625,155.82272338867188
Periodic,25,P:Re_189p862278:9521,Re_189p862278,189.86227838,9521,422.9474182128906,43,9564,582.480224609375,159.53280639648438
Periodic,25,P:Re_189p862278:9521,Re_189p862278,189.86227838,9521,422.9474182128906,44,9565,586.1903076171875,163.24288940429688
Periodic,25,P:Re_189p862278:9521,Re_189p862278,189.86227838,9521,422.9474182128906,45,9566,589.9003295898438,166.95291137695312
Periodic,25,P:Re_189p862278:9521,Re_189p862278,189.86227838,9521,422.9474182128906,46,9567,593.6104125976562,170.66299438476562
Periodic,25,P:Re_189p862278:9521,Re_189p862278,189.86227838,9521,422.9474182128906,47,9568,597.3204956054688,174.37307739257812
Periodic,25,P:Re_189p862278:9521,Re_189p862278,189.86227838,9521,422.9474182128906,48,9569,601.030517578125,178.08309936523438
Periodic,26,P:Re_189p862278:9537,Re_189p862278,189.86227838,9537,482.3084716796875,1,9538,486.0185241699219,3.710052490234375
Periodic,26,P:Re_189p862278:9537,Re_189p862278,189.86227838,9537,482.3084716796875,2,9539,489.7286071777344,7.420135498046875
Periodic,26,P:Re_189p862278:9537,Re_189p862278,189.86227838,9537,482.3084716796875,3,9540,493.43865966796875,11.13018798828125
Periodic,26,P:Re_189p862278:9537,Re_189p862278,189.86227838,9537,482.3084716796875,4,9541,497.1487121582031,14.840240478515625
Periodic,26,P:Re_189p862278:9537,Re_189p862278,189.86227838,9537,482.3084716796875,5,9542,500.8587951660156,18.550323486328125
Periodic,26,P:Re_189p862278:9537,Re_189p862278,189.86227838,9537,482.3084716796875,6,9543,504.56884765625,22.2603759765625
Periodic,26,P:Re_189p862278:9537,Re_189p862278,189.86227838,9537,482.3084716796875,7,9544,508.2789306640625,25.970458984375
Periodic,26,P:Re_189p862278:9537,Re_189p862278,189.86227838,9537,482.3084716796875,8,9545,511.9889831542969,29.680511474609375
Periodic,26,P:Re_189p862278:9537,Re_189p862278,189.86227838,9537,482.3084716796875,9,9546,515.6990356445312,33.39056396484375
Periodic,26,P:Re_189p862278:9537,Re_189p862278,189.86227838,9537,482.3084716796875,10,9547,519.4091186523438,37.10064697265625
Periodic,26,P:Re_189p862278:9537,Re_189p862278,189.86227838,9537,482.3084716796875,11,9548,523.1192016601562,40.81072998046875
Periodic,26,P:Re_189p862278:9537,Re_189p862278,189.86227838,9537,482.3084716796875,12,9549,526.8292236328125,44.520751953125
Periodic,26,P:Re_189p862278:9537,Re_189p862278,189.86227838,9537,482.3084716796875,13,9550,530.539306640625,48.2308349609375
Periodic,26,P:Re_189p862278:9537,Re_189p862278,189.86227838,9537,482.3084716796875,14,9551,534.2493896484375,51.94091796875
Periodic,26,P:Re_189p862278:9537,Re_189p862278,189.86227838,9537,482.3084716796875,15,9552,537.9594116210938,55.65093994140625
Periodic,26,P:Re_189p862278:9537,Re_189p862278,189.86227838,9537,482.3084716796875,16,9553,541.6694946289062,59.36102294921875
Periodic,26,P:Re_189p862278:9537,Re_189p862278,189.86227838,9537,482.3084716796875,17,9554,545.3795776367188,63.07110595703125
Periodic,26,P:Re_189p862278:9537,Re_189p862278,189.86227838,9537,482.3084716796875,18,9555,549.0896606445312,66.78118896484375
Periodic,26,P:Re_189p862278:9537,Re_189p862278,189.86227838,9537,482.3084716796875,19,9556,552.7996826171875,70.4912109375
Periodic,26,P:Re_189p862278:9537,Re_189p862278,189.86227838,9537,482.3084716796875,20,9557,556.509765625,74.2012939453125
Periodic,26,P:Re_189p862278:9537,Re_189p862278,189.86227838,9537,482.3084716796875,21,9558,560.2198486328125,77.911376953125
Periodic,26,P:Re_189p862278:9537,Re_189p862278,189.86227838,9537,482.3084716796875,22,9559,563.9298706054688,81.62139892578125
Periodic,26,P:Re_189p862278:9537,Re_189p862278,189.86227838,9537,482.3084716796875,23,9560,567.6399536132812,85.33148193359375
Periodic,26,P:Re_189p862278:9537,Re_189p862278,189.86227838,9537,482.3084716796875,24,9561,571.3500366210938,89.04156494140625
Periodic,26,P:Re_189p862278:9537,Re_189p862278,189.86227838,9537,482.3084716796875,25,9562,575.0601196289062,92.75164794921875
Periodic,26,P:Re_189p862278:9537,Re_189p862278,189.86227838,9537,482.3084716796875,26,9563,578.7701416015625,96.461669921875
Periodic,26,P:Re_189p862278:9537,Re_189p862278,189.86227838,9537,482.3084716796875,27,9564,582.480224609375,100.1717529296875
Periodic,26,P:Re_189p862278:9537,Re_189p862278,189.86227838,9537,482.3084716796875,28,9565,586.1903076171875,103.8818359375
Periodic,26,P:Re_189p862278:9537,Re_189p862278,189.86227838,9537,482.3084716796875,29,9566,589.9003295898438,107.59185791015625
Periodic,26,P:Re_189p862278:9537,Re_189p862278,189.86227838,9537,482.3084716796875,30,9567,593.6104125976562,111.30194091796875
Periodic,26,P:Re_189p862278:9537,Re_189p862278,189.86227838,9537,482.3084716796875,31,9568,597.3204956054688,115.01202392578125
Periodic,26,P:Re_189p862278:9537,Re_189p862278,189.86227838,9537,482.3084716796875,32,9569,601.030517578125,118.7220458984375
Periodic,26,P:Re_189p862278:9537,Re_189p862278,189.86227838,9537,482.3084716796875,33,9570,604.7406005859375,122.43212890625
Periodic,26,P:Re_189p862278:9537,Re_189p862278,189.86227838,9537,482.3084716796875,34,9571,608.45068359375,126.1422119140625
Periodic,26,P:Re_189p862278:9537,Re_189p862278,189.86227838,9537,482.3084716796875,35,9572,612.1607666015625,129.852294921875
Periodic,26,P:Re_189p862278:9537,Re_189p862278,189.86227838,9537,482.3084716796875,36,9573,615.8707885742188,133.56231689453125
Periodic,26,P:Re_189p862278:9537,Re_189p862278,189.86227838,9537,482.3084716796875,37,9574,619.5808715820312,137.27239990234375
Periodic,26,P:Re_189p862278:9537,Re_189p862278,189.86227838,9537,482.3084716796875,38,9575,623.2909545898438,140.98248291015625
Periodic,26,P:Re_189p862278:9537,Re_189p862278,189.86227838,9537,482.3084716796875,39,9576,627.0009765625,144.6925048828125
Periodic,26,P:Re_189p862278:9537,Re_189p862278,189.86227838,9537,482.3084716796875,40,9577,630.7110595703125,148.402587890625
Periodic,26,P:Re_189p862278:9537,Re_189p862278,189.86227838,9537,482.3084716796875,41,9578,634.421142578125,152.1126708984375
Periodic,26,P:Re_189p862278:9537,Re_189p862278,189.86227838,9537,482.3084716796875,42,9579,638.1312255859375,155.82275390625
Periodic,26,P:Re_189p862278:9537,Re_189p862278,189.86227838,9537,482.3084716796875,43,9580,641.8412475585938,159.53277587890625
Periodic,26,P:Re_189p862278:9537,Re_189p862278,189.86227838,9537,482.3084716796875,44,9581,645.5513305664062,163.24285888671875
Periodic,26,P:Re_189p862278:9537,Re_189p862278,189.86227838,9537,482.3084716796875,45,9582,649.2614135742188,166.95294189453125
Periodic,26,P:Re_189p862278:9537,Re_189p862278,189.86227838,9537,482.3084716796875,46,9583,652.971435546875,170.6629638671875
Periodic,26,P:Re_189p862278:9537,Re_189p862278,189.86227838,9537,482.3084716796875,47,9584,656.6815185546875,174.373046875
Periodic,26,P:Re_189p862278:9537,Re_189p862278,189.86227838,9537,482.3084716796875,48,9585,660.3916015625,178.0831298828125
Periodic,27,P:Re_189p862278:9553,Re_189p862278,189.86227838,9553,541.6694946289062,1,9554,545.3795776367188,3.7100830078125
Periodic,27,P:Re_189p862278:9553,Re_189p862278,189.86227838,9553,541.6694946289062,2,9555,549.0896606445312,7.420166015625
Periodic,27,P:Re_189p862278:9553,Re_189p862278,189.86227838,9553,541.6694946289062,3,9556,552.7996826171875,11.13018798828125
Periodic,27,P:Re_189p862278:9553,Re_189p862278,189.86227838,9553,541.6694946289062,4,9557,556.509765625,14.84027099609375
Periodic,27,P:Re_189p862278:9553,Re_189p862278,189.86227838,9553,541.6694946289062,5,9558,560.2198486328125,18.55035400390625
Periodic,27,P:Re_189p862278:9553,Re_189p862278,189.86227838,9553,541.6694946289062,6,9559,563.9298706054688,22.2603759765625
Periodic,27,P:Re_189p862278:9553,Re_189p862278,189.86227838,9553,541.6694946289062,7,9560,567.6399536132812,25.970458984375
Periodic,27,P:Re_189p862278:9553,Re_189p862278,189.86227838,9553,541.6694946289062,8,9561,571.3500366210938,29.6805419921875
Periodic,27,P:Re_189p862278:9553,Re_189p862278,189.86227838,9553,541.6694946289062,9,9562,575.0601196289062,33.390625
Periodic,27,P:Re_189p862278:9553,Re_189p862278,189.86227838,9553,541.6694946289062,10,9563,578.7701416015625,37.10064697265625
Periodic,27,P:Re_189p862278:9553,Re_189p862278,189.86227838,9553,541.6694946289062,11,9564,582.480224609375,40.81072998046875
Periodic,27,P:Re_189p862278:9553,Re_189p862278,189.86227838,9553,541.6694946289062,12,9565,586.1903076171875,44.52081298828125
Periodic,27,P:Re_189p862278:9553,Re_189p862278,189.86227838,9553,541.6694946289062,13,9566,589.9003295898438,48.2308349609375
Periodic,27,P:Re_189p862278:9553,Re_189p862278,189.86227838,9553,541.6694946289062,14,9567,593.6104125976562,51.94091796875
Periodic,27,P:Re_189p862278:9553,Re_189p862278,189.86227838,9553,541.6694946289062,15,9568,597.3204956054688,55.6510009765625
Periodic,27,P:Re_189p862278:9553,Re_189p862278,189.86227838,9553,541.6694946289062,16,9569,601.030517578125,59.36102294921875
Periodic,27,P:Re_189p862278:9553,Re_189p862278,189.86227838,9553,541.6694946289062,17,9570,604.7406005859375,63.07110595703125
Periodic,27,P:Re_189p862278:9553,Re_189p862278,189.86227838,9553,541.6694946289062,18,9571,608.45068359375,66.78118896484375
Periodic,27,P:Re_189p862278:9553,Re_189p862278,189.86227838,9553,541.6694946289062,19,9572,612.1607666015625,70.49127197265625
Periodic,27,P:Re_189p862278:9553,Re_189p862278,189.86227838,9553,541.6694946289062,20,9573,615.8707885742188,74.2012939453125
Periodic,27,P:Re_189p862278:9553,Re_189p862278,189.86227838,9553,541.6694946289062,21,9574,619.5808715820312,77.911376953125
Periodic,27,P:Re_189p862278:9553,Re_189p862278,189.86227838,9553,541.6694946289062,22,9575,623.2909545898438,81.6214599609375
Periodic,27,P:Re_189p862278:9553,Re_189p862278,189.86227838,9553,541.6694946289062,23,9576,627.0009765625,85.33148193359375
Periodic,27,P:Re_189p862278:9553,Re_189p862278,189.86227838,9553,541.6694946289062,24,9577,630.7110595703125,89.04156494140625
Periodic,27,P:Re_189p862278:9553,Re_189p862278,189.86227838,9553,541.6694946289062,25,9578,634.421142578125,92.75164794921875
Periodic,27,P:Re_189p862278:9553,Re_189p862278,189.86227838,9553,541.6694946289062,26,9579,638.1312255859375,96.46173095703125
Periodic,27,P:Re_189p862278:9553,Re_189p862278,189.86227838,9553,541.6694946289062,27,9580,641.8412475585938,100.1717529296875
Periodic,27,P:Re_189p862278:9553,Re_189p862278,189.86227838,9553,541.6694946289062,28,9581,645.5513305664062,103.8818359375
Periodic,27,P:Re_189p862278:9553,Re_189p862278,189.86227838,9553,541.6694946289062,29,9582,649.2614135742188,107.5919189453125
Periodic,27,P:Re_189p862278:9553,Re_189p862278,189.86227838,9553,541.6694946289062,30,9583,652.971435546875,111.30194091796875
Periodic,27,P:Re_189p862278:9553,Re_189p862278,189.86227838,9553,541.6694946289062,31,9584,656.6815185546875,115.01202392578125
Periodic,27,P:Re_189p862278:9553,Re_189p862278,189.86227838,9553,541.6694946289062,32,9585,660.3916015625,118.72210693359375
Periodic,27,P:Re_189p862278:9553,Re_189p862278,189.86227838,9553,541.6694946289062,33,9586,664.1016235351562,122.43212890625
Periodic,27,P:Re_189p862278:9553,Re_189p862278,189.86227838,9553,541.6694946289062,34,9587,667.8117065429688,126.1422119140625
Periodic,27,P:Re_189p862278:9553,Re_189p862278,189.86227838,9553,541.6694946289062,35,9588,671.5217895507812,129.852294921875
Periodic,27,P:Re_189p862278:9553,Re_189p862278,189.86227838,9553,541.6694946289062,36,9589,675.2318725585938,133.5623779296875
Periodic,27,P:Re_189p862278:9553,Re_189p862278,189.86227838,9553,541.6694946289062,37,9590,678.94189453125,137.27239990234375
Periodic,27,P:Re_189p862278:9553,Re_189p862278,189.86227838,9553,541.6694946289062,38,9591,682.6519775390625,140.98248291015625
Periodic,27,P:Re_189p862278:9553,Re_189p862278,189.86227838,9553,541.6694946289062,39,9592,686.362060546875,144.69256591796875
Periodic,27,P:Re_189p862278:9553,Re_189p862278,189.86227838,9553,541.6694946289062,40,9593,690.0720825195312,148.402587890625
Periodic,27,P:Re_189p862278:9553,Re_189p862278,189.86227838,9553,541.6694946289062,41,9594,693.7821655273438,152.1126708984375
Periodic,27,P:Re_189p862278:9553,Re_189p862278,189.86227838,9553,541.6694946289062,42,9595,697.4922485351562,155.82275390625
Periodic,27,P:Re_189p862278:9553,Re_189p862278,189.86227838,9553,541.6694946289062,43,9596,701.2023315429688,159.5328369140625
Periodic,27,P:Re_189p862278:9553,Re_189p862278,189.86227838,9553,541.6694946289062,44,9597,704.912353515625,163.24285888671875
Periodic,27,P:Re_189p862278:9553,Re_189p862278,189.86227838,9553,541.6694946289062,45,9598,708.6224365234375,166.95294189453125
Periodic,27,P:Re_189p862278:9553,Re_189p862278,189.86227838,9553,541.6694946289062,46,9599,712.33251953125,170.66302490234375
Periodic,27,P:Re_189p862278:9553,Re_189p862278,189.86227838,9553,541.6694946289062,47,9600,716.0425415039062,174.373046875
Periodic,27,P:Re_189p862278:9553,Re_189p862278,189.86227838,9553,541.6694946289062,48,9601,719.7526245117188,178.0831298828125
Periodic,28,P:Re_189p862278:9561,Re_189p862278,189.86227838,9561,571.3500366210938,1,9562,575.0601196289062,3.7100830078125
Periodic,28,P:Re_189p862278:9561,Re_189p862278,189.86227838,9561,571.3500366210938,2,9563,578.7701416015625,7.42010498046875
Periodic,28,P:Re_189p862278:9561,Re_189p862278,189.86227838,9561,571.3500366210938,3,9564,582.480224609375,11.13018798828125
Periodic,28,P:Re_189p862278:9561,Re_189p862278,189.86227838,9561,571.3500366210938,4,9565,586.1903076171875,14.84027099609375
Periodic,28,P:Re_189p862278:9561,Re_189p862278,189.86227838,9561,571.3500366210938,5,9566,589.9003295898438,18.55029296875
Periodic,28,P:Re_189p862278:9561,Re_189p862278,189.86227838,9561,571.3500366210938,6,9567,593.6104125976562,22.2603759765625
Periodic,28,P:Re_189p862278:9561,Re_189p862278,189.86227838,9561,571.3500366210938,7,9568,597.3204956054688,25.970458984375
Periodic,28,P:Re_189p862278:9561,Re_189p862278,189.86227838,9561,571.3500366210938,8,9569,601.030517578125,29.68048095703125
Periodic,28,P:Re_189p862278:9561,Re_189p862278,189.86227838,9561,571.3500366210938,9,9570,604.7406005859375,33.39056396484375
Periodic,28,P:Re_189p862278:9561,Re_189p862278,189.86227838,9561,571.3500366210938,10,9571,608.45068359375,37.10064697265625
Periodic,28,P:Re_189p862278:9561,Re_189p862278,189.86227838,9561,571.3500366210938,11,9572,612.1607666015625,40.81072998046875
Periodic,28,P:Re_189p862278:9561,Re_189p862278,189.86227838,9561,571.3500366210938,12,9573,615.8707885742188,44.520751953125
Periodic,28,P:Re_189p862278:9561,Re_189p862278,189.86227838,9561,571.3500366210938,13,9574,619.5808715820312,48.2308349609375
Periodic,28,P:Re_189p862278:9561,Re_189p862278,189.86227838,9561,571.3500366210938,14,9575,623.2909545898438,51.94091796875
Periodic,28,P:Re_189p862278:9561,Re_189p862278,189.86227838,9561,571.3500366210938,15,9576,627.0009765625,55.65093994140625
Periodic,28,P:Re_189p862278:9561,Re_189p862278,189.86227838,9561,571.3500366210938,16,9577,630.7110595703125,59.36102294921875
Periodic,28,P:Re_189p862278:9561,Re_189p862278,189.86227838,9561,571.3500366210938,17,9578,634.421142578125,63.07110595703125
Periodic,28,P:Re_189p862278:9561,Re_189p862278,189.86227838,9561,571.3500366210938,18,9579,638.1312255859375,66.78118896484375
Periodic,28,P:Re_189p862278:9561,Re_189p862278,189.86227838,9561,571.3500366210938,19,9580,641.8412475585938,70.4912109375
Periodic,28,P:Re_189p862278:9561,Re_189p862278,189.86227838,9561,571.3500366210938,20,9581,645.5513305664062,74.2012939453125
Periodic,28,P:Re_189p862278:9561,Re_189p862278,189.86227838,9561,571.3500366210938,21,9582,649.2614135742188,77.911376953125
Periodic,28,P:Re_189p862278:9561,Re_189p862278,189.86227838,9561,571.3500366210938,22,9583,652.971435546875,81.62139892578125
Periodic,28,P:Re_189p862278:9561,Re_189p862278,189.86227838,9561,571.3500366210938,23,9584,656.6815185546875,85.33148193359375
Periodic,28,P:Re_189p862278:9561,Re_189p862278,189.86227838,9561,571.3500366210938,24,9585,660.3916015625,89.04156494140625
Periodic,28,P:Re_189p862278:9561,Re_189p862278,189.86227838,9561,571.3500366210938,25,9586,664.1016235351562,92.7515869140625
Periodic,28,P:Re_189p862278:9561,Re_189p862278,189.86227838,9561,571.3500366210938,26,9587,667.8117065429688,96.461669921875
Periodic,28,P:Re_189p862278:9561,Re_189p862278,189.86227838,9561,571.3500366210938,27,9588,671.5217895507812,100.1717529296875
Periodic,28,P:Re_189p862278:9561,Re_189p862278,189.86227838,9561,571.3500366210938,28,9589,675.2318725585938,103.8818359375
Periodic,28,P:Re_189p862278:9561,Re_189p862278,189.86227838,9561,571.3500366210938,29,9590,678.94189453125,107.59185791015625
Periodic,28,P:Re_189p862278:9561,Re_189p862278,189.86227838,9561,571.3500366210938,30,9591,682.6519775390625,111.30194091796875
Periodic,28,P:Re_189p862278:9561,Re_189p862278,189.86227838,9561,571.3500366210938,31,9592,686.362060546875,115.01202392578125
Periodic,28,P:Re_189p862278:9561,Re_189p862278,189.86227838,9561,571.3500366210938,32,9593,690.0720825195312,118.7220458984375
Periodic,28,P:Re_189p862278:9561,Re_189p862278,189.86227838,9561,571.3500366210938,33,9594,693.7821655273438,122.43212890625
Periodic,28,P:Re_189p862278:9561,Re_189p862278,189.86227838,9561,571.3500366210938,34,9595,697.4922485351562,126.1422119140625
Periodic,28,P:Re_189p862278:9561,Re_189p862278,189.86227838,9561,571.3500366210938,35,9596,701.2023315429688,129.852294921875
Periodic,28,P:Re_189p862278:9561,Re_189p862278,189.86227838,9561,571.3500366210938,36,9597,704.912353515625,133.56231689453125
Periodic,28,P:Re_189p862278:9561,Re_189p862278,189.86227838,9561,571.3500366210938,37,9598,708.6224365234375,137.27239990234375
Periodic,28,P:Re_189p862278:9561,Re_189p862278,189.86227838,9561,571.3500366210938,38,9599,712.33251953125,140.98248291015625
Periodic,28,P:Re_189p862278:9561,Re_189p862278,189.86227838,9561,571.3500366210938,39,9600,716.0425415039062,144.6925048828125
Periodic,28,P:Re_189p862278:9561,Re_189p862278,189.86227838,9561,571.3500366210938,40,9601,719.7526245117188,148.402587890625
Periodic,28,P:Re_189p862278:9561,Re_189p862278,189.86227838,9561,571.3500366210938,41,9602,723.4627075195312,152.1126708984375
Periodic,28,P:Re_189p862278:9561,Re_189p862278,189.86227838,9561,571.3500366210938,42,9603,727.1727905273438,155.82275390625
Periodic,28,P:Re_189p862278:9561,Re_189p862278,189.86227838,9561,571.3500366210938,43,9604,730.8828125,159.53277587890625
Periodic,28,P:Re_189p862278:9561,Re_189p862278,189.86227838,9561,571.3500366210938,44,9605,734.5928955078125,163.24285888671875
Periodic,28,P:Re_189p862278:9561,Re_189p862278,189.86227838,9561,571.3500366210938,45,9606,738.302978515625,166.95294189453125
Periodic,28,P:Re_189p862278:9561,Re_189p862278,189.86227838,9561,571.3500366210938,46,9607,742.0130004882812,170.6629638671875
Periodic,28,P:Re_189p862278:9561,Re_189p862278,189.86227838,9561,571.3500366210938,47,9608,745.7230834960938,174.373046875
Periodic,28,P:Re_189p862278:9561,Re_189p862278,189.86227838,9561,571.3500366210938,48,9609,749.4331665039062,178.0831298828125
Periodic,29,P:Re_189p862278:9577,Re_189p862278,189.86227838,9577,630.7110595703125,1,9578,634.421142578125,3.7100830078125
Periodic,29,P:Re_189p862278:9577,Re_189p862278,189.86227838,9577,630.7110595703125,2,9579,638.1312255859375,7.420166015625
Periodic,29,P:Re_189p862278:9577,Re_189p862278,189.86227838,9577,630.7110595703125,3,9580,641.8412475585938,11.13018798828125
Periodic,29,P:Re_189p862278:9577,Re_189p862278,189.86227838,9577,630.7110595703125,4,9581,645.5513305664062,14.84027099609375
Periodic,29,P:Re_189p862278:9577,Re_189p862278,189.86227838,9577,630.7110595703125,5,9582,649.2614135742188,18.55035400390625
Periodic,29,P:Re_189p862278:9577,Re_189p862278,189.86227838,9577,630.7110595703125,6,9583,652.971435546875,22.2603759765625
Periodic,29,P:Re_189p862278:9577,Re_189p862278,189.86227838,9577,630.7110595703125,7,9584,656.6815185546875,25.970458984375
Periodic,29,P:Re_189p862278:9577,Re_189p862278,189.86227838,9577,630.7110595703125,8,9585,660.3916015625,29.6805419921875
Periodic,29,P:Re_189p862278:9577,Re_189p862278,189.86227838,9577,630.7110595703125,9,9586,664.1016235351562,33.39056396484375
Periodic,29,P:Re_189p862278:9577,Re_189p862278,189.86227838,9577,630.7110595703125,10,9587,667.8117065429688,37.10064697265625
Periodic,29,P:Re_189p862278:9577,Re_189p862278,189.86227838,9577,630.7110595703125,11,9588,671.5217895507812,40.81072998046875
Periodic,29,P:Re_189p862278:9577,Re_189p862278,189.86227838,9577,630.7110595703125,12,9589,675.2318725585938,44.52081298828125
Periodic,29,P:Re_189p862278:9577,Re_189p862278,189.86227838,9577,630.7110595703125,13,9590,678.94189453125,48.2308349609375
Periodic,29,P:Re_189p862278:9577,Re_189p862278,189.86227838,9577,630.7110595703125,14,9591,682.6519775390625,51.94091796875
Periodic,29,P:Re_189p862278:9577,Re_189p862278,189.86227838,9577,630.7110595703125,15,9592,686.362060546875,55.6510009765625
Periodic,29,P:Re_189p862278:9577,Re_189p862278,189.86227838,9577,630.7110595703125,16,9593,690.0720825195312,59.36102294921875
Periodic,29,P:Re_189p862278:9577,Re_189p862278,189.86227838,9577,630.7110595703125,17,9594,693.7821655273438,63.07110595703125
Periodic,29,P:Re_189p862278:9577,Re_189p862278,189.86227838,9577,630.7110595703125,18,9595,697.4922485351562,66.78118896484375
Periodic,29,P:Re_189p862278:9577,Re_189p862278,189.86227838,9577,630.7110595703125,19,9596,701.2023315429688,70.49127197265625
Periodic,29,P:Re_189p862278:9577,Re_189p862278,189.86227838,9577,630.7110595703125,20,9597,704.912353515625,74.2012939453125
Periodic,29,P:Re_189p862278:9577,Re_189p862278,189.86227838,9577,630.7110595703125,21,9598,708.6224365234375,77.911376953125
Periodic,29,P:Re_189p862278:9577,Re_189p862278,189.86227838,9577,630.7110595703125,22,9599,712.33251953125,81.6214599609375
Periodic,29,P:Re_189p862278:9577,Re_189p862278,189.86227838,9577,630.7110595703125,23,9600,716.0425415039062,85.33148193359375
Periodic,29,P:Re_189p862278:9577,Re_189p862278,189.86227838,9577,630.7110595703125,24,9601,719.7526245117188,89.04156494140625
Periodic,29,P:Re_189p862278:9577,Re_189p862278,189.86227838,9577,630.7110595703125,25,9602,723.4627075195312,92.75164794921875
Periodic,29,P:Re_189p862278:9577,Re_189p862278,189.86227838,9577,630.7110595703125,26,9603,727.1727905273438,96.46173095703125
Periodic,29,P:Re_189p862278:9577,Re_189p862278,189.86227838,9577,630.7110595703125,27,9604,730.8828125,100.1717529296875
Periodic,29,P:Re_189p862278:9577,Re_189p862278,189.86227838,9577,630.7110595703125,28,9605,734.5928955078125,103.8818359375
Periodic,29,P:Re_189p862278:9577,Re_189p862278,189.86227838,9577,630.7110595703125,29,9606,738.302978515625,107.5919189453125
Periodic,29,P:Re_189p862278:9577,Re_189p862278,189.86227838,9577,630.7110595703125,30,9607,742.0130004882812,111.30194091796875
Periodic,29,P:Re_189p862278:9577,Re_189p862278,189.86227838,9577,630.7110595703125,31,9608,745.7230834960938,115.01202392578125
Periodic,29,P:Re_189p862278:9577,Re_189p862278,189.86227838,9577,630.7110595703125,32,9609,749.4331665039062,118.72210693359375
Periodic,29,P:Re_189p862278:9577,Re_189p862278,189.86227838,9577,630.7110595703125,33,9610,753.1431884765625,122.43212890625
Periodic,29,P:Re_189p862278:9577,Re_189p862278,189.86227838,9577,630.7110595703125,34,9611,756.853271484375,126.1422119140625
Periodic,29,P:Re_189p862278:9577,Re_189p862278,189.86227838,9577,630.7110595703125,35,9612,760.5633544921875,129.852294921875
Periodic,29,P:Re_189p862278:9577,Re_189p862278,189.86227838,9577,630.7110595703125,36,9613,764.2734375,133.5623779296875
Periodic,29,P:Re_189p862278:9577,Re_189p862278,189.86227838,9577,630.7110595703125,37,9614,767.9834594726562,137.27239990234375
Periodic,29,P:Re_189p862278:9577,Re_189p862278,189.86227838,9577,630.7110595703125,38,9615,771.6935424804688,140.98248291015625
Periodic,29,P:Re_189p862278:9577,Re_189p862278,189.86227838,9577,630.7110595703125,39,9616,775.4036254882812,144.69256591796875
Periodic,29,P:Re_189p862278:9577,Re_189p862278,189.86227838,9577,630.7110595703125,40,9617,779.1136474609375,148.402587890625
Periodic,29,P:Re_189p862278:9577,Re_189p862278,189.86227838,9577,630.7110595703125,41,9618,782.82373046875,152.1126708984375
Periodic,29,P:Re_189p862278:9577,Re_189p862278,189.86227838,9577,630.7110595703125,42,9619,786.5338134765625,155.82275390625
Periodic,29,P:Re_189p862278:9577,Re_189p862278,189.86227838,9577,630.7110595703125,43,9620,790.243896484375,159.5328369140625
Periodic,29,P:Re_189p862278:9577,Re_189p862278,189.86227838,9577,630.7110595703125,44,9621,793.9539184570312,163.24285888671875
Periodic,29,P:Re_189p862278:9577,Re_189p862278,189.86227838,9577,630.7110595703125,45,9622,797.6640014648438,166.95294189453125
Periodic,29,P:Re_189p862278:9577,Re_189p862278,189.86227838,9577,630.7110595703125,46,9623,801.3740844726562,170.66302490234375
Periodic,29,P:Re_189p862278:9577,Re_189p862278,189.86227838,9577,630.7110595703125,47,9624,805.0841064453125,174.373046875
Periodic,29,P:Re_189p862278:9577,Re_189p862278,189.86227838,9577,630.7110595703125,48,9625,808.794189453125,178.0831298828125
Periodic,30,P:Re_189p862278:9593,Re_189p862278,189.86227838,9593,690.0720825195312,1,9594,693.7821655273438,3.7100830078125
Periodic,30,P:Re_189p862278:9593,Re_189p862278,189.86227838,9593,690.0720825195312,2,9595,697.4922485351562,7.420166015625
Periodic,30,P:Re_189p862278:9593,Re_189p862278,189.86227838,9593,690.0720825195312,3,9596,701.2023315429688,11.1302490234375
Periodic,30,P:Re_189p862278:9593,Re_189p862278,189.86227838,9593,690.0720825195312,4,9597,704.912353515625,14.84027099609375
Periodic,30,P:Re_189p862278:9593,Re_189p862278,189.86227838,9593,690.0720825195312,5,9598,708.6224365234375,18.55035400390625
Periodic,30,P:Re_189p862278:9593,Re_189p862278,189.86227838,9593,690.0720825195312,6,9599,712.33251953125,22.26043701171875
Periodic,30,P:Re_189p862278:9593,Re_189p862278,189.86227838,9593,690.0720825195312,7,9600,716.0425415039062,25.970458984375
Periodic,30,P:Re_189p862278:9593,Re_189p862278,189.86227838,9593,690.0720825195312,8,9601,719.7526245117188,29.6805419921875
Periodic,30,P:Re_189p862278:9593,Re_189p862278,189.86227838,9593,690.0720825195312,9,9602,723.4627075195312,33.390625
Periodic,30,P:Re_189p862278:9593,Re_189p862278,189.86227838,9593,690.0720825195312,10,9603,727.1727905273438,37.1007080078125
Periodic,30,P:Re_189p862278:9593,Re_189p862278,189.86227838,9593,690.0720825195312,11,9604,730.8828125,40.81072998046875
Periodic,30,P:Re_189p862278:9593,Re_189p862278,189.86227838,9593,690.0720825195312,12,9605,734.5928955078125,44.52081298828125
Periodic,30,P:Re_189p862278:9593,Re_189p862278,189.86227838,9593,690.0720825195312,13,9606,738.302978515625,48.23089599609375
Periodic,30,P:Re_189p862278:9593,Re_189p862278,189.86227838,9593,690.0720825195312,14,9607,742.0130004882812,51.94091796875
Periodic,30,P:Re_189p862278:9593,Re_189p862278,189.86227838,9593,690.0720825195312,15,9608,745.7230834960938,55.6510009765625
Periodic,30,P:Re_189p862278:9593,Re_189p862278,189.86227838,9593,690.0720825195312,16,9609,749.4331665039062,59.361083984375
Periodic,30,P:Re_189p862278:9593,Re_189p862278,189.86227838,9593,690.0720825195312,17,9610,753.1431884765625,63.07110595703125
Periodic,30,P:Re_189p862278:9593,Re_189p862278,189.86227838,9593,690.0720825195312,18,9611,756.853271484375,66.78118896484375
Periodic,30,P:Re_189p862278:9593,Re_189p862278,189.86227838,9593,690.0720825195312,19,9612,760.5633544921875,70.49127197265625
Periodic,30,P:Re_189p862278:9593,Re_189p862278,189.86227838,9593,690.0720825195312,20,9613,764.2734375,74.20135498046875
Periodic,30,P:Re_189p862278:9593,Re_189p862278,189.86227838,9593,690.0720825195312,21,9614,767.9834594726562,77.911376953125
Periodic,30,P:Re_189p862278:9593,Re_189p862278,189.86227838,9593,690.0720825195312,22,9615,771.6935424804688,81.6214599609375
Periodic,30,P:Re_189p862278:9593,Re_189p862278,189.86227838,9593,690.0720825195312,23,9616,775.4036254882812,85.33154296875
Periodic,30,P:Re_189p862278:9593,Re_189p862278,189.86227838,9593,690.0720825195312,24,9617,779.1136474609375,89.04156494140625
Periodic,30,P:Re_189p862278:9593,Re_189p862278,189.86227838,9593,690.0720825195312,25,9618,782.82373046875,92.75164794921875
Periodic,30,P:Re_189p862278:9593,Re_189p862278,189.86227838,9593,690.0720825195312,26,9619,786.5338134765625,96.46173095703125
Periodic,30,P:Re_189p862278:9593,Re_189p862278,189.86227838,9593,690.0720825195312,27,9620,790.243896484375,100.17181396484375
Periodic,30,P:Re_189p862278:9593,Re_189p862278,189.86227838,9593,690.0720825195312,28,9621,793.9539184570312,103.8818359375
Periodic,30,P:Re_189p862278:9593,Re_189p862278,189.86227838,9593,690.0720825195312,29,9622,797.6640014648438,107.5919189453125
Periodic,30,P:Re_189p862278:9593,Re_189p862278,189.86227838,9593,690.0720825195312,30,9623,801.3740844726562,111.302001953125
Periodic,30,P:Re_189p862278:9593,Re_189p862278,189.86227838,9593,690.0720825195312,31,9624,805.0841064453125,115.01202392578125
Periodic,30,P:Re_189p862278:9593,Re_189p862278,189.86227838,9593,690.0720825195312,32,9625,808.794189453125,118.72210693359375
Periodic,30,P:Re_189p862278:9593,Re_189p862278,189.86227838,9593,690.0720825195312,33,9626,812.5042724609375,122.43218994140625
Periodic,30,P:Re_189p862278:9593,Re_189p862278,189.86227838,9593,690.0720825195312,34,9627,816.2142944335938,126.1422119140625
Periodic,30,P:Re_189p862278:9593,Re_189p862278,189.86227838,9593,690.0720825195312,35,9628,819.9243774414062,129.852294921875
Periodic,30,P:Re_189p862278:9593,Re_189p862278,189.86227838,9593,690.0720825195312,36,9629,823.6344604492188,133.5623779296875
Periodic,30,P:Re_189p862278:9593,Re_189p862278,189.86227838,9593,690.0720825195312,37,9630,827.3445434570312,137.2724609375
Periodic,30,P:Re_189p862278:9593,Re_189p862278,189.86227838,9593,690.0720825195312,38,9631,831.0545654296875,140.98248291015625
Periodic,30,P:Re_189p862278:9593,Re_189p862278,189.86227838,9593,690.0720825195312,39,9632,834.7646484375,144.69256591796875
Periodic,30,P:Re_189p862278:9593,Re_189p862278,189.86227838,9593,690.0720825195312,40,9633,838.4747314453125,148.40264892578125
Periodic,30,P:Re_189p862278:9593,Re_189p862278,189.86227838,9593,690.0720825195312,41,9634,842.1847534179688,152.1126708984375
Periodic,30,P:Re_189p862278:9593,Re_189p862278,189.86227838,9593,690.0720825195312,42,9635,845.8948364257812,155.82275390625
Periodic,30,P:Re_189p862278:9593,Re_189p862278,189.86227838,9593,690.0720825195312,43,9636,849.6049194335938,159.5328369140625
Periodic,30,P:Re_189p862278:9593,Re_189p862278,189.86227838,9593,690.0720825195312,44,9637,853.3150024414062,163.242919921875
Periodic,30,P:Re_189p862278:9593,Re_189p862278,189.86227838,9593,690.0720825195312,45,9638,857.0250244140625,166.95294189453125
Periodic,30,P:Re_189p862278:9593,Re_189p862278,189.86227838,9593,690.0720825195312,46,9639,860.735107421875,170.66302490234375
Periodic,30,P:Re_189p862278:9593,Re_189p862278,189.86227838,9593,690.0720825195312,47,9640,864.4451904296875,174.37310791015625
Periodic,30,P:Re_189p862278:9593,Re_189p862278,189.86227838,9593,690.0720825195312,48,9641,868.1552124023438,178.0831298828125
Periodic,31,P:Re_189p862278:9609,Re_189p862278,189.86227838,9609,749.4331665039062,1,9610,753.1431884765625,3.71002197265625
Periodic,31,P:Re_189p862278:9609,Re_189p862278,189.86227838,9609,749.4331665039062,2,9611,756.853271484375,7.42010498046875
Periodic,31,P:Re_189p862278:9609,Re_189p862278,189.86227838,9609,749.4331665039062,3,9612,760.5633544921875,11.13018798828125
Periodic,31,P:Re_189p862278:9609,Re_189p862278,189.86227838,9609,749.4331665039062,4,9613,764.2734375,14.84027099609375
Periodic,31,P:Re_189p862278:9609,Re_189p862278,189.86227838,9609,749.4331665039062,5,9614,767.9834594726562,18.55029296875
Periodic,31,P:Re_189p862278:9609,Re_189p862278,189.86227838,9609,749.4331665039062,6,9615,771.6935424804688,22.2603759765625
Periodic,31,P:Re_189p862278:9609,Re_189p862278,189.86227838,9609,749.4331665039062,7,9616,775.4036254882812,25.970458984375
Periodic,31,P:Re_189p862278:9609,Re_189p862278,189.86227838,9609,749.4331665039062,8,9617,779.1136474609375,29.68048095703125
Periodic,31,P:Re_189p862278:9609,Re_189p862278,189.86227838,9609,749.4331665039062,9,9618,782.82373046875,33.39056396484375
Periodic,31,P:Re_189p862278:9609,Re_189p862278,189.86227838,9609,749.4331665039062,10,9619,786.5338134765625,37.10064697265625
Periodic,31,P:Re_189p862278:9609,Re_189p862278,189.86227838,9609,749.4331665039062,11,9620,790.243896484375,40.81072998046875
Periodic,31,P:Re_189p862278:9609,Re_189p862278,189.86227838,9609,749.4331665039062,12,9621,793.9539184570312,44.520751953125
Periodic,31,P:Re_189p862278:9609,Re_189p862278,189.86227838,9609,749.4331665039062,13,9622,797.6640014648438,48.2308349609375
Periodic,31,P:Re_189p862278:9609,Re_189p862278,189.86227838,9609,749.4331665039062,14,9623,801.3740844726562,51.94091796875
Periodic,31,P:Re_189p862278:9609,Re_189p862278,189.86227838,9609,749.4331665039062,15,9624,805.0841064453125,55.65093994140625
Periodic,31,P:Re_189p862278:9609,Re_189p862278,189.86227838,9609,749.4331665039062,16,9625,808.794189453125,59.36102294921875
Periodic,31,P:Re_189p862278:9609,Re_189p862278,189.86227838,9609,749.4331665039062,17,9626,812.5042724609375,63.07110595703125
Periodic,31,P:Re_189p862278:9609,Re_189p862278,189.86227838,9609,749.4331665039062,18,9627,816.2142944335938,66.7811279296875
Periodic,31,P:Re_189p862278:9609,Re_189p862278,189.86227838,9609,749.4331665039062,19,9628,819.9243774414062,70.4912109375
Periodic,31,P:Re_189p862278:9609,Re_189p862278,189.86227838,9609,749.4331665039062,20,9629,823.6344604492188,74.2012939453125
Periodic,31,P:Re_189p862278:9609,Re_189p862278,189.86227838,9609,749.4331665039062,21,9630,827.3445434570312,77.911376953125
Periodic,31,P:Re_189p862278:9609,Re_189p862278,189.86227838,9609,749.4331665039062,22,9631,831.0545654296875,81.62139892578125
Periodic,31,P:Re_189p862278:9609,Re_189p862278,189.86227838,9609,749.4331665039062,23,9632,834.7646484375,85.33148193359375
Periodic,31,P:Re_189p862278:9609,Re_189p862278,189.86227838,9609,749.4331665039062,24,9633,838.4747314453125,89.04156494140625
Periodic,31,P:Re_189p862278:9609,Re_189p862278,189.86227838,9609,749.4331665039062,25,9634,842.1847534179688,92.7515869140625
Periodic,31,P:Re_189p862278:9609,Re_189p862278,189.86227838,9609,749.4331665039062,26,9635,845.8948364257812,96.461669921875
Periodic,31,P:Re_189p862278:9609,Re_189p862278,189.86227838,9609,749.4331665039062,27,9636,849.6049194335938,100.1717529296875
Periodic,31,P:Re_189p862278:9609,Re_189p862278,189.86227838,9609,749.4331665039062,28,9637,853.3150024414062,103.8818359375
Periodic,31,P:Re_189p862278:9609,Re_189p862278,189.86227838,9609,749.4331665039062,29,9638,857.0250244140625,107.59185791015625
Periodic,31,P:Re_189p862278:9609,Re_189p862278,189.86227838,9609,749.4331665039062,30,9639,860.735107421875,111.30194091796875
Periodic,31,P:Re_189p862278:9609,Re_189p862278,189.86227838,9609,749.4331665039062,31,9640,864.4451904296875,115.01202392578125
Periodic,31,P:Re_189p862278:9609,Re_189p862278,189.86227838,9609,749.4331665039062,32,9641,868.1552124023438,118.7220458984375
Periodic,31,P:Re_189p862278:9609,Re_189p862278,189.86227838,9609,749.4331665039062,33,9642,871.8652954101562,122.43212890625
Periodic,31,P:Re_189p862278:9609,Re_189p862278,189.86227838,9609,749.4331665039062,34,9643,875.5753784179688,126.1422119140625
Periodic,31,P:Re_189p862278:9609,Re_189p862278,189.86227838,9609,749.4331665039062,35,9644,879.285400390625,129.85223388671875
Periodic,31,P:Re_189p862278:9609,Re_189p862278,189.86227838,9609,749.4331665039062,36,9645,882.9954833984375,133.56231689453125
Periodic,31,P:Re_189p862278:9609,Re_189p862278,189.86227838,9609,749.4331665039062,37,9646,886.70556640625,137.27239990234375
Periodic,31,P:Re_189p862278:9609,Re_189p862278,189.86227838,9609,749.4331665039062,38,9647,890.4156494140625,140.98248291015625
Periodic,31,P:Re_189p862278:9609,Re_189p862278,189.86227838,9609,749.4331665039062,39,9648,894.1256713867188,144.6925048828125
Periodic,31,P:Re_189p862278:9609,Re_189p862278,189.86227838,9609,749.4331665039062,40,9649,897.8357543945312,148.402587890625
Periodic,31,P:Re_189p862278:9609,Re_189p862278,189.86227838,9609,749.4331665039062,41,9650,901.5458374023438,152.1126708984375
Periodic,31,P:Re_189p862278:9609,Re_189p862278,189.86227838,9609,749.4331665039062,42,9651,905.255859375,155.82269287109375
Periodic,31,P:Re_189p862278:9609,Re_189p862278,189.86227838,9609,749.4331665039062,43,9652,908.9659423828125,159.53277587890625
Periodic,31,P:Re_189p862278:9609,Re_189p862278,189.86227838,9609,749.4331665039062,44,9653,912.676025390625,163.24285888671875
Periodic,31,P:Re_189p862278:9609,Re_189p862278,189.86227838,9609,749.4331665039062,45,9654,916.3861083984375,166.95294189453125
Periodic,31,P:Re_189p862278:9609,Re_189p862278,189.86227838,9609,749.4331665039062,46,9655,920.0961303710938,170.6629638671875
Periodic,31,P:Re_189p862278:9609,Re_189p862278,189.86227838,9609,749.4331665039062,47,9656,923.8062133789062,174.373046875
Periodic,31,P:Re_189p862278:9609,Re_189p862278,189.86227838,9609,749.4331665039062,48,9657,927.5162963867188,178.0831298828125
