{"event": "split_start", "experiment": "fluidic_pinball_periodic_v2_rank999_ru17_rp16", "test_label": "Re_022.250", "test_Re": 22.25, "holdout_labels": ["Re_022.250", "Re_024.000", "Re_027.500", "Re_031.000", "Re_034.500", "Re_038.000", "Re_043.000", "Re_050.000", "Re_057.000"], "train_re_count": 47, "test_re_count": 9, "kept_train_samples": 2291, "dense_train_samples_before_time_sparsity": 2291, "compression_ratio_vs_dense_train": 1.0}
swanlab: Currently logged in as: panxy1019 to https://api.swanlab.cn. Use 
`swanlab login --relogin` to force relogin
swanlab: Tracking run with swanlab version 0.9.0
swanlab: 💾 Run data saved at 
/root/siton-data-ecd30b0dd03a4b6c86d4ad3b98458111/panxy/particalMOE/fluidic_pinb
all_periodic_v2/runs/long_seed1600/swanlog/run-20260806_153038-7pdxuvl9-ae991e48
f12f-8909
swanlab: 📁 View project at 
https://swanlab.cn/@panxy1019/FluidicPinballPeriodicV2
swanlab: 🚀 View run FluidicPinball-Periodic-V2-long at 
https://swanlab.cn/@panxy1019/FluidicPinballPeriodicV2/runs/7pdxuvl9
{"event": "epoch_performance", "epoch": 1, "rollout_steps": 4, "rollout_updates": 2, "rollout_batch": 56, "train_seconds": 66.00454746093601, "peak_memory_gib": 2.4585514068603516, "amp_mode": "bf16"}
{"event": "epoch_eval", "experiment": "fluidic_pinball_periodic_v2_rank999_ru17_rp16", "test_label": "Re_022.250", "epoch": 1, "train_loss": 2748.1478678385415, "val_score": 0.4915459899231791, "val_rhs_relative_l2": 0.03330060839653015, "val_alpha_relative_l2": 0.01492223422974348, "val_pressure_relative_l2": 1.2666375637054443, "scheduled_sampling": 1.0, "rollout_steps": 4, "epoch_train_seconds": 66.00454746093601, "peak_memory_gib": 2.4585514068603516}
{"event": "epoch_performance", "epoch": 2, "rollout_steps": 4, "rollout_updates": 2, "rollout_batch": 56, "train_seconds": 67.97943313699216, "peak_memory_gib": 2.6531858444213867, "amp_mode": "bf16"}
{"event": "epoch_performance", "epoch": 3, "rollout_steps": 4, "rollout_updates": 2, "rollout_batch": 56, "train_seconds": 61.31579929077998, "peak_memory_gib": 2.654806137084961, "amp_mode": "bf16"}
{"event": "epoch_performance", "epoch": 4, "rollout_steps": 4, "rollout_updates": 2, "rollout_batch": 56, "train_seconds": 60.49412248283625, "peak_memory_gib": 2.6501379013061523, "amp_mode": "bf16"}
{"event": "epoch_performance", "epoch": 5, "rollout_steps": 4, "rollout_updates": 2, "rollout_batch": 56, "train_seconds": 53.31066576670855, "peak_memory_gib": 2.654904365539551, "amp_mode": "bf16"}
{"event": "epoch_performance", "epoch": 6, "rollout_steps": 4, "rollout_updates": 2, "rollout_batch": 56, "train_seconds": 50.9342622961849, "peak_memory_gib": 2.6510009765625, "amp_mode": "bf16"}
{"event": "epoch_performance", "epoch": 7, "rollout_steps": 4, "rollout_updates": 2, "rollout_batch": 56, "train_seconds": 48.89291686471552, "peak_memory_gib": 2.641752243041992, "amp_mode": "bf16"}
{"event": "epoch_performance", "epoch": 8, "rollout_steps": 4, "rollout_updates": 2, "rollout_batch": 56, "train_seconds": 51.468719052150846, "peak_memory_gib": 2.643980026245117, "amp_mode": "bf16"}
{"event": "epoch_performance", "epoch": 9, "rollout_steps": 4, "rollout_updates": 2, "rollout_batch": 56, "train_seconds": 53.66300549777225, "peak_memory_gib": 2.6651086807250977, "amp_mode": "bf16"}
{"event": "epoch_performance", "epoch": 10, "rollout_steps": 4, "rollout_updates": 2, "rollout_batch": 56, "train_seconds": 55.57306010182947, "peak_memory_gib": 2.6656713485717773, "amp_mode": "bf16"}
{"event": "epoch_eval", "experiment": "fluidic_pinball_periodic_v2_rank999_ru17_rp16", "test_label": "Re_022.250", "epoch": 10, "train_loss": 513.7352294921875, "val_score": 0.26091903652995824, "val_rhs_relative_l2": 0.025812972337007523, "val_alpha_relative_l2": 0.014637733809649944, "val_pressure_relative_l2": 0.6299095153808594, "scheduled_sampling": 1.0, "rollout_steps": 4, "epoch_train_seconds": 55.57306010182947, "peak_memory_gib": 2.6656713485717773}
{"event": "epoch_performance", "epoch": 11, "rollout_steps": 4, "rollout_updates": 2, "rollout_batch": 56, "train_seconds": 63.78964687231928, "peak_memory_gib": 2.6581192016601562, "amp_mode": "bf16"}
{"event": "epoch_performance", "epoch": 12, "rollout_steps": 4, "rollout_updates": 2, "rollout_batch": 56, "train_seconds": 58.241504691075534, "peak_memory_gib": 2.6336231231689453, "amp_mode": "bf16"}
{"event": "epoch_performance", "epoch": 13, "rollout_steps": 4, "rollout_updates": 2, "rollout_batch": 56, "train_seconds": 59.58948540408164, "peak_memory_gib": 2.6502065658569336, "amp_mode": "bf16"}
{"event": "epoch_performance", "epoch": 14, "rollout_steps": 4, "rollout_updates": 2, "rollout_batch": 56, "train_seconds": 58.95872144494206, "peak_memory_gib": 2.641474723815918, "amp_mode": "bf16"}
{"event": "epoch_performance", "epoch": 15, "rollout_steps": 4, "rollout_updates": 2, "rollout_batch": 56, "train_seconds": 62.05191909195855, "peak_memory_gib": 2.6528091430664062, "amp_mode": "bf16"}
{"event": "epoch_performance", "epoch": 16, "rollout_steps": 4, "rollout_updates": 2, "rollout_batch": 56, "train_seconds": 64.05895429896191, "peak_memory_gib": 2.654412269592285, "amp_mode": "bf16"}
{"event": "epoch_performance", "epoch": 17, "rollout_steps": 4, "rollout_updates": 2, "rollout_batch": 56, "train_seconds": 64.75888655614108, "peak_memory_gib": 2.6507787704467773, "amp_mode": "bf16"}
{"event": "epoch_performance", "epoch": 18, "rollout_steps": 4, "rollout_updates": 2, "rollout_batch": 56, "train_seconds": 62.93028072314337, "peak_memory_gib": 2.652127265930176, "amp_mode": "bf16"}
{"event": "epoch_performance", "epoch": 19, "rollout_steps": 4, "rollout_updates": 2, "rollout_batch": 56, "train_seconds": 63.641306466888636, "peak_memory_gib": 2.652358055114746, "amp_mode": "bf16"}
{"event": "epoch_performance", "epoch": 20, "rollout_steps": 4, "rollout_updates": 2, "rollout_batch": 56, "train_seconds": 61.189672831911594, "peak_memory_gib": 2.652174949645996, "amp_mode": "bf16"}
{"event": "epoch_eval", "experiment": "fluidic_pinball_periodic_v2_rank999_ru17_rp16", "test_label": "Re_022.250", "epoch": 20, "train_loss": 26.523763020833332, "val_score": 0.12179937958717346, "val_rhs_relative_l2": 0.025551432743668556, "val_alpha_relative_l2": 0.014582870528101921, "val_pressure_relative_l2": 0.23332878947257996, "scheduled_sampling": 1.0, "rollout_steps": 4, "epoch_train_seconds": 61.189672831911594, "peak_memory_gib": 2.652174949645996}
{"event": "epoch_performance", "epoch": 21, "rollout_steps": 4, "rollout_updates": 2, "rollout_batch": 56, "train_seconds": 59.11254290677607, "peak_memory_gib": 2.642031669616699, "amp_mode": "bf16"}
{"event": "epoch_performance", "epoch": 22, "rollout_steps": 4, "rollout_updates": 2, "rollout_batch": 56, "train_seconds": 63.14119998179376, "peak_memory_gib": 2.65627384185791, "amp_mode": "bf16"}
{"event": "epoch_performance", "epoch": 23, "rollout_steps": 4, "rollout_updates": 2, "rollout_batch": 56, "train_seconds": 59.39630178594962, "peak_memory_gib": 2.651949882507324, "amp_mode": "bf16"}
{"event": "epoch_performance", "epoch": 24, "rollout_steps": 4, "rollout_updates": 2, "rollout_batch": 56, "train_seconds": 64.4449129612185, "peak_memory_gib": 2.6553173065185547, "amp_mode": "bf16"}
{"event": "epoch_performance", "epoch": 25, "rollout_steps": 4, "rollout_updates": 2, "rollout_batch": 56, "train_seconds": 57.84076915914193, "peak_memory_gib": 2.647317886352539, "amp_mode": "bf16"}
{"event": "epoch_performance", "epoch": 26, "rollout_steps": 4, "rollout_updates": 2, "rollout_batch": 56, "train_seconds": 62.706000837963074, "peak_memory_gib": 2.6540679931640625, "amp_mode": "bf16"}
{"event": "epoch_performance", "epoch": 27, "rollout_steps": 4, "rollout_updates": 2, "rollout_batch": 56, "train_seconds": 58.55196722596884, "peak_memory_gib": 2.6534500122070312, "amp_mode": "bf16"}
{"event": "epoch_performance", "epoch": 28, "rollout_steps": 4, "rollout_updates": 2, "rollout_batch": 56, "train_seconds": 56.165407913737, "peak_memory_gib": 2.6337690353393555, "amp_mode": "bf16"}
{"event": "epoch_performance", "epoch": 29, "rollout_steps": 4, "rollout_updates": 2, "rollout_batch": 56, "train_seconds": 60.71864307299256, "peak_memory_gib": 2.642972946166992, "amp_mode": "bf16"}
{"event": "epoch_performance", "epoch": 30, "rollout_steps": 4, "rollout_updates": 2, "rollout_batch": 56, "train_seconds": 60.20623462134972, "peak_memory_gib": 2.643496513366699, "amp_mode": "bf16"}
{"event": "epoch_eval", "experiment": "fluidic_pinball_periodic_v2_rank999_ru17_rp16", "test_label": "Re_022.250", "epoch": 30, "train_loss": 12.158669471740723, "val_score": 0.08651514519006014, "val_rhs_relative_l2": 0.02480783499777317, "val_alpha_relative_l2": 0.014483562670648098, "val_pressure_relative_l2": 0.1349249929189682, "scheduled_sampling": 1.0, "rollout_steps": 4, "epoch_train_seconds": 60.20623462134972, "peak_memory_gib": 2.643496513366699}
{"event": "epoch_performance", "epoch": 31, "rollout_steps": 4, "rollout_updates": 2, "rollout_batch": 56, "train_seconds": 56.713846439961344, "peak_memory_gib": 2.6463184356689453, "amp_mode": "bf16"}
{"event": "epoch_performance", "epoch": 32, "rollout_steps": 4, "rollout_updates": 2, "rollout_batch": 56, "train_seconds": 56.659561892040074, "peak_memory_gib": 2.6429357528686523, "amp_mode": "bf16"}
{"event": "epoch_performance", "epoch": 33, "rollout_steps": 4, "rollout_updates": 2, "rollout_batch": 56, "train_seconds": 65.58328285627067, "peak_memory_gib": 2.654486656188965, "amp_mode": "bf16"}
{"event": "epoch_performance", "epoch": 34, "rollout_steps": 4, "rollout_updates": 2, "rollout_batch": 56, "train_seconds": 59.848402134142816, "peak_memory_gib": 2.6463136672973633, "amp_mode": "bf16"}
{"event": "epoch_performance", "epoch": 35, "rollout_steps": 4, "rollout_updates": 2, "rollout_batch": 56, "train_seconds": 57.937906867824495, "peak_memory_gib": 2.654939651489258, "amp_mode": "bf16"}
{"event": "epoch_performance", "epoch": 36, "rollout_steps": 4, "rollout_updates": 2, "rollout_batch": 56, "train_seconds": 58.795396090019494, "peak_memory_gib": 2.6407575607299805, "amp_mode": "bf16"}
{"event": "epoch_performance", "epoch": 37, "rollout_steps": 4, "rollout_updates": 2, "rollout_batch": 56, "train_seconds": 62.90357663389295, "peak_memory_gib": 2.651003837585449, "amp_mode": "bf16"}
{"event": "epoch_performance", "epoch": 38, "rollout_steps": 4, "rollout_updates": 2, "rollout_batch": 56, "train_seconds": 57.80212743580341, "peak_memory_gib": 2.650387763977051, "amp_mode": "bf16"}
{"event": "epoch_performance", "epoch": 39, "rollout_steps": 4, "rollout_updates": 2, "rollout_batch": 56, "train_seconds": 59.47819495387375, "peak_memory_gib": 2.643233299255371, "amp_mode": "bf16"}
{"event": "epoch_performance", "epoch": 40, "rollout_steps": 4, "rollout_updates": 2, "rollout_batch": 56, "train_seconds": 48.578581219073385, "peak_memory_gib": 2.6479272842407227, "amp_mode": "bf16"}
{"event": "epoch_eval", "experiment": "fluidic_pinball_periodic_v2_rank999_ru17_rp16", "test_label": "Re_022.250", "epoch": 40, "train_loss": 5.72285270690918, "val_score": 0.07130190953612328, "val_rhs_relative_l2": 0.02442076802253723, "val_alpha_relative_l2": 0.014404850080609322, "val_pressure_relative_l2": 0.09278940409421921, "scheduled_sampling": 1.0, "rollout_steps": 4, "epoch_train_seconds": 48.578581219073385, "peak_memory_gib": 2.6479272842407227}
{"event": "epoch_performance", "epoch": 41, "rollout_steps": 4, "rollout_updates": 2, "rollout_batch": 56, "train_seconds": 44.191075668204576, "peak_memory_gib": 2.6548032760620117, "amp_mode": "bf16"}
{"event": "epoch_performance", "epoch": 42, "rollout_steps": 4, "rollout_updates": 2, "rollout_batch": 56, "train_seconds": 46.99699016707018, "peak_memory_gib": 2.654581069946289, "amp_mode": "bf16"}
{"event": "epoch_performance", "epoch": 43, "rollout_steps": 4, "rollout_updates": 2, "rollout_batch": 56, "train_seconds": 40.82184938015416, "peak_memory_gib": 2.6257476806640625, "amp_mode": "bf16"}
{"event": "epoch_performance", "epoch": 44, "rollout_steps": 4, "rollout_updates": 2, "rollout_batch": 56, "train_seconds": 47.03445105114952, "peak_memory_gib": 2.6391477584838867, "amp_mode": "bf16"}
{"event": "epoch_performance", "epoch": 45, "rollout_steps": 4, "rollout_updates": 2, "rollout_batch": 56, "train_seconds": 44.631496815010905, "peak_memory_gib": 2.634868621826172, "amp_mode": "bf16"}
{"event": "epoch_performance", "epoch": 46, "rollout_steps": 4, "rollout_updates": 2, "rollout_batch": 56, "train_seconds": 45.94850423792377, "peak_memory_gib": 2.6456594467163086, "amp_mode": "bf16"}
{"event": "epoch_performance", "epoch": 47, "rollout_steps": 4, "rollout_updates": 2, "rollout_batch": 56, "train_seconds": 42.97179061220959, "peak_memory_gib": 2.642393112182617, "amp_mode": "bf16"}
{"event": "epoch_performance", "epoch": 48, "rollout_steps": 4, "rollout_updates": 2, "rollout_batch": 56, "train_seconds": 46.43564845202491, "peak_memory_gib": 2.6412572860717773, "amp_mode": "bf16"}
{"event": "epoch_performance", "epoch": 49, "rollout_steps": 4, "rollout_updates": 2, "rollout_batch": 56, "train_seconds": 46.20289645856246, "peak_memory_gib": 2.6452198028564453, "amp_mode": "bf16"}
{"event": "epoch_performance", "epoch": 50, "rollout_steps": 4, "rollout_updates": 2, "rollout_batch": 56, "train_seconds": 57.6683372030966, "peak_memory_gib": 2.645944595336914, "amp_mode": "bf16"}
{"event": "epoch_eval", "experiment": "fluidic_pinball_periodic_v2_rank999_ru17_rp16", "test_label": "Re_022.250", "epoch": 50, "train_loss": 7.982404867808024, "val_score": 0.06442212183028459, "val_rhs_relative_l2": 0.02407550998032093, "val_alpha_relative_l2": 0.014347727410495281, "val_pressure_relative_l2": 0.07428252696990967, "scheduled_sampling": 1.0, "rollout_steps": 4, "epoch_train_seconds": 57.6683372030966, "peak_memory_gib": 2.645944595336914}
{"event": "epoch_performance", "epoch": 51, "rollout_steps": 4, "rollout_updates": 2, "rollout_batch": 56, "train_seconds": 62.67997973412275, "peak_memory_gib": 2.651259422302246, "amp_mode": "bf16"}
{"event": "epoch_performance", "epoch": 52, "rollout_steps": 4, "rollout_updates": 2, "rollout_batch": 56, "train_seconds": 55.82838843297213, "peak_memory_gib": 2.650753974914551, "amp_mode": "bf16"}
{"event": "epoch_performance", "epoch": 53, "rollout_steps": 4, "rollout_updates": 2, "rollout_batch": 56, "train_seconds": 55.04679596889764, "peak_memory_gib": 2.6370420455932617, "amp_mode": "bf16"}
{"event": "epoch_performance", "epoch": 54, "rollout_steps": 4, "rollout_updates": 2, "rollout_batch": 56, "train_seconds": 57.87052539503202, "peak_memory_gib": 2.639641761779785, "amp_mode": "bf16"}
{"event": "epoch_performance", "epoch": 55, "rollout_steps": 4, "rollout_updates": 2, "rollout_batch": 56, "train_seconds": 57.89010187285021, "peak_memory_gib": 2.6500282287597656, "amp_mode": "bf16"}
{"event": "epoch_performance", "epoch": 56, "rollout_steps": 4, "rollout_updates": 2, "rollout_batch": 56, "train_seconds": 59.52277918672189, "peak_memory_gib": 2.658536911010742, "amp_mode": "bf16"}
{"event": "epoch_performance", "epoch": 57, "rollout_steps": 4, "rollout_updates": 2, "rollout_batch": 56, "train_seconds": 57.0204655029811, "peak_memory_gib": 2.6490135192871094, "amp_mode": "bf16"}
{"event": "epoch_performance", "epoch": 58, "rollout_steps": 4, "rollout_updates": 2, "rollout_batch": 56, "train_seconds": 58.77572284406051, "peak_memory_gib": 2.6538639068603516, "amp_mode": "bf16"}
{"event": "epoch_performance", "epoch": 59, "rollout_steps": 4, "rollout_updates": 2, "rollout_batch": 56, "train_seconds": 55.25879105878994, "peak_memory_gib": 2.6380653381347656, "amp_mode": "bf16"}
{"event": "epoch_performance", "epoch": 60, "rollout_steps": 4, "rollout_updates": 2, "rollout_batch": 56, "train_seconds": 54.89975252514705, "peak_memory_gib": 2.6304826736450195, "amp_mode": "bf16"}
{"event": "epoch_eval", "experiment": "fluidic_pinball_periodic_v2_rank999_ru17_rp16", "test_label": "Re_022.250", "epoch": 60, "train_loss": 6.861875057220459, "val_score": 0.059425821714103225, "val_rhs_relative_l2": 0.02388404868543148, "val_alpha_relative_l2": 0.014270056039094925, "val_pressure_relative_l2": 0.06077633425593376, "scheduled_sampling": 1.0, "rollout_steps": 4, "epoch_train_seconds": 54.89975252514705, "peak_memory_gib": 2.6304826736450195}
{"event": "epoch_performance", "epoch": 61, "rollout_steps": 4, "rollout_updates": 2, "rollout_batch": 56, "train_seconds": 58.87661504326388, "peak_memory_gib": 2.6542348861694336, "amp_mode": "bf16"}
{"event": "epoch_performance", "epoch": 62, "rollout_steps": 4, "rollout_updates": 2, "rollout_batch": 56, "train_seconds": 54.79970853589475, "peak_memory_gib": 2.6409263610839844, "amp_mode": "bf16"}
{"event": "epoch_performance", "epoch": 63, "rollout_steps": 4, "rollout_updates": 2, "rollout_batch": 56, "train_seconds": 58.46937254071236, "peak_memory_gib": 2.6549758911132812, "amp_mode": "bf16"}
{"event": "epoch_performance", "epoch": 64, "rollout_steps": 4, "rollout_updates": 2, "rollout_batch": 56, "train_seconds": 55.683391578961164, "peak_memory_gib": 2.644439697265625, "amp_mode": "bf16"}
{"event": "epoch_performance", "epoch": 65, "rollout_steps": 4, "rollout_updates": 2, "rollout_batch": 56, "train_seconds": 59.11924974992871, "peak_memory_gib": 2.657766342163086, "amp_mode": "bf16"}
{"event": "epoch_performance", "epoch": 66, "rollout_steps": 4, "rollout_updates": 2, "rollout_batch": 56, "train_seconds": 54.720483587123454, "peak_memory_gib": 2.6331844329833984, "amp_mode": "bf16"}
{"event": "epoch_performance", "epoch": 67, "rollout_steps": 4, "rollout_updates": 2, "rollout_batch": 56, "train_seconds": 60.29421463096514, "peak_memory_gib": 2.654754638671875, "amp_mode": "bf16"}
{"event": "epoch_performance", "epoch": 68, "rollout_steps": 4, "rollout_updates": 2, "rollout_batch": 56, "train_seconds": 54.04819912882522, "peak_memory_gib": 2.6518373489379883, "amp_mode": "bf16"}
{"event": "epoch_performance", "epoch": 69, "rollout_steps": 4, "rollout_updates": 2, "rollout_batch": 56, "train_seconds": 58.64599303714931, "peak_memory_gib": 2.6520767211914062, "amp_mode": "bf16"}
{"event": "epoch_performance", "epoch": 70, "rollout_steps": 4, "rollout_updates": 2, "rollout_batch": 56, "train_seconds": 56.30371562205255, "peak_memory_gib": 2.644021987915039, "amp_mode": "bf16"}
{"event": "epoch_eval", "experiment": "fluidic_pinball_periodic_v2_rank999_ru17_rp16", "test_label": "Re_022.250", "epoch": 70, "train_loss": 8.146944681803385, "val_score": 0.059307204186916346, "val_rhs_relative_l2": 0.024323303252458572, "val_alpha_relative_l2": 0.014173954725265503, "val_pressure_relative_l2": 0.05945698916912079, "scheduled_sampling": 1.0, "rollout_steps": 4, "epoch_train_seconds": 56.30371562205255, "peak_memory_gib": 2.644021987915039}
{"event": "epoch_performance", "epoch": 71, "rollout_steps": 4, "rollout_updates": 2, "rollout_batch": 56, "train_seconds": 55.499302758835256, "peak_memory_gib": 2.6402807235717773, "amp_mode": "bf16"}
{"event": "epoch_performance", "epoch": 72, "rollout_steps": 4, "rollout_updates": 2, "rollout_batch": 56, "train_seconds": 60.82655558409169, "peak_memory_gib": 2.6455507278442383, "amp_mode": "bf16"}
{"event": "epoch_performance", "epoch": 73, "rollout_steps": 4, "rollout_updates": 2, "rollout_batch": 56, "train_seconds": 59.58311695931479, "peak_memory_gib": 2.648064613342285, "amp_mode": "bf16"}
{"event": "epoch_performance", "epoch": 74, "rollout_steps": 4, "rollout_updates": 2, "rollout_batch": 56, "train_seconds": 54.724681003019214, "peak_memory_gib": 2.637571334838867, "amp_mode": "bf16"}
{"event": "epoch_performance", "epoch": 75, "rollout_steps": 4, "rollout_updates": 2, "rollout_batch": 56, "train_seconds": 56.39527024701238, "peak_memory_gib": 2.6389236450195312, "amp_mode": "bf16"}
{"event": "epoch_performance", "epoch": 76, "rollout_steps": 4, "rollout_updates": 2, "rollout_batch": 56, "train_seconds": 54.7941976278089, "peak_memory_gib": 2.6448965072631836, "amp_mode": "bf16"}
{"event": "epoch_performance", "epoch": 77, "rollout_steps": 4, "rollout_updates": 2, "rollout_batch": 56, "train_seconds": 57.15797015139833, "peak_memory_gib": 2.6462841033935547, "amp_mode": "bf16"}
{"event": "epoch_performance", "epoch": 78, "rollout_steps": 4, "rollout_updates": 2, "rollout_batch": 56, "train_seconds": 48.83339754585177, "peak_memory_gib": 2.6342668533325195, "amp_mode": "bf16"}
{"event": "epoch_performance", "epoch": 79, "rollout_steps": 4, "rollout_updates": 2, "rollout_batch": 56, "train_seconds": 46.89957497082651, "peak_memory_gib": 2.657395362854004, "amp_mode": "bf16"}
{"event": "epoch_performance", "epoch": 80, "rollout_steps": 4, "rollout_updates": 2, "rollout_batch": 56, "train_seconds": 46.198767620138824, "peak_memory_gib": 2.651705741882324, "amp_mode": "bf16"}
{"event": "epoch_eval", "experiment": "fluidic_pinball_periodic_v2_rank999_ru17_rp16", "test_label": "Re_022.250", "epoch": 80, "train_loss": 7.471384922663371, "val_score": 0.05735190510749817, "val_rhs_relative_l2": 0.025359952822327614, "val_alpha_relative_l2": 0.014086754061281681, "val_pressure_relative_l2": 0.05115770921111107, "scheduled_sampling": 1.0, "rollout_steps": 4, "epoch_train_seconds": 46.198767620138824, "peak_memory_gib": 2.651705741882324}
{"event": "epoch_performance", "epoch": 81, "rollout_steps": 4, "rollout_updates": 2, "rollout_batch": 56, "train_seconds": 47.08670561481267, "peak_memory_gib": 2.6515884399414062, "amp_mode": "bf16"}
{"event": "epoch_performance", "epoch": 82, "rollout_steps": 4, "rollout_updates": 2, "rollout_batch": 56, "train_seconds": 45.163215081207454, "peak_memory_gib": 2.6538572311401367, "amp_mode": "bf16"}
{"event": "epoch_performance", "epoch": 83, "rollout_steps": 4, "rollout_updates": 2, "rollout_batch": 56, "train_seconds": 44.47389701381326, "peak_memory_gib": 2.645353317260742, "amp_mode": "bf16"}
{"event": "epoch_performance", "epoch": 84, "rollout_steps": 4, "rollout_updates": 2, "rollout_batch": 56, "train_seconds": 44.060289460234344, "peak_memory_gib": 2.642854690551758, "amp_mode": "bf16"}
{"event": "epoch_performance", "epoch": 85, "rollout_steps": 4, "rollout_updates": 2, "rollout_batch": 56, "train_seconds": 46.373642982915044, "peak_memory_gib": 2.645172119140625, "amp_mode": "bf16"}
{"event": "epoch_performance", "epoch": 86, "rollout_steps": 4, "rollout_updates": 2, "rollout_batch": 56, "train_seconds": 44.497802952770144, "peak_memory_gib": 2.642207145690918, "amp_mode": "bf16"}
{"event": "epoch_performance", "epoch": 87, "rollout_steps": 4, "rollout_updates": 2, "rollout_batch": 56, "train_seconds": 42.22745649982244, "peak_memory_gib": 2.6334285736083984, "amp_mode": "bf16"}
{"event": "epoch_performance", "epoch": 88, "rollout_steps": 4, "rollout_updates": 2, "rollout_batch": 56, "train_seconds": 42.70397508190945, "peak_memory_gib": 2.638275146484375, "amp_mode": "bf16"}
{"event": "epoch_performance", "epoch": 89, "rollout_steps": 4, "rollout_updates": 2, "rollout_batch": 56, "train_seconds": 45.78494813386351, "peak_memory_gib": 2.655226707458496, "amp_mode": "bf16"}
{"event": "epoch_performance", "epoch": 90, "rollout_steps": 4, "rollout_updates": 2, "rollout_batch": 56, "train_seconds": 47.59257725486532, "peak_memory_gib": 2.653095245361328, "amp_mode": "bf16"}
{"event": "epoch_eval", "experiment": "fluidic_pinball_periodic_v2_rank999_ru17_rp16", "test_label": "Re_022.250", "epoch": 90, "train_loss": 4.250833511352539, "val_score": 0.057830287702381605, "val_rhs_relative_l2": 0.026342198252677917, "val_alpha_relative_l2": 0.014020266942679882, "val_pressure_relative_l2": 0.04990806430578232, "scheduled_sampling": 1.0, "rollout_steps": 4, "epoch_train_seconds": 47.59257725486532, "peak_memory_gib": 2.653095245361328}
{"event": "epoch_performance", "epoch": 91, "rollout_steps": 4, "rollout_updates": 2, "rollout_batch": 56, "train_seconds": 46.37604258209467, "peak_memory_gib": 2.6506118774414062, "amp_mode": "bf16"}
{"event": "epoch_performance", "epoch": 92, "rollout_steps": 4, "rollout_updates": 2, "rollout_batch": 56, "train_seconds": 44.54277505399659, "peak_memory_gib": 2.6371402740478516, "amp_mode": "bf16"}
{"event": "epoch_performance", "epoch": 93, "rollout_steps": 4, "rollout_updates": 2, "rollout_batch": 56, "train_seconds": 45.60725888097659, "peak_memory_gib": 2.6523399353027344, "amp_mode": "bf16"}
{"event": "epoch_performance", "epoch": 94, "rollout_steps": 4, "rollout_updates": 2, "rollout_batch": 56, "train_seconds": 42.06791034108028, "peak_memory_gib": 2.6338987350463867, "amp_mode": "bf16"}
{"event": "epoch_performance", "epoch": 95, "rollout_steps": 4, "rollout_updates": 2, "rollout_batch": 56, "train_seconds": 43.306075473781675, "peak_memory_gib": 2.6487655639648438, "amp_mode": "bf16"}
{"event": "epoch_performance", "epoch": 96, "rollout_steps": 4, "rollout_updates": 2, "rollout_batch": 56, "train_seconds": 45.06626853905618, "peak_memory_gib": 2.6521682739257812, "amp_mode": "bf16"}
{"event": "epoch_performance", "epoch": 97, "rollout_steps": 4, "rollout_updates": 2, "rollout_batch": 56, "train_seconds": 45.62968522589654, "peak_memory_gib": 2.649380683898926, "amp_mode": "bf16"}
{"event": "epoch_performance", "epoch": 98, "rollout_steps": 4, "rollout_updates": 2, "rollout_batch": 56, "train_seconds": 47.266715477686375, "peak_memory_gib": 2.6434459686279297, "amp_mode": "bf16"}
{"event": "epoch_performance", "epoch": 99, "rollout_steps": 4, "rollout_updates": 2, "rollout_batch": 56, "train_seconds": 44.48648682888597, "peak_memory_gib": 2.634842872619629, "amp_mode": "bf16"}
{"event": "epoch_performance", "epoch": 100, "rollout_steps": 4, "rollout_updates": 2, "rollout_batch": 56, "train_seconds": 45.09675260214135, "peak_memory_gib": 2.6530838012695312, "amp_mode": "bf16"}
{"event": "epoch_eval", "experiment": "fluidic_pinball_periodic_v2_rank999_ru17_rp16", "test_label": "Re_022.250", "epoch": 100, "train_loss": 3.9163896242777505, "val_score": 0.058435594849288466, "val_rhs_relative_l2": 0.027724115177989006, "val_alpha_relative_l2": 0.013926172628998756, "val_pressure_relative_l2": 0.047958020120859146, "scheduled_sampling": 1.0, "rollout_steps": 4, "epoch_train_seconds": 45.09675260214135, "peak_memory_gib": 2.6530838012695312}
{"event": "epoch_performance", "epoch": 101, "rollout_steps": 4, "rollout_updates": 2, "rollout_batch": 56, "train_seconds": 45.0559125370346, "peak_memory_gib": 2.656123161315918, "amp_mode": "bf16"}
{"event": "epoch_performance", "epoch": 102, "rollout_steps": 4, "rollout_updates": 2, "rollout_batch": 56, "train_seconds": 41.825499122962356, "peak_memory_gib": 2.6401548385620117, "amp_mode": "bf16"}
{"event": "epoch_performance", "epoch": 103, "rollout_steps": 4, "rollout_updates": 2, "rollout_batch": 56, "train_seconds": 44.46915069920942, "peak_memory_gib": 2.6449146270751953, "amp_mode": "bf16"}
{"event": "epoch_performance", "epoch": 104, "rollout_steps": 4, "rollout_updates": 2, "rollout_batch": 56, "train_seconds": 44.425508538261056, "peak_memory_gib": 2.6420888900756836, "amp_mode": "bf16"}
{"event": "epoch_performance", "epoch": 105, "rollout_steps": 4, "rollout_updates": 2, "rollout_batch": 56, "train_seconds": 44.50434354227036, "peak_memory_gib": 2.636502265930176, "amp_mode": "bf16"}
{"event": "epoch_performance", "epoch": 106, "rollout_steps": 4, "rollout_updates": 2, "rollout_batch": 56, "train_seconds": 46.83824488520622, "peak_memory_gib": 2.6429738998413086, "amp_mode": "bf16"}
{"event": "epoch_performance", "epoch": 107, "rollout_steps": 4, "rollout_updates": 2, "rollout_batch": 56, "train_seconds": 47.30576351797208, "peak_memory_gib": 2.659299850463867, "amp_mode": "bf16"}
{"event": "epoch_performance", "epoch": 108, "rollout_steps": 4, "rollout_updates": 2, "rollout_batch": 56, "train_seconds": 45.74240640178323, "peak_memory_gib": 2.6516761779785156, "amp_mode": "bf16"}
{"event": "epoch_performance", "epoch": 109, "rollout_steps": 4, "rollout_updates": 2, "rollout_batch": 56, "train_seconds": 44.57448443910107, "peak_memory_gib": 2.6422367095947266, "amp_mode": "bf16"}
{"event": "epoch_performance", "epoch": 110, "rollout_steps": 4, "rollout_updates": 2, "rollout_batch": 56, "train_seconds": 42.09035827405751, "peak_memory_gib": 2.6393651962280273, "amp_mode": "bf16"}
{"event": "epoch_eval", "experiment": "fluidic_pinball_periodic_v2_rank999_ru17_rp16", "test_label": "Re_022.250", "epoch": 110, "train_loss": 3.5088667074839273, "val_score": 0.059960111416876315, "val_rhs_relative_l2": 0.029957417398691177, "val_alpha_relative_l2": 0.013803920708596706, "val_pressure_relative_l2": 0.04628220945596695, "scheduled_sampling": 1.0, "rollout_steps": 4, "epoch_train_seconds": 42.09035827405751, "peak_memory_gib": 2.6393651962280273}
{"event": "epoch_performance", "epoch": 111, "rollout_steps": 4, "rollout_updates": 2, "rollout_batch": 56, "train_seconds": 45.16074716672301, "peak_memory_gib": 2.647700309753418, "amp_mode": "bf16"}
{"event": "epoch_performance", "epoch": 112, "rollout_steps": 4, "rollout_updates": 2, "rollout_batch": 56, "train_seconds": 44.766735354904085, "peak_memory_gib": 2.644780158996582, "amp_mode": "bf16"}
{"event": "epoch_performance", "epoch": 113, "rollout_steps": 4, "rollout_updates": 2, "rollout_batch": 56, "train_seconds": 46.77378497598693, "peak_memory_gib": 2.649674415588379, "amp_mode": "bf16"}
{"event": "epoch_performance", "epoch": 114, "rollout_steps": 4, "rollout_updates": 2, "rollout_batch": 56, "train_seconds": 43.303836525883526, "peak_memory_gib": 2.642340660095215, "amp_mode": "bf16"}
{"event": "epoch_performance", "epoch": 115, "rollout_steps": 4, "rollout_updates": 2, "rollout_batch": 56, "train_seconds": 43.24305799417198, "peak_memory_gib": 2.636895179748535, "amp_mode": "bf16"}
{"event": "epoch_performance", "epoch": 116, "rollout_steps": 4, "rollout_updates": 2, "rollout_batch": 56, "train_seconds": 46.152058645151556, "peak_memory_gib": 2.6538257598876953, "amp_mode": "bf16"}
{"event": "epoch_performance", "epoch": 117, "rollout_steps": 4, "rollout_updates": 2, "rollout_batch": 56, "train_seconds": 43.97763502597809, "peak_memory_gib": 2.6389732360839844, "amp_mode": "bf16"}
{"event": "epoch_performance", "epoch": 118, "rollout_steps": 4, "rollout_updates": 2, "rollout_batch": 56, "train_seconds": 44.76433501811698, "peak_memory_gib": 2.637782096862793, "amp_mode": "bf16"}
{"event": "epoch_performance", "epoch": 119, "rollout_steps": 4, "rollout_updates": 2, "rollout_batch": 56, "train_seconds": 42.221556909848005, "peak_memory_gib": 2.6400184631347656, "amp_mode": "bf16"}
{"event": "epoch_performance", "epoch": 120, "rollout_steps": 4, "rollout_updates": 2, "rollout_batch": 56, "train_seconds": 43.89728277595714, "peak_memory_gib": 2.638792037963867, "amp_mode": "bf16"}
{"event": "epoch_eval", "experiment": "fluidic_pinball_periodic_v2_rank999_ru17_rp16", "test_label": "Re_022.250", "epoch": 120, "train_loss": 3.333481232325236, "val_score": 0.06267589572817087, "val_rhs_relative_l2": 0.033204663544893265, "val_alpha_relative_l2": 0.013712042011320591, "val_pressure_relative_l2": 0.0450262576341629, "scheduled_sampling": 1.0, "rollout_steps": 4, "epoch_train_seconds": 43.89728277595714, "peak_memory_gib": 2.638792037963867}
{"event": "epoch_performance", "epoch": 121, "rollout_steps": 8, "rollout_updates": 2, "rollout_batch": 56, "train_seconds": 90.78323246492073, "peak_memory_gib": 4.330835342407227, "amp_mode": "bf16"}
{"event": "epoch_performance", "epoch": 122, "rollout_steps": 8, "rollout_updates": 2, "rollout_batch": 56, "train_seconds": 89.58279010374099, "peak_memory_gib": 4.324023246765137, "amp_mode": "bf16"}
{"event": "epoch_performance", "epoch": 123, "rollout_steps": 8, "rollout_updates": 2, "rollout_batch": 56, "train_seconds": 89.74774800566956, "peak_memory_gib": 4.339268684387207, "amp_mode": "bf16"}
{"event": "epoch_performance", "epoch": 124, "rollout_steps": 8, "rollout_updates": 2, "rollout_batch": 56, "train_seconds": 93.82441598083824, "peak_memory_gib": 4.343555450439453, "amp_mode": "bf16"}
{"event": "epoch_performance", "epoch": 125, "rollout_steps": 8, "rollout_updates": 2, "rollout_batch": 56, "train_seconds": 90.38542530778795, "peak_memory_gib": 4.3067779541015625, "amp_mode": "bf16"}
{"event": "epoch_performance", "epoch": 126, "rollout_steps": 8, "rollout_updates": 2, "rollout_batch": 56, "train_seconds": 91.9973133681342, "peak_memory_gib": 4.323355674743652, "amp_mode": "bf16"}
{"event": "epoch_performance", "epoch": 127, "rollout_steps": 8, "rollout_updates": 2, "rollout_batch": 56, "train_seconds": 90.33310008095577, "peak_memory_gib": 4.349600791931152, "amp_mode": "bf16"}
{"event": "epoch_performance", "epoch": 128, "rollout_steps": 8, "rollout_updates": 2, "rollout_batch": 56, "train_seconds": 88.35720104025677, "peak_memory_gib": 4.321578025817871, "amp_mode": "bf16"}
{"event": "epoch_performance", "epoch": 129, "rollout_steps": 8, "rollout_updates": 2, "rollout_batch": 56, "train_seconds": 88.02827560482547, "peak_memory_gib": 4.322020530700684, "amp_mode": "bf16"}
{"event": "epoch_performance", "epoch": 130, "rollout_steps": 8, "rollout_updates": 2, "rollout_batch": 56, "train_seconds": 87.64446433028206, "peak_memory_gib": 4.322389602661133, "amp_mode": "bf16"}
{"event": "epoch_eval", "experiment": "fluidic_pinball_periodic_v2_rank999_ru17_rp16", "test_label": "Re_022.250", "epoch": 130, "train_loss": 3.224138339360555, "val_score": 0.06809969823807478, "val_rhs_relative_l2": 0.03890473395586014, "val_alpha_relative_l2": 0.013680332340300083, "val_pressure_relative_l2": 0.044327519834041595, "scheduled_sampling": 1.0, "rollout_steps": 8, "epoch_train_seconds": 87.64446433028206, "peak_memory_gib": 4.322389602661133}
{"event": "epoch_performance", "epoch": 131, "rollout_steps": 8, "rollout_updates": 2, "rollout_batch": 56, "train_seconds": 93.80088613368571, "peak_memory_gib": 4.337262153625488, "amp_mode": "bf16"}
{"event": "epoch_performance", "epoch": 132, "rollout_steps": 8, "rollout_updates": 2, "rollout_batch": 56, "train_seconds": 93.96080531599, "peak_memory_gib": 4.335820198059082, "amp_mode": "bf16"}
{"event": "epoch_performance", "epoch": 133, "rollout_steps": 8, "rollout_updates": 2, "rollout_batch": 56, "train_seconds": 94.17722073895857, "peak_memory_gib": 4.362122535705566, "amp_mode": "bf16"}
{"event": "epoch_performance", "epoch": 134, "rollout_steps": 8, "rollout_updates": 2, "rollout_batch": 56, "train_seconds": 96.1463211667724, "peak_memory_gib": 4.336827278137207, "amp_mode": "bf16"}
{"event": "epoch_performance", "epoch": 135, "rollout_steps": 8, "rollout_updates": 2, "rollout_batch": 56, "train_seconds": 88.31610439997166, "peak_memory_gib": 4.3394012451171875, "amp_mode": "bf16"}
{"event": "epoch_performance", "epoch": 136, "rollout_steps": 8, "rollout_updates": 2, "rollout_batch": 56, "train_seconds": 94.92005838500336, "peak_memory_gib": 4.337217330932617, "amp_mode": "bf16"}
{"event": "epoch_performance", "epoch": 137, "rollout_steps": 8, "rollout_updates": 2, "rollout_batch": 56, "train_seconds": 96.76786550926045, "peak_memory_gib": 4.361035346984863, "amp_mode": "bf16"}
{"event": "epoch_performance", "epoch": 138, "rollout_steps": 8, "rollout_updates": 2, "rollout_batch": 56, "train_seconds": 86.50178345991299, "peak_memory_gib": 4.31517219543457, "amp_mode": "bf16"}
{"event": "epoch_performance", "epoch": 139, "rollout_steps": 8, "rollout_updates": 2, "rollout_batch": 56, "train_seconds": 88.02965892804787, "peak_memory_gib": 4.318365097045898, "amp_mode": "bf16"}
{"event": "epoch_performance", "epoch": 140, "rollout_steps": 8, "rollout_updates": 2, "rollout_batch": 56, "train_seconds": 93.43505611177534, "peak_memory_gib": 4.349509239196777, "amp_mode": "bf16"}
{"event": "epoch_eval", "experiment": "fluidic_pinball_periodic_v2_rank999_ru17_rp16", "test_label": "Re_022.250", "epoch": 140, "train_loss": 18.123061815897625, "val_score": 0.07295372951775789, "val_rhs_relative_l2": 0.04389581084251404, "val_alpha_relative_l2": 0.013759776949882507, "val_pressure_relative_l2": 0.04370897635817528, "scheduled_sampling": 1.0, "rollout_steps": 8, "epoch_train_seconds": 93.43505611177534, "peak_memory_gib": 4.349509239196777}
{"event": "epoch_performance", "epoch": 141, "rollout_steps": 8, "rollout_updates": 2, "rollout_batch": 56, "train_seconds": 88.1022878261283, "peak_memory_gib": 4.3144683837890625, "amp_mode": "bf16"}
{"event": "epoch_performance", "epoch": 142, "rollout_steps": 8, "rollout_updates": 2, "rollout_batch": 56, "train_seconds": 88.98138924501836, "peak_memory_gib": 4.327207565307617, "amp_mode": "bf16"}
{"event": "epoch_performance", "epoch": 143, "rollout_steps": 8, "rollout_updates": 2, "rollout_batch": 56, "train_seconds": 88.94548100791872, "peak_memory_gib": 4.295958518981934, "amp_mode": "bf16"}
{"event": "epoch_performance", "epoch": 144, "rollout_steps": 8, "rollout_updates": 2, "rollout_batch": 56, "train_seconds": 86.92258921824396, "peak_memory_gib": 4.3236799240112305, "amp_mode": "bf16"}
{"event": "epoch_performance", "epoch": 145, "rollout_steps": 8, "rollout_updates": 2, "rollout_batch": 56, "train_seconds": 93.71155271539465, "peak_memory_gib": 4.345956802368164, "amp_mode": "bf16"}
{"event": "epoch_performance", "epoch": 146, "rollout_steps": 8, "rollout_updates": 2, "rollout_batch": 56, "train_seconds": 91.57970264460891, "peak_memory_gib": 4.328981399536133, "amp_mode": "bf16"}
{"event": "epoch_performance", "epoch": 147, "rollout_steps": 8, "rollout_updates": 2, "rollout_batch": 56, "train_seconds": 86.51972696231678, "peak_memory_gib": 4.321297645568848, "amp_mode": "bf16"}
{"event": "epoch_performance", "epoch": 148, "rollout_steps": 8, "rollout_updates": 2, "rollout_batch": 56, "train_seconds": 92.80232771812007, "peak_memory_gib": 4.329591751098633, "amp_mode": "bf16"}
{"event": "epoch_performance", "epoch": 149, "rollout_steps": 8, "rollout_updates": 2, "rollout_batch": 56, "train_seconds": 89.8987521189265, "peak_memory_gib": 4.315910339355469, "amp_mode": "bf16"}
{"event": "epoch_performance", "epoch": 150, "rollout_steps": 8, "rollout_updates": 2, "rollout_batch": 56, "train_seconds": 94.61735972389579, "peak_memory_gib": 4.340980529785156, "amp_mode": "bf16"}
{"event": "epoch_eval", "experiment": "fluidic_pinball_periodic_v2_rank999_ru17_rp16", "test_label": "Re_022.250", "epoch": 150, "train_loss": 4.367169380187988, "val_score": 0.07884770035743713, "val_rhs_relative_l2": 0.04931960999965668, "val_alpha_relative_l2": 0.013865254819393158, "val_pressure_relative_l2": 0.04475095868110657, "scheduled_sampling": 1.0, "rollout_steps": 8, "epoch_train_seconds": 94.61735972389579, "peak_memory_gib": 4.340980529785156}
{"event": "epoch_performance", "epoch": 151, "rollout_steps": 8, "rollout_updates": 2, "rollout_batch": 56, "train_seconds": 90.28287472669035, "peak_memory_gib": 4.335644721984863, "amp_mode": "bf16"}
{"event": "epoch_performance", "epoch": 152, "rollout_steps": 8, "rollout_updates": 2, "rollout_batch": 56, "train_seconds": 93.28689672006294, "peak_memory_gib": 4.3410491943359375, "amp_mode": "bf16"}
{"event": "epoch_performance", "epoch": 153, "rollout_steps": 8, "rollout_updates": 2, "rollout_batch": 56, "train_seconds": 83.5609647356905, "peak_memory_gib": 4.316532135009766, "amp_mode": "bf16"}
{"event": "epoch_performance", "epoch": 154, "rollout_steps": 8, "rollout_updates": 2, "rollout_batch": 56, "train_seconds": 85.88987471396104, "peak_memory_gib": 4.330480575561523, "amp_mode": "bf16"}
{"event": "epoch_performance", "epoch": 155, "rollout_steps": 8, "rollout_updates": 2, "rollout_batch": 56, "train_seconds": 92.07931958790869, "peak_memory_gib": 4.355337142944336, "amp_mode": "bf16"}
{"event": "epoch_performance", "epoch": 156, "rollout_steps": 8, "rollout_updates": 2, "rollout_batch": 56, "train_seconds": 92.91566342720762, "peak_memory_gib": 4.332146644592285, "amp_mode": "bf16"}
{"event": "epoch_performance", "epoch": 157, "rollout_steps": 8, "rollout_updates": 2, "rollout_batch": 56, "train_seconds": 89.26078582974151, "peak_memory_gib": 4.330080032348633, "amp_mode": "bf16"}
{"event": "epoch_performance", "epoch": 158, "rollout_steps": 8, "rollout_updates": 2, "rollout_batch": 56, "train_seconds": 85.2459333599545, "peak_memory_gib": 4.321013450622559, "amp_mode": "bf16"}
{"event": "epoch_performance", "epoch": 159, "rollout_steps": 8, "rollout_updates": 2, "rollout_batch": 56, "train_seconds": 91.7615530169569, "peak_memory_gib": 4.337262153625488, "amp_mode": "bf16"}
{"event": "epoch_performance", "epoch": 160, "rollout_steps": 8, "rollout_updates": 2, "rollout_batch": 56, "train_seconds": 93.59714575484395, "peak_memory_gib": 4.356954574584961, "amp_mode": "bf16"}
{"event": "epoch_eval", "experiment": "fluidic_pinball_periodic_v2_rank999_ru17_rp16", "test_label": "Re_022.250", "epoch": 160, "train_loss": 3.7943236033121743, "val_score": 0.08577502649277449, "val_rhs_relative_l2": 0.05664839968085289, "val_alpha_relative_l2": 0.013970152474939823, "val_pressure_relative_l2": 0.043304212391376495, "scheduled_sampling": 1.0, "rollout_steps": 8, "epoch_train_seconds": 93.59714575484395, "peak_memory_gib": 4.356954574584961}
{"event": "epoch_performance", "epoch": 161, "rollout_steps": 8, "rollout_updates": 2, "rollout_batch": 56, "train_seconds": 93.32592296600342, "peak_memory_gib": 4.349421501159668, "amp_mode": "bf16"}
{"event": "epoch_performance", "epoch": 162, "rollout_steps": 8, "rollout_updates": 2, "rollout_batch": 56, "train_seconds": 87.48062738822773, "peak_memory_gib": 4.320910453796387, "amp_mode": "bf16"}
{"event": "epoch_performance", "epoch": 163, "rollout_steps": 8, "rollout_updates": 2, "rollout_batch": 56, "train_seconds": 67.84937961120158, "peak_memory_gib": 4.326177597045898, "amp_mode": "bf16"}
{"event": "epoch_performance", "epoch": 164, "rollout_steps": 8, "rollout_updates": 2, "rollout_batch": 56, "train_seconds": 72.16881215712056, "peak_memory_gib": 4.343395233154297, "amp_mode": "bf16"}
{"event": "epoch_performance", "epoch": 165, "rollout_steps": 8, "rollout_updates": 2, "rollout_batch": 56, "train_seconds": 71.25695475516841, "peak_memory_gib": 4.346671104431152, "amp_mode": "bf16"}
{"event": "epoch_performance", "epoch": 166, "rollout_steps": 8, "rollout_updates": 2, "rollout_batch": 56, "train_seconds": 72.0937394942157, "peak_memory_gib": 4.340919494628906, "amp_mode": "bf16"}
{"event": "epoch_performance", "epoch": 167, "rollout_steps": 8, "rollout_updates": 2, "rollout_batch": 56, "train_seconds": 73.14774302905425, "peak_memory_gib": 4.3245344161987305, "amp_mode": "bf16"}
{"event": "epoch_performance", "epoch": 168, "rollout_steps": 8, "rollout_updates": 2, "rollout_batch": 56, "train_seconds": 73.09184503601864, "peak_memory_gib": 4.349125862121582, "amp_mode": "bf16"}
{"event": "epoch_performance", "epoch": 169, "rollout_steps": 8, "rollout_updates": 2, "rollout_batch": 56, "train_seconds": 70.60323107615113, "peak_memory_gib": 4.325201034545898, "amp_mode": "bf16"}
{"event": "epoch_performance", "epoch": 170, "rollout_steps": 8, "rollout_updates": 2, "rollout_batch": 56, "train_seconds": 69.32726385490969, "peak_memory_gib": 4.324923515319824, "amp_mode": "bf16"}
{"event": "epoch_eval", "experiment": "fluidic_pinball_periodic_v2_rank999_ru17_rp16", "test_label": "Re_022.250", "epoch": 170, "train_loss": 2.8490604559580484, "val_score": 0.09184501208364963, "val_rhs_relative_l2": 0.06267328560352325, "val_alpha_relative_l2": 0.014141946099698544, "val_pressure_relative_l2": 0.04294222965836525, "scheduled_sampling": 1.0, "rollout_steps": 8, "epoch_train_seconds": 69.32726385490969, "peak_memory_gib": 4.324923515319824}
{"event": "epoch_performance", "epoch": 171, "rollout_steps": 8, "rollout_updates": 2, "rollout_batch": 56, "train_seconds": 85.39610232878476, "peak_memory_gib": 4.338312149047852, "amp_mode": "bf16"}
{"event": "epoch_performance", "epoch": 172, "rollout_steps": 8, "rollout_updates": 2, "rollout_batch": 56, "train_seconds": 118.40926144970581, "peak_memory_gib": 4.340644836425781, "amp_mode": "bf16"}
{"event": "epoch_performance", "epoch": 173, "rollout_steps": 8, "rollout_updates": 2, "rollout_batch": 56, "train_seconds": 106.254113370087, "peak_memory_gib": 4.315500259399414, "amp_mode": "bf16"}
{"event": "epoch_performance", "epoch": 174, "rollout_steps": 8, "rollout_updates": 2, "rollout_batch": 56, "train_seconds": 119.39536851318553, "peak_memory_gib": 4.351653099060059, "amp_mode": "bf16"}
{"event": "epoch_performance", "epoch": 175, "rollout_steps": 8, "rollout_updates": 2, "rollout_batch": 56, "train_seconds": 116.50297817075625, "peak_memory_gib": 4.331579208374023, "amp_mode": "bf16"}
{"event": "epoch_performance", "epoch": 176, "rollout_steps": 8, "rollout_updates": 2, "rollout_batch": 56, "train_seconds": 108.79053848609328, "peak_memory_gib": 4.329350471496582, "amp_mode": "bf16"}
{"event": "epoch_performance", "epoch": 177, "rollout_steps": 8, "rollout_updates": 2, "rollout_batch": 56, "train_seconds": 111.59224121784791, "peak_memory_gib": 4.325970649719238, "amp_mode": "bf16"}
{"event": "epoch_performance", "epoch": 178, "rollout_steps": 8, "rollout_updates": 2, "rollout_batch": 56, "train_seconds": 125.81937156803906, "peak_memory_gib": 4.355329513549805, "amp_mode": "bf16"}
{"event": "epoch_performance", "epoch": 179, "rollout_steps": 8, "rollout_updates": 2, "rollout_batch": 56, "train_seconds": 116.16135650593787, "peak_memory_gib": 4.338315010070801, "amp_mode": "bf16"}
{"event": "epoch_performance", "epoch": 180, "rollout_steps": 8, "rollout_updates": 2, "rollout_batch": 56, "train_seconds": 107.08940957998857, "peak_memory_gib": 4.317169189453125, "amp_mode": "bf16"}
{"event": "epoch_eval", "experiment": "fluidic_pinball_periodic_v2_rank999_ru17_rp16", "test_label": "Re_022.250", "epoch": 180, "train_loss": 2.5361003081003823, "val_score": 0.0986469466239214, "val_rhs_relative_l2": 0.06919766217470169, "val_alpha_relative_l2": 0.014475003816187382, "val_pressure_relative_l2": 0.04278365895152092, "scheduled_sampling": 1.0, "rollout_steps": 8, "epoch_train_seconds": 107.08940957998857, "peak_memory_gib": 4.317169189453125}
{"event": "epoch_performance", "epoch": 181, "rollout_steps": 8, "rollout_updates": 2, "rollout_batch": 56, "train_seconds": 118.68727492913604, "peak_memory_gib": 4.35307502746582, "amp_mode": "bf16"}
{"event": "epoch_performance", "epoch": 182, "rollout_steps": 8, "rollout_updates": 2, "rollout_batch": 56, "train_seconds": 116.5681575089693, "peak_memory_gib": 4.331052780151367, "amp_mode": "bf16"}
{"event": "epoch_performance", "epoch": 183, "rollout_steps": 8, "rollout_updates": 2, "rollout_batch": 56, "train_seconds": 116.7229162659496, "peak_memory_gib": 4.338890075683594, "amp_mode": "bf16"}
{"event": "epoch_performance", "epoch": 184, "rollout_steps": 8, "rollout_updates": 2, "rollout_batch": 56, "train_seconds": 116.79101195465773, "peak_memory_gib": 4.328363418579102, "amp_mode": "bf16"}
{"event": "epoch_performance", "epoch": 185, "rollout_steps": 8, "rollout_updates": 2, "rollout_batch": 56, "train_seconds": 129.1561180842109, "peak_memory_gib": 4.358578681945801, "amp_mode": "bf16"}
{"event": "epoch_performance", "epoch": 186, "rollout_steps": 8, "rollout_updates": 2, "rollout_batch": 56, "train_seconds": 116.77437876863405, "peak_memory_gib": 4.336247444152832, "amp_mode": "bf16"}
{"event": "epoch_performance", "epoch": 187, "rollout_steps": 8, "rollout_updates": 2, "rollout_batch": 56, "train_seconds": 115.22203911887482, "peak_memory_gib": 4.339939117431641, "amp_mode": "bf16"}
{"event": "epoch_performance", "epoch": 188, "rollout_steps": 8, "rollout_updates": 2, "rollout_batch": 56, "train_seconds": 119.76380549976602, "peak_memory_gib": 4.348031044006348, "amp_mode": "bf16"}
{"event": "epoch_performance", "epoch": 189, "rollout_steps": 8, "rollout_updates": 2, "rollout_batch": 56, "train_seconds": 117.48135117907077, "peak_memory_gib": 4.335870742797852, "amp_mode": "bf16"}
{"event": "epoch_performance", "epoch": 190, "rollout_steps": 8, "rollout_updates": 2, "rollout_batch": 56, "train_seconds": 92.40280027734116, "peak_memory_gib": 4.332368850708008, "amp_mode": "bf16"}
{"event": "epoch_eval", "experiment": "fluidic_pinball_periodic_v2_rank999_ru17_rp16", "test_label": "Re_022.250", "epoch": 190, "train_loss": 2.334416389465332, "val_score": 0.10532323345541954, "val_rhs_relative_l2": 0.07554720342159271, "val_alpha_relative_l2": 0.014843869023025036, "val_pressure_relative_l2": 0.042663317173719406, "scheduled_sampling": 1.0, "rollout_steps": 8, "epoch_train_seconds": 92.40280027734116, "peak_memory_gib": 4.332368850708008}
{"event": "epoch_performance", "epoch": 191, "rollout_steps": 8, "rollout_updates": 2, "rollout_batch": 56, "train_seconds": 82.64012784836814, "peak_memory_gib": 4.30406379699707, "amp_mode": "bf16"}
{"event": "epoch_performance", "epoch": 192, "rollout_steps": 8, "rollout_updates": 2, "rollout_batch": 56, "train_seconds": 88.71494209533557, "peak_memory_gib": 4.311100959777832, "amp_mode": "bf16"}
{"event": "epoch_performance", "epoch": 193, "rollout_steps": 8, "rollout_updates": 2, "rollout_batch": 56, "train_seconds": 90.03329566400498, "peak_memory_gib": 4.332513809204102, "amp_mode": "bf16"}
{"event": "epoch_performance", "epoch": 194, "rollout_steps": 8, "rollout_updates": 2, "rollout_batch": 56, "train_seconds": 87.40031898627058, "peak_memory_gib": 4.316856384277344, "amp_mode": "bf16"}
{"event": "epoch_performance", "epoch": 195, "rollout_steps": 8, "rollout_updates": 2, "rollout_batch": 56, "train_seconds": 97.17514013079926, "peak_memory_gib": 4.34934139251709, "amp_mode": "bf16"}
{"event": "epoch_performance", "epoch": 196, "rollout_steps": 8, "rollout_updates": 2, "rollout_batch": 56, "train_seconds": 90.2539876527153, "peak_memory_gib": 4.335349082946777, "amp_mode": "bf16"}
{"event": "epoch_performance", "epoch": 197, "rollout_steps": 8, "rollout_updates": 2, "rollout_batch": 56, "train_seconds": 93.62354694725946, "peak_memory_gib": 4.33541202545166, "amp_mode": "bf16"}
{"event": "epoch_performance", "epoch": 198, "rollout_steps": 8, "rollout_updates": 2, "rollout_batch": 56, "train_seconds": 90.0053700520657, "peak_memory_gib": 4.327521800994873, "amp_mode": "bf16"}
{"event": "epoch_performance", "epoch": 199, "rollout_steps": 8, "rollout_updates": 2, "rollout_batch": 56, "train_seconds": 91.30816741706803, "peak_memory_gib": 4.336392402648926, "amp_mode": "bf16"}
{"event": "epoch_performance", "epoch": 200, "rollout_steps": 8, "rollout_updates": 2, "rollout_batch": 56, "train_seconds": 78.24154129298404, "peak_memory_gib": 4.328573226928711, "amp_mode": "bf16"}
{"event": "epoch_eval", "experiment": "fluidic_pinball_periodic_v2_rank999_ru17_rp16", "test_label": "Re_022.250", "epoch": 200, "train_loss": 2.1394709746042886, "val_score": 0.11245095338672399, "val_rhs_relative_l2": 0.08247420936822891, "val_alpha_relative_l2": 0.015143206343054771, "val_pressure_relative_l2": 0.04238153621554375, "scheduled_sampling": 1.0, "rollout_steps": 8, "epoch_train_seconds": 78.24154129298404, "peak_memory_gib": 4.328573226928711}
{"event": "epoch_performance", "epoch": 201, "rollout_steps": 8, "rollout_updates": 2, "rollout_batch": 56, "train_seconds": 62.63304338697344, "peak_memory_gib": 4.361882209777832, "amp_mode": "bf16"}
{"event": "epoch_performance", "epoch": 202, "rollout_steps": 8, "rollout_updates": 2, "rollout_batch": 56, "train_seconds": 51.20512618077919, "peak_memory_gib": 4.3111419677734375, "amp_mode": "bf16"}
{"event": "epoch_performance", "epoch": 203, "rollout_steps": 8, "rollout_updates": 2, "rollout_batch": 56, "train_seconds": 56.30231618322432, "peak_memory_gib": 4.331708908081055, "amp_mode": "bf16"}
{"event": "epoch_performance", "epoch": 204, "rollout_steps": 8, "rollout_updates": 2, "rollout_batch": 56, "train_seconds": 57.69194383919239, "peak_memory_gib": 4.335022926330566, "amp_mode": "bf16"}
{"event": "epoch_performance", "epoch": 205, "rollout_steps": 8, "rollout_updates": 2, "rollout_batch": 56, "train_seconds": 69.28363912226632, "peak_memory_gib": 4.314143180847168, "amp_mode": "bf16"}
{"event": "epoch_performance", "epoch": 206, "rollout_steps": 8, "rollout_updates": 2, "rollout_batch": 56, "train_seconds": 73.82402618415654, "peak_memory_gib": 4.319003105163574, "amp_mode": "bf16"}
{"event": "epoch_performance", "epoch": 207, "rollout_steps": 8, "rollout_updates": 2, "rollout_batch": 56, "train_seconds": 72.3672517281957, "peak_memory_gib": 4.329216957092285, "amp_mode": "bf16"}
{"event": "epoch_performance", "epoch": 208, "rollout_steps": 8, "rollout_updates": 2, "rollout_batch": 56, "train_seconds": 66.16667296225205, "peak_memory_gib": 4.311017036437988, "amp_mode": "bf16"}
{"event": "epoch_performance", "epoch": 209, "rollout_steps": 8, "rollout_updates": 2, "rollout_batch": 56, "train_seconds": 70.33456052280962, "peak_memory_gib": 4.339855194091797, "amp_mode": "bf16"}
{"event": "epoch_performance", "epoch": 210, "rollout_steps": 8, "rollout_updates": 2, "rollout_batch": 56, "train_seconds": 72.40185904502869, "peak_memory_gib": 4.316520690917969, "amp_mode": "bf16"}
{"event": "epoch_eval", "experiment": "fluidic_pinball_periodic_v2_rank999_ru17_rp16", "test_label": "Re_022.250", "epoch": 210, "train_loss": 2.071261445681254, "val_score": 0.11906382068991661, "val_rhs_relative_l2": 0.08879358321428299, "val_alpha_relative_l2": 0.015391889028251171, "val_pressure_relative_l2": 0.042509566992521286, "scheduled_sampling": 1.0, "rollout_steps": 8, "epoch_train_seconds": 72.40185904502869, "peak_memory_gib": 4.316520690917969}
{"event": "epoch_performance", "epoch": 211, "rollout_steps": 8, "rollout_updates": 2, "rollout_batch": 56, "train_seconds": 73.5310682868585, "peak_memory_gib": 4.335293769836426, "amp_mode": "bf16"}
{"event": "epoch_performance", "epoch": 212, "rollout_steps": 8, "rollout_updates": 2, "rollout_batch": 56, "train_seconds": 72.80662319809198, "peak_memory_gib": 4.328493118286133, "amp_mode": "bf16"}
{"event": "epoch_performance", "epoch": 213, "rollout_steps": 8, "rollout_updates": 2, "rollout_batch": 56, "train_seconds": 73.92492295987904, "peak_memory_gib": 4.330831527709961, "amp_mode": "bf16"}
{"event": "epoch_performance", "epoch": 214, "rollout_steps": 8, "rollout_updates": 2, "rollout_batch": 56, "train_seconds": 72.02408300712705, "peak_memory_gib": 4.335568428039551, "amp_mode": "bf16"}
{"event": "epoch_performance", "epoch": 215, "rollout_steps": 8, "rollout_updates": 2, "rollout_batch": 56, "train_seconds": 72.80522554228082, "peak_memory_gib": 4.344020843505859, "amp_mode": "bf16"}
{"event": "epoch_performance", "epoch": 216, "rollout_steps": 8, "rollout_updates": 2, "rollout_batch": 56, "train_seconds": 71.42509323032573, "peak_memory_gib": 4.323060989379883, "amp_mode": "bf16"}
{"event": "epoch_performance", "epoch": 217, "rollout_steps": 8, "rollout_updates": 2, "rollout_batch": 56, "train_seconds": 67.67631283123046, "peak_memory_gib": 4.3165740966796875, "amp_mode": "bf16"}
{"event": "epoch_performance", "epoch": 218, "rollout_steps": 8, "rollout_updates": 2, "rollout_batch": 56, "train_seconds": 78.43719819420949, "peak_memory_gib": 4.349047660827637, "amp_mode": "bf16"}
{"event": "epoch_performance", "epoch": 219, "rollout_steps": 8, "rollout_updates": 2, "rollout_batch": 56, "train_seconds": 67.93622633302584, "peak_memory_gib": 4.322192192077637, "amp_mode": "bf16"}
{"event": "epoch_performance", "epoch": 220, "rollout_steps": 8, "rollout_updates": 2, "rollout_batch": 56, "train_seconds": 72.58800139790401, "peak_memory_gib": 4.315569877624512, "amp_mode": "bf16"}
{"event": "epoch_eval", "experiment": "fluidic_pinball_periodic_v2_rank999_ru17_rp16", "test_label": "Re_022.250", "epoch": 220, "train_loss": 1.8690788348515828, "val_score": 0.1263822877779603, "val_rhs_relative_l2": 0.09590405225753784, "val_alpha_relative_l2": 0.015711916610598564, "val_pressure_relative_l2": 0.04218948259949684, "scheduled_sampling": 1.0, "rollout_steps": 8, "epoch_train_seconds": 72.58800139790401, "peak_memory_gib": 4.315569877624512}
{"event": "epoch_performance", "epoch": 221, "rollout_steps": 8, "rollout_updates": 2, "rollout_batch": 56, "train_seconds": 74.01660000625998, "peak_memory_gib": 4.3363037109375, "amp_mode": "bf16"}
{"event": "epoch_performance", "epoch": 222, "rollout_steps": 8, "rollout_updates": 2, "rollout_batch": 56, "train_seconds": 73.37769865896553, "peak_memory_gib": 4.321511268615723, "amp_mode": "bf16"}
{"event": "epoch_performance", "epoch": 223, "rollout_steps": 8, "rollout_updates": 2, "rollout_batch": 56, "train_seconds": 72.060344025027, "peak_memory_gib": 4.356039047241211, "amp_mode": "bf16"}
{"event": "epoch_performance", "epoch": 224, "rollout_steps": 8, "rollout_updates": 2, "rollout_batch": 56, "train_seconds": 72.92198079777882, "peak_memory_gib": 4.315807342529297, "amp_mode": "bf16"}
{"event": "epoch_performance", "epoch": 225, "rollout_steps": 8, "rollout_updates": 2, "rollout_batch": 56, "train_seconds": 68.93246739078313, "peak_memory_gib": 4.325060844421387, "amp_mode": "bf16"}
{"event": "epoch_performance", "epoch": 226, "rollout_steps": 8, "rollout_updates": 2, "rollout_batch": 56, "train_seconds": 72.49074509181082, "peak_memory_gib": 4.318892478942871, "amp_mode": "bf16"}
{"event": "epoch_performance", "epoch": 227, "rollout_steps": 8, "rollout_updates": 2, "rollout_batch": 56, "train_seconds": 74.74611483793706, "peak_memory_gib": 4.347987174987793, "amp_mode": "bf16"}
{"event": "epoch_performance", "epoch": 228, "rollout_steps": 8, "rollout_updates": 2, "rollout_batch": 56, "train_seconds": 75.50182697735727, "peak_memory_gib": 4.3374223709106445, "amp_mode": "bf16"}
{"event": "epoch_performance", "epoch": 229, "rollout_steps": 8, "rollout_updates": 2, "rollout_batch": 56, "train_seconds": 76.3969617751427, "peak_memory_gib": 4.357400894165039, "amp_mode": "bf16"}
{"event": "epoch_performance", "epoch": 230, "rollout_steps": 8, "rollout_updates": 2, "rollout_batch": 56, "train_seconds": 72.20552996220067, "peak_memory_gib": 4.335568428039551, "amp_mode": "bf16"}
{"event": "epoch_eval", "experiment": "fluidic_pinball_periodic_v2_rank999_ru17_rp16", "test_label": "Re_022.250", "epoch": 230, "train_loss": 1.8517956336339314, "val_score": 0.13389250840991734, "val_rhs_relative_l2": 0.10286921262741089, "val_alpha_relative_l2": 0.016105782240629196, "val_pressure_relative_l2": 0.042621467262506485, "scheduled_sampling": 1.0, "rollout_steps": 8, "epoch_train_seconds": 72.20552996220067, "peak_memory_gib": 4.335568428039551}
{"event": "epoch_performance", "epoch": 231, "rollout_steps": 8, "rollout_updates": 2, "rollout_batch": 56, "train_seconds": 71.13406658917665, "peak_memory_gib": 4.311272621154785, "amp_mode": "bf16"}
{"event": "epoch_performance", "epoch": 232, "rollout_steps": 8, "rollout_updates": 2, "rollout_batch": 56, "train_seconds": 74.61136450106278, "peak_memory_gib": 4.326566696166992, "amp_mode": "bf16"}
{"event": "epoch_performance", "epoch": 233, "rollout_steps": 8, "rollout_updates": 2, "rollout_batch": 56, "train_seconds": 76.03608194366097, "peak_memory_gib": 4.34130859375, "amp_mode": "bf16"}
{"event": "epoch_performance", "epoch": 234, "rollout_steps": 8, "rollout_updates": 2, "rollout_batch": 56, "train_seconds": 78.3370447116904, "peak_memory_gib": 4.339870452880859, "amp_mode": "bf16"}
{"event": "epoch_performance", "epoch": 235, "rollout_steps": 8, "rollout_updates": 2, "rollout_batch": 56, "train_seconds": 70.29785385588184, "peak_memory_gib": 4.318126678466797, "amp_mode": "bf16"}
{"event": "epoch_performance", "epoch": 236, "rollout_steps": 8, "rollout_updates": 2, "rollout_batch": 56, "train_seconds": 72.68643108382821, "peak_memory_gib": 4.322648048400879, "amp_mode": "bf16"}
{"event": "epoch_performance", "epoch": 237, "rollout_steps": 8, "rollout_updates": 2, "rollout_batch": 56, "train_seconds": 77.50448641274124, "peak_memory_gib": 4.340455055236816, "amp_mode": "bf16"}
{"event": "epoch_performance", "epoch": 238, "rollout_steps": 8, "rollout_updates": 2, "rollout_batch": 56, "train_seconds": 71.95475062960759, "peak_memory_gib": 4.339260101318359, "amp_mode": "bf16"}
{"event": "epoch_performance", "epoch": 239, "rollout_steps": 8, "rollout_updates": 2, "rollout_batch": 56, "train_seconds": 75.07893743226305, "peak_memory_gib": 4.350032806396484, "amp_mode": "bf16"}
{"event": "epoch_performance", "epoch": 240, "rollout_steps": 8, "rollout_updates": 2, "rollout_batch": 56, "train_seconds": 73.77417518338189, "peak_memory_gib": 4.349841117858887, "amp_mode": "bf16"}
{"event": "epoch_eval", "experiment": "fluidic_pinball_periodic_v2_rank999_ru17_rp16", "test_label": "Re_022.250", "epoch": 240, "train_loss": 1.9755760033925374, "val_score": 0.1416030377149582, "val_rhs_relative_l2": 0.10995364189147949, "val_alpha_relative_l2": 0.016576845198869705, "val_pressure_relative_l2": 0.043064430356025696, "scheduled_sampling": 1.0, "rollout_steps": 8, "epoch_train_seconds": 73.77417518338189, "peak_memory_gib": 4.349841117858887}
{"event": "epoch_performance", "epoch": 241, "rollout_steps": 8, "rollout_updates": 2, "rollout_batch": 56, "train_seconds": 75.1631205980666, "peak_memory_gib": 4.313304901123047, "amp_mode": "bf16"}
{"event": "epoch_performance", "epoch": 242, "rollout_steps": 8, "rollout_updates": 2, "rollout_batch": 56, "train_seconds": 86.38017542520538, "peak_memory_gib": 4.348742485046387, "amp_mode": "bf16"}
{"event": "epoch_performance", "epoch": 243, "rollout_steps": 8, "rollout_updates": 2, "rollout_batch": 56, "train_seconds": 79.84245498711243, "peak_memory_gib": 4.327573776245117, "amp_mode": "bf16"}
{"event": "epoch_performance", "epoch": 244, "rollout_steps": 8, "rollout_updates": 2, "rollout_batch": 56, "train_seconds": 79.2074275361374, "peak_memory_gib": 4.315990447998047, "amp_mode": "bf16"}
{"event": "epoch_performance", "epoch": 245, "rollout_steps": 8, "rollout_updates": 2, "rollout_batch": 56, "train_seconds": 85.03907477715984, "peak_memory_gib": 4.348742485046387, "amp_mode": "bf16"}
{"event": "epoch_performance", "epoch": 246, "rollout_steps": 8, "rollout_updates": 2, "rollout_batch": 56, "train_seconds": 85.43233635183424, "peak_memory_gib": 4.350497245788574, "amp_mode": "bf16"}
{"event": "epoch_performance", "epoch": 247, "rollout_steps": 8, "rollout_updates": 2, "rollout_batch": 56, "train_seconds": 85.86941059306264, "peak_memory_gib": 4.328184127807617, "amp_mode": "bf16"}
{"event": "epoch_performance", "epoch": 248, "rollout_steps": 8, "rollout_updates": 2, "rollout_batch": 56, "train_seconds": 85.2856325339526, "peak_memory_gib": 4.334469795227051, "amp_mode": "bf16"}
{"event": "epoch_performance", "epoch": 249, "rollout_steps": 8, "rollout_updates": 2, "rollout_batch": 56, "train_seconds": 84.00955271488056, "peak_memory_gib": 4.341733932495117, "amp_mode": "bf16"}
{"event": "epoch_performance", "epoch": 250, "rollout_steps": 8, "rollout_updates": 2, "rollout_batch": 56, "train_seconds": 81.84840503288433, "peak_memory_gib": 4.330595016479492, "amp_mode": "bf16"}
{"event": "epoch_eval", "experiment": "fluidic_pinball_periodic_v2_rank999_ru17_rp16", "test_label": "Re_022.250", "epoch": 250, "train_loss": 3.542349418004354, "val_score": 0.15030944868922233, "val_rhs_relative_l2": 0.11806833744049072, "val_alpha_relative_l2": 0.017142556607723236, "val_pressure_relative_l2": 0.04313872754573822, "scheduled_sampling": 1.0, "rollout_steps": 8, "epoch_train_seconds": 81.84840503288433, "peak_memory_gib": 4.330595016479492}
{"event": "epoch_performance", "epoch": 251, "rollout_steps": 8, "rollout_updates": 2, "rollout_batch": 56, "train_seconds": 88.1136798276566, "peak_memory_gib": 4.355329513549805, "amp_mode": "bf16"}
{"event": "epoch_performance", "epoch": 252, "rollout_steps": 8, "rollout_updates": 2, "rollout_batch": 56, "train_seconds": 83.2643908560276, "peak_memory_gib": 4.333044052124023, "amp_mode": "bf16"}
{"event": "epoch_performance", "epoch": 253, "rollout_steps": 8, "rollout_updates": 2, "rollout_batch": 56, "train_seconds": 84.05653725285083, "peak_memory_gib": 4.327045440673828, "amp_mode": "bf16"}
{"event": "epoch_performance", "epoch": 254, "rollout_steps": 8, "rollout_updates": 2, "rollout_batch": 56, "train_seconds": 93.20934923412278, "peak_memory_gib": 4.328195571899414, "amp_mode": "bf16"}
{"event": "epoch_performance", "epoch": 255, "rollout_steps": 8, "rollout_updates": 2, "rollout_batch": 56, "train_seconds": 96.24129402078688, "peak_memory_gib": 4.350344657897949, "amp_mode": "bf16"}
{"event": "epoch_performance", "epoch": 256, "rollout_steps": 8, "rollout_updates": 2, "rollout_batch": 56, "train_seconds": 81.16658481769264, "peak_memory_gib": 4.342155456542969, "amp_mode": "bf16"}
{"event": "epoch_performance", "epoch": 257, "rollout_steps": 8, "rollout_updates": 2, "rollout_batch": 56, "train_seconds": 86.96905990689993, "peak_memory_gib": 4.341480255126953, "amp_mode": "bf16"}
{"event": "epoch_performance", "epoch": 258, "rollout_steps": 8, "rollout_updates": 2, "rollout_batch": 56, "train_seconds": 84.8619282618165, "peak_memory_gib": 4.3386688232421875, "amp_mode": "bf16"}
{"event": "epoch_performance", "epoch": 259, "rollout_steps": 8, "rollout_updates": 2, "rollout_batch": 56, "train_seconds": 79.79887444898486, "peak_memory_gib": 4.328619003295898, "amp_mode": "bf16"}
{"event": "epoch_performance", "epoch": 260, "rollout_steps": 8, "rollout_updates": 2, "rollout_batch": 56, "train_seconds": 87.9221446220763, "peak_memory_gib": 4.352049827575684, "amp_mode": "bf16"}
{"event": "epoch_eval", "experiment": "fluidic_pinball_periodic_v2_rank999_ru17_rp16", "test_label": "Re_022.250", "epoch": 260, "train_loss": 2.442787488301595, "val_score": 0.15472051221877337, "val_rhs_relative_l2": 0.12243089824914932, "val_alpha_relative_l2": 0.017531350255012512, "val_pressure_relative_l2": 0.042166467756032944, "scheduled_sampling": 1.0, "rollout_steps": 8, "epoch_train_seconds": 87.9221446220763, "peak_memory_gib": 4.352049827575684}
{"event": "epoch_performance", "epoch": 261, "rollout_steps": 8, "rollout_updates": 2, "rollout_batch": 56, "train_seconds": 88.56959909014404, "peak_memory_gib": 4.369686126708984, "amp_mode": "bf16"}
{"event": "epoch_performance", "epoch": 262, "rollout_steps": 8, "rollout_updates": 2, "rollout_batch": 56, "train_seconds": 88.82726612500846, "peak_memory_gib": 4.350241661071777, "amp_mode": "bf16"}
{"event": "epoch_performance", "epoch": 263, "rollout_steps": 8, "rollout_updates": 2, "rollout_batch": 56, "train_seconds": 80.69727085996419, "peak_memory_gib": 4.325216293334961, "amp_mode": "bf16"}
{"event": "epoch_performance", "epoch": 264, "rollout_steps": 8, "rollout_updates": 2, "rollout_batch": 56, "train_seconds": 76.36146988300607, "peak_memory_gib": 4.309220314025879, "amp_mode": "bf16"}
{"event": "epoch_performance", "epoch": 265, "rollout_steps": 8, "rollout_updates": 2, "rollout_batch": 56, "train_seconds": 83.7320012440905, "peak_memory_gib": 4.331579208374023, "amp_mode": "bf16"}
{"event": "epoch_performance", "epoch": 266, "rollout_steps": 8, "rollout_updates": 2, "rollout_batch": 56, "train_seconds": 73.77586854528636, "peak_memory_gib": 4.30040168762207, "amp_mode": "bf16"}
{"event": "epoch_performance", "epoch": 267, "rollout_steps": 8, "rollout_updates": 2, "rollout_batch": 56, "train_seconds": 81.60349461715668, "peak_memory_gib": 4.354162216186523, "amp_mode": "bf16"}
{"event": "epoch_performance", "epoch": 268, "rollout_steps": 8, "rollout_updates": 2, "rollout_batch": 56, "train_seconds": 66.84448178112507, "peak_memory_gib": 4.316370010375977, "amp_mode": "bf16"}
{"event": "epoch_performance", "epoch": 269, "rollout_steps": 8, "rollout_updates": 2, "rollout_batch": 56, "train_seconds": 76.7662462638691, "peak_memory_gib": 4.331010818481445, "amp_mode": "bf16"}
{"event": "epoch_performance", "epoch": 270, "rollout_steps": 8, "rollout_updates": 2, "rollout_batch": 56, "train_seconds": 78.7171561960131, "peak_memory_gib": 4.322379112243652, "amp_mode": "bf16"}
{"event": "epoch_eval", "experiment": "fluidic_pinball_periodic_v2_rank999_ru17_rp16", "test_label": "Re_022.250", "epoch": 270, "train_loss": 3.3128832578659058, "val_score": 0.15916351433843373, "val_rhs_relative_l2": 0.12664124369621277, "val_alpha_relative_l2": 0.017848772928118706, "val_pressure_relative_l2": 0.04192427918314934, "scheduled_sampling": 1.0, "rollout_steps": 8, "epoch_train_seconds": 78.7171561960131, "peak_memory_gib": 4.322379112243652}
{"event": "epoch_performance", "epoch": 271, "rollout_steps": 8, "rollout_updates": 2, "rollout_batch": 56, "train_seconds": 75.0998156699352, "peak_memory_gib": 4.350241661071777, "amp_mode": "bf16"}
{"event": "epoch_performance", "epoch": 272, "rollout_steps": 8, "rollout_updates": 2, "rollout_batch": 56, "train_seconds": 73.91193670779467, "peak_memory_gib": 4.32884407043457, "amp_mode": "bf16"}
{"event": "epoch_performance", "epoch": 273, "rollout_steps": 8, "rollout_updates": 2, "rollout_batch": 56, "train_seconds": 73.93023343291134, "peak_memory_gib": 4.312605857849121, "amp_mode": "bf16"}
{"event": "epoch_performance", "epoch": 274, "rollout_steps": 8, "rollout_updates": 2, "rollout_batch": 56, "train_seconds": 69.15303199086338, "peak_memory_gib": 4.321086883544922, "amp_mode": "bf16"}
{"event": "epoch_performance", "epoch": 275, "rollout_steps": 8, "rollout_updates": 2, "rollout_batch": 56, "train_seconds": 70.04806054709479, "peak_memory_gib": 4.31999397277832, "amp_mode": "bf16"}
{"event": "epoch_performance", "epoch": 276, "rollout_steps": 8, "rollout_updates": 2, "rollout_batch": 56, "train_seconds": 70.96405392792076, "peak_memory_gib": 4.328052520751953, "amp_mode": "bf16"}
{"event": "epoch_performance", "epoch": 277, "rollout_steps": 8, "rollout_updates": 2, "rollout_batch": 56, "train_seconds": 75.99563930509612, "peak_memory_gib": 4.328481674194336, "amp_mode": "bf16"}
{"event": "epoch_performance", "epoch": 278, "rollout_steps": 8, "rollout_updates": 2, "rollout_batch": 56, "train_seconds": 71.9517477080226, "peak_memory_gib": 4.340358734130859, "amp_mode": "bf16"}
{"event": "epoch_performance", "epoch": 279, "rollout_steps": 8, "rollout_updates": 2, "rollout_batch": 56, "train_seconds": 69.8192059788853, "peak_memory_gib": 4.336060523986816, "amp_mode": "bf16"}
{"event": "epoch_performance", "epoch": 280, "rollout_steps": 8, "rollout_updates": 2, "rollout_batch": 56, "train_seconds": 72.8280489728786, "peak_memory_gib": 4.341541290283203, "amp_mode": "bf16"}
{"event": "epoch_eval", "experiment": "fluidic_pinball_periodic_v2_rank999_ru17_rp16", "test_label": "Re_022.250", "epoch": 280, "train_loss": 2.0092734893163047, "val_score": 0.16414239779114723, "val_rhs_relative_l2": 0.13146987557411194, "val_alpha_relative_l2": 0.0181976780295372, "val_pressure_relative_l2": 0.04135669767856598, "scheduled_sampling": 1.0, "rollout_steps": 8, "epoch_train_seconds": 72.8280489728786, "peak_memory_gib": 4.341541290283203}
{"event": "epoch_performance", "epoch": 281, "rollout_steps": 12, "rollout_updates": 2, "rollout_batch": 40, "train_seconds": 93.42945012589917, "peak_memory_gib": 4.606989860534668, "amp_mode": "bf16"}
{"event": "epoch_performance", "epoch": 282, "rollout_steps": 12, "rollout_updates": 2, "rollout_batch": 40, "train_seconds": 90.30511109530926, "peak_memory_gib": 4.591761589050293, "amp_mode": "bf16"}
{"event": "epoch_performance", "epoch": 283, "rollout_steps": 12, "rollout_updates": 2, "rollout_batch": 40, "train_seconds": 90.11626657890156, "peak_memory_gib": 4.614811897277832, "amp_mode": "bf16"}
{"event": "epoch_performance", "epoch": 284, "rollout_steps": 12, "rollout_updates": 2, "rollout_batch": 40, "train_seconds": 97.9431050750427, "peak_memory_gib": 4.62083625793457, "amp_mode": "bf16"}
{"event": "epoch_performance", "epoch": 285, "rollout_steps": 12, "rollout_updates": 2, "rollout_batch": 40, "train_seconds": 92.16926367999986, "peak_memory_gib": 4.602781295776367, "amp_mode": "bf16"}
{"event": "epoch_performance", "epoch": 286, "rollout_steps": 12, "rollout_updates": 2, "rollout_batch": 40, "train_seconds": 85.84646494640037, "peak_memory_gib": 4.579532146453857, "amp_mode": "bf16"}
{"event": "epoch_performance", "epoch": 287, "rollout_steps": 12, "rollout_updates": 2, "rollout_batch": 40, "train_seconds": 94.33272935077548, "peak_memory_gib": 4.6216278076171875, "amp_mode": "bf16"}
{"event": "epoch_performance", "epoch": 288, "rollout_steps": 12, "rollout_updates": 2, "rollout_batch": 40, "train_seconds": 87.43800871400163, "peak_memory_gib": 4.5796613693237305, "amp_mode": "bf16"}
{"event": "epoch_performance", "epoch": 289, "rollout_steps": 12, "rollout_updates": 2, "rollout_batch": 40, "train_seconds": 95.67905673896894, "peak_memory_gib": 4.600709915161133, "amp_mode": "bf16"}
{"event": "epoch_performance", "epoch": 290, "rollout_steps": 12, "rollout_updates": 2, "rollout_batch": 40, "train_seconds": 72.26847317395732, "peak_memory_gib": 4.611382484436035, "amp_mode": "bf16"}
{"event": "epoch_eval", "experiment": "fluidic_pinball_periodic_v2_rank999_ru17_rp16", "test_label": "Re_022.250", "epoch": 290, "train_loss": 1.7300892273585002, "val_score": 0.1677176406607032, "val_rhs_relative_l2": 0.1345873475074768, "val_alpha_relative_l2": 0.018601343035697937, "val_pressure_relative_l2": 0.04151128605008125, "scheduled_sampling": 1.0, "rollout_steps": 12, "epoch_train_seconds": 72.26847317395732, "peak_memory_gib": 4.611382484436035}
{"event": "epoch_performance", "epoch": 291, "rollout_steps": 12, "rollout_updates": 2, "rollout_batch": 40, "train_seconds": 66.60208352608606, "peak_memory_gib": 4.602640151977539, "amp_mode": "bf16"}
{"event": "epoch_performance", "epoch": 292, "rollout_steps": 12, "rollout_updates": 2, "rollout_batch": 40, "train_seconds": 71.79454017616808, "peak_memory_gib": 4.610886573791504, "amp_mode": "bf16"}
{"event": "epoch_performance", "epoch": 293, "rollout_steps": 12, "rollout_updates": 2, "rollout_batch": 40, "train_seconds": 70.65124674001709, "peak_memory_gib": 4.6204071044921875, "amp_mode": "bf16"}
{"event": "epoch_performance", "epoch": 294, "rollout_steps": 12, "rollout_updates": 2, "rollout_batch": 40, "train_seconds": 66.46196149801835, "peak_memory_gib": 4.582588195800781, "amp_mode": "bf16"}
{"event": "epoch_performance", "epoch": 295, "rollout_steps": 12, "rollout_updates": 2, "rollout_batch": 40, "train_seconds": 71.60630534170195, "peak_memory_gib": 4.610238075256348, "amp_mode": "bf16"}
{"event": "epoch_performance", "epoch": 296, "rollout_steps": 12, "rollout_updates": 2, "rollout_batch": 40, "train_seconds": 69.65665085194632, "peak_memory_gib": 4.623138427734375, "amp_mode": "bf16"}
{"event": "epoch_performance", "epoch": 297, "rollout_steps": 12, "rollout_updates": 2, "rollout_batch": 40, "train_seconds": 68.59292167890817, "peak_memory_gib": 4.603853225708008, "amp_mode": "bf16"}
{"event": "epoch_performance", "epoch": 298, "rollout_steps": 12, "rollout_updates": 2, "rollout_batch": 40, "train_seconds": 67.40146360965446, "peak_memory_gib": 4.611530303955078, "amp_mode": "bf16"}
{"event": "epoch_performance", "epoch": 299, "rollout_steps": 12, "rollout_updates": 2, "rollout_batch": 40, "train_seconds": 68.50673524104059, "peak_memory_gib": 4.596932411193848, "amp_mode": "bf16"}
{"event": "epoch_performance", "epoch": 300, "rollout_steps": 12, "rollout_updates": 2, "rollout_batch": 40, "train_seconds": 75.53595291124657, "peak_memory_gib": 4.6094255447387695, "amp_mode": "bf16"}
{"event": "epoch_eval", "experiment": "fluidic_pinball_periodic_v2_rank999_ru17_rp16", "test_label": "Re_022.250", "epoch": 300, "train_loss": 1.6628015438715618, "val_score": 0.17196920569986104, "val_rhs_relative_l2": 0.13866449892520905, "val_alpha_relative_l2": 0.018886834383010864, "val_pressure_relative_l2": 0.041193921118974686, "scheduled_sampling": 1.0, "rollout_steps": 12, "epoch_train_seconds": 75.53595291124657, "peak_memory_gib": 4.6094255447387695}
{"event": "epoch_performance", "epoch": 301, "rollout_steps": 12, "rollout_updates": 2, "rollout_batch": 40, "train_seconds": 72.95197756681591, "peak_memory_gib": 4.6322431564331055, "amp_mode": "bf16"}
{"event": "epoch_performance", "epoch": 302, "rollout_steps": 12, "rollout_updates": 2, "rollout_batch": 40, "train_seconds": 73.97626816108823, "peak_memory_gib": 4.629603385925293, "amp_mode": "bf16"}
{"event": "epoch_performance", "epoch": 303, "rollout_steps": 12, "rollout_updates": 2, "rollout_batch": 40, "train_seconds": 77.2700331560336, "peak_memory_gib": 4.6084184646606445, "amp_mode": "bf16"}
{"event": "epoch_performance", "epoch": 304, "rollout_steps": 12, "rollout_updates": 2, "rollout_batch": 40, "train_seconds": 72.36039957497269, "peak_memory_gib": 4.650326728820801, "amp_mode": "bf16"}
{"event": "epoch_performance", "epoch": 305, "rollout_steps": 12, "rollout_updates": 2, "rollout_batch": 40, "train_seconds": 71.26562472432852, "peak_memory_gib": 4.6337080001831055, "amp_mode": "bf16"}
{"event": "epoch_performance", "epoch": 306, "rollout_steps": 12, "rollout_updates": 2, "rollout_batch": 40, "train_seconds": 84.45718339085579, "peak_memory_gib": 4.629611015319824, "amp_mode": "bf16"}
{"event": "epoch_performance", "epoch": 307, "rollout_steps": 12, "rollout_updates": 2, "rollout_batch": 40, "train_seconds": 97.1415594080463, "peak_memory_gib": 4.620018005371094, "amp_mode": "bf16"}
{"event": "epoch_performance", "epoch": 308, "rollout_steps": 12, "rollout_updates": 2, "rollout_batch": 40, "train_seconds": 120.11737254913896, "peak_memory_gib": 4.589583396911621, "amp_mode": "bf16"}
{"event": "epoch_performance", "epoch": 309, "rollout_steps": 12, "rollout_updates": 2, "rollout_batch": 40, "train_seconds": 77.57949947100133, "peak_memory_gib": 4.632555961608887, "amp_mode": "bf16"}
{"event": "epoch_performance", "epoch": 310, "rollout_steps": 12, "rollout_updates": 2, "rollout_batch": 40, "train_seconds": 70.29544538166374, "peak_memory_gib": 4.559746742248535, "amp_mode": "bf16"}
{"event": "epoch_eval", "experiment": "fluidic_pinball_periodic_v2_rank999_ru17_rp16", "test_label": "Re_022.250", "epoch": 310, "train_loss": 1.5129098097483318, "val_score": 0.17480524461716412, "val_rhs_relative_l2": 0.14131790399551392, "val_alpha_relative_l2": 0.019177891314029694, "val_pressure_relative_l2": 0.04088414087891579, "scheduled_sampling": 1.0, "rollout_steps": 12, "epoch_train_seconds": 70.29544538166374, "peak_memory_gib": 4.559746742248535}
{"event": "epoch_performance", "epoch": 311, "rollout_steps": 12, "rollout_updates": 2, "rollout_batch": 40, "train_seconds": 72.77368375798687, "peak_memory_gib": 4.603921890258789, "amp_mode": "bf16"}
{"event": "epoch_performance", "epoch": 312, "rollout_steps": 12, "rollout_updates": 2, "rollout_batch": 40, "train_seconds": 70.6624929732643, "peak_memory_gib": 4.5914411544799805, "amp_mode": "bf16"}
{"event": "epoch_performance", "epoch": 313, "rollout_steps": 12, "rollout_updates": 2, "rollout_batch": 40, "train_seconds": 70.61471171211451, "peak_memory_gib": 4.611187934875488, "amp_mode": "bf16"}
{"event": "epoch_performance", "epoch": 314, "rollout_steps": 12, "rollout_updates": 2, "rollout_batch": 40, "train_seconds": 76.4323225277476, "peak_memory_gib": 4.663005828857422, "amp_mode": "bf16"}
{"event": "epoch_performance", "epoch": 315, "rollout_steps": 12, "rollout_updates": 2, "rollout_batch": 40, "train_seconds": 66.64457704359666, "peak_memory_gib": 4.579643249511719, "amp_mode": "bf16"}
{"event": "epoch_performance", "epoch": 316, "rollout_steps": 12, "rollout_updates": 2, "rollout_batch": 40, "train_seconds": 74.73886870918795, "peak_memory_gib": 4.644094467163086, "amp_mode": "bf16"}
{"event": "epoch_performance", "epoch": 317, "rollout_steps": 12, "rollout_updates": 2, "rollout_batch": 40, "train_seconds": 70.33300006436184, "peak_memory_gib": 4.602182388305664, "amp_mode": "bf16"}
{"event": "epoch_performance", "epoch": 318, "rollout_steps": 12, "rollout_updates": 2, "rollout_batch": 40, "train_seconds": 74.32508600596339, "peak_memory_gib": 4.630679130554199, "amp_mode": "bf16"}
{"event": "epoch_performance", "epoch": 319, "rollout_steps": 12, "rollout_updates": 2, "rollout_batch": 40, "train_seconds": 70.22652258491144, "peak_memory_gib": 4.618865966796875, "amp_mode": "bf16"}
{"event": "epoch_performance", "epoch": 320, "rollout_steps": 12, "rollout_updates": 2, "rollout_batch": 40, "train_seconds": 71.94017493771389, "peak_memory_gib": 4.608482360839844, "amp_mode": "bf16"}
{"event": "epoch_eval", "experiment": "fluidic_pinball_periodic_v2_rank999_ru17_rp16", "test_label": "Re_022.250", "epoch": 320, "train_loss": 1.4516034921010335, "val_score": 0.17804193384945394, "val_rhs_relative_l2": 0.1441885530948639, "val_alpha_relative_l2": 0.019362227991223335, "val_pressure_relative_l2": 0.04140329360961914, "scheduled_sampling": 1.0, "rollout_steps": 12, "epoch_train_seconds": 71.94017493771389, "peak_memory_gib": 4.608482360839844}
{"event": "epoch_performance", "epoch": 321, "rollout_steps": 12, "rollout_updates": 2, "rollout_batch": 40, "train_seconds": 68.68334059230983, "peak_memory_gib": 4.603979110717773, "amp_mode": "bf16"}
{"event": "epoch_performance", "epoch": 322, "rollout_steps": 12, "rollout_updates": 2, "rollout_batch": 40, "train_seconds": 75.48463687906042, "peak_memory_gib": 4.631056785583496, "amp_mode": "bf16"}
{"event": "epoch_performance", "epoch": 323, "rollout_steps": 12, "rollout_updates": 2, "rollout_batch": 40, "train_seconds": 72.02767097204924, "peak_memory_gib": 4.612523078918457, "amp_mode": "bf16"}
{"event": "epoch_performance", "epoch": 324, "rollout_steps": 12, "rollout_updates": 2, "rollout_batch": 40, "train_seconds": 75.83345176232979, "peak_memory_gib": 4.671858787536621, "amp_mode": "bf16"}
{"event": "epoch_performance", "epoch": 325, "rollout_steps": 12, "rollout_updates": 2, "rollout_batch": 40, "train_seconds": 73.13039243686944, "peak_memory_gib": 4.601556777954102, "amp_mode": "bf16"}
{"event": "epoch_performance", "epoch": 326, "rollout_steps": 12, "rollout_updates": 2, "rollout_batch": 40, "train_seconds": 71.71286787604913, "peak_memory_gib": 4.589476585388184, "amp_mode": "bf16"}
{"event": "epoch_performance", "epoch": 327, "rollout_steps": 12, "rollout_updates": 2, "rollout_batch": 40, "train_seconds": 71.57165382895619, "peak_memory_gib": 4.631505966186523, "amp_mode": "bf16"}
{"event": "epoch_performance", "epoch": 328, "rollout_steps": 12, "rollout_updates": 2, "rollout_batch": 40, "train_seconds": 72.07892033597454, "peak_memory_gib": 4.621559143066406, "amp_mode": "bf16"}
{"event": "epoch_performance", "epoch": 329, "rollout_steps": 12, "rollout_updates": 2, "rollout_batch": 40, "train_seconds": 68.06834006309509, "peak_memory_gib": 4.579311370849609, "amp_mode": "bf16"}
{"event": "epoch_performance", "epoch": 330, "rollout_steps": 12, "rollout_updates": 2, "rollout_batch": 40, "train_seconds": 67.8240259308368, "peak_memory_gib": 4.619929313659668, "amp_mode": "bf16"}
{"event": "epoch_eval", "experiment": "fluidic_pinball_periodic_v2_rank999_ru17_rp16", "test_label": "Re_022.250", "epoch": 330, "train_loss": 1.5222601095835369, "val_score": 0.17968368362635373, "val_rhs_relative_l2": 0.1459585726261139, "val_alpha_relative_l2": 0.019422441720962524, "val_pressure_relative_l2": 0.040864769369363785, "scheduled_sampling": 1.0, "rollout_steps": 12, "epoch_train_seconds": 67.8240259308368, "peak_memory_gib": 4.619929313659668}
{"event": "epoch_performance", "epoch": 331, "rollout_steps": 12, "rollout_updates": 2, "rollout_batch": 40, "train_seconds": 74.33542645676062, "peak_memory_gib": 4.6116533279418945, "amp_mode": "bf16"}
{"event": "epoch_performance", "epoch": 332, "rollout_steps": 12, "rollout_updates": 2, "rollout_batch": 40, "train_seconds": 67.13474803976715, "peak_memory_gib": 4.619659423828125, "amp_mode": "bf16"}
{"event": "epoch_performance", "epoch": 333, "rollout_steps": 12, "rollout_updates": 2, "rollout_batch": 40, "train_seconds": 66.14838087093085, "peak_memory_gib": 4.6143083572387695, "amp_mode": "bf16"}
{"event": "epoch_performance", "epoch": 334, "rollout_steps": 12, "rollout_updates": 2, "rollout_batch": 40, "train_seconds": 71.08502378314734, "peak_memory_gib": 4.609644889831543, "amp_mode": "bf16"}
{"event": "epoch_performance", "epoch": 335, "rollout_steps": 12, "rollout_updates": 2, "rollout_batch": 40, "train_seconds": 75.01381733920425, "peak_memory_gib": 4.64326286315918, "amp_mode": "bf16"}
{"event": "epoch_performance", "epoch": 336, "rollout_steps": 12, "rollout_updates": 2, "rollout_batch": 40, "train_seconds": 70.80058770021424, "peak_memory_gib": 4.592070579528809, "amp_mode": "bf16"}
{"event": "epoch_performance", "epoch": 337, "rollout_steps": 12, "rollout_updates": 2, "rollout_batch": 40, "train_seconds": 71.10014445474371, "peak_memory_gib": 4.6212158203125, "amp_mode": "bf16"}
{"event": "epoch_performance", "epoch": 338, "rollout_steps": 12, "rollout_updates": 2, "rollout_batch": 40, "train_seconds": 73.78493823483586, "peak_memory_gib": 4.630152702331543, "amp_mode": "bf16"}
{"event": "epoch_performance", "epoch": 339, "rollout_steps": 12, "rollout_updates": 2, "rollout_batch": 40, "train_seconds": 74.7130768885836, "peak_memory_gib": 4.599770545959473, "amp_mode": "bf16"}
{"event": "epoch_performance", "epoch": 340, "rollout_steps": 12, "rollout_updates": 2, "rollout_batch": 40, "train_seconds": 65.63391856011003, "peak_memory_gib": 4.608414649963379, "amp_mode": "bf16"}
{"event": "epoch_eval", "experiment": "fluidic_pinball_periodic_v2_rank999_ru17_rp16", "test_label": "Re_022.250", "epoch": 340, "train_loss": 1.7528904676437378, "val_score": 0.1812115304172039, "val_rhs_relative_l2": 0.14710792899131775, "val_alpha_relative_l2": 0.01977192796766758, "val_pressure_relative_l2": 0.04094763845205307, "scheduled_sampling": 1.0, "rollout_steps": 12, "epoch_train_seconds": 65.63391856011003, "peak_memory_gib": 4.608414649963379}
{"event": "epoch_performance", "epoch": 341, "rollout_steps": 12, "rollout_updates": 2, "rollout_batch": 40, "train_seconds": 66.19663296313956, "peak_memory_gib": 4.588797569274902, "amp_mode": "bf16"}
{"event": "epoch_performance", "epoch": 342, "rollout_steps": 12, "rollout_updates": 2, "rollout_batch": 40, "train_seconds": 72.40546268085018, "peak_memory_gib": 4.613450050354004, "amp_mode": "bf16"}
{"event": "epoch_performance", "epoch": 343, "rollout_steps": 12, "rollout_updates": 2, "rollout_batch": 40, "train_seconds": 71.89122427813709, "peak_memory_gib": 4.618871688842773, "amp_mode": "bf16"}
{"event": "epoch_performance", "epoch": 344, "rollout_steps": 12, "rollout_updates": 2, "rollout_batch": 40, "train_seconds": 68.50495546171442, "peak_memory_gib": 4.597497940063477, "amp_mode": "bf16"}
{"event": "epoch_performance", "epoch": 345, "rollout_steps": 12, "rollout_updates": 2, "rollout_batch": 40, "train_seconds": 69.6143197263591, "peak_memory_gib": 4.581798553466797, "amp_mode": "bf16"}
{"event": "epoch_performance", "epoch": 346, "rollout_steps": 12, "rollout_updates": 2, "rollout_batch": 40, "train_seconds": 66.66557293757796, "peak_memory_gib": 4.6225433349609375, "amp_mode": "bf16"}
{"event": "epoch_performance", "epoch": 347, "rollout_steps": 12, "rollout_updates": 2, "rollout_batch": 40, "train_seconds": 66.44449496129528, "peak_memory_gib": 4.590153694152832, "amp_mode": "bf16"}
{"event": "epoch_performance", "epoch": 348, "rollout_steps": 12, "rollout_updates": 2, "rollout_batch": 40, "train_seconds": 67.73330960609019, "peak_memory_gib": 4.582965850830078, "amp_mode": "bf16"}
{"event": "epoch_performance", "epoch": 349, "rollout_steps": 12, "rollout_updates": 2, "rollout_batch": 40, "train_seconds": 71.46684549981728, "peak_memory_gib": 4.613644599914551, "amp_mode": "bf16"}
{"event": "epoch_performance", "epoch": 350, "rollout_steps": 12, "rollout_updates": 2, "rollout_batch": 40, "train_seconds": 68.76985731208697, "peak_memory_gib": 4.620265960693359, "amp_mode": "bf16"}
{"event": "epoch_eval", "experiment": "fluidic_pinball_periodic_v2_rank999_ru17_rp16", "test_label": "Re_022.250", "epoch": 350, "train_loss": 2.162292242050171, "val_score": 0.1845143236219883, "val_rhs_relative_l2": 0.15011511743068695, "val_alpha_relative_l2": 0.019907083362340927, "val_pressure_relative_l2": 0.041406065225601196, "scheduled_sampling": 1.0, "rollout_steps": 12, "epoch_train_seconds": 68.76985731208697, "peak_memory_gib": 4.620265960693359}
{"event": "epoch_performance", "epoch": 351, "rollout_steps": 12, "rollout_updates": 2, "rollout_batch": 40, "train_seconds": 72.57978163287044, "peak_memory_gib": 4.642995834350586, "amp_mode": "bf16"}
{"event": "epoch_performance", "epoch": 352, "rollout_steps": 12, "rollout_updates": 2, "rollout_batch": 40, "train_seconds": 72.4837919389829, "peak_memory_gib": 4.618288040161133, "amp_mode": "bf16"}
{"event": "epoch_performance", "epoch": 353, "rollout_steps": 12, "rollout_updates": 2, "rollout_batch": 40, "train_seconds": 73.53475303389132, "peak_memory_gib": 4.6212158203125, "amp_mode": "bf16"}
{"event": "epoch_performance", "epoch": 354, "rollout_steps": 12, "rollout_updates": 2, "rollout_batch": 40, "train_seconds": 66.86170466896147, "peak_memory_gib": 4.600577354431152, "amp_mode": "bf16"}
{"event": "epoch_performance", "epoch": 355, "rollout_steps": 12, "rollout_updates": 2, "rollout_batch": 40, "train_seconds": 70.85095823463053, "peak_memory_gib": 4.602823257446289, "amp_mode": "bf16"}
{"event": "epoch_performance", "epoch": 356, "rollout_steps": 12, "rollout_updates": 2, "rollout_batch": 40, "train_seconds": 70.99806527933106, "peak_memory_gib": 4.600858688354492, "amp_mode": "bf16"}
{"event": "epoch_performance", "epoch": 357, "rollout_steps": 12, "rollout_updates": 2, "rollout_batch": 40, "train_seconds": 72.74657588498667, "peak_memory_gib": 4.6211395263671875, "amp_mode": "bf16"}
{"event": "epoch_performance", "epoch": 358, "rollout_steps": 12, "rollout_updates": 2, "rollout_batch": 40, "train_seconds": 69.07843917608261, "peak_memory_gib": 4.629640579223633, "amp_mode": "bf16"}
{"event": "epoch_performance", "epoch": 359, "rollout_steps": 12, "rollout_updates": 2, "rollout_batch": 40, "train_seconds": 72.63714882964268, "peak_memory_gib": 4.632158279418945, "amp_mode": "bf16"}
{"event": "epoch_performance", "epoch": 360, "rollout_steps": 12, "rollout_updates": 2, "rollout_batch": 40, "train_seconds": 69.69043018482625, "peak_memory_gib": 4.609036445617676, "amp_mode": "bf16"}
{"event": "epoch_eval", "experiment": "fluidic_pinball_periodic_v2_rank999_ru17_rp16", "test_label": "Re_022.250", "epoch": 360, "train_loss": 1.4833457469940186, "val_score": 0.18608895987272261, "val_rhs_relative_l2": 0.1516474187374115, "val_alpha_relative_l2": 0.02003936842083931, "val_pressure_relative_l2": 0.041149064898490906, "scheduled_sampling": 1.0, "rollout_steps": 12, "epoch_train_seconds": 69.69043018482625, "peak_memory_gib": 4.609036445617676}
{"event": "epoch_performance", "epoch": 361, "rollout_steps": 12, "rollout_updates": 2, "rollout_batch": 40, "train_seconds": 74.12264040717855, "peak_memory_gib": 4.631594657897949, "amp_mode": "bf16"}
{"event": "epoch_performance", "epoch": 362, "rollout_steps": 12, "rollout_updates": 2, "rollout_batch": 40, "train_seconds": 72.57246020901948, "peak_memory_gib": 4.651393890380859, "amp_mode": "bf16"}
{"event": "epoch_performance", "epoch": 363, "rollout_steps": 12, "rollout_updates": 2, "rollout_batch": 40, "train_seconds": 71.80104920314625, "peak_memory_gib": 4.628329277038574, "amp_mode": "bf16"}
{"event": "epoch_performance", "epoch": 364, "rollout_steps": 12, "rollout_updates": 2, "rollout_batch": 40, "train_seconds": 72.65470485109836, "peak_memory_gib": 4.632494926452637, "amp_mode": "bf16"}
{"event": "epoch_performance", "epoch": 365, "rollout_steps": 12, "rollout_updates": 2, "rollout_batch": 40, "train_seconds": 71.6797864860855, "peak_memory_gib": 4.6124773025512695, "amp_mode": "bf16"}
{"event": "epoch_performance", "epoch": 366, "rollout_steps": 12, "rollout_updates": 2, "rollout_batch": 40, "train_seconds": 71.6845156676136, "peak_memory_gib": 4.6127519607543945, "amp_mode": "bf16"}
{"event": "epoch_performance", "epoch": 367, "rollout_steps": 12, "rollout_updates": 2, "rollout_batch": 40, "train_seconds": 66.66492344206199, "peak_memory_gib": 4.602685928344727, "amp_mode": "bf16"}
{"event": "epoch_performance", "epoch": 368, "rollout_steps": 12, "rollout_updates": 2, "rollout_batch": 40, "train_seconds": 74.83480405295268, "peak_memory_gib": 4.639692306518555, "amp_mode": "bf16"}
{"event": "epoch_performance", "epoch": 369, "rollout_steps": 12, "rollout_updates": 2, "rollout_batch": 40, "train_seconds": 64.86054621497169, "peak_memory_gib": 4.5716753005981445, "amp_mode": "bf16"}
{"event": "epoch_performance", "epoch": 370, "rollout_steps": 12, "rollout_updates": 2, "rollout_batch": 40, "train_seconds": 72.86637447122484, "peak_memory_gib": 4.6317243576049805, "amp_mode": "bf16"}
{"event": "epoch_eval", "experiment": "fluidic_pinball_periodic_v2_rank999_ru17_rp16", "test_label": "Re_022.250", "epoch": 370, "train_loss": 1.3076318105061848, "val_score": 0.1870084771886468, "val_rhs_relative_l2": 0.15260227024555206, "val_alpha_relative_l2": 0.020046118646860123, "val_pressure_relative_l2": 0.04102882370352745, "scheduled_sampling": 1.0, "rollout_steps": 12, "epoch_train_seconds": 72.86637447122484, "peak_memory_gib": 4.6317243576049805}
{"event": "epoch_performance", "epoch": 371, "rollout_steps": 12, "rollout_updates": 2, "rollout_batch": 40, "train_seconds": 71.20036084018648, "peak_memory_gib": 4.5789031982421875, "amp_mode": "bf16"}
{"event": "epoch_performance", "epoch": 372, "rollout_steps": 12, "rollout_updates": 2, "rollout_batch": 40, "train_seconds": 72.26914003770798, "peak_memory_gib": 4.621577262878418, "amp_mode": "bf16"}
{"event": "epoch_performance", "epoch": 373, "rollout_steps": 12, "rollout_updates": 2, "rollout_batch": 40, "train_seconds": 71.13258312782273, "peak_memory_gib": 4.612217903137207, "amp_mode": "bf16"}
{"event": "epoch_performance", "epoch": 374, "rollout_steps": 12, "rollout_updates": 2, "rollout_batch": 40, "train_seconds": 68.79408883396536, "peak_memory_gib": 4.611027717590332, "amp_mode": "bf16"}
{"event": "epoch_performance", "epoch": 375, "rollout_steps": 12, "rollout_updates": 2, "rollout_batch": 40, "train_seconds": 73.81061679730192, "peak_memory_gib": 4.602567672729492, "amp_mode": "bf16"}
{"event": "epoch_performance", "epoch": 376, "rollout_steps": 12, "rollout_updates": 2, "rollout_batch": 40, "train_seconds": 75.80771860387176, "peak_memory_gib": 4.61724853515625, "amp_mode": "bf16"}
{"event": "epoch_performance", "epoch": 377, "rollout_steps": 12, "rollout_updates": 2, "rollout_batch": 40, "train_seconds": 71.8598750680685, "peak_memory_gib": 4.632552146911621, "amp_mode": "bf16"}
{"event": "epoch_performance", "epoch": 378, "rollout_steps": 12, "rollout_updates": 2, "rollout_batch": 40, "train_seconds": 70.80792246200144, "peak_memory_gib": 4.600866317749023, "amp_mode": "bf16"}
{"event": "epoch_performance", "epoch": 379, "rollout_steps": 12, "rollout_updates": 2, "rollout_batch": 40, "train_seconds": 70.56165338074788, "peak_memory_gib": 4.581386566162109, "amp_mode": "bf16"}
{"event": "epoch_performance", "epoch": 380, "rollout_steps": 12, "rollout_updates": 2, "rollout_batch": 40, "train_seconds": 69.42535527190194, "peak_memory_gib": 4.6196746826171875, "amp_mode": "bf16"}
{"event": "epoch_eval", "experiment": "fluidic_pinball_periodic_v2_rank999_ru17_rp16", "test_label": "Re_022.250", "epoch": 380, "train_loss": 1.5206331809361775, "val_score": 0.18843200709670782, "val_rhs_relative_l2": 0.1540798395872116, "val_alpha_relative_l2": 0.02003706991672516, "val_pressure_relative_l2": 0.040900278836488724, "scheduled_sampling": 1.0, "rollout_steps": 12, "epoch_train_seconds": 69.42535527190194, "peak_memory_gib": 4.6196746826171875}
{"event": "epoch_performance", "epoch": 381, "rollout_steps": 12, "rollout_updates": 2, "rollout_batch": 40, "train_seconds": 67.3818048061803, "peak_memory_gib": 4.569853782653809, "amp_mode": "bf16"}
{"event": "epoch_performance", "epoch": 382, "rollout_steps": 12, "rollout_updates": 2, "rollout_batch": 40, "train_seconds": 74.39541157567874, "peak_memory_gib": 4.601518630981445, "amp_mode": "bf16"}
{"event": "epoch_performance", "epoch": 383, "rollout_steps": 12, "rollout_updates": 2, "rollout_batch": 40, "train_seconds": 74.46684968890622, "peak_memory_gib": 4.640568733215332, "amp_mode": "bf16"}
{"event": "epoch_performance", "epoch": 384, "rollout_steps": 12, "rollout_updates": 2, "rollout_batch": 40, "train_seconds": 73.48739003716037, "peak_memory_gib": 4.610577583312988, "amp_mode": "bf16"}
{"event": "epoch_performance", "epoch": 385, "rollout_steps": 12, "rollout_updates": 2, "rollout_batch": 40, "train_seconds": 76.40501970238984, "peak_memory_gib": 4.630739212036133, "amp_mode": "bf16"}
{"event": "epoch_performance", "epoch": 386, "rollout_steps": 12, "rollout_updates": 2, "rollout_batch": 40, "train_seconds": 77.43569832667708, "peak_memory_gib": 4.598331451416016, "amp_mode": "bf16"}
{"event": "epoch_performance", "epoch": 387, "rollout_steps": 12, "rollout_updates": 2, "rollout_batch": 40, "train_seconds": 123.44785825209692, "peak_memory_gib": 4.622692108154297, "amp_mode": "bf16"}
{"event": "epoch_performance", "epoch": 388, "rollout_steps": 12, "rollout_updates": 2, "rollout_batch": 40, "train_seconds": 125.87958517717198, "peak_memory_gib": 4.619636535644531, "amp_mode": "bf16"}
{"event": "epoch_performance", "epoch": 389, "rollout_steps": 12, "rollout_updates": 2, "rollout_batch": 40, "train_seconds": 129.1771442857571, "peak_memory_gib": 4.60166072845459, "amp_mode": "bf16"}
{"event": "epoch_performance", "epoch": 390, "rollout_steps": 12, "rollout_updates": 2, "rollout_batch": 40, "train_seconds": 125.13061990588903, "peak_memory_gib": 4.599393844604492, "amp_mode": "bf16"}
{"event": "epoch_eval", "experiment": "fluidic_pinball_periodic_v2_rank999_ru17_rp16", "test_label": "Re_022.250", "epoch": 390, "train_loss": 1.5534145434697468, "val_score": 0.18912367578595876, "val_rhs_relative_l2": 0.1546206772327423, "val_alpha_relative_l2": 0.02018660493195057, "val_pressure_relative_l2": 0.040903981775045395, "scheduled_sampling": 1.0, "rollout_steps": 12, "epoch_train_seconds": 125.13061990588903, "peak_memory_gib": 4.599393844604492}
{"event": "epoch_performance", "epoch": 391, "rollout_steps": 12, "rollout_updates": 2, "rollout_batch": 40, "train_seconds": 127.46428425237536, "peak_memory_gib": 4.609378814697266, "amp_mode": "bf16"}
{"event": "epoch_performance", "epoch": 392, "rollout_steps": 12, "rollout_updates": 2, "rollout_batch": 40, "train_seconds": 122.604223116301, "peak_memory_gib": 4.601511001586914, "amp_mode": "bf16"}
{"event": "epoch_performance", "epoch": 393, "rollout_steps": 12, "rollout_updates": 2, "rollout_batch": 40, "train_seconds": 130.99916395684704, "peak_memory_gib": 4.6330671310424805, "amp_mode": "bf16"}
{"event": "epoch_performance", "epoch": 394, "rollout_steps": 12, "rollout_updates": 2, "rollout_batch": 40, "train_seconds": 121.41659725503996, "peak_memory_gib": 4.610173225402832, "amp_mode": "bf16"}
{"event": "epoch_performance", "epoch": 395, "rollout_steps": 12, "rollout_updates": 2, "rollout_batch": 40, "train_seconds": 111.24380970094353, "peak_memory_gib": 4.600717544555664, "amp_mode": "bf16"}
{"event": "epoch_performance", "epoch": 396, "rollout_steps": 12, "rollout_updates": 2, "rollout_batch": 40, "train_seconds": 123.2492780033499, "peak_memory_gib": 4.609936714172363, "amp_mode": "bf16"}
{"event": "epoch_performance", "epoch": 397, "rollout_steps": 12, "rollout_updates": 2, "rollout_batch": 40, "train_seconds": 119.47009260207415, "peak_memory_gib": 4.598421096801758, "amp_mode": "bf16"}
{"event": "epoch_performance", "epoch": 398, "rollout_steps": 12, "rollout_updates": 2, "rollout_batch": 40, "train_seconds": 119.08408102067187, "peak_memory_gib": 4.591738700866699, "amp_mode": "bf16"}
{"event": "epoch_performance", "epoch": 399, "rollout_steps": 12, "rollout_updates": 2, "rollout_batch": 40, "train_seconds": 122.8797039007768, "peak_memory_gib": 4.601462364196777, "amp_mode": "bf16"}
{"event": "epoch_performance", "epoch": 400, "rollout_steps": 12, "rollout_updates": 2, "rollout_batch": 40, "train_seconds": 130.45670819701627, "peak_memory_gib": 4.6322431564331055, "amp_mode": "bf16"}
{"event": "epoch_eval", "experiment": "fluidic_pinball_periodic_v2_rank999_ru17_rp16", "test_label": "Re_022.250", "epoch": 400, "train_loss": 3.0030672550201416, "val_score": 0.19055030550807714, "val_rhs_relative_l2": 0.15617884695529938, "val_alpha_relative_l2": 0.02025705762207508, "val_pressure_relative_l2": 0.040326859802007675, "scheduled_sampling": 1.0, "rollout_steps": 12, "epoch_train_seconds": 130.45670819701627, "peak_memory_gib": 4.6322431564331055}
{"event": "epoch_performance", "epoch": 401, "rollout_steps": 12, "rollout_updates": 2, "rollout_batch": 40, "train_seconds": 122.1637468659319, "peak_memory_gib": 4.602270126342773, "amp_mode": "bf16"}
{"event": "epoch_performance", "epoch": 402, "rollout_steps": 12, "rollout_updates": 2, "rollout_batch": 40, "train_seconds": 127.8083246089518, "peak_memory_gib": 4.6194000244140625, "amp_mode": "bf16"}
{"event": "epoch_performance", "epoch": 403, "rollout_steps": 12, "rollout_updates": 2, "rollout_batch": 40, "train_seconds": 118.99372301483527, "peak_memory_gib": 4.602705001831055, "amp_mode": "bf16"}
{"event": "epoch_performance", "epoch": 404, "rollout_steps": 12, "rollout_updates": 2, "rollout_batch": 40, "train_seconds": 126.52897895220667, "peak_memory_gib": 4.65090274810791, "amp_mode": "bf16"}
{"event": "epoch_performance", "epoch": 405, "rollout_steps": 12, "rollout_updates": 2, "rollout_batch": 40, "train_seconds": 118.84112608479336, "peak_memory_gib": 4.612248420715332, "amp_mode": "bf16"}
{"event": "epoch_performance", "epoch": 406, "rollout_steps": 12, "rollout_updates": 2, "rollout_batch": 40, "train_seconds": 125.90572132403031, "peak_memory_gib": 4.640581130981445, "amp_mode": "bf16"}
{"event": "epoch_performance", "epoch": 407, "rollout_steps": 12, "rollout_updates": 2, "rollout_batch": 40, "train_seconds": 130.77962644631043, "peak_memory_gib": 4.630743980407715, "amp_mode": "bf16"}
{"event": "epoch_performance", "epoch": 408, "rollout_steps": 12, "rollout_updates": 2, "rollout_batch": 40, "train_seconds": 117.54246096871793, "peak_memory_gib": 4.601781845092773, "amp_mode": "bf16"}
{"event": "epoch_performance", "epoch": 409, "rollout_steps": 12, "rollout_updates": 2, "rollout_batch": 40, "train_seconds": 120.09856051485986, "peak_memory_gib": 4.662540435791016, "amp_mode": "bf16"}
{"event": "epoch_performance", "epoch": 410, "rollout_steps": 12, "rollout_updates": 2, "rollout_batch": 40, "train_seconds": 116.6320731784217, "peak_memory_gib": 4.623779296875, "amp_mode": "bf16"}
{"event": "epoch_eval", "experiment": "fluidic_pinball_periodic_v2_rank999_ru17_rp16", "test_label": "Re_022.250", "epoch": 410, "train_loss": 1.4287450710932414, "val_score": 0.18956778515130282, "val_rhs_relative_l2": 0.1553725004196167, "val_alpha_relative_l2": 0.020033812150359154, "val_pressure_relative_l2": 0.04046135023236275, "scheduled_sampling": 1.0, "rollout_steps": 12, "epoch_train_seconds": 116.6320731784217, "peak_memory_gib": 4.623779296875}
{"event": "epoch_performance", "epoch": 411, "rollout_steps": 12, "rollout_updates": 2, "rollout_batch": 40, "train_seconds": 116.70815445529297, "peak_memory_gib": 4.6212158203125, "amp_mode": "bf16"}
{"event": "epoch_performance", "epoch": 412, "rollout_steps": 12, "rollout_updates": 2, "rollout_batch": 40, "train_seconds": 121.18334807874635, "peak_memory_gib": 4.603456497192383, "amp_mode": "bf16"}
{"event": "epoch_performance", "epoch": 413, "rollout_steps": 12, "rollout_updates": 2, "rollout_batch": 40, "train_seconds": 104.75856145471334, "peak_memory_gib": 4.572239875793457, "amp_mode": "bf16"}
{"event": "epoch_performance", "epoch": 414, "rollout_steps": 12, "rollout_updates": 2, "rollout_batch": 40, "train_seconds": 114.5316977831535, "peak_memory_gib": 4.59849739074707, "amp_mode": "bf16"}
{"event": "epoch_performance", "epoch": 415, "rollout_steps": 12, "rollout_updates": 2, "rollout_batch": 40, "train_seconds": 97.94019294483587, "peak_memory_gib": 4.571091651916504, "amp_mode": "bf16"}
{"event": "epoch_performance", "epoch": 416, "rollout_steps": 12, "rollout_updates": 2, "rollout_batch": 40, "train_seconds": 123.4459813083522, "peak_memory_gib": 4.640230178833008, "amp_mode": "bf16"}
{"event": "epoch_performance", "epoch": 417, "rollout_steps": 12, "rollout_updates": 2, "rollout_batch": 40, "train_seconds": 119.17450216878206, "peak_memory_gib": 4.623779296875, "amp_mode": "bf16"}
{"event": "epoch_performance", "epoch": 418, "rollout_steps": 12, "rollout_updates": 2, "rollout_batch": 40, "train_seconds": 108.63666184805334, "peak_memory_gib": 4.592155456542969, "amp_mode": "bf16"}
{"event": "epoch_performance", "epoch": 419, "rollout_steps": 12, "rollout_updates": 2, "rollout_batch": 40, "train_seconds": 118.48887612530962, "peak_memory_gib": 4.6396589279174805, "amp_mode": "bf16"}
{"event": "epoch_performance", "epoch": 420, "rollout_steps": 12, "rollout_updates": 2, "rollout_batch": 40, "train_seconds": 107.91534468671307, "peak_memory_gib": 4.600625991821289, "amp_mode": "bf16"}
{"event": "epoch_eval", "experiment": "fluidic_pinball_periodic_v2_rank999_ru17_rp16", "test_label": "Re_022.250", "epoch": 420, "train_loss": 1.2911841074625652, "val_score": 0.191236137971282, "val_rhs_relative_l2": 0.15684418380260468, "val_alpha_relative_l2": 0.020195769146084785, "val_pressure_relative_l2": 0.0405605286359787, "scheduled_sampling": 1.0, "rollout_steps": 12, "epoch_train_seconds": 107.91534468671307, "peak_memory_gib": 4.600625991821289}
{"event": "epoch_performance", "epoch": 421, "rollout_steps": 12, "rollout_updates": 2, "rollout_batch": 40, "train_seconds": 119.21682030893862, "peak_memory_gib": 4.621577262878418, "amp_mode": "bf16"}
{"event": "epoch_performance", "epoch": 422, "rollout_steps": 12, "rollout_updates": 2, "rollout_batch": 40, "train_seconds": 111.64762842515483, "peak_memory_gib": 4.6116533279418945, "amp_mode": "bf16"}
{"event": "epoch_performance", "epoch": 423, "rollout_steps": 12, "rollout_updates": 2, "rollout_batch": 40, "train_seconds": 106.03790435940027, "peak_memory_gib": 4.560537338256836, "amp_mode": "bf16"}
{"event": "epoch_performance", "epoch": 424, "rollout_steps": 12, "rollout_updates": 2, "rollout_batch": 40, "train_seconds": 111.83057951182127, "peak_memory_gib": 4.601720809936523, "amp_mode": "bf16"}
{"event": "epoch_performance", "epoch": 425, "rollout_steps": 12, "rollout_updates": 2, "rollout_batch": 40, "train_seconds": 118.19612088892609, "peak_memory_gib": 4.636411666870117, "amp_mode": "bf16"}
{"event": "epoch_performance", "epoch": 426, "rollout_steps": 12, "rollout_updates": 2, "rollout_batch": 40, "train_seconds": 122.12481543794274, "peak_memory_gib": 4.649147987365723, "amp_mode": "bf16"}
{"event": "epoch_performance", "epoch": 427, "rollout_steps": 12, "rollout_updates": 2, "rollout_batch": 40, "train_seconds": 116.63843016792089, "peak_memory_gib": 4.638571739196777, "amp_mode": "bf16"}
{"event": "epoch_performance", "epoch": 428, "rollout_steps": 12, "rollout_updates": 2, "rollout_batch": 40, "train_seconds": 102.08928405493498, "peak_memory_gib": 4.600858688354492, "amp_mode": "bf16"}
{"event": "epoch_performance", "epoch": 429, "rollout_steps": 12, "rollout_updates": 2, "rollout_batch": 40, "train_seconds": 104.52626177482307, "peak_memory_gib": 4.582965850830078, "amp_mode": "bf16"}
{"event": "epoch_performance", "epoch": 430, "rollout_steps": 12, "rollout_updates": 2, "rollout_batch": 40, "train_seconds": 109.99368218425661, "peak_memory_gib": 4.611886024475098, "amp_mode": "bf16"}
{"event": "epoch_eval", "experiment": "fluidic_pinball_periodic_v2_rank999_ru17_rp16", "test_label": "Re_022.250", "epoch": 430, "train_loss": 1.3594386577606201, "val_score": 0.1912663070484996, "val_rhs_relative_l2": 0.15698961913585663, "val_alpha_relative_l2": 0.020176509395241737, "val_pressure_relative_l2": 0.04028622433543205, "scheduled_sampling": 1.0, "rollout_steps": 12, "epoch_train_seconds": 109.99368218425661, "peak_memory_gib": 4.611886024475098}
{"event": "epoch_performance", "epoch": 431, "rollout_steps": 12, "rollout_updates": 2, "rollout_batch": 40, "train_seconds": 106.43755467934534, "peak_memory_gib": 4.576116561889648, "amp_mode": "bf16"}
{"event": "epoch_performance", "epoch": 432, "rollout_steps": 12, "rollout_updates": 2, "rollout_batch": 40, "train_seconds": 116.99510859884322, "peak_memory_gib": 4.629973411560059, "amp_mode": "bf16"}
{"event": "epoch_performance", "epoch": 433, "rollout_steps": 12, "rollout_updates": 2, "rollout_batch": 40, "train_seconds": 110.14005499798805, "peak_memory_gib": 4.598737716674805, "amp_mode": "bf16"}
{"event": "epoch_performance", "epoch": 434, "rollout_steps": 12, "rollout_updates": 2, "rollout_batch": 40, "train_seconds": 118.80232132412493, "peak_memory_gib": 4.620502471923828, "amp_mode": "bf16"}
{"event": "epoch_performance", "epoch": 435, "rollout_steps": 12, "rollout_updates": 2, "rollout_batch": 40, "train_seconds": 118.9037210852839, "peak_memory_gib": 4.639974594116211, "amp_mode": "bf16"}
{"event": "epoch_performance", "epoch": 436, "rollout_steps": 12, "rollout_updates": 2, "rollout_batch": 40, "train_seconds": 120.37503957794979, "peak_memory_gib": 4.651425361633301, "amp_mode": "bf16"}
{"event": "epoch_performance", "epoch": 437, "rollout_steps": 12, "rollout_updates": 2, "rollout_batch": 40, "train_seconds": 113.46252579102293, "peak_memory_gib": 4.610886573791504, "amp_mode": "bf16"}
{"event": "epoch_performance", "epoch": 438, "rollout_steps": 12, "rollout_updates": 2, "rollout_batch": 40, "train_seconds": 119.98060841998085, "peak_memory_gib": 4.617851257324219, "amp_mode": "bf16"}
{"event": "epoch_performance", "epoch": 439, "rollout_steps": 12, "rollout_updates": 2, "rollout_batch": 40, "train_seconds": 104.4429317987524, "peak_memory_gib": 4.607785224914551, "amp_mode": "bf16"}
{"event": "epoch_performance", "epoch": 440, "rollout_steps": 12, "rollout_updates": 2, "rollout_batch": 40, "train_seconds": 73.14317101985216, "peak_memory_gib": 4.630341529846191, "amp_mode": "bf16"}
{"event": "epoch_eval", "experiment": "fluidic_pinball_periodic_v2_rank999_ru17_rp16", "test_label": "Re_022.250", "epoch": 440, "train_loss": 1.1553211212158203, "val_score": 0.19103398807346822, "val_rhs_relative_l2": 0.15674127638339996, "val_alpha_relative_l2": 0.020072603598237038, "val_pressure_relative_l2": 0.04062888026237488, "scheduled_sampling": 1.0, "rollout_steps": 12, "epoch_train_seconds": 73.14317101985216, "peak_memory_gib": 4.630341529846191}
{"event": "epoch_performance", "epoch": 441, "rollout_steps": 16, "rollout_updates": 2, "rollout_batch": 28, "train_seconds": 74.28875030111521, "peak_memory_gib": 4.400936126708984, "amp_mode": "bf16"}
{"event": "epoch_performance", "epoch": 442, "rollout_steps": 16, "rollout_updates": 2, "rollout_batch": 28, "train_seconds": 78.46384253492579, "peak_memory_gib": 4.404566287994385, "amp_mode": "bf16"}
{"event": "epoch_performance", "epoch": 443, "rollout_steps": 16, "rollout_updates": 2, "rollout_batch": 28, "train_seconds": 83.4100836860016, "peak_memory_gib": 4.391299724578857, "amp_mode": "bf16"}
{"event": "epoch_performance", "epoch": 444, "rollout_steps": 16, "rollout_updates": 2, "rollout_batch": 28, "train_seconds": 81.47314008697867, "peak_memory_gib": 4.43101167678833, "amp_mode": "bf16"}
{"event": "epoch_performance", "epoch": 445, "rollout_steps": 16, "rollout_updates": 2, "rollout_batch": 28, "train_seconds": 81.43431425886229, "peak_memory_gib": 4.431450366973877, "amp_mode": "bf16"}
{"event": "epoch_performance", "epoch": 446, "rollout_steps": 16, "rollout_updates": 2, "rollout_batch": 28, "train_seconds": 80.97241218807176, "peak_memory_gib": 4.429142475128174, "amp_mode": "bf16"}
{"event": "epoch_performance", "epoch": 447, "rollout_steps": 16, "rollout_updates": 2, "rollout_batch": 28, "train_seconds": 77.10182417882606, "peak_memory_gib": 4.4274678230285645, "amp_mode": "bf16"}
{"event": "epoch_performance", "epoch": 448, "rollout_steps": 16, "rollout_updates": 2, "rollout_batch": 28, "train_seconds": 80.95075983693823, "peak_memory_gib": 4.404649257659912, "amp_mode": "bf16"}
{"event": "epoch_performance", "epoch": 449, "rollout_steps": 16, "rollout_updates": 2, "rollout_batch": 28, "train_seconds": 82.57370716333389, "peak_memory_gib": 4.4019036293029785, "amp_mode": "bf16"}
{"event": "epoch_performance", "epoch": 450, "rollout_steps": 16, "rollout_updates": 2, "rollout_batch": 28, "train_seconds": 79.00243500806391, "peak_memory_gib": 4.3730854988098145, "amp_mode": "bf16"}
{"event": "epoch_eval", "experiment": "fluidic_pinball_periodic_v2_rank999_ru17_rp16", "test_label": "Re_022.250", "epoch": 450, "train_loss": 1.1713762680689495, "val_score": 0.19117234405130148, "val_rhs_relative_l2": 0.15708288550376892, "val_alpha_relative_l2": 0.020076625049114227, "val_pressure_relative_l2": 0.04003666713833809, "scheduled_sampling": 1.0, "rollout_steps": 16, "epoch_train_seconds": 79.00243500806391, "peak_memory_gib": 4.3730854988098145}
{"event": "epoch_performance", "epoch": 451, "rollout_steps": 16, "rollout_updates": 2, "rollout_batch": 28, "train_seconds": 85.423454541713, "peak_memory_gib": 4.429943561553955, "amp_mode": "bf16"}
{"event": "epoch_performance", "epoch": 452, "rollout_steps": 16, "rollout_updates": 2, "rollout_batch": 28, "train_seconds": 75.08393842214718, "peak_memory_gib": 4.402231693267822, "amp_mode": "bf16"}
{"event": "epoch_performance", "epoch": 453, "rollout_steps": 16, "rollout_updates": 2, "rollout_batch": 28, "train_seconds": 77.45130311977118, "peak_memory_gib": 4.404892444610596, "amp_mode": "bf16"}
{"event": "epoch_performance", "epoch": 454, "rollout_steps": 16, "rollout_updates": 2, "rollout_batch": 28, "train_seconds": 78.57271187426522, "peak_memory_gib": 4.392375469207764, "amp_mode": "bf16"}
{"event": "epoch_performance", "epoch": 455, "rollout_steps": 16, "rollout_updates": 2, "rollout_batch": 28, "train_seconds": 85.18656923715025, "peak_memory_gib": 4.4422221183776855, "amp_mode": "bf16"}
{"event": "epoch_performance", "epoch": 456, "rollout_steps": 16, "rollout_updates": 2, "rollout_batch": 28, "train_seconds": 78.34704335266724, "peak_memory_gib": 4.406684875488281, "amp_mode": "bf16"}
{"event": "epoch_performance", "epoch": 457, "rollout_steps": 16, "rollout_updates": 2, "rollout_batch": 28, "train_seconds": 75.61416374798864, "peak_memory_gib": 4.389071941375732, "amp_mode": "bf16"}
{"event": "epoch_performance", "epoch": 458, "rollout_steps": 16, "rollout_updates": 2, "rollout_batch": 28, "train_seconds": 82.26764511223882, "peak_memory_gib": 4.417423725128174, "amp_mode": "bf16"}
{"event": "epoch_performance", "epoch": 459, "rollout_steps": 16, "rollout_updates": 2, "rollout_batch": 28, "train_seconds": 80.98631115583703, "peak_memory_gib": 4.400904178619385, "amp_mode": "bf16"}
{"event": "epoch_performance", "epoch": 460, "rollout_steps": 16, "rollout_updates": 2, "rollout_batch": 28, "train_seconds": 76.69099975377321, "peak_memory_gib": 4.404810428619385, "amp_mode": "bf16"}
{"event": "epoch_eval", "experiment": "fluidic_pinball_periodic_v2_rank999_ru17_rp16", "test_label": "Re_022.250", "epoch": 460, "train_loss": 1.1588422457377117, "val_score": 0.19101370871067047, "val_rhs_relative_l2": 0.15685929358005524, "val_alpha_relative_l2": 0.020072322338819504, "val_pressure_relative_l2": 0.04023455083370209, "scheduled_sampling": 1.0, "rollout_steps": 16, "epoch_train_seconds": 76.69099975377321, "peak_memory_gib": 4.404810428619385}
{"event": "epoch_performance", "epoch": 461, "rollout_steps": 16, "rollout_updates": 2, "rollout_batch": 28, "train_seconds": 78.31623461842537, "peak_memory_gib": 4.364114284515381, "amp_mode": "bf16"}
{"event": "epoch_performance", "epoch": 462, "rollout_steps": 16, "rollout_updates": 2, "rollout_batch": 28, "train_seconds": 81.04763574479148, "peak_memory_gib": 4.417813777923584, "amp_mode": "bf16"}
{"event": "epoch_performance", "epoch": 463, "rollout_steps": 16, "rollout_updates": 2, "rollout_batch": 28, "train_seconds": 80.81284979498014, "peak_memory_gib": 4.41903829574585, "amp_mode": "bf16"}
{"event": "epoch_performance", "epoch": 464, "rollout_steps": 16, "rollout_updates": 2, "rollout_batch": 28, "train_seconds": 78.08046181127429, "peak_memory_gib": 4.416143894195557, "amp_mode": "bf16"}
{"event": "epoch_performance", "epoch": 465, "rollout_steps": 16, "rollout_updates": 2, "rollout_batch": 28, "train_seconds": 75.59524113917723, "peak_memory_gib": 4.390700817108154, "amp_mode": "bf16"}
{"event": "epoch_performance", "epoch": 466, "rollout_steps": 16, "rollout_updates": 2, "rollout_batch": 28, "train_seconds": 69.76655048597604, "peak_memory_gib": 4.380966663360596, "amp_mode": "bf16"}
{"event": "epoch_performance", "epoch": 467, "rollout_steps": 16, "rollout_updates": 2, "rollout_batch": 28, "train_seconds": 77.53419438702986, "peak_memory_gib": 4.3754048347473145, "amp_mode": "bf16"}
{"event": "epoch_performance", "epoch": 468, "rollout_steps": 16, "rollout_updates": 2, "rollout_batch": 28, "train_seconds": 76.56661853194237, "peak_memory_gib": 4.402002811431885, "amp_mode": "bf16"}
{"event": "epoch_performance", "epoch": 469, "rollout_steps": 16, "rollout_updates": 2, "rollout_batch": 28, "train_seconds": 76.32189393090084, "peak_memory_gib": 4.375553607940674, "amp_mode": "bf16"}
{"event": "epoch_performance", "epoch": 470, "rollout_steps": 16, "rollout_updates": 2, "rollout_batch": 28, "train_seconds": 80.38145631179214, "peak_memory_gib": 4.401693820953369, "amp_mode": "bf16"}
{"event": "epoch_eval", "experiment": "fluidic_pinball_periodic_v2_rank999_ru17_rp16", "test_label": "Re_022.250", "epoch": 470, "train_loss": 1.1176676352818806, "val_score": 0.19094831086695194, "val_rhs_relative_l2": 0.15692242980003357, "val_alpha_relative_l2": 0.02001403458416462, "val_pressure_relative_l2": 0.04003384709358215, "scheduled_sampling": 1.0, "rollout_steps": 16, "epoch_train_seconds": 80.38145631179214, "peak_memory_gib": 4.401693820953369}
{"event": "epoch_performance", "epoch": 471, "rollout_steps": 16, "rollout_updates": 2, "rollout_batch": 28, "train_seconds": 80.40322993602604, "peak_memory_gib": 4.418202877044678, "amp_mode": "bf16"}
{"event": "epoch_performance", "epoch": 472, "rollout_steps": 16, "rollout_updates": 2, "rollout_batch": 28, "train_seconds": 77.82346351305023, "peak_memory_gib": 4.388247966766357, "amp_mode": "bf16"}
{"event": "epoch_performance", "epoch": 473, "rollout_steps": 16, "rollout_updates": 2, "rollout_batch": 28, "train_seconds": 79.34214525483549, "peak_memory_gib": 4.417934894561768, "amp_mode": "bf16"}
{"event": "epoch_performance", "epoch": 474, "rollout_steps": 16, "rollout_updates": 2, "rollout_batch": 28, "train_seconds": 76.53554689092562, "peak_memory_gib": 4.416928768157959, "amp_mode": "bf16"}
{"event": "epoch_performance", "epoch": 475, "rollout_steps": 16, "rollout_updates": 2, "rollout_batch": 28, "train_seconds": 76.38326087594032, "peak_memory_gib": 4.418321132659912, "amp_mode": "bf16"}
{"event": "epoch_performance", "epoch": 476, "rollout_steps": 16, "rollout_updates": 2, "rollout_batch": 28, "train_seconds": 79.40377252269536, "peak_memory_gib": 4.442637920379639, "amp_mode": "bf16"}
{"event": "epoch_performance", "epoch": 477, "rollout_steps": 16, "rollout_updates": 2, "rollout_batch": 28, "train_seconds": 79.13071564398706, "peak_memory_gib": 4.401334285736084, "amp_mode": "bf16"}
{"event": "epoch_performance", "epoch": 478, "rollout_steps": 16, "rollout_updates": 2, "rollout_batch": 28, "train_seconds": 68.68934448808432, "peak_memory_gib": 4.386851787567139, "amp_mode": "bf16"}
{"event": "epoch_performance", "epoch": 479, "rollout_steps": 16, "rollout_updates": 2, "rollout_batch": 28, "train_seconds": 73.61922648129985, "peak_memory_gib": 4.374557971954346, "amp_mode": "bf16"}
{"event": "epoch_performance", "epoch": 480, "rollout_steps": 16, "rollout_updates": 2, "rollout_batch": 28, "train_seconds": 76.56704024830833, "peak_memory_gib": 4.430840015411377, "amp_mode": "bf16"}
{"event": "epoch_eval", "experiment": "fluidic_pinball_periodic_v2_rank999_ru17_rp16", "test_label": "Re_022.250", "epoch": 480, "train_loss": 1.1075125137964885, "val_score": 0.19119416903704406, "val_rhs_relative_l2": 0.15716080367565155, "val_alpha_relative_l2": 0.020047226920723915, "val_pressure_relative_l2": 0.03996039554476738, "scheduled_sampling": 1.0, "rollout_steps": 16, "epoch_train_seconds": 76.56704024830833, "peak_memory_gib": 4.430840015411377}
{"event": "epoch_performance", "epoch": 481, "rollout_steps": 16, "rollout_updates": 2, "rollout_batch": 28, "train_seconds": 77.40284314798191, "peak_memory_gib": 4.393565654754639, "amp_mode": "bf16"}
{"event": "epoch_performance", "epoch": 482, "rollout_steps": 16, "rollout_updates": 2, "rollout_batch": 28, "train_seconds": 79.79999634996057, "peak_memory_gib": 4.4045281410217285, "amp_mode": "bf16"}
{"event": "epoch_performance", "epoch": 483, "rollout_steps": 16, "rollout_updates": 2, "rollout_batch": 28, "train_seconds": 74.31666259421036, "peak_memory_gib": 4.350470066070557, "amp_mode": "bf16"}
{"event": "epoch_performance", "epoch": 484, "rollout_steps": 16, "rollout_updates": 2, "rollout_batch": 28, "train_seconds": 75.84135689074174, "peak_memory_gib": 4.393519878387451, "amp_mode": "bf16"}
{"event": "epoch_performance", "epoch": 485, "rollout_steps": 16, "rollout_updates": 2, "rollout_batch": 28, "train_seconds": 74.35850064503029, "peak_memory_gib": 4.4030442237854, "amp_mode": "bf16"}
{"event": "epoch_performance", "epoch": 486, "rollout_steps": 16, "rollout_updates": 2, "rollout_batch": 28, "train_seconds": 71.42860369523987, "peak_memory_gib": 4.375226974487305, "amp_mode": "bf16"}
{"event": "epoch_performance", "epoch": 487, "rollout_steps": 16, "rollout_updates": 2, "rollout_batch": 28, "train_seconds": 79.64810027368367, "peak_memory_gib": 4.40334939956665, "amp_mode": "bf16"}
{"event": "epoch_performance", "epoch": 488, "rollout_steps": 16, "rollout_updates": 2, "rollout_batch": 28, "train_seconds": 81.24109499808401, "peak_memory_gib": 4.414239406585693, "amp_mode": "bf16"}
{"event": "epoch_performance", "epoch": 489, "rollout_steps": 16, "rollout_updates": 2, "rollout_batch": 28, "train_seconds": 77.03852136805654, "peak_memory_gib": 4.40652322769165, "amp_mode": "bf16"}
{"event": "epoch_performance", "epoch": 490, "rollout_steps": 16, "rollout_updates": 2, "rollout_batch": 28, "train_seconds": 78.3365041888319, "peak_memory_gib": 4.406042575836182, "amp_mode": "bf16"}
{"event": "epoch_eval", "experiment": "fluidic_pinball_periodic_v2_rank999_ru17_rp16", "test_label": "Re_022.250", "epoch": 490, "train_loss": 1.1219509442647297, "val_score": 0.19093875717371703, "val_rhs_relative_l2": 0.15702234208583832, "val_alpha_relative_l2": 0.02001541294157505, "val_pressure_relative_l2": 0.03971714898943901, "scheduled_sampling": 1.0, "rollout_steps": 16, "epoch_train_seconds": 78.3365041888319, "peak_memory_gib": 4.406042575836182}
{"event": "epoch_performance", "epoch": 491, "rollout_steps": 16, "rollout_updates": 2, "rollout_batch": 28, "train_seconds": 83.7534329900518, "peak_memory_gib": 4.431484699249268, "amp_mode": "bf16"}
{"event": "epoch_performance", "epoch": 492, "rollout_steps": 16, "rollout_updates": 2, "rollout_batch": 28, "train_seconds": 76.96671330276877, "peak_memory_gib": 4.36293363571167, "amp_mode": "bf16"}
{"event": "epoch_performance", "epoch": 493, "rollout_steps": 16, "rollout_updates": 2, "rollout_batch": 28, "train_seconds": 77.09380098478869, "peak_memory_gib": 4.414842128753662, "amp_mode": "bf16"}
{"event": "epoch_performance", "epoch": 494, "rollout_steps": 16, "rollout_updates": 2, "rollout_batch": 28, "train_seconds": 74.049378184136, "peak_memory_gib": 4.379047870635986, "amp_mode": "bf16"}
{"event": "epoch_performance", "epoch": 495, "rollout_steps": 16, "rollout_updates": 2, "rollout_batch": 28, "train_seconds": 77.19102604594082, "peak_memory_gib": 4.38756799697876, "amp_mode": "bf16"}
{"event": "epoch_performance", "epoch": 496, "rollout_steps": 16, "rollout_updates": 2, "rollout_batch": 28, "train_seconds": 83.72475482989103, "peak_memory_gib": 4.415490627288818, "amp_mode": "bf16"}
{"event": "epoch_performance", "epoch": 497, "rollout_steps": 16, "rollout_updates": 2, "rollout_batch": 28, "train_seconds": 76.16746635083109, "peak_memory_gib": 4.3776021003723145, "amp_mode": "bf16"}
{"event": "epoch_performance", "epoch": 498, "rollout_steps": 16, "rollout_updates": 2, "rollout_batch": 28, "train_seconds": 77.45428395969793, "peak_memory_gib": 4.366311550140381, "amp_mode": "bf16"}
{"event": "epoch_performance", "epoch": 499, "rollout_steps": 16, "rollout_updates": 2, "rollout_batch": 28, "train_seconds": 78.88181508984417, "peak_memory_gib": 4.420159816741943, "amp_mode": "bf16"}
{"event": "epoch_performance", "epoch": 500, "rollout_steps": 16, "rollout_updates": 2, "rollout_batch": 28, "train_seconds": 77.45767477201298, "peak_memory_gib": 4.418168544769287, "amp_mode": "bf16"}
{"event": "epoch_eval", "experiment": "fluidic_pinball_periodic_v2_rank999_ru17_rp16", "test_label": "Re_022.250", "epoch": 500, "train_loss": 1.2925554116566975, "val_score": 0.19096495397388935, "val_rhs_relative_l2": 0.15704059600830078, "val_alpha_relative_l2": 0.020052172243595123, "val_pressure_relative_l2": 0.039634816348552704, "scheduled_sampling": 1.0, "rollout_steps": 16, "epoch_train_seconds": 77.45767477201298, "peak_memory_gib": 4.418168544769287}
{"event": "epoch_performance", "epoch": 501, "rollout_steps": 16, "rollout_updates": 2, "rollout_batch": 28, "train_seconds": 79.36930857086554, "peak_memory_gib": 4.401834964752197, "amp_mode": "bf16"}
{"event": "epoch_performance", "epoch": 502, "rollout_steps": 16, "rollout_updates": 2, "rollout_batch": 28, "train_seconds": 75.15434193518013, "peak_memory_gib": 4.366311550140381, "amp_mode": "bf16"}
{"event": "epoch_performance", "epoch": 503, "rollout_steps": 16, "rollout_updates": 2, "rollout_batch": 28, "train_seconds": 87.65117026213557, "peak_memory_gib": 4.445708751678467, "amp_mode": "bf16"}
{"event": "epoch_performance", "epoch": 504, "rollout_steps": 16, "rollout_updates": 2, "rollout_batch": 28, "train_seconds": 81.94831879483536, "peak_memory_gib": 4.40374231338501, "amp_mode": "bf16"}
{"event": "epoch_performance", "epoch": 505, "rollout_steps": 16, "rollout_updates": 2, "rollout_batch": 28, "train_seconds": 86.29501200700179, "peak_memory_gib": 4.45885705947876, "amp_mode": "bf16"}
{"event": "epoch_performance", "epoch": 506, "rollout_steps": 16, "rollout_updates": 2, "rollout_batch": 28, "train_seconds": 76.51549062598497, "peak_memory_gib": 4.4035725593566895, "amp_mode": "bf16"}
{"event": "epoch_performance", "epoch": 507, "rollout_steps": 16, "rollout_updates": 2, "rollout_batch": 28, "train_seconds": 84.5301459832117, "peak_memory_gib": 4.404629230499268, "amp_mode": "bf16"}
{"event": "epoch_performance", "epoch": 508, "rollout_steps": 16, "rollout_updates": 2, "rollout_batch": 28, "train_seconds": 89.96273798495531, "peak_memory_gib": 4.427597522735596, "amp_mode": "bf16"}
{"event": "epoch_performance", "epoch": 509, "rollout_steps": 16, "rollout_updates": 2, "rollout_batch": 28, "train_seconds": 72.31694736564532, "peak_memory_gib": 4.3651556968688965, "amp_mode": "bf16"}
{"event": "epoch_performance", "epoch": 510, "rollout_steps": 16, "rollout_updates": 2, "rollout_batch": 28, "train_seconds": 85.62229263177142, "peak_memory_gib": 4.427354335784912, "amp_mode": "bf16"}
{"event": "epoch_eval", "experiment": "fluidic_pinball_periodic_v2_rank999_ru17_rp16", "test_label": "Re_022.250", "epoch": 510, "train_loss": 1.162459174791972, "val_score": 0.19048599768429994, "val_rhs_relative_l2": 0.15669700503349304, "val_alpha_relative_l2": 0.01992623507976532, "val_pressure_relative_l2": 0.039607878774404526, "scheduled_sampling": 1.0, "rollout_steps": 16, "epoch_train_seconds": 85.62229263177142, "peak_memory_gib": 4.427354335784912}
{"event": "epoch_performance", "epoch": 511, "rollout_steps": 16, "rollout_updates": 2, "rollout_batch": 28, "train_seconds": 78.79334593005478, "peak_memory_gib": 4.404566287994385, "amp_mode": "bf16"}
{"event": "epoch_performance", "epoch": 512, "rollout_steps": 16, "rollout_updates": 2, "rollout_batch": 28, "train_seconds": 78.90921517508104, "peak_memory_gib": 4.404829502105713, "amp_mode": "bf16"}
{"event": "epoch_performance", "epoch": 513, "rollout_steps": 16, "rollout_updates": 2, "rollout_batch": 28, "train_seconds": 79.30960068199784, "peak_memory_gib": 4.40139627456665, "amp_mode": "bf16"}
{"event": "epoch_performance", "epoch": 514, "rollout_steps": 16, "rollout_updates": 2, "rollout_batch": 28, "train_seconds": 84.31345898471773, "peak_memory_gib": 4.427712917327881, "amp_mode": "bf16"}
{"event": "epoch_performance", "epoch": 515, "rollout_steps": 16, "rollout_updates": 2, "rollout_batch": 28, "train_seconds": 80.30478033609688, "peak_memory_gib": 4.401968479156494, "amp_mode": "bf16"}
{"event": "epoch_performance", "epoch": 516, "rollout_steps": 16, "rollout_updates": 2, "rollout_batch": 28, "train_seconds": 78.73252790281549, "peak_memory_gib": 4.377213001251221, "amp_mode": "bf16"}
{"event": "epoch_performance", "epoch": 517, "rollout_steps": 16, "rollout_updates": 2, "rollout_batch": 28, "train_seconds": 84.40439825132489, "peak_memory_gib": 4.4026665687561035, "amp_mode": "bf16"}
{"event": "epoch_performance", "epoch": 518, "rollout_steps": 16, "rollout_updates": 2, "rollout_batch": 28, "train_seconds": 84.23691518278793, "peak_memory_gib": 4.4295430183410645, "amp_mode": "bf16"}
{"event": "epoch_performance", "epoch": 519, "rollout_steps": 16, "rollout_updates": 2, "rollout_batch": 28, "train_seconds": 75.0108788870275, "peak_memory_gib": 4.402594089508057, "amp_mode": "bf16"}
{"event": "epoch_performance", "epoch": 520, "rollout_steps": 16, "rollout_updates": 2, "rollout_batch": 28, "train_seconds": 76.06324288994074, "peak_memory_gib": 4.400086879730225, "amp_mode": "bf16"}
{"event": "epoch_eval", "experiment": "fluidic_pinball_periodic_v2_rank999_ru17_rp16", "test_label": "Re_022.250", "epoch": 520, "train_loss": 1.3343992630640666, "val_score": 0.19062867406755685, "val_rhs_relative_l2": 0.15677882730960846, "val_alpha_relative_l2": 0.019995858892798424, "val_pressure_relative_l2": 0.03958282247185707, "scheduled_sampling": 1.0, "rollout_steps": 16, "epoch_train_seconds": 76.06324288994074, "peak_memory_gib": 4.400086879730225}
{"event": "epoch_performance", "epoch": 521, "rollout_steps": 16, "rollout_updates": 2, "rollout_batch": 28, "train_seconds": 84.73781197611243, "peak_memory_gib": 4.453939914703369, "amp_mode": "bf16"}
{"event": "epoch_performance", "epoch": 522, "rollout_steps": 16, "rollout_updates": 2, "rollout_batch": 28, "train_seconds": 86.2920016720891, "peak_memory_gib": 4.457559108734131, "amp_mode": "bf16"}
{"event": "epoch_performance", "epoch": 523, "rollout_steps": 16, "rollout_updates": 2, "rollout_batch": 28, "train_seconds": 77.86214307043701, "peak_memory_gib": 4.374941349029541, "amp_mode": "bf16"}
{"event": "epoch_performance", "epoch": 524, "rollout_steps": 16, "rollout_updates": 2, "rollout_batch": 28, "train_seconds": 84.59167702496052, "peak_memory_gib": 4.414926052093506, "amp_mode": "bf16"}
{"event": "epoch_performance", "epoch": 525, "rollout_steps": 16, "rollout_updates": 2, "rollout_batch": 28, "train_seconds": 80.31912793498486, "peak_memory_gib": 4.404600620269775, "amp_mode": "bf16"}
{"event": "epoch_performance", "epoch": 526, "rollout_steps": 16, "rollout_updates": 2, "rollout_batch": 28, "train_seconds": 78.91649113409221, "peak_memory_gib": 4.403868198394775, "amp_mode": "bf16"}
{"event": "epoch_performance", "epoch": 527, "rollout_steps": 16, "rollout_updates": 2, "rollout_batch": 28, "train_seconds": 76.5332578769885, "peak_memory_gib": 4.403808116912842, "amp_mode": "bf16"}
{"event": "epoch_performance", "epoch": 528, "rollout_steps": 16, "rollout_updates": 2, "rollout_batch": 28, "train_seconds": 83.65045281685889, "peak_memory_gib": 4.4289422035217285, "amp_mode": "bf16"}
{"event": "epoch_performance", "epoch": 529, "rollout_steps": 16, "rollout_updates": 2, "rollout_batch": 28, "train_seconds": 76.66463091410697, "peak_memory_gib": 4.392795085906982, "amp_mode": "bf16"}
{"event": "epoch_performance", "epoch": 530, "rollout_steps": 16, "rollout_updates": 2, "rollout_batch": 28, "train_seconds": 81.78712557116523, "peak_memory_gib": 4.432240009307861, "amp_mode": "bf16"}
{"event": "epoch_eval", "experiment": "fluidic_pinball_periodic_v2_rank999_ru17_rp16", "test_label": "Re_022.250", "epoch": 530, "train_loss": 1.148751139640808, "val_score": 0.19018274843692778, "val_rhs_relative_l2": 0.1563565880060196, "val_alpha_relative_l2": 0.019933559000492096, "val_pressure_relative_l2": 0.03969314694404602, "scheduled_sampling": 1.0, "rollout_steps": 16, "epoch_train_seconds": 81.78712557116523, "peak_memory_gib": 4.432240009307861}
{"event": "epoch_performance", "epoch": 531, "rollout_steps": 16, "rollout_updates": 2, "rollout_batch": 28, "train_seconds": 73.7745745498687, "peak_memory_gib": 4.381343364715576, "amp_mode": "bf16"}
{"event": "epoch_performance", "epoch": 532, "rollout_steps": 16, "rollout_updates": 2, "rollout_batch": 28, "train_seconds": 77.53887586900964, "peak_memory_gib": 4.40652322769165, "amp_mode": "bf16"}
{"event": "epoch_performance", "epoch": 533, "rollout_steps": 16, "rollout_updates": 2, "rollout_batch": 28, "train_seconds": 82.84572372818366, "peak_memory_gib": 4.430042743682861, "amp_mode": "bf16"}
{"event": "epoch_performance", "epoch": 534, "rollout_steps": 16, "rollout_updates": 2, "rollout_batch": 28, "train_seconds": 82.63310902472585, "peak_memory_gib": 4.413293361663818, "amp_mode": "bf16"}
{"event": "epoch_performance", "epoch": 535, "rollout_steps": 16, "rollout_updates": 2, "rollout_batch": 28, "train_seconds": 84.07237948803231, "peak_memory_gib": 4.412618160247803, "amp_mode": "bf16"}
{"event": "epoch_performance", "epoch": 536, "rollout_steps": 16, "rollout_updates": 2, "rollout_batch": 28, "train_seconds": 82.86358683928847, "peak_memory_gib": 4.416341304779053, "amp_mode": "bf16"}
{"event": "epoch_performance", "epoch": 537, "rollout_steps": 16, "rollout_updates": 2, "rollout_batch": 28, "train_seconds": 79.93724601715803, "peak_memory_gib": 4.37876558303833, "amp_mode": "bf16"}
{"event": "epoch_performance", "epoch": 538, "rollout_steps": 16, "rollout_updates": 2, "rollout_batch": 28, "train_seconds": 82.83224879205227, "peak_memory_gib": 4.391673564910889, "amp_mode": "bf16"}
{"event": "epoch_performance", "epoch": 539, "rollout_steps": 16, "rollout_updates": 2, "rollout_batch": 28, "train_seconds": 75.08809354621917, "peak_memory_gib": 4.388732433319092, "amp_mode": "bf16"}
{"event": "epoch_performance", "epoch": 540, "rollout_steps": 16, "rollout_updates": 2, "rollout_batch": 28, "train_seconds": 76.33951105177402, "peak_memory_gib": 4.375017166137695, "amp_mode": "bf16"}
{"event": "epoch_eval", "experiment": "fluidic_pinball_periodic_v2_rank999_ru17_rp16", "test_label": "Re_022.250", "epoch": 540, "train_loss": 1.103368600209554, "val_score": 0.19058960005640985, "val_rhs_relative_l2": 0.15672171115875244, "val_alpha_relative_l2": 0.020013876259326935, "val_pressure_relative_l2": 0.03958289325237274, "scheduled_sampling": 1.0, "rollout_steps": 16, "epoch_train_seconds": 76.33951105177402, "peak_memory_gib": 4.375017166137695}
{"event": "epoch_performance", "epoch": 541, "rollout_steps": 16, "rollout_updates": 2, "rollout_batch": 28, "train_seconds": 77.46480043791234, "peak_memory_gib": 4.417848110198975, "amp_mode": "bf16"}
{"event": "epoch_performance", "epoch": 542, "rollout_steps": 16, "rollout_updates": 2, "rollout_batch": 28, "train_seconds": 77.77904796088114, "peak_memory_gib": 4.399534702301025, "amp_mode": "bf16"}
{"event": "epoch_performance", "epoch": 543, "rollout_steps": 16, "rollout_updates": 2, "rollout_batch": 28, "train_seconds": 75.07718274882063, "peak_memory_gib": 4.389522075653076, "amp_mode": "bf16"}
{"event": "epoch_performance", "epoch": 544, "rollout_steps": 16, "rollout_updates": 2, "rollout_batch": 28, "train_seconds": 81.8801642213948, "peak_memory_gib": 4.416650295257568, "amp_mode": "bf16"}
2026-08-07 03:17:32.010 | WARNING  | 
swanlab.sdk.internal.pkg.client.session:increment:48 - [HTTP] retry #1 UNKNOWN  
because error=ProtocolError('Connection aborted.', RemoteDisconnected('Remote 
end closed connection without response'))
{"event": "epoch_performance", "epoch": 545, "rollout_steps": 16, "rollout_updates": 2, "rollout_batch": 28, "train_seconds": 81.62101740017533, "peak_memory_gib": 4.4035420417785645, "amp_mode": "bf16"}
{"event": "epoch_performance", "epoch": 546, "rollout_steps": 16, "rollout_updates": 2, "rollout_batch": 28, "train_seconds": 76.15059250500053, "peak_memory_gib": 4.392463207244873, "amp_mode": "bf16"}
{"event": "epoch_performance", "epoch": 547, "rollout_steps": 16, "rollout_updates": 2, "rollout_batch": 28, "train_seconds": 75.0670110732317, "peak_memory_gib": 4.405699253082275, "amp_mode": "bf16"}
{"event": "epoch_performance", "epoch": 548, "rollout_steps": 16, "rollout_updates": 2, "rollout_batch": 28, "train_seconds": 76.10322185186669, "peak_memory_gib": 4.388949871063232, "amp_mode": "bf16"}
{"event": "epoch_performance", "epoch": 549, "rollout_steps": 16, "rollout_updates": 2, "rollout_batch": 28, "train_seconds": 78.88366335490718, "peak_memory_gib": 4.4041428565979, "amp_mode": "bf16"}
{"event": "epoch_performance", "epoch": 550, "rollout_steps": 16, "rollout_updates": 2, "rollout_batch": 28, "train_seconds": 80.34441573778167, "peak_memory_gib": 4.415226459503174, "amp_mode": "bf16"}
{"event": "epoch_eval", "experiment": "fluidic_pinball_periodic_v2_rank999_ru17_rp16", "test_label": "Re_022.250", "epoch": 550, "train_loss": 1.123708446820577, "val_score": 0.1899172192439437, "val_rhs_relative_l2": 0.1561734676361084, "val_alpha_relative_l2": 0.019922297447919846, "val_pressure_relative_l2": 0.03948986902832985, "scheduled_sampling": 1.0, "rollout_steps": 16, "epoch_train_seconds": 80.34441573778167, "peak_memory_gib": 4.415226459503174}
{"event": "epoch_performance", "epoch": 551, "rollout_steps": 16, "rollout_updates": 2, "rollout_batch": 28, "train_seconds": 84.35388824297115, "peak_memory_gib": 4.444709300994873, "amp_mode": "bf16"}
{"event": "epoch_performance", "epoch": 552, "rollout_steps": 16, "rollout_updates": 2, "rollout_batch": 28, "train_seconds": 73.72945408290252, "peak_memory_gib": 4.38844633102417, "amp_mode": "bf16"}
{"event": "epoch_performance", "epoch": 553, "rollout_steps": 16, "rollout_updates": 2, "rollout_batch": 28, "train_seconds": 81.33910820214078, "peak_memory_gib": 4.402589321136475, "amp_mode": "bf16"}
{"event": "epoch_performance", "epoch": 554, "rollout_steps": 16, "rollout_updates": 2, "rollout_batch": 28, "train_seconds": 83.01803319295868, "peak_memory_gib": 4.444324016571045, "amp_mode": "bf16"}
{"event": "epoch_performance", "epoch": 555, "rollout_steps": 16, "rollout_updates": 2, "rollout_batch": 28, "train_seconds": 81.51858304720372, "peak_memory_gib": 4.41510534286499, "amp_mode": "bf16"}
{"event": "epoch_performance", "epoch": 556, "rollout_steps": 16, "rollout_updates": 2, "rollout_batch": 28, "train_seconds": 81.39415486482903, "peak_memory_gib": 4.375706195831299, "amp_mode": "bf16"}
{"event": "epoch_performance", "epoch": 557, "rollout_steps": 16, "rollout_updates": 2, "rollout_batch": 28, "train_seconds": 77.50435366714373, "peak_memory_gib": 4.41248083114624, "amp_mode": "bf16"}
{"event": "epoch_performance", "epoch": 558, "rollout_steps": 16, "rollout_updates": 2, "rollout_batch": 28, "train_seconds": 74.7953966720961, "peak_memory_gib": 4.36191987991333, "amp_mode": "bf16"}
{"event": "epoch_performance", "epoch": 559, "rollout_steps": 16, "rollout_updates": 2, "rollout_batch": 28, "train_seconds": 69.15635501686484, "peak_memory_gib": 4.352846622467041, "amp_mode": "bf16"}
{"event": "epoch_performance", "epoch": 560, "rollout_steps": 16, "rollout_updates": 2, "rollout_batch": 28, "train_seconds": 76.28498200792819, "peak_memory_gib": 4.390929698944092, "amp_mode": "bf16"}
{"event": "epoch_eval", "experiment": "fluidic_pinball_periodic_v2_rank999_ru17_rp16", "test_label": "Re_022.250", "epoch": 560, "train_loss": 1.0853772163391113, "val_score": 0.18979688510298728, "val_rhs_relative_l2": 0.15605923533439636, "val_alpha_relative_l2": 0.019925696775317192, "val_pressure_relative_l2": 0.03946272283792496, "scheduled_sampling": 1.0, "rollout_steps": 16, "epoch_train_seconds": 76.28498200792819, "peak_memory_gib": 4.390929698944092}
{"event": "epoch_performance", "epoch": 561, "rollout_steps": 16, "rollout_updates": 2, "rollout_batch": 28, "train_seconds": 77.46213990077376, "peak_memory_gib": 4.413703441619873, "amp_mode": "bf16"}
{"event": "epoch_performance", "epoch": 562, "rollout_steps": 16, "rollout_updates": 2, "rollout_batch": 28, "train_seconds": 77.92048514215276, "peak_memory_gib": 4.402653217315674, "amp_mode": "bf16"}
{"event": "epoch_performance", "epoch": 563, "rollout_steps": 16, "rollout_updates": 2, "rollout_batch": 28, "train_seconds": 80.0356181981042, "peak_memory_gib": 4.3891282081604, "amp_mode": "bf16"}
{"event": "epoch_performance", "epoch": 564, "rollout_steps": 16, "rollout_updates": 2, "rollout_batch": 28, "train_seconds": 78.96316158818081, "peak_memory_gib": 4.416177272796631, "amp_mode": "bf16"}
{"event": "epoch_performance", "epoch": 565, "rollout_steps": 16, "rollout_updates": 2, "rollout_batch": 28, "train_seconds": 79.05249143159017, "peak_memory_gib": 4.4030442237854, "amp_mode": "bf16"}
{"event": "epoch_performance", "epoch": 566, "rollout_steps": 16, "rollout_updates": 2, "rollout_batch": 28, "train_seconds": 74.84024863922969, "peak_memory_gib": 4.392428874969482, "amp_mode": "bf16"}
{"event": "epoch_performance", "epoch": 567, "rollout_steps": 16, "rollout_updates": 2, "rollout_batch": 28, "train_seconds": 81.77431564917788, "peak_memory_gib": 4.418969631195068, "amp_mode": "bf16"}
{"event": "epoch_performance", "epoch": 568, "rollout_steps": 16, "rollout_updates": 2, "rollout_batch": 28, "train_seconds": 81.58417872805148, "peak_memory_gib": 4.418870449066162, "amp_mode": "bf16"}
{"event": "epoch_performance", "epoch": 569, "rollout_steps": 16, "rollout_updates": 2, "rollout_batch": 28, "train_seconds": 76.27539432095364, "peak_memory_gib": 4.403051853179932, "amp_mode": "bf16"}
{"event": "epoch_performance", "epoch": 570, "rollout_steps": 16, "rollout_updates": 2, "rollout_batch": 28, "train_seconds": 84.31841983227059, "peak_memory_gib": 4.4016242027282715, "amp_mode": "bf16"}
{"event": "epoch_eval", "experiment": "fluidic_pinball_periodic_v2_rank999_ru17_rp16", "test_label": "Re_022.250", "epoch": 570, "train_loss": 1.0872430404027302, "val_score": 0.19034101273864507, "val_rhs_relative_l2": 0.15651878714561462, "val_alpha_relative_l2": 0.019956151023507118, "val_pressure_relative_l2": 0.03961735591292381, "scheduled_sampling": 1.0, "rollout_steps": 16, "epoch_train_seconds": 84.31841983227059, "peak_memory_gib": 4.4016242027282715}
swanlab: 📁 View project at 
https://swanlab.cn/@panxy1019/FluidicPinballPeriodicV2
swanlab: 🚀 View run FluidicPinball-Periodic-V2-long at 
https://swanlab.cn/@panxy1019/FluidicPinballPeriodicV2/runs/7pdxuvl9
swanlab: Upload complete: 61067 records
{"scheme": "v16_attractor_moe_rom_re20_200_closed_loop_rk4", "experiment_name": "fluidic_pinball_periodic_v2_rank999_ru17_rp16", "metrics_json": "/root/siton-data-ecd30b0dd03a4b6c86d4ad3b98458111/panxy/particalMOE/fluidic_pinball_periodic_v2/runs/long_seed1600/fluidic_pinball_periodic_v2_rank999_ru17_rp16_metrics.json", "summary_md": "/root/siton-data-ecd30b0dd03a4b6c86d4ad3b98458111/panxy/particalMOE/fluidic_pinball_periodic_v2/runs/long_seed1600/fluidic_pinball_periodic_v2_rank999_ru17_rp16_summary.md", "runtime_seconds": 46347.355998277664, "test_Re": [22.25, 24.0, 27.5, 31.0, 34.5, 38.0, 43.0, 50.0, 57.0]}
Wrote /root/siton-data-ecd30b0dd03a4b6c86d4ad3b98458111/panxy/particalMOE/fluidic_pinball_periodic_v2/runs/long_seed1600/fluidic_pinball_periodic_v2_rank999_ru17_rp16_metrics.json
Wrote /root/siton-data-ecd30b0dd03a4b6c86d4ad3b98458111/panxy/particalMOE/fluidic_pinball_periodic_v2/runs/long_seed1600/fluidic_pinball_periodic_v2_rank999_ru17_rp16_summary.md
